{"type": "FeatureCollection", "features": [{"type": "Feature", "properties": {"gauge_id": 26127040, "estacion": "CARTAGO AUT [26127040]"}, "geometry": {"type": "Polygon", "coordinates": [[[-75.80601796544389, 4.817591344412434], [-75.80327424354405, 4.817591344412434], [-75.80327424354405, 4.816549871588672], [-75.80190238259414, 4.816549871588672], [-75.80190238259414, 4.816202713621536], [-75.80121645211918, 4.816202713621536], [-75.80121645211918, 4.81585555547481], [-75.80018755640674, 4.81585555547481], [-75.80018755640674, 4.816202713621536], [-75.79744383450688, 4.816202713621536], [-75.79744383450688, 4.81585555547481], [-75.79710086926941, 4.81585555547481], [-75.79710086926941, 4.815508397148511], [-75.79607197355695, 4.815508397148511], [-75.79607197355695, 4.815161238642649], [-75.7957290083195, 4.815161238642649], [-75.7957290083195, 4.814814079957242], [-75.79470011260706, 4.814814079957242], [-75.79470011260706, 4.815161238642649], [-75.79435714736957, 4.815161238642649], [-75.79435714736957, 4.814466921092299], [-75.79229935594466, 4.814466921092299], [-75.79229935594466, 4.813772602823856], [-75.7919563907072, 4.813772602823856], [-75.7919563907072, 4.813425443420381], [-75.78989859928231, 4.813425443420381], [-75.78989859928231, 4.812731124074996], [-75.78955563404485, 4.812731124074996], [-75.78955563404485, 4.811689643711004], [-75.78886970356989, 4.811689643711004], [-75.78886970356989, 4.812036804011774], [-75.78818377309493, 4.812036804011774], [-75.78818377309493, 4.811689643711004], [-75.78578301643256, 4.811689643711004], [-75.78578301643256, 4.812036804011774], [-75.78544005119508, 4.812036804011774], [-75.78544005119508, 4.812383964133106], [-75.78372522500767, 4.812383964133106], [-75.78372522500767, 4.813078283837425], [-75.78269632929525, 4.813078283837425], [-75.78269632929525, 4.812731124074996], [-75.78235336405777, 4.812731124074996], [-75.78235336405777, 4.812383964133106], [-75.78201039882029, 4.812383964133106], [-75.78201039882029, 4.812731124074996], [-75.7799526073954, 4.812731124074996], [-75.7799526073954, 4.813078283837425], [-75.77926667692043, 4.813078283837425], [-75.77926667692043, 4.812731124074996], [-75.77858074644548, 4.812731124074996], [-75.77858074644548, 4.812383964133106], [-75.77789481597053, 4.812383964133106], [-75.77789481597053, 4.812036804011774], [-75.77617998978313, 4.812036804011774], [-75.77617998978313, 4.812383964133106], [-75.77343626788328, 4.812383964133106], [-75.77343626788328, 4.811689643711004], [-75.77309330264578, 4.811689643711004], [-75.77309330264578, 4.81134248323082], [-75.77275033740833, 4.81134248323082], [-75.77275033740833, 4.810995322571224], [-75.77172144169589, 4.810995322571224], [-75.77172144169589, 4.810648161732236], [-75.769663650271, 4.810648161732236], [-75.769663650271, 4.810995322571224], [-75.76829178932107, 4.810995322571224], [-75.76829178932107, 4.81134248323082], [-75.76794882408362, 4.81134248323082], [-75.76794882408362, 4.811689643711004], [-75.76691992837114, 4.811689643711004], [-75.76691992837114, 4.812731124074996], [-75.76657696313367, 4.812731124074996], [-75.76657696313367, 4.813078283837425], [-75.76554806742125, 4.813078283837425], [-75.76554806742125, 4.813425443420381], [-75.76486213694628, 4.813425443420381], [-75.76486213694628, 4.813772602823856], [-75.76417620647132, 4.813772602823856], [-75.76417620647132, 4.813425443420381], [-75.7631473107589, 4.813425443420381], [-75.7631473107589, 4.813772602823856], [-75.7628043455214, 4.813772602823856], [-75.7628043455214, 4.813425443420381], [-75.76143248457147, 4.813425443420381], [-75.76143248457147, 4.813078283837425], [-75.76074655409654, 4.813078283837425], [-75.76074655409654, 4.812731124074996], [-75.75834579743415, 4.812731124074996], [-75.75834579743415, 4.812383964133106], [-75.75800283219668, 4.812383964133106], [-75.75800283219668, 4.812036804011774], [-75.7576598669592, 4.812036804011774], [-75.7576598669592, 4.811689643711004], [-75.75731690172172, 4.811689643711004], [-75.75731690172172, 4.810995322571224], [-75.75560207553433, 4.810995322571224], [-75.75560207553433, 4.81134248323082], [-75.75491614505937, 4.81134248323082], [-75.75491614505937, 4.810648161732236], [-75.75285835363448, 4.810648161732236], [-75.75285835363448, 4.810301000713865], [-75.752515388397, 4.810301000713865], [-75.752515388397, 4.809953839516126], [-75.75182945792204, 4.809953839516126], [-75.75182945792204, 4.810301000713865], [-75.75148649268453, 4.810301000713865], [-75.75148649268453, 4.809953839516126], [-75.7508005622096, 4.809953839516126], [-75.7508005622096, 4.809606678139031], [-75.74805684030977, 4.809606678139031], [-75.74805684030977, 4.809953839516126], [-75.7477138750723, 4.809953839516126], [-75.7477138750723, 4.810301000713865], [-75.74634201412236, 4.810301000713865], [-75.74634201412236, 4.810648161732236], [-75.7456560836474, 4.810648161732236], [-75.7456560836474, 4.810995322571224], [-75.74188346603512, 4.810995322571224], [-75.74188346603512, 4.81134248323082], [-75.74016863984772, 4.81134248323082], [-75.74016863984772, 4.812036804011774], [-75.73982567461022, 4.812036804011774], [-75.73982567461022, 4.812731124074996], [-75.73948270937275, 4.812731124074996], [-75.73948270937275, 4.813425443420381], [-75.74016863984772, 4.813425443420381], [-75.74016863984772, 4.814814079957242], [-75.73913974413526, 4.814814079957242], [-75.73913974413526, 4.815161238642649], [-75.73776788318537, 4.815161238642649], [-75.73776788318537, 4.81585555547481], [-75.73742491794786, 4.81585555547481], [-75.73742491794786, 4.816202713621536], [-75.7370819527104, 4.816202713621536], [-75.7370819527104, 4.816549871588672], [-75.73639602223544, 4.816549871588672], [-75.73639602223544, 4.81689702937621], [-75.73571009176048, 4.81689702937621], [-75.73571009176048, 4.816549871588672], [-75.73502416128551, 4.816549871588672], [-75.73502416128551, 4.816202713621536], [-75.73468119604804, 4.816202713621536], [-75.73468119604804, 4.81585555547481], [-75.73433823081055, 4.81585555547481], [-75.73433823081055, 4.815161238642649], [-75.73399526557307, 4.815161238642649], [-75.73399526557307, 4.814814079957242], [-75.73296636986062, 4.814814079957242], [-75.73296636986062, 4.815161238642649], [-75.73228043938568, 4.815161238642649], [-75.73228043938568, 4.814814079957242], [-75.73125154367324, 4.814814079957242], [-75.73125154367324, 4.815508397148511], [-75.73056561319827, 4.815508397148511], [-75.73056561319827, 4.81585555547481], [-75.72953671748584, 4.81585555547481], [-75.72953671748584, 4.815508397148511], [-75.72713596082347, 4.815508397148511], [-75.72713596082347, 4.81585555547481], [-75.72439223892363, 4.81585555547481], [-75.72439223892363, 4.815508397148511], [-75.72199148226127, 4.815508397148511], [-75.72199148226127, 4.81585555547481], [-75.72027665607388, 4.81585555547481], [-75.72027665607388, 4.816202713621536], [-75.71924776036144, 4.816202713621536], [-75.71924776036144, 4.81585555547481], [-75.71821886464897, 4.81585555547481], [-75.71821886464897, 4.815508397148511], [-75.71684700369909, 4.815508397148511], [-75.71684700369909, 4.815161238642649], [-75.7165040384616, 4.815161238642649], [-75.7165040384616, 4.814814079957242], [-75.71581810798662, 4.814814079957242], [-75.71581810798662, 4.815161238642649], [-75.71547514274917, 4.815161238642649], [-75.71547514274917, 4.815508397148511], [-75.71513217751166, 4.815508397148511], [-75.71513217751166, 4.81585555547481], [-75.7147892122742, 4.81585555547481], [-75.7147892122742, 4.816202713621536], [-75.71341735132427, 4.816202713621536], [-75.71341735132427, 4.816549871588672], [-75.7130743860868, 4.816549871588672], [-75.7130743860868, 4.81689702937621], [-75.71204549037434, 4.81689702937621], [-75.71204549037434, 4.816549871588672], [-75.71170252513687, 4.816549871588672], [-75.71170252513687, 4.816202713621536], [-75.71033066418696, 4.816202713621536], [-75.71033066418696, 4.81585555547481], [-75.70964473371198, 4.81585555547481], [-75.70964473371198, 4.815508397148511], [-75.70930176847452, 4.815508397148511], [-75.70930176847452, 4.815161238642649], [-75.70827287276205, 4.815161238642649], [-75.70827287276205, 4.81585555547481], [-75.70724397704963, 4.81585555547481], [-75.70724397704963, 4.816202713621536], [-75.70655804657467, 4.816202713621536], [-75.70655804657467, 4.816549871588672], [-75.70621508133719, 4.816549871588672], [-75.70621508133719, 4.81689702937621], [-75.7045002551498, 4.81689702937621], [-75.7045002551498, 4.816549871588672], [-75.70381432467484, 4.816549871588672], [-75.70381432467484, 4.816202713621536], [-75.70244246372492, 4.816202713621536], [-75.70244246372492, 4.81585555547481], [-75.70141356801246, 4.81585555547481], [-75.70141356801246, 4.816202713621536], [-75.69969874182507, 4.816202713621536], [-75.69969874182507, 4.81585555547481], [-75.6990128113501, 4.81585555547481], [-75.6990128113501, 4.816202713621536], [-75.69866984611264, 4.816202713621536], [-75.69866984611264, 4.815508397148511], [-75.6976409504002, 4.815508397148511], [-75.6976409504002, 4.814814079957242], [-75.69695501992524, 4.814814079957242], [-75.69695501992524, 4.814466921092299], [-75.69455426326284, 4.814466921092299], [-75.69455426326284, 4.814119762047834], [-75.69386833278791, 4.814119762047834], [-75.69386833278791, 4.814466921092299], [-75.69318240231296, 4.814466921092299], [-75.69318240231296, 4.814814079957242], [-75.69215350660049, 4.814814079957242], [-75.69215350660049, 4.814466921092299], [-75.69181054136303, 4.814466921092299], [-75.69181054136303, 4.814119762047834], [-75.69112461088807, 4.814119762047834], [-75.69112461088807, 4.813772602823856], [-75.6904386804131, 4.813772602823856], [-75.6904386804131, 4.813425443420381], [-75.68975274993814, 4.813425443420381], [-75.68975274993814, 4.813078283837425], [-75.68940978470067, 4.813078283837425], [-75.68940978470067, 4.813425443420381], [-75.68769495851328, 4.813425443420381], [-75.68769495851328, 4.813078283837425], [-75.68666606280081, 4.813078283837425], [-75.68666606280081, 4.812731124074996], [-75.68563716708839, 4.812731124074996], [-75.68563716708839, 4.812383964133106], [-75.68460827137596, 4.812383964133106], [-75.68460827137596, 4.812036804011774], [-75.68426530613846, 4.812036804011774], [-75.68426530613846, 4.810995322571224], [-75.68392234090099, 4.810995322571224], [-75.68392234090099, 4.810648161732236], [-75.6835793756635, 4.810648161732236], [-75.6835793756635, 4.810301000713865], [-75.68289344518858, 4.810301000713865], [-75.68289344518858, 4.809953839516126], [-75.6822075147136, 4.809953839516126], [-75.6822075147136, 4.809606678139031], [-75.6818645494761, 4.809606678139031], [-75.6818645494761, 4.809259516582589], [-75.68152158423862, 4.809259516582589], [-75.68152158423862, 4.808912354846824], [-75.68083565376367, 4.808912354846824], [-75.68083565376367, 4.808218030837343], [-75.67877786233879, 4.808218030837343], [-75.67877786233879, 4.807176543478468], [-75.67843489710131, 4.807176543478468], [-75.67843489710131, 4.806829380666983], [-75.67774896662635, 4.806829380666983], [-75.67774896662635, 4.806482217676264], [-75.67740600138887, 4.806482217676264], [-75.67740600138887, 4.806135054506308], [-75.6770630361514, 4.806135054506308], [-75.6770630361514, 4.805093563921216], [-75.67672007091392, 4.805093563921216], [-75.67672007091392, 4.804746400034481], [-75.67569117520146, 4.804746400034481], [-75.67569117520146, 4.803357742696032], [-75.67534820996399, 4.803357742696032], [-75.67534820996399, 4.8030105779136045], [-75.6750052447265, 4.8030105779136045], [-75.6750052447265, 4.802663412952079], [-75.67466227948903, 4.802663412952079], [-75.67466227948903, 4.801274751315234], [-75.67397634901407, 4.801274751315234], [-75.67397634901407, 4.8005804194225465], [-75.67431931425155, 4.8005804194225465], [-75.67431931425155, 4.800233253207682], [-75.67466227948903, 4.800233253207682], [-75.67466227948903, 4.79849741944866], [-75.67329041853911, 4.79849741944866], [-75.67329041853911, 4.798150252160002], [-75.67294745330163, 4.798150252160002], [-75.67294745330163, 4.797803084692427], [-75.67054669663928, 4.797803084692427], [-75.67054669663928, 4.797455917045944], [-75.66986076616432, 4.797455917045944], [-75.66986076616432, 4.797108749220566], [-75.66917483568936, 4.797108749220566], [-75.66917483568936, 4.796761581216307], [-75.66814593997688, 4.796761581216307], [-75.66814593997688, 4.796414413033178], [-75.66780297473943, 4.796414413033178], [-75.66780297473943, 4.796067244671193], [-75.66746000950192, 4.796067244671193], [-75.66746000950192, 4.7950257385122335], [-75.666774079027, 4.7950257385122335], [-75.666774079027, 4.7943314001788755], [-75.6664311137895, 4.7943314001788755], [-75.6664311137895, 4.793637061130406], [-75.66403035712715, 4.793637061130406], [-75.66403035712715, 4.793289891338034], [-75.66368739188968, 4.793289891338034], [-75.66368739188968, 4.792942721366921], [-75.66334442665217, 4.792942721366921], [-75.66334442665217, 4.793637061130406], [-75.66300146141472, 4.793637061130406], [-75.66300146141472, 4.793984230744027], [-75.66265849617722, 4.793984230744027], [-75.66265849617722, 4.7943314001788755], [-75.66197256570226, 4.7943314001788755], [-75.66197256570226, 4.794678569434949], [-75.66060070475235, 4.794678569434949], [-75.66060070475235, 4.7943314001788755], [-75.65888587856493, 4.7943314001788755], [-75.65888587856493, 4.793984230744027], [-75.65854291332747, 4.793984230744027], [-75.65854291332747, 4.793637061130406], [-75.65751401761504, 4.793637061130406], [-75.65751401761504, 4.793289891338034], [-75.65717105237755, 4.793289891338034], [-75.65717105237755, 4.792942721366921], [-75.65648512190258, 4.792942721366921], [-75.65648512190258, 4.792595551217079], [-75.65579919142762, 4.792595551217079], [-75.65579919142762, 4.792248380888521], [-75.65545622619014, 4.792248380888521], [-75.65545622619014, 4.791554039695318], [-75.65477029571518, 4.791554039695318], [-75.65477029571518, 4.790859697787402], [-75.65442733047769, 4.790859697787402], [-75.65442733047769, 4.788776667776448], [-75.65374140000274, 4.788776667776448], [-75.65374140000274, 4.78704080452308], [-75.65305546952779, 4.78704080452308], [-75.65305546952779, 4.784263414035842], [-75.65339843476526, 4.784263414035842], [-75.65339843476526, 4.783916239421969], [-75.65374140000274, 4.783916239421969], [-75.65374140000274, 4.7814860121305225], [-75.65408436524022, 4.7814860121305225], [-75.65408436524022, 4.781138836089851], [-75.65442733047769, 4.781138836089851], [-75.65442733047769, 4.7807916598708875], [-75.65545622619014, 4.7807916598708875], [-75.65545622619014, 4.780444483473645], [-75.65477029571518, 4.780444483473645], [-75.65477029571518, 4.780097306898137], [-75.65442733047769, 4.780097306898137], [-75.65442733047769, 4.779750130144375], [-75.65408436524022, 4.779750130144375], [-75.65408436524022, 4.779055776102139], [-75.65374140000274, 4.779055776102139], [-75.65374140000274, 4.778014243702204], [-75.65339843476526, 4.778014243702204], [-75.65339843476526, 4.776972709698682], [-75.65374140000274, 4.776972709698682], [-75.65374140000274, 4.774889636882253], [-75.65339843476526, 4.774889636882253], [-75.65339843476526, 4.7721121964893936], [-75.65374140000274, 4.7721121964893936], [-75.65374140000274, 4.771417834611332], [-75.65408436524022, 4.771417834611332], [-75.65408436524022, 4.769681926802584], [-75.65442733047769, 4.769681926802584], [-75.65442733047769, 4.768640379982808], [-75.65477029571518, 4.768640379982808], [-75.65477029571518, 4.767946014547114], [-75.65511326095265, 4.767946014547114], [-75.65511326095265, 4.7675988315625535], [-75.65545622619014, 4.7675988315625535], [-75.65545622619014, 4.767251648400202], [-75.65648512190258, 4.767251648400202], [-75.65648512190258, 4.765862913973129], [-75.65614215666511, 4.765862913973129], [-75.65614215666511, 4.7623910654662875], [-75.65579919142762, 4.7623910654662875], [-75.65579919142762, 4.762043879638597], [-75.65408436524022, 4.762043879638597], [-75.65408436524022, 4.7623910654662875], [-75.65305546952779, 4.7623910654662875], [-75.65305546952779, 4.762738251116382], [-75.65271250429029, 4.762738251116382], [-75.65271250429029, 4.7623910654662875], [-75.65202657381535, 4.7623910654662875], [-75.65202657381535, 4.762043879638597], [-75.65134064334039, 4.762043879638597], [-75.65134064334039, 4.761696693633317], [-75.65099767810291, 4.761696693633317], [-75.65099767810291, 4.762043879638597], [-75.64996878239047, 4.762043879638597], [-75.64996878239047, 4.762738251116382], [-75.649625817153, 4.762738251116382], [-75.649625817153, 4.763085436588867], [-75.64893988667802, 4.763085436588867], [-75.64893988667802, 4.76343262188372], [-75.64825395620305, 4.76343262188372], [-75.64825395620305, 4.763779807000937], [-75.6475680257281, 4.763779807000937], [-75.6475680257281, 4.7641269919405085], [-75.64722506049063, 4.7641269919405085], [-75.64722506049063, 4.764474176702407], [-75.64653913001567, 4.764474176702407], [-75.64653913001567, 4.7641269919405085], [-75.6458531995407, 4.7641269919405085], [-75.6458531995407, 4.764474176702407], [-75.64516726906575, 4.764474176702407], [-75.64516726906575, 4.764821361286635], [-75.64413837335331, 4.764821361286635], [-75.64413837335331, 4.765168545693173], [-75.64379540811584, 4.765168545693173], [-75.64379540811584, 4.765515729922005], [-75.64345244287833, 4.765515729922005], [-75.64345244287833, 4.765862913973129], [-75.6420805819284, 4.765862913973129], [-75.6420805819284, 4.7665572815421715], [-75.64173761669095, 4.7665572815421715], [-75.64173761669095, 4.76621009784652], [-75.64139465145347, 4.76621009784652], [-75.64139465145347, 4.765862913973129], [-75.64070872097851, 4.765862913973129], [-75.64070872097851, 4.76621009784652], [-75.64002279050355, 4.76621009784652], [-75.64002279050355, 4.7665572815421715], [-75.63899389479111, 4.7665572815421715], [-75.63899389479111, 4.765862913973129], [-75.63865092955362, 4.765862913973129], [-75.63865092955362, 4.765515729922005], [-75.63830796431616, 4.765515729922005], [-75.63830796431616, 4.765168545693173], [-75.6376220338412, 4.765168545693173], [-75.6376220338412, 4.763779807000937], [-75.63727906860369, 4.763779807000937], [-75.63727906860369, 4.76343262188372], [-75.63693610336624, 4.76343262188372], [-75.63693610336624, 4.763085436588867], [-75.63659313812876, 4.763085436588867], [-75.63659313812876, 4.7623910654662875], [-75.63693610336624, 4.7623910654662875], [-75.63693610336624, 4.761349507450462], [-75.63659313812876, 4.761349507450462], [-75.63659313812876, 4.761002321090047], [-75.63625017289127, 4.761002321090047], [-75.63625017289127, 4.7603079478365835], [-75.63590720765376, 4.7603079478365835], [-75.63590720765376, 4.75961357387303], [-75.63522127717883, 4.75961357387303], [-75.63522127717883, 4.759266386624999], [-75.6338494162289, 4.759266386624999], [-75.6338494162289, 4.758919199199488], [-75.63213459004152, 4.758919199199488], [-75.63213459004152, 4.759266386624999], [-75.63179162480401, 4.759266386624999], [-75.63179162480401, 4.75961357387303], [-75.62836197242922, 4.75961357387303], [-75.62836197242922, 4.759266386624999], [-75.62733307671677, 4.759266386624999], [-75.62733307671677, 4.757877635858172], [-75.6269901114793, 4.757877635858172], [-75.6269901114793, 4.755447315185542], [-75.62767604195426, 4.755447315185542], [-75.62767604195426, 4.7547529362542225], [-75.62733307671677, 4.7547529362542225], [-75.62733307671677, 4.754405746522582], [-75.6269901114793, 4.754405746522582], [-75.6269901114793, 4.750933839456525], [-75.62630418100434, 4.750933839456525], [-75.62630418100434, 4.750586647775238], [-75.62561825052939, 4.750586647775238], [-75.62561825052939, 4.750239455916786], [-75.6252752852919, 4.750239455916786], [-75.6252752852919, 4.749892263881181], [-75.62493232005441, 4.749892263881181], [-75.62493232005441, 4.749545071668442], [-75.62458935481695, 4.749545071668442], [-75.62458935481695, 4.749197879278576], [-75.62321749386703, 4.749197879278576], [-75.62321749386703, 4.749545071668442], [-75.6218456329171, 4.749545071668442], [-75.6218456329171, 4.747461914672818], [-75.62150266767962, 4.747461914672818], [-75.62150266767962, 4.7467675275910866], [-75.62115970244214, 4.7467675275910866], [-75.62115970244214, 4.746420333784685], [-75.62047377196716, 4.746420333784685], [-75.62047377196716, 4.745725945640854], [-75.6201308067297, 4.745725945640854], [-75.6201308067297, 4.745378751303459], [-75.61978784149223, 4.745378751303459], [-75.61978784149223, 4.745031556789092], [-75.61910191101727, 4.745031556789092], [-75.61910191101727, 4.744684362097767], [-75.6180730153048, 4.744684362097767], [-75.6180730153048, 4.743642776962167], [-75.61670115435491, 4.743642776962167], [-75.61670115435491, 4.7432955815631335], [-75.61635818911742, 4.7432955815631335], [-75.61635818911742, 4.741212405454614], [-75.61670115435491, 4.741212405454614], [-75.61670115435491, 4.740865208817592], [-75.61635818911742, 4.740865208817592], [-75.61635818911742, 4.740170815013147], [-75.61567225864245, 4.740170815013147], [-75.61567225864245, 4.7398236178457465], [-75.61532929340498, 4.7398236178457465], [-75.61532929340498, 4.739476420501581], [-75.61464336293002, 4.739476420501581], [-75.61464336293002, 4.739129222980669], [-75.61430039769252, 4.739129222980669], [-75.61430039769252, 4.738782025283009], [-75.61395743245507, 4.738782025283009], [-75.61395743245507, 4.738434827408625], [-75.61361446721759, 4.738434827408625], [-75.61361446721759, 4.738087629357522], [-75.61189964103016, 4.738087629357522], [-75.61189964103016, 4.737740431129727], [-75.61087074531774, 4.737740431129727], [-75.61087074531774, 4.737393232725233], [-75.60949888436781, 4.737393232725233], [-75.60949888436781, 4.737046034144067], [-75.60812702341788, 4.737046034144067], [-75.60812702341788, 4.736698835386233], [-75.60778405818041, 4.736698835386233], [-75.60778405818041, 4.736351636451753], [-75.60812702341788, 4.736351636451753], [-75.60812702341788, 4.734615639130033], [-75.60846998865537, 4.734615639130033], [-75.60846998865537, 4.733226838094254], [-75.60881295389284, 4.733226838094254], [-75.60881295389284, 4.732532436517186], [-75.60846998865537, 4.732532436517186], [-75.60846998865537, 4.731490832827877], [-75.60812702341788, 4.731490832827877], [-75.60812702341788, 4.73079642948603], [-75.60675516246799, 4.73079642948603], [-75.60675516246799, 4.730449227550449], [-75.60606923199302, 4.730449227550449], [-75.60606923199302, 4.730102025438447], [-75.60572626675552, 4.730102025438447], [-75.60572626675552, 4.729754823150043], [-75.60435440580564, 4.729754823150043], [-75.60435440580564, 4.72940762068524], [-75.60401144056813, 4.72940762068524], [-75.60401144056813, 4.72906041804406], [-75.60366847533066, 4.72906041804406], [-75.60366847533066, 4.728366012232603], [-75.60298254485569, 4.728366012232603], [-75.60298254485569, 4.728018809062354], [-75.6026395796182, 4.728018809062354], [-75.6026395796182, 4.727671605715773], [-75.60195364914324, 4.727671605715773], [-75.60195364914324, 4.727324402192875], [-75.6012677186683, 4.727324402192875], [-75.6012677186683, 4.726629994618183], [-75.60092475343082, 4.726629994618183], [-75.60092475343082, 4.726282790566413], [-75.59955289248089, 4.726282790566413], [-75.59955289248089, 4.725935586338375], [-75.59852399676846, 4.725935586338375], [-75.59852399676846, 4.7255883819340845], [-75.59818103153098, 4.7255883819340845], [-75.59818103153098, 4.724893972596797], [-75.59783806629349, 4.724893972596797], [-75.59783806629349, 4.724199562554654], [-75.59749510105603, 4.724199562554654], [-75.59749510105603, 4.72350515180775], [-75.59715213581853, 4.72350515180775], [-75.59715213581853, 4.722810740356193], [-75.59680917058105, 4.722810740356193], [-75.59680917058105, 4.722116328200089], [-75.59646620534356, 4.722116328200089], [-75.59646620534356, 4.7217691218578635], [-75.5961232401061, 4.7217691218578635], [-75.5961232401061, 4.720380294728091], [-75.59578027486862, 4.720380294728091], [-75.59578027486862, 4.7200330875055], [-75.59543730963114, 4.7200330875055], [-75.59543730963114, 4.719338672532219], [-75.59475137915618, 4.719338672532219], [-75.59475137915618, 4.718991464781561], [-75.5944084139187, 4.718991464781561], [-75.5944084139187, 4.718644256854902], [-75.59406544868122, 4.718644256854902], [-75.59406544868122, 4.717949840473645], [-75.59337951820625, 4.717949840473645], [-75.59337951820625, 4.718644256854902], [-75.59303655296878, 4.718644256854902], [-75.59303655296878, 4.718991464781561], [-75.59235062249383, 4.718991464781561], [-75.59235062249383, 4.717255423388563], [-75.59200765725635, 4.717255423388563], [-75.59200765725635, 4.7169082145821175], [-75.5892639353565, 4.7169082145821175], [-75.5892639353565, 4.71656100559975], [-75.58789207440657, 4.71656100559975], [-75.58789207440657, 4.716213796441476], [-75.5875491091691, 4.716213796441476], [-75.5875491091691, 4.715866587107307], [-75.58686317869414, 4.715866587107307], [-75.58686317869414, 4.715519377597261], [-75.58617724821919, 4.715519377597261], [-75.58617724821919, 4.715172167911342], [-75.58583428298171, 4.715172167911342], [-75.58583428298171, 4.714824958049572], [-75.58446242203179, 4.714824958049572], [-75.58446242203179, 4.715172167911342], [-75.58377649155682, 4.715172167911342], [-75.58377649155682, 4.7144777480119595], [-75.58343352631931, 4.7144777480119595], [-75.58343352631931, 4.7134361168441865], [-75.58309056108185, 4.7134361168441865], [-75.58309056108185, 4.71308890610333], [-75.58240463060689, 4.71308890610333], [-75.58240463060689, 4.712741695186694], [-75.58206166536942, 4.712741695186694], [-75.58206166536942, 4.7120472728261396], [-75.58137573489446, 4.7120472728261396], [-75.58137573489446, 4.7117000613822455], [-75.58068980441949, 4.7117000613822455], [-75.58068980441949, 4.7120472728261396], [-75.58000387394453, 4.7120472728261396], [-75.58000387394453, 4.7117000613822455], [-75.5786320129946, 4.7117000613822455], [-75.5786320129946, 4.7113528497626245], [-75.57691718680721, 4.7113528497626245], [-75.57691718680721, 4.7117000613822455], [-75.57657422156971, 4.7117000613822455], [-75.57657422156971, 4.712394484094291], [-75.57623125633225, 4.712394484094291], [-75.57623125633225, 4.712741695186694], [-75.57520236061981, 4.712741695186694], [-75.57520236061981, 4.71308890610333], [-75.57485939538232, 4.71308890610333], [-75.57485939538232, 4.712741695186694], [-75.57451643014485, 4.712741695186694], [-75.57451643014485, 4.7120472728261396], [-75.57417346490736, 4.7120472728261396], [-75.57417346490736, 4.7113528497626245], [-75.5738304996699, 4.7113528497626245], [-75.5738304996699, 4.710658425996252], [-75.5721156734825, 4.710658425996252], [-75.5721156734825, 4.709964001527129], [-75.56937195158265, 4.709964001527129], [-75.56937195158265, 4.710311213849528], [-75.56834305587022, 4.710311213849528], [-75.56834305587022, 4.710658425996252], [-75.56765712539526, 4.710658425996252], [-75.56765712539526, 4.711005637967289], [-75.5669711949203, 4.711005637967289], [-75.5669711949203, 4.710658425996252], [-75.56662822968282, 4.710658425996252], [-75.56662822968282, 4.710311213849528], [-75.56594229920786, 4.710311213849528], [-75.56594229920786, 4.709964001527129], [-75.56491340349542, 4.709964001527129], [-75.56491340349542, 4.709616789029063], [-75.56457043825795, 4.709616789029063], [-75.56457043825795, 4.708922363505998], [-75.56491340349542, 4.708922363505998], [-75.56491340349542, 4.708575150481024], [-75.5652563687329, 4.708575150481024], [-75.5652563687329, 4.707880723904251], [-75.56559933397037, 4.707880723904251], [-75.56559933397037, 4.7075335103524765], [-75.56594229920786, 4.7075335103524765], [-75.56594229920786, 4.70336693404017], [-75.56559933397037, 4.70336693404017], [-75.56559933397037, 4.701978069654891], [-75.5652563687329, 4.701978069654891], [-75.5652563687329, 4.701630853120118], [-75.56491340349542, 4.701630853120118], [-75.56491340349542, 4.7012836364099915], [-75.56422747302042, 4.7012836364099915], [-75.56422747302042, 4.700936419524522], [-75.56319857730801, 4.700936419524522], [-75.56319857730801, 4.700589202463724], [-75.56285561207054, 4.700589202463724], [-75.56285561207054, 4.699547550229481], [-75.55976892493322, 4.699547550229481], [-75.55976892493322, 4.700241985227607], [-75.55908299445827, 4.700241985227607], [-75.55908299445827, 4.700589202463724], [-75.55839706398329, 4.700589202463724], [-75.55839706398329, 4.700936419524522], [-75.55771113350832, 4.700936419524522], [-75.55771113350832, 4.7012836364099915], [-75.55736816827086, 4.7012836364099915], [-75.55736816827086, 4.701630853120118], [-75.55702520303336, 4.701630853120118], [-75.55702520303336, 4.702325286014298], [-75.55565334208343, 4.702325286014298], [-75.55565334208343, 4.701978069654891], [-75.5549674116085, 4.701978069654891], [-75.5549674116085, 4.702325286014298], [-75.55428148113354, 4.702325286014298], [-75.55428148113354, 4.702672502198318], [-75.55325258542108, 4.702672502198318], [-75.55325258542108, 4.702325286014298], [-75.55290962018361, 4.702325286014298], [-75.55290962018361, 4.701978069654891], [-75.55256665494615, 4.701978069654891], [-75.55256665494615, 4.701630853120118], [-75.5515377592337, 4.701630853120118], [-75.5515377592337, 4.701978069654891], [-75.5494799678088, 4.701978069654891], [-75.5494799678088, 4.701630853120118], [-75.54913700257133, 4.701630853120118], [-75.54913700257133, 4.7012836364099915], [-75.54673624590897, 4.7012836364099915], [-75.54673624590897, 4.701630853120118], [-75.54639328067148, 4.701630853120118], [-75.54639328067148, 4.7012836364099915], [-75.54536438495906, 4.7012836364099915], [-75.54536438495906, 4.700589202463724], [-75.54502141972158, 4.700589202463724], [-75.54502141972158, 4.700241985227607], [-75.54330659353417, 4.700241985227607], [-75.54330659353417, 4.699894767816191], [-75.54296362829669, 4.699894767816191], [-75.54296362829669, 4.699200332467492], [-75.5426206630592, 4.699200332467492], [-75.5426206630592, 4.698853114530238], [-75.54227769782173, 4.698853114530238], [-75.54227769782173, 4.6985058964177355], [-75.54090583687181, 4.6985058964177355], [-75.54090583687181, 4.698158678129986], [-75.54021990639684, 4.698158678129986], [-75.54021990639684, 4.697811459667017], [-75.5395339759219, 4.697811459667017], [-75.5395339759219, 4.69746424102883], [-75.53576135830961, 4.69746424102883], [-75.53576135830961, 4.697117022215442], [-75.5343894973597, 4.697117022215442], [-75.5343894973597, 4.696769803226867], [-75.53404653212219, 4.696769803226867], [-75.53404653212219, 4.696422584063112], [-75.53301763640977, 4.696422584063112], [-75.53301763640977, 4.696075364724199], [-75.5326746711723, 4.696075364724199], [-75.5326746711723, 4.69572814521014], [-75.53095984498486, 4.69572814521014], [-75.53095984498486, 4.694686485617176], [-75.52958798403498, 4.694686485617176], [-75.52958798403498, 4.693644824448325], [-75.52924501879748, 4.693644824448325], [-75.52924501879748, 4.693297603708576], [-75.52787315784755, 4.693297603708576], [-75.52787315784755, 4.692950382793774], [-75.52581536642269, 4.692950382793774], [-75.52581536642269, 4.693297603708576], [-75.5254724011852, 4.693297603708576], [-75.5254724011852, 4.693644824448325], [-75.52478647071023, 4.693644824448325], [-75.52478647071023, 4.69399204501302], [-75.52410054023527, 4.69399204501302], [-75.52410054023527, 4.694339265402639], [-75.52272867928536, 4.694339265402639], [-75.52272867928536, 4.694686485617176], [-75.52135681833545, 4.694686485617176], [-75.52135681833545, 4.695033705656611], [-75.52067088786049, 4.695033705656611], [-75.52067088786049, 4.694686485617176], [-75.52032792262301, 4.694686485617176], [-75.52032792262301, 4.694339265402639], [-75.51964199214805, 4.694339265402639], [-75.51964199214805, 4.69399204501302], [-75.5189560616731, 4.69399204501302], [-75.5189560616731, 4.693644824448325], [-75.51861309643563, 4.693644824448325], [-75.51861309643563, 4.693297603708576], [-75.51621233977325, 4.693297603708576], [-75.51621233977325, 4.693644824448325], [-75.51552640929829, 4.693644824448325], [-75.51552640929829, 4.69399204501302], [-75.51518344406081, 4.69399204501302], [-75.51518344406081, 4.693644824448325], [-75.51449751358585, 4.693644824448325], [-75.51449751358585, 4.693297603708576], [-75.5138115831109, 4.693297603708576], [-75.5138115831109, 4.688436494977907], [-75.51346861787341, 4.688436494977907], [-75.51346861787341, 4.688089271613795], [-75.51312565263594, 4.688089271613795], [-75.51312565263594, 4.687742048074826], [-75.51038193073609, 4.687742048074826], [-75.51038193073609, 4.687394824361014], [-75.5100389654986, 4.687394824361014], [-75.5100389654986, 4.687047600472374], [-75.50969600026113, 4.687047600472374], [-75.50969600026113, 4.687394824361014], [-75.50901006978617, 4.687394824361014], [-75.50901006978617, 4.687047600472374], [-75.50866710454866, 4.687047600472374], [-75.50866710454866, 4.687394824361014], [-75.50798117407373, 4.687394824361014], [-75.50798117407373, 4.687742048074826], [-75.50695227836127, 4.687742048074826], [-75.50695227836127, 4.6863531521706605], [-75.50660931312382, 4.6863531521706605], [-75.50660931312382, 4.686005927757608], [-75.50626634788631, 4.686005927757608], [-75.50626634788631, 4.685658703169786], [-75.50592338264886, 4.685658703169786], [-75.50592338264886, 4.685311478407189], [-75.50558041741138, 4.685311478407189], [-75.50558041741138, 4.684964253469846], [-75.50455152169891, 4.684964253469846], [-75.50455152169891, 4.684269803070951], [-75.50420855646145, 4.684269803070951], [-75.50420855646145, 4.68218644768155], [-75.50386559122396, 4.68218644768155], [-75.50386559122396, 4.681839221172014], [-75.50317966074898, 4.681839221172014], [-75.50317966074898, 4.6814919944878515], [-75.50249373027403, 4.6814919944878515], [-75.50249373027403, 4.680797540595712], [-75.5018077997991, 4.680797540595712], [-75.5018077997991, 4.680450313387757], [-75.5014648345616, 4.680450313387757], [-75.5014648345616, 4.678366946474454], [-75.50112186932415, 4.678366946474454], [-75.50112186932415, 4.676978031708841], [-75.50077890408663, 4.676978031708841], [-75.50077890408663, 4.675936343802922], [-75.5014648345616, 4.675936343802922], [-75.5014648345616, 4.675589114152122], [-75.50077890408663, 4.675589114152122], [-75.50077890408663, 4.675241884326927], [-75.50043593884917, 4.675241884326927], [-75.50043593884917, 4.674894654327353], [-75.49906407789925, 4.674894654327353], [-75.49906407789925, 4.67454742415341], [-75.49837814742428, 4.67454742415341], [-75.49837814742428, 4.673505732585509], [-75.49769221694932, 4.673505732585509], [-75.49769221694932, 4.673158501714229], [-75.49734925171184, 4.673158501714229], [-75.49734925171184, 4.672116808054615], [-75.49700628647435, 4.672116808054615], [-75.49700628647435, 4.6717695764862], [-75.49666332123688, 4.6717695764862], [-75.49666332123688, 4.670380648470142], [-75.49632035599939, 4.670380648470142], [-75.49632035599939, 4.670033416030592], [-75.49597739076192, 4.670033416030592], [-75.49597739076192, 4.669686183416862], [-75.49529146028696, 4.669686183416862], [-75.49529146028696, 4.6693389506289495], [-75.49460552981199, 4.6693389506289495], [-75.49460552981199, 4.668991717666876], [-75.49426256457453, 4.668991717666876], [-75.49426256457453, 4.66864448453066], [-75.49357663409957, 4.66864448453066], [-75.49357663409957, 4.668297251220301], [-75.49048994696224, 4.668297251220301], [-75.49048994696224, 4.667950017735824], [-75.48980401648728, 4.667950017735824], [-75.48980401648728, 4.667602784077232], [-75.48843215553735, 4.667602784077232], [-75.48843215553735, 4.667255550244544], [-75.48808919029989, 4.667255550244544], [-75.48808919029989, 4.666908316237771], [-75.48603139887501, 4.666908316237771], [-75.48603139887501, 4.666561082056924], [-75.48500250316256, 4.666561082056924], [-75.48500250316256, 4.6662138477020205], [-75.4839736074501, 4.6662138477020205], [-75.4839736074501, 4.665866613173072], [-75.48363064221265, 4.665866613173072], [-75.48363064221265, 4.664477673317059], [-75.48294471173769, 4.664477673317059], [-75.48294471173769, 4.664130437918071], [-75.48054395507533, 4.664130437918071], [-75.48054395507533, 4.66378320234511], [-75.47985802460036, 4.66378320234511], [-75.47985802460036, 4.663088730677335], [-75.47814319841298, 4.663088730677335], [-75.47814319841298, 4.663435966598196], [-75.47780023317546, 4.663435966598196], [-75.47780023317546, 4.66378320234511], [-75.4771143027005, 4.66378320234511], [-75.4771143027005, 4.664130437918071], [-75.47677133746303, 4.664130437918071], [-75.47677133746303, 4.664477673317059], [-75.47642837222557, 4.664477673317059], [-75.47642837222557, 4.664824908542069], [-75.47608540698808, 4.664824908542069], [-75.47608540698808, 4.665172143593081], [-75.4753994765131, 4.665172143593081], [-75.4753994765131, 4.665866613173072], [-75.47471354603815, 4.665866613173072], [-75.47471354603815, 4.6662138477020205], [-75.47437058080068, 4.6662138477020205], [-75.47437058080068, 4.667255550244544], [-75.47368465032572, 4.667255550244544], [-75.47368465032572, 4.667950017735824], [-75.47334168508826, 4.667950017735824], [-75.47334168508826, 4.669686183416862], [-75.47299871985075, 4.669686183416862], [-75.47299871985075, 4.670380648470142], [-75.47265575461329, 4.670380648470142], [-75.47265575461329, 4.671075112826621], [-75.47231278937579, 4.671075112826621], [-75.47231278937579, 4.6728112706686415], [-75.47196982413831, 4.6728112706686415], [-75.47196982413831, 4.673158501714229], [-75.47128389366335, 4.673158501714229], [-75.47128389366335, 4.673852963282475], [-75.47025499795093, 4.673852963282475], [-75.47025499795093, 4.67454742415341], [-75.46991203271344, 4.67454742415341], [-75.46991203271344, 4.674894654327353], [-75.46956906747596, 4.674894654327353], [-75.46956906747596, 4.675241884326927], [-75.46922610223847, 4.675241884326927], [-75.46922610223847, 4.675589114152122], [-75.46854017176351, 4.675589114152122], [-75.46854017176351, 4.675936343802922], [-75.46751127605108, 4.675936343802922], [-75.46751127605108, 4.676283573279317], [-75.4671683108136, 4.676283573279317], [-75.4671683108136, 4.676630802581295], [-75.46682534557611, 4.676630802581295], [-75.46682534557611, 4.6773252606619415], [-75.46648238033865, 4.6773252606619415], [-75.46648238033865, 4.678019718044761], [-75.46613941510115, 4.678019718044761], [-75.46613941510115, 4.678714174729654], [-75.46579644986367, 4.678714174729654], [-75.46579644986367, 4.679061402810343], [-75.46545348462618, 4.679061402810343], [-75.46545348462618, 4.679408630716512], [-75.45962307558905, 4.679408630716512], [-75.45962307558905, 4.679061402810343], [-75.45893714511408, 4.679061402810343], [-75.45893714511408, 4.679408630716512], [-75.45825121463912, 4.679408630716512], [-75.45825121463912, 4.679755858448144], [-75.45790824940164, 4.679755858448144], [-75.45790824940164, 4.6801030860052295], [-75.45722231892668, 4.6801030860052295], [-75.45722231892668, 4.680450313387757], [-75.45687935368919, 4.680450313387757], [-75.45687935368919, 4.680797540595712], [-75.45585045797677, 4.680797540595712], [-75.45585045797677, 4.681144767629082], [-75.45413563178937, 4.681144767629082], [-75.45413563178937, 4.680797540595712], [-75.45310673607693, 4.680797540595712], [-75.45310673607693, 4.680450313387757], [-75.45104894465204, 4.680450313387757], [-75.45104894465204, 4.6801030860052295], [-75.45070597941454, 4.6801030860052295], [-75.45070597941454, 4.679755858448144], [-75.44556150085236, 4.679755858448144], [-75.44556150085236, 4.6801030860052295], [-75.4448755703774, 4.6801030860052295], [-75.4448755703774, 4.680450313387757], [-75.44384667466494, 4.680450313387757], [-75.44384667466494, 4.680797540595712], [-75.44350370942747, 4.680797540595712], [-75.44350370942747, 4.681144767629082], [-75.44247481371504, 4.681144767629082], [-75.44247481371504, 4.6814919944878515], [-75.44075998752766, 4.6814919944878515], [-75.44075998752766, 4.68218644768155], [-75.44041702229016, 4.68218644768155], [-75.44041702229016, 4.682880900176699], [-75.44007405705268, 4.682880900176699], [-75.44007405705268, 4.6863531521706605], [-75.43938812657771, 4.6863531521706605], [-75.43938812657771, 4.688783718167154], [-75.43904516134023, 4.688783718167154], [-75.43904516134023, 4.6898253866855635], [-75.43870219610275, 4.6898253866855635], [-75.43870219610275, 4.690519831489926], [-75.43835923086527, 4.690519831489926], [-75.43835923086527, 4.691908718999219], [-75.4380162656278, 4.691908718999219], [-75.4380162656278, 4.693297603708576], [-75.43835923086527, 4.693297603708576], [-75.43835923086527, 4.69572814521014], [-75.4380162656278, 4.69572814521014], [-75.4380162656278, 4.696422584063112], [-75.43664440467788, 4.696422584063112], [-75.43664440467788, 4.696769803226867], [-75.43561550896544, 4.696769803226867], [-75.43561550896544, 4.697117022215442], [-75.43492957849048, 4.697117022215442], [-75.43492957849048, 4.69746424102883], [-75.43424364801552, 4.69746424102883], [-75.43424364801552, 4.697117022215442], [-75.43390068277805, 4.697117022215442], [-75.43390068277805, 4.69746424102883], [-75.4328717870656, 4.69746424102883], [-75.4328717870656, 4.697117022215442], [-75.43252882182811, 4.697117022215442], [-75.43252882182811, 4.69746424102883], [-75.43149992611566, 4.69746424102883], [-75.43149992611566, 4.697811459667017], [-75.43047103040324, 4.697811459667017], [-75.43047103040324, 4.69746424102883], [-75.43012806516576, 4.69746424102883], [-75.43012806516576, 4.697117022215442], [-75.42978509992828, 4.697117022215442], [-75.42978509992828, 4.696769803226867], [-75.4277273085034, 4.696769803226867], [-75.4277273085034, 4.696075364724199], [-75.42704137802845, 4.696075364724199], [-75.42704137802845, 4.69572814521014], [-75.42669841279094, 4.69572814521014], [-75.42669841279094, 4.6953809255209356], [-75.42635544755348, 4.6953809255209356], [-75.42635544755348, 4.695033705656611], [-75.42601248231598, 4.695033705656611], [-75.42601248231598, 4.694686485617176], [-75.42532655184101, 4.694686485617176], [-75.42532655184101, 4.694339265402639], [-75.42464062136605, 4.694339265402639], [-75.42464062136605, 4.69399204501302], [-75.42429765612859, 4.69399204501302], [-75.42429765612859, 4.693644824448325], [-75.42395469089112, 4.693644824448325], [-75.42395469089112, 4.69399204501302], [-75.42361172565363, 4.69399204501302], [-75.42361172565363, 4.694339265402639], [-75.42326876041616, 4.694339265402639], [-75.42326876041616, 4.694686485617176], [-75.4222398647037, 4.694686485617176], [-75.4222398647037, 4.695033705656611], [-75.42189689946623, 4.695033705656611], [-75.42189689946623, 4.6953809255209356], [-75.42155393422877, 4.6953809255209356], [-75.42155393422877, 4.69572814521014], [-75.42121096899128, 4.69572814521014], [-75.42121096899128, 4.696422584063112], [-75.42086800375381, 4.696422584063112], [-75.42086800375381, 4.696769803226867], [-75.42018207327885, 4.696769803226867], [-75.42018207327885, 4.697117022215442], [-75.41983910804134, 4.697117022215442], [-75.41983910804134, 4.69746424102883], [-75.41915317756637, 4.69746424102883], [-75.41915317756637, 4.697811459667017], [-75.41846724709141, 4.697811459667017], [-75.41846724709141, 4.698158678129986], [-75.41743835137899, 4.698158678129986], [-75.41743835137899, 4.6985058964177355], [-75.41675242090402, 4.6985058964177355], [-75.41675242090402, 4.698853114530238], [-75.41126497710435, 4.698853114530238], [-75.41126497710435, 4.699894767816191], [-75.41092201186687, 4.699894767816191], [-75.41092201186687, 4.700589202463724], [-75.4105790466294, 4.700589202463724], [-75.4105790466294, 4.7012836364099915], [-75.41023608139191, 4.7012836364099915], [-75.41023608139191, 4.701630853120118], [-75.40989311615444, 4.701630853120118], [-75.40989311615444, 4.702325286014298], [-75.40955015091696, 4.702325286014298], [-75.40955015091696, 4.7030197182069475], [-75.40920718567948, 4.7030197182069475], [-75.40920718567948, 4.703714149697973], [-75.408864220442, 4.703714149697973], [-75.408864220442, 4.705103010574741], [-75.40817828996704, 4.705103010574741], [-75.40817828996704, 4.707186296625132], [-75.40852125520452, 4.707186296625132], [-75.40852125520452, 4.7075335103524765], [-75.408864220442, 4.7075335103524765], [-75.408864220442, 4.7082279372804345], [-75.40783532472956, 4.7082279372804345], [-75.40783532472956, 4.708575150481024], [-75.40714939425459, 4.708575150481024], [-75.40714939425459, 4.708922363505998], [-75.40680642901711, 4.708922363505998], [-75.40680642901711, 4.709269576355351], [-75.40646346377963, 4.709269576355351], [-75.40646346377963, 4.709616789029063], [-75.40612049854214, 4.709616789029063], [-75.40612049854214, 4.709964001527129], [-75.40200491569239, 4.709964001527129], [-75.40200491569239, 4.710311213849528], [-75.40166195045492, 4.710311213849528], [-75.40166195045492, 4.711005637967289], [-75.40131898521742, 4.711005637967289], [-75.40131898521742, 4.7113528497626245], [-75.40029008950499, 4.7113528497626245], [-75.40029008950499, 4.7117000613822455], [-75.39994712426748, 4.7117000613822455], [-75.39994712426748, 4.7120472728261396], [-75.39960415903003, 4.7120472728261396], [-75.39960415903003, 4.712394484094291], [-75.39891822855506, 4.712394484094291], [-75.39891822855506, 4.712741695186694], [-75.3985752633176, 4.712741695186694], [-75.3985752633176, 4.7134361168441865], [-75.39720340236768, 4.7134361168441865], [-75.39720340236768, 4.714130537798513], [-75.39686043713017, 4.714130537798513], [-75.39686043713017, 4.7144777480119595], [-75.39617450665524, 4.7144777480119595], [-75.39617450665524, 4.715519377597261], [-75.39548857618028, 4.715519377597261], [-75.39548857618028, 4.715866587107307], [-75.39514561094278, 4.715866587107307], [-75.39514561094278, 4.716213796441476], [-75.39445968046782, 4.716213796441476], [-75.39445968046782, 4.715866587107307], [-75.39274485428042, 4.715866587107307], [-75.39274485428042, 4.715519377597261], [-75.38862927143067, 4.715519377597261], [-75.38862927143067, 4.715172167911342], [-75.38828630619318, 4.715172167911342], [-75.38828630619318, 4.7144777480119595], [-75.38794334095572, 4.7144777480119595], [-75.38794334095572, 4.714130537798513], [-75.38760037571825, 4.714130537798513], [-75.38760037571825, 4.7134361168441865], [-75.38725741048074, 4.7134361168441865], [-75.38725741048074, 4.712741695186694], [-75.38691444524326, 4.712741695186694], [-75.38691444524326, 4.7117000613822455], [-75.38657148000578, 4.7117000613822455], [-75.38657148000578, 4.7113528497626245], [-75.3862285147683, 4.7113528497626245], [-75.3862285147683, 4.711005637967289], [-75.38588554953083, 4.711005637967289], [-75.38588554953083, 4.710311213849528], [-75.38554258429335, 4.710311213849528], [-75.38554258429335, 4.709616789029063], [-75.38485665381839, 4.709616789029063], [-75.38485665381839, 4.709269576355351], [-75.38417072334343, 4.709269576355351], [-75.38417072334343, 4.708922363505998], [-75.38382775810595, 4.708922363505998], [-75.38382775810595, 4.707186296625132], [-75.38417072334343, 4.707186296625132], [-75.38417072334343, 4.705103010574741], [-75.38382775810595, 4.705103010574741], [-75.38382775810595, 4.704408580487273], [-75.38348479286847, 4.704408580487273], [-75.38348479286847, 4.704061365180347], [-75.38382775810595, 4.704061365180347], [-75.38382775810595, 4.702672502198318], [-75.38451368858091, 4.702672502198318], [-75.38451368858091, 4.701978069654891], [-75.38485665381839, 4.701978069654891], [-75.38485665381839, 4.701630853120118], [-75.38554258429335, 4.701630853120118], [-75.38554258429335, 4.7012836364099915], [-75.3862285147683, 4.7012836364099915], [-75.3862285147683, 4.700589202463724], [-75.38657148000578, 4.700589202463724], [-75.38657148000578, 4.699547550229481], [-75.38691444524326, 4.699547550229481], [-75.38691444524326, 4.698853114530238], [-75.38657148000578, 4.698853114530238], [-75.38657148000578, 4.696769803226867], [-75.38931520190563, 4.696769803226867], [-75.38931520190563, 4.696422584063112], [-75.38965816714311, 4.696422584063112], [-75.38965816714311, 4.696075364724199], [-75.3900011323806, 4.696075364724199], [-75.3900011323806, 4.69572814521014], [-75.39034409761807, 4.69572814521014], [-75.39034409761807, 4.6953809255209356], [-75.39205892380546, 4.6953809255209356], [-75.39205892380546, 4.69572814521014], [-75.39343078475538, 4.69572814521014], [-75.39343078475538, 4.6953809255209356], [-75.39411671523034, 4.6953809255209356], [-75.39411671523034, 4.695033705656611], [-75.39480264570533, 4.695033705656611], [-75.39480264570533, 4.694686485617176], [-75.39583154141775, 4.694686485617176], [-75.39583154141775, 4.694339265402639], [-75.39686043713017, 4.694339265402639], [-75.39686043713017, 4.69399204501302], [-75.39720340236768, 4.69399204501302], [-75.39720340236768, 4.692603161703939], [-75.39754636760513, 4.692603161703939], [-75.39754636760513, 4.692255940439082], [-75.3985752633176, 4.692255940439082], [-75.3985752633176, 4.691214275594515], [-75.39891822855506, 4.691214275594515], [-75.39891822855506, 4.690172609175213], [-75.39926119379253, 4.690172609175213], [-75.39926119379253, 4.687394824361014], [-75.39994712426748, 4.687394824361014], [-75.39994712426748, 4.687047600472374], [-75.40097601997996, 4.687047600472374], [-75.40097601997996, 4.68670037640892], [-75.40200491569239, 4.68670037640892], [-75.40200491569239, 4.6863531521706605], [-75.40303381140481, 4.6863531521706605], [-75.40303381140481, 4.685311478407189], [-75.40406270711728, 4.685311478407189], [-75.40406270711728, 4.684964253469846], [-75.40440567235476, 4.684964253469846], [-75.40440567235476, 4.684617028357759], [-75.40474863759223, 4.684617028357759], [-75.40474863759223, 4.683922577609426], [-75.40509160282971, 4.683922577609426], [-75.40509160282971, 4.6835753519732], [-75.40543456806716, 4.6835753519732], [-75.40543456806716, 4.683228126162289], [-75.40577753330467, 4.683228126162289], [-75.40577753330467, 4.682880900176699], [-75.40612049854214, 4.682880900176699], [-75.40612049854214, 4.6825336740164465], [-75.40646346377963, 4.6825336740164465], [-75.40646346377963, 4.681839221172014], [-75.40680642901711, 4.681839221172014], [-75.40680642901711, 4.680450313387757], [-75.40714939425459, 4.680450313387757], [-75.40714939425459, 4.679408630716512], [-75.40783532472956, 4.679408630716512], [-75.40783532472956, 4.678714174729654], [-75.40817828996704, 4.678714174729654], [-75.40817828996704, 4.678366946474454], [-75.40852125520452, 4.678366946474454], [-75.40852125520452, 4.6776724894405906], [-75.40920718567948, 4.6776724894405906], [-75.40920718567948, 4.676978031708841], [-75.40955015091696, 4.676978031708841], [-75.40955015091696, 4.676283573279317], [-75.41023608139191, 4.676283573279317], [-75.41023608139191, 4.675936343802922], [-75.4105790466294, 4.675936343802922], [-75.4105790466294, 4.675241884326927], [-75.41092201186687, 4.675241884326927], [-75.41092201186687, 4.674894654327353], [-75.41160794234183, 4.674894654327353], [-75.41160794234183, 4.67454742415341], [-75.41195090757931, 4.67454742415341], [-75.41195090757931, 4.674200193805116], [-75.41332276852923, 4.674200193805116], [-75.41332276852923, 4.673852963282475], [-75.4136657337667, 4.673852963282475], [-75.4136657337667, 4.673505732585509], [-75.41435166424166, 4.673505732585509], [-75.41435166424166, 4.673158501714229], [-75.41469462947916, 4.673158501714229], [-75.41469462947916, 4.672464039448769], [-75.41538055995413, 4.672464039448769], [-75.41538055995413, 4.672116808054615], [-75.4157235251916, 4.672116808054615], [-75.4157235251916, 4.669686183416862], [-75.41743835137899, 4.669686183416862], [-75.41743835137899, 4.668991717666876], [-75.41812428185395, 4.668991717666876], [-75.41812428185395, 4.668297251220301], [-75.41846724709141, 4.668297251220301], [-75.41846724709141, 4.667950017735824], [-75.4188102123289, 4.667950017735824], [-75.4188102123289, 4.666561082056924], [-75.41846724709141, 4.666561082056924], [-75.41846724709141, 4.665519378470085], [-75.41915317756637, 4.665519378470085], [-75.41915317756637, 4.661699785254714], [-75.41949614280388, 4.661699785254714], [-75.41949614280388, 4.66135254846433], [-75.41983910804134, 4.66135254846433], [-75.41983910804134, 4.6610053115000785], [-75.4205250385163, 4.6610053115000785], [-75.4205250385163, 4.660658074361972], [-75.42086800375381, 4.660658074361972], [-75.42086800375381, 4.659963599564247], [-75.42121096899128, 4.659963599564247], [-75.42121096899128, 4.659616361904658], [-75.42155393422877, 4.659616361904658], [-75.42155393422877, 4.659269124071262], [-75.42189689946623, 4.659269124071262], [-75.42189689946623, 4.658921886064079], [-75.42155393422877, 4.658921886064079], [-75.42155393422877, 4.657880170999922], [-75.42121096899128, 4.657880170999922], [-75.42121096899128, 4.656491215148765], [-75.42155393422877, 4.656491215148765], [-75.42155393422877, 4.655796736181011], [-75.4222398647037, 4.655796736181011], [-75.4222398647037, 4.654407776161673], [-75.42189689946623, 4.654407776161673], [-75.42189689946623, 4.647810178150034], [-75.4222398647037, 4.647810178150034], [-75.4222398647037, 4.6471156905065945], [-75.42292579517866, 4.6471156905065945], [-75.42292579517866, 4.645726713139726], [-75.4225828299412, 4.645726713139726], [-75.4225828299412, 4.644337733000229], [-75.4222398647037, 4.644337733000229], [-75.4222398647037, 4.643990487532226], [-75.42189689946623, 4.643990487532226], [-75.42189689946623, 4.642948750088921], [-75.42155393422877, 4.642948750088921], [-75.42155393422877, 4.643295996076562], [-75.42121096899128, 4.643295996076562], [-75.42121096899128, 4.6436432418910005], [-75.42018207327885, 4.6436432418910005], [-75.42018207327885, 4.643295996076562], [-75.41949614280388, 4.643295996076562], [-75.41949614280388, 4.642601503928103], [-75.4188102123289, 4.642601503928103], [-75.4188102123289, 4.642254257594101], [-75.41812428185395, 4.642254257594101], [-75.41812428185395, 4.6412125175531935], [-75.4177813166165, 4.6412125175531935], [-75.4177813166165, 4.640865270526631], [-75.41743835137899, 4.640865270526631], [-75.41743835137899, 4.639823528408332], [-75.41709538614151, 4.639823528408332], [-75.41709538614151, 4.639476280689404], [-75.41675242090402, 4.639476280689404], [-75.41675242090402, 4.638434536494329], [-75.41606649042906, 4.638434536494329], [-75.41606649042906, 4.63808728808325], [-75.41640945566655, 4.63808728808325], [-75.41640945566655, 4.63600379398407], [-75.41606649042906, 4.63600379398407], [-75.41606649042906, 4.635309294567435], [-75.4157235251916, 4.635309294567435], [-75.4157235251916, 4.634614794459181], [-75.41538055995413, 4.634614794459181], [-75.41538055995413, 4.633573043000248], [-75.4157235251916, 4.633573043000248], [-75.4157235251916, 4.632878541163402], [-75.41675242090402, 4.632878541163402], [-75.41675242090402, 4.630447779291466], [-75.41640945566655, 4.630447779291466], [-75.41640945566655, 4.629406021612367], [-75.41606649042906, 4.629406021612367], [-75.41606649042906, 4.6283642623791], [-75.4157235251916, 4.6283642623791], [-75.4157235251916, 4.627322501592001], [-75.41538055995413, 4.627322501592001], [-75.41538055995413, 4.623849954417379], [-75.4157235251916, 4.623849954417379], [-75.4157235251916, 4.621419161131786], [-75.41606649042906, 4.621419161131786], [-75.41606649042906, 4.621071904258462], [-75.41640945566655, 4.621071904258462], [-75.41640945566655, 4.620724647212761], [-75.41675242090402, 4.620724647212761], [-75.41675242090402, 4.620030132604279], [-75.41709538614151, 4.620030132604279], [-75.41709538614151, 4.6193356173064375], [-75.41743835137899, 4.6193356173064375], [-75.41743835137899, 4.618293843067359], [-75.4177813166165, 4.618293843067359], [-75.4177813166165, 4.617946584643096], [-75.41812428185395, 4.617946584643096], [-75.41812428185395, 4.61759932604657], [-75.41846724709141, 4.61759932604657], [-75.41846724709141, 4.617252067277802], [-75.4188102123289, 4.617252067277802], [-75.4188102123289, 4.616557549223559], [-75.41915317756637, 4.616557549223559], [-75.41915317756637, 4.615515770850642], [-75.41949614280388, 4.615515770850642], [-75.41949614280388, 4.614126730609733], [-75.41915317756637, 4.614126730609733], [-75.41915317756637, 4.6134322094565], [-75.41949614280388, 4.6134322094565], [-75.41949614280388, 4.612737687614883], [-75.41983910804134, 4.612737687614883], [-75.41983910804134, 4.612390426435966], [-75.42018207327885, 4.612390426435966], [-75.42018207327885, 4.612043165084989], [-75.4205250385163, 4.612043165084989], [-75.4205250385163, 4.611001379999848], [-75.42086800375381, 4.611001379999848], [-75.42086800375381, 4.610654117960776], [-75.42155393422877, 4.610654117960776], [-75.42155393422877, 4.610306855749707], [-75.42292579517866, 4.610306855749707], [-75.42292579517866, 4.609959593366659], [-75.42429765612859, 4.609959593366659], [-75.42429765612859, 4.609612330811645], [-75.42566951707852, 4.609612330811645], [-75.42566951707852, 4.60926506808468], [-75.42738434326593, 4.60926506808468], [-75.42738434326593, 4.6085705421149274], [-75.4277273085034, 4.6085705421149274], [-75.4277273085034, 4.608223278872172], [-75.42807027374089, 4.608223278872172], [-75.42807027374089, 4.6078760154575145], [-75.42841323897834, 4.6078760154575145], [-75.42841323897834, 4.607528751870968], [-75.42875620421584, 4.607528751870968], [-75.42875620421584, 4.60718148811254], [-75.42909916945331, 4.60718148811254], [-75.42909916945331, 4.6064869600801135], [-75.4294421346908, 4.6064869600801135], [-75.4294421346908, 4.60613969580613], [-75.42978509992828, 4.60613969580613], [-75.42978509992828, 4.605792431360327], [-75.43012806516576, 4.605792431360327], [-75.43012806516576, 4.6054451667427045], [-75.43047103040324, 4.6054451667427045], [-75.43047103040324, 4.604403371859099], [-75.43081399564069, 4.604403371859099], [-75.43081399564069, 4.6023197774546665], [-75.4311569608782, 4.6023197774546665], [-75.4311569608782, 4.601972511119624], [-75.43424364801552, 4.601972511119624], [-75.43424364801552, 4.6023197774546665], [-75.43492957849048, 4.6023197774546665], [-75.43492957849048, 4.602667043618025], [-75.4363014394404, 4.602667043618025], [-75.4363014394404, 4.6030143096096845], [-75.44041702229016, 4.6030143096096845], [-75.44041702229016, 4.602667043618025], [-75.44110295276512, 4.602667043618025], [-75.44110295276512, 4.6023197774546665], [-75.44247481371504, 4.6023197774546665], [-75.44247481371504, 4.602667043618025], [-75.44350370942747, 4.602667043618025], [-75.44350370942747, 4.6030143096096845], [-75.44590446608983, 4.6030143096096845], [-75.44590446608983, 4.602667043618025], [-75.4465903965648, 4.602667043618025], [-75.4465903965648, 4.6030143096096845], [-75.44864818798969, 4.6030143096096845], [-75.44864818798969, 4.603361575429637], [-75.45070597941454, 4.603361575429637], [-75.45070597941454, 4.6030143096096845], [-75.45139190988951, 4.6030143096096845], [-75.45139190988951, 4.602667043618025], [-75.451734875127, 4.602667043618025], [-75.451734875127, 4.6023197774546665], [-75.45242080560193, 4.6023197774546665], [-75.45242080560193, 4.601972511119624], [-75.45276377083945, 4.601972511119624], [-75.45276377083945, 4.601625244612909], [-75.45447859702684, 4.601625244612909], [-75.45447859702684, 4.601277977934532], [-75.45550749273929, 4.601277977934532], [-75.45550749273929, 4.601625244612909], [-75.45619342321422, 4.601625244612909], [-75.45619342321422, 4.601972511119624], [-75.45859417987657, 4.601972511119624], [-75.45859417987657, 4.601625244612909], [-75.45893714511408, 4.601625244612909], [-75.45893714511408, 4.601277977934532], [-75.45996604082652, 4.601277977934532], [-75.45996604082652, 4.600930711084516], [-75.46065197130149, 4.600930711084516], [-75.46065197130149, 4.600583444062862], [-75.46305272796383, 4.600583444062862], [-75.46305272796383, 4.600236176869585], [-75.4637386584388, 4.600236176869585], [-75.4637386584388, 4.5998889095047035], [-75.46408162367628, 4.5998889095047035], [-75.46408162367628, 4.599541641968231], [-75.4671683108136, 4.599541641968231], [-75.4671683108136, 4.599194374260169], [-75.46785424128856, 4.599194374260169], [-75.46785424128856, 4.598847106380541], [-75.46854017176351, 4.598847106380541], [-75.46854017176351, 4.598152570106632], [-75.468883137001, 4.598152570106632], [-75.468883137001, 4.59711076440932], [-75.46922610223847, 4.59711076440932], [-75.46922610223847, 4.596416226420295], [-75.46956906747596, 4.596416226420295], [-75.46956906747596, 4.595721687745403], [-75.47025499795093, 4.595721687745403], [-75.47025499795093, 4.592596255223561], [-75.4705979631884, 4.592596255223561], [-75.4705979631884, 4.591554441298634], [-75.47094092842586, 4.591554441298634], [-75.47094092842586, 4.589818081331525], [-75.47128389366335, 4.589818081331525], [-75.47128389366335, 4.589470808824382], [-75.47162685890082, 4.589470808824382], [-75.47162685890082, 4.5884289902757525], [-75.47196982413831, 4.5884289902757525], [-75.47196982413831, 4.588081717083851], [-75.47231278937579, 4.588081717083851], [-75.47231278937579, 4.587734443720789], [-75.47265575461329, 4.587734443720789], [-75.47265575461329, 4.5870398964812455], [-75.47299871985075, 4.5870398964812455], [-75.47299871985075, 4.586692622604789], [-75.47334168508826, 4.586692622604789], [-75.47334168508826, 4.586345348557222], [-75.47402761556322, 4.586345348557222], [-75.47402761556322, 4.585998074338563], [-75.47437058080068, 4.585998074338563], [-75.47437058080068, 4.585650799948822], [-75.47471354603815, 4.585650799948822], [-75.47471354603815, 4.585303525388013], [-75.47505651127564, 4.585303525388013], [-75.47505651127564, 4.584956250656151], [-75.47574244175063, 4.584956250656151], [-75.47574244175063, 4.58460897575324], [-75.47608540698808, 4.58460897575324], [-75.47608540698808, 4.5842617006793045], [-75.47814319841298, 4.5842617006793045], [-75.47814319841298, 4.58391442543435], [-75.47917209412539, 4.58391442543435], [-75.47917209412539, 4.583567150018393], [-75.48020098983785, 4.583567150018393], [-75.48020098983785, 4.58391442543435], [-75.48157285078774, 4.58391442543435], [-75.48157285078774, 4.583567150018393], [-75.48191581602525, 4.583567150018393], [-75.48191581602525, 4.583219874431445], [-75.48225878126271, 4.583219874431445], [-75.48225878126271, 4.5828725986735135], [-75.48260174650021, 4.5828725986735135], [-75.48260174650021, 4.582525322744622], [-75.48363064221265, 4.582525322744622], [-75.48363064221265, 4.582178046644775], [-75.4843165726876, 4.582178046644775], [-75.4843165726876, 4.581830770373985], [-75.48465953792507, 4.581830770373985], [-75.48465953792507, 4.580094386456402], [-75.48500250316256, 4.580094386456402], [-75.48500250316256, 4.579399831693238], [-75.48534546840004, 4.579399831693238], [-75.48534546840004, 4.5787052762467235], [-75.48637436411249, 4.5787052762467235], [-75.48637436411249, 4.575579768283721], [-75.48740325982493, 4.575579768283721], [-75.48740325982493, 4.575232488767517], [-75.48774622506241, 4.575232488767517], [-75.48774622506241, 4.571759684219994], [-75.48808919029989, 4.571759684219994], [-75.48808919029989, 4.571412402826977], [-75.48843215553735, 4.571412402826977], [-75.48843215553735, 4.571065121263418], [-75.48877512077485, 4.571065121263418], [-75.48877512077485, 4.57071783952933], [-75.48911808601233, 4.57071783952933], [-75.48911808601233, 4.570370557624725], [-75.4894610512498, 4.570370557624725], [-75.4894610512498, 4.570023275549622], [-75.49014698172476, 4.570023275549622], [-75.49014698172476, 4.569675993304025], [-75.49048994696224, 4.569675993304025], [-75.49048994696224, 4.569328710887947], [-75.4908329121997, 4.569328710887947], [-75.4908329121997, 4.5686341455444195], [-75.4911758774372, 4.5686341455444195], [-75.4911758774372, 4.56793957951913], [-75.4932336688621, 4.56793957951913], [-75.4932336688621, 4.567592296250859], [-75.49426256457453, 4.567592296250859], [-75.49426256457453, 4.567245012812188], [-75.49494849504948, 4.567245012812188], [-75.49494849504948, 4.56689772920313], [-75.49529146028696, 4.56689772920313], [-75.49529146028696, 4.566550445423695], [-75.49597739076192, 4.566550445423695], [-75.49597739076192, 4.566203161473898], [-75.49700628647435, 4.566203161473898], [-75.49700628647435, 4.565855877353751], [-75.49734925171184, 4.565855877353751], [-75.49734925171184, 4.565508593063272], [-75.49803518218681, 4.565508593063272], [-75.49803518218681, 4.5648140239713495], [-75.49837814742428, 4.5648140239713495], [-75.49837814742428, 4.564466739169936], [-75.49906407789925, 4.564466739169936], [-75.49906407789925, 4.563424883744034], [-75.49940704313674, 4.563424883744034], [-75.49940704313674, 4.563077598261555], [-75.4997500083742, 4.563077598261555], [-75.4997500083742, 4.5627303126088385], [-75.50009297361167, 4.5627303126088385], [-75.50009297361167, 4.56238302678591], [-75.50043593884917, 4.56238302678591], [-75.50043593884917, 4.562035740792769], [-75.50112186932415, 4.562035740792769], [-75.50112186932415, 4.561688454629432], [-75.50215076503656, 4.561688454629432], [-75.50215076503656, 4.561341168295915], [-75.50283669551153, 4.561341168295915], [-75.50283669551153, 4.560993881792228], [-75.50317966074898, 4.560993881792228], [-75.50317966074898, 4.560299308274396], [-75.50386559122396, 4.560299308274396], [-75.50386559122396, 4.559952021260275], [-75.50420855646145, 4.559952021260275], [-75.50420855646145, 4.5596047340760375], [-75.50455152169891, 4.5596047340760375], [-75.50455152169891, 4.558910159197262], [-75.50489448693638, 4.558910159197262], [-75.50489448693638, 4.558562871502748], [-75.50729524359878, 4.558562871502748], [-75.50729524359878, 4.558910159197262], [-75.50866710454866, 4.558910159197262], [-75.50866710454866, 4.558562871502748], [-75.50901006978617, 4.558562871502748], [-75.50901006978617, 4.558215583638166], [-75.50969600026113, 4.558215583638166], [-75.50969600026113, 4.557868295603531], [-75.5100389654986, 4.557868295603531], [-75.5100389654986, 4.557521007398855], [-75.51038193073609, 4.557521007398855], [-75.51038193073609, 4.55717371902415], [-75.51072489597357, 4.55717371902415], [-75.51072489597357, 4.55682643047943], [-75.51106786121102, 4.55682643047943], [-75.51106786121102, 4.556479141764707], [-75.5120967569235, 4.556479141764707], [-75.5120967569235, 4.556131852879995], [-75.51278268739846, 4.556131852879995], [-75.51278268739846, 4.555784563825306], [-75.51484047882333, 4.555784563825306], [-75.51484047882333, 4.55543727460065], [-75.51518344406081, 4.55543727460065], [-75.51518344406081, 4.555089985206047], [-75.51552640929829, 4.555089985206047], [-75.51552640929829, 4.554395405907035], [-75.51586937453577, 4.554395405907035], [-75.51586937453577, 4.55265895468626], [-75.51621233977325, 4.55265895468626], [-75.51621233977325, 4.552311663932509], [-75.51655530501073, 4.552311663932509], [-75.51655530501073, 4.550922499219273], [-75.5168982702482, 4.550922499219273], [-75.5168982702482, 4.549880623901567], [-75.51724123548568, 4.549880623901567], [-75.51724123548568, 4.548838747056148], [-75.51758420072316, 4.548838747056148], [-75.51758420072316, 4.548491454434914], [-75.51792716596064, 4.548491454434914], [-75.51792716596064, 4.547102282253149], [-75.51861309643563, 4.547102282253149], [-75.51861309643563, 4.546060401335528], [-75.5189560616731, 4.546060401335528], [-75.5189560616731, 4.545713107357098], [-75.51964199214805, 4.545713107357098], [-75.51964199214805, 4.545365813209074], [-75.52307164452284, 4.545365813209074], [-75.52307164452284, 4.545018518891473], [-75.52341460976034, 4.545018518891473], [-75.52341460976034, 4.543976634921318], [-75.5237575749978, 4.543976634921318], [-75.5237575749978, 4.543282044760225], [-75.52478647071023, 4.543282044760225], [-75.52478647071023, 4.542934749425421], [-75.52512943594773, 4.542934749425421], [-75.52512943594773, 4.542587453921128], [-75.5254724011852, 4.542587453921128], [-75.5254724011852, 4.542240158247357], [-75.52512943594773, 4.542240158247357], [-75.52512943594773, 4.541892862404123], [-75.52444350547276, 4.541892862404123], [-75.52444350547276, 4.541198270209319], [-75.5237575749978, 4.541198270209319], [-75.5237575749978, 4.5405036773368135], [-75.52341460976034, 4.5405036773368135], [-75.52341460976034, 4.538072596947661], [-75.52307164452284, 4.538072596947661], [-75.52307164452284, 4.537725299071872], [-75.52272867928536, 4.537725299071872], [-75.52272867928536, 4.535641508262367], [-75.52238571404787, 4.535641508262367], [-75.52238571404787, 4.533905011267467], [-75.52272867928536, 4.533905011267467], [-75.52272867928536, 4.53112660728024], [-75.52238571404787, 4.53112660728024], [-75.52238571404787, 4.530779306020972], [-75.5220427488104, 4.530779306020972], [-75.5220427488104, 4.52973740122897], [-75.52169978357291, 4.52973740122897], [-75.52169978357291, 4.529390099293616], [-75.52135681833545, 4.529390099293616], [-75.52135681833545, 4.52869549491596], [-75.52169978357291, 4.52869549491596], [-75.52169978357291, 4.527306284133204], [-75.52135681833545, 4.527306284133204], [-75.52135681833545, 4.526958981015203], [-75.52169978357291, 4.526958981015203], [-75.52169978357291, 4.526611677728308], [-75.5220427488104, 4.526611677728308], [-75.5220427488104, 4.526264374272527], [-75.52238571404787, 4.526264374272527], [-75.52238571404787, 4.525917070647876], [-75.52272867928536, 4.525917070647876], [-75.52272867928536, 4.525569766854364], [-75.52307164452284, 4.525569766854364], [-75.52307164452284, 4.525222462892002], [-75.52410054023527, 4.525222462892002], [-75.52410054023527, 4.523485940547953], [-75.52444350547276, 4.523485940547953], [-75.52444350547276, 4.521054802178326], [-75.52478647071023, 4.521054802178326], [-75.52478647071023, 4.520360189697266], [-75.52512943594773, 4.520360189697266], [-75.52512943594773, 4.5189709627114025], [-75.5254724011852, 4.5189709627114025], [-75.5254724011852, 4.517581733027897], [-75.52581536642269, 4.517581733027897], [-75.52581536642269, 4.517234425185611], [-75.52615833166016, 4.517234425185611], [-75.52615833166016, 4.516887117174788], [-75.52718722737262, 4.516887117174788], [-75.52718722737262, 4.515845192131209], [-75.52753019261009, 4.515845192131209], [-75.52753019261009, 4.514803265571255], [-75.52718722737262, 4.514803265571255], [-75.52718722737262, 4.514108647022352], [-75.52684426213513, 4.514108647022352], [-75.52684426213513, 4.5137613374952625], [-75.52650129689768, 4.5137613374952625], [-75.52650129689768, 4.512024787333916], [-75.52615833166016, 4.512024787333916], [-75.52615833166016, 4.511330166090869], [-75.52581536642269, 4.511330166090869], [-75.52581536642269, 4.509940921585038], [-75.5254724011852, 4.509940921585038], [-75.5254724011852, 4.5078570497784884], [-75.52512943594773, 4.5078570497784884], [-75.52512943594773, 4.507509737221989], [-75.52478647071023, 4.507509737221989], [-75.52478647071023, 4.503689288003495], [-75.52444350547276, 4.503689288003495], [-75.52444350547276, 4.502994658687873], [-75.52410054023527, 4.502994658687873], [-75.52410054023527, 4.501952713454391], [-75.5237575749978, 4.501952713454391], [-75.5237575749978, 4.5016053980405974], [-75.52410054023527, 4.5016053980405974], [-75.52410054023527, 4.500910766709145], [-75.52478647071023, 4.500910766709145], [-75.52478647071023, 4.4984795517598055], [-75.52444350547276, 4.4984795517598055], [-75.52444350547276, 4.497784917406341], [-75.52478647071023, 4.497784917406341], [-75.52478647071023, 4.497437599977879], [-75.52512943594773, 4.497437599977879], [-75.52512943594773, 4.497090282381604], [-75.5254724011852, 4.497090282381604], [-75.5254724011852, 4.49674296461754], [-75.52615833166016, 4.49674296461754], [-75.52615833166016, 4.496395646685693], [-75.52684426213513, 4.496395646685693], [-75.52684426213513, 4.49604832858608], [-75.52718722737262, 4.49604832858608], [-75.52718722737262, 4.495701010318711], [-75.52753019261009, 4.495701010318711], [-75.52753019261009, 4.495353691883605], [-75.52787315784755, 4.495353691883605], [-75.52787315784755, 4.495006373280764], [-75.52821612308506, 4.495006373280764], [-75.52821612308506, 4.495353691883605], [-75.53301763640977, 4.495353691883605], [-75.53301763640977, 4.495006373280764], [-75.53473246259715, 4.495006373280764], [-75.53473246259715, 4.49465905451021], [-75.53507542783466, 4.49465905451021], [-75.53507542783466, 4.494311735571952], [-75.53576135830961, 4.494311735571952], [-75.53576135830961, 4.493269777751089], [-75.53644728878454, 4.493269777751089], [-75.53644728878454, 4.492227818421359], [-75.53679025402205, 4.492227818421359], [-75.53679025402205, 4.491880498309539], [-75.5371332192595, 4.491880498309539], [-75.5371332192595, 4.491185857583108], [-75.53747618449701, 4.491185857583108], [-75.53747618449701, 4.490491216186381], [-75.53781914973449, 4.490491216186381], [-75.53781914973449, 4.490143895236686], [-75.53816211497197, 4.490143895236686], [-75.53816211497197, 4.489449252834701], [-75.53850508020946, 4.489449252834701], [-75.53850508020946, 4.488754609762677], [-75.53884804544694, 4.488754609762677], [-75.53884804544694, 4.488407287975428], [-75.53987694115938, 4.488407287975428], [-75.53987694115938, 4.4880599660207094], [-75.54021990639684, 4.4880599660207094], [-75.54021990639684, 4.487712643898534], [-75.54090583687181, 4.487712643898534], [-75.54090583687181, 4.487365321608908], [-75.5412488021093, 4.487365321608908], [-75.5412488021093, 4.48701799915185], [-75.54159176734677, 4.48701799915185], [-75.54159176734677, 4.486670676527372], [-75.54193473258425, 4.486670676527372], [-75.54193473258425, 4.485976030776208], [-75.54227769782173, 4.485976030776208], [-75.54227769782173, 4.4856287076495445], [-75.5426206630592, 4.4856287076495445], [-75.5426206630592, 4.48458673726539], [-75.54296362829669, 4.48458673726539], [-75.54296362829669, 4.4842394134693295], [-75.54330659353417, 4.4842394134693295], [-75.54330659353417, 4.483197441077286], [-75.54364955877165, 4.483197441077286], [-75.54364955877165, 4.482155467179733], [-75.54399252400913, 4.482155467179733], [-75.54399252400913, 4.481460817078472], [-75.5443354892466, 4.481460817078472], [-75.5443354892466, 4.48076616630835], [-75.54467845448409, 4.48076616630835], [-75.54467845448409, 4.4804188406725], [-75.54502141972158, 4.4804188406725], [-75.54502141972158, 4.4793768627619395], [-75.54536438495906, 4.4793768627619395], [-75.54536438495906, 4.4790295364574595], [-75.54570735019654, 4.4790295364574595], [-75.54570735019654, 4.478682209985855], [-75.54605031543402, 4.478682209985855], [-75.54605031543402, 4.478334883347135], [-75.54639328067148, 4.478334883347135], [-75.54639328067148, 4.477987556541322], [-75.54707921114644, 4.477987556541322], [-75.54707921114644, 4.4772929024284425], [-75.54742217638393, 4.4772929024284425], [-75.54742217638393, 4.476945575121405], [-75.54776514162141, 4.476945575121405], [-75.54776514162141, 4.476598247647322], [-75.54810810685889, 4.476598247647322], [-75.54810810685889, 4.4762509200061995], [-75.54845107209637, 4.4762509200061995], [-75.54845107209637, 4.475556264222908], [-75.5494799678088, 4.475556264222908], [-75.5494799678088, 4.475208936080759], [-75.54982293304629, 4.475208936080759], [-75.54982293304629, 4.474861607771627], [-75.55016589828377, 4.474861607771627], [-75.55016589828377, 4.474514279295525], [-75.55050886352124, 4.474514279295525], [-75.55050886352124, 4.4741669506524655], [-75.55085182875872, 4.4741669506524655], [-75.55085182875872, 4.473819621842459], [-75.5515377592337, 4.473819621842459], [-75.5515377592337, 4.4734722928655195], [-75.5518807244712, 4.4734722928655195], [-75.5518807244712, 4.473124963721664], [-75.55222368970865, 4.473124963721664], [-75.55222368970865, 4.472430304933243], [-75.55359555065859, 4.472430304933243], [-75.55359555065859, 4.4720829752887035], [-75.55702520303336, 4.4720829752887035], [-75.55702520303336, 4.471735645477296], [-75.55839706398329, 4.471735645477296], [-75.55839706398329, 4.4720829752887035], [-75.55908299445827, 4.4720829752887035], [-75.55908299445827, 4.471735645477296], [-75.55942595969572, 4.471735645477296], [-75.55942595969572, 4.471388315499034], [-75.55976892493322, 4.471388315499034], [-75.55976892493322, 4.470693655041997], [-75.56011189017067, 4.470693655041997], [-75.56011189017067, 4.4703463245632475], [-75.56045485540818, 4.4703463245632475], [-75.56045485540818, 4.469651663105349], [-75.56079782064566, 4.469651663105349], [-75.56079782064566, 4.4693043321262245], [-75.56114078588314, 4.4693043321262245], [-75.56114078588314, 4.468262338188317], [-75.56251264683304, 4.468262338188317], [-75.56251264683304, 4.46791500654221], [-75.56285561207054, 4.46791500654221], [-75.56285561207054, 4.4675676747293895], [-75.56319857730801, 4.4675676747293895], [-75.56319857730801, 4.466873010603658], [-75.5635415425455, 4.466873010603658], [-75.5635415425455, 4.466525678290771], [-75.56388450778297, 4.466525678290771], [-75.56388450778297, 4.46583101316503], [-75.56491340349542, 4.46583101316503], [-75.56491340349542, 4.465136347372739], [-75.56628526444534, 4.465136347372739], [-75.56628526444534, 4.464441680914003], [-75.56662822968282, 4.464441680914003], [-75.56662822968282, 4.46409434743475], [-75.5669711949203, 4.46409434743475], [-75.5669711949203, 4.463399679976543], [-75.56731416015778, 4.463399679976543], [-75.56731416015778, 4.463052345997611], [-75.56765712539526, 4.463052345997611], [-75.56765712539526, 4.462705011852151], [-75.56800009063272, 4.462705011852151], [-75.56800009063272, 4.462010343061668], [-75.5686860211077, 4.462010343061668], [-75.5686860211077, 4.461315673605208], [-75.56902898634517, 4.461315673605208], [-75.56902898634517, 4.460273668172026], [-75.56937195158265, 4.460273668172026], [-75.56937195158265, 4.459926332694751], [-75.56971491682013, 4.459926332694751], [-75.56971491682013, 4.459578997051061], [-75.57005788205761, 4.459578997051061], [-75.57005788205761, 4.4574949796948475], [-75.57040084729509, 4.4574949796948475], [-75.57040084729509, 4.45714764288659], [-75.57074381253257, 4.45714764288659], [-75.57074381253257, 4.4568003059120125], [-75.57108677777006, 4.4568003059120125], [-75.57108677777006, 4.456452968771138], [-75.57280160395746, 4.456452968771138], [-75.57280160395746, 4.456105631463971], [-75.57314456919494, 4.456105631463971], [-75.57314456919494, 4.4557582939905265], [-75.57588829109477, 4.4557582939905265], [-75.57588829109477, 4.455063618544861], [-75.57623125633225, 4.455063618544861], [-75.57623125633225, 4.454368942434241], [-75.57657422156971, 4.454368942434241], [-75.57657422156971, 4.454021604129603], [-75.57691718680721, 4.454021604129603], [-75.57691718680721, 4.45367426565877], [-75.57726015204467, 4.45367426565877], [-75.57726015204467, 4.45228491011369], [-75.57760311728218, 4.45228491011369], [-75.57760311728218, 4.450895551910438], [-75.57726015204467, 4.450895551910438], [-75.57726015204467, 4.449506191049844], [-75.57691718680721, 4.449506191049844], [-75.57691718680721, 4.4470748031520415], [-75.57657422156971, 4.4470748031520415], [-75.57657422156971, 4.444296064169672], [-75.57554532585729, 4.444296064169672], [-75.57554532585729, 4.4436013777654235], [-75.57588829109477, 4.4436013777654235], [-75.57588829109477, 4.443254034314572], [-75.57623125633225, 4.443254034314572], [-75.57623125633225, 4.442906690697921], [-75.57657422156971, 4.442906690697921], [-75.57657422156971, 4.43734917029298], [-75.57691718680721, 4.43734917029298], [-75.57691718680721, 4.436654477260789], [-75.57726015204467, 4.436654477260789], [-75.57726015204467, 4.434917741783296], [-75.57760311728218, 4.434917741783296], [-75.57760311728218, 4.433181002168477], [-75.57794608251965, 4.433181002168477], [-75.57794608251965, 4.432833653749179], [-75.57828904775714, 4.432833653749179], [-75.57828904775714, 4.432486305164461], [-75.57897497823211, 4.432486305164461], [-75.57897497823211, 4.4321389564143425], [-75.57931794346958, 4.4321389564143425], [-75.57931794346958, 4.431791607498837], [-75.57966090870707, 4.431791607498837], [-75.57966090870707, 4.431444258417944], [-75.58000387394453, 4.431444258417944], [-75.58000387394453, 4.430749559760096], [-75.58103276965696, 4.430749559760096], [-75.58103276965696, 4.430054860440887], [-75.58137573489446, 4.430054860440887], [-75.58137573489446, 4.429707510533307], [-75.58206166536942, 4.429707510533307], [-75.58206166536942, 4.42936016046043], [-75.58240463060689, 4.42936016046043], [-75.58240463060689, 4.428665459818822], [-75.58274759584435, 4.428665459818822], [-75.58274759584435, 4.427623407616981], [-75.58309056108185, 4.427623407616981], [-75.58309056108185, 4.424149889539976], [-75.58171870013193, 4.424149889539976], [-75.58171870013193, 4.423802536824046], [-75.58137573489446, 4.423802536824046], [-75.58137573489446, 4.423455183943033], [-75.58068980441949, 4.423455183943033], [-75.58068980441949, 4.4231078308969485], [-75.580346839182, 4.4231078308969485], [-75.580346839182, 4.420676354953531], [-75.58000387394453, 4.420676354953531], [-75.58000387394453, 4.419981646056245], [-75.57966090870707, 4.419981646056245], [-75.57966090870707, 4.418939581473291], [-75.57931794346958, 4.418939581473291], [-75.57931794346958, 4.418244870926792], [-75.57897497823211, 4.418244870926792], [-75.57897497823211, 4.4178975154062226], [-75.5786320129946, 4.4178975154062226], [-75.5786320129946, 4.4161607353306875], [-75.57897497823211, 4.4161607353306875], [-75.57897497823211, 4.4151186653076815], [-75.57931794346958, 4.4151186653076815], [-75.57931794346958, 4.414423951135189], [-75.57966090870707, 4.414423951135189], [-75.57966090870707, 4.414076593801831], [-75.58000387394453, 4.414076593801831], [-75.58000387394453, 4.411992446343001], [-75.57931794346958, 4.411992446343001], [-75.57931794346958, 4.4095609334832355], [-75.5786320129946, 4.4095609334832355], [-75.5786320129946, 4.406087329697536], [-75.57897497823211, 4.406087329697536], [-75.57897497823211, 4.4050452453549385], [-75.57931794346958, 4.4050452453549385], [-75.57931794346958, 4.402266346542578], [-75.57966090870707, 4.402266346542578], [-75.57966090870707, 4.401571620196383], [-75.580346839182, 4.401571620196383], [-75.580346839182, 4.400529529445186], [-75.58068980441949, 4.400529529445186], [-75.58068980441949, 4.398445343509194], [-75.58103276965696, 4.398445343509194], [-75.58103276965696, 4.398097978611952], [-75.58137573489446, 4.398097978611952], [-75.58137573489446, 4.396708517381818], [-75.58171870013193, 4.396708517381818], [-75.58171870013193, 4.396013785782223], [-75.58206166536942, 4.396013785782223], [-75.58206166536942, 4.394971687152469], [-75.58240463060689, 4.394971687152469], [-75.58240463060689, 4.3901085407015055], [-75.58274759584435, 4.3901085407015055], [-75.58274759584435, 4.389066433711602], [-75.58240463060689, 4.389066433711602], [-75.58240463060689, 4.386287474532457], [-75.58274759584435, 4.386287474532457], [-75.58274759584435, 4.385940103898311], [-75.58309056108185, 4.385940103898311], [-75.58309056108185, 4.385592733100482], [-75.58343352631931, 4.385592733100482], [-75.58343352631931, 4.385245362138987], [-75.58446242203179, 4.385245362138987], [-75.58446242203179, 4.384897991013838], [-75.58480538726924, 4.384897991013838], [-75.58480538726924, 4.38455061972505], [-75.58514835250675, 4.38455061972505], [-75.58514835250675, 4.383855876656594], [-75.58549131774421, 4.383855876656594], [-75.58549131774421, 4.383508504876957], [-75.58583428298171, 4.383508504876957], [-75.58583428298171, 4.382813760826922], [-75.58617724821919, 4.382813760826922], [-75.58617724821919, 4.382119016122633], [-75.58652021345667, 4.382119016122633], [-75.58652021345667, 4.381424270764187], [-75.58686317869414, 4.381424270764187], [-75.58686317869414, 4.381076897839687], [-75.5872061439316, 4.381076897839687], [-75.5872061439316, 4.380729524751684], [-75.5875491091691, 4.380729524751684], [-75.5875491091691, 4.380034778085239], [-75.58823503964406, 4.380034778085239], [-75.58823503964406, 4.379340030764947], [-75.58892097011902, 4.379340030764947], [-75.58892097011902, 4.378297908558767], [-75.5892639353565, 4.378297908558767], [-75.5892639353565, 4.377950534163231], [-75.58960690059395, 4.377950534163231], [-75.58960690059395, 4.377255784882015], [-75.58994986583146, 4.377255784882015], [-75.58994986583146, 4.376561034947367], [-75.58960690059395, 4.376561034947367], [-75.58960690059395, 4.376213659735037], [-75.5892639353565, 4.376213659735037], [-75.5892639353565, 4.3758662843593825], [-75.58892097011902, 4.3758662843593825], [-75.58892097011902, 4.375171533118176], [-75.58857800488154, 4.375171533118176], [-75.58857800488154, 4.3748241572526405], [-75.58823503964406, 4.3748241572526405], [-75.58823503964406, 4.373782028676475], [-75.58789207440657, 4.373782028676475], [-75.58789207440657, 4.372392521623098], [-75.5875491091691, 4.372392521623098], [-75.5875491091691, 4.371697767117283], [-75.58789207440657, 4.371697767117283], [-75.58789207440657, 4.371350389619643], [-75.58823503964406, 4.371350389619643], [-75.58823503964406, 4.371003011958859], [-75.58857800488154, 4.371003011958859], [-75.58857800488154, 4.369960877997802], [-75.58892097011902, 4.369960877997802], [-75.58892097011902, 4.369613499684586], [-75.5892639353565, 4.369613499684586], [-75.5892639353565, 4.368918742568945], [-75.58892097011902, 4.368918742568945], [-75.58892097011902, 4.368223984801099], [-75.5892639353565, 4.368223984801099], [-75.5892639353565, 4.36648708752879], [-75.58960690059395, 4.36648708752879], [-75.58960690059395, 4.365792327479057], [-75.58994986583146, 4.365792327479057], [-75.58994986583146, 4.3650975667775835], [-75.59029283106892, 4.3650975667775835], [-75.59029283106892, 4.3640554245035945], [-75.59063579630643, 4.3640554245035945], [-75.59063579630643, 4.363708043419842], [-75.5909787615439, 4.363708043419842], [-75.5909787615439, 4.363013280763777], [-75.59166469201887, 4.363013280763777], [-75.59166469201887, 4.362665899191489], [-75.5926935877313, 4.362665899191489], [-75.5926935877313, 4.361971135558473], [-75.59303655296878, 4.361971135558473], [-75.59303655296878, 4.359886840752808], [-75.59337951820625, 4.359886840752808], [-75.59337951820625, 4.3591920745157235], [-75.59303655296878, 4.3591920745157235], [-75.59303655296878, 4.3584973076278795], [-75.59337951820625, 4.3584973076278795], [-75.59337951820625, 4.358149923939952], [-75.59372248344374, 4.358149923939952], [-75.59372248344374, 4.35363392120033], [-75.59406544868122, 4.35363392120033], [-75.59406544868122, 4.351549602980268], [-75.59372248344374, 4.351549602980268], [-75.59372248344374, 4.351202216041756], [-75.59337951820625, 4.351202216041756], [-75.59337951820625, 4.350854828940854], [-75.59303655296878, 4.350854828940854], [-75.59303655296878, 4.3505074416775695], [-75.59200765725635, 4.3505074416775695], [-75.59200765725635, 4.349812666663905], [-75.59166469201887, 4.349812666663905], [-75.59166469201887, 4.348075726288975], [-75.59200765725635, 4.348075726288975], [-75.59200765725635, 4.347728337727102], [-75.5926935877313, 4.347728337727102], [-75.5926935877313, 4.3470335601165715], [-75.59337951820625, 4.3470335601165715], [-75.59337951820625, 4.346686171067943], [-75.59372248344374, 4.346686171067943], [-75.59372248344374, 4.346338781857086], [-75.59406544868122, 4.346338781857086], [-75.59406544868122, 4.345991392484012], [-75.5944084139187, 4.345991392484012], [-75.5944084139187, 4.34460183336984], [-75.59475137915618, 4.34460183336984], [-75.59475137915618, 4.342170098677763], [-75.59509434439366, 4.342170098677763], [-75.59509434439366, 4.3414753158784425], [-75.59543730963114, 4.3414753158784425], [-75.59543730963114, 4.341127924235724], [-75.5961232401061, 4.341127924235724], [-75.5961232401061, 4.340085748335489], [-75.59646620534356, 4.340085748335489], [-75.59646620534356, 4.33973835604476], [-75.59680917058105, 4.33973835604476], [-75.59680917058105, 4.33452745225469], [-75.59715213581853, 4.33452745225469], [-75.59715213581853, 4.3338326623315275], [-75.59749510105603, 4.3338326623315275], [-75.59749510105603, 4.332790476233682], [-75.59783806629349, 4.332790476233682], [-75.59783806629349, 4.331053496169863], [-75.59749510105603, 4.331053496169863], [-75.59749510105603, 4.330358703012707], [-75.59715213581853, 4.330358703012707], [-75.59715213581853, 4.32966390920906], [-75.59680917058105, 4.32966390920906], [-75.59680917058105, 4.328621717291649], [-75.59646620534356, 4.328621717291649], [-75.59646620534356, 4.325842531737604], [-75.59578027486862, 4.325842531737604], [-75.59578027486862, 4.325147733734283], [-75.59509434439366, 4.325147733734283], [-75.59509434439366, 4.324800334490472], [-75.59475137915618, 4.324800334490472], [-75.59475137915618, 4.323758135790593], [-75.59509434439366, 4.323758135790593], [-75.59509434439366, 4.322715935638308], [-75.59543730963114, 4.322715935638308], [-75.59543730963114, 4.3223685352648475], [-75.59578027486862, 4.3223685352648475], [-75.59578027486862, 4.318199718203565], [-75.5944084139187, 4.318199718203565], [-75.5944084139187, 4.317504913103006], [-75.59475137915618, 4.317504913103006], [-75.59475137915618, 4.317157510310998], [-75.59509434439366, 4.317157510310998], [-75.59509434439366, 4.316810107357861], [-75.59543730963114, 4.316810107357861], [-75.59543730963114, 4.316462704243601], [-75.59578027486862, 4.316462704243601], [-75.59578027486862, 4.3161153009682325], [-75.5961232401061, 4.3161153009682325], [-75.5961232401061, 4.31576789753177], [-75.59646620534356, 4.31576789753177], [-75.59646620534356, 4.315073090175612], [-75.59680917058105, 4.315073090175612], [-75.59680917058105, 4.314378282175227], [-75.59715213581853, 4.314378282175227], [-75.59715213581853, 4.314030877933479], [-75.59749510105603, 4.314030877933479], [-75.59749510105603, 4.313683473530716], [-75.59783806629349, 4.313683473530716], [-75.59783806629349, 4.309514608142848], [-75.59749510105603, 4.309514608142848], [-75.59749510105603, 4.308124981198575], [-75.59783806629349, 4.308124981198575], [-75.59783806629349, 4.307082759301933], [-75.59818103153098, 4.307082759301933], [-75.59818103153098, 4.306735351681515], [-75.59852399676846, 4.306735351681515], [-75.59852399676846, 4.304998311168461], [-75.59783806629349, 4.304998311168461], [-75.59783806629349, 4.303956084932331], [-75.59955289248089, 4.303956084932331], [-75.59955289248089, 4.303261266638328], [-75.59989585771838, 4.303261266638328], [-75.59989585771838, 4.3029138572503935], [-75.60023882295584, 4.3029138572503935], [-75.60023882295584, 4.301871628122999], [-75.60092475343082, 4.301871628122999], [-75.60092475343082, 4.3011768079018795], [-75.6012677186683, 4.3011768079018795], [-75.6012677186683, 4.300481987038591], [-75.60161068390578, 4.300481987038591], [-75.60161068390578, 4.299787165533239], [-75.60195364914324, 4.299787165533239], [-75.60195364914324, 4.299092343385922], [-75.60229661438073, 4.299092343385922], [-75.60229661438073, 4.297355285209733], [-75.60298254485569, 4.297355285209733], [-75.60298254485569, 4.297007873093242], [-75.60332551009317, 4.297007873093242], [-75.60332551009317, 4.2949233970266105], [-75.60366847533066, 4.2949233970266105], [-75.60366847533066, 4.289364765975202], [-75.60435440580564, 4.289364765975202], [-75.60435440580564, 4.288322518088499], [-75.60366847533066, 4.288322518088499], [-75.60366847533066, 4.287975101806115], [-75.60332551009317, 4.287975101806115], [-75.60332551009317, 4.287627685363681], [-75.60298254485569, 4.287627685363681], [-75.60298254485569, 4.287280268761203], [-75.6026395796182, 4.287280268761203], [-75.6026395796182, 4.286932851998699], [-75.60195364914324, 4.286932851998699], [-75.60195364914324, 4.286585435076179], [-75.60161068390578, 4.286585435076179], [-75.60161068390578, 4.2862380179936626], [-75.60092475343082, 4.2862380179936626], [-75.60092475343082, 4.285890600751154], [-75.59989585771838, 4.285890600751154], [-75.59989585771838, 4.2851957657862245], [-75.59920992724342, 4.2851957657862245], [-75.59920992724342, 4.2841535121392385], [-75.59886696200594, 4.2841535121392385], [-75.59886696200594, 4.283806093937069], [-75.59783806629349, 4.283806093937069], [-75.59783806629349, 4.283458675575002], [-75.59749510105603, 4.283458675575002], [-75.59749510105603, 4.283111257053047], [-75.59646620534356, 4.283111257053047], [-75.59646620534356, 4.281374162045448], [-75.59680917058105, 4.281374162045448], [-75.59680917058105, 4.279984483162736], [-75.59715213581853, 4.279984483162736], [-75.59715213581853, 4.279637063042638], [-75.59749510105603, 4.279637063042638], [-75.59749510105603, 4.279289642762787], [-75.59783806629349, 4.279289642762787], [-75.59783806629349, 4.27894222232321], [-75.59818103153098, 4.27894222232321], [-75.59818103153098, 4.278594801723917], [-75.59852399676846, 4.278594801723917], [-75.59852399676846, 4.278247380964914], [-75.59886696200594, 4.278247380964914], [-75.59886696200594, 4.277899960046218], [-75.59920992724342, 4.277899960046218], [-75.59920992724342, 4.27616285305781], [-75.59955289248089, 4.27616285305781], [-75.59955289248089, 4.275815431181233], [-75.59989585771838, 4.275815431181233], [-75.59989585771838, 4.275468009145051], [-75.60058178819334, 4.275468009145051], [-75.60058178819334, 4.275120586949275], [-75.60161068390578, 4.275120586949275], [-75.60161068390578, 4.2747731645939275], [-75.60229661438073, 4.2747731645939275], [-75.60229661438073, 4.275468009145051], [-75.60332551009317, 4.275468009145051], [-75.60332551009317, 4.275815431181233], [-75.60401144056813, 4.275815431181233], [-75.60401144056813, 4.275468009145051], [-75.6046973710431, 4.275468009145051], [-75.6046973710431, 4.2747731645939275], [-75.6050403362806, 4.2747731645939275], [-75.6050403362806, 4.274425742079014], [-75.60538330151806, 4.274425742079014], [-75.60538330151806, 4.27373089657055], [-75.60572626675552, 4.27373089657055], [-75.60572626675552, 4.273383473577022], [-75.60606923199302, 4.273383473577022], [-75.60606923199302, 4.273036050423981], [-75.60641219723048, 4.273036050423981], [-75.60641219723048, 4.272688627111443], [-75.60812702341788, 4.272688627111443], [-75.60812702341788, 4.272341203639416], [-75.60915591913036, 4.272341203639416], [-75.60915591913036, 4.272688627111443], [-75.61155667579271, 4.272688627111443], [-75.61155667579271, 4.272341203639416], [-75.61292853674263, 4.272341203639416], [-75.61292853674263, 4.271993780007917], [-75.61498632816748, 4.271993780007917], [-75.61498632816748, 4.272341203639416], [-75.61601522387994, 4.272341203639416], [-75.61601522387994, 4.272688627111443], [-75.61704411959239, 4.272688627111443], [-75.61704411959239, 4.272341203639416], [-75.61738708482987, 4.272341203639416], [-75.61738708482987, 4.271646356216953], [-75.61773005006735, 4.271646356216953], [-75.61773005006735, 4.271298932266546], [-75.6180730153048, 4.271298932266546], [-75.6180730153048, 4.2709515081567035], [-75.61841598054231, 4.2709515081567035], [-75.61841598054231, 4.270604083887436], [-75.61875894577979, 4.270604083887436], [-75.61875894577979, 4.270256659458758], [-75.61910191101727, 4.270256659458758], [-75.61910191101727, 4.269909234870685], [-75.61978784149223, 4.269909234870685], [-75.61978784149223, 4.269561810123228], [-75.6201308067297, 4.269561810123228], [-75.6201308067297, 4.269214385216399], [-75.62047377196716, 4.269214385216399], [-75.62047377196716, 4.268519534924685], [-75.62081673720466, 4.268519534924685], [-75.62081673720466, 4.26712983242936], [-75.62115970244214, 4.26712983242936], [-75.62115970244214, 4.266434980225965], [-75.62150266767962, 4.266434980225965], [-75.62150266767962, 4.264697846930734], [-75.6218456329171, 4.264697846930734], [-75.6218456329171, 4.264350419794062], [-75.62218859815458, 4.264350419794062], [-75.62218859815458, 4.2636555650432], [-75.62253156339206, 4.2636555650432], [-75.62253156339206, 4.2633081374290365], [-75.62287452862952, 4.2633081374290365], [-75.62287452862952, 4.262613281723304], [-75.62321749386703, 4.262613281723304], [-75.62321749386703, 4.26191842538111], [-75.62287452862952, 4.26191842538111], [-75.62287452862952, 4.2601812817418265], [-75.62321749386703, 4.2601812817418265], [-75.62321749386703, 4.259833852536846], [-75.62390342434199, 4.259833852536846], [-75.62390342434199, 4.25913899364987], [-75.62424638957947, 4.25913899364987], [-75.62424638957947, 4.258444134126953], [-75.62458935481695, 4.258444134126953], [-75.62458935481695, 4.257054413173716], [-75.62561825052939, 4.257054413173716], [-75.62561825052939, 4.256706982538103], [-75.62664714624184, 4.256706982538103], [-75.62664714624184, 4.256359551743596], [-75.62733307671677, 4.256359551743596], [-75.62733307671677, 4.256012120790207], [-75.62836197242922, 4.256012120790207], [-75.62836197242922, 4.25566468967795], [-75.63041976385412, 4.25566468967795], [-75.63041976385412, 4.256012120790207], [-75.63179162480401, 4.256012120790207], [-75.63179162480401, 4.256359551743596], [-75.63316348575394, 4.256359551743596], [-75.63316348575394, 4.256706982538103], [-75.6335064509914, 4.256706982538103], [-75.6335064509914, 4.257054413173716], [-75.6338494162289, 4.257054413173716], [-75.6338494162289, 4.257401843650416], [-75.63419238146636, 4.257401843650416], [-75.63419238146636, 4.257054413173716], [-75.63453534670388, 4.257054413173716], [-75.63453534670388, 4.256706982538103], [-75.6355642424163, 4.256706982538103], [-75.6355642424163, 4.256359551743596], [-75.63590720765376, 4.256359551743596], [-75.63590720765376, 4.25427496364049], [-75.63625017289127, 4.25427496364049], [-75.63625017289127, 4.251842936961447], [-75.63727906860369, 4.251842936961447], [-75.63727906860369, 4.251148070767381], [-75.6376220338412, 4.251148070767381], [-75.6376220338412, 4.250800637432309], [-75.63796499907865, 4.250800637432309], [-75.63796499907865, 4.250453203938559], [-75.63830796431616, 4.250453203938559], [-75.63830796431616, 4.250105770286147], [-75.63933686002859, 4.250105770286147], [-75.63933686002859, 4.249758336475089], [-75.640365755741, 4.249758336475089], [-75.640365755741, 4.249410902505388], [-75.64070872097851, 4.249410902505388], [-75.64070872097851, 4.248716034090126], [-75.64105168621597, 4.248716034090126], [-75.64105168621597, 4.248368599644591], [-75.64139465145347, 4.248368599644591], [-75.64139465145347, 4.248021165040473], [-75.64173761669095, 4.248021165040473], [-75.64173761669095, 4.2476737302777785], [-75.6424235471659, 4.2476737302777785], [-75.6424235471659, 4.247326295356528], [-75.64276651240336, 4.247326295356528], [-75.64276651240336, 4.246631425038391], [-75.64345244287833, 4.246631425038391], [-75.64345244287833, 4.245936554086171], [-75.64379540811584, 4.245936554086171], [-75.64379540811584, 4.244546810279878], [-75.64345244287833, 4.244546810279878], [-75.64345244287833, 4.24419937393216], [-75.64379540811584, 4.24419937393216], [-75.64379540811584, 4.239682686999278], [-75.64413837335331, 4.239682686999278], [-75.64413837335331, 4.23864037083078], [-75.6444813385908, 4.23864037083078], [-75.6444813385908, 4.2375980532382584], [-75.64482430382827, 4.2375980532382584], [-75.64482430382827, 4.237250613724358], [-75.64516726906575, 4.237250613724358], [-75.64516726906575, 4.235513413782507], [-75.64551023430323, 4.235513413782507], [-75.64551023430323, 4.235165973319754], [-75.6458531995407, 4.235165973319754], [-75.6458531995407, 4.233776209887915], [-75.64619616477819, 4.233776209887915], [-75.64619616477819, 4.233081327223672], [-75.64653913001567, 4.233081327223672], [-75.64653913001567, 4.230996675438875], [-75.64688209525315, 4.230996675438875], [-75.64688209525315, 4.23064923292187], [-75.64653913001567, 4.23064923292187], [-75.64653913001567, 4.22891201796816], [-75.64619616477819, 4.22891201796816], [-75.64619616477819, 4.228217130881526], [-75.64653913001567, 4.228217130881526], [-75.64653913001567, 4.227522243163537], [-75.64619616477819, 4.227522243163537], [-75.64619616477819, 4.226827354814294], [-75.64653913001567, 4.226827354814294], [-75.64653913001567, 4.226479910402985], [-75.64859692144054, 4.226479910402985], [-75.64859692144054, 4.226132465833903], [-75.6492828519155, 4.226132465833903], [-75.6492828519155, 4.225785021107053], [-75.64996878239047, 4.225785021107053], [-75.64996878239047, 4.225437576222457], [-75.65099767810291, 4.225437576222457], [-75.65099767810291, 4.225785021107053], [-75.65271250429029, 4.225785021107053], [-75.65271250429029, 4.224395240622299], [-75.65305546952779, 4.224395240622299], [-75.65305546952779, 4.224047795106838], [-75.65339843476526, 4.224047795106838], [-75.65339843476526, 4.223700349433688], [-75.65545622619014, 4.223700349433688], [-75.65545622619014, 4.224047795106838], [-75.65579919142762, 4.224047795106838], [-75.65579919142762, 4.223700349433688], [-75.65682808714007, 4.223700349433688], [-75.65682808714007, 4.2233529036028665], [-75.65785698285251, 4.2233529036028665], [-75.65785698285251, 4.2223105651644985], [-75.65888587856493, 4.2223105651644985], [-75.65888587856493, 4.221268225307544], [-75.65922884380242, 4.221268225307544], [-75.65922884380242, 4.220573331281646], [-75.6595718090399, 4.220573331281646], [-75.6595718090399, 4.220225884032357], [-75.65991477427741, 4.220225884032357], [-75.65991477427741, 4.217098851700834], [-75.66025773951486, 4.217098851700834], [-75.66025773951486, 4.216403953895131], [-75.65991477427741, 4.216403953895131], [-75.65991477427741, 4.216751402876687], [-75.65888587856493, 4.216751402876687], [-75.65888587856493, 4.216056504756168], [-75.65854291332747, 4.216056504756168], [-75.65854291332747, 4.215709055459818], [-75.65819994809, 4.215709055459818], [-75.65819994809, 4.215361606006092], [-75.65751401761504, 4.215361606006092], [-75.65751401761504, 4.215014156395001], [-75.65717105237755, 4.215014156395001], [-75.65717105237755, 4.215361606006092], [-75.65682808714007, 4.215361606006092], [-75.65682808714007, 4.215014156395001], [-75.65511326095265, 4.215014156395001], [-75.65511326095265, 4.213624356377272], [-75.65374140000274, 4.213624356377272], [-75.65374140000274, 4.2118871028159885], [-75.65408436524022, 4.2118871028159885], [-75.65408436524022, 4.210844748792299], [-75.65374140000274, 4.210844748792299], [-75.65374140000274, 4.210149845323842], [-75.65339843476526, 4.210149845323842], [-75.65339843476526, 4.209454941226706], [-75.65271250429029, 4.209454941226706], [-75.65271250429029, 4.2080651311468005], [-75.65374140000274, 4.2080651311468005], [-75.65374140000274, 4.20771767823406], [-75.65408436524022, 4.20771767823406], [-75.65408436524022, 4.207370225164241], [-75.65511326095265, 4.207370225164241], [-75.65511326095265, 4.207022771937354], [-75.65579919142762, 4.207022771937354], [-75.65579919142762, 4.206675318553411], [-75.65614215666511, 4.206675318553411], [-75.65614215666511, 4.200768587009602], [-75.65648512190258, 4.200768587009602], [-75.65648512190258, 4.200073674435362], [-75.65682808714007, 4.200073674435362], [-75.65682808714007, 4.199726217913045], [-75.65922884380242, 4.199726217913045], [-75.65922884380242, 4.199378761233939], [-75.6595718090399, 4.199378761233939], [-75.6595718090399, 4.199031304398065], [-75.66162960046479, 4.199031304398065], [-75.66162960046479, 4.198683847405432], [-75.66231553093975, 4.198683847405432], [-75.66231553093975, 4.198336390256056], [-75.66265849617722, 4.198336390256056], [-75.66265849617722, 4.197988932949945], [-75.66300146141472, 4.197988932949945], [-75.66300146141472, 4.197641475487113], [-75.66334442665217, 4.197641475487113], [-75.66334442665217, 4.197294017867577], [-75.66368739188968, 4.197294017867577], [-75.66368739188968, 4.196946560091345], [-75.66403035712715, 4.196946560091345], [-75.66403035712715, 4.1965991021584355], [-75.66471628760212, 4.1965991021584355], [-75.66471628760212, 4.1959041858226245], [-75.66540221807708, 4.1959041858226245], [-75.66540221807708, 4.195209268860241], [-75.66574518331453, 4.195209268860241], [-75.66574518331453, 4.194861810144123], [-75.66608814855203, 4.194861810144123], [-75.66608814855203, 4.1941668922420785], [-75.6664311137895, 4.1941668922420785], [-75.6664311137895, 4.193124514214719], [-75.666774079027, 4.193124514214719], [-75.666774079027, 4.191734674653414], [-75.66711704426447, 4.191734674653414], [-75.66711704426447, 4.191387214371836], [-75.66746000950192, 4.191387214371836], [-75.66746000950192, 4.1886075264872025], [-75.66780297473943, 4.1886075264872025], [-75.66780297473943, 4.188260064797818], [-75.66814593997688, 4.188260064797818], [-75.66814593997688, 4.187217678791551], [-75.66848890521439, 4.187217678791551], [-75.66848890521439, 4.186870216476808], [-75.66883187045185, 4.186870216476808], [-75.66883187045185, 4.185827828594781], [-75.66917483568936, 4.185827828594781], [-75.66917483568936, 4.185132902558727], [-75.66986076616432, 4.185132902558727], [-75.66986076616432, 4.18478543930633], [-75.67054669663928, 4.18478543930633], [-75.67054669663928, 4.184437975897703], [-75.67123262711422, 4.184437975897703], [-75.67123262711422, 4.184090512332857], [-75.67157559235172, 4.184090512332857], [-75.67157559235172, 4.18374304861181], [-75.67226152282667, 4.18374304861181], [-75.67226152282667, 4.18339558473457], [-75.67294745330163, 4.18339558473457], [-75.67294745330163, 4.183048120701152], [-75.67363338377658, 4.183048120701152], [-75.67363338377658, 4.182353192165828], [-75.67431931425155, 4.182353192165828], [-75.67431931425155, 4.18200572766395], [-75.67466227948903, 4.18200572766395], [-75.67466227948903, 4.181658263005948], [-75.67534820996399, 4.181658263005948], [-75.67534820996399, 4.180963333221606], [-75.67569117520146, 4.180963333221606], [-75.67569117520146, 4.180615868095302], [-75.67603414043896, 4.180615868095302], [-75.67603414043896, 4.1802684028129145], [-75.67672007091392, 4.1802684028129145], [-75.67672007091392, 4.179920937374467], [-75.6770630361514, 4.179920937374467], [-75.6770630361514, 4.179573471779969], [-75.67774896662635, 4.179573471779969], [-75.67774896662635, 4.178878540122877], [-75.67809193186382, 4.178878540122877], [-75.67809193186382, 4.178183607841744], [-75.67843489710131, 4.178183607841744], [-75.67843489710131, 4.1774886749366615], [-75.67877786233879, 4.1774886749366615], [-75.67877786233879, 4.176793741407744], [-75.67912082757627, 4.176793741407744], [-75.67912082757627, 4.17644627440938], [-75.67946379281375, 4.17644627440938], [-75.67946379281375, 4.175056404856831], [-75.67980675805121, 4.175056404856831], [-75.67980675805121, 4.174708937078985], [-75.68014972328871, 4.174708937078985], [-75.68014972328871, 4.1740140010557445], [-75.68049268852617, 4.1740140010557445], [-75.68049268852617, 4.173666532810367], [-75.68117861900114, 4.173666532810367], [-75.68117861900114, 4.173319064409173], [-75.6818645494761, 4.173319064409173], [-75.6818645494761, 4.172971595852172], [-75.6822075147136, 4.172971595852172], [-75.6822075147136, 4.172624127139383], [-75.68255047995108, 4.172624127139383], [-75.68255047995108, 4.172276658270815], [-75.68323641042603, 4.172276658270815], [-75.68323641042603, 4.171929189246479], [-75.6835793756635, 4.171929189246479], [-75.6835793756635, 4.171581720066389], [-75.68392234090099, 4.171581720066389], [-75.68392234090099, 4.170886781238997], [-75.68426530613846, 4.170886781238997], [-75.68426530613846, 4.170191841788746], [-75.68495123661343, 4.170191841788746], [-75.68495123661343, 4.169844371830077], [-75.68529420185094, 4.169844371830077], [-75.68529420185094, 4.169496901715739], [-75.68632309756335, 4.169496901715739], [-75.68632309756335, 4.169149431445734], [-75.68735199327578, 4.169149431445734], [-75.68735199327578, 4.168801961020075], [-75.68769495851328, 4.168801961020075], [-75.68769495851328, 4.168454490438782], [-75.68803792375074, 4.168454490438782], [-75.68803792375074, 4.168107019701859], [-75.6883808889882, 4.168107019701859], [-75.6883808889882, 4.167759548809328], [-75.6887238542257, 4.167759548809328], [-75.6887238542257, 4.167064606557483], [-75.6890668194632, 4.167064606557483], [-75.6890668194632, 4.165674720187007], [-75.68940978470067, 4.165674720187007], [-75.68940978470067, 4.164979776068589], [-75.68975274993814, 4.164979776068589], [-75.68975274993814, 4.164284831328183], [-75.69009571517564, 4.164284831328183], [-75.69009571517564, 4.163937358724768], [-75.6904386804131, 4.163937358724768], [-75.6904386804131, 4.163589885965896], [-75.6907816456506, 4.163589885965896], [-75.6907816456506, 4.16289493998183], [-75.69112461088807, 4.16289493998183], [-75.69112461088807, 4.161852519840124], [-75.69181054136303, 4.161852519840124], [-75.69181054136303, 4.161505046148779], [-75.69215350660049, 4.161505046148779], [-75.69215350660049, 4.161157572302062], [-75.69249647183801, 4.161157572302062], [-75.69249647183801, 4.160810098299995], [-75.69283943707545, 4.160810098299995], [-75.69283943707545, 4.160115149829845], [-75.69215350660049, 4.160115149829845], [-75.69215350660049, 4.159420200738429], [-75.69181054136303, 4.159420200738429], [-75.69181054136303, 4.157335349737639], [-75.69146757612556, 4.157335349737639], [-75.69146757612556, 4.156292922141698], [-75.69112461088807, 4.156292922141698], [-75.69112461088807, 4.155597969635178], [-75.6904386804131, 4.155597969635178], [-75.6904386804131, 4.155250493149186], [-75.69009571517564, 4.155250493149186], [-75.69009571517564, 4.1549030165080625], [-75.6907816456506, 4.1549030165080625], [-75.6907816456506, 4.1545555397118115], [-75.69112461088807, 4.1545555397118115], [-75.69112461088807, 4.154208062760454], [-75.69146757612556, 4.154208062760454], [-75.69146757612556, 4.153860585653999], [-75.69181054136303, 4.153860585653999], [-75.69181054136303, 4.1535131083924615], [-75.69215350660049, 4.1535131083924615], [-75.69215350660049, 4.153165630975852], [-75.69249647183801, 4.153165630975852], [-75.69249647183801, 4.1528181534041835], [-75.69283943707545, 4.1528181534041835], [-75.69283943707545, 4.152470675677468], [-75.69318240231296, 4.152470675677468], [-75.69318240231296, 4.152123197795722], [-75.69283943707545, 4.152123197795722], [-75.69283943707545, 4.151428241567182], [-75.69249647183801, 4.151428241567182], [-75.69249647183801, 4.151080763220415], [-75.69215350660049, 4.151080763220415], [-75.69215350660049, 4.15003832725028], [-75.69249647183801, 4.15003832725028], [-75.69249647183801, 4.149343369162119], [-75.69283943707545, 4.149343369162119], [-75.69283943707545, 4.148300930868039], [-75.69318240231296, 4.148300930868039], [-75.69318240231296, 4.1479534511269085], [-75.69352536755042, 4.1479534511269085], [-75.69352536755042, 4.146911010974368], [-75.69386833278791, 4.146911010974368], [-75.69386833278791, 4.1455210886034735], [-75.69352536755042, 4.1455210886034735], [-75.69352536755042, 4.144826126489325], [-75.69318240231296, 4.144826126489325], [-75.69318240231296, 4.143436200404137], [-75.69283943707545, 4.143436200404137], [-75.69283943707545, 4.143088718496064], [-75.69249647183801, 4.143088718496064], [-75.69249647183801, 4.142741236433306], [-75.69283943707545, 4.142741236433306], [-75.69283943707545, 4.140656340809101], [-75.69249647183801, 4.140656340809101], [-75.69249647183801, 4.137528986938516], [-75.69283943707545, 4.137528986938516], [-75.69283943707545, 4.137181502402552], [-75.69318240231296, 4.137181502402552], [-75.69318240231296, 4.136834017712123], [-75.69352536755042, 4.136834017712123], [-75.69352536755042, 4.136486532867241], [-75.69386833278791, 4.136486532867241], [-75.69386833278791, 4.1361390478679185], [-75.6942112980254, 4.1361390478679185], [-75.6942112980254, 4.135791562714165], [-75.69455426326284, 4.135791562714165], [-75.69455426326284, 4.135444077406003], [-75.6952401937378, 4.135444077406003], [-75.6952401937378, 4.13440162055515], [-75.69558315897532, 4.13440162055515], [-75.69558315897532, 4.133706648549418], [-75.6959261242128, 4.133706648549418], [-75.6959261242128, 4.133011675926332], [-75.69626908945028, 4.133011675926332], [-75.69626908945028, 4.1326641893833145], [-75.69661205468775, 4.1326641893833145], [-75.69661205468775, 4.1323167026859995], [-75.69729798516272, 4.1323167026859995], [-75.69729798516272, 4.131969215834398], [-75.69798391563768, 4.131969215834398], [-75.69798391563768, 4.1323167026859995], [-75.70347135943734, 4.1323167026859995], [-75.70347135943734, 4.130926754354016], [-75.70381432467484, 4.130926754354016], [-75.70381432467484, 4.130231779262568], [-75.70415728991232, 4.130231779262568], [-75.70415728991232, 4.129536803554286], [-75.7045002551498, 4.129536803554286], [-75.7045002551498, 4.128841827229277], [-75.70484322038727, 4.128841827229277], [-75.70484322038727, 4.128494338835529], [-75.70518618562474, 4.128494338835529], [-75.70518618562474, 4.127799361585614], [-75.70895880323702, 4.127799361585614], [-75.70895880323702, 4.127451872729475], [-75.71067362942445, 4.127451872729475], [-75.71067362942445, 4.127799361585614], [-75.71135955989938, 4.127799361585614], [-75.71135955989938, 4.127451872729475], [-75.71204549037434, 4.127451872729475], [-75.71204549037434, 4.127104383719228], [-75.71410328179923, 4.127104383719228], [-75.71410328179923, 4.127451872729475], [-75.71444624703669, 4.127451872729475], [-75.71444624703669, 4.127104383719228], [-75.7147892122742, 4.127104383719228], [-75.7147892122742, 4.126756894554893], [-75.71513217751166, 4.126756894554893], [-75.71513217751166, 4.126409405236477], [-75.71547514274917, 4.126409405236477], [-75.71547514274917, 4.1260619157639935], [-75.71581810798662, 4.1260619157639935], [-75.71581810798662, 4.1257144261374545], [-75.71616107322413, 4.1257144261374545], [-75.71616107322413, 4.125366936356879], [-75.7165040384616, 4.125366936356879], [-75.7165040384616, 4.125019446422271], [-75.71718996893655, 4.125019446422271], [-75.71718996893655, 4.124671956333649], [-75.71753293417402, 4.124671956333649], [-75.71753293417402, 4.1239769756944105], [-75.71787589941154, 4.1239769756944105], [-75.71787589941154, 4.122239521401959], [-75.71821886464897, 4.122239521401959], [-75.71821886464897, 4.121197046979438], [-75.71787589941154, 4.121197046979438], [-75.71787589941154, 4.119459586531279], [-75.71821886464897, 4.119459586531279], [-75.71821886464897, 4.117027135444234], [-75.71856182988648, 4.117027135444234], [-75.71856182988648, 4.113899687265183], [-75.71890479512395, 4.113899687265183], [-75.71890479512395, 4.113204697090989], [-75.71959072559892, 4.113204697090989], [-75.71959072559892, 4.11285720177352], [-75.71993369083637, 4.11285720177352], [-75.71993369083637, 4.112509706302484], [-75.72164851702381, 4.112509706302484], [-75.72164851702381, 4.1121622106779], [-75.72302037797373, 4.1121622106779], [-75.72302037797373, 4.111814714899777], [-75.7233633432112, 4.111814714899777], [-75.7233633432112, 4.1114672189681265], [-75.72404927368616, 4.1114672189681265], [-75.72404927368616, 4.1121622106779], [-75.72439223892363, 4.1121622106779], [-75.72439223892363, 4.112509706302484], [-75.72473520416112, 4.112509706302484], [-75.72473520416112, 4.11285720177352], [-75.72576409987356, 4.11285720177352], [-75.72576409987356, 4.113204697090989], [-75.72610706511101, 4.113204697090989], [-75.72610706511101, 4.11285720177352], [-75.72782189129843, 4.11285720177352], [-75.72782189129843, 4.113204697090989], [-75.7285078217734, 4.113204697090989], [-75.7285078217734, 4.113899687265183], [-75.72953671748584, 4.113899687265183], [-75.72953671748584, 4.1142471821218844], [-75.73125154367324, 4.1142471821218844], [-75.73125154367324, 4.114594676824968], [-75.73159450891072, 4.114594676824968], [-75.73159450891072, 4.114942171374424], [-75.7319374741482, 4.114942171374424], [-75.7319374741482, 4.114594676824968], [-75.73228043938568, 4.114594676824968], [-75.73228043938568, 4.1142471821218844], [-75.73330933509811, 4.1142471821218844], [-75.73330933509811, 4.113899687265183], [-75.73365230033559, 4.113899687265183], [-75.73365230033559, 4.11355219225488], [-75.73399526557307, 4.11355219225488], [-75.73399526557307, 4.11285720177352], [-75.73433823081055, 4.11285720177352], [-75.73433823081055, 4.1114672189681265], [-75.73468119604804, 4.1114672189681265], [-75.73468119604804, 4.110077233706531], [-75.73433823081055, 4.110077233706531], [-75.73433823081055, 4.109729737007445], [-75.73365230033559, 4.109729737007445], [-75.73365230033559, 4.109034743148944], [-75.73330933509811, 4.109034743148944], [-75.73330933509811, 4.107297255818025], [-75.73296636986062, 4.107297255818025], [-75.73296636986062, 4.105907263192766], [-75.73262340462315, 4.105907263192766], [-75.73262340462315, 4.105212265960245], [-75.73228043938568, 4.105212265960245], [-75.73228043938568, 4.103474770196756], [-75.73262340462315, 4.103474770196756], [-75.73262340462315, 4.1031272705843564], [-75.73296636986062, 4.1031272705843564], [-75.73296636986062, 4.102432270899963], [-75.73330933509811, 4.102432270899963], [-75.73330933509811, 4.102084770827989], [-75.73433823081055, 4.102084770827989], [-75.73433823081055, 4.101737270602851], [-75.73502416128551, 4.101737270602851], [-75.73502416128551, 4.101389770224568], [-75.73536712652302, 4.101389770224568], [-75.73536712652302, 4.1010422696931395], [-75.73571009176048, 4.1010422696931395], [-75.73571009176048, 4.1006947690085855], [-75.73605305699797, 4.1006947690085855], [-75.73605305699797, 4.100347268170922], [-75.73811084842283, 4.100347268170922], [-75.73811084842283, 4.099999767180151], [-75.73948270937275, 4.099999767180151], [-75.73948270937275, 4.099652266036301], [-75.73982567461022, 4.099652266036301], [-75.73982567461022, 4.09930476473937], [-75.74016863984772, 4.09930476473937], [-75.74016863984772, 4.098957263289377], [-75.74085457032268, 4.098957263289377], [-75.74085457032268, 4.098609761686339], [-75.74119753556015, 4.098609761686339], [-75.74119753556015, 4.098262259930262], [-75.74256939651009, 4.098262259930262], [-75.74256939651009, 4.098957263289377], [-75.74291236174754, 4.098957263289377], [-75.74291236174754, 4.09930476473937], [-75.74394125746001, 4.09930476473937], [-75.74394125746001, 4.099999767180151], [-75.74462718793497, 4.099999767180151], [-75.74462718793497, 4.099652266036301], [-75.74497015317245, 4.099652266036301], [-75.74497015317245, 4.098262259930262], [-75.74462718793497, 4.098262259930262], [-75.74462718793497, 4.096872251375851], [-75.7453131184099, 4.096872251375851], [-75.7453131184099, 4.096524748854791], [-75.7456560836474, 4.096524748854791], [-75.7456560836474, 4.09617724618077], [-75.74599904888485, 4.09617724618077], [-75.74599904888485, 4.095829743353803], [-75.74668497935983, 4.095829743353803], [-75.74668497935983, 4.0954822403739035], [-75.74702794459732, 4.0954822403739035], [-75.74702794459732, 4.09513473724108], [-75.7473709098348, 4.09513473724108], [-75.7473709098348, 4.094787233955353], [-75.7477138750723, 4.094787233955353], [-75.7477138750723, 4.094439730516731], [-75.74874277078473, 4.094439730516731], [-75.74874277078473, 4.094787233955353], [-75.74942870125969, 4.094787233955353], [-75.74942870125969, 4.094439730516731], [-75.75045759697213, 4.094439730516731], [-75.75045759697213, 4.093744723180854], [-75.7508005622096, 4.093744723180854], [-75.7508005622096, 4.0933972192836245], [-75.75114352744708, 4.0933972192836245], [-75.75114352744708, 4.092007202166416], [-75.7508005622096, 4.092007202166416], [-75.7508005622096, 4.091312192691012], [-75.75045759697213, 4.091312192691012], [-75.75045759697213, 4.089922171907117], [-75.75011463173465, 4.089922171907117], [-75.75011463173465, 4.088879654715657], [-75.74908573602218, 4.088879654715657], [-75.74908573602218, 4.088532148679801], [-75.74942870125969, 4.088532148679801], [-75.74942870125969, 4.08783713615012], [-75.74977166649715, 4.08783713615012], [-75.74977166649715, 4.0874896296563135], [-75.75011463173465, 4.0874896296563135], [-75.75011463173465, 4.087142123009891], [-75.75045759697213, 4.087142123009891], [-75.75045759697213, 4.08679461621085], [-75.75114352744708, 4.08679461621085], [-75.75114352744708, 4.084709572212511], [-75.7508005622096, 4.084709572212511], [-75.7508005622096, 4.080886977290215], [-75.75045759697213, 4.080886977290215], [-75.75045759697213, 4.080539467746387], [-75.75011463173465, 4.080539467746387], [-75.75011463173465, 4.08019195805019], [-75.75148649268453, 4.08019195805019], [-75.75148649268453, 4.079149428047529], [-75.75217242315952, 4.079149428047529], [-75.75217242315952, 4.077411874996978], [-75.752515388397, 4.077411874996978], [-75.752515388397, 4.077064363930066], [-75.75285835363448, 4.077064363930066], [-75.75285835363448, 4.076716852710916], [-75.75354428410944, 4.076716852710916], [-75.75354428410944, 4.076369341339543], [-75.75457317982189, 4.076369341339543], [-75.75457317982189, 4.076021829815956], [-75.75525911029685, 4.076021829815956], [-75.75525911029685, 4.0756743181401704], [-75.75834579743415, 4.0756743181401704], [-75.75834579743415, 4.075326806312203], [-75.75868876267164, 4.075326806312203], [-75.75868876267164, 4.0756743181401704], [-75.75903172790912, 4.0756743181401704], [-75.75903172790912, 4.076021829815956], [-75.75971765838408, 4.076021829815956], [-75.75971765838408, 4.076369341339543], [-75.76383324123383, 4.076369341339543], [-75.76383324123383, 4.076021829815956], [-75.76554806742125, 4.076021829815956], [-75.76554806742125, 4.0756743181401704], [-75.76589103265871, 4.0756743181401704], [-75.76589103265871, 4.075326806312203], [-75.76623399789618, 4.075326806312203], [-75.76623399789618, 4.0756743181401704], [-75.76829178932107, 4.0756743181401704], [-75.76829178932107, 4.076021829815956], [-75.76897771979604, 4.076021829815956], [-75.76897771979604, 4.076369341339543], [-75.76932068503353, 4.076369341339543], [-75.76932068503353, 4.076716852710916], [-75.77034958074597, 4.076716852710916], [-75.77034958074597, 4.076369341339543], [-75.77103551122093, 4.076369341339543], [-75.77103551122093, 4.076716852710916], [-75.77240737217085, 4.076716852710916], [-75.77240737217085, 4.076369341339543], [-75.77275033740833, 4.076369341339543], [-75.77275033740833, 4.076021829815956], [-75.77377923312078, 4.076021829815956], [-75.77377923312078, 4.075326806312203], [-75.77412219835826, 4.075326806312203], [-75.77412219835826, 4.07497929433206], [-75.7744651635957, 4.07497929433206], [-75.7744651635957, 4.0746317821997575], [-75.77480812883321, 4.0746317821997575], [-75.77480812883321, 4.07497929433206], [-75.77515109407068, 4.07497929433206], [-75.77515109407068, 4.075326806312203], [-75.77686592025806, 4.075326806312203], [-75.77686592025806, 4.0756743181401704], [-75.77720888549557, 4.0756743181401704], [-75.77720888549557, 4.076369341339543], [-75.77755185073305, 4.076369341339543], [-75.77755185073305, 4.080886977290215], [-75.77789481597053, 4.080886977290215], [-75.77789481597053, 4.081581995920731], [-75.77926667692043, 4.081581995920731], [-75.77926667692043, 4.081929505007387], [-75.77960964215792, 4.081929505007387], [-75.77960964215792, 4.082277013941623], [-75.78029557263288, 4.082277013941623], [-75.78029557263288, 4.082624522723433], [-75.78063853787037, 4.082624522723433], [-75.78063853787037, 4.082972031352795], [-75.78098150310785, 4.082972031352795], [-75.78098150310785, 4.083319539829702], [-75.78166743358281, 4.083319539829702], [-75.78166743358281, 4.08366704815414], [-75.78235336405777, 4.08366704815414], [-75.78235336405777, 4.084014556326098], [-75.78269632929525, 4.084014556326098], [-75.78269632929525, 4.084362064345558], [-75.78441115548264, 4.084362064345558], [-75.78441115548264, 4.084709572212511], [-75.78406819024516, 4.084709572212511], [-75.78406819024516, 4.085057079926946], [-75.78372522500767, 4.085057079926946], [-75.78372522500767, 4.0874896296563135], [-75.78406819024516, 4.0874896296563135], [-75.78406819024516, 4.08783713615012], [-75.78886970356989, 4.08783713615012], [-75.78886970356989, 4.088184642491284], [-75.78955563404485, 4.088184642491284], [-75.78955563404485, 4.088532148679801], [-75.79092749499478, 4.088532148679801], [-75.79092749499478, 4.088184642491284], [-75.79264232118216, 4.088184642491284], [-75.79264232118216, 4.089227160598834], [-75.79298528641964, 4.089227160598834], [-75.79298528641964, 4.089574666329326], [-75.79332825165714, 4.089574666329326], [-75.79332825165714, 4.089922171907117], [-75.79538604308199, 4.089922171907117], [-75.79538604308199, 4.090269677332195], [-75.7957290083195, 4.090269677332195], [-75.7957290083195, 4.090964687724153], [-75.79744383450688, 4.090964687724153], [-75.79744383450688, 4.0916596975051025], [-75.80361720878153, 4.0916596975051025], [-75.80361720878153, 4.092007202166416], [-75.80979058305617, 4.092007202166416], [-75.80979058305617, 4.094092226925228], [-75.81013354829365, 4.094092226925228], [-75.81013354829365, 4.094439730516731], [-75.81081947876861, 4.094439730516731], [-75.81081947876861, 4.094787233955353], [-75.81116244400609, 4.094787233955353], [-75.81116244400609, 4.0954822403739035], [-75.812534304956, 4.0954822403739035], [-75.812534304956, 4.095829743353803], [-75.81287727019348, 4.095829743353803], [-75.81287727019348, 4.09617724618077], [-75.81322023543098, 4.09617724618077], [-75.81322023543098, 4.096524748854791], [-75.81356320066845, 4.096524748854791], [-75.81356320066845, 4.096872251375851], [-75.81390616590595, 4.096872251375851], [-75.81390616590595, 4.097219753743947], [-75.81493506161837, 4.097219753743947], [-75.81493506161837, 4.097567255959054], [-75.81630692256832, 4.097567255959054], [-75.81630692256832, 4.097914758021162], [-75.8180217487557, 4.097914758021162], [-75.8180217487557, 4.098262259930262], [-75.82110843589302, 4.098262259930262], [-75.82110843589302, 4.097914758021162], [-75.8228232620804, 4.097914758021162], [-75.8228232620804, 4.098262259930262], [-75.82385215779283, 4.098262259930262], [-75.82385215779283, 4.098609761686339], [-75.82590994921775, 4.098609761686339], [-75.82590994921775, 4.098957263289377], [-75.82693884493015, 4.098957263289377], [-75.82693884493015, 4.09930476473937], [-75.8331122192048, 4.09930476473937], [-75.8331122192048, 4.098957263289377], [-75.83551297586718, 4.098957263289377], [-75.83551297586718, 4.098609761686339], [-75.83722780205457, 4.098609761686339], [-75.83722780205457, 4.098262259930262], [-75.83791373252953, 4.098262259930262], [-75.83791373252953, 4.097914758021162], [-75.83825669776701, 4.097914758021162], [-75.83825669776701, 4.098262259930262], [-75.84065745442938, 4.098262259930262], [-75.84065745442938, 4.098957263289377], [-75.84100041966686, 4.098957263289377], [-75.84100041966686, 4.099652266036301], [-75.84134338490433, 4.099652266036301], [-75.84134338490433, 4.1006947690085855], [-75.84168635014184, 4.1006947690085855], [-75.84168635014184, 4.1010422696931395], [-75.84202931537929, 4.1010422696931395], [-75.84202931537929, 4.101389770224568], [-75.84237228061676, 4.101389770224568], [-75.84237228061676, 4.101737270602851], [-75.84271524585425, 4.101737270602851], [-75.84271524585425, 4.102084770827989], [-75.84305821109173, 4.102084770827989], [-75.84305821109173, 4.1031272705843564], [-75.84477303727911, 4.1031272705843564], [-75.84477303727911, 4.104864767114057], [-75.8451160025166, 4.104864767114057], [-75.8451160025166, 4.104517268114603], [-75.84614489822904, 4.104517268114603], [-75.84614489822904, 4.10416976896189], [-75.846830828704, 4.10416976896189], [-75.846830828704, 4.103822269655939], [-75.84751675917897, 4.103822269655939], [-75.84751675917897, 4.102432270899963], [-75.84785972441647, 4.102432270899963], [-75.84785972441647, 4.102084770827989], [-75.84820268965393, 4.102084770827989], [-75.84820268965393, 4.1010422696931395], [-75.8485456548914, 4.1010422696931395], [-75.8485456548914, 4.1006947690085855], [-75.8488886201289, 4.1006947690085855], [-75.8488886201289, 4.099999767180151], [-75.84923158536635, 4.099999767180151], [-75.84923158536635, 4.099652266036301], [-75.84957455060386, 4.099652266036301], [-75.84957455060386, 4.098957263289377], [-75.84991751584133, 4.098957263289377], [-75.84991751584133, 4.098609761686339], [-75.85026048107882, 4.098609761686339], [-75.85026048107882, 4.098262259930262], [-75.85060344631628, 4.098262259930262], [-75.85060344631628, 4.097914758021162], [-75.85094641155375, 4.097914758021162], [-75.85094641155375, 4.097567255959054], [-75.85128937679127, 4.097567255959054], [-75.85128937679127, 4.097219753743947], [-75.8591775772533, 4.097219753743947], [-75.8591775772533, 4.096872251375851], [-75.85952054249078, 4.096872251375851], [-75.85952054249078, 4.097219753743947], [-75.8608924034407, 4.097219753743947], [-75.8608924034407, 4.097567255959054], [-75.86157833391565, 4.097567255959054], [-75.86157833391565, 4.097914758021162], [-75.86226426439062, 4.097914758021162], [-75.86226426439062, 4.098262259930262], [-75.86295019486558, 4.098262259930262], [-75.86295019486558, 4.098609761686339], [-75.86329316010305, 4.098609761686339], [-75.86329316010305, 4.098957263289377], [-75.86363612534053, 4.098957263289377], [-75.86363612534053, 4.09930476473937], [-75.863979090578, 4.09930476473937], [-75.863979090578, 4.099652266036301], [-75.86500798629045, 4.099652266036301], [-75.86500798629045, 4.101389770224568], [-75.86535095152793, 4.101389770224568], [-75.86535095152793, 4.103822269655939], [-75.86569391676542, 4.103822269655939], [-75.86569391676542, 4.104864767114057], [-75.8660368820029, 4.104864767114057], [-75.8660368820029, 4.105559764653154], [-75.86637984724038, 4.105559764653154], [-75.86637984724038, 4.105907263192766], [-75.86672281247786, 4.105907263192766], [-75.86672281247786, 4.10660225981206], [-75.86740874295282, 4.10660225981206], [-75.86740874295282, 4.106949757891715], [-75.86775170819028, 4.106949757891715], [-75.86775170819028, 4.107297255818025], [-75.86809467342778, 4.107297255818025], [-75.86809467342778, 4.1076447535909795], [-75.86843763866526, 4.1076447535909795], [-75.86843763866526, 4.107992251210558], [-75.86878060390275, 4.107992251210558], [-75.86878060390275, 4.1083397486767534], [-75.86912356914021, 4.1083397486767534], [-75.86912356914021, 4.108687245989556], [-75.86946653437768, 4.108687245989556], [-75.86946653437768, 4.109034743148944], [-75.86980949961517, 4.109034743148944], [-75.86980949961517, 4.109382240154915], [-75.87015246485264, 4.109382240154915], [-75.87015246485264, 4.111814714899777], [-75.86980949961517, 4.111814714899777], [-75.86980949961517, 4.113899687265183], [-75.86946653437768, 4.113899687265183], [-75.86946653437768, 4.114594676824968], [-75.86912356914021, 4.114594676824968], [-75.86912356914021, 4.114942171374424], [-75.86946653437768, 4.114942171374424], [-75.86946653437768, 4.115637160012396], [-75.86980949961517, 4.115637160012396], [-75.86980949961517, 4.11667964181682], [-75.87152432580257, 4.11667964181682], [-75.87152432580257, 4.117027135444234], [-75.87255322151503, 4.117027135444234], [-75.87255322151503, 4.117374628917928], [-75.87323915198999, 4.117374628917928], [-75.87323915198999, 4.119112093980166], [-75.87426804770244, 4.119112093980166], [-75.87426804770244, 4.1205020632617035], [-75.8746110129399, 4.1205020632617035], [-75.8746110129399, 4.121544538607503], [-75.87495397817739, 4.121544538607503], [-75.87495397817739, 4.122239521401959], [-75.87529694341485, 4.122239521401959], [-75.87529694341485, 4.122934503580766], [-75.87563990865232, 4.122934503580766], [-75.87563990865232, 4.12328199443927], [-75.87598287388982, 4.12328199443927], [-75.87598287388982, 4.123629485143821], [-75.87632583912728, 4.123629485143821], [-75.87632583912728, 4.124324466091025], [-75.87358211722746, 4.124324466091025], [-75.87358211722746, 4.125019446422271], [-75.87323915198999, 4.125019446422271], [-75.87323915198999, 4.125366936356879], [-75.8728961867525, 4.125366936356879], [-75.8728961867525, 4.1257144261374545], [-75.87255322151503, 4.1257144261374545], [-75.87255322151503, 4.126409405236477], [-75.87221025627754, 4.126409405236477], [-75.87221025627754, 4.126756894554893], [-75.87186729104003, 4.126756894554893], [-75.87186729104003, 4.128494338835529], [-75.87049543009013, 4.128494338835529], [-75.87049543009013, 4.130926754354016], [-75.87015246485264, 4.130926754354016], [-75.87015246485264, 4.135096591943436], [-75.86980949961517, 4.135096591943436], [-75.86980949961517, 4.135444077406003], [-75.86946653437768, 4.135444077406003], [-75.86946653437768, 4.1361390478679185], [-75.86912356914021, 4.1361390478679185], [-75.86912356914021, 4.136486532867241], [-75.86878060390275, 4.136486532867241], [-75.86878060390275, 4.138223955546994], [-75.86843763866526, 4.138223955546994], [-75.86843763866526, 4.138571439619484], [-75.86809467342778, 4.138571439619484], [-75.86809467342778, 4.139266407300896], [-75.86775170819028, 4.139266407300896], [-75.86775170819028, 4.139961374364137], [-75.86740874295282, 4.139961374364137], [-75.86740874295282, 4.140308857663906], [-75.86706577771533, 4.140308857663906], [-75.86706577771533, 4.140656340809101], [-75.86672281247786, 4.140656340809101], [-75.86672281247786, 4.1423937542158775], [-75.86637984724038, 4.1423937542158775], [-75.86637984724038, 4.142741236433306], [-75.86535095152793, 4.142741236433306], [-75.86535095152793, 4.143088718496064], [-75.86363612534053, 4.143088718496064], [-75.86363612534053, 4.143436200404137], [-75.86329316010305, 4.143436200404137], [-75.86329316010305, 4.14413116375618], [-75.86054943820322, 4.14413116375618], [-75.86054943820322, 4.147258491180061], [-75.86020647296574, 4.147258491180061], [-75.86020647296574, 4.148300930868039], [-75.86054943820322, 4.148300930868039], [-75.86054943820322, 4.148648410454296], [-75.86123536867818, 4.148648410454296], [-75.86123536867818, 4.14899588988566], [-75.86157833391565, 4.14899588988566], [-75.86157833391565, 4.1535131083924615], [-75.86123536867818, 4.1535131083924615], [-75.86123536867818, 4.158377775936667], [-75.8608924034407, 4.158377775936667], [-75.8608924034407, 4.1587252510258566], [-75.86123536867818, 4.1587252510258566], [-75.86123536867818, 4.159072725959783], [-75.8608924034407, 4.159072725959783], [-75.8608924034407, 4.159420200738429], [-75.86020647296574, 4.159420200738429], [-75.86020647296574, 4.16289493998183], [-75.85986350772826, 4.16289493998183], [-75.85986350772826, 4.163242413051581], [-75.85952054249078, 4.163242413051581], [-75.85952054249078, 4.163589885965896], [-75.8591775772533, 4.163589885965896], [-75.8591775772533, 4.165327248205553], [-75.85883461201581, 4.165327248205553], [-75.85883461201581, 4.167759548809328], [-75.85849164677833, 4.167759548809328], [-75.85849164677833, 4.169496901715739], [-75.85814868154085, 4.169496901715739], [-75.85814868154085, 4.170886781238997], [-75.85780571630336, 4.170886781238997], [-75.85780571630336, 4.171581720066389], [-75.8574627510659, 4.171581720066389], [-75.8574627510659, 4.1740140010557445], [-75.85711978582839, 4.1740140010557445], [-75.85711978582839, 4.175056404856831], [-75.85643385535346, 4.175056404856831], [-75.85643385535346, 4.175751339944894], [-75.8557479248785, 4.175751339944894], [-75.8557479248785, 4.17609880725509], [-75.855404959641, 4.17609880725509], [-75.855404959641, 4.17644627440938], [-75.85506199440354, 4.17644627440938], [-75.85506199440354, 4.1774886749366615], [-75.85369013345363, 4.1774886749366615], [-75.85369013345363, 4.178183607841744], [-75.85334716821615, 4.178183607841744], [-75.85334716821615, 4.184090512332857], [-75.85437606392858, 4.184090512332857], [-75.85437606392858, 4.185132902558727], [-75.85471902916603, 4.185132902558727], [-75.85471902916603, 4.18548036565488], [-75.85437606392858, 4.18548036565488], [-75.85437606392858, 4.186175291378407], [-75.8540330986911, 4.186175291378407], [-75.8540330986911, 4.186870216476808], [-75.85369013345363, 4.186870216476808], [-75.85369013345363, 4.18756514094998], [-75.8540330986911, 4.18756514094998], [-75.8540330986911, 4.1879126029520695], [-75.85369013345363, 4.1879126029520695], [-75.85369013345363, 4.189649910617082], [-75.8540330986911, 4.189649910617082], [-75.8540330986911, 4.191039753933783], [-75.85369013345363, 4.191039753933783], [-75.85369013345363, 4.191734674653414], [-75.85334716821615, 4.191734674653414], [-75.85334716821615, 4.192429594747093], [-75.85300420297865, 4.192429594747093], [-75.85300420297865, 4.195556727419748], [-75.85334716821615, 4.195556727419748], [-75.85334716821615, 4.1965991021584355], [-75.85300420297865, 4.1965991021584355], [-75.85300420297865, 4.197641475487113], [-75.85266123774119, 4.197641475487113], [-75.85266123774119, 4.197988932949945], [-75.85231827250368, 4.197988932949945], [-75.85231827250368, 4.198336390256056], [-75.85197530726622, 4.198336390256056], [-75.85197530726622, 4.198683847405432], [-75.85163234202871, 4.198683847405432], [-75.85163234202871, 4.199726217913045], [-75.85094641155375, 4.199726217913045], [-75.85094641155375, 4.200421130800888], [-75.85231827250368, 4.200421130800888], [-75.85231827250368, 4.200768587009602], [-75.85266123774119, 4.200768587009602], [-75.85266123774119, 4.201116043061498], [-75.85300420297865, 4.201116043061498], [-75.85300420297865, 4.201463498956551], [-75.85334716821615, 4.201463498956551], [-75.85334716821615, 4.201810954694759], [-75.85471902916603, 4.201810954694759], [-75.85471902916603, 4.202158410276107], [-75.8557479248785, 4.202158410276107], [-75.8557479248785, 4.202505865700581], [-75.85643385535346, 4.202505865700581], [-75.85643385535346, 4.202853320968167], [-75.85677682059094, 4.202853320968167], [-75.85677682059094, 4.20389568582948], [-75.85711978582839, 4.20389568582948], [-75.85711978582839, 4.204938049278344], [-75.8574627510659, 4.204938049278344], [-75.8574627510659, 4.205285503447363], [-75.85780571630336, 4.205285503447363], [-75.85780571630336, 4.206675318553411], [-75.85883461201581, 4.206675318553411], [-75.85883461201581, 4.207022771937354], [-75.8591775772533, 4.207022771937354], [-75.8591775772533, 4.207370225164241], [-75.86020647296574, 4.207370225164241], [-75.86020647296574, 4.208412583902446], [-75.86054943820322, 4.208412583902446], [-75.86054943820322, 4.2087600365009905], [-75.8608924034407, 4.2087600365009905], [-75.8608924034407, 4.209454941226706], [-75.86123536867818, 4.209454941226706], [-75.86123536867818, 4.210497297136664], [-75.86157833391565, 4.210497297136664], [-75.86157833391565, 4.212234553842763], [-75.86123536867818, 4.212234553842763], [-75.86123536867818, 4.21327690597956], [-75.8608924034407, 4.21327690597956], [-75.8608924034407, 4.213624356377272], [-75.86123536867818, 4.213624356377272], [-75.86123536867818, 4.21431925670079], [-75.86157833391565, 4.21431925670079], [-75.86157833391565, 4.214666706626565], [-75.86192129915314, 4.214666706626565], [-75.86192129915314, 4.216751402876687], [-75.86157833391565, 4.216751402876687], [-75.86157833391565, 4.217446300367548], [-75.86192129915314, 4.217446300367548], [-75.86192129915314, 4.217793748876827], [-75.8626072296281, 4.217793748876827], [-75.8626072296281, 4.218141197228651], [-75.86329316010305, 4.218141197228651], [-75.86329316010305, 4.218488645423011], [-75.86363612534053, 4.218488645423011], [-75.86363612534053, 4.218836093459887], [-75.863979090578, 4.218836093459887], [-75.863979090578, 4.2195309890611545], [-75.86432205581549, 4.2195309890611545], [-75.86432205581549, 4.220225884032357], [-75.86569391676542, 4.220225884032357], [-75.86569391676542, 4.220573331281646], [-75.86637984724038, 4.220573331281646], [-75.86637984724038, 4.220225884032357], [-75.86740874295282, 4.220225884032357], [-75.86740874295282, 4.220573331281646], [-75.87083839532761, 4.220573331281646], [-75.87083839532761, 4.220225884032357], [-75.87152432580257, 4.220225884032357], [-75.87152432580257, 4.21987843662552], [-75.8728961867525, 4.21987843662552], [-75.8728961867525, 4.2195309890611545], [-75.87323915198999, 4.2195309890611545], [-75.87323915198999, 4.21987843662552], [-75.87358211722746, 4.21987843662552], [-75.87358211722746, 4.220225884032357], [-75.87392508246492, 4.220225884032357], [-75.87392508246492, 4.220573331281646], [-75.87495397817739, 4.220573331281646], [-75.87495397817739, 4.220225884032357], [-75.87529694341485, 4.220225884032357], [-75.87529694341485, 4.218836093459887], [-75.87563990865232, 4.218836093459887], [-75.87563990865232, 4.218488645423011], [-75.87598287388982, 4.218488645423011], [-75.87598287388982, 4.217446300367548], [-75.87632583912728, 4.217446300367548], [-75.87632583912728, 4.216403953895131], [-75.8766688043648, 4.216403953895131], [-75.8766688043648, 4.216056504756168], [-75.87701176960225, 4.216056504756168], [-75.87701176960225, 4.215709055459818], [-75.8776977000772, 4.215709055459818], [-75.8776977000772, 4.215361606006092], [-75.87804066531467, 4.215361606006092], [-75.87804066531467, 4.215014156395001], [-75.87838363055218, 4.215014156395001], [-75.87838363055218, 4.215361606006092], [-75.87872659578967, 4.215361606006092], [-75.87872659578967, 4.215014156395001], [-75.87975549150211, 4.215014156395001], [-75.87975549150211, 4.214666706626565], [-75.88009845673956, 4.214666706626565], [-75.88009845673956, 4.21431925670079], [-75.88078438721453, 4.21431925670079], [-75.88078438721453, 4.213971806617688], [-75.88112735245203, 4.213971806617688], [-75.88112735245203, 4.212582004712295], [-75.8814703176895, 4.212582004712295], [-75.8814703176895, 4.211539651631977], [-75.88215624816446, 4.211539651631977], [-75.88215624816446, 4.210844748792299], [-75.88592886577675, 4.210844748792299], [-75.88592886577675, 4.211192200290743], [-75.88558590053927, 4.211192200290743], [-75.88558590053927, 4.211539651631977], [-75.88592886577675, 4.211539651631977], [-75.88592886577675, 4.2118871028159885], [-75.88627183101423, 4.2118871028159885], [-75.88627183101423, 4.212234553842763], [-75.8866147962517, 4.212234553842763], [-75.8866147962517, 4.212582004712295], [-75.88764369196414, 4.212582004712295], [-75.88764369196414, 4.212234553842763], [-75.8883296224391, 4.212234553842763], [-75.8883296224391, 4.212929455424566], [-75.88901555291406, 4.212929455424566], [-75.88901555291406, 4.21327690597956], [-75.88970148338902, 4.21327690597956], [-75.88970148338902, 4.213624356377272], [-75.8900444486265, 4.213624356377272], [-75.8900444486265, 4.21431925670079], [-75.89278817052634, 4.21431925670079], [-75.89278817052634, 4.215361606006092], [-75.89313113576381, 4.215361606006092], [-75.89313113576381, 4.216056504756168], [-75.89278817052634, 4.216056504756168], [-75.89278817052634, 4.216403953895131], [-75.89244520528885, 4.216403953895131], [-75.89244520528885, 4.216751402876687], [-75.89210224005139, 4.216751402876687], [-75.89210224005139, 4.21987843662552], [-75.89175927481392, 4.21987843662552], [-75.89175927481392, 4.221615672084129], [-75.89210224005139, 4.221615672084129], [-75.89210224005139, 4.2223105651644985], [-75.89244520528885, 4.2223105651644985], [-75.89244520528885, 4.22265801146826], [-75.89278817052634, 4.22265801146826], [-75.89278817052634, 4.223700349433688], [-75.89244520528885, 4.223700349433688], [-75.89244520528885, 4.225437576222457], [-75.89278817052634, 4.225437576222457], [-75.89278817052634, 4.226132465833903], [-75.8934741010013, 4.226132465833903], [-75.8934741010013, 4.226479910402985], [-75.89381706623878, 4.226479910402985], [-75.89381706623878, 4.226827354814294], [-75.89416003147628, 4.226827354814294], [-75.89416003147628, 4.229606904423329], [-75.89450299671374, 4.229606904423329], [-75.89450299671374, 4.2303017902469335], [-75.8948459619512, 4.2303017902469335], [-75.8948459619512, 4.232733885654511], [-75.8951889271887, 4.232733885654511], [-75.8951889271887, 4.233428768634808], [-75.89553189242616, 4.233428768634808], [-75.89553189242616, 4.233776209887915], [-75.89587485766366, 4.233776209887915], [-75.89587485766366, 4.234123650982973], [-75.89724671861356, 4.234123650982973], [-75.89724671861356, 4.234471091919977], [-75.89793264908852, 4.234471091919977], [-75.89793264908852, 4.235165973319754], [-75.89827561432602, 4.235165973319754], [-75.89827561432602, 4.235513413782507], [-75.89896154480098, 4.235513413782507], [-75.89896154480098, 4.235165973319754], [-75.89964747527597, 4.235165973319754], [-75.89964747527597, 4.234818532698909], [-75.90204823193832, 4.234818532698909], [-75.90204823193832, 4.235165973319754], [-75.90307712765073, 4.235165973319754], [-75.90307712765073, 4.236903174052285], [-75.90410602336316, 4.236903174052285], [-75.90410602336316, 4.23864037083078], [-75.90444898860066, 4.23864037083078], [-75.90444898860066, 4.238987809711859], [-75.90479195383813, 4.238987809711859], [-75.90479195383813, 4.239682686999278], [-75.90547788431309, 4.239682686999278], [-75.90547788431309, 4.240377563653644], [-75.90616381478806, 4.240377563653644], [-75.90616381478806, 4.241767315062792], [-75.90684974526303, 4.241767315062792], [-75.90684974526303, 4.242809626957113], [-75.90719271050048, 4.242809626957113], [-75.90719271050048, 4.243157063938477], [-75.90753567573799, 4.243157063938477], [-75.90753567573799, 4.2438519374260135], [-75.90787864097544, 4.2438519374260135], [-75.90787864097544, 4.24419937393216], [-75.90822160621295, 4.24419937393216], [-75.90822160621295, 4.245241682499961], [-75.90993643240034, 4.245241682499961], [-75.90993643240034, 4.24558911837231], [-75.9102793976378, 4.24558911837231], [-75.9102793976378, 4.245936554086171], [-75.9106223628753, 4.245936554086171], [-75.9106223628753, 4.246283989641534], [-75.91096532811278, 4.246283989641534], [-75.91096532811278, 4.246631425038391], [-75.91199422382523, 4.246631425038391], [-75.91199422382523, 4.246978860276726], [-75.91165125858775, 4.246978860276726], [-75.91165125858775, 4.247326295356528], [-75.91130829335027, 4.247326295356528], [-75.91130829335027, 4.248716034090126], [-75.9106223628753, 4.248716034090126], [-75.9106223628753, 4.249410902505388], [-75.9102793976378, 4.249410902505388], [-75.9102793976378, 4.249758336475089], [-75.90993643240034, 4.249758336475089], [-75.90993643240034, 4.250105770286147], [-75.90959346716284, 4.250105770286147], [-75.90959346716284, 4.250800637432309], [-75.90925050192538, 4.250800637432309], [-75.90925050192538, 4.251148070767381], [-75.9089075366879, 4.251148070767381], [-75.9089075366879, 4.251842936961447], [-75.90856457145041, 4.251842936961447], [-75.90856457145041, 4.25253780252065], [-75.90822160621295, 4.25253780252065], [-75.90822160621295, 4.253232667444898], [-75.90787864097544, 4.253232667444898], [-75.90787864097544, 4.253927531734081], [-75.90822160621295, 4.253927531734081], [-75.90822160621295, 4.25427496364049], [-75.90856457145041, 4.25427496364049], [-75.90856457145041, 4.254622395388093], [-75.9089075366879, 4.254622395388093], [-75.9089075366879, 4.254969826976882], [-75.90925050192538, 4.254969826976882], [-75.90925050192538, 4.255317258406839], [-75.90959346716284, 4.255317258406839], [-75.90959346716284, 4.256706982538103], [-75.90993643240034, 4.256706982538103], [-75.90993643240034, 4.257749273968201], [-75.90959346716284, 4.257749273968201], [-75.90959346716284, 4.258444134126953], [-75.90993643240034, 4.258444134126953], [-75.90993643240034, 4.2601812817418265], [-75.9102793976378, 4.2601812817418265], [-75.9102793976378, 4.260528710787782], [-75.9106223628753, 4.260528710787782], [-75.9106223628753, 4.260876139674701], [-75.91096532811278, 4.260876139674701], [-75.91096532811278, 4.2612235684025705], [-75.91165125858775, 4.2612235684025705], [-75.91165125858775, 4.26157099697138], [-75.91199422382523, 4.26157099697138], [-75.91199422382523, 4.26191842538111], [-75.91233718906271, 4.26191842538111], [-75.91233718906271, 4.2622658536317575], [-75.91268015430019, 4.2622658536317575], [-75.91268015430019, 4.262960709655734], [-75.91302311953767, 4.262960709655734], [-75.91302311953767, 4.2636555650432], [-75.91336608477515, 4.2636555650432], [-75.91336608477515, 4.264350419794062], [-75.91473794572507, 4.264350419794062], [-75.91473794572507, 4.264697846930734], [-75.91542387620002, 4.264697846930734], [-75.91542387620002, 4.265045273908216], [-75.9157668414375, 4.265045273908216], [-75.9157668414375, 4.265392700726489], [-75.91679573714994, 4.265392700726489], [-75.91679573714994, 4.26712983242936], [-75.91645277191246, 4.26712983242936], [-75.91645277191246, 4.268519534924685], [-75.91610980667498, 4.268519534924685], [-75.91610980667498, 4.270604083887436], [-75.91542387620002, 4.270604083887436], [-75.91542387620002, 4.2709515081567035], [-75.9140520152501, 4.2709515081567035], [-75.9140520152501, 4.271298932266546], [-75.91336608477515, 4.271298932266546], [-75.91336608477515, 4.271646356216953], [-75.91302311953767, 4.271646356216953], [-75.91302311953767, 4.272341203639416], [-75.91233718906271, 4.272341203639416], [-75.91233718906271, 4.272688627111443], [-75.91130829335027, 4.272688627111443], [-75.91130829335027, 4.274078319404553], [-75.91096532811278, 4.274078319404553], [-75.91096532811278, 4.274425742079014], [-75.9106223628753, 4.274425742079014], [-75.9106223628753, 4.276510274774775], [-75.91096532811278, 4.276510274774775], [-75.91096532811278, 4.277552538967846], [-75.91165125858775, 4.277552538967846], [-75.91165125858775, 4.27894222232321], [-75.91096532811278, 4.27894222232321], [-75.91096532811278, 4.279289642762787], [-75.9106223628753, 4.279289642762787], [-75.9106223628753, 4.2803319031230815], [-75.9102793976378, 4.2803319031230815], [-75.9102793976378, 4.28067932292366], [-75.90993643240034, 4.28067932292366], [-75.90993643240034, 4.2810267425644515], [-75.90925050192538, 4.2810267425644515], [-75.90925050192538, 4.282416419529537], [-75.9089075366879, 4.282416419529537], [-75.9089075366879, 4.2851957657862245], [-75.90856457145041, 4.2851957657862245], [-75.90856457145041, 4.285543183348673], [-75.9089075366879, 4.285543183348673], [-75.9089075366879, 4.285890600751154], [-75.90925050192538, 4.285890600751154], [-75.90925050192538, 4.2862380179936626], [-75.90959346716284, 4.2862380179936626], [-75.90959346716284, 4.286585435076179], [-75.90993643240034, 4.286585435076179], [-75.90993643240034, 4.287280268761203], [-75.9102793976378, 4.287280268761203], [-75.9102793976378, 4.287627685363681], [-75.9106223628753, 4.287627685363681], [-75.9106223628753, 4.287975101806115], [-75.91096532811278, 4.287975101806115], [-75.91096532811278, 4.289017350173054], [-75.91165125858775, 4.289017350173054], [-75.91165125858775, 4.289712181617242], [-75.91199422382523, 4.289712181617242], [-75.91199422382523, 4.29005959709917], [-75.91233718906271, 4.29005959709917], [-75.91233718906271, 4.290407012420966], [-75.91268015430019, 4.290407012420966], [-75.91268015430019, 4.290754427582618], [-75.91336608477515, 4.290754427582618], [-75.91336608477515, 4.291101842584111], [-75.91679573714994, 4.291101842584111], [-75.91679573714994, 4.291449257425442], [-75.91713870238742, 4.291449257425442], [-75.91713870238742, 4.293186329229101], [-75.9174816676249, 4.293186329229101], [-75.9174816676249, 4.293881156828933], [-75.91816759809987, 4.293881156828933], [-75.91816759809987, 4.294575983787674], [-75.91851056333734, 4.294575983787674], [-75.91851056333734, 4.295270810105231], [-75.91885352857483, 4.295270810105231], [-75.91885352857483, 4.295618223023532], [-75.91988242428727, 4.295618223023532], [-75.91988242428727, 4.295965635781493], [-75.92022538952473, 4.295965635781493], [-75.92022538952473, 4.297007873093242], [-75.92056835476222, 4.297007873093242], [-75.92056835476222, 4.297702697165822], [-75.92022538952473, 4.297702697165822], [-75.92022538952473, 4.299092343385922], [-75.91988242428727, 4.299092343385922], [-75.91988242428727, 4.299787165533239], [-75.91816759809987, 4.299787165533239], [-75.91816759809987, 4.300481987038591], [-75.91851056333734, 4.300481987038591], [-75.91851056333734, 4.302566447701851], [-75.91885352857483, 4.302566447701851], [-75.91885352857483, 4.3029138572503935], [-75.91919649381231, 4.3029138572503935], [-75.91919649381231, 4.303608675865646], [-75.9195394590498, 4.303608675865646], [-75.9195394590498, 4.3046509025837505], [-75.91988242428727, 4.3046509025837505], [-75.91988242428727, 4.304998311168461], [-75.92022538952473, 4.304998311168461], [-75.92022538952473, 4.305693127855824], [-75.92056835476222, 4.305693127855824], [-75.92056835476222, 4.30638794390035], [-75.92022538952473, 4.30638794390035], [-75.92022538952473, 4.308124981198575], [-75.91988242428727, 4.308124981198575], [-75.91988242428727, 4.309514608142848], [-75.9195394590498, 4.309514608142848], [-75.9195394590498, 4.311599043733484], [-75.91988242428727, 4.311599043733484], [-75.91988242428727, 4.311946449102083], [-75.92091131999969, 4.311946449102083], [-75.92091131999969, 4.3122938543097415], [-75.92159725047466, 4.3122938543097415], [-75.92159725047466, 4.31298866424219], [-75.92194021571216, 4.31298866424219], [-75.92194021571216, 4.314030877933479], [-75.92262614618708, 4.314030877933479], [-75.92262614618708, 4.314378282175227], [-75.92296911142458, 4.314378282175227], [-75.92296911142458, 4.314725686255937], [-75.92331207666204, 4.314725686255937], [-75.92331207666204, 4.315420493934223], [-75.92365504189954, 4.315420493934223], [-75.92365504189954, 4.31576789753177], [-75.92399800713702, 4.31576789753177], [-75.92399800713702, 4.3161153009682325], [-75.92468393761197, 4.3161153009682325], [-75.92468393761197, 4.316462704243601], [-75.92571283332444, 4.316462704243601], [-75.92571283332444, 4.319589326470512], [-75.9260557985619, 4.319589326470512], [-75.9260557985619, 4.3199367281342225], [-75.92639876379937, 4.3199367281342225], [-75.92639876379937, 4.3216737340339675], [-75.92674172903688, 4.3216737340339675], [-75.92674172903688, 4.322021134730064], [-75.92708469427433, 4.322021134730064], [-75.92708469427433, 4.3223685352648475], [-75.92742765951184, 4.3223685352648475], [-75.92742765951184, 4.322715935638308], [-75.9277706247493, 4.322715935638308], [-75.9277706247493, 4.323063335850424], [-75.9281135899868, 4.323063335850424], [-75.9281135899868, 4.325495132816665], [-75.92845655522426, 4.325495132816665], [-75.92845655522426, 4.32723212580668], [-75.92879952046172, 4.32723212580668], [-75.92879952046172, 4.328969114759028], [-75.92845655522426, 4.328969114759028], [-75.92845655522426, 4.329316512064837], [-75.9281135899868, 4.329316512064837], [-75.9281135899868, 4.330706099672103], [-75.9277706247493, 4.330706099672103], [-75.9277706247493, 4.331053496169863], [-75.9281135899868, 4.331053496169863], [-75.9281135899868, 4.332443080544289], [-75.92845655522426, 4.332443080544289], [-75.92845655522426, 4.332790476233682], [-75.92879952046172, 4.332790476233682], [-75.92879952046172, 4.334180057373992], [-75.92914248569923, 4.334180057373992], [-75.92914248569923, 4.335569635926076], [-75.92948545093668, 4.335569635926076], [-75.92948545093668, 4.337653998899485], [-75.92982841617419, 4.337653998899485], [-75.92982841617419, 4.339390963592063], [-75.92948545093668, 4.339390963592063], [-75.92948545093668, 4.346338781857086], [-75.92914248569923, 4.346338781857086], [-75.92914248569923, 4.347380949002962], [-75.92879952046172, 4.347380949002962], [-75.92879952046172, 4.350854828940854], [-75.92845655522426, 4.350854828940854], [-75.92845655522426, 4.351202216041756], [-75.9281135899868, 4.351202216041756], [-75.9281135899868, 4.35189698975637], [-75.9277706247493, 4.35189698975637], [-75.9277706247493, 4.35363392120033], [-75.9281135899868, 4.35363392120033], [-75.9281135899868, 4.355023463430855], [-75.92845655522426, 4.355023463430855], [-75.92845655522426, 4.355370848582182], [-75.92879952046172, 4.355370848582182], [-75.92879952046172, 4.356065618397175], [-75.92948545093668, 4.356065618397175], [-75.92948545093668, 4.356413003060815], [-75.92982841617419, 4.356413003060815], [-75.92982841617419, 4.357107771900321], [-75.93017138141165, 4.357107771900321], [-75.93017138141165, 4.357802540089377], [-75.93051434664915, 4.357802540089377], [-75.93051434664915, 4.358149923939952], [-75.93085731188661, 4.358149923939952], [-75.93085731188661, 4.3591920745157235], [-75.93051434664915, 4.3591920745157235], [-75.93051434664915, 4.359539457715617], [-75.92982841617419, 4.359539457715617], [-75.92982841617419, 4.359886840752808], [-75.92948545093668, 4.359886840752808], [-75.92948545093668, 4.361971135558473], [-75.92982841617419, 4.361971135558473], [-75.92982841617419, 4.363708043419842], [-75.93017138141165, 4.363708043419842], [-75.93017138141165, 4.364750186182481], [-75.92982841617419, 4.364750186182481], [-75.92982841617419, 4.367529226381159], [-75.92948545093668, 4.367529226381159], [-75.92948545093668, 4.3678766056726355], [-75.92879952046172, 4.3678766056726355], [-75.92879952046172, 4.368223984801099], [-75.9281135899868, 4.368223984801099], [-75.9281135899868, 4.368571363766541], [-75.92434097237451, 4.368571363766541], [-75.92434097237451, 4.368918742568945], [-75.92365504189954, 4.368918742568945], [-75.92365504189954, 4.369266121208296], [-75.92296911142458, 4.369266121208296], [-75.92296911142458, 4.369613499684586], [-75.92262614618708, 4.369613499684586], [-75.92262614618708, 4.370308256147926], [-75.92194021571216, 4.370308256147926], [-75.92194021571216, 4.372392521623098], [-75.92159725047466, 4.372392521623098], [-75.92159725047466, 4.372739898631242], [-75.92125428523718, 4.372739898631242], [-75.92125428523718, 4.373087275476193], [-75.92091131999969, 4.373087275476193], [-75.92091131999969, 4.373434652157945], [-75.92056835476222, 4.373434652157945], [-75.92056835476222, 4.373782028676475], [-75.92022538952473, 4.373782028676475], [-75.92022538952473, 4.374129405031776], [-75.91988242428727, 4.374129405031776], [-75.91988242428727, 4.3748241572526405], [-75.9195394590498, 4.3748241572526405], [-75.9195394590498, 4.375171533118176], [-75.91919649381231, 4.375171533118176], [-75.91919649381231, 4.375518908820424], [-75.91645277191246, 4.375518908820424], [-75.91645277191246, 4.376213659735037], [-75.91610980667498, 4.376213659735037], [-75.91610980667498, 4.376561034947367], [-75.9157668414375, 4.376561034947367], [-75.9157668414375, 4.376908409996362], [-75.91542387620002, 4.376908409996362], [-75.91542387620002, 4.377255784882015], [-75.91508091096254, 4.377255784882015], [-75.91508091096254, 4.3786452827909095], [-75.91473794572507, 4.3786452827909095], [-75.91473794572507, 4.379340030764947], [-75.91439498048759, 4.379340030764947], [-75.91439498048759, 4.379687404506818], [-75.9140520152501, 4.379687404506818], [-75.9140520152501, 4.380382151500197], [-75.91370905001263, 4.380382151500197], [-75.91370905001263, 4.380729524751684], [-75.91130829335027, 4.380729524751684], [-75.91130829335027, 4.381424270764187], [-75.91096532811278, 4.381424270764187], [-75.91096532811278, 4.38420324827263], [-75.91130829335027, 4.38420324827263], [-75.91130829335027, 4.38455061972505], [-75.91165125858775, 4.38455061972505], [-75.91165125858775, 4.384897991013838], [-75.91233718906271, 4.384897991013838], [-75.91233718906271, 4.385245362138987], [-75.91268015430019, 4.385245362138987], [-75.91268015430019, 4.387676955431987], [-75.91302311953767, 4.387676955431987], [-75.91302311953767, 4.389413802872051], [-75.91268015430019, 4.389413802872051], [-75.91268015430019, 4.3901085407015055], [-75.91233718906271, 4.3901085407015055], [-75.91233718906271, 4.3908032778756185], [-75.91268015430019, 4.3908032778756185], [-75.91268015430019, 4.391498014394299], [-75.91302311953767, 4.391498014394299], [-75.91302311953767, 4.392192750257426], [-75.91336608477515, 4.392192750257426], [-75.91336608477515, 4.393929587046583], [-75.91370905001263, 4.393929587046583], [-75.91370905001263, 4.394276953912539], [-75.9140520152501, 4.394276953912539], [-75.9140520152501, 4.394624320614502], [-75.91508091096254, 4.394624320614502], [-75.91508091096254, 4.3953190535264195], [-75.91610980667498, 4.3953190535264195], [-75.91610980667498, 4.395666419736341], [-75.91645277191246, 4.395666419736341], [-75.91645277191246, 4.39740324832509], [-75.91679573714994, 4.39740324832509], [-75.91679573714994, 4.397750613550581], [-75.91713870238742, 4.397750613550581], [-75.91713870238742, 4.399140072811234], [-75.91679573714994, 4.399140072811234], [-75.91679573714994, 4.401224256776894], [-75.91851056333734, 4.401224256776894], [-75.91851056333734, 4.401571620196383], [-75.91885352857483, 4.401571620196383], [-75.91885352857483, 4.401918983451615], [-75.9195394590498, 4.401918983451615], [-75.9195394590498, 4.402266346542578], [-75.91988242428727, 4.402266346542578], [-75.91988242428727, 4.401918983451615], [-75.92056835476222, 4.401918983451615], [-75.92056835476222, 4.401571620196383], [-75.92091131999969, 4.401571620196383], [-75.92091131999969, 4.402613709469251], [-75.92125428523718, 4.402613709469251], [-75.92125428523718, 4.402961072231628], [-75.92159725047466, 4.402961072231628], [-75.92159725047466, 4.403308434829698], [-75.92194021571216, 4.403308434829698], [-75.92194021571216, 4.403655797263445], [-75.92228318094962, 4.403655797263445], [-75.92228318094962, 4.404003159532854], [-75.92262614618708, 4.404003159532854], [-75.92262614618708, 4.404350521637916], [-75.92296911142458, 4.404350521637916], [-75.92296911142458, 4.4050452453549385], [-75.92365504189954, 4.4050452453549385], [-75.92365504189954, 4.405392606966876], [-75.92399800713702, 4.405392606966876], [-75.92399800713702, 4.406782051770495], [-75.92434097237451, 4.406782051770495], [-75.92434097237451, 4.406434690816236], [-75.92536986808695, 4.406434690816236], [-75.92536986808695, 4.406087329697536], [-75.92639876379937, 4.406087329697536], [-75.92639876379937, 4.406434690816236], [-75.92845655522426, 4.406434690816236], [-75.92845655522426, 4.406782051770495], [-75.93017138141165, 4.406782051770495], [-75.93017138141165, 4.406434690816236], [-75.93120027712412, 4.406434690816236], [-75.93120027712412, 4.4071294125603035], [-75.93188620759908, 4.4071294125603035], [-75.93188620759908, 4.408518854074763], [-75.93222917283656, 4.408518854074763], [-75.93222917283656, 4.4088662140421215], [-75.93188620759908, 4.4088662140421215], [-75.93188620759908, 4.4106030114107195], [-75.93222917283656, 4.4106030114107195], [-75.93222917283656, 4.411297729206099], [-75.93188620759908, 4.411297729206099], [-75.93188620759908, 4.412687162821325], [-75.93154324236158, 4.412687162821325], [-75.93154324236158, 4.413034520813492], [-75.93120027712412, 4.413034520813492], [-75.93120027712412, 4.413381878640971], [-75.93085731188661, 4.413381878640971], [-75.93085731188661, 4.413034520813492], [-75.92879952046172, 4.413034520813492], [-75.92879952046172, 4.413381878640971], [-75.9281135899868, 4.413381878640971], [-75.9281135899868, 4.413729236303754], [-75.92742765951184, 4.413729236303754], [-75.92742765951184, 4.414076593801831], [-75.92639876379937, 4.414076593801831], [-75.92639876379937, 4.414423951135189], [-75.9260557985619, 4.414423951135189], [-75.9260557985619, 4.414771308303807], [-75.92571283332444, 4.414771308303807], [-75.92571283332444, 4.4151186653076815], [-75.92536986808695, 4.4151186653076815], [-75.92536986808695, 4.415466022146795], [-75.9250269028495, 4.415466022146795], [-75.9250269028495, 4.415813378821135], [-75.92365504189954, 4.415813378821135], [-75.92365504189954, 4.4161607353306875], [-75.92228318094962, 4.4161607353306875], [-75.92228318094962, 4.416508091675444], [-75.92125428523718, 4.416508091675444], [-75.92125428523718, 4.416855447855389], [-75.92091131999969, 4.416855447855389], [-75.92091131999969, 4.417202803870508], [-75.91988242428727, 4.417202803870508], [-75.91988242428727, 4.4178975154062226], [-75.9195394590498, 4.4178975154062226], [-75.9195394590498, 4.418939581473291], [-75.91919649381231, 4.418939581473291], [-75.91919649381231, 4.419286936499191], [-75.91782463286238, 4.419286936499191], [-75.91782463286238, 4.419634291360179], [-75.91713870238742, 4.419634291360179], [-75.91713870238742, 4.420329000587363], [-75.91679573714994, 4.420329000587363], [-75.91679573714994, 4.4210237091547375], [-75.91645277191246, 4.4210237091547375], [-75.91645277191246, 4.422065770768421], [-75.91610980667498, 4.422065770768421], [-75.91610980667498, 4.42241312430963], [-75.91645277191246, 4.42241312430963], [-75.91645277191246, 4.425539298752632], [-75.91713870238742, 4.425539298752632], [-75.91713870238742, 4.427276056552574], [-75.9174816676249, 4.427276056552574], [-75.9174816676249, 4.42831810925012], [-75.91782463286238, 4.42831810925012], [-75.91782463286238, 4.428665459818822], [-75.9174816676249, 4.428665459818822], [-75.9174816676249, 4.429012810222265], [-75.91782463286238, 4.429012810222265], [-75.91782463286238, 4.42936016046043], [-75.92022538952473, 4.42936016046043], [-75.92022538952473, 4.429707510533307], [-75.92091131999969, 4.429707510533307], [-75.92091131999969, 4.430054860440887], [-75.92125428523718, 4.430054860440887], [-75.92125428523718, 4.431096909171697], [-75.92159725047466, 4.431096909171697], [-75.92159725047466, 4.431444258417944], [-75.92194021571216, 4.431444258417944], [-75.92194021571216, 4.431791607498837], [-75.92434097237451, 4.431791607498837], [-75.92434097237451, 4.431444258417944], [-75.92468393761197, 4.431444258417944], [-75.92468393761197, 4.431096909171697], [-75.92536986808695, 4.431096909171697], [-75.92536986808695, 4.430749559760096], [-75.92571283332444, 4.430749559760096], [-75.92571283332444, 4.431096909171697], [-75.92639876379937, 4.431096909171697], [-75.92639876379937, 4.431444258417944], [-75.92708469427433, 4.431444258417944], [-75.92708469427433, 4.4321389564143425], [-75.9277706247493, 4.4321389564143425], [-75.9277706247493, 4.433181002168477], [-75.92742765951184, 4.433181002168477], [-75.92742765951184, 4.434223046433756], [-75.9260557985619, 4.434223046433756], [-75.9260557985619, 4.434917741783296], [-75.92674172903688, 4.434917741783296], [-75.92674172903688, 4.435265089209828], [-75.9281135899868, 4.435265089209828], [-75.9281135899868, 4.4380438626628385], [-75.92845655522426, 4.4380438626628385], [-75.92845655522426, 4.438391208599358], [-75.9281135899868, 4.438391208599358], [-75.9281135899868, 4.439780590689104], [-75.92845655522426, 4.439780590689104], [-75.92845655522426, 4.440127935797388], [-75.92879952046172, 4.440127935797388], [-75.92879952046172, 4.4404752807399905], [-75.92914248569923, 4.4404752807399905], [-75.92914248569923, 4.44255934691548], [-75.92845655522426, 4.44255934691548], [-75.92845655522426, 4.442906690697921], [-75.9277706247493, 4.442906690697921], [-75.9277706247493, 4.443254034314572], [-75.92674172903688, 4.443254034314572], [-75.92674172903688, 4.4436013777654235], [-75.92639876379937, 4.4436013777654235], [-75.92639876379937, 4.444990749910558], [-75.9260557985619, 4.444990749910558], [-75.9260557985619, 4.445338092532214], [-75.9250269028495, 4.445338092532214], [-75.9250269028495, 4.445685434987986], [-75.92468393761197, 4.445685434987986], [-75.92468393761197, 4.446380119401846], [-75.92434097237451, 4.446380119401846], [-75.92434097237451, 4.446727461359909], [-75.92399800713702, 4.446727461359909], [-75.92399800713702, 4.4470748031520415], [-75.92365504189954, 4.4470748031520415], [-75.92365504189954, 4.44776948623846], [-75.92399800713702, 4.44776948623846], [-75.92399800713702, 4.448811509623298], [-75.92434097237451, 4.448811509623298], [-75.92434097237451, 4.449506191049844], [-75.92399800713702, 4.449506191049844], [-75.92399800713702, 4.449853531514072], [-75.92434097237451, 4.449853531514072], [-75.92434097237451, 4.450548211944383], [-75.92468393761197, 4.450548211944383], [-75.92468393761197, 4.451242891710408], [-75.92434097237451, 4.451242891710408], [-75.92434097237451, 4.452632249249197], [-75.92399800713702, 4.452632249249197], [-75.92399800713702, 4.453326927021746], [-75.92365504189954, 4.453326927021746], [-75.92365504189954, 4.45367426565877], [-75.92331207666204, 4.45367426565877], [-75.92331207666204, 4.454716280572661], [-75.92296911142458, 4.454716280572661], [-75.92296911142458, 4.455063618544861], [-75.92262614618708, 4.455063618544861], [-75.92262614618708, 4.456105631463971], [-75.92228318094962, 4.456105631463971], [-75.92228318094962, 4.4574949796948475], [-75.92262614618708, 4.4574949796948475], [-75.92262614618708, 4.4581896528123695], [-75.92296911142458, 4.4581896528123695], [-75.92296911142458, 4.458884325264476], [-75.92331207666204, 4.458884325264476], [-75.92331207666204, 4.459578997051061], [-75.92365504189954, 4.459578997051061], [-75.92365504189954, 4.460621003482866], [-75.92399800713702, 4.460621003482866], [-75.92399800713702, 4.461663008416676], [-75.92434097237451, 4.461663008416676], [-75.92434097237451, 4.463747013788928], [-75.92399800713702, 4.463747013788928], [-75.92399800713702, 4.466873010603658], [-75.92365504189954, 4.466873010603658], [-75.92365504189954, 4.468957000980335], [-75.92399800713702, 4.468957000980335], [-75.92399800713702, 4.470693655041997], [-75.92434097237451, 4.470693655041997], [-75.92434097237451, 4.4727776344109], [-75.92399800713702, 4.4727776344109], [-75.92399800713702, 4.473124963721664], [-75.92365504189954, 4.473124963721664], [-75.92365504189954, 4.475208936080759], [-75.92331207666204, 4.475208936080759], [-75.92331207666204, 4.4790295364574595], [-75.92365504189954, 4.4790295364574595], [-75.92365504189954, 4.4793768627619395], [-75.92399800713702, 4.4793768627619395], [-75.92399800713702, 4.479724188899281], [-75.92434097237451, 4.479724188899281], [-75.92434097237451, 4.4804188406725], [-75.92399800713702, 4.4804188406725], [-75.92399800713702, 4.481113491777012], [-75.92331207666204, 4.481113491777012], [-75.92331207666204, 4.4818081422127145], [-75.92296911142458, 4.4818081422127145], [-75.92296911142458, 4.482155467179733], [-75.92262614618708, 4.482155467179733], [-75.92262614618708, 4.482502791979509], [-75.92228318094962, 4.482502791979509], [-75.92228318094962, 4.482850116612032], [-75.92194021571216, 4.482850116612032], [-75.92194021571216, 4.483197441077286], [-75.92056835476222, 4.483197441077286], [-75.92056835476222, 4.483544765375267], [-75.92022538952473, 4.483544765375267], [-75.92022538952473, 4.48389208950595], [-75.91988242428727, 4.48389208950595], [-75.91988242428727, 4.4849340608941235], [-75.9195394590498, 4.4849340608941235], [-75.9195394590498, 4.485976030776208], [-75.91919649381231, 4.485976030776208], [-75.91919649381231, 4.486670676527372], [-75.91851056333734, 4.486670676527372], [-75.91851056333734, 4.487365321608908], [-75.91816759809987, 4.487365321608908], [-75.91816759809987, 4.488407287975428], [-75.91782463286238, 4.488407287975428], [-75.91782463286238, 4.489796574119456], [-75.91851056333734, 4.489796574119456], [-75.91851056333734, 4.490491216186381], [-75.91885352857483, 4.490491216186381], [-75.91885352857483, 4.492227818421359], [-75.91919649381231, 4.492227818421359], [-75.91919649381231, 4.493269777751089], [-75.9195394590498, 4.493269777751089], [-75.9195394590498, 4.495006373280764], [-75.91988242428727, 4.495006373280764], [-75.91988242428727, 4.495701010318711], [-75.9195394590498, 4.495701010318711], [-75.9195394590498, 4.49604832858608], [-75.91919649381231, 4.49604832858608], [-75.91919649381231, 4.498132234666991], [-75.9195394590498, 4.498132234666991], [-75.9195394590498, 4.498826868684773], [-75.91919649381231, 4.498826868684773], [-75.91919649381231, 4.5016053980405974], [-75.91885352857483, 4.5016053980405974], [-75.91885352857483, 4.501952713454391], [-75.91919649381231, 4.501952713454391], [-75.91919649381231, 4.502300028700207], [-75.91885352857483, 4.502300028700207], [-75.91885352857483, 4.502647343778039], [-75.91816759809987, 4.502647343778039], [-75.91816759809987, 4.504731230716614], [-75.91851056333734, 4.504731230716614], [-75.91851056333734, 4.505078544618186], [-75.91816759809987, 4.505078544618186], [-75.91816759809987, 4.505773171917048], [-75.9174816676249, 4.505773171917048], [-75.9174816676249, 4.506467798543462], [-75.91713870238742, 4.506467798543462], [-75.91713870238742, 4.507509737221989], [-75.91610980667498, 4.507509737221989], [-75.91610980667498, 4.508551674386909], [-75.91679573714994, 4.508551674386909], [-75.91679573714994, 4.509246298322458], [-75.91610980667498, 4.509246298322458], [-75.91610980667498, 4.51063554417454], [-75.9174816676249, 4.51063554417454], [-75.9174816676249, 4.511330166090869], [-75.91713870238742, 4.511330166090869], [-75.91713870238742, 4.511677476796557], [-75.91679573714994, 4.511677476796557], [-75.91679573714994, 4.512024787333916], [-75.91645277191246, 4.512024787333916], [-75.91645277191246, 4.512372097702928], [-75.91610980667498, 4.512372097702928], [-75.91610980667498, 4.513414027799761], [-75.9157668414375, 4.513414027799761], [-75.9157668414375, 4.5137613374952625], [-75.91542387620002, 4.5137613374952625], [-75.91542387620002, 4.514803265571255], [-75.91610980667498, 4.514803265571255], [-75.91610980667498, 4.5165398089954385], [-75.91645277191246, 4.5165398089954385], [-75.91645277191246, 4.519318269710805], [-75.91610980667498, 4.519318269710805], [-75.91610980667498, 4.52001288320375], [-75.9157668414375, 4.52001288320375], [-75.9157668414375, 4.521054802178326], [-75.91542387620002, 4.521054802178326], [-75.91542387620002, 4.5214021081658435], [-75.91508091096254, 4.5214021081658435], [-75.91508091096254, 4.521749413984669], [-75.91439498048759, 4.521749413984669], [-75.91439498048759, 4.522791330428857], [-75.9140520152501, 4.522791330428857], [-75.9140520152501, 4.524527854460794], [-75.91370905001263, 4.524527854460794], [-75.91370905001263, 4.525222462892002], [-75.91336608477515, 4.525222462892002], [-75.91336608477515, 4.526611677728308], [-75.91302311953767, 4.526611677728308], [-75.91302311953767, 4.527653587082288], [-75.91336608477515, 4.527653587082288], [-75.91336608477515, 4.528000889862455], [-75.91370905001263, 4.528000889862455], [-75.91370905001263, 4.528348192473682], [-75.9140520152501, 4.528348192473682], [-75.9140520152501, 4.530084702995323], [-75.91370905001263, 4.530084702995323], [-75.91370905001263, 4.530779306020972], [-75.91336608477515, 4.530779306020972], [-75.91336608477515, 4.531473908370464], [-75.91268015430019, 4.531473908370464], [-75.91268015430019, 4.531821209291619], [-75.91233718906271, 4.531821209291619], [-75.91233718906271, 4.532863111040566], [-75.91199422382523, 4.532863111040566], [-75.91199422382523, 4.533210411285337], [-75.91130829335027, 4.533210411285337], [-75.91130829335027, 4.533557711360974], [-75.9102793976378, 4.533557711360974], [-75.9102793976378, 4.533210411285337], [-75.90993643240034, 4.533210411285337], [-75.90993643240034, 4.533557711360974], [-75.90719271050048, 4.533557711360974], [-75.90719271050048, 4.533210411285337], [-75.90616381478806, 4.533210411285337], [-75.90616381478806, 4.533557711360974], [-75.90513491907564, 4.533557711360974], [-75.90513491907564, 4.533905011267467], [-75.90444898860066, 4.533905011267467], [-75.90444898860066, 4.5345996105729816], [-75.90410602336316, 4.5345996105729816], [-75.90410602336316, 4.534946909971977], [-75.9037630581257, 4.534946909971977], [-75.9037630581257, 4.535641508262367], [-75.9034200928882, 4.535641508262367], [-75.9034200928882, 4.53633610587588], [-75.90239119717577, 4.53633610587588], [-75.90239119717577, 4.53668340442878], [-75.90204823193832, 4.53668340442878], [-75.90204823193832, 4.537378001026789], [-75.9017052667008, 4.537378001026789], [-75.9017052667008, 4.538072596947661], [-75.90204823193832, 4.538072596947661], [-75.90204823193832, 4.538419894654142], [-75.89964747527597, 4.538419894654142], [-75.89964747527597, 4.538072596947661], [-75.89930451003845, 4.538072596947661], [-75.89930451003845, 4.538419894654142], [-75.89861857956349, 4.538419894654142], [-75.89861857956349, 4.538767192191301], [-75.89758968385105, 4.538767192191301], [-75.89758968385105, 4.538072596947661], [-75.8951889271887, 4.538072596947661], [-75.8951889271887, 4.537378001026789], [-75.8948459619512, 4.537378001026789], [-75.8948459619512, 4.538072596947661], [-75.89381706623878, 4.538072596947661], [-75.89381706623878, 4.539114489559125], [-75.8934741010013, 4.539114489559125], [-75.8934741010013, 4.539461786757598], [-75.89313113576381, 4.539461786757598], [-75.89313113576381, 4.539809083786716], [-75.89278817052634, 4.539809083786716], [-75.89278817052634, 4.540156380646459], [-75.89244520528885, 4.540156380646459], [-75.89244520528885, 4.5405036773368135], [-75.89210224005139, 4.5405036773368135], [-75.89210224005139, 4.542934749425421], [-75.89278817052634, 4.542934749425421], [-75.89278817052634, 4.543629339925531], [-75.89313113576381, 4.543629339925531], [-75.89313113576381, 4.543976634921318], [-75.8934741010013, 4.543976634921318], [-75.8934741010013, 4.544671224404303], [-75.89381706623878, 4.544671224404303], [-75.89381706623878, 4.545018518891473], [-75.89416003147628, 4.545018518891473], [-75.89416003147628, 4.5477968686833705], [-75.89450299671374, 4.5477968686833705], [-75.89450299671374, 4.548838747056148], [-75.8948459619512, 4.548838747056148], [-75.8948459619512, 4.549880623901567], [-75.89553189242616, 4.549880623901567], [-75.89553189242616, 4.554742695641502], [-75.89587485766366, 4.554742695641502], [-75.89587485766366, 4.55543727460065], [-75.8951889271887, 4.55543727460065], [-75.8951889271887, 4.556131852879995], [-75.8948459619512, 4.556131852879995], [-75.8948459619512, 4.55682643047943], [-75.89450299671374, 4.55682643047943], [-75.89450299671374, 4.557868295603531], [-75.89416003147628, 4.557868295603531], [-75.89416003147628, 4.558910159197262], [-75.89450299671374, 4.558910159197262], [-75.89450299671374, 4.565161308602464], [-75.8948459619512, 4.565161308602464], [-75.8948459619512, 4.570023275549622], [-75.89450299671374, 4.570023275549622], [-75.89450299671374, 4.57071783952933], [-75.89381706623878, 4.57071783952933], [-75.89381706623878, 4.571412402826977], [-75.8934741010013, 4.571412402826977], [-75.8934741010013, 4.571759684219994], [-75.89313113576381, 4.571759684219994], [-75.89313113576381, 4.573148808086378], [-75.89278817052634, 4.573148808086378], [-75.89278817052634, 4.574537929223068], [-75.89244520528885, 4.574537929223068], [-75.89244520528885, 4.574885209080626], [-75.89210224005139, 4.574885209080626], [-75.89210224005139, 4.575927047629232], [-75.89175927481392, 4.575927047629232], [-75.89175927481392, 4.576274326804037], [-75.89141630957641, 4.576274326804037], [-75.89141630957641, 4.577663441795897], [-75.89107334433893, 4.577663441795897], [-75.89107334433893, 4.5787052762467235], [-75.89073037910146, 4.5787052762467235], [-75.89073037910146, 4.5842617006793045], [-75.89038741386398, 4.5842617006793045], [-75.89038741386398, 4.585303525388013], [-75.8900444486265, 4.585303525388013], [-75.8900444486265, 4.585650799948822], [-75.89073037910146, 4.585650799948822], [-75.89073037910146, 4.586692622604789], [-75.89038741386398, 4.586692622604789], [-75.89038741386398, 4.588081717083851], [-75.88970148338902, 4.588081717083851], [-75.88970148338902, 4.588776263296486], [-75.89073037910146, 4.588776263296486], [-75.89073037910146, 4.589123536146032], [-75.89244520528885, 4.589123536146032], [-75.89244520528885, 4.589470808824382], [-75.89278817052634, 4.589470808824382], [-75.89278817052634, 4.589818081331525], [-75.8934741010013, 4.589818081331525], [-75.8934741010013, 4.590165353667442], [-75.89416003147628, 4.590165353667442], [-75.89416003147628, 4.590512625832124], [-75.89450299671374, 4.590512625832124], [-75.89450299671374, 4.590859897825558], [-75.8951889271887, 4.590859897825558], [-75.8951889271887, 4.591207169647733], [-75.89553189242616, 4.591207169647733], [-75.89553189242616, 4.591554441298634], [-75.89621782290114, 4.591554441298634], [-75.89621782290114, 4.591901712778247], [-75.89656078813863, 4.591901712778247], [-75.89656078813863, 4.592596255223561], [-75.89861857956349, 4.592596255223561], [-75.89861857956349, 4.593985338058189], [-75.89930451003845, 4.593985338058189], [-75.89930451003845, 4.594332608338437], [-75.89964747527597, 4.594332608338437], [-75.89964747527597, 4.596068957168574], [-75.9034200928882, 4.596068957168574], [-75.9034200928882, 4.596763495500547], [-75.90273416241327, 4.596763495500547], [-75.90273416241327, 4.59711076440932], [-75.90307712765073, 4.59711076440932], [-75.90307712765073, 4.597805301712375], [-75.90410602336316, 4.597805301712375], [-75.90410602336316, 4.5974580331466], [-75.90479195383813, 4.5974580331466], [-75.90479195383813, 4.59711076440932], [-75.90547788431309, 4.59711076440932], [-75.90547788431309, 4.5974580331466], [-75.90650678002555, 4.5974580331466], [-75.90650678002555, 4.598499838329361], [-75.90616381478806, 4.598499838329361], [-75.90616381478806, 4.598847106380541], [-75.9058208495506, 4.598847106380541], [-75.9058208495506, 4.599541641968231], [-75.90547788431309, 4.599541641968231], [-75.90547788431309, 4.600236176869585], [-75.90513491907564, 4.600236176869585], [-75.90513491907564, 4.600930711084516], [-75.90479195383813, 4.600930711084516], [-75.90479195383813, 4.601625244612909], [-75.90444898860066, 4.601625244612909], [-75.90444898860066, 4.601972511119624], [-75.90410602336316, 4.601972511119624], [-75.90410602336316, 4.602667043618025], [-75.9037630581257, 4.602667043618025], [-75.9037630581257, 4.603361575429637], [-75.9034200928882, 4.603361575429637], [-75.9034200928882, 4.604056106554356], [-75.90307712765073, 4.604056106554356], [-75.90307712765073, 4.6047506369920805], [-75.90273416241327, 4.6047506369920805], [-75.90273416241327, 4.605097901953288], [-75.90307712765073, 4.605097901953288], [-75.90307712765073, 4.6054451667427045], [-75.9034200928882, 4.6054451667427045], [-75.9034200928882, 4.6085705421149274], [-75.90307712765073, 4.6085705421149274], [-75.90307712765073, 4.60926506808468], [-75.90273416241327, 4.60926506808468], [-75.90273416241327, 4.610306855749707], [-75.90239119717577, 4.610306855749707], [-75.90239119717577, 4.610654117960776], [-75.90204823193832, 4.610654117960776], [-75.90204823193832, 4.61169590356197], [-75.9017052667008, 4.61169590356197], [-75.9017052667008, 4.612390426435966], [-75.90136230146335, 4.612390426435966], [-75.90136230146335, 4.613084948621734], [-75.90101933622584, 4.613084948621734], [-75.90101933622584, 4.6148212510744795], [-75.90067637098838, 4.6148212510744795], [-75.90067637098838, 4.6151685110486405], [-75.90033340575091, 4.6151685110486405], [-75.90033340575091, 4.615863030480469], [-75.89999044051342, 4.615863030480469], [-75.89999044051342, 4.617252067277802], [-75.89964747527597, 4.617252067277802], [-75.89964747527597, 4.617946584643096], [-75.89896154480098, 4.617946584643096], [-75.89896154480098, 4.618293843067359], [-75.89861857956349, 4.618293843067359], [-75.89861857956349, 4.6193356173064375], [-75.89827561432602, 4.6193356173064375], [-75.89827561432602, 4.620377389994693], [-75.89793264908852, 4.620377389994693], [-75.89793264908852, 4.621071904258462], [-75.89758968385105, 4.621071904258462], [-75.89758968385105, 4.622113674361243], [-75.89724671861356, 4.622113674361243], [-75.89724671861356, 4.622460930717352], [-75.8969037533761, 4.622460930717352], [-75.8969037533761, 4.622808186901036], [-75.89656078813863, 4.622808186901036], [-75.89656078813863, 4.623849954417379], [-75.89587485766366, 4.623849954417379], [-75.89587485766366, 4.624197209911215], [-75.89553189242616, 4.624197209911215], [-75.89553189242616, 4.624544465232562], [-75.8948459619512, 4.624544465232562], [-75.8948459619512, 4.624891720381395], [-75.89450299671374, 4.624891720381395], [-75.89450299671374, 4.625238975357713], [-75.89416003147628, 4.625238975357713], [-75.89416003147628, 4.625933484792742], [-75.89381706623878, 4.625933484792742], [-75.89381706623878, 4.626627993537539], [-75.8934741010013, 4.626627993537539], [-75.8934741010013, 4.627322501592001], [-75.89313113576381, 4.627322501592001], [-75.89313113576381, 4.627669755360327], [-75.89278817052634, 4.627669755360327], [-75.89278817052634, 4.628017008956032], [-75.89244520528885, 4.628017008956032], [-75.89244520528885, 4.6283642623791], [-75.89210224005139, 4.6283642623791], [-75.89210224005139, 4.629406021612367], [-75.89141630957641, 4.629406021612367], [-75.89141630957641, 4.630447779291466], [-75.89107334433893, 4.630447779291466], [-75.89107334433893, 4.631142283547262], [-75.89073037910146, 4.631142283547262], [-75.89073037910146, 4.631836787112059], [-75.89038741386398, 4.631836787112059], [-75.89038741386398, 4.63253128998575], [-75.8900444486265, 4.63253128998575], [-75.8900444486265, 4.632878541163402], [-75.88935851815152, 4.632878541163402], [-75.88935851815152, 4.63253128998575], [-75.88901555291406, 4.63253128998575], [-75.88901555291406, 4.63600379398407], [-75.88867258767658, 4.63600379398407], [-75.88867258767658, 4.636698292708985], [-75.8883296224391, 4.636698292708985], [-75.8883296224391, 4.637740039499164], [-75.88798665720162, 4.637740039499164], [-75.88798665720162, 4.638434536494329], [-75.88764369196414, 4.638434536494329], [-75.88764369196414, 4.642254257594101], [-75.88730072672666, 4.642254257594101], [-75.88730072672666, 4.645032223416503], [-75.88764369196414, 4.645032223416503], [-75.88764369196414, 4.645726713139726], [-75.88798665720162, 4.645726713139726], [-75.88798665720162, 4.646073957741409], [-75.88867258767658, 4.646073957741409], [-75.88867258767658, 4.646768446424853], [-75.88901555291406, 4.646768446424853], [-75.88901555291406, 4.6474629344149925], [-75.88935851815152, 4.6474629344149925], [-75.88935851815152, 4.648504665100013], [-75.89107334433893, 4.648504665100013], [-75.89107334433893, 4.648851908314922], [-75.89141630957641, 4.648851908314922], [-75.89141630957641, 4.649199151356424], [-75.89175927481392, 4.649199151356424], [-75.89175927481392, 4.650240879440374], [-75.89141630957641, 4.650240879440374], [-75.89141630957641, 4.650935363962416], [-75.89175927481392, 4.650935363962416], [-75.89175927481392, 4.651282605963222], [-75.89210224005139, 4.651282605963222], [-75.89210224005139, 4.651629847790533], [-75.89244520528885, 4.651629847790533], [-75.89244520528885, 4.653366054324216], [-75.89210224005139, 4.653366054324216], [-75.89210224005139, 4.6537132951102915], [-75.89175927481392, 4.6537132951102915], [-75.89175927481392, 4.654407776161673], [-75.89141630957641, 4.654407776161673], [-75.89141630957641, 4.6547550164269555], [-75.89107334433893, 4.6547550164269555], [-75.89107334433893, 4.655102256518614], [-75.89073037910146, 4.655102256518614], [-75.89073037910146, 4.655796736181011], [-75.89038741386398, 4.655796736181011], [-75.89038741386398, 4.656143975751726], [-75.88970148338902, 4.656143975751726], [-75.88970148338902, 4.657185693421767], [-75.88935851815152, 4.657185693421767], [-75.88935851815152, 4.658227409528395], [-75.88901555291406, 4.658227409528395], [-75.88901555291406, 4.6585746478831185], [-75.88867258767658, 4.6585746478831185], [-75.88867258767658, 4.658921886064079], [-75.8883296224391, 4.658921886064079], [-75.8883296224391, 4.659269124071262], [-75.88764369196414, 4.659269124071262], [-75.88764369196414, 4.659963599564247], [-75.88730072672666, 4.659963599564247], [-75.88730072672666, 4.6610053115000785], [-75.88764369196414, 4.6610053115000785], [-75.88764369196414, 4.662047021871223], [-75.88730072672666, 4.662047021871223], [-75.88730072672666, 4.662741494582544], [-75.88867258767658, 4.662741494582544], [-75.88867258767658, 4.663088730677335], [-75.88901555291406, 4.663088730677335], [-75.88901555291406, 4.66378320234511], [-75.88935851815152, 4.66378320234511], [-75.88935851815152, 4.664130437918071], [-75.88970148338902, 4.664130437918071], [-75.88970148338902, 4.664477673317059], [-75.8900444486265, 4.664477673317059], [-75.8900444486265, 4.664824908542069], [-75.89073037910146, 4.664824908542069], [-75.89073037910146, 4.6662138477020205], [-75.89038741386398, 4.6662138477020205], [-75.89038741386398, 4.666908316237771], [-75.8900444486265, 4.666908316237771], [-75.8900444486265, 4.667602784077232], [-75.88970148338902, 4.667602784077232], [-75.88970148338902, 4.667950017735824], [-75.8900444486265, 4.667950017735824], [-75.8900444486265, 4.66864448453066], [-75.88970148338902, 4.66864448453066], [-75.88970148338902, 4.6693389506289495], [-75.8900444486265, 4.6693389506289495], [-75.8900444486265, 4.670033416030592], [-75.89038741386398, 4.670033416030592], [-75.89038741386398, 4.6717695764862], [-75.89141630957641, 4.6717695764862], [-75.89141630957641, 4.672116808054615], [-75.89175927481392, 4.672116808054615], [-75.89175927481392, 4.674894654327353], [-75.89141630957641, 4.674894654327353], [-75.89141630957641, 4.675936343802922], [-75.89107334433893, 4.675936343802922], [-75.89107334433893, 4.676283573279317], [-75.89073037910146, 4.676283573279317], [-75.89073037910146, 4.678019718044761], [-75.89038741386398, 4.678019718044761], [-75.89038741386398, 4.679061402810343], [-75.8900444486265, 4.679061402810343], [-75.8900444486265, 4.679408630716512], [-75.88970148338902, 4.679408630716512], [-75.88970148338902, 4.6801030860052295], [-75.88935851815152, 4.6801030860052295], [-75.88935851815152, 4.6835753519732], [-75.88901555291406, 4.6835753519732], [-75.88901555291406, 4.683922577609426], [-75.88867258767658, 4.683922577609426], [-75.88867258767658, 4.684269803070951], [-75.88798665720162, 4.684269803070951], [-75.88798665720162, 4.688436494977907], [-75.88764369196414, 4.688436494977907], [-75.88764369196414, 4.688783718167154], [-75.8866147962517, 4.688783718167154], [-75.8866147962517, 4.689478164020996], [-75.88627183101423, 4.689478164020996], [-75.88627183101423, 4.690519831489926], [-75.88592886577675, 4.690519831489926], [-75.88592886577675, 4.691214275594515], [-75.88627183101423, 4.691214275594515], [-75.88627183101423, 4.693644824448325], [-75.88592886577675, 4.693644824448325], [-75.88592886577675, 4.69399204501302], [-75.88558590053927, 4.69399204501302], [-75.88558590053927, 4.694339265402639], [-75.88489997006427, 4.694339265402639], [-75.88489997006427, 4.694686485617176], [-75.88455700482682, 4.694686485617176], [-75.88455700482682, 4.695033705656611], [-75.88387107435186, 4.695033705656611], [-75.88387107435186, 4.6953809255209356], [-75.88352810911438, 4.6953809255209356], [-75.88352810911438, 4.696422584063112], [-75.88318514387689, 4.696422584063112], [-75.88318514387689, 4.69746424102883], [-75.88284217863942, 4.69746424102883], [-75.88284217863942, 4.697811459667017], [-75.88249921340191, 4.697811459667017], [-75.88249921340191, 4.6985058964177355], [-75.88215624816446, 4.6985058964177355], [-75.88215624816446, 4.700936419524522], [-75.88181328292698, 4.700936419524522], [-75.88181328292698, 4.7012836364099915], [-75.8814703176895, 4.7012836364099915], [-75.8814703176895, 4.7030197182069475], [-75.88112735245203, 4.7030197182069475], [-75.88112735245203, 4.70336693404017], [-75.88078438721453, 4.70336693404017], [-75.88078438721453, 4.703714149697973], [-75.88044142197707, 4.703714149697973], [-75.88044142197707, 4.704061365180347], [-75.88009845673956, 4.704061365180347], [-75.88009845673956, 4.704755795618743], [-75.88044142197707, 4.704755795618743], [-75.88044142197707, 4.7064918686437744], [-75.88009845673956, 4.7064918686437744], [-75.88009845673956, 4.706839082722224], [-75.87941252626463, 4.706839082722224], [-75.87941252626463, 4.707186296625132], [-75.87906956102715, 4.707186296625132], [-75.87906956102715, 4.707880723904251], [-75.87872659578967, 4.707880723904251], [-75.87872659578967, 4.7082279372804345], [-75.87838363055218, 4.7082279372804345], [-75.87838363055218, 4.709269576355351], [-75.87804066531467, 4.709269576355351], [-75.87804066531467, 4.709616789029063], [-75.8776977000772, 4.709616789029063], [-75.8776977000772, 4.7113528497626245], [-75.87735473483974, 4.7113528497626245], [-75.87735473483974, 4.7120472728261396], [-75.87701176960225, 4.7120472728261396], [-75.87701176960225, 4.71308890610333], [-75.87632583912728, 4.71308890610333], [-75.87632583912728, 4.7134361168441865], [-75.87598287388982, 4.7134361168441865], [-75.87598287388982, 4.715866587107307], [-75.87563990865232, 4.715866587107307], [-75.87563990865232, 4.71656100559975], [-75.87529694341485, 4.71656100559975], [-75.87529694341485, 4.717602632019077], [-75.87495397817739, 4.717602632019077], [-75.87495397817739, 4.718991464781561], [-75.87358211722746, 4.718991464781561], [-75.87358211722746, 4.720380294728091], [-75.8728961867525, 4.720380294728091], [-75.8728961867525, 4.722116328200089], [-75.87255322151503, 4.722116328200089], [-75.87255322151503, 4.722463534366204], [-75.87221025627754, 4.722463534366204], [-75.87221025627754, 4.722810740356193], [-75.87186729104003, 4.722810740356193], [-75.87186729104003, 4.724199562554654], [-75.87221025627754, 4.724199562554654], [-75.87221025627754, 4.725241177353554], [-75.87323915198999, 4.725241177353554], [-75.87323915198999, 4.725935586338375], [-75.87495397817739, 4.725935586338375], [-75.87495397817739, 4.726282790566413], [-75.87529694341485, 4.726282790566413], [-75.87529694341485, 4.726977198493678], [-75.8766688043648, 4.726977198493678], [-75.8766688043648, 4.726629994618183], [-75.87906956102715, 4.726629994618183], [-75.87906956102715, 4.726282790566413], [-75.88044142197707, 4.726282790566413], [-75.88044142197707, 4.726629994618183], [-75.88249921340191, 4.726629994618183], [-75.88249921340191, 4.726977198493678], [-75.88352810911438, 4.726977198493678], [-75.88352810911438, 4.727671605715773], [-75.88387107435186, 4.727671605715773], [-75.88387107435186, 4.728018809062354], [-75.88318514387689, 4.728018809062354], [-75.88318514387689, 4.728713215226504], [-75.88215624816446, 4.728713215226504], [-75.88215624816446, 4.72906041804406], [-75.88181328292698, 4.72906041804406], [-75.88181328292698, 4.72940762068524], [-75.8814703176895, 4.72940762068524], [-75.8814703176895, 4.730102025438447], [-75.88112735245203, 4.730102025438447], [-75.88112735245203, 4.73079642948603], [-75.8814703176895, 4.73079642948603], [-75.8814703176895, 4.731143631245175], [-75.88181328292698, 4.731143631245175], [-75.88181328292698, 4.731490832827877], [-75.88215624816446, 4.731490832827877], [-75.88215624816446, 4.732185235463895], [-75.88249921340191, 4.732185235463895], [-75.88249921340191, 4.733226838094254], [-75.88215624816446, 4.733226838094254], [-75.88215624816446, 4.733574038618019], [-75.88249921340191, 4.733574038618019], [-75.88249921340191, 4.734615639130033], [-75.88318514387689, 4.734615639130033], [-75.88318514387689, 4.735310038588534], [-75.88352810911438, 4.735310038588534], [-75.88352810911438, 4.736698835386233], [-75.88318514387689, 4.736698835386233], [-75.88318514387689, 4.737740431129727], [-75.88352810911438, 4.737740431129727], [-75.88352810911438, 4.739476420501581], [-75.88387107435186, 4.739476420501581], [-75.88387107435186, 4.7398236178457465], [-75.88352810911438, 4.7398236178457465], [-75.88352810911438, 4.741906798198194], [-75.88387107435186, 4.741906798198194], [-75.88387107435186, 4.74294838598721], [-75.88421403958934, 4.74294838598721], [-75.88421403958934, 4.743642776962167], [-75.88455700482682, 4.743642776962167], [-75.88455700482682, 4.7439899721842895], [-75.88592886577675, 4.7439899721842895], [-75.88592886577675, 4.745725945640854], [-75.8866147962517, 4.745725945640854], [-75.8866147962517, 4.746073139801268], [-75.88695776148917, 4.746073139801268], [-75.88695776148917, 4.746420333784685], [-75.8883296224391, 4.746420333784685], [-75.8883296224391, 4.747114721220473], [-75.88867258767658, 4.747114721220473], [-75.88867258767658, 4.750933839456525], [-75.88901555291406, 4.750933839456525], [-75.88901555291406, 4.753016985823098], [-75.88970148338902, 4.753016985823098], [-75.88970148338902, 4.75336417626388], [-75.89107334433893, 4.75336417626388], [-75.89107334433893, 4.753016985823098], [-75.89210224005139, 4.753016985823098], [-75.89210224005139, 4.75336417626388], [-75.89313113576381, 4.75336417626388], [-75.89313113576381, 4.753711366527398], [-75.8934741010013, 4.753711366527398], [-75.8934741010013, 4.754058556613636], [-75.89416003147628, 4.754058556613636], [-75.89416003147628, 4.755100125808547], [-75.89450299671374, 4.755100125808547], [-75.89450299671374, 4.755447315185542], [-75.8948459619512, 4.755447315185542], [-75.8948459619512, 4.75579450438519], [-75.8951889271887, 4.75579450438519], [-75.8951889271887, 4.756836070919956], [-75.89587485766366, 4.756836070919956], [-75.89587485766366, 4.756488882252412], [-75.8969037533761, 4.756488882252412], [-75.8969037533761, 4.756836070919956], [-75.89724671861356, 4.756836070919956], [-75.89724671861356, 4.757183259410104], [-75.89758968385105, 4.757183259410104], [-75.89758968385105, 4.757877635858172], [-75.89861857956349, 4.757877635858172], [-75.89861857956349, 4.757530447722846], [-75.89896154480098, 4.757530447722846], [-75.89896154480098, 4.759266386624999], [-75.89861857956349, 4.759266386624999], [-75.89861857956349, 4.7603079478365835], [-75.89827561432602, 4.7603079478365835], [-75.89827561432602, 4.760655134552082], [-75.89758968385105, 4.760655134552082], [-75.89758968385105, 4.7623910654662875], [-75.89793264908852, 4.7623910654662875], [-75.89793264908852, 4.763085436588867], [-75.89758968385105, 4.763085436588867], [-75.89758968385105, 4.76343262188372], [-75.89724671861356, 4.76343262188372], [-75.89724671861356, 4.7641269919405085], [-75.8969037533761, 4.7641269919405085], [-75.8969037533761, 4.764474176702407], [-75.89656078813863, 4.764474176702407], [-75.89656078813863, 4.764821361286635], [-75.89621782290114, 4.764821361286635], [-75.89621782290114, 4.765168545693173], [-75.89587485766366, 4.765168545693173], [-75.89587485766366, 4.764821361286635], [-75.89553189242616, 4.764821361286635], [-75.89553189242616, 4.765168545693173], [-75.8951889271887, 4.765168545693173], [-75.8951889271887, 4.765515729922005], [-75.8948459619512, 4.765515729922005], [-75.8948459619512, 4.765862913973129], [-75.89450299671374, 4.765862913973129], [-75.89450299671374, 4.76621009784652], [-75.89244520528885, 4.76621009784652], [-75.89244520528885, 4.766904465060068], [-75.88935851815152, 4.766904465060068], [-75.88935851815152, 4.7665572815421715], [-75.8883296224391, 4.7665572815421715], [-75.8883296224391, 4.76621009784652], [-75.88730072672666, 4.76621009784652], [-75.88730072672666, 4.7665572815421715], [-75.88695776148917, 4.7665572815421715], [-75.88695776148917, 4.766904465060068], [-75.8866147962517, 4.766904465060068], [-75.8866147962517, 4.767251648400202], [-75.88592886577675, 4.767251648400202], [-75.88592886577675, 4.7675988315625535], [-75.88558590053927, 4.7675988315625535], [-75.88558590053927, 4.7682931973538665], [-75.88489997006427, 4.7682931973538665], [-75.88489997006427, 4.768640379982808], [-75.88455700482682, 4.768640379982808], [-75.88455700482682, 4.769681926802584], [-75.88318514387689, 4.769681926802584], [-75.88318514387689, 4.769334744707177], [-75.88284217863942, 4.769334744707177], [-75.88284217863942, 4.770029108720124], [-75.88249921340191, 4.770029108720124], [-75.88249921340191, 4.770376290459782], [-75.88215624816446, 4.770376290459782], [-75.88215624816446, 4.770723472021545], [-75.88181328292698, 4.770723472021545], [-75.88181328292698, 4.771417834611332], [-75.88078438721453, 4.771417834611332], [-75.88078438721453, 4.7710706534054], [-75.88009845673956, 4.7710706534054], [-75.88009845673956, 4.772806557655618], [-75.87975549150211, 4.772806557655618], [-75.87975549150211, 4.773500918109905], [-75.87941252626463, 4.773500918109905], [-75.87941252626463, 4.774542457456225], [-75.87906956102715, 4.774542457456225], [-75.87906956102715, 4.774889636882253], [-75.87941252626463, 4.774889636882253], [-75.87941252626463, 4.775583995200112], [-75.87975549150211, 4.775583995200112], [-75.87975549150211, 4.775931174091917], [-75.87941252626463, 4.775931174091917], [-75.87941252626463, 4.776625531341213], [-75.87906956102715, 4.776625531341213], [-75.87906956102715, 4.7773198878780105], [-75.87872659578967, 4.7773198878780105], [-75.87872659578967, 4.778014243702204], [-75.87838363055218, 4.778014243702204], [-75.87838363055218, 4.778361421347046], [-75.87804066531467, 4.778361421347046], [-75.87804066531467, 4.778014243702204], [-75.87701176960225, 4.778014243702204], [-75.87701176960225, 4.778708598813691], [-75.8766688043648, 4.778708598813691], [-75.8766688043648, 4.779055776102139], [-75.87632583912728, 4.779055776102139], [-75.87632583912728, 4.779402953212372], [-75.87598287388982, 4.779402953212372], [-75.87598287388982, 4.779750130144375], [-75.87563990865232, 4.779750130144375], [-75.87563990865232, 4.780097306898137], [-75.87495397817739, 4.780097306898137], [-75.87495397817739, 4.780444483473645], [-75.8746110129399, 4.780444483473645], [-75.8746110129399, 4.782180363676938], [-75.87426804770244, 4.782180363676938], [-75.87426804770244, 4.7818331879928895], [-75.87392508246492, 4.7818331879928895], [-75.87392508246492, 4.7814860121305225], [-75.87323915198999, 4.7814860121305225], [-75.87323915198999, 4.7818331879928895], [-75.87255322151503, 4.7818331879928895], [-75.87255322151503, 4.782180363676938], [-75.87221025627754, 4.782180363676938], [-75.87221025627754, 4.782527539182657], [-75.87186729104003, 4.782527539182657], [-75.87186729104003, 4.78287471451003], [-75.8711813605651, 4.78287471451003], [-75.8711813605651, 4.783916239421969], [-75.87049543009013, 4.783916239421969], [-75.87049543009013, 4.784263414035842], [-75.87015246485264, 4.784263414035842], [-75.87015246485264, 4.784610588471305], [-75.86980949961517, 4.784610588471305], [-75.86980949961517, 4.784957762728355], [-75.86946653437768, 4.784957762728355], [-75.86946653437768, 4.785304936806963], [-75.86912356914021, 4.785304936806963], [-75.86912356914021, 4.7863464579720745], [-75.86878060390275, 4.7863464579720745], [-75.86878060390275, 4.787387977530827], [-75.86843763866526, 4.787387977530827], [-75.86843763866526, 4.7877351503600485], [-75.86809467342778, 4.7877351503600485], [-75.86809467342778, 4.78912383989145], [-75.86775170819028, 4.78912383989145], [-75.86775170819028, 4.7894710118278665], [-75.86740874295282, 4.7894710118278665], [-75.86740874295282, 4.790165355164886], [-75.86706577771533, 4.790165355164886], [-75.86706577771533, 4.790512526565462], [-75.86672281247786, 4.790512526565462], [-75.86672281247786, 4.790859697787402], [-75.86637984724038, 4.790859697787402], [-75.86637984724038, 4.7912068688306935], [-75.86432205581549, 4.7912068688306935], [-75.86432205581549, 4.791554039695318], [-75.863979090578, 4.791554039695318], [-75.863979090578, 4.791901210381267], [-75.8626072296281, 4.791901210381267], [-75.8626072296281, 4.792595551217079], [-75.86192129915314, 4.792595551217079], [-75.86192129915314, 4.793289891338034], [-75.8608924034407, 4.793289891338034], [-75.8608924034407, 4.792942721366921], [-75.86020647296574, 4.792942721366921], [-75.86020647296574, 4.793289891338034], [-75.85952054249078, 4.793289891338034], [-75.85952054249078, 4.793984230744027], [-75.8574627510659, 4.793984230744027], [-75.8574627510659, 4.7943314001788755], [-75.85711978582839, 4.7943314001788755], [-75.85711978582839, 4.794678569434949], [-75.85643385535346, 4.794678569434949], [-75.85643385535346, 4.795372907410708], [-75.8557479248785, 4.795372907410708], [-75.8557479248785, 4.795720076130368], [-75.85437606392858, 4.795720076130368], [-75.85437606392858, 4.795372907410708], [-75.85369013345363, 4.795372907410708], [-75.85369013345363, 4.794678569434949], [-75.85334716821615, 4.794678569434949], [-75.85334716821615, 4.7943314001788755], [-75.85266123774119, 4.7943314001788755], [-75.85266123774119, 4.794678569434949], [-75.85197530726622, 4.794678569434949], [-75.85197530726622, 4.7950257385122335], [-75.85163234202871, 4.7950257385122335], [-75.85163234202871, 4.795372907410708], [-75.85094641155375, 4.795372907410708], [-75.85094641155375, 4.795720076130368], [-75.85026048107882, 4.795720076130368], [-75.85026048107882, 4.796067244671193], [-75.84923158536635, 4.796067244671193], [-75.84923158536635, 4.797108749220566], [-75.8485456548914, 4.797108749220566], [-75.8485456548914, 4.796761581216307], [-75.84717379394151, 4.796761581216307], [-75.84717379394151, 4.797108749220566], [-75.846830828704, 4.797108749220566], [-75.846830828704, 4.797803084692427], [-75.84580193299158, 4.797803084692427], [-75.84580193299158, 4.79849741944866], [-75.8451160025166, 4.79849741944866], [-75.8451160025166, 4.79884458655838], [-75.84443007204165, 4.79884458655838], [-75.84443007204165, 4.79849741944866], [-75.84340117632922, 4.79849741944866], [-75.84340117632922, 4.79884458655838], [-75.84271524585425, 4.79884458655838], [-75.84271524585425, 4.799191753489159], [-75.84237228061676, 4.799191753489159], [-75.84237228061676, 4.799538920240976], [-75.84202931537929, 4.799538920240976], [-75.84202931537929, 4.800233253207682], [-75.84237228061676, 4.800233253207682], [-75.84237228061676, 4.801274751315234], [-75.84134338490433, 4.801274751315234], [-75.84134338490433, 4.80162191699303], [-75.84065745442938, 4.80162191699303], [-75.84065745442938, 4.8019690824917785], [-75.8403144891919, 4.8019690824917785], [-75.8403144891919, 4.802316247811467], [-75.83894262824197, 4.802316247811467], [-75.83894262824197, 4.8019690824917785], [-75.83859966300447, 4.8019690824917785], [-75.83859966300447, 4.802316247811467], [-75.83654187157961, 4.802316247811467], [-75.83654187157961, 4.802663412952079], [-75.83585594110465, 4.802663412952079], [-75.83585594110465, 4.8030105779136045], [-75.83551297586718, 4.8030105779136045], [-75.83551297586718, 4.803357742696032], [-75.83414111491726, 4.803357742696032], [-75.83414111491726, 4.803704907299345], [-75.8334551844423, 4.803704907299345], [-75.8334551844423, 4.803357742696032], [-75.8331122192048, 4.803357742696032], [-75.8331122192048, 4.802663412952079], [-75.83276925396733, 4.802663412952079], [-75.83276925396733, 4.8030105779136045], [-75.83242628872983, 4.8030105779136045], [-75.83242628872983, 4.802663412952079], [-75.83208332349237, 4.802663412952079], [-75.83208332349237, 4.802316247811467], [-75.83036849730497, 4.802316247811467], [-75.83036849730497, 4.802663412952079], [-75.82933960159251, 4.802663412952079], [-75.82933960159251, 4.802316247811467], [-75.82762477540513, 4.802316247811467], [-75.82762477540513, 4.802663412952079], [-75.82625291445522, 4.802663412952079], [-75.82625291445522, 4.802316247811467], [-75.8248810535053, 4.802316247811467], [-75.8248810535053, 4.802663412952079], [-75.8245380882678, 4.802663412952079], [-75.8245380882678, 4.803704907299345], [-75.82419512303034, 4.803704907299345], [-75.82419512303034, 4.804052071723529], [-75.82350919255538, 4.804052071723529], [-75.82350919255538, 4.805093563921216], [-75.82316622731787, 4.805093563921216], [-75.82316622731787, 4.805440727628774], [-75.8228232620804, 4.805440727628774], [-75.8228232620804, 4.805787891157144], [-75.82213733160545, 4.805787891157144], [-75.82213733160545, 4.806135054506308], [-75.82007954018059, 4.806135054506308], [-75.82007954018059, 4.806482217676264], [-75.8197365749431, 4.806482217676264], [-75.8197365749431, 4.806829380666983], [-75.81527802685584, 4.806829380666983], [-75.81527802685584, 4.807176543478468], [-75.81493506161837, 4.807176543478468], [-75.81493506161837, 4.807523706110696], [-75.81390616590595, 4.807523706110696], [-75.81390616590595, 4.808565192931735], [-75.81287727019348, 4.808565192931735], [-75.81287727019348, 4.808912354846824], [-75.81116244400609, 4.808912354846824], [-75.81116244400609, 4.809259516582589], [-75.81081947876861, 4.809259516582589], [-75.81081947876861, 4.809606678139031], [-75.81047651353113, 4.809606678139031], [-75.81047651353113, 4.810995322571224], [-75.80841872210625, 4.810995322571224], [-75.80841872210625, 4.81134248323082], [-75.80738982639382, 4.81134248323082], [-75.80738982639382, 4.811689643711004], [-75.80704686115634, 4.811689643711004], [-75.80704686115634, 4.813425443420381], [-75.80738982639382, 4.813425443420381], [-75.80738982639382, 4.814119762047834], [-75.80704686115634, 4.814119762047834], [-75.80704686115634, 4.815161238642649], [-75.80670389591884, 4.815161238642649], [-75.80670389591884, 4.81585555547481], [-75.80636093068134, 4.81585555547481], [-75.80636093068134, 4.816202713621536], [-75.80601796544389, 4.816202713621536], [-75.80601796544389, 4.817591344412434]]]}}]}