fecha,Precipitacion,ETP_,Temperatura_minima,Temperatura_maxima,Caudal
1981-01-01,6.489,8.655,8.289,17.57,7.12
1981-01-02,6.885,9.145,8.07,18.117,6.7
1981-01-03,0.0,7.845,9.758,17.43,6.54
1981-01-04,0.0,8.91,7.0,17.07,6.3
1981-01-05,0.0,8.943,7.258,17.273,5.98
1981-01-06,0.369,7.709,8.242,16.164,5.82
1981-01-07,0.238,7.703,8.336,16.211,5.74
1981-01-08,24.221,6.3,8.461,14.352,11.07
1981-01-09,0.238,6.161,8.367,14.086,8.38
1981-01-10,0.266,8.251,7.453,16.359,6.9
1981-01-11,9.342,8.656,7.789,17.141,5.9
1981-01-12,9.185,7.22,9.93,16.602,10.9
1981-01-13,0.313,9.751,9.367,19.68,7.4
1981-01-14,0.0,7.999,9.734,17.5,6.98
1981-01-15,0.0,8.389,8.758,17.352,6.3
1981-01-16,0.0,10.004,5.461,17.539,5.74
1981-01-17,0.0,10.068,7.055,18.562,5.74
1981-01-18,0.0,9.246,9.586,19.016,5.66
1981-01-19,0.0,9.335,9.43,19.023,5.9
1981-01-20,0.299,9.332,8.461,18.359,5.42
1981-01-21,0.0,7.385,10.648,17.227,5.1
1981-01-22,0.0,8.625,9.938,18.359,5.1
1981-01-23,4.314,9.138,9.523,18.742,5.1
1981-01-24,0.0,8.95,8.867,18.039,5.18
1981-01-25,0.0,7.683,8.938,16.359,5.1
1981-01-26,0.346,8.05,9.359,17.133,5.1
1981-01-27,0.0,9.226,8.109,17.883,5.03
1981-01-28,0.0,10.007,7.727,18.68,4.97
1981-01-29,5.068,8.682,8.938,17.641,5.28
1981-01-30,3.462,9.042,8.586,17.875,5.34
1981-01-31,0.325,7.733,8.953,16.352,5.58
1981-02-01,0.0,4.712,9.508,12.891,5.34
1981-02-02,0.0,8.626,8.125,16.961,5.03
1981-02-03,0.665,6.569,8.523,14.445,5.03
1981-02-04,0.472,6.99,9.086,15.398,6.7
1981-02-05,0.0,7.521,8.984,16.023,5.9
1981-02-06,0.0,7.24,8.828,15.516,4.9
1981-02-07,0.0,8.84,7.109,16.492,5.1
1981-02-08,1.643,7.759,8.398,15.883,5.1
1981-02-09,2.297,7.812,9.5,16.703,4.64
1981-02-10,23.396,8.168,8.703,16.609,8.4
1981-02-11,0.284,8.228,9.68,17.328,5.36
1981-02-12,29.154,6.571,9.172,14.82,8.64
1981-02-13,0.0,8.293,9.156,17.039,6.47
1981-02-14,0.284,6.144,9.562,14.562,5.4
1981-02-15,0.0,8.35,9.609,17.391,5.18
1981-02-16,0.13,7.536,10.555,17.023,5.03
1981-02-17,0.674,6.615,9.391,15.0,5.17
1981-02-18,0.718,7.515,9.258,16.039,5.85
1981-02-19,24.019,6.716,9.352,15.062,5.68
1981-02-20,0.0,7.754,9.305,16.359,6.02
1981-02-21,13.043,8.171,7.891,15.906,6.05
1981-02-22,8.227,7.544,9.445,16.156,8.46
1981-02-23,0.0,7.422,9.273,15.867,14.36
1981-02-24,16.724,7.69,9.523,16.375,19.04
1981-02-25,0.0,7.382,8.992,15.602,12.35
1981-02-26,0.0,6.895,9.195,15.125,11.22
1981-02-27,0.0,7.454,9.375,15.969,17.4
1981-02-28,0.0,7.428,9.914,16.305,19.79
1981-03-01,0.0,8.804,9.25,17.57,15.23
1981-03-02,24.606,7.634,9.375,16.156,20.39
1981-03-03,0.0,9.479,8.375,17.844,21.69
1981-03-04,0.0,9.549,8.641,18.094,16.02
1981-03-05,5.732,9.686,8.906,18.422,10.54
1981-03-06,3.434,7.507,9.828,16.273,13.04
1981-03-07,4.537,8.165,10.547,17.625,15.36
1981-03-08,2.049,6.944,10.641,16.18,23.12
1981-03-09,16.059,7.392,10.156,16.367,12.98
1981-03-10,10.048,7.367,10.875,16.852,11.85
1981-03-11,7.993,8.806,9.453,17.641,8.22
1981-03-12,3.918,7.717,10.484,16.992,7.45
1981-03-13,3.659,8.398,9.75,17.312,6.54
1981-03-14,6.367,8.532,10.484,17.992,6.22
1981-03-15,7.945,10.028,9.711,19.344,6.2
1981-03-16,0.0,8.295,11.492,18.422,6.13
1981-03-17,0.651,8.138,10.875,17.781,5.74
1981-03-18,3.244,8.282,10.531,17.734,5.74
1981-03-19,0.0,8.751,8.688,17.039,6.51
1981-03-20,0.0,8.531,11.234,18.531,5.82
1981-03-21,0.518,10.224,9.523,19.469,5.42
1981-03-22,13.002,9.012,9.047,17.617,5.34
1981-03-23,9.724,9.7,9.742,18.961,5.26
1981-03-24,1.3,9.686,9.172,18.578,5.1
1981-03-25,1.187,9.386,8.492,17.742,5.61
1981-03-26,17.249,8.224,8.609,16.312,5.72
1981-03-27,2.469,8.166,9.055,16.555,5.43
1981-03-28,0.0,9.296,9.0,17.977,5.1
1981-03-29,3.86,8.181,9.398,16.82,6.37
1981-03-30,3.542,8.054,9.242,16.555,6.59
1981-03-31,0.0,8.735,8.914,17.211,5.58
1981-04-01,0.0,9.858,7.234,17.594,11.55
1981-04-02,3.264,9.061,8.445,17.336,8.95
1981-04-03,12.423,8.097,10.172,17.297,7.77
1981-04-04,0.0,8.762,10.07,18.078,8.03
1981-04-05,1.759,5.781,9.875,14.25,17.79
1981-04-06,0.0,8.411,9.945,17.57,21.68
1981-04-07,0.0,8.314,9.086,16.859,10.79
1981-04-08,4.788,7.018,10.227,16.047,19.29
1981-04-09,15.426,8.949,9.906,18.258,18.17
1981-04-10,0.0,9.174,8.797,17.812,9.04
1981-04-11,0.0,7.908,10.328,17.25,7.71
1981-04-12,37.374,5.434,10.484,14.383,19.21
1981-04-13,15.005,6.449,9.984,15.203,20.89
1981-04-14,0.0,9.848,8.602,18.625,24.76
1981-04-15,0.771,7.937,10.227,17.25,24.44
1981-04-16,8.854,7.122,11.023,16.852,28.76
1981-04-17,22.065,6.525,10.336,15.602,45.46
1981-04-18,0.395,7.693,10.469,17.164,30.86
1981-04-19,29.885,6.456,10.742,15.859,21.84
1981-04-20,0.0,9.522,9.969,19.203,17.17
1981-04-21,16.187,8.691,9.156,17.594,19.91
1981-04-22,3.084,8.57,9.844,17.914,17.15
1981-04-23,1.644,8.893,10.648,18.906,16.88
1981-04-24,0.0,8.138,10.438,17.805,14.67
1981-04-25,3.969,10.166,10.297,20.352,11.31
1981-04-26,0.0,7.493,9.984,16.688,14.51
1981-04-27,7.17,6.794,10.242,15.984,14.09
1981-04-28,16.89,6.853,9.891,15.82,13.15
1981-04-29,12.574,6.949,10.914,16.727,14.03
1981-04-30,0.934,9.156,9.414,18.539,13.61
1981-05-01,11.401,7.947,10.594,17.781,12.54
1981-05-02,1.84,8.434,10.891,18.625,12.89
1981-05-03,1.072,8.662,10.75,18.859,11.16
1981-05-04,39.585,5.996,11.008,15.672,31.92
1981-05-05,0.0,7.486,11.07,17.602,21.6
1981-05-06,12.812,5.299,10.414,14.391,14.78
1981-05-07,0.162,8.661,9.625,18.148,13.23
1981-05-08,23.603,6.299,9.266,14.781,16.55
1981-05-09,0.0,7.27,9.258,16.078,16.14
1981-05-10,6.527,7.76,9.555,16.961,15.38
1981-05-11,0.958,8.582,9.453,18.008,18.9
1981-05-12,29.702,7.735,10.711,17.781,37.12
1981-05-13,1.687,7.554,10.758,17.594,26.37
1981-05-14,6.376,7.39,11.5,17.93,16.66
1981-05-15,1.842,7.902,10.703,18.062,13.57
1981-05-16,21.558,5.364,10.695,14.805,20.87
1981-05-17,9.342,7.06,10.633,16.93,16.79
1981-05-18,1.933,6.403,10.094,15.664,14.05
1981-05-19,0.0,7.481,9.344,16.578,15.93
1981-05-20,0.0,8.088,8.82,17.078,22.5
1981-05-21,16.934,6.121,10.609,15.734,28.63
1981-05-22,0.0,7.896,9.5,17.305,31.87
1981-05-23,9.127,6.801,9.953,16.18,31.74
1981-05-24,5.649,6.486,9.602,15.484,26.4
1981-05-25,10.558,6.863,10.656,16.781,38.47
1981-05-26,1.743,5.002,10.844,14.562,30.41
1981-05-27,11.583,7.428,9.461,16.711,32.41
1981-05-28,21.138,7.639,10.07,17.438,26.9
1981-05-29,1.224,8.063,9.141,17.391,20.67
1981-05-30,1.61,8.104,10.609,18.469,24.1
1981-05-31,2.527,7.947,10.516,18.227,18.57
1981-06-01,17.803,7.772,10.617,18.047,21.57
1981-06-02,0.0,9.359,9.68,19.617,13.95
1981-06-03,0.0,9.383,8.016,18.586,12.82
1981-06-04,0.0,7.558,10.93,18.023,12.82
1981-06-05,0.0,8.306,10.969,19.07,12.12
1981-06-06,0.0,6.388,11.016,16.547,13.19
1981-06-07,38.582,7.267,10.789,17.555,13.57
1981-06-08,0.0,6.634,11.211,17.031,13.95
1981-06-09,0.0,4.852,11.109,14.695,23.4
1981-06-10,0.0,7.072,9.578,16.461,15.85
1981-06-11,3.571,5.999,9.922,15.25,19.0
1981-06-12,7.031,6.103,10.461,15.789,21.57
1981-06-13,0.0,4.858,10.688,14.375,27.59
1981-06-14,0.0,6.105,9.164,14.836,17.11
1981-06-15,0.0,7.718,9.023,16.992,16.61
1981-06-16,0.0,7.622,9.922,17.469,11.42
1981-06-17,12.415,7.98,9.898,17.977,7.82
1981-06-18,0.0,5.36,10.141,14.594,19.64
1981-06-19,0.0,7.796,9.469,17.414,20.33
1981-06-20,0.0,5.258,10.273,14.555,26.44
1981-06-21,0.0,7.498,9.125,16.758,20.67
1981-06-22,21.115,6.793,9.492,16.031,18.09
1981-06-23,10.102,6.692,9.438,15.859,16.04
1981-06-24,14.768,6.369,9.609,15.539,18.95
1981-06-25,0.0,7.383,8.609,16.242,18.57
1981-06-26,7.947,7.349,7.867,15.68,15.85
1981-06-27,0.0,6.691,8.18,14.961,15.28
1981-06-28,0.0,6.49,9.242,15.43,20.91
1981-06-29,0.0,7.045,8.18,15.445,17.57
1981-06-30,1.055,7.088,9.617,16.523,15.47
1981-07-01,71.39,6.989,11.0,17.383,84.68
1981-07-02,10.064,7.278,10.172,17.172,32.73
1981-07-03,0.9,5.832,9.266,14.523,31.25
1981-07-04,0.0,5.941,8.969,14.438,66.08
1981-07-05,0.0,7.621,8.328,16.352,41.16
1981-07-06,0.0,5.714,8.992,14.141,46.96
1981-07-07,0.481,6.448,8.445,14.742,34.66
1981-07-08,0.0,6.599,8.203,14.781,27.99
1981-07-09,20.04,6.119,8.852,14.562,24.53
1981-07-10,0.0,6.359,8.492,14.633,27.96
1981-07-11,0.0,7.595,9.32,16.945,27.73
1981-07-12,0.0,5.737,9.062,14.203,36.46
1981-07-13,0.0,5.673,8.094,13.367,30.68
1981-07-14,13.53,7.063,7.383,14.812,25.25
1981-07-15,0.0,7.521,8.422,16.18,22.25
1981-07-16,0.0,7.744,8.406,16.469,21.1
1981-07-17,0.0,6.313,8.352,14.414,26.44
1981-07-18,9.848,7.244,7.938,15.422,45.78
1981-07-19,0.0,7.2,8.961,16.062,33.65
1981-07-20,0.0,5.417,7.469,12.5,18.12
1981-07-21,0.0,8.958,6.289,16.766,25.93
1981-07-22,0.0,8.825,7.305,17.203,22.25
1981-07-23,0.0,7.416,6.914,14.898,20.46
1981-07-24,0.0,6.962,6.984,14.281,21.57
1981-07-25,0.0,6.865,6.922,14.07,21.33
1981-07-26,0.0,6.862,7.516,14.492,17.87
1981-07-27,0.0,6.371,8.211,14.266,19.41
1981-07-28,0.0,6.269,8.336,14.211,15.3
1981-07-29,0.0,8.371,6.633,16.0,16.23
1981-07-30,0.0,7.473,7.938,15.562,15.66
1981-07-31,0.0,6.634,8.234,14.602,15.09
1981-08-01,0.0,7.051,8.844,15.594,16.95
1981-08-02,0.0,7.705,8.672,16.359,17.01
1981-08-03,0.0,8.35,7.93,16.734,17.44
1981-08-04,0.0,8.317,8.016,16.719,16.42
1981-08-05,0.0,8.534,8.641,17.414,14.33
1981-08-06,0.785,10.154,9.281,20.023,13.95
1981-08-07,3.882,8.538,8.43,17.258,13.0
1981-08-08,0.0,7.528,10.961,17.648,13.22
1981-08-09,0.479,7.931,10.125,17.555,32.23
1981-08-10,0.0,7.518,8.602,15.922,16.42
1981-08-11,4.109,8.237,8.812,17.023,12.82
1981-08-12,3.968,5.876,9.883,14.68,11.77
1981-08-13,1.336,6.259,8.781,14.32,18.95
1981-08-14,0.77,8.244,7.859,16.352,12.65
1981-08-15,0.0,8.117,8.961,16.883,10.72
1981-08-16,0.0,8.839,8.562,17.586,8.1
1981-08-17,0.0,7.991,9.672,17.188,7.26
1981-08-18,10.99,8.236,8.789,16.898,8.24
1981-08-19,0.0,6.803,7.859,14.289,17.57
1981-08-20,0.0,8.728,6.75,16.188,15.85
1981-08-21,0.0,8.725,6.797,16.219,16.42
1981-08-22,2.126,8.374,8.359,16.711,12.65
1981-08-23,0.253,8.633,9.602,17.891,10.37
1981-08-24,18.619,8.992,8.883,17.859,11.07
1981-08-25,0.0,6.973,9.266,15.484,12.82
1981-08-26,0.0,7.552,8.766,15.852,12.47
1981-08-27,0.0,7.313,7.969,14.984,12.82
1981-08-28,0.0,8.289,7.305,15.828,14.9
1981-08-29,0.0,8.955,7.898,17.086,14.14
1981-08-30,0.0,8.407,9.031,17.125,14.9
1981-08-31,45.4,5.073,8.914,12.758,29.38
1981-09-01,0.0,6.099,7.375,12.859,25.75
1981-09-02,0.0,8.237,7.531,15.828,14.9
1981-09-03,3.18,9.029,7.633,16.953,9.74
1981-09-04,5.834,8.221,7.602,15.836,9.08
1981-09-05,0.0,7.397,8.492,15.359,7.82
1981-09-06,0.0,7.786,7.797,15.375,11.22
1981-09-07,0.0,8.463,7.523,16.094,11.77
1981-09-08,0.0,8.283,8.109,16.234,13.1
1981-09-09,0.0,9.018,7.898,17.062,13.57
1981-09-10,0.0,8.612,7.867,16.492,12.65
1981-09-11,0.0,8.398,7.5,15.953,13.57
1981-09-12,0.631,8.974,7.383,16.641,13.22
1981-09-13,14.529,9.258,8.242,17.562,12.65
1981-09-14,15.195,6.696,9.57,15.18,13.19
1981-09-15,30.544,7.364,7.109,14.281,15.97
1981-09-16,0.0,6.947,7.844,14.242,21.09
1981-09-17,0.0,7.535,7.305,14.633,18.09
1981-09-18,0.0,8.296,7.883,16.047,12.12
1981-09-19,0.0,7.887,8.305,15.797,14.94
1981-09-20,0.0,8.729,8.586,17.086,18.52
1981-09-21,0.0,8.075,8.109,15.898,28.25
1981-09-22,0.0,8.064,7.859,15.711,19.16
1981-09-23,0.0,8.7,6.961,15.961,14.9
1981-09-24,0.0,7.822,7.914,15.43,14.9
1981-09-25,0.0,8.131,7.742,15.719,18.95
1981-09-26,0.0,8.939,7.562,16.68,14.9
1981-09-27,0.0,9.669,7.734,17.75,12.82
1981-09-28,0.0,10.256,8.125,18.773,12.82
1981-09-29,0.0,10.042,8.688,18.859,11.77
1981-09-30,9.709,9.712,8.297,18.188,10.9
1981-10-01,13.346,6.308,8.406,13.828,9.5
1981-10-02,2.842,7.853,8.898,16.156,10.55
1981-10-03,3.591,8.189,9.438,16.969,9.36
1981-10-04,4.337,8.988,7.977,17.031,8.73
1981-10-05,0.0,9.418,8.508,17.961,9.36
1981-10-06,18.815,8.865,9.914,18.188,9.67
1981-10-07,8.197,8.373,9.43,17.211,9.36
1981-10-08,8.108,6.964,8.758,14.938,12.12
1981-10-09,0.0,6.037,9.289,14.172,10.72
1981-10-10,1.74,7.147,8.852,15.258,12.12
1981-10-11,0.0,8.934,8.609,17.422,12.65
1981-10-12,6.504,8.706,9.078,17.453,12.34
1981-10-13,0.0,8.463,9.211,17.227,13.01
1981-10-14,6.821,8.611,8.883,17.227,18.69
1981-10-15,24.341,8.295,10.43,17.898,14.9
1981-10-16,0.0,8.143,9.727,17.219,11.42
1981-10-17,1.511,7.881,8.938,16.344,31.07
1981-10-18,2.855,8.07,7.875,15.852,15.85
1981-10-19,9.792,9.027,7.523,16.93,12.47
1981-10-20,0.0,8.956,8.086,17.203,10.02
1981-10-21,0.0,9.812,7.312,17.875,9.5
1981-10-22,12.493,9.066,6.766,16.531,10.37
1981-10-23,0.0,7.588,7.766,15.203,11.42
1981-10-24,0.0,7.398,7.727,14.906,13.22
1981-10-25,2.616,7.935,8.734,16.367,12.55
1981-10-26,4.657,8.235,7.344,15.82,9.5
1981-10-27,0.0,7.929,7.891,15.797,9.85
1981-10-28,11.939,8.756,8.844,17.547,11.25
1981-10-29,6.152,9.206,9.859,18.859,11.25
1981-10-30,16.465,6.222,9.391,14.641,10.9
1981-10-31,0.0,7.554,9.055,16.141,11.6
1981-11-01,0.0,6.323,9.188,14.641,9.36
1981-11-02,0.0,10.371,8.07,19.305,10.2
1981-11-03,5.434,8.805,8.516,17.492,7.68
1981-11-04,1.667,7.085,9.945,16.219,11.6
1981-11-05,19.727,8.268,8.68,16.914,16.28
1981-11-06,0.835,10.251,6.758,18.422,11.6
1981-11-07,5.468,8.536,7.32,16.414,9.57
1981-11-08,6.846,7.737,8.578,16.156,9.08
1981-11-09,2.657,7.374,8.883,15.898,13.57
1981-11-10,19.193,8.095,9.828,17.531,9.5
1981-11-11,5.609,9.141,9.523,18.758,9.74
1981-11-12,23.407,6.569,10.148,15.797,14.14
1981-11-13,7.968,6.868,10.359,16.344,10.72
1981-11-14,8.705,7.094,9.906,16.32,11.95
1981-11-15,4.12,7.733,10.266,17.422,32.05
1981-11-16,12.308,8.397,9.289,17.656,38.65
1981-11-17,11.107,6.469,10.414,15.922,21.13
1981-11-18,5.37,5.931,10.352,15.203,15.11
1981-11-19,13.33,7.742,9.648,17.062,16.06
1981-11-20,4.601,7.581,10.156,17.227,29.4
1981-11-21,35.621,6.678,9.344,15.438,18.74
1981-11-22,0.0,7.807,9.391,17.008,15.66
1981-11-23,0.258,8.268,8.797,17.242,35.68
1981-11-24,2.431,7.449,8.266,15.758,20.1
1981-11-25,0.0,7.292,8.891,16.0,15.47
1981-11-26,0.0,7.453,9.164,16.414,10.37
1981-11-27,15.97,6.316,10.172,15.625,12.65
1981-11-28,12.488,8.114,9.141,17.328,15.9
1981-11-29,9.158,8.09,8.039,16.562,26.44
1981-11-30,0.0,8.147,9.109,17.352,25.47
1981-12-01,4.623,7.474,9.688,16.844,14.9
1981-12-02,9.334,7.621,7.789,15.758,13.0
1981-12-03,1.361,7.043,8.352,15.344,10.55
1981-12-04,1.399,8.372,7.547,16.68,10.2
1981-12-05,3.578,6.494,9.711,15.586,9.25
1981-12-06,13.165,6.171,9.695,15.133,8.52
1981-12-07,5.793,5.436,9.672,14.164,9.71
1981-12-08,4.939,5.084,9.273,13.398,11.77
1981-12-09,0.114,7.176,7.141,14.727,11.77
1981-12-10,4.761,7.508,8.25,15.961,9.85
1981-12-11,3.556,7.445,7.539,15.391,11.42
1981-12-12,0.0,6.645,9.242,15.461,29.96
1981-12-13,0.0,6.884,8.297,15.125,20.13
1981-12-14,0.0,7.104,8.32,15.445,16.49
1981-12-15,2.913,8.187,8.398,17.023,12.79
1981-12-16,3.885,7.411,9.688,16.844,12.56
1981-12-17,0.0,8.606,9.047,18.055,10.72
1981-12-18,0.231,7.518,8.375,16.086,9.85
1981-12-19,0.402,6.867,9.758,16.156,10.11
1981-12-20,28.588,6.257,10.0,15.516,9.44
1981-12-21,6.013,6.388,9.312,15.18,9.43
1981-12-22,3.202,7.354,9.688,16.75,9.22
1981-12-23,0.0,7.512,9.781,17.062,11.07
1981-12-24,0.243,8.122,9.938,17.984,9.7
1981-12-25,22.3,8.262,7.867,16.773,14.79
1981-12-26,1.301,7.727,7.82,15.984,13.76
1981-12-27,0.0,7.429,8.398,15.945,11.23
1981-12-28,0.0,7.954,7.773,16.266,11.81
1981-12-29,12.627,6.665,9.875,15.93,9.46
1981-12-30,48.976,7.965,9.734,17.602,11.02
1981-12-31,1.494,7.853,10.367,17.875,13.5
1982-01-01,47.024,7.651,9.234,16.812,20.15
1982-01-02,18.104,7.038,9.625,16.242,12.41
1982-01-03,23.469,5.901,10.008,14.992,16.4
1982-01-04,48.823,7.325,9.977,16.852,33.85
1982-01-05,0.0,5.763,10.289,15.047,26.37
1982-01-06,16.046,6.78,10.078,16.188,30.55
1982-01-07,16.358,6.652,9.914,15.898,28.13
1982-01-08,6.005,7.146,9.203,16.023,36.44
1982-01-09,2.363,6.705,10.086,16.062,26.73
1982-01-10,0.0,7.292,10.062,16.852,31.2
1982-01-11,0.0,9.053,7.43,17.469,22.46
1982-01-12,0.0,8.253,9.016,17.375,17.24
1982-01-13,0.0,8.685,8.398,17.555,15.96
1982-01-14,0.0,8.298,8.328,16.945,14.75
1982-01-15,0.0,8.303,9.984,18.07,12.99
1982-01-16,0.0,7.675,9.75,17.055,12.54
1982-01-17,0.0,5.891,9.812,14.742,12.34
1982-01-18,0.0,6.891,9.711,15.953,12.35
1982-01-19,0.0,8.349,7.016,16.086,11.0
1982-01-20,0.0,9.471,6.273,17.18,10.58
1982-01-21,0.0,9.929,7.984,18.867,10.16
1982-01-22,7.812,8.896,9.836,18.648,10.15
1982-01-23,0.0,7.571,8.734,16.094,9.74
1982-01-24,4.35,8.46,7.789,16.656,9.46
1982-01-25,0.0,5.678,9.766,14.367,9.32
1982-01-26,0.0,7.125,9.789,16.227,9.67
1982-01-27,1.97,7.276,9.258,16.031,13.32
1982-01-28,0.0,6.937,9.359,15.641,12.64
1982-01-29,0.0,7.913,7.625,15.727,11.65
1982-01-30,8.933,6.333,9.516,14.938,11.33
1982-01-31,0.0,7.387,8.602,15.641,11.0
1982-02-01,0.0,7.796,8.914,16.391,9.81
1982-02-02,0.0,7.768,9.32,16.625,9.46
1982-02-03,0.0,8.866,9.227,18.0,9.18
1982-02-04,0.0,7.803,9.172,16.555,9.18
1982-02-05,9.549,6.939,9.688,15.773,9.32
1982-02-06,1.476,8.029,7.828,15.891,9.39
1982-02-07,11.5,6.493,9.594,15.102,27.8
1982-02-08,0.0,8.019,9.469,16.992,11.7
1982-02-09,0.427,7.342,9.906,16.406,10.44
1982-02-10,1.716,7.518,9.219,16.133,9.88
1982-02-11,2.785,7.88,9.445,16.742,9.04
1982-02-12,2.791,7.056,9.625,15.773,9.88
1982-02-13,0.0,8.589,9.57,17.719,13.52
1982-02-14,14.23,7.81,10.078,17.039,16.16
1982-02-15,13.732,4.306,10.992,13.594,16.81
1982-02-16,0.0,8.88,9.617,18.109,24.17
1982-02-17,0.0,9.678,9.625,19.125,15.3
1982-02-18,0.0,8.286,9.188,16.977,15.88
1982-02-19,2.148,8.224,10.211,17.617,17.67
1982-02-20,30.386,7.137,10.758,16.633,57.35
1982-02-21,4.188,7.269,10.031,16.25,17.67
1982-02-22,0.0,8.193,10.359,17.648,16.16
1982-02-23,5.987,7.837,10.477,17.273,21.54
1982-02-24,13.005,9.141,9.305,18.094,32.92
1982-02-25,7.307,8.589,10.133,17.945,22.0
1982-02-26,1.766,8.573,9.688,17.602,10.72
1982-02-27,3.859,7.799,10.43,17.141,10.3
1982-02-28,12.499,7.719,9.594,16.438,15.52
1982-03-01,11.778,8.069,8.898,16.375,15.81
1982-03-02,10.588,8.268,9.57,17.086,15.26
1982-03-03,19.468,8.363,8.656,16.57,14.44
1982-03-04,0.0,8.25,8.781,16.492,18.96
1982-03-05,0.199,8.679,10.273,18.094,16.81
1982-03-06,11.54,8.338,9.602,17.18,13.52
1982-03-07,9.571,10.292,8.234,18.766,11.98
1982-03-08,0.0,7.913,10.32,17.148,10.58
1982-03-09,0.526,9.099,8.406,17.32,10.16
1982-03-10,0.0,7.138,10.312,16.172,10.02
1982-03-11,4.107,7.325,10.273,16.367,22.41
1982-03-12,0.0,7.311,9.477,15.766,18.1
1982-03-13,0.0,8.21,7.727,15.688,13.24
1982-03-14,0.0,8.412,8.602,16.539,11.28
1982-03-15,2.644,8.955,9.758,18.031,16.7
1982-03-16,17.692,6.744,11.047,16.227,27.02
1982-03-17,16.941,8.822,9.852,17.922,24.17
1982-03-18,5.093,7.329,10.078,16.25,26.36
1982-03-19,7.465,8.861,10.18,18.211,17.02
1982-03-20,3.351,8.665,9.992,17.82,13.52
1982-03-21,2.84,8.771,10.57,18.367,12.12
1982-03-22,0.0,6.932,9.484,15.297,11.7
1982-03-23,1.545,8.661,9.766,17.672,11.56
1982-03-24,3.784,9.222,9.414,18.141,12.12
1982-03-25,8.611,9.911,9.57,19.141,14.17
1982-03-26,51.007,7.646,10.922,17.25,11.98
1982-03-27,0.0,9.464,10.555,19.234,17.67
1982-03-28,0.82,7.006,10.484,16.172,23.28
1982-03-29,0.0,6.968,9.805,15.609,29.06
1982-03-30,0.0,8.501,9.594,17.383,27.07
1982-03-31,0.0,8.967,9.414,17.859,14.81
1982-04-01,2.533,8.284,10.219,17.555,15.06
1982-04-02,24.824,7.858,9.539,16.547,22.9
1982-04-03,9.673,7.923,9.82,16.844,18.93
1982-04-04,5.254,6.272,9.641,14.664,21.43
1982-04-05,4.246,8.871,8.734,17.305,17.54
1982-04-06,6.999,6.764,9.203,14.945,15.93
1982-04-07,1.707,6.531,9.969,15.234,16.8
1982-04-08,13.577,6.639,10.141,15.523,21.97
1982-04-09,3.27,7.037,10.0,15.898,18.53
1982-04-10,18.76,5.902,9.656,14.25,25.7
1982-04-11,1.063,8.466,8.812,16.914,23.5
1982-04-12,16.017,8.203,9.797,17.258,26.8
1982-04-13,0.197,7.576,10.531,17.0,20.92
1982-04-14,1.029,8.794,9.992,18.172,14.87
1982-04-15,5.197,9.091,10.43,18.867,14.87
1982-04-16,24.852,9.179,9.938,18.664,14.87
1982-04-17,0.0,6.621,10.508,15.844,12.96
1982-04-18,0.0,8.59,10.367,18.242,19.17
1982-04-19,9.363,7.744,10.758,17.453,16.16
1982-04-20,0.0,8.587,10.375,18.273,14.87
1982-04-21,17.156,7.105,9.297,15.633,25.29
1982-04-22,4.863,7.862,9.172,16.516,29.12
1982-04-23,0.0,7.827,9.086,16.445,20.69
1982-04-24,6.809,7.872,9.555,16.844,20.89
1982-04-25,0.0,8.479,10.047,17.992,18.31
1982-04-26,0.0,7.592,8.914,16.047,17.67
1982-04-27,1.692,8.278,8.961,17.0,19.61
1982-04-28,33.786,5.185,9.383,13.328,30.35
1982-04-29,5.011,7.45,9.344,16.258,25.7
1982-04-30,1.221,5.526,10.438,14.625,29.0
1982-05-01,0.0,7.409,10.086,16.727,23.5
1982-05-02,0.0,6.778,9.516,15.508,21.11
1982-05-03,0.0,7.6,8.828,16.117,16.38
1982-05-04,0.0,7.785,8.898,16.43,13.8
1982-05-05,0.0,6.175,10.422,15.469,12.96
1982-05-06,0.706,7.855,9.891,17.25,12.4
1982-05-07,6.811,7.555,9.914,16.898,13.38
1982-05-08,1.592,7.527,9.844,16.812,14.87
1982-05-09,0.0,7.644,9.312,16.602,22.41
1982-05-10,0.0,7.477,10.164,17.016,18.53
1982-05-11,1.16,7.249,9.93,16.562,15.74
1982-05-12,0.0,8.444,10.062,18.25,13.52
1982-05-13,0.0,8.626,9.289,17.992,12.54
1982-05-14,1.007,7.204,9.703,16.383,11.98
1982-05-15,6.859,8.002,9.414,17.281,23.3
1982-05-16,26.262,8.409,8.734,17.391,18.74
1982-05-17,2.409,8.829,10.172,18.938,14.53
1982-05-18,14.629,6.006,10.859,15.742,14.87
1982-05-19,7.719,5.768,10.062,14.836,21.76
1982-05-20,2.826,7.488,10.234,17.234,17.02
1982-05-21,27.348,5.338,10.906,14.977,24.17
1982-05-22,0.0,6.806,10.469,16.523,46.0
1982-05-23,25.946,5.956,10.094,15.148,46.1
1982-05-24,0.0,6.873,9.102,15.648,21.54
1982-05-25,11.514,5.132,10.625,14.547,20.46
1982-05-26,0.0,7.227,9.312,16.312,23.28
1982-05-27,0.0,5.892,9.898,14.953,20.25
1982-05-28,53.09,5.225,10.297,14.445,95.67
1982-05-29,0.893,4.826,9.031,12.93,51.81
1982-05-30,0.447,7.136,8.648,15.773,25.7
1982-05-31,0.0,6.413,9.805,15.625,29.69
1982-06-01,0.803,5.063,9.758,13.812,23.52
1982-06-02,0.0,6.514,9.359,15.461,16.81
1982-06-03,0.0,7.487,8.664,16.32,17.67
1982-06-04,0.0,7.59,8.32,16.242,18.31
1982-06-05,0.0,6.524,9.602,15.664,23.08
1982-06-06,0.135,7.154,9.289,16.32,24.82
1982-06-07,1.53,6.49,9.375,15.477,22.42
1982-06-08,0.0,7.342,9.328,16.633,19.39
1982-06-09,0.0,7.611,9.57,17.18,15.52
1982-06-10,0.0,7.464,9.68,17.055,13.8
1982-06-11,13.319,8.481,8.922,17.977,13.8
1982-06-12,0.0,5.672,8.938,14.062,22.64
1982-06-13,1.129,7.431,8.719,16.367,19.39
1982-06-14,0.827,7.083,9.062,16.125,17.67
1982-06-15,0.0,7.436,8.508,16.234,17.31
1982-06-16,0.932,6.015,8.891,14.5,13.1
1982-06-17,39.008,5.188,9.594,13.914,19.82
1982-06-18,0.0,7.619,8.938,16.789,16.38
1982-06-19,0.0,7.607,8.797,16.688,14.44
1982-06-20,12.61,7.26,8.875,16.258,13.8
1982-06-21,2.108,7.298,8.102,15.766,16.16
1982-06-22,2.818,7.221,8.68,16.062,14.23
1982-06-23,4.876,7.159,8.477,15.836,17.67
1982-06-24,2.255,6.225,7.945,14.117,16.59
1982-06-25,20.886,7.078,7.484,15.031,13.74
1982-06-26,0.0,8.376,7.844,17.156,12.26
1982-06-27,0.0,6.81,9.711,16.211,11.42
1982-06-28,0.0,7.034,9.672,16.492,10.86
1982-06-29,2.659,6.623,8.672,15.195,14.4
1982-06-30,0.0,6.101,9.227,14.875,25.04
1982-07-01,0.0,5.272,9.227,13.734,24.38
1982-07-02,0.0,5.231,8.977,13.5,25.48
1982-07-03,0.0,5.51,9.562,14.32,25.92
1982-07-04,0.0,6.679,7.445,14.383,22.84
1982-07-05,0.0,7.121,9.055,16.141,19.17
1982-07-06,0.0,6.121,8.141,14.07,22.2
1982-07-07,0.0,7.463,7.812,15.773,23.95
1982-07-08,0.0,6.767,8.156,15.0,21.54
1982-07-09,15.699,8.074,8.352,16.984,18.96
1982-07-10,0.0,8.116,8.312,17.008,13.38
1982-07-11,0.0,6.215,8.492,14.43,11.7
1982-07-12,18.198,5.458,8.992,13.766,14.82
1982-07-13,0.0,7.722,8.492,16.531,14.44
1982-07-14,10.306,6.784,9.172,15.688,13.8
1982-07-15,0.0,6.591,8.758,15.086,12.4
1982-07-16,0.0,6.812,8.859,15.492,12.12
1982-07-17,0.0,7.77,7.602,15.953,11.28
1982-07-18,0.0,5.714,7.211,12.719,11.7
1982-07-19,22.203,5.894,8.367,13.812,22.63
1982-07-20,0.0,5.353,8.289,13.016,23.72
1982-07-21,0.0,7.105,8.078,15.273,19.39
1982-07-22,0.0,7.218,6.461,14.328,19.6
1982-07-23,0.0,6.042,7.695,13.5,17.67
1982-07-24,0.0,5.189,8.25,12.734,13.52
1982-07-25,0.0,7.513,6.898,15.008,13.1
1982-07-26,0.497,5.351,7.953,12.711,11.98
1982-07-27,0.0,6.233,8.336,14.195,14.44
1982-07-28,45.635,6.822,8.352,14.984,14.38
1982-07-29,18.799,6.246,8.508,14.289,28.12
1982-07-30,0.0,6.258,8.805,14.508,25.48
1982-07-31,14.372,6.941,7.906,14.797,27.02
1982-08-01,4.517,8.286,6.641,15.828,18.74
1982-08-02,2.868,6.873,8.469,15.086,17.67
1982-08-03,0.397,7.004,7.414,14.492,18.1
1982-08-04,24.653,5.993,8.406,13.797,15.52
1982-08-05,0.324,8.714,6.023,15.977,15.52
1982-08-06,2.449,7.581,7.359,15.234,13.8
1982-08-07,1.157,8.194,7.656,16.266,14.23
1982-08-08,1.09,7.596,7.852,15.539,23.5
1982-08-09,0.0,8.356,7.57,16.391,20.03
1982-08-10,23.189,6.372,8.039,13.984,13.52
1982-08-11,2.639,7.131,8.117,15.031,20.25
1982-08-12,0.0,6.13,8.484,13.938,20.46
1982-08-13,0.0,6.947,7.305,14.18,17.67
1982-08-14,0.0,6.384,7.992,13.891,19.82
1982-08-15,0.0,7.595,7.266,15.023,14.87
1982-08-16,0.341,6.748,8.359,14.641,18.32
1982-08-17,0.0,7.251,7.352,14.578,21.12
1982-08-18,0.0,6.49,8.562,14.414,26.8
1982-08-19,0.0,6.0,7.562,13.008,24.38
1982-08-20,4.208,5.693,8.109,12.984,20.25
1982-08-21,0.0,6.169,8.109,13.609,17.67
1982-08-22,0.0,8.032,7.773,15.867,16.59
1982-08-23,0.307,6.886,7.945,14.406,20.91
1982-08-24,0.0,6.783,8.078,14.359,20.25
1982-08-25,0.0,7.189,7.867,14.758,19.39
1982-08-26,6.497,7.812,8.172,15.781,17.24
1982-08-27,10.05,6.23,10.062,15.102,21.54
1982-08-28,0.0,7.04,9.062,15.375,20.25
1982-08-29,0.0,8.14,7.953,16.047,24.16
1982-08-30,2.954,6.418,8.188,13.898,25.06
1982-08-31,0.0,7.719,7.352,15.062,26.8
1982-09-01,0.0,6.839,7.297,13.805,21.57
1982-09-02,0.0,6.203,8.195,13.633,24.62
1982-09-03,0.0,6.262,8.32,13.773,41.1
1982-09-04,0.0,7.431,7.703,14.859,29.0
1982-09-05,0.0,7.809,8.344,15.797,22.84
1982-09-06,0.0,6.621,7.797,13.828,17.67
1982-09-07,0.0,8.637,7.82,16.531,20.49
1982-09-08,0.0,7.855,7.664,15.367,18.53
1982-09-09,0.0,7.884,7.5,15.273,15.95
1982-09-10,0.0,8.739,8.711,17.211,19.39
1982-09-11,0.0,7.213,9.922,16.094,15.52
1982-09-12,0.0,8.848,8.828,17.43,17.02
1982-09-13,0.0,8.8,7.742,16.641,21.57
1982-09-14,0.522,7.589,7.891,15.117,16.38
1982-09-15,3.389,7.89,7.727,15.414,14.87
1982-09-16,9.615,7.572,8.75,15.703,14.23
1982-09-17,1.408,6.679,10.008,15.469,14.31
1982-09-18,17.928,8.013,9.828,17.016,19.39
1982-09-19,51.782,5.858,10.148,14.578,17.45
1982-09-20,0.0,6.714,8.383,14.32,17.02
1982-09-21,13.541,7.999,9.008,16.422,13.8
1982-09-22,0.0,7.859,8.148,15.633,13.66
1982-09-23,0.0,9.982,6.633,17.492,13.38
1982-09-24,0.497,7.922,7.656,15.383,13.1
1982-09-25,0.0,7.916,9.336,16.523,13.52
1982-09-26,0.0,7.692,9.477,16.344,11.0
1982-09-27,16.107,9.299,9.008,18.102,11.14
1982-09-28,0.0,8.532,9.133,17.18,11.0
1982-09-29,2.256,7.749,9.664,16.562,18.96
1982-09-30,0.0,8.902,8.398,17.18,17.67
1982-10-01,0.0,7.304,8.422,15.109,10.86
1982-10-02,15.176,9.642,7.133,17.359,12.4
1982-10-03,2.562,6.764,8.617,14.555,11.0
1982-10-04,0.0,8.72,7.719,16.508,11.14
1982-10-05,2.293,8.947,8.383,17.25,11.0
1982-10-06,7.12,9.521,8.156,17.867,11.28
1982-10-07,19.503,7.803,10.102,16.977,11.0
1982-10-08,0.735,8.969,8.414,17.32,11.0
1982-10-09,6.124,8.196,9.289,16.914,15.95
1982-10-10,4.768,6.495,10.43,15.609,15.24
1982-10-11,12.706,6.433,8.75,14.289,17.67
1982-10-12,0.0,8.658,7.312,16.211,14.87
1982-10-13,0.0,8.228,7.172,15.555,11.98
1982-10-14,6.044,7.254,8.453,15.148,11.28
1982-10-15,3.537,8.485,8.18,16.586,11.0
1982-10-16,5.128,9.016,7.75,17.031,10.72
1982-10-17,0.0,8.017,7.523,15.539,10.86
1982-10-18,3.578,8.501,7.523,16.203,11.0
1982-10-19,7.106,8.367,7.773,16.211,11.0
1982-10-20,8.984,7.084,9.008,15.367,11.7
1982-10-21,2.7,7.357,9.773,16.297,13.24
1982-10-22,9.175,7.995,9.18,16.703,13.24
1982-10-23,6.873,6.965,10.438,16.297,12.12
1982-10-24,26.623,4.466,10.164,13.094,23.74
1982-10-25,0.0,4.533,9.406,12.547,15.52
1982-10-26,3.054,6.644,7.977,14.109,12.26
1982-10-27,0.0,6.814,7.758,14.188,12.54
1982-10-28,0.954,6.162,7.93,13.461,12.26
1982-10-29,6.525,8.241,7.164,15.766,11.28
1982-10-30,10.367,6.792,7.648,14.125,13.74
1982-10-31,0.0,7.417,8.078,15.289,11.56
1982-11-01,6.126,6.596,7.891,14.047,11.7
1982-11-02,19.088,7.938,6.734,15.109,11.0
1982-11-03,3.674,7.745,9.0,16.406,9.6
1982-11-04,0.0,7.038,9.43,15.781,9.6
1982-11-05,3.318,8.171,8.539,16.688,9.32
1982-11-06,6.164,8.607,8.148,17.039,9.6
1982-11-07,2.301,7.452,9.648,16.523,17.67
1982-11-08,0.0,7.234,9.703,16.289,12.96
1982-11-09,5.16,9.348,8.461,18.297,10.16
1982-11-10,0.0,6.89,8.352,14.891,9.6
1982-11-11,20.851,7.094,8.438,15.219,11.42
1982-11-12,1.981,7.35,8.859,15.898,17.24
1982-11-13,16.183,6.345,9.656,15.156,12.82
1982-11-14,0.0,5.686,8.945,13.773,9.18
1982-11-15,0.0,7.255,8.164,15.32,10.3
1982-11-16,11.756,6.542,8.93,14.906,10.58
1982-11-17,6.423,6.07,8.578,14.023,11.28
1982-11-18,6.172,6.356,8.68,14.5,11.0
1982-11-19,12.664,7.845,8.305,16.273,11.0
1982-11-20,2.269,7.418,9.0,16.188,10.3
1982-11-21,12.137,7.54,9.844,16.945,27.1
1982-11-22,0.0,7.305,8.711,15.859,15.95
1982-11-23,24.312,7.242,9.281,16.188,16.38
1982-11-24,2.474,6.718,9.516,15.656,16.38
1982-11-25,3.803,7.49,8.141,15.742,15.52
1982-11-26,0.0,7.997,8.312,16.57,13.52
1982-11-27,0.0,7.419,9.562,16.648,11.28
1982-11-28,17.605,7.42,9.398,16.555,13.1
1982-11-29,0.0,9.387,6.711,17.562,11.28
1982-11-30,0.0,7.666,8.367,16.211,10.72
1982-12-01,0.0,5.677,8.961,13.906,9.6
1982-12-02,0.0,7.558,8.266,16.0,10.02
1982-12-03,2.247,7.637,7.688,15.711,9.88
1982-12-04,21.13,5.844,9.617,14.633,9.6
1982-12-05,11.226,6.883,9.156,15.695,15.62
1982-12-06,10.974,7.531,9.219,16.648,13.95
1982-12-07,10.118,6.201,10.109,15.492,17.67
1982-12-08,10.486,6.023,9.336,14.68,11.28
1982-12-09,0.319,6.342,9.07,14.922,11.42
1982-12-10,0.0,7.381,9.719,16.82,10.02
1982-12-11,15.654,6.168,9.453,14.984,10.86
1982-12-12,11.439,6.558,9.664,15.672,10.58
1982-12-13,2.34,6.289,10.477,15.914,11.0
1982-12-14,0.0,6.733,9.562,15.828,13.1
1982-12-15,0.0,8.372,9.523,18.047,10.58
1982-12-16,0.434,7.725,9.125,16.875,9.88
1982-12-17,8.941,7.492,8.961,16.445,11.7
1982-12-18,0.317,7.229,9.734,16.633,20.46
1982-12-19,13.022,5.922,9.555,14.734,14.44
1982-12-20,12.698,6.555,10.031,15.93,36.25
1982-12-21,2.095,8.061,8.469,16.914,22.2
1982-12-22,18.858,6.541,10.047,15.922,18.53
1982-12-23,4.868,8.565,10.039,18.672,19.62
1982-12-24,5.252,7.011,10.383,16.797,15.95
1982-12-25,0.149,6.526,9.672,15.625,13.1
1982-12-26,0.0,8.692,8.664,17.906,11.7
1982-12-27,41.373,5.699,9.5,14.375,11.0
1982-12-28,8.283,8.45,7.852,17.016,11.7
1982-12-29,2.831,7.504,8.719,16.289,20.68
1982-12-30,0.864,7.622,9.117,16.711,21.98
1982-12-31,0.0,7.919,8.805,16.898,14.44
1983-01-01,1.737,7.753,9.07,16.828,14.87
1983-01-02,24.128,7.74,9.68,17.234,13.7
1983-01-03,13.563,6.656,11.242,16.922,18.5
1983-01-04,5.733,6.221,10.516,15.805,18.32
1983-01-05,0.0,5.475,10.273,14.68,21.65
1983-01-06,0.0,5.988,9.555,14.75,20.86
1983-01-07,0.0,7.162,8.781,15.773,21.84
1983-01-08,0.0,6.454,9.586,15.391,16.92
1983-01-09,0.0,6.821,9.328,15.688,13.05
1983-01-10,0.0,5.302,9.57,13.852,13.44
1983-01-11,0.0,6.991,8.586,15.375,13.31
1983-01-12,0.0,7.685,8.102,15.977,12.66
1983-01-13,0.0,7.749,8.539,16.344,12.16
1983-01-14,0.0,6.2,10.68,15.82,11.2
1983-01-15,0.0,6.48,10.914,16.359,11.92
1983-01-16,32.821,6.206,10.703,15.828,11.44
1983-01-17,0.0,7.582,7.523,15.367,11.2
1983-01-18,3.886,8.225,7.422,16.195,11.44
1983-01-19,0.0,7.434,8.414,15.758,12.45
1983-01-20,0.0,7.302,8.336,15.508,13.31
1983-01-21,0.0,7.927,8.875,16.719,12.66
1983-01-22,0.0,7.9,9.703,17.25,12.16
1983-01-23,0.0,8.231,9.359,17.43,10.6
1983-01-24,0.0,9.041,7.766,17.461,10.6
1983-01-25,0.0,9.375,7.82,17.945,10.0
1983-01-26,0.0,8.145,9.469,17.344,10.0
1983-01-27,0.0,6.842,10.445,16.312,10.0
1983-01-28,0.0,7.017,9.758,16.023,10.0
1983-01-29,0.0,5.611,11.188,15.359,10.0
1983-01-30,31.068,7.776,10.086,17.242,10.0
1983-01-31,0.0,7.487,9.57,16.469,13.05
1983-02-01,0.0,7.078,10.031,16.258,11.8
1983-02-02,0.0,7.424,9.547,16.344,10.6
1983-02-03,0.0,9.411,8.219,18.07,10.0
1983-02-04,0.0,7.942,8.422,16.203,10.0
1983-02-05,0.0,8.586,10.125,18.203,10.0
1983-02-06,40.712,7.103,9.453,15.797,28.15
1983-02-07,0.0,7.699,9.812,16.805,14.89
1983-02-08,0.913,8.238,9.672,17.406,19.37
1983-02-09,0.989,10.284,8.867,19.547,12.92
1983-02-10,49.159,8.739,9.43,17.859,12.44
1983-02-11,21.391,7.417,10.273,16.727,19.53
1983-02-12,0.0,9.848,9.211,19.133,10.0
1983-02-13,0.0,10.839,7.094,19.094,10.0
1983-02-14,0.0,10.412,6.992,18.438,9.12
1983-02-15,0.0,9.21,8.742,17.938,9.23
1983-02-16,3.433,8.552,9.445,17.531,8.79
1983-02-17,7.127,8.686,8.0,16.719,9.23
1983-02-18,5.31,7.784,8.727,16.023,11.46
1983-02-19,6.236,7.335,9.102,15.68,15.8
1983-02-20,0.0,6.49,9.141,14.625,14.09
1983-02-21,0.0,6.225,9.492,14.555,11.8
1983-02-22,0.0,7.429,9.273,15.898,26.1
1983-02-23,0.0,7.885,9.188,16.414,42.03
1983-02-24,0.0,6.226,9.031,14.164,31.14
1983-02-25,0.0,6.79,9.25,15.047,31.95
1983-02-26,0.0,6.605,9.477,14.961,39.57
1983-02-27,0.0,7.126,9.414,15.555,20.86
1983-02-28,0.0,8.153,8.758,16.406,15.32
1983-03-01,1.022,7.02,9.859,15.734,12.37
1983-03-02,0.0,10.104,9.266,19.234,10.96
1983-03-03,0.221,7.585,10.859,17.156,22.28
1983-03-04,13.32,7.551,11.344,17.469,13.58
1983-03-05,16.859,7.668,10.531,17.023,12.92
1983-03-06,0.0,6.487,10.383,15.445,12.04
1983-03-07,1.746,7.589,10.641,17.008,37.83
1983-03-08,0.0,8.223,9.188,16.727,19.15
1983-03-09,1.298,7.792,10.867,17.383,35.33
1983-03-10,24.303,4.198,11.0,13.398,23.61
1983-03-11,0.0,6.322,9.938,14.891,14.35
1983-03-12,0.0,7.727,8.82,15.82,13.44
1983-03-13,0.0,7.874,8.398,15.719,12.28
1983-03-14,30.077,6.72,9.969,15.398,41.07
1983-03-15,0.0,7.307,9.617,15.883,25.75
1983-03-16,0.516,10.102,8.953,18.953,18.99
1983-03-17,13.032,9.924,10.07,19.453,13.05
1983-03-18,0.412,10.659,9.586,20.062,13.05
1983-03-19,0.0,8.048,10.359,17.305,11.56
1983-03-20,0.0,7.349,10.812,16.789,10.96
1983-03-21,3.489,9.029,8.148,17.039,10.0
1983-03-22,0.666,8.995,9.758,18.086,10.6
1983-03-23,2.442,6.936,10.133,15.789,19.15
1983-03-24,0.222,7.724,9.516,16.312,20.67
1983-03-25,12.529,6.469,10.164,15.242,20.3
1983-03-26,0.0,7.696,10.023,16.648,13.05
1983-03-27,12.78,7.699,10.117,16.719,11.2
1983-03-28,0.598,8.685,9.836,17.758,11.08
1983-03-29,17.21,6.971,11.594,16.938,15.79
1983-03-30,0.0,7.596,9.766,16.359,14.48
1983-03-31,0.253,7.47,10.578,16.797,13.57
1983-04-01,0.272,10.487,9.055,19.57,13.57
1983-04-02,0.428,7.896,9.914,16.859,12.04
1983-04-03,7.199,9.185,10.016,18.555,11.56
1983-04-04,10.497,7.714,9.508,16.367,10.36
1983-04-05,0.0,8.616,9.57,17.547,10.0
1983-04-06,0.285,7.915,10.875,17.594,9.78
1983-04-07,7.362,8.309,10.617,17.914,13.3
1983-04-08,18.507,7.821,11.391,17.883,25.23
1983-04-09,23.567,4.427,11.836,14.398,37.45
1983-04-10,13.347,7.563,9.484,16.211,23.42
1983-04-11,11.073,7.558,10.266,16.766,42.18
1983-04-12,10.61,8.733,10.266,18.266,26.38
1983-04-13,20.165,7.127,11.008,16.805,32.15
1983-04-14,6.364,5.9,11.43,15.688,28.65
1983-04-15,0.109,7.521,11.227,17.484,22.41
1983-04-16,0.0,7.2,9.422,15.758,22.05
1983-04-17,12.771,7.836,9.258,16.477,28.25
1983-04-18,0.0,7.348,9.148,15.797,28.3
1983-04-19,0.0,8.003,8.922,16.484,16.92
1983-04-20,0.0,8.076,9.453,16.969,15.16
1983-04-21,0.0,7.409,9.492,16.148,15.03
1983-04-22,37.463,8.129,10.438,17.758,49.05
1983-04-23,0.0,9.144,9.414,18.383,21.29
1983-04-24,1.575,7.379,11.109,17.328,15.19
1983-04-25,0.0,8.241,10.742,18.164,13.44
1983-04-26,17.538,5.212,11.281,14.891,19.26
1983-04-27,0.0,7.211,10.398,16.633,17.46
1983-04-28,10.369,7.917,9.68,17.047,15.03
1983-04-29,6.681,7.629,10.797,17.477,18.04
1983-04-30,1.851,5.053,10.664,14.242,25.86
1983-05-01,19.863,7.654,9.656,16.742,43.79
1983-05-02,2.515,6.839,9.906,15.891,24.0
1983-05-03,0.0,8.817,9.578,18.258,19.72
1983-05-04,16.634,7.938,10.578,17.805,15.15
1983-05-05,0.582,8.252,10.156,17.945,12.16
1983-05-06,17.519,6.704,10.5,16.203,24.89
1983-05-07,0.0,6.444,10.344,15.758,56.25
1983-05-08,0.0,8.989,9.234,18.344,28.9
1983-05-09,0.0,9.197,9.18,18.617,20.29
1983-05-10,1.299,7.493,9.758,16.758,17.72
1983-05-11,7.598,7.104,10.977,17.148,30.74
1983-05-12,6.669,6.989,10.195,16.43,23.42
1983-05-13,0.0,7.746,9.773,17.148,17.4
1983-05-14,0.0,7.681,9.773,17.078,14.87
1983-05-15,1.606,8.192,9.898,17.867,14.87
1983-05-16,4.045,7.784,10.945,18.07,15.0
1983-05-17,4.703,8.759,10.758,19.25,16.28
1983-05-18,4.436,7.323,10.094,16.883,24.9
1983-05-19,2.721,7.901,10.891,18.25,19.56
1983-05-20,5.586,6.749,11.102,16.898,19.91
1983-05-21,3.381,7.047,10.008,16.5,17.4
1983-05-22,7.661,8.055,10.75,18.383,21.05
1983-05-23,7.291,8.5,10.57,18.883,18.96
1983-05-24,10.564,7.448,10.688,17.578,18.04
1983-05-25,10.69,5.879,11.023,15.797,58.7
1983-05-26,0.0,8.088,10.531,18.344,23.8
1983-05-27,16.575,7.387,10.852,17.641,27.84
1983-05-28,0.0,6.836,11.242,17.219,32.64
1983-05-29,7.823,8.137,9.812,17.953,22.41
1983-05-30,0.0,7.747,10.453,17.875,19.21
1983-05-31,0.0,8.248,8.766,17.422,15.8
1983-06-01,0.524,5.808,10.344,15.242,15.8
1983-06-02,2.001,5.855,10.484,15.414,17.4
1983-06-03,38.347,5.927,9.492,14.773,17.24
1983-06-04,1.513,6.202,9.93,15.477,16.6
1983-06-05,0.0,6.269,10.625,16.086,15.8
1983-06-06,0.0,6.281,10.078,15.703,14.35
1983-06-07,0.0,8.176,9.609,17.969,13.7
1983-06-08,15.788,7.149,9.531,16.508,13.7
1983-06-09,0.0,9.285,7.914,18.453,13.7
1983-06-10,0.0,6.179,10.188,15.672,13.05
1983-06-11,0.0,7.213,8.617,15.961,11.2
1983-06-12,0.0,8.457,7.898,17.273,11.68
1983-06-13,0.0,7.328,9.375,16.68,18.66
1983-06-14,0.805,7.109,8.492,15.742,31.04
1983-06-15,0.0,4.884,9.422,13.398,35.53
1983-06-16,0.0,5.891,9.898,15.102,46.95
1983-06-17,1.904,5.239,10.195,14.484,22.66
1983-06-18,0.0,7.523,8.25,16.195,14.35
1983-06-19,0.0,6.66,8.773,15.344,13.05
1983-06-20,0.0,6.473,8.539,14.914,13.05
1983-06-21,2.029,6.655,9.719,16.016,14.35
1983-06-22,1.878,7.018,9.102,16.086,33.48
1983-06-23,17.043,6.474,7.875,14.438,15.0
1983-06-24,0.0,6.545,8.039,14.633,15.95
1983-06-25,0.0,8.426,7.289,16.867,13.05
1983-06-26,0.0,6.254,10.047,15.711,12.4
1983-06-27,0.0,7.509,8.234,16.172,11.56
1983-06-28,0.0,6.832,9.031,15.742,12.04
1983-06-29,1.082,5.133,9.578,13.852,13.05
1983-06-30,1.061,6.216,8.383,14.414,15.54
1983-07-01,0.0,6.028,8.227,14.039,16.6
1983-07-02,4.127,6.877,9.617,16.219,15.15
1983-07-03,0.0,7.858,9.055,17.188,14.35
1983-07-04,0.0,6.281,8.578,14.633,12.4
1983-07-05,0.0,6.861,9.047,15.781,17.4
1983-07-06,0.0,8.69,9.164,18.414,15.06
1983-07-07,0.0,7.4,9.227,16.641,11.56
1983-07-08,0.0,6.948,9.625,16.297,12.16
1983-07-09,0.435,6.94,10.164,16.648,12.28
1983-07-10,0.0,6.939,9.398,16.094,12.81
1983-07-11,0.0,8.141,8.867,17.391,11.8
1983-07-12,4.934,6.787,9.227,15.734,11.56
1983-07-13,0.0,6.997,8.125,15.266,11.92
1983-07-14,0.0,7.306,7.805,15.461,13.05
1983-07-15,1.088,7.811,9.086,17.031,12.16
1983-07-16,0.0,7.188,8.961,16.078,11.68
1983-07-17,0.0,7.049,8.719,15.719,16.98
1983-07-18,0.0,7.199,8.055,15.438,14.09
1983-07-19,0.6,6.096,9.102,14.656,15.0
1983-07-20,0.0,5.933,8.555,14.016,37.2
1983-07-21,25.491,5.318,9.352,13.781,18.5
1983-07-22,20.899,7.171,8.367,15.562,14.74
1983-07-23,6.702,6.21,8.25,14.125,14.09
1983-07-24,0.0,5.692,9.109,14.062,13.7
1983-07-25,0.0,7.807,6.758,15.328,13.05
1983-07-26,0.0,7.251,7.266,14.859,13.05
1983-07-27,23.898,7.264,7.789,15.211,13.31
1983-07-28,0.0,7.468,8.648,16.094,14.35
1983-07-29,27.073,7.3,8.203,15.531,13.05
1983-07-30,1.343,7.194,9.32,16.156,12.66
1983-07-31,6.653,6.422,8.664,14.617,43.87
1983-08-01,29.139,6.194,9.25,14.742,24.24
1983-08-02,0.603,6.538,8.094,14.352,17.08
1983-08-03,0.59,7.6,7.75,15.562,14.67
1983-08-04,0.0,8.905,8.078,17.578,12.79
1983-08-05,0.669,4.793,9.789,13.336,21.05
1983-08-06,1.573,6.847,8.414,14.938,17.4
1983-08-07,0.0,6.029,9.125,14.367,31.64
1983-08-08,0.0,7.196,7.156,14.508,22.43
1983-08-09,0.0,7.031,7.695,14.641,14.74
1983-08-10,0.0,7.048,8.125,14.953,15.8
1983-08-11,0.0,7.289,7.578,14.875,13.96
1983-08-12,2.819,7.109,8.906,15.539,12.66
1983-08-13,0.264,9.045,8.523,17.883,17.08
1983-08-14,0.0,8.451,9.0,17.391,13.06
1983-08-15,0.0,8.415,7.508,16.344,11.32
1983-08-16,0.0,6.402,8.828,14.508,11.32
1983-08-17,0.0,5.845,8.469,13.484,13.7
1983-08-18,10.939,5.77,7.406,12.602,16.15
1983-08-19,0.0,7.315,8.047,15.141,18.58
1983-08-20,0.0,7.437,8.297,15.469,14.35
1983-08-21,1.013,7.489,7.672,15.086,12.4
1983-08-22,0.0,6.125,8.656,13.945,14.98
1983-08-23,1.137,7.933,8.203,16.016,11.32
1983-08-24,0.539,7.788,9.422,16.656,17.4
1983-08-25,0.0,7.609,9.062,16.148,14.54
1983-08-26,8.349,6.948,8.523,14.891,15.3
1983-08-27,0.0,8.643,8.406,17.039,13.1
1983-08-28,2.318,6.863,9.898,15.75,11.68
1983-08-29,18.973,6.549,10.062,15.469,16.91
1983-08-30,2.653,8.269,9.055,16.953,16.71
1983-08-31,12.024,9.615,8.188,18.133,12.28
1983-09-01,19.097,7.705,9.234,16.32,11.44
1983-09-02,0.0,7.149,9.867,16.055,11.2
1983-09-03,1.026,7.968,8.289,15.984,13.83
1983-09-04,1.136,7.6,8.773,15.844,12.16
1983-09-05,0.0,7.894,8.414,15.953,10.0
1983-09-06,0.0,7.213,8.602,15.18,10.0
1983-09-07,24.067,6.857,8.82,14.867,10.0
1983-09-08,0.264,8.007,9.297,16.688,10.36
1983-09-09,0.0,7.281,8.531,15.195,10.0
1983-09-10,10.866,7.108,8.172,14.719,10.0
1983-09-11,0.0,7.533,8.734,15.68,9.89
1983-09-12,0.65,7.458,9.102,15.828,10.96
1983-09-13,0.0,6.975,8.008,14.391,11.08
1983-09-14,0.0,7.083,7.844,14.422,11.68
1983-09-15,0.0,7.844,8.586,15.938,11.44
1983-09-16,0.0,7.23,8.992,15.422,10.0
1983-09-17,2.548,7.036,9.422,15.492,10.85
1983-09-18,0.0,7.93,8.281,15.836,12.28
1983-09-19,2.415,7.97,7.688,15.461,14.22
1983-09-20,0.0,7.751,7.203,14.844,14.74
1983-09-21,8.918,8.696,7.531,16.328,14.87
1983-09-22,0.0,7.818,7.734,15.289,14.74
1983-09-23,0.0,9.335,7.078,16.883,14.87
1983-09-24,0.0,7.644,8.32,15.469,14.74
1983-09-25,0.0,6.999,9.062,15.18,15.0
1983-09-26,0.0,7.907,8.109,15.664,13.05
1983-09-27,0.0,7.683,8.789,15.852,10.96
1983-09-28,0.0,7.723,8.125,15.445,9.56
1983-09-29,0.0,7.817,8.086,15.539,9.78
1983-09-30,0.0,7.602,7.258,14.68,9.56
1983-10-01,0.0,8.02,6.688,14.867,10.6
1983-10-02,0.0,8.201,6.828,15.211,12.04
1983-10-03,8.891,7.62,7.852,15.141,11.92
1983-10-04,0.0,7.195,8.812,15.266,19.2
1983-10-05,5.733,6.374,8.414,13.906,53.63
1983-10-06,2.07,6.452,9.164,14.578,21.14
1983-10-07,0.0,8.739,6.875,16.0,13.57
1983-10-08,0.0,8.263,7.992,16.102,12.16
1983-10-09,13.423,7.925,8.68,16.141,10.96
1983-10-10,0.0,8.896,8.984,17.617,10.36
1983-10-11,0.535,6.269,9.312,14.484,9.23
1983-10-12,0.0,7.625,8.875,15.906,9.12
1983-10-13,8.899,7.595,8.242,15.445,9.12
1983-10-14,7.546,9.203,7.945,17.383,9.67
1983-10-15,0.0,8.133,7.812,15.867,10.36
1983-10-16,0.683,7.666,9.094,16.172,14.35
1983-10-17,0.0,8.24,8.398,16.438,12.92
1983-10-18,6.64,11.525,7.414,20.195,11.08
1983-10-19,13.88,6.525,9.961,15.359,10.0
1983-10-20,23.076,7.708,9.508,16.539,9.89
1983-10-21,3.44,7.095,9.258,15.578,11.08
1983-10-22,0.0,8.781,8.406,17.219,9.89
1983-10-23,4.367,7.597,9.109,16.141,11.32
1983-10-24,0.0,5.665,9.188,13.734,12.93
1983-10-25,29.952,7.881,7.203,15.227,17.66
1983-10-26,25.675,8.675,8.062,16.898,11.56
1983-10-27,7.048,7.853,8.344,15.992,16.44
1983-10-28,21.191,6.666,9.219,15.062,14.09
1983-10-29,16.572,6.767,8.992,15.047,16.6
1983-10-30,19.316,7.126,9.031,15.547,14.74
1983-10-31,10.846,7.439,9.586,16.367,17.4
1983-11-01,0.265,6.872,9.133,15.305,40.4
1983-11-02,17.624,6.844,9.617,15.641,14.61
1983-11-03,1.07,6.813,9.484,15.531,14.48
1983-11-04,5.229,6.783,8.516,14.781,13.18
1983-11-05,0.841,8.78,6.953,16.477,11.32
1983-11-06,0.139,9.222,8.477,18.078,10.0
1983-11-07,1.284,9.15,8.414,17.969,10.0
1983-11-08,13.283,6.839,8.57,14.945,9.78
1983-11-09,4.806,7.037,8.484,15.156,9.67
1983-11-10,8.198,7.96,8.672,16.562,15.95
1983-11-11,9.866,7.966,7.953,16.102,11.92
1983-11-12,0.0,7.862,8.797,16.547,12.28
1983-11-13,13.959,9.451,8.711,18.656,13.96
1983-11-14,0.0,7.829,8.891,16.578,14.09
1983-11-15,0.0,7.611,8.555,16.07,14.22
1983-11-16,14.033,7.989,8.789,16.766,12.66
1983-11-17,0.0,5.896,9.453,14.453,11.44
1983-11-18,0.0,6.057,8.852,14.219,10.12
1983-11-19,0.367,6.789,7.758,14.438,13.83
1983-11-20,0.0,6.667,8.133,14.547,11.08
1983-11-21,4.302,6.455,8.109,14.25,9.78
1983-11-22,0.0,7.781,7.031,15.375,10.0
1983-11-23,0.172,8.288,8.219,16.891,9.56
1983-11-24,11.726,6.552,9.094,15.125,11.41
1983-11-25,10.955,6.106,9.312,14.703,10.96
1983-11-26,0.0,6.637,7.633,14.203,11.8
1983-11-27,0.0,6.81,6.68,13.789,10.48
1983-11-28,7.788,8.877,6.523,16.68,9.89
1983-11-29,25.419,6.205,8.375,14.156,9.78
1983-11-30,9.963,6.131,8.531,14.188,10.0
1983-12-01,0.0,8.606,8.742,17.766,12.16
1983-12-02,0.0,8.235,8.336,16.992,15.8
1983-12-03,19.262,7.185,8.32,15.5,12.66
1983-12-04,0.0,7.162,8.773,15.812,37.85
1983-12-05,7.667,7.219,8.492,15.688,15.8
1983-12-06,2.185,6.964,8.773,15.547,15.8
1983-12-07,0.0,4.595,9.234,12.742,16.6
1983-12-08,10.222,8.614,7.227,16.852,15.0
1983-12-09,21.29,7.676,7.555,15.727,15.86
1983-12-10,5.417,6.771,8.094,14.82,16.6
1983-12-11,12.385,7.62,7.203,15.414,15.15
1983-12-12,9.935,6.417,9.016,14.992,14.35
1983-12-13,6.78,7.655,7.156,15.438,12.16
1983-12-14,0.0,6.537,8.867,15.055,16.6
1983-12-15,1.786,7.181,7.461,14.984,12.4
1983-12-16,0.409,6.295,8.906,14.758,11.56
1983-12-17,1.142,7.366,7.633,15.359,11.2
1983-12-18,0.0,7.726,8.766,16.633,11.08
1983-12-19,0.0,6.95,9.383,16.0,10.0
1983-12-20,23.063,5.971,9.375,14.656,10.0
1983-12-21,0.0,7.595,7.969,15.914,13.05
1983-12-22,3.302,7.393,7.688,15.43,13.05
1983-12-23,6.454,6.14,6.891,13.062,11.8
1983-12-24,3.636,6.494,7.086,13.719,10.0
1983-12-25,0.0,6.592,7.523,14.156,10.0
1983-12-26,5.83,6.344,7.828,14.031,12.4
1983-12-27,1.501,6.333,8.125,14.219,11.8
1983-12-28,0.0,7.774,8.133,16.258,11.56
1983-12-29,0.0,8.42,8.086,17.125,12.4
1983-12-30,29.224,6.387,9.469,15.258,10.0
1983-12-31,3.997,6.321,9.555,15.234,10.0
1984-01-01,3.583,5.274,9.5,13.805,11.8
1984-01-02,1.554,7.81,8.969,16.828,13.7
1984-01-03,30.079,6.393,9.438,15.227,16.6
1984-01-04,0.982,8.726,7.828,17.336,13.7
1984-01-05,8.851,5.943,9.852,14.93,18.35
1984-01-06,22.433,7.506,7.703,15.516,13.44
1984-01-07,0.0,6.739,8.305,14.852,16.25
1984-01-08,2.81,6.097,9.32,14.703,28.55
1984-01-09,0.0,7.703,8.477,16.289,17.55
1984-01-10,10.583,7.636,8.031,15.883,22.22
1984-01-11,0.0,8.299,9.023,17.453,15.8
1984-01-12,0.531,8.041,9.242,17.242,13.05
1984-01-13,5.751,8.102,8.484,16.789,13.05
1984-01-14,4.466,7.905,7.734,16.008,11.56
1984-01-15,6.536,9.792,6.195,17.688,10.0
1984-01-16,0.353,7.498,7.438,15.203,10.6
1984-01-17,2.618,6.645,8.055,14.461,12.81
1984-01-18,5.984,5.459,7.117,12.133,11.2
1984-01-19,8.02,8.536,7.0,16.328,10.6
1984-01-20,18.909,7.881,7.641,15.82,10.0
1984-01-21,0.959,7.009,7.648,14.617,12.4
1984-01-22,2.016,6.163,8.992,14.414,12.4
1984-01-23,6.807,6.565,8.633,14.656,13.96
1984-01-24,1.555,8.342,8.742,17.141,14.22
1984-01-25,19.276,9.53,8.195,18.398,12.4
1984-01-26,0.328,8.359,8.789,17.156,11.56
1984-01-27,9.416,6.328,9.422,14.898,11.8
1984-01-28,11.877,6.477,8.875,14.664,12.16
1984-01-29,5.264,8.641,8.602,17.375,12.79
1984-01-30,0.0,7.79,7.797,15.641,11.56
1984-01-31,0.0,7.463,8.281,15.531,11.2
1984-02-01,0.0,7.307,7.773,14.938,10.36
1984-02-02,4.76,6.644,8.172,14.32,10.24
1984-02-03,0.0,8.532,7.562,16.445,10.72
1984-02-04,0.446,8.933,7.688,17.055,10.0
1984-02-05,36.299,6.881,9.242,15.359,19.24
1984-02-06,0.0,6.555,8.805,14.625,16.28
1984-02-07,0.0,6.308,8.727,14.211,13.31
1984-02-08,0.0,6.494,8.516,14.305,13.05
1984-02-09,0.0,6.344,8.844,14.328,13.57
1984-02-10,0.0,7.683,8.477,15.828,11.92
1984-02-11,0.0,7.473,8.641,15.641,11.32
1984-02-12,0.0,8.001,7.883,15.805,10.96
1984-02-13,20.315,7.517,8.508,15.562,10.36
1984-02-14,8.959,10.081,7.922,18.594,10.0
1984-02-15,0.744,8.278,9.273,17.078,10.0
1984-02-16,4.119,6.51,9.859,15.219,13.22
1984-02-17,0.0,7.574,8.914,15.898,13.96
1984-02-18,0.0,6.892,8.766,14.891,22.31
1984-02-19,0.0,6.824,8.617,14.672,16.76
1984-02-20,21.4,6.775,8.219,14.305,11.92
1984-02-21,22.391,7.301,9.148,15.633,11.08
1984-02-22,0.0,6.047,8.18,13.328,10.6
1984-02-23,0.0,7.642,8.336,15.508,11.44
1984-02-24,0.888,7.472,8.641,15.469,11.68
1984-02-25,0.739,6.334,8.719,14.055,10.96
1984-02-26,9.274,7.555,9.578,16.242,12.41
1984-02-27,5.527,8.777,7.656,16.492,10.26
1984-02-28,0.0,8.4,8.766,16.719,10.6
1984-02-29,5.42,7.214,8.984,15.344,10.0
1984-03-01,0.789,6.305,8.633,13.938,10.0
1984-03-02,0.0,6.886,8.453,14.531,10.0
1984-03-03,0.0,7.656,7.672,14.969,9.56
1984-03-04,3.129,6.551,7.523,13.406,8.8
1984-03-05,8.137,7.51,7.531,14.672,8.8
1984-03-06,0.0,8.785,7.875,16.57,8.8
1984-03-07,0.0,9.149,8.625,17.547,8.8
1984-03-08,2.409,6.996,8.953,14.992,8.8
1984-03-09,11.763,9.617,9.555,18.766,8.8
1984-03-10,1.557,9.779,8.125,18.008,8.8
1984-03-11,0.0,7.601,8.914,15.734,8.8
1984-03-12,0.0,6.811,9.352,15.047,8.8
1984-03-13,0.0,9.213,8.227,17.328,8.4
1984-03-14,0.605,11.03,7.914,19.484,8.3
1984-03-15,0.767,9.145,9.797,18.281,8.0
1984-03-16,0.483,8.104,9.773,16.953,7.8
1984-03-17,2.282,7.601,9.734,16.289,7.4
1984-03-18,0.0,8.525,10.031,17.695,7.48
1984-03-19,11.531,7.786,8.117,15.391,8.25
1984-03-20,4.321,6.367,9.0,14.234,7.72
1984-03-21,0.0,7.073,10.211,16.016,7.9
1984-03-22,12.798,7.865,9.047,16.148,8.25
1984-03-23,0.957,8.118,9.289,16.656,8.05
1984-03-24,2.911,9.206,9.109,17.93,7.79
1984-03-25,1.201,7.446,9.289,15.812,7.72
1984-03-26,0.218,8.077,9.961,17.078,7.85
1984-03-27,10.158,9.45,9.008,18.172,7.9
1984-03-28,11.236,8.559,8.797,16.898,8.1
1984-03-29,1.05,6.075,10.0,14.656,7.56
1984-03-30,13.348,6.84,9.695,15.383,23.66
1984-03-31,11.408,9.56,8.469,17.992,43.0
1984-04-01,8.299,6.346,10.305,15.242,7.8
1984-04-02,7.917,8.213,9.328,16.859,10.2
1984-04-03,6.095,8.382,8.094,16.219,9.1
1984-04-04,14.734,8.428,9.477,17.234,7.85
1984-04-05,3.488,7.925,9.578,16.695,7.8
1984-04-06,3.483,8.169,9.344,16.844,8.2
1984-04-07,13.297,7.148,9.516,15.68,7.9
1984-04-08,2.009,7.026,8.969,15.125,8.05
1984-04-09,5.02,8.471,7.82,16.234,8.8
1984-04-10,0.0,7.724,8.484,15.727,9.4
1984-04-11,0.676,6.086,9.141,14.102,10.5
1984-04-12,0.0,7.889,7.977,15.602,9.52
1984-04-13,0.0,6.856,8.828,14.867,9.28
1984-04-14,0.632,8.024,7.828,15.695,9.16
1984-04-15,0.0,8.802,8.055,16.914,8.5
1984-04-16,1.281,8.035,8.742,16.367,8.8
1984-04-17,0.0,7.914,9.102,16.484,8.7
1984-04-18,0.0,8.45,8.695,16.922,8.45
1984-04-19,0.0,8.907,8.094,17.141,8.0
1984-04-20,15.368,8.236,8.062,16.227,7.8
1984-04-21,0.0,7.683,8.031,15.477,7.8
1984-04-22,26.616,6.03,10.117,14.906,7.56
1984-04-23,8.245,7.423,9.086,15.914,7.76
1984-04-24,15.082,7.175,10.109,16.352,8.2
1984-04-25,0.0,7.461,9.133,16.031,10.5
1984-04-26,11.338,6.112,8.648,13.922,18.67
1984-04-27,0.0,6.989,9.875,15.977,12.25
1984-04-28,0.454,9.21,9.094,18.375,14.65
1984-04-29,30.838,8.057,9.555,17.172,11.04
1984-04-30,0.447,6.847,10.406,16.234,11.36
1984-05-01,7.468,7.437,9.68,16.508,26.63
1984-05-02,1.787,8.394,9.82,17.859,28.9
1984-05-03,4.528,4.72,9.438,12.883,19.65
1984-05-04,0.0,9.367,8.352,18.227,15.95
1984-05-05,5.15,9.223,8.469,18.125,12.64
1984-05-06,0.0,6.869,8.969,15.297,10.8
1984-05-07,3.093,6.714,8.625,14.852,8.8
1984-05-08,3.929,7.177,9.047,15.797,10.2
1984-05-09,5.597,5.777,10.273,14.898,8.8
1984-05-10,0.0,7.069,10.219,16.531,16.12
1984-05-11,12.894,8.759,9.266,18.164,14.2
1984-05-12,1.315,8.305,9.164,17.477,13.16
1984-05-13,0.907,7.141,9.656,16.266,14.2
1984-05-14,5.4,7.68,9.492,16.914,14.07
1984-05-15,1.497,7.983,9.281,17.18,8.8
1984-05-16,1.57,6.599,9.852,15.734,14.2
1984-05-17,9.424,7.765,9.68,17.188,10.8
1984-05-18,0.0,7.858,9.516,17.203,11.19
1984-05-19,0.0,7.319,9.727,16.641,12.12
1984-05-20,1.294,6.737,10.109,16.156,13.16
1984-05-21,22.89,5.399,10.492,14.734,10.8
1984-05-22,0.0,6.98,8.469,15.328,11.78
1984-05-23,5.462,7.135,8.297,15.438,13.16
1984-05-24,9.085,7.8,9.406,17.141,16.82
1984-05-25,2.601,6.645,9.234,15.453,15.95
1984-05-26,0.0,6.602,9.062,15.281,13.68
1984-05-27,0.0,6.251,9.703,15.289,15.64
1984-05-28,3.553,6.458,9.359,15.328,15.6
1984-05-29,0.0,7.172,8.43,15.664,13.29
1984-05-30,10.914,6.802,9.117,15.641,13.68
1984-05-31,21.205,6.192,9.438,15.047,20.35
1984-06-01,1.206,6.578,9.258,15.469,35.2
1984-06-02,0.0,7.68,9.195,16.945,33.69
1984-06-03,0.633,5.733,9.516,14.523,15.95
1984-06-04,0.0,6.083,9.523,15.008,19.06
1984-06-05,11.836,7.421,7.961,15.773,19.3
1984-06-06,6.773,7.266,8.562,15.977,16.65
1984-06-07,0.0,6.782,9.094,15.695,20.5
1984-06-08,0.0,6.85,9.312,15.938,17.04
1984-06-09,0.0,7.72,8.312,16.477,13.68
1984-06-10,0.0,6.642,9.984,16.148,13.03
1984-06-11,0.0,6.391,8.867,15.0,13.29
1984-06-12,0.0,6.591,8.922,15.328,13.42
1984-06-13,0.0,5.554,8.383,13.492,26.4
1984-06-14,27.109,6.336,8.719,14.836,26.9
1984-06-15,0.796,6.84,8.609,15.461,30.32
1984-06-16,10.77,6.959,8.453,15.523,15.6
1984-06-17,18.698,6.387,8.625,14.836,31.82
1984-06-18,6.977,6.269,8.609,14.656,18.87
1984-06-19,0.0,5.88,8.648,14.141,15.6
1984-06-20,0.0,6.328,8.531,14.688,15.95
1984-06-21,0.0,7.612,7.477,15.805,12.9
1984-06-22,20.407,6.248,7.906,14.141,12.12
1984-06-23,0.0,6.04,8.164,14.031,12.64
1984-06-24,5.347,5.24,8.125,12.891,27.9
1984-06-25,0.0,7.145,8.086,15.539,19.52
1984-06-26,0.0,7.983,7.352,16.266,12.12
1984-06-27,30.818,5.539,9.164,14.07,11.6
1984-06-28,0.0,6.166,8.281,14.266,11.12
1984-06-29,7.674,5.417,8.469,13.359,29.4
1984-06-30,0.0,6.346,9.172,15.164,43.1
1984-07-01,34.116,6.591,8.727,15.18,22.27
1984-07-02,0.0,6.255,7.938,14.133,20.43
1984-07-03,0.0,7.213,8.453,15.859,15.95
1984-07-04,11.349,7.312,7.938,15.633,13.68
1984-07-05,0.0,6.153,9.203,14.898,12.64
1984-07-06,0.0,7.348,8.695,16.188,12.64
1984-07-07,6.896,6.862,8.969,15.703,12.38
1984-07-08,17.451,6.319,9.0,14.953,13.42
1984-07-09,0.0,8.347,7.312,16.68,17.51
1984-07-10,0.0,7.888,7.961,16.438,13.16
1984-07-11,0.153,7.411,8.711,16.25,12.12
1984-07-12,0.055,5.572,9.43,14.234,12.38
1984-07-13,4.921,5.699,9.336,14.328,12.64
1984-07-14,9.97,7.034,8.68,15.672,18.9
1984-07-15,6.454,7.468,7.32,15.352,22.52
1984-07-16,7.363,8.09,7.789,16.531,18.09
1984-07-17,0.0,7.455,7.406,15.359,17.0
1984-07-18,0.0,5.707,8.172,13.422,20.04
1984-07-19,0.0,6.654,7.992,14.609,21.74
1984-07-20,0.0,5.65,6.477,12.062,29.01
1984-07-21,0.0,6.987,5.562,13.375,32.2
1984-07-22,0.0,6.399,6.406,13.07,23.51
1984-07-23,0.0,7.227,6.898,14.609,23.05
1984-07-24,0.0,6.573,8.234,14.609,17.39
1984-07-25,0.0,6.514,8.602,14.773,21.03
1984-07-26,0.0,5.958,8.469,13.898,30.02
1984-07-27,0.0,7.371,6.953,14.781,17.43
1984-07-28,0.0,7.377,7.781,15.344,13.42
1984-07-29,0.0,5.707,8.273,13.383,15.17
1984-07-30,0.0,4.798,8.531,12.406,34.4
1984-07-31,7.966,5.992,8.336,13.789,22.13
1984-08-01,0.0,9.434,5.602,16.82,15.69
1984-08-02,0.13,8.14,8.227,16.633,12.12
1984-08-03,0.808,7.275,9.742,16.484,11.86
1984-08-04,30.375,6.614,9.773,15.617,24.4
1984-08-05,0.0,6.989,8.406,15.141,25.25
1984-08-06,0.0,7.558,8.531,15.984,13.77
1984-08-07,0.0,8.384,8.086,16.797,11.12
1984-08-08,0.0,6.444,8.922,14.734,11.12
1984-08-09,4.031,6.438,8.547,14.43,23.44
1984-08-10,5.09,5.689,8.438,13.328,17.08
1984-08-11,0.0,7.265,7.133,14.531,30.02
1984-08-12,0.0,7.175,7.672,14.766,17.04
1984-08-13,0.0,5.415,9.312,13.641,13.94
1984-08-14,0.0,8.257,7.391,16.047,22.38
1984-08-15,0.0,8.456,7.859,16.609,14.29
1984-08-16,1.83,8.164,8.328,16.508,14.47
1984-08-17,2.505,8.277,7.852,16.328,22.13
1984-08-18,0.317,7.045,8.172,14.852,14.59
1984-08-19,0.0,7.416,9.508,16.281,18.93
1984-08-20,21.821,7.663,8.859,16.141,15.42
1984-08-21,0.0,8.482,9.141,17.398,14.42
1984-08-22,0.837,7.693,9.664,16.711,13.03
1984-08-23,0.0,8.378,8.539,16.82,11.73
1984-08-24,4.324,8.801,9.156,17.789,11.36
1984-08-25,14.581,8.384,8.789,16.984,10.88
1984-08-26,18.938,5.832,9.711,14.336,15.95
1984-08-27,0.0,5.413,8.812,13.133,13.81
1984-08-28,0.0,6.706,7.688,13.938,12.51
1984-08-29,0.0,4.866,8.344,12.055,11.54
1984-08-30,0.0,7.816,6.672,14.719,10.48
1984-08-31,0.0,6.652,7.578,13.75,10.08
1984-09-01,0.0,7.395,6.906,14.281,9.88
1984-09-02,0.0,7.849,7.195,15.086,9.88
1984-09-03,0.252,7.039,7.992,14.539,9.7
1984-09-04,0.0,7.642,6.656,14.414,9.82
1984-09-05,0.333,7.802,7.109,14.938,9.94
1984-09-06,0.0,7.838,7.586,15.289,11.04
1984-09-07,0.0,6.924,7.57,14.055,11.36
1984-09-08,0.0,8.06,8.609,16.273,10.48
1984-09-09,5.998,7.187,7.984,14.688,11.86
1984-09-10,9.436,7.696,8.148,15.453,20.9
1984-09-11,8.848,8.317,6.789,15.383,13.52
1984-09-12,4.136,7.292,7.977,14.797,12.22
1984-09-13,7.395,7.334,8.727,15.383,28.18
1984-09-14,3.175,8.403,7.93,16.219,16.67
1984-09-15,0.151,9.008,7.875,16.984,12.04
1984-09-16,0.0,7.425,8.016,14.977,12.38
1984-09-17,1.4,6.956,8.32,14.586,11.65
1984-09-18,0.421,9.192,7.75,17.133,14.8
1984-09-19,16.069,8.759,8.852,17.281,12.43
1984-09-20,0.331,8.713,8.242,16.828,12.01
1984-09-21,19.212,8.019,9.992,17.133,16.12
1984-09-22,5.337,8.23,8.227,16.164,39.81
1984-09-23,5.449,7.697,8.516,15.672,18.65
1984-09-24,4.674,9.275,7.656,17.172,16.73
1984-09-25,6.909,9.182,8.445,17.57,13.03
1984-09-26,9.264,8.294,7.961,16.086,14.38
1984-09-27,27.326,8.725,7.961,16.656,11.28
1984-09-28,0.0,7.4,8.266,15.117,10.64
1984-09-29,0.0,8.026,8.797,16.312,11.75
1984-09-30,0.244,6.971,8.414,14.672,25.47
1984-10-01,0.842,8.199,7.523,15.68,14.07
1984-10-02,0.0,8.061,7.523,15.5,12.25
1984-10-03,12.925,8.064,7.688,15.617,11.65
1984-10-04,7.517,8.573,7.602,16.234,17.25
1984-10-05,1.424,7.828,7.703,15.32,14.86
1984-10-06,11.468,9.59,7.555,17.594,11.57
1984-10-07,14.004,8.657,8.102,16.703,15.3
1984-10-08,0.0,8.01,8.531,16.141,15.25
1984-10-09,0.0,8.864,9.117,17.672,11.7
1984-10-10,3.734,8.153,7.008,15.32,11.04
1984-10-11,14.863,6.766,7.5,13.797,18.56
1984-10-12,0.0,7.768,7.484,15.141,18.38
1984-10-13,0.284,7.229,7.312,14.305,18.73
1984-10-14,0.0,8.268,7.375,15.766,14.2
1984-10-15,4.872,8.103,8.031,15.992,15.25
1984-10-16,2.075,6.326,9.18,14.508,13.81
1984-10-17,14.296,9.413,7.477,17.414,11.99
1984-10-18,6.023,6.709,9.609,15.32,12.64
1984-10-19,15.518,6.77,9.898,15.625,34.6
1984-10-20,12.458,7.351,8.922,15.672,30.02
1984-10-21,0.34,7.586,8.266,15.516,16.86
1984-10-22,0.0,8.872,7.984,17.07,13.16
1984-10-23,21.979,6.32,9.891,15.078,11.65
1984-10-24,2.771,7.089,8.875,15.328,29.01
1984-10-25,19.295,7.675,10.633,17.375,36.97
1984-10-26,13.192,6.905,10.266,16.133,23.21
1984-10-27,1.407,5.959,9.961,14.727,20.46
1984-10-28,45.273,7.455,10.602,17.094,34.54
1984-10-29,0.0,7.835,10.508,17.516,18.87
1984-10-30,0.0,7.425,9.711,16.43,15.07
1984-10-31,1.793,9.516,9.781,19.242,14.72
1984-11-01,1.062,7.336,8.297,15.352,16.3
1984-11-02,10.163,9.922,8.586,19.031,14.07
1984-11-03,0.0,10.822,7.484,19.586,12.64
1984-11-04,0.0,10.296,7.953,19.195,12.64
1984-11-05,24.81,8.124,8.359,16.516,11.12
1984-11-06,0.405,5.737,9.898,14.5,40.74
1984-11-07,22.988,6.196,9.188,14.555,25.28
1984-11-08,9.464,8.981,8.125,17.555,15.77
1984-11-09,6.559,11.202,6.828,19.828,12.25
1984-11-10,0.342,10.339,7.664,19.172,11.52
1984-11-11,24.33,7.463,9.109,16.234,11.2
1984-11-12,13.188,6.948,8.75,15.305,10.88
1984-11-13,9.692,7.708,8.984,16.484,12.9
1984-11-14,10.604,5.335,8.289,12.805,36.67
1984-11-15,4.526,7.91,6.633,15.203,18.4
1984-11-16,0.57,8.377,6.672,15.914,13.03
1984-11-17,0.0,7.594,7.797,15.57,11.44
1984-11-18,0.0,7.38,7.812,15.297,10.96
1984-11-19,18.054,7.468,8.055,15.617,10.72
1984-11-20,0.0,7.475,7.156,15.023,10.96
1984-11-21,0.0,6.261,8.172,14.031,11.91
1984-11-22,2.986,8.274,8.125,16.805,10.64
1984-11-23,3.152,6.643,9.43,15.484,10.16
1984-11-24,12.148,6.507,9.102,15.07,11.91
1984-11-25,21.311,6.144,9.117,14.602,25.43
1984-11-26,2.918,6.648,8.93,15.141,16.73
1984-11-27,4.491,8.12,7.008,15.898,13.03
1984-11-28,4.684,8.012,8.852,16.992,14.99
1984-11-29,15.486,7.102,8.711,15.648,20.04
1984-11-30,4.34,7.083,8.859,15.727,13.68
1984-12-01,0.0,8.084,9.094,17.281,12.9
1984-12-02,0.0,8.152,8.461,16.969,13.69
1984-12-03,1.671,7.204,8.797,15.875,10.64
1984-12-04,5.669,7.624,8.242,16.086,10.08
1984-12-05,0.0,7.675,7.961,15.977,9.94
1984-12-06,0.0,8.559,8.055,17.297,9.7
1984-12-07,0.0,10.03,6.641,18.516,9.58
1984-12-08,0.0,7.876,9.523,17.336,9.82
1984-12-09,0.0,6.994,9.68,16.25,9.7
1984-12-10,10.485,7.282,9.906,16.805,10.16
1984-12-11,0.0,7.88,9.797,17.547,10.48
1984-12-12,0.0,7.025,9.625,16.266,12.38
1984-12-13,0.0,7.581,10.078,17.336,12.01
1984-12-14,21.56,7.177,9.859,16.656,10.8
1984-12-15,2.629,7.525,9.477,16.844,9.88
1984-12-16,2.246,8.659,8.844,17.984,9.52
1984-12-17,1.997,7.671,9.031,16.75,9.58
1984-12-18,16.799,6.07,9.688,15.031,9.34
1984-12-19,21.638,5.234,8.141,12.742,26.66
1984-12-20,0.0,7.458,7.305,15.258,15.3
1984-12-21,1.444,7.243,7.641,15.18,10.1
1984-12-22,0.316,6.585,7.914,14.422,9.28
1984-12-23,0.202,6.53,8.336,14.648,8.98
1984-12-24,13.576,6.714,9.078,15.445,10.18
1984-12-25,0.193,7.284,8.148,15.602,9.52
1984-12-26,0.0,5.574,9.484,14.227,9.92
1984-12-27,0.0,6.443,8.664,14.773,8.98
1984-12-28,0.0,6.503,8.781,14.938,8.92
1984-12-29,0.0,6.562,8.703,14.945,8.8
1984-12-30,0.0,8.18,8.055,16.758,8.6
1984-12-31,0.0,9.194,7.391,17.758,8.25
1985-01-01,0.0,7.298,7.625,15.203,8.2
1985-01-02,0.0,7.944,7.914,16.305,8.45
1985-01-03,0.0,9.316,6.008,17.047,8.3
1985-01-04,0.0,8.733,7.398,17.07,8.2
1985-01-05,26.499,8.359,10.266,18.445,9.47
1985-01-06,3.376,5.713,10.539,15.156,12.62
1985-01-07,0.0,7.038,9.719,16.266,8.92
1985-01-08,19.034,7.388,10.711,17.438,9.04
1985-01-09,0.0,7.182,10.156,16.773,20.91
1985-01-10,0.0,8.39,9.398,17.852,10.16
1985-01-11,0.0,10.423,6.961,19.117,8.86
1985-01-12,0.0,9.346,9.156,18.961,8.5
1985-01-13,0.0,7.484,10.039,17.023,8.98
1985-01-14,0.0,6.75,9.328,15.516,10.04
1985-01-15,0.0,6.88,9.82,16.055,9.96
1985-01-16,0.0,7.693,8.867,16.453,9.34
1985-01-17,0.593,6.789,8.703,15.102,8.5
1985-01-18,0.0,7.957,7.711,16.0,8.35
1985-01-19,0.0,6.942,8.227,14.93,8.15
1985-01-20,0.0,7.718,9.102,16.594,8.0
1985-01-21,15.434,5.523,9.938,14.32,8.05
1985-01-22,17.509,7.037,9.922,16.266,8.0
1985-01-23,35.277,6.219,9.508,14.867,15.43
1985-01-24,3.752,7.245,8.258,15.312,10.48
1985-01-25,0.0,7.164,7.766,14.852,8.7
1985-01-26,0.0,8.328,7.961,16.555,8.4
1985-01-27,0.0,7.168,8.703,15.492,8.25
1985-01-28,0.0,6.628,8.258,14.414,9.07
1985-01-29,0.0,5.264,8.711,12.961,9.74
1985-01-30,0.0,8.879,8.578,17.656,8.65
1985-01-31,0.0,9.338,7.188,17.367,8.15
1985-02-01,0.0,9.576,7.195,17.695,8.05
1985-02-02,0.0,7.633,7.008,14.836,7.95
1985-02-03,0.0,7.17,7.305,14.391,7.85
1985-02-04,0.0,7.715,6.734,14.75,7.76
1985-02-05,0.0,7.488,6.656,14.352,7.72
1985-02-06,0.0,6.287,5.609,11.938,7.76
1985-02-07,0.0,6.217,7.148,12.945,7.72
1985-02-08,0.0,6.708,7.305,13.711,8.0
1985-02-09,0.0,6.537,8.047,13.992,8.3
1985-02-10,0.0,5.673,8.344,13.094,11.32
1985-02-11,0.0,7.175,7.602,14.516,12.12
1985-02-12,0.0,7.321,6.766,14.125,9.22
1985-02-13,0.0,8.305,7.555,15.969,8.2
1985-02-14,0.0,8.504,7.531,16.211,7.95
1985-02-15,0.0,8.797,7.586,16.625,7.85
1985-02-16,13.944,9.376,7.328,17.219,7.8
1985-02-17,0.0,8.171,6.922,15.312,7.72
1985-02-18,0.0,6.397,8.273,13.875,7.72
1985-02-19,0.0,6.237,8.352,13.719,7.72
1985-02-20,0.0,9.44,7.336,17.25,7.64
1985-02-21,0.0,8.186,8.156,16.109,7.56
1985-02-22,0.0,6.869,7.859,14.156,7.56
1985-02-23,37.427,7.241,8.758,15.266,7.56
1985-02-24,0.0,7.37,8.359,15.141,7.85
1985-02-25,0.188,7.208,8.539,15.055,8.52
1985-02-26,0.0,7.002,8.492,14.75,8.2
1985-02-27,0.0,7.519,8.586,15.469,9.35
1985-02-28,0.0,9.679,5.781,16.492,8.67
1985-03-01,0.0,7.102,7.875,14.406,7.85
1985-03-02,0.0,7.099,8.516,14.859,7.95
1985-03-03,0.087,6.657,9.016,14.656,8.65
1985-03-04,10.782,8.308,8.828,16.633,9.56
1985-03-05,0.0,7.959,8.453,15.898,8.1
1985-03-06,0.0,7.528,9.547,16.125,8.1
1985-03-07,6.701,7.597,9.523,16.18,8.77
1985-03-08,0.0,6.276,9.398,14.445,7.9
1985-03-09,0.0,8.1,9.195,16.57,8.15
1985-03-10,0.0,8.563,8.859,16.938,7.81
1985-03-11,7.216,10.173,7.633,18.211,7.68
1985-03-12,5.828,9.364,9.562,18.422,8.68
1985-03-13,9.609,7.068,10.656,16.336,10.32
1985-03-14,0.0,8.693,9.625,17.602,10.4
1985-03-15,0.0,9.164,9.984,18.453,9.96
1985-03-16,0.429,9.696,9.297,18.68,11.69
1985-03-17,0.0,9.668,8.578,18.148,8.4
1985-03-18,0.0,9.377,10.859,19.312,23.26
1985-03-19,0.429,9.872,9.906,19.281,11.75
1985-03-20,23.726,6.964,9.906,15.617,11.17
1985-03-21,0.0,11.459,7.578,19.836,9.32
1985-03-22,0.0,12.497,5.555,20.016,7.86
1985-03-23,0.343,9.332,7.742,17.172,7.56
1985-03-24,0.0,8.414,9.086,16.891,7.44
1985-03-25,6.756,8.999,6.727,16.078,7.36
1985-03-26,0.0,8.018,9.008,16.336,7.32
1985-03-27,4.298,7.615,10.57,16.969,7.65
1985-03-28,0.0,8.459,9.102,16.977,7.84
1985-03-29,0.0,7.048,9.055,15.148,8.01
1985-03-30,7.286,7.525,9.859,16.336,8.07
1985-03-31,14.447,8.239,9.281,16.836,8.9
1985-04-01,12.488,8.181,9.844,17.156,18.67
1985-04-02,5.956,8.634,9.719,17.656,9.54
1985-04-03,5.106,10.329,9.094,19.422,9.53
1985-04-04,0.0,8.32,8.672,16.547,10.03
1985-04-05,2.449,8.595,8.68,16.93,8.4
1985-04-06,3.265,6.361,9.625,14.75,8.19
1985-04-07,0.0,8.86,7.875,16.766,8.85
1985-04-08,11.025,6.389,9.742,14.914,10.14
1985-04-09,14.328,7.122,8.32,14.797,10.12
1985-04-10,0.0,7.411,8.055,14.977,8.81
1985-04-11,0.0,8.783,8.703,17.25,8.99
1985-04-12,3.332,6.704,9.078,14.828,10.46
1985-04-13,0.0,8.834,7.625,16.625,8.61
1985-04-14,0.0,8.643,7.992,16.625,7.9
1985-04-15,0.0,9.433,8.039,17.727,7.68
1985-04-16,0.0,8.116,8.898,16.586,7.64
1985-04-17,0.0,7.967,9.781,17.016,7.56
1985-04-18,0.0,7.212,9.305,15.719,7.44
1985-04-19,0.0,8.322,9.344,17.203,7.6
1985-04-20,7.483,7.092,9.266,15.562,7.64
1985-04-21,7.445,8.556,8.555,16.992,7.59
1985-04-22,8.709,7.521,10.07,16.711,8.29
1985-04-23,6.214,9.583,9.234,18.852,10.07
1985-04-24,21.524,6.331,10.602,15.656,29.65
1985-04-25,15.065,6.006,10.344,15.062,38.11
1985-04-26,4.579,7.684,9.523,16.594,15.42
1985-04-27,22.17,7.631,9.25,16.352,11.72
1985-04-28,0.155,9.635,9.125,18.93,9.02
1985-04-29,0.149,8.995,9.523,18.383,9.97
1985-04-30,4.995,8.941,8.617,17.727,15.52
1985-05-01,0.0,8.433,9.211,17.484,10.84
1985-05-02,26.604,8.759,9.578,18.164,9.27
1985-05-03,0.0,5.992,9.594,14.578,9.14
1985-05-04,0.0,7.513,9.984,16.828,8.45
1985-05-05,4.575,6.389,9.727,15.188,9.61
1985-05-06,0.0,6.172,9.391,14.688,9.93
1985-05-07,18.007,7.205,9.031,15.797,9.06
1985-05-08,0.0,7.447,8.406,15.711,8.68
1985-05-09,0.0,6.97,9.211,15.625,9.38
1985-05-10,0.0,6.575,8.594,14.672,9.15
1985-05-11,15.799,6.115,10.344,15.391,12.34
1985-05-12,10.926,6.789,10.094,16.094,11.72
1985-05-13,0.0,6.723,8.953,15.188,11.11
1985-05-14,7.968,6.091,9.961,15.109,15.35
1985-05-15,0.83,6.408,8.93,14.773,14.8
1985-05-16,8.645,7.049,9.828,16.289,10.64
1985-05-17,0.315,6.67,10.445,16.281,10.74
1985-05-18,11.352,7.756,9.531,17.07,10.66
1985-05-19,22.132,6.549,10.133,15.906,13.57
1985-05-20,0.435,7.607,8.758,16.367,12.99
1985-05-21,0.0,8.293,8.562,17.203,10.19
1985-05-22,0.0,6.966,8.914,15.617,9.97
1985-05-23,42.292,6.841,8.953,15.492,25.31
1985-05-24,0.0,6.446,8.578,14.695,20.94
1985-05-25,0.0,7.263,8.531,15.805,13.53
1985-05-26,0.0,5.602,9.148,13.984,16.74
1985-05-27,0.0,6.194,9.117,14.766,15.2
1985-05-28,0.0,4.912,8.508,12.594,24.05
1985-05-29,0.0,5.951,9.344,14.633,36.43
1985-05-30,0.0,6.002,9.797,15.062,61.59
1985-05-31,0.0,5.233,9.516,13.852,37.13
1985-06-01,9.515,6.027,9.688,15.039,28.14
1985-06-02,15.916,5.54,10.273,14.844,55.2
1985-06-03,2.685,6.321,8.688,14.688,51.74
1985-06-04,2.092,5.84,8.602,13.969,33.38
1985-06-05,0.0,6.945,10.008,16.547,20.43
1985-06-06,28.471,5.12,9.469,13.711,32.7
1985-06-07,0.0,6.207,9.125,14.891,50.15
1985-06-08,1.595,4.199,9.086,12.258,25.27
1985-06-09,0.0,3.93,7.203,10.367,36.97
1985-06-10,0.349,5.441,6.0,11.547,22.0
1985-06-11,0.0,4.949,6.758,11.391,16.47
1985-06-12,0.0,6.833,5.875,13.539,13.81
1985-06-13,0.0,7.662,6.625,15.281,12.77
1985-06-14,0.0,6.543,8.617,15.039,12.38
1985-06-15,1.599,5.566,8.477,13.547,27.1
1985-06-16,1.45,7.408,7.859,15.758,20.39
1985-06-17,3.355,6.333,7.672,14.07,34.37
1985-06-18,4.295,5.862,7.984,13.617,43.56
1985-06-19,0.0,5.455,8.312,13.289,30.68
1985-06-20,0.0,5.531,8.828,13.789,21.03
1985-06-21,0.554,5.718,9.109,14.266,24.65
1985-06-22,0.37,5.763,9.117,14.336,29.66
1985-06-23,41.472,6.36,8.859,14.977,32.78
1985-06-24,21.422,7.156,8.469,15.82,24.59
1985-06-25,2.075,5.418,8.516,13.406,24.08
1985-06-26,3.187,4.576,8.828,12.531,27.65
1985-06-27,0.0,6.039,8.93,14.57,23.33
1985-06-28,0.0,7.611,6.5,15.148,17.36
1985-06-29,0.0,4.726,8.156,12.188,16.63
1985-06-30,0.0,5.903,8.703,14.203,18.98
1985-07-01,0.0,9.208,7.242,17.961,14.74
1985-07-02,6.668,5.655,8.648,13.812,13.42
1985-07-03,12.013,6.117,7.891,13.906,17.6
1985-07-04,0.0,6.34,7.133,13.672,17.77
1985-07-05,0.0,6.346,7.484,13.938,16.44
1985-07-06,27.632,6.797,7.75,14.773,16.36
1985-07-07,0.181,5.818,7.352,13.078,17.19
1985-07-08,0.0,6.672,7.312,14.25,18.89
1985-07-09,0.0,7.568,7.703,15.82,20.22
1985-07-10,0.21,6.343,6.93,13.492,18.39
1985-07-11,0.0,6.452,7.516,14.055,42.0
1985-07-12,0.0,6.953,7.297,14.617,59.98
1985-07-13,0.0,5.226,7.5,12.312,61.76
1985-07-14,0.0,4.562,8.43,12.133,52.36
1985-07-15,0.0,5.469,8.188,13.141,38.41
1985-07-16,0.0,6.051,8.211,13.969,27.59
1985-07-17,0.0,5.543,7.75,12.883,23.05
1985-07-18,0.0,5.686,7.234,12.688,17.74
1985-07-19,0.0,6.597,6.742,13.648,15.6
1985-07-20,0.0,5.19,7.273,12.016,21.93
1985-07-21,3.319,5.696,6.789,12.359,30.25
1985-07-22,0.0,6.991,7.156,14.453,18.69
1985-07-23,0.0,9.619,7.477,18.414,14.9
1985-07-24,18.566,7.905,6.82,15.539,15.77
1985-07-25,1.524,6.648,7.273,14.016,18.15
1985-07-26,1.676,8.604,7.164,16.727,16.3
1985-07-27,2.953,6.351,7.5,13.734,16.47
1985-07-28,3.372,8.085,6.984,15.836,15.6
1985-07-29,2.483,5.44,8.633,13.305,19.4
1985-07-30,6.446,7.88,7.305,15.734,17.58
1985-07-31,5.273,6.476,8.484,14.57,14.07
1985-08-01,0.0,7.203,8.758,15.734,13.29
1985-08-02,1.189,5.436,8.312,13.031,12.51
1985-08-03,0.148,5.354,7.828,12.508,35.87
1985-08-04,0.0,7.468,7.32,15.062,24.66
1985-08-05,0.0,7.344,7.539,15.023,16.49
1985-08-06,0.0,7.543,7.547,15.297,14.07
1985-08-07,0.0,6.776,8.312,14.75,13.16
1985-08-08,34.065,5.236,8.578,12.883,12.77
1985-08-09,1.423,6.207,8.906,14.383,24.86
1985-08-10,1.298,6.994,7.055,14.125,27.05
1985-08-11,0.0,8.666,6.539,16.125,15.6
1985-08-12,0.0,8.046,7.078,15.586,12.77
1985-08-13,0.0,7.413,6.914,14.586,13.42
1985-08-14,0.0,7.321,7.75,15.008,12.38
1985-08-15,0.0,7.809,7.656,15.602,13.68
1985-08-16,0.0,6.6,8.078,14.234,80.57
1985-08-17,0.0,6.572,7.883,14.023,27.44
1985-08-18,0.0,7.417,7.109,14.648,26.25
1985-10-01,1.367,7.895,8.734,16.094,12.77
1985-10-02,14.658,7.957,9.484,16.703,28.45
1985-10-09,1.525,7.507,8.727,15.617,9.15
1985-10-10,17.868,8.133,9.086,16.703,13.27
1985-10-11,0.0,7.083,8.375,14.844,12.14
1985-10-12,0.0,8.53,7.555,16.211,10.64
1985-10-13,0.0,8.185,8.562,16.438,10.48
1985-10-14,0.0,7.606,8.641,15.742,10.45
1985-10-15,0.0,9.131,7.992,17.328,10.02
1985-10-16,13.75,9.194,8.68,17.875,9.76
1985-10-17,1.806,8.59,8.531,16.984,9.89
1985-10-18,0.0,7.122,9.898,16.055,11.38
1985-10-19,0.0,9.887,9.438,19.328,22.12
1985-10-20,0.0,7.59,9.273,16.203,12.79
1985-10-21,15.25,9.541,8.445,18.242,13.03
1985-10-22,6.398,9.051,7.617,17.062,17.93
1985-10-23,10.752,8.949,8.617,17.594,14.55
1985-10-24,9.758,8.206,9.719,17.383,18.47
1985-10-25,13.753,9.17,9.148,18.25,17.91
1985-10-26,25.797,9.648,9.227,18.969,11.87
1985-10-27,2.387,7.728,9.344,16.539,11.41
1985-10-28,20.272,7.54,9.273,16.242,14.68
1985-10-29,23.196,8.355,9.242,17.297,13.22
1985-10-30,3.945,8.992,9.117,18.07,16.59
1985-10-31,0.0,9.98,9.289,19.5,12.09
1985-11-01,0.0,9.297,6.547,16.844,10.02
1985-11-02,0.0,11.774,6.039,20.0,9.46
1985-11-03,0.0,11.287,6.023,19.352,9.22
1985-11-04,1.269,8.75,8.422,17.367,9.16
1985-11-05,0.0,8.306,8.836,17.078,9.05
1985-11-06,0.0,6.858,8.328,14.766,22.09
1985-11-07,0.0,6.441,8.32,14.211,26.06
1985-11-08,0.0,8.39,7.5,16.328,11.19
1985-11-09,0.0,8.51,8.148,16.938,9.65
1985-11-10,3.825,8.561,7.883,16.859,9.7
1985-11-11,16.604,8.6,8.188,17.125,11.06
1985-11-12,0.0,6.149,9.516,14.773,10.6
1985-11-13,4.113,5.286,9.812,13.922,42.75
1985-11-14,107.25,3.258,9.617,11.461,36.89
1985-11-15,0.0,6.647,7.273,13.836,15.31
1985-11-16,0.0,5.502,8.625,13.312,17.72
1985-11-17,0.0,6.461,7.508,13.781,22.02
1985-11-18,0.0,6.238,7.25,13.297,16.22
1985-11-19,0.0,6.592,7.055,13.656,13.83
1985-11-20,0.0,9.017,5.547,16.18,11.77
1985-11-21,19.438,7.742,9.148,16.742,11.64
1985-11-22,0.991,6.691,10.312,16.195,11.66
1985-11-23,12.096,8.615,8.68,17.633,10.95
1985-11-24,0.0,9.109,8.641,18.328,10.3
1985-11-25,0.0,8.988,7.586,17.484,10.08
1985-11-26,0.0,8.774,7.758,17.297,10.3
1985-11-27,0.0,8.607,7.312,16.797,11.5
1985-11-28,0.0,8.837,8.18,17.688,10.85
1985-11-29,0.0,7.253,8.672,15.828,9.88
1985-11-30,0.715,5.609,8.727,13.641,10.11
1985-12-01,0.0,9.974,7.641,18.977,10.69
1985-12-02,0.0,9.097,7.969,17.969,13.21
1985-12-03,5.794,9.349,6.875,17.633,16.08
1985-12-04,0.701,6.488,8.602,14.75,16.94
1985-12-05,14.282,7.766,9.641,17.242,11.03
1985-12-06,9.131,7.795,9.0,16.867,10.46
1985-12-07,10.584,5.993,9.516,14.766,10.45
1985-12-08,1.516,9.305,8.508,18.648,10.03
1985-12-09,9.977,5.559,8.891,13.727,9.5
1985-12-10,5.625,6.152,9.789,15.211,9.38
1985-12-11,5.349,7.732,9.75,17.312,9.16
1985-12-12,4.227,7.53,8.727,16.328,9.01
1985-12-13,6.102,7.095,8.656,15.672,8.98
1985-12-14,6.629,6.484,9.359,15.344,8.86
1985-12-15,0.045,7.54,7.891,15.773,9.48
1985-12-16,0.0,6.492,8.227,14.539,9.22
1985-12-17,0.0,8.272,7.297,16.43,8.86
1985-12-18,0.0,7.494,8.0,15.781,8.7
1985-12-19,0.0,7.537,6.391,14.773,8.6
1985-12-20,8.639,8.545,5.867,15.906,8.6
1985-12-21,12.896,7.671,7.555,15.727,8.56
1985-12-22,13.078,8.002,8.812,17.047,8.65
1985-12-23,0.625,8.151,9.5,17.719,8.5
1985-12-24,0.0,9.158,8.531,18.469,8.4
1985-12-25,0.0,8.516,9.562,18.258,8.31
1985-12-26,12.267,5.889,10.438,15.352,9.83
1985-12-27,0.0,6.451,8.953,14.984,9.77
1985-12-28,2.086,5.253,9.398,13.727,27.81
1985-12-29,0.0,6.437,9.039,15.016,23.44
1985-12-30,0.0,7.107,8.305,15.406,10.24
1985-12-31,0.0,7.239,8.141,15.5,9.6
1986-01-01,0.0,6.934,8.391,15.227,9.34
1986-01-02,0.0,8.272,7.141,16.273,9.1
1986-01-03,0.0,7.13,8.438,15.508,9.16
1986-01-04,1.016,7.571,8.367,16.086,8.98
1986-01-05,2.51,6.259,9.328,14.945,8.75
1986-01-06,1.083,6.888,8.758,15.383,8.65
1986-01-07,8.932,8.61,7.43,16.891,8.6
1986-01-08,0.0,9.078,7.07,17.312,8.6
1986-01-09,0.0,8.874,7.5,17.281,8.55
1986-01-10,0.0,8.151,9.008,17.258,8.45
1986-01-11,0.0,8.734,7.297,16.93,8.4
1986-01-12,0.0,7.653,8.695,16.328,8.4
1986-01-13,0.0,8.599,8.805,17.703,8.3
1986-01-14,3.388,7.522,8.945,16.297,8.25
1986-01-15,1.961,7.641,9.469,16.805,8.31
1986-01-16,28.228,7.011,9.109,15.711,8.35
1986-01-17,28.7,7.517,9.945,16.984,10.71
1986-01-18,0.0,5.901,10.578,15.352,15.68
1986-01-19,4.663,6.712,9.969,15.906,31.08
1986-01-20,0.0,5.9,9.898,14.797,15.83
1986-01-21,0.0,7.608,6.688,14.797,9.9
1986-01-22,0.0,8.537,6.93,16.25,9.04
1986-01-23,0.0,7.878,8.375,16.273,9.01
1986-01-24,10.607,6.134,9.195,14.508,11.19
1986-01-25,9.118,6.992,9.156,15.602,11.48
1986-01-26,0.0,5.904,9.227,14.211,11.71
1986-01-27,28.084,5.704,9.586,14.219,9.52
1986-01-28,0.22,7.258,8.461,15.43,12.06
1986-01-29,0.0,7.356,8.883,15.836,10.3
1986-01-30,0.0,7.756,7.609,15.469,8.98
1986-01-31,5.358,9.045,8.148,17.586,9.02
1986-02-01,5.637,9.701,7.609,18.117,11.04
1986-02-02,14.721,8.631,8.945,17.523,10.0
1986-02-03,0.364,8.228,8.641,16.75,10.97
1986-02-04,0.0,7.156,10.062,16.344,13.53
1986-02-05,0.0,7.675,9.328,16.461,13.03
1986-02-06,0.898,8.268,9.219,17.141,10.37
1986-02-07,0.0,8.696,9.43,17.844,9.22
1986-02-08,0.0,10.041,7.156,18.156,8.7
1986-02-09,0.0,9.962,7.094,18.0,8.57
1986-02-10,0.0,7.953,9.125,16.625,8.72
1986-02-11,0.0,8.009,8.281,16.102,8.81
1986-02-12,17.734,8.011,7.969,15.867,8.61
1986-02-13,17.727,6.727,8.766,14.719,9.08
1986-02-14,0.0,5.648,9.188,13.648,9.76
1986-02-15,0.0,5.793,9.375,13.977,24.36
1986-02-16,0.0,5.961,9.898,14.57,19.06
1986-02-17,1.673,7.765,8.961,16.156,23.06
1986-02-18,1.427,6.819,9.961,15.656,17.08
1986-02-19,15.895,8.618,8.711,17.078,13.16
1986-02-20,14.955,9.563,8.492,18.172,10.48
1986-02-21,4.409,7.724,8.43,15.688,9.94
1986-02-22,7.289,6.216,9.703,14.695,10.77
1986-02-23,4.263,6.238,9.039,14.195,10.56
1986-02-24,11.773,7.854,8.992,16.219,14.56
1986-02-25,16.234,5.912,9.633,14.242,20.26
1986-02-26,3.633,7.692,8.805,15.852,11.79
1986-02-27,0.0,7.445,8.164,15.07,13.43
1986-02-28,13.391,8.889,7.07,16.242,14.39
1986-03-01,0.876,6.278,8.359,13.695,21.01
1986-03-02,0.724,7.552,8.578,15.461,20.94
1986-03-03,0.393,8.696,8.125,16.656,17.8
1986-03-04,20.225,7.647,8.648,15.641,14.34
1986-03-05,9.272,9.132,8.555,17.492,13.71
1986-03-06,7.337,8.517,9.109,17.047,10.8
1986-03-07,13.539,8.066,8.203,15.867,10.09
1986-03-08,0.413,8.178,9.086,16.609,9.7
1986-03-09,6.893,9.012,9.398,17.875,9.4
1986-03-10,0.0,8.789,8.625,17.062,9.98
1986-03-11,5.926,8.577,9.258,17.219,10.06
1986-03-12,2.531,8.338,9.195,16.867,9.59
1986-03-13,29.862,4.112,9.797,12.281,16.21
1986-03-14,6.187,8.392,7.18,15.555,19.3
1986-03-15,3.453,9.194,7.781,17.008,12.9
1986-03-16,2.917,8.229,8.156,16.0,11.18
1986-03-17,0.0,7.551,8.398,15.297,10.53
1986-03-18,0.0,8.134,9.008,16.453,9.6
1986-03-19,6.026,5.679,9.102,13.461,9.28
1986-03-20,32.056,6.101,8.68,13.672,23.66
1986-03-21,0.0,8.913,7.469,16.445,12.9
1986-03-22,0.0,8.574,8.062,16.391,10.98
1986-03-23,0.0,8.818,9.086,17.406,10.72
1986-03-24,5.77,7.353,9.039,15.5,9.7
1986-03-25,0.0,6.292,8.805,14.008,9.4
1986-03-26,0.0,7.627,8.406,15.406,9.58
1986-03-27,0.466,6.514,8.188,13.859,10.8
1986-03-28,0.0,6.137,8.789,13.805,9.88
1986-03-29,0.0,7.843,8.828,16.0,9.64
1986-03-30,1.142,7.568,9.281,15.984,9.46
1986-03-31,2.341,7.593,9.172,15.922,9.64
1986-04-01,0.0,8.353,7.953,16.078,11.98
1986-04-02,1.657,9.348,9.234,18.219,9.16
1986-04-03,6.882,8.353,9.617,17.227,8.86
1986-04-04,8.959,8.124,8.961,16.5,9.28
1986-04-05,8.236,7.892,10.195,17.07,11.46
1986-04-06,0.0,8.261,9.812,17.266,12.04
1986-04-07,13.119,7.044,9.781,15.734,11.35
1986-04-08,11.989,5.399,9.891,13.875,17.64
1986-04-09,0.0,7.139,9.359,15.555,22.12
1986-04-10,11.353,7.523,9.188,15.938,13.78
1986-04-11,0.0,7.304,8.93,15.492,11.36
1986-04-12,1.289,7.221,9.078,15.508,11.04
1986-04-13,0.0,6.783,9.609,15.336,10.2
1986-04-14,1.304,7.258,8.742,15.32,9.4
1986-04-15,0.0,8.81,8.656,17.312,9.1
1986-04-16,1.639,8.216,9.062,16.82,9.38
1986-04-17,14.471,5.714,8.938,13.523,10.72
1986-04-18,0.0,8.867,8.148,17.094,9.1
1986-04-19,1.643,7.234,10.172,16.391,10.36
1986-04-20,4.157,7.96,9.57,16.898,12.14
1986-04-21,5.583,7.964,9.219,16.656,10.29
1986-04-22,10.606,7.158,10.102,16.289,9.38
1986-04-23,5.114,5.229,10.242,14.039,8.96
1986-04-24,5.414,7.734,8.422,15.867,9.71
1986-04-25,0.0,8.834,10.234,18.578,8.79
1986-04-26,5.131,8.013,9.664,17.133,8.93
1986-04-27,0.0,7.045,10.617,16.586,8.67
1986-04-28,11.785,5.175,10.102,13.906,17.62
1986-04-29,0.0,8.349,8.43,16.781,12.05
1986-04-30,14.809,7.441,9.344,16.227,9.67
1986-05-01,0.0,7.474,9.586,16.461,9.86
1986-05-02,0.0,8.471,8.984,17.383,8.99
1986-05-03,0.0,7.765,8.641,16.219,9.61
1986-05-04,0.635,8.816,9.438,18.195,19.58
1986-05-05,7.57,8.635,10.008,18.344,14.05
1986-05-06,0.0,7.812,10.453,17.586,10.48
1986-05-07,0.0,9.881,10.547,20.398,9.82
1986-05-08,6.471,8.2,10.492,18.156,9.58
1986-05-09,11.119,7.276,10.438,16.93,9.58
1986-05-10,1.152,6.717,10.805,16.492,11.91
1986-05-11,0.962,7.251,10.055,16.656,11.84
1986-05-12,4.504,8.312,10.062,18.086,9.71
1986-05-13,4.48,9.911,9.938,20.156,9.73
1986-05-14,1.62,7.886,10.93,18.164,8.81
1986-05-15,5.991,6.075,11.086,15.977,15.6
1986-05-16,0.0,8.322,9.227,17.602,11.01
1986-05-17,0.0,8.294,8.906,17.367,9.35
1986-05-18,1.687,8.074,9.789,17.68,9.39
1986-05-19,0.0,8.264,9.797,17.953,8.87
1986-05-20,0.0,7.322,10.203,17.0,9.69
1986-05-21,0.0,5.301,9.781,14.047,9.61
1986-05-22,11.862,6.45,9.516,15.344,10.47
1986-05-23,7.637,4.928,10.008,13.773,18.7
1986-05-24,3.385,7.703,8.836,16.617,12.1
1986-05-25,0.0,7.365,7.93,15.523,9.56
1986-05-26,0.0,5.37,10.375,14.664,16.61
1986-05-27,0.0,3.862,9.648,12.227,15.75
1986-05-28,0.222,5.303,10.266,14.492,11.16
1986-05-29,14.632,8.665,9.367,18.375,9.78
1986-05-30,12.788,8.067,9.125,17.414,9.1
1986-05-31,22.123,7.841,7.492,15.992,8.92
1986-06-01,18.405,5.327,9.633,14.078,15.94
1986-06-02,28.115,5.748,9.336,14.414,21.75
1986-06-03,1.323,8.622,7.078,16.898,11.46
1986-06-04,0.0,8.619,7.812,17.383,9.32
1986-06-05,0.0,6.476,8.891,15.07,8.99
1986-06-06,4.932,5.67,9.297,14.297,16.66
1986-06-07,0.0,6.474,9.062,15.219,14.95
1986-06-08,12.417,6.871,8.859,15.641,24.4
1986-06-09,5.653,6.48,8.633,14.945,12.05
1986-06-10,0.362,6.92,9.289,16.023,9.79
1986-06-11,4.86,5.162,9.023,13.414,10.39
1986-06-12,5.589,7.69,7.328,15.781,9.75
1986-06-13,4.468,5.52,9.523,14.297,10.31
1986-06-14,0.0,6.763,8.43,15.227,9.94
1986-06-15,0.0,6.717,8.531,15.227,11.46
1986-06-16,8.429,6.675,9.055,15.539,15.67
1986-06-17,0.0,6.196,8.453,14.445,35.07
1986-06-18,0.0,6.724,8.867,15.484,32.26
1986-06-19,0.166,6.424,8.891,15.078,37.13
1986-06-20,4.406,4.689,9.828,13.469,32.28
1986-06-21,0.184,5.665,9.219,14.305,25.01
1986-06-22,0.89,4.604,9.844,13.391,18.04
1986-06-23,1.062,6.816,9.734,16.25,23.71
1986-06-24,0.0,5.18,9.68,13.984,40.01
1986-06-25,6.449,5.616,9.242,14.227,48.58
1986-06-26,13.954,6.505,9.344,15.531,40.22
1986-06-27,0.0,6.49,9.25,15.438,39.54
1986-06-28,0.0,7.239,8.594,16.039,22.87
1986-06-29,0.0,6.136,8.414,14.32,20.51
1986-06-30,0.0,6.203,8.82,14.719,19.93
1986-07-01,2.497,6.363,9.156,15.195,20.41
1986-07-02,89.581,6.109,8.969,14.688,52.02
1986-07-03,0.0,5.578,7.609,12.93,44.8
1986-07-04,0.0,7.431,7.898,15.781,28.44
1986-07-05,0.0,6.479,7.969,14.477,20.82
1986-07-06,0.0,4.068,8.992,12.016,31.71
1986-07-07,0.0,3.832,8.133,11.008,59.98
1986-07-08,0.0,4.976,8.273,12.578,31.08
1986-07-09,0.0,6.104,8.094,14.0,22.98
1986-07-10,0.0,6.212,8.172,14.211,28.08
1986-07-11,0.0,5.145,8.727,13.156,30.02
1986-07-12,0.0,5.971,8.648,14.211,26.9
1986-07-13,0.0,5.972,8.43,14.031,20.23
1986-07-14,0.0,6.094,8.484,14.227,30.36
1986-07-15,15.867,6.487,8.898,15.055,22.2
1986-07-16,0.0,6.773,7.672,14.602,33.35
1986-07-17,0.0,4.682,8.836,12.586,54.5
1986-07-18,0.0,7.597,7.734,15.789,29.98
1986-07-19,0.0,7.763,7.242,15.664,19.26
1986-07-20,0.0,8.564,7.453,16.945,16.65
1986-07-21,0.0,7.53,7.703,15.633,16.12
1986-07-22,0.0,5.06,9.117,13.242,56.27
1986-07-23,0.0,5.013,8.289,12.547,66.0
1986-07-24,0.0,5.952,7.016,12.867,31.12
1986-07-25,0.0,5.722,7.234,12.68,21.21
1986-07-26,0.0,6.007,7.281,13.109,20.27
1986-07-27,0.0,5.623,7.633,12.797,18.75
1986-07-28,0.0,7.027,7.406,14.602,17.35
1986-07-29,0.0,7.303,7.078,14.758,16.13
1986-07-30,0.0,7.882,6.484,15.18,15.83
1986-07-31,0.0,6.462,9.367,15.195,17.0
1986-08-01,0.0,7.191,9.031,15.906,27.03
1986-08-02,0.0,7.447,8.352,15.766,21.81
1986-08-03,0.0,6.144,8.516,14.094,17.5
1986-08-04,0.0,7.377,7.727,15.219,18.38
1986-08-05,0.0,7.658,8.086,15.844,29.47
1986-08-06,0.0,6.188,9.32,14.703,19.05
1986-08-07,0.0,7.283,8.078,15.281,16.37
1986-08-08,0.0,6.373,8.164,14.07,15.38
1986-08-09,0.0,6.895,8.531,15.023,14.58
1986-08-10,0.0,7.777,8.75,16.383,13.43
1986-08-11,29.19,7.402,7.797,15.188,13.29
1986-08-12,2.057,6.808,8.961,15.203,13.16
1986-08-13,5.415,5.852,9.219,14.133,13.44
1986-08-14,0.0,8.065,8.336,16.422,13.19
1986-08-15,0.0,8.319,8.445,16.812,11.99
1986-08-16,0.0,8.243,8.922,17.023,11.75
1986-08-17,0.0,6.733,9.836,15.68,11.82
1986-08-18,0.0,7.627,9.453,16.555,11.6
1986-08-19,0.0,7.713,8.992,16.336,11.28
1986-08-20,0.488,7.888,7.875,15.781,10.8
1986-08-21,0.0,6.319,9.133,14.57,10.9
1986-08-22,0.0,9.381,9.062,18.531,11.21
1986-08-23,0.0,9.06,8.781,17.906,10.55
1986-08-24,8.013,8.399,8.672,16.953,10.32
1986-08-25,0.0,7.403,9.312,16.055,10.55
1986-08-26,1.253,8.019,9.312,16.852,10.47
1986-08-27,28.033,6.882,9.352,15.383,10.32
1986-08-28,0.0,8.206,7.945,16.141,10.24
1986-08-29,0.0,8.049,7.68,15.734,11.11
1986-08-30,0.0,7.454,8.852,15.742,12.49
1986-08-31,0.0,7.614,8.5,15.688,13.83
1986-09-01,0.0,8.325,6.883,15.547,11.56
1986-09-02,0.0,7.293,7.664,14.656,10.98
1986-09-03,0.0,8.051,8.461,16.211,11.7
1986-09-04,5.488,6.822,8.227,14.422,11.85
1986-09-05,0.0,9.573,7.664,17.695,13.15
1986-09-06,0.0,6.762,8.914,14.828,18.38
1986-09-07,0.0,6.779,8.023,14.195,24.97
1986-09-08,0.186,7.932,8.438,16.008,18.97
1986-09-09,0.0,6.305,7.5,13.164,18.55
1986-09-10,0.0,7.758,8.055,15.484,22.69
1986-09-11,0.0,6.704,8.312,14.273,16.23
1986-09-12,0.0,8.014,7.445,15.398,17.79
1986-09-13,0.0,8.788,7.836,16.688,14.04
1986-09-14,0.0,8.812,8.391,17.094,12.8
1986-09-15,0.0,8.036,6.891,15.039,12.15
1986-09-16,0.0,7.911,7.125,15.031,10.96
1986-09-17,12.053,8.639,7.852,16.484,10.48
1986-09-18,0.0,8.511,7.562,16.117,10.71
1986-09-19,0.0,8.477,8.617,16.773,22.15
1986-09-20,0.0,7.139,8.406,14.883,18.78
1986-09-21,0.264,7.532,8.234,15.273,19.51
1986-09-22,0.0,8.307,8.297,16.328,17.63
1986-09-23,0.0,8.501,8.164,16.492,12.14
1986-09-24,44.157,8.998,8.273,17.211,20.19
1986-09-25,6.233,6.708,9.992,15.492,20.15
1986-09-26,8.162,8.438,8.992,16.961,16.42
1986-09-27,0.0,6.702,10.195,15.648,13.03
1986-09-28,0.548,8.002,10.516,17.5,16.18
1986-09-29,29.397,6.133,10.234,14.992,32.6
1986-09-30,18.992,8.794,9.133,17.539,17.97
1986-10-01,0.0,8.146,9.641,17.055,13.71
1986-10-02,3.246,6.89,9.18,15.117,12.91
1986-10-03,3.249,6.082,9.766,14.57,16.01
1986-10-04,26.055,6.85,9.172,15.086,30.74
1986-10-05,0.0,7.609,8.523,15.594,17.53
1986-10-06,1.457,8.033,8.727,16.289,12.49
1986-10-07,8.953,8.061,9.492,16.867,18.0
1986-10-08,12.483,7.291,9.664,16.016,16.55
1986-10-09,4.205,7.59,9.516,16.281,12.62
1986-10-10,10.442,7.458,9.969,16.453,11.45
1986-10-11,0.721,7.238,10.594,16.656,12.22
1986-10-12,0.512,8.497,8.82,17.023,15.23
1986-10-13,0.0,7.614,9.617,16.445,23.69
1986-10-14,35.955,7.123,10.078,16.156,44.32
1986-10-15,0.0,8.457,8.227,16.586,20.98
1986-10-16,0.0,8.204,10.703,17.992,15.02
1986-10-17,2.421,8.275,9.789,17.43,13.95
1986-10-18,0.0,7.37,9.203,15.867,23.37
1986-10-19,32.42,7.874,9.516,16.734,63.16
1986-10-20,21.434,6.661,10.508,15.945,41.6
1986-10-21,9.699,8.13,10.352,17.688,32.31
1986-10-22,0.228,6.962,10.234,16.141,28.1
1986-10-23,9.689,7.445,8.742,15.688,35.15
1986-10-24,6.831,6.381,8.859,14.391,41.95
1986-10-25,1.408,6.806,8.523,14.703,24.05
1986-10-26,0.0,6.859,8.227,14.594,17.38
1986-10-27,22.3,5.935,9.023,13.961,17.42
1986-10-28,6.879,7.096,8.523,15.125,16.03
1986-10-29,15.622,6.102,8.375,13.711,26.05
1986-10-30,9.872,8.314,8.938,17.055,24.31
1986-10-31,0.0,7.478,8.633,15.75,18.45
1986-11-01,34.007,6.264,9.18,14.547,19.79
1986-11-02,0.387,6.874,8.391,14.797,16.57
1986-11-03,0.414,7.049,9.031,15.5,16.68
1986-11-04,5.444,8.096,8.398,16.477,16.82
1986-11-05,10.285,6.961,8.773,15.227,31.48
1986-11-06,0.0,7.524,8.914,16.086,17.65
1986-11-07,0.27,5.851,8.531,13.609,13.42
1986-11-08,0.0,7.293,8.141,15.266,13.67
1986-11-09,15.254,9.419,6.438,17.102,14.24
1986-11-10,0.0,7.65,9.594,16.781,13.42
1986-11-11,1.178,7.111,10.023,16.406,12.74
1986-11-12,0.0,4.977,9.758,13.5,25.11
1986-11-13,0.0,6.556,6.883,13.422,16.65
1986-11-14,0.0,9.207,5.75,16.469,11.34
1986-11-15,0.0,9.695,5.953,17.305,10.56
1986-11-16,0.0,9.268,6.391,16.992,11.59
1986-11-17,0.34,8.819,8.43,17.688,11.65
1986-11-18,0.0,8.167,8.477,16.828,11.65
1986-11-19,8.814,7.578,8.383,15.953,11.73
1986-11-20,0.0,7.109,9.43,16.062,12.22
1986-11-21,9.481,7.498,8.258,15.781,11.12
1986-11-22,13.257,7.014,9.57,16.047,11.12
1986-11-23,7.593,7.329,8.594,15.812,17.1
1986-11-24,4.806,6.43,9.352,15.141,18.45
1986-11-25,0.092,9.392,9.156,19.062,13.52
1986-11-26,21.469,9.403,8.664,18.766,12.12
1986-11-27,4.429,7.2,8.875,15.891,17.22
1986-11-28,2.827,7.927,9.453,17.289,14.11
1986-11-29,0.0,9.743,8.273,19.031,10.98
1986-11-30,0.0,7.833,8.695,16.641,10.66
1986-12-01,0.0,9.115,8.898,18.578,10.77
1986-12-02,0.0,9.466,7.086,17.945,10.72
1986-12-03,7.006,8.354,7.953,16.922,11.62
1986-12-04,0.0,7.676,8.992,16.672,11.05
1986-12-05,0.0,6.059,9.461,14.828,10.71
1986-12-06,0.0,6.77,8.234,14.906,12.02
1986-12-07,0.0,6.619,8.531,14.898,11.14
1986-12-08,0.374,7.181,8.992,16.016,10.48
1986-12-09,8.339,7.032,9.062,15.867,10.38
1986-12-10,0.0,5.628,9.492,14.297,9.82
1986-12-11,3.978,6.6,8.422,14.805,9.68
1986-12-12,0.0,8.022,8.086,16.586,9.46
1986-12-13,12.769,6.71,10.031,16.133,9.37
1986-12-14,0.0,8.595,8.297,17.531,9.76
1986-12-15,16.198,7.427,9.977,17.094,10.65
1986-12-16,23.078,7.32,10.344,17.18,11.59
1986-12-17,0.0,8.561,8.281,17.484,10.1
1986-12-18,0.0,8.032,9.469,17.547,9.71
1986-12-19,0.0,9.316,5.875,17.055,9.34
1986-12-20,0.0,5.8,9.273,14.367,9.3
1986-12-21,0.0,7.352,8.969,16.266,9.28
1986-12-22,0.0,6.051,9.406,14.789,9.51
1986-12-23,0.392,6.231,8.219,14.156,11.49
1986-12-24,26.666,6.825,8.383,15.102,11.25
1986-12-25,0.0,5.959,9.578,14.797,10.18
1986-12-26,0.0,7.117,10.586,17.086,9.28
1986-12-27,0.0,8.12,9.211,17.461,8.96
1986-12-28,0.0,6.742,9.719,15.938,8.89
1986-12-29,0.0,8.62,8.836,17.898,8.7
1986-12-30,0.0,7.87,6.508,15.289,8.6
1986-12-31,0.557,8.497,7.711,16.977,8.6
1987-01-01,12.238,7.328,8.602,15.914,8.47
1987-01-02,0.0,8.032,8.75,17.008,8.63
1987-01-03,0.0,7.049,8.477,15.43,8.4
1987-01-04,1.454,8.464,8.219,17.227,8.41
1987-01-05,0.0,8.329,9.055,17.586,8.43
1987-01-06,0.0,8.525,8.852,17.711,8.4
1987-01-07,14.858,7.428,10.07,17.047,9.48
1987-01-08,8.073,7.405,10.32,17.195,10.45
1987-01-09,13.632,6.697,10.055,16.055,11.56
1987-01-10,11.098,7.05,10.375,16.734,10.23
1987-01-11,3.268,7.591,9.234,16.648,9.13
1987-01-12,4.854,7.832,8.023,16.133,8.7
1987-01-13,0.0,8.849,8.508,17.852,8.45
1987-01-14,0.0,8.355,8.641,17.242,8.35
1987-01-15,0.0,8.378,8.648,17.266,8.3
1987-01-16,0.0,6.921,8.305,15.016,8.25
1987-01-17,0.0,8.144,8.055,16.516,8.3
1987-01-18,0.0,6.882,8.344,14.969,9.39
1987-01-19,10.402,6.815,8.867,15.227,9.51
1987-01-20,0.0,8.612,8.602,17.484,8.95
1987-01-21,0.407,7.46,8.555,15.844,8.45
1987-01-22,4.526,8.026,9.148,17.008,8.35
1987-01-23,8.339,7.296,10.227,16.797,8.24
1987-01-24,0.0,8.365,8.727,17.156,8.44
1987-01-25,0.0,8.335,9.18,17.414,8.2
1987-01-26,0.0,8.095,9.461,17.266,8.16
1987-01-27,0.0,7.759,9.312,16.703,8.12
1987-01-28,0.0,7.457,10.0,16.773,8.2
1987-01-29,0.0,9.385,7.352,17.578,8.0
1987-01-30,0.0,7.296,8.18,15.25,8.52
1987-01-31,0.0,8.072,9.656,17.289,8.39
1987-02-01,0.0,8.508,10.328,18.328,8.13
1987-02-02,0.0,7.543,8.766,15.938,8.04
1987-02-03,0.0,6.004,9.422,14.391,19.99
1987-02-04,0.0,7.921,9.266,16.766,11.11
1987-02-05,0.0,7.371,10.438,16.867,8.95
1987-02-06,0.0,8.741,9.844,18.219,8.72
1987-02-07,0.0,8.886,8.914,17.75,8.32
1987-02-08,0.0,9.237,8.43,17.891,8.16
1987-02-09,6.23,7.046,9.734,15.906,8.26
1987-02-10,0.0,7.005,9.297,15.523,8.59
1987-02-11,6.545,6.867,9.227,15.266,10.36
1987-02-12,0.0,8.346,8.953,16.992,10.04
1987-02-13,3.069,9.733,9.203,18.969,9.03
1987-02-14,43.254,5.137,9.703,13.453,27.3
1987-02-15,0.0,7.676,9.258,16.289,12.81
1987-02-16,0.0,8.945,8.266,17.258,9.52
1987-02-17,0.0,8.447,7.906,16.336,8.95
1987-02-18,0.276,7.819,8.781,16.086,8.74
1987-02-19,10.619,7.316,10.398,16.602,10.52
1987-02-20,0.0,6.627,10.688,15.953,9.39
1987-02-21,0.0,8.264,8.773,16.633,8.74
1987-02-22,8.227,7.056,9.539,15.609,8.4
1987-02-23,0.0,7.504,9.102,15.859,8.25
1987-02-24,4.461,6.685,9.258,14.898,8.25
1987-02-25,0.0,7.76,8.977,16.078,8.25
1987-02-26,0.0,7.524,9.695,16.273,8.18
1987-02-27,0.0,6.057,10.445,15.031,15.7
1987-02-28,0.0,4.67,9.406,12.625,11.72
1987-03-01,0.232,7.421,8.328,15.156,9.38
1987-03-02,9.825,7.831,8.648,15.891,8.64
1987-03-03,0.0,8.048,9.414,16.695,8.53
1987-03-04,11.823,7.558,10.359,16.766,16.49
1987-03-05,9.789,6.977,10.258,15.953,20.14
1987-03-06,16.19,7.427,9.359,15.859,28.12
1987-03-07,0.58,8.7,9.203,17.367,12.85
1987-03-08,9.191,6.422,10.734,15.648,13.2
1987-03-09,3.616,8.691,9.898,17.812,9.56
1987-03-10,0.0,9.539,9.234,18.445,8.66
1987-03-11,5.995,9.503,9.164,18.352,9.64
1987-03-12,5.862,8.852,9.234,17.539,8.86
1987-03-13,0.234,8.33,10.43,17.719,8.51
1987-03-14,2.582,8.572,9.812,17.586,9.19
1987-03-15,3.036,8.464,9.43,17.188,9.14
1987-03-16,0.278,8.454,8.672,16.656,13.07
1987-03-17,0.0,8.708,8.844,17.094,26.12
1987-03-18,0.0,7.292,6.961,13.953,11.2
1987-03-19,12.463,8.559,7.727,16.133,9.08
1987-03-20,0.0,9.064,7.914,16.93,8.61
1987-03-21,0.0,9.553,8.328,17.836,8.94
1987-03-22,2.005,9.398,7.109,16.844,8.92
1987-03-23,5.177,9.295,8.594,17.68,9.09
1987-03-24,0.0,9.105,8.094,17.102,8.86
1987-03-25,0.0,10.275,7.977,18.562,8.9
1987-03-26,0.0,10.66,8.664,19.5,8.35
1987-03-27,6.402,9.885,9.18,18.844,8.26
1987-03-28,6.814,9.414,11.016,19.484,8.05
1987-03-29,6.969,9.527,10.836,19.508,8.3
1987-03-30,2.365,6.39,11.461,16.164,8.2
1987-03-31,0.25,7.473,10.781,16.945,8.4
1987-04-01,8.294,7.907,11.648,18.117,9.8
1987-04-02,3.789,8.242,10.625,17.789,32.36
1987-04-03,17.79,4.88,10.641,13.836,38.16
1987-04-04,18.827,7.884,8.797,16.07,22.96
1987-04-05,8.348,10.005,7.0,17.672,27.11
1987-04-06,24.519,9.074,8.273,17.281,16.06
1987-04-07,0.0,9.234,9.203,18.125,10.54
1987-04-08,0.0,6.788,9.43,15.164,12.33
1987-04-09,0.0,7.536,9.07,15.859,12.68
1987-04-10,0.0,7.494,9.148,15.867,10.25
1987-04-11,0.0,7.721,9.492,16.422,9.98
1987-04-12,0.0,6.807,10.297,15.867,10.18
1987-04-13,0.0,6.492,9.828,15.141,11.85
1987-04-14,0.504,7.517,9.25,16.016,11.68
1987-04-15,15.274,8.775,9.859,18.062,9.32
1987-04-16,6.413,9.506,9.727,18.953,8.66
1987-04-17,5.011,8.439,9.781,17.625,8.55
1987-04-18,4.664,7.488,10.195,16.711,11.21
1987-04-19,8.107,5.084,9.938,13.586,12.12
1987-04-20,0.0,8.095,8.898,16.602,12.41
1987-04-21,2.304,8.925,8.812,17.648,10.38
1987-04-22,15.896,7.552,10.219,16.867,11.76
1987-04-23,2.933,7.765,10.039,17.016,9.84
1987-04-24,0.646,5.38,10.766,14.656,20.73
1987-04-25,0.0,8.221,8.938,16.875,15.49
1987-04-26,4.022,7.751,9.742,16.844,12.48
1987-04-27,5.346,7.207,10.219,16.492,10.72
1987-04-28,3.459,7.647,10.492,17.281,14.54
1987-04-29,10.223,7.713,10.438,17.344,18.4
1987-04-30,10.98,7.5,9.969,16.727,10.79
1987-05-01,16.829,6.404,10.422,15.703,10.54
1987-05-02,0.705,7.216,10.484,16.773,9.53
1987-05-03,10.905,9.196,9.984,19.031,9.75
1987-05-04,13.203,7.323,10.695,17.102,9.98
1987-05-05,9.515,7.463,10.727,17.32,17.4
1987-05-06,0.0,8.036,10.398,17.836,29.46
1987-05-07,0.0,6.826,10.883,16.656,14.27
1987-05-08,0.0,6.987,9.969,16.211,11.69
1987-05-09,15.285,8.007,9.93,17.531,11.7
1987-05-10,3.393,7.009,10.062,16.328,33.49
1987-05-11,0.0,5.952,10.305,15.18,15.48
1987-05-12,0.0,6.924,9.602,15.906,52.62
1987-05-13,0.0,6.231,10.109,15.391,25.41
1987-05-14,0.0,7.153,9.281,16.016,22.18
1987-05-15,13.911,7.991,9.883,17.578,20.09
1987-05-16,0.136,9.306,9.906,19.391,17.3
1987-05-17,30.934,7.668,11.25,18.156,15.64
1987-05-18,0.227,7.304,11.305,17.758,13.59
1987-05-19,0.0,8.657,8.875,17.875,12.56
1987-05-20,9.351,8.673,9.57,18.375,12.26
1987-05-21,2.717,8.236,10.664,18.547,16.71
1987-05-22,8.654,6.937,11.234,17.273,25.01
1987-05-23,8.37,6.75,11.0,16.859,45.45
1987-05-24,25.609,5.101,9.938,13.984,35.05
1987-05-25,13.542,6.392,9.555,15.352,23.87
1987-05-26,11.58,6.314,9.32,15.078,18.18
1987-05-27,0.0,6.342,9.352,15.141,22.28
1987-05-28,0.0,8.008,8.195,16.664,13.82
1987-05-29,0.0,7.237,8.25,15.609,12.81
1987-05-30,0.0,7.46,8.398,16.047,11.0
1987-05-31,0.0,7.988,8.609,16.953,10.81
1987-06-01,0.0,5.33,9.891,14.273,13.69
1987-06-02,0.0,6.032,9.164,14.648,13.82
1987-06-03,7.064,6.695,9.023,15.461,11.79
1987-06-04,16.042,6.902,9.445,16.07,11.9
1987-06-05,11.494,6.761,9.883,16.188,10.93
1987-06-06,2.58,6.773,10.242,16.492,10.53
1987-06-07,0.0,7.125,10.031,16.828,12.21
1987-06-08,22.681,5.617,9.875,14.672,30.41
1987-06-09,10.05,6.083,10.141,15.508,29.7
1987-06-10,0.0,6.953,9.742,16.391,30.94
1987-06-11,0.0,7.551,9.125,16.805,18.88
1987-06-12,0.0,8.032,9.359,17.648,12.29
1987-06-13,0.583,7.247,10.641,17.461,11.57
1987-06-14,22.788,5.81,11.359,16.109,36.64
1987-06-15,0.0,7.466,10.109,17.391,22.5
1987-06-16,13.35,7.251,9.094,16.406,13.95
1987-06-17,0.0,7.479,9.734,17.172,15.51
1987-06-18,0.377,5.874,8.891,14.305,17.08
1987-06-19,0.0,5.92,8.758,14.281,22.11
1987-06-20,0.0,7.962,8.164,16.773,16.05
1987-06-21,0.0,8.666,7.781,17.539,12.15
1987-06-22,0.0,7.656,8.703,16.703,10.87
1987-06-23,0.0,7.09,9.5,16.477,12.62
1987-06-24,5.4,4.946,10.289,14.172,21.73
1987-06-25,0.0,5.922,9.25,14.656,21.35
1987-06-26,0.0,5.245,9.914,14.273,29.94
1987-06-27,0.0,6.173,8.203,14.25,16.11
1987-06-28,0.0,7.294,8.344,15.93,11.86
1987-06-29,0.0,4.746,9.141,12.992,11.02
1987-06-30,0.0,6.537,9.094,15.367,11.13
1987-07-01,0.694,6.309,9.727,15.523,12.86
1987-07-02,0.756,7.784,8.953,17.031,11.27
1987-07-03,0.0,6.328,10.328,16.0,17.34
1987-07-04,2.653,5.628,9.977,14.805,27.74
1987-07-05,0.0,5.165,10.0,14.211,33.65
1987-07-06,0.0,6.152,8.977,14.742,19.85
1987-07-07,0.0,6.707,8.406,15.086,11.89
1987-07-08,0.0,6.995,8.43,15.5,12.5
1987-07-09,0.205,6.613,9.281,15.578,16.66
1987-07-10,0.86,5.035,10.297,14.25,28.35
1987-07-11,0.0,5.987,9.5,14.875,25.81
1987-07-12,0.0,6.516,9.734,15.75,22.81
1987-07-13,0.0,7.86,8.555,16.781,19.12
1987-07-14,0.0,6.982,9.398,16.141,19.25
1987-07-15,0.0,5.908,8.828,14.211,18.27
1987-07-16,0.0,7.042,7.82,15.07,17.09
1987-07-17,1.612,6.87,10.008,16.383,12.39
1987-07-18,1.843,7.865,9.18,17.148,12.04
1987-07-19,0.0,7.223,8.594,15.844,11.86
1987-07-20,1.744,7.023,8.914,15.766,14.11
1987-07-21,1.761,7.6,9.062,16.648,28.51
1987-07-22,2.336,6.667,9.492,15.664,22.0
1987-07-23,0.0,8.434,8.328,17.297,14.77
1987-07-24,0.0,7.324,8.797,16.047,13.22
1987-07-25,0.0,7.259,10.211,16.969,17.68
1987-07-26,55.811,6.912,10.164,16.453,19.86
1987-07-27,2.125,8.246,8.711,17.227,13.85
1987-07-28,0.986,8.802,8.438,17.805,12.12
1987-07-29,2.652,7.81,10.133,17.57,11.66
1987-07-30,35.04,6.138,11.094,16.102,14.77
1987-07-31,0.0,6.334,9.758,15.32,21.17
1987-08-01,36.072,5.708,10.195,14.828,50.54
1987-08-02,1.653,7.821,10.016,17.43,22.73
1987-08-03,0.0,7.159,8.703,15.609,20.8
1987-08-04,0.0,8.945,8.531,17.922,16.14
1987-08-05,0.0,8.073,8.82,16.898,12.38
1987-08-06,0.0,7.183,9.625,16.258,11.28
1987-08-07,40.128,6.616,10.031,15.797,10.88
1987-08-08,14.98,6.744,10.211,16.078,18.98
1987-08-09,0.0,6.446,10.07,15.57,21.62
1987-08-10,0.0,7.558,8.891,16.18,25.37
1987-08-11,0.0,8.041,9.492,17.227,20.82
1987-08-12,0.0,5.547,9.352,13.844,23.12
1987-08-13,0.0,7.903,8.016,16.008,18.47
1987-08-14,0.0,6.077,8.922,14.172,16.09
1987-08-15,0.0,6.78,9.562,15.562,18.76
1987-08-16,0.0,7.543,9.742,16.664,14.02
1987-08-17,0.778,7.468,9.039,16.078,16.34
1987-08-18,0.0,7.375,9.516,16.273,30.22
1987-08-19,0.0,7.744,8.281,15.859,20.15
1987-08-20,0.0,7.841,9.391,16.773,22.72
1987-08-21,0.0,7.725,8.781,16.164,37.0
1987-08-22,0.0,5.783,9.258,13.961,37.19
1987-08-23,0.0,6.86,9.242,15.312,25.1
1987-08-24,0.0,7.347,9.805,16.359,20.28
1987-08-25,0.0,8.059,9.484,17.039,21.21
1987-08-26,0.0,6.642,9.141,14.93,22.59
1987-08-27,0.0,7.857,8.344,15.945,21.52
1987-08-28,0.0,7.26,9.078,15.664,16.83
1987-08-29,0.0,9.195,8.68,17.93,16.29
1987-08-30,30.929,7.434,9.602,16.266,15.33
1987-08-31,0.0,7.189,9.023,15.531,26.96
1987-09-01,0.0,7.755,9.07,16.281,30.58
1987-09-02,0.0,9.062,8.602,17.664,17.96
1987-09-03,0.374,8.456,7.695,16.234,14.07
1987-09-04,0.708,7.115,9.523,15.734,15.44
1987-09-05,0.0,9.087,8.789,17.781,18.83
1987-09-06,0.0,9.895,9.469,19.273,15.45
1987-09-07,0.7,6.768,10.336,15.883,13.41
1987-09-08,9.757,7.135,9.758,15.922,12.1
1987-09-09,0.0,8.21,8.922,16.688,11.69
1987-09-10,0.0,7.918,8.258,15.828,11.12
1987-09-11,0.0,9.247,8.469,17.711,10.73
1987-09-12,6.41,7.158,9.852,15.977,10.8
1987-09-13,0.0,7.983,8.398,15.992,10.9
1987-09-14,1.37,9.803,7.703,17.953,10.97
1987-09-15,3.166,8.249,10.703,17.938,10.44
1987-09-16,0.982,7.99,8.453,16.039,10.24
1987-09-17,0.0,8.57,10.344,18.094,11.99
1987-09-18,0.0,9.874,8.07,18.25,12.7
1987-09-19,0.0,8.794,9.32,17.664,10.24
1987-09-20,11.045,8.121,8.695,16.352,10.3
1987-09-21,0.294,9.209,8.789,17.828,10.9
1987-09-22,0.0,7.619,9.148,16.016,11.47
1987-09-23,0.0,7.746,9.133,16.18,11.28
1987-09-24,15.733,8.458,8.75,16.828,12.12
1987-09-25,0.0,5.661,9.555,13.906,30.22
1987-09-26,0.0,9.362,8.0,17.516,17.68
1987-09-27,2.835,9.669,9.648,19.0,11.16
1987-09-28,2.099,8.04,10.352,17.43,11.46
1987-09-29,6.39,8.618,8.953,17.188,12.01
1987-09-30,19.925,8.809,9.555,17.836,13.64
1987-10-01,17.702,8.645,9.703,17.742,15.4
1987-10-02,47.354,6.913,9.336,15.266,46.04
1987-10-03,0.144,5.415,9.961,13.922,20.71
1987-10-04,0.156,7.545,8.734,15.641,29.15
1987-10-05,1.07,7.114,9.828,15.891,23.23
1987-10-06,0.0,7.448,9.211,15.883,23.33
1987-10-07,0.0,7.12,10.016,16.062,17.48
1987-10-08,0.0,7.033,9.422,15.516,15.3
1987-10-09,0.0,6.869,9.109,15.07,14.36
1987-10-10,7.028,7.844,9.695,16.75,13.47
1987-10-11,8.261,8.429,9.773,17.562,11.81
1987-10-12,6.554,9.541,7.984,17.836,19.12
1987-10-13,3.925,7.926,9.516,16.758,15.6
1987-10-14,3.274,6.945,9.766,15.695,12.71
1987-10-15,2.788,8.127,10.422,17.672,10.96
1987-10-16,0.068,9.831,9.023,18.93,10.51
1987-10-17,8.08,7.31,10.781,16.922,9.87
1987-10-18,13.226,7.484,11.688,17.812,10.92
1987-10-19,24.022,7.014,10.992,16.75,15.74
1987-10-20,18.763,6.7,10.578,16.047,24.26
1987-10-21,0.0,8.183,9.516,17.172,12.96
1987-10-22,1.99,8.128,9.906,17.383,12.33
1987-10-23,3.918,8.391,10.289,18.0,11.9
1987-10-24,5.853,8.988,9.977,18.578,12.24
1987-10-25,15.117,9.067,10.094,18.758,17.48
1987-10-26,13.365,8.483,10.602,18.383,21.19
1987-10-27,1.817,6.849,10.977,16.594,14.7
1987-10-28,36.847,7.19,9.133,15.68,42.3
1987-10-29,2.272,7.513,10.352,17.008,18.58
1987-10-30,11.413,6.552,10.562,15.93,15.36
1987-10-31,5.62,6.657,10.82,16.273,16.42
1987-11-01,4.477,9.646,10.312,19.773,14.23
1987-11-02,2.887,9.507,9.297,18.953,11.56
1987-11-03,5.095,8.593,10.328,18.453,12.21
1987-11-04,3.129,7.861,9.586,17.008,18.72
1987-11-05,1.651,8.274,8.562,16.844,13.76
1987-11-06,0.0,7.666,8.625,16.078,11.45
1987-11-07,0.0,7.82,9.297,16.75,10.56
1987-11-08,0.0,8.094,8.773,16.789,10.16
1987-11-09,0.0,8.545,8.016,16.914,9.82
1987-11-10,0.0,8.213,8.336,16.688,9.64
1987-11-11,0.203,6.923,9.125,15.508,9.58
1987-11-12,0.0,7.725,8.102,15.875,9.4
1987-11-13,0.0,7.664,9.125,16.5,9.34
1987-11-14,0.0,8.089,9.578,17.406,9.42
1987-11-15,14.823,7.617,10.414,17.383,9.28
1987-11-16,21.767,7.526,10.43,17.289,9.26
1987-11-17,10.536,9.204,10.781,19.781,9.22
1987-11-18,1.963,6.376,10.562,15.93,9.36
1987-11-19,10.103,6.912,10.922,16.898,10.16
1987-11-20,3.014,7.871,9.891,17.414,15.97
1987-11-21,26.194,5.863,10.422,15.203,11.91
1987-11-22,0.0,8.074,9.992,17.797,11.28
1987-11-23,0.233,7.649,10.039,17.258,10.53
1987-11-24,0.0,8.623,8.82,17.758,12.17
1987-11-25,1.746,7.481,9.344,16.562,15.86
1987-11-26,0.664,9.398,9.32,19.172,10.93
1987-11-27,3.64,9.262,9.055,18.859,9.52
1987-11-28,0.0,7.523,9.086,16.492,9.31
1987-11-29,12.019,8.403,9.086,17.703,9.14
1987-11-30,2.273,5.284,10.07,14.25,13.64
1987-12-01,3.0,7.507,9.578,16.812,12.01
1987-12-02,0.0,6.134,9.773,15.125,15.86
1987-12-03,0.0,6.36,9.977,15.578,13.7
1987-12-04,42.308,8.469,10.109,18.523,13.85
1987-12-05,6.615,7.278,11.094,17.625,10.32
1987-12-06,29.718,8.51,8.0,17.18,10.81
1987-12-07,13.029,6.911,9.547,16.031,19.12
1987-12-08,0.0,8.182,9.359,17.648,18.69
1987-12-09,0.0,8.774,8.227,17.711,12.47
1987-12-10,0.0,7.615,8.68,16.406,10.24
1987-12-11,0.0,9.156,8.484,18.445,9.7
1987-12-12,0.0,6.568,10.422,16.242,9.46
1987-12-13,11.316,7.09,9.875,16.547,9.4
1987-12-14,0.0,8.085,9.297,17.492,9.7
1987-12-15,0.0,9.399,8.258,18.656,9.43
1987-12-16,0.0,8.499,8.914,17.82,9.1
1987-12-17,0.0,8.826,8.539,18.039,8.92
1987-12-18,0.0,7.489,8.875,16.383,8.8
1987-12-19,0.0,6.713,8.828,15.281,8.8
1987-12-20,0.0,6.909,9.82,16.258,8.8
1987-12-21,0.0,5.028,9.688,13.68,8.75
1987-12-22,0.0,7.002,8.297,15.305,8.75
1987-12-23,0.0,7.955,8.766,16.953,8.6
1987-12-24,0.0,7.376,7.844,15.508,8.4
1987-12-25,0.0,8.514,7.719,17.039,8.4
1987-12-26,0.0,9.304,7.844,18.242,8.3
1987-12-27,0.0,8.643,8.125,17.477,8.2
1987-12-28,0.0,7.375,9.648,16.734,8.2
1987-12-29,0.0,7.889,9.547,17.375,8.2
1987-12-30,0.0,6.612,9.82,15.828,8.16
1987-12-31,0.0,6.396,9.25,15.117,11.11
1988-01-01,0.0,6.472,9.133,15.133,6.87
1988-01-02,0.0,8.618,7.75,17.164,5.98
1988-01-03,0.0,6.667,9.453,15.602,5.75
1988-01-04,0.0,6.423,10.805,16.289,5.97
1988-01-05,0.0,7.275,10.289,17.016,5.68
1988-01-06,0.0,8.908,7.289,17.242,5.58
1988-01-07,0.0,8.039,8.039,16.477,5.5
1988-01-08,3.706,7.919,9.352,17.195,5.26
1988-01-09,2.275,7.321,9.734,16.641,5.2
1988-01-10,0.0,6.625,9.602,15.594,5.2
1988-01-11,9.813,6.872,9.898,16.133,5.14
1988-01-12,0.0,7.487,10.414,17.312,5.11
1988-01-13,0.0,7.103,9.586,16.203,5.03
1988-01-14,0.0,6.753,10.234,16.203,5.14
1988-01-15,0.0,9.419,9.141,19.016,5.02
1988-01-16,0.0,8.226,8.891,17.203,5.02
1988-01-17,17.991,7.957,9.25,17.07,5.82
1988-01-18,5.469,6.847,10.156,16.227,7.31
1988-01-19,0.0,8.417,9.016,17.508,7.8
1988-01-20,0.0,6.869,9.953,16.07,6.07
1988-01-21,2.048,8.634,8.766,17.602,5.44
1988-01-22,0.0,8.237,8.141,16.625,5.85
1988-01-23,0.0,8.449,8.633,17.227,6.28
1988-01-24,0.0,7.491,9.125,16.258,6.16
1988-01-25,0.0,9.161,8.594,18.148,6.1
1988-01-26,0.0,8.71,8.117,17.203,5.98
1988-01-27,0.0,6.451,9.336,14.992,5.92
1988-01-28,0.0,8.296,8.5,16.852,5.92
1988-01-29,19.018,7.297,9.914,16.484,6.07
1988-01-30,0.0,6.259,9.57,14.883,6.04
1988-01-31,0.0,6.814,8.922,15.117,6.25
1988-02-01,0.0,7.795,8.734,16.281,6.56
1988-02-02,2.237,8.23,8.742,16.852,6.04
1988-02-03,0.0,8.157,9.406,17.18,5.86
1988-02-04,3.907,7.483,9.961,16.68,5.8
1988-02-05,3.632,7.738,10.273,17.219,5.94
1988-02-06,0.0,7.416,9.133,15.977,6.54
1988-02-07,0.0,6.36,10.0,15.25,12.24
1988-02-08,0.0,7.904,9.633,16.938,13.52
1988-02-09,2.921,6.635,9.492,15.18,9.37
1988-02-10,5.419,6.62,9.789,15.359,8.06
1988-02-11,36.145,6.499,9.828,15.234,9.29
1988-02-12,0.0,8.664,9.969,18.109,10.07
1988-02-13,4.586,7.612,10.719,17.273,7.93
1988-02-14,0.0,7.298,9.898,16.273,9.27
1988-02-15,0.0,7.846,9.891,16.945,8.9
1988-02-16,0.0,8.129,9.977,17.359,7.2
1988-02-17,0.0,9.15,9.117,18.078,6.49
1988-02-18,0.0,10.048,8.461,18.805,6.1
1988-02-19,0.0,9.706,8.883,18.625,5.86
1988-02-20,0.0,9.39,9.305,18.469,5.74
1988-02-21,0.0,8.81,8.352,17.062,5.74
1988-02-22,0.0,7.424,9.742,16.219,5.91
1988-02-23,0.0,7.485,10.633,16.945,6.53
1988-02-24,4.562,6.284,11.219,15.914,5.8
1988-02-25,4.634,8.794,10.367,18.367,6.31
1988-02-26,16.988,7.527,10.875,17.133,6.41
1988-02-27,0.0,8.387,10.773,18.094,7.95
1988-02-28,8.218,6.843,10.945,16.352,7.56
1988-02-29,0.0,9.999,9.742,19.43,9.03
1988-03-01,0.116,9.688,9.188,18.656,11.78
1988-03-02,4.802,8.645,10.242,18.039,8.28
1988-03-03,0.0,9.138,10.25,18.641,6.42
1988-03-04,0.0,8.664,8.758,17.016,5.98
1988-03-05,0.0,10.363,7.492,18.406,5.68
1988-03-06,0.0,9.966,9.219,18.984,5.5
1988-03-07,0.0,10.044,9.461,19.234,5.51
1988-03-08,3.203,8.303,9.156,16.789,5.83
1988-03-09,24.079,5.77,10.711,14.844,21.74
1988-03-10,12.948,10.799,9.016,19.891,10.69
1988-03-11,0.0,9.418,8.164,17.586,7.1
1988-03-12,0.0,10.343,8.203,18.797,8.99
1988-03-13,0.0,9.653,8.0,17.742,8.13
1988-03-14,0.0,10.974,8.242,19.641,6.68
1988-03-15,0.295,11.846,7.383,20.219,6.85
1988-03-16,14.494,6.524,9.594,14.867,15.59
1988-03-17,0.0,7.834,8.797,15.938,9.45
1988-03-18,0.0,6.233,10.039,14.859,7.01
1988-03-19,0.0,7.183,8.703,15.031,6.56
1988-03-20,0.0,7.123,9.0,15.164,6.28
1988-03-21,0.0,7.847,9.484,16.438,6.1
1988-03-22,0.0,8.166,8.508,16.164,6.0
1988-03-23,0.0,8.826,8.148,16.781,5.62
1988-03-24,0.0,7.606,8.969,15.766,5.5
1988-03-25,0.0,9.083,7.602,16.766,5.32
1988-03-26,0.0,7.482,8.078,15.0,5.32
1988-03-27,0.0,6.725,9.5,15.07,5.67
1988-03-28,0.071,8.1,8.633,16.195,5.5
1988-03-29,0.158,6.138,10.438,15.086,7.29
1988-03-30,15.207,7.799,9.625,16.523,7.52
1988-03-31,0.0,9.342,7.898,17.344,6.03
1988-04-01,0.0,9.046,9.141,17.789,5.56
1988-04-02,0.0,7.522,9.711,16.25,5.38
1988-04-03,0.754,8.888,10.125,18.266,5.44
1988-04-04,10.79,7.642,10.719,17.141,5.56
1988-04-05,5.109,7.759,9.875,16.688,6.98
1988-04-06,7.156,7.355,10.734,16.828,7.53
1988-04-07,19.093,6.41,10.57,15.555,10.9
1988-04-08,0.512,8.261,9.773,17.297,16.33
1988-04-09,0.092,7.932,9.617,16.789,14.77
1988-04-10,0.524,7.315,10.273,16.469,12.23
1988-04-11,7.698,4.862,10.266,13.539,10.28
1988-04-12,14.215,7.459,10.297,16.688,8.41
1988-04-13,8.486,6.88,10.609,16.203,29.96
1988-04-14,6.231,8.747,10.156,18.242,14.66
1988-04-15,9.559,6.663,10.234,15.688,10.33
1988-04-16,0.0,7.644,9.812,16.617,10.71
1988-04-17,4.902,8.823,10.188,18.406,19.22
1988-04-18,13.161,8.05,9.438,16.898,13.79
1988-04-19,0.0,8.395,9.805,17.609,10.78
1988-04-20,9.597,7.485,9.672,16.375,9.99
1988-04-21,1.802,6.616,10.438,15.852,7.85
1988-04-22,0.502,8.078,10.336,17.641,7.68
1988-04-23,1.427,8.22,10.391,17.875,8.25
1988-04-24,0.0,8.479,9.352,17.5,9.35
1988-04-25,13.982,8.498,9.234,17.477,8.87
1988-04-26,0.0,6.394,10.156,15.414,8.41
1988-04-27,0.0,7.259,9.445,16.031,8.1
1988-04-28,0.0,7.557,9.57,16.516,8.06
1988-04-29,0.496,6.798,9.328,15.391,12.53
1988-04-30,0.0,7.668,8.227,15.75,20.4
1988-05-01,0.0,6.512,10.219,15.688,27.03
1988-05-02,0.0,6.639,10.422,16.016,16.26
1988-05-03,0.0,7.759,9.953,17.133,18.76
1988-05-04,0.0,6.715,8.422,14.672,19.0
1988-05-05,0.0,7.921,9.195,16.852,12.81
1988-05-06,0.0,8.402,9.258,17.57,9.98
1988-05-07,8.662,8.442,10.383,18.438,9.56
1988-05-08,26.005,5.89,10.242,15.023,33.58
1988-05-09,0.0,6.398,9.703,15.258,27.94
1988-05-10,0.0,7.344,9.516,16.391,20.16
1988-05-11,10.542,7.57,9.008,16.344,12.87
1988-05-12,1.046,7.561,9.508,16.711,10.88
1988-05-13,0.0,8.298,9.266,17.562,9.3
1988-05-14,0.0,6.534,10.008,15.734,8.6
1988-05-15,0.0,8.017,9.453,17.344,8.6
1988-05-16,2.069,6.997,10.438,16.68,9.54
1988-05-17,0.401,7.53,9.344,16.625,12.64
1988-05-18,36.379,7.643,9.016,16.562,11.54
1988-05-19,3.05,6.708,9.945,15.984,11.25
1988-05-20,7.809,6.835,9.812,16.062,9.42
1988-05-21,0.0,7.427,9.352,16.57,10.66
1988-05-22,0.0,6.954,9.625,16.125,9.89
1988-05-23,0.0,5.772,9.961,14.828,8.4
1988-05-24,0.0,7.273,10.086,16.914,8.0
1988-05-25,0.0,5.806,10.695,15.445,7.84
1988-05-26,0.995,3.61,10.234,12.453,8.44
1988-05-27,4.636,5.695,9.594,14.469,14.96
1988-05-28,0.0,8.175,9.703,17.922,17.13
1988-05-29,0.0,7.589,10.812,17.922,12.93
1988-05-30,1.081,8.745,10.672,19.391,12.33
1988-05-31,24.855,7.24,9.539,16.547,11.85
1988-06-01,10.146,5.515,9.945,14.547,15.02
1988-06-02,0.0,6.201,9.219,14.93,15.64
1988-06-03,25.524,5.552,10.094,14.742,20.35
1988-06-04,19.993,4.915,9.359,13.336,22.02
1988-06-05,0.0,6.651,7.742,14.516,56.64
1988-06-06,13.042,7.354,9.164,16.516,18.32
1988-06-07,0.772,8.206,7.883,16.875,11.05
1988-06-08,0.0,7.513,9.188,16.773,9.58
1988-06-09,0.0,5.988,9.586,14.977,17.6
1988-06-10,9.894,5.726,9.383,14.461,29.92
1988-06-11,0.0,5.445,9.57,14.234,27.01
1988-06-12,0.0,7.203,8.602,15.945,19.87
1988-06-13,0.0,6.646,8.891,15.367,14.3
1988-06-14,7.478,6.417,8.516,14.797,18.76
1988-06-15,12.321,9.032,7.883,18.117,16.92
1988-06-16,0.0,7.921,8.422,16.875,12.4
1988-06-17,0.0,6.939,10.195,16.742,12.09
1988-06-18,37.765,4.751,10.258,13.914,44.4
1988-06-19,8.375,5.255,9.234,13.742,26.19
1988-06-20,0.0,7.939,8.242,16.781,24.12
1988-06-21,0.0,7.841,9.141,17.258,15.52
1988-06-22,0.0,6.268,9.672,15.453,14.44
1988-06-23,0.0,6.515,9.953,15.984,13.18
1988-06-24,0.0,5.981,9.016,14.555,16.8
1988-06-25,0.0,5.235,8.844,13.438,35.88
1988-06-26,0.187,6.995,7.812,15.133,27.51
1988-06-27,0.0,8.168,7.305,16.492,14.79
1988-06-28,0.0,7.287,8.43,15.969,13.74
1988-06-29,5.301,6.757,7.594,14.633,16.05
1988-06-30,11.89,5.991,8.211,13.961,25.0
1988-07-01,0.159,6.003,8.812,14.406,23.53
1988-07-02,2.728,7.244,7.688,15.383,17.18
1988-07-03,5.062,5.871,8.945,14.344,18.76
1988-07-04,2.764,5.006,9.57,13.641,29.66
1988-07-05,2.186,6.537,9.5,15.641,19.67
1988-07-06,42.053,6.494,9.289,15.414,16.92
1988-07-07,0.0,6.008,8.898,14.469,16.57
1988-07-08,43.982,5.513,8.555,13.523,30.59
1988-07-09,2.988,6.269,8.047,14.211,24.55
1988-07-10,0.0,6.056,7.594,13.555,24.73
1988-07-11,0.0,5.207,8.531,13.062,20.21
1988-07-12,0.756,5.236,7.898,12.609,27.28
1988-07-13,0.0,5.027,7.633,12.141,31.84
1988-07-14,0.0,7.611,6.133,14.789,17.49
1988-07-15,0.0,6.527,6.773,13.602,12.62
1988-07-16,0.0,5.075,7.266,11.867,12.23
1988-07-17,0.0,6.132,6.656,12.906,13.32
1988-07-18,0.0,5.919,7.648,13.312,18.18
1988-07-19,0.0,3.95,8.32,11.211,13.46
1988-07-20,0.0,3.918,8.32,11.195,13.18
1988-07-21,0.0,5.068,8.945,13.141,23.94
1988-07-22,0.65,6.221,8.734,14.492,18.63
1988-07-23,0.0,6.221,8.969,14.672,14.72
1988-07-24,0.0,6.862,9.531,15.93,25.83
1988-07-25,4.18,4.98,9.281,13.258,32.12
1988-07-26,0.0,6.155,8.445,14.148,28.82
1988-07-27,0.0,9.836,7.219,18.469,15.32
1988-07-28,0.0,9.444,6.922,17.719,12.23
1988-07-29,0.0,7.805,9.398,17.047,11.43
1988-07-30,1.889,8.331,8.5,17.141,10.99
1988-07-31,2.775,8.13,8.539,16.867,11.54
1988-08-01,0.0,8.399,8.969,17.508,12.29
1988-08-02,8.346,6.129,9.289,14.656,14.93
1988-08-03,0.0,7.011,8.953,15.562,31.62
1988-08-04,0.0,8.97,6.953,16.938,16.23
1988-08-05,0.0,7.431,7.656,15.219,12.12
1988-08-06,0.0,6.961,8.844,15.398,15.97
1988-08-07,0.0,6.192,8.562,14.133,22.47
1988-08-08,0.0,7.263,8.328,15.406,14.97
1988-08-09,0.0,7.077,8.594,15.328,12.32
1988-08-10,0.0,6.362,7.523,13.562,17.19
1988-08-11,0.0,7.91,7.766,15.859,15.52
1988-08-12,0.0,9.298,6.016,16.648,10.88
1988-08-13,0.0,6.739,8.578,14.789,9.8
1988-08-14,0.0,7.451,7.969,15.305,10.05
1988-08-15,0.0,8.798,8.172,17.273,11.49
1988-08-16,0.0,8.621,8.969,17.547,11.09
1988-08-17,0.459,6.393,9.695,15.125,10.14
1988-08-18,31.659,8.094,9.406,17.109,11.2
1988-08-19,0.0,8.049,8.188,16.219,13.81
1988-08-20,0.0,8.024,9.016,16.727,16.12
1988-08-21,11.822,5.787,9.25,13.969,22.98
1988-08-22,0.0,6.378,8.516,14.188,16.26
1988-08-23,0.0,8.693,7.938,16.844,12.43
1988-08-24,0.0,7.703,7.852,15.438,10.23
1988-08-25,0.0,8.63,7.68,16.547,9.2
1988-08-26,5.145,8.683,8.102,16.891,8.6
1988-08-27,0.0,7.582,9.219,16.203,10.67
1988-08-28,0.0,7.245,8.547,15.266,14.55
1988-08-29,5.996,7.493,8.344,15.438,13.0
1988-08-30,6.523,7.987,8.672,16.297,12.28
1988-08-31,20.855,7.815,8.758,16.117,9.86
1988-09-01,1.549,7.937,8.961,16.414,9.05
1988-09-02,13.798,7.375,7.359,14.562,8.73
1988-09-03,0.0,8.162,8.156,16.148,9.0
1988-09-04,0.0,8.926,6.758,16.234,8.38
1988-09-05,0.0,7.548,8.367,15.469,9.91
1988-09-06,0.0,9.153,7.523,17.023,8.92
1988-09-07,0.0,8.057,8.164,15.977,8.21
1988-09-08,0.0,8.697,6.766,15.898,7.76
1988-09-09,0.0,8.402,8.078,16.344,7.44
1988-09-10,17.945,7.153,9.445,15.664,7.48
1988-09-11,20.254,8.019,9.539,16.836,7.9
1988-09-12,11.751,7.594,9.398,16.188,9.34
1988-09-13,2.799,6.6,9.055,14.664,9.42
1988-09-14,1.078,7.764,9.289,16.312,10.33
1988-09-15,0.931,7.385,9.766,16.172,8.6
1988-09-16,14.312,9.032,9.023,17.773,7.52
1988-09-17,0.0,7.526,8.711,15.594,7.49
1988-09-18,0.0,7.154,9.477,15.672,8.78
1988-09-19,0.0,6.779,9.273,15.055,18.09
1988-09-20,0.0,8.124,8.742,16.398,26.13
1988-09-21,2.752,8.49,8.148,16.477,22.74
1988-09-22,0.0,9.136,8.062,17.258,11.99
1988-09-23,0.0,9.101,8.43,17.438,10.47
1988-09-24,0.0,8.088,9.953,17.195,8.9
1988-09-25,8.177,6.181,9.273,14.305,8.4
1988-09-26,3.812,7.008,8.164,14.555,10.59
1988-09-27,0.0,8.39,7.82,16.117,10.04
1988-09-28,0.0,7.371,8.617,15.336,8.86
1988-09-29,3.312,8.197,8.039,16.008,8.95
1988-09-30,3.923,8.843,7.93,16.797,8.85
1988-10-01,13.26,6.791,10.578,16.047,20.8
1988-10-02,4.967,9.187,9.398,18.227,19.75
1988-10-03,4.435,7.354,9.695,16.094,56.2
1988-10-04,20.937,7.279,8.812,15.375,17.51
1988-10-05,4.747,6.885,9.133,15.109,11.79
1988-10-06,2.488,7.116,8.18,14.719,10.55
1988-10-07,2.849,6.927,8.617,14.789,9.9
1988-10-08,1.927,6.438,8.383,14.016,11.46
1988-10-09,3.486,7.224,8.664,15.234,12.35
1988-10-10,2.927,8.135,6.75,15.133,9.7
1988-10-11,1.632,9.23,6.531,16.492,8.8
1988-10-12,0.0,7.597,8.484,15.594,8.5
1988-10-13,0.12,8.287,9.055,16.906,8.5
1988-10-14,18.839,6.762,9.828,15.508,18.82
1988-10-15,6.869,7.236,10.18,16.367,11.1
1988-10-16,7.382,9.275,9.586,18.586,8.6
1988-10-17,9.687,8.812,9.406,17.883,9.61
1988-10-18,5.215,7.139,10.305,16.383,8.2
1988-10-19,0.0,9.677,8.945,18.742,8.1
1988-10-20,3.208,7.727,8.977,16.211,8.7
1988-10-21,0.0,7.656,9.5,16.492,8.6
1988-10-22,3.077,8.084,8.828,16.594,8.9
1988-10-23,0.0,9.709,7.945,18.188,12.94
1988-10-24,0.0,9.728,6.812,17.516,8.6
1988-10-25,0.0,8.57,9.656,17.828,7.52
1988-10-26,0.97,9.556,9.648,19.125,7.12
1988-10-27,3.43,6.478,9.289,14.875,8.2
1988-10-28,38.81,7.018,8.367,14.914,7.52
1988-10-29,1.756,8.842,8.156,17.242,8.7
1988-10-30,0.157,7.955,9.461,16.977,8.9
1988-10-31,1.58,7.609,10.422,17.203,8.9
1988-11-01,35.697,5.963,9.57,14.477,18.05
1988-11-02,1.525,5.607,9.625,14.078,43.21
1988-11-03,4.537,7.268,8.086,15.133,21.95
1988-11-04,0.0,7.103,7.531,14.539,12.12
1988-11-05,0.0,8.062,8.047,16.211,13.46
1988-11-06,8.524,7.465,8.492,15.711,11.92
1988-11-07,23.782,7.769,9.789,17.055,19.97
1988-11-08,11.254,7.407,9.562,16.422,15.48
1988-11-09,5.97,6.718,9.523,15.5,32.04
1988-11-10,0.535,6.465,8.789,14.648,19.82
1988-11-11,0.0,7.382,8.789,15.891,21.39
1988-11-12,0.0,8.122,8.625,16.789,17.26
1988-11-13,0.0,7.398,9.258,16.258,14.58
1988-11-14,0.0,6.805,10.422,16.336,12.79
1988-11-15,44.455,6.164,10.18,15.344,14.95
1988-11-16,22.299,4.099,10.078,12.797,33.84
1988-11-17,7.24,7.046,10.031,16.398,35.44
1988-11-18,0.0,7.564,9.766,16.914,22.65
1988-11-19,0.841,6.423,10.305,15.805,16.87
1988-11-20,16.451,7.233,9.945,16.617,13.02
1988-11-21,0.0,7.806,9.844,17.328,14.94
1988-11-22,17.237,7.217,9.672,16.414,28.86
1988-11-23,16.616,7.241,9.523,16.352,31.08
1988-11-24,29.396,6.212,9.703,15.125,20.51
1988-11-25,0.0,9.232,9.148,18.875,26.35
1988-11-26,1.349,7.93,8.102,16.352,20.42
1988-11-27,0.0,7.783,9.359,17.016,18.7
1988-11-28,27.253,6.147,9.797,15.133,28.97
1988-11-29,0.969,6.709,9.969,16.055,17.93
1988-11-30,11.959,8.039,9.445,17.469,18.39
1988-12-01,13.345,6.841,9.438,15.836,23.3
1988-12-02,0.333,7.752,9.156,16.898,19.85
1988-12-03,1.125,6.571,8.539,14.812,16.92
1988-12-04,17.38,5.952,10.062,15.125,23.07
1988-12-05,14.717,5.895,9.695,14.773,18.44
1988-12-06,7.994,7.513,8.234,15.953,15.55
1988-12-07,3.41,5.496,9.336,13.977,15.95
1988-12-08,5.29,7.739,8.516,16.453,16.58
1988-12-09,6.594,7.309,9.797,16.758,15.31
1988-12-10,5.541,8.259,8.656,17.297,12.95
1988-12-11,10.319,7.156,8.859,15.898,11.8
1988-12-12,0.0,8.843,8.367,17.93,11.1
1988-12-13,2.57,7.085,9.516,16.266,10.66
1988-12-14,7.674,7.965,8.289,16.648,10.53
1988-12-15,4.986,7.678,8.852,16.633,10.3
1988-12-16,0.0,8.317,8.719,17.438,10.05
1988-12-17,0.374,7.968,9.203,17.258,9.74
1988-12-18,7.361,7.109,9.547,16.336,9.98
1988-12-19,0.0,7.258,9.852,16.758,9.54
1988-12-20,0.0,6.863,8.68,15.367,9.41
1988-12-21,0.0,10.0,5.844,18.023,8.95
1988-12-22,0.742,7.822,8.898,16.859,8.82
1988-12-23,10.029,7.339,9.273,16.461,10.12
1988-12-24,0.0,7.369,8.188,15.727,9.58
1988-12-25,2.068,6.219,8.781,14.539,9.44
1988-12-26,2.684,7.235,8.875,16.016,10.32
1988-12-27,4.195,7.556,8.562,16.234,9.35
1988-12-28,4.062,6.758,8.828,15.297,8.72
1988-12-29,6.767,7.641,8.93,16.594,8.67
1988-12-30,8.227,6.22,8.914,14.617,9.48
1988-12-31,6.0,5.687,9.031,14.008,9.57
1989-01-01,28.048,5.517,8.93,13.703,9.48
1989-01-02,0.0,6.112,8.75,14.359,12.7
1989-01-03,0.267,6.823,9.156,15.602,13.68
1989-01-04,8.658,5.423,9.016,13.609,12.11
1989-01-05,14.371,5.548,9.195,13.93,11.21
1989-01-06,0.0,6.172,8.68,14.344,10.52
1989-01-07,9.747,6.332,8.477,14.406,12.66
1989-01-08,0.0,6.038,8.711,14.172,13.46
1989-01-09,16.397,6.018,9.016,14.352,16.3
1989-01-10,0.0,6.313,9.266,14.945,18.23
1989-01-11,0.0,7.316,8.43,15.695,15.91
1989-01-12,0.0,6.05,6.602,12.617,11.61
1989-01-13,1.151,7.142,7.352,14.672,10.06
1989-01-14,0.685,5.849,9.141,14.188,9.91
1989-01-15,0.0,7.361,9.117,16.203,9.87
1989-01-16,0.0,7.123,8.336,15.312,9.15
1989-01-17,10.188,6.274,9.969,15.344,8.6
1989-01-18,0.0,6.458,9.422,15.172,8.4
1989-01-19,0.0,7.173,9.086,15.867,8.3
1989-01-20,0.0,7.97,7.734,16.023,8.0
1989-01-21,4.619,8.062,8.289,16.508,7.9
1989-01-22,3.261,5.781,9.156,14.062,8.22
1989-01-23,4.034,8.217,7.227,15.984,8.1
1989-01-24,4.926,8.786,7.195,16.742,7.7
1989-01-25,3.185,7.785,8.234,16.016,7.5
1989-01-26,1.87,6.666,8.305,14.523,7.3
1989-01-27,2.038,6.959,9.953,16.102,7.33
1989-01-28,7.532,5.376,9.867,14.031,11.08
1989-01-29,5.575,7.553,9.492,16.523,11.53
1989-01-30,5.432,6.131,8.758,14.109,13.65
1989-01-31,6.22,7.918,9.078,16.688,9.15
1989-02-01,0.0,7.97,8.688,16.477,9.01
1989-02-02,5.653,5.844,9.695,14.461,17.98
1989-02-03,21.258,7.535,8.742,15.898,21.89
1989-02-04,15.415,6.439,8.711,14.414,17.88
1989-02-05,0.0,6.24,8.211,13.758,11.49
1989-02-06,0.0,7.204,8.422,15.203,9.15
1989-02-07,3.375,6.009,8.719,13.836,8.2
1989-02-08,4.003,5.778,8.773,13.555,7.7
1989-02-09,4.133,6.27,9.453,14.703,7.4
1989-02-10,3.946,4.912,9.5,13.102,7.51
1989-02-11,0.0,6.141,7.961,13.383,9.8
1989-02-12,0.0,7.73,7.586,15.219,7.9
1989-02-13,0.904,9.553,6.219,16.82,7.3
1989-02-14,2.769,9.242,7.906,17.445,6.9
1989-02-15,13.081,8.146,9.328,16.945,7.11
1989-02-16,26.46,7.243,9.859,16.148,7.2
1989-02-17,0.0,9.083,7.922,17.258,8.4
1989-02-18,0.0,7.453,8.797,15.625,12.64
1989-02-19,0.0,7.989,7.562,15.469,9.15
1989-02-20,0.288,7.871,7.969,15.578,8.42
1989-02-21,0.0,8.217,7.969,16.031,9.79
1989-02-22,0.0,9.062,7.742,16.992,9.5
1989-02-23,2.551,6.899,9.578,15.422,8.63
1989-02-24,1.193,8.876,8.43,17.18,23.02
1989-02-25,18.175,8.007,9.07,16.461,12.74
1989-02-26,0.0,6.11,8.328,13.492,11.38
1989-02-27,0.0,7.169,8.617,15.047,9.67
1989-02-28,0.0,7.026,8.398,14.688,12.97
1989-03-01,0.0,6.408,7.984,13.578,11.35
1989-03-02,0.0,9.095,7.008,16.461,8.6
1989-03-03,3.794,6.795,8.773,14.641,11.34
1989-03-04,4.937,7.555,9.312,15.992,9.27
1989-03-05,11.984,6.65,9.109,14.695,11.09
1989-03-06,15.701,7.421,9.305,15.828,12.38
1989-03-07,14.618,6.817,9.625,15.289,15.17
1989-03-08,8.66,7.114,8.055,14.5,16.63
1989-03-09,6.023,8.789,8.82,17.188,11.39
1989-03-10,5.996,9.098,8.766,17.547,10.48
1989-03-11,7.587,6.317,8.977,14.156,37.09
1989-03-12,0.0,7.936,9.859,16.852,27.22
1989-03-13,17.676,6.814,8.641,14.523,29.16
1989-03-14,16.53,8.492,10.086,17.68,22.12
1989-03-15,9.01,7.719,9.359,16.219,18.75
1989-03-16,0.383,6.91,9.727,15.453,26.93
1989-03-17,17.544,6.703,9.375,14.938,25.61
1989-03-18,4.91,7.093,7.25,13.891,28.73
1989-03-19,0.112,6.268,8.984,14.102,19.89
1989-03-20,9.776,6.834,8.695,14.594,17.28
1989-03-21,6.038,8.38,7.633,15.859,17.88
1989-03-22,4.879,7.057,7.727,14.172,15.72
1989-03-23,0.0,8.519,7.828,16.148,12.73
1989-03-24,0.0,7.021,8.312,14.547,11.48
1989-03-25,0.0,8.84,7.344,16.266,10.64
1989-03-26,0.0,9.261,6.852,16.523,10.51
1989-03-27,0.0,7.575,7.242,14.539,14.31
1989-03-28,10.054,6.923,8.539,14.602,18.93
1989-03-29,6.81,9.864,6.531,17.133,11.95
1989-03-30,1.507,8.979,7.844,16.82,10.18
1989-03-31,1.869,8.979,7.227,16.414,10.18
1989-04-01,0.0,9.057,8.969,17.68,9.95
1989-04-02,16.838,8.369,9.891,17.438,11.31
1989-04-03,15.467,6.479,9.516,14.805,14.52
1989-04-04,1.237,7.122,8.969,15.227,15.21
1989-04-05,0.0,7.774,9.664,16.562,22.58
1989-04-06,9.905,7.403,7.539,14.602,19.59
1989-04-07,0.0,7.901,7.492,15.219,14.74
1989-04-08,0.0,7.057,8.148,14.586,12.27
1989-04-09,0.0,6.607,8.945,14.586,10.76
1989-04-10,0.0,7.296,8.289,15.0,9.72
1989-04-11,1.001,7.928,9.016,16.344,9.15
1989-04-12,4.407,8.729,8.859,17.289,8.7
1989-04-13,3.46,7.914,9.945,17.023,8.4
1989-04-14,3.706,7.888,9.18,16.445,8.1
1989-04-15,2.237,7.615,8.75,15.797,8.52
1989-04-16,8.059,8.419,8.562,16.742,9.72
1989-04-17,3.575,7.56,9.57,16.352,8.6
1989-04-18,4.606,7.043,9.438,15.594,9.43
1989-04-19,0.0,7.635,10.133,16.867,8.82
1989-04-20,8.876,5.647,9.898,14.234,9.38
1989-04-21,0.0,7.272,9.32,15.852,12.15
1989-04-22,0.0,8.518,9.008,17.273,12.01
1989-04-23,0.0,7.393,9.039,15.828,26.08
1989-04-24,1.581,8.166,9.352,17.086,20.94
1989-04-25,0.424,8.376,8.406,16.727,12.01
1989-04-26,5.017,8.083,8.414,16.359,10.24
1989-04-27,12.129,8.276,9.562,17.406,10.86
1989-04-28,4.06,6.756,10.219,15.938,19.68
1989-04-29,10.844,7.697,9.898,16.938,15.06
1989-04-30,4.075,7.988,10.375,17.672,12.63
1989-05-01,17.003,6.768,10.672,16.328,14.73
1989-05-02,5.507,6.816,10.5,16.281,15.52
1989-05-03,7.128,7.03,10.695,16.711,12.96
1989-05-04,12.741,8.819,9.875,18.469,21.75
1989-05-05,20.028,7.85,9.797,17.164,15.67
1989-05-06,12.71,6.06,10.594,15.477,13.19
1989-05-07,15.281,5.956,9.656,14.617,12.69
1989-05-08,9.417,7.463,9.859,16.758,18.32
1989-05-09,0.129,7.903,8.57,16.453,14.4
1989-05-10,0.0,6.076,9.758,14.891,11.32
1989-05-11,0.0,6.68,8.641,14.883,13.61
1989-05-12,0.0,7.737,7.969,15.867,14.22
1989-05-13,0.0,5.96,9.555,14.625,26.91
1989-05-14,1.125,7.765,7.992,15.953,19.3
1989-05-15,1.719,8.445,7.859,16.836,12.5
1989-05-16,6.659,5.56,9.125,13.82,11.49
1989-05-17,16.159,5.209,9.422,13.594,12.77
1989-05-18,0.0,5.293,10.117,14.266,42.27
1989-05-19,0.0,6.229,9.438,14.969,36.18
1989-05-20,0.0,6.266,8.914,14.633,44.65
1989-05-21,0.0,4.432,9.5,12.75,40.62
1989-05-22,0.0,4.836,9.172,13.0,30.14
1989-05-23,0.0,5.439,8.875,13.539,29.88
1989-05-24,0.0,4.708,9.055,12.727,25.13
1989-05-25,0.441,7.019,8.438,15.391,20.68
1989-05-26,0.0,7.175,8.781,15.859,18.09
1989-05-27,21.405,9.403,8.258,18.664,16.72
1989-05-28,0.0,6.718,9.141,15.531,16.95
1989-05-29,0.582,8.743,8.305,17.789,17.47
1989-05-30,0.0,7.76,9.508,17.242,16.94
1989-05-31,0.0,6.606,10.078,16.086,14.38
1989-06-01,0.0,5.706,10.188,14.992,15.05
1989-06-02,17.39,6.403,9.758,15.602,20.59
1989-06-03,0.0,7.191,8.75,15.992,25.33
1989-06-04,0.685,6.903,8.781,15.586,24.96
1989-06-05,20.423,7.42,8.586,16.211,23.42
1989-06-06,22.439,6.539,9.148,15.352,22.58
1989-06-07,0.0,6.993,8.867,15.797,21.19
1989-06-08,0.0,7.112,9.609,16.508,16.06
1989-06-09,0.0,5.886,10.5,15.523,18.86
1989-06-10,8.654,6.06,9.82,15.25,25.55
1989-06-11,4.063,6.466,9.25,15.406,27.39
1989-06-12,4.439,5.955,8.828,14.359,54.7
1989-06-13,24.875,5.811,9.031,14.32,37.02
1989-06-14,0.0,5.378,9.117,13.805,45.24
1989-06-15,0.0,6.87,9.203,15.914,30.74
1989-06-16,3.839,5.019,9.336,13.492,24.17
1989-06-17,0.0,6.41,9.016,15.148,21.72
1989-06-18,0.0,6.145,9.242,14.938,39.78
1989-06-19,16.29,5.048,9.281,13.492,39.58
1989-06-20,0.0,6.872,8.188,15.219,39.84
1989-06-21,0.0,6.251,9.164,15.039,42.02
1989-06-22,0.0,6.094,8.703,14.484,51.29
1989-06-23,0.411,7.531,8.023,16.055,40.73
1989-06-24,21.626,6.382,8.227,14.531,41.19
1989-06-25,1.669,4.491,8.891,12.477,38.68
1989-06-26,3.608,6.586,7.43,14.273,35.41
1989-06-27,6.339,7.41,7.203,15.32,27.83
1989-06-28,7.595,9.649,7.133,18.555,23.23
1989-06-29,0.0,7.927,9.117,17.367,21.04
1989-06-30,0.528,7.117,9.062,16.188,19.96
1989-07-01,13.703,6.923,8.398,15.43,18.65
1989-07-02,9.674,6.581,7.867,14.578,27.23
1989-07-03,2.206,6.68,7.234,14.258,22.62
1989-07-04,5.648,6.719,6.867,14.039,19.66
1989-07-05,0.182,6.476,7.719,14.281,26.06
1989-07-06,0.0,4.33,8.398,11.836,70.4
1989-07-07,0.0,4.181,7.312,10.766,47.3
1989-07-08,0.0,6.415,6.383,13.234,27.67
1989-07-09,0.0,7.25,6.875,14.805,22.2
1989-07-10,0.0,7.604,6.055,14.773,20.08
1989-07-11,0.0,7.174,6.156,14.18,18.73
1989-07-12,0.0,6.225,7.234,13.516,18.32
1989-07-13,0.0,5.293,7.797,12.594,18.09
1989-07-14,0.0,5.029,7.586,12.086,19.19
1989-07-15,0.0,6.615,8.789,15.188,25.44
1989-07-16,0.0,5.334,9.656,14.102,39.38
1989-07-17,0.0,6.451,6.844,13.547,23.14
1989-07-18,0.0,6.078,7.43,13.406,17.36
1989-07-19,0.0,5.369,8.555,13.242,16.56
1989-07-20,9.471,6.746,7.539,14.398,17.84
1989-07-21,0.0,6.396,8.055,14.266,42.39
1989-07-22,42.831,5.945,8.688,14.086,44.6
1989-07-23,0.0,7.844,7.922,16.188,29.44
1989-07-24,1.004,8.662,7.242,16.898,20.68
1989-07-25,0.0,8.098,9.695,17.727,27.9
1989-07-26,21.795,4.639,10.266,13.625,36.86
1989-07-27,6.83,7.278,9.273,16.266,27.0
1989-07-28,0.168,9.421,7.539,18.086,18.08
1989-07-29,3.386,9.798,7.078,18.32,15.85
1989-07-30,4.55,10.109,8.695,19.75,15.0
1989-07-31,4.874,8.019,10.867,18.336,15.42
1989-08-01,0.0,5.835,10.547,15.266,15.28
1989-08-02,4.552,6.571,8.672,14.805,14.58
1989-08-03,0.0,7.799,6.734,15.156,13.58
1989-08-04,0.0,7.878,8.125,16.18,13.1
1989-08-05,0.0,6.511,8.18,14.312,13.22
1989-08-06,0.0,6.274,7.992,13.844,15.87
1989-08-07,13.901,9.682,6.828,17.812,14.96
1989-08-08,0.0,9.402,6.742,17.352,12.91
1989-08-09,0.0,7.268,8.594,15.594,21.29
1989-08-10,0.0,7.267,8.523,15.531,28.72
1989-08-11,0.0,6.377,8.539,14.328,28.77
1989-08-12,0.0,7.302,7.656,14.938,23.48
1989-08-13,0.0,6.046,7.82,13.336,30.24
1989-08-14,0.0,8.387,7.484,16.305,26.33
1989-08-15,0.0,6.426,8.32,14.172,21.66
1989-08-16,0.0,7.004,7.867,14.625,29.82
1989-08-17,0.0,7.765,7.711,15.539,22.62
1989-08-18,0.0,7.199,8.0,14.969,24.12
1989-08-19,0.0,7.797,7.695,15.539,20.42
1989-08-20,0.0,8.493,7.672,16.461,20.29
1989-08-21,17.75,9.62,7.922,18.141,17.6
1989-08-22,4.2,8.099,10.023,17.5,15.23
1989-08-23,8.491,7.44,8.891,15.828,15.32
1989-08-24,0.0,7.104,8.094,14.805,16.02
1989-08-25,5.059,9.543,7.867,17.93,13.4
1989-08-26,16.325,8.093,8.07,16.086,12.56
1989-08-27,20.185,8.285,8.664,16.742,12.48
1989-08-28,0.0,6.471,9.328,14.836,13.03
1989-08-29,0.302,7.875,9.164,16.523,15.69
1989-08-30,0.0,6.831,10.094,15.852,14.85
1989-08-31,14.471,9.153,8.719,17.875,16.9
1989-09-01,0.0,7.916,8.516,16.094,15.96
1989-09-02,0.0,8.646,7.758,16.547,12.3
1989-09-03,3.981,10.782,6.758,18.781,11.5
1989-09-04,16.728,7.558,9.539,16.305,10.87
1989-09-05,8.734,6.257,9.43,14.555,10.53
1989-09-06,19.672,7.356,10.594,16.812,21.78
1989-09-07,5.463,7.431,10.414,16.766,18.46
1989-09-08,0.0,7.44,8.453,15.367,14.36
1989-09-09,0.0,8.485,8.828,16.977,13.92
1989-09-10,0.11,7.84,7.758,15.383,13.34
1989-09-11,3.258,9.329,8.43,17.805,13.68
1989-09-12,3.306,8.206,8.07,16.078,11.11
1989-09-13,9.551,7.719,8.961,16.047,10.52
1989-09-14,0.0,7.851,8.125,15.625,9.95
1989-09-15,0.0,7.184,7.516,14.32,10.23
1989-09-16,0.0,7.372,7.766,14.758,13.31
1989-09-17,0.0,7.605,7.859,15.117,21.47
1989-09-18,0.0,9.124,7.141,16.656,14.36
1989-09-19,0.211,8.69,7.516,16.32,11.04
1989-09-20,0.556,9.076,8.133,17.227,10.68
1989-09-21,0.0,8.416,9.07,16.992,12.47
1989-09-22,11.524,9.257,8.898,17.969,12.24
1989-09-23,10.042,8.289,8.938,16.734,12.63
1989-09-24,2.399,7.746,8.945,16.039,15.04
1989-09-25,0.0,7.881,8.414,15.852,13.54
1989-09-26,4.643,8.563,7.938,16.422,14.28
1989-09-27,7.166,7.716,8.992,16.047,13.86
1989-09-28,4.44,5.548,9.711,13.867,14.29
1989-09-29,6.004,6.917,8.609,14.734,15.55
1989-09-30,0.0,7.502,8.547,15.469,14.63
1989-10-01,5.814,7.325,7.344,14.391,14.33
1989-10-02,3.823,8.172,7.703,15.758,19.24
1989-10-03,4.705,8.916,6.695,16.102,18.02
1989-10-04,11.103,5.992,8.859,13.758,23.06
1989-10-05,9.767,7.222,8.25,14.898,27.79
1989-10-06,0.0,7.516,6.945,14.375,24.74
1989-10-07,3.478,8.582,6.539,15.57,15.71
1989-10-08,7.705,8.259,6.953,15.406,13.92
1989-10-09,5.958,8.681,8.562,17.055,13.13
1989-10-10,5.261,7.607,8.727,15.758,12.23
1989-10-11,11.621,6.209,9.383,14.477,20.96
1989-10-12,6.989,7.067,9.797,15.867,18.78
1989-10-13,5.343,6.266,9.344,14.508,16.95
1989-10-14,1.93,6.45,9.562,14.914,15.71
1989-10-15,4.983,7.414,8.859,15.664,18.72
1989-10-16,8.308,7.494,8.719,15.664,15.74
1989-10-17,5.989,6.527,9.039,14.664,14.75
1989-10-18,5.326,6.662,8.938,14.781,22.7
1989-10-19,3.48,7.16,7.781,14.594,55.94
1989-10-20,4.431,8.516,7.492,16.227,23.82
1989-10-21,3.758,8.376,8.273,16.57,15.29
1989-10-22,5.289,7.821,8.039,15.672,12.85
1989-10-23,9.26,6.664,9.82,15.453,19.72
1989-10-24,8.366,6.887,9.992,15.883,35.19
1989-10-25,15.253,8.703,9.375,17.812,15.72
1989-10-26,8.032,8.434,9.82,17.75,14.85
1989-10-27,10.864,6.741,10.43,16.062,12.36
1989-10-28,3.878,6.008,10.117,14.93,20.01
1989-10-29,6.398,7.885,8.164,15.945,19.84
1989-10-30,7.232,6.553,10.977,16.266,15.14
1989-10-31,4.274,7.009,9.445,15.719,12.98
1989-11-01,15.036,6.728,8.977,15.008,11.48
1989-11-02,9.964,8.017,8.938,16.703,11.0
1989-11-03,10.523,7.882,10.133,17.375,11.67
1989-11-04,6.902,7.414,9.727,16.492,18.74
1989-11-05,0.068,8.502,9.328,17.664,26.07
1989-11-06,19.111,7.448,10.484,17.086,13.11
1989-11-07,0.0,7.897,9.664,17.102,11.24
1989-11-08,0.0,7.184,10.5,16.805,12.02
1989-11-09,0.0,7.644,9.547,16.727,11.55
1989-11-10,0.0,7.469,9.32,16.336,12.42
1989-11-11,0.0,5.928,9.57,14.516,12.5
1989-11-12,0.0,8.087,9.43,17.281,15.54
1989-11-13,0.159,8.816,9.203,18.125,16.64
1989-11-14,13.503,8.454,10.43,18.5,15.73
1989-11-15,10.588,8.4,9.727,17.953,15.78
1989-11-16,22.638,8.839,8.273,17.586,11.28
1989-11-17,16.287,6.87,10.344,16.383,16.65
1989-11-18,0.595,6.713,10.188,16.086,36.84
1989-11-19,0.0,7.139,9.312,16.023,18.66
1989-11-20,5.692,7.121,10.656,16.992,13.61
1989-11-21,13.968,8.121,9.266,17.336,12.66
1989-11-22,13.51,6.849,10.047,16.195,18.22
1989-11-23,3.68,6.015,9.609,14.797,24.99
1989-11-24,3.115,6.237,9.305,14.852,20.95
1989-11-25,0.063,8.187,8.508,16.961,13.91
1989-11-26,0.0,8.497,8.414,17.336,11.85
1989-11-27,2.225,8.476,8.133,17.148,10.99
1989-11-28,1.506,7.13,9.367,16.133,10.75
1989-11-29,2.13,8.228,7.992,16.719,10.3
1989-11-30,3.537,7.648,8.82,16.477,9.87
1989-12-01,6.249,7.338,10.031,16.914,13.39
1989-12-02,5.494,7.238,10.039,16.789,16.42
1989-12-03,19.591,7.928,10.859,18.297,11.36
1989-12-04,0.0,7.672,10.531,17.734,10.11
1989-12-05,0.104,7.902,9.641,17.445,10.9
1989-12-06,6.448,8.431,7.805,16.945,10.98
1989-12-07,0.0,8.816,7.484,17.289,10.18
1989-12-08,0.0,9.067,8.727,18.453,9.6
1989-12-09,0.0,8.734,8.297,17.711,9.4
1989-12-10,4.458,7.334,9.961,16.906,9.37
1989-12-11,2.254,6.755,10.977,16.883,10.33
1989-12-12,3.006,9.035,10.398,19.531,9.49
1989-12-13,2.517,8.455,9.555,18.18,9.03
1989-12-14,0.0,7.561,9.953,17.219,8.89
1989-12-15,0.0,9.126,8.898,18.68,8.7
1989-12-16,0.0,8.779,9.102,18.32,8.5
1989-12-17,0.0,9.965,8.32,19.484,8.4
1989-12-18,0.0,10.089,7.555,19.188,8.2
1989-12-19,0.0,9.328,7.586,18.125,8.0
1989-12-20,5.35,9.652,6.672,18.031,8.0
1989-12-21,0.385,7.114,7.742,15.055,7.9
1989-12-22,2.639,9.612,6.555,17.906,7.7
1989-12-23,2.037,9.051,7.617,17.742,7.6
1989-12-24,8.191,9.965,6.336,18.25,7.5
1989-12-25,7.43,6.917,9.547,16.055,8.36
1989-12-26,11.707,7.563,10.156,17.383,8.13
1989-12-27,12.479,6.153,9.984,15.352,8.36
1989-12-28,0.0,7.069,10.656,17.07,10.31
1989-12-29,0.429,8.752,9.75,18.695,10.51
1989-12-30,0.0,8.607,8.352,17.555,9.63
1989-12-31,8.071,7.695,8.938,16.672,10.97
1990-01-01,9.882,7.689,9.625,17.133,9.3
1990-01-02,3.864,8.625,8.406,17.594,12.4
1990-01-03,0.0,6.707,8.367,14.883,9.0
1990-01-04,0.0,7.223,7.938,15.289,8.2
1990-01-05,4.245,6.559,8.758,14.93,8.3
1990-01-06,9.825,6.869,9.648,16.0,8.2
1990-01-07,0.0,5.642,9.492,14.242,8.8
1990-01-08,5.433,5.942,9.781,14.852,9.4
1990-01-09,10.532,7.133,9.781,16.422,8.6
1990-01-10,5.619,6.232,9.414,14.938,10.0
1990-01-11,23.389,5.672,8.523,13.516,15.9
1990-01-12,0.0,7.132,9.102,15.906,11.4
1990-01-13,0.0,7.374,8.5,15.797,9.1
1990-01-14,0.0,5.916,9.797,14.789,12.4
1990-01-15,0.0,5.91,9.258,14.352,11.4
1990-01-16,0.0,7.559,8.422,15.969,9.4
1990-01-17,0.0,7.621,9.906,17.078,8.3
1990-01-18,0.0,7.485,9.492,16.586,7.7
1990-01-19,0.0,7.58,8.477,15.992,7.2
1990-01-20,0.0,8.701,8.602,17.609,7.1
1990-01-21,0.0,5.692,8.203,13.211,8.0
1990-01-22,0.0,6.943,8.227,14.914,8.2
1990-01-23,0.0,6.943,8.969,15.422,8.3
1990-01-24,0.0,7.349,8.672,15.75,8.0
1990-01-25,0.0,7.362,9.055,16.023,7.5
1990-01-26,6.965,5.389,9.25,13.586,13.0
1990-01-27,5.417,6.098,8.789,14.133,24.7
1990-01-28,5.167,7.88,8.055,15.984,10.4
1990-01-29,0.0,7.631,8.312,15.812,8.4
1990-01-30,2.818,7.683,9.828,16.922,7.7
1990-01-31,5.9,7.678,9.867,16.93,7.2
1990-02-01,0.0,7.077,9.727,16.031,7.9
1990-02-02,7.147,8.821,8.742,17.633,8.1
1990-02-03,7.414,6.416,10.195,15.508,29.6
1990-02-04,11.735,6.946,9.969,16.0,12.4
1990-02-05,11.358,8.249,9.828,17.57,18.9
1990-02-06,12.004,5.812,9.883,14.477,36.8
1990-02-07,4.772,6.905,9.758,15.758,19.3
1990-02-08,0.0,7.873,10.344,17.43,17.2
1990-02-09,9.837,7.816,10.234,17.25,15.6
1990-02-10,2.301,9.079,10.438,19.008,14.2
1990-02-11,0.0,6.603,10.133,15.594,15.4
1990-02-12,17.328,5.853,10.703,15.117,12.9
1990-02-13,0.0,8.112,9.742,17.211,11.6
1990-02-14,0.0,7.07,9.234,15.484,10.0
1990-02-15,15.367,7.603,10.633,17.195,13.1
1990-02-16,7.259,7.811,10.055,17.0,14.6
1990-02-17,1.913,7.986,9.703,16.992,11.1
1990-02-18,0.718,6.554,9.773,15.227,26.7
1990-02-19,1.275,6.53,10.336,15.586,19.6
1990-02-20,3.776,8.542,8.07,16.531,15.8
1990-02-21,7.812,8.015,8.82,16.336,13.2
1990-02-22,0.422,6.227,9.461,14.508,12.0
1990-02-23,9.017,7.669,8.672,15.758,10.4
1990-02-24,0.0,8.066,10.367,17.445,9.3
1990-02-25,0.0,7.928,10.445,17.305,8.7
1990-02-26,0.0,9.044,10.172,18.516,8.9
1990-02-27,0.0,7.492,9.844,16.336,8.2
1990-02-28,0.0,6.189,9.719,14.625,9.0
1990-03-01,0.0,7.602,9.617,16.281,10.6
1990-03-02,3.002,7.03,9.664,15.586,22.3
1990-03-03,0.481,5.567,9.977,14.062,14.4
1990-03-04,0.815,7.54,9.234,15.922,10.6
1990-03-05,3.297,7.491,9.117,15.773,10.5
1990-03-06,0.0,7.508,8.867,15.609,10.3
1990-03-07,0.332,7.055,10.023,15.875,9.1
1990-03-08,0.0,7.55,9.156,15.867,9.6
1990-03-09,0.0,6.575,9.273,14.703,13.9
1990-03-10,0.0,5.807,10.023,14.367,29.5
1990-03-11,6.782,4.977,9.219,12.734,22.6
1990-03-12,1.288,7.174,9.055,15.281,19.2
1990-03-13,0.0,7.274,9.117,15.461,12.9
1990-03-14,0.0,6.03,9.156,13.961,23.6
1990-03-15,19.783,7.275,8.633,15.102,21.2
1990-03-16,0.513,7.482,8.797,15.5,14.6
1990-03-17,4.935,8.758,9.414,17.539,11.4
1990-03-18,14.036,5.763,10.555,14.727,12.0
1990-03-19,1.646,8.663,9.297,17.344,12.8
1990-03-20,0.0,7.584,11.141,17.32,10.1
1990-03-21,13.22,7.207,10.109,16.102,9.3
1990-03-22,0.0,9.241,9.164,17.992,8.9
1990-03-23,0.938,8.107,10.32,17.359,9.4
1990-03-24,0.0,8.802,10.422,18.305,8.8
1990-03-25,24.258,7.777,9.109,16.102,13.3
1990-03-26,14.435,8.359,9.797,17.312,20.2
1990-03-27,8.041,8.992,9.852,18.156,17.1
1990-03-28,0.0,10.133,9.531,19.391,12.8
1990-03-29,3.946,9.971,8.352,18.438,10.6
1990-03-30,7.483,9.897,9.57,19.125,9.5
1990-03-31,3.741,8.053,10.539,17.477,9.0
1990-04-01,5.69,5.775,10.602,14.797,9.3
1990-04-02,6.356,9.119,8.617,17.523,9.8
1990-04-03,4.398,7.737,9.992,16.719,9.0
1990-04-04,5.752,7.816,9.336,16.352,9.2
1990-04-05,4.66,9.002,9.375,17.914,15.4
1990-04-06,14.468,6.793,10.039,15.617,19.2
1990-04-07,0.0,7.516,9.531,16.148,14.8
1990-04-08,0.0,7.789,8.109,15.508,11.5
1990-04-09,0.0,8.296,9.391,17.062,10.3
1990-04-10,0.0,7.17,8.5,15.0,14.7
1990-04-11,0.0,7.29,9.25,15.695,15.5
1990-04-12,0.0,7.957,9.602,16.812,14.9
1990-04-13,3.532,9.63,9.641,19.0,10.6
1990-04-14,0.36,7.36,10.445,16.688,10.5
1990-04-15,15.849,8.894,8.93,17.594,15.9
1990-04-16,7.234,8.62,10.711,18.5,16.0
1990-04-17,6.271,8.467,10.539,18.172,14.2
1990-04-18,1.926,7.918,10.648,17.578,11.6
1990-04-19,11.013,6.43,11.375,16.305,11.8
1990-04-20,7.234,7.788,10.336,17.219,9.9
1990-04-21,4.79,7.622,10.57,17.188,9.2
1990-04-22,9.36,7.313,10.055,16.461,9.1
1990-04-23,0.268,7.561,10.914,17.406,11.6
1990-04-24,18.624,7.556,10.156,16.859,22.0
1990-04-25,8.98,6.284,9.203,14.539,18.6
1990-04-26,0.502,7.098,8.664,15.211,15.3
1990-04-27,0.0,7.881,8.844,16.398,11.9
1990-04-28,0.267,8.063,10.023,17.469,13.2
1990-04-29,32.874,6.642,9.766,15.477,24.8
1990-04-30,0.0,7.506,8.781,15.891,15.7
1990-05-01,17.743,7.088,9.602,15.953,19.8
1990-05-02,1.962,9.46,10.273,19.539,23.6
1990-05-03,16.161,8.034,9.812,17.383,14.7
1990-05-04,13.227,7.402,10.367,16.969,12.1
1990-05-05,12.303,6.898,10.977,16.781,14.0
1990-05-06,49.01,6.75,10.297,16.109,14.4
1990-05-07,2.929,7.655,10.117,17.164,13.5
1990-05-08,1.063,6.996,9.805,16.102,13.1
1990-05-09,12.266,7.807,9.727,17.125,23.4
1990-05-10,0.0,8.464,9.289,17.719,16.5
1990-05-11,2.72,7.558,10.562,17.422,17.2
1990-05-12,0.0,5.912,10.211,15.047,23.6
1990-05-13,0.0,6.601,10.18,15.945,18.6
1990-05-14,0.0,7.175,9.812,16.438,20.9
1990-05-15,0.0,6.998,9.352,15.883,18.2
1990-05-16,0.0,6.977,9.727,16.133,16.9
1990-05-17,0.0,6.125,10.023,15.25,17.5
1990-05-18,0.0,6.624,8.758,14.984,15.8
1990-05-19,0.0,6.307,10.039,15.516,24.1
1990-05-20,0.0,6.362,9.281,15.047,27.6
1990-05-21,0.0,5.894,9.18,14.359,17.0
1990-05-22,18.898,5.454,9.148,13.773,24.2
1990-05-23,0.0,5.372,8.672,13.289,32.5
1990-05-24,0.0,6.25,8.156,14.109,20.2
1990-05-25,0.0,6.71,9.211,15.516,15.1
1990-05-26,0.0,7.205,8.438,15.68,18.2
1990-05-27,0.0,7.926,8.258,16.578,21.2
1990-05-28,0.0,6.986,8.906,15.727,16.9
1990-05-29,0.0,6.984,8.961,15.766,16.0
1990-05-30,13.641,6.331,9.438,15.227,14.2
1990-05-31,0.29,7.597,9.25,16.836,12.9
1990-06-01,0.0,7.824,9.102,17.07,11.7
1990-06-02,0.0,7.108,9.469,16.344,11.5
1990-06-03,0.0,6.145,10.016,15.445,11.5
1990-06-04,2.289,5.494,9.172,13.969,35.5
1990-06-05,0.0,5.82,9.914,14.961,38.0
1990-06-06,0.0,6.172,10.617,15.961,17.7
1990-06-07,0.0,6.875,9.617,16.18,14.0
1990-06-08,0.0,6.519,8.875,15.156,18.0
1990-06-09,0.0,6.76,9.969,16.305,14.6
1990-06-10,43.62,4.928,10.367,14.18,29.7
1990-06-11,27.494,5.216,10.453,14.625,111.1
1990-06-12,3.684,5.1,10.18,14.266,31.0
1990-06-13,0.0,5.494,9.789,14.461,33.2
1990-06-14,0.25,6.857,9.852,16.367,24.9
1990-06-15,7.702,6.552,10.102,16.164,24.8
1990-06-16,27.92,5.366,8.977,13.68,40.0
1990-06-17,0.0,5.598,8.945,13.977,45.9
1990-06-18,0.0,5.905,9.375,14.703,38.4
1990-06-19,0.0,5.674,8.867,14.031,28.6
1990-06-20,0.0,5.367,9.375,13.984,22.9
1990-06-21,0.0,4.411,10.133,13.375,27.2
1990-06-22,0.0,6.183,9.375,15.094,23.8
1990-06-23,0.0,6.98,9.227,16.109,21.4
1990-06-24,0.0,6.572,10.367,16.375,18.2
1990-06-25,20.04,6.537,9.625,15.781,16.4
1990-06-26,0.0,6.781,8.008,14.984,15.1
1990-06-27,0.398,5.038,9.102,13.344,21.4
1990-06-28,0.0,6.359,8.828,14.945,19.5
1990-06-29,0.0,5.959,9.328,14.742,21.8
1990-06-30,29.126,5.371,9.312,13.945,27.3
1990-07-01,0.0,6.86,8.742,15.578,27.4
1990-07-02,0.293,6.572,8.508,14.992,30.3
1990-07-03,0.351,6.661,8.523,15.125,37.8
1990-07-04,22.976,6.918,8.656,15.609,56.0
1990-07-05,1.441,5.43,9.242,13.953,38.6
1990-07-06,0.0,7.88,8.523,16.867,25.0
1990-07-07,0.0,8.479,8.758,17.852,20.7
1990-07-08,0.0,7.887,9.844,17.742,18.2
1990-07-09,8.115,8.054,10.5,18.406,16.6
1990-07-10,15.338,6.8,10.742,16.891,20.2
1990-07-11,4.77,5.295,10.016,14.375,24.6
1990-07-12,29.485,5.358,8.656,13.375,68.5
1990-07-13,0.0,6.2,8.383,14.32,30.7
1990-07-14,0.0,7.525,8.188,16.039,21.1
1990-07-15,0.0,7.584,7.422,15.586,19.1
1990-07-16,0.0,7.225,8.5,15.82,18.5
1990-07-17,0.113,7.239,8.062,15.5,16.4
1990-07-18,10.41,7.776,7.211,15.688,16.0
1990-07-19,0.0,7.5,8.039,15.836,17.0
1990-07-20,0.0,7.908,7.828,16.258,18.8
1990-07-21,0.322,7.418,8.492,16.008,14.8
1990-07-22,23.681,6.886,8.664,15.375,16.9
1990-07-23,0.0,5.621,8.312,13.375,37.8
1990-07-24,0.0,7.447,6.867,14.906,23.1
1990-07-25,0.0,8.038,7.375,16.086,17.5
1990-07-26,0.0,8.37,5.602,15.406,15.8
1990-07-27,0.0,7.734,6.195,14.836,14.8
1990-07-28,0.0,5.715,8.359,13.477,17.4
1990-07-29,0.0,6.958,8.789,15.477,26.0
1990-07-30,0.0,4.03,9.383,12.141,49.6
1990-07-31,1.743,5.032,7.953,12.242,24.4
1990-08-01,0.0,7.702,6.367,14.805,20.1
1990-08-02,0.0,6.896,7.789,14.617,17.2
1990-08-03,0.0,6.301,7.773,13.766,16.6
1990-08-04,0.0,5.78,7.75,13.008,18.5
1990-08-05,0.0,7.584,8.078,15.742,18.2
1990-08-06,0.0,7.424,7.75,15.258,20.1
1990-08-07,0.0,6.308,8.641,14.352,19.6
1990-08-08,0.0,6.59,8.312,14.477,16.0
1990-08-09,0.0,6.694,9.57,15.516,17.6
1990-08-10,7.774,6.393,8.359,14.227,39.7
1990-08-11,0.0,7.294,8.094,15.242,30.8
1990-08-12,0.0,6.448,7.0,13.305,21.8
1990-08-13,0.0,7.342,7.875,15.141,17.6
1990-08-14,2.075,7.62,8.516,15.938,17.3
1990-08-15,2.282,9.028,7.875,17.398,15.5
1990-08-16,2.881,7.82,9.609,16.938,14.8
1990-08-17,0.0,8.017,8.375,16.352,13.8
1990-08-18,1.455,7.683,9.109,16.406,14.7
1990-08-19,0.0,7.939,8.312,16.164,15.9
1990-08-20,2.381,7.556,8.141,15.531,14.2
1990-08-21,6.583,5.377,9.969,14.031,27.0
1990-08-22,0.0,6.211,9.172,14.445,29.1
1990-08-23,0.0,5.707,9.586,14.109,42.9
1990-08-24,0.0,8.643,6.703,15.984,27.8
1990-08-25,0.0,9.348,8.117,17.82,18.5
1990-08-26,8.433,9.893,7.469,18.133,15.4
1990-08-27,4.131,8.498,9.422,17.539,14.2
1990-08-28,0.824,7.588,10.234,16.93,14.8
1990-08-29,14.323,6.949,9.0,15.195,26.4
1990-08-30,12.815,9.155,8.984,18.078,17.3
1990-08-31,9.403,8.857,9.219,17.828,14.0
1990-09-01,9.452,8.542,8.742,17.078,13.1
1990-09-02,15.72,7.173,10.234,16.344,12.3
1990-09-03,0.0,7.549,9.078,15.992,12.5
1990-09-04,0.0,7.349,9.227,15.828,23.1
1990-09-05,0.0,6.283,8.773,14.125,26.5
1990-09-06,0.182,8.903,7.805,16.875,16.7
1990-09-07,0.0,7.894,8.492,15.992,14.4
1990-09-08,4.603,7.355,8.102,15.008,14.2
1990-09-09,0.0,7.29,7.883,14.742,19.7
1990-09-10,0.0,7.778,8.5,15.812,26.3
1990-09-11,1.879,7.529,9.531,16.227,18.7
1990-09-12,1.792,7.137,9.703,15.852,14.5
1990-09-13,3.1,8.08,8.078,15.906,13.3
1990-09-14,0.942,4.861,9.461,12.875,14.1
1990-09-15,6.085,7.689,7.758,15.164,33.3
1990-09-16,0.0,8.694,7.133,16.094,20.5
1990-09-17,0.0,8.348,7.625,15.945,14.8
1990-09-18,0.0,9.444,6.445,16.648,12.9
1990-09-19,0.0,8.116,7.867,15.781,12.2
1990-09-20,6.495,10.269,7.641,18.484,15.6
1990-09-21,0.0,8.857,8.367,17.094,16.4
1990-09-22,9.63,8.378,9.133,16.984,13.6
1990-09-23,10.74,7.987,10.336,17.328,12.2
1990-09-24,13.07,7.752,8.914,16.023,21.3
1990-09-25,0.0,7.551,9.156,15.961,21.4
1990-09-26,0.0,7.296,9.289,15.727,17.5
1990-09-27,0.172,6.761,9.609,15.273,15.2
1990-09-28,5.455,7.981,7.883,15.617,13.2
1990-09-29,0.0,9.019,8.594,17.469,11.2
1990-09-30,8.146,8.103,8.656,16.305,10.5
1990-10-01,5.268,6.732,9.57,15.219,9.8
1990-10-02,4.843,7.56,8.891,15.773,9.8
1990-10-03,2.355,9.254,8.711,17.867,10.7
1990-10-04,0.168,8.476,9.922,17.703,10.4
1990-10-05,5.459,7.723,9.352,16.32,11.2
1990-10-06,1.08,7.989,8.578,16.125,12.6
1990-10-07,11.242,7.796,8.727,15.992,17.8
1990-10-08,1.351,7.687,7.992,15.336,15.7
1990-10-09,2.789,8.161,8.984,16.656,13.4
1990-10-10,21.907,7.628,8.617,15.703,12.5
1990-10-11,16.031,6.507,10.125,15.391,10.9
1990-10-12,0.0,7.069,9.664,15.758,12.9
1990-10-13,0.224,6.758,10.672,16.133,14.0
1990-10-14,8.398,7.74,9.648,16.625,12.0
1990-10-15,14.253,9.119,7.594,17.062,15.6
1990-10-16,0.0,9.114,7.82,17.203,10.2
1990-10-17,0.126,8.899,9.016,17.727,8.9
1990-10-18,15.731,8.971,10.375,18.742,10.1
1990-10-19,20.515,7.966,9.602,16.93,9.0
1990-10-20,8.7,6.973,9.93,15.898,10.6
1990-10-21,12.754,7.806,8.898,16.242,11.3
1990-10-22,9.306,7.071,9.023,15.398,30.7
1990-10-23,2.7,6.584,10.055,15.523,17.5
1990-10-24,18.611,7.48,9.461,16.25,16.9
1990-10-25,10.881,8.245,8.039,16.289,19.3
1990-10-26,0.0,7.509,8.016,15.305,12.8
1990-10-27,0.256,9.128,7.484,17.156,12.4
1990-10-28,0.0,8.262,8.859,16.898,11.6
1990-10-29,0.716,7.29,10.07,16.508,12.0
1990-10-30,3.706,7.123,9.945,16.203,12.6
1990-10-31,26.534,7.255,9.961,16.398,10.7
1990-11-01,4.963,7.749,9.438,16.688,16.0
1990-11-02,26.319,6.892,10.312,16.211,17.1
1990-11-03,5.807,6.759,10.695,16.344,12.1
1990-11-04,11.855,6.079,8.664,13.953,11.3
1990-11-05,4.129,7.823,9.57,16.93,10.8
1990-11-06,0.0,7.791,9.625,16.945,9.7
1990-11-07,0.0,8.357,7.57,16.328,8.6
1990-11-08,0.0,8.201,7.656,16.18,8.2
1990-11-09,10.189,6.959,8.258,14.898,8.1
1990-11-10,0.0,5.444,8.602,13.164,10.5
1990-11-11,0.0,6.827,7.055,13.898,10.0
1990-11-12,4.605,8.007,7.023,15.547,8.3
1990-11-13,0.0,7.854,7.977,15.992,7.9
1990-11-14,0.173,6.865,7.773,14.5,7.6
1990-11-15,2.359,6.074,8.305,13.828,7.9
1990-11-16,0.0,6.622,8.086,14.406,8.8
1990-11-17,0.0,8.929,8.039,17.578,7.6
1990-11-18,0.0,6.273,9.273,14.812,15.7
1990-11-19,9.979,6.483,9.5,15.273,20.2
1990-11-20,15.121,5.861,9.367,14.383,16.9
1990-11-21,0.929,6.589,7.945,14.312,15.2
1990-11-22,9.497,7.386,10.008,16.883,11.0
1990-11-23,5.273,8.285,9.531,17.766,14.6
1990-11-24,15.767,7.025,10.008,16.422,16.5
1990-11-25,1.351,8.145,9.68,17.711,11.8
1990-11-26,3.362,5.891,10.133,15.039,14.6
1990-11-27,3.889,7.629,8.969,16.539,14.3
1990-11-28,2.882,7.896,8.891,16.852,10.8
1990-11-29,4.44,9.15,7.492,17.695,9.0
1990-11-30,4.98,8.22,9.172,17.516,9.4
1990-12-01,0.0,8.112,9.812,17.797,8.9
1990-12-02,14.728,7.896,10.391,17.93,8.2
1990-12-03,18.053,7.878,9.062,16.984,20.0
1990-12-04,0.0,6.82,10.266,16.414,10.8
1990-12-05,22.757,5.283,10.164,14.359,12.3
1990-12-06,2.121,7.687,8.953,16.672,12.7
1990-12-07,8.275,7.401,8.422,15.914,14.1
1990-12-08,11.746,7.621,7.875,15.844,16.7
1990-12-09,0.0,9.16,7.93,18.078,14.9
1990-12-10,0.0,7.869,9.141,17.07,9.5
1990-12-11,0.0,7.629,9.039,16.672,8.7
1990-12-12,0.805,8.552,8.453,17.578,9.5
1990-12-13,0.0,7.336,9.156,16.367,7.8
1990-12-14,0.0,7.141,8.992,15.984,7.5
1990-12-15,0.0,6.383,9.242,15.133,7.6
1990-12-16,0.0,6.824,9.477,15.906,7.6
1990-12-17,18.718,7.271,8.352,15.734,8.7
1990-12-18,0.0,6.417,7.977,14.258,9.1
1990-12-19,0.0,6.161,7.914,13.852,12.2
1990-12-20,0.0,7.314,8.07,15.578,14.1
1990-12-21,0.0,8.264,8.062,16.922,13.1
1990-12-22,24.437,7.286,9.141,16.289,10.9
1990-12-23,0.235,8.165,8.609,17.133,11.4
1990-12-24,0.0,7.456,9.414,16.703,12.3
1990-12-25,0.0,7.429,8.508,16.039,12.5
1990-12-26,0.0,5.937,9.039,14.359,24.8
1990-12-27,2.966,6.827,9.172,15.664,18.1
1990-12-28,23.478,7.549,7.883,15.758,12.1
1990-12-29,0.0,8.613,8.266,17.508,9.3
1990-12-30,0.89,6.698,9.703,15.875,9.5
1990-12-31,2.607,7.517,8.836,16.359,12.4
1991-01-01,9.206,7.781,8.844,16.719,12.56
1991-01-02,14.347,7.74,9.875,17.367,9.85
1991-01-03,0.0,7.9,9.273,17.148,8.78
1991-01-04,0.0,6.768,10.914,16.812,7.9
1991-01-05,0.0,7.814,10.289,17.742,7.42
1991-01-06,0.0,8.129,9.609,17.688,7.1
1991-01-07,0.0,8.411,8.703,17.445,7.54
1991-01-08,0.0,8.606,10.492,18.914,8.74
1991-01-09,0.0,8.935,9.734,18.836,7.1
1991-01-10,0.0,8.105,10.453,18.188,6.62
1991-01-11,4.36,6.615,10.766,16.445,6.6
1991-01-12,8.242,6.874,10.047,16.242,9.01
1991-01-13,0.0,8.454,10.102,18.383,6.93
1991-01-14,6.154,6.808,10.68,16.609,6.4
1991-01-15,0.111,7.841,9.898,17.383,6.1
1991-01-16,8.261,7.996,9.977,17.641,6.65
1991-01-17,0.0,8.317,9.719,17.906,7.8
1991-01-18,0.0,6.661,10.68,16.375,6.99
1991-01-19,10.396,7.334,9.18,16.156,6.5
1991-01-20,6.894,7.336,10.07,16.781,6.27
1991-01-21,0.0,8.425,9.953,18.133,7.32
1991-01-22,1.538,8.449,9.438,17.789,6.2
1991-01-23,0.0,7.692,6.781,14.945,5.76
1991-01-24,0.0,6.568,7.789,14.055,5.92
1991-01-25,0.15,7.932,7.609,15.805,5.88
1991-01-26,0.0,8.873,7.359,16.93,5.49
1991-01-27,4.012,7.815,7.945,15.836,5.36
1991-01-28,0.0,7.901,8.352,16.219,5.36
1991-01-29,0.0,7.676,9.148,16.445,5.28
1991-01-30,0.416,8.131,7.625,16.008,5.12
1991-01-31,0.0,9.728,8.688,18.844,5.04
1991-02-01,0.0,8.536,9.906,18.047,5.07
1991-02-02,0.264,8.57,8.805,17.336,4.88
1991-02-03,11.189,6.201,9.438,14.672,4.99
1991-02-04,0.0,7.482,9.227,16.172,5.73
1991-02-05,0.0,8.512,8.734,17.172,5.72
1991-02-06,0.0,9.006,7.742,17.156,5.68
1991-02-07,0.0,8.606,8.273,16.953,5.12
1991-02-08,0.0,7.777,9.555,16.719,5.07
1991-02-09,0.0,8.515,8.273,16.805,5.07
1991-02-10,0.0,7.004,9.555,15.695,5.22
1991-02-11,16.619,6.831,9.227,15.219,5.72
1991-02-12,6.66,8.435,9.531,17.5,5.84
1991-02-13,1.823,5.9,10.25,14.82,5.44
1991-02-14,6.18,7.0,8.477,14.859,5.2
1991-02-15,6.52,7.22,8.609,15.219,5.39
1991-02-16,2.211,7.629,9.422,16.32,5.47
1991-02-17,0.0,7.773,8.734,16.016,5.12
1991-02-18,2.941,7.382,9.289,15.883,5.28
1991-02-19,0.0,6.988,10.602,16.344,7.15
1991-02-20,8.864,6.654,10.32,15.703,5.2
1991-02-21,0.0,8.469,9.406,17.336,5.64
1991-02-22,0.0,8.04,8.195,15.93,4.84
1991-02-23,30.184,6.272,10.164,15.102,5.71
1991-02-24,0.0,5.204,10.445,14.062,13.02
1991-02-25,0.0,5.54,9.633,13.797,20.04
1991-02-26,0.0,7.211,9.523,15.758,22.2
1991-02-27,0.0,8.698,8.375,16.859,12.69
1991-02-28,0.371,8.111,10.258,17.391,7.46
1991-03-01,1.159,6.863,10.25,15.844,5.91
1991-03-02,4.241,8.79,9.445,17.695,7.78
1991-03-03,2.479,10.195,9.188,19.312,8.03
1991-03-04,5.474,7.803,10.625,17.266,10.83
1991-03-05,25.242,7.316,9.938,16.148,10.63
1991-03-06,12.503,7.747,10.414,17.008,10.35
1991-03-07,4.862,6.199,10.859,15.484,11.06
1991-03-08,3.972,8.893,10.023,18.172,12.08
1991-03-09,0.164,6.059,11.242,15.625,12.95
1991-03-10,15.848,6.902,9.32,15.156,7.47
1991-03-11,3.34,7.831,9.984,16.797,6.62
1991-03-12,17.02,7.847,9.086,16.172,6.9
1991-03-13,4.529,9.034,9.383,17.875,5.9
1991-03-14,0.0,5.963,10.375,14.812,7.59
1991-03-15,0.107,6.649,9.656,15.062,11.79
1991-03-16,0.0,8.911,10.961,18.797,8.73
1991-03-17,8.981,8.336,9.953,17.375,6.83
1991-03-18,1.328,9.051,10.617,18.727,6.15
1991-03-19,0.0,10.279,10.516,20.188,5.26
1991-03-20,0.0,9.586,10.641,19.422,4.86
1991-03-21,0.0,9.666,8.18,17.891,4.56
1991-03-22,2.497,9.712,8.508,18.164,4.7
1991-03-23,0.0,8.345,9.797,17.273,4.75
1991-03-24,15.019,6.526,11.344,16.211,9.13
1991-03-25,2.363,8.676,10.18,18.008,17.56
1991-03-26,5.011,5.729,10.656,14.75,29.92
1991-03-27,26.252,7.078,10.039,15.898,23.22
1991-03-28,0.0,6.558,10.281,15.453,13.75
1991-03-29,0.0,8.48,9.805,17.492,9.49
1991-03-30,0.0,7.557,9.734,16.297,9.11
1991-03-31,4.399,7.202,9.531,15.68,11.93
1991-04-01,0.0,9.944,7.227,17.703,16.9
1991-04-02,0.0,9.755,10.312,19.484,12.03
1991-04-03,0.0,7.104,9.812,15.805,18.82
1991-04-04,9.015,6.756,9.773,15.344,10.31
1991-04-05,1.124,7.486,8.812,15.57,8.02
1991-04-06,0.0,6.703,8.453,14.312,7.14
1991-04-07,1.236,8.777,8.438,17.016,6.55
1991-04-08,3.115,7.166,9.5,15.703,8.54
1991-04-09,15.19,7.026,10.0,15.883,8.71
1991-04-10,8.484,8.766,9.438,17.703,8.6
1991-04-11,0.0,7.449,10.234,16.609,7.51
1991-04-12,16.944,7.201,10.203,16.289,10.42
1991-04-13,7.326,6.505,10.078,15.344,16.3
1991-04-14,10.328,8.268,9.477,17.148,21.02
1991-04-15,18.676,7.778,9.984,16.906,31.41
1991-04-16,9.57,7.834,9.156,16.406,26.62
1991-04-17,18.133,7.285,8.789,15.422,16.93
1991-04-18,0.081,10.98,7.586,19.555,16.47
1991-04-19,0.0,8.212,10.102,17.594,11.1
1991-04-20,3.804,6.236,8.875,14.188,9.61
1991-04-21,16.892,6.94,8.906,15.125,10.11
1991-04-22,0.0,6.948,8.781,15.039,12.26
1991-04-23,0.0,7.226,9.203,15.734,11.4
1991-04-24,0.0,8.297,8.828,16.891,18.59
1991-04-25,0.0,7.475,9.688,16.43,11.98
1991-04-26,0.0,8.339,8.742,16.922,9.76
1991-04-27,0.0,6.901,9.992,15.938,9.44
1991-04-28,0.313,7.75,10.102,17.125,12.61
1991-04-29,5.048,7.31,10.203,16.656,10.68
1991-04-30,2.792,7.152,9.141,15.695,8.01
1991-05-01,0.0,8.043,10.25,17.664,9.2
1991-05-02,0.0,8.269,10.359,18.047,9.94
1991-05-03,2.559,8.154,10.484,18.016,8.84
1991-05-04,2.462,6.486,10.953,16.234,21.38
1991-05-05,2.601,6.838,10.703,16.516,11.2
1991-05-06,0.0,7.834,10.086,17.359,8.13
1991-05-07,20.256,6.191,10.148,15.312,7.2
1991-05-08,0.0,9.365,8.664,18.492,6.7
1991-05-09,0.0,7.696,9.609,16.898,9.01
1991-05-10,0.0,6.135,9.836,15.023,19.54
1991-05-11,0.0,6.706,8.914,15.102,24.06
1991-05-12,0.0,8.985,9.328,18.492,16.03
1991-05-13,2.472,7.302,10.492,17.062,14.0
1991-05-14,0.659,6.26,10.547,15.781,11.11
1991-05-15,8.361,6.968,10.172,16.438,11.82
1991-05-16,0.0,7.644,10.109,17.305,9.68
1991-05-17,0.0,6.052,10.875,15.805,12.49
1991-05-18,22.167,7.544,10.992,17.812,14.85
1991-05-19,0.0,7.091,10.906,17.18,15.7
1991-05-20,0.0,7.852,10.93,18.211,17.52
1991-05-21,6.157,7.871,10.352,17.852,15.46
1991-05-22,16.066,5.146,10.953,14.797,24.17
1991-05-23,6.218,6.261,10.414,15.797,19.6
1991-05-24,5.833,6.208,10.039,15.438,20.19
1991-05-25,0.217,8.597,9.938,18.609,20.15
1991-05-26,21.806,8.21,8.531,17.148,13.07
1991-05-27,0.459,6.704,11.062,16.898,10.35
1991-05-28,0.0,6.5,8.445,14.719,9.25
1991-05-29,0.796,7.298,9.828,16.82,9.67
1991-05-30,0.0,6.696,8.43,15.0,11.35
1991-05-31,0.943,6.521,8.891,15.102,17.64
1991-06-01,0.0,8.054,9.781,17.852,17.91
1991-06-02,0.0,7.706,10.852,18.141,13.52
1991-06-03,0.0,8.224,10.781,18.805,11.6
1991-06-04,0.807,7.804,10.953,18.367,9.54
1991-06-05,0.0,6.997,11.266,17.531,13.35
1991-06-06,8.857,6.704,10.406,16.508,10.45
1991-06-07,9.97,6.769,10.352,16.586,9.26
1991-06-08,0.0,5.632,10.0,14.805,11.64
1991-06-09,0.0,6.38,10.375,16.086,20.21
1991-06-10,4.924,4.347,10.016,13.219,26.78
1991-06-11,0.0,6.798,8.852,15.547,14.39
1991-06-12,0.0,5.542,9.375,14.211,9.91
1991-06-13,0.0,7.164,9.984,16.891,9.27
1991-06-14,0.0,7.528,9.594,17.102,9.38
1991-06-15,0.0,6.169,11.125,16.383,9.19
1991-06-16,0.0,6.525,10.648,16.492,9.66
1991-06-17,7.837,6.928,11.016,17.312,12.38
1991-06-18,2.355,7.776,10.0,17.758,8.88
1991-06-19,6.002,6.878,9.273,16.0,7.74
1991-06-20,6.86,7.808,9.148,17.219,7.21
1991-06-21,0.14,6.915,10.477,16.922,7.4
1991-06-22,9.82,7.226,10.016,17.016,9.09
1991-06-23,33.834,7.196,10.016,16.977,14.06
1991-06-24,20.6,6.27,9.789,15.531,33.46
1991-06-25,3.919,6.114,9.312,14.961,51.54
1991-06-26,0.0,7.853,9.156,17.289,24.29
1991-06-27,5.001,7.15,9.781,16.734,16.55
1991-06-28,21.463,7.37,9.445,16.805,15.17
1991-06-29,0.0,6.363,8.672,14.836,53.88
1991-06-30,0.0,5.52,8.719,13.695,40.59
1991-07-01,0.0,4.74,9.422,13.219,53.9
1991-07-02,0.0,6.167,9.047,14.836,26.15
1991-07-03,0.0,6.93,8.938,15.805,20.56
1991-07-04,0.0,4.985,9.453,13.531,16.44
1991-07-05,0.0,6.168,9.086,14.844,18.89
1991-07-06,0.0,6.768,8.5,15.234,21.38
1991-07-07,0.0,5.637,9.352,14.312,48.86
1991-07-08,0.0,6.917,8.93,15.75,47.14
1991-07-09,0.0,6.257,9.242,15.047,43.29
1991-07-10,31.125,7.293,9.102,16.391,24.38
1991-07-11,12.644,4.422,9.523,12.852,27.85
1991-07-12,14.916,7.671,8.5,16.484,35.24
1991-07-13,0.0,6.054,9.07,14.625,32.6
1991-07-14,0.0,5.458,9.156,13.891,23.77
1991-07-15,0.0,5.843,8.859,14.156,33.41
1991-07-16,0.0,5.803,9.953,14.93,37.19
1991-07-17,0.0,6.927,8.539,15.406,24.8
1991-07-18,0.0,6.722,8.539,15.102,20.16
1991-07-19,0.0,6.917,9.062,15.734,29.92
1991-07-20,0.0,6.125,8.211,14.023,23.13
1991-07-21,0.0,5.87,8.305,13.734,22.7
1991-07-22,16.805,6.54,8.047,14.469,20.32
1991-07-23,7.297,5.556,8.992,13.797,31.46
1991-07-24,0.0,4.727,9.039,12.758,30.36
1991-07-25,0.0,6.383,8.852,14.789,23.21
1991-07-26,0.0,4.859,9.5,13.258,24.22
1991-07-27,0.0,6.862,9.023,15.531,25.58
1991-07-28,0.0,6.441,8.359,14.477,25.55
1991-07-29,0.0,6.331,9.18,14.898,27.68
1991-07-30,20.053,8.21,8.492,16.969,25.22
1991-07-31,25.761,7.405,9.969,16.883,20.2
1991-08-01,29.319,6.908,9.648,15.977,31.04
1991-08-02,31.147,6.445,8.953,14.844,30.93
1991-08-03,29.881,7.221,8.008,15.211,24.97
1991-08-04,0.0,7.985,7.836,16.141,17.8
1991-08-05,0.39,7.077,9.188,15.828,15.89
1991-08-06,0.0,6.986,9.305,15.766,15.1
1991-08-07,0.193,6.951,9.922,16.148,36.26
1991-08-08,0.17,7.209,8.891,15.727,28.09
1991-08-09,0.0,6.949,8.766,15.289,20.97
1991-08-10,0.0,5.955,9.391,14.414,17.99
1991-08-11,0.0,6.028,8.594,13.906,16.41
1991-08-12,0.0,7.096,7.281,14.391,13.53
1991-08-13,0.0,5.678,7.719,12.75,12.44
1991-08-14,0.0,5.791,8.031,13.125,30.25
1991-08-15,0.0,5.158,7.938,12.203,25.48
1991-08-16,0.0,5.664,8.812,13.547,18.53
1991-08-17,0.0,6.082,8.75,14.031,17.88
1991-08-18,0.0,6.08,7.016,12.727,19.41
1991-08-19,0.0,6.751,6.617,13.367,18.38
1991-08-20,0.0,5.989,7.125,12.672,18.28
1991-08-21,0.0,5.19,7.898,12.195,20.56
1991-08-22,0.0,6.378,7.797,13.641,21.81
1991-08-23,0.0,7.572,7.922,15.344,16.78
1991-08-24,0.0,6.705,7.914,14.148,16.58
1991-08-25,0.0,8.782,7.836,16.883,14.94
1991-08-26,0.0,8.594,6.812,15.93,13.28
1991-08-27,0.174,6.407,7.891,13.711,27.54
1991-08-28,0.0,6.19,9.477,14.594,26.45
1991-08-29,0.65,7.045,8.156,14.711,22.03
1991-08-30,0.0,6.43,8.844,14.406,15.7
1991-08-31,0.0,6.919,9.312,15.375,27.79
1991-09-01,0.331,6.659,8.391,14.352,39.17
1991-09-02,0.0,8.136,7.914,15.953,21.52
1991-09-03,0.0,8.242,6.273,15.008,15.74
1991-09-04,0.0,7.827,7.203,15.047,13.84
1991-09-05,0.0,8.574,7.633,16.336,12.95
1991-09-06,0.197,8.371,8.227,16.445,12.5
1991-09-07,0.0,9.361,8.211,17.742,12.1
1991-09-08,0.0,8.286,7.539,15.859,12.14
1991-09-09,0.0,7.117,9.32,15.555,17.08
1991-09-10,0.0,6.04,9.734,14.508,44.05
1991-09-11,0.0,7.139,8.68,15.117,22.58
1991-09-12,0.0,6.828,8.242,14.383,21.23
1991-09-13,0.0,8.675,7.789,16.492,16.0
1991-09-14,0.0,8.963,7.438,16.648,12.01
1991-09-15,15.617,8.011,9.258,16.617,11.94
1991-09-16,8.447,8.004,9.695,16.914,13.84
1991-09-17,0.171,8.951,9.164,17.758,25.6
1991-09-18,9.783,8.435,9.461,17.289,17.68
1991-09-19,7.472,7.567,9.742,16.391,13.84
1991-09-20,0.0,6.138,10.125,14.914,14.16
1991-09-21,0.0,8.14,8.883,16.5,24.56
1991-09-22,2.951,7.918,9.812,16.867,22.56
1991-09-23,4.829,7.869,10.102,17.016,21.62
1991-09-24,0.0,6.279,10.055,15.031,50.48
1991-09-25,1.975,7.925,8.102,15.688,29.68
1991-09-26,43.048,7.841,8.93,16.148,18.92
1991-09-27,0.294,7.984,9.227,16.547,20.18
1991-09-28,0.0,9.412,9.273,18.422,14.75
1991-09-29,0.0,8.062,10.531,17.57,12.5
1991-09-30,0.0,8.711,9.867,17.938,15.51
1991-10-01,12.62,7.347,9.789,16.141,14.78
1991-10-02,16.288,8.014,9.211,16.578,14.54
1991-10-03,0.0,7.535,9.203,15.969,12.94
1991-10-04,8.447,8.89,7.617,16.672,11.38
1991-10-05,0.0,10.907,6.516,18.688,10.42
1991-10-06,10.164,9.032,8.969,17.742,10.31
1991-10-07,7.224,8.237,8.422,16.383,11.33
1991-10-08,9.865,7.567,8.383,15.477,10.99
1991-10-09,16.837,4.477,8.188,11.422,15.4
1991-10-10,0.0,8.327,8.023,16.227,15.25
1991-10-11,0.0,7.887,7.438,15.258,12.08
1991-10-12,0.0,8.979,6.523,16.141,11.38
1991-10-13,0.0,8.641,7.125,16.078,11.08
1991-10-14,0.0,9.722,7.203,17.594,10.17
1991-10-15,0.0,9.918,6.688,17.555,9.44
1991-10-16,0.0,8.639,7.875,16.602,9.34
1991-10-17,0.0,8.839,8.094,17.047,12.52
1991-10-18,26.649,6.618,7.32,13.531,24.02
1991-10-19,0.0,6.873,8.141,14.453,23.48
1991-10-20,0.0,7.431,6.875,14.336,16.67
1991-10-21,0.0,7.998,7.031,15.234,12.08
1991-10-22,0.0,8.491,6.234,15.406,11.29
1991-10-23,0.0,9.156,6.859,16.734,10.42
1991-10-24,0.743,8.449,7.609,16.266,9.8
1991-10-25,3.318,7.659,8.852,16.062,9.32
1991-10-26,2.952,7.546,8.062,15.391,9.41
1991-10-27,4.577,6.584,7.07,13.391,10.05
1991-10-28,1.363,7.213,6.852,14.117,9.41
1991-10-29,3.781,7.702,6.891,14.828,9.73
1991-10-30,3.751,7.394,7.953,15.148,18.39
1991-10-31,3.946,7.463,7.359,14.844,15.12
1991-11-01,0.0,7.139,7.383,14.438,9.92
1991-11-02,4.713,7.662,7.664,15.359,8.84
1991-11-03,0.0,7.726,8.391,15.945,8.36
1991-11-04,0.554,7.26,9.859,16.391,8.52
1991-11-05,14.422,7.31,9.469,16.18,12.91
1991-11-06,16.493,6.465,9.016,14.75,28.72
1991-11-07,16.658,7.282,9.375,16.102,39.53
1991-11-08,10.719,5.938,8.945,14.031,31.21
1991-11-09,8.766,6.428,8.719,14.508,32.97
1991-11-10,2.651,7.406,9.805,16.609,22.56
1991-11-11,7.287,8.37,9.75,17.867,16.28
1991-11-12,3.228,6.17,9.508,14.797,16.68
1991-11-13,42.814,5.479,9.695,14.062,15.73
1991-11-14,1.79,7.545,8.156,15.688,16.53
1991-11-15,0.708,7.01,9.008,15.586,46.88
1991-11-16,0.0,6.34,9.406,14.984,24.93
1991-11-17,57.607,6.911,9.766,16.023,35.62
1991-11-18,0.0,7.53,8.773,16.141,29.36
1991-11-19,0.0,7.935,8.266,16.367,21.88
1991-11-20,1.145,7.877,8.578,16.523,18.89
1991-11-21,2.583,7.904,8.68,16.633,21.09
1991-11-22,0.257,7.32,8.414,15.656,21.39
1991-11-23,2.163,8.895,7.391,17.195,13.98
1991-11-24,18.588,8.83,8.992,18.156,14.63
1991-11-25,2.546,7.021,9.422,15.992,20.85
1991-11-26,0.0,6.374,9.852,15.461,25.51
1991-11-27,13.108,7.313,9.281,16.32,14.32
1991-11-28,0.0,5.977,8.812,14.18,12.64
1991-11-29,0.0,7.352,8.039,15.516,12.08
1991-11-30,0.185,7.412,8.555,15.977,17.12
1991-12-01,0.0,7.329,9.75,16.695,10.16
1991-12-02,2.375,6.764,9.969,16.094,9.56
1991-12-03,0.491,6.969,9.555,16.094,10.11
1991-12-04,6.884,7.47,9.422,16.68,11.27
1991-12-05,9.463,6.168,9.969,15.344,10.98
1991-12-06,2.347,7.747,9.93,17.438,11.73
1991-12-07,0.0,7.906,9.898,17.633,10.15
1991-12-08,0.0,7.698,11.141,18.242,9.86
1991-12-09,0.815,5.989,10.984,15.914,8.96
1991-12-10,9.39,7.733,9.734,17.297,8.79
1991-12-11,0.0,8.669,8.703,17.898,9.99
1991-12-12,0.0,9.595,9.586,19.766,8.13
1991-12-13,8.095,7.692,10.469,17.766,7.7
1991-12-14,8.508,6.426,9.883,15.633,7.5
1991-12-15,13.928,6.025,10.758,15.789,7.96
1991-12-16,0.0,5.828,10.461,15.305,24.34
1991-12-17,7.659,6.712,9.938,16.078,21.34
1991-12-18,3.819,8.286,9.023,17.594,14.41
1991-12-19,5.43,8.22,9.406,17.758,9.68
1991-12-20,15.389,6.716,9.359,15.656,8.48
1991-12-21,16.085,7.71,8.891,16.695,8.23
1991-12-22,0.0,7.873,9.297,17.211,6.82
1991-12-23,0.0,6.666,10.297,16.281,7.6
1991-12-24,0.0,7.209,9.484,16.422,8.42
1991-12-25,0.0,7.005,9.578,16.203,7.4
1991-12-26,0.0,6.486,8.617,14.797,6.8
1991-12-27,0.0,6.781,9.344,15.719,6.5
1991-12-28,3.096,6.299,9.172,14.93,6.3
1991-12-29,22.303,6.982,9.812,16.312,7.45
1991-12-30,0.0,7.874,8.859,16.867,7.81
1991-12-31,0.0,9.484,6.969,17.93,6.7
1992-01-01,0.0,6.956,8.008,14.984,7.82
1992-01-02,0.0,7.581,7.797,15.727,7.71
1992-01-03,1.584,7.068,8.539,15.508,7.51
1992-01-04,0.0,6.58,8.766,14.992,7.42
1992-01-05,4.588,7.066,8.484,15.445,10.96
1992-01-06,0.329,6.605,8.641,14.914,9.25
1992-01-07,2.332,7.366,9.641,16.656,8.49
1992-01-08,0.0,7.511,9.297,16.609,8.35
1992-01-09,0.0,8.161,8.383,16.875,7.52
1992-01-10,0.0,8.836,7.477,17.203,7.24
1992-01-11,0.0,9.032,7.664,17.578,7.06
1992-01-12,0.689,8.348,9.312,17.711,7.06
1992-01-13,0.0,6.196,10.359,15.578,6.97
1992-01-14,19.43,6.301,10.414,15.742,11.46
1992-01-15,14.73,6.76,9.984,16.016,15.11
1992-01-16,0.0,7.141,10.383,16.812,9.34
1992-01-17,0.0,8.183,6.695,15.672,7.63
1992-01-18,0.0,7.452,7.492,15.156,6.97
1992-01-19,0.0,8.082,7.836,16.258,6.7
1992-01-20,0.0,9.473,7.57,18.0,6.52
1992-01-21,0.0,8.606,8.258,17.227,6.34
1992-01-22,0.0,9.563,7.883,18.289,6.25
1992-01-23,0.0,9.706,8.992,19.172,6.07
1992-01-24,0.0,8.266,9.312,17.43,6.16
1992-01-25,3.265,8.789,10.094,18.648,6.16
1992-01-26,0.0,7.092,9.047,15.641,7.27
1992-01-27,19.902,5.673,10.5,14.898,6.52
1992-01-28,8.716,5.529,10.328,14.586,14.48
1992-01-29,1.04,6.618,10.031,15.695,16.75
1992-01-30,0.405,7.747,8.602,16.156,13.82
1992-01-31,0.0,7.972,8.703,16.492,8.36
1992-02-01,10.621,7.545,8.555,15.812,7.43
1992-02-02,0.0,9.884,8.188,18.719,6.7
1992-02-03,0.0,8.414,9.516,17.602,6.25
1992-02-04,0.0,8.122,9.391,17.102,6.07
1992-02-05,0.0,7.623,10.383,17.141,6.15
1992-02-06,0.0,6.665,10.648,16.125,5.89
1992-02-07,0.0,6.999,9.695,15.828,6.16
1992-02-08,0.0,8.57,9.055,17.406,11.73
1992-02-09,0.0,7.527,9.852,16.594,11.95
1992-02-10,15.544,8.016,10.125,17.398,29.9
1992-02-11,8.495,7.122,9.836,16.039,44.03
1992-02-12,5.492,6.462,10.008,15.305,31.97
1992-02-13,0.0,7.974,8.422,16.109,13.73
1992-02-14,6.885,8.883,8.273,17.203,9.7
1992-02-15,0.0,8.683,9.578,17.812,12.6
1992-02-16,0.0,6.596,9.656,15.172,8.7
1992-02-17,0.482,8.861,7.984,16.953,7.52
1992-02-18,0.0,8.283,7.867,16.086,7.06
1992-02-19,0.0,9.423,8.688,18.117,6.88
1992-02-20,1.517,8.238,8.703,16.555,7.74
1992-02-21,13.744,7.19,9.578,15.82,7.86
1992-02-22,3.956,7.444,10.07,16.477,6.88
1992-02-23,3.636,7.33,9.984,16.281,6.7
1992-02-24,0.481,6.618,8.719,14.43,6.52
1992-02-25,0.0,6.744,9.359,15.062,7.28
1992-02-26,2.853,6.049,9.984,14.672,9.7
1992-02-27,0.0,7.394,9.477,15.945,8.48
1992-02-28,0.0,6.711,9.516,15.109,7.06
1992-02-29,0.0,7.124,8.641,14.992,7.91
1992-03-01,0.0,7.107,9.141,15.312,8.92
1992-03-02,0.0,6.725,9.859,15.367,7.62
1992-03-03,0.0,8.255,8.43,16.273,7.06
1992-03-04,7.23,6.339,9.898,14.906,6.79
1992-03-05,0.0,5.824,9.375,13.891,6.64
1992-03-06,0.942,7.002,8.992,15.039,7.14
1992-03-07,13.097,7.16,9.922,15.914,13.56
1992-03-08,0.0,9.416,9.758,18.648,7.64
1992-03-09,0.0,7.058,9.156,15.219,6.61
1992-03-10,0.0,7.565,9.156,15.875,6.16
1992-03-11,12.74,7.996,9.516,16.656,6.26
1992-03-12,5.144,8.647,9.539,17.508,8.14
1992-03-13,0.0,7.065,9.82,15.711,10.17
1992-03-14,0.0,8.157,9.375,16.766,8.98
1992-03-15,0.0,8.477,9.578,17.289,8.64
1992-03-16,13.666,6.938,10.672,16.188,30.21
1992-03-17,0.0,7.652,10.523,16.961,15.39
1992-03-18,0.0,6.385,8.898,14.18,10.18
1992-03-19,0.0,8.213,8.82,16.445,11.64
1992-03-20,17.335,8.09,8.945,16.367,15.53
1992-03-21,0.421,8.305,10.867,17.992,9.47
1992-03-22,0.0,9.007,9.648,18.031,7.06
1992-03-23,0.0,10.007,9.359,19.109,6.16
1992-03-24,0.0,9.22,8.156,17.305,5.63
1992-03-25,0.0,10.308,6.195,17.508,5.24
1992-03-26,3.924,9.581,9.93,18.953,5.24
1992-03-27,7.976,8.752,9.055,17.305,5.34
1992-03-28,3.251,8.748,10.281,18.164,5.03
1992-03-29,0.0,8.831,8.922,17.344,4.82
1992-03-30,19.782,7.124,9.188,15.336,4.68
1992-03-31,1.455,5.256,10.336,13.984,5.21
1992-04-01,5.312,6.512,9.469,14.812,5.98
1992-04-02,7.76,8.281,9.344,16.938,6.12
1992-04-03,0.0,9.194,8.844,17.797,5.1
1992-04-04,0.0,8.285,8.906,16.672,4.82
1992-04-05,4.128,7.263,9.359,15.688,5.39
1992-04-06,0.0,8.05,9.203,16.609,5.1
1992-04-07,0.0,7.553,9.289,16.039,4.93
1992-04-08,0.0,6.632,9.641,15.141,5.49
1992-04-09,17.017,5.727,9.523,13.945,19.68
1992-04-10,22.452,6.613,9.773,15.234,26.88
1992-04-11,1.952,6.069,9.75,14.539,17.78
1992-04-12,0.0,6.32,10.203,15.211,9.61
1992-04-13,1.152,7.885,10.102,17.109,7.57
1992-04-14,4.987,9.406,10.156,19.094,11.61
1992-04-15,16.418,6.591,9.648,15.156,17.34
1992-04-16,1.763,6.992,9.328,15.43,11.36
1992-04-17,4.267,6.789,10.094,15.758,12.02
1992-04-18,1.026,6.678,10.367,15.844,9.88
1992-04-19,6.816,6.251,10.906,15.742,7.57
1992-04-20,2.497,8.416,9.234,17.266,9.95
1992-04-21,18.114,7.443,10.969,17.289,6.96
1992-04-22,8.132,6.402,10.555,15.703,8.2
1992-04-23,7.513,7.542,10.516,17.094,19.26
1992-04-24,0.0,7.18,9.734,16.086,10.82
1992-04-25,1.309,7.356,10.25,16.695,8.49
1992-04-26,3.931,5.115,10.438,14.109,13.88
1992-04-27,5.976,6.709,9.336,15.227,17.75
1992-04-28,0.0,8.272,8.211,16.531,13.56
1992-04-29,1.996,7.749,10.641,17.531,8.69
1992-04-30,8.334,8.29,10.141,17.914,6.97
1992-05-01,0.0,7.592,10.766,17.469,6.31
1992-05-02,8.058,7.652,10.031,17.031,6.07
1992-05-03,13.398,5.908,9.977,14.766,15.32
1992-05-04,17.844,8.509,9.945,18.125,10.02
1992-05-05,0.341,7.102,10.914,17.008,7.45
1992-05-06,10.626,7.917,9.258,16.914,8.64
1992-05-07,0.33,8.075,9.57,17.344,8.71
1992-05-08,3.03,7.814,9.625,17.055,7.68
1992-05-09,0.0,5.746,9.594,14.344,8.56
1992-05-10,0.0,7.55,8.617,16.039,7.01
1992-05-11,2.028,9.101,9.133,18.523,6.6
1992-05-12,0.0,8.466,9.797,18.125,7.25
1992-05-13,6.919,8.301,9.023,17.406,7.27
1992-05-14,2.583,7.281,8.719,15.797,7.87
1992-05-15,14.608,7.949,9.031,16.953,8.25
1992-05-16,0.0,6.611,9.312,15.359,12.02
1992-05-17,0.0,8.373,9.266,17.727,7.72
1992-05-18,0.0,8.363,9.242,17.719,7.55
1992-05-19,17.794,6.544,10.133,15.93,8.92
1992-05-20,0.0,7.123,9.0,15.891,11.45
1992-05-21,0.0,7.266,9.641,16.547,23.8
1992-05-22,0.0,7.152,9.984,16.648,16.86
1992-05-23,0.0,7.049,9.805,16.406,11.96
1992-05-24,0.0,5.76,9.523,14.477,10.55
1992-05-25,0.926,8.067,7.742,16.406,10.92
1992-05-26,0.067,7.747,8.586,16.555,7.81
1992-05-27,0.965,8.118,9.805,17.906,7.58
1992-05-28,2.99,8.071,10.25,18.164,8.48
1992-05-29,13.592,7.545,9.445,16.883,6.79
1992-05-30,2.165,7.589,10.312,17.578,8.53
1992-05-31,0.2,6.219,10.648,16.008,8.29
1992-06-01,13.88,6.527,10.734,16.492,6.55
1992-06-02,11.064,5.821,10.141,15.109,9.72
1992-06-03,0.0,5.859,9.906,14.992,16.98
1992-06-04,17.014,7.436,9.219,16.648,11.48
1992-06-05,0.0,8.108,8.195,16.914,9.13
1992-06-06,0.632,7.907,8.594,16.914,6.97
1992-06-07,0.0,7.164,9.047,16.188,6.3
1992-06-08,0.0,7.38,8.766,16.281,6.07
1992-06-09,0.0,6.829,8.945,15.648,6.04
1992-06-10,0.0,7.314,8.102,15.766,6.13
1992-06-11,1.267,6.695,8.648,15.266,10.75
1992-06-12,1.703,5.016,10.195,14.188,24.78
1992-06-13,37.767,6.323,9.984,15.727,31.66
1992-06-14,0.0,5.271,9.875,14.25,20.26
1992-06-15,0.0,7.309,8.414,15.977,18.75
1992-06-16,0.447,6.991,9.039,15.977,11.87
1992-06-17,0.0,7.261,7.891,15.57,8.63
1992-06-18,0.0,7.053,8.727,15.852,9.45
1992-06-19,0.0,6.586,9.539,15.789,13.82
1992-06-20,0.0,5.92,8.844,14.352,18.05
1992-06-21,0.0,6.791,9.062,15.711,17.08
1992-06-22,0.944,6.004,10.562,15.766,19.42
1992-06-23,0.0,6.596,8.242,14.859,15.81
1992-06-24,0.0,6.475,7.898,14.438,11.33
1992-06-25,0.0,6.086,9.055,14.734,9.57
1992-06-26,0.0,6.181,7.953,14.055,9.14
1992-06-27,3.084,6.373,9.688,15.594,8.15
1992-06-28,1.861,6.745,9.219,15.758,8.79
1992-06-29,0.0,7.588,8.672,16.57,12.09
1992-06-30,0.0,7.814,8.148,16.523,8.37
1992-07-01,1.803,7.907,9.562,17.633,7.09
1992-07-02,6.018,6.08,9.219,14.852,7.09
1992-07-03,8.992,4.016,10.008,12.789,12.76
1992-07-04,0.911,4.877,8.664,12.758,13.69
1992-07-05,4.586,5.922,7.5,13.312,15.93
1992-07-06,5.893,6.111,7.57,13.656,13.58
1992-07-07,0.0,5.422,8.648,13.469,15.44
1992-07-08,0.0,6.477,8.359,14.727,12.73
1992-07-09,0.0,4.881,8.703,12.781,26.05
1992-07-10,5.142,5.216,9.031,13.461,24.21
1992-07-11,0.0,6.294,7.234,13.625,14.91
1992-07-12,0.0,7.388,7.664,15.5,13.96
1992-07-13,14.336,6.057,8.852,14.453,26.72
1992-07-14,1.43,7.732,8.836,16.75,24.31
1992-07-15,2.142,7.149,8.977,16.039,18.67
1992-07-16,0.0,6.345,9.008,14.945,15.19
1992-07-17,16.048,5.816,8.984,14.188,23.26
1992-07-18,0.0,7.77,7.18,15.648,17.81
1992-07-19,0.0,6.923,8.211,15.133,28.49
1992-07-20,6.937,5.683,8.711,13.781,43.06
1992-07-21,0.0,4.35,7.984,11.438,29.81
1992-07-22,0.0,6.181,8.398,14.195,24.48
1992-07-23,6.93,5.863,8.25,13.641,36.46
1992-07-24,4.247,5.87,8.812,14.047,28.69
1992-07-25,0.0,5.894,7.086,12.82,25.24
1992-07-26,0.0,6.432,6.68,13.273,16.4
1992-07-27,0.0,5.999,7.719,13.391,15.25
1992-07-28,0.617,7.548,6.977,15.062,29.74
1992-07-29,4.834,7.221,7.406,14.867,26.98
1992-07-30,0.0,7.043,6.805,14.188,17.34
1992-07-31,0.0,8.379,6.742,16.031,14.68
1992-08-01,0.0,6.69,8.078,14.547,17.41
1992-08-02,0.0,5.457,8.492,13.164,24.9
1992-08-03,0.0,7.089,7.711,14.805,19.87
1992-08-04,0.0,7.33,7.328,14.875,22.01
1992-08-05,0.0,6.166,7.867,13.617,44.22
1992-08-06,0.0,5.322,9.25,13.555,71.03
1992-08-07,0.0,6.466,7.461,13.695,40.23
1992-08-08,0.0,6.86,7.594,14.32,28.13
1992-08-09,0.0,6.976,8.359,15.016,23.45
1992-08-10,1.85,9.083,7.656,17.422,28.96
1992-08-11,0.0,9.012,7.188,17.0,20.17
1992-08-12,9.209,5.024,8.547,12.539,24.0
1992-08-13,7.405,7.162,7.648,14.719,18.05
1992-08-14,1.18,7.777,8.164,15.906,15.71
1992-08-15,4.769,8.259,8.422,16.695,13.75
1992-08-16,0.908,7.9,9.234,16.766,18.97
1992-08-17,0.874,7.833,9.648,16.961,17.07
1992-08-18,1.515,7.233,9.414,15.992,16.09
1992-08-19,7.038,8.032,8.141,16.156,15.26
1992-08-20,0.0,8.805,9.125,17.844,14.45
1992-08-21,0.0,8.323,8.312,16.633,12.66
1992-08-22,0.0,7.655,8.461,15.828,11.55
1992-08-23,6.406,4.908,9.875,13.375,24.63
1992-08-24,12.145,7.067,8.211,14.844,21.83
1992-08-25,0.0,7.991,7.281,15.438,14.56
1992-08-26,0.0,7.078,6.672,13.734,12.36
1992-08-27,0.0,7.611,7.938,15.328,11.67
1992-08-28,0.0,9.054,7.734,17.125,14.19
1992-08-29,0.135,8.66,7.719,16.57,18.45
1992-08-30,4.349,8.997,8.891,17.781,15.53
1992-08-31,7.234,9.668,8.477,18.391,12.11
1992-09-01,0.0,9.346,8.273,17.82,11.51
1992-09-02,0.203,8.389,7.938,16.32,10.16
1992-09-03,5.591,7.27,9.273,15.766,9.69
1992-09-04,0.0,7.134,8.781,15.211,9.58
1992-09-05,0.0,8.454,8.477,16.727,9.87
1992-09-06,0.0,7.192,9.727,15.961,9.27
1992-09-07,0.0,7.034,8.148,14.625,9.96
1992-09-08,0.0,7.809,7.039,14.867,24.59
1992-09-09,0.0,6.972,7.945,14.359,17.17
1992-09-10,0.0,8.305,7.508,15.828,13.26
1992-09-11,0.0,7.634,8.266,15.453,10.76
1992-09-12,0.0,8.253,8.219,16.227,9.7
1992-09-13,0.0,8.859,8.102,16.938,9.43
1992-09-14,15.226,7.548,9.195,15.977,18.3
1992-09-15,0.318,5.86,9.922,14.414,15.66
1992-09-16,7.628,7.207,9.086,15.477,12.77
1992-09-17,0.0,9.527,7.664,17.531,11.64
1992-09-18,1.972,7.853,7.836,15.422,10.05
1992-09-19,0.0,7.893,8.734,16.086,9.14
1992-09-20,5.594,7.773,9.32,16.336,8.86
1992-09-21,2.749,8.899,7.375,16.492,9.31
1992-09-22,2.23,8.149,8.75,16.422,11.53
1992-09-23,15.557,9.129,9.461,18.172,12.97
1992-09-24,16.33,7.505,10.32,16.719,18.35
1992-09-25,9.447,8.075,9.711,17.008,13.24
1992-09-26,0.0,8.783,9.125,17.516,9.82
1992-09-27,15.987,6.394,8.984,14.359,13.54
1992-09-28,2.53,7.375,7.977,14.891,13.91
1992-09-29,0.0,6.833,8.305,14.406,12.39
1992-09-30,0.0,8.651,7.281,16.117,11.93
1992-10-01,1.32,8.588,7.406,16.117,9.8
1992-10-02,4.59,8.205,8.445,16.32,8.59
1992-10-03,5.164,8.081,8.203,15.992,8.04
1992-10-04,0.089,8.068,7.672,15.609,7.71
1992-10-05,7.536,8.526,6.883,15.711,7.51
1992-10-06,0.91,8.605,9.969,17.898,7.61
1992-10-07,8.681,7.719,9.039,16.125,7.46
1992-10-08,1.012,7.036,8.945,15.188,7.8
1992-10-09,0.0,8.503,8.078,16.523,9.52
1992-10-10,7.284,6.838,8.086,14.312,11.11
1992-10-11,4.394,7.3,8.594,15.281,11.39
1992-10-12,11.534,7.032,9.172,15.359,8.48
1992-10-13,0.0,6.475,8.773,14.375,7.65
1992-10-14,8.348,7.01,6.688,13.586,23.5
1992-10-15,0.0,7.958,6.938,15.055,11.23
1992-10-16,0.0,8.89,7.93,16.984,8.59
1992-10-17,5.746,8.254,8.078,16.242,7.75
1992-10-18,2.385,6.948,8.586,14.883,7.33
1992-10-19,6.677,8.283,7.273,15.773,8.23
1992-10-20,0.0,6.476,7.539,13.516,7.42
1992-10-21,0.0,7.0,7.609,14.281,7.24
1992-10-22,3.039,7.661,7.383,15.031,7.06
1992-10-23,0.0,8.408,8.344,16.695,6.74
1992-10-24,2.527,6.836,8.875,15.008,7.83
1992-10-25,0.0,7.251,7.805,14.805,8.6
1992-10-26,0.0,8.223,7.922,16.211,7.96
1992-10-27,0.361,9.262,6.766,16.898,7.28
1992-10-28,2.128,8.249,10.648,18.156,6.94
1992-10-29,13.86,7.192,10.344,16.594,7.01
1992-10-30,7.58,7.899,9.875,17.172,6.88
1992-10-31,0.0,10.085,8.836,19.391,6.5
1992-11-01,8.572,7.71,8.875,16.258,6.64
1992-11-02,2.0,8.346,8.094,16.594,6.16
1992-11-03,0.0,9.242,7.086,17.18,6.16
1992-11-04,0.0,7.727,8.789,16.258,6.0
1992-11-05,9.349,8.354,7.953,16.555,5.91
1992-11-06,15.939,4.905,9.852,13.453,13.59
1992-11-07,0.0,7.716,9.195,16.57,8.42
1992-11-08,0.0,9.368,7.914,17.977,6.83
1992-11-09,4.074,7.228,8.766,15.633,6.99
1992-11-10,5.186,8.226,9.266,17.344,9.19
1992-11-11,0.0,7.372,8.75,15.844,7.4
1992-11-12,3.78,7.382,8.523,15.719,6.72
1992-11-13,14.75,7.008,8.383,15.109,6.97
1992-11-14,0.0,7.353,9.133,16.125,7.66
1992-11-15,15.643,7.261,8.609,15.641,8.26
1992-11-16,0.0,8.407,8.75,17.32,9.79
1992-11-17,12.797,6.875,8.961,15.398,15.08
1992-11-18,45.639,7.319,9.195,16.18,33.86
1992-11-19,3.65,9.208,7.828,17.875,12.32
1992-11-20,0.0,7.954,9.57,17.32,8.65
1992-11-21,14.845,7.445,8.906,16.18,7.42
1992-11-22,12.122,8.635,8.898,17.82,8.29
1992-11-23,2.453,7.856,9.43,17.125,10.6
1992-11-24,6.137,6.374,9.406,15.117,8.15
1992-11-25,0.662,8.726,9.031,18.07,7.45
1992-11-26,0.0,7.475,9.977,17.023,8.07
1992-11-27,16.1,5.731,9.57,14.422,12.3
1992-11-28,9.035,8.892,8.625,18.062,18.94
1992-11-29,11.445,8.846,8.148,17.695,15.86
1992-11-30,12.691,8.47,9.211,17.891,9.81
1992-12-01,6.318,8.467,9.469,18.07,9.34
1992-12-02,6.199,7.612,9.5,16.914,10.67
1992-12-03,0.0,8.072,9.0,17.234,10.29
1992-12-04,12.093,7.123,9.461,16.242,38.57
1992-12-05,0.0,7.167,10.297,16.914,16.14
1992-12-06,0.0,7.293,9.406,16.461,11.85
1992-12-07,7.712,7.117,9.703,16.414,9.03
1992-12-08,23.217,6.669,9.992,16.023,7.93
1992-12-09,2.024,6.51,9.609,15.539,9.01
1992-12-10,0.0,6.868,9.961,16.305,8.76
1992-12-11,0.0,6.585,10.75,16.484,13.31
1992-12-12,19.621,6.062,10.391,15.555,23.76
1992-12-13,7.723,6.206,10.141,15.547,11.66
1992-12-14,0.0,6.652,9.531,15.703,9.14
1992-12-15,0.0,7.559,8.789,16.422,8.04
1992-12-16,0.0,8.588,9.047,18.031,8.96
1992-12-17,0.0,9.034,9.906,19.219,10.72
1992-12-18,5.784,7.782,9.766,17.406,7.67
1992-12-19,12.294,7.388,9.031,16.352,7.33
1992-12-20,18.175,5.69,10.727,15.344,10.72
1992-12-21,5.119,6.102,10.273,15.516,9.19
1992-12-22,8.233,7.843,9.469,17.281,8.21
1992-12-23,0.0,5.362,9.609,14.047,8.35
1992-12-24,0.0,6.181,7.719,13.719,7.42
1992-12-25,0.567,6.903,8.945,15.609,7.23
1992-12-26,0.0,7.504,8.203,15.93,6.79
1992-12-27,0.0,7.829,8.922,16.875,6.43
1992-12-28,0.0,7.529,8.805,16.359,6.39
1992-12-29,17.579,7.481,10.523,17.508,9.19
1992-12-30,4.183,7.184,9.484,16.352,8.7
1992-12-31,1.186,5.576,9.523,14.219,7.88
1993-01-01,0.0,8.776,7.383,17.164,7.11
1993-01-02,0.48,6.596,8.664,14.953,21.67
1993-01-03,0.0,7.466,9.094,16.453,10.51
1993-01-04,17.02,7.256,8.875,15.992,8.01
1993-01-05,9.256,7.297,9.773,16.672,7.17
1993-01-06,22.039,8.254,9.461,17.742,9.92
1993-01-07,0.0,7.12,9.938,16.539,13.92
1993-01-08,0.344,7.583,9.781,17.023,13.59
1993-01-09,4.331,8.926,8.57,18.07,8.44
1993-01-10,0.0,8.9,8.375,17.883,7.65
1993-01-11,6.177,8.466,8.484,17.336,7.61
1993-01-12,9.475,7.519,8.562,16.055,7.8
1993-01-13,0.0,6.753,9.609,15.75,13.81
1993-01-14,0.0,6.582,9.641,15.539,18.4
1993-01-15,0.0,6.021,9.703,14.828,13.01
1993-01-16,0.084,7.293,8.977,15.992,10.24
1993-01-17,2.008,7.368,8.539,15.766,8.46
1993-01-18,8.173,7.846,8.953,16.703,7.91
1993-01-19,10.307,6.887,9.555,15.836,7.21
1993-01-20,3.174,7.931,8.727,16.625,6.85
1993-01-21,0.0,9.224,7.367,17.508,6.5
1993-01-22,0.732,8.635,7.5,16.758,6.36
1993-01-23,0.0,7.347,9.055,16.016,6.36
1993-01-24,0.0,6.891,10.039,16.125,6.15
1993-01-25,2.658,8.272,7.805,16.406,6.01
1993-01-26,2.819,8.941,7.195,16.922,5.87
1993-01-27,0.0,7.756,8.82,16.367,5.94
1993-01-28,2.822,7.924,8.484,16.336,6.11
1993-01-29,0.0,7.193,8.672,15.469,5.97
1993-01-30,0.0,8.333,7.539,16.227,6.01
1993-01-31,13.797,7.53,8.742,15.938,5.81
1993-02-01,24.982,8.638,9.898,18.188,6.65
1993-02-02,5.033,7.337,10.062,16.609,10.32
1993-02-03,8.346,6.346,9.773,15.102,32.25
1993-02-04,0.0,7.796,9.578,16.82,11.73
1993-02-05,9.02,6.363,9.773,15.094,8.49
1993-02-06,0.0,8.188,9.406,17.18,7.71
1993-02-07,0.0,6.697,9.93,15.609,8.68
1993-02-08,0.0,7.547,8.586,15.742,7.15
1993-02-09,15.386,7.405,8.938,15.781,6.64
1993-02-10,0.0,7.574,9.711,16.531,6.36
1993-02-11,0.294,8.2,9.062,16.883,6.29
1993-02-12,0.0,8.95,8.18,17.266,6.08
1993-02-13,0.61,8.403,9.039,17.094,6.01
1993-02-14,0.0,8.849,8.398,17.25,5.94
1993-02-15,0.0,9.923,8.555,18.75,5.87
1993-02-16,0.0,8.734,9.859,18.047,5.8
1993-02-17,0.0,7.815,10.109,17.047,5.96
1993-02-18,8.94,7.253,9.602,15.945,6.68
1993-02-19,0.0,8.711,8.359,16.969,6.36
1993-02-20,0.0,7.5,9.961,16.484,7.06
1993-02-21,3.527,7.397,9.219,15.828,8.01
1993-02-22,0.0,8.233,7.617,15.812,6.97
1993-02-23,0.0,9.797,6.766,17.32,9.1
1993-02-24,6.798,7.388,9.742,16.148,7.59
1993-02-25,30.534,9.242,8.508,17.672,8.36
1993-02-26,7.14,6.419,9.5,14.758,7.32
1993-02-27,5.489,7.883,9.219,16.375,7.24
1993-02-28,7.072,6.092,9.727,14.508,9.25
1993-03-01,7.037,7.833,8.0,15.445,8.99
1993-03-02,10.234,8.743,8.227,16.812,10.14
1993-03-03,9.363,7.783,8.586,15.781,8.58
1993-03-04,8.376,4.902,8.484,12.078,7.59
1993-03-05,0.0,6.909,8.672,14.695,10.76
1993-03-06,7.058,7.42,8.258,15.055,12.87
1993-03-07,4.707,6.936,8.453,14.578,10.93
1993-03-08,3.56,6.847,9.164,14.984,11.61
1993-03-09,4.113,3.961,8.711,11.188,19.35
1993-03-10,0.0,7.411,7.422,14.453,17.2
1993-03-11,0.0,6.299,8.172,13.539,16.68
1993-03-12,0.0,6.837,9.18,14.945,16.99
1993-03-13,0.0,7.501,8.555,15.352,13.49
1993-03-14,17.991,6.703,8.68,14.43,40.02
1993-03-15,8.488,7.852,9.016,16.117,26.09
1993-03-16,0.0,7.938,8.445,15.82,11.33
1993-03-17,1.249,8.085,9.641,16.859,9.14
1993-03-18,5.316,6.694,10.094,15.461,17.97
1993-03-19,0.0,7.757,9.516,16.344,14.75
1993-03-20,11.2,7.875,9.961,16.812,10.72
1993-03-21,13.72,7.528,8.859,15.586,10.91
1993-03-22,1.815,7.115,9.922,15.852,9.02
1993-03-23,14.157,5.695,9.031,13.453,8.28
1993-03-24,0.0,6.984,9.773,15.578,7.83
1993-03-25,2.118,7.003,9.422,15.344,8.21
1993-03-26,23.205,6.4,9.82,14.898,14.23
1993-03-27,1.13,5.604,8.922,13.25,22.78
1993-03-28,4.542,6.129,9.453,14.289,19.3
1993-03-29,8.525,8.282,9.141,16.766,17.59
1993-03-30,6.207,9.108,8.938,17.703,13.57
1993-03-31,16.955,7.613,9.703,16.344,13.63
1993-04-01,4.766,7.994,9.305,16.539,10.3
1993-04-02,0.215,7.597,8.781,15.672,8.92
1993-04-03,0.392,8.667,9.023,17.219,8.1
1993-04-04,0.0,8.891,9.0,17.5,7.65
1993-04-05,6.275,8.051,10.336,17.375,7.29
1993-04-06,1.466,7.809,10.375,17.109,7.56
1993-04-07,15.018,8.147,10.359,17.531,8.7
1993-04-08,0.0,7.004,9.648,15.578,8.92
1993-04-09,5.472,8.716,9.453,17.641,13.74
1993-04-10,0.0,6.717,9.5,15.148,11.56
1993-04-11,0.505,7.983,9.695,16.898,10.79
1993-04-12,0.518,8.704,8.516,17.039,9.9
1993-04-13,4.925,7.723,9.891,16.719,8.1
1993-04-14,14.257,7.446,10.5,16.828,11.78
1993-04-15,5.015,7.725,10.805,17.406,15.08
1993-04-16,2.58,7.25,10.07,16.305,14.72
1993-04-17,2.979,9.028,9.281,18.039,14.88
1993-04-18,5.822,7.574,10.328,16.906,14.91
1993-04-19,9.602,8.288,9.766,17.453,14.88
1993-04-20,3.396,8.031,10.156,17.414,12.59
1993-04-21,0.0,7.467,10.023,16.617,13.08
1993-04-22,1.661,7.885,9.086,16.492,13.14
1993-04-23,16.819,5.589,9.562,13.922,33.53
1993-04-24,7.621,6.834,9.211,15.242,15.27
1993-04-25,0.0,9.566,8.492,18.367,11.52
1993-04-26,25.63,7.879,9.922,17.125,14.9
1993-04-27,0.855,7.865,10.273,17.383,12.59
1993-04-28,20.579,3.91,10.914,13.188,32.02
1993-04-29,2.521,8.516,8.531,17.062,18.4
1993-04-30,0.0,9.809,8.43,18.766,14.89
1993-05-01,16.097,7.203,9.781,16.227,12.95
1993-05-02,9.336,7.391,10.875,17.297,11.36
1993-05-03,0.516,8.161,10.594,18.102,10.31
1993-05-04,4.567,8.439,10.43,18.352,9.39
1993-05-05,6.98,7.794,11.188,18.07,12.93
1993-05-06,0.808,6.131,10.633,15.594,32.3
1993-05-07,19.26,8.336,9.453,17.609,18.75
1993-05-08,3.13,7.775,9.656,17.008,11.63
1993-05-09,9.884,5.951,10.297,15.141,28.92
1993-05-10,0.079,8.486,9.594,17.953,16.83
1993-05-11,1.32,9.856,9.031,19.445,10.15
1993-05-12,7.175,8.223,10.875,18.531,8.28
1993-05-13,0.0,7.82,9.68,17.172,8.38
1993-05-14,13.302,7.775,10.688,17.836,11.68
1993-05-15,6.238,7.031,10.625,16.844,8.52
1993-05-16,10.626,5.737,10.266,14.922,9.68
1993-05-17,0.654,5.486,9.781,14.234,14.74
1993-05-18,2.724,6.53,9.047,15.062,15.17
1993-05-19,0.0,6.572,9.211,15.25,21.02
1993-05-20,20.599,7.68,9.188,16.758,12.32
1993-05-21,0.288,7.753,10.148,17.547,8.74
1993-05-22,0.0,7.968,9.758,17.586,7.74
1993-05-23,2.602,6.78,9.953,16.133,8.04
1993-05-24,13.568,8.654,9.656,18.477,12.36
1993-05-25,21.316,7.103,10.086,16.68,22.16
1993-05-26,14.449,6.222,10.719,16.008,21.5
1993-05-27,2.468,6.519,10.641,16.352,11.79
1993-05-28,6.666,6.117,10.336,15.602,11.06
1993-05-29,13.875,6.017,10.086,15.281,44.93
1993-05-30,0.0,8.025,8.531,16.93,24.38
1993-05-31,0.0,8.774,8.391,17.922,12.6
1993-06-01,8.225,5.184,10.266,14.383,29.0
1993-06-02,23.79,5.849,9.461,14.617,18.7
1993-06-03,0.0,6.98,8.711,15.633,13.11
1993-06-04,0.0,6.829,8.641,15.383,12.15
1993-06-05,0.0,6.332,9.531,15.359,11.83
1993-06-06,0.0,5.426,9.977,14.5,23.08
1993-06-07,0.0,7.582,9.133,16.82,14.91
1993-06-08,0.0,7.932,9.367,17.484,14.41
1993-06-09,32.093,7.081,9.945,16.719,12.56
1993-06-10,0.0,6.925,10.156,16.656,15.94
1993-06-11,0.0,5.048,10.281,14.289,47.41
1993-06-12,0.0,5.626,9.406,14.367,30.54
1993-06-13,4.835,5.905,9.242,14.609,17.03
1993-06-14,0.0,5.896,9.312,14.648,12.53
1993-06-15,0.0,6.532,7.906,14.516,14.29
1993-06-16,0.279,6.432,9.484,15.508,13.7
1993-06-17,14.192,6.895,9.469,16.148,15.2
1993-06-18,18.169,5.636,9.352,14.328,21.6
1993-06-19,0.0,6.448,9.539,15.586,27.34
1993-06-20,6.739,4.998,9.305,13.461,26.36
1993-06-21,3.7,7.814,8.469,16.766,17.03
1993-06-22,0.0,8.126,8.078,16.953,12.56
1993-06-23,2.276,5.329,9.898,14.359,11.52
1993-06-24,8.673,6.208,8.328,14.383,14.06
1993-06-25,0.0,5.132,8.594,13.078,14.76
1993-06-26,7.018,4.714,9.125,12.93,15.05
1993-06-27,18.031,6.263,8.742,14.75,41.76
1993-06-28,0.0,6.667,9.297,15.711,24.74
1993-06-29,17.296,5.471,9.789,14.477,26.4
1993-06-30,0.0,7.403,8.672,16.312,13.7
1993-07-01,0.0,7.894,9.141,17.305,12.61
1993-07-02,1.473,8.173,9.609,18.023,12.77
1993-07-03,0.0,8.7,9.555,18.727,10.0
1993-07-04,20.484,6.53,10.297,16.266,9.2
1993-07-05,0.0,7.07,8.805,15.898,9.0
1993-07-06,0.0,8.054,8.547,17.102,15.42
1993-07-07,0.0,6.933,7.93,15.07,9.02
1993-07-08,11.095,6.431,9.234,15.328,8.48
1993-07-09,0.0,6.704,9.156,15.609,8.28
1993-07-10,9.496,5.829,10.133,15.148,9.34
1993-07-11,27.188,5.876,9.031,14.359,28.74
1993-07-12,0.087,6.468,8.984,15.125,14.38
1993-07-13,1.468,7.214,9.242,16.344,11.99
1993-07-14,0.0,4.674,9.398,13.047,48.38
1993-07-15,0.519,4.696,8.961,12.727,39.79
1993-07-16,0.0,6.839,7.828,14.773,17.68
1993-07-17,0.0,8.444,6.406,16.156,13.95
1993-07-18,0.0,5.95,7.453,13.25,11.91
1993-07-19,0.0,5.862,8.711,14.023,12.3
1993-07-20,2.595,6.665,8.906,15.273,12.43
1993-07-21,0.0,6.391,7.359,13.766,13.66
1993-07-22,0.0,6.544,8.258,14.602,12.95
1993-07-23,0.0,6.82,7.25,14.266,23.96
1993-07-24,0.0,6.932,8.281,15.148,16.88
1993-07-25,0.0,6.444,7.984,14.234,19.98
1993-07-26,0.035,8.211,6.984,16.047,16.48
1993-07-27,0.105,8.596,7.773,17.086,12.43
1993-07-28,0.218,7.911,8.023,16.273,10.9
1993-07-29,1.161,6.535,9.883,15.703,10.8
1993-07-30,21.266,6.359,9.359,15.062,16.0
1993-07-31,6.038,6.764,9.789,15.898,14.04
1993-08-01,0.048,6.314,9.07,14.781,17.04
1993-08-02,0.008,9.052,6.453,16.797,12.98
1993-08-03,0.107,5.837,7.633,13.039,10.4
1993-08-04,0.416,5.676,8.984,13.812,9.9
1993-08-05,0.076,6.439,8.203,14.258,9.4
1993-08-06,8.401,5.668,8.734,13.602,9.1
1993-08-07,0.192,8.793,6.953,16.641,9.3
1993-08-08,0.0,9.108,7.594,17.461,8.91
1993-08-09,0.0,7.417,8.922,16.031,9.12
1993-08-10,0.432,7.77,8.484,16.195,10.6
1993-08-11,0.0,7.226,8.82,15.672,12.91
1993-08-12,18.236,6.689,9.094,15.133,10.3
1993-08-13,2.896,6.398,10.125,15.516,30.8
1993-08-14,0.0,7.689,8.633,16.109,15.28
1993-08-15,0.0,7.426,8.57,15.703,10.9
1993-08-16,0.0,9.34,8.719,18.367,10.0
1993-08-17,0.0,7.568,9.297,16.391,9.8
1993-08-18,0.714,6.552,8.672,14.586,12.9
1993-08-19,0.0,7.099,8.578,15.211,12.17
1993-08-20,13.411,8.858,8.234,17.344,11.91
1993-08-21,0.0,7.853,7.75,15.625,10.94
1993-08-22,8.501,5.983,9.0,14.023,11.5
1993-08-23,10.371,6.827,8.062,14.438,10.89
1993-08-24,6.785,7.772,7.141,15.07,58.41
1993-08-25,10.485,7.374,8.25,15.273,43.8
1993-08-26,1.887,7.383,7.984,15.094,19.22
1993-08-27,0.0,8.393,8.484,16.766,17.69
1993-08-28,0.0,6.529,8.5,14.297,16.45
1993-08-29,17.673,7.863,8.984,16.383,16.08
1993-08-30,0.0,8.253,7.953,16.172,12.04
1993-08-31,4.609,9.17,7.438,17.078,10.8
1993-09-01,0.0,6.962,8.469,14.805,10.41
1993-09-02,0.0,6.891,8.234,14.539,13.96
1993-09-03,0.0,7.292,7.672,14.656,17.56
1993-09-04,0.0,6.699,8.023,14.109,13.09
1993-09-05,13.614,6.449,8.578,14.18,20.75
1993-09-06,0.317,7.149,8.359,14.938,45.78
1993-09-07,0.0,8.844,7.117,16.328,19.73
1993-09-08,0.0,9.689,7.469,17.688,13.1
1993-09-09,4.758,7.461,8.531,15.43,11.52
1993-09-10,10.612,6.655,8.805,14.578,11.39
1993-09-11,0.102,8.497,7.469,16.07,11.31
1993-09-12,2.147,9.165,7.477,16.961,10.7
1993-09-13,2.048,6.489,10.039,15.281,10.67
1993-09-14,3.252,7.583,9.188,16.023,13.78
1993-09-15,1.733,7.399,7.594,14.664,14.63
1993-09-16,0.158,7.332,8.859,15.469,13.51
1993-09-17,9.131,9.321,8.398,17.727,11.78
1993-09-18,0.213,7.84,9.023,16.234,12.89
1993-09-19,0.158,8.774,8.398,17.0,13.03
1993-09-20,0.317,8.651,8.836,17.148,10.23
1993-09-21,11.34,9.557,8.57,18.156,9.01
1993-09-22,0.29,7.398,8.852,15.523,8.55
1993-09-23,0.737,8.741,8.055,16.734,8.57
1993-09-24,0.186,9.294,8.805,17.953,9.37
1993-09-25,0.0,9.096,8.93,17.781,8.89
1993-09-26,7.02,8.073,10.039,17.25,8.19
1993-09-27,6.572,8.095,8.711,16.336,8.01
1993-09-28,4.643,8.665,9.227,17.422,7.97
1993-09-29,9.781,7.566,9.492,16.195,9.87
1993-09-30,0.0,7.193,9.359,15.633,10.13
1993-10-01,3.443,7.75,7.68,15.18,9.87
1993-10-02,0.0,7.925,8.0,15.641,10.11
1993-10-03,1.828,7.547,8.336,15.375,8.92
1993-10-04,2.481,9.19,7.156,16.781,7.83
1993-10-05,3.844,8.799,7.688,16.594,7.38
1993-10-06,1.0,7.227,7.625,14.461,7.71
1993-10-07,2.786,6.099,8.125,13.359,15.59
1993-10-08,2.092,7.415,7.875,14.906,11.37
1993-10-09,2.527,7.488,6.773,14.25,9.51
1993-10-10,1.338,7.827,7.148,14.969,8.94
1993-10-11,5.549,6.541,7.984,13.844,14.19
1993-10-12,5.536,8.489,8.219,16.609,13.55
1993-10-13,1.888,7.313,7.328,14.43,13.1
1993-10-14,4.334,7.833,8.156,15.711,16.44
1993-10-15,3.065,7.327,8.828,15.516,9.73
1993-10-16,10.676,8.299,9.164,17.031,10.57
1993-10-17,17.181,9.151,9.406,18.336,11.81
1993-10-18,3.547,7.678,9.914,16.781,14.69
1993-10-19,6.208,6.858,10.281,16.008,31.15
1993-10-20,10.402,7.319,9.336,15.922,24.69
1993-10-21,4.854,7.153,9.109,15.539,12.18
1993-10-22,2.291,8.773,7.922,16.891,12.95
1993-10-23,2.634,7.841,8.031,15.719,11.73
1993-10-24,1.501,8.437,9.5,17.531,10.2
1993-10-25,1.051,7.76,8.906,16.242,9.21
1993-10-26,18.076,6.42,8.57,14.25,8.28
1993-10-27,10.307,6.611,8.664,14.594,7.83
1993-10-28,4.952,7.712,8.188,15.719,7.74
1993-10-29,0.0,6.864,9.945,15.852,8.24
1993-10-30,0.354,8.296,9.578,17.477,10.02
1993-10-31,0.0,8.318,9.836,17.703,11.97
1993-11-01,30.822,8.159,8.625,16.68,30.48
1993-11-02,0.0,7.104,9.617,15.984,20.39
1993-11-03,2.312,6.442,8.078,14.0,19.73
1993-11-04,0.0,8.211,7.586,16.086,20.18
1993-11-05,2.193,8.697,7.398,16.648,22.28
1993-11-06,3.718,8.789,7.539,16.891,12.57
1993-11-07,15.239,7.166,8.844,15.578,14.92
1993-11-08,2.031,7.337,8.93,15.875,12.75
1993-11-09,11.409,7.073,8.734,15.391,13.02
1993-11-10,8.271,8.395,7.516,16.383,13.95
1993-11-11,4.747,5.847,10.195,14.906,14.33
1993-11-12,2.939,7.724,9.492,16.836,22.39
1993-11-13,16.666,6.493,10.203,15.75,16.3
1993-11-14,26.775,6.987,9.562,15.922,29.41
1993-11-15,11.156,8.33,9.719,17.859,16.93
1993-11-16,4.69,7.152,8.0,15.062,12.17
1993-11-17,7.194,8.922,8.039,17.562,10.88
1993-11-18,5.434,7.801,9.203,16.812,10.66
1993-11-19,0.0,8.099,8.672,16.875,11.06
1993-11-20,12.182,5.814,9.719,14.578,12.76
1993-11-21,7.929,7.877,8.516,16.484,10.0
1993-11-22,6.592,8.157,7.664,16.305,8.82
1993-11-23,1.176,8.516,9.57,18.094,8.69
1993-11-24,0.346,8.638,9.258,18.078,8.96
1993-11-25,3.358,5.879,9.164,14.289,9.38
1993-11-26,5.617,9.471,8.242,18.602,14.32
1993-11-27,21.176,7.293,10.648,17.25,16.51
1993-11-28,8.649,6.212,9.883,15.273,16.13
1993-11-29,24.596,6.812,9.305,15.664,16.5
1993-11-30,0.255,7.777,9.781,17.32,22.73
1993-12-01,21.519,8.578,9.953,18.555,22.06
1993-12-02,1.013,6.304,10.727,16.07,21.39
1993-12-03,8.66,7.231,9.781,16.609,18.86
1993-12-04,0.0,8.147,9.43,17.617,14.29
1993-12-05,0.0,7.892,10.156,17.789,13.12
1993-12-06,8.989,6.934,10.289,16.602,26.05
1993-12-07,7.507,6.788,9.453,15.805,18.33
1993-12-08,0.0,7.072,8.383,15.43,12.3
1993-12-09,0.164,7.369,9.133,16.383,10.7
1993-12-10,13.264,6.583,9.008,15.219,10.6
1993-12-11,0.0,6.794,9.008,15.508,10.49
1993-12-12,32.038,8.117,9.031,17.336,58.15
1993-12-13,1.007,7.412,8.273,15.867,14.94
1993-12-14,2.425,7.824,8.734,16.742,11.74
1993-12-15,4.885,7.32,10.297,17.148,30.04
1993-12-16,0.736,7.11,10.195,16.797,14.52
1993-12-17,0.0,5.439,10.125,14.539,12.43
1993-12-18,7.833,7.202,9.32,16.289,11.31
1993-12-19,2.07,6.453,9.562,15.453,12.06
1993-12-20,0.0,7.297,9.016,16.227,10.4
1993-12-21,0.0,7.672,8.141,16.141,9.2
1993-12-22,0.0,8.124,8.055,16.719,8.82
1993-12-23,3.536,8.228,8.812,17.375,8.46
1993-12-24,0.0,8.12,8.867,17.25,8.19
1993-12-25,2.779,7.059,9.445,16.172,8.37
1993-12-26,3.166,5.349,10.031,14.336,8.69
1993-12-27,4.702,6.014,9.531,14.82,8.19
1993-12-28,4.655,6.95,8.359,15.25,8.41
1993-12-29,8.457,6.269,9.039,14.789,7.83
1993-12-30,0.0,6.86,8.578,15.266,7.56
1993-12-31,0.613,8.42,8.25,17.219,7.29
1994-01-01,0.0,8.861,6.203,16.531,7.1
1994-01-02,0.0,8.999,7.008,17.219,7.0
1994-01-03,3.091,7.418,8.719,16.102,6.9
1994-01-04,0.484,5.895,10.07,15.039,7.4
1994-01-05,0.0,7.023,9.125,15.836,7.2
1994-01-06,0.0,6.274,9.633,15.195,7.2
1994-01-07,0.568,6.614,9.227,15.336,7.0
1994-01-08,6.143,6.436,10.047,15.703,7.7
1994-01-09,0.0,7.723,9.508,17.031,8.4
1994-01-10,0.0,6.967,10.023,16.375,8.0
1994-01-11,30.705,6.204,9.555,15.0,14.9
1994-01-12,1.708,6.968,10.062,16.383,8.5
1994-01-13,0.0,7.796,8.586,16.453,7.4
1994-01-14,0.651,7.084,8.867,15.648,8.5
1994-01-15,1.04,7.588,8.703,16.211,9.7
1994-01-16,3.419,7.423,8.734,16.0,15.7
1994-01-17,3.199,6.75,9.609,15.711,21.5
1994-01-18,12.818,6.964,9.547,15.93,18.4
1994-01-19,0.0,7.243,9.805,16.484,9.4
1994-01-20,0.0,7.666,8.648,16.227,7.8
1994-01-21,0.0,9.918,5.969,17.625,7.1
1994-01-22,0.0,9.498,6.344,17.234,6.8
1994-01-23,0.0,9.077,7.391,17.289,6.6
1994-01-24,0.0,6.772,7.375,14.039,6.4
1994-01-25,0.0,8.674,7.398,16.688,6.4
1994-01-26,0.0,9.28,7.438,17.547,6.2
1994-01-27,0.0,7.876,8.219,16.102,6.1
1994-01-28,1.163,6.581,9.531,15.289,6.1
1994-01-29,25.612,7.214,10.102,16.516,10.5
1994-01-30,47.987,4.673,9.781,13.102,44.5
1994-01-31,0.595,6.439,9.195,14.844,58.4
1994-02-01,0.0,7.1,9.727,16.078,41.6
1994-02-02,0.701,7.129,9.18,15.688,23.6
1994-02-03,16.628,7.051,8.992,15.438,18.3
1994-02-04,6.359,6.687,9.047,14.984,14.1
1994-02-05,0.0,9.49,9.016,18.664,19.1
1994-02-06,2.414,7.091,9.406,15.742,17.1
1994-02-07,0.0,8.098,8.93,16.719,11.1
1994-02-08,3.344,8.066,7.516,15.703,9.0
1994-02-09,0.0,7.937,9.461,16.844,8.3
1994-02-10,1.709,8.172,8.906,16.75,7.7
1994-02-11,0.0,8.099,8.742,16.539,7.3
1994-02-12,1.554,7.34,8.609,15.422,7.0
1994-02-13,1.594,7.767,8.398,15.828,6.8
1994-02-14,0.273,6.898,8.43,14.68,6.6
1994-02-15,0.3,6.363,9.352,14.656,6.6
1994-02-16,1.337,7.773,9.023,16.227,6.4
1994-02-17,0.0,7.69,9.453,16.414,6.2
1994-02-18,0.0,7.388,9.109,15.781,6.2
1994-02-19,5.029,7.695,9.023,16.094,6.2
1994-02-20,1.617,6.547,9.227,14.766,6.8
1994-02-21,3.266,7.888,8.594,16.016,6.9
1994-02-22,1.108,8.811,9.742,18.0,7.6
1994-02-23,20.969,8.228,8.914,16.664,7.3
1994-02-24,3.973,7.564,10.227,16.734,8.6
1994-02-25,6.471,7.457,9.711,16.219,12.9
1994-02-26,10.002,6.887,10.234,15.891,12.7
1994-02-27,3.473,7.577,9.641,16.297,11.8
1994-02-28,0.566,8.019,9.812,16.961,9.7
1994-03-01,5.766,7.592,10.109,16.641,13.5
1994-03-02,10.516,7.115,10.258,16.141,9.4
1994-03-03,10.689,6.649,9.789,15.203,12.8
1994-03-04,19.99,7.564,9.75,16.312,58.2
1994-03-05,9.138,7.043,8.461,14.711,26.3
1994-03-06,0.179,8.37,9.031,16.828,13.6
1994-03-07,11.315,6.275,9.992,14.898,13.0
1994-03-08,0.554,7.862,8.359,15.688,12.6
1994-03-09,0.0,8.541,8.281,16.516,9.8
1994-03-10,0.0,9.329,7.68,17.148,9.2
1994-03-11,1.808,8.134,8.422,16.07,9.2
1994-03-12,0.0,7.356,9.164,15.594,9.1
1994-03-13,0.0,7.415,9.648,16.008,10.4
1994-03-14,0.0,7.135,10.195,16.07,34.7
1994-03-15,15.586,7.998,9.219,16.43,18.7
1994-03-16,0.0,8.264,9.398,16.898,12.2
1994-03-17,18.016,6.037,9.734,14.391,9.4
1994-03-18,0.0,7.046,9.156,15.195,8.9
1994-03-19,0.0,7.569,8.898,15.672,8.6
1994-03-20,3.876,7.986,8.758,16.102,8.4
1994-03-21,0.0,8.327,8.961,16.703,9.7
1994-03-22,9.349,8.026,9.609,16.758,10.1
1994-03-23,1.733,8.966,9.031,17.547,10.9
1994-03-24,8.625,6.361,10.711,15.555,11.0
1994-03-25,1.445,7.91,8.984,16.18,9.3
1994-03-26,1.19,7.805,9.305,16.273,8.5
1994-03-27,0.424,6.145,9.578,14.414,9.8
1994-03-28,3.153,6.064,9.797,14.484,10.1
1994-03-29,0.0,5.583,9.648,13.797,9.8
1994-03-30,10.619,8.157,9.344,16.766,13.5
1994-03-31,23.627,5.464,10.062,13.992,16.2
1994-04-01,4.812,7.057,10.484,16.227,21.6
1994-04-02,42.137,4.704,9.531,12.727,44.1
1994-04-03,0.904,6.609,9.172,14.695,17.5
1994-04-04,2.11,9.218,8.539,17.617,14.1
1994-04-05,8.528,9.181,9.75,18.391,13.2
1994-04-06,5.617,7.379,9.484,15.914,14.6
1994-04-07,17.276,8.285,9.992,17.438,16.2
1994-04-08,31.175,5.852,10.711,15.008,19.8
1994-04-09,0.14,8.559,9.094,17.203,14.4
1994-04-10,1.371,6.548,10.312,15.555,12.3
1994-04-11,2.848,7.258,9.5,15.852,13.6
1994-04-12,13.453,5.348,9.508,13.484,15.2
1994-04-13,0.0,7.736,8.984,16.102,19.3
1994-04-14,0.363,6.87,9.727,15.547,16.5
1994-04-15,0.0,7.613,8.336,15.508,13.4
1994-04-16,0.0,8.375,8.906,16.93,13.7
1994-04-17,0.213,8.204,9.406,17.047,15.0
1994-04-18,5.12,6.632,9.758,15.32,14.5
1994-04-19,14.726,6.252,10.305,15.258,11.9
1994-04-20,22.485,5.679,10.484,14.727,94.9
1994-04-21,0.0,8.181,8.133,16.211,16.5
1994-04-22,0.0,7.083,9.023,15.398,13.9
1994-04-23,0.0,7.612,9.516,16.469,13.7
1994-04-24,0.0,7.96,8.664,16.328,18.8
1994-04-25,0.0,8.649,8.734,17.312,14.3
1994-04-26,14.147,6.05,9.43,14.43,11.9
1994-04-27,0.0,7.475,9.117,16.047,11.6
1994-04-28,1.378,6.749,9.695,15.539,14.1
1994-04-29,12.579,5.339,9.781,13.844,16.2
1994-04-30,8.748,8.393,9.211,17.391,24.2
1994-05-01,8.749,7.262,10.359,16.742,19.6
1994-05-02,0.0,8.426,9.695,17.805,17.8
1994-05-03,0.0,7.564,10.0,16.898,19.2
1994-05-04,0.0,7.769,9.727,16.992,14.6
1994-05-05,51.195,7.708,10.359,17.367,38.9
1994-05-06,0.0,6.166,9.617,14.852,49.2
1994-05-07,0.0,8.018,8.883,16.781,44.3
1994-05-08,16.234,6.135,9.039,14.406,22.4
1994-05-09,0.392,7.346,8.852,15.898,20.9
1994-05-10,15.093,7.14,9.078,15.812,17.3
1994-05-11,19.142,5.916,9.5,14.516,28.4
1994-05-12,0.52,7.865,9.125,16.828,58.4
1994-05-13,3.948,6.858,10.016,16.148,23.1
1994-05-14,13.31,6.572,9.281,15.242,89.5
1994-05-15,0.0,8.037,9.477,17.359,21.3
1994-05-16,0.0,7.041,10.102,16.492,23.8
1994-05-17,0.0,7.008,9.625,16.109,21.3
1994-05-18,6.026,7.316,9.734,16.609,20.9
1994-05-19,11.442,7.542,9.898,17.047,24.0
1994-05-20,10.972,7.194,10.352,16.93,21.8
1994-05-21,0.0,6.878,10.117,16.359,16.3
1994-05-22,0.0,6.287,9.719,15.297,15.2
1994-05-23,0.0,6.245,9.656,15.195,15.7
1994-05-24,0.654,6.977,9.188,15.852,14.1
1994-05-25,0.0,6.86,10.945,16.984,14.9
1994-05-26,24.226,6.514,10.266,16.039,33.9
1994-05-27,6.789,7.686,9.828,17.32,18.0
1994-05-28,0.0,7.042,9.68,16.352,23.9
1994-05-29,27.88,8.366,9.734,18.211,19.2
1994-05-30,1.742,6.985,9.953,16.5,16.7
1994-05-31,1.718,4.982,9.938,13.844,19.3
1994-06-01,0.0,5.917,9.109,14.43,20.2
1994-06-02,3.038,6.19,9.953,15.461,21.6
1994-06-03,15.492,5.081,9.711,13.836,111.2
1994-06-04,0.0,6.407,9.664,15.547,28.4
1994-06-05,0.0,6.713,9.492,15.844,33.3
1994-06-06,0.36,7.426,9.133,16.578,21.2
1994-06-07,1.426,7.734,9.492,17.289,18.0
1994-06-08,2.996,6.621,9.492,15.742,48.8
1994-06-09,0.0,6.265,9.172,15.016,32.2
1994-06-10,1.21,6.061,9.602,15.078,38.5
1994-06-11,4.203,6.714,8.273,15.016,28.4
1994-06-12,0.646,7.975,8.508,16.992,21.6
1994-06-13,0.0,7.569,9.0,16.758,18.6
1994-06-14,19.421,7.826,8.906,17.062,24.7
1994-06-15,0.0,5.647,9.188,14.227,22.6
1994-06-16,0.0,7.148,9.438,16.477,26.7
1994-06-17,0.0,7.189,9.5,16.586,20.0
1994-06-18,0.0,6.113,9.188,14.859,18.2
1994-06-19,24.445,7.505,9.141,16.789,20.1
1994-06-20,0.0,7.881,7.82,16.43,18.6
1994-06-21,2.494,6.86,8.672,15.547,16.3
1994-06-22,16.688,7.697,9.312,17.164,14.9
1994-06-23,2.672,5.678,10.125,14.992,14.6
1994-06-24,6.178,8.907,8.164,18.133,13.6
1994-06-25,3.308,7.706,9.688,17.445,13.0
1994-06-26,16.386,6.134,9.125,14.844,19.8
1994-06-27,0.0,4.9,8.148,12.422,55.0
1994-06-28,0.0,6.759,8.203,15.062,21.0
1994-06-29,0.0,6.256,8.414,14.5,23.7
1994-06-30,0.0,6.987,6.742,14.391,18.0
1994-07-01,0.0,6.672,6.891,14.016,15.0
1994-07-02,0.0,6.474,7.727,14.305,16.4
1994-07-03,12.704,5.617,8.18,13.398,22.6
1994-07-04,7.964,7.494,7.539,15.641,22.6
1994-07-05,0.0,6.264,8.109,14.273,29.6
1994-07-06,0.0,7.6,7.156,15.531,37.5
1994-07-07,0.0,8.397,9.141,18.0,20.0
1994-07-08,25.246,6.026,9.992,15.312,20.1
1994-07-09,0.0,3.905,9.648,12.344,70.9
1994-07-10,0.0,5.668,9.742,14.633,31.6
1994-07-11,0.0,3.79,8.586,11.312,23.1
1994-07-12,0.0,4.357,7.734,11.336,18.6
1994-07-13,0.0,5.155,7.844,12.453,16.5
1994-07-14,0.0,6.129,8.078,13.969,14.9
1994-07-15,0.0,5.275,8.727,13.297,13.9
1994-07-16,0.0,5.888,9.047,14.352,15.4
1994-07-17,0.0,5.586,8.93,13.844,18.4
1994-07-18,0.0,6.316,8.117,14.227,18.4
1994-07-19,0.0,6.865,7.344,14.453,16.2
1994-07-20,2.551,6.806,8.062,14.859,16.6
1994-07-21,0.262,7.96,7.469,16.078,16.5
1994-07-22,25.542,8.94,8.398,18.07,13.9
1994-07-23,0.0,5.783,9.844,14.758,18.6
1994-07-24,0.0,4.562,9.148,12.625,18.3
1994-07-25,0.0,6.892,8.547,15.258,16.1
1994-07-26,35.428,7.504,8.703,16.203,20.5
1994-07-27,1.212,7.211,9.18,16.125,17.1
1994-07-28,0.0,6.83,8.289,14.945,14.7
1994-07-29,0.0,6.25,8.773,14.484,17.4
1994-07-30,0.0,6.862,9.133,15.57,59.7
1994-07-31,0.0,7.119,8.742,15.617,24.4
1994-08-01,0.0,8.234,6.953,15.961,19.8
1994-08-02,0.0,8.322,7.453,16.398,18.8
1994-08-03,6.884,6.055,8.773,14.172,20.8
1994-08-04,0.0,7.524,8.672,16.07,18.6
1994-08-05,0.0,5.304,8.812,13.188,16.2
1994-08-06,0.0,6.14,8.375,13.953,33.5
1994-08-07,0.0,6.07,8.453,13.914,35.5
1994-08-08,0.296,9.216,8.258,18.047,19.5
1994-08-09,0.0,9.652,8.344,18.688,16.5
1994-08-10,78.247,6.358,10.086,15.484,17.5
1994-08-11,0.898,6.458,9.367,15.047,17.8
1994-08-12,0.782,5.146,8.875,12.969,47.6
1994-08-13,0.0,9.287,7.375,17.484,20.8
1994-08-14,0.0,7.651,8.203,15.766,17.0
1994-08-15,0.0,7.02,8.281,14.938,16.9
1994-08-16,0.0,7.355,7.828,15.07,21.8
1994-08-17,0.0,8.033,7.867,16.023,19.4
1994-08-18,0.0,8.515,7.094,16.133,16.0
1994-08-19,0.262,7.613,7.734,15.312,14.7
1994-08-20,7.667,6.795,8.125,14.477,26.2
1994-08-21,0.353,7.684,7.75,15.391,36.6
1994-08-22,0.0,6.336,8.078,13.805,22.9
1994-08-23,0.0,7.832,7.438,15.359,24.9
1994-08-24,0.0,7.458,6.648,14.297,22.4
1994-08-25,0.0,7.217,7.0,14.203,18.2
1994-08-26,0.0,6.907,7.305,13.961,15.7
1994-08-27,0.0,7.304,8.281,15.18,14.2
1994-08-28,0.0,7.41,8.094,15.172,16.4
1994-08-29,0.0,7.129,7.602,14.438,14.9
1994-08-30,4.452,7.558,7.992,15.289,13.6
1994-08-31,0.0,6.91,8.328,14.648,15.5
1994-09-01,0.0,7.701,8.914,16.078,12.6
1994-09-02,0.0,7.632,7.375,14.914,11.5
1994-09-03,6.661,7.639,8.164,15.477,12.6
1994-09-04,0.0,7.799,8.266,15.734,14.2
1994-09-05,0.0,7.248,8.492,15.18,15.7
1994-09-06,0.0,7.258,7.555,14.508,14.4
1994-09-07,0.0,7.663,7.648,15.094,12.2
1994-09-08,0.0,8.097,7.938,15.875,14.1
1994-09-09,0.0,7.903,7.062,15.023,14.9
1994-09-10,0.0,7.29,7.492,14.477,13.2
1994-09-11,0.0,8.169,7.695,15.789,11.4
1994-09-12,0.0,7.867,7.633,15.32,13.8
1994-09-13,0.0,8.235,7.602,15.789,13.3
1994-09-14,0.0,10.024,7.703,18.242,11.1
1994-09-15,3.404,8.671,7.969,16.602,10.6
1994-09-16,21.526,7.96,8.516,16.055,13.4
1994-09-17,0.0,6.985,8.547,14.797,11.8
1994-09-18,0.0,7.875,9.125,16.344,14.7
1994-09-19,0.0,7.708,9.023,16.047,53.2
1994-09-20,0.0,8.53,8.07,16.477,18.4
1994-09-21,7.57,10.895,6.93,18.883,12.3
1994-09-22,1.188,8.751,8.945,17.336,10.8
1994-09-23,34.269,8.444,10.305,17.875,10.3
1994-09-24,24.008,7.71,10.516,17.102,12.6
1994-09-25,0.0,8.429,9.703,17.445,12.2
1994-09-26,0.0,6.109,10.133,14.891,44.0
1994-09-27,0.309,7.533,8.688,15.594,39.4
1994-09-28,14.681,7.802,8.188,15.586,40.7
1994-09-29,0.0,9.249,8.375,17.609,20.5
1994-09-30,25.163,8.746,9.312,17.586,13.9
1994-10-01,6.805,7.674,8.164,15.414,12.4
1994-10-02,9.252,6.571,8.398,14.156,11.5
1994-10-03,0.657,7.102,7.859,14.461,10.8
1994-10-04,1.097,8.892,7.547,16.641,10.2
1994-10-05,0.0,9.106,7.273,16.75,11.3
1994-10-06,0.0,7.351,7.992,14.875,10.4
1994-10-07,0.0,7.981,8.141,15.828,10.2
1994-10-08,25.534,8.686,8.398,16.938,19.1
1994-10-09,1.221,7.833,10.227,17.109,11.2
1994-10-10,17.834,8.735,8.445,17.055,10.2
1994-10-11,0.0,8.707,9.234,17.547,10.1
1994-10-12,8.955,8.157,9.039,16.719,9.6
1994-10-13,9.23,7.379,9.5,16.039,15.3
1994-10-14,0.0,6.487,9.0,14.547,10.7
1994-10-15,15.849,7.522,7.727,15.0,12.3
1994-10-16,1.717,10.648,7.008,18.758,11.3
1994-10-17,7.048,8.792,8.32,17.109,10.2
1994-10-18,12.224,5.718,9.773,14.219,15.1
1994-10-19,10.309,7.422,9.352,16.055,19.2
1994-10-20,13.353,8.866,9.406,17.969,13.2
1994-10-21,4.24,10.338,8.141,19.117,15.8
1994-10-22,0.418,8.377,10.688,18.258,13.7
1994-10-23,0.545,7.958,10.078,17.305,13.3
1994-10-24,32.171,8.335,8.805,16.914,41.1
1994-10-25,7.361,6.783,10.641,16.234,18.2
1994-10-26,0.0,10.348,8.414,19.391,16.1
1994-10-27,0.71,9.597,9.07,18.82,12.7
1994-10-28,0.269,9.39,9.133,18.594,11.3
1994-10-29,6.832,8.595,9.719,17.969,10.6
1994-10-30,9.904,8.48,8.898,17.258,10.1
1994-10-31,6.036,8.295,7.992,16.422,9.7
1994-11-01,23.364,6.49,8.25,14.172,14.0
1994-11-02,0.0,6.466,8.062,14.016,13.0
1994-11-03,0.0,8.044,7.398,15.711,11.2
1994-11-04,17.072,7.568,9.008,16.18,17.6
1994-11-05,7.24,6.209,9.016,14.406,24.2
1994-11-06,16.209,6.631,8.773,14.789,18.0
1994-11-07,0.121,7.612,9.484,16.617,14.5
1994-11-08,4.219,7.831,8.219,16.039,14.8
1994-11-09,4.312,8.494,7.75,16.664,18.9
1994-11-10,4.598,9.577,7.508,18.016,18.2
1994-11-11,4.281,7.103,7.75,14.766,122.8
1994-11-12,0.0,8.132,7.078,15.758,20.3
1994-11-13,4.306,8.431,7.883,16.727,13.2
1994-11-14,9.282,8.019,8.359,16.484,11.8
1994-11-15,0.766,8.282,8.328,16.836,10.7
1994-11-16,0.416,9.55,8.469,18.695,10.1
1994-11-17,2.7,8.53,9.406,17.93,9.6
1994-11-18,0.416,9.666,9.812,19.75,9.8
1994-11-19,0.832,7.926,10.016,17.562,10.4
1994-11-20,0.0,7.475,9.844,16.844,12.4
1994-11-21,9.815,7.254,9.633,16.422,29.1
1994-11-22,10.744,5.866,9.914,14.812,13.9
1994-11-23,12.842,5.055,9.258,13.281,31.1
1994-11-24,7.508,7.388,8.734,16.008,17.1
1994-11-25,0.0,6.699,10.086,16.062,14.6
1994-11-26,11.064,7.262,9.5,16.398,12.8
1994-11-27,0.0,6.104,9.812,15.078,12.2
1994-11-28,14.583,6.38,9.883,15.5,25.0
1994-11-29,0.0,7.433,8.586,16.008,20.4
1994-11-30,0.785,7.69,7.648,15.742,12.4
1994-12-01,5.734,6.448,9.273,15.164,10.9
1994-12-02,4.418,7.733,9.492,17.07,10.2
1994-12-03,2.985,8.185,9.375,17.625,9.9
1994-12-04,2.022,7.933,8.875,16.945,9.7
1994-12-05,0.0,8.401,9.094,17.75,9.1
1994-12-06,0.0,8.225,8.953,17.422,9.1
1994-12-07,0.0,5.845,9.719,14.742,8.8
1994-12-08,16.173,7.912,8.555,16.742,14.9
1994-12-09,0.0,7.043,8.305,15.344,13.8
1994-12-10,0.0,7.868,8.023,16.32,12.2
1994-12-11,1.362,7.661,8.656,16.477,28.9
1994-12-12,0.0,7.91,7.812,16.258,11.3
1994-12-13,0.0,8.924,9.414,18.734,9.5
1994-12-14,25.513,7.594,10.141,17.414,9.3
1994-12-15,11.014,7.111,10.125,16.75,9.1
1994-12-16,0.0,7.902,8.812,16.93,8.8
1994-12-17,0.0,7.816,9.672,17.398,8.3
1994-12-18,0.0,7.059,9.344,16.117,8.5
1994-12-19,0.0,6.652,9.031,15.336,8.0
1994-12-20,0.0,6.223,9.336,14.977,8.2
1994-12-21,15.103,7.557,8.766,16.406,8.3
1994-12-22,26.951,7.513,9.75,17.023,19.0
1994-12-23,33.184,6.543,10.867,16.539,10.5
1994-12-24,0.0,8.379,9.781,18.227,17.5
1994-12-25,0.0,7.197,9.219,16.227,17.6
1994-12-26,0.0,7.389,9.062,16.367,17.8
1994-12-27,0.0,7.278,9.867,16.766,12.7
1994-12-28,0.0,9.011,10.383,19.477,9.7
1994-12-29,0.0,7.41,9.984,17.055,9.0
1994-12-30,0.0,7.989,10.367,18.078,8.3
1994-12-31,0.0,8.664,7.875,17.328,8.1
1995-01-01,0.0,7.343,9.141,16.328,7.6
1995-01-02,0.0,7.416,9.875,16.93,7.6
1995-01-03,0.0,7.602,9.273,16.75,7.2
1995-01-04,0.0,9.447,7.523,18.172,7.2
1995-01-05,0.186,9.612,8.414,18.945,7.2
1995-01-06,0.0,8.171,8.891,17.242,7.1
1995-01-07,0.0,10.309,5.938,18.406,7.0
1995-01-08,3.284,10.305,7.68,19.422,6.9
1995-01-09,8.331,8.417,10.344,18.539,6.9
1995-01-10,0.0,6.667,9.625,15.703,6.8
1995-01-11,0.0,8.501,9.086,17.781,6.8
1995-01-12,0.0,6.908,10.289,16.469,6.8
1995-01-13,9.366,6.936,8.812,15.43,8.6
1995-01-14,0.0,9.226,6.438,17.047,7.2
1995-01-15,0.0,9.157,6.406,16.906,6.8
1995-01-16,0.0,6.801,8.234,14.789,7.1
1995-01-17,0.0,6.921,7.711,14.57,6.6
1995-01-18,0.0,6.657,8.094,14.469,6.7
1995-01-19,5.751,7.898,7.555,15.812,7.1
1995-01-20,0.0,6.65,8.578,14.797,7.8
1995-01-21,0.0,6.721,7.562,14.164,12.6
1995-01-22,11.579,5.435,8.695,13.25,12.6
1995-01-23,1.865,7.537,7.727,15.367,9.4
1995-01-24,0.0,7.166,7.266,14.523,7.6
1995-01-25,0.0,8.178,7.445,16.031,6.9
1995-01-26,0.0,7.384,9.25,16.172,6.5
1995-01-27,0.0,6.605,10.156,15.805,6.6
1995-01-28,0.0,6.827,9.102,15.297,6.5
1995-01-29,1.151,8.174,7.859,16.234,6.3
1995-01-30,4.695,8.777,8.438,17.43,6.2
1995-01-31,6.654,8.456,9.289,17.555,6.3
1995-02-01,0.0,7.842,9.398,16.789,6.2
1995-02-02,0.0,10.322,8.664,19.594,6.0
1995-02-03,0.0,10.484,7.336,18.969,6.0
1995-02-04,19.863,9.279,8.023,17.742,6.1
1995-02-05,20.01,6.088,10.664,15.445,6.2
1995-02-06,26.952,7.184,10.336,16.562,10.1
1995-02-07,0.0,9.103,8.773,17.953,6.8
1995-02-08,0.0,10.782,8.086,19.727,6.4
1995-02-09,0.0,10.532,6.992,18.695,6.0
1995-02-10,0.0,8.928,8.211,17.281,5.9
1995-02-11,0.0,9.443,6.773,17.031,5.7
1995-02-12,0.0,9.1,7.938,17.297,5.9
1995-02-13,0.0,8.777,9.211,17.703,5.8
1995-02-14,0.0,9.863,7.953,18.297,5.4
1995-02-15,0.0,9.008,7.336,16.734,5.6
1995-02-16,0.0,10.115,6.055,17.422,5.7
1995-02-17,0.0,11.123,7.453,19.609,5.7
1995-02-18,0.0,9.652,8.172,18.094,5.6
1995-02-19,0.0,8.083,8.094,15.945,5.5
1995-02-20,15.089,10.443,7.914,18.938,5.5
1995-02-21,0.0,6.127,9.953,14.773,7.3
1995-02-22,0.0,8.503,9.5,17.414,8.4
1995-02-23,0.0,10.709,7.57,19.062,6.3
1995-02-24,0.0,9.048,8.836,17.664,6.2
1995-02-25,0.0,7.914,9.914,16.938,10.7
1995-02-26,3.578,7.797,9.703,16.625,17.9
1995-02-27,0.205,7.492,9.625,16.172,9.1
1995-02-28,6.527,6.374,9.727,14.852,7.7
1995-03-01,5.545,7.491,10.188,16.57,8.5
1995-03-02,5.142,6.539,9.727,15.039,7.6
1995-03-03,0.0,6.376,9.312,14.508,13.1
1995-03-04,4.102,6.711,9.648,15.188,11.7
1995-03-05,5.623,5.9,10.078,14.531,10.2
1995-03-06,3.257,7.651,9.359,16.133,8.3
1995-03-07,4.579,6.638,9.445,14.914,6.8
1995-03-08,6.243,8.056,9.562,16.781,7.8
1995-03-09,13.17,7.448,9.461,15.93,11.2
1995-03-10,4.318,8.056,10.117,17.164,10.9
1995-03-11,2.369,5.611,10.648,14.625,12.0
1995-03-12,3.565,7.482,10.547,16.75,11.6
1995-03-13,0.0,10.984,9.359,20.344,10.4
1995-03-14,0.0,10.732,8.688,19.578,8.2
1995-03-15,0.0,11.433,8.43,20.312,6.8
1995-03-16,0.376,9.765,8.719,18.375,6.4
1995-03-17,8.664,8.904,9.344,17.688,6.5
1995-03-18,3.104,7.213,9.109,15.367,6.2
1995-03-19,5.687,8.843,9.961,18.016,6.2
1995-03-20,2.251,9.928,9.531,19.109,6.0
1995-03-21,5.847,8.286,9.211,16.805,6.0
1995-03-22,5.61,8.78,9.117,17.367,6.0
1995-03-23,19.158,5.557,10.609,14.508,6.5
1995-03-24,10.541,9.34,10.344,18.953,7.2
1995-03-25,8.803,7.046,9.758,15.641,13.8
1995-03-26,8.295,8.044,9.758,16.898,8.2
1995-03-27,0.0,8.243,9.016,16.625,8.0
1995-03-28,0.224,8.144,8.805,16.359,6.6
1995-03-29,0.148,7.682,9.195,16.047,6.3
1995-03-30,3.543,7.525,9.523,16.086,6.0
1995-03-31,0.0,8.074,8.188,15.859,6.0
1995-04-01,0.372,7.879,9.672,16.641,6.0
1995-04-02,1.814,7.601,9.5,16.18,6.0
1995-04-03,8.369,7.818,9.453,16.445,6.2
1995-04-04,4.336,7.249,8.977,15.391,5.9
1995-04-05,0.0,7.345,9.164,15.648,6.0
1995-04-06,6.185,8.987,9.492,17.992,6.7
1995-04-07,0.0,9.554,9.422,18.68,7.1
1995-04-08,0.0,8.791,10.039,18.117,6.2
1995-04-09,0.0,8.939,10.305,18.516,12.6
1995-04-10,24.657,8.025,10.461,17.492,9.1
1995-04-11,10.935,8.048,9.047,16.531,7.5
1995-04-12,11.773,7.94,10.234,17.234,6.5
1995-04-13,7.853,7.449,9.977,16.438,12.0
1995-04-14,15.357,5.382,11.281,14.977,15.3
1995-04-15,8.566,6.914,9.773,15.672,11.8
1995-04-16,11.331,7.487,10.25,16.734,35.8
1995-04-17,12.759,6.516,9.094,14.664,16.6
1995-04-18,21.428,7.141,9.859,16.039,13.5
1995-04-19,7.681,8.172,10.031,17.492,10.9
1995-04-20,0.0,7.238,9.398,15.836,10.7
1995-04-21,16.209,5.969,9.992,14.695,30.3
1995-04-22,16.169,3.872,10.383,12.641,49.7
1995-04-23,0.211,8.074,8.664,16.461,13.9
1995-04-24,0.0,6.512,9.336,14.93,15.3
1995-04-25,0.0,7.037,8.336,14.891,11.7
1995-04-26,0.0,7.997,8.648,16.406,13.4
1995-04-27,0.0,8.327,9.281,17.297,113.8
1995-04-28,3.326,8.381,9.062,17.227,16.0
1995-04-29,2.649,8.125,9.25,17.031,12.8
1995-04-30,14.554,6.681,9.938,15.664,11.8
1995-05-01,24.335,7.048,10.367,16.469,11.4
1995-05-02,6.605,7.367,9.852,16.523,10.5
1995-05-03,0.118,8.541,8.445,17.125,10.0
1995-05-04,2.96,6.228,10.023,15.203,9.1
1995-05-05,15.52,10.162,8.648,19.484,7.9
1995-05-06,3.591,7.211,10.891,17.133,9.1
1995-05-07,3.252,8.314,10.992,18.625,11.1
1995-05-08,0.0,8.335,9.391,17.594,15.5
1995-05-09,4.903,6.614,9.922,15.703,14.4
1995-05-10,0.0,6.533,10.492,16.023,15.8
1995-05-11,0.0,7.621,9.227,16.57,11.5
1995-05-12,0.0,6.886,10.742,16.711,9.5
1995-05-13,1.992,5.437,9.906,14.219,14.7
1995-05-14,0.0,6.776,9.727,15.844,25.5
1995-05-15,0.0,8.149,9.328,17.414,36.1
1995-05-16,0.0,7.32,8.664,15.836,16.7
1995-05-17,0.0,7.123,9.008,15.82,13.9
1995-05-18,0.516,4.653,9.688,13.133,13.1
1995-05-19,0.357,7.744,8.758,16.539,15.0
1995-05-20,0.0,9.3,8.086,18.281,13.3
1995-05-21,6.724,6.86,9.492,15.875,10.5
1995-05-22,33.604,5.338,9.211,13.648,52.1
1995-05-23,5.877,7.933,8.477,16.672,16.2
1995-05-24,10.8,6.276,8.883,14.688,14.7
1995-05-25,0.309,6.528,8.648,14.859,13.9
1995-05-26,0.539,6.276,8.82,14.664,19.0
1995-05-27,2.48,6.305,9.141,14.938,20.1
1995-05-28,0.0,7.899,8.875,16.969,15.1
1995-05-29,0.0,7.545,9.422,16.875,13.3
1995-05-30,0.0,5.947,9.422,14.703,11.5
1995-05-31,0.0,8.07,8.531,17.023,12.9
1995-06-01,13.011,7.877,9.359,17.32,11.2
1995-06-02,0.0,6.145,9.711,15.211,10.8
1995-06-03,0.739,6.74,9.703,16.016,18.4
1995-06-04,0.0,7.914,9.727,17.664,13.7
1995-06-05,18.73,5.199,9.977,14.188,14.0
1995-06-06,5.178,7.689,9.203,17.016,12.5
1995-06-07,3.381,7.679,10.414,17.836,10.9
1995-06-08,25.816,5.37,11.078,15.305,25.6
1995-06-09,1.016,6.797,9.992,16.367,15.3
1995-06-10,0.0,7.879,9.281,17.352,11.7
1995-06-11,0.0,7.916,9.391,17.492,10.5
1995-06-12,0.0,7.446,9.25,16.758,10.0
1995-06-13,0.0,6.811,9.086,15.742,11.5
1995-06-14,0.0,6.605,8.734,15.211,10.9
1995-06-15,4.325,8.77,9.172,18.578,10.9
1995-06-16,0.0,7.753,9.656,17.484,9.1
1995-06-17,11.518,7.503,10.688,17.867,8.7
1995-06-18,2.176,6.39,10.602,16.297,10.2
1995-06-19,0.0,5.008,9.977,13.992,25.8
1995-06-20,0.0,5.54,9.625,14.422,17.0
1995-06-21,0.0,7.164,9.844,16.805,13.1
1995-06-22,0.226,5.931,9.898,15.156,19.2
1995-06-23,9.128,7.553,8.734,16.562,15.8
1995-06-24,25.326,6.187,9.062,14.891,15.5
1995-06-25,0.465,6.266,8.805,14.789,14.5
1995-06-26,0.0,6.282,9.578,15.391,12.6
1995-06-27,0.0,6.829,8.375,15.289,10.8
1995-06-28,0.0,7.388,8.75,16.359,9.9
1995-06-29,0.0,6.362,9.656,15.555,12.2
1995-06-30,17.868,6.227,9.156,15.008,24.6
1995-07-01,0.0,7.003,8.172,15.383,17.0
1995-07-02,0.0,7.637,8.422,16.461,18.0
1995-07-03,0.0,5.743,8.297,13.672,13.0
1995-07-04,0.0,5.347,8.812,13.523,14.4
1995-07-05,0.0,5.96,8.719,14.281,17.6
1995-07-06,0.0,6.368,9.07,15.102,15.7
1995-07-07,0.0,7.41,7.203,15.266,12.6
1995-07-08,15.167,6.951,7.914,15.078,11.4
1995-07-09,0.0,6.275,7.734,13.984,11.9
1995-07-10,0.0,6.965,7.188,14.578,12.0
1995-07-11,0.0,5.874,8.367,13.859,13.2
1995-07-12,0.0,7.215,8.133,15.586,11.4
1995-07-13,0.0,8.467,7.836,17.164,14.2
1995-07-14,0.0,6.649,8.547,15.039,12.4
1995-07-15,0.0,7.744,8.008,16.219,10.9
1995-07-16,0.0,6.375,9.703,15.508,15.9
1995-07-17,34.921,7.087,8.656,15.711,28.9
1995-07-18,0.0,6.762,8.289,14.992,12.5
1995-07-19,0.0,7.69,8.539,16.445,11.2
1995-07-20,4.746,5.086,9.289,13.438,12.7
1995-07-21,13.236,6.249,9.367,15.016,12.6
1995-07-22,0.0,6.811,9.281,15.727,22.7
1995-07-23,0.0,8.101,7.883,16.531,17.2
1995-07-24,0.0,8.265,9.18,17.602,14.7
1995-07-25,5.555,8.381,9.766,18.164,14.1
1995-07-26,14.29,8.174,8.469,16.984,12.1
1995-07-27,0.0,6.442,9.82,15.555,15.5
1995-07-28,0.531,8.343,7.805,16.734,15.5
1995-07-29,0.87,7.099,9.883,16.438,11.6
1995-07-30,4.168,9.225,8.016,18.094,15.7
1995-07-31,13.759,8.1,8.914,17.094,11.5
1995-08-01,0.0,6.755,8.891,15.227,9.8
1995-08-02,0.0,6.665,8.633,14.898,9.8
1995-08-03,3.386,8.169,8.93,17.141,9.2
1995-08-04,0.0,8.606,8.672,17.562,9.1
1995-08-05,0.0,7.805,8.992,16.656,10.3
1995-08-06,0.0,7.086,8.344,15.219,9.4
1995-08-07,0.0,7.459,8.234,15.633,9.9
1995-08-08,0.0,7.277,8.367,15.469,13.0
1995-08-09,0.0,9.008,7.773,17.43,10.8
1995-08-10,2.576,8.836,7.773,17.172,9.1
1995-08-11,0.0,7.469,9.047,16.141,10.9
1995-08-12,1.275,7.994,9.219,16.953,13.0
1995-08-13,22.197,7.733,8.805,16.312,11.5
1995-08-14,0.0,8.192,8.352,16.602,11.7
1995-08-15,1.413,10.48,7.758,19.312,9.7
1995-08-16,18.143,7.3,8.875,15.727,9.2
1995-08-17,5.923,7.246,8.891,15.656,9.2
1995-08-18,0.0,7.475,9.469,16.375,10.1
1995-08-19,0.0,8.079,8.656,16.578,10.0
1995-08-20,6.66,6.057,8.914,14.086,13.2
1995-08-21,0.0,8.167,7.625,15.961,11.4
1995-08-22,0.0,9.208,8.188,17.727,8.7
1995-08-23,0.0,9.354,7.789,17.664,8.2
1995-08-24,0.0,8.114,7.562,15.805,9.6
1995-08-25,0.0,8.787,8.008,16.992,8.7
1995-08-26,1.788,6.815,8.641,14.805,8.0
1995-08-27,0.0,8.613,8.578,17.117,7.7
1995-08-28,0.0,8.097,8.266,16.219,7.6
1995-08-29,2.333,7.12,7.961,14.672,7.9
1995-08-30,0.0,8.347,8.633,16.758,7.9
1995-08-31,0.0,7.156,9.844,16.055,7.6
1995-09-01,0.0,7.806,7.688,15.391,8.0
1995-09-02,0.0,7.237,8.0,14.82,8.4
1995-09-03,0.0,6.841,8.016,14.297,9.1
1995-09-04,0.0,7.584,6.742,14.406,8.8
1995-09-05,0.0,7.046,7.484,14.172,8.1
1995-09-06,0.0,7.066,7.102,13.922,7.7
1995-09-07,0.0,8.378,7.562,15.992,7.5
1995-09-08,0.0,8.25,8.742,16.625,7.3
1995-09-09,0.0,6.956,8.648,14.859,7.2
1995-09-10,1.795,8.212,8.711,16.531,8.4
1995-09-11,2.01,8.505,8.594,16.836,7.8
1995-09-12,12.539,8.51,9.727,17.609,8.5
1995-09-13,0.0,8.05,9.5,16.844,7.5
1995-09-14,12.155,7.104,9.18,15.406,8.0
1995-09-15,0.365,7.169,9.648,15.828,9.3
1995-09-16,0.0,7.351,8.43,15.18,10.7
1995-09-17,0.0,8.166,8.578,16.359,7.8
1995-09-18,0.0,8.194,7.219,15.461,7.5
1995-09-19,0.0,8.468,8.094,16.406,7.3
1995-09-20,0.0,8.015,8.992,16.438,7.3
1995-09-21,0.0,8.366,8.922,16.844,8.1
1995-09-22,1.21,8.6,9.438,17.484,10.2
1995-09-23,0.962,8.371,8.953,16.852,15.3
1995-09-24,8.234,8.599,7.391,16.102,10.1
1995-09-25,0.0,7.849,8.0,15.523,8.3
1995-09-26,1.546,9.356,9.133,18.258,7.9
1995-09-27,0.0,10.526,7.805,18.938,7.5
1995-09-28,25.905,9.629,8.781,18.383,7.2
1995-09-29,0.269,8.482,9.867,17.625,6.9
1995-09-30,12.49,6.29,10.414,15.305,6.7
1995-10-01,3.801,5.109,8.82,12.648,27.4
1995-10-02,0.0,7.213,8.156,14.805,10.7
1995-10-03,0.0,8.185,7.578,15.703,8.5
1995-10-04,0.0,10.293,6.602,17.914,7.7
1995-10-05,0.337,7.852,8.555,15.938,7.3
1995-10-06,0.372,8.855,8.938,17.516,7.1
1995-10-07,3.954,8.464,8.719,16.859,6.9
1995-10-08,6.826,6.652,10.531,15.867,6.8
1995-10-09,18.833,5.775,10.875,15.094,6.9
1995-10-10,0.727,6.005,10.344,14.992,6.9
1995-10-11,5.499,8.328,9.18,17.055,6.7
1995-10-12,2.741,9.646,8.719,18.469,6.7
1995-10-13,10.087,10.49,9.734,20.227,7.6
1995-10-14,1.543,7.267,9.914,16.203,6.9
1995-10-15,9.964,7.359,9.859,16.289,6.6
1995-10-16,12.382,8.405,8.695,16.844,8.6
1995-10-17,1.816,6.501,8.43,14.172,8.8
1995-10-18,0.0,7.369,7.93,14.961,11.4
1995-10-19,0.205,7.717,8.352,15.727,7.6
1995-10-20,0.6,8.26,9.562,17.289,8.5
1995-10-21,3.861,6.152,9.859,14.82,7.5
1995-10-22,7.395,6.396,8.352,14.016,6.9
1995-10-23,4.222,7.136,9.055,15.5,7.5
1995-10-24,0.0,8.987,9.633,18.336,8.6
1995-10-25,0.0,6.981,8.445,14.891,7.7
1995-10-26,0.0,6.217,8.586,13.992,8.2
1995-10-27,3.85,6.618,8.383,14.367,9.7
1995-10-28,0.0,6.986,8.008,14.617,9.1
1995-10-29,0.0,7.303,8.023,15.062,7.3
1995-10-30,0.0,7.105,9.047,15.531,6.7
1995-10-31,22.981,5.98,9.711,14.594,7.1
1995-11-01,0.0,6.383,9.008,14.578,10.1
1995-11-02,0.0,7.985,8.398,16.289,8.0
1995-11-03,0.268,6.535,9.5,15.172,8.6
1995-11-04,5.858,5.897,9.484,14.359,8.5
1995-11-05,17.721,5.765,9.102,13.914,8.5
1995-11-06,0.0,6.91,8.18,14.742,7.5
1995-11-07,0.0,6.651,8.109,14.352,7.1
1995-11-08,0.0,6.955,8.172,14.82,9.1
1995-11-09,11.553,7.083,9.688,16.086,14.4
1995-11-10,5.614,6.696,8.805,14.938,11.4
1995-11-11,0.0,6.565,8.641,14.656,8.3
1995-11-12,0.0,7.222,8.07,15.164,8.9
1995-11-13,0.0,6.016,9.75,14.797,9.8
1995-11-14,0.0,6.938,7.867,14.672,7.9
1995-11-15,5.494,7.642,9.336,16.664,8.1
1995-11-16,1.49,7.943,8.375,16.414,7.6
1995-11-17,16.521,7.858,8.383,16.312,7.6
1995-11-18,4.572,7.789,8.719,16.469,10.2
1995-11-19,23.722,8.329,9.227,17.562,8.5
1995-11-20,12.55,6.958,9.945,16.234,23.0
1995-11-21,17.756,7.238,9.875,16.57,10.4
1995-11-22,11.219,8.355,9.734,17.984,9.1
1995-11-23,0.0,9.26,7.984,18.094,11.0
1995-11-24,9.623,8.108,10.055,17.898,9.0
1995-11-25,0.0,7.93,10.234,17.789,7.9
1995-11-26,2.005,7.808,10.602,17.898,7.5
1995-11-27,1.542,9.334,10.008,19.57,7.6
1995-11-28,0.0,6.826,9.656,15.938,7.0
1995-11-29,17.643,6.286,9.586,15.172,6.6
1995-11-30,0.0,7.487,10.008,17.086,6.5
1995-12-01,1.38,6.729,10.281,16.289,6.5
1995-12-02,5.997,6.268,9.922,15.406,6.3
1995-12-03,0.0,8.12,9.672,17.734,6.6
1995-12-04,1.124,7.583,8.961,16.516,6.3
1995-12-05,7.06,8.603,9.328,18.203,6.3
1995-12-06,2.224,8.555,9.227,18.055,6.2
1995-12-07,16.527,6.874,9.953,16.273,6.2
1995-12-08,1.526,8.646,8.508,17.727,6.4
1995-12-09,4.045,7.667,9.336,16.93,8.0
1995-12-10,3.747,6.954,9.734,16.242,6.3
1995-12-11,5.542,8.817,9.539,18.672,6.4
1995-12-12,0.1,9.455,7.75,18.414,8.5
1995-12-13,7.542,8.037,9.32,17.461,7.6
1995-12-14,22.689,7.613,9.641,17.102,7.0
1995-12-15,14.383,7.084,9.188,16.039,8.8
1995-12-16,2.161,8.085,8.578,17.023,7.2
1995-12-17,0.0,6.312,9.469,15.188,6.5
1995-12-18,5.08,6.562,9.086,15.266,6.2
1995-12-19,8.695,6.812,8.883,15.453,6.5
1995-12-20,0.0,8.503,6.891,16.508,6.2
1995-12-21,0.0,7.009,7.953,15.07,6.0
1995-12-22,23.808,7.211,8.125,15.469,11.9
1995-12-23,0.0,7.006,8.516,15.453,9.2
1995-12-24,15.172,7.843,7.523,15.961,15.3
1995-12-25,0.0,6.022,8.148,13.828,8.9
1995-12-26,0.0,6.574,8.375,14.742,8.5
1995-12-27,0.0,6.141,8.828,14.477,7.2
1995-12-28,0.0,7.382,8.797,16.148,6.6
1995-12-29,2.682,8.103,7.742,16.445,6.4
1995-12-30,1.396,7.859,7.562,15.977,6.2
1995-12-31,0.0,8.513,8.938,17.82,6.0
1996-01-01,0.0,8.616,8.016,17.328,5.39
1996-01-02,0.0,7.884,8.961,16.93,5.32
1996-01-03,1.987,7.115,9.398,16.172,5.41
1996-01-04,1.156,6.948,9.031,15.68,5.79
1996-01-05,3.39,7.137,8.703,15.695,5.96
1996-01-06,0.0,6.546,8.422,14.68,5.92
1996-01-07,0.0,8.202,7.484,16.336,5.37
1996-01-08,0.0,8.728,7.117,16.836,5.2
1996-01-09,0.0,7.178,8.656,15.68,5.15
1996-01-10,5.014,8.073,7.734,16.289,5.03
1996-01-11,0.0,8.629,7.523,16.93,4.98
1996-01-12,0.193,7.592,7.906,15.703,4.95
1996-01-13,10.114,7.238,8.719,15.766,5.73
1996-01-14,12.105,7.526,8.406,15.93,9.56
1996-01-15,0.722,6.831,8.781,15.234,12.03
1996-01-16,2.679,7.465,9.094,16.305,7.91
1996-01-17,28.111,6.539,9.695,15.492,9.86
1996-01-18,9.734,7.206,9.398,16.141,8.51
1996-01-19,0.0,6.969,8.633,15.273,6.45
1996-01-20,8.21,7.153,7.398,14.633,7.44
1996-01-21,6.962,6.417,9.273,14.977,24.31
1996-01-22,18.04,5.473,9.922,14.266,15.29
1996-01-23,0.0,7.685,7.508,15.414,8.96
1996-01-24,0.0,7.521,8.188,15.656,7.17
1996-01-25,7.713,5.557,9.484,13.969,27.32
1996-01-26,0.0,6.868,9.234,15.477,12.98
1996-01-27,0.0,7.987,9.273,16.969,7.72
1996-01-28,8.195,6.764,9.867,15.773,9.7
1996-01-29,4.858,7.342,9.156,15.992,12.8
1996-01-30,19.9,7.738,8.133,15.812,14.97
1996-01-31,19.352,6.903,7.875,14.484,9.56
1996-02-01,0.0,6.001,8.227,13.523,12.1
1996-02-02,0.0,5.602,7.914,12.742,12.63
1996-02-03,0.748,7.321,7.047,14.43,8.65
1996-02-04,6.109,7.905,8.125,15.953,7.79
1996-02-05,14.578,6.64,8.992,14.875,8.48
1996-02-06,1.912,6.448,9.203,14.781,11.7
1996-02-07,2.888,8.504,6.781,15.844,17.0
1996-02-08,0.0,5.83,9.359,14.07,12.41
1996-02-09,16.455,7.546,8.5,15.648,10.61
1996-02-10,17.596,7.034,8.656,15.094,11.86
1996-02-11,3.523,5.511,9.773,13.977,19.71
1996-02-12,3.275,6.602,8.703,14.531,13.41
1996-02-13,10.241,6.731,7.406,13.75,14.76
1996-02-14,0.095,6.322,8.039,13.672,12.22
1996-02-15,10.566,6.831,7.422,13.859,9.98
1996-02-16,6.124,7.83,8.336,15.828,8.53
1996-02-17,0.327,7.227,7.594,14.484,10.22
1996-02-18,24.788,6.624,9.25,14.891,56.7
1996-02-19,0.0,8.046,8.805,16.391,12.73
1996-02-20,0.59,7.409,9.875,16.32,9.3
1996-02-21,3.994,7.493,9.312,16.0,8.42
1996-02-22,9.893,5.927,9.914,14.492,8.53
1996-02-23,0.0,8.296,9.703,17.297,8.04
1996-02-24,0.0,7.769,8.297,15.625,7.88
1996-02-25,6.902,5.847,7.688,12.664,7.24
1996-02-26,8.779,6.083,8.727,13.758,13.21
1996-02-27,4.142,6.808,8.008,14.148,11.22
1996-02-28,1.588,7.016,8.273,14.586,8.64
1996-02-29,3.2,8.092,8.328,16.016,7.64
1996-03-01,0.0,6.238,9.594,14.57,16.48
1996-03-02,0.0,6.862,9.164,15.016,11.83
1996-03-03,0.0,7.01,9.328,15.328,11.22
1996-03-04,28.297,7.068,9.781,15.711,9.96
1996-03-05,1.168,6.845,9.695,15.383,9.98
1996-03-06,3.275,7.478,10.016,16.391,15.04
1996-03-07,0.0,6.785,9.875,15.414,23.28
1996-03-08,0.0,7.498,10.0,16.391,15.11
1996-03-09,9.582,7.665,8.953,15.836,13.57
1996-03-10,0.0,5.331,10.148,13.891,10.07
1996-03-11,0.0,6.014,10.023,14.594,15.98
1996-03-12,0.438,10.2,9.008,19.141,17.16
1996-03-13,0.0,9.536,9.977,18.922,10.7
1996-03-14,8.048,7.826,9.078,16.125,8.97
1996-03-15,25.002,6.204,9.945,14.742,11.96
1996-03-16,10.753,7.653,9.43,16.164,16.88
1996-03-17,16.401,7.954,9.25,16.414,27.31
1996-03-18,8.06,10.253,8.422,18.805,8.97
1996-03-19,0.0,7.75,9.727,16.492,7.11
1996-03-20,5.899,9.488,7.852,17.445,6.46
1996-03-21,4.302,6.411,9.383,14.57,7.02
1996-03-22,3.613,4.955,9.414,12.883,9.51
1996-03-23,4.938,6.117,8.266,13.383,7.91
1996-03-24,2.499,6.384,7.93,13.469,6.42
1996-03-25,3.322,7.311,8.266,14.891,6.2
1996-03-26,1.78,7.051,9.453,15.422,6.13
1996-03-27,3.81,6.647,9.703,15.117,6.64
1996-03-28,3.145,6.354,8.938,14.188,7.41
1996-03-29,4.395,7.071,9.086,15.211,7.4
1996-03-30,6.47,8.326,8.992,16.75,7.4
1996-03-31,3.872,7.12,9.547,15.617,7.43
1996-04-01,0.0,7.405,8.984,15.586,6.76
1996-04-02,0.0,6.713,8.781,14.539,7.4
1996-04-03,3.447,6.46,8.898,14.328,7.19
1996-04-04,0.0,6.916,9.594,15.43,6.76
1996-04-05,10.49,5.539,9.453,13.656,6.92
1996-04-06,0.0,7.186,8.117,14.711,7.08
1996-04-07,0.0,7.129,8.367,14.828,7.16
1996-04-08,0.74,6.467,9.32,14.695,7.4
1996-04-09,0.0,7.067,8.766,15.047,11.44
1996-04-10,0.0,6.861,9.023,14.984,9.08
1996-04-11,26.606,6.843,9.789,15.539,54.82
1996-04-12,3.736,7.172,9.82,15.992,12.09
1996-04-13,1.745,7.485,9.109,15.875,8.97
1996-04-14,22.868,5.784,9.867,14.32,8.04
1996-04-15,0.0,8.335,9.281,17.141,9.85
1996-04-16,9.291,7.304,9.078,15.648,50.41
1996-04-17,14.16,6.621,9.086,14.797,25.17
1996-04-18,16.219,6.484,8.805,14.414,11.44
1996-04-19,0.0,6.312,8.852,14.25,10.44
1996-04-20,0.0,7.493,8.031,15.227,10.96
1996-04-21,0.0,5.955,9.32,14.18,8.86
1996-04-22,0.0,7.201,8.328,15.07,8.31
1996-04-23,0.0,6.564,9.375,15.016,8.48
1996-04-24,15.919,5.775,9.688,14.266,17.49
1996-04-25,0.0,6.942,8.617,14.992,14.84
1996-04-26,8.872,6.335,9.32,14.719,13.09
1996-04-27,0.159,6.005,8.766,13.883,16.12
1996-04-28,2.692,7.094,7.547,14.469,25.32
1996-04-29,0.0,6.886,8.617,14.953,16.09
1996-04-30,7.749,4.825,9.305,12.875,11.83
1996-05-01,0.0,6.668,9.117,15.078,12.35
1996-05-02,0.0,7.531,9.922,16.797,12.54
1996-05-03,0.0,6.882,9.414,15.594,10.42
1996-05-04,0.623,6.998,9.703,15.984,13.08
1996-05-05,10.312,7.064,10.164,16.414,18.73
1996-05-06,35.212,6.339,9.273,14.828,15.33
1996-05-07,0.153,6.712,10.328,16.109,10.07
1996-05-08,0.153,7.047,9.875,16.234,9.87
1996-05-09,0.0,5.052,9.273,13.219,13.6
1996-05-10,0.0,5.847,9.977,14.797,22.19
1996-05-11,0.0,4.912,9.984,13.633,15.9
1996-05-12,36.393,5.509,10.047,14.43,17.66
1996-05-13,0.618,6.978,8.664,15.328,15.96
1996-05-14,26.683,5.183,10.789,14.648,95.08
1996-05-15,0.343,6.941,9.281,15.766,73.44
1996-05-16,26.302,7.241,10.461,17.023,53.08
1996-05-17,0.0,7.82,10.883,18.094,15.81
1996-05-18,0.863,8.301,10.562,18.539,15.35
1996-05-19,1.074,6.92,10.375,16.586,14.78
1996-05-20,27.927,6.224,9.586,15.109,34.64
1996-05-21,0.0,7.802,9.664,17.281,14.95
1996-05-22,0.0,9.609,7.414,18.344,10.39
1996-05-23,1.058,7.217,8.438,15.664,25.68
1996-05-24,0.0,6.973,9.203,15.883,13.51
1996-05-25,0.0,6.657,8.133,14.68,10.75
1996-05-26,0.0,4.678,8.953,12.641,16.18
1996-05-27,0.0,6.691,8.68,15.156,15.39
1996-05-28,12.086,6.918,8.945,15.664,13.29
1996-05-29,0.0,6.346,8.398,14.484,12.42
1996-05-30,0.0,6.699,9.43,15.734,15.41
1996-05-31,0.0,7.171,9.391,16.367,15.08
1996-06-01,0.0,5.964,9.719,14.969,11.19
1996-06-02,8.224,5.921,9.016,14.391,9.87
1996-06-03,6.385,5.218,9.602,13.945,11.01
1996-06-04,0.0,4.873,9.281,13.219,17.77
1996-06-05,0.0,4.371,9.305,12.617,14.42
1996-06-06,0.0,5.411,8.43,13.297,9.87
1996-06-07,0.0,6.688,7.914,14.719,8.53
1996-06-08,0.0,4.513,8.539,12.195,7.96
1996-06-09,0.0,5.053,8.398,12.805,10.75
1996-06-10,0.0,5.834,8.43,13.891,10.6
1996-06-11,0.0,6.154,8.305,14.258,9.47
1996-06-12,0.0,6.559,8.727,15.133,9.53
1996-06-13,0.0,6.405,9.203,15.266,9.95
1996-06-14,0.0,7.451,8.805,16.461,12.03
1996-06-15,0.0,7.273,9.867,16.961,10.68
1996-06-16,0.0,5.951,10.078,15.312,13.91
1996-06-17,0.0,7.51,9.281,16.883,13.49
1996-06-18,1.995,6.476,9.484,15.586,14.05
1996-06-19,0.0,7.764,9.797,17.602,16.41
1996-06-20,4.996,4.861,10.156,13.953,25.15
1996-06-21,0.0,5.182,9.383,13.75,16.42
1996-06-22,0.0,6.142,9.531,15.188,32.4
1996-06-23,0.0,5.004,9.609,13.703,21.39
1996-06-24,12.092,4.671,9.508,13.195,51.21
1996-06-25,46.956,4.979,9.156,13.312,46.79
1996-06-26,12.965,7.578,7.227,15.586,13.96
1996-06-27,14.694,6.049,10.891,16.062,17.86
1996-06-28,2.525,4.957,10.477,14.328,12.43
1996-06-29,30.082,6.331,9.836,15.648,12.66
1996-06-30,0.714,3.091,9.781,11.609,24.35
1996-07-01,0.0,6.278,8.43,14.539,17.88
1996-07-02,0.0,4.785,7.812,12.008,19.14
1996-07-03,0.0,7.782,6.961,15.672,13.08
1996-07-04,1.082,7.122,7.812,15.289,11.83
1996-07-05,3.239,5.903,6.961,12.922,19.8
1996-07-06,0.0,6.614,8.273,14.859,20.01
1996-07-07,0.0,7.322,7.438,15.273,12.27
1996-07-08,9.955,9.087,7.219,17.703,9.99
1996-07-09,3.916,5.968,9.695,14.984,9.92
1996-07-10,0.0,6.662,8.742,15.227,13.34
1996-07-11,5.887,6.176,8.641,14.477,18.52
1996-07-12,0.0,6.394,8.719,14.836,43.19
1996-07-13,0.0,5.337,8.82,13.445,21.62
1996-07-14,0.0,8.206,7.172,16.328,13.35
1996-07-15,0.0,5.173,8.469,12.922,12.64
1996-07-16,1.241,5.854,7.82,13.383,19.32
1996-07-17,0.0,4.845,8.391,12.422,21.29
1996-07-18,0.0,3.682,8.961,11.461,17.71
1996-07-19,2.163,5.951,9.258,14.555,20.23
1996-07-20,0.0,6.208,9.617,15.148,55.76
1996-07-21,3.838,5.484,9.445,14.062,26.06
1996-07-22,2.884,5.92,9.008,14.289,31.24
1996-07-23,0.0,8.406,7.055,16.398,15.27
1996-07-24,0.0,9.765,6.781,18.18,10.82
1996-07-25,0.0,8.348,9.227,17.734,9.89
1996-07-26,11.778,5.438,9.727,14.18,9.55
1996-07-27,23.169,7.418,8.797,16.117,9.06
1996-07-28,2.817,6.097,8.734,14.258,9.13
1996-07-29,17.656,5.322,8.617,13.125,12.98
1996-07-30,4.484,5.48,8.992,13.617,18.85
1996-07-31,0.0,7.262,9.227,16.148,28.46
1996-08-01,0.0,7.159,8.859,15.742,21.21
1996-08-02,0.0,6.642,7.891,14.328,14.05
1996-08-03,0.0,7.388,7.938,15.375,13.32
1996-08-04,0.0,7.276,8.211,15.383,13.06
1996-08-05,0.0,6.93,9.188,15.594,12.35
1996-08-06,0.0,7.039,9.398,15.891,11.76
1996-08-07,0.274,6.894,8.828,15.273,21.89
1996-08-08,0.0,6.715,7.789,14.258,12.96
1996-08-09,26.514,7.872,7.609,15.727,13.04
1996-08-10,0.0,5.321,9.0,13.32,14.88
1996-08-11,0.0,8.734,6.445,16.141,11.94
1996-08-12,0.0,8.96,7.094,16.852,11.18
1996-08-13,1.196,8.825,7.125,16.664,10.42
1996-08-14,0.0,7.591,8.133,15.625,9.95
1996-08-15,0.0,6.859,7.305,14.031,9.86
1996-08-16,0.0,7.005,8.016,14.711,12.71
1996-08-17,0.0,7.695,6.586,14.664,12.11
1996-08-18,0.0,8.361,6.875,15.781,10.96
1996-08-19,0.0,7.783,7.867,15.617,10.83
1996-08-20,0.0,7.9,7.68,15.633,11.14
1996-08-21,0.0,7.45,7.695,15.016,10.29
1996-08-22,0.536,7.025,8.266,14.836,9.3
1996-08-23,0.0,7.679,8.422,15.805,11.24
1996-08-24,6.435,8.46,8.602,16.961,11.18
1996-08-25,11.977,8.791,9.109,17.711,11.18
1996-08-26,0.0,8.064,10.648,17.836,11.93
1996-08-27,0.0,7.678,10.492,17.227,12.06
1996-08-28,7.601,8.143,9.797,17.305,13.15
1996-08-29,32.112,6.436,9.664,15.031,11.75
1996-08-30,1.522,8.246,9.648,17.32,11.44
1996-08-31,0.967,8.706,8.977,17.469,12.48
1996-09-01,0.0,7.498,8.453,15.508,27.63
1996-09-02,0.0,8.143,8.094,16.086,20.87
1996-09-03,23.382,8.693,8.992,17.406,20.67
1996-09-04,0.0,10.916,7.219,19.203,10.86
1996-09-05,1.113,9.36,8.234,17.758,9.74
1996-09-06,0.0,8.512,7.797,16.344,9.74
1996-09-07,0.0,7.57,7.344,14.758,9.79
1996-09-08,0.0,10.678,7.625,19.078,10.16
1996-09-09,3.289,8.9,8.445,17.266,9.74
1996-09-10,0.0,6.821,9.445,15.273,10.32
1996-09-11,0.0,7.494,8.578,15.484,10.26
1996-09-12,0.0,6.002,8.742,13.695,12.53
1996-09-13,0.0,6.264,8.211,13.625,11.44
1996-09-14,5.421,7.603,8.695,15.695,9.74
1996-09-15,0.0,7.382,8.359,15.195,10.45
1996-09-16,0.0,7.499,8.117,15.156,12.68
1996-09-17,8.303,6.904,8.18,14.43,12.0
1996-09-18,15.173,9.113,8.391,17.445,9.74
1996-09-19,1.917,7.898,9.641,16.742,9.3
1996-09-20,0.0,8.635,8.68,17.023,8.42
1996-09-21,0.0,6.459,8.82,14.32,89.24
1996-09-22,0.0,6.378,8.805,14.195,44.61
1996-09-23,0.0,9.543,7.375,17.359,10.68
1996-09-24,16.513,8.252,9.102,16.805,9.52
1996-09-25,0.0,8.28,8.227,16.242,8.64
1996-09-26,0.172,6.648,8.828,14.562,13.36
1996-09-27,1.965,7.786,8.25,15.609,12.48
1996-09-28,16.281,8.715,8.875,17.266,10.23
1996-09-29,23.868,7.326,9.703,16.055,10.57
1996-09-30,0.0,6.388,8.727,14.164,14.4
1996-10-01,0.0,7.164,8.398,14.914,15.92
1996-10-02,0.0,9.022,7.078,16.492,11.25
1996-10-03,0.0,9.23,8.008,17.367,9.28
1996-10-04,0.342,7.116,9.68,15.789,9.77
1996-10-05,29.662,8.163,8.367,16.219,9.69
1996-10-06,32.396,7.432,8.688,15.5,24.48
1996-10-07,0.0,7.72,9.422,16.383,20.86
1996-10-08,0.265,6.516,9.828,15.172,17.81
1996-10-09,3.73,6.953,9.258,15.297,15.13
1996-10-10,0.0,8.036,8.32,16.047,13.64
1996-10-11,2.505,9.481,9.734,18.906,14.12
1996-10-12,0.0,9.033,10.43,18.82,13.75
1996-10-13,38.006,8.072,9.625,17.039,10.33
1996-10-14,21.021,8.2,8.445,16.398,10.12
1996-10-15,2.117,6.15,9.672,14.664,49.97
1996-10-16,0.0,5.234,9.633,13.5,46.7
1996-10-17,0.0,7.255,8.719,15.375,18.35
1996-10-18,0.0,10.495,7.812,19.086,12.57
1996-10-19,0.0,10.258,7.633,18.664,10.71
1996-10-20,7.136,8.383,8.891,17.008,18.34
1996-10-21,0.0,7.605,7.805,15.227,15.36
1996-10-22,0.592,6.433,9.523,14.938,12.81
1996-10-23,0.0,7.106,8.547,15.109,12.87
1996-10-24,0.0,9.31,8.719,18.164,10.37
1996-10-25,0.0,8.091,8.586,16.484,11.31
1996-10-26,0.0,7.142,9.977,16.219,9.83
1996-10-27,4.29,6.346,10.773,15.836,9.3
1996-10-28,10.93,7.048,9.461,15.758,15.04
1996-10-29,7.68,6.393,10.391,15.617,13.97
1996-10-30,0.0,6.689,9.789,15.562,17.87
1996-10-31,10.615,7.397,8.078,15.266,10.93
1996-11-01,0.0,8.05,7.336,15.664,8.51
1996-11-02,0.0,7.99,7.734,15.867,8.23
1996-11-03,0.0,8.12,7.656,16.0,8.2
1996-11-04,5.716,7.554,8.938,16.133,8.18
1996-11-05,0.0,8.322,9.25,17.391,8.04
1996-11-06,10.018,6.882,9.055,15.344,8.04
1996-11-07,0.0,7.554,8.375,15.789,8.04
1996-11-08,0.0,7.657,8.797,16.227,8.07
1996-11-09,0.0,8.296,8.789,17.086,8.2
1996-11-10,0.0,8.141,8.641,16.797,9.76
1996-11-11,0.0,7.212,8.336,15.344,12.53
1996-11-12,0.0,8.096,7.836,16.227,14.83
1996-11-13,7.456,8.943,7.305,17.078,10.71
1996-11-14,18.038,6.696,9.797,15.734,20.98
1996-11-15,12.506,8.687,10.008,18.539,18.69
1996-11-16,3.976,8.189,8.398,16.781,9.95
1996-11-17,0.0,9.499,9.273,19.164,8.59
1996-11-18,4.262,8.224,8.734,17.07,8.42
1996-11-19,1.131,10.514,7.18,19.273,8.42
1996-11-20,0.0,9.616,6.477,17.617,8.42
1996-11-21,0.0,8.547,6.664,16.25,8.42
1996-11-22,0.0,9.986,7.273,18.664,8.42
1996-11-23,8.354,8.007,7.68,16.156,8.42
1996-11-24,0.0,6.627,8.625,14.891,8.42
1996-11-25,2.498,5.725,8.359,13.492,8.42
1996-11-26,9.775,6.079,8.961,14.406,8.42
1996-11-27,0.0,7.646,8.172,16.016,8.42
1996-11-28,13.45,7.739,9.164,16.836,8.22
1996-11-29,32.003,5.976,9.109,14.406,21.63
1996-11-30,0.0,7.251,8.961,16.039,11.57
1996-12-01,0.0,6.103,9.281,14.727,7.67
1996-12-02,0.0,7.926,8.734,16.82,7.56
1996-12-03,18.17,8.409,9.047,17.742,11.75
1996-12-04,23.782,6.719,10.062,16.141,7.57
1996-12-05,32.306,6.185,9.656,15.133,9.71
1996-12-06,0.0,7.57,8.219,16.008,11.78
1996-12-07,0.0,6.509,9.156,15.211,8.04
1996-12-08,0.524,7.221,8.227,15.539,7.72
1996-12-09,41.897,7.555,8.133,15.945,7.69
1996-12-10,0.0,8.049,7.797,16.43,7.74
1996-12-11,13.359,5.127,9.453,13.617,7.62
1996-12-12,2.486,6.548,7.43,14.031,8.31
1996-12-13,0.0,7.978,7.836,16.359,7.8
1996-12-14,0.0,6.497,7.664,14.141,8.15
1996-12-15,0.0,5.846,8.641,13.953,14.0
1996-12-16,0.0,5.232,7.82,12.477,10.76
1996-12-17,0.0,7.084,7.195,14.648,8.42
1996-12-18,0.0,6.414,7.367,13.812,7.67
1996-12-19,0.0,6.601,7.016,13.828,10.72
1996-12-20,0.0,7.545,6.688,14.977,9.1
1996-12-21,0.0,6.805,7.703,14.609,7.56
1996-12-22,0.461,6.726,8.547,15.086,7.0
1996-12-23,0.0,6.69,7.734,14.461,6.76
1996-12-24,0.0,7.702,8.234,16.234,6.65
1996-12-25,0.0,7.634,9.836,17.242,6.51
1996-12-26,0.0,7.883,9.336,17.234,6.39
1996-12-27,0.0,7.322,9.82,16.797,6.33
1996-12-28,0.0,6.125,9.703,15.086,6.74
1996-12-29,0.0,7.926,9.242,17.219,7.22
1996-12-30,0.0,7.853,9.828,17.516,7.39
1996-12-31,0.0,6.924,9.828,16.25,6.84
1997-01-01,0.0,5.17,9.609,13.766,13.8
1997-01-02,0.0,6.479,9.898,15.688,8.9
1997-01-03,0.0,8.467,9.977,18.414,7.5
1997-01-04,0.0,7.916,9.906,17.609,14.9
1997-01-05,0.0,6.46,9.312,15.219,13.7
1997-01-06,1.295,7.772,10.25,17.664,11.5
1997-01-07,0.0,7.627,9.414,16.844,7.9
1997-01-08,10.545,8.301,9.062,17.523,6.5
1997-01-09,0.566,7.063,9.125,15.859,6.6
1997-01-10,29.494,5.444,9.367,13.867,11.0
1997-01-11,0.0,8.693,8.148,17.414,17.9
1997-01-12,0.367,7.988,9.391,17.281,19.1
1997-01-13,23.037,7.446,9.727,16.758,11.8
1997-01-14,0.0,8.942,7.828,17.523,8.4
1997-01-15,25.395,6.627,9.969,15.828,10.6
1997-01-16,1.656,7.549,9.281,16.547,13.1
1997-01-17,28.435,6.919,9.859,16.109,21.4
1997-01-18,0.592,7.599,9.594,16.805,13.3
1997-01-19,28.549,8.47,10.195,18.398,15.5
1997-01-20,11.471,5.639,10.211,14.695,15.0
1997-01-21,0.0,6.698,10.25,16.062,31.2
1997-01-22,0.0,8.194,7.664,16.258,20.4
1997-01-23,14.034,6.595,9.062,15.023,16.7
1997-01-24,21.462,7.338,9.438,16.281,17.1
1997-01-25,0.0,6.107,9.0,14.312,13.4
1997-01-26,0.0,6.955,8.336,14.961,14.5
1997-01-27,0.0,8.243,7.469,16.102,12.5
1997-01-28,0.0,7.429,8.727,15.836,11.0
1997-01-29,1.029,8.082,9.828,17.469,9.8
1997-01-30,3.153,9.045,9.047,18.195,9.5
1997-01-31,0.0,7.94,9.43,16.977,8.6
1997-02-01,0.0,7.959,7.359,15.555,10.3
1997-02-02,0.0,6.576,8.859,14.719,8.6
1997-02-03,1.347,8.102,8.445,16.461,8.0
1997-02-04,10.11,8.42,8.25,16.727,8.0
1997-02-05,10.546,6.703,8.555,14.625,7.5
1997-02-06,13.149,8.063,8.062,16.102,7.7
1997-02-07,0.973,6.237,8.938,14.305,7.6
1997-02-08,24.168,5.033,8.797,12.656,12.7
1997-02-09,0.0,7.711,6.938,14.82,17.0
1997-02-10,0.0,6.593,8.398,14.312,18.8
1997-02-11,1.123,5.869,8.672,13.578,18.4
1997-02-12,15.643,6.403,8.648,14.242,16.3
1997-02-13,0.0,7.092,7.062,13.992,11.7
1997-02-14,0.0,6.452,8.648,14.273,10.0
1997-02-15,0.0,7.637,8.742,15.875,9.3
1997-02-16,0.0,6.367,9.508,14.781,8.6
1997-02-17,0.0,7.552,9.172,16.023,7.9
1997-02-18,2.73,7.07,8.859,15.172,7.9
1997-02-19,0.0,7.363,9.312,15.875,7.2
1997-02-20,0.0,9.693,5.891,16.688,6.8
1997-02-21,0.0,8.314,8.164,16.281,6.6
1997-02-22,0.0,6.129,9.625,14.508,6.4
1997-02-23,0.0,4.443,9.625,12.555,12.7
1997-02-24,0.0,7.543,8.922,15.766,10.0
1997-02-25,8.571,5.98,9.094,13.914,9.4
1997-02-26,0.0,6.932,9.172,15.164,9.8
1997-02-27,0.0,6.833,9.0,14.891,8.1
1997-02-28,0.0,6.539,9.617,14.969,7.1
1997-03-01,2.605,8.756,8.07,16.719,6.5
1997-03-02,16.127,7.779,10.117,16.852,7.6
1997-03-03,0.0,8.095,10.125,17.273,16.7
1997-03-04,8.689,7.773,9.992,16.766,19.7
1997-03-05,0.318,7.387,8.07,14.891,10.3
1997-03-06,0.0,8.926,5.625,15.305,7.7
1997-03-07,0.0,8.769,6.0,15.32,6.9
1997-03-08,0.0,8.614,6.727,15.586,6.8
1997-03-09,0.0,7.308,9.398,15.742,10.4
1997-03-10,0.0,6.496,10.078,15.227,14.1
1997-03-11,0.0,6.59,9.195,14.656,13.2
1997-03-12,0.0,8.179,9.57,16.93,10.5
1997-03-13,12.461,7.281,9.836,15.992,28.3
1997-03-14,11.745,8.709,8.828,17.086,19.0
1997-03-15,2.401,8.076,10.469,17.438,12.2
1997-03-16,7.909,8.6,10.188,17.883,12.8
1997-03-17,12.526,7.326,10.203,16.312,12.4
1997-03-18,3.926,8.262,9.703,17.102,20.6
1997-03-19,0.0,7.741,10.516,17.047,16.2
1997-03-20,3.501,9.943,9.234,18.906,16.4
1997-03-21,10.294,8.817,9.008,17.32,15.4
1997-03-22,0.0,11.451,8.297,20.25,9.5
1997-03-23,0.0,10.508,8.867,19.414,8.4
1997-03-24,0.0,9.14,8.656,17.531,9.1
1997-03-25,0.0,9.229,10.133,18.633,7.6
1997-03-26,0.454,10.581,9.734,20.102,8.2
1997-03-27,0.0,11.645,9.125,21.031,7.1
1997-03-28,0.0,11.026,7.219,19.117,6.9
1997-03-29,20.787,7.869,8.734,15.961,7.1
1997-03-30,0.0,6.75,9.695,15.281,6.7
1997-03-31,0.0,7.468,9.367,15.914,6.3
1997-04-01,0.267,8.025,9.828,16.953,7.0
1997-04-02,6.614,8.385,9.297,17.031,7.7
1997-04-03,6.245,7.969,10.047,17.07,8.2
1997-04-04,0.0,7.581,7.727,14.922,8.1
1997-04-05,0.0,7.818,8.508,15.789,6.8
1997-04-06,0.0,7.303,9.039,15.516,7.0
1997-04-07,10.567,7.279,9.172,15.586,11.1
1997-04-08,0.0,7.954,8.883,16.258,10.8
1997-04-09,0.0,7.173,9.469,15.695,14.7
1997-04-10,0.0,8.004,9.227,16.578,14.0
1997-04-11,0.038,7.438,9.422,16.008,10.3
1997-04-12,0.524,6.832,10.172,15.836,13.5
1997-04-13,4.062,8.132,9.852,17.219,15.3
1997-04-14,5.486,6.21,9.703,14.703,8.4
1997-04-15,5.609,7.489,9.914,16.469,7.2
1997-04-16,0.653,6.991,9.203,15.328,6.6
1997-04-17,0.0,7.22,8.625,15.227,6.2
1997-04-18,5.023,6.437,8.625,14.219,12.7
1997-04-19,0.0,6.854,8.266,14.508,12.3
1997-04-20,10.908,6.618,8.906,14.688,11.8
1997-04-21,4.927,6.734,9.047,14.953,11.6
1997-04-22,4.654,7.66,8.836,16.008,9.1
1997-04-23,7.48,6.558,9.508,15.086,16.0
1997-04-24,10.751,7.024,9.609,15.781,13.0
1997-04-25,20.058,5.173,9.141,13.094,46.4
1997-04-26,0.0,7.592,9.25,16.281,14.4
1997-04-27,19.274,7.12,9.625,15.938,11.4
1997-04-28,0.0,8.425,9.164,17.359,11.3
1997-04-29,0.0,7.195,10.297,16.578,11.3
1997-04-30,4.843,6.258,8.695,14.188,7.9
1997-05-01,0.0,7.013,8.719,15.219,7.2
1997-05-02,0.0,6.941,10.0,16.086,15.3
1997-05-03,27.126,6.425,9.203,14.828,31.3
1997-05-04,0.527,6.245,8.859,14.352,49.8
1997-05-05,0.0,6.218,9.375,14.734,24.8
1997-05-06,0.0,7.032,9.133,15.617,23.7
1997-05-07,0.0,6.374,9.055,14.719,18.5
1997-05-08,0.0,7.323,8.836,15.836,16.2
1997-05-09,3.392,6.128,9.523,14.766,15.1
1997-05-10,2.076,5.82,9.328,14.234,25.8
1997-05-11,14.13,6.784,9.148,15.375,110.4
1997-05-12,9.467,7.619,9.516,16.781,28.4
1997-05-13,3.652,7.677,9.859,17.109,20.1
1997-05-14,4.279,7.057,9.133,15.773,16.8
1997-05-15,0.735,6.778,9.383,15.594,13.7
1997-05-16,0.0,7.478,9.344,16.531,11.4
1997-05-17,0.0,6.709,8.969,15.227,10.4
1997-05-18,0.0,6.291,9.336,14.977,11.3
1997-05-19,0.22,6.383,9.016,14.859,10.2
1997-05-20,15.04,5.428,9.133,13.719,32.4
1997-05-21,0.0,7.696,9.047,16.703,16.0
1997-05-22,14.6,8.747,8.82,18.023,32.1
1997-05-23,0.0,7.197,9.102,16.078,15.6
1997-05-24,24.224,6.587,9.508,15.555,12.7
1997-05-25,1.12,6.263,10.203,15.656,83.9
1997-05-26,6.569,6.145,9.234,14.781,58.0
1997-05-27,11.515,6.2,10.586,15.898,29.6
1997-05-28,39.967,7.285,9.398,16.477,37.6
1997-05-29,4.47,5.276,8.883,13.383,88.3
1997-05-30,5.446,6.185,8.414,14.266,45.8
1997-05-31,0.0,7.633,9.359,16.961,22.9
1997-06-01,2.063,6.74,10.266,16.422,21.4
1997-06-02,0.0,8.096,8.633,17.141,18.4
1997-06-03,3.454,6.752,9.406,15.812,16.8
1997-06-04,17.905,7.047,10.266,16.844,23.7
1997-06-05,0.0,8.164,11.258,19.07,26.2
1997-06-06,8.664,6.934,10.086,16.578,22.6
1997-06-07,2.41,7.339,11.117,17.883,20.3
1997-06-08,11.554,7.182,9.836,16.758,15.8
1997-06-09,13.224,8.416,10.008,18.602,16.6
1997-06-10,0.816,6.927,9.891,16.453,19.8
1997-06-11,7.531,6.329,9.5,15.367,16.5
1997-06-12,4.581,6.563,8.656,15.086,15.6
1997-06-13,5.506,6.582,9.219,15.523,13.1
1997-06-14,0.0,6.76,9.156,15.727,11.9
1997-06-15,0.221,7.193,9.055,16.266,11.0
1997-06-16,0.4,7.423,9.469,16.891,10.3
1997-06-17,5.189,5.282,10.602,14.844,9.9
1997-06-18,1.575,6.575,9.422,15.672,9.4
1997-06-19,21.372,6.188,9.445,15.164,20.3
1997-06-20,0.0,6.164,9.25,14.984,23.2
1997-06-21,6.823,7.791,8.078,16.477,13.6
1997-06-22,0.0,7.113,8.789,15.992,10.4
1997-06-23,0.0,6.375,9.016,15.109,9.6
1997-06-24,18.209,6.4,9.945,15.844,10.5
1997-06-25,2.842,5.607,9.242,14.227,15.1
1997-06-26,1.299,6.061,9.203,14.812,24.6
1997-06-27,0.0,8.324,8.719,17.648,11.8
1997-06-28,0.0,7.7,8.75,16.789,10.5
1997-06-29,0.0,7.992,7.969,16.688,9.5
1997-06-30,2.522,6.842,8.508,15.398,9.2
1997-07-01,1.711,5.179,9.109,13.539,56.5
1997-07-02,0.0,6.736,8.266,15.07,33.4
1997-07-03,0.0,5.439,8.414,13.344,15.4
1997-07-04,0.0,4.979,9.391,13.469,13.0
1997-07-05,1.798,4.936,9.031,13.125,16.1
1997-07-06,0.171,4.404,9.578,12.875,21.2
1997-07-07,0.0,5.353,9.227,13.812,29.7
1997-07-08,16.895,5.696,9.359,14.391,53.4
1997-07-09,3.593,6.955,9.008,15.852,23.4
1997-07-10,0.0,6.476,8.188,14.586,15.1
1997-07-11,1.07,4.087,9.227,12.195,14.6
1997-07-12,4.365,5.218,10.312,14.469,18.8
1997-07-13,0.0,5.912,8.672,14.109,15.4
1997-07-14,0.0,5.063,8.922,13.164,14.6
1997-07-15,0.0,5.124,8.609,13.0,19.3
1997-07-16,0.378,4.883,8.945,12.93,18.9
1997-07-17,0.0,6.039,8.391,14.047,18.7
1997-07-18,0.0,6.33,9.102,14.953,18.6
1997-07-19,2.485,5.82,8.836,14.055,16.6
1997-07-20,0.0,5.439,7.555,12.555,16.8
1997-07-21,0.0,5.087,8.328,12.656,14.4
1997-07-22,0.0,4.599,8.508,12.172,13.9
1997-07-23,0.0,6.072,8.859,14.383,14.6
1997-07-24,0.357,6.038,9.586,14.867,22.5
1997-07-25,33.509,5.902,9.727,14.797,23.0
1997-07-26,17.918,6.673,9.406,15.562,22.0
1997-07-27,1.181,6.465,8.656,14.742,22.9
1997-07-28,17.3,5.625,8.562,13.508,17.8
1997-07-29,7.69,7.233,7.336,14.836,13.3
1997-07-30,0.997,7.785,7.891,15.977,11.6
1997-07-31,2.265,7.444,8.586,15.961,10.7
1997-08-01,0.683,6.351,8.516,14.414,10.9
1997-08-02,0.462,6.533,8.828,14.867,11.6
1997-08-03,0.0,6.911,8.086,14.836,12.2
1997-08-04,0.0,6.479,8.906,14.828,12.4
1997-08-05,1.955,5.867,7.953,13.281,13.1
1997-08-06,0.0,5.888,9.25,14.281,14.6
1997-08-07,5.81,5.45,10.133,14.398,20.5
1997-08-08,0.0,4.566,9.445,12.75,39.2
1997-08-09,32.674,5.8,8.992,13.938,36.5
1997-08-10,1.73,5.727,7.469,12.664,30.9
1997-08-11,1.276,8.773,6.789,16.422,13.5
1997-08-12,0.0,7.938,7.594,15.781,10.2
1997-08-13,0.0,5.853,8.914,13.898,11.6
1997-08-14,0.0,6.336,8.125,13.914,12.5
1997-08-15,0.0,7.422,8.609,15.727,13.3
1997-08-16,0.0,7.443,7.578,15.023,12.4
1997-08-17,7.952,6.985,7.898,14.609,11.8
1997-08-18,0.0,6.687,7.844,14.148,10.3
1997-08-19,0.0,6.557,8.25,14.25,13.1
1997-08-20,0.0,7.261,9.609,16.172,12.0
1997-08-21,23.167,7.005,8.438,14.961,11.6
1997-08-22,0.0,6.36,8.828,14.375,11.2
1997-08-23,0.0,7.372,7.617,14.852,13.0
1997-08-24,0.0,7.927,8.062,15.891,10.0
1997-08-25,0.0,8.961,7.695,17.039,9.3
1997-08-26,0.0,7.237,9.992,16.305,16.7
1997-08-27,0.0,6.217,8.938,14.219,30.5
1997-08-28,13.245,6.94,9.352,15.461,15.4
1997-08-29,0.0,8.535,8.617,17.016,11.2
1997-08-30,0.0,9.868,7.836,18.266,9.5
1997-08-31,0.0,8.48,7.648,16.273,8.8
1997-09-01,0.0,7.9,7.82,15.586,8.4
1997-09-02,0.0,6.779,9.383,15.242,9.8
1997-09-03,3.329,7.573,9.508,16.328,10.9
1997-09-04,0.0,9.819,7.672,18.047,9.7
1997-09-05,4.013,10.38,8.148,19.078,8.7
1997-09-06,0.659,8.947,8.914,17.664,8.5
1997-09-07,1.362,8.2,8.703,16.539,10.4
1997-09-08,0.0,8.78,8.742,17.312,10.5
1997-09-09,0.0,9.745,8.727,18.562,8.9
1997-09-10,6.43,8.305,9.141,16.961,8.9
1997-09-11,0.0,7.09,9.547,15.672,9.0
1997-09-12,2.014,6.863,9.859,15.625,9.3
1997-09-13,0.0,7.052,9.578,15.633,9.6
1997-09-14,0.22,8.407,8.586,16.68,8.6
1997-09-15,0.0,6.685,9.023,14.789,8.3
1997-09-16,0.0,6.587,9.344,14.875,10.0
1997-09-17,0.0,7.397,8.414,15.227,9.7
1997-09-18,0.0,9.269,7.453,17.062,8.1
1997-09-19,0.0,8.548,8.586,16.836,7.7
1997-09-20,2.342,8.284,9.602,17.195,7.5
1997-09-21,3.361,8.862,9.031,17.539,7.8
1997-09-22,0.0,8.834,9.422,17.773,7.8
1997-09-23,23.532,7.04,9.836,15.781,8.4
1997-09-24,1.672,7.784,10.672,17.328,11.0
1997-09-25,0.0,7.069,10.648,16.422,11.6
1997-09-26,0.0,7.919,10.023,17.031,8.8
1997-09-27,0.0,8.284,9.133,16.875,10.0
1997-09-28,10.796,6.821,9.703,15.43,8.9
1997-09-29,0.0,8.673,7.703,16.422,7.6
1997-09-30,0.0,8.954,7.984,16.969,7.1
1997-10-01,0.0,8.66,7.078,15.992,6.8
1997-10-02,0.0,7.311,9.297,15.75,6.8
1997-10-03,9.601,6.781,8.953,14.828,7.4
1997-10-04,0.0,8.832,8.656,17.281,7.2
1997-10-05,3.72,8.263,8.914,16.719,6.7
1997-10-06,0.0,7.634,8.242,15.445,6.5
1997-10-07,1.761,6.48,8.625,14.219,6.8
1997-10-08,0.204,6.819,8.961,14.898,6.7
1997-10-09,0.0,9.06,7.68,16.969,6.4
1997-10-10,9.555,9.366,8.875,18.164,6.1
1997-10-11,0.0,10.096,9.664,19.641,6.4
1997-10-12,0.0,9.8,9.188,18.953,6.9
1997-10-13,6.23,8.184,10.445,17.742,8.0
1997-10-14,18.378,9.478,10.211,19.242,6.8
1997-10-15,14.771,9.296,10.18,18.992,7.3
1997-10-16,8.901,7.46,9.422,16.109,6.8
1997-10-17,14.211,8.841,8.57,17.344,6.3
1997-10-18,6.989,8.906,9.352,17.961,5.9
1997-10-19,8.302,8.779,9.523,17.938,10.8
1997-10-20,6.679,9.882,8.617,18.797,6.6
1997-10-21,12.264,6.875,10.062,15.875,12.1
1997-10-22,0.0,7.697,9.984,16.883,11.1
1997-10-23,2.732,8.31,9.141,17.109,7.1
1997-10-24,8.422,7.993,9.672,17.07,6.3
1997-10-25,0.0,7.773,10.289,17.234,6.0
1997-10-26,0.0,8.025,10.094,17.438,5.9
1997-10-27,8.998,6.773,10.883,16.422,6.1
1997-10-28,0.0,8.553,10.266,18.266,6.0
1997-10-29,0.0,7.333,10.805,17.102,7.6
1997-10-30,0.0,8.074,10.352,17.727,8.3
1997-10-31,0.0,6.351,10.242,15.469,10.7
1997-11-01,1.246,5.953,9.023,14.062,13.6
1997-11-02,0.0,6.599,8.031,14.164,10.4
1997-11-03,0.258,6.169,8.102,13.664,8.0
1997-11-04,0.0,6.559,8.555,14.516,6.8
1997-11-05,10.992,7.296,8.516,15.477,7.6
1997-11-06,0.0,7.802,8.766,16.359,9.2
1997-11-07,0.0,5.725,9.43,14.133,11.6
1997-11-08,15.853,7.097,8.68,15.375,20.4
1997-11-09,1.157,7.404,8.57,15.727,10.7
1997-11-10,3.072,6.591,8.625,14.672,7.8
1997-11-11,0.0,7.066,9.18,15.727,6.4
1997-11-12,7.721,6.712,9.43,15.438,5.8
1997-11-13,1.617,7.26,9.734,16.406,5.9
1997-11-14,1.075,8.275,8.852,17.164,5.9
1997-11-15,7.479,7.482,9.227,16.367,6.6
1997-11-16,15.911,9.077,7.172,17.211,6.8
1997-11-17,0.0,7.352,9.406,16.336,5.5
1997-11-18,7.974,7.286,9.234,16.156,5.1
1997-11-19,6.56,8.833,8.508,17.773,4.9
1997-11-20,3.362,5.46,9.57,14.0,5.8
1997-11-21,0.24,7.649,9.375,16.766,7.6
1997-11-22,0.678,6.478,10.062,15.727,6.0
1997-11-23,0.0,5.988,9.445,14.633,5.8
1997-11-24,20.715,6.343,9.281,14.969,6.4
1997-11-25,10.536,7.072,9.898,16.414,10.7
1997-11-26,0.797,7.332,10.047,16.875,9.7
1997-11-27,5.336,8.421,9.758,18.156,7.6
1997-11-28,0.2,8.091,9.367,17.445,6.2
1997-11-29,11.888,6.667,9.633,15.711,13.0
1997-11-30,3.098,6.177,9.656,15.078,16.2
1997-12-01,47.137,7.959,9.734,17.547,14.1
1997-12-02,6.189,7.894,9.922,17.586,27.8
1997-12-03,0.0,7.649,9.859,17.234,18.0
1997-12-04,5.223,7.995,7.477,16.086,8.8
1997-12-05,0.0,7.516,7.992,15.773,6.7
1997-12-06,0.0,6.824,9.188,15.664,6.3
1997-12-07,0.353,5.78,9.516,14.508,6.0
1997-12-08,0.0,7.044,7.344,14.68,5.7
1997-12-09,0.0,7.917,7.875,16.281,5.4
1997-12-10,0.0,8.157,7.125,16.141,5.2
1997-12-11,0.0,6.85,7.867,14.773,5.2
1997-12-12,0.0,8.062,8.523,16.945,5.3
1997-12-13,0.0,9.356,8.828,18.953,5.5
1997-12-14,14.679,7.983,9.367,17.398,5.9
1997-12-15,0.0,7.487,10.062,17.211,21.8
1997-12-16,0.726,7.784,9.703,17.367,11.9
1997-12-17,0.0,8.608,8.461,17.672,8.0
1997-12-18,0.0,7.992,9.109,17.242,6.5
1997-12-19,0.0,8.213,8.984,17.477,5.8
1997-12-20,0.0,8.181,9.188,17.562,5.6
1997-12-21,0.0,7.342,8.305,15.773,5.3
1997-12-22,0.0,7.063,7.266,14.664,5.3
1997-12-23,0.0,5.811,8.484,13.766,5.1
1997-12-24,0.0,5.395,9.062,13.656,5.6
1997-12-25,0.0,6.623,8.547,14.938,6.4
1997-12-26,0.0,7.992,8.641,16.914,5.3
1997-12-27,0.0,7.526,7.945,15.781,5.0
1997-12-28,0.0,8.232,8.258,16.992,4.9
1997-12-29,0.0,7.862,8.664,16.727,4.7
1997-12-30,0.777,6.794,8.969,15.453,4.6
1997-12-31,0.0,6.45,9.875,15.648,4.7
1998-01-01,0.0,7.318,8.898,16.117,4.6
1998-01-02,0.0,8.145,8.18,16.766,4.5
1998-01-03,0.0,6.782,7.656,14.477,4.4
1998-01-04,0.0,5.833,9.109,14.242,4.6
1998-01-05,2.007,5.685,9.086,14.0,4.6
1998-01-06,2.738,8.135,9.219,17.422,4.5
1998-01-07,3.27,8.315,10.344,18.422,4.5
1998-01-08,7.086,6.788,11.109,16.969,5.7
1998-01-09,4.931,8.27,10.039,18.148,4.8
1998-01-10,0.0,6.949,9.25,15.781,4.6
1998-01-12,0.0,7.287,8.992,16.055,4.6
1998-01-13,0.0,7.212,9.547,16.32,4.5
1998-01-14,0.69,7.669,8.969,16.523,4.4
1998-01-15,4.648,7.144,9.734,16.352,4.3
1998-01-16,0.0,8.215,8.5,16.922,4.4
1998-01-17,3.578,7.537,9.672,16.797,4.4
1998-01-18,0.0,7.576,10.016,17.086,4.3
1998-01-19,0.0,7.65,9.797,17.008,6.0
1998-01-20,0.0,8.158,9.516,17.477,4.2
1998-01-21,0.0,6.43,10.289,15.742,4.3
1998-01-22,0.0,8.24,9.523,17.57,4.3
1998-01-23,0.0,7.41,10.219,16.945,4.4
1998-01-24,0.0,8.725,8.0,17.172,4.4
1998-01-25,0.0,8.91,8.68,17.859,4.1
1998-01-26,0.0,8.675,7.828,16.953,4.1
1998-01-27,0.441,8.925,9.188,18.164,4.1
1998-01-28,0.0,8.749,9.406,18.062,4.2
1998-01-29,0.0,8.237,9.328,17.32,4.3
1998-01-30,4.922,7.991,9.391,17.016,4.1
1998-01-31,3.241,7.885,8.727,16.398,4.0
1998-02-09,21.015,6.799,11.508,16.898,12.8
1998-02-10,31.263,7.452,10.969,17.297,8.9
1998-02-11,11.534,6.104,11.211,15.844,7.2
1998-02-12,10.967,4.864,10.008,13.398,4.6
1998-02-13,1.294,7.157,9.461,15.781,4.0
1998-02-14,1.257,8.47,9.836,17.742,21.4
1998-02-15,1.542,8.632,9.578,17.75,77.5
1998-02-16,0.0,8.187,9.109,16.828,78.7
1998-02-17,0.0,9.797,8.398,18.453,111.5
1998-02-18,11.277,10.423,8.258,19.188,16.6
1998-02-19,5.153,7.658,10.438,17.055,16.6
1998-02-20,5.159,8.537,10.234,18.0,17.2
1998-02-21,0.0,7.745,10.797,17.391,95.6
1998-02-22,0.0,8.574,9.656,17.625,16.6
1998-02-23,0.0,9.645,8.992,18.547,16.6
1998-02-24,0.0,7.546,10.742,17.078,16.6
1998-02-25,0.0,7.81,10.383,17.141,16.6
1998-02-26,0.0,8.583,9.195,17.281,66.3
1998-02-27,0.0,8.411,9.82,17.477,16.6
1998-02-28,0.0,8.063,9.734,16.969,16.6
1998-03-01,7.112,7.951,10.203,17.164,6.3
1998-03-02,6.272,7.427,9.883,16.258,8.7
1998-03-03,4.227,8.183,8.977,16.562,122.6
1998-03-04,0.0,6.524,9.742,15.016,187.6
1998-03-10,0.0,8.493,10.203,17.766,5.7
1998-03-11,4.091,9.047,8.898,17.562,5.0
1998-03-12,0.055,8.127,11.273,18.086,7.1
1998-03-13,0.0,8.161,9.758,17.031,7.1
1998-03-14,1.474,8.503,8.82,16.812,6.5
1998-03-15,3.347,8.086,10.156,17.211,5.8
1998-03-16,0.217,7.732,10.789,17.234,4.6
1998-03-17,0.0,7.638,10.344,16.805,6.6
1998-03-18,3.631,7.042,9.703,15.609,6.7
1998-03-19,0.0,8.123,8.391,16.023,3.7
1998-03-20,5.185,6.905,9.453,15.227,4.0
1998-03-21,0.0,6.972,10.484,16.086,4.3
1998-03-22,0.163,7.263,9.891,15.992,4.2
1998-03-23,5.37,6.358,10.461,15.336,4.3
1998-03-24,12.827,7.836,10.086,16.859,5.5
1998-03-25,2.194,7.946,10.32,17.172,6.2
1998-03-26,0.0,6.252,10.609,15.336,6.3
1998-03-27,19.21,8.796,9.227,17.469,8.3
1998-03-28,8.602,6.551,10.922,15.93,12.6
1998-03-29,16.205,6.187,10.984,15.586,13.3
1998-03-30,0.287,7.956,10.328,17.203,10.0
1998-03-31,0.0,8.073,11.258,18.031,7.7
1998-04-01,17.017,8.389,11.508,18.617,9.6
1998-04-02,0.0,5.959,10.125,14.641,8.0
1998-04-03,0.0,8.233,10.531,17.734,27.7
1998-04-04,0.0,7.448,10.312,16.609,23.3
1998-04-05,1.565,7.61,10.117,16.68,16.3
1998-04-06,0.771,6.78,10.945,16.281,18.3
1998-04-07,1.575,8.021,10.797,17.68,17.0
1998-04-08,12.246,6.449,10.992,15.938,18.2
1998-04-09,20.078,6.664,10.148,15.57,13.3
1998-04-10,1.859,9.529,9.68,18.844,18.2
1998-04-11,3.227,7.629,10.688,17.156,8.3
1998-04-12,0.0,6.809,11.078,16.484,8.1
1998-04-13,10.745,7.186,10.445,16.461,7.3
1998-04-14,7.903,8.3,9.578,17.25,10.6
1998-04-15,0.0,6.578,11.016,16.172,7.3
1998-04-16,3.238,8.551,11.219,18.75,6.3
1998-04-17,8.784,6.954,11.328,16.898,6.2
1998-04-18,7.3,6.532,11.336,16.398,7.1
1998-04-19,4.748,4.358,11.328,13.945,6.3
1998-04-20,1.604,7.598,10.906,17.406,8.1
1998-04-21,7.157,7.684,10.68,17.359,84.4
1998-04-22,0.0,7.534,10.195,16.836,21.0
1998-04-23,15.111,5.507,10.211,14.352,47.8
1998-04-24,0.0,6.769,10.086,15.805,17.8
1998-04-25,0.0,8.707,10.242,18.422,16.4
1998-04-26,4.351,7.198,9.992,16.312,10.7
1998-04-27,0.0,8.77,9.57,18.07,16.3
1998-04-28,1.359,7.324,11.039,17.273,7.2
1998-04-29,1.107,7.136,11.188,17.156,6.6
1998-04-30,8.836,6.496,10.906,16.164,6.7
1998-05-01,7.703,6.115,11.758,16.375,7.9
1998-05-02,15.071,6.78,11.594,17.062,10.5
1998-05-03,10.322,5.798,12.203,16.367,17.2
1998-05-04,16.588,4.55,11.969,14.805,15.1
1998-05-05,1.69,8.395,10.648,18.461,8.7
1998-05-06,17.58,4.926,11.227,14.617,11.7
1998-05-07,0.339,8.317,9.609,17.688,9.4
1998-05-08,0.0,7.699,9.898,17.102,8.3
1998-05-09,0.0,5.908,11.047,15.688,12.5
1998-05-10,0.0,6.109,9.938,15.07,14.8
1998-05-11,0.833,7.929,10.594,17.93,11.0
1998-05-12,8.399,7.666,9.852,17.086,8.1
1998-05-13,0.202,6.605,10.766,16.367,7.1
1998-05-14,0.0,6.652,10.461,16.203,18.5
1998-05-15,12.236,6.692,10.82,16.555,14.6
1998-05-16,10.182,6.876,10.117,16.289,10.1
1998-05-17,4.998,4.809,10.797,14.234,9.8
1998-05-18,1.341,5.294,10.195,14.344,22.6
1998-05-19,0.0,7.239,8.586,15.719,11.6
1998-05-20,0.0,9.371,8.328,18.523,7.9
1998-05-21,0.0,8.133,9.0,17.273,6.7
1998-05-22,0.0,5.342,9.609,13.969,6.0
1998-05-23,0.0,7.884,9.172,17.086,5.6
1998-05-24,4.635,6.807,10.703,16.742,5.6
1998-05-25,0.888,7.858,10.656,18.109,5.6
1998-05-26,5.805,7.018,10.945,17.219,5.5
1998-05-27,8.322,7.909,10.82,18.32,9.0
1998-05-28,16.083,6.466,11.633,17.047,7.3
1998-05-29,26.602,5.872,10.359,15.297,23.7
1998-05-30,1.748,6.501,10.445,16.211,15.0
1998-05-31,0.281,5.079,10.945,14.781,13.8
1998-06-01,11.622,5.741,10.602,15.359,17.0
1998-06-02,1.947,6.029,10.008,15.273,71.0
1998-06-03,11.561,5.584,10.57,15.148,83.0
1998-06-04,0.0,6.281,10.008,15.641,47.3
1998-06-05,0.0,5.798,10.094,15.07,30.7
1998-06-06,0.0,4.268,10.367,13.359,17.2
1998-06-07,0.0,5.909,9.219,14.562,13.7
1998-06-08,0.284,5.886,10.555,15.555,15.2
1998-06-09,0.0,6.618,9.789,15.961,19.7
1998-06-10,0.0,7.408,9.781,17.055,12.0
1998-06-11,0.0,6.598,9.875,16.016,10.2
1998-06-12,2.202,6.197,9.906,15.484,33.7
1998-06-13,0.0,6.13,9.828,15.344,16.9
1998-06-14,1.889,5.6,9.516,14.414,15.8
1998-06-15,13.481,4.373,9.977,13.195,25.8
1998-06-16,0.0,5.85,8.977,14.344,16.7
1998-06-17,0.0,5.932,8.266,13.93,14.4
1998-06-18,0.145,7.625,9.25,17.023,10.8
1998-06-19,0.803,5.972,9.508,14.914,11.3
1998-06-20,1.34,6.674,9.094,15.578,11.6
1998-06-21,24.301,5.136,9.172,13.547,26.9
1998-06-22,4.936,5.382,9.211,13.883,20.7
1998-06-23,0.482,6.137,9.25,14.961,38.6
1998-06-24,0.0,5.214,10.281,14.508,20.6
1998-06-25,1.275,4.794,10.469,14.117,13.4
1998-06-26,61.949,5.384,10.555,14.938,26.4
1998-06-27,0.0,5.36,10.016,14.5,30.4
1998-06-28,1.058,4.265,9.234,12.469,27.9
1998-06-29,2.57,5.194,8.883,13.375,23.8
1998-06-30,0.0,6.048,8.914,14.562,17.7
1998-07-01,0.0,5.657,8.742,13.906,13.9
1998-07-02,0.0,5.697,9.688,14.656,20.7
1998-07-03,2.39,6.445,9.242,15.344,51.0
1998-07-04,0.0,8.413,8.203,17.414,22.9
1998-07-05,0.0,6.256,9.32,15.133,16.6
1998-07-06,10.158,5.911,9.43,14.742,26.1
1998-07-07,0.861,6.629,8.609,15.125,18.1
1998-07-08,2.924,7.727,8.375,16.508,14.5
1998-07-09,36.117,5.356,9.43,13.984,18.9
1998-07-10,25.272,6.307,9.758,15.492,35.6
1998-07-11,0.0,5.026,9.734,13.789,29.1
1998-07-12,22.629,6.565,9.258,15.484,117.4
1998-07-13,0.0,6.893,9.32,15.953,35.1
1998-07-14,0.0,5.094,8.68,13.023,20.2
1998-07-15,0.0,7.155,8.125,15.453,17.0
1998-07-16,0.0,6.37,8.742,14.797,16.7
1998-07-17,2.519,5.905,9.016,14.336,18.2
1998-07-18,0.0,6.487,8.953,15.086,23.6
1998-07-19,0.0,5.1,9.375,13.547,44.2
1998-07-20,0.0,6.8,8.445,15.117,42.1
1998-07-21,0.0,7.189,8.242,15.508,24.8
1998-07-22,0.17,5.533,9.039,13.82,29.8
1998-07-23,1.865,7.696,8.367,16.289,24.7
1998-07-24,0.0,5.844,9.414,14.5,25.6
1998-07-25,4.911,6.349,8.812,14.711,41.0
1998-07-26,1.397,6.367,8.672,14.617,23.1
1998-07-27,2.433,8.106,7.352,16.117,20.2
1998-07-28,0.0,6.655,8.883,15.148,17.7
1998-07-29,2.21,5.476,9.398,13.953,15.5
1998-07-30,0.0,6.131,9.227,14.68,25.9
1998-07-31,0.0,6.492,8.461,14.562,16.8
1998-08-01,0.0,6.625,9.117,15.219,15.0
1998-08-02,0.0,6.143,8.727,14.266,13.7
1998-08-03,0.183,6.274,9.18,14.758,14.0
1998-08-04,0.0,6.981,8.672,15.336,13.6
1998-08-05,4.029,8.082,9.93,17.688,18.2
1998-08-06,35.376,5.854,10.18,14.945,17.2
1998-08-07,1.044,6.763,9.812,15.82,17.5
1998-08-08,0.0,7.054,9.336,15.859,14.0
1998-08-09,1.035,7.943,8.945,16.766,12.8
1998-08-10,3.801,8.847,8.297,17.539,11.3
1998-08-11,3.834,6.081,10.359,15.312,13.1
1998-08-12,0.0,6.603,9.211,15.117,12.3
1998-08-13,0.214,7.075,9.047,15.594,13.3
1998-08-14,0.0,7.725,8.609,16.141,11.1
1998-08-15,0.624,6.872,8.672,15.031,11.1
1998-08-16,0.0,7.648,8.453,15.891,10.4
1998-08-17,0.0,7.069,8.406,15.07,10.1
1998-08-18,0.0,8.774,8.859,17.664,12.8
1998-08-19,0.798,8.584,8.156,16.922,9.7
1998-08-20,0.594,8.08,8.961,16.773,15.3
1998-08-21,0.797,7.884,9.023,16.547,12.5
1998-08-22,0.0,7.095,8.578,15.164,11.8
1998-08-23,0.0,7.848,7.93,15.719,14.2
1998-08-24,0.0,8.674,8.352,17.094,10.1
1998-08-25,0.0,8.699,8.672,17.336,9.4
1998-08-26,0.0,7.654,8.688,15.945,11.3
1998-08-27,0.82,7.742,9.094,16.328,16.8
1998-08-28,0.0,7.468,9.242,16.062,15.8
1998-08-29,0.0,6.558,9.047,14.734,13.4
1998-08-30,12.38,5.991,9.5,14.344,13.3
1998-08-31,0.0,6.191,9.0,14.211,12.9
1998-09-01,0.0,8.276,7.492,15.867,11.0
1998-09-02,0.0,8.995,6.508,16.203,9.2
1998-09-03,2.182,7.018,9.508,15.625,8.5
1998-09-04,0.0,7.224,8.016,14.805,9.0
1998-09-05,2.029,7.779,7.797,15.383,10.2
1998-09-06,1.036,10.209,7.992,18.734,8.8
1998-09-07,0.0,8.623,9.492,17.625,8.0
1998-09-08,13.732,7.429,9.133,15.836,7.5
1998-09-09,2.487,7.627,9.75,16.516,8.3
1998-09-10,7.168,6.914,9.453,15.398,9.7
1998-09-11,15.411,8.64,9.055,17.32,17.5
1998-09-12,0.0,8.626,8.109,16.648,14.4
1998-09-13,0.0,7.211,8.945,15.375,10.2
1998-09-14,0.0,7.749,8.461,15.734,10.6
1998-09-15,0.0,7.617,7.758,15.07,9.2
1998-09-16,0.0,9.42,8.195,17.727,9.1
1998-09-17,0.0,10.9,7.609,19.312,7.9
1998-09-18,0.0,8.295,7.914,16.055,7.3
1998-09-19,0.375,7.138,9.148,15.422,7.1
1998-09-20,0.0,6.962,9.094,15.148,7.1
1998-09-21,15.155,6.232,8.375,13.68,7.0
1998-09-22,0.0,6.511,9.539,14.922,14.2
1998-09-23,0.0,6.924,8.789,14.883,11.8
1998-09-24,0.0,8.215,8.211,16.148,8.5
1998-09-25,0.0,8.016,7.727,15.555,7.9
1998-09-26,7.09,8.787,8.422,17.039,7.3
1998-09-27,0.0,8.629,8.492,16.875,7.1
1998-09-28,0.288,9.467,7.977,17.648,7.0
1998-09-29,0.0,9.1,8.82,17.719,6.6
1998-09-30,13.549,6.744,10.156,15.656,6.8
1998-10-01,0.0,8.189,6.953,15.273,7.0
1998-10-02,0.0,5.974,8.547,13.492,8.9
1998-10-03,0.0,7.452,7.969,14.992,11.7
1998-10-04,0.0,9.958,7.703,18.148,8.9
1998-10-05,0.0,8.542,8.242,16.633,8.1
1998-10-06,0.261,8.889,8.68,17.383,7.1
1998-10-07,7.562,7.3,9.32,15.781,8.0
1998-10-08,9.607,7.554,9.07,15.93,8.6
1998-10-09,0.984,7.182,9.609,15.852,9.3
1998-10-10,0.0,7.714,8.531,15.773,9.2
1998-10-11,0.0,9.659,7.547,17.703,7.3
1998-10-12,5.016,8.895,8.68,17.43,6.6
1998-10-13,2.124,8.842,8.102,16.992,6.1
1998-10-14,5.52,7.667,9.094,16.133,6.7
1998-10-15,1.063,6.113,10.125,14.938,6.8
1998-10-16,17.849,8.893,7.547,16.719,31.6
1998-10-17,3.22,7.495,9.094,15.93,14.3
1998-10-18,14.429,7.505,9.609,16.32,11.2
1998-10-19,18.167,5.837,9.852,14.422,8.6
1998-10-20,3.758,8.422,7.586,16.164,9.6
1998-10-21,0.0,7.839,8.391,15.938,8.6
1998-10-22,27.15,8.367,9.195,17.195,22.0
1998-10-23,0.0,7.464,9.234,16.055,12.1
1998-10-24,3.683,7.124,8.203,14.875,14.6
1998-10-25,26.868,6.47,8.891,14.539,16.5
1998-10-26,0.0,6.622,9.797,15.422,15.3
1998-10-27,0.0,8.676,7.812,16.758,12.5
1998-10-28,0.0,6.568,10.016,15.531,15.0
1998-10-29,20.538,6.187,10.312,15.312,10.1
1998-10-30,2.837,5.914,10.375,15.031,22.5
1998-10-31,0.0,6.638,9.086,14.961,15.2
1998-11-01,0.0,8.157,8.031,16.273,10.7
1998-11-02,0.0,7.763,9.18,16.539,8.5
1998-11-03,0.0,7.041,9.609,15.906,7.5
1998-11-04,0.0,6.044,10.375,15.219,9.6
1998-11-05,36.959,6.521,10.633,16.016,16.4
1998-11-06,9.574,6.885,9.148,15.398,10.8
1998-11-07,2.014,7.319,8.0,15.18,10.0
1998-11-08,3.554,8.672,7.938,17.008,8.0
1998-11-09,17.517,8.324,8.398,16.859,11.8
1998-11-10,1.488,7.722,9.102,16.539,13.4
1998-11-11,0.0,6.825,9.156,15.383,10.1
1998-11-12,2.496,6.847,9.164,15.422,21.4
1998-11-13,14.081,6.033,9.258,14.445,11.4
1998-11-14,33.334,5.28,9.914,14.016,21.4
1998-11-15,0.0,7.666,8.711,16.266,11.4
1998-11-16,0.0,6.524,9.727,15.469,9.4
1998-11-17,1.357,7.221,8.219,15.344,8.5
1998-11-18,0.0,7.063,8.984,15.68,8.2
1998-11-19,0.76,8.062,9.359,17.289,8.1
1998-11-20,19.122,7.666,9.672,16.992,9.2
1998-11-21,8.576,7.125,10.469,16.852,9.8
1998-11-22,8.37,6.454,10.391,15.922,14.9
1998-11-23,0.0,7.981,9.844,17.562,10.8
1998-11-24,0.0,7.999,10.398,17.984,8.3
1998-11-25,1.675,4.624,10.461,13.727,8.9
1998-11-26,19.618,5.895,10.156,15.062,8.2
1998-11-27,14.795,7.409,9.859,16.852,7.2
1998-11-28,0.247,5.925,10.336,15.266,11.5
1998-11-29,0.0,8.156,9.914,17.914,9.9
1998-11-30,3.408,7.679,8.992,16.641,8.6
1998-12-01,5.252,8.792,9.898,18.781,7.5
1998-12-02,11.939,8.489,10.172,18.555,7.1
1998-12-03,1.768,8.838,9.617,18.688,6.4
1998-12-04,5.791,8.609,8.156,17.422,8.2
1998-12-05,1.794,9.067,8.773,18.469,7.6
1998-12-06,17.309,8.053,8.883,17.125,7.8
1998-12-07,4.081,8.102,10.125,18.055,12.2
1998-12-08,0.0,9.246,8.266,18.414,10.0
1998-12-09,19.2,8.553,9.375,18.18,9.5
1998-12-10,0.0,7.635,10.227,17.516,8.2
1998-12-11,0.0,7.254,9.492,16.477,10.7
1998-12-12,2.092,7.324,9.367,16.484,26.5
1998-12-13,0.0,6.303,10.172,15.703,11.7
1998-12-14,0.0,6.413,9.391,15.289,11.0
1998-12-15,0.0,5.3,9.281,13.719,9.3
1998-12-16,0.0,6.906,7.797,14.82,9.1
1998-12-17,0.0,8.002,7.664,16.297,8.3
1998-12-18,2.087,7.557,9.016,16.57,8.3
1998-12-19,0.333,7.287,8.57,15.883,23.5
1998-12-20,14.973,8.244,7.789,16.711,8.4
1998-12-21,18.014,7.047,9.781,16.414,7.6
1998-12-22,5.786,8.672,9.508,18.461,7.6
1998-12-23,0.0,7.913,8.047,16.414,9.1
1998-12-24,9.015,6.91,8.938,15.625,8.6
1998-12-25,0.0,5.726,8.391,13.602,9.4
1998-12-26,0.37,7.799,7.719,16.016,10.9
1998-12-27,0.6,7.677,8.008,16.023,7.4
1998-12-28,0.0,7.751,8.734,16.617,7.0
1998-12-29,15.295,6.535,10.031,15.891,7.5
1998-12-30,5.627,8.499,8.875,17.75,8.3
1998-12-31,7.078,6.938,9.625,16.117,11.6
1999-01-01,0.0,7.109,9.797,16.461,8.99
1999-01-02,0.0,8.006,10.055,17.867,10.04
1999-01-03,0.0,7.009,10.43,16.773,8.74
1999-01-04,16.626,6.492,9.695,15.562,7.82
1999-01-05,8.789,6.465,10.258,15.906,7.36
1999-01-06,0.846,7.581,10.156,17.32,8.86
1999-01-07,0.0,7.131,9.82,16.469,9.2
1999-01-08,13.524,4.388,10.57,13.562,27.91
1999-01-09,9.791,7.36,9.508,16.531,13.54
1999-01-10,27.629,7.059,9.641,16.211,10.64
1999-01-11,24.933,4.6,9.867,13.211,16.8
1999-01-12,2.47,7.236,8.938,15.93,11.03
1999-01-13,4.794,6.473,9.57,15.344,19.87
1999-01-14,6.792,7.739,9.648,17.086,14.74
1999-01-15,3.404,7.005,10.062,16.383,10.52
1999-01-16,0.0,6.922,9.156,15.633,9.09
1999-01-17,10.014,8.289,7.883,16.594,22.76
1999-01-18,0.0,8.018,8.883,16.891,16.13
1999-01-19,0.0,6.629,9.648,15.547,15.96
1999-01-20,16.581,6.552,9.461,15.305,14.36
1999-01-21,36.298,6.144,8.82,14.273,12.05
1999-01-22,0.0,6.662,8.5,14.742,10.88
1999-01-23,0.0,5.861,8.602,13.734,13.93
1999-01-24,0.0,5.786,8.57,13.578,15.3
1999-01-25,0.0,6.463,9.383,15.07,13.57
1999-01-26,5.726,6.338,9.719,15.148,25.84
1999-01-27,6.506,7.299,9.828,16.469,16.64
1999-01-28,1.251,6.504,9.359,15.062,11.93
1999-01-29,0.0,6.852,9.344,15.508,10.52
1999-01-30,0.0,6.883,9.352,15.539,9.68
1999-01-31,0.0,7.904,9.422,16.914,9.2
1999-02-01,0.0,7.98,9.672,17.164,8.63
1999-02-02,11.649,7.328,9.477,16.164,14.36
1999-02-03,0.0,7.492,10.062,16.781,10.76
1999-02-04,0.0,7.226,8.469,15.281,16.0
1999-02-05,0.0,6.436,9.312,14.844,9.8
1999-02-06,1.132,6.859,9.641,15.609,9.44
1999-02-07,24.759,8.246,9.195,17.094,9.56
1999-02-08,0.0,7.718,8.148,15.664,9.09
1999-02-09,0.0,6.886,8.891,15.07,8.05
1999-02-10,0.0,6.684,8.805,14.734,19.25
1999-02-11,1.156,6.492,8.0,13.875,15.21
1999-02-12,0.0,6.694,7.891,14.062,9.8
1999-02-13,0.0,6.194,8.688,13.969,9.32
1999-02-14,0.0,7.37,7.898,14.945,9.44
1999-02-15,9.449,6.193,8.852,14.078,9.8
1999-02-16,2.572,6.469,8.984,14.508,8.97
1999-02-17,12.431,6.117,9.078,14.148,44.19
1999-02-18,18.072,5.871,9.0,13.758,16.05
1999-02-19,8.489,5.827,9.484,14.078,21.13
1999-02-20,10.82,6.299,8.477,13.883,17.15
1999-02-21,6.692,7.075,7.734,14.344,20.6
1999-02-22,26.569,6.562,9.797,15.188,20.4
1999-02-23,0.0,7.647,9.828,16.562,17.92
1999-02-24,8.851,6.741,8.992,14.781,42.45
1999-02-25,7.957,7.107,9.414,15.562,18.72
1999-02-26,7.535,8.315,9.344,17.031,16.13
1999-02-27,0.265,6.928,9.203,15.148,12.2
1999-02-28,12.078,7.052,9.492,15.5,14.02
1999-03-01,13.027,8.147,10.336,17.484,14.36
1999-03-02,7.467,6.751,9.461,15.102,11.36
1999-03-03,5.262,8.331,9.094,16.844,15.62
1999-03-04,5.307,7.528,8.391,15.297,12.2
1999-03-05,0.246,7.251,7.914,14.594,11.0
1999-03-06,0.0,9.717,7.703,17.695,9.68
1999-03-07,0.0,10.852,7.055,18.773,9.09
1999-03-08,0.172,9.218,8.812,17.742,8.63
1999-03-09,2.05,7.537,10.117,16.523,8.16
1999-03-10,0.0,8.275,7.445,15.602,8.63
1999-03-11,0.0,7.483,7.234,14.398,10.4
1999-03-12,1.62,6.393,7.32,13.031,10.04
1999-03-13,0.0,6.816,8.328,14.312,10.04
1999-03-14,0.0,8.402,7.266,15.633,11.18
1999-03-15,0.793,8.188,8.453,16.156,8.85
1999-03-16,3.727,8.099,9.203,16.555,8.05
1999-03-17,6.931,7.672,9.148,15.977,7.48
1999-03-18,11.605,7.596,8.625,15.516,13.59
1999-03-19,0.473,7.621,9.016,15.82,10.64
1999-03-20,4.041,9.091,9.555,18.07,10.4
1999-03-21,8.762,6.615,9.555,14.953,10.4
1999-03-22,9.35,6.882,9.258,15.078,8.85
1999-03-23,0.0,7.393,8.492,15.164,8.51
1999-03-24,0.0,7.672,7.844,15.062,7.82
1999-03-25,2.687,6.989,9.242,15.203,7.24
1999-03-26,0.967,7.614,8.109,15.188,7.94
1999-03-27,23.485,6.032,8.977,13.82,7.82
1999-03-28,6.049,7.85,9.031,16.141,9.44
1999-03-29,0.301,7.089,8.508,14.797,11.24
1999-03-30,6.875,9.256,8.211,17.422,13.76
1999-03-31,5.069,7.161,9.75,15.805,11.15
1999-04-01,28.035,7.454,9.781,16.203,9.56
1999-04-02,9.224,7.874,9.07,16.227,9.09
1999-04-03,2.577,6.012,9.594,14.305,8.85
1999-04-04,2.487,8.668,8.398,16.812,8.85
1999-04-05,18.177,6.988,9.562,15.492,17.49
1999-04-06,9.349,8.143,9.305,16.789,14.53
1999-04-07,12.195,8.695,8.289,16.805,10.28
1999-04-08,16.604,7.827,8.883,16.094,9.32
1999-04-09,17.499,6.304,9.992,15.0,33.04
1999-04-10,4.079,4.951,8.969,12.57,55.08
1999-04-11,5.079,7.619,7.773,15.086,42.45
1999-04-12,0.328,7.259,8.016,14.789,21.98
1999-04-13,4.439,6.09,9.328,14.266,22.11
1999-04-14,0.958,7.918,7.891,15.594,16.81
1999-04-15,0.0,6.526,8.648,14.328,19.43
1999-04-16,0.0,5.377,9.039,13.172,19.4
1999-04-17,0.0,7.327,7.969,14.914,16.3
1999-04-18,5.878,5.664,9.375,13.828,30.26
1999-04-19,0.0,4.782,9.727,13.062,39.0
1999-04-20,0.0,5.186,7.922,12.094,43.95
1999-04-21,0.0,5.252,8.414,12.602,32.26
1999-04-22,0.0,7.057,8.336,14.883,60.07
1999-04-23,0.0,6.0,8.766,13.82,33.06
1999-04-24,39.286,5.817,7.852,12.906,24.69
1999-04-25,0.0,7.221,8.047,14.922,19.2
1999-04-26,0.0,7.091,7.859,14.633,20.2
1999-04-27,14.121,5.176,9.891,13.727,36.4
1999-04-28,2.634,6.39,8.625,14.297,26.71
1999-04-29,0.628,6.735,8.266,14.492,26.95
1999-04-30,24.693,4.611,8.812,12.211,48.1
1999-05-01,0.0,6.277,9.336,14.719,26.08
1999-05-02,9.771,6.572,8.641,14.594,20.4
1999-05-03,18.005,6.263,8.688,14.242,22.47
1999-05-04,18.716,6.222,9.062,14.469,16.98
1999-05-05,0.0,7.097,8.758,15.414,15.62
1999-05-06,13.734,6.819,9.727,15.766,19.26
1999-05-07,0.0,7.357,8.742,15.789,20.0
1999-05-08,0.0,6.603,8.602,14.695,16.3
1999-05-09,18.469,6.769,8.344,14.742,16.98
1999-05-10,0.0,7.975,7.773,16.023,16.13
1999-05-11,33.619,6.149,9.164,14.539,17.32
1999-05-12,0.0,6.672,9.672,15.625,14.94
1999-05-13,7.319,5.085,9.195,13.227,16.55
1999-05-14,0.0,8.122,7.391,16.055,16.47
1999-05-15,0.0,5.794,8.484,13.625,17.86
1999-05-16,0.0,7.214,8.695,15.703,17.95
1999-05-17,0.0,6.811,8.312,14.906,14.15
1999-05-18,0.0,5.851,8.227,13.539,14.79
1999-05-19,0.0,6.426,8.195,14.312,15.62
1999-05-20,0.0,4.309,8.773,11.992,32.13
1999-05-21,0.0,6.794,8.219,14.875,22.13
1999-05-22,0.0,5.278,8.742,13.219,17.44
1999-05-23,0.0,7.038,9.398,16.078,13.85
1999-05-24,0.0,6.906,8.508,15.266,16.98
1999-05-25,0.0,6.462,8.664,14.773,13.55
1999-05-26,0.0,8.011,7.984,16.5,12.35
1999-05-27,0.0,6.569,9.352,15.445,11.48
1999-05-28,0.0,5.684,9.812,14.633,12.2
1999-05-29,0.879,6.093,9.398,14.867,33.03
1999-05-30,0.0,6.984,8.891,15.727,21.18
1999-05-31,0.0,6.528,7.82,14.344,15.45
1999-06-01,0.0,7.653,8.508,16.43,12.95
1999-06-02,0.0,5.566,9.18,14.023,14.3
1999-06-03,0.0,6.024,9.656,15.016,17.52
1999-06-04,0.0,5.44,9.016,13.758,13.25
1999-06-05,0.0,5.605,9.297,14.219,13.55
1999-06-06,0.0,7.303,7.055,14.977,14.34
1999-06-07,0.0,7.681,8.43,16.469,13.1
1999-06-08,0.539,4.528,9.719,13.172,16.13
1999-06-09,0.0,8.121,8.445,17.133,21.38
1999-06-10,36.127,7.283,8.562,16.039,27.47
1999-06-11,6.405,6.18,8.305,14.297,19.06
1999-06-12,0.0,7.524,9.477,17.031,14.96
1999-06-13,25.632,4.394,9.656,12.961,23.96
1999-06-14,0.0,6.571,8.383,14.906,17.72
1999-06-15,0.0,7.275,8.922,16.289,14.49
1999-06-16,0.0,6.642,8.32,14.969,14.02
1999-06-17,33.842,6.343,8.75,14.859,14.96
1999-06-18,1.407,5.8,8.891,14.203,12.8
1999-06-19,0.0,6.664,10.727,16.758,11.75
1999-06-20,0.0,5.782,9.938,14.992,12.08
1999-06-21,4.132,5.112,10.047,14.188,50.89
1999-06-22,5.826,5.845,8.867,14.266,25.84
1999-06-23,0.0,6.108,8.547,14.391,15.79
1999-06-24,0.0,6.563,7.492,14.281,12.8
1999-06-25,0.0,7.209,8.281,15.758,14.19
1999-06-26,0.0,6.719,8.469,15.195,12.65
1999-06-27,0.845,5.789,8.242,13.727,12.05
1999-06-28,0.0,7.509,8.297,16.195,16.87
1999-06-29,0.0,7.459,8.516,16.281,16.47
1999-06-30,0.0,6.574,9.281,15.578,13.55
1999-07-01,23.488,5.333,8.836,13.531,11.57
1999-07-02,0.0,6.763,8.398,15.188,10.81
1999-07-03,0.0,6.461,8.758,15.016,11.22
1999-07-04,0.0,7.366,8.141,15.852,11.12
1999-07-05,3.571,7.146,7.523,15.117,10.22
1999-07-06,2.885,5.725,8.273,13.617,10.22
1999-07-07,0.0,4.362,8.523,11.977,14.13
1999-07-08,0.0,6.313,7.367,13.781,13.53
1999-07-09,0.0,6.911,7.328,14.609,10.4
1999-07-10,0.0,7.965,5.672,15.062,9.41
1999-07-11,0.0,7.656,6.375,15.039,8.91
1999-07-12,0.0,7.752,7.242,15.758,8.63
1999-07-13,0.0,5.76,7.594,13.109,9.14
1999-07-14,0.0,7.166,7.203,14.859,9.48
1999-07-15,0.0,7.109,8.227,15.461,9.17
1999-07-16,0.0,6.927,8.148,15.133,8.84
1999-07-17,0.0,5.972,7.727,13.484,8.58
1999-07-18,8.95,7.191,8.359,15.625,8.04
1999-07-19,0.0,5.7,8.617,13.742,8.49
1999-07-20,0.0,6.379,8.852,14.828,8.53
1999-07-21,6.192,5.576,9.023,13.875,15.26
1999-07-22,0.0,6.916,7.562,14.641,11.81
1999-07-23,0.0,6.675,8.578,15.0,14.87
1999-07-24,0.0,6.548,8.312,14.633,21.66
1999-07-25,0.886,6.463,8.961,14.969,31.58
1999-07-26,0.0,6.867,7.883,14.727,19.25
1999-07-27,0.0,4.797,9.211,12.945,15.81
1999-07-28,0.0,5.7,8.68,13.695,15.51
1999-07-29,0.0,5.673,8.43,13.461,51.36
1999-07-30,0.0,6.063,8.172,13.789,20.49
1999-07-31,45.605,6.598,8.281,14.586,18.07
1999-08-01,0.128,5.615,8.789,13.633,26.39
1999-08-02,0.0,5.948,7.305,12.961,15.49
1999-08-03,0.0,6.97,7.664,14.625,12.2
1999-08-04,0.0,7.085,6.43,13.922,10.64
1999-08-05,0.0,7.721,7.805,15.719,9.8
1999-08-06,0.0,8.89,8.156,17.57,9.56
1999-08-07,3.022,7.115,9.68,16.195,9.2
1999-08-08,4.085,4.274,9.555,12.508,9.68
1999-08-09,37.514,5.595,9.047,13.703,75.35
1999-08-10,0.0,7.768,8.016,15.852,19.55
1999-08-11,0.0,5.774,7.586,12.805,13.4
1999-08-12,0.0,7.152,7.586,14.695,11.51
1999-08-13,0.264,7.392,8.016,15.297,10.76
1999-08-14,0.0,6.961,8.727,15.219,27.63
1999-08-15,0.0,5.759,7.797,12.891,30.14
1999-08-16,7.329,6.847,8.672,15.0,41.32
1999-08-17,0.0,9.816,5.367,16.906,16.81
1999-08-18,0.0,8.411,6.32,15.516,12.8
1999-08-19,0.0,7.944,7.766,15.797,11.12
1999-08-20,0.0,6.99,7.523,14.312,10.16
1999-08-21,0.0,7.422,8.266,15.398,9.56
1999-08-22,0.309,9.278,6.766,16.922,9.32
1999-08-23,0.0,9.257,7.203,17.156,9.56
1999-08-24,11.28,7.01,8.195,14.758,9.01
1999-08-25,0.537,7.93,8.172,15.961,8.67
1999-08-26,6.006,7.139,8.297,14.984,9.09
1999-08-27,0.479,7.124,7.953,14.711,8.58
1999-08-28,0.0,8.143,8.453,16.398,8.39
1999-08-29,0.0,8.645,8.562,17.125,8.62
1999-08-30,5.641,6.811,8.672,14.781,9.42
1999-08-31,0.0,7.949,7.68,15.57,9.54
1999-09-01,0.0,7.348,7.852,14.875,9.33
1999-09-02,2.093,8.666,7.539,16.422,13.88
1999-09-03,0.324,7.904,7.492,15.352,14.12
1999-09-04,0.0,6.867,8.047,14.352,14.57
1999-09-05,12.553,7.296,7.891,14.805,12.38
1999-09-06,1.239,7.228,8.93,15.43,10.78
1999-09-07,0.603,9.073,8.102,17.281,14.98
1999-09-08,3.211,9.393,8.344,17.859,14.23
1999-09-09,3.946,9.503,8.547,18.125,10.57
1999-09-10,20.679,6.903,9.258,15.219,13.83
1999-09-11,8.255,7.065,9.938,15.938,19.78
1999-09-12,7.425,9.057,7.773,17.0,15.01
1999-09-13,2.522,8.687,8.984,17.312,14.1
1999-09-14,10.004,7.832,9.242,16.383,12.22
1999-09-15,7.734,8.038,9.562,16.867,11.24
1999-09-16,8.329,6.77,10.562,16.0,21.39
1999-09-17,5.082,5.846,9.227,13.883,35.34
1999-09-18,1.531,7.108,7.719,14.336,19.94
1999-09-19,5.051,7.281,7.742,14.602,12.71
1999-09-20,7.134,7.902,8.547,15.969,14.6
1999-09-21,0.0,8.384,8.938,16.867,18.46
1999-09-22,5.518,7.188,8.805,15.234,27.47
1999-09-23,0.0,7.31,8.5,15.164,14.47
1999-09-24,0.0,8.502,8.984,17.039,11.53
1999-09-25,1.642,7.384,8.703,15.391,10.28
1999-09-26,20.492,8.547,9.602,17.523,12.21
1999-09-27,17.22,6.104,9.844,14.641,28.58
1999-09-28,3.875,5.156,9.398,13.188,21.38
1999-09-29,1.674,7.161,9.109,15.414,37.0
1999-09-30,9.554,8.783,7.688,16.555,19.6
1999-10-01,2.416,9.353,7.188,16.992,17.58
1999-10-02,7.48,7.874,6.062,14.266,13.1
1999-10-03,2.033,7.487,8.711,15.562,12.05
1999-10-04,27.789,6.449,7.969,13.695,35.25
1999-10-05,0.437,8.037,6.25,14.633,19.31
1999-10-06,3.026,7.422,7.695,14.781,13.41
1999-10-07,0.0,6.951,7.984,14.359,11.58
1999-10-08,0.0,7.986,6.336,14.633,10.55
1999-10-09,0.675,6.463,7.273,13.227,10.21
1999-10-10,0.0,9.055,6.75,16.375,9.65
1999-10-11,0.0,7.8,7.555,15.211,9.18
1999-10-12,1.462,7.071,7.984,14.547,11.43
1999-10-13,0.0,5.568,7.391,12.156,14.0
1999-10-14,0.0,6.594,7.93,13.898,11.19
1999-10-15,0.0,7.757,5.875,14.07,10.05
1999-10-16,0.0,8.251,7.43,15.781,9.15
1999-10-17,0.0,8.783,7.703,16.695,8.75
1999-10-18,0.0,7.957,8.469,16.117,8.73
1999-10-19,0.0,7.445,8.523,15.492,11.97
1999-10-20,0.0,7.206,8.664,15.281,8.95
1999-10-21,0.0,9.573,6.812,17.242,8.66
1999-10-22,0.0,8.006,7.344,15.469,7.73
1999-10-23,15.918,7.166,8.828,15.383,10.07
1999-10-24,0.0,8.375,9.406,17.375,11.65
1999-10-25,0.0,5.588,10.188,14.422,11.47
1999-10-26,1.711,8.434,9.227,17.367,10.04
1999-10-27,3.613,5.072,9.93,13.625,10.85
1999-10-28,6.835,6.377,9.664,15.008,9.47
1999-10-29,3.977,8.665,9.961,18.219,9.66
1999-10-30,62.003,6.472,9.492,15.047,32.66
1999-10-31,0.0,8.366,9.164,17.305,13.34
1999-11-01,0.0,9.406,7.023,17.336,9.81
1999-11-02,7.282,8.516,10.828,18.695,9.24
1999-11-03,20.236,7.941,9.727,17.156,14.24
1999-11-04,14.197,8.367,10.648,18.391,16.66
1999-11-05,4.108,7.114,10.117,16.391,10.96
1999-11-06,0.0,7.301,9.047,15.883,12.22
1999-11-07,6.39,6.472,9.984,15.5,9.33
1999-11-08,0.0,7.265,9.992,16.531,9.55
1999-11-09,0.0,8.061,9.781,17.453,8.99
1999-11-10,18.656,5.94,9.93,14.812,8.74
1999-11-11,2.768,4.666,9.797,13.156,21.31
1999-11-12,0.0,6.048,8.688,14.023,18.33
1999-11-13,0.0,7.926,8.508,16.445,10.92
1999-11-14,0.0,9.028,7.305,17.195,9.44
1999-11-15,10.686,7.257,9.562,16.305,11.67
1999-11-16,9.39,8.127,9.117,17.18,12.1
1999-11-17,3.359,6.387,9.547,15.156,12.38
1999-11-18,0.0,7.133,8.852,15.672,9.97
1999-11-19,2.935,6.937,9.469,15.852,9.43
1999-11-20,0.0,7.218,10.477,16.953,9.57
1999-11-21,3.781,7.597,9.742,16.945,8.3
1999-11-22,28.504,5.72,9.367,14.203,9.1
1999-11-23,15.179,7.051,9.117,15.797,13.98
1999-11-24,17.723,6.802,8.703,15.164,13.83
1999-11-25,0.0,5.968,9.523,14.672,11.03
1999-11-26,4.001,7.742,9.234,16.859,9.72
1999-11-27,2.193,6.78,7.766,14.508,15.36
1999-11-28,21.974,7.109,7.555,14.844,17.86
1999-11-29,0.0,8.334,7.703,16.68,10.9
1999-11-30,19.624,7.844,8.664,16.648,13.09
1999-12-01,0.0,6.483,9.711,15.531,15.28
1999-12-02,28.184,6.004,10.172,15.273,16.64
1999-12-03,0.683,7.367,8.688,16.023,56.71
1999-12-04,0.0,7.051,9.609,16.258,15.96
1999-12-05,14.793,6.769,9.875,16.055,12.8
1999-12-06,21.216,8.016,9.734,17.672,15.88
1999-12-07,2.653,7.218,9.281,16.258,15.53
1999-12-08,11.547,7.474,9.938,17.086,30.16
1999-12-09,7.674,5.898,10.367,15.305,20.35
1999-12-10,0.446,7.9,8.516,16.695,13.15
1999-12-11,30.288,7.376,8.031,15.633,11.81
1999-12-12,4.399,6.578,9.055,15.242,10.98
1999-12-13,0.0,6.573,10.281,16.141,31.41
1999-12-14,3.166,5.866,8.953,14.195,18.18
1999-12-15,0.0,7.157,8.945,15.953,15.14
1999-12-16,0.0,6.874,9.219,15.766,12.98
1999-12-17,0.0,7.275,10.227,17.047,16.58
1999-12-18,5.364,6.794,9.273,15.711,16.58
1999-12-19,0.0,7.471,9.062,16.492,13.41
1999-12-20,9.859,6.891,9.383,15.914,12.0
1999-12-21,35.133,6.755,10.367,16.445,10.84
1999-12-22,2.184,5.795,11.156,15.797,12.38
1999-12-23,18.989,6.477,8.812,14.922,16.17
1999-12-24,0.0,6.049,10.242,15.414,28.22
1999-12-25,0.0,7.741,9.766,17.328,23.61
1999-12-26,6.383,7.98,8.812,17.0,13.44
1999-12-27,13.461,8.525,8.766,17.742,11.73
1999-12-28,0.0,9.048,7.648,17.75,11.56
1999-12-29,0.0,8.893,7.875,17.664,10.5
1999-12-30,0.0,8.858,8.703,18.148,10.14
1999-12-31,0.0,8.906,7.781,17.609,9.68
2000-01-01,0.0,8.11,10.547,18.344,9.4
2000-01-02,0.0,6.91,10.547,16.742,9.8
2000-01-03,0.0,7.704,10.078,17.453,9.0
2000-01-04,12.411,8.264,10.094,18.211,8.6
2000-01-05,0.0,8.076,9.648,17.633,8.4
2000-01-06,0.0,6.942,10.148,16.453,8.6
2000-01-07,0.0,4.441,10.367,13.484,15.8
2000-01-08,0.0,7.163,9.164,16.016,18.8
2000-01-09,8.124,8.11,8.773,17.055,14.3
2000-01-10,0.0,7.31,9.5,16.445,14.2
2000-01-11,29.001,7.127,9.422,16.141,14.1
2000-01-12,0.0,7.473,8.859,16.203,11.0
2000-01-13,0.0,8.398,8.391,17.148,10.0
2000-01-14,0.0,9.349,7.094,17.633,9.1
2000-01-15,8.848,7.762,8.797,16.516,8.6
2000-01-16,32.781,7.407,8.852,16.07,8.7
2000-01-17,0.0,6.736,9.531,15.648,16.7
2000-01-18,0.0,7.213,8.688,15.656,15.9
2000-01-19,0.0,7.41,7.102,14.82,10.4
2000-01-20,0.0,5.071,7.992,12.266,9.6
2000-01-21,0.0,7.167,8.312,15.297,10.5
2000-01-22,0.0,7.055,8.594,15.328,9.8
2000-01-23,0.0,7.22,9.281,16.023,8.7
2000-01-24,0.0,8.772,8.078,17.289,7.9
2000-01-25,12.945,7.079,10.117,16.398,7.6
2000-01-26,31.787,7.029,8.93,15.461,7.8
2000-01-27,0.0,7.739,8.492,16.109,12.1
2000-01-28,0.0,7.246,9.477,16.109,13.4
2000-01-29,44.464,7.408,10.047,16.734,13.8
2000-01-30,0.0,7.321,9.719,16.375,15.7
2000-01-31,0.0,7.273,9.586,16.203,19.2
2000-02-01,0.0,6.697,8.07,14.344,16.5
2000-02-02,0.0,6.708,7.633,14.031,13.4
2000-02-03,1.556,7.899,8.219,16.031,10.6
2000-02-04,0.0,8.753,7.859,16.938,10.3
2000-02-05,0.0,8.479,8.344,16.859,8.9
2000-02-06,0.0,8.093,7.266,15.609,8.3
2000-02-07,0.0,8.093,6.836,15.297,7.8
2000-02-08,0.0,9.05,6.625,16.461,7.3
2000-02-09,0.0,9.764,6.188,17.164,7.1
2000-02-10,1.321,7.862,9.875,17.023,7.0
2000-02-11,0.0,7.991,9.406,16.844,7.1
2000-02-12,0.0,9.061,8.211,17.43,6.7
2000-02-13,0.0,9.84,8.156,18.422,6.6
2000-02-14,0.373,8.707,8.156,16.906,6.4
2000-02-15,0.0,8.095,7.195,15.414,6.3
2000-02-16,13.959,8.862,6.188,15.789,6.3
2000-02-17,3.326,6.101,7.281,12.766,7.4
2000-02-18,0.0,7.295,8.102,14.938,8.1
2000-02-19,0.0,7.623,8.594,15.703,8.6
2000-02-20,2.7,8.213,8.094,16.117,7.8
2000-02-21,4.93,7.247,8.984,15.461,8.9
2000-02-22,46.242,6.289,8.922,14.203,24.5
2000-02-23,0.0,7.748,8.992,16.094,11.2
2000-02-24,16.825,7.159,9.195,15.477,10.4
2000-02-25,0.0,7.655,9.805,16.531,12.2
2000-02-26,4.483,7.185,9.109,15.445,29.7
2000-02-27,1.578,8.523,8.531,16.734,15.7
2000-02-28,12.437,8.128,8.898,16.477,13.9
2000-02-29,17.387,6.997,9.078,15.148,10.8
2000-03-01,8.41,6.623,8.609,14.312,11.8
2000-03-02,7.09,6.741,8.016,14.031,10.5
2000-03-03,7.909,7.582,9.078,15.867,28.8
2000-03-04,0.0,6.453,9.266,14.57,12.2
2000-03-05,4.096,6.379,8.844,14.164,14.6
2000-03-06,1.56,6.433,8.398,13.891,14.1
2000-03-07,0.0,7.974,8.609,15.992,14.5
2000-03-08,17.481,7.092,9.477,15.5,27.1
2000-03-09,9.962,7.674,9.391,16.164,13.9
2000-03-10,0.0,7.646,9.766,16.398,10.7
2000-03-11,0.0,8.683,8.945,17.141,9.4
2000-03-12,0.0,7.475,7.18,14.336,8.7
2000-03-13,0.0,7.529,9.023,15.711,8.2
2000-03-14,0.0,7.846,8.602,15.812,7.8
2000-03-15,0.899,9.006,7.789,16.773,7.8
2000-03-16,0.0,10.262,7.672,18.344,7.3
2000-03-17,0.0,8.904,8.992,17.422,6.9
2000-03-18,0.0,9.897,8.578,18.461,6.9
2000-03-19,0.0,7.282,9.305,15.586,8.0
2000-03-20,2.406,7.421,8.898,15.484,8.7
2000-03-21,0.0,8.624,6.883,15.68,7.6
2000-03-22,3.836,6.037,9.266,14.023,7.1
2000-03-23,18.19,7.616,8.039,15.125,8.6
2000-03-24,14.465,8.096,9.68,16.898,13.1
2000-03-25,27.168,5.109,9.023,12.742,50.7
2000-03-26,0.0,7.98,7.375,15.156,20.1
2000-03-27,0.281,9.212,6.672,16.344,14.6
2000-03-28,30.315,6.861,7.992,14.133,41.8
2000-03-29,1.527,7.047,8.25,14.57,18.8
2000-03-30,0.0,8.062,8.688,16.188,13.2
2000-03-31,0.559,8.285,8.438,16.305,11.1
2000-04-01,5.086,7.702,8.562,15.672,10.1
2000-04-02,0.0,6.751,8.664,14.516,9.2
2000-04-03,0.0,7.06,7.742,14.25,9.6
2000-04-04,0.0,7.158,8.836,15.172,10.2
2000-04-05,0.0,5.818,9.109,13.703,35.7
2000-04-06,0.0,7.242,7.914,14.641,15.1
2000-04-07,0.0,7.287,8.719,15.289,10.6
2000-04-08,22.649,7.762,8.141,15.508,10.0
2000-04-09,0.0,7.923,8.906,16.25,9.2
2000-04-10,0.23,7.84,8.352,15.781,8.5
2000-04-11,4.434,6.482,8.328,14.008,8.0
2000-04-12,5.315,5.869,8.609,13.438,13.1
2000-04-13,35.923,7.616,8.656,15.719,18.3
2000-04-14,5.317,8.45,8.75,16.906,16.0
2000-04-15,0.682,8.156,9.156,16.812,14.8
2000-04-16,8.916,5.931,9.133,13.953,42.2
2000-04-17,0.0,5.571,8.609,13.109,19.0
2000-04-18,0.0,9.351,7.359,17.25,13.6
2000-04-19,9.088,7.779,9.344,16.508,21.2
2000-04-20,0.0,6.098,9.352,14.398,17.4
2000-04-21,13.341,5.779,8.234,13.125,13.9
2000-04-22,0.0,7.977,8.461,16.195,13.7
2000-04-23,8.887,5.914,9.344,14.164,14.0
2000-04-24,0.0,4.945,9.578,13.188,15.6
2000-04-25,0.0,8.076,7.953,16.047,13.7
2000-04-26,9.817,6.102,9.219,14.344,12.5
2000-04-27,13.798,6.404,9.297,14.812,11.8
2000-04-28,0.308,6.669,8.273,14.414,15.8
2000-04-29,0.431,7.063,8.727,15.273,35.2
2000-04-30,1.816,6.708,8.516,14.656,19.4
2000-05-01,1.736,7.873,9.484,16.914,16.4
2000-05-02,21.156,8.472,9.039,17.43,19.8
2000-05-03,4.389,7.072,10.117,16.359,16.0
2000-05-04,14.504,5.974,9.242,14.297,27.5
2000-05-05,0.0,7.654,9.008,16.375,19.2
2000-05-06,6.524,6.564,9.281,15.117,14.3
2000-05-07,0.0,6.912,9.508,15.75,11.5
2000-05-08,0.0,5.639,9.875,14.414,10.4
2000-05-09,29.77,6.012,8.953,14.203,17.8
2000-05-10,0.0,5.144,9.648,13.656,21.3
2000-05-11,0.0,7.238,9.172,16.016,25.2
2000-05-12,0.0,7.842,9.68,17.219,19.2
2000-05-13,14.901,7.452,9.398,16.5,17.9
2000-05-14,1.319,7.812,9.492,17.07,22.2
2000-05-15,0.0,6.176,8.773,14.344,20.3
2000-05-16,0.0,9.163,8.523,18.312,14.7
2000-05-17,8.259,6.1,9.836,15.086,12.1
2000-05-18,21.599,6.277,10.906,16.148,23.9
2000-05-19,20.937,6.141,8.742,14.336,20.1
2000-05-20,9.833,7.759,8.852,16.648,15.2
2000-05-21,40.499,5.119,10.484,14.391,80.2
2000-05-22,0.0,6.198,10.055,15.438,119.3
2000-05-23,21.051,5.718,8.93,13.969,98.3
2000-05-24,0.0,6.616,8.688,15.031,112.3
2000-05-25,0.0,6.661,9.656,15.797,49.5
2000-05-26,0.0,7.39,9.516,16.703,28.0
2000-05-27,0.0,6.235,9.969,15.484,29.3
2000-05-28,0.0,5.733,8.898,14.0,55.1
2000-05-29,0.0,6.357,8.914,14.875,42.5
2000-05-30,0.0,7.365,7.414,15.25,29.2
2000-05-31,0.0,7.214,8.648,15.906,25.4
2000-06-01,7.391,6.023,9.031,14.531,23.1
2000-06-02,0.0,7.711,8.281,16.367,20.9
2000-06-03,0.0,5.907,10.227,15.281,17.6
2000-06-04,0.0,6.432,9.531,15.484,16.0
2000-06-05,0.0,7.294,9.391,16.586,15.7
2000-06-06,0.0,6.803,9.703,16.141,16.3
2000-06-07,0.0,7.211,8.953,16.18,17.7
2000-06-08,5.736,5.948,9.547,14.883,18.0
2000-06-09,1.491,6.677,9.094,15.539,17.8
2000-06-10,0.67,6.753,9.227,15.758,15.2
2000-06-11,0.0,6.683,8.797,15.359,13.5
2000-06-12,0.0,7.215,9.133,16.352,16.4
2000-06-13,0.0,6.73,7.875,14.781,13.8
2000-06-14,16.389,7.985,8.742,17.18,12.0
2000-06-15,2.784,6.66,9.633,15.938,11.5
2000-06-16,1.693,5.13,10.445,14.523,14.3
2000-06-17,46.126,5.591,9.773,14.602,39.6
2000-06-18,3.65,6.357,9.062,15.117,18.8
2000-06-19,0.0,7.029,9.086,16.07,13.6
2000-06-20,1.614,7.091,9.227,16.281,11.5
2000-06-21,2.995,5.989,9.672,15.07,12.2
2000-06-22,0.0,6.424,9.281,15.375,14.3
2000-06-23,0.0,5.156,9.453,13.797,27.6
2000-06-24,10.93,6.879,8.57,15.508,27.7
2000-06-25,9.196,6.016,8.648,14.336,24.0
2000-06-26,0.0,6.881,8.75,15.617,18.5
2000-06-27,0.0,7.297,8.383,15.961,15.9
2000-06-28,0.0,7.098,7.812,15.273,15.6
2000-06-29,0.0,7.413,8.547,16.227,13.1
2000-06-30,7.637,6.829,9.312,15.953,12.5
2000-07-01,0.0,6.218,9.133,14.961,11.5
2000-07-02,7.264,7.047,9.523,16.383,10.8
2000-07-03,0.0,6.266,8.609,14.648,10.8
2000-07-04,0.0,6.118,9.289,14.922,11.1
2000-07-05,0.0,5.727,9.484,14.531,13.7
2000-07-06,0.0,6.596,9.398,15.648,18.8
2000-07-07,2.807,5.829,8.0,13.539,14.7
2000-07-08,0.0,7.21,8.203,15.641,11.8
2000-07-09,0.0,7.48,8.891,16.492,10.8
2000-07-10,0.0,7.549,8.164,16.094,10.0
2000-07-11,0.0,6.818,8.625,15.359,9.6
2000-07-12,0.0,7.132,8.695,15.867,10.6
2000-07-13,0.331,6.038,9.266,14.734,11.9
2000-07-14,0.0,5.955,9.125,14.516,14.7
2000-07-15,0.0,6.912,8.352,15.266,13.0
2000-07-16,0.0,8.11,6.703,15.852,13.3
2000-07-17,0.0,6.761,8.539,15.148,10.2
2000-07-18,0.96,8.456,8.305,17.359,10.3
2000-07-19,1.484,7.536,10.383,17.508,10.8
2000-07-20,48.328,6.138,10.109,15.438,17.1
2000-07-21,10.478,6.56,8.734,14.969,13.7
2000-07-22,1.49,7.798,8.602,16.594,12.7
2000-07-23,0.0,6.633,9.594,15.664,12.8
2000-07-24,25.479,6.062,9.664,14.977,10.4
2000-07-25,0.0,4.564,9.852,13.203,10.6
2000-07-26,0.0,6.318,9.289,15.008,27.9
2000-07-27,0.0,5.596,8.062,13.094,19.8
2000-07-28,0.0,6.497,7.578,13.961,12.5
2000-07-29,0.0,4.782,7.547,11.57,10.8
2000-07-30,0.0,7.352,7.359,14.984,10.2
2000-07-31,0.0,8.675,6.203,16.102,10.0
2000-08-01,21.022,7.206,8.328,15.438,9.3
2000-08-02,1.866,8.555,7.766,16.906,8.6
2000-08-03,8.886,7.219,8.836,15.773,9.3
2000-08-04,19.918,5.871,8.609,13.797,9.8
2000-08-05,0.0,7.378,7.453,14.992,18.4
2000-08-06,1.616,7.936,8.156,16.242,12.5
2000-08-07,0.374,6.869,8.531,15.031,11.3
2000-08-08,4.508,7.348,7.938,15.227,10.3
2000-08-09,2.627,7.344,8.703,15.766,10.0
2000-08-10,0.0,7.468,8.375,15.688,14.9
2000-08-11,19.359,7.132,7.289,14.445,15.6
2000-08-12,0.0,8.589,6.688,16.086,12.3
2000-08-13,0.0,8.127,7.547,15.984,10.0
2000-08-14,0.0,6.776,7.367,13.977,10.2
2000-08-15,0.0,8.39,6.68,15.734,13.0
2000-08-16,0.75,6.786,8.219,14.562,21.1
2000-08-17,4.092,7.731,7.062,15.055,23.7
2000-08-18,1.331,8.249,7.172,15.82,18.2
2000-08-19,0.0,7.067,8.422,15.039,21.6
2000-08-20,0.0,8.175,6.688,15.359,15.6
2000-08-21,0.0,7.948,7.148,15.336,13.6
2000-08-22,0.0,7.338,8.906,15.727,13.4
2000-08-23,0.0,7.494,8.453,15.594,14.6
2000-08-24,0.0,6.9,8.453,14.797,20.4
2000-08-25,4.836,8.69,9.031,17.547,40.7
2000-08-26,0.0,8.017,9.227,16.781,29.3
2000-08-27,0.0,6.601,8.836,14.641,39.0
2000-08-28,0.108,8.541,8.297,16.82,26.6
2000-08-29,15.918,8.492,8.734,17.023,19.2
2000-08-30,0.918,8.728,9.102,17.57,16.3
2000-08-31,0.0,7.558,9.281,16.18,12.8
2000-09-01,0.0,7.511,8.758,15.727,26.7
2000-09-02,0.0,8.269,8.852,16.758,13.7
2000-09-03,0.0,7.724,8.906,16.07,11.9
2000-09-04,21.875,5.984,8.211,13.312,20.9
2000-09-05,0.0,7.896,8.43,15.945,19.7
2000-09-06,3.826,8.628,10.297,18.188,12.1
2000-09-07,1.679,8.756,8.781,17.305,28.6
2000-09-08,7.419,9.215,8.562,17.75,14.2
2000-09-09,8.771,8.17,9.406,16.961,11.5
2000-09-10,10.747,6.757,9.578,15.273,11.7
2000-09-11,0.0,8.449,9.656,17.477,11.3
2000-09-12,0.398,9.344,8.07,17.578,10.2
2000-09-13,5.493,8.509,9.484,17.422,9.6
2000-09-14,0.445,7.29,9.344,15.758,9.3
2000-09-15,2.25,7.709,8.703,15.836,9.0
2000-09-16,0.0,9.204,7.875,17.242,8.7
2000-09-17,5.093,7.503,8.086,15.133,10.8
2000-09-18,0.0,7.045,7.688,14.242,10.2
2000-09-19,0.0,8.298,7.375,15.688,9.9
2000-09-20,1.413,7.962,8.102,15.742,9.3
2000-09-21,0.316,9.221,8.055,17.375,9.8
2000-09-22,0.0,8.672,7.633,16.359,8.5
2000-09-23,3.482,6.239,9.133,14.25,23.1
2000-09-24,23.976,9.503,9.25,18.516,16.8
2000-09-25,6.252,8.842,7.75,16.664,12.8
2000-09-26,1.826,6.515,8.578,14.203,19.1
2000-09-27,1.86,7.181,8.555,15.039,13.6
2000-09-28,0.0,6.396,9.586,14.812,10.5
2000-09-29,0.0,7.378,8.086,14.977,9.4
2000-09-30,0.0,6.913,9.07,15.094,9.4
2000-10-01,0.0,7.259,8.547,15.148,9.7
2000-10-02,0.0,8.018,7.711,15.562,10.8
2000-10-03,0.564,8.268,6.422,15.047,9.1
2000-10-04,0.0,7.952,6.914,14.945,8.4
2000-10-05,0.0,7.414,7.539,14.656,10.0
2000-10-06,0.0,7.155,7.734,14.453,8.3
2000-10-07,0.0,7.593,7.484,14.875,7.7
2000-10-08,0.549,7.414,8.094,15.07,7.9
2000-10-09,2.646,7.46,7.906,15.016,7.8
2000-10-10,0.0,7.833,7.672,15.344,13.2
2000-10-11,0.0,7.305,7.992,14.875,15.2
2000-10-12,0.0,8.035,7.117,15.258,9.3
2000-10-13,0.0,8.584,7.68,16.367,8.3
2000-10-14,0.0,7.681,7.461,15.031,8.5
2000-10-15,0.0,7.51,8.758,15.734,9.6
2000-10-16,0.436,7.088,8.234,14.805,16.6
2000-10-17,0.0,7.832,7.586,15.352,13.9
2000-10-18,2.031,7.9,7.188,15.18,12.7
2000-10-19,0.0,8.19,7.438,15.773,13.9
2000-10-20,0.0,8.713,7.844,16.742,13.3
2000-10-21,0.0,7.201,7.93,14.773,9.4
2000-10-22,0.0,7.368,9.219,15.922,11.3
2000-10-23,21.729,6.788,9.688,15.523,9.0
2000-10-24,26.097,7.809,10.359,17.32,9.2
2000-10-25,2.087,7.391,9.727,16.328,12.2
2000-10-26,19.666,6.702,8.93,14.953,10.3
2000-10-27,18.808,6.489,10.406,15.742,66.1
2000-10-28,9.122,8.927,8.594,17.641,20.7
2000-10-29,3.067,9.284,8.203,17.867,15.3
2000-10-30,15.552,7.206,9.82,16.234,14.9
2000-10-31,3.048,6.693,10.062,15.781,14.1
2000-11-01,11.52,7.148,9.984,16.328,39.3
2000-11-02,6.882,6.857,9.875,15.859,16.3
2000-11-03,0.0,9.301,9.266,18.672,16.3
2000-11-04,0.0,7.432,9.992,16.711,13.6
2000-11-05,0.227,8.304,10.633,18.312,12.2
2000-11-06,7.348,7.493,10.766,17.375,11.5
2000-11-07,10.533,6.236,10.188,15.359,15.0
2000-11-08,8.243,8.969,9.539,18.5,15.5
2000-11-09,1.969,8.293,9.477,17.555,13.0
2000-11-10,7.001,8.004,10.039,17.586,11.6
2000-11-11,14.257,6.934,10.602,16.586,14.3
2000-11-12,15.275,9.62,10.062,19.758,20.8
2000-11-13,0.729,9.531,9.234,19.125,12.8
2000-11-14,8.185,6.188,11.102,16.055,12.5
2000-11-15,13.678,7.488,10.07,17.008,13.7
2000-11-16,10.631,8.312,8.398,16.953,15.8
2000-11-17,29.825,4.358,9.977,12.977,14.3
2000-11-18,13.611,6.419,9.148,14.938,21.5
2000-11-19,0.0,7.445,8.828,16.102,29.9
2000-11-20,3.462,6.791,9.648,15.828,21.6
2000-11-21,0.0,8.718,8.211,17.477,19.4
2000-11-22,8.434,7.443,8.492,15.891,20.2
2000-11-23,4.123,8.036,7.984,16.383,14.1
2000-11-24,3.251,6.249,7.742,13.727,18.7
2000-11-25,0.0,6.907,7.984,14.844,21.0
2000-11-26,0.0,7.494,6.188,14.445,16.1
2000-11-27,0.0,7.835,6.664,15.273,13.4
2000-11-28,0.0,7.678,7.727,15.766,12.3
2000-11-29,2.021,5.831,8.484,13.75,11.8
2000-11-30,0.0,6.499,7.195,13.75,11.2
2000-12-01,0.0,7.448,8.094,15.719,10.7
2000-12-02,0.0,7.315,7.406,15.07,10.3
2000-12-03,0.0,9.371,6.391,17.383,10.1
2000-12-04,0.0,8.482,8.297,17.336,9.7
2000-12-05,0.0,7.381,9.516,16.641,9.8
2000-12-06,0.0,6.148,9.57,15.031,10.6
2000-12-07,0.0,6.068,9.359,14.766,11.6
2000-12-08,45.885,7.029,9.594,16.258,50.1
2000-12-09,0.0,6.59,9.141,15.32,17.7
2000-12-10,0.0,7.123,8.75,15.773,12.5
2000-12-11,13.745,7.483,8.477,16.086,11.4
2000-12-12,0.265,7.931,9.375,17.336,10.6
2000-12-13,0.0,8.806,7.477,17.312,10.2
2000-12-14,0.0,8.023,9.109,17.289,10.9
2000-12-15,0.685,7.877,10.141,17.773,12.8
2000-12-16,10.873,8.097,10.273,18.188,10.2
2000-12-17,0.0,7.755,7.602,15.906,11.6
2000-12-18,0.0,6.895,8.281,15.164,11.7
2000-12-19,0.0,5.723,8.242,13.477,10.3
2000-12-20,2.715,7.355,9.344,16.523,10.6
2000-12-21,0.0,7.862,7.508,15.977,9.8
2000-12-22,0.0,8.259,6.344,15.789,9.1
2000-12-23,0.0,6.911,8.375,15.219,8.9
2000-12-24,0.0,5.644,8.477,13.555,9.2
2000-12-25,0.0,7.292,8.047,15.523,9.4
2000-12-26,0.0,7.012,7.367,14.648,10.3
2000-12-27,0.0,7.638,8.102,16.039,9.7
2000-12-28,20.559,7.384,8.633,16.031,9.5
2000-12-29,3.578,4.575,8.711,12.305,9.6
2000-12-30,23.526,6.656,8.062,14.617,11.1
2000-12-31,2.78,6.077,8.492,14.133,13.9
2001-01-01,0.504,7.107,8.211,15.359,13.5
2001-01-02,0.0,7.27,7.703,15.219,11.2
2001-01-03,0.0,7.476,7.305,15.227,9.2
2001-01-04,0.586,9.206,7.305,17.695,8.6
2001-01-05,16.501,6.556,9.375,15.383,8.3
2001-01-06,0.0,8.267,9.758,17.969,8.4
2001-01-07,0.0,8.577,7.992,17.211,8.0
2001-01-08,0.0,8.868,7.266,17.148,7.7
2001-01-09,0.0,7.146,8.688,15.648,7.6
2001-01-10,11.457,7.052,8.453,15.336,7.8
2001-01-11,0.28,8.371,7.953,16.844,8.4
2001-01-12,0.553,7.758,8.672,16.469,8.0
2001-01-13,0.0,7.235,7.852,15.156,7.4
2001-01-14,1.746,7.988,7.242,15.789,7.0
2001-01-15,6.078,8.414,6.164,15.688,7.0
2001-01-16,0.332,7.166,7.594,14.844,7.1
2001-01-17,28.301,6.618,8.016,14.367,8.1
2001-01-18,0.0,6.525,8.523,14.602,8.3
2001-01-19,7.603,6.685,7.969,14.414,8.6
2001-01-20,0.13,7.258,7.898,15.133,8.2
2001-01-21,0.0,6.737,8.641,14.938,7.9
2001-01-22,0.0,8.433,7.625,16.562,7.7
2001-01-23,0.0,8.182,7.227,15.922,9.6
2001-01-24,0.0,6.579,7.633,13.961,8.0
2001-01-25,0.824,7.007,7.305,14.305,7.4
2001-01-26,0.0,6.513,7.586,13.812,7.0
2001-01-27,0.0,8.075,6.656,15.336,6.7
2001-01-28,0.0,8.254,7.484,16.117,6.5
2001-01-29,0.0,7.648,7.234,15.094,6.4
2001-01-30,0.0,8.913,6.625,16.438,6.4
2001-01-31,0.0,8.887,7.242,16.781,6.2
2001-02-01,0.0,8.069,6.609,15.211,6.2
2001-02-02,0.125,8.308,6.203,15.273,6.2
2001-02-03,10.25,6.653,8.125,14.281,6.2
2001-02-04,0.0,7.305,6.953,14.328,7.3
2001-02-05,0.0,6.876,6.203,13.203,6.6
2001-02-06,0.0,6.957,7.773,14.414,10.3
2001-02-07,0.0,7.447,7.664,14.977,8.8
2001-02-08,0.0,6.413,8.602,14.258,18.8
2001-02-09,4.737,7.565,7.539,15.016,13.5
2001-02-10,0.395,7.016,7.711,14.383,12.9
2001-02-11,5.171,6.349,7.422,13.266,9.1
2001-02-12,0.0,7.327,7.359,14.523,7.4
2001-02-13,0.0,7.024,7.68,14.328,6.7
2001-02-14,0.0,8.443,7.719,16.25,6.5
2001-02-15,0.0,8.721,7.953,16.766,6.3
2001-02-16,0.0,9.521,7.281,17.383,6.2
2001-02-17,0.0,9.69,7.016,17.43,6.1
2001-02-18,0.0,8.864,7.75,16.781,6.0
2001-02-19,0.157,8.592,8.039,16.594,6.1
2001-02-20,7.741,8.432,8.961,16.984,6.1
2001-02-21,13.389,7.032,9.25,15.383,7.0
2001-02-22,28.853,5.722,10.25,14.555,11.8
2001-02-23,8.791,7.267,9.078,15.547,25.7
2001-02-24,0.0,7.041,8.602,14.891,12.8
2001-02-25,3.853,8.939,7.086,16.344,13.5
2001-02-26,5.629,7.097,8.906,15.172,12.0
2001-02-27,0.0,8.698,9.328,17.539,13.4
2001-02-28,1.656,8.797,8.953,17.398,15.7
2001-03-01,0.0,6.696,9.289,14.922,16.3
2001-03-02,0.0,7.1,9.336,15.461,22.6
2001-03-03,1.317,7.69,9.227,16.109,11.5
2001-03-04,14.43,6.288,8.727,13.969,15.9
2001-03-05,6.341,7.875,8.102,15.531,24.2
2001-03-06,4.442,7.085,9.297,15.375,17.8
2001-03-07,0.0,7.15,9.211,15.383,12.8
2001-03-08,0.0,7.219,7.703,14.391,11.9
2001-03-09,2.31,7.595,8.938,15.75,12.2
2001-03-10,5.242,7.451,8.242,15.062,10.5
2001-03-11,2.723,8.684,8.289,16.703,9.0
2001-03-12,0.0,9.031,7.438,16.578,7.7
2001-03-13,0.0,9.288,7.039,16.656,7.2
2001-03-14,0.152,8.628,7.43,16.031,7.6
2001-03-15,5.088,6.916,9.469,15.25,9.0
2001-03-16,23.063,7.288,9.156,15.484,7.8
2001-03-17,0.0,6.924,9.328,15.164,9.8
2001-03-18,0.424,7.198,8.125,14.633,8.1
2001-03-19,0.0,6.767,9.531,15.125,8.9
2001-03-20,5.362,9.101,8.719,17.508,11.8
2001-03-21,0.354,5.761,9.18,13.617,12.4
2001-03-22,5.344,8.238,8.469,16.227,9.7
2001-03-23,11.289,7.029,8.547,14.734,15.7
2001-03-24,5.083,7.061,7.781,14.227,11.0
2001-03-25,0.0,7.536,8.688,15.492,9.6
2001-03-26,3.669,7.682,7.398,14.781,8.5
2001-03-27,9.644,7.962,8.188,15.695,8.5
2001-03-28,0.0,8.42,8.336,16.406,7.5
2001-03-29,10.172,5.588,8.695,13.062,7.2
2001-03-30,0.0,7.263,7.914,14.617,7.8
2001-03-31,1.085,9.016,7.648,16.734,8.1
2001-04-01,0.0,9.582,8.023,17.742,9.4
2001-04-02,6.363,7.796,9.141,16.18,7.9
2001-04-03,0.164,7.041,9.234,15.305,7.4
2001-04-04,0.0,8.968,7.555,16.656,6.7
2001-04-05,0.0,6.954,8.234,14.469,6.7
2001-04-06,3.071,6.853,9.438,15.242,6.9
2001-04-07,3.012,4.785,9.672,12.938,30.3
2001-04-08,0.0,8.194,8.164,16.078,14.2
2001-04-09,6.278,7.214,8.391,14.969,9.0
2001-04-10,0.0,7.762,7.875,15.312,7.9
2001-04-11,0.0,7.272,8.227,14.938,7.3
2001-04-12,0.226,7.494,8.859,15.695,7.7
2001-04-13,25.541,7.752,8.406,15.727,67.8
2001-04-14,0.525,8.302,7.812,16.055,13.3
2001-04-15,0.0,8.157,8.141,16.109,14.2
2001-04-16,0.0,6.847,8.516,14.656,12.2
2001-04-17,0.0,5.753,7.805,12.719,27.7
2001-04-18,0.0,8.439,7.852,16.32,31.4
2001-04-19,18.081,8.204,8.688,16.586,12.1
2001-04-20,0.0,8.565,8.453,16.93,9.2
2001-04-21,7.216,7.907,8.688,16.227,9.3
2001-04-22,0.0,7.672,8.938,16.094,8.5
2001-04-23,0.0,5.775,9.641,14.195,8.8
2001-04-24,0.0,7.839,8.477,16.055,9.4
2001-04-25,1.184,6.469,8.5,14.258,8.8
2001-04-26,13.09,6.911,9.766,15.797,13.7
2001-04-27,0.0,7.496,8.109,15.367,17.1
2001-04-28,0.713,6.672,9.625,15.398,25.6
2001-04-29,0.0,6.161,9.547,14.688,25.2
2001-04-30,15.52,7.329,8.461,15.453,35.0
2001-05-01,9.324,7.751,9.523,16.773,20.6
2001-05-02,0.514,7.999,8.859,16.672,16.1
2001-05-03,0.0,6.202,9.062,14.438,12.8
2001-05-04,0.0,7.237,9.406,16.055,16.4
2001-05-05,0.0,8.022,8.43,16.445,15.7
2001-05-06,0.0,7.622,9.969,16.992,12.9
2001-05-07,0.0,8.22,10.719,18.336,16.2
2001-05-08,29.762,5.731,10.727,15.195,18.7
2001-05-09,0.0,7.294,10.336,16.875,16.7
2001-05-10,9.786,7.088,10.766,16.953,33.2
2001-05-11,0.0,8.226,9.469,17.555,17.2
2001-05-12,0.0,7.776,9.609,17.055,12.5
2001-05-13,1.382,7.044,10.078,16.438,11.4
2001-05-14,5.948,7.224,9.242,16.094,11.3
2001-05-15,0.0,8.062,9.375,17.328,11.3
2001-05-16,0.269,8.486,8.859,17.578,11.0
2001-05-17,2.426,7.635,9.352,16.766,11.4
2001-05-18,4.246,6.18,10.242,15.484,11.5
2001-05-19,0.0,5.964,10.016,15.055,19.4
2001-05-20,6.988,7.691,9.289,16.836,20.0
2001-05-21,8.976,5.557,9.148,13.891,16.5
2001-05-22,3.908,7.268,8.805,15.953,18.8
2001-05-23,0.363,7.708,8.508,16.383,13.4
2001-05-24,0.566,7.381,9.117,16.352,11.6
2001-05-25,1.214,7.881,8.336,16.539,11.6
2001-05-26,4.231,6.188,9.383,14.945,11.1
2001-05-27,0.235,7.346,8.656,16.023,10.8
2001-05-28,1.498,5.756,9.703,14.641,15.6
2001-05-29,29.782,7.043,8.602,15.602,23.1
2001-05-30,8.69,6.007,7.688,13.508,26.1
2001-05-31,0.0,6.784,7.406,14.406,35.6
2001-06-01,0.0,6.263,8.953,14.805,26.0
2001-06-02,0.0,8.431,7.43,16.828,16.1
2001-06-03,0.728,6.053,8.773,14.398,14.5
2001-06-04,0.0,6.995,7.281,14.672,13.4
2001-06-05,0.0,6.402,7.938,14.281,16.6
2001-06-06,12.329,6.949,8.75,15.648,17.2
2001-06-07,1.444,6.089,8.578,14.312,14.2
2001-06-08,0.0,7.526,7.547,15.672,18.9
2001-06-09,6.999,4.283,9.969,13.07,43.5
2001-06-10,0.0,5.325,9.344,13.906,45.2
2001-06-11,0.0,4.702,9.219,12.977,67.8
2001-06-12,0.0,6.48,8.352,14.75,81.7
2001-06-13,7.753,7.443,8.039,15.914,32.7
2001-06-14,0.0,7.447,6.719,15.039,20.6
2001-06-15,0.0,6.303,8.125,14.336,17.1
2001-06-16,37.086,7.394,8.258,16.0,15.4
2001-06-17,36.584,6.894,9.414,16.117,13.7
2001-06-18,23.059,5.44,9.789,14.406,13.0
2001-06-19,0.0,5.39,9.672,14.258,40.5
2001-06-20,0.0,3.868,9.625,12.312,64.0
2001-06-21,0.0,5.056,8.133,12.625,26.4
2001-06-22,0.0,6.718,7.797,14.734,18.2
2001-06-23,0.0,5.765,6.352,12.328,16.3
2001-06-24,0.0,7.65,6.656,15.32,16.4
2001-06-25,0.0,6.826,7.82,14.906,15.5
2001-06-26,0.0,5.847,8.961,14.32,15.0
2001-06-27,0.0,5.532,9.188,14.086,33.5
2001-06-28,0.0,6.187,8.711,14.625,58.0
2001-06-29,0.0,4.556,9.031,12.656,44.8
2001-06-30,0.0,6.022,9.484,14.961,29.9
2001-07-01,0.0,5.847,9.547,14.758,26.1
2001-07-02,0.0,6.266,8.461,14.508,28.4
2001-07-03,0.0,5.168,9.93,14.133,24.0
2001-07-04,0.0,6.318,9.922,15.68,21.4
2001-07-05,0.0,6.581,10.039,16.109,29.7
2001-07-06,1.469,5.831,9.492,14.68,45.9
2001-07-07,0.0,6.63,9.445,15.734,17.7
2001-07-08,0.0,6.235,9.648,15.32,20.7
2001-07-09,0.0,5.244,8.836,13.367,18.8
2001-07-10,0.0,7.467,8.922,16.492,17.2
2001-07-11,0.0,7.707,8.32,16.414,16.8
2001-07-12,0.0,5.267,9.523,13.922,15.8
2001-07-13,4.224,4.557,9.367,12.891,15.7
2001-07-14,0.0,7.773,7.977,16.25,14.3
2001-07-15,0.0,6.624,8.078,14.68,14.3
2001-07-16,8.01,7.625,8.484,16.352,14.5
2001-07-17,4.069,7.885,8.758,16.898,13.3
2001-07-18,1.369,6.551,9.625,15.664,14.9
2001-07-19,14.631,5.888,10.047,15.086,20.3
2001-07-20,12.715,5.622,9.391,14.219,25.9
2001-07-21,0.0,5.827,8.93,14.156,20.5
2001-07-22,0.0,7.454,8.602,16.141,33.9
2001-07-23,0.0,6.193,7.766,13.75,29.0
2001-07-24,0.0,8.19,6.18,15.539,20.2
2001-07-25,0.0,9.066,6.195,16.797,15.8
2001-07-26,0.0,8.422,7.844,16.906,14.6
2001-07-27,0.0,7.679,8.367,16.188,17.0
2001-07-28,37.721,5.058,8.523,12.727,32.5
2001-07-29,0.0,8.29,6.992,16.109,21.6
2001-07-30,0.0,6.748,9.273,15.523,35.6
2001-07-31,0.0,6.116,8.664,14.211,57.6
2001-08-01,0.0,6.863,8.117,14.82,20.3
2001-08-02,6.051,6.226,8.859,14.508,23.3
2001-08-03,0.0,6.18,8.383,14.055,27.9
2001-08-04,0.0,6.384,7.742,13.859,39.3
2001-08-05,0.0,7.142,8.578,15.461,27.7
2001-08-06,0.0,6.768,8.094,14.625,18.1
2001-08-07,1.859,7.919,8.172,16.234,16.4
2001-08-08,10.58,6.102,8.406,13.891,19.3
2001-08-09,0.0,7.679,8.008,15.75,17.6
2001-08-10,0.0,4.788,7.664,11.578,17.0
2001-08-11,0.0,5.076,8.344,12.5,21.0
2001-08-12,0.0,7.384,7.625,15.031,19.5
2001-08-13,0.0,6.394,7.875,13.844,15.7
2001-08-14,4.264,7.764,7.602,15.5,14.2
2001-08-15,7.196,7.279,9.133,15.906,13.5
2001-08-16,2.962,6.449,8.844,14.562,15.2
2001-08-17,0.709,6.36,9.352,14.836,39.9
2001-08-18,0.097,5.468,9.781,14.039,47.4
2001-08-19,0.0,6.779,9.336,15.344,25.0
2001-08-20,0.0,7.411,9.656,16.375,19.2
2001-08-21,1.956,6.916,9.289,15.453,36.0
2001-08-22,0.0,6.195,9.602,14.758,35.2
2001-08-23,4.223,7.546,7.164,14.773,21.3
2001-08-24,0.0,7.374,7.742,14.922,16.0
2001-08-25,20.656,8.148,7.008,15.477,14.2
2001-08-26,0.0,8.684,7.469,16.492,13.5
2001-08-27,0.0,8.604,8.367,16.961,12.5
2001-08-28,8.215,7.883,8.695,16.219,12.1
2001-08-29,10.536,6.724,8.461,14.508,11.6
2001-08-30,0.0,7.284,7.68,14.695,11.2
2001-08-31,0.0,7.777,7.875,15.477,10.8
2001-09-01,0.0,7.12,7.5,14.32,10.6
2001-09-02,0.0,8.214,7.992,16.117,11.0
2001-09-03,0.0,8.192,8.242,16.234,11.5
2001-09-04,0.0,7.456,8.305,15.312,14.2
2001-09-05,3.314,6.91,9.266,15.273,38.3
2001-09-06,20.173,6.411,8.93,14.398,133.3
2001-09-07,0.0,8.315,7.023,15.555,33.1
2001-09-08,0.0,7.789,7.852,15.398,18.1
2001-09-09,1.866,9.022,8.148,17.227,16.4
2001-09-10,0.0,8.458,9.164,17.164,16.9
2001-09-11,6.721,7.775,9.844,16.758,18.2
2001-09-12,7.766,8.103,8.297,16.086,19.5
2001-09-13,0.623,8.965,8.781,17.531,15.1
2001-09-14,25.429,5.192,9.039,12.922,17.6
2001-09-15,0.0,7.313,8.5,15.18,18.4
2001-09-16,0.0,9.748,7.461,17.703,14.8
2001-09-17,0.0,8.278,7.844,15.992,13.9
2001-09-18,0.0,8.062,8.078,15.875,13.1
2001-09-19,0.0,7.627,7.961,15.203,14.6
2001-09-20,0.0,8.276,8.086,16.133,14.7
2001-09-21,0.885,7.776,7.938,15.367,14.8
2001-09-22,7.234,7.871,7.719,15.352,18.6
2001-09-23,11.964,8.173,9.141,16.742,17.7
2001-09-24,0.0,9.551,7.922,17.719,16.3
2001-09-25,0.0,9.451,7.656,17.406,12.8
2001-09-26,7.873,8.702,9.867,17.906,11.7
2001-09-27,2.791,7.049,9.727,15.719,11.5
2001-09-28,9.684,7.13,9.562,15.695,13.1
2001-09-29,0.182,8.061,9.078,16.547,23.6
2001-09-30,0.0,8.673,8.891,17.219,16.3
2001-10-01,0.0,11.013,6.969,19.086,13.1
2001-10-02,1.215,8.517,9.023,17.117,11.6
2001-10-03,0.0,7.283,8.867,15.414,11.2
2001-10-04,0.0,6.646,7.961,13.938,11.9
2001-10-05,0.0,7.705,7.422,14.961,11.7
2001-10-06,3.838,6.654,8.375,14.25,11.7
2001-10-07,1.16,7.385,8.641,15.398,11.5
2001-10-08,0.0,9.349,8.25,17.719,11.5
2001-10-09,0.0,7.315,7.719,14.672,10.4
2001-10-10,0.0,8.617,7.664,16.375,10.1
2001-10-11,0.0,9.499,7.531,17.484,10.0
2001-10-12,0.0,9.644,9.141,18.727,9.7
2001-10-13,11.102,7.044,9.336,15.5,10.7
2001-10-14,0.098,8.757,8.234,16.977,11.4
2001-10-15,4.399,8.224,9.133,16.891,11.8
2001-10-16,16.406,8.546,9.945,17.883,13.1
2001-10-17,12.712,8.169,10.312,17.648,18.7
2001-10-18,0.647,6.937,10.992,16.672,14.4
2001-10-19,0.0,11.165,8.32,20.297,11.1
2001-10-20,11.345,7.119,10.539,16.539,14.3
2001-10-21,18.743,7.635,9.914,16.734,15.4
2001-10-22,0.0,7.383,10.219,16.656,45.4
2001-10-23,0.915,8.18,9.086,16.898,31.9
2001-10-24,18.698,7.139,8.672,15.25,19.1
2001-10-25,1.048,8.143,8.789,16.672,14.5
2001-10-26,0.0,7.109,9.273,15.664,12.9
2001-10-27,1.023,8.077,8.711,16.547,11.8
2001-10-28,0.0,9.625,9.648,19.25,11.2
2001-10-29,0.0,9.418,10.227,19.359,11.3
2001-10-30,5.606,7.248,11.18,17.281,13.0
2001-10-31,10.681,7.409,10.297,16.852,13.3
2001-11-01,0.0,8.385,9.383,17.484,14.3
2001-11-02,16.367,6.327,8.188,13.922,12.0
2001-11-03,0.0,9.33,8.133,17.953,11.6
2001-11-04,0.0,9.3,7.195,17.336,10.7
2001-11-05,0.0,8.49,9.531,17.781,10.0
2001-11-06,3.991,7.217,9.836,16.344,9.8
2001-11-07,21.235,8.067,8.695,16.68,13.6
2001-11-08,0.555,7.48,7.672,15.195,11.0
2001-11-09,0.0,7.799,8.258,16.047,10.0
2001-11-10,0.0,7.217,8.648,15.539,9.4
2001-11-11,0.0,7.285,9.141,16.0,9.2
2001-11-12,0.0,7.871,9.086,16.766,9.4
2001-11-13,12.217,8.497,9.336,17.789,12.0
2001-11-14,5.912,7.177,9.258,15.961,10.3
2001-11-15,14.81,4.88,10.227,13.773,9.9
2001-11-16,2.831,8.887,8.07,17.523,9.2
2001-11-17,13.264,8.204,8.469,16.859,8.9
2001-11-18,0.0,7.914,9.133,16.922,9.1
2001-11-19,4.905,7.678,8.844,16.422,9.0
2001-11-20,7.67,7.613,9.547,16.836,8.9
2001-11-21,24.239,7.37,9.422,16.422,9.4
2001-11-22,0.656,7.364,8.906,16.078,9.7
2001-11-23,0.0,7.423,9.359,16.477,10.4
2001-11-24,0.0,8.499,9.078,17.766,9.5
2001-11-25,0.0,7.66,9.008,16.57,10.7
2001-11-26,0.686,6.152,10.234,15.445,16.1
2001-11-27,7.081,7.016,9.789,16.273,14.9
2001-11-28,6.497,7.41,9.664,16.727,12.0
2001-11-29,31.959,7.18,10.0,16.656,24.2
2001-11-30,10.692,8.187,8.57,17.047,18.8
2001-12-01,12.87,5.194,9.922,14.023,16.6
2001-12-02,0.87,8.236,8.586,17.156,16.0
2001-12-03,12.641,8.865,8.484,17.984,12.6
2001-12-04,0.0,8.365,9.234,17.781,14.1
2001-12-05,0.0,8.271,9.359,17.75,13.0
2001-12-06,22.608,7.248,9.539,16.469,11.2
2001-12-07,1.358,7.056,10.141,16.656,12.8
2001-12-08,0.49,7.281,10.172,16.992,10.9
2001-12-09,0.221,6.349,9.773,15.461,10.4
2001-12-10,0.0,6.305,10.016,15.586,10.6
2001-12-11,0.0,6.904,9.367,15.914,10.8
2001-12-12,13.782,7.902,9.062,17.07,10.3
2001-12-13,2.222,6.561,10.172,16.031,11.7
2001-12-14,0.0,8.027,8.195,16.664,19.8
2001-12-15,0.0,8.839,9.523,18.703,11.5
2001-12-16,0.0,6.538,10.086,15.961,11.0
2001-12-17,0.0,7.793,9.453,17.211,14.7
2001-12-18,18.003,7.876,9.078,17.062,13.3
2001-12-19,21.256,5.553,10.25,14.805,17.0
2001-12-20,0.0,7.924,9.242,17.242,14.4
2001-12-21,5.066,7.297,9.688,16.688,11.0
2001-12-22,0.0,7.822,10.32,17.844,10.3
2001-12-23,6.575,7.495,11.164,18.008,9.3
2001-12-24,25.002,4.691,10.602,14.008,16.5
2001-12-25,5.066,6.588,8.75,15.039,12.2
2001-12-26,0.0,7.153,9.5,16.352,11.8
2001-12-27,1.247,7.405,10.109,17.117,18.1
2001-12-28,0.0,7.42,8.914,16.289,13.9
2001-12-29,0.0,7.978,9.547,17.492,10.9
2001-12-30,0.0,7.723,9.602,17.18,9.8
2001-12-31,0.563,7.331,11.25,17.812,9.3
2002-01-01,0.0,8.002,10.719,18.32,8.58
2002-01-02,0.0,8.139,10.594,18.422,8.21
2002-01-03,3.788,9.904,7.812,19.008,7.95
2002-01-04,0.0,7.357,9.859,16.82,7.7
2002-01-05,0.0,9.199,8.797,18.625,7.55
2002-01-06,0.544,9.754,8.211,19.016,7.44
2002-01-07,20.205,7.001,10.555,16.828,8.41
2002-01-08,2.8,8.487,10.117,18.484,9.72
2002-01-09,0.0,8.107,9.656,17.648,10.84
2002-01-10,9.185,8.513,9.141,17.844,10.28
2002-01-11,30.347,8.745,7.805,17.281,10.98
2002-01-12,0.0,5.943,9.367,14.516,18.0
2002-01-13,0.446,6.754,8.516,14.961,14.3
2002-01-14,0.0,8.71,7.109,16.734,10.06
2002-01-15,0.0,8.65,7.07,16.602,9.6
2002-01-16,0.0,8.559,7.906,17.008,8.33
2002-01-17,0.0,8.114,8.914,17.055,7.92
2002-01-18,0.0,8.818,7.188,16.883,7.54
2002-01-19,0.0,8.255,7.398,16.203,7.25
2002-01-20,0.41,9.295,6.539,17.102,7.08
2002-01-21,6.726,7.743,8.227,16.016,7.04
2002-01-22,0.0,6.495,8.578,14.562,7.32
2002-01-23,0.0,5.777,8.898,13.82,7.18
2002-01-24,0.0,6.508,8.555,14.531,8.39
2002-01-25,0.0,6.574,9.016,14.945,8.05
2002-01-26,0.0,6.4,8.352,14.219,7.2
2002-01-27,0.0,6.03,8.992,14.18,7.04
2002-01-28,0.0,6.536,7.758,13.938,7.26
2002-01-29,0.0,7.834,8.805,16.422,7.02
2002-01-30,0.0,6.464,9.477,15.078,7.01
2002-01-31,0.0,6.334,8.945,14.516,7.03
2002-02-01,0.0,6.947,8.75,15.164,7.42
2002-02-02,0.0,5.765,8.797,13.633,7.32
2002-02-03,17.05,6.309,8.977,14.453,7.44
2002-02-04,7.284,7.997,8.586,16.383,10.27
2002-02-05,0.237,9.746,9.516,19.328,12.88
2002-02-06,0.638,8.669,9.539,17.914,8.31
2002-02-07,13.089,7.916,9.031,16.578,7.44
2002-02-08,0.356,8.086,8.812,16.602,9.76
2002-02-09,0.0,8.314,8.852,16.945,11.16
2002-02-10,0.0,8.283,8.789,16.82,9.94
2002-02-11,0.0,8.225,9.281,17.07,8.86
2002-02-12,0.0,8.049,8.523,16.305,7.28
2002-02-13,0.0,9.567,7.719,17.781,6.69
2002-02-14,0.0,10.607,6.805,18.594,6.34
2002-02-15,0.0,8.011,7.906,15.789,6.18
2002-02-16,0.0,7.898,7.867,15.578,6.05
2002-02-17,0.0,7.109,8.344,14.875,6.54
2002-02-18,0.0,7.062,9.25,15.453,6.53
2002-02-19,0.0,7.027,9.461,15.555,6.36
2002-02-20,0.0,8.552,9.086,17.242,6.02
2002-02-21,0.0,7.681,9.195,16.172,5.87
2002-02-22,0.0,7.432,9.109,15.781,5.87
2002-02-23,0.0,7.088,10.305,16.211,5.9
2002-02-24,5.432,7.152,9.766,15.883,5.78
2002-02-25,0.0,8.307,8.938,16.75,5.66
2002-02-26,0.0,8.483,8.555,16.711,5.67
2002-02-27,0.0,7.906,8.734,16.078,6.79
2002-02-28,32.008,8.618,10.414,18.141,18.86
2002-03-01,8.208,6.785,9.539,15.211,13.28
2002-03-02,0.512,7.044,8.852,15.031,7.59
2002-03-03,2.84,7.878,9.133,16.289,7.48
2002-03-04,3.457,8.38,9.07,16.875,6.53
2002-03-05,2.986,7.548,9.055,15.789,6.23
2002-03-06,0.0,8.608,8.836,17.0,6.37
2002-03-07,0.0,8.518,8.32,16.523,6.31
2002-03-08,0.57,8.553,9.047,17.047,5.94
2002-03-09,0.0,8.073,8.891,16.32,5.78
2002-03-10,0.0,9.153,5.969,15.797,5.61
2002-03-11,2.41,7.104,8.609,14.867,5.47
2002-03-12,7.751,6.336,8.906,14.133,6.34
2002-03-13,7.579,7.922,9.172,16.32,7.56
2002-03-14,0.143,7.495,9.266,15.844,6.65
2002-03-15,0.0,7.79,8.18,15.453,6.35
2002-03-16,1.947,7.824,7.766,15.188,9.61
2002-03-17,7.875,6.329,8.422,13.742,17.11
2002-03-18,0.0,7.29,9.43,15.695,12.86
2002-03-19,31.897,6.464,9.312,14.578,19.1
2002-03-20,10.644,8.869,9.195,17.531,28.88
2002-03-21,14.192,4.469,9.859,12.703,31.55
2002-03-22,0.311,9.366,8.594,17.766,19.8
2002-03-23,4.493,7.051,9.164,15.195,32.25
2002-03-24,2.146,6.669,9.742,15.172,21.27
2002-03-25,2.212,6.551,8.852,14.375,11.43
2002-03-26,0.0,6.984,8.477,14.625,9.0
2002-03-27,5.71,8.816,6.531,15.719,9.44
2002-03-28,1.493,6.608,9.688,15.062,22.33
2002-03-29,8.332,5.602,10.078,14.188,22.49
2002-03-30,5.11,6.968,9.406,15.32,24.11
2002-03-31,0.0,7.654,8.641,15.633,22.49
2002-04-01,0.892,6.729,9.695,15.234,17.76
2002-04-02,6.145,6.502,9.883,15.102,25.86
2002-04-03,10.313,8.171,8.805,16.438,24.57
2002-04-04,0.116,7.844,9.406,16.445,24.45
2002-04-05,0.0,9.035,8.43,17.32,24.45
2002-04-06,0.0,8.831,7.312,16.328,24.45
2002-04-07,13.404,7.424,8.414,15.219,20.48
2002-04-08,12.722,7.813,10.203,17.039,23.53
2002-04-09,5.72,9.908,8.258,18.406,18.23
2002-04-10,0.095,8.572,9.141,17.258,14.26
2002-04-11,0.0,11.626,9.156,21.219,10.36
2002-04-12,0.0,10.749,8.445,19.672,8.97
2002-04-13,0.0,9.892,8.5,18.609,8.18
2002-04-14,0.0,8.071,9.492,16.906,8.25
2002-04-15,8.542,7.027,10.234,16.141,9.19
2002-04-16,0.0,7.965,8.961,16.422,9.31
2002-04-17,8.875,6.517,9.992,15.336,8.02
2002-04-18,6.224,7.503,9.531,16.258,11.51
2002-04-19,3.792,7.453,8.695,15.594,16.14
2002-04-20,1.327,6.99,9.117,15.312,33.62
2002-04-21,1.883,7.233,9.016,15.586,17.0
2002-04-22,7.568,5.743,8.922,13.602,14.41
2002-04-23,1.327,8.227,8.602,16.641,12.98
2002-04-24,6.877,7.34,10.047,16.508,13.32
2002-04-25,22.009,5.778,10.445,14.875,28.87
2002-04-26,36.462,7.927,9.516,16.906,31.9
2002-04-27,20.792,6.616,9.695,15.359,60.99
2002-04-28,2.556,7.728,10.094,17.094,27.32
2002-04-29,26.81,9.244,10.141,19.133,79.0
2002-04-30,0.0,8.075,9.344,17.062,25.65
2002-05-01,25.359,6.463,9.547,15.109,39.46
2002-05-02,3.64,5.743,10.109,14.641,33.16
2002-05-03,0.0,7.314,9.625,16.305,29.01
2002-05-04,0.0,8.098,9.016,16.938,17.72
2002-05-05,0.0,5.817,10.109,14.766,14.57
2002-05-06,0.0,6.571,10.188,15.812,14.64
2002-05-07,0.562,7.511,9.664,16.664,25.27
2002-05-08,0.0,7.214,9.547,16.195,20.03
2002-05-09,0.0,8.608,8.812,17.578,23.48
2002-05-10,0.0,6.982,9.797,16.102,20.67
2002-05-11,0.0,6.647,9.867,15.734,18.66
2002-05-12,0.0,6.127,8.867,14.305,23.76
2002-05-13,0.0,7.169,9.352,16.078,19.32
2002-05-14,0.0,5.35,10.219,14.383,23.01
2002-05-15,21.816,6.524,9.703,15.5,26.63
2002-05-16,0.176,6.145,9.977,15.219,19.45
2002-05-17,22.666,6.413,10.672,16.102,27.96
2002-05-18,0.0,7.824,10.125,17.578,17.49
2002-05-19,8.82,7.298,9.812,16.664,17.49
2002-05-20,0.0,8.206,9.477,17.68,15.31
2002-05-21,14.734,6.71,10.586,16.492,16.94
2002-05-22,0.0,7.929,10.062,17.742,15.85
2002-05-23,7.281,7.212,9.328,16.258,12.74
2002-05-24,0.0,7.096,9.656,16.352,11.65
2002-05-25,0.5,6.713,9.672,15.859,12.76
2002-05-26,14.004,7.675,9.633,17.156,20.6
2002-05-27,3.295,7.8,11.055,18.336,16.3
2002-05-28,20.253,7.295,9.211,16.352,16.46
2002-05-29,0.0,6.736,9.945,16.133,12.5
2002-05-30,0.0,7.71,10.0,17.508,11.48
2002-05-31,14.216,4.838,9.969,13.703,24.66
2002-06-01,33.88,6.593,9.555,15.688,19.6
2002-06-02,0.0,7.913,8.766,16.977,18.98
2002-06-03,0.0,6.596,9.789,15.883,19.71
2002-06-04,0.0,6.396,8.57,14.734,20.79
2002-06-05,0.0,7.669,8.594,16.547,23.22
2002-06-06,22.904,5.128,10.164,14.258,22.26
2002-06-07,0.0,7.055,9.219,16.125,21.21
2002-06-08,3.401,7.746,9.211,17.109,17.2
2002-06-09,39.823,5.213,9.07,13.516,15.28
2002-06-10,0.0,6.105,8.406,14.258,31.7
2002-06-11,32.826,6.369,8.039,14.359,19.09
2002-06-12,0.0,7.475,8.156,16.031,25.75
2002-06-13,2.293,6.714,7.883,14.758,19.49
2002-06-14,0.0,7.037,7.484,14.945,16.88
2002-06-15,1.105,5.158,8.266,12.836,25.86
2002-06-16,0.0,5.153,9.305,13.656,29.15
2002-06-17,2.231,5.194,8.938,13.414,32.15
2002-06-18,0.0,5.989,8.102,13.898,20.4
2002-06-19,0.0,4.635,8.406,12.258,18.67
2002-06-20,0.0,5.078,9.438,13.664,25.06
2002-06-21,0.0,5.746,8.867,14.133,19.99
2002-06-22,0.0,4.633,9.578,13.219,20.24
2002-06-23,0.0,4.589,7.695,11.656,18.99
2002-06-24,0.0,4.615,7.258,11.352,17.18
2002-06-25,0.0,5.096,7.609,12.281,16.88
2002-06-26,0.0,5.482,7.43,12.688,16.34
2002-06-27,0.0,5.99,9.07,14.609,13.77
2002-06-28,0.0,6.932,8.461,15.484,12.96
2002-06-29,0.0,4.285,9.68,12.852,18.19
2002-06-30,0.0,5.568,9.422,14.297,23.58
2002-07-01,1.892,6.251,9.859,15.539,18.41
2002-07-02,0.0,5.434,9.797,14.383,34.82
2002-07-03,0.0,6.683,9.328,15.734,24.94
2002-07-04,0.0,7.135,10.125,16.922,19.47
2002-07-05,5.94,6.076,10.484,15.773,19.43
2002-07-06,14.07,5.736,10.391,15.258,20.44
2002-07-07,0.0,6.915,9.898,16.445,22.24
2002-07-08,0.0,6.448,10.109,15.961,15.99
2002-07-09,0.0,6.356,9.445,15.328,13.97
2002-07-10,2.802,6.655,10.867,16.789,16.67
2002-07-11,0.0,5.429,9.75,14.297,23.56
2002-07-12,0.624,6.089,9.93,15.312,21.72
2002-07-13,0.0,5.232,9.977,14.219,20.09
2002-07-14,0.0,6.839,9.023,15.648,18.4
2002-07-15,0.0,6.129,8.297,14.133,26.6
2002-07-16,0.0,7.369,8.172,15.781,19.29
2002-07-17,1.42,6.635,9.414,15.617,32.19
2002-07-18,4.442,6.168,9.32,14.914,61.91
2002-07-19,0.0,7.293,9.039,16.258,29.41
2002-07-20,12.044,7.911,8.375,16.641,19.72
2002-07-21,4.042,7.825,9.383,17.18,16.47
2002-07-22,0.0,8.243,8.969,17.477,15.28
2002-07-23,5.664,5.929,10.156,15.18,14.39
2002-07-24,7.401,6.101,10.047,15.32,14.79
2002-07-25,6.846,5.657,9.188,14.055,16.95
2002-07-26,10.981,6.702,8.328,14.82,22.65
2002-07-27,0.0,6.159,8.094,13.891,21.12
2002-07-28,10.213,5.159,7.492,12.062,15.76
2002-07-29,0.0,5.463,9.242,13.789,29.03
2002-07-30,0.0,6.685,8.477,14.859,32.82
2002-07-31,12.225,5.908,8.172,13.57,36.82
2002-08-01,1.058,6.219,8.266,14.062,17.6
2002-08-02,3.166,7.868,8.125,16.219,22.91
2002-08-03,2.62,6.058,7.297,13.094,21.45
2002-08-04,3.304,7.225,6.977,14.492,31.8
2002-08-05,0.0,8.363,7.414,16.367,24.11
2002-08-06,0.0,7.684,7.664,15.562,18.58
2002-08-07,0.0,6.592,6.992,13.57,26.83
2002-08-08,1.915,6.496,8.719,14.656,26.72
2002-08-09,0.0,6.405,8.141,14.094,24.08
2002-08-10,0.0,6.562,7.367,13.727,18.91
2002-08-11,0.0,6.61,7.914,14.195,19.08
2002-08-12,0.0,6.689,8.641,14.797,18.37
2002-08-13,0.0,7.211,7.578,14.734,19.02
2002-08-14,0.0,5.238,9.164,13.297,21.85
2002-08-15,2.509,5.465,9.836,14.086,21.4
2002-08-16,3.164,5.853,10.047,14.727,36.86
2002-08-17,0.0,7.508,8.469,15.711,24.46
2002-08-18,0.0,8.007,8.0,16.047,18.54
2002-08-19,0.0,7.322,7.469,14.742,16.43
2002-08-20,0.0,6.578,8.266,14.281,16.5
2002-08-21,1.924,7.162,9.719,16.094,25.42
2002-08-22,0.0,7.694,8.594,15.992,20.94
2002-08-23,0.0,6.637,9.266,15.047,28.77
2002-08-24,0.0,7.477,8.898,15.875,24.26
2002-08-25,0.289,7.751,8.781,16.141,21.83
2002-08-26,9.338,7.641,9.031,16.156,21.13
2002-08-27,4.643,7.998,9.266,16.781,23.76
2002-08-28,8.254,10.345,7.492,18.734,17.69
2002-08-29,69.851,8.218,11.094,18.32,17.57
2002-08-30,3.98,7.443,10.711,17.07,17.33
2002-08-31,3.628,8.137,10.375,17.688,15.25
2002-09-01,2.251,6.657,9.383,15.086,14.35
2002-09-02,0.0,6.662,9.391,15.086,24.84
2002-09-03,1.875,7.385,9.648,16.18,32.17
2002-09-04,0.0,7.519,8.539,15.555,21.83
2002-09-05,0.0,8.202,7.453,15.711,16.23
2002-09-06,0.0,8.141,8.336,16.219,14.31
2002-09-07,0.165,7.121,8.516,15.008,14.0
2002-09-08,0.0,7.775,7.727,15.297,13.15
2002-09-09,1.902,8.01,7.906,15.719,13.59
2002-09-10,0.0,7.308,8.086,14.914,14.93
2002-09-11,0.0,7.742,7.883,15.352,15.28
2002-09-12,0.0,9.893,6.688,17.438,13.05
2002-09-13,0.0,8.838,7.383,16.453,12.05
2002-09-14,0.0,8.356,8.133,16.305,11.58
2002-09-15,1.26,8.26,9.188,16.898,11.32
2002-09-16,0.0,7.616,9.375,16.195,12.37
2002-09-17,1.772,9.093,8.312,17.391,12.51
2002-09-18,2.291,7.901,8.578,15.992,16.37
2002-09-19,7.944,8.174,8.867,16.562,22.59
2002-09-20,0.0,9.175,6.227,16.141,17.2
2002-09-21,0.0,7.161,8.672,15.086,13.65
2002-09-22,0.0,8.96,7.562,16.695,11.77
2002-09-23,0.0,10.459,8.242,19.102,10.96
2002-09-24,0.0,9.531,8.211,17.867,10.6
2002-09-25,21.635,8.319,9.508,17.164,12.35
2002-09-26,5.408,7.644,9.68,16.43,19.59
2002-09-27,19.94,7.765,9.227,16.266,16.67
2002-09-28,0.0,7.748,8.648,15.844,15.86
2002-09-29,0.442,8.76,7.797,16.594,15.52
2002-09-30,0.0,10.078,7.023,17.859,12.21
2002-10-01,0.0,8.881,6.477,15.906,11.09
2002-10-02,0.0,8.337,6.836,15.398,11.11
2002-10-03,0.0,8.297,6.875,15.375,11.05
2002-10-04,0.0,7.099,7.945,14.516,10.6
2002-10-05,0.0,7.631,8.625,15.695,10.45
2002-10-06,0.0,8.243,7.969,16.062,10.31
2002-10-07,0.0,9.089,7.883,17.133,9.9
2002-10-08,0.0,7.935,7.797,15.531,9.35
2002-10-09,0.212,7.147,9.148,15.461,9.24
2002-10-10,0.0,6.867,8.758,14.82,9.07
2002-10-11,2.344,5.961,8.516,13.508,9.22
2002-10-12,5.624,6.567,8.141,14.008,13.31
2002-10-13,0.186,7.972,7.938,15.719,13.36
2002-10-14,0.0,10.254,6.711,18.016,9.7
2002-10-15,6.198,8.101,7.961,15.938,8.75
2002-10-16,0.0,7.312,9.047,15.656,8.52
2002-10-17,0.0,7.969,8.75,16.328,8.26
2002-10-18,2.185,7.191,8.094,14.844,8.26
2002-10-19,12.86,7.591,8.312,15.523,8.23
2002-10-20,0.0,7.718,8.633,15.93,8.16
2002-10-21,20.651,6.802,8.516,14.656,11.22
2002-10-22,6.146,6.611,9.086,14.844,10.59
2002-10-23,10.016,8.712,8.422,17.156,19.03
2002-10-24,0.721,8.937,8.398,17.445,14.12
2002-10-25,0.0,8.061,9.336,16.93,11.47
2002-10-26,9.181,8.207,9.461,17.234,11.47
2002-10-27,30.299,6.759,9.555,15.422,22.6
2002-10-28,4.002,7.464,10.477,17.008,17.72
2002-10-29,29.577,6.9,10.227,16.125,30.0
2002-10-30,1.795,6.682,9.742,15.492,15.69
2002-10-31,30.683,5.935,9.508,14.391,17.88
2002-11-01,9.185,6.752,8.797,14.922,15.66
2002-11-02,0.0,7.286,8.492,15.422,11.02
2002-11-03,7.008,6.708,8.43,14.625,10.16
2002-11-04,12.381,8.93,8.125,17.43,10.8
2002-11-05,16.531,7.479,8.742,15.875,10.48
2002-11-06,23.415,7.21,8.039,15.047,10.64
2002-11-07,1.211,6.624,7.883,14.148,11.59
2002-11-08,3.301,8.128,7.617,16.039,10.79
2002-11-09,2.364,8.02,8.633,16.602,13.27
2002-11-10,4.5,7.826,8.219,16.062,13.99
2002-11-11,0.921,6.307,8.398,14.148,13.73
2002-11-12,0.0,7.516,8.164,15.641,10.2
2002-11-13,24.034,8.051,8.617,16.695,12.03
2002-11-14,0.0,7.409,8.195,15.539,10.61
2002-11-15,0.0,7.003,8.258,15.039,9.82
2002-11-16,0.0,5.259,8.375,12.789,10.02
2002-11-17,0.0,6.997,7.492,14.516,10.66
2002-11-18,0.0,8.763,6.734,16.516,9.66
2002-11-19,0.0,8.207,7.914,16.516,9.22
2002-11-20,0.0,6.864,9.406,15.734,8.65
2002-11-21,0.0,6.392,8.18,14.219,9.79
2002-11-22,0.0,5.867,9.0,14.117,10.43
2002-11-23,0.0,8.329,7.0,16.156,12.53
2002-11-24,0.0,7.429,7.359,15.102,9.35
2002-11-25,0.0,7.357,7.633,15.211,8.43
2002-11-26,0.0,7.511,9.078,16.438,8.04
2002-11-27,3.85,6.356,10.148,15.672,8.11
2002-11-28,0.0,6.98,9.0,15.664,8.01
2002-11-29,0.0,6.608,9.977,15.891,7.7
2002-11-30,0.0,7.979,9.422,17.359,7.48
2002-12-01,5.758,7.038,9.672,16.25,8.16
2002-12-02,0.0,6.943,10.312,16.602,8.05
2002-12-03,0.0,7.63,9.695,17.102,7.48
2002-12-04,4.985,6.88,9.531,15.961,7.13
2002-12-05,0.0,7.964,9.047,17.117,6.9
2002-12-06,6.368,7.25,9.883,16.719,7.24
2002-12-07,2.474,6.819,9.664,15.984,6.9
2002-12-08,9.137,8.451,8.898,17.711,13.18
2002-12-09,7.74,5.856,10.594,15.438,14.0
2002-12-10,6.142,7.985,8.797,17.008,23.35
2002-12-11,19.035,7.905,8.312,16.57,11.69
2002-12-12,0.0,8.4,7.516,16.742,33.72
2002-12-13,0.0,7.844,9.125,17.039,8.51
2002-12-14,0.0,8.528,8.391,17.508,8.16
2002-12-15,10.161,7.127,9.297,16.164,8.63
2002-12-16,3.602,7.061,10.172,16.703,13.1
2002-12-17,26.59,4.528,9.961,13.281,51.83
2002-12-18,7.03,6.289,9.602,15.25,25.25
2002-12-19,8.686,7.958,8.305,16.648,16.2
2002-12-20,8.686,7.027,8.75,15.656,13.25
2002-12-21,0.922,6.461,9.625,15.508,12.35
2002-12-22,0.0,8.687,7.547,17.188,11.36
2002-12-23,0.0,7.486,8.578,16.172,10.52
2002-12-24,0.615,4.855,10.102,13.789,9.92
2002-12-25,0.0,7.857,8.844,16.867,8.97
2002-12-26,0.0,7.173,8.891,15.945,8.63
2002-12-27,0.0,7.233,8.531,15.773,8.28
2002-12-28,0.0,7.609,8.945,16.586,7.94
2002-12-29,0.0,7.759,9.328,17.039,7.59
2002-12-30,0.0,7.061,9.297,16.055,7.94
2002-12-31,0.0,7.805,7.773,16.031,7.59
2003-01-01,0.0,8.094,7.5,16.25,7.36
2003-01-02,0.0,6.489,8.062,14.367,7.24
2003-01-03,0.0,7.503,7.781,15.586,7.13
2003-01-04,0.0,8.233,7.305,16.305,6.9
2003-01-05,0.0,7.434,7.633,15.375,6.81
2003-01-06,1.9,6.593,8.398,14.719,6.72
2003-01-07,0.0,7.01,7.234,14.477,6.72
2003-01-08,0.0,7.503,8.352,15.93,6.63
2003-01-09,0.0,7.747,7.883,15.953,6.63
2003-01-10,0.11,6.262,9.711,15.203,6.54
2003-01-11,0.0,8.179,7.508,16.289,6.54
2003-01-12,0.0,7.794,8.203,16.195,6.45
2003-01-13,0.0,7.948,9.32,17.164,6.36
2003-01-14,7.513,8.678,9.438,18.219,6.36
2003-01-15,1.201,7.539,9.562,16.758,6.45
2003-01-16,5.434,7.626,9.625,16.898,6.72
2003-01-17,0.0,8.077,9.891,17.664,6.72
2003-01-18,0.0,9.262,8.07,18.062,6.36
2003-01-19,7.592,7.239,8.531,15.562,6.36
2003-01-20,24.984,9.33,8.938,18.68,8.16
2003-01-21,0.0,8.601,8.586,17.43,6.81
2003-01-22,2.257,7.681,10.555,17.547,6.45
2003-01-23,0.0,9.273,9.008,18.594,6.27
2003-01-24,0.234,6.664,9.508,15.438,7.7
2003-01-25,6.03,7.438,7.766,15.219,6.81
2003-01-26,0.0,8.709,7.148,16.562,6.36
2003-01-27,0.0,7.291,8.781,15.695,6.27
2003-01-28,0.0,7.732,9.414,16.719,6.93
2003-01-29,0.0,6.669,9.219,15.164,6.72
2003-01-30,0.0,7.098,9.156,15.664,6.63
2003-01-31,0.0,7.993,9.445,17.047,6.36
2003-02-01,0.0,6.593,9.703,15.383,7.13
2003-02-02,13.357,5.749,9.898,14.469,11.45
2003-02-03,0.0,5.416,9.609,13.82,9.93
2003-02-04,0.0,6.863,8.5,14.828,7.59
2003-02-05,0.0,6.367,9.047,14.555,7.36
2003-02-06,0.0,6.878,9.188,15.312,7.48
2003-02-07,0.0,7.226,9.445,15.953,7.94
2003-02-08,0.0,7.363,9.188,15.922,8.63
2003-02-09,2.664,7.223,9.289,15.805,7.36
2003-02-10,0.0,7.017,8.883,15.211,7.13
2003-02-11,0.0,7.19,9.719,16.047,6.72
2003-02-12,0.0,7.961,9.117,16.602,6.45
2003-02-13,0.0,5.842,10.297,14.773,6.36
2003-02-14,7.989,9.326,8.875,18.188,6.36
2003-02-15,6.425,6.134,9.891,14.789,7.24
2003-02-16,2.368,7.242,9.961,16.227,6.95
2003-02-17,2.872,6.677,10.812,16.148,14.94
2003-02-18,0.0,8.393,8.914,16.938,9.57
2003-02-19,0.224,9.734,7.797,17.953,7.36
2003-02-20,6.622,6.646,10.461,15.805,6.63
2003-02-21,11.312,8.884,9.5,17.938,6.36
2003-02-22,0.0,6.848,8.867,14.852,6.18
2003-02-23,1.38,6.896,9.211,15.164,6.09
2003-02-24,0.0,7.144,8.492,14.953,6.63
2003-02-25,0.227,9.442,8.695,18.07,7.13
2003-02-26,11.389,8.345,8.039,16.18,6.45
2003-02-27,7.451,7.972,9.727,16.844,7.36
2003-02-28,10.514,6.651,9.5,15.016,18.17
2003-03-01,0.0,5.611,8.586,13.047,10.67
2003-03-02,0.0,7.278,8.391,15.008,10.16
2003-03-03,0.0,7.534,8.68,15.523,13.35
2003-03-04,0.0,5.718,9.586,13.938,11.21
2003-03-05,0.0,6.149,8.383,13.531,9.43
2003-03-06,0.0,7.826,7.289,14.922,12.54
2003-03-07,0.0,7.771,7.594,15.055,14.57
2003-03-08,0.0,6.857,9.164,14.992,15.61
2003-03-09,0.0,8.11,8.531,16.133,16.16
2003-03-10,0.0,7.656,8.883,15.789,13.06
2003-03-11,0.0,6.196,9.695,14.562,6.15
2003-03-12,0.0,7.835,8.969,16.07,6.26
2003-03-13,0.0,6.888,9.852,15.523,5.51
2003-03-14,0.0,7.739,9.914,16.609,5.71
2003-03-15,24.486,8.364,8.266,16.258,5.36
2003-03-16,4.305,7.232,10.414,16.344,7.94
2003-03-17,18.033,7.175,9.617,15.68,12.11
2003-03-18,0.0,11.229,8.125,19.875,19.82
2003-03-19,26.042,7.678,10.008,16.594,21.79
2003-03-20,7.772,9.838,8.867,18.562,23.2
2003-03-21,0.0,9.679,7.703,17.602,21.29
2003-03-22,5.732,9.784,8.531,18.273,20.77
2003-03-23,29.662,8.31,9.703,17.18,21.77
2003-03-24,0.0,11.234,7.391,19.445,12.51
2003-03-25,1.825,7.538,9.742,16.234,10.28
2003-03-26,0.0,5.674,9.789,14.008,17.18
2003-03-27,10.019,7.953,10.18,17.086,33.06
2003-03-28,0.0,7.457,9.539,16.008,21.11
2003-03-29,0.0,6.447,9.461,14.703,31.6
2003-03-30,3.672,7.082,8.484,14.781,31.37
2003-03-31,0.0,8.597,8.531,16.766,12.97
2003-04-01,0.0,7.439,9.055,15.664,14.15
2003-04-02,0.0,6.613,8.438,14.172,13.15
2003-04-03,0.0,6.592,9.32,14.805,11.61
2003-04-04,4.028,7.496,9.438,16.023,14.28
2003-04-05,1.802,7.303,9.281,15.68,17.05
2003-04-06,0.0,6.295,9.906,14.891,11.48
2003-04-07,0.0,8.334,8.117,16.227,8.6
2003-04-08,12.114,8.132,9.062,16.609,8.83
2003-04-09,10.199,7.045,10.039,15.938,8.93
2003-04-10,0.561,8.719,9.086,17.406,6.63
2003-04-11,5.236,7.252,10.211,16.352,12.38
2003-04-12,22.045,6.216,9.438,14.5,6.01
2003-04-13,0.0,7.183,9.109,15.492,32.32
2003-04-14,0.0,6.919,9.375,15.344,25.05
2003-04-15,0.0,7.862,8.195,15.742,57.07
2003-04-16,2.188,8.557,8.711,17.031,33.33
2003-04-17,13.619,7.852,10.133,17.125,13.44
2003-04-18,10.989,8.523,9.625,17.641,13.49
2003-04-19,10.507,6.721,9.344,15.125,17.55
2003-04-20,7.619,7.774,10.047,16.992,15.85
2003-04-21,22.877,7.124,9.008,15.438,15.85
2003-04-22,5.636,7.303,9.727,16.188,14.23
2003-04-23,8.687,7.4,9.438,16.125,25.75
2003-04-24,0.0,6.481,8.57,14.32,26.82
2003-04-25,0.95,8.495,7.422,16.234,18.45
2003-04-26,0.0,7.599,8.352,15.672,14.77
2003-04-27,0.696,5.671,8.703,13.398,14.52
2003-04-28,0.0,7.41,9.375,16.172,11.96
2003-04-29,0.0,8.003,8.906,16.633,9.79
2003-04-30,7.89,6.093,9.312,14.445,10.15
2003-05-01,0.0,7.248,9.242,15.914,12.65
2003-05-02,3.788,6.702,9.227,15.188,10.67
2003-05-03,0.231,6.162,8.836,14.219,8.99
2003-05-04,0.0,7.735,9.344,16.672,8.44
2003-05-05,6.932,6.92,10.18,16.211,11.23
2003-05-06,11.009,5.667,10.133,14.625,15.59
2003-05-07,7.098,5.75,9.953,14.594,18.43
2003-05-08,0.214,7.3,9.367,16.18,16.88
2003-05-09,2.795,6.534,9.656,15.398,11.35
2003-05-10,0.0,7.239,8.852,15.773,17.76
2003-05-11,0.0,6.411,8.711,14.578,17.17
2003-05-12,0.0,7.013,9.367,15.867,24.41
2003-05-13,0.0,4.992,8.938,12.898,31.43
2003-05-14,0.0,6.381,8.523,14.43,23.02
2003-05-15,14.465,5.927,8.703,13.953,15.35
2003-05-16,0.0,5.459,9.508,13.977,24.51
2003-05-17,0.0,7.251,9.82,16.594,33.63
2003-05-18,0.0,6.872,9.938,16.188,32.91
2003-05-19,0.0,7.056,9.469,16.102,26.03
2003-05-20,0.0,5.735,10.344,15.039,20.9
2003-05-21,0.0,7.399,10.133,17.055,17.57
2003-05-22,1.365,7.36,9.422,16.516,14.05
2003-05-23,28.346,7.2,9.125,16.117,12.77
2003-05-24,0.0,6.657,10.094,16.086,17.77
2003-05-25,0.326,5.745,10.023,14.844,14.6
2003-05-26,0.25,6.921,9.438,15.984,11.58
2003-05-27,2.815,6.149,9.445,14.953,11.68
2003-05-28,13.826,4.867,8.844,12.828,14.58
2003-05-29,0.403,6.466,8.477,14.695,15.55
2003-05-30,24.15,5.14,9.133,13.398,11.69
2003-05-31,0.0,6.964,8.492,15.438,11.2
2003-06-01,0.0,7.478,8.781,16.367,10.96
2003-06-02,0.0,7.035,9.969,16.617,16.06
2003-06-03,0.0,7.734,8.148,16.312,15.08
2003-06-04,0.726,8.811,8.453,18.07,11.0
2003-06-05,16.96,6.081,10.0,15.359,9.7
2003-06-06,0.26,7.041,9.453,16.289,9.27
2003-06-07,0.0,6.578,8.945,15.281,9.41
2003-06-08,0.351,5.847,8.164,13.703,9.49
2003-06-09,3.016,7.002,7.828,15.109,9.49
2003-06-10,0.0,7.102,8.484,15.719,8.9
2003-06-11,0.394,7.054,8.234,15.469,8.4
2003-06-12,2.346,6.88,9.398,16.07,8.23
2003-06-13,5.157,6.667,9.68,15.977,12.86
2003-06-14,0.0,6.44,8.969,15.156,13.39
2003-06-15,18.427,6.345,9.305,15.273,20.44
2003-06-16,3.856,7.498,9.375,16.922,17.48
2003-06-17,7.385,6.19,9.562,15.25,12.88
2003-06-18,0.0,5.553,9.328,14.211,11.07
2003-06-19,0.0,6.08,9.656,15.188,9.65
2003-06-20,10.546,6.34,9.195,15.195,10.45
2003-06-21,10.789,6.409,8.891,15.062,10.28
2003-06-22,1.417,5.912,9.539,14.852,10.42
2003-06-23,0.0,6.034,8.516,14.266,19.88
2003-06-24,0.0,6.358,8.367,14.609,18.55
2003-06-25,18.225,5.256,8.367,13.055,17.88
2003-06-26,0.0,5.96,8.328,14.016,18.17
2003-06-27,0.0,6.668,8.062,14.836,19.19
2003-06-28,0.0,6.111,8.703,14.508,14.31
2003-06-29,0.0,6.411,8.328,14.672,14.86
2003-06-30,0.489,6.391,8.961,15.086,18.31
2003-07-01,0.43,8.373,7.039,16.633,13.02
2003-07-02,0.0,6.82,8.695,15.492,10.6
2003-07-03,0.0,5.462,8.805,13.656,13.8
2003-07-04,24.664,5.655,9.125,14.164,15.93
2003-07-05,3.619,7.612,7.773,15.961,13.96
2003-07-06,0.402,7.432,8.477,16.18,11.19
2003-07-07,0.545,6.749,9.008,15.57,10.43
2003-07-08,22.897,6.446,9.508,15.523,21.6
2003-07-09,28.725,6.3,8.445,14.523,14.38
2003-07-10,0.0,7.251,8.266,15.742,12.1
2003-07-11,15.29,6.002,8.43,14.094,15.9
2003-07-12,0.0,5.447,8.586,13.43,17.77
2003-07-13,0.0,5.52,7.812,12.93,17.97
2003-07-14,0.0,6.376,8.078,14.336,13.64
2003-07-15,0.0,7.243,6.711,14.625,10.61
2003-07-16,0.762,5.108,8.477,12.859,9.82
2003-07-17,0.0,4.537,7.742,11.516,13.83
2003-07-18,0.0,5.156,7.766,12.359,14.46
2003-07-19,0.0,5.306,8.039,12.758,12.3
2003-07-20,0.0,6.336,8.133,14.234,13.99
2003-07-21,0.0,4.915,8.078,12.25,13.42
2003-07-22,0.0,4.594,8.68,12.305,11.02
2003-07-23,0.0,4.343,9.148,12.398,11.82
2003-07-24,0.326,6.368,8.977,14.867,34.95
2003-07-25,0.0,4.973,9.758,13.625,26.88
2003-07-26,0.0,3.969,8.898,11.688,26.57
2003-07-27,8.004,5.317,8.609,13.133,20.15
2003-07-28,0.0,7.109,6.828,14.328,13.48
2003-07-29,0.463,6.265,9.125,14.773,14.31
2003-07-30,0.0,4.678,8.836,12.469,48.29
2003-07-31,0.371,6.058,8.852,14.281,42.39
2003-08-01,0.825,8.36,8.531,17.172,19.25
2003-08-02,1.364,6.727,7.648,14.281,14.15
2003-08-03,0.0,6.176,8.727,14.297,12.9
2003-08-04,0.0,7.744,7.844,15.805,13.0
2003-08-05,0.0,7.888,8.453,16.406,12.7
2003-08-06,0.0,8.388,8.547,17.141,11.4
2003-08-07,0.975,6.653,8.922,15.016,10.43
2003-08-08,5.114,8.714,8.188,17.312,10.19
2003-08-09,33.41,4.598,9.516,12.859,10.04
2003-08-10,0.0,5.798,8.797,13.758,10.25
2003-08-11,0.0,6.838,7.898,14.484,10.9
2003-08-12,0.0,6.594,8.281,14.414,13.12
2003-08-13,0.0,6.417,8.398,14.25,11.05
2003-08-14,0.0,5.92,9.469,14.375,9.87
2003-08-15,0.0,7.452,8.078,15.383,15.52
2003-08-16,0.0,7.462,8.0,15.336,13.53
2003-08-17,0.0,6.758,8.219,14.531,17.43
2003-08-18,0.0,6.559,8.477,14.43,15.23
2003-08-19,0.0,8.913,7.414,16.883,12.2
2003-08-20,1.556,7.306,8.578,15.469,10.9
2003-08-21,0.0,7.896,8.594,16.266,10.06
2003-08-22,1.702,8.274,8.25,16.516,9.46
2003-08-23,0.6,7.925,8.453,16.172,9.35
2003-08-24,7.356,7.595,8.562,15.797,9.2
2003-08-25,0.0,7.078,8.219,14.859,8.66
2003-08-26,0.0,6.035,7.922,13.25,14.89
2003-08-27,0.402,6.454,9.383,14.859,14.41
2003-08-28,0.0,6.119,9.734,14.703,20.2
2003-08-29,0.0,5.621,8.57,13.195,20.77
2003-08-30,0.0,6.192,8.141,13.57,18.04
2003-08-31,0.0,6.641,7.141,13.438,11.73
2003-09-01,0.0,6.601,7.531,13.664,9.85
2003-09-02,0.0,7.841,6.68,14.742,19.34
2003-09-03,0.0,7.532,6.414,14.125,12.87
2003-09-04,0.0,7.423,7.57,14.758,10.31
2003-09-05,0.0,8.004,7.492,15.461,10.47
2003-09-06,0.0,8.012,7.992,15.805,9.77
2003-09-07,10.662,9.409,7.359,17.25,9.71
2003-09-08,4.551,8.017,10.469,17.523,9.13
2003-09-09,15.681,7.272,10.031,16.266,9.47
2003-09-10,0.0,8.328,9.242,17.055,8.89
2003-09-11,9.507,7.782,8.93,16.125,8.97
2003-09-12,0.0,7.171,9.273,15.586,15.09
2003-09-13,0.0,7.458,8.469,15.375,14.76
2003-09-14,0.0,5.971,8.203,13.234,10.37
2003-09-15,0.351,7.846,6.922,14.805,9.38
2003-09-16,0.0,8.548,8.047,16.492,8.53
2003-09-17,0.0,6.462,8.086,13.773,8.95
2003-09-18,2.529,7.36,8.773,15.445,10.17
2003-09-19,4.587,8.755,8.133,16.805,11.5
2003-09-20,19.112,8.509,8.266,16.562,8.94
2003-09-21,0.675,6.933,8.727,14.836,8.69
2003-09-22,1.669,7.129,7.961,14.555,11.84
2003-09-23,0.0,6.742,8.961,14.773,14.01
2003-09-24,0.399,9.45,7.094,17.062,14.81
2003-09-25,0.0,10.307,7.938,18.719,9.65
2003-09-26,9.695,7.915,9.578,16.703,8.61
2003-09-27,22.401,7.927,10.148,17.117,8.66
2003-09-28,5.887,5.984,11.195,15.547,10.44
2003-09-29,2.628,7.325,10.367,16.531,11.67
2003-09-30,0.0,7.418,9.938,16.344,14.4
2003-10-01,4.734,7.261,9.344,15.727,31.34
2003-10-02,0.0,8.894,7.836,16.812,15.97
2003-10-03,0.0,8.248,7.758,15.906,9.87
2003-10-04,0.0,8.061,8.609,16.242,8.66
2003-10-05,4.755,8.048,8.422,16.094,8.43
2003-10-06,2.681,7.359,8.664,15.375,12.36
2003-10-07,6.532,7.98,9.664,16.891,11.44
2003-10-08,36.42,5.989,10.211,14.82,43.36
2003-10-09,0.306,8.002,9.805,17.023,14.85
2003-10-10,19.432,6.862,10.609,16.203,11.5
2003-10-11,3.38,7.278,9.773,16.094,10.88
2003-10-12,15.9,7.472,9.961,16.492,10.34
2003-10-13,4.313,7.155,9.406,15.688,12.22
2003-10-14,0.0,6.216,9.477,14.578,11.75
2003-10-15,0.0,8.936,8.43,17.359,25.05
2003-10-16,0.0,9.128,8.32,17.555,19.6
2003-10-17,0.0,10.007,6.969,17.891,14.02
2003-10-18,0.0,8.495,8.891,17.117,11.24
2003-10-19,0.0,8.749,9.047,17.57,10.28
2003-10-20,0.0,7.555,8.938,15.945,9.8
2003-10-21,6.646,7.217,9.602,15.984,16.13
2003-10-22,0.0,8.954,7.367,16.781,11.24
2003-10-23,0.0,9.611,8.523,18.422,10.16
2003-10-24,0.0,7.994,9.25,16.766,9.09
2003-10-25,0.0,9.631,7.562,17.875,8.51
2003-10-26,10.517,7.549,9.875,16.664,8.01
2003-10-27,1.592,5.901,10.352,14.938,8.13
2003-10-28,0.918,8.825,9.016,17.75,9.11
2003-10-29,43.456,4.798,10.078,13.43,16.05
2003-10-30,9.752,8.167,8.328,16.461,35.08
2003-10-31,3.045,6.071,9.719,14.703,14.4
2003-11-01,0.0,7.096,8.844,15.422,18.01
2003-11-02,0.168,9.13,7.398,17.195,17.3
2003-11-03,21.101,5.511,9.234,13.664,12.33
2003-11-04,0.0,9.144,7.648,17.414,14.03
2003-11-05,0.0,7.54,7.906,15.406,10.37
2003-11-06,0.57,7.186,7.633,14.727,9.46
2003-11-07,0.0,7.663,7.922,15.594,9.18
2003-11-08,7.213,6.788,8.367,14.734,15.61
2003-11-09,0.0,9.257,6.695,17.047,12.61
2003-11-10,14.454,7.114,9.586,16.07,11.1
2003-11-11,4.534,7.31,9.469,16.258,13.88
2003-11-12,2.692,9.083,7.25,17.203,12.21
2003-11-13,0.0,7.149,8.797,15.586,10.31
2003-11-14,0.0,6.928,9.18,15.578,10.01
2003-11-15,0.0,7.262,8.797,15.766,19.47
2003-11-16,0.0,7.182,8.383,15.383,10.77
2003-11-17,0.314,6.93,8.641,15.227,11.36
2003-11-18,0.0,10.397,6.883,18.914,9.34
2003-11-19,17.646,8.811,8.758,17.914,8.63
2003-11-20,29.621,8.389,9.102,17.57,38.4
2003-11-21,11.043,6.743,9.344,15.531,13.61
2003-11-22,16.522,5.167,8.68,12.953,13.85
2003-11-23,0.0,7.324,8.391,15.648,10.88
2003-11-24,3.813,8.704,7.781,17.188,9.8
2003-11-25,5.883,8.29,8.625,17.172,13.78
2003-11-26,0.168,7.607,8.648,16.258,16.3
2003-11-27,9.95,7.383,9.195,16.352,14.02
2003-11-28,20.185,7.078,9.234,15.969,14.15
2003-11-29,9.864,7.475,9.008,16.367,10.88
2003-11-30,2.033,7.932,9.727,17.492,11.54
2003-12-01,11.187,7.099,9.82,16.43,14.34
2003-12-02,28.162,6.364,10.156,15.711,17.01
2003-12-03,6.352,8.201,9.547,17.766,16.15
2003-12-04,2.064,9.134,9.0,18.695,15.68
2003-12-05,6.218,9.798,7.633,18.766,12.05
2003-12-06,13.579,7.575,9.375,16.805,14.87
2003-12-07,2.494,7.645,9.297,16.859,17.58
2003-12-08,0.0,8.821,7.828,17.531,12.8
2003-12-09,0.0,7.197,9.516,16.414,11.12
2003-12-10,0.0,8.036,8.508,16.883,10.04
2003-12-11,0.0,7.804,8.875,16.812,9.56
2003-12-12,24.413,6.206,8.75,14.516,10.55
2003-12-13,2.33,6.888,8.688,15.414,12.62
2003-12-14,0.0,5.988,9.172,14.531,10.64
2003-12-15,0.0,6.162,8.484,14.25,10.88
2003-12-16,0.0,6.529,7.781,14.266,9.68
2003-12-17,0.0,7.027,6.703,14.234,9.09
2003-12-18,0.0,5.847,8.469,13.836,9.09
2003-12-19,0.0,6.506,8.648,14.867,13.85
2003-12-20,0.0,6.674,8.758,15.18,19.6
2003-12-21,0.0,6.299,8.469,14.461,20.0
2003-12-22,0.0,7.505,8.383,16.062,13.55
2003-12-23,3.16,5.481,8.141,13.07,11.78
2003-12-24,0.0,6.579,8.578,14.898,11.39
2003-12-25,0.0,7.64,7.953,15.953,10.28
2003-12-26,10.92,7.463,9.008,16.422,9.68
2003-12-27,2.024,5.561,9.789,14.438,11.12
2003-12-28,1.025,8.803,9.922,18.883,11.87
2003-12-29,12.09,7.328,10.43,17.234,11.66
2003-12-30,4.051,8.398,10.203,18.508,10.88
2003-12-31,13.473,7.658,9.961,17.336,10.28
2004-01-01,0.0,5.632,8.031,13.164,9.8
2004-01-02,0.0,6.005,9.547,14.797,9.2
2004-01-03,0.0,6.662,9.648,15.75,8.63
2004-01-04,0.0,6.938,9.492,15.992,8.74
2004-01-05,0.0,7.541,9.336,16.695,8.4
2004-01-06,0.0,7.595,9.5,16.867,9.21
2004-01-07,0.0,7.35,10.453,17.211,15.75
2004-01-08,1.072,7.463,9.914,16.969,11.15
2004-01-09,0.0,7.531,10.117,17.203,10.64
2004-01-10,7.574,8.915,10.398,19.258,13.27
2004-01-11,0.0,8.367,10.023,18.234,11.15
2004-01-12,2.875,7.627,10.836,17.812,9.32
2004-01-13,7.032,8.465,10.258,18.5,9.93
2004-01-14,8.293,9.88,9.672,20.008,10.16
2004-01-15,36.589,7.354,11.586,17.969,11.54
2004-01-16,9.721,7.164,9.961,16.508,21.35
2004-01-17,12.764,6.727,9.555,15.641,15.08
2004-01-18,0.0,8.563,7.594,16.781,10.16
2004-01-19,0.0,9.086,8.852,18.312,11.69
2004-01-20,0.0,8.916,10.117,18.906,9.44
2004-01-21,0.0,7.465,10.953,17.562,8.85
2004-01-22,23.577,6.718,10.133,15.969,11.0
2004-01-23,0.0,8.48,9.266,17.688,9.68
2004-01-24,0.0,9.65,8.18,18.57,8.4
2004-01-25,0.0,9.208,8.547,18.18,7.7
2004-01-26,0.0,9.904,7.016,18.148,7.29
2004-01-27,0.0,10.956,5.719,18.82,7.05
2004-01-28,0.0,10.985,5.875,18.914,7.05
2004-01-29,0.0,9.775,7.008,17.891,6.87
2004-01-30,0.0,9.821,6.414,17.57,7.54
2004-01-31,0.0,10.194,6.57,18.164,7.17
2004-02-01,0.0,8.968,6.539,16.414,6.83
2004-02-02,0.0,9.28,7.516,17.453,6.64
2004-02-03,0.0,9.269,7.523,17.422,6.55
2004-02-04,0.0,9.588,7.43,17.781,6.52
2004-02-05,0.0,9.447,6.641,17.078,6.45
2004-02-06,0.0,7.789,6.922,14.945,6.35
2004-02-07,0.0,9.251,7.586,17.375,6.34
2004-02-08,0.0,8.179,7.883,16.102,6.28
2004-02-09,0.0,7.112,8.75,15.266,6.31
2004-02-10,0.0,10.098,6.719,17.922,6.16
2004-02-11,0.0,8.876,7.516,16.742,6.03
2004-02-12,0.0,9.275,6.758,16.789,5.99
2004-02-13,4.61,9.443,7.43,17.43,5.82
2004-02-14,0.0,9.108,8.133,17.414,5.87
2004-02-15,0.0,8.942,8.641,17.508,5.82
2004-02-16,0.0,9.401,8.836,18.234,5.74
2004-02-17,0.0,10.505,8.211,19.258,5.64
2004-02-18,0.0,9.924,8.758,18.828,5.64
2004-02-19,0.0,10.303,8.961,19.43,5.6
2004-02-20,17.808,7.843,10.312,17.195,7.9
2004-02-21,43.116,5.736,10.055,14.391,6.63
2004-02-22,0.0,6.998,9.609,15.594,7.28
2004-02-23,1.533,7.216,8.719,15.211,13.66
2004-02-24,6.447,8.97,9.352,17.922,15.77
2004-02-25,0.0,7.441,8.586,15.398,14.95
2004-02-26,0.0,9.589,7.992,17.797,9.61
2004-02-27,0.0,5.836,8.93,13.602,7.81
2004-02-28,0.0,8.397,7.68,15.992,9.07
2004-02-29,0.0,7.93,7.672,15.352,7.25
2004-03-01,0.0,6.334,9.195,14.391,6.85
2004-03-02,0.0,6.561,9.344,14.789,9.36
2004-03-03,0.0,7.027,8.312,14.602,14.63
2004-03-04,1.228,6.421,8.836,14.203,8.63
2004-03-05,0.0,7.238,9.141,15.461,7.24
2004-03-06,0.0,8.908,8.508,17.156,6.72
2004-03-07,0.0,7.417,9.172,15.695,6.72
2004-03-08,0.0,8.224,8.312,16.117,6.63
2004-03-09,0.0,7.416,7.969,14.82,6.45
2004-03-10,0.283,4.755,9.414,12.656,6.36
2004-03-11,17.789,5.001,9.75,13.211,9.69
2004-03-12,0.0,6.443,9.195,14.477,7.82
2004-03-13,0.0,7.118,8.109,14.516,6.93
2004-03-14,0.0,6.696,8.578,14.328,6.45
2004-03-15,0.0,7.525,8.961,15.656,6.09
2004-03-16,5.808,6.506,9.555,14.82,6.45
2004-03-17,0.0,8.007,7.383,15.18,6.09
2004-03-18,0.0,8.287,8.047,16.0,5.73
2004-03-19,0.0,8.861,8.117,16.805,5.55
2004-03-20,0.0,8.818,8.227,16.812,5.46
2004-03-21,16.834,9.296,8.812,17.812,5.46
2004-03-22,0.645,7.696,8.641,15.648,5.46
2004-03-23,0.0,5.651,9.906,14.094,5.91
2004-03-24,1.826,7.594,9.289,15.984,28.48
2004-03-25,7.666,7.687,9.57,16.312,14.87
2004-03-26,2.355,8.321,10.094,17.469,9.81
2004-03-27,5.487,9.236,9.719,18.391,14.31
2004-03-28,17.785,8.621,10.703,18.305,10.82
2004-03-29,6.716,11.155,9.062,20.398,7.59
2004-03-30,0.395,8.889,8.602,17.211,8.74
2004-03-31,0.0,9.859,9.633,19.148,6.93
2004-04-01,1.511,8.624,9.977,17.812,8.28
2004-04-02,2.075,8.02,10.305,17.305,10.16
2004-04-03,26.29,6.347,10.141,15.133,28.91
2004-04-04,0.0,8.485,8.891,16.914,13.13
2004-04-05,0.0,8.301,9.062,16.812,8.4
2004-04-06,33.951,9.027,7.508,16.727,7.24
2004-04-07,0.0,10.298,7.883,18.664,6.81
2004-04-08,1.542,7.287,9.641,15.961,6.81
2004-04-09,0.0,8.361,9.461,17.219,14.1
2004-04-10,0.0,8.377,8.57,16.617,90.59
2004-04-11,0.228,10.238,9.031,19.375,13.03
2004-04-12,0.0,9.581,10.438,19.469,10.16
2004-04-13,27.201,7.728,10.891,17.461,13.1
2004-04-14,12.632,8.392,10.531,18.07,14.23
2004-04-15,0.0,6.521,11.195,16.234,14.94
2004-04-16,12.153,8.097,10.492,17.688,14.59
2004-04-17,0.401,8.38,10.086,17.781,14.66
2004-04-18,1.394,7.269,10.211,16.453,14.0
2004-04-19,0.0,8.272,8.766,16.758,10.88
2004-04-20,0.0,7.716,9.438,16.508,14.55
2004-04-21,6.338,8.987,9.547,18.258,9.8
2004-04-22,11.747,7.441,8.383,15.445,19.85
2004-04-23,11.404,6.61,9.531,15.18,14.42
2004-04-24,2.514,7.487,9.688,16.445,16.15
2004-04-25,3.313,7.609,8.891,16.055,14.81
2004-04-26,1.884,8.466,8.117,16.688,11.87
2004-04-27,1.354,8.796,8.469,17.391,9.68
2004-04-28,2.16,8.415,9.766,17.781,9.57
2004-04-29,0.0,8.474,9.266,17.531,10.04
2004-04-30,6.207,7.251,10.203,16.617,8.51
2004-05-01,10.683,9.466,9.609,19.125,10.04
2004-05-02,2.332,8.809,10.086,18.586,12.08
2004-05-03,0.0,7.155,10.367,16.641,10.28
2004-05-04,0.127,7.63,10.203,17.164,17.35
2004-05-05,0.596,7.41,10.211,16.906,12.11
2004-05-06,0.0,7.239,10.875,17.18,10.64
2004-05-07,0.0,6.739,9.719,15.703,11.69
2004-05-08,0.0,4.856,11.086,14.445,20.6
2004-05-09,25.135,6.008,9.859,14.891,18.29
2004-05-10,0.876,7.542,9.031,16.32,13.25
2004-05-11,0.107,7.133,8.898,15.688,10.28
2004-05-12,0.0,8.212,9.016,17.258,9.32
2004-05-13,0.0,7.665,9.945,17.172,16.2
2004-05-14,0.0,7.537,9.922,17.008,14.48
2004-05-15,18.109,6.096,10.297,15.391,12.68
2004-05-16,12.918,7.746,10.133,17.469,11.0
2004-05-17,0.0,7.504,9.164,16.469,11.0
2004-05-18,10.385,6.077,10.898,15.898,25.86
2004-05-19,13.938,4.411,10.234,13.32,32.81
2004-05-20,0.0,6.713,8.562,15.016,18.41
2004-05-21,0.0,9.536,8.031,18.617,13.55
2004-05-22,0.811,6.993,10.242,16.617,11.75
2004-05-23,1.862,6.529,10.305,16.07,10.64
2004-05-24,2.736,8.105,9.312,17.508,14.0
2004-05-25,0.0,6.621,9.875,15.906,11.0
2004-05-26,0.0,7.054,8.68,15.648,10.04
2004-05-27,0.0,6.731,9.016,15.453,27.71
2004-05-28,13.972,5.572,9.328,14.109,19.23
2004-05-29,9.341,7.413,8.828,16.297,14.19
2004-05-30,0.204,7.643,8.117,16.141,17.67
2004-05-31,15.892,5.705,9.398,14.375,19.6
2004-06-01,5.739,6.381,8.391,14.562,22.11
2004-06-02,0.0,5.929,9.359,14.656,31.11
2004-06-03,0.0,5.74,9.461,14.492,37.01
2004-06-04,0.0,7.13,8.867,15.984,63.48
2004-06-05,8.949,6.434,9.133,15.219,60.8
2004-06-06,8.138,6.177,8.609,14.5,59.71
2004-06-07,0.732,6.02,8.469,14.156,33.03
2004-06-08,5.764,6.982,9.609,16.336,22.42
2004-06-09,5.274,6.637,8.211,14.852,20.4
2004-06-10,0.0,7.412,7.641,15.586,31.36
2004-06-11,0.0,6.101,7.32,13.461,23.76
2004-06-12,17.023,5.578,9.391,14.273,17.89
2004-06-13,0.0,5.422,9.445,14.125,19.2
2004-06-14,0.0,7.345,8.773,16.289,50.95
2004-06-15,0.0,5.834,8.43,13.898,20.2
2004-06-16,0.0,3.806,10.18,12.734,18.03
2004-06-17,0.0,4.582,8.711,12.438,19.6
2004-06-18,0.0,4.459,9.508,12.922,15.45
2004-06-19,8.117,5.399,8.18,13.109,14.49
2004-06-20,7.377,6.306,9.023,15.016,18.43
2004-06-21,1.134,6.26,8.836,14.805,35.98
2004-06-22,5.002,5.849,9.078,14.406,26.63
2004-06-23,5.981,6.377,8.242,14.547,26.47
2004-06-24,1.954,6.211,8.742,14.68,21.2
2004-06-25,12.838,6.752,8.25,15.086,21.74
2004-06-26,0.0,6.57,8.977,15.352,21.2
2004-06-27,4.688,5.604,9.094,14.102,14.62
2004-06-28,16.667,5.87,9.062,14.422,14.15
2004-06-29,0.0,6.693,9.102,15.602,15.96
2004-06-30,9.086,6.959,7.727,15.023,20.2
2004-07-01,0.0,7.247,8.922,16.242,18.4
2004-07-02,0.433,8.7,8.484,18.008,16.47
2004-07-03,6.927,7.08,9.953,16.742,13.4
2004-07-04,24.889,5.993,9.445,14.867,12.95
2004-07-05,0.304,6.699,9.102,15.586,17.15
2004-07-06,0.0,6.765,8.32,15.109,21.92
2004-07-07,0.0,7.68,7.781,16.039,17.58
2004-07-08,0.0,9.514,7.344,18.398,15.83
2004-07-09,0.956,7.174,9.914,16.789,16.1
2004-07-10,4.358,8.912,9.18,18.703,14.02
2004-07-11,25.543,6.407,9.992,15.789,13.85
2004-07-12,0.461,7.2,8.367,15.711,17.15
2004-07-13,0.273,7.09,8.492,15.633,14.96
2004-07-14,0.258,6.591,9.773,15.844,18.8
2004-07-15,0.0,7.084,7.961,15.234,17.32
2004-07-16,0.293,6.749,8.383,15.039,15.95
2004-07-17,0.0,5.323,8.305,13.008,22.11
2004-07-18,0.0,7.511,6.836,15.047,18.72
2004-07-19,0.0,7.691,7.594,15.805,14.17
2004-07-20,0.0,6.655,8.906,15.25,12.5
2004-07-21,0.0,6.34,8.688,14.625,14.23
2004-07-22,0.0,8.674,6.711,16.594,14.3
2004-07-23,0.0,7.927,7.766,16.18,18.23
2004-07-24,0.538,7.745,7.453,15.703,15.17
2004-07-25,0.0,7.234,7.797,15.203,12.65
2004-07-26,0.285,7.068,7.492,14.742,12.2
2004-07-27,44.681,6.428,8.758,14.758,37.2
2004-07-28,0.301,7.703,7.734,15.781,22.98
2004-07-29,0.328,8.138,8.125,16.648,24.55
2004-07-30,0.293,6.128,8.602,14.172,21.49
2004-07-31,0.0,5.922,8.688,13.953,52.56
2004-08-01,0.0,5.559,8.492,13.297,26.19
2004-08-02,0.175,7.229,7.211,14.664,21.0
2004-08-03,7.426,7.586,8.031,15.734,16.98
2004-08-04,0.292,6.389,8.758,14.586,22.81
2004-08-05,0.0,6.461,7.828,13.977,36.0
2004-08-06,0.0,5.862,8.086,13.352,18.8
2004-08-07,0.0,6.455,7.844,13.961,17.98
2004-08-08,0.0,6.567,8.289,14.445,38.89
2004-08-09,0.0,5.104,8.773,12.875,22.42
2004-08-10,0.0,7.633,7.008,14.977,17.72
2004-08-11,0.0,6.197,7.547,13.344,14.94
2004-08-12,0.0,6.411,7.992,13.961,14.0
2004-08-13,0.0,5.483,8.312,12.945,18.24
2004-08-14,0.0,6.204,8.047,13.664,16.13
2004-08-15,6.485,7.711,8.719,16.172,18.8
2004-08-16,5.138,8.088,8.703,16.648,15.96
2004-08-17,1.355,7.945,9.203,16.805,13.7
2004-08-18,25.329,6.928,9.906,15.938,12.8
2004-08-19,2.44,6.038,9.125,14.211,19.06
2004-08-20,5.715,7.08,9.859,16.109,69.97
2004-08-21,0.0,7.444,8.289,15.438,19.2
2004-08-22,0.0,8.659,7.656,16.633,16.3
2004-08-23,0.0,7.032,7.867,14.562,14.45
2004-08-24,4.271,6.495,9.094,14.719,16.87
2004-08-25,0.145,6.636,9.914,15.5,62.22
2004-08-26,6.51,7.585,8.391,15.625,21.53
2004-08-27,0.0,7.83,8.859,16.266,16.64
2004-08-28,7.42,8.035,9.289,16.812,14.94
2004-08-29,0.0,8.564,7.977,16.625,16.13
2004-08-30,0.0,7.487,7.367,14.727,16.64
2004-08-31,9.569,7.489,8.5,15.516,14.15
2004-09-01,0.0,8.953,7.195,16.586,14.0
2004-09-02,0.0,8.773,7.164,16.312,12.95
2004-09-03,0.235,7.809,7.797,15.414,13.4
2004-09-04,18.103,7.572,8.555,15.633,39.47
2004-09-05,7.281,7.694,8.312,15.617,21.44
2004-09-06,0.897,8.415,7.672,16.125,17.41
2004-09-07,0.426,7.892,8.273,15.82,13.1
2004-09-08,38.078,7.489,9.312,16.023,27.23
2004-09-09,4.397,7.944,9.383,16.648,20.4
2004-09-10,15.007,7.416,8.492,15.344,29.0
2004-09-11,0.0,7.82,8.328,15.734,24.15
2004-09-12,0.805,6.718,6.797,13.211,15.45
2004-09-13,1.19,7.604,6.961,14.5,34.15
2004-09-14,0.0,7.926,8.227,15.805,26.65
2004-09-15,0.0,9.111,8.164,17.312,16.81
2004-09-16,0.0,8.912,6.32,15.852,14.15
2004-09-17,0.0,9.141,6.523,16.281,13.55
2004-09-18,0.0,8.691,8.352,16.867,15.45
2004-09-19,0.0,9.836,7.359,17.742,12.95
2004-09-20,0.0,9.512,8.117,17.789,11.9
2004-09-21,1.208,9.577,8.438,18.086,13.4
2004-09-22,0.0,9.525,8.594,18.117,11.63
2004-09-23,11.803,7.652,9.492,16.305,12.95
2004-09-24,0.223,9.609,8.586,18.219,12.95
2004-09-25,0.638,9.248,8.523,17.727,14.12
2004-09-26,0.0,8.278,7.141,15.508,13.85
2004-09-27,3.07,8.671,7.703,16.406,13.55
2004-09-28,0.0,8.552,8.148,16.562,13.54
2004-09-29,0.0,9.479,7.945,17.633,12.26
2004-09-30,0.0,8.479,9.57,17.438,10.98
2004-10-01,11.314,8.038,8.172,15.906,11.04
2004-10-02,0.0,8.926,7.914,16.914,11.83
2004-10-03,0.0,9.551,7.602,17.539,10.39
2004-10-04,0.0,8.943,9.242,17.828,11.23
2004-10-05,0.0,8.251,8.375,16.344,15.7
2004-10-06,7.569,7.965,8.508,16.062,29.98
2004-10-07,0.0,7.518,8.539,15.508,17.11
2004-10-08,7.004,10.053,8.453,18.781,21.51
2004-10-09,7.419,9.458,9.156,18.477,12.7
2004-10-10,6.629,8.232,9.672,17.242,11.35
2004-10-11,2.752,9.479,8.992,18.406,10.85
2004-10-12,2.559,9.199,9.125,18.133,9.92
2004-10-13,6.767,9.901,9.773,19.492,11.14
2004-10-14,5.304,8.51,10.109,17.938,10.04
2004-10-15,6.49,8.538,9.281,17.414,9.45
2004-10-16,0.0,10.182,8.539,19.102,8.78
2004-10-17,11.724,8.766,9.578,17.945,8.76
2004-10-18,3.341,9.908,8.344,18.641,9.0
2004-10-19,15.02,9.284,8.492,17.898,25.28
2004-10-20,12.414,7.549,8.797,15.844,15.02
2004-10-21,0.185,8.052,8.227,16.125,20.51
2004-10-22,4.211,7.832,9.914,17.031,12.65
2004-10-23,11.318,6.261,9.703,14.883,12.95
2004-10-24,4.26,8.993,10.062,18.656,11.24
2004-10-25,13.632,9.554,9.359,18.922,11.63
2004-10-26,23.844,9.933,8.781,19.062,13.57
2004-10-27,3.416,9.371,9.125,18.57,13.78
2004-10-28,0.0,7.038,9.391,15.68,12.29
2004-10-29,0.824,8.762,7.711,16.852,10.76
2004-10-30,3.614,8.268,9.242,17.227,11.12
2004-10-31,0.0,7.637,9.727,16.75,12.05
2004-11-01,0.0,8.406,7.602,16.344,11.12
2004-11-02,1.769,7.426,8.18,15.391,10.88
2004-11-03,0.0,8.222,7.523,16.062,10.52
2004-11-04,0.0,8.324,9.453,17.5,9.56
2004-11-05,23.262,7.498,9.539,16.492,9.32
2004-11-06,0.0,7.838,8.875,16.492,9.92
2004-11-07,6.487,7.202,10.281,16.68,21.8
2004-11-08,0.0,7.336,7.883,15.156,13.1
2004-11-09,0.697,8.176,8.32,16.609,15.53
2004-11-10,7.015,7.839,9.945,17.281,11.0
2004-11-11,0.0,8.992,10.203,19.008,14.44
2004-11-12,0.0,6.326,9.125,14.719,10.76
2004-11-13,38.594,8.096,10.219,17.867,10.4
2004-11-14,20.022,8.999,8.93,18.219,26.35
2004-11-15,7.729,8.739,9.133,18.016,16.0
2004-11-16,7.816,9.446,9.805,19.438,16.75
2004-11-17,0.641,7.96,10.336,17.805,11.9
2004-11-18,30.103,8.213,9.875,17.836,18.38
2004-11-19,10.097,7.37,9.633,16.57,20.56
2004-11-20,18.587,6.958,8.352,15.109,15.96
2004-11-21,0.0,7.421,7.602,15.25,13.76
2004-11-22,0.0,8.629,7.562,16.945,10.88
2004-11-23,0.0,10.826,5.711,18.93,10.04
2004-11-24,9.085,7.897,8.414,16.492,9.68
2004-11-25,1.771,6.892,9.195,15.68,10.04
2004-11-26,22.869,7.611,8.695,16.305,10.64
2004-11-27,0.727,8.88,8.703,18.094,12.26
2004-11-28,1.656,7.97,9.508,17.383,10.28
2004-11-29,0.362,8.752,8.828,18.008,11.24
2004-11-30,10.698,8.438,10.055,18.422,39.22
2004-12-01,10.426,5.785,10.688,15.375,13.25
2004-12-02,7.415,7.128,8.914,15.859,14.21
2004-12-03,0.0,7.964,8.352,16.641,16.15
2004-12-04,0.0,6.39,9.312,15.141,13.59
2004-12-05,0.0,5.369,9.281,13.789,12.8
2004-12-06,3.197,6.65,8.953,15.25,10.64
2004-12-07,0.0,7.555,7.508,15.516,11.0
2004-12-08,0.0,8.44,7.508,16.789,10.04
2004-12-09,0.0,7.975,9.016,17.133,17.75
2004-12-10,0.0,8.262,9.797,18.078,11.12
2004-12-11,0.279,8.233,9.188,17.617,9.92
2004-12-12,0.279,7.853,9.312,17.18,12.19
2004-12-13,1.884,6.984,9.688,16.25,10.52
2004-12-14,19.414,7.795,9.5,17.242,11.06
2004-12-15,22.554,6.364,10.031,15.68,13.85
2004-12-16,17.423,8.969,9.336,18.758,18.09
2004-12-17,21.699,4.583,10.492,13.781,15.68
2004-12-18,0.0,7.687,9.781,17.281,11.51
2004-12-19,0.0,8.338,9.781,18.18,10.4
2004-12-20,0.0,9.601,9.141,19.508,10.52
2004-12-21,0.488,8.26,9.344,17.773,9.56
2004-12-22,1.002,7.871,10.125,17.773,9.32
2004-12-23,0.811,8.112,9.266,17.508,8.85
2004-12-24,1.712,8.718,10.141,18.922,8.4
2004-12-25,7.638,9.295,9.734,19.438,9.68
2004-12-26,0.129,9.398,8.422,18.742,12.8
2004-12-27,34.157,8.529,9.227,18.039,10.04
2004-12-28,2.864,8.285,8.414,17.156,14.76
2004-12-29,0.0,9.775,8.32,19.203,12.35
2004-12-30,0.0,7.761,8.062,16.18,13.55
2004-12-31,0.0,8.609,8.539,17.68,11.63
2005-01-01,0.0,9.19,7.539,17.844,11.6
2005-01-02,0.0,7.598,9.117,16.648,10.5
2005-01-03,0.0,7.935,9.078,17.07,9.3
2005-01-04,9.336,7.898,10.094,17.719,8.9
2005-01-05,0.0,7.267,10.461,17.148,8.6
2005-01-06,0.0,5.961,10.195,15.219,8.7
2005-01-07,0.0,6.799,10.086,16.234,9.7
2005-01-08,0.0,8.054,8.453,16.789,9.9
2005-01-09,0.0,8.239,8.461,17.031,8.7
2005-01-10,0.0,8.215,8.211,16.812,7.8
2005-01-11,0.0,9.278,8.609,18.539,10.6
2005-01-12,0.0,8.018,10.945,18.398,10.6
2005-01-13,0.0,7.419,10.578,17.336,8.7
2005-01-14,2.086,8.772,8.445,17.695,8.6
2005-01-15,30.423,7.705,10.102,17.336,8.1
2005-01-16,0.0,8.814,10.414,19.008,13.7
2005-01-17,30.404,7.946,11.578,18.68,9.3
2005-01-18,0.0,8.567,10.602,18.805,9.3
2005-01-19,0.0,8.126,10.93,18.445,9.1
2005-01-20,0.0,7.913,10.047,17.508,10.6
2005-01-21,10.058,9.677,9.891,19.758,9.6
2005-01-22,9.593,8.346,10.547,18.43,8.3
2005-01-23,6.479,8.511,9.344,17.781,8.4
2005-01-24,0.0,8.131,9.305,17.234,7.9
2005-01-25,6.954,8.645,9.891,18.32,9.1
2005-01-26,0.0,8.653,7.156,16.492,8.3
2005-01-27,0.0,9.205,7.625,17.539,7.5
2005-01-28,0.0,8.705,9.375,17.984,7.1
2005-01-29,0.682,8.842,8.703,17.711,7.0
2005-01-30,9.676,6.945,9.445,15.672,8.2
2005-01-31,0.0,8.187,9.617,17.414,7.9
2005-02-01,0.0,9.358,7.539,17.602,7.5
2005-02-02,0.449,9.74,8.844,18.938,7.0
2005-02-03,0.0,7.331,9.539,16.188,6.8
2005-02-04,0.0,6.744,9.148,15.133,6.6
2005-02-05,0.0,5.943,9.578,14.406,14.9
2005-02-06,0.0,7.255,9.227,15.828,19.2
2005-02-07,0.0,9.228,9.422,18.555,13.9
2005-02-08,22.622,8.373,10.023,17.828,9.8
2005-02-09,0.0,8.595,10.516,18.438,14.7
2005-02-10,3.842,7.776,10.102,17.078,13.6
2005-02-11,5.089,6.897,11.148,16.734,12.4
2005-02-12,48.614,5.382,11.047,14.828,14.7
2005-02-13,0.0,8.178,9.812,17.344,41.7
2005-02-14,0.0,9.734,9.828,19.359,20.8
2005-02-15,0.0,9.593,8.695,18.406,14.2
2005-02-16,13.906,8.394,11.023,18.422,12.1
2005-02-17,0.0,9.347,9.602,18.656,18.0
2005-02-18,0.0,8.517,9.625,17.586,12.8
2005-02-19,16.42,8.691,9.18,17.492,10.5
2005-02-20,0.0,8.441,10.586,18.141,9.6
2005-02-21,0.0,9.404,10.086,19.0,9.4
2005-02-22,0.0,11.02,8.539,20.062,8.4
2005-02-23,0.0,10.339,8.844,19.359,7.9
2005-02-24,0.0,9.993,9.641,19.406,7.5
2005-02-25,0.0,10.875,7.305,19.07,7.0
2005-02-26,0.0,10.603,8.656,19.539,6.9
2005-02-27,0.49,9.62,9.383,18.734,6.7
2005-02-28,22.769,7.725,10.5,17.094,10.6
2005-03-01,0.0,9.399,10.617,19.258,9.7
2005-03-02,0.173,7.71,11.328,17.672,8.4
2005-03-03,0.0,8.669,10.672,18.367,8.4
2005-03-04,33.682,5.844,10.781,15.023,33.4
2005-03-05,0.0,8.589,10.016,17.789,26.8
2005-03-06,2.899,10.255,10.039,19.922,12.0
2005-03-07,6.274,6.676,11.453,16.508,10.3
2005-03-08,10.259,7.777,10.398,17.031,10.2
2005-03-09,2.207,8.114,10.188,17.281,11.2
2005-03-10,0.0,8.3,9.383,16.945,12.9
2005-03-11,0.0,8.852,10.969,18.75,12.7
2005-03-12,0.662,9.688,9.32,18.664,11.5
2005-03-13,0.0,10.363,9.57,19.688,11.2
2005-03-14,4.392,10.132,8.664,18.805,9.2
2005-03-15,0.321,7.768,10.25,16.875,8.4
2005-03-16,3.177,7.855,9.75,16.617,7.7
2005-03-17,3.73,9.822,9.93,19.227,7.3
2005-03-18,8.375,7.334,9.789,16.008,9.6
2005-03-19,14.276,8.088,9.539,16.773,8.9
2005-03-20,1.512,7.714,10.133,16.719,9.7
2005-03-21,8.678,8.783,8.82,17.172,9.4
2005-03-22,5.243,7.697,9.43,16.219,8.7
2005-03-23,9.407,6.54,8.234,13.898,7.7
2005-03-24,1.939,6.531,8.938,14.391,8.8
2005-03-25,0.0,9.896,7.688,17.875,19.1
2005-03-26,0.0,8.461,9.711,17.391,11.9
2005-03-27,0.0,7.815,9.5,16.422,12.0
2005-03-28,0.253,9.648,9.305,18.625,11.2
2005-03-29,0.0,8.527,9.055,17.031,10.7
2005-03-30,5.714,9.086,9.109,17.789,11.8
2005-03-31,20.626,6.476,9.398,14.688,16.3
2005-04-01,0.0,8.432,9.516,17.234,10.3
2005-04-02,2.056,7.546,9.477,16.102,8.7
2005-04-03,0.0,8.622,9.18,17.273,9.1
2005-04-04,8.801,6.724,10.164,15.609,22.3
2005-04-05,6.204,7.578,9.453,16.156,15.4
2005-04-06,5.497,6.759,9.844,15.422,23.1
2005-04-07,0.992,7.033,10.266,16.102,28.1
2005-04-08,0.0,8.259,10.086,17.492,56.1
2005-04-09,16.541,7.186,9.758,15.914,79.2
2005-04-10,0.0,6.742,9.383,15.094,56.0
2005-04-11,0.205,8.487,8.227,16.531,27.0
2005-04-12,5.963,8.73,8.258,16.891,15.7
2005-04-13,0.0,5.349,10.234,14.086,32.6
2005-04-14,3.065,6.647,9.461,15.07,40.9
2005-04-15,14.239,6.808,9.438,15.266,25.8
2005-04-16,0.0,5.613,9.836,14.094,27.5
2005-04-17,1.806,7.168,9.234,15.602,20.4
2005-04-18,23.717,9.049,9.023,17.922,37.4
2005-04-19,0.0,9.596,9.062,18.672,16.5
2005-04-20,0.662,8.443,10.664,18.281,12.5
2005-04-21,43.509,7.462,9.734,16.383,28.2
2005-04-22,2.638,8.738,9.844,18.125,18.2
2005-04-23,3.971,8.141,11.508,18.547,20.2
2005-04-24,5.742,9.329,10.07,19.078,34.5
2005-04-25,12.057,8.319,10.93,18.391,46.3
2005-04-26,16.739,8.277,10.289,17.906,47.4
2005-04-27,12.845,6.653,9.953,15.602,57.1
2005-04-28,0.401,8.865,9.289,18.031,26.8
2005-04-29,1.658,8.078,10.156,17.609,19.3
2005-04-30,8.226,6.765,10.195,15.961,22.6
2005-05-01,0.0,8.597,8.797,17.398,23.6
2005-05-02,8.998,8.986,7.773,17.258,14.0
2005-05-03,2.612,9.081,9.234,18.367,13.7
2005-05-04,3.404,7.211,11.211,17.352,22.8
2005-05-05,1.719,7.724,10.703,17.633,26.7
2005-05-06,0.0,8.326,9.883,17.867,26.7
2005-05-07,0.0,7.674,9.828,16.984,16.8
2005-05-08,1.493,8.15,9.68,17.523,12.8
2005-05-09,3.229,6.544,10.836,16.289,11.2
2005-05-10,0.0,7.587,9.891,16.969,15.1
2005-05-11,0.0,5.904,11.164,15.758,20.0
2005-05-12,0.0,6.054,10.125,15.172,38.8
2005-05-13,0.0,7.158,10.32,16.758,36.7
2005-05-14,39.307,4.949,10.344,13.992,30.9
2005-05-15,1.385,8.361,10.766,18.68,29.4
2005-05-16,8.822,6.549,10.391,16.047,114.7
2005-05-17,0.0,8.298,8.883,17.344,39.4
2005-05-18,6.063,9.762,8.898,19.383,35.1
2005-05-19,10.136,8.197,10.562,18.398,38.9
2005-05-20,4.805,10.012,9.5,20.164,17.6
2005-05-21,0.976,10.275,9.312,20.422,14.8
2005-05-22,0.0,7.012,10.961,17.156,12.7
2005-05-23,20.107,7.846,10.242,17.742,15.3
2005-05-24,1.575,10.073,8.57,19.734,12.5
2005-05-25,0.606,8.993,9.438,18.82,11.8
2005-05-26,20.877,6.627,10.914,16.672,10.4
2005-05-27,21.082,6.41,9.836,15.602,14.3
2005-05-28,14.004,6.537,8.453,14.773,32.8
2005-05-29,0.0,7.072,8.398,15.484,26.5
2005-05-30,0.0,6.943,8.586,15.461,15.2
2005-05-31,0.0,5.432,9.445,14.047,79.3
2005-06-01,0.0,6.256,8.844,14.695,48.2
2005-06-02,3.475,7.245,9.594,16.617,31.5
2005-06-03,0.0,7.146,10.211,16.938,21.4
2005-06-04,0.0,6.591,9.625,15.766,20.9
2005-06-05,0.0,6.676,9.992,16.164,64.4
2005-06-06,0.0,6.911,9.914,16.438,90.4
2005-06-07,0.0,6.067,9.367,14.891,40.6
2005-06-08,0.0,8.714,7.641,17.445,19.4
2005-06-09,19.14,6.235,10.109,15.688,16.9
2005-06-10,0.0,6.743,9.398,15.852,18.7
2005-06-11,3.823,7.214,9.484,16.562,15.6
2005-06-12,0.0,7.4,8.852,16.406,15.9
2005-06-13,1.441,7.776,8.969,17.023,12.9
2005-06-14,0.0,6.489,10.32,16.203,11.1
2005-06-15,1.572,6.026,10.445,15.688,11.0
2005-06-16,0.0,5.175,10.312,14.469,12.9
2005-06-17,0.0,7.013,9.805,16.555,11.3
2005-06-18,0.0,7.043,8.672,15.797,10.7
2005-06-19,0.0,7.798,8.617,16.852,10.5
2005-06-20,6.587,6.469,9.438,15.547,17.0
2005-06-21,0.0,5.705,10.109,15.016,36.1
2005-06-22,0.0,6.558,9.008,15.359,29.3
2005-06-23,0.0,6.351,8.289,14.539,29.2
2005-06-24,0.0,5.788,8.023,13.547,30.8
2005-06-25,0.0,7.412,7.828,15.75,22.2
2005-06-26,0.0,8.165,7.844,16.852,16.0
2005-06-27,0.0,7.52,9.0,16.695,11.8
2005-06-28,0.0,6.529,10.227,16.203,11.3
2005-06-29,77.856,4.485,9.609,13.055,57.3
2005-06-30,0.0,5.951,8.461,14.094,54.7
2005-07-01,0.0,7.401,8.102,15.898,26.1
2005-07-02,0.0,6.634,9.0,15.445,15.7
2005-07-03,0.0,8.553,7.625,17.234,14.0
2005-07-04,5.681,8.871,7.898,17.867,11.5
2005-07-05,5.221,8.35,9.523,18.188,11.4
2005-07-06,14.308,5.758,9.031,14.234,12.8
2005-07-07,0.0,6.16,8.562,14.43,15.4
2005-07-08,0.0,5.806,8.461,13.891,39.5
2005-07-09,0.0,6.961,8.328,15.375,32.8
2005-07-10,0.0,6.576,7.977,14.578,14.7
2005-07-11,0.0,6.955,6.148,13.859,10.9
2005-07-12,0.0,6.654,7.344,14.234,9.8
2005-07-13,0.0,10.387,5.656,18.602,9.2
2005-07-14,0.0,8.742,8.461,17.938,8.6
2005-07-15,0.0,7.67,8.914,16.719,9.9
2005-07-16,2.628,8.373,7.984,17.086,9.9
2005-07-17,7.961,7.102,10.414,16.977,28.6
2005-07-18,21.495,5.858,10.469,15.398,18.7
2005-07-19,0.845,6.112,10.609,15.805,23.9
2005-07-20,0.0,5.458,9.445,14.031,49.2
2005-07-21,0.0,5.887,9.547,14.672,55.1
2005-07-22,0.0,6.196,9.711,15.195,20.4
2005-07-23,0.0,8.044,7.648,16.289,26.7
2005-07-24,0.0,7.052,7.656,14.883,15.9
2005-07-25,0.0,6.02,9.0,14.422,26.1
2005-07-26,0.0,5.742,9.398,14.312,24.3
2005-07-27,0.0,6.233,9.695,15.164,57.1
2005-07-28,0.0,4.839,9.164,12.953,76.9
2005-07-29,0.0,5.378,9.211,13.656,69.3
2005-07-30,13.836,5.588,9.406,14.102,48.3
2005-07-31,17.504,6.362,9.273,14.984,59.7
2005-08-01,0.0,6.153,9.289,14.711,40.3
2005-08-02,0.0,7.766,9.109,16.75,52.1
2005-08-03,0.0,6.892,8.812,15.328,53.7
2005-08-04,0.0,5.554,9.289,13.898,34.6
2005-08-05,0.0,8.049,9.133,17.086,53.1
2005-08-06,0.0,7.609,8.961,16.352,21.8
2005-08-07,0.0,7.487,8.562,15.898,15.1
2005-08-08,0.0,7.413,9.367,16.359,19.8
2005-08-09,0.0,5.933,9.047,14.141,72.6
2005-08-10,0.0,6.573,8.469,14.555,51.6
2005-08-11,0.0,4.872,9.336,13.008,58.8
2005-08-12,0.0,7.802,7.297,15.391,37.7
2005-08-13,0.0,8.602,7.688,16.734,11.0
2005-08-14,0.541,8.074,8.82,16.766,10.5
2005-08-15,0.0,7.986,8.75,16.57,11.0
2005-08-16,0.603,7.104,8.969,15.531,16.1
2005-08-17,24.272,7.663,8.375,15.859,17.6
2005-08-18,0.573,7.698,7.984,15.625,14.2
2005-08-19,38.252,5.66,9.258,13.859,13.6
2005-08-20,0.0,6.556,8.125,14.148,14.3
2005-08-21,0.0,7.512,8.586,15.742,21.0
2005-08-22,0.579,9.65,7.711,18.031,14.9
2005-08-23,5.204,9.814,8.562,18.766,13.3
2005-08-24,17.164,7.226,9.516,15.984,12.4
2005-08-25,0.0,7.93,7.859,15.75,58.8
2005-08-26,0.188,8.861,8.008,17.086,56.8
2005-08-27,0.0,9.477,6.43,16.898,54.8
2005-08-28,0.0,8.379,7.82,16.281,52.8
2005-08-29,0.646,8.486,8.797,17.07,50.8
2005-08-30,0.0,10.136,7.953,18.695,48.8
2005-08-31,0.0,6.854,10.297,16.016,46.8
2005-09-01,0.0,8.85,8.453,17.281,44.9
2005-09-02,0.0,7.429,8.43,15.383,42.9
2005-09-03,22.415,6.984,8.594,14.898,40.9
2005-09-04,0.0,8.381,8.273,16.508,39.3
2005-09-05,0.0,7.603,7.344,14.82,37.8
2005-09-06,0.0,9.39,7.953,17.633,36.4
2005-09-07,0.0,7.484,8.312,15.344,34.9
2005-09-08,0.0,7.206,7.805,14.586,33.4
2005-09-09,0.792,6.215,8.367,13.695,32.2
2005-09-10,0.0,7.722,8.328,15.641,29.0
2005-09-11,0.0,7.787,7.773,15.336,26.9
2005-09-12,0.0,8.331,8.672,16.656,26.9
2005-09-13,0.0,7.44,7.32,14.539,26.9
2005-09-14,0.0,7.828,8.68,15.984,26.9
2005-09-15,0.0,7.246,9.922,16.164,15.0
2005-09-16,0.0,7.185,8.43,14.953,15.9
2005-09-17,0.0,9.867,7.609,17.961,12.2
2005-09-18,0.0,8.3,8.648,16.578,11.1
2005-09-19,0.0,7.536,8.805,15.68,10.8
2005-09-20,0.0,7.683,8.266,15.492,12.5
2005-09-21,0.0,9.231,8.297,17.531,10.8
2005-09-22,6.845,10.715,7.719,19.117,13.9
2005-09-23,1.136,8.757,9.508,17.719,11.4
2005-09-24,21.251,9.246,9.961,18.664,10.5
2005-09-25,8.072,10.785,9.508,20.336,10.5
2005-09-26,30.643,8.014,9.445,16.727,9.6
2005-09-27,27.504,7.793,8.508,15.797,11.8
2005-09-28,4.073,9.278,8.836,17.961,77.0
2005-09-29,4.137,10.368,7.906,18.789,19.7
2005-09-30,0.429,9.96,8.484,18.633,14.0
2005-10-01,0.0,6.889,8.734,14.805,13.6
2005-10-02,0.0,9.637,6.992,17.25,14.3
2005-10-03,0.0,11.186,7.086,19.391,14.3
2005-10-04,0.0,10.862,7.922,19.477,15.0
2005-10-05,0.944,9.515,8.656,18.18,11.1
2005-10-06,0.0,8.058,9.461,16.836,10.3
2005-10-07,14.519,7.61,8.805,15.805,10.3
2005-10-08,0.0,8.683,7.734,16.492,13.1
2005-10-09,0.502,7.648,7.742,15.133,16.0
2005-10-10,2.545,8.613,8.391,16.844,14.5
2005-10-11,4.491,7.463,9.953,16.469,16.4
2005-10-12,4.41,9.088,9.031,17.922,12.5
2005-10-13,13.611,9.208,10.188,18.867,25.8
2005-10-14,0.0,7.844,9.656,16.75,18.2
2005-10-15,17.426,9.599,8.375,18.203,12.5
2005-10-16,10.994,8.608,8.984,17.312,20.5
2005-10-17,24.406,6.833,9.953,15.719,15.9
2005-10-18,0.0,8.379,9.047,17.078,12.2
2005-10-19,1.29,7.246,9.18,15.695,11.5
2005-10-20,0.397,7.583,8.805,15.883,10.6
2005-10-21,5.045,9.657,7.805,17.992,14.7
2005-10-22,4.471,8.515,9.07,17.312,24.6
2005-10-23,6.068,8.166,10.672,17.977,31.4
2005-10-24,43.545,6.767,10.016,15.742,46.8
2005-10-25,3.734,7.522,9.82,16.586,30.3
2005-10-26,4.736,8.948,9.477,18.203,18.5
2005-10-27,0.522,7.092,10.68,16.672,24.6
2005-10-28,7.326,8.3,10.68,18.211,17.7
2005-10-29,0.0,9.899,10.367,20.094,15.3
2005-10-30,0.0,8.43,10.875,18.547,50.1
2005-10-31,51.121,6.511,10.266,15.688,26.3
2005-11-01,5.497,6.689,8.102,14.352,18.4
2005-11-02,8.682,8.355,8.172,16.648,67.5
2005-11-03,0.165,8.239,8.273,16.57,18.3
2005-11-04,0.0,7.713,8.242,15.852,14.9
2005-11-05,0.0,9.204,7.445,17.375,14.5
2005-11-06,0.0,8.538,9.32,17.727,13.4
2005-11-07,0.0,8.264,8.773,17.0,16.6
2005-11-08,0.0,7.574,7.375,15.117,14.9
2005-11-09,0.412,7.588,8.672,16.047,15.8
2005-11-10,0.412,9.243,7.445,17.516,13.0
2005-11-11,9.407,6.261,9.641,15.0,12.5
2005-11-12,7.919,7.467,8.938,16.109,16.0
2005-11-13,11.041,6.877,10.375,16.383,14.3
2005-11-14,14.345,8.694,9.57,18.219,14.8
2005-11-15,14.889,8.568,9.953,18.328,22.0
2005-11-16,0.0,8.846,10.227,18.906,13.1
2005-11-17,7.836,8.436,10.227,18.359,12.5
2005-11-18,26.956,8.61,10.555,18.836,12.2
2005-11-19,0.0,8.986,10.047,19.008,13.6
2005-11-20,20.914,10.374,9.461,20.531,17.1
2005-11-21,20.47,7.42,10.273,17.094,37.9
2005-11-22,13.163,7.372,9.977,16.82,16.6
2005-11-23,0.0,10.038,8.898,19.742,13.1
2005-11-24,4.96,10.301,8.477,19.867,11.6
2005-11-25,0.0,11.624,7.367,21.039,11.0
2005-11-26,4.958,10.461,6.75,19.07,10.4
2005-11-27,0.0,10.325,7.305,19.227,13.3
2005-11-28,0.0,9.032,9.188,18.609,10.6
2005-11-29,0.567,9.581,9.219,19.398,10.4
2005-11-30,0.596,8.011,10.289,18.016,9.8
2005-12-01,0.0,9.128,9.719,19.133,10.0
2005-12-02,12.433,8.689,10.086,18.789,10.3
2005-12-03,8.013,7.568,8.992,16.508,9.8
2005-12-04,28.026,7.029,8.75,15.602,9.3
2005-12-05,8.884,6.851,10.0,16.258,10.9
2005-12-06,10.034,8.434,9.383,18.0,13.0
2005-12-07,0.0,8.192,9.555,17.781,10.4
2005-12-08,2.529,7.114,8.844,15.812,10.5
2005-12-09,0.0,8.506,8.172,17.312,18.0
2005-12-10,0.547,9.036,8.703,18.414,11.3
2005-12-11,0.0,7.592,8.625,16.344,9.6
2005-12-12,0.0,6.685,9.75,15.898,9.9
2005-12-13,10.118,7.682,9.539,17.094,9.6
2005-12-14,29.317,6.905,10.219,16.531,10.4
2005-12-15,3.347,7.932,9.359,17.32,14.3
2005-12-16,16.13,9.038,8.914,18.57,25.6
2005-12-17,0.0,7.195,9.43,16.352,23.2
2005-12-18,0.0,7.667,8.477,16.359,15.3
2005-12-19,0.758,7.61,8.086,16.0,24.9
2005-12-20,0.0,7.706,9.188,16.906,17.4
2005-12-21,0.0,7.213,9.25,16.266,12.7
2005-12-22,0.381,6.948,9.258,15.906,11.5
2005-12-23,0.0,5.26,9.172,13.57,11.7
2005-12-24,16.809,6.347,9.695,15.414,11.2
2005-12-25,0.0,7.826,8.07,16.297,11.7
2005-12-26,3.944,7.217,9.719,16.586,12.7
2005-12-27,28.207,6.807,9.422,15.812,19.7
2005-12-28,0.0,7.944,9.734,17.578,13.4
2005-12-29,0.0,9.468,8.828,19.078,11.0
2005-12-30,0.0,8.594,9.062,18.008,9.9
2005-12-31,0.0,9.665,8.055,18.844,9.6
2006-01-01,0.0,8.3,9.023,17.555,9.32
2006-01-02,3.866,8.148,8.664,17.086,8.855
2006-01-03,0.0,7.621,9.336,16.812,8.855
2006-01-04,0.0,7.32,10.297,17.094,8.855
2006-01-05,1.495,8.244,9.062,17.469,8.74
2006-01-06,0.0,6.66,9.617,15.703,10.16
2006-01-07,13.565,7.07,9.0,15.805,20.15
2006-01-08,0.0,8.132,9.961,17.914,22.29
2006-01-09,0.0,7.527,9.242,16.57,12.23
2006-01-10,27.031,7.767,9.281,16.922,10.16
2006-01-11,5.603,8.863,9.617,18.617,10.16
2006-01-12,4.852,7.177,10.664,17.086,10.88
2006-01-13,0.0,9.178,8.734,18.461,9.68
2006-01-14,0.0,9.584,6.078,17.328,8.74
2006-01-15,26.633,6.78,9.766,15.875,8.625
2006-01-16,19.18,6.077,10.352,15.398,17.32
2006-01-17,17.825,7.235,8.555,15.617,22.27
2006-01-18,0.0,7.22,9.281,16.086,15.0
2006-01-19,0.0,6.833,10.398,16.375,26.69
2006-01-20,4.202,8.017,9.883,17.539,13.7
2006-01-21,0.578,7.016,9.781,16.133,11.24
2006-01-22,0.0,7.905,7.305,15.602,10.28
2006-01-23,0.0,7.414,8.75,15.914,9.68
2006-01-24,0.0,6.463,10.016,15.547,11.96
2006-01-25,0.0,7.03,10.219,16.43,10.04
2006-01-26,0.0,8.673,9.641,18.172,9.68
2006-01-27,8.201,5.988,9.883,14.82,9.68
2006-01-28,0.0,6.649,9.414,15.297,14.57
2006-01-29,0.0,7.355,8.484,15.57,10.4
2006-01-30,0.0,7.654,8.008,15.617,9.8
2006-01-31,2.807,7.331,9.359,16.117,9.32
2006-02-01,0.533,6.441,9.828,15.289,9.085
2006-02-02,0.0,7.592,9.594,16.594,9.68
2006-02-03,0.0,6.893,10.305,16.203,9.68
2006-02-04,20.564,7.469,10.047,16.734,10.04
2006-02-05,18.17,7.654,10.078,16.977,11.33
2006-02-06,0.0,7.899,9.977,17.195,22.72
2006-02-07,0.0,10.525,10.812,21.164,12.14
2006-02-08,15.678,8.729,11.07,19.031,17.67
2006-02-09,2.256,7.751,10.836,17.586,11.66
2006-02-10,4.01,8.189,10.25,17.719,10.52
2006-02-11,2.871,7.773,8.078,15.641,9.8
2006-02-12,0.0,7.956,9.789,17.055,9.32
2006-02-13,0.0,8.755,9.758,18.062,9.56
2006-02-14,0.0,9.175,10.516,19.102,11.48
2006-02-15,0.0,9.552,9.266,18.734,9.68
2006-02-16,0.0,11.11,7.32,19.539,8.97
2006-02-17,0.0,9.539,7.945,17.812,8.395
2006-02-18,0.192,8.472,9.773,17.625,8.395
2006-02-19,0.468,8.183,10.414,17.695,8.395
2006-02-20,20.71,8.673,10.055,18.062,9.325
2006-02-21,0.385,6.809,9.531,15.297,8.51
2006-02-22,0.0,7.743,8.523,15.766,8.625
2006-02-23,0.0,10.645,6.078,18.055,8.625
2006-02-24,0.0,9.967,7.844,18.219,7.59
2006-02-25,0.0,6.562,9.938,15.258,7.705
2006-02-26,0.0,8.972,8.586,17.367,7.36
2006-02-27,0.209,8.943,8.5,17.258,8.05
2006-02-28,11.543,7.386,9.82,16.188,9.585
2006-03-01,5.461,8.099,8.898,16.422,8.975
2006-03-02,0.0,9.295,8.141,17.453,7.935
2006-03-03,0.0,9.156,8.945,17.797,7.475
2006-03-04,5.913,9.06,9.414,17.984,7.245
2006-03-05,0.341,7.392,8.992,15.555,7.245
2006-03-06,0.0,7.735,8.648,15.742,7.015
2006-03-07,3.215,7.593,9.438,16.117,8.855
2006-03-08,24.478,7.588,9.984,16.492,23.05
2006-03-09,5.198,7.815,10.305,17.008,45.85
2006-03-10,20.446,7.852,9.805,16.695,120.9
2006-03-11,1.624,8.249,9.703,17.125,17.98
2006-03-12,18.071,9.512,7.617,17.328,13.25
2006-03-13,13.888,9.296,9.695,18.414,15.47
2006-03-14,0.717,9.074,9.5,18.008,33.64
2006-03-15,0.256,6.674,10.461,15.711,29.6
2006-03-16,20.342,6.508,9.773,14.984,16.47
2006-03-17,3.35,7.219,9.828,15.906,11.93
2006-03-18,2.697,8.402,8.422,16.406,14.51
2006-03-19,4.85,7.626,10.148,16.648,21.45
2006-03-20,6.414,8.127,8.625,16.172,13.25
2006-03-21,0.0,8.434,8.953,16.812,12.5
2006-03-22,0.675,7.384,8.984,15.523,11.78
2006-03-23,1.938,8.715,8.461,16.836,14.12
2006-03-24,15.165,6.514,9.625,14.883,11.66
2006-03-25,21.179,7.121,9.898,15.844,13.4
2006-03-26,7.415,8.621,8.594,16.844,18.98
2006-03-27,0.0,8.421,8.172,16.289,15.11
2006-03-28,0.0,8.318,8.383,16.305,14.19
2006-03-29,0.0,8.375,8.766,16.641,12.5
2006-03-30,0.0,8.238,9.336,16.852,11.24
2006-03-31,0.0,8.293,9.492,17.039,12.02
2006-04-01,13.795,7.97,9.836,16.875,10.76
2006-04-02,1.152,8.99,9.469,17.938,10.4
2006-04-03,0.0,9.074,10.133,18.516,11.24
2006-04-04,7.387,7.499,10.188,16.578,10.52
2006-04-05,15.343,6.563,10.5,15.688,17.55
2006-04-06,0.0,8.361,10.266,17.711,19.88
2006-04-07,11.448,5.785,10.773,14.984,13.1
2006-04-08,0.0,8.653,9.141,17.344,27.78
2006-04-09,5.21,8.833,8.656,17.25,12.91
2006-04-10,10.647,8.699,9.422,17.617,29.21
2006-04-11,6.127,7.995,9.844,17.016,15.7
2006-04-12,8.476,6.412,9.812,15.031,13.4
2006-04-13,10.848,8.542,10.68,18.32,33.79
2006-04-14,12.849,8.113,9.781,17.156,19.46
2006-04-15,6.199,9.761,9.07,18.828,14.98
2006-04-16,0.0,8.233,9.219,16.953,12.8
2006-04-17,0.0,5.812,10.375,14.766,11.63
2006-04-18,0.0,7.6,9.859,16.617,17.24
2006-04-19,12.427,9.13,8.234,17.516,12.65
2006-04-20,11.551,8.161,9.336,17.0,23.96
2006-04-21,15.207,7.717,9.312,16.43,18.32
2006-04-22,0.0,6.925,9.195,15.328,13.85
2006-04-23,0.48,5.78,9.625,14.211,21.42
2006-04-24,11.497,7.214,9.125,15.68,25.9
2006-04-25,0.0,8.401,8.602,16.898,22.11
2006-04-26,0.0,8.531,8.406,16.961,19.15
2006-04-27,13.214,5.128,10.125,13.852,48.1
2006-04-28,0.0,7.538,9.586,16.484,22.58
2006-04-29,1.525,6.981,10.25,16.258,16.81
2006-04-30,30.097,8.32,9.617,17.57,14.62
2006-05-01,0.0,6.763,9.859,15.734,13.4
2006-05-02,7.059,6.108,9.906,14.953,49.65
2006-05-03,0.0,7.635,10.172,17.117,47.51
2006-05-04,0.0,8.231,9.766,17.617,18.69
2006-05-05,3.501,6.884,10.414,16.352,15.11
2006-05-06,0.0,8.06,10.055,17.641,14.0
2006-05-07,1.758,7.133,9.516,16.047,39.72
2006-05-08,10.691,8.048,9.719,17.438,30.62
2006-05-09,2.17,6.189,10.312,15.438,46.3
2006-05-10,6.85,6.67,9.086,15.18,23.27
2006-05-11,9.392,6.431,9.328,15.047,19.46
2006-05-12,6.904,7.895,8.742,16.617,14.96
2006-05-13,0.0,5.996,9.578,14.688,13.55
2006-05-14,0.0,8.586,7.484,16.773,12.8
2006-05-15,0.0,6.75,8.414,14.875,12.05
2006-05-16,0.0,9.468,7.969,18.352,11.45
2006-05-17,2.476,9.557,8.641,18.922,11.36
2006-05-18,0.0,9.066,8.359,18.086,11.48
2006-05-19,0.0,8.129,8.188,16.68,11.69
2006-05-20,0.0,8.319,9.281,17.703,10.4
2006-05-21,1.551,7.712,10.859,17.992,17.42
2006-05-22,0.218,7.576,10.172,17.336,11.81
2006-05-23,2.49,7.79,6.836,15.367,10.76
2006-05-24,59.723,6.223,9.68,15.195,22.13
2006-05-25,0.0,7.305,8.844,16.078,47.78
2006-05-26,0.0,6.369,9.094,14.984,25.43
2006-05-27,0.0,6.767,8.758,15.289,18.92
2006-05-28,0.0,8.419,8.648,17.547,20.6
2006-05-29,1.546,6.817,8.516,15.219,21.0
2006-05-30,0.0,7.908,8.75,16.93,16.98
2006-05-31,0.0,7.654,8.836,16.641,19.2
2006-06-01,2.621,6.333,9.898,15.586,87.0
2006-06-02,33.532,6.809,8.742,15.414,29.0
2006-06-03,0.0,8.034,8.977,17.297,26.45
2006-06-04,1.542,7.476,9.898,17.164,17.86
2006-06-05,0.0,8.48,9.062,18.0,21.98
2006-06-06,77.564,7.061,9.773,16.516,24.2
2006-06-07,4.314,5.443,9.484,14.125,20.6
2006-06-08,0.0,7.164,9.641,16.609,24.94
2006-06-09,7.172,6.361,9.891,15.688,54.5
2006-06-10,0.0,7.827,8.773,16.945,25.67
2006-06-11,7.571,7.422,7.5,15.508,22.98
2006-06-12,17.407,6.282,9.188,15.078,43.05
2006-06-13,0.0,7.031,8.164,15.406,28.57
2006-06-14,24.733,7.425,7.742,15.68,26.41
2006-06-15,3.434,6.068,8.508,14.297,29.6
2006-06-16,0.0,6.719,7.586,14.586,21.49
2006-06-17,0.0,4.943,8.156,12.484,35.81
2006-06-18,0.0,6.28,7.852,14.125,31.4
2006-06-19,0.0,6.319,7.703,14.078,24.45
2006-06-20,0.0,5.744,8.766,14.047,24.94
2006-06-21,0.0,6.295,8.789,14.828,24.69
2006-06-22,0.0,6.951,9.992,16.602,86.11
2006-06-23,0.0,6.463,8.773,15.047,40.58
2006-06-24,0.0,8.189,7.0,16.336,30.51
2006-06-25,0.0,8.484,7.156,16.867,21.29
2006-06-26,0.0,6.651,8.516,15.133,19.6
2006-06-27,0.0,6.654,9.609,15.93,27.12
2006-06-28,0.0,6.067,10.352,15.68,36.82
2006-06-29,0.0,4.717,9.062,12.891,25.43
2006-06-30,0.0,5.677,9.812,14.734,22.49
2006-07-01,0.0,5.896,10.258,15.375,27.07
2006-07-02,0.0,5.874,10.5,15.516,24.2
2006-07-03,0.0,5.504,11.023,15.461,51.26
2006-07-04,2.823,5.419,9.438,14.102,37.12
2006-07-05,0.0,5.95,8.312,13.977,24.45
2006-07-06,0.0,6.84,7.859,14.914,39.6
2006-07-07,0.0,6.475,9.016,15.195,18.4
2006-07-08,0.0,6.993,8.734,15.719,18.26
2006-07-09,0.0,6.717,8.523,15.18,19.0
2006-07-10,0.0,6.213,8.883,14.711,18.83
2006-07-11,0.0,6.971,9.312,16.07,18.2
2006-07-12,0.0,7.117,8.945,16.0,19.8
2006-07-13,0.0,6.6,9.312,15.539,17.32
2006-07-14,0.0,6.287,9.461,15.211,29.0
2006-07-15,20.268,4.026,9.68,12.477,51.34
2006-07-16,0.0,6.727,9.008,15.445,32.99
2006-07-17,0.0,7.061,7.734,15.047,20.2
2006-07-18,0.0,5.911,8.703,14.117,17.66
2006-07-19,0.0,6.132,8.156,14.0,16.3
2006-07-20,0.0,5.592,7.789,12.977,14.94
2006-07-21,2.675,6.639,8.344,14.812,17.75
2006-07-22,13.093,5.658,8.891,13.867,15.28
2006-07-23,0.0,7.55,8.445,16.141,17.15
2006-07-24,0.0,7.042,8.25,15.273,15.28
2006-07-25,1.404,7.561,9.625,16.945,21.87
2006-07-26,0.0,9.606,7.164,18.156,18.29
2006-07-27,0.0,9.143,8.914,18.602,14.15
2006-07-28,36.579,5.345,10.07,14.312,17.47
2006-07-29,10.653,6.067,9.383,14.695,15.81
2006-07-30,0.0,7.252,8.914,15.945,15.32
2006-07-31,0.0,7.604,8.188,15.906,14.15
2006-08-01,4.268,5.062,9.43,13.414,18.26
2006-08-02,0.728,6.078,9.672,14.891,14.79
2006-08-03,0.0,6.614,7.547,14.031,15.28
2006-08-04,0.0,6.095,7.773,13.477,13.1
2006-08-05,0.0,8.369,8.297,16.969,13.4
2006-08-06,0.0,7.033,7.984,14.883,12.5
2006-08-07,0.0,7.654,8.336,15.961,14.47
2006-08-08,0.0,7.286,8.375,15.492,17.61
2006-08-09,0.0,8.529,8.68,17.367,13.85
2006-08-10,0.0,7.54,9.453,16.555,12.65
2006-08-11,0.0,6.907,10.078,16.148,11.63
2006-08-12,0.0,7.133,9.078,15.711,12.05
2006-08-13,0.0,7.286,8.016,15.156,11.0
2006-08-14,0.0,8.078,8.07,16.25,10.52
2006-08-15,0.0,7.848,8.781,16.422,11.0
2006-08-16,38.345,7.504,9.148,16.195,16.1
2006-08-17,0.273,8.601,8.195,17.0,17.61
2006-08-18,0.0,8.295,8.328,16.688,14.15
2006-08-19,0.0,8.337,8.312,16.688,13.55
2006-08-20,0.0,6.675,8.867,14.844,14.32
2006-08-21,4.578,6.458,9.594,15.102,55.7
2006-08-22,0.287,7.427,8.469,15.531,21.58
2006-08-23,0.0,8.8,7.414,16.664,17.15
2006-08-24,0.0,8.924,7.742,17.023,19.4
2006-08-25,1.704,6.974,8.148,14.648,16.13
2006-08-26,1.867,8.246,7.992,16.258,15.83
2006-08-27,3.055,7.404,8.367,15.359,13.4
2006-08-28,0.544,7.664,9.281,16.336,12.2
2006-08-29,12.298,8.946,8.648,17.57,11.9
2006-08-30,6.239,8.676,8.547,17.141,13.1
2006-08-31,0.0,9.528,7.688,17.703,12.5
2006-09-01,0.0,9.399,8.344,17.945,11.0
2006-09-02,0.0,10.274,7.273,18.438,10.4
2006-09-03,0.0,8.84,7.586,16.672,10.28
2006-09-04,0.0,9.083,9.398,18.195,10.16
2006-09-05,11.879,7.327,8.172,15.031,10.16
2006-09-06,0.0,7.908,7.547,15.383,10.16
2006-09-07,0.0,7.991,7.977,15.766,10.88
2006-09-08,0.0,8.222,7.266,15.57,10.04
2006-09-09,4.544,8.939,7.531,16.711,9.56
2006-09-10,0.0,7.938,8.359,15.93,9.32
2006-09-11,0.0,6.354,8.594,14.031,10.4
2006-09-12,0.0,8.153,7.648,15.719,9.56
2006-09-13,0.0,8.68,8.617,17.07,9.32
2006-09-14,0.13,9.181,7.664,17.078,10.04
2006-09-15,0.24,8.991,7.867,16.945,9.32
2006-09-16,0.0,7.528,9.648,16.289,9.92
2006-09-17,11.271,8.364,8.562,16.602,10.16
2006-09-18,17.686,6.313,8.086,13.594,14.88
2006-09-19,0.0,7.608,8.68,15.68,12.8
2006-09-20,0.0,10.315,6.383,17.781,10.64
2006-09-21,0.0,9.488,6.898,16.969,9.56
2006-09-22,0.0,9.927,9.133,18.992,8.97
2006-09-23,5.006,10.158,9.312,19.406,8.395
2006-09-24,14.448,6.809,10.203,15.789,9.68
2006-09-25,9.952,9.262,7.719,17.219,12.2
2006-09-26,0.0,7.065,8.156,14.594,18.32
2006-09-27,4.256,9.833,7.289,17.688,15.04
2006-09-28,0.0,10.069,6.82,17.703,10.4
2006-09-29,0.0,8.407,7.5,15.922,9.56
2006-09-30,0.0,9.201,8.422,17.586,10.4
2006-10-01,3.677,7.077,8.688,15.0,15.25
2006-10-02,0.0,8.402,8.336,16.492,10.52
2006-10-03,0.0,9.043,8.664,17.562,10.52
2006-10-04,2.636,9.231,9.07,18.078,12.5
2006-10-05,0.0,8.607,8.945,17.188,11.42
2006-10-06,0.0,8.091,9.32,16.781,11.51
2006-10-07,0.0,7.875,8.117,15.68,12.79
2006-10-08,16.053,8.247,8.406,16.367,19.79
2006-10-09,0.0,9.778,8.266,18.305,11.69
2006-10-10,0.597,9.521,8.742,18.281,10.64
2006-10-11,1.288,8.068,9.164,16.672,9.32
2006-10-12,13.234,7.89,9.938,16.984,27.91
2006-10-13,40.415,6.917,10.898,16.5,28.08
2006-10-14,3.32,6.284,10.602,15.5,30.8
2006-10-15,13.502,8.163,9.602,17.133,17.24
2006-10-16,0.0,9.054,10.586,18.961,15.47
2006-10-17,3.352,7.096,9.867,15.984,12.05
2006-10-18,11.697,11.413,7.922,20.352,10.4
2006-10-19,1.139,10.056,7.867,18.539,9.68
2006-10-20,1.279,8.547,9.789,17.82,9.92
2006-10-21,4.562,9.322,8.93,18.266,13.95
2006-10-22,0.0,8.491,9.914,17.859,10.88
2006-10-23,6.982,8.49,8.188,16.703,10.88
2006-10-24,0.0,10.411,8.133,19.25,10.28
2006-10-25,0.0,9.105,9.047,18.109,9.56
2006-10-26,9.343,9.31,8.953,18.32,8.97
2006-10-27,5.015,8.882,9.844,18.375,8.74
2006-10-28,0.0,8.627,9.242,17.656,8.28
2006-10-29,0.0,8.315,10.609,18.195,8.05
2006-10-30,0.0,8.045,9.648,17.188,9.57
2006-10-31,3.456,8.583,10.234,18.32,9.21
2006-11-01,18.503,7.764,9.133,16.477,9.44
2006-11-02,11.874,8.446,9.75,17.836,11.06
2006-11-03,1.422,8.393,9.18,17.398,18.86
2006-11-04,0.0,7.794,9.727,16.977,13.76
2006-11-05,0.0,8.51,9.508,17.797,9.44
2006-11-06,2.848,8.104,10.461,17.938,11.33
2006-11-07,0.0,8.28,9.188,17.305,10.16
2006-11-08,22.549,5.707,10.32,14.805,13.71
2006-11-09,2.19,7.424,9.961,16.727,14.44
2006-11-10,30.341,9.176,9.078,18.484,16.15
2006-11-11,3.929,8.655,9.141,17.844,29.65
2006-11-12,14.819,5.017,9.633,13.445,22.13
2006-11-13,0.0,7.614,8.32,15.883,30.5
2006-11-14,35.289,5.496,9.586,14.023,34.04
2006-11-15,4.292,5.323,9.492,13.727,23.96
2006-11-16,0.0,8.051,9.07,17.07,18.86
2006-11-17,17.423,7.125,8.984,15.734,14.96
2006-11-18,1.068,7.75,8.906,16.547,25.65
2006-11-19,1.451,7.81,9.031,16.734,22.58
2006-11-20,12.651,7.964,8.133,16.336,18.09
2006-11-21,0.0,8.734,6.781,16.547,18.35
2006-11-22,0.0,7.558,8.289,15.891,16.13
2006-11-23,0.0,8.641,8.156,17.328,13.4
2006-11-24,0.0,7.031,9.977,16.398,12.65
2006-11-25,0.0,6.916,10.172,16.406,12.65
2006-11-26,2.884,8.359,8.875,17.469,11.48
2006-11-27,0.266,6.488,9.391,15.281,11.0
2006-11-28,0.0,8.596,7.773,17.078,10.76
2006-11-29,19.528,7.938,9.242,17.148,12.5
2006-11-30,0.0,7.545,9.477,16.805,10.4
2006-12-01,16.555,8.08,8.969,17.18,9.8
2006-12-02,5.834,7.807,10.016,17.531,9.32
2006-12-03,1.139,8.52,8.945,17.789,8.97
2006-12-04,13.892,9.305,8.984,18.922,9.32
2006-12-05,2.769,7.363,10.195,17.086,9.8
2006-12-06,15.353,6.125,10.883,15.977,14.27
2006-12-07,11.752,7.253,8.586,15.812,21.67
2006-12-08,8.736,8.006,10.695,18.336,12.5
2006-12-09,10.95,6.324,10.539,15.977,19.4
2006-12-10,14.012,8.125,8.984,17.312,17.61
2006-12-11,3.067,9.348,8.938,19.0,11.93
2006-12-12,20.831,7.23,9.398,16.383,17.6
2006-12-13,1.488,7.72,9.562,17.172,12.8
2006-12-14,8.197,7.46,10.68,17.617,13.4
2006-12-15,0.962,7.331,9.656,16.695,12.08
2006-12-16,0.0,7.427,9.148,16.492,10.4
2006-12-17,0.0,8.932,7.094,17.258,9.92
2006-12-18,0.0,7.442,10.125,17.195,9.44
2006-12-19,3.697,7.662,10.016,17.414,9.68
2006-12-20,23.439,5.95,10.117,15.195,21.72
2006-12-21,3.131,7.07,9.734,16.414,18.01
2006-12-22,16.04,7.022,9.711,16.336,22.81
2006-12-23,0.0,7.37,8.398,15.891,13.1
2006-12-24,0.0,8.668,8.617,17.852,10.88
2006-12-25,1.114,7.325,9.531,16.602,10.04
2006-12-26,0.0,6.211,9.031,14.719,10.28
2006-12-27,0.0,6.411,9.062,15.008,10.52
2006-12-28,0.0,6.417,9.828,15.586,12.2
2006-12-29,0.0,7.038,8.266,15.305,11.42
2006-12-30,0.0,8.34,6.688,16.102,10.28
2006-12-31,3.791,7.665,7.664,15.758,9.8
2007-01-01,0.0,8.153,8.148,16.773,9.56
2007-01-02,0.0,7.496,8.453,16.055,8.97
2007-01-03,0.0,8.417,8.023,17.047,8.395
2007-01-04,0.0,7.866,6.758,15.422,8.05
2007-01-05,0.0,8.676,7.32,16.938,7.82
2007-01-06,0.0,8.745,7.969,17.445,7.59
2007-01-07,0.0,8.104,8.477,16.867,7.475
2007-01-08,0.0,7.556,8.523,16.117,7.705
2007-01-09,0.0,7.722,9.539,17.047,7.245
2007-01-10,0.197,8.481,9.875,18.305,7.36
2007-01-11,0.0,8.984,8.844,18.289,7.13
2007-01-12,0.0,9.842,9.102,19.625,6.9
2007-01-13,0.0,8.062,9.602,17.523,7.13
2007-01-14,0.0,8.205,9.062,17.32,6.63
2007-01-15,0.0,8.978,10.195,19.125,6.63
2007-01-16,0.0,9.61,9.102,19.242,6.63
2007-01-17,0.0,9.924,9.523,19.914,6.45
2007-01-18,16.488,7.792,11.203,18.211,7.295
2007-01-19,0.0,6.366,10.984,16.211,7.36
2007-01-20,0.0,8.018,10.195,17.773,7.015
2007-01-21,0.0,8.177,10.195,17.969,6.63
2007-01-22,24.275,7.738,9.984,17.219,8.74
2007-01-23,0.0,8.428,9.391,17.719,7.475
2007-01-24,0.0,8.276,9.078,17.281,7.245
2007-01-25,4.2,7.196,10.508,16.852,6.925
2007-01-26,22.195,6.221,11.445,16.32,10.97
2007-01-27,7.962,8.175,9.672,17.508,32.55
2007-01-28,0.0,8.93,8.539,17.742,12.35
2007-01-29,0.0,10.481,7.703,19.289,8.395
2007-01-30,0.0,9.151,7.992,17.648,7.36
2007-01-31,0.0,9.427,9.031,18.68,7.82
2007-02-01,0.0,9.956,8.633,19.109,32.77
2007-02-02,0.0,10.636,7.375,19.219,6.36
2007-02-03,0.0,10.904,7.906,19.875,6.09
2007-02-04,0.0,11.625,6.164,19.797,6.18
2007-02-05,0.0,11.629,7.445,20.531,6.09
2007-02-06,0.0,12.2,7.281,21.172,6.09
2007-02-07,0.0,11.558,6.641,19.914,5.91
2007-02-08,0.0,12.051,7.586,21.102,5.91
2007-02-09,0.0,11.98,6.609,20.422,6.45
2007-02-10,0.0,9.255,10.039,18.945,5.91
2007-02-11,0.0,10.372,9.273,19.875,5.73
2007-02-12,2.946,9.98,8.258,18.695,5.64
2007-02-13,0.797,11.167,8.32,20.273,5.82
2007-02-14,15.317,9.194,10.188,18.875,5.82
2007-02-15,2.288,9.267,9.375,18.422,7.78
2007-02-16,4.448,7.721,10.898,17.477,17.42
2007-02-17,7.672,10.175,9.398,19.586,8.28
2007-02-18,30.912,10.381,8.312,19.141,8.395
2007-02-19,0.0,8.974,9.32,17.953,13.69
2007-02-20,0.0,10.619,8.328,19.461,9.45
2007-02-21,0.0,9.33,7.359,17.086,7.82
2007-02-22,0.0,10.411,8.273,19.102,6.72
2007-02-23,0.0,10.055,5.773,17.07,6.45
2007-02-24,0.0,8.445,6.758,15.477,6.0
2007-02-25,0.0,5.133,9.562,13.258,6.36
2007-02-26,4.721,6.045,9.328,14.164,6.925
2007-02-27,0.0,8.013,7.773,15.539,7.155
2007-02-28,0.0,8.374,8.336,16.383,6.45
2007-03-01,0.0,9.812,7.922,18.0,6.18
2007-03-02,0.0,8.822,7.703,16.539,5.91
2007-03-03,0.0,7.962,9.336,16.531,5.82
2007-03-04,0.0,5.309,10.094,13.875,7.0
2007-03-05,0.0,7.718,8.828,15.852,8.05
2007-03-06,0.0,7.922,8.094,15.586,6.18
2007-03-07,0.0,6.883,9.633,15.391,7.0
2007-03-08,9.544,7.88,8.336,15.703,7.475
2007-03-09,0.29,8.183,8.453,16.172,6.81
2007-03-10,0.29,8.159,8.578,16.219,14.81
2007-03-11,0.0,9.192,8.031,17.188,8.865
2007-03-12,3.312,8.225,8.516,16.25,6.81
2007-03-13,0.0,9.237,8.672,17.656,6.27
2007-03-14,9.87,8.038,8.438,15.945,6.63
2007-03-15,10.444,8.947,9.023,17.523,6.09
2007-03-16,11.485,7.753,9.516,16.344,7.935
2007-03-17,9.555,8.661,9.031,17.141,6.745
2007-03-18,3.515,7.463,9.312,15.82,6.63
2007-03-19,0.279,6.285,10.023,14.914,6.09
2007-03-20,4.962,7.998,8.969,16.266,5.91
2007-03-21,9.9,8.089,9.125,16.484,5.73
2007-03-22,4.743,7.562,9.891,16.367,6.27
2007-03-23,16.929,7.858,10.289,17.031,8.165
2007-03-24,13.021,7.744,9.523,16.328,14.34
2007-03-25,14.455,6.463,9.344,14.625,14.27
2007-03-26,0.861,9.269,8.164,17.367,13.85
2007-03-27,0.0,9.428,9.492,18.461,10.16
2007-03-28,0.0,7.558,9.531,16.125,11.15
2007-03-29,0.0,6.471,10.281,15.367,9.32
2007-03-30,0.0,8.687,8.789,17.055,9.56
2007-03-31,0.0,8.279,8.602,16.414,8.05
2007-04-01,0.0,8.714,9.219,17.406,7.475
2007-04-02,0.582,7.019,9.57,15.523,7.36
2007-04-03,0.329,8.796,9.594,17.773,9.56
2007-04-04,2.844,7.921,9.617,16.688,9.92
2007-04-05,2.058,7.2,10.898,16.734,14.42
2007-04-06,5.305,7.049,10.141,16.016,44.85
2007-04-07,0.0,8.917,8.312,17.117,15.21
2007-04-08,0.427,8.92,8.383,17.195,10.64
2007-04-09,26.155,8.555,8.406,16.727,16.5
2007-04-10,9.687,9.414,8.695,18.062,10.04
2007-04-11,0.0,8.592,9.68,17.656,10.79
2007-04-12,0.0,8.512,10.383,18.062,8.395
2007-04-13,3.804,7.181,10.07,16.18,7.705
2007-04-14,0.0,7.85,9.688,16.766,9.445
2007-04-15,0.0,8.719,8.508,17.078,11.51
2007-04-16,0.0,6.762,9.859,15.539,11.75
2007-04-17,0.0,8.636,8.828,17.227,21.11
2007-04-18,22.496,9.138,8.422,17.625,14.02
2007-04-19,2.834,7.245,10.531,16.656,10.4
2007-04-20,0.0,6.976,9.008,15.219,10.28
2007-04-21,36.053,7.558,9.273,16.172,9.56
2007-04-22,0.0,7.602,9.266,16.25,8.855
2007-04-23,11.652,6.956,9.781,15.797,8.74
2007-04-24,0.0,8.2,8.508,16.531,8.165
2007-04-25,2.666,6.442,10.242,15.523,8.74
2007-04-26,16.442,7.584,9.898,16.734,15.62
2007-04-27,13.548,7.845,9.75,17.0,17.9
2007-04-28,14.786,6.426,10.109,15.445,10.88
2007-04-29,3.417,6.188,10.172,15.234,10.04
2007-04-30,0.0,6.819,9.375,15.43,14.0
2007-05-01,0.0,8.187,9.43,17.273,15.32
2007-05-02,0.0,8.955,8.844,17.938,13.89
2007-05-03,0.0,7.938,8.75,16.516,27.74
2007-05-04,0.0,7.26,9.789,16.352,11.9
2007-05-05,0.0,8.283,9.922,17.828,13.42
2007-05-06,1.15,8.364,9.812,17.867,11.45
2007-05-07,0.23,7.698,10.625,17.578,12.11
2007-05-08,5.66,7.083,10.445,16.688,9.8
2007-05-09,7.328,5.799,11.344,15.781,9.44
2007-05-10,25.895,5.391,10.148,14.367,20.93
2007-05-11,0.0,6.228,9.602,14.984,24.15
2007-05-12,0.0,5.555,8.812,13.523,13.1
2007-05-13,0.0,6.93,9.305,15.719,11.24
2007-05-14,0.0,7.154,9.344,16.062,11.0
2007-05-15,0.0,6.294,9.703,15.195,21.05
2007-05-16,0.0,7.746,8.656,16.414,17.81
2007-05-17,3.896,7.785,10.352,17.664,14.87
2007-05-18,24.94,5.501,10.547,14.875,21.5
2007-05-19,0.0,7.84,9.398,17.117,16.13
2007-05-20,5.31,6.726,10.523,16.438,15.79
2007-05-21,17.909,7.676,9.953,17.305,14.94
2007-05-22,10.718,7.411,10.914,17.641,18.95
2007-05-23,3.684,6.773,10.562,16.555,15.02
2007-05-24,1.042,8.209,10.016,18.117,14.64
2007-05-25,12.676,6.344,10.0,15.609,34.3
2007-05-26,1.573,6.864,9.75,16.141,18.32
2007-05-27,0.0,9.156,8.984,18.773,15.45
2007-05-28,18.003,7.263,9.656,16.633,30.53
2007-05-29,1.505,6.413,8.672,14.766,21.47
2007-05-30,30.248,6.145,9.469,15.0,32.33
2007-05-31,0.0,5.122,8.562,12.945,28.57
2007-06-01,3.201,7.872,8.867,16.992,22.78
2007-06-02,11.992,5.438,9.812,14.359,18.29
2007-06-03,4.196,7.32,8.992,16.305,15.96
2007-06-04,70.462,5.286,8.562,13.195,23.57
2007-06-05,0.0,6.912,8.234,15.234,21.4
2007-06-06,1.115,7.105,8.797,15.914,23.96
2007-06-07,0.848,6.804,9.062,15.688,18.4
2007-06-08,0.0,6.932,8.828,15.703,16.13
2007-06-09,70.472,7.559,7.922,15.969,53.33
2007-06-10,0.0,6.814,7.891,14.883,30.2
2007-06-11,0.212,6.032,8.594,14.297,35.13
2007-06-12,0.0,5.446,9.695,14.328,23.51
2007-06-13,0.18,6.247,8.375,14.438,76.73
2007-06-14,0.0,5.715,9.758,14.75,82.38
2007-06-15,1.767,6.838,9.516,16.094,71.13
2007-06-16,1.871,5.865,8.852,14.273,30.8
2007-06-17,1.407,6.378,9.516,15.469,27.07
2007-06-18,0.0,6.657,8.227,14.93,23.96
2007-06-19,0.0,5.784,8.414,13.828,22.05
2007-06-20,0.0,5.886,9.211,14.562,29.66
2007-06-21,0.0,6.041,9.172,14.75,28.1
2007-06-22,2.118,5.503,10.031,14.719,90.34
2007-06-23,0.172,6.509,9.469,15.625,36.63
2007-06-24,0.0,5.007,8.492,12.828,25.92
2007-06-25,0.33,4.239,9.234,12.422,45.64
2007-06-26,0.0,6.263,8.938,14.891,35.22
2007-06-27,0.152,6.514,9.18,15.445,46.37
2007-06-28,0.0,5.972,8.781,14.375,36.19
2007-06-29,3.62,4.541,8.211,11.992,26.47
2007-06-30,0.0,5.439,7.32,12.531,23.47
2007-07-01,0.0,4.752,8.32,12.344,19.2
2007-07-02,0.0,4.644,8.914,12.68,17.69
2007-07-03,0.0,6.911,8.227,15.289,17.15
2007-07-04,0.0,7.596,9.273,16.977,15.28
2007-07-05,0.0,7.751,8.805,16.867,14.15
2007-07-06,0.0,6.318,9.398,15.258,14.0
2007-07-07,0.0,6.969,8.992,15.875,15.62
2007-07-08,0.0,8.388,9.039,17.898,21.09
2007-07-09,0.0,7.071,8.383,15.578,16.13
2007-07-10,0.0,6.553,8.688,15.055,14.15
2007-07-11,0.0,6.453,9.695,15.633,16.47
2007-07-12,0.0,6.756,8.93,15.492,27.18
2007-07-13,0.0,7.97,8.953,17.203,18.75
2007-07-14,0.0,6.862,9.539,16.062,13.1
2007-07-15,0.0,6.611,9.336,15.578,12.05
2007-07-16,0.0,7.259,8.672,15.984,12.65
2007-07-17,0.0,8.127,8.945,17.352,13.25
2007-07-18,0.0,7.723,8.758,16.656,10.88
2007-07-19,0.0,6.766,9.047,15.508,10.64
2007-07-20,18.813,7.852,8.453,16.602,10.64
2007-07-21,0.0,7.791,8.914,16.82,10.52
2007-07-22,0.0,8.751,8.562,17.906,12.56
2007-07-23,18.674,7.74,9.211,16.914,10.88
2007-07-24,0.0,8.875,9.023,18.352,10.4
2007-07-25,18.94,8.688,9.992,18.719,11.0
2007-07-26,0.0,6.86,9.227,15.688,9.92
2007-07-27,12.246,5.359,9.008,13.5,18.43
2007-07-28,0.0,8.326,6.703,16.008,14.91
2007-07-29,0.0,7.311,7.914,15.352,10.52
2007-07-30,0.0,8.962,5.539,16.148,9.8
2007-07-31,0.0,7.837,6.891,15.375,9.68
2007-08-01,0.0,7.782,7.805,15.891,9.085
2007-08-02,0.0,6.932,8.562,15.219,9.56
2007-08-03,0.0,6.233,8.711,14.375,13.86
2007-08-04,0.0,6.761,9.555,15.672,15.62
2007-08-05,0.0,6.156,9.367,14.727,21.5
2007-08-06,0.0,7.741,7.75,15.703,15.85
2007-08-07,0.0,9.067,7.875,17.617,10.4
2007-08-08,0.0,7.916,8.312,16.312,10.64
2007-08-09,0.0,8.054,8.312,16.484,12.71
2007-08-10,0.0,7.276,7.391,14.75,11.24
2007-08-11,0.0,6.448,9.047,14.797,10.28
2007-08-12,0.0,6.988,9.133,15.555,12.08
2007-08-13,0.0,7.249,8.516,15.461,16.55
2007-08-14,0.0,7.55,8.703,15.969,13.1
2007-08-15,6.14,8.755,7.828,17.008,10.52
2007-08-16,0.0,9.069,8.773,18.055,17.44
2007-08-17,0.0,7.204,8.609,15.406,17.95
2007-08-18,0.0,8.261,7.625,16.148,13.7
2007-08-19,0.0,8.199,7.047,15.664,11.81
2007-08-20,0.0,6.864,8.25,14.656,15.4
2007-08-21,0.0,5.589,8.562,13.195,31.1
2007-08-22,0.0,7.005,8.133,14.734,14.68
2007-08-23,0.0,8.382,7.922,16.422,11.39
2007-08-24,3.9,9.618,8.656,18.555,10.4
2007-08-25,1.86,9.931,7.68,18.336,10.76
2007-08-26,4.023,8.93,8.734,17.656,12.5
2007-08-27,0.0,7.68,9.211,16.328,13.25
2007-08-28,0.0,7.627,8.828,15.969,10.16
2007-08-29,25.996,6.337,10.117,15.266,9.56
2007-08-30,63.525,8.389,7.984,16.406,11.12
2007-08-31,0.0,7.951,6.977,15.109,14.34
2007-09-01,0.0,6.938,7.703,14.219,15.17
2007-09-02,0.0,6.528,7.82,13.758,11.0
2007-09-03,0.0,7.994,7.227,15.305,10.76
2007-09-04,0.586,8.477,6.953,15.758,17.92
2007-09-05,0.0,8.149,8.383,16.266,13.25
2007-09-06,3.328,8.064,8.086,15.945,11.96
2007-09-07,0.0,7.306,7.711,14.672,10.64
2007-09-08,0.0,7.98,8.203,15.891,11.27
2007-09-09,0.0,6.916,7.992,14.328,12.41
2007-09-10,0.0,9.098,7.922,17.188,11.54
2007-09-11,0.0,6.716,8.93,14.758,12.23
2007-09-12,0.0,8.246,7.859,16.0,10.28
2007-09-13,0.0,7.862,8.773,16.109,17.7
2007-09-14,1.899,9.607,7.859,17.781,15.38
2007-09-15,1.706,6.968,8.016,14.414,10.52
2007-09-16,0.651,8.315,7.992,16.148,11.36
2007-09-17,0.0,8.014,8.234,15.906,11.42
2007-09-18,0.0,10.585,6.812,18.406,9.68
2007-09-19,0.0,7.599,9.164,16.008,8.97
2007-09-20,10.125,9.135,9.219,18.039,8.395
2007-09-21,0.0,9.125,7.797,17.07,10.64
2007-09-22,2.022,9.789,8.242,18.234,8.975
2007-09-23,5.315,9.135,8.039,17.234,8.51
2007-09-24,8.395,9.456,7.703,17.445,8.51
2007-09-25,9.674,8.009,8.555,16.125,9.56
2007-09-26,3.589,10.013,7.344,17.961,13.93
2007-09-27,7.952,8.618,7.648,16.312,9.44
2007-09-28,0.0,7.575,8.125,15.242,10.82
2007-09-29,0.0,7.747,7.977,15.383,13.44
2007-09-30,0.0,8.779,7.492,16.438,12.08
2007-10-01,0.0,7.041,7.859,14.367,9.68
2007-10-02,0.0,9.008,6.734,16.234,8.51
2007-10-03,0.0,9.28,7.328,17.0,8.28
2007-10-04,0.0,9.73,7.398,17.641,8.05
2007-10-05,0.0,8.79,7.305,16.336,7.935
2007-10-06,0.0,9.342,8.055,17.555,10.81
2007-10-07,0.0,8.241,7.797,15.938,9.92
2007-10-08,1.602,8.434,8.875,16.938,20.28
2007-10-09,44.684,6.06,8.57,13.641,25.65
2007-10-10,1.336,9.351,7.453,17.219,14.25
2007-10-11,18.274,8.97,8.242,17.227,10.16
2007-10-12,4.151,8.601,10.242,18.117,9.32
2007-10-13,0.241,8.947,10.578,18.797,9.09
2007-10-14,24.634,7.194,10.68,16.664,24.69
2007-10-15,28.987,9.153,8.734,17.844,33.16
2007-10-16,5.391,8.131,9.641,17.133,17.81
2007-10-17,13.089,7.766,9.195,16.367,10.64
2007-10-18,12.221,6.998,8.836,15.125,10.4
2007-10-19,0.0,7.591,9.336,16.25,17.44
2007-10-20,27.036,7.438,9.508,16.18,51.22
2007-10-21,6.623,7.827,9.398,16.617,81.52
2007-10-22,19.89,7.572,9.461,16.352,22.83
2007-10-23,0.0,7.809,9.695,16.836,25.75
2007-10-24,0.099,8.845,8.039,17.086,15.62
2007-10-25,0.248,8.233,10.141,17.719,16.81
2007-10-26,1.327,7.568,9.875,16.672,13.4
2007-10-27,17.878,8.588,9.906,18.031,17.27
2007-10-28,35.831,7.267,9.938,16.359,21.58
2007-10-29,0.0,8.534,9.453,17.695,20.15
2007-10-30,2.872,7.817,9.195,16.578,14.94
2007-10-31,0.0,7.784,9.523,16.781,16.15
2007-11-01,5.587,7.828,9.719,16.992,14.02
2007-11-02,0.0,8.891,9.484,18.25,14.68
2007-11-03,5.258,8.241,9.625,17.484,27.58
2007-11-04,10.029,7.083,9.883,16.172,14.17
2007-11-05,39.061,7.899,9.227,16.789,28.18
2007-11-06,1.924,8.166,9.344,17.242,22.63
2007-11-07,0.0,7.677,9.141,16.469,16.3
2007-11-08,1.283,8.699,8.609,17.492,15.11
2007-11-09,21.807,6.459,9.156,14.883,15.83
2007-11-10,5.911,7.095,10.094,16.414,14.49
2007-11-11,16.029,8.654,7.57,16.789,14.98
2007-11-12,0.0,8.366,8.047,16.734,11.75
2007-11-13,0.0,8.114,7.789,16.211,10.76
2007-11-14,7.386,8.201,9.891,17.781,24.35
2007-11-15,0.0,7.099,8.758,15.516,15.17
2007-11-16,3.48,7.069,9.453,15.992,12.8
2007-11-17,0.621,5.268,9.617,13.789,35.02
2007-11-18,11.898,6.964,7.695,14.617,14.55
2007-11-19,0.0,7.472,7.594,15.273,16.13
2007-11-20,0.0,9.375,6.141,17.055,12.35
2007-11-21,0.0,7.124,8.445,15.398,11.12
2007-11-22,0.0,8.242,8.672,17.109,10.88
2007-11-23,2.389,8.323,8.18,16.906,10.28
2007-11-24,14.065,8.019,9.664,17.516,11.66
2007-11-25,13.991,8.664,8.969,17.938,11.24
2007-11-26,0.0,7.192,9.047,15.977,10.4
2007-11-27,0.0,9.196,7.781,17.922,9.68
2007-11-28,22.383,7.933,10.047,17.695,9.44
2007-11-29,0.0,8.324,9.773,18.055,9.32
2007-11-30,10.124,6.522,10.5,16.172,9.8
2007-12-01,7.212,6.304,9.875,15.422,13.1
2007-12-02,0.0,6.811,10.422,16.5,14.06
2007-12-03,0.265,7.08,9.891,16.477,15.45
2007-12-04,31.458,9.512,7.734,18.383,10.88
2007-12-05,0.0,10.272,7.367,19.25,9.56
2007-12-06,0.0,10.1,7.227,18.953,9.32
2007-12-07,2.836,8.843,8.336,17.867,14.19
2007-12-08,0.0,9.197,9.078,18.859,9.68
2007-12-09,0.0,6.4,10.258,15.867,9.44
2007-12-10,0.0,7.384,9.516,16.664,9.32
2007-12-11,0.0,9.296,7.281,17.875,9.32
2007-12-12,13.952,7.258,9.219,16.281,9.45
2007-12-13,16.093,7.561,9.75,17.094,9.32
2007-12-14,2.943,6.166,9.969,15.367,11.3
2007-12-15,11.034,5.684,10.531,15.172,11.45
2007-12-16,0.0,7.186,9.906,16.695,10.16
2007-12-17,46.731,6.462,10.031,15.812,10.28
2007-12-18,0.0,7.913,8.422,16.664,10.28
2007-12-19,0.757,6.54,9.602,15.609,14.85
2007-12-20,0.0,7.564,10.055,17.312,56.69
2007-12-21,0.0,7.365,9.281,16.477,14.72
2007-12-22,0.0,7.631,9.25,16.844,10.28
2007-12-23,0.0,6.745,10.312,16.391,15.32
2007-12-24,16.239,7.798,9.062,16.938,11.69
2007-12-25,2.088,7.108,10.188,16.789,10.16
2007-12-26,10.825,6.41,9.922,15.648,10.4
2007-12-27,30.402,7.015,9.062,15.844,10.64
2007-12-28,8.909,6.575,9.609,15.633,14.63
2007-12-29,0.0,8.188,9.117,17.5,12.29
2007-12-30,0.0,8.3,8.852,17.469,9.68
2007-12-31,0.0,8.328,8.703,17.398,9.085
2008-01-01,0.0,8.441,8.883,17.664,8.625
2008-01-02,0.742,7.421,9.281,16.516,8.165
2008-01-03,0.88,6.472,9.547,15.414,8.28
2008-01-04,0.0,8.621,7.156,16.758,7.82
2008-01-05,0.0,5.315,9.336,13.719,9.71
2008-01-06,0.0,6.419,9.141,15.031,7.82
2008-01-07,0.0,7.895,9.047,16.969,8.51
2008-01-08,1.238,7.647,9.422,16.875,8.28
2008-01-09,19.73,5.382,10.422,14.625,10.47
2008-01-10,0.0,8.819,9.211,18.305,12.65
2008-01-11,0.0,8.945,9.414,18.617,8.855
2008-01-12,43.681,8.517,8.891,17.664,11.48
2008-01-13,0.0,8.035,9.266,17.242,9.56
2008-01-14,5.441,6.848,9.953,16.117,8.995
2008-01-15,0.0,7.336,9.719,16.578,9.44
2008-01-16,28.156,6.476,9.625,15.352,16.8
2008-01-17,0.0,6.647,9.547,15.523,13.03
2008-01-18,0.0,7.682,8.93,16.461,9.32
2008-01-19,0.0,7.307,7.391,14.867,8.51
2008-01-20,0.0,9.069,6.836,16.969,7.705
2008-01-21,0.0,6.766,9.062,15.273,7.36
2008-01-22,0.0,8.943,8.898,18.094,7.13
2008-01-23,0.0,9.646,8.172,18.57,7.13
2008-01-24,0.0,8.823,9.648,18.406,6.81
2008-01-25,0.0,8.765,9.82,18.414,6.81
2008-01-26,0.0,7.463,10.68,17.312,9.215
2008-01-27,0.0,7.311,10.648,17.109,7.82
2008-01-28,0.0,6.334,10.328,15.57,10.76
2008-01-29,4.297,7.078,10.094,16.344,13.91
2008-01-30,14.042,6.809,10.82,16.516,11.87
2008-01-31,0.0,6.477,10.258,15.641,9.44
2008-02-01,0.0,9.061,9.664,18.555,10.28
2008-02-02,0.0,10.524,8.875,19.984,7.935
2008-02-03,0.0,8.555,9.781,17.969,7.475
2008-02-04,0.0,7.223,8.898,15.578,7.13
2008-02-05,0.0,8.43,5.703,15.07,7.015
2008-02-06,0.0,7.967,7.484,15.578,7.245
2008-02-07,0.0,7.835,8.352,15.969,8.165
2008-02-08,0.0,8.297,7.953,16.305,7.475
2008-02-09,0.0,8.764,8.078,17.008,7.245
2008-02-10,0.33,8.208,8.461,16.5,7.015
2008-02-11,7.973,7.999,9.125,16.672,6.95
2008-02-12,0.0,8.193,9.078,16.867,7.705
2008-02-13,0.0,6.747,9.094,14.992,9.1
2008-02-14,0.0,7.125,9.719,15.93,10.04
2008-02-15,13.667,8.692,9.445,17.727,8.51
2008-02-16,9.913,8.159,9.969,17.398,7.36
2008-02-17,6.258,7.696,9.562,16.5,14.46
2008-02-18,22.895,7.465,9.812,16.359,15.45
2008-02-19,20.942,6.904,9.578,15.461,41.55
2008-02-20,11.622,6.516,10.25,15.484,16.98
2008-02-21,2.901,7.619,9.719,16.461,15.36
2008-02-22,0.0,7.95,9.812,16.945,21.87
2008-02-23,0.0,8.493,9.555,17.445,21.38
2008-02-24,0.0,7.546,9.766,16.383,12.23
2008-02-25,15.094,6.146,10.0,14.797,10.76
2008-02-26,7.769,7.717,9.867,16.648,9.68
2008-02-27,0.0,7.441,9.664,16.133,9.44
2008-02-28,22.265,6.601,9.336,14.836,9.32
2008-02-29,1.602,9.215,8.477,17.602,17.04
2008-03-01,5.596,9.657,9.578,18.867,10.04
2008-03-02,0.0,8.284,9.617,17.125,8.625
2008-03-03,0.929,7.848,10.141,16.953,8.625
2008-03-04,7.033,7.68,9.359,16.172,8.165
2008-03-05,20.523,9.274,9.164,18.07,7.935
2008-03-06,13.275,6.901,10.055,15.68,14.89
2008-03-07,19.851,9.039,8.523,17.328,9.56
2008-03-08,0.518,8.291,8.633,16.43,11.93
2008-03-09,9.125,8.281,9.477,16.992,10.4
2008-03-10,0.439,7.945,9.906,16.852,12.02
2008-03-11,10.123,7.107,10.0,15.922,17.9
2008-03-12,0.0,8.955,7.844,16.742,10.76
2008-03-13,35.252,6.737,9.055,14.734,45.85
2008-03-14,0.888,6.727,8.477,14.289,20.2
2008-03-15,9.404,7.538,8.633,15.445,29.89
2008-03-16,8.041,8.368,8.391,16.344,15.96
2008-03-17,0.527,7.939,8.594,15.922,14.19
2008-03-18,0.0,8.447,7.312,15.719,12.8
2008-03-19,0.0,8.451,8.086,16.242,11.63
2008-03-20,0.0,8.48,7.656,16.0,10.76
2008-03-21,0.071,8.488,8.945,16.883,9.8
2008-03-22,0.586,7.49,9.266,15.836,9.32
2008-03-23,0.0,8.308,8.195,16.125,9.44
2008-03-24,0.434,8.534,8.789,16.828,9.32
2008-03-25,0.082,8.584,8.453,16.68,9.085
2008-03-26,6.52,9.57,7.883,17.594,9.68
2008-03-27,0.0,9.117,8.961,17.711,8.395
2008-03-28,3.254,8.743,10.742,18.469,8.05
2008-03-29,6.923,6.835,10.391,15.875,8.875
2008-03-30,6.831,9.342,9.914,18.68,8.625
2008-03-31,14.58,6.422,10.094,15.164,24.45
2008-04-01,2.07,8.742,10.117,18.055,12.47
2008-04-02,0.0,10.132,9.414,19.344,11.42
2008-04-03,0.0,9.289,8.852,17.922,8.395
2008-04-04,0.0,9.254,7.109,16.75,8.165
2008-04-05,15.541,8.887,8.508,17.18,8.28
2008-04-06,3.194,8.321,9.266,17.0,9.455
2008-04-07,13.879,9.327,8.578,17.836,8.395
2008-04-08,14.233,8.371,9.227,17.047,8.51
2008-04-09,3.56,8.358,9.352,17.133,11.66
2008-04-10,0.47,8.11,8.883,16.492,11.63
2008-04-11,15.537,7.622,9.344,16.195,12.8
2008-04-12,1.443,8.126,9.75,17.133,11.0
2008-04-13,22.579,6.686,10.086,15.562,14.96
2008-04-14,5.371,7.452,10.047,16.523,11.96
2008-04-15,0.581,7.465,9.461,16.125,14.36
2008-04-16,0.0,7.217,9.117,15.57,17.1
2008-04-17,0.0,7.531,8.297,15.438,11.69
2008-04-18,13.249,7.118,9.32,15.602,10.16
2008-04-19,2.023,6.686,9.75,15.406,10.76
2008-04-20,2.866,9.643,7.727,17.914,9.44
2008-04-21,5.193,8.585,9.008,17.359,9.8
2008-04-22,1.032,8.437,9.773,17.711,8.855
2008-04-23,0.0,6.844,9.789,15.68,8.165
2008-04-24,14.273,7.252,9.641,16.102,7.935
2008-04-25,1.178,7.999,9.141,16.734,10.88
2008-04-26,27.816,6.691,10.477,16.031,20.8
2008-04-27,0.0,7.142,10.203,16.414,16.3
2008-04-28,0.276,7.587,10.57,17.273,18.55
2008-04-29,0.456,9.01,9.156,18.18,13.91
2008-04-30,14.031,8.197,8.906,16.922,10.04
2008-05-01,18.335,7.054,10.891,16.883,9.56
2008-05-02,16.617,8.352,10.375,18.195,18.15
2008-05-03,0.0,7.811,9.688,17.016,15.49
2008-05-04,3.809,5.719,9.812,14.445,28.2
2008-05-05,6.447,8.6,9.617,18.055,18.8
2008-05-06,0.0,7.552,10.219,17.109,12.2
2008-05-07,0.0,7.945,9.258,16.961,10.52
2008-05-08,0.0,6.581,10.508,16.109,10.28
2008-05-09,15.632,6.323,9.812,15.25,24.96
2008-05-10,0.0,8.139,9.016,17.109,14.59
2008-05-11,0.353,8.963,7.555,17.305,11.57
2008-05-12,0.0,7.394,9.688,16.609,11.54
2008-05-13,9.994,8.165,9.523,17.555,12.35
2008-05-14,0.0,7.309,10.266,16.945,13.44
2008-05-15,0.0,7.829,9.43,17.07,15.83
2008-05-16,0.0,7.553,9.398,16.695,11.75
2008-05-17,13.566,5.939,9.797,14.844,24.45
2008-05-18,0.0,8.825,8.664,17.969,15.85
2008-05-19,0.0,7.287,10.352,17.047,13.55
2008-05-20,7.412,6.051,10.594,15.633,19.6
2008-05-21,1.134,8.11,10.211,18.086,17.61
2008-05-22,3.274,7.929,9.633,17.445,14.77
2008-05-23,30.077,5.688,10.359,15.023,25.19
2008-05-24,0.0,7.25,10.383,17.086,18.78
2008-05-25,1.834,6.803,10.414,16.539,13.85
2008-05-26,8.268,7.174,10.711,17.289,14.04
2008-05-27,20.544,5.398,11.188,15.344,57.28
2008-05-28,6.422,5.832,10.219,15.141,25.75
2008-05-29,0.0,7.221,9.57,16.539,31.96
2008-05-30,2.198,7.639,9.109,16.812,26.33
2008-05-31,20.434,6.252,9.047,14.844,31.6
2008-06-01,4.097,6.135,9.172,14.789,27.67
2008-06-02,0.249,6.359,9.398,15.281,27.62
2008-06-03,0.0,6.809,8.695,15.391,25.19
2008-06-04,0.0,6.59,8.148,14.719,20.8
2008-06-05,0.707,7.2,7.711,15.297,18.4
2008-06-06,0.0,7.025,9.297,16.156,17.32
2008-06-07,0.0,7.333,9.234,16.555,41.45
2008-06-08,0.0,6.904,8.828,15.664,23.47
2008-06-09,0.0,7.927,8.477,16.859,26.38
2008-06-10,0.0,7.934,9.688,17.727,17.15
2008-06-11,3.094,8.702,9.938,18.969,17.07
2008-06-12,0.0,6.982,10.453,16.969,17.27
2008-06-13,18.761,7.917,10.141,18.023,13.7
2008-06-14,5.512,5.918,10.273,15.406,14.96
2008-06-15,0.0,8.21,8.797,17.539,12.65
2008-06-16,0.0,5.768,10.164,15.133,18.8
2008-06-17,24.446,5.633,10.336,15.086,116.8
2008-06-18,0.0,8.573,8.031,17.555,28.51
2008-06-19,0.0,8.516,9.266,18.289,19.6
2008-06-20,32.889,8.875,10.305,19.5,22.47
2008-06-21,22.493,6.986,10.773,17.227,17.15
2008-06-22,0.0,6.967,9.68,16.422,19.64
2008-06-23,0.0,8.337,8.32,17.43,15.45
2008-06-24,2.335,6.018,9.664,15.086,22.58
2008-06-25,0.0,7.598,9.648,17.273,18.26
2008-06-26,0.0,8.157,9.516,17.961,16.3
2008-06-27,0.652,7.178,9.07,16.281,15.96
2008-06-28,17.548,4.746,9.562,13.328,19.2
2008-06-29,15.498,4.244,9.32,12.5,17.95
2008-06-30,7.269,6.114,9.062,14.758,40.57
2008-07-01,5.759,5.978,10.172,15.414,34.78
2008-07-02,0.878,5.516,9.086,13.961,21.85
2008-07-03,0.0,5.84,9.078,14.398,27.42
2008-07-04,2.311,5.271,9.07,13.609,20.4
2008-07-05,0.0,7.754,7.922,16.266,17.89
2008-07-06,0.0,8.017,7.891,16.617,15.45
2008-07-07,0.0,7.509,9.156,16.734,13.7
2008-07-08,5.462,6.557,9.773,15.859,17.5
2008-07-09,1.084,5.67,9.906,14.766,22.03
2008-07-10,0.0,5.451,9.664,14.281,28.57
2008-07-11,1.368,6.605,8.695,15.109,20.4
2008-07-12,0.0,6.671,8.453,15.023,19.4
2008-07-13,0.776,7.714,8.742,16.672,18.32
2008-07-14,1.219,7.646,8.664,16.523,15.62
2008-07-15,39.623,6.708,9.062,15.484,18.35
2008-07-16,0.0,6.002,8.688,14.227,22.63
2008-07-17,0.0,9.416,6.391,17.539,17.55
2008-07-18,0.0,8.888,7.414,17.43,14.47
2008-07-19,28.047,5.704,9.984,14.781,15.11
2008-07-20,1.388,7.072,8.805,15.75,20.2
2008-07-21,0.0,6.841,9.133,15.656,19.6
2008-07-22,0.0,6.033,8.781,14.273,19.2
2008-07-23,0.0,7.199,7.938,15.273,15.13
2008-07-24,16.408,7.252,8.297,15.586,29.3
2008-07-25,4.629,8.51,8.766,17.648,41.72
2008-07-26,0.0,6.298,9.539,15.141,28.45
2008-07-27,0.0,7.569,9.117,16.555,21.29
2008-07-28,0.0,5.93,8.539,13.898,19.6
2008-07-29,0.0,7.839,8.328,16.359,26.14
2008-07-30,0.622,7.673,8.961,16.539,19.4
2008-07-31,6.407,9.023,7.469,17.414,15.79
2008-08-01,0.0,8.243,10.312,18.211,15.45
2008-08-02,0.0,8.28,8.914,17.297,29.89
2008-08-03,0.0,8.067,9.18,17.164,18.18
2008-08-04,0.0,8.12,8.875,17.016,15.45
2008-08-05,0.0,9.658,7.477,18.203,14.94
2008-08-06,0.0,6.142,9.727,14.961,17.21
2008-08-07,0.0,7.392,8.578,15.766,15.28
2008-08-08,0.0,7.449,8.211,15.578,15.17
2008-08-09,0.0,6.898,8.453,14.977,13.1
2008-08-10,2.296,6.188,9.594,14.875,15.15
2008-08-11,0.0,6.319,9.625,15.039,21.38
2008-08-12,0.0,9.959,7.852,18.703,16.15
2008-08-13,9.904,6.976,8.75,15.25,14.17
2008-08-14,13.529,7.228,8.172,15.156,15.28
2008-08-15,0.0,8.791,8.133,17.219,12.8
2008-08-16,0.0,9.165,9.172,18.406,11.75
2008-08-17,0.0,9.889,8.578,18.969,11.24
2008-08-18,40.52,7.035,9.109,15.508,11.9
2008-08-19,0.0,8.819,9.766,18.305,13.87
2008-08-20,0.0,7.744,9.281,16.531,16.7
2008-08-21,5.091,9.464,8.68,18.398,18.66
2008-08-22,1.049,8.72,8.57,17.305,16.47
2008-08-23,0.0,7.993,9.695,17.109,14.77
2008-08-24,0.0,8.898,7.805,17.023,12.5
2008-08-25,0.0,8.72,8.781,17.414,11.24
2008-08-26,2.674,6.887,8.828,15.016,10.76
2008-08-27,1.17,9.643,7.906,18.047,10.64
2008-08-28,2.356,10.128,8.703,19.164,10.4
2008-08-29,1.205,7.785,9.227,16.422,10.04
2008-08-30,2.108,7.973,8.883,16.422,10.88
2008-08-31,6.265,8.404,8.672,16.859,13.59
2008-09-01,0.0,8.157,9.008,16.742,12.95
2008-09-02,0.0,7.949,9.188,16.57,11.9
2008-09-03,0.0,8.212,9.32,16.992,10.28
2008-09-04,0.834,7.571,10.0,16.641,9.8
2008-09-05,10.832,9.166,9.602,18.414,9.68
2008-09-06,0.0,8.652,9.25,17.5,9.32
2008-09-07,0.0,7.861,8.898,16.234,9.92
2008-09-08,12.762,7.562,7.906,15.148,14.0
2008-09-09,6.427,5.963,9.156,13.977,18.26
2008-09-10,0.0,7.385,7.742,14.789,14.19
2008-09-11,0.0,8.545,7.469,16.125,14.38
2008-09-12,0.0,10.54,7.531,18.805,11.0
2008-09-13,0.0,8.405,7.766,16.117,10.04
2008-09-14,0.0,8.165,8.547,16.328,9.56
2008-09-15,9.5,8.117,8.664,16.344,14.57
2008-09-16,4.247,7.279,8.891,15.422,21.09
2008-09-17,0.908,7.117,9.047,15.305,19.4
2008-09-18,2.434,8.649,8.531,16.93,16.3
2008-09-19,10.11,9.901,8.641,18.641,11.12
2008-09-20,0.0,8.696,9.047,17.344,10.28
2008-09-21,0.0,9.194,8.305,17.484,10.4
2008-09-22,11.716,6.811,9.258,15.062,25.94
2008-09-23,2.091,9.037,8.727,17.57,15.06
2008-09-24,0.0,10.306,8.43,19.031,10.88
2008-09-25,5.257,7.906,9.695,16.773,9.92
2008-09-26,0.0,8.739,7.82,16.586,10.16
2008-09-27,0.0,9.078,8.5,17.469,10.28
2008-09-28,0.0,10.707,8.664,19.711,9.8
2008-09-29,0.0,9.71,8.555,18.359,10.04
2008-09-30,4.998,8.629,9.008,17.25,10.88
2008-10-01,9.216,7.561,8.188,15.281,9.8
2008-10-02,5.705,9.188,8.812,17.836,8.97
2008-10-03,0.0,10.63,8.148,19.305,9.085
2008-10-04,0.0,9.823,8.406,18.406,8.165
2008-10-05,18.085,8.927,9.617,18.047,11.3
2008-10-06,0.0,8.312,10.336,17.781,9.8
2008-10-07,43.247,5.891,9.883,14.438,23.66
2008-10-08,7.033,7.701,7.258,14.875,16.3
2008-10-09,0.0,7.774,7.344,15.031,22.89
2008-10-10,0.3,9.409,6.922,16.977,15.79
2008-10-11,11.83,8.472,9.422,17.383,10.88
2008-10-12,1.849,8.802,9.516,17.891,12.8
2008-10-13,0.0,7.855,9.703,16.797,10.76
2008-10-14,29.025,7.059,10.445,16.344,18.74
2008-10-15,0.0,8.292,9.039,16.945,13.55
2008-10-16,1.069,8.363,7.594,16.055,15.8
2008-10-17,2.044,8.198,8.68,16.578,14.47
2008-10-18,0.0,8.132,8.125,16.117,13.1
2008-10-19,0.327,9.109,7.797,17.227,10.88
2008-10-20,11.753,7.88,9.555,16.805,10.04
2008-10-21,0.0,7.937,9.766,17.039,10.4
2008-10-22,0.0,8.429,8.945,17.125,9.92
2008-10-23,0.0,8.151,10.406,17.789,11.0
2008-10-24,0.0,8.501,8.805,17.148,9.56
2008-10-25,0.0,9.669,7.672,18.0,9.32
2008-10-26,0.0,8.358,10.242,17.984,9.32
2008-10-27,9.004,8.112,10.602,17.914,12.31
2008-10-28,8.269,7.752,10.625,17.5,11.03
2008-10-29,20.816,8.545,9.57,17.797,18.75
2008-10-30,0.0,10.268,8.219,19.234,12.38
2008-10-31,0.245,8.336,9.914,17.773,10.04
2008-11-01,18.821,5.499,10.078,14.305,10.67
2008-11-02,0.0,8.893,9.539,18.305,11.54
2008-11-03,12.884,5.463,8.812,13.289,14.3
2008-11-04,0.0,5.508,8.086,12.797,11.78
2008-11-05,0.0,8.457,8.086,16.789,20.3
2008-11-06,0.0,9.609,7.219,17.836,12.95
2008-11-07,1.224,8.707,7.484,16.773,10.4
2008-11-08,13.022,8.068,8.086,16.305,10.4
2008-11-09,0.864,8.617,8.594,17.406,11.03
2008-11-10,0.0,8.678,9.172,17.891,9.56
2008-11-11,7.754,8.381,8.891,17.305,9.085
2008-11-12,1.604,7.911,9.492,17.094,8.51
2008-11-13,2.999,5.621,10.664,15.016,10.52
2008-11-14,0.0,6.78,10.172,16.117,12.86
2008-11-15,0.0,8.347,9.625,17.844,10.04
2008-11-16,2.269,6.731,10.133,16.062,12.95
2008-11-17,9.302,6.937,10.148,16.328,10.64
2008-11-18,24.45,7.536,9.867,16.945,12.38
2008-11-19,0.14,8.697,10.172,18.719,12.8
2008-11-20,10.616,6.815,9.828,15.984,29.65
2008-11-21,0.0,6.822,9.711,15.906,17.98
2008-11-22,0.0,7.612,10.586,17.609,13.25
2008-11-23,1.278,7.877,9.883,17.469,12.08
2008-11-24,41.275,7.508,10.0,17.062,25.65
2008-11-25,26.228,7.134,10.477,16.914,20.6
2008-11-26,27.714,5.611,10.57,15.039,16.87
2008-11-27,0.434,7.3,10.258,17.008,14.0
2008-11-28,3.161,9.683,8.742,19.258,13.89
2008-11-29,0.0,8.888,9.617,18.727,13.76
2008-11-30,0.0,8.97,10.258,19.289,12.2
2008-12-01,1.118,9.135,8.914,18.625,24.68
2008-12-02,72.264,8.292,9.578,17.922,83.85
2008-12-03,4.997,8.864,9.148,18.422,26.93
2008-12-04,0.582,8.537,8.594,17.609,20.8
2008-12-05,38.873,9.381,8.734,18.891,19.6
2008-12-06,15.449,7.923,9.406,17.32,21.53
2008-12-07,0.0,7.644,8.609,16.383,17.52
2008-12-08,0.0,8.072,9.672,17.734,16.81
2008-12-09,0.0,8.177,8.422,17.023,15.11
2008-12-10,0.0,8.224,8.344,17.039,14.79
2008-12-11,2.171,8.508,8.422,17.484,14.47
2008-12-12,0.537,7.552,9.609,16.953,14.0
2008-12-13,5.286,6.888,9.406,15.906,16.87
2008-12-14,0.0,6.673,10.031,16.102,14.0
2008-12-15,5.228,7.278,9.859,16.781,14.47
2008-12-16,9.524,8.329,9.422,17.922,15.45
2008-12-17,0.922,8.857,9.203,18.516,16.84
2008-12-18,0.0,7.333,9.633,16.695,12.95
2008-12-19,0.0,7.15,10.484,17.047,12.35
2008-12-20,0.0,7.194,10.0,16.766,14.51
2008-12-21,0.0,6.849,9.641,16.062,24.05
2008-12-22,0.0,8.808,10.172,19.102,24.94
2008-12-23,0.0,9.014,10.297,19.461,38.49
2008-12-24,0.0,8.14,9.656,17.812,17.38
2008-12-25,0.0,7.326,10.719,17.445,14.0
2008-12-26,0.891,7.49,9.906,17.07,12.35
2008-12-27,13.035,8.047,9.594,17.633,14.81
2008-12-28,0.0,8.16,9.812,17.938,16.64
2008-12-29,0.0,6.531,10.672,16.344,21.03
2008-12-30,0.0,8.505,9.664,18.281,16.13
2008-12-31,0.0,7.657,9.766,17.18,13.55
2009-01-01,0.0,8.122,9.5,17.641,13.85
2009-01-02,0.0,7.822,9.531,17.25,12.65
2009-01-03,0.0,7.622,9.703,17.086,12.5
2009-01-04,0.0,8.562,9.609,18.297,11.78
2009-01-05,18.6,7.932,9.938,17.648,11.36
2009-01-06,33.033,8.225,9.359,17.648,16.13
2009-01-07,0.0,7.61,10.008,17.234,13.25
2009-01-08,0.0,7.57,9.938,17.125,15.8
2009-01-09,0.0,6.634,10.031,15.945,14.3
2009-01-10,0.0,6.559,8.906,15.016,13.1
2009-01-11,0.0,7.816,8.727,16.594,11.9
2009-01-12,0.0,6.309,9.719,15.273,11.51
2009-01-13,0.211,5.614,9.555,14.234,11.12
2009-01-14,0.0,7.816,8.594,16.461,10.52
2009-01-15,0.97,7.981,8.969,16.93,10.76
2009-01-16,0.461,8.52,9.523,18.031,15.79
2009-01-17,10.166,6.761,10.031,16.031,16.7
2009-01-18,2.44,8.614,9.242,17.953,15.49
2009-01-19,9.792,6.408,10.539,15.93,17.67
2009-01-20,26.177,6.376,10.07,15.523,17.18
2009-01-21,0.113,8.866,7.883,17.344,17.92
2009-01-22,6.833,8.056,9.594,17.367,12.8
2009-01-23,26.784,7.781,9.219,16.711,12.65
2009-01-24,6.834,7.45,10.5,17.18,14.96
2009-01-25,0.872,8.763,8.797,17.734,16.8
2009-01-26,0.0,8.62,9.602,18.086,20.98
2009-01-27,0.0,8.335,9.492,17.602,14.83
2009-01-28,0.0,9.112,8.922,18.234,15.96
2009-01-29,0.311,7.306,9.797,16.406,12.5
2009-01-30,9.38,7.374,8.68,15.695,12.2
2009-01-31,16.127,7.807,8.914,16.43,10.88
2009-02-01,3.274,6.974,9.484,15.727,19.2
2009-02-02,0.0,7.868,9.484,16.883,18.72
2009-02-03,0.0,7.852,8.516,16.164,14.0
2009-02-04,10.401,8.105,9.102,16.891,14.0
2009-02-05,1.348,7.06,10.109,16.242,14.81
2009-02-06,0.278,7.26,10.008,16.406,14.83
2009-02-07,0.0,7.147,9.688,16.016,11.78
2009-02-08,0.0,8.702,9.633,17.984,11.39
2009-02-09,0.0,8.766,8.68,17.398,10.52
2009-02-10,0.0,7.473,9.938,16.57,10.4
2009-02-11,15.726,6.335,9.344,14.68,10.04
2009-02-12,28.473,6.95,9.453,15.531,14.64
2009-02-13,3.42,8.283,8.844,16.828,11.78
2009-02-14,8.799,4.574,11.023,13.914,11.36
2009-02-15,6.234,10.304,9.406,19.828,17.98
2009-02-16,31.302,7.696,9.734,16.633,30.38
2009-02-17,0.0,10.095,8.57,18.969,18.86
2009-02-18,1.577,7.409,9.172,15.852,22.96
2009-02-19,14.065,7.586,9.188,16.062,30.38
2009-02-20,0.4,8.1,9.172,16.703,20.49
2009-02-21,0.0,6.622,9.562,15.094,18.18
2009-02-22,0.0,8.583,9.141,17.281,15.11
2009-02-23,0.0,8.958,9.07,17.703,13.55
2009-02-24,0.459,8.171,9.328,16.859,13.25
2009-02-25,0.0,8.27,8.977,16.719,12.35
2009-02-26,0.0,10.839,9.344,20.281,12.35
2009-02-27,0.0,7.719,10.578,17.148,23.65
2009-02-28,7.379,8.233,9.312,16.906,14.55
2009-03-01,0.0,5.927,9.914,14.461,12.5
2009-03-02,0.0,8.385,8.258,16.336,12.2
2009-03-03,11.959,6.641,9.766,15.195,16.1
2009-03-04,0.0,7.341,9.562,15.906,20.45
2009-03-05,0.579,8.222,8.984,16.609,20.3
2009-03-06,0.0,8.283,9.125,16.789,13.7
2009-03-07,0.0,7.221,9.406,15.625,11.27
2009-03-08,0.0,7.966,8.617,16.016,11.36
2009-03-09,0.163,10.052,7.625,18.062,11.24
2009-03-10,6.075,8.951,9.438,17.828,11.78
2009-03-11,2.614,9.749,9.742,19.031,11.96
2009-03-12,19.91,7.987,10.68,17.469,13.91
2009-03-13,0.0,8.504,9.984,17.625,15.55
2009-03-14,0.0,8.317,9.68,17.156,21.01
2009-03-15,1.545,7.829,9.461,16.391,20.72
2009-03-16,2.127,7.146,8.992,15.219,30.04
2009-03-17,27.341,8.563,9.086,17.062,25.11
2009-03-18,0.557,7.078,10.008,15.867,17.92
2009-03-19,0.0,6.699,9.656,15.133,22.98
2009-03-20,4.449,8.714,9.859,17.789,19.09
2009-03-21,11.963,7.658,9.773,16.414,22.29
2009-03-22,0.694,8.637,9.398,17.383,15.96
2009-03-23,9.855,7.329,9.703,15.938,24.85
2009-03-24,0.874,8.821,9.148,17.453,18.35
2009-03-25,5.268,9.176,9.273,17.984,23.25
2009-03-26,0.0,7.364,10.18,16.367,20.15
2009-03-27,7.377,8.715,9.867,17.82,18.98
2009-03-28,0.546,8.825,9.484,17.695,16.3
2009-03-29,16.327,8.27,9.766,17.195,24.35
2009-03-30,11.032,8.899,9.469,17.789,16.67
2009-03-31,11.569,7.34,10.289,16.414,16.64
2009-04-01,9.857,8.417,10.203,17.711,26.49
2009-04-02,6.376,11.078,9.141,20.406,20.3
2009-04-03,6.36,10.799,8.68,19.75,15.79
2009-04-04,0.241,9.795,10.281,19.523,16.47
2009-04-05,0.0,9.678,8.656,18.32,14.3
2009-04-06,0.0,9.394,10.562,19.227,12.65
2009-04-07,6.693,9.073,8.938,17.734,12.05
2009-04-08,23.702,6.573,10.0,15.352,19.32
2009-04-09,5.206,7.246,9.992,16.164,16.47
2009-04-10,11.619,6.478,8.875,14.383,14.57
2009-04-11,7.478,7.999,8.555,16.117,15.45
2009-04-12,24.738,7.414,9.414,15.984,18.09
2009-04-13,0.0,8.256,9.602,17.211,15.17
2009-04-14,0.0,7.332,10.391,16.609,21.0
2009-04-15,3.298,6.746,9.359,15.141,36.71
2009-04-16,0.0,8.641,8.43,16.953,23.85
2009-04-17,0.0,8.395,9.938,17.672,19.6
2009-04-18,0.0,8.397,9.555,17.438,15.62
2009-04-19,0.0,7.376,9.406,16.023,14.32
2009-04-20,0.0,7.003,9.43,15.562,16.13
2009-04-21,8.447,5.747,9.781,14.266,19.0
2009-04-22,2.078,8.399,9.047,17.141,17.55
2009-04-23,0.0,8.704,8.508,17.188,13.7
2009-04-24,0.138,8.592,9.609,17.812,12.5
2009-04-25,0.072,8.21,10.75,18.125,11.75
2009-04-26,0.0,7.128,9.758,16.047,11.78
2009-04-27,3.126,6.818,9.711,15.625,18.91
2009-04-28,0.0,6.565,10.156,15.688,19.0
2009-04-29,0.0,8.544,9.656,17.867,15.45
2009-04-30,18.606,6.379,10.008,15.328,17.7
2009-05-01,3.417,7.323,9.547,16.227,17.21
2009-05-02,19.288,8.009,10.289,17.656,18.35
2009-05-03,2.091,7.767,9.914,17.086,16.64
2009-05-04,1.598,7.369,10.812,17.242,16.13
2009-05-05,0.0,9.714,9.531,19.461,13.1
2009-05-06,1.414,9.059,10.047,18.961,17.18
2009-05-07,5.918,9.025,10.25,19.07,19.03
2009-05-08,11.223,9.282,9.203,18.727,19.32
2009-05-09,6.743,6.963,9.93,16.148,14.3
2009-05-10,1.3,7.935,9.438,17.117,13.1
2009-05-11,1.465,8.471,8.812,17.43,15.4
2009-05-12,1.381,8.465,9.234,17.719,15.17
2009-05-13,0.99,7.817,9.453,17.016,14.02
2009-05-14,0.0,7.29,9.625,16.438,14.34
2009-05-15,0.0,8.626,8.328,17.391,13.7
2009-05-16,2.796,7.274,10.922,17.398,11.48
2009-05-17,0.0,8.313,9.82,18.016,13.1
2009-05-18,0.0,7.437,9.961,16.953,11.24
2009-05-19,1.349,6.188,9.672,15.094,38.2
2009-05-20,0.0,5.44,10.117,14.492,24.35
2009-05-21,0.0,6.391,9.047,14.906,16.64
2009-05-22,6.442,7.631,8.852,16.484,15.15
2009-05-23,0.0,7.251,9.039,16.109,15.79
2009-05-24,5.144,7.555,9.828,17.102,15.28
2009-05-25,0.0,8.352,8.914,17.586,13.7
2009-05-26,0.0,8.201,8.031,16.789,12.05
2009-05-27,4.053,7.104,9.055,15.969,10.88
2009-05-28,6.877,8.922,8.352,18.055,11.6
2009-05-29,5.749,7.319,9.617,16.695,15.02
2009-05-30,0.591,8.261,9.172,17.703,15.45
2009-05-31,8.616,8.041,9.234,17.453,11.75
2009-06-01,0.0,7.091,9.961,16.664,11.0
2009-06-02,0.0,6.7,9.453,15.773,10.16
2009-06-03,0.0,4.798,10.359,13.977,14.08
2009-06-04,0.0,5.489,10.484,14.969,37.61
2009-06-05,0.0,7.501,9.156,16.711,19.8
2009-06-06,0.0,5.78,10.328,15.234,24.65
2009-06-07,0.0,6.546,9.414,15.562,20.4
2009-06-08,0.0,6.506,9.172,15.344,23.25
2009-06-09,0.0,7.783,8.516,16.695,19.6
2009-06-10,53.034,6.695,10.469,16.578,19.81
2009-06-11,0.0,6.861,10.508,16.852,28.1
2009-06-12,8.497,6.208,8.609,14.555,31.23
2009-06-13,6.735,6.059,8.977,14.633,35.6
2009-06-14,0.359,9.078,8.211,18.375,22.24
2009-06-15,34.001,7.325,10.289,17.32,21.18
2009-06-16,10.591,7.716,10.492,18.016,20.6
2009-06-17,18.438,7.119,8.234,15.602,19.2
2009-06-18,0.0,5.554,9.844,14.602,21.13
2009-06-19,0.0,7.496,8.758,16.508,19.0
2009-06-20,0.0,7.338,9.945,17.117,15.96
2009-06-21,0.0,8.21,8.859,17.602,16.13
2009-06-22,12.602,5.841,9.695,14.875,17.15
2009-06-23,0.0,7.867,8.719,16.992,16.64
2009-06-24,0.0,8.095,8.781,17.375,17.75
2009-06-25,0.0,6.278,8.562,14.641,14.47
2009-06-26,0.438,6.415,9.492,15.5,12.95
2009-06-27,0.0,4.434,9.82,13.141,20.11
2009-06-28,0.0,6.613,8.523,15.07,19.4
2009-06-29,0.0,7.175,9.258,16.406,16.64
2009-06-30,1.186,5.417,8.805,13.617,17.32
2009-07-01,8.54,6.163,8.508,14.438,36.49
2009-07-02,0.0,4.526,9.586,13.055,28.79
2009-07-03,0.849,6.066,9.719,15.18,20.4
2009-07-04,0.466,8.32,8.523,17.492,20.4
2009-07-05,0.0,7.536,9.039,16.719,18.49
2009-07-06,0.0,6.905,7.984,15.094,16.13
2009-07-07,27.433,6.749,9.383,15.836,25.65
2009-07-08,0.188,5.497,8.836,13.719,33.55
2009-07-09,0.53,5.69,9.586,14.531,66.13
2009-07-10,1.252,6.685,9.445,15.773,22.11
2009-07-11,0.508,8.356,8.695,17.586,16.81
2009-07-12,0.0,8.701,8.57,17.984,16.9
2009-07-13,0.981,8.316,9.195,17.852,13.55
2009-07-14,0.43,6.02,9.133,14.586,87.46
2009-07-15,0.0,6.698,8.586,15.148,32.26
2009-07-16,0.0,7.003,9.008,15.859,19.8
2009-07-17,0.0,7.987,8.594,16.938,16.98
2009-07-18,0.366,6.721,10.062,16.203,23.05
2009-07-19,0.0,6.516,10.0,15.875,30.14
2009-07-20,77.512,7.031,9.016,15.852,24.69
2009-07-21,1.414,9.432,8.219,18.656,23.96
2009-07-22,0.738,9.053,9.508,18.953,21.24
2009-07-23,0.0,9.362,8.492,18.711,18.8
2009-07-24,3.587,6.591,9.867,15.828,20.0
2009-07-25,0.381,7.588,8.836,16.438,18.4
2009-07-26,0.0,7.473,9.328,16.609,16.64
2009-07-27,1.62,7.662,10.586,17.742,65.92
2009-07-28,0.0,6.943,10.008,16.359,34.02
2009-07-29,0.0,4.444,9.695,12.906,22.74
2009-07-30,0.0,7.583,7.891,15.695,19.4
2009-07-31,0.538,7.24,7.984,15.258,16.98
2009-08-01,0.0,7.707,9.305,16.82,20.2
2009-08-02,0.0,8.232,8.469,16.953,17.69
2009-08-03,0.0,6.912,10.055,16.25,24.25
2009-08-04,0.0,7.097,10.117,16.531,23.47
2009-08-05,0.0,6.781,9.969,15.992,32.13
2009-08-06,0.0,5.21,10.008,14.0,34.13
2009-08-07,4.486,6.561,9.258,15.148,30.2
2009-08-08,0.0,6.72,9.141,15.266,20.8
2009-08-09,2.038,8.307,8.531,16.953,26.74
2009-08-10,0.0,7.451,8.984,16.109,27.31
2009-08-11,0.0,7.19,8.508,15.391,56.3
2009-08-12,0.0,7.536,9.172,16.32,26.71
2009-08-13,0.0,7.988,8.344,16.344,39.48
2009-08-14,0.0,7.71,8.531,16.078,27.12
2009-08-15,0.0,8.575,9.031,17.555,22.58
2009-08-16,5.666,10.424,8.0,19.375,20.0
2009-08-17,17.41,8.306,9.617,17.57,18.4
2009-08-18,0.735,8.191,10.82,18.258,16.98
2009-08-19,6.495,9.666,9.094,18.992,17.69
2009-08-20,7.002,9.822,9.594,19.508,15.96
2009-08-21,3.234,9.626,8.914,18.789,16.3
2009-08-22,9.737,8.885,9.75,18.352,14.94
2009-08-23,2.508,10.08,9.398,19.664,14.62
2009-08-24,16.384,7.529,11.188,17.594,14.81
2009-08-25,12.862,5.953,9.992,14.727,17.1
2009-08-26,0.0,5.973,10.039,14.797,18.49
2009-08-27,5.102,7.512,9.25,16.117,17.72
2009-08-28,0.0,8.462,9.289,17.391,23.85
2009-08-29,3.041,6.736,9.281,15.125,19.66
2009-08-30,0.521,8.851,8.828,17.578,17.49
2009-08-31,0.0,8.845,7.617,16.742,14.47
2009-09-01,0.0,9.092,8.164,17.414,13.1
2009-09-02,0.0,8.425,8.883,17.016,12.35
2009-09-03,0.0,6.675,10.117,15.633,13.25
2009-09-04,33.075,6.361,9.398,14.695,21.13
2009-09-05,0.0,6.917,9.055,15.133,19.2
2009-09-06,0.0,8.778,7.547,16.531,14.34
2009-09-07,0.0,8.218,8.75,16.586,12.5
2009-09-08,0.0,9.17,9.164,18.102,12.2
2009-09-09,0.0,7.651,10.625,17.18,12.2
2009-09-10,0.0,7.087,9.078,15.336,11.78
2009-09-11,0.0,8.575,7.555,16.234,11.0
2009-09-12,0.0,8.166,8.578,16.375,12.5
2009-09-13,0.0,10.962,7.773,19.516,11.0
2009-09-14,0.0,9.838,7.93,18.141,10.88
2009-09-15,8.425,10.367,7.523,18.578,10.16
2009-09-16,0.0,8.334,9.961,17.523,13.4
2009-09-17,0.0,8.03,9.508,16.836,12.65
2009-09-18,0.0,9.103,8.469,17.492,11.36
2009-09-19,0.0,8.768,8.414,17.008,11.63
2009-09-20,14.484,7.591,9.094,15.961,10.52
2009-09-21,0.0,9.275,8.617,17.82,10.04
2009-09-22,0.0,7.552,8.781,15.68,9.68
2009-09-23,0.0,8.925,7.656,16.727,9.32
2009-09-24,0.0,8.549,7.93,16.398,9.92
2009-09-25,0.0,7.688,8.492,15.648,10.04
2009-09-26,17.331,9.241,8.906,17.961,10.04
2009-09-27,0.0,8.251,8.82,16.617,9.32
2009-09-28,0.0,7.928,9.312,16.547,10.04
2009-09-29,0.0,7.469,9.898,16.398,15.81
2009-09-30,0.0,7.572,9.555,16.273,15.81
2009-10-01,0.0,8.695,6.984,15.984,11.93
2009-10-02,0.0,8.594,8.312,16.734,9.92
2009-10-03,1.386,7.935,9.055,16.391,10.88
2009-10-04,4.501,8.559,8.453,16.789,13.72
2009-10-05,0.0,8.541,8.016,16.477,11.24
2009-10-06,0.0,9.203,8.555,17.719,9.56
2009-10-07,0.0,8.057,10.172,17.344,9.44
2009-10-08,0.0,6.113,10.242,15.0,9.32
2009-10-09,0.0,8.009,7.477,15.422,9.085
2009-10-10,0.0,10.356,8.094,18.961,8.625
2009-10-11,31.772,9.003,9.383,18.047,8.28
2009-10-12,10.489,7.814,11.109,17.75,19.3
2009-10-13,12.611,8.359,10.852,18.25,13.1
2009-10-14,0.0,6.468,11.25,16.219,18.18
2009-10-15,0.0,9.343,9.844,18.844,12.2
2009-10-16,1.15,10.505,8.086,19.234,10.28
2009-10-17,0.0,8.675,9.289,17.602,10.04
2009-10-18,7.003,9.575,9.273,18.789,9.32
2009-10-19,6.377,9.138,10.656,19.164,9.8
2009-10-20,9.369,7.621,10.828,17.375,12.53
2009-10-21,3.555,10.236,9.43,19.797,14.53
2009-10-22,27.248,7.221,10.875,16.93,54.8
2009-10-23,0.867,9.368,9.297,18.602,14.51
2009-10-24,5.365,9.268,9.852,18.867,16.64
2009-10-25,6.012,7.448,9.398,16.188,12.35
2009-10-26,0.0,8.115,8.898,16.727,11.93
2009-10-27,0.359,8.559,9.0,17.391,10.4
2009-10-28,0.0,9.079,8.82,17.977,9.56
2009-10-29,0.551,9.852,9.219,19.273,9.2
2009-10-30,0.0,9.338,9.789,18.992,8.625
2009-10-31,28.454,8.738,11.453,19.367,8.395
2009-11-01,0.309,5.775,10.492,14.945,12.56
2009-11-02,11.128,9.766,9.156,19.18,9.56
2009-11-03,16.206,8.592,10.297,18.406,9.92
2009-11-04,0.0,10.988,9.328,20.961,8.74
2009-11-05,0.119,7.88,10.336,17.531,8.97
2009-11-06,3.549,9.682,9.281,19.211,8.05
2009-11-07,0.0,10.404,9.023,20.039,11.48
2009-11-08,0.505,8.343,10.57,18.367,12.62
2009-11-09,6.821,9.059,8.672,18.055,12.56
2009-11-10,0.0,9.843,8.953,19.305,9.44
2009-11-11,0.114,8.028,9.945,17.547,8.97
2009-11-12,0.0,8.576,9.805,18.203,8.165
2009-11-13,0.0,7.382,9.328,16.273,7.82
2009-11-14,0.934,10.03,7.383,18.648,7.59
2009-11-15,9.811,10.055,7.898,19.008,7.82
2009-11-16,6.832,10.245,8.383,19.586,8.05
2009-11-17,0.0,8.713,9.008,17.914,8.28
2009-11-18,15.554,8.131,10.711,18.312,19.4
2009-11-19,0.0,7.342,10.188,16.922,11.03
2009-11-20,0.0,7.754,9.047,16.68,8.51
2009-11-21,0.0,7.021,9.453,15.992,8.745
2009-11-22,0.0,7.445,9.172,16.375,8.51
2009-11-23,0.0,7.806,9.859,17.352,7.935
2009-11-24,0.0,8.404,8.867,17.492,7.705
2009-11-25,2.73,9.191,8.359,18.25,8.98
2009-11-26,0.0,8.158,10.328,18.18,7.935
2009-11-27,9.14,8.554,10.523,18.852,7.705
2009-11-28,3.218,8.287,10.383,18.406,7.36
2009-11-29,6.507,7.732,11.008,18.125,13.78
2009-11-30,5.231,7.725,10.797,17.969,9.68
2009-12-01,0.0,8.765,8.75,18.0,9.56
2009-12-02,0.0,9.298,9.266,19.086,8.05
2009-12-03,0.0,9.035,8.641,18.32,7.36
2009-12-04,0.85,9.009,9.438,18.805,7.13
2009-12-05,14.802,8.011,11.086,18.586,6.81
2009-12-06,11.127,9.554,9.773,19.789,6.54
2009-12-07,0.0,7.479,10.297,17.328,6.81
2009-12-08,0.0,7.738,9.852,17.367,7.13
2009-12-09,0.0,7.785,10.188,17.68,6.63
2009-12-10,0.0,8.264,9.109,17.602,6.45
2009-12-11,0.0,8.71,8.828,18.039,6.36
2009-12-12,0.0,6.911,9.992,16.375,6.45
2009-12-13,0.0,7.461,9.625,16.867,6.27
2009-12-14,0.0,8.448,9.383,18.062,6.18
2009-12-15,0.0,8.448,8.203,17.273,6.0
2009-12-16,0.0,8.456,9.406,18.086,6.0
2009-12-17,0.0,9.217,9.164,18.984,5.82
2009-12-18,3.704,6.547,10.977,16.625,5.82
2009-12-19,12.543,5.637,10.219,14.867,6.975
2009-12-20,2.743,7.573,9.875,17.203,6.36
2009-12-21,14.433,7.881,9.977,17.68,6.09
2009-12-22,0.559,7.164,10.695,17.242,5.91
2009-12-23,0.0,7.591,10.18,17.438,5.82
2009-12-24,0.0,7.719,9.734,17.297,5.82
2009-12-25,2.22,8.494,9.5,18.195,6.09
2009-12-26,15.605,7.352,9.422,16.562,7.87
2009-12-27,1.95,7.46,9.75,16.922,9.94
2009-12-28,9.439,8.913,10.109,19.164,10.82
2009-12-29,0.0,9.451,8.875,19.094,7.245
2009-12-30,0.0,8.472,9.672,18.25,6.36
2009-12-31,0.0,9.299,8.055,18.328,5.82
2010-01-01,0.0,10.214,7.273,19.141,5.73
2010-01-02,0.0,10.112,6.555,18.539,5.64
2010-01-03,0.0,9.299,6.43,17.289,5.55
2010-01-04,0.0,9.511,6.32,17.5,5.28
2010-01-05,0.0,10.709,6.805,19.492,5.28
2010-01-06,0.0,10.657,6.43,19.188,5.1
2010-01-07,0.0,8.596,9.422,18.18,5.1
2010-01-08,0.0,7.51,9.266,16.602,5.1
2010-01-09,0.0,7.387,9.281,16.406,5.035
2010-01-10,0.0,8.337,9.789,18.039,4.97
2010-01-11,0.0,9.045,10.18,19.25,5.575
2010-01-12,1.114,9.847,9.453,19.852,6.64
2010-01-13,0.0,9.803,7.133,18.312,5.19
2010-01-14,0.0,8.723,7.594,17.055,5.1
2010-01-15,0.0,8.016,7.93,16.266,5.1
2010-01-16,0.0,8.209,8.492,16.914,5.1
2010-01-17,0.0,6.917,9.914,16.141,5.1
2010-01-18,0.0,7.667,9.422,16.781,5.1
2010-01-19,0.0,7.2,9.742,16.383,5.1
2010-01-20,0.0,8.039,9.359,17.219,4.84
2010-01-21,0.0,8.503,8.984,17.57,4.84
2010-01-22,0.0,9.723,7.602,18.32,4.84
2010-01-23,0.0,10.555,7.586,19.445,4.84
2010-01-24,0.994,7.958,11.578,18.617,4.71
2010-01-25,18.363,7.993,9.625,17.266,5.73
2010-01-26,11.996,7.751,10.539,17.57,5.1
2010-01-27,8.896,8.006,10.562,17.906,5.46
2010-01-28,0.0,7.555,10.203,17.047,5.035
2010-01-29,0.0,9.371,9.516,18.953,4.84
2010-01-30,0.0,9.619,9.016,18.938,4.84
2010-01-31,0.0,9.052,9.422,18.43,4.71
2010-02-01,0.0,8.003,9.125,16.82,4.58
2010-02-02,0.0,7.982,10.578,17.797,4.58
2010-02-03,0.0,7.176,10.328,16.562,4.97
2010-02-04,0.0,9.094,10.508,19.141,4.775
2010-02-05,24.842,9.332,9.938,19.055,4.58
2010-02-06,28.076,5.824,11.18,15.516,11.5
2010-02-07,0.112,10.205,8.484,19.25,10.65
2010-02-08,0.0,8.233,8.688,16.719,13.33
2010-02-09,0.0,8.191,9.539,17.227,6.81
2010-02-10,0.0,9.282,10.305,19.156,18.0
2010-02-11,2.632,7.628,10.797,17.375,7.82
2010-02-12,0.0,9.892,9.992,19.703,6.0
2010-02-13,0.0,8.89,9.961,18.359,5.37
2010-02-14,0.731,7.792,10.539,17.344,5.1
2010-02-15,0.0,10.599,9.766,20.414,5.035
2010-02-16,1.608,8.967,11.25,19.297,5.46
2010-02-17,0.931,8.97,11.609,19.547,5.64
2010-02-18,0.0,7.895,8.656,16.109,4.905
2010-02-19,0.0,7.165,11.219,17.023,5.6
2010-02-20,0.0,7.352,11.43,17.391,5.73
2010-02-21,1.013,8.619,11.422,18.93,6.475
2010-02-22,1.757,9.792,10.375,19.672,5.82
2010-02-23,17.215,6.173,11.57,16.078,5.1
2010-02-24,8.881,10.061,9.531,19.414,4.97
2010-02-25,11.924,10.292,9.594,19.742,9.815
2010-02-26,8.406,6.526,10.492,15.641,52.13
2010-02-27,1.544,10.325,8.234,18.898,11.0
2010-02-28,0.0,9.268,9.828,18.57,6.835
2010-03-01,3.086,8.512,9.789,17.57,5.73
2010-03-02,14.844,6.931,9.984,15.719,6.36
2010-03-03,2.826,6.748,10.047,15.531,6.475
2010-03-04,0.512,10.108,8.016,18.422,6.45
2010-03-05,0.0,7.903,10.148,17.031,5.73
2010-03-06,4.846,7.772,9.461,16.367,6.385
2010-03-07,0.316,9.451,9.898,18.781,8.52
2010-03-08,1.645,9.495,9.258,18.406,6.18
2010-03-09,0.0,8.639,10.469,18.141,7.015
2010-03-10,0.0,8.35,10.875,18.07,12.5
2010-03-11,11.81,9.045,9.969,18.297,33.15
2010-03-12,0.0,10.883,8.719,19.812,10.91
2010-03-13,0.0,9.796,10.125,19.32,7.155
2010-03-14,0.333,9.127,10.133,18.5,6.27
2010-03-15,4.095,10.872,9.531,20.297,5.64
2010-03-16,13.901,8.043,10.5,17.398,6.0
2010-03-17,5.677,5.991,10.359,14.82,6.09
2010-03-18,0.0,8.503,9.297,17.133,6.54
2010-03-19,0.097,8.239,9.633,17.039,8.75
2010-03-20,12.242,6.959,10.336,15.961,13.83
2010-03-21,2.283,8.706,9.672,17.656,15.1
2010-03-22,0.0,11.321,8.258,20.078,9.805
2010-03-23,0.0,9.641,10.805,19.609,6.835
2010-03-24,0.0,9.821,9.234,18.781,6.0
2010-03-25,0.0,11.793,7.891,20.469,5.55
2010-03-26,18.868,6.243,9.711,14.633,8.23
2010-03-27,0.0,9.167,9.711,18.281,7.01
2010-03-28,0.0,9.184,9.148,17.93,6.18
2010-03-29,0.0,9.536,9.0,18.289,5.73
2010-03-30,0.171,6.213,10.922,15.555,5.73
2010-03-31,0.261,6.614,10.289,15.531,7.015
2010-04-01,0.0,9.863,10.031,19.414,11.72
2010-04-02,5.376,10.69,9.094,19.875,9.44
2010-04-03,10.479,9.565,10.922,19.664,14.15
2010-04-04,1.26,7.715,10.641,17.156,10.88
2010-04-05,0.0,9.702,10.539,19.586,33.89
2010-04-06,10.13,6.179,10.539,15.242,17.1
2010-04-07,0.0,8.807,10.273,18.305,14.89
2010-04-08,7.848,6.959,10.312,16.031,11.66
2010-04-09,2.381,7.636,11.0,17.391,10.76
2010-04-10,5.018,7.918,10.758,17.578,12.56
2010-04-11,0.533,8.423,9.617,17.406,22.72
2010-04-12,10.254,8.817,11.031,18.906,15.06
2010-04-13,7.619,7.19,10.492,16.492,11.9
2010-04-14,12.94,8.839,10.844,18.828,10.52
2010-04-15,19.088,8.366,9.938,17.609,9.32
2010-04-16,0.322,8.222,9.938,17.438,8.28
2010-04-17,3.128,9.041,10.141,18.648,7.82
2010-04-18,3.016,9.361,9.453,18.609,7.475
2010-04-19,15.851,4.839,10.25,13.555,7.015
2010-04-20,0.746,8.938,8.898,17.703,6.925
2010-04-21,0.0,10.54,8.859,19.812,8.74
2010-04-22,4.171,8.288,11.008,18.367,62.04
2010-04-23,0.0,8.427,8.523,16.844,17.58
2010-04-24,2.552,7.588,9.289,16.297,10.4
2010-04-25,8.98,8.176,10.445,17.867,11.48
2010-04-26,0.0,6.88,11.328,16.898,18.61
2010-04-27,7.397,8.39,10.531,18.242,16.64
2010-04-28,19.089,7.429,10.016,16.648,11.24
2010-04-29,5.708,7.831,10.25,17.344,9.44
2010-04-30,4.652,6.612,11.008,16.367,12.86
2010-05-01,0.0,7.187,11.352,17.367,11.72
2010-05-02,2.135,8.76,10.883,19.039,9.44
2010-05-03,21.798,7.077,11.562,17.422,14.15
2010-05-04,0.938,7.894,10.766,17.891,10.88
2010-05-05,7.041,7.347,11.594,17.812,33.89
2010-05-06,7.9,7.149,10.672,16.898,17.1
2010-05-07,0.616,7.01,10.859,16.875,14.89
2010-05-08,0.0,6.899,11.234,17.016,11.66
2010-05-09,0.0,6.304,10.844,16.0,10.76
2010-05-10,0.0,7.183,10.875,17.156,12.56
2010-05-11,2.089,5.16,11.148,14.883,22.72
2010-05-12,11.397,6.936,9.133,15.594,15.06
2010-05-13,0.0,7.095,9.742,16.266,11.9
2010-05-14,0.0,8.728,9.391,18.234,10.52
2010-05-15,0.0,9.038,9.461,18.711,9.32
2010-05-16,0.0,7.845,10.828,18.078,8.28
2010-05-17,0.0,8.029,10.75,18.273,7.82
2010-05-18,3.661,7.722,11.18,18.195,7.475
2010-05-19,0.636,8.136,10.609,18.359,7.015
2010-05-20,0.0,8.398,10.992,18.984,6.925
2010-05-21,19.138,7.676,10.844,17.938,8.74
2010-05-22,23.775,6.533,11.398,16.875,62.04
2010-05-23,2.099,8.168,11.383,19.008,17.58
2010-05-24,7.527,8.069,12.508,19.695,10.4
2010-05-25,0.0,9.018,11.75,20.398,11.48
2010-05-26,1.689,6.347,11.867,17.047,18.61
2010-05-27,5.034,6.228,11.523,16.625,16.64
2010-05-28,0.0,8.013,10.367,18.156,11.24
2010-05-29,0.278,9.451,10.688,20.352,10.04
2010-05-30,6.802,6.954,12.539,18.359,12.86
2010-05-31,18.837,6.179,11.531,16.625,16.68
2010-06-01,34.453,7.365,11.414,18.078,15.66
2010-06-02,0.596,6.945,10.047,16.539,10.76
2010-06-03,1.504,4.819,10.328,14.0,17.04
2010-06-04,0.0,6.9,8.148,15.141,14.2
2010-06-05,0.928,6.334,9.672,15.469,12.2
2010-06-06,31.494,6.281,9.594,15.336,16.3
2010-06-07,0.0,7.856,9.414,17.391,14.49
2010-06-08,0.0,5.709,9.477,14.484,13.4
2010-06-09,0.0,4.927,10.398,14.203,83.4
2010-06-10,0.0,6.076,9.281,14.852,29.0
2010-06-11,0.0,5.14,8.367,12.875,30.13
2010-06-12,0.0,5.237,9.047,13.547,27.37
2010-06-13,0.0,7.625,8.383,16.398,21.98
2010-06-14,0.0,8.338,8.18,17.305,19.26
2010-06-15,0.0,6.898,9.328,16.055,14.62
2010-06-16,0.0,6.228,9.422,15.195,14.3
2010-06-17,26.499,7.052,9.766,16.578,31.6
2010-06-18,0.0,6.895,9.672,16.297,16.84
2010-06-19,4.117,7.177,10.453,17.258,15.79
2010-06-20,29.04,4.321,11.078,14.055,16.47
2010-06-21,0.0,7.914,9.859,17.852,15.15
2010-06-22,9.019,6.91,9.828,16.445,12.05
2010-06-23,0.0,8.481,8.445,17.711,11.12
2010-06-24,0.0,7.947,8.664,17.094,10.76
2010-06-25,0.0,6.613,9.312,15.664,12.08
2010-06-26,0.0,5.807,9.438,14.641,19.81
2010-06-27,0.0,5.963,9.477,14.875,20.8
2010-06-28,0.0,7.101,8.508,15.758,20.22
2010-06-29,0.0,6.257,9.336,15.164,15.96
2010-06-30,0.0,7.465,8.906,16.539,19.6
2010-07-01,0.0,7.808,9.516,17.453,17.66
2010-07-02,0.0,7.24,10.141,17.109,21.44
2010-07-03,0.0,7.128,9.414,16.414,16.13
2010-07-04,22.826,5.184,10.453,14.578,17.55
2010-07-05,2.379,8.328,8.914,17.75,15.62
2010-07-06,14.087,7.368,11.375,18.133,13.4
2010-07-07,24.766,7.103,10.578,17.195,25.55
2010-07-08,0.0,6.667,10.43,16.492,19.4
2010-07-09,14.309,6.951,11.07,17.344,62.04
2010-07-10,0.0,7.006,9.914,16.555,21.78
2010-07-11,6.968,6.592,10.141,16.148,20.0
2010-07-12,10.137,8.002,9.227,17.438,17.66
2010-07-13,0.0,7.744,9.719,17.406,18.35
2010-07-14,23.083,7.378,10.07,17.141,23.85
2010-07-15,3.0,6.983,9.211,15.977,15.79
2010-07-16,23.163,5.889,10.102,15.156,27.83
2010-07-17,9.679,5.286,9.719,14.086,39.48
2010-07-18,0.0,4.883,10.312,14.023,40.71
2010-07-19,0.0,7.877,8.391,16.617,22.23
2010-07-20,0.0,7.696,7.633,15.828,18.06
2010-07-21,0.0,8.997,8.367,18.148,16.13
2010-07-22,0.0,8.927,7.133,17.234,14.47
2010-07-23,0.0,6.15,7.969,13.836,13.85
2010-07-24,0.0,5.893,8.977,14.219,17.32
2010-07-25,0.0,7.529,8.273,15.969,17.72
2010-07-26,0.0,6.014,9.469,14.734,57.18
2010-07-27,0.0,5.163,8.977,13.234,32.13
2010-07-28,0.0,6.563,9.25,15.273,21.13
2010-07-29,0.0,6.423,8.922,14.836,16.64
2010-07-30,0.0,8.146,8.359,16.789,14.64
2010-07-31,0.0,8.687,8.977,17.938,13.25
2010-08-01,2.477,8.125,8.656,16.938,12.5
2010-08-02,41.574,7.044,9.805,16.258,43.86
2010-08-03,3.183,6.934,9.484,15.891,65.0
2010-08-04,0.0,6.427,8.375,14.352,23.85
2010-08-05,0.0,6.63,8.195,14.523,25.25
2010-08-06,0.0,6.275,7.852,13.766,18.46
2010-08-07,0.0,7.75,7.039,15.219,14.62
2010-08-08,0.0,7.28,8.703,15.695,13.25
2010-08-09,0.0,9.323,7.367,17.602,11.75
2010-08-10,0.0,6.313,8.594,14.305,11.24
2010-08-11,0.0,6.509,8.523,14.508,11.36
2010-08-12,0.0,7.315,8.141,15.289,11.66
2010-08-13,0.0,6.986,9.195,15.602,11.54
2010-08-14,0.0,5.385,8.328,12.844,14.53
2010-08-15,0.0,6.998,8.703,15.219,14.04
2010-08-16,0.0,9.527,6.539,17.219,11.0
2010-08-17,0.0,8.898,7.539,16.969,10.16
2010-08-18,0.0,8.77,7.969,17.062,9.92
2010-08-19,0.0,9.065,8.594,17.859,9.68
2010-08-20,0.0,8.427,8.617,16.992,9.56
2010-08-21,0.0,6.618,7.039,13.438,9.2
2010-08-22,0.0,7.669,8.453,15.844,9.2
2010-08-23,0.0,9.378,7.359,17.414,8.97
2010-08-24,0.0,9.255,8.539,17.992,8.625
2010-08-25,0.0,8.991,9.273,18.125,8.395
2010-08-26,0.0,7.969,9.656,17.031,8.28
2010-08-27,3.178,8.611,8.656,17.164,8.05
2010-08-28,0.0,7.859,9.828,16.977,8.05
2010-08-29,0.0,7.552,9.539,16.367,8.05
2010-08-30,0.0,8.688,9.32,17.68,7.82
2010-08-31,12.914,7.98,9.367,16.773,8.395
2010-09-01,0.0,8.859,9.164,17.766,8.86
2010-09-02,13.184,6.861,9.82,15.648,14.34
2010-09-03,4.872,7.356,9.039,15.711,11.09
2010-09-04,11.525,9.182,9.75,18.547,9.44
2010-09-05,0.0,9.745,7.844,18.039,9.44
2010-09-06,15.077,6.803,8.82,14.812,14.0
2010-09-07,3.107,6.802,8.586,14.633,15.55
2010-09-08,0.0,8.129,8.711,16.438,18.41
2010-09-09,0.0,10.373,7.734,18.758,10.64
2010-09-10,0.0,10.992,7.57,19.461,8.975
2010-09-11,0.344,10.43,7.328,18.562,7.935
2010-09-12,0.0,10.234,8.008,18.719,7.475
2010-09-13,0.0,9.932,8.781,18.805,7.36
2010-09-14,1.715,8.776,9.289,17.633,7.475
2010-09-15,6.73,7.291,8.258,14.992,7.015
2010-09-16,4.429,9.709,8.016,18.008,7.015
2010-09-17,0.0,10.718,7.906,19.266,6.9
2010-09-18,0.0,9.588,7.719,17.641,6.81
2010-09-19,0.0,8.443,8.93,16.938,8.17
2010-09-20,6.604,7.51,8.312,15.289,7.59
2010-09-21,0.0,8.736,8.883,17.281,7.015
2010-09-22,0.628,9.844,8.828,18.68,6.72
2010-09-23,7.646,6.998,9.602,15.555,7.935
2010-09-24,6.88,8.939,9.578,18.008,7.705
2010-09-25,0.0,8.79,8.891,17.367,7.245
2010-09-26,0.302,9.005,8.422,17.32,7.82
2010-09-27,6.36,9.814,8.906,18.688,8.28
2010-09-28,7.469,10.889,10.828,21.328,11.27
2010-09-29,7.167,10.068,10.672,20.195,10.64
2010-09-30,0.0,8.685,9.18,17.422,7.475
2010-10-01,0.295,11.794,8.562,21.062,6.72
2010-10-02,5.238,9.264,9.406,18.328,6.925
2010-10-03,8.169,10.276,9.719,19.836,7.13
2010-10-04,19.19,5.086,9.977,13.562,13.25
2010-10-05,0.0,8.777,9.375,17.695,9.33
2010-10-06,12.358,9.192,10.0,18.656,8.745
2010-10-07,3.192,10.674,9.312,20.125,10.64
2010-10-08,0.0,7.34,9.531,15.992,8.74
2010-10-09,0.0,7.484,8.836,15.688,11.15
2010-10-10,0.0,8.512,7.938,16.414,11.54
2010-10-11,0.0,6.816,8.023,14.234,14.48
2010-10-12,0.0,8.215,7.047,15.445,11.51
2010-10-13,0.0,8.581,8.086,16.633,8.395
2010-10-14,0.18,9.51,7.211,17.32,8.51
2010-10-15,9.293,8.987,8.414,17.414,10.4
2010-10-16,0.104,8.94,8.914,17.703,9.09
2010-10-17,4.185,8.692,8.992,17.438,7.475
2010-10-18,8.538,8.856,9.195,17.781,7.015
2010-10-19,15.416,7.763,10.148,17.039,32.57
2010-10-20,4.549,7.178,9.906,16.148,11.09
2010-10-21,0.0,8.96,9.609,18.25,8.745
2010-10-22,8.52,8.126,10.672,17.906,8.74
2010-10-23,1.865,9.307,10.602,19.383,8.165
2010-10-24,13.299,9.81,11.195,20.453,9.1
2010-10-25,14.658,7.825,10.844,17.703,7.015
2010-10-26,11.165,8.701,9.531,17.922,6.72
2010-10-27,12.746,8.43,10.609,18.32,6.09
2010-10-28,9.713,8.795,11.18,19.188,11.84
2010-10-29,3.617,8.842,11.086,19.211,12.11
2010-10-30,14.463,8.62,11.055,18.922,9.44
2010-10-31,20.64,9.251,10.672,19.484,17.74
2010-11-01,19.871,6.482,9.633,15.188,45.18
2010-11-02,10.221,8.455,9.352,17.57,15.8
2010-11-03,6.148,7.973,10.547,17.797,10.16
2010-11-04,4.049,9.836,10.43,20.148,12.86
2010-11-05,4.671,9.629,9.57,19.336,11.18
2010-11-06,41.194,6.346,10.961,16.07,21.94
2010-11-07,0.222,5.89,10.75,15.352,11.12
2010-11-08,9.638,8.724,9.891,18.375,11.45
2010-11-09,0.0,8.203,10.258,17.969,10.28
2010-11-10,3.488,9.587,8.961,18.969,25.75
2010-11-11,10.755,6.755,9.508,15.562,30.14
2010-11-12,10.309,7.011,8.992,15.531,15.96
2010-11-13,13.701,6.603,9.344,15.25,13.55
2010-11-14,9.109,6.71,10.148,16.0,15.19
2010-11-15,8.858,6.97,9.805,16.102,12.8
2010-11-16,14.364,7.631,10.148,17.227,10.88
2010-11-17,17.616,6.24,10.07,15.359,23.85
2010-11-18,0.735,7.893,9.57,17.195,14.83
2010-11-19,8.014,8.804,10.172,18.852,10.64
2010-11-20,6.406,9.623,9.102,19.273,10.64
2010-11-21,11.799,6.732,9.125,15.344,16.1
2010-11-22,4.542,8.647,7.961,17.188,17.64
2010-11-23,3.84,6.678,10.586,16.375,11.66
2010-11-24,14.687,8.064,10.422,18.086,10.16
2010-11-25,5.193,8.742,9.305,18.266,9.68
2010-11-26,0.0,7.698,9.266,16.82,9.2
2010-11-27,0.319,6.178,9.883,15.234,9.32
2010-11-28,0.0,7.595,9.766,17.047,9.2
2010-11-29,0.0,8.942,9.539,18.742,8.28
2010-11-30,21.751,7.604,9.328,16.773,8.28
2010-12-01,6.048,7.749,10.875,18.062,8.625
2010-12-02,9.912,6.22,10.875,16.07,8.975
2010-12-03,7.928,7.317,9.727,16.688,8.625
2010-12-04,20.354,7.048,9.977,16.523,16.1
2010-12-05,10.351,6.122,9.656,15.039,26.98
2010-12-06,0.0,8.743,7.781,17.367,11.54
2010-12-07,0.0,8.114,8.547,16.984,9.92
2010-12-08,0.0,7.528,9.062,16.539,10.04
2010-12-09,6.316,8.127,8.531,17.008,8.97
2010-12-10,0.0,8.25,9.531,17.852,8.05
2010-12-11,0.0,8.149,10.734,18.555,7.475
2010-12-12,0.356,7.616,10.641,17.773,7.245
2010-12-13,8.32,7.955,11.172,18.602,12.35
2010-12-14,4.62,8.863,10.812,19.578,10.7
2010-12-15,36.074,5.437,10.172,14.57,11.57
2010-12-16,10.133,8.099,9.016,17.336,15.4
2010-12-17,6.291,8.293,8.742,17.422,9.8
2010-12-18,5.982,5.695,10.031,14.789,8.05
2010-12-19,10.468,8.688,8.203,17.609,10.7
2010-12-20,8.417,8.253,9.844,18.117,8.74
2010-12-21,0.0,8.485,8.375,17.445,8.97
2010-12-22,0.0,6.521,9.109,15.211,8.165
2010-12-23,0.0,7.42,8.383,15.945,7.705
2010-12-24,4.448,7.348,8.875,16.18,7.36
2010-12-25,3.253,8.05,7.992,16.57,7.475
2010-12-26,5.361,5.869,9.148,14.352,7.475
2010-12-27,0.0,7.84,8.461,16.562,7.82
2010-12-28,0.505,7.105,9.391,16.188,7.935
2010-12-29,0.0,8.214,9.453,17.758,7.475
2010-12-30,0.0,7.894,9.789,17.539,7.015
2010-12-31,0.0,8.433,10.406,18.68,6.63
2011-01-01,0.0,9.186,10.156,19.531,6.45
2011-01-02,0.0,9.441,9.891,19.688,6.36
2011-01-03,2.155,6.325,10.234,15.719,6.45
2011-01-04,1.262,7.825,9.875,17.477,8.99
2011-01-05,0.0,8.752,9.148,18.227,7.935
2011-01-06,0.0,8.212,9.281,17.57,6.72
2011-01-07,5.184,6.813,8.914,15.375,6.27
2011-01-08,0.0,7.187,9.461,16.281,7.475
2011-01-09,7.094,5.87,9.805,14.789,9.8
2011-01-10,0.0,7.714,8.664,16.43,8.28
2011-01-11,0.0,8.469,8.867,17.602,7.82
2011-01-12,0.0,8.447,9.352,17.883,7.475
2011-01-13,0.0,9.09,7.828,17.75,6.54
2011-01-14,0.0,9.207,7.734,17.828,6.18
2011-01-15,0.0,10.425,7.125,19.141,6.0
2011-01-16,0.884,9.092,9.164,18.562,5.91
2011-01-17,0.7,7.297,11.227,17.609,6.0
2011-01-18,2.504,8.967,9.383,18.516,5.82
2011-01-19,0.0,8.441,9.961,18.172,5.55
2011-01-20,0.429,8.656,11.273,19.352,5.64
2011-01-21,0.595,8.321,10.328,18.234,5.55
2011-01-22,0.225,8.19,10.289,18.023,5.82
2011-01-23,2.407,9.745,9.023,19.25,6.0
2011-01-24,0.0,9.301,8.219,18.102,5.55
2011-01-25,6.611,9.75,7.891,18.492,5.46
2011-01-26,0.0,9.755,7.758,18.383,5.64
2011-01-27,4.009,10.135,7.656,18.836,5.1
2011-01-28,8.688,8.919,10.406,18.969,6.655
2011-01-29,1.396,7.67,9.906,16.969,8.23
2011-01-30,22.968,10.183,7.117,18.508,6.0
2011-01-31,0.0,7.599,8.758,16.031,5.55
2011-02-01,0.0,7.024,9.57,15.852,5.46
2011-02-02,0.0,7.85,9.664,16.992,5.46
2011-02-03,0.0,8.249,8.93,16.984,5.19
2011-02-04,0.0,8.677,9.766,18.094,5.1
2011-02-05,4.291,8.223,10.211,17.797,5.1
2011-02-06,3.463,8.148,9.594,17.25,6.68
2011-02-07,14.998,7.779,8.531,16.008,5.64
2011-02-08,0.0,7.299,9.945,16.375,27.71
2011-02-09,18.609,7.142,10.016,16.227,13.1
2011-02-10,3.977,8.334,9.477,17.359,14.0
2011-02-11,2.322,6.323,10.625,15.633,12.5
2011-02-12,2.575,6.707,10.07,15.664,13.74
2011-02-13,7.226,7.228,9.43,15.844,10.64
2011-02-14,11.764,9.588,8.992,18.609,10.67
2011-02-15,16.503,8.224,10.031,17.531,7.59
2011-02-16,6.318,6.32,10.82,15.727,7.015
2011-02-17,14.519,8.4,11.062,18.469,8.74
2011-02-18,6.482,10.266,8.875,19.352,13.7
2011-02-19,3.975,7.898,11.148,17.859,10.97
2011-02-20,10.24,10.243,10.172,20.148,8.05
2011-02-21,7.253,7.561,9.812,16.461,13.61
2011-02-22,7.95,9.059,8.008,17.164,11.33
2011-02-23,0.0,8.332,8.984,16.828,8.625
2011-02-24,9.418,6.809,10.43,15.945,7.82
2011-02-25,7.05,8.418,9.203,17.07,16.6
2011-02-26,4.71,9.395,8.406,17.797,8.86
2011-02-27,12.878,9.362,9.164,18.258,8.985
2011-02-28,1.029,9.488,9.5,18.625,7.245
2011-03-01,3.545,7.251,10.859,16.75,9.095
2011-03-02,0.0,9.502,10.125,19.055,12.26
2011-03-03,0.956,9.631,10.102,19.188,7.705
2011-03-04,9.249,8.943,9.312,17.773,8.75
2011-03-05,0.0,7.379,9.406,15.828,8.86
2011-03-06,0.0,6.614,10.562,15.734,11.9
2011-03-07,0.534,9.358,8.805,17.93,9.7
2011-03-08,1.07,8.562,9.648,17.484,7.705
2011-03-09,22.491,6.007,9.891,14.484,21.2
2011-03-10,15.748,8.216,9.828,17.133,11.03
2011-03-11,1.64,10.789,8.164,19.336,8.63
2011-03-12,6.301,9.081,10.031,18.375,7.245
2011-03-13,6.406,9.599,10.594,19.391,7.36
2011-03-14,0.0,9.986,9.383,19.094,7.59
2011-03-15,0.12,9.89,9.508,19.047,7.245
2011-03-16,0.0,9.241,9.867,18.453,7.065
2011-03-17,2.772,9.706,9.758,18.969,6.81
2011-03-18,0.0,7.92,10.359,17.148,6.885
2011-03-19,2.607,6.681,10.461,15.727,6.68
2011-03-20,23.013,6.546,10.102,15.281,6.0
2011-03-21,29.718,7.48,10.008,16.352,9.585
2011-03-22,2.139,7.904,10.438,17.188,9.46
2011-03-23,1.154,7.799,10.391,17.031,12.79
2011-03-24,0.0,8.009,10.18,17.141,16.8
2011-03-25,10.72,7.739,9.586,16.383,9.68
2011-03-26,1.714,6.971,9.445,15.336,35.3
2011-03-27,0.131,8.844,9.266,17.57,14.76
2011-03-28,0.0,6.681,9.242,14.82,10.88
2011-03-29,1.023,9.622,7.953,17.727,10.04
2011-03-30,7.779,7.768,9.133,16.125,8.05
2011-03-31,15.33,8.557,9.305,17.25,7.475
2011-04-01,1.919,8.735,9.062,17.312,7.015
2011-04-02,0.0,8.445,10.352,17.859,6.925
2011-04-03,0.637,9.255,8.719,17.781,7.755
2011-04-04,5.448,7.91,10.422,17.266,8.285
2011-04-05,0.0,8.035,10.227,17.273,7.13
2011-04-06,19.514,6.179,9.797,14.672,30.62
2011-04-07,13.29,6.965,9.523,15.438,21.29
2011-04-08,0.0,8.662,9.859,17.836,12.8
2011-04-09,10.166,6.464,9.781,15.031,15.62
2011-04-10,18.974,7.562,9.734,16.383,14.04
2011-04-11,0.641,7.928,10.461,17.391,11.66
2011-04-12,2.705,7.818,10.188,17.062,12.8
2011-04-13,1.707,8.669,10.445,18.328,24.05
2011-04-14,22.247,8.755,9.031,17.492,31.96
2011-04-15,29.652,5.71,9.656,14.07,23.96
2011-04-16,0.0,8.03,9.695,17.023,22.96
2011-04-17,1.671,7.336,9.773,16.203,16.3
2011-04-18,8.763,6.753,10.016,15.648,14.0
2011-04-19,1.206,7.361,8.094,15.055,12.65
2011-04-20,0.0,7.951,9.75,17.0,14.32
2011-04-21,0.0,8.296,10.5,18.008,10.76
2011-04-22,1.926,7.48,9.953,16.594,11.39
2011-04-23,4.101,7.857,9.625,16.852,11.48
2011-04-24,5.602,8.575,10.078,18.117,14.68
2011-04-25,16.55,7.394,10.25,16.719,11.96
2011-04-26,2.384,9.154,9.406,18.453,13.74
2011-04-27,6.611,6.955,8.867,15.18,16.35
2011-04-28,10.156,9.762,8.086,18.453,11.96
2011-04-29,7.339,8.306,11.125,18.578,11.99
2011-04-30,3.099,9.447,10.82,19.852,14.15
2011-05-01,0.0,8.053,11.227,18.375,14.02
2011-05-02,0.499,8.067,10.539,17.922,13.4
2011-05-03,0.0,4.762,10.664,13.945,46.1
2011-05-04,0.0,6.92,10.055,16.125,29.4
2011-05-05,0.0,7.779,9.398,16.805,15.66
2011-05-06,0.0,7.45,9.766,16.641,12.8
2011-05-07,0.0,6.286,10.75,15.883,11.51
2011-05-08,0.0,6.109,9.516,14.719,14.15
2011-05-09,0.0,8.445,9.758,17.992,11.69
2011-05-10,0.0,7.571,9.609,16.758,10.28
2011-05-11,0.0,7.622,10.672,17.586,11.18
2011-05-12,0.0,9.481,10.656,20.039,9.44
2011-05-13,57.854,3.717,11.867,13.93,54.5
2011-05-14,17.413,7.503,10.07,17.055,21.87
2011-05-15,4.204,7.902,10.906,18.18,16.13
2011-05-16,11.392,6.291,11.328,16.445,15.62
2011-05-17,13.624,9.958,9.711,20.164,21.18
2011-05-18,0.0,10.843,10.383,21.812,15.79
2011-05-19,29.401,7.04,10.148,16.57,14.96
2011-05-20,0.0,9.749,8.992,19.477,13.7
2011-05-21,28.765,8.566,10.125,18.633,16.47
2011-05-22,8.797,7.038,10.609,16.938,20.89
2011-05-23,21.351,8.077,10.016,17.938,35.62
2011-05-24,0.0,8.48,8.57,17.508,22.03
2011-05-25,0.0,8.566,9.758,18.438,18.09
2011-05-26,57.263,6.035,10.289,15.438,26.93
2011-05-27,0.0,7.425,9.773,16.922,38.99
2011-05-28,0.0,6.246,9.164,14.891,104.6
2011-05-29,0.0,5.515,9.523,14.203,31.83
2011-05-30,0.0,5.348,9.789,14.203,58.49
2011-05-31,0.0,6.739,9.359,15.734,40.33
2011-06-01,0.0,7.551,9.375,16.875,25.19
2011-06-02,0.0,6.547,10.43,16.297,22.74
2011-06-03,10.631,7.281,10.102,17.039,21.69
2011-06-04,38.854,4.303,11.938,14.742,41.32
2011-06-05,0.0,7.336,10.086,17.133,26.03
2011-06-06,0.0,10.405,8.438,20.336,20.65
2011-06-07,0.0,8.654,10.477,19.227,22.07
2011-06-08,5.518,7.632,10.852,18.102,15.62
2011-06-09,0.0,7.725,11.18,18.461,14.62
2011-06-10,0.0,7.583,10.781,18.0,14.81
2011-06-11,10.654,6.251,10.562,16.055,15.28
2011-06-12,0.0,5.411,10.883,15.211,17.66
2011-06-13,0.0,6.12,10.789,16.055,18.12
2011-06-14,0.0,5.256,10.07,14.391,17.75
2011-06-15,15.954,5.813,9.773,14.891,27.38
2011-06-16,4.508,7.562,8.789,16.617,20.2
2011-06-17,0.0,7.434,9.164,16.688,13.55
2011-06-18,3.419,5.115,10.383,14.453,14.34
2011-06-19,0.0,8.036,8.977,17.422,14.15
2011-06-20,0.0,9.248,8.406,18.781,14.81
2011-06-21,0.0,7.522,8.945,16.68,13.7
2011-06-22,0.0,6.985,9.211,16.102,12.5
2011-06-23,0.0,5.869,9.625,14.875,12.95
2011-06-24,0.0,7.229,9.422,16.602,20.0
2011-06-25,0.0,6.051,9.195,14.789,23.96
2011-06-26,0.0,5.98,9.305,14.773,20.0
2011-06-27,0.0,7.339,9.266,16.641,43.91
2011-06-28,0.0,9.548,7.82,18.836,21.38
2011-06-29,0.0,8.841,8.875,18.5,15.79
2011-06-30,36.465,6.841,10.797,17.047,14.3
2011-07-01,53.797,7.615,10.336,17.758,24.35
2011-07-02,0.0,6.815,10.18,16.547,15.28
2011-07-03,0.0,7.811,8.68,16.883,13.7
2011-07-04,0.0,7.079,9.266,16.242,17.9
2011-07-05,0.0,7.827,9.648,17.555,109.4
2011-07-06,0.0,6.403,9.766,15.672,70.03
2011-07-07,0.0,5.389,8.961,13.656,26.82
2011-07-08,0.0,7.261,8.305,15.797,21.29
2011-07-09,0.0,5.816,9.266,14.469,19.6
2011-07-10,0.0,5.809,9.406,14.562,19.6
2011-07-11,0.0,6.697,9.469,15.812,27.07
2011-07-12,0.0,7.636,9.523,17.133,19.6
2011-07-13,0.0,7.268,9.062,16.305,15.96
2011-07-14,0.0,8.856,8.305,18.008,15.62
2011-07-15,0.566,7.691,10.391,17.773,14.02
2011-07-16,10.101,7.45,10.344,17.406,34.04
2011-07-17,0.796,6.773,10.438,16.57,17.52
2011-07-18,0.0,7.951,8.781,17.008,14.79
2011-07-19,0.0,6.408,10.281,15.953,13.7
2011-07-20,0.0,7.578,8.969,16.586,13.25
2011-07-21,0.0,6.143,9.016,14.633,21.65
2011-07-22,0.0,7.204,8.758,15.875,16.64
2011-07-23,0.0,6.226,10.086,15.5,77.49
2011-07-24,0.0,6.845,9.891,16.18,41.56
2011-07-25,0.0,4.557,10.094,13.398,30.01
2011-07-26,6.585,7.086,9.008,15.844,24.65
2011-07-27,0.0,5.752,9.867,14.695,21.29
2011-07-28,5.144,7.348,9.469,16.5,26.69
2011-07-29,28.128,9.204,8.031,18.086,19.0
2011-07-30,34.451,6.683,11.055,16.75,32.09
2011-07-31,21.724,9.281,9.766,19.266,25.3
2011-08-01,8.878,8.725,9.812,18.539,18.66
2011-08-02,0.0,8.525,10.312,18.602,15.28
2011-08-03,0.0,8.011,9.43,17.289,14.3
2011-08-04,0.0,6.972,9.516,15.922,14.79
2011-08-05,0.0,6.864,10.18,16.242,14.83
2011-08-06,0.0,7.853,8.805,16.594,12.8
2011-08-07,0.0,7.001,8.109,14.906,13.1
2011-08-08,0.0,7.528,8.656,16.0,12.2
2011-08-09,0.0,6.736,9.172,15.312,17.32
2011-08-10,0.0,6.445,8.805,14.641,17.55
2011-08-11,0.0,7.597,9.117,16.367,17.24
2011-08-12,0.0,8.459,8.078,16.812,12.8
2011-08-13,0.0,7.6,7.914,15.5,12.5
2011-08-14,0.0,7.946,7.984,16.008,11.36
2011-08-15,0.0,7.916,8.281,16.156,11.63
2011-08-16,0.0,8.44,8.828,17.211,11.81
2011-08-17,0.0,9.458,7.758,17.883,11.48
2011-08-18,0.0,10.202,8.719,19.484,10.52
2011-08-19,0.0,10.532,7.93,19.422,10.28
2011-08-20,1.14,9.217,10.43,19.258,10.28
2011-08-21,0.372,10.287,9.109,19.789,14.98
2011-08-22,6.316,7.562,8.82,15.953,14.15
2011-08-23,0.316,8.36,9.117,17.219,14.57
2011-08-24,0.0,7.269,8.734,15.492,14.17
2011-08-25,0.482,9.128,7.812,17.336,11.36
2011-08-26,20.594,7.735,9.922,16.93,10.52
2011-08-27,1.511,8.384,7.953,16.391,11.93
2011-08-28,0.0,9.631,7.68,17.891,10.4
2011-08-29,0.0,8.199,8.984,16.844,11.78
2011-08-30,0.0,9.027,7.906,17.188,10.88
2011-08-31,13.149,6.391,9.859,15.125,15.44
2011-09-01,3.144,7.266,7.977,14.859,15.8
2011-09-02,0.0,8.669,6.195,15.547,16.47
2011-09-03,0.0,6.017,8.195,13.359,15.62
2011-09-04,0.0,7.673,7.344,14.93,12.65
2011-09-05,0.0,8.488,7.523,16.141,10.88
2011-09-06,0.0,7.125,8.516,15.008,10.64
2011-09-07,0.0,8.363,8.078,16.344,10.88
2011-09-08,0.0,9.461,9.336,18.586,12.2
2011-09-09,24.916,8.822,9.031,17.547,11.69
2011-09-10,13.568,8.051,9.008,16.516,13.1
2011-09-11,51.274,7.323,9.602,16.016,15.36
2011-09-12,1.23,5.895,8.688,13.523,22.36
2011-09-13,0.0,9.151,7.344,16.844,15.47
2011-09-14,0.0,8.156,7.75,15.773,12.95
2011-09-15,0.0,9.026,7.125,16.523,13.78
2011-09-16,0.0,9.148,8.031,17.266,12.5
2011-09-17,0.272,9.704,8.789,18.5,12.65
2011-09-18,0.0,8.648,8.109,16.648,14.34
2011-09-19,0.0,7.618,9.203,16.078,15.62
2011-09-20,0.0,9.345,8.352,17.727,13.7
2011-09-21,1.478,7.22,8.305,14.922,11.24
2011-09-22,0.0,9.503,8.711,18.164,10.52
2011-09-23,0.0,9.078,9.242,17.961,10.88
2011-09-24,0.0,7.698,11.266,17.664,10.52
2011-09-25,0.0,7.594,9.922,16.547,32.08
2011-09-26,1.937,7.002,9.836,15.734,23.72
2011-09-27,0.0,7.735,9.148,16.172,17.58
2011-09-28,12.276,7.255,9.555,15.859,13.25
2011-09-29,0.0,9.546,7.828,17.648,12.65
2011-09-30,0.0,9.051,8.219,17.258,12.35
2011-10-01,1.741,9.158,8.062,17.305,10.88
2011-10-02,0.0,7.635,9.969,16.633,11.12
2011-10-03,0.0,8.609,9.836,17.781,10.88
2011-10-04,0.753,6.799,10.602,16.078,10.76
2011-10-05,10.589,7.776,10.227,17.031,13.4
2011-10-06,18.536,5.906,10.531,14.961,12.08
2011-10-07,0.969,9.139,11.016,19.305,15.32
2011-10-08,1.808,7.043,10.812,16.555,15.79
2011-10-09,1.219,8.631,9.445,17.578,13.72
2011-10-10,2.688,8.863,9.391,17.844,15.19
2011-10-11,18.695,9.963,10.539,20.039,14.66
2011-10-12,26.54,8.089,10.406,17.578,15.13
2011-10-13,0.0,9.769,11.281,20.305,11.12
2011-10-14,2.179,7.971,11.062,17.922,10.64
2011-10-15,12.101,9.179,11.109,19.477,14.7
2011-10-16,10.67,8.63,10.883,18.625,27.38
2011-10-17,6.711,7.825,10.875,17.617,13.1
2011-10-18,7.926,8.993,9.336,18.055,11.39
2011-10-19,1.279,10.245,9.867,20.055,10.04
2011-10-20,2.681,10.076,9.391,19.539,9.44
2011-10-21,12.532,9.671,9.273,18.938,9.68
2011-10-22,0.0,9.644,9.867,19.312,8.97
2011-10-23,17.0,9.809,8.336,18.578,11.26
2011-10-24,0.0,8.825,9.078,17.758,11.42
2011-10-25,0.0,10.843,8.0,19.758,11.24
2011-10-26,0.0,7.961,9.938,17.242,12.96
2011-10-27,11.243,8.738,9.242,17.789,10.28
2011-10-28,11.77,8.106,8.227,16.266,10.4
2011-10-29,0.0,9.132,7.836,17.43,10.04
2011-10-30,0.833,8.378,8.789,17.062,12.95
2011-10-31,0.0,10.095,8.398,19.117,11.96
2011-11-01,0.0,9.702,7.711,18.164,9.2
2011-11-02,0.836,10.212,6.773,18.305,8.97
2011-11-03,9.892,8.715,8.898,17.633,8.165
2011-11-04,7.469,8.22,10.453,18.055,8.395
2011-11-05,0.508,9.848,7.828,18.5,8.05
2011-11-06,21.456,7.447,10.25,16.93,16.25
2011-11-07,13.231,9.006,9.695,18.625,18.35
2011-11-08,0.0,6.717,9.711,15.609,12.5
2011-11-09,12.285,7.946,10.711,17.953,13.89
2011-11-10,6.749,8.957,10.516,19.148,14.21
2011-11-11,12.081,8.716,10.297,18.695,23.72
2011-11-12,34.406,6.549,10.18,15.789,40.46
2011-11-13,0.0,7.726,9.797,17.078,19.56
2011-11-14,0.0,10.201,8.727,19.727,14.15
2011-11-15,1.081,10.23,8.633,19.711,16.5
2011-11-16,11.757,8.784,8.961,17.961,11.63
2011-11-17,8.101,9.069,8.492,18.062,35.7
2011-11-18,0.333,9.313,8.383,18.344,14.36
2011-11-19,4.469,8.939,8.68,18.023,13.4
2011-11-20,11.904,7.685,10.039,17.273,16.4
2011-11-21,20.181,9.207,9.305,18.844,13.25
2011-11-22,0.218,8.595,9.609,18.219,15.02
2011-11-23,0.0,8.29,9.266,17.586,12.8
2011-11-24,26.045,6.989,9.062,15.68,33.55
2011-11-25,0.0,8.36,10.195,18.352,15.47
2011-11-26,4.262,9.128,9.844,19.156,12.5
2011-11-27,1.241,7.926,9.75,17.477,11.24
2011-11-28,22.906,8.538,9.688,18.266,11.27
2011-11-29,2.137,7.396,10.344,17.203,13.25
2011-11-30,6.362,7.482,9.922,17.016,11.66
2011-12-01,0.663,6.971,11.062,17.195,13.25
2011-12-02,27.094,7.06,9.578,16.219,18.58
2011-12-03,3.766,7.645,9.797,17.172,18.35
2011-12-04,80.569,6.582,10.828,16.516,14.94
2011-12-05,35.673,8.16,9.523,17.727,16.13
2011-12-06,11.001,8.372,10.234,18.5,38.98
2011-12-07,0.288,5.975,10.109,15.203,47.64
2011-12-08,2.168,7.364,10.148,17.086,29.41
2011-12-09,0.0,8.897,9.039,18.43,27.5
2011-12-10,0.0,8.962,9.688,18.938,19.4
2011-12-11,0.0,8.301,8.57,17.305,16.3
2011-12-12,26.981,7.247,9.555,16.508,15.96
2011-12-13,0.504,6.203,10.625,15.906,14.45
2011-12-14,0.531,6.129,10.508,15.727,32.0
2011-12-15,0.0,6.998,10.555,16.906,25.35
2011-12-16,0.0,6.514,10.094,15.922,28.21
2011-12-17,5.778,9.105,9.984,19.383,27.78
2011-12-18,4.957,6.907,10.508,16.742,29.0
2011-12-19,0.281,5.441,10.609,14.93,28.7
2011-12-20,0.0,6.181,10.062,15.469,25.92
2011-12-21,0.0,6.283,10.0,15.555,19.4
2011-12-22,0.0,8.333,7.508,16.664,17.49
2011-12-23,0.0,9.389,5.727,17.07,15.96
2011-12-24,20.788,7.224,10.078,16.859,15.79
2011-12-25,0.226,7.672,8.547,16.398,14.64
2011-12-26,0.237,7.634,9.438,16.961,13.1
2011-12-27,0.229,7.327,9.398,16.508,13.4
2011-12-28,0.213,8.865,8.398,17.977,12.95
2011-12-29,0.242,8.009,8.812,17.039,12.5
2011-12-30,0.373,8.455,9.125,17.867,11.75
2011-12-31,0.0,9.325,10.094,19.703,11.12
2012-01-01,0.0,8.342,9.172,17.727,11.36
2012-01-02,0.0,9.81,9.062,19.68,10.52
2012-01-03,28.293,7.694,11.086,18.148,12.8
2012-01-04,13.481,8.229,9.93,18.055,34.53
2012-01-05,1.241,6.531,10.523,16.211,14.02
2012-01-06,9.092,6.838,10.25,16.398,15.28
2012-01-07,0.0,7.919,9.625,17.398,16.3
2012-01-08,0.203,5.574,10.477,14.914,13.25
2012-01-09,28.945,8.084,10.516,18.227,14.96
2012-01-10,0.0,9.152,8.82,18.508,12.95
2012-01-11,0.0,8.816,10.367,19.07,11.36
2012-01-12,6.763,7.378,10.648,17.359,10.64
2012-01-13,15.357,7.288,10.094,16.828,10.52
2012-01-14,0.0,7.128,9.055,15.844,10.16
2012-01-15,3.205,7.476,9.414,16.555,9.8
2012-01-16,0.269,7.052,9.297,15.891,9.68
2012-01-17,0.0,7.462,9.586,16.617,9.32
2012-01-18,18.12,8.528,10.234,18.523,11.12
2012-01-19,19.572,8.55,9.367,17.922,11.54
2012-01-20,28.703,6.844,10.523,16.484,16.87
2012-01-21,20.366,6.039,9.961,15.0,36.11
2012-01-22,0.0,6.743,10.047,15.969,17.75
2012-01-23,0.526,7.267,9.445,16.203,17.89
2012-01-24,0.0,7.013,9.617,15.953,13.4
2012-01-25,0.0,9.153,9.305,18.602,15.62
2012-01-26,0.0,8.349,9.68,17.758,12.95
2012-01-27,0.0,8.035,9.797,17.414,20.49
2012-01-28,0.0,8.926,9.016,18.055,12.5
2012-01-29,0.0,8.317,9.672,17.656,11.0
2012-01-30,0.593,8.128,9.398,17.211,10.28
2012-01-31,0.0,7.733,9.609,16.82,9.8
2012-02-01,0.0,7.236,9.82,16.297,10.28
2012-02-02,0.0,8.597,9.266,17.719,9.56
2012-02-03,0.0,7.899,8.891,16.5,9.2
2012-02-04,0.0,7.578,10.328,17.07,9.56
2012-02-05,10.43,6.414,9.031,14.609,9.2
2012-02-06,0.0,5.153,10.406,14.117,17.1
2012-02-07,0.0,8.065,8.516,16.398,16.1
2012-02-08,45.669,4.61,9.383,12.625,32.51
2012-02-09,0.0,8.425,6.641,15.594,20.13
2012-02-10,0.0,9.16,6.805,16.703,13.25
2012-02-11,17.853,8.58,9.703,17.828,28.18
2012-02-12,14.695,8.242,10.062,17.609,16.9
2012-02-13,0.0,10.476,9.859,20.367,12.8
2012-02-14,0.0,9.608,9.656,19.07,11.24
2012-02-15,0.0,8.449,9.445,17.406,10.64
2012-02-16,0.0,8.173,9.766,17.25,10.52
2012-02-17,0.0,8.299,9.156,16.992,10.04
2012-02-18,0.0,8.492,8.961,17.086,9.92
2012-02-19,0.834,7.364,9.188,15.766,9.68
2012-02-20,0.0,6.654,9.547,15.133,9.32
2012-02-21,0.0,8.802,8.289,17.016,9.56
2012-02-22,0.0,6.452,9.039,14.477,9.2
2012-02-23,0.0,7.349,7.891,14.789,9.2
2012-02-24,0.0,8.158,8.391,16.195,8.97
2012-02-25,0.747,7.371,8.602,15.305,8.74
2012-02-26,11.42,8.18,9.977,17.312,8.855
2012-02-27,0.963,7.825,9.227,16.32,9.215
2012-02-28,0.0,6.641,8.18,14.023,12.5
2012-02-29,11.725,8.072,9.445,16.766,10.52
2012-03-01,0.808,7.502,10.141,16.555,9.92
2012-03-02,5.758,5.667,8.805,13.258,10.4
2012-03-03,0.0,5.204,9.578,13.32,38.5
2012-03-04,10.37,8.015,9.094,16.422,24.35
2012-03-05,0.0,6.636,9.406,14.898,12.35
2012-03-06,1.467,7.247,9.461,15.695,10.88
2012-03-07,0.605,8.341,8.211,16.227,9.56
2012-03-08,0.0,6.611,9.07,14.617,9.2
2012-03-09,15.662,5.565,8.656,13.0,12.36
2012-03-10,21.44,5.811,8.695,13.352,16.47
2012-03-11,2.997,6.998,8.875,14.938,38.07
2012-03-12,0.0,6.175,8.773,13.828,17.35
2012-03-13,21.177,8.71,8.656,16.977,14.51
2012-03-14,0.0,6.5,8.586,14.094,13.1
2012-03-15,0.328,7.807,8.5,15.695,12.05
2012-03-16,3.259,6.756,8.883,14.625,21.8
2012-03-17,13.062,8.619,8.438,16.703,25.05
2012-03-18,1.731,8.459,9.398,17.133,14.66
2012-03-19,8.128,7.366,9.703,15.992,18.86
2012-03-20,10.032,8.208,9.438,16.867,14.3
2012-03-21,6.017,8.117,9.461,16.766,14.62
2012-03-22,6.779,6.884,9.719,15.438,14.85
2012-03-23,8.677,7.942,9.398,16.492,16.64
2012-03-24,16.406,7.975,10.461,17.312,14.66
2012-03-25,0.339,9.17,9.898,18.414,16.81
2012-03-26,7.031,8.543,9.414,17.297,15.32
2012-03-27,6.207,8.186,10.094,17.312,36.25
2012-03-28,0.0,8.452,9.219,17.047,17.72
2012-03-29,0.0,7.231,9.891,15.984,14.79
2012-03-30,0.0,7.524,9.5,16.086,16.3
2012-03-31,0.0,7.6,9.414,16.125,21.53
2012-04-01,0.0,9.0,9.102,17.703,20.4
2012-04-02,0.0,8.088,8.5,16.117,19.0
2012-04-03,0.0,8.786,7.82,16.586,14.34
2012-04-04,3.224,7.855,9.078,16.242,13.25
2012-04-05,19.48,8.002,9.039,16.391,19.29
2012-04-06,0.0,8.992,8.953,17.641,17.58
2012-04-07,1.229,8.002,9.875,17.016,16.13
2012-04-08,10.187,6.998,10.703,16.367,18.12
2012-04-09,3.697,8.42,10.484,17.992,19.4
2012-04-10,20.632,8.474,10.883,18.359,16.7
2012-04-11,9.36,8.006,9.203,16.586,18.12
2012-04-12,28.565,5.977,10.078,14.711,14.47
2012-04-13,0.764,8.381,8.875,16.883,13.7
2012-04-14,2.423,8.332,9.945,17.57,14.83
2012-04-15,2.638,9.073,8.828,17.773,15.32
2012-04-16,16.201,7.113,9.922,16.031,22.58
2012-04-17,2.183,8.944,9.641,18.195,16.13
2012-04-18,7.291,6.484,10.016,15.32,15.79
2012-04-19,14.994,7.044,10.367,16.305,16.64
2012-04-20,4.182,8.167,10.016,17.5,17.55
2012-04-21,0.792,6.58,10.625,15.945,15.79
2012-04-22,19.526,7.35,10.055,16.5,22.83
2012-04-23,3.496,9.416,9.523,18.828,23.44
2012-04-24,0.0,8.063,8.656,16.469,16.81
2012-04-25,0.0,8.31,7.516,16.062,14.94
2012-04-26,2.023,6.761,8.562,14.711,14.17
2012-04-27,0.0,8.423,9.078,17.297,14.15
2012-04-28,0.746,8.317,8.875,17.031,14.32
2012-04-29,14.9,7.505,9.609,16.477,13.55
2012-04-30,5.474,8.308,9.562,17.531,13.91
2012-05-01,3.525,7.075,9.688,16.023,17.86
2012-05-02,2.463,6.741,9.023,15.109,20.2
2012-05-03,0.0,6.592,10.016,15.672,17.15
2012-05-04,0.0,8.744,8.141,17.234,13.85
2012-05-05,0.0,7.082,9.242,15.766,12.05
2012-05-06,0.0,8.106,9.156,17.102,13.1
2012-05-07,1.29,6.316,8.961,14.57,20.75
2012-05-08,0.909,6.87,8.781,15.203,15.17
2012-05-09,0.0,7.436,8.797,15.992,12.05
2012-05-10,0.0,8.179,7.742,16.305,10.88
2012-05-11,0.0,7.388,9.031,16.117,10.76
2012-05-12,0.181,7.814,9.406,16.977,10.76
2012-05-13,22.942,7.282,9.289,16.188,10.64
2012-05-14,17.353,7.244,9.672,16.438,17.0
2012-05-15,0.0,6.684,9.758,15.758,14.04
2012-05-16,2.009,8.059,9.375,17.375,12.8
2012-05-17,0.0,6.741,10.297,16.273,15.62
2012-05-18,0.0,8.704,8.555,17.719,11.93
2012-05-19,1.777,5.451,9.969,14.375,10.4
2012-05-20,1.771,7.635,9.727,17.078,11.24
2012-05-21,4.037,7.544,9.539,16.859,13.71
2012-05-22,2.518,5.795,10.633,15.359,14.17
2012-05-23,0.0,7.882,9.008,16.977,11.12
2012-05-24,28.922,6.475,9.414,15.344,10.64
2012-05-25,3.474,7.216,8.812,15.938,9.92
2012-05-26,0.0,7.487,8.516,16.141,9.32
2012-05-27,3.005,7.389,8.18,15.773,10.28
2012-05-28,0.877,6.577,9.633,15.695,9.92
2012-05-29,3.288,5.083,10.141,14.125,23.47
2012-05-30,0.0,6.564,9.516,15.609,16.3
2012-05-31,0.0,6.686,7.703,14.484,11.9
2012-06-01,0.0,4.537,9.367,12.828,12.56
2012-06-02,0.0,5.489,10.078,14.625,28.91
2012-06-03,8.04,7.237,8.836,16.102,17.04
2012-06-04,22.486,8.704,8.375,17.883,12.35
2012-06-05,8.821,7.409,10.398,17.461,10.88
2012-06-06,0.0,7.498,8.938,16.562,9.92
2012-06-07,0.0,5.018,10.617,14.492,9.68
2012-06-08,0.0,6.049,10.18,15.484,12.98
2012-06-09,0.0,5.623,9.398,14.352,10.52
2012-06-10,0.0,4.915,9.961,13.852,29.52
2012-06-11,0.0,5.238,10.062,14.336,16.13
2012-06-12,0.0,6.366,8.703,14.836,12.35
2012-06-13,0.0,6.954,8.398,15.469,12.14
2012-06-14,0.0,7.961,8.562,17.023,14.3
2012-06-15,0.0,7.204,8.492,15.891,11.96
2012-06-16,5.132,7.868,8.578,16.898,14.53
2012-06-17,0.0,7.806,8.664,16.867,12.05
2012-06-18,0.829,9.41,8.414,19.016,11.0
2012-06-19,0.0,8.758,9.406,18.734,10.04
2012-06-20,0.324,6.771,9.156,15.773,9.32
2012-06-21,9.262,6.953,9.391,16.195,8.625
2012-06-22,0.0,7.943,7.781,16.492,8.74
2012-06-23,34.134,5.565,7.875,13.125,9.8
2012-06-24,18.612,7.4,8.211,16.008,9.8
2012-06-25,0.0,5.916,7.742,13.531,10.64
2012-06-26,0.0,6.176,8.18,14.203,22.03
2012-06-27,0.0,6.479,7.648,14.273,14.51
2012-06-28,0.0,6.679,8.227,14.969,12.2
2012-06-29,0.0,6.824,7.969,14.984,10.52
2012-06-30,0.0,6.173,9.219,14.969,10.64
2012-07-01,8.883,4.506,9.422,12.898,11.12
2012-07-02,3.531,5.595,8.977,13.969,16.7
2012-07-03,0.0,7.539,8.391,16.289,16.47
2012-07-04,0.0,8.362,8.008,17.211,17.75
2012-07-05,0.0,6.945,8.898,15.781,17.52
2012-07-06,0.0,7.63,8.531,16.492,14.21
2012-07-07,0.0,7.119,9.18,16.203,13.32
2012-07-08,9.159,5.856,10.484,15.445,14.98
2012-07-09,2.171,7.264,9.711,16.773,14.17
2012-07-10,0.0,6.278,9.688,15.414,16.15
2012-07-11,0.0,5.885,10.008,15.117,12.95
2012-07-12,0.0,9.052,8.758,18.578,12.8
2012-07-13,6.391,6.944,8.992,15.773,10.88
2012-07-14,14.77,5.719,8.984,14.07,16.1
2012-07-15,5.146,6.691,8.289,14.93,12.05
2012-07-16,0.0,7.228,8.555,15.828,12.8
2012-07-17,0.0,6.145,9.461,14.977,12.08
2012-07-18,13.823,5.602,9.945,14.641,15.96
2012-07-19,2.108,4.895,9.352,13.273,26.74
2012-07-20,0.0,7.601,6.172,14.703,14.21
2012-07-21,0.0,8.146,6.484,15.695,11.24
2012-07-22,0.0,5.293,8.57,13.133,10.88
2012-07-23,1.015,5.742,9.383,14.328,12.65
2012-07-24,0.308,5.42,8.602,13.289,22.55
2012-07-25,0.0,5.9,8.461,13.812,16.7
2012-07-26,0.0,5.963,8.836,14.172,12.8
2012-07-27,3.985,5.225,8.75,13.109,12.41
2012-07-28,14.619,4.779,10.062,13.609,19.0
2012-07-29,0.0,6.328,9.211,14.906,21.58
2012-07-30,0.0,6.646,9.297,15.383,15.47
2012-07-31,7.043,6.245,8.555,14.289,16.6
2012-08-01,3.678,5.458,9.609,14.055,21.13
2012-08-02,0.0,8.056,7.43,15.969,15.79
2012-08-03,0.0,9.69,7.344,18.203,12.65
2012-08-04,0.0,7.005,9.398,15.859,11.63
2012-08-05,7.922,5.65,9.047,13.805,13.1
2012-08-06,0.0,8.134,7.461,16.055,13.7
2012-08-07,0.0,9.901,7.492,18.5,10.88
2012-08-08,0.0,9.797,7.023,18.055,10.04
2012-08-09,0.0,7.62,7.258,15.141,10.04
2012-08-10,4.044,5.826,8.5,13.57,10.4
2012-08-11,0.0,6.461,9.094,14.828,10.64
2012-08-12,0.132,9.306,8.594,18.305,11.72
2012-08-13,15.601,5.152,9.695,13.617,11.96
2012-08-14,16.982,7.201,9.766,16.266,18.75
2012-08-15,0.0,8.48,8.367,16.969,14.68
2012-08-16,0.0,7.276,8.891,15.695,10.76
2012-08-17,5.037,5.257,9.273,13.383,11.12
2012-08-18,8.329,6.714,9.531,15.398,18.12
2012-08-19,0.0,6.453,9.07,14.695,12.65
2012-08-20,0.0,9.288,6.594,16.844,10.16
2012-08-21,0.0,7.213,9.594,16.047,9.8
2012-08-22,0.0,7.659,8.523,15.867,9.68
2012-08-23,0.0,9.478,8.688,18.383,8.97
2012-08-24,0.0,9.852,8.0,18.422,8.165
2012-08-25,2.475,6.292,8.719,14.188,9.815
2012-08-26,4.657,6.546,9.133,14.812,13.7
2012-08-27,0.0,5.784,9.703,14.258,18.26
2012-08-28,10.344,6.551,9.555,15.117,15.62
2012-08-29,2.087,5.731,9.758,14.227,34.28
2012-08-30,0.0,5.434,9.539,13.711,26.65
2012-08-31,0.0,5.859,7.883,12.93,13.55
2012-09-01,0.0,5.824,7.945,12.938,12.8
2012-09-02,0.321,6.646,6.445,12.922,13.25
2012-09-03,0.0,6.245,7.609,13.219,14.15
2012-09-04,0.0,6.196,8.008,13.438,14.79
2012-09-05,0.0,7.328,7.758,14.734,13.87
2012-09-06,0.0,7.262,7.273,14.305,11.27
2012-09-07,0.0,9.775,7.336,17.727,9.92
2012-09-08,1.346,8.454,7.875,16.312,13.69
2012-09-09,0.0,7.402,8.211,15.117,11.96
2012-09-10,0.0,6.516,8.672,14.297,9.92
2012-09-11,0.0,6.396,7.336,13.148,11.69
2012-09-12,0.0,8.098,7.328,15.445,12.65
2012-09-13,2.48,5.64,8.18,12.82,10.4
2012-09-14,0.0,6.039,7.266,12.625,9.56
2012-09-15,0.0,7.493,7.789,14.906,9.68
2012-09-16,0.0,8.867,6.688,16.023,8.97
2012-09-17,0.214,6.841,8.289,14.398,9.2
2012-09-18,3.043,8.209,9.18,16.797,8.97
2012-09-19,0.0,10.902,6.297,18.516,8.28
2012-09-20,2.11,8.376,8.641,16.648,7.82
2012-09-21,7.696,8.148,9.805,17.156,8.51
2012-09-22,3.647,7.329,8.945,15.508,8.28
2012-09-23,0.0,7.52,7.695,14.867,9.44
2012-09-24,3.937,9.242,7.523,17.047,8.28
2012-09-25,3.383,8.086,9.43,16.828,7.82
2012-09-26,2.277,8.075,8.117,15.898,12.65
2012-09-27,2.04,8.391,8.555,16.625,14.59
2012-09-28,0.0,8.931,7.258,16.469,11.39
2012-09-29,1.117,8.376,7.805,16.109,9.68
2012-09-30,39.088,6.815,9.195,15.047,20.4
2012-10-01,0.0,8.024,7.398,15.367,14.72
2012-10-02,0.0,8.02,7.539,15.445,9.8
2012-10-03,2.803,9.21,6.711,16.508,8.51
2012-10-04,9.536,8.704,9.156,17.453,8.625
2012-10-05,5.096,8.121,9.984,17.281,8.05
2012-10-06,9.946,6.299,11.43,16.133,14.34
2012-10-07,22.979,7.423,10.617,16.883,24.95
2012-10-08,1.062,6.9,9.305,15.258,16.64
2012-10-09,0.0,8.726,8.656,17.18,13.55
2012-10-10,0.0,12.317,7.453,21.164,10.28
2012-10-11,3.134,9.27,9.648,18.562,9.92
2012-10-12,17.393,7.559,9.984,16.625,11.69
2012-10-13,7.344,8.522,9.625,17.602,8.97
2012-10-14,0.339,7.914,9.641,16.852,9.92
2012-10-15,3.442,9.133,9.531,18.359,10.4
2012-10-16,19.064,7.493,10.32,16.812,13.95
2012-10-17,0.91,7.349,10.547,16.812,9.92
2012-10-18,13.289,7.197,9.891,16.148,28.98
2012-10-19,13.616,8.096,10.047,17.445,18.29
2012-10-20,0.735,10.201,8.422,19.117,12.5
2012-10-21,15.332,8.26,9.734,17.438,10.28
2012-10-22,0.298,8.794,9.953,18.289,21.35
2012-10-23,0.0,9.073,9.328,18.234,13.1
2012-10-24,1.091,6.219,9.305,14.531,11.36
2012-10-25,2.526,8.91,7.555,16.891,17.07
2012-10-26,5.616,8.226,8.336,16.5,13.1
2012-10-27,0.0,8.666,8.188,17.0,10.28
2012-10-28,0.0,9.012,7.234,16.867,9.56
2012-10-29,0.0,10.13,7.336,18.469,9.2
2012-10-30,0.329,7.73,8.258,15.82,8.855
2012-10-31,0.0,8.129,9.414,17.172,8.625
2012-11-01,0.0,8.617,7.117,16.32,8.165
2012-11-02,7.034,9.235,6.859,17.008,7.935
2012-11-03,7.729,9.148,8.219,17.773,7.82
2012-11-04,0.287,8.035,8.742,16.633,7.59
2012-11-05,2.439,7.624,8.969,16.258,8.97
2012-11-06,0.261,7.811,8.289,16.062,8.28
2012-11-07,0.0,9.728,7.438,18.156,7.935
2012-11-08,7.669,9.134,7.977,17.688,9.68
2012-11-09,0.283,8.3,9.203,17.375,8.74
2012-11-10,14.677,10.149,7.289,18.688,7.705
2012-11-11,14.322,7.668,9.43,16.719,7.82
2012-11-12,6.881,7.571,9.031,16.32,7.36
2012-11-13,0.0,7.293,10.25,16.836,7.705
2012-11-14,2.129,6.984,10.086,16.312,9.115
2012-11-15,8.079,7.246,10.32,16.859,16.05
2012-11-16,1.94,9.523,10.242,19.844,11.48
2012-11-17,0.0,8.26,10.305,18.203,9.44
2012-11-18,0.0,8.515,8.984,17.688,10.4
2012-11-19,0.0,9.201,9.125,18.703,8.74
2012-11-20,3.163,7.979,10.742,18.172,7.82
2012-11-21,0.0,7.872,9.336,17.062,7.36
2012-11-22,1.911,6.736,11.0,16.758,9.68
2012-11-23,7.383,7.966,10.852,18.266,9.92
2012-11-24,0.0,8.563,10.164,18.594,7.59
2012-11-25,0.0,8.204,9.57,17.711,7.015
2012-11-26,0.0,5.879,9.406,14.477,6.9
2012-11-27,0.0,7.645,9.859,17.18,6.81
2012-11-28,6.219,8.601,9.141,18.016,6.54
2012-11-29,13.309,7.607,9.359,16.789,6.63
2012-11-30,12.686,7.042,10.203,16.633,6.72
2012-12-01,0.0,7.155,10.844,17.258,8.74
2012-12-02,2.923,8.148,10.656,18.469,8.4
2012-12-03,20.103,9.96,8.43,19.469,7.13
2012-12-04,9.593,6.697,10.32,16.281,7.36
2012-12-05,2.594,9.111,10.227,19.5,6.81
2012-12-06,0.563,9.325,9.672,19.43,6.9
2012-12-07,0.0,8.432,10.297,18.625,8.11
2012-12-08,14.182,7.257,9.664,16.602,8.855
2012-12-09,2.634,6.028,9.211,14.617,7.245
2012-12-10,0.0,7.546,7.797,15.703,7.13
2012-12-11,0.0,10.127,7.195,19.023,6.45
2012-12-12,8.727,9.201,8.859,18.758,6.36
2012-12-13,11.675,7.013,9.359,16.055,23.01
2012-12-14,5.988,6.972,10.164,16.578,11.6
2012-12-15,1.975,7.477,9.984,17.141,8.51
2012-12-16,34.206,8.147,8.461,17.031,7.705
2012-12-17,0.0,7.892,7.898,16.289,11.78
2012-12-18,0.0,7.568,8.883,16.5,21.05
2012-12-19,0.0,7.592,9.375,16.883,22.8
2012-12-20,1.331,8.812,7.516,17.352,10.76
2012-12-21,0.0,8.433,9.383,18.039,8.51
2012-12-22,0.0,7.45,8.609,16.141,7.705
2012-12-23,5.35,5.077,9.109,13.297,7.475
2012-12-24,0.797,7.697,8.414,16.344,8.28
2012-12-25,14.1,7.595,8.422,16.203,11.06
2012-12-26,8.832,7.813,8.969,16.883,9.32
2012-12-27,7.704,5.244,9.625,13.898,13.3
2012-12-28,0.0,7.603,8.617,16.336,10.64
2012-12-29,0.0,7.707,7.828,15.945,8.05
2012-12-30,0.0,8.469,7.398,16.742,7.245
2012-12-31,0.0,7.083,8.125,15.242,6.9
2013-01-01,0.0,7.21,8.453,15.656,6.63
2013-01-02,0.0,7.37,8.578,15.961,6.45
2013-01-03,0.707,7.32,8.266,15.672,6.27
2013-01-04,12.758,6.472,8.922,14.945,7.59
2013-01-05,0.0,6.899,8.414,15.172,6.36
2013-01-06,0.0,8.058,7.711,16.312,6.0
2013-01-07,0.0,8.453,7.859,16.953,5.91
2013-01-08,0.0,7.788,6.766,15.266,5.82
2013-01-09,0.0,7.417,6.734,14.695,5.91
2013-01-10,1.07,7.649,9.008,16.578,6.0
2013-01-11,0.0,8.053,8.664,16.883,5.82
2013-01-12,5.737,8.249,9.492,17.688,5.64
2013-01-13,6.004,7.861,10.75,18.055,6.36
2013-01-14,0.0,6.967,10.742,16.867,6.86
2013-01-15,0.0,9.104,8.539,18.203,6.81
2013-01-16,0.0,8.065,10.148,17.844,6.45
2013-01-17,0.0,6.552,11.273,16.703,6.63
2013-01-18,0.0,6.452,10.391,15.891,7.245
2013-01-19,0.0,8.696,7.641,16.992,6.63
2013-01-20,0.0,7.851,9.406,17.0,6.54
2013-01-21,0.0,7.731,10.344,17.484,6.36
2013-01-22,0.0,8.589,10.289,18.562,6.18
2013-01-23,0.0,8.495,10.016,18.234,6.18
2013-01-24,7.101,7.901,10.422,17.719,6.0
2013-01-25,12.523,9.161,10.539,19.453,7.245
2013-01-26,0.0,9.308,9.906,19.195,7.82
2013-01-27,0.0,8.835,9.109,18.016,6.63
2013-01-28,0.0,7.436,10.102,16.828,6.18
2013-01-29,0.0,9.671,8.258,18.547,6.18
2013-01-30,0.807,8.088,9.484,17.219,6.18
2013-01-31,0.816,7.854,9.375,16.805,6.09
2013-02-01,0.0,8.665,10.281,18.484,6.0
2013-02-02,0.0,6.86,9.664,15.672,8.05
2013-02-03,0.0,7.689,9.781,16.82,6.72
2013-02-04,2.073,8.34,9.141,17.219,6.27
2013-02-05,38.784,7.477,9.727,16.492,15.79
2013-02-06,8.973,8.695,10.094,18.32,9.2
2013-02-07,5.545,8.455,10.094,17.984,7.82
2013-02-08,5.269,7.904,10.352,17.445,7.99
2013-02-09,43.036,6.379,10.867,15.898,26.03
2013-02-10,6.665,6.881,9.812,15.703,12.14
2013-02-11,17.446,7.665,10.156,16.961,9.1
2013-02-12,2.825,6.167,9.422,14.5,11.42
2013-02-13,11.125,7.745,9.562,16.617,18.58
2013-02-14,1.576,8.691,9.211,17.578,19.45
2013-02-15,0.0,7.732,9.172,16.297,9.68
2013-02-16,0.0,6.371,8.789,14.234,7.59
2013-02-17,0.0,7.052,8.07,14.594,7.015
2013-02-18,0.0,6.407,10.156,15.305,26.18
2013-02-19,0.0,7.348,8.945,15.594,11.72
2013-02-20,0.0,6.368,9.805,14.969,8.625
2013-02-21,0.0,6.067,9.336,14.234,7.59
2013-02-22,0.0,7.622,9.445,16.266,7.475
2013-02-23,0.0,6.909,9.75,15.57,7.13
2013-02-24,0.0,7.521,8.422,15.398,7.705
2013-02-25,0.0,8.859,8.758,17.359,8.75
2013-02-26,0.0,7.389,9.719,16.125,6.9
2013-02-27,0.206,5.103,9.852,13.445,7.065
2013-02-28,2.256,7.481,10.023,16.453,18.86
2013-03-01,10.299,7.561,9.5,16.164,9.92
2013-03-02,0.0,7.171,10.008,16.039,8.74
2013-03-03,0.597,6.762,9.227,14.938,7.935
2013-03-04,8.575,4.827,9.188,12.578,13.1
2013-03-05,0.0,7.034,8.977,15.109,14.91
2013-03-06,3.767,8.054,9.453,16.711,9.68
2013-03-07,5.064,7.384,10.227,16.422,8.05
2013-03-08,13.708,7.697,9.75,16.469,8.28
2013-03-09,0.0,5.542,9.883,13.938,9.21
2013-03-10,0.508,7.251,8.602,15.062,12.8
2013-03-11,0.0,8.826,8.227,16.836,10.28
2013-03-12,0.0,8.71,9.016,17.219,8.05
2013-03-13,0.0,8.768,9.812,17.828,7.015
2013-03-14,0.0,8.552,11.07,18.445,7.245
2013-03-15,0.0,6.379,10.531,15.414,7.015
2013-03-16,8.171,7.415,8.617,15.273,7.015
2013-03-17,7.572,7.071,10.047,15.875,7.59
2013-03-18,1.342,7.84,9.914,16.734,7.82
2013-03-19,8.334,8.706,10.133,17.969,17.84
2013-03-20,11.353,8.853,11.602,19.188,9.92
2013-03-21,12.72,5.537,11.016,14.828,10.4
2013-03-22,14.863,8.116,10.523,17.531,8.05
2013-03-23,6.794,7.218,9.492,15.656,7.015
2013-03-24,4.245,9.51,8.43,17.852,6.81
2013-03-25,0.904,9.438,9.719,18.625,6.54
2013-03-26,11.652,6.249,10.602,15.328,13.95
2013-03-27,0.0,9.245,9.164,18.016,8.63
2013-03-28,3.423,7.201,9.43,15.617,7.015
2013-03-29,0.0,8.627,9.008,17.133,6.45
2013-03-30,1.072,6.961,9.188,15.141,6.09
2013-03-31,0.0,8.303,9.312,16.938,6.18
2013-04-01,0.346,6.251,10.156,15.016,6.0
2013-04-02,5.526,7.449,9.0,15.641,6.565
2013-04-03,0.0,8.483,9.047,17.016,7.245
2013-04-04,9.632,7.411,9.469,15.945,6.27
2013-04-05,0.0,8.218,9.281,16.844,6.18
2013-04-06,0.0,9.034,8.75,17.547,6.0
2013-04-07,1.86,7.452,9.992,16.398,6.0
2013-04-08,10.021,7.373,9.836,16.195,5.82
2013-04-09,0.0,8.102,9.414,16.828,5.55
2013-04-10,0.0,7.413,9.461,15.992,6.64
2013-04-11,3.699,9.522,8.641,18.172,7.015
2013-04-12,0.0,8.93,9.703,18.141,6.63
2013-04-13,5.786,7.886,10.836,17.602,6.0
2013-04-14,16.554,6.29,10.711,15.586,12.12
2013-04-15,0.788,5.754,10.609,14.891,9.815
2013-04-16,0.0,8.001,10.281,17.391,8.86
2013-04-17,0.0,8.233,10.32,17.734,9.225
2013-04-18,32.407,7.581,9.844,16.578,19.79
2013-04-19,13.062,6.663,10.156,15.664,13.25
2013-04-20,0.0,6.455,9.648,15.023,10.16
2013-04-21,0.0,8.203,9.148,16.93,12.96
2013-04-22,7.865,7.688,10.555,17.281,15.28
2013-04-23,18.524,6.787,9.773,15.586,11.54
2013-04-24,0.0,8.891,8.023,17.148,8.51
2013-04-25,0.0,11.066,5.555,18.617,7.475
2013-04-26,0.0,12.061,5.82,20.148,7.015
2013-04-27,0.0,9.651,9.398,19.109,7.59
2013-04-28,0.295,8.778,9.781,18.25,7.82
2013-04-29,11.754,6.537,9.742,15.328,7.015
2013-04-30,0.0,8.609,8.477,17.172,6.54
2013-05-01,0.0,8.02,10.18,17.586,6.63
2013-05-02,0.914,7.012,11.32,17.148,6.36
2013-05-03,0.231,7.382,11.359,17.656,6.45
2013-05-04,15.535,8.56,10.117,18.305,6.09
2013-05-05,22.447,6.865,11.391,17.039,12.89
2013-05-06,15.902,6.802,10.992,16.688,8.87
2013-05-07,11.516,5.485,11.281,15.312,14.48
2013-05-08,0.0,8.221,9.273,17.352,15.36
2013-05-09,0.618,6.665,10.039,15.844,11.81
2013-05-10,4.074,7.982,10.547,17.945,13.3
2013-05-11,14.392,6.958,10.375,16.492,13.16
2013-05-12,4.749,6.741,10.125,16.055,15.9
2013-05-13,1.361,6.339,10.375,15.75,10.16
2013-05-14,3.608,7.238,10.547,17.055,9.44
2013-05-15,0.0,5.916,10.516,15.344,16.08
2013-05-16,0.0,7.786,9.945,17.383,15.9
2013-05-17,30.154,5.603,10.172,14.719,18.35
2013-05-18,0.0,7.018,9.602,16.125,13.61
2013-05-19,3.617,5.748,10.438,15.109,10.16
2013-05-20,0.0,6.544,10.797,16.398,9.32
2013-05-21,1.253,5.442,9.625,14.102,15.62
2013-05-22,0.0,7.196,9.789,16.562,17.04
2013-05-23,0.0,5.629,9.898,14.562,10.88
2013-05-24,0.0,6.394,9.086,14.992,9.56
2013-05-25,0.0,7.87,8.609,16.703,9.56
2013-05-26,0.0,4.738,9.625,13.266,10.04
2013-05-27,2.582,7.232,8.555,15.797,11.12
2013-05-28,6.417,6.773,8.781,15.336,14.55
2013-05-29,0.0,7.634,8.859,16.609,15.11
2013-05-30,1.499,7.626,9.656,17.148,13.57
2013-05-31,40.65,6.524,9.469,15.516,18.8
2013-06-01,0.0,7.925,8.922,17.094,11.84
2013-06-02,0.0,6.372,9.766,15.57,12.65
2013-06-03,14.302,6.559,9.07,15.328,11.12
2013-06-04,0.172,5.482,9.516,14.18,12.47
2013-06-05,1.758,6.093,9.219,14.789,15.49
2013-06-06,0.0,6.639,7.852,14.578,10.28
2013-06-07,0.282,5.539,9.664,14.391,21.05
2013-06-08,0.859,5.89,9.391,14.664,33.15
2013-06-09,6.578,5.643,9.188,14.172,27.61
2013-06-10,0.0,6.406,8.5,14.742,19.49
2013-06-11,0.0,5.456,10.062,14.617,19.4
2013-06-12,0.0,6.668,8.586,15.195,29.03
2013-06-13,0.0,7.602,9.023,16.82,21.58
2013-06-14,0.308,5.823,9.914,15.016,16.64
2013-06-15,3.567,6.725,9.422,15.875,30.87
2013-06-16,0.0,6.826,10.453,16.773,21.49
2013-06-17,0.0,6.748,9.219,15.773,16.13
2013-06-18,0.0,6.917,10.508,16.953,14.3
2013-06-19,0.0,5.947,10.328,15.516,13.25
2013-06-20,0.0,6.037,9.562,15.047,12.65
2013-06-21,0.0,6.258,8.617,14.656,11.63
2013-06-22,0.186,7.31,8.781,16.258,10.64
2013-06-23,5.311,6.163,9.672,15.289,10.04
2013-06-24,25.725,6.788,10.25,16.602,9.56
2013-06-25,4.522,7.933,8.656,17.055,10.04
2013-06-26,0.167,8.569,9.75,18.695,9.32
2013-06-27,0.28,6.656,9.586,15.906,9.2
2013-06-28,50.66,7.725,9.5,17.336,9.68
2013-06-29,0.0,8.146,7.906,16.852,10.88
2013-06-30,0.864,5.734,8.977,14.188,14.72
2013-07-01,35.038,7.095,9.539,16.477,12.8
2013-07-02,4.855,6.249,8.867,14.805,15.36
2013-07-03,18.985,7.809,8.5,16.742,12.08
2013-07-04,0.0,7.741,8.68,16.758,9.8
2013-07-05,4.846,5.606,9.711,14.555,9.56
2013-07-06,0.0,6.61,8.336,14.898,17.5
2013-07-07,0.0,7.399,7.617,15.531,12.5
2013-07-08,0.273,6.612,9.906,16.023,25.75
2013-07-09,0.0,5.568,9.508,14.32,30.2
2013-07-10,0.691,5.838,9.242,14.469,22.98
2013-07-11,0.0,6.283,8.586,14.586,17.21
2013-07-12,0.0,6.408,8.672,14.828,12.8
2013-07-13,0.0,6.919,8.328,15.281,15.47
2013-07-14,0.982,7.831,8.586,16.75,13.1
2013-07-15,7.824,5.239,9.695,14.0,30.19
2013-07-16,1.03,5.506,9.57,14.234,26.14
2013-07-17,20.884,5.114,10.445,14.438,34.0
2013-07-18,0.0,6.287,10.352,15.844,33.03
2013-07-19,0.0,6.158,8.953,14.617,21.85
2013-07-20,0.0,6.046,9.047,14.5,17.52
2013-07-21,0.0,6.882,9.164,15.742,15.79
2013-07-22,0.0,7.661,9.32,16.914,14.3
2013-07-23,24.836,6.038,9.43,14.773,12.8
2013-07-24,0.945,6.783,9.664,15.93,11.63
2013-07-25,1.368,6.166,9.789,15.211,14.32
2013-07-26,1.293,5.072,8.148,12.484,27.83
2013-07-27,0.0,5.746,8.156,13.383,15.79
2013-07-28,0.0,6.278,6.93,13.195,12.95
2013-07-29,1.107,4.999,8.312,12.453,15.62
2013-07-30,0.0,6.26,6.586,12.906,14.45
2013-07-31,0.0,7.596,8.344,16.0,13.4
2013-08-01,0.0,6.35,8.211,14.18,19.15
2013-08-02,0.0,6.901,9.211,15.648,14.04
2013-08-03,0.239,7.296,9.742,16.523,13.55
2013-08-04,0.0,6.009,9.164,14.391,13.4
2013-08-05,0.0,7.487,8.531,15.906,15.79
2013-08-06,0.0,7.526,9.836,16.875,13.55
2013-08-07,0.0,6.95,8.711,15.266,20.45
2013-08-08,15.701,8.411,8.516,17.109,16.55
2013-08-09,0.0,8.049,9.656,17.375,11.63
2013-08-10,30.943,6.781,10.281,16.156,16.5
2013-08-11,26.182,7.692,9.188,16.555,17.24
2013-08-12,0.0,8.485,10.156,18.266,17.2
2013-08-13,0.0,8.387,9.68,17.789,12.2
2013-08-14,16.685,6.944,10.773,16.68,11.12
2013-08-15,4.545,5.414,10.133,14.266,25.71
2013-08-16,0.0,7.633,9.984,16.953,17.98
2013-08-17,0.0,5.385,8.953,13.289,14.79
2013-08-18,0.0,5.775,9.023,13.82,14.02
2013-08-19,0.0,6.527,9.289,14.977,12.5
2013-08-20,14.883,4.748,9.75,13.133,11.36
2013-08-21,0.0,6.813,9.0,15.117,13.93
2013-08-22,0.0,7.689,9.258,16.445,14.94
2013-08-23,0.0,8.308,7.891,16.305,12.08
2013-08-24,0.37,7.952,7.977,15.859,10.64
2013-08-25,4.127,6.186,9.75,14.828,11.18
2013-08-26,15.64,5.883,9.469,14.227,12.05
2013-08-27,0.0,6.78,7.445,13.875,12.95
2013-08-28,0.0,6.097,8.281,13.586,22.25
2013-08-29,0.0,5.292,9.156,13.227,24.15
2013-08-30,0.0,8.193,6.711,15.266,12.5
2013-08-31,0.0,6.65,8.117,14.148,10.88
2013-09-01,0.0,7.132,8.359,14.945,10.88
2013-09-02,0.0,9.326,7.758,17.438,12.08
2013-09-03,0.0,10.593,6.727,18.492,10.4
2013-09-04,15.1,8.062,8.086,15.945,10.28
2013-09-05,1.94,8.055,7.906,15.82,10.16
2013-09-06,0.482,7.682,7.945,15.336,10.16
2013-09-07,0.0,8.087,8.719,16.391,9.32
2013-09-08,0.0,6.656,8.805,14.602,9.085
2013-09-09,0.528,8.085,8.602,16.305,9.44
2013-09-10,0.553,6.216,8.734,13.969,11.84
2013-09-11,0.0,7.437,8.688,15.492,12.8
2013-09-12,0.0,9.809,7.297,17.703,9.8
2013-09-13,0.0,8.874,8.672,17.359,9.2
2013-09-14,8.935,7.616,9.82,16.531,8.625
2013-09-15,2.255,6.281,9.414,14.539,9.2
2013-09-16,0.0,6.905,9.305,15.227,11.18
2013-09-17,5.155,6.368,8.617,14.062,9.56
2013-09-18,3.659,6.611,9.055,14.695,11.06
2013-09-19,0.0,5.165,9.844,13.539,16.0
2013-09-20,30.402,6.645,9.008,14.68,17.95
2013-09-21,0.0,10.977,6.727,18.859,11.57
2013-09-22,0.0,7.988,8.898,16.328,9.56
2013-09-23,0.0,6.132,10.969,15.547,9.085
2013-09-24,0.0,6.222,9.789,14.742,8.625
2013-09-25,0.0,7.391,8.555,15.305,10.4
2013-09-26,0.0,7.92,9.625,16.734,9.8
2013-09-27,0.0,6.97,9.688,15.602,9.2
2013-09-28,0.0,8.134,8.922,16.531,10.4
2013-09-29,0.0,6.932,9.305,15.266,8.97
2013-09-30,24.871,8.558,8.336,16.688,10.88
2013-10-01,0.0,10.674,6.188,18.156,9.21
2013-10-02,29.532,8.41,10.148,17.75,13.74
2013-10-03,3.892,7.187,9.039,15.406,10.28
2013-10-04,17.051,7.353,8.867,15.5,20.0
2013-10-05,0.0,7.196,8.609,15.125,13.1
2013-10-06,0.0,6.459,8.648,14.203,8.97
2013-10-07,0.0,6.705,7.203,13.469,10.54
2013-10-08,0.0,7.911,7.992,15.656,9.44
2013-10-09,0.0,8.024,7.43,15.414,8.855
2013-10-10,5.503,6.727,8.469,14.438,8.165
2013-10-11,0.0,7.578,8.711,15.727,8.28
2013-10-12,9.952,7.965,9.461,16.766,8.855
2013-10-13,11.655,6.95,10.07,15.906,11.6
2013-10-14,0.0,6.934,9.875,15.758,10.76
2013-10-15,0.0,7.034,9.414,15.539,8.05
2013-10-16,33.599,5.756,9.883,14.328,7.82
2013-10-17,0.0,7.843,9.156,16.438,12.65
2013-10-18,0.0,10.632,7.531,19.07,10.52
2013-10-19,0.0,10.376,7.336,18.641,8.05
2013-10-20,0.0,9.855,7.383,17.977,7.245
2013-10-21,3.074,7.69,9.07,16.219,8.41
2013-10-22,0.0,7.399,9.773,16.336,16.8
2013-10-23,0.707,9.644,9.047,18.797,11.67
2013-10-24,2.306,7.627,10.094,16.898,8.855
2013-10-25,0.0,8.109,8.109,16.164,7.705
2013-10-26,0.0,8.912,8.328,17.391,7.015
2013-10-27,0.0,7.988,7.57,15.656,6.81
2013-10-28,0.0,8.18,9.125,16.977,6.54
2013-10-29,0.0,8.092,9.672,17.258,6.36
2013-10-30,3.79,6.993,10.805,16.672,6.72
2013-10-31,10.02,7.353,11.188,17.422,6.925
2013-11-01,0.236,8.606,9.562,17.883,8.865
2013-11-02,0.0,9.252,9.484,18.727,7.13
2013-11-03,15.835,8.964,8.695,17.836,6.36
2013-11-04,25.089,5.964,9.461,14.414,14.12
2013-11-05,13.651,7.904,8.5,16.305,13.2
2013-11-06,0.0,8.822,8.844,17.789,9.92
2013-11-07,0.0,8.483,10.102,18.195,8.05
2013-11-08,14.767,7.838,10.305,17.516,7.13
2013-11-09,14.826,7.828,9.492,16.93,13.01
2013-11-10,0.21,8.159,8.555,16.742,8.865
2013-11-11,10.009,7.837,9.688,17.117,8.63
2013-11-12,0.0,7.695,9.109,16.531,7.36
2013-11-13,0.0,6.866,9.055,15.406,6.81
2013-11-14,12.064,5.63,8.75,13.547,9.68
2013-11-15,0.0,7.799,8.633,16.383,8.865
2013-11-16,1.308,8.165,8.812,17.023,7.13
2013-11-17,1.683,7.756,9.164,16.711,6.36
2013-11-18,25.792,6.762,10.438,16.328,7.13
2013-11-19,1.131,7.827,10.648,17.875,7.36
2013-11-20,12.587,6.442,10.75,16.18,10.16
2013-11-21,0.0,8.076,8.516,16.758,10.52
2013-11-22,28.647,6.872,9.648,15.922,7.59
2013-11-23,0.313,7.747,8.93,16.617,7.015
2013-11-24,6.513,6.118,10.773,15.805,17.2
2013-11-25,6.709,7.82,9.789,17.328,16.47
2013-11-26,0.0,8.521,9.672,18.219,10.76
2013-11-27,0.0,9.016,9.523,18.812,11.66
2013-11-28,8.657,8.423,9.336,17.891,8.97
2013-11-29,12.892,6.333,10.211,15.703,12.86
2013-11-30,0.0,8.044,9.781,17.695,12.8
2013-12-01,26.891,8.829,8.781,18.102,16.47
2013-12-02,14.306,6.876,10.156,16.398,13.74
2013-12-03,6.6,7.738,8.766,16.594,19.4
2013-12-04,1.991,6.653,9.305,15.484,16.13
2013-12-05,39.581,7.433,8.641,16.109,14.17
2013-12-06,0.975,8.73,8.344,17.719,10.76
2013-12-07,1.424,7.053,9.227,15.984,9.44
2013-12-08,0.0,6.266,9.664,15.258,14.55
2013-12-09,0.0,6.638,8.914,15.211,11.27
2013-12-10,0.0,6.773,8.531,15.148,9.8
2013-12-11,0.0,7.427,7.617,15.414,9.44
2013-12-12,0.0,9.17,8.477,18.469,8.28
2013-12-13,0.0,7.917,9.094,17.117,7.59
2013-12-14,11.675,7.248,9.414,16.422,8.51
2013-12-15,0.0,7.558,8.797,16.43,7.245
2013-12-16,11.537,7.482,10.242,17.352,7.245
2013-12-17,7.319,8.088,8.875,17.219,7.015
2013-12-18,12.871,6.091,10.898,15.977,8.86
2013-12-19,21.964,7.785,10.898,18.203,7.705
2013-12-20,3.517,8.311,11.141,19.094,9.095
2013-12-21,0.0,7.585,11.711,18.523,8.97
2013-12-22,0.0,5.443,11.242,15.453,10.64
2013-12-23,7.729,6.391,8.984,14.945,7.82
2013-12-24,0.0,8.177,9.922,18.039,11.06
2013-12-25,0.0,7.939,9.641,17.531,11.63
2013-12-26,0.0,7.76,9.422,17.133,11.75
2013-12-27,0.0,6.557,8.484,14.797,12.14
2013-12-28,0.0,6.642,8.484,14.914,8.51
2013-12-29,0.0,7.534,8.703,16.312,7.475
2013-12-30,0.0,9.021,8.305,18.109,7.015
2013-12-31,0.0,8.076,8.734,17.07,7.245
2014-01-01,0.0,8.502,9.297,18.023,6.81
2014-01-02,0.0,8.108,9.0,17.273,6.45
2014-01-03,0.0,8.297,9.086,17.578,6.18
2014-01-04,0.0,7.387,10.094,17.031,6.0
2014-01-05,0.0,7.335,9.594,16.602,6.27
2014-01-06,6.566,5.856,10.766,15.531,6.09
2014-01-07,51.081,6.68,9.438,15.578,7.13
2014-01-08,0.0,8.096,10.281,18.086,11.42
2014-01-09,8.336,6.651,9.844,15.828,30.37
2014-01-10,0.696,5.763,10.344,15.047,30.8
2014-01-11,4.16,6.393,10.469,15.938,22.96
2014-01-12,0.0,7.138,9.438,16.156,15.06
2014-01-13,7.198,8.567,7.445,16.766,10.64
2014-01-14,0.283,7.931,7.359,15.781,9.68
2014-01-15,0.0,8.276,8.516,17.031,8.97
2014-01-16,0.293,8.557,8.711,17.539,8.05
2014-01-17,0.0,7.122,8.922,15.711,7.82
2014-01-18,0.0,6.492,9.578,15.344,8.05
2014-01-19,0.0,7.23,9.906,16.539,8.05
2014-01-20,0.0,7.073,10.102,16.453,7.82
2014-01-21,10.286,8.377,9.328,17.633,7.245
2014-01-22,0.0,8.262,10.281,18.117,7.245
2014-01-23,0.0,9.914,7.742,18.68,6.9
2014-01-24,0.0,10.32,7.672,19.164,6.63
2014-01-25,9.54,9.388,9.898,19.297,6.63
2014-01-26,26.652,8.132,10.383,17.969,6.63
2014-01-27,0.0,8.212,10.203,17.922,10.28
2014-01-28,2.999,8.326,9.32,17.453,8.05
2014-01-29,1.154,8.279,9.211,17.289,7.015
2014-01-30,4.41,7.313,10.242,16.734,8.05
2014-02-01,0.0,9.993,7.836,18.656,7.015
2014-02-02,0.0,8.228,7.656,16.109,6.63
2014-02-03,0.0,9.667,7.953,18.25,6.63
2014-02-04,4.858,8.622,9.633,17.938,6.54
2014-02-05,20.224,5.823,10.141,14.703,7.245
2014-02-06,12.698,8.473,8.43,16.891,7.36
2014-02-07,0.171,8.87,8.758,17.625,7.935
2014-02-08,0.0,7.769,9.406,16.602,8.05
2014-02-09,0.0,8.085,8.844,16.609,6.72
2014-02-10,0.0,8.02,9.664,17.078,6.18
2014-02-11,2.445,6.623,9.602,15.227,6.0
2014-02-12,0.0,7.997,8.508,16.211,6.0
2014-02-13,0.283,8.594,8.688,17.117,5.73
2014-02-14,9.82,8.557,8.977,17.25,6.18
2014-02-15,1.414,7.159,9.523,15.812,5.73
2014-02-16,0.0,9.785,8.492,18.516,5.64
2014-02-17,0.263,9.997,8.453,18.75,5.37
2014-02-18,0.279,8.593,9.219,17.398,5.64
2014-02-19,0.0,8.848,9.508,17.906,5.46
2014-02-20,0.477,9.133,9.562,18.297,5.64
2014-02-21,1.132,6.724,10.516,15.938,5.82
2014-02-22,0.388,7.556,9.133,15.953,6.0
2014-02-23,0.417,7.396,9.266,15.836,5.55
2014-02-24,0.0,7.024,10.391,16.172,5.37
2014-02-25,4.799,7.251,11.219,17.062,5.37
2014-02-26,0.0,7.668,10.859,17.297,5.64
2014-02-27,10.632,5.569,9.609,13.812,6.09
2014-02-28,8.368,8.214,8.977,16.633,6.63
2014-03-01,0.0,7.95,10.234,17.172,7.13
2014-03-02,11.405,7.719,11.266,17.648,7.705
2014-03-03,1.14,6.299,11.133,15.828,7.59
2014-03-04,0.0,8.199,8.867,16.5,8.99
2014-03-05,9.662,6.77,10.992,16.273,22.42
2014-03-06,5.832,6.959,10.742,16.312,10.94
2014-03-07,3.727,8.854,9.305,17.625,15.14
2014-03-08,1.258,8.922,9.742,18.0,9.69
2014-03-09,37.795,6.538,11.086,16.031,37.8
2014-03-10,7.726,7.379,10.281,16.445,13.78
2014-03-11,8.928,7.629,10.531,16.922,11.33
2014-03-12,8.426,9.307,10.18,18.758,10.4
2014-03-13,3.465,7.251,9.945,16.039,11.72
2014-03-14,12.825,7.88,10.43,17.156,8.625
2014-03-15,1.712,8.18,10.227,17.383,7.59
2014-03-16,2.416,7.962,10.305,17.18,9.09
2014-03-17,14.644,8.707,9.953,17.844,8.865
2014-03-18,1.513,6.407,10.875,15.711,7.36
2014-03-19,3.466,6.548,10.234,15.383,7.36
2014-03-20,0.0,7.907,9.727,16.68,10.16
2014-03-21,0.0,7.574,10.18,16.602,7.59
2014-03-22,5.96,7.004,10.406,16.062,8.855
2014-03-23,17.57,6.606,9.68,15.031,11.09
2014-03-24,0.0,7.787,8.867,15.922,8.74
2014-03-25,5.392,6.998,9.117,15.109,7.59
2014-03-26,5.404,7.187,8.539,14.938,7.13
2014-03-27,5.234,6.672,8.898,14.562,8.05
2014-03-28,0.0,8.68,7.438,16.141,7.015
2014-03-29,0.371,9.812,7.422,17.625,6.36
2014-03-30,5.469,7.837,10.516,17.188,6.0
2014-03-31,0.2,9.553,8.625,18.078,5.91
2014-04-01,0.0,6.979,9.188,15.18,5.91
2014-04-02,22.202,6.403,8.766,14.141,5.64
2014-04-03,14.523,7.395,8.742,15.391,18.22
2014-04-04,0.0,9.688,7.797,17.758,10.52
2014-04-05,0.0,8.487,9.234,17.156,10.04
2014-04-06,0.0,8.259,9.18,16.836,8.74
2014-04-07,0.0,6.739,10.266,15.734,33.55
2014-04-08,2.157,6.982,9.266,15.289,26.44
2014-04-09,0.0,7.474,8.727,15.539,14.34
2014-04-10,0.0,6.967,9.562,15.508,11.33
2014-04-11,0.0,6.849,8.953,14.914,8.74
2014-04-12,0.629,6.839,9.289,15.156,7.475
2014-04-13,0.0,8.043,7.734,15.648,7.015
2014-04-14,0.0,7.491,8.266,15.281,7.935
2014-04-15,0.0,6.173,9.305,14.359,12.01
2014-04-16,0.0,8.344,8.461,16.578,19.3
2014-04-17,0.734,8.587,8.352,16.844,10.4
2014-04-18,16.366,7.672,9.133,16.188,8.86
2014-04-19,2.35,7.557,8.664,15.727,8.625
2014-04-20,0.0,6.728,9.578,15.328,9.92
2014-04-21,0.36,8.135,8.891,16.664,11.09
2014-04-22,0.0,7.036,9.961,16.031,8.625
2014-04-23,0.869,8.865,8.758,17.57,8.755
2014-04-24,38.466,5.792,10.102,14.609,19.25
2014-04-25,0.0,8.828,8.203,17.188,13.03
2014-04-26,0.0,7.718,8.922,16.234,8.975
2014-04-27,0.0,8.299,8.938,17.023,7.705
2014-04-28,0.0,8.25,7.516,16.008,7.245
2014-04-29,20.009,6.492,9.727,15.25,8.97
2014-04-30,13.624,7.553,9.383,16.391,27.38
2014-05-01,0.0,9.187,8.766,18.172,10.28
2014-05-02,0.0,7.658,10.43,17.32,8.98
2014-05-03,16.172,5.409,11.289,15.188,21.49
2014-05-04,10.875,7.546,10.016,16.898,11.27
2014-05-05,4.289,8.665,8.891,17.617,9.09
2014-05-06,0.0,8.997,9.055,18.211,8.51
2014-05-07,1.58,7.364,10.742,17.242,8.865
2014-05-08,24.782,7.52,11.055,17.672,22.2
2014-05-09,52.27,6.212,11.18,16.148,54.5
2014-05-10,0.722,6.846,11.305,17.055,16.98
2014-05-11,0.0,6.58,11.023,16.516,17.04
2014-05-12,0.0,7.02,10.469,16.703,88.26
2014-05-13,0.0,7.2,10.82,17.18,75.96
2014-05-14,13.688,6.765,10.555,16.438,67.2
2014-05-15,0.0,8.089,9.703,17.594,31.1
2014-05-16,10.695,8.718,10.094,18.734,20.0
2014-05-17,0.0,7.94,9.195,17.078,17.32
2014-05-18,0.829,6.38,9.594,15.266,14.62
2014-05-19,0.0,6.344,8.961,14.766,15.6
2014-05-20,0.0,7.678,9.359,16.875,14.06
2014-05-21,0.0,8.809,9.688,18.648,11.78
2014-05-22,0.0,7.87,10.227,17.766,10.28
2014-05-23,15.539,7.075,11.117,17.375,8.74
2014-05-24,10.757,6.219,11.266,16.398,15.8
2014-05-25,0.0,7.38,9.531,16.664,10.04
2014-05-26,0.738,6.959,10.078,16.508,8.51
2014-05-27,18.517,6.936,9.789,16.266,7.935
2014-05-28,0.0,5.941,10.617,15.578,11.66
2014-05-29,2.269,5.839,9.961,14.984,10.88
2014-05-30,1.469,7.062,9.93,16.578,8.975
2014-05-31,0.0,6.855,9.82,16.227,7.705
2014-06-01,0.0,7.233,10.297,17.102,8.645
2014-06-02,29.844,6.908,9.961,16.422,16.6
2014-06-03,0.0,7.558,10.82,17.938,13.55
2014-06-04,0.0,5.767,10.758,15.531,12.8
2014-06-05,0.0,7.317,9.648,16.789,14.53
2014-06-06,46.758,5.978,10.109,15.328,20.0
2014-06-07,0.0,6.154,10.133,15.578,14.17
2014-06-08,0.0,6.452,10.578,16.312,28.64
2014-06-09,0.0,7.513,9.25,16.82,14.59
2014-06-10,17.133,6.527,10.211,16.172,17.32
2014-06-11,0.0,7.116,9.312,16.32,12.32
2014-06-12,0.0,6.862,10.359,16.734,9.92
2014-06-13,0.0,7.521,9.922,17.32,9.56
2014-06-14,3.281,5.913,10.258,15.375,17.67
2014-06-15,0.0,6.144,9.977,15.477,23.4
2014-06-16,0.0,6.348,9.375,15.312,11.51
2014-06-17,0.0,5.161,9.383,13.719,11.78
2014-06-18,0.0,5.605,8.836,13.906,12.68
2014-06-19,0.0,4.344,8.219,11.75,22.11
2014-06-20,0.0,6.108,7.586,13.695,14.02
2014-06-21,0.0,6.779,8.203,15.094,11.12
2014-06-22,0.0,5.923,9.406,14.781,16.85
2014-06-23,0.0,6.449,10.211,16.086,9.92
2014-06-24,0.0,5.694,9.812,14.781,17.1
2014-06-25,0.0,6.078,10.102,15.531,29.77
2014-06-26,0.576,5.816,10.18,15.211,19.66
2014-06-27,0.0,7.701,8.93,16.914,10.52
2014-06-28,14.922,6.916,8.992,15.852,16.3
2014-06-29,3.812,6.622,10.492,16.539,13.55
2014-06-30,37.891,6.353,9.789,15.641,26.25
2014-07-01,0.0,6.777,10.484,16.719,17.95
2014-07-02,10.808,5.184,10.664,14.758,24.35
2014-07-03,0.0,7.191,9.375,16.484,17.4
2014-07-04,0.0,7.705,8.922,16.883,11.0
2014-07-05,6.778,6.276,9.789,15.516,12.11
2014-07-06,0.0,6.427,10.086,15.922,13.47
2014-07-07,0.0,5.963,9.602,14.945,23.32
2014-07-08,13.544,5.438,9.953,14.516,61.1
2014-07-09,0.0,6.826,9.688,16.164,19.8
2014-07-10,0.0,5.291,9.188,13.719,20.22
2014-07-11,4.026,6.14,8.75,14.523,26.28
2014-07-12,0.0,6.379,8.32,14.531,17.44
2014-07-13,12.02,5.185,8.961,13.383,15.06
2014-07-14,2.594,6.844,9.297,15.852,18.8
2014-07-15,0.135,3.874,10.711,13.219,23.07
2014-07-16,0.0,5.791,9.75,14.75,14.66
2014-07-17,8.881,5.628,10.266,14.93,14.34
2014-07-18,1.302,6.288,8.922,14.797,17.15
2014-07-19,0.0,6.96,9.547,16.148,13.72
2014-07-20,0.0,4.499,10.055,13.312,11.12
2014-07-21,0.0,7.167,9.5,16.375,12.95
2014-07-22,0.0,5.322,9.008,13.516,12.08
2014-07-23,4.088,7.178,9.93,16.656,11.54
2014-07-24,0.0,6.182,9.227,14.797,10.16
2014-07-25,9.183,7.946,9.477,17.367,9.92
2014-07-26,0.0,7.597,7.664,15.617,14.12
2014-07-27,0.0,7.182,9.445,16.273,20.4
2014-07-28,5.332,6.882,8.961,15.516,20.6
2014-07-29,11.471,5.969,9.57,14.711,26.33
2014-07-30,3.089,5.946,9.148,14.352,33.31
2014-07-31,0.0,8.111,9.32,17.383,25.05
2014-08-01,0.0,7.429,8.266,15.695,21.29
2014-08-02,1.863,7.573,7.938,15.672,26.75
2014-08-03,0.0,6.23,8.477,14.18,21.2
2014-08-04,0.0,7.659,8.648,16.234,18.06
2014-08-05,33.769,5.778,9.656,14.461,18.32
2014-08-06,12.94,6.016,9.922,14.945,27.37
2014-08-07,0.0,7.368,8.203,15.484,28.08
2014-08-08,0.0,7.293,8.992,15.93,22.53
2014-08-09,0.0,6.821,9.891,15.938,26.82
2014-08-10,0.0,8.661,8.18,17.195,19.0
2014-08-11,0.0,8.466,8.625,17.219,16.81
2014-08-12,1.901,6.287,8.938,14.5,20.64
2014-08-13,73.05,7.379,8.969,15.953,37.2
2014-08-14,0.0,7.504,8.758,15.953,26.99
2014-08-15,0.0,7.192,8.602,15.391,30.63
2014-08-16,0.0,6.59,9.938,15.578,23.96
2014-08-17,0.0,5.063,9.328,13.203,24.2
2014-08-18,0.0,5.362,8.594,12.977,23.75
2014-08-19,0.0,5.62,8.773,13.406,28.08
2014-08-20,0.0,7.061,6.516,13.727,18.4
2014-08-21,0.0,8.065,7.344,15.641,16.3
2014-08-22,0.0,9.027,6.945,16.695,14.94
2014-08-23,0.0,7.883,8.695,16.281,14.15
2014-08-24,0.0,8.109,9.531,17.156,14.32
2014-08-25,5.01,7.469,9.117,16.016,15.02
2014-08-26,0.0,6.61,8.945,14.758,16.81
2014-08-27,0.0,6.698,9.016,14.898,15.79
2014-08-28,0.428,7.189,8.344,15.078,18.6
2014-08-29,0.0,6.75,8.984,14.93,17.15
2014-08-30,0.0,8.216,7.938,16.117,14.64
2014-08-31,0.0,9.072,6.891,16.578,13.4
2014-09-01,0.0,7.888,7.914,15.641,12.8
2014-09-02,0.0,7.776,8.109,15.625,13.55
2014-09-03,0.0,9.029,7.766,17.047,13.1
2014-09-04,5.476,7.788,8.273,15.727,13.1
2014-09-05,0.0,6.402,8.492,14.07,11.75
2014-09-06,0.0,7.533,7.414,14.773,11.78
2014-09-07,0.0,6.002,8.742,13.719,14.15
2014-09-08,4.086,6.162,8.805,13.961,17.72
2014-09-09,0.0,8.178,7.453,15.664,16.13
2014-09-10,0.0,8.273,8.258,16.297,14.68
2014-09-11,1.037,8.176,9.836,17.266,13.4
2014-09-12,0.875,6.146,11.406,15.93,20.6
2014-09-13,0.0,7.382,8.977,15.641,14.19
2014-09-14,0.0,8.117,8.781,16.438,14.06
2014-09-15,0.0,7.696,9.398,16.312,13.1
2014-09-16,1.069,7.404,9.836,16.273,12.05
2014-09-17,0.0,9.588,7.844,17.727,13.7
2014-09-18,0.118,7.911,8.961,16.266,11.36
2014-09-19,0.0,10.871,7.516,19.211,10.64
2014-09-20,19.391,7.405,8.5,15.289,12.2
2014-09-21,13.404,8.477,9.438,17.336,18.35
2014-09-22,10.672,7.048,8.742,15.0,14.81
2014-09-23,5.829,9.133,8.305,17.422,12.95
2014-09-24,0.121,8.905,7.711,16.719,10.88
2014-09-25,0.0,9.005,9.523,18.055,10.04
2014-09-26,0.0,10.707,7.656,19.078,10.16
2014-09-27,6.743,7.021,9.164,15.289,11.24
2014-09-28,0.0,8.448,8.156,16.438,10.04
2014-09-29,0.0,8.146,8.938,16.555,9.92
2014-09-30,0.0,8.008,6.461,14.703,10.04
2014-10-01,0.0,7.715,7.547,15.039,9.56
2014-10-02,0.0,6.675,7.883,13.914,10.16
2014-10-03,0.0,5.314,8.508,12.656,12.98
2014-10-04,0.0,8.578,8.18,16.617,12.8
2014-10-05,0.0,10.255,6.875,18.039,10.64
2014-10-06,56.78,7.456,8.672,15.5,10.04
2014-10-07,0.0,7.862,8.289,15.773,9.56
2014-10-08,0.0,7.448,9.008,15.758,13.1
2014-10-09,0.695,6.818,10.25,15.867,18.18
2014-10-10,5.509,7.181,10.586,16.586,26.44
2014-10-11,0.0,5.753,10.234,14.578,32.35
2014-10-12,0.0,7.721,9.039,16.156,19.49
2014-10-13,0.0,7.147,7.148,14.062,17.52
2014-10-14,0.0,7.254,7.727,14.625,20.06
2014-10-15,0.0,7.128,8.992,15.383,24.45
2014-10-16,0.0,7.852,8.57,16.039,26.15
2014-10-17,0.0,9.329,7.938,17.586,14.94
2014-10-18,10.119,7.832,9.445,16.633,13.7
2014-10-19,8.077,9.001,8.312,17.406,12.95
2014-10-20,12.723,7.361,8.969,15.703,14.79
2014-10-21,18.954,7.828,8.586,16.062,16.47
2014-10-22,0.0,6.737,8.969,14.922,12.95
2014-10-23,5.406,8.082,8.906,16.641,13.7
2014-10-24,0.0,9.685,8.875,18.75,11.9
2014-10-25,0.875,8.188,10.438,17.875,17.66
2014-10-26,0.405,5.225,10.836,14.531,12.2
2014-10-27,5.739,9.04,9.008,18.023,11.54
2014-10-28,3.922,8.05,10.18,17.531,17.3
2014-10-29,5.611,7.357,10.719,17.055,16.3
2014-10-30,10.972,9.113,9.977,18.82,15.49
2014-10-31,16.823,8.492,9.727,17.844,14.62
2014-11-01,12.335,9.178,8.945,18.25,12.95
2014-11-02,23.902,7.895,9.688,17.07,11.75
2014-11-03,0.875,8.167,8.367,16.539,10.88
2014-11-04,12.335,8.253,9.453,17.398,10.04
2014-11-05,9.337,8.763,9.773,18.32,10.4
2014-11-06,22.83,8.739,10.086,18.516,18.49
2014-11-07,37.24,8.355,10.414,18.266,12.05
2014-11-08,0.0,7.877,9.172,16.773,12.65
2014-11-09,1.496,9.005,9.234,18.336,12.98
2014-11-10,0.951,8.821,9.336,18.164,28.5
2014-11-11,20.111,6.348,10.562,15.805,16.98
2014-11-12,0.209,6.737,10.352,16.156,16.13
2014-11-13,3.217,8.263,10.492,18.258,13.25
2014-11-14,20.532,8.784,10.188,18.758,13.1
2014-11-15,5.338,7.68,9.242,16.648,10.52
2014-11-16,4.454,6.656,9.609,15.555,21.83
2014-11-17,0.0,6.586,9.398,15.312,13.85
2014-11-18,0.0,9.068,7.516,17.438,11.63
2014-11-19,3.709,7.22,9.32,16.125,10.64
2014-11-20,0.0,8.394,9.727,18.023,10.28
2014-11-21,17.135,7.136,11.133,17.344,10.88
2014-11-22,0.0,7.582,9.414,16.703,13.25
2014-11-23,0.0,7.525,8.977,16.344,18.58
2014-11-24,0.0,7.887,9.273,17.055,11.0
2014-11-25,17.322,6.994,10.727,16.906,20.55
2014-11-26,6.008,7.306,10.219,16.969,11.9
2014-11-27,0.0,8.307,9.328,17.695,17.75
2014-11-28,0.0,8.181,10.133,18.102,11.93
2014-11-29,0.0,7.122,10.07,16.641,10.4
2014-11-30,0.0,6.7,9.875,15.945,10.04
2014-12-01,0.0,7.771,9.484,17.125,9.56
2014-12-02,0.0,6.642,9.164,15.367,9.32
2014-12-03,0.0,8.99,7.477,17.516,8.97
2014-12-04,2.885,8.099,7.742,16.414,8.74
2014-12-05,0.0,7.308,9.844,16.766,8.625
2014-12-06,2.396,6.582,9.938,15.859,8.28
2014-12-07,39.269,5.618,10.805,15.297,16.7
2014-12-08,1.716,9.262,9.297,19.102,10.64
2014-12-10,4.706,8.002,9.469,17.484,17.27
2014-12-11,12.597,6.167,9.656,15.141,28.08
2014-12-12,3.341,8.832,9.297,18.523,13.7
2014-12-13,1.896,7.861,9.195,17.109,11.75
2014-12-14,15.352,8.881,8.008,17.758,15.65
2014-12-15,0.559,9.833,7.812,18.984,11.96
2014-12-16,1.708,9.344,8.297,18.609,10.4
2014-12-17,0.735,6.587,9.352,15.477,11.3
2014-12-18,5.578,8.427,8.859,17.672,14.1
2014-12-19,3.632,8.074,9.758,17.797,10.4
2014-12-20,19.59,8.006,9.883,17.789,19.81
2014-12-21,8.582,8.96,10.641,19.625,11.81
2014-12-22,7.146,6.967,10.039,16.492,9.92
2014-12-23,0.0,7.616,7.125,15.367,9.32
2014-12-24,0.0,7.61,8.492,16.289,9.085
2014-12-25,0.895,6.406,9.227,15.141,9.09
2014-12-26,0.0,6.457,10.438,16.102,9.44
2014-12-27,0.0,6.908,9.445,15.977,8.855
2014-12-28,0.0,5.772,9.875,14.773,8.165
2014-12-29,0.0,7.884,9.156,17.109,7.82
2014-12-30,0.0,7.257,8.531,15.789,7.82
2014-12-31,0.0,7.079,9.938,16.547,7.59
2015-01-01,0.0,7.345,9.688,16.719,7.935
2015-01-02,0.0,6.793,9.273,15.656,7.475
2015-01-03,0.0,8.242,7.18,16.242,7.245
2015-01-04,0.0,7.575,7.508,15.5,7.705
2015-01-05,0.0,7.704,7.789,15.867,7.245
2015-01-06,0.0,8.798,6.508,16.578,7.04
2015-01-07,0.0,7.562,5.922,14.391,6.9
2015-01-08,0.0,6.327,8.641,14.516,7.155
2015-01-09,0.0,5.116,9.844,13.844,7.475
2015-01-10,0.0,6.115,8.445,14.062,7.82
2015-01-11,0.0,6.24,9.594,15.07,8.74
2015-01-12,0.0,7.294,8.852,15.953,7.82
2015-01-13,0.0,9.034,8.391,18.039,7.245
2015-01-14,0.0,6.762,10.367,16.32,6.925
2015-01-15,20.076,8.387,8.758,17.352,6.81
2015-01-16,7.528,8.804,7.773,17.25,6.72
2015-01-17,25.287,7.776,10.07,17.406,9.46
2015-01-18,0.541,7.552,9.609,16.758,13.37
2015-01-19,16.679,6.637,9.805,15.672,8.51
2015-01-20,5.218,5.812,9.914,14.68,8.165
2015-01-21,1.546,5.597,9.922,14.414,7.705
2015-01-22,22.6,5.38,9.352,13.68,15.19
2015-01-23,0.45,8.131,9.602,17.461,11.48
2015-01-24,38.163,8.27,9.156,17.344,8.74
2015-01-25,0.0,7.93,9.094,16.812,7.705
2015-01-26,0.0,7.604,9.234,16.453,7.245
2015-01-27,0.0,7.838,9.531,16.945,7.015
2015-01-28,14.77,6.642,10.562,16.148,7.245
2015-01-29,0.0,6.953,8.82,15.258,7.015
2015-01-30,0.512,8.265,8.406,16.719,6.63
2015-01-31,0.427,5.423,9.641,13.875,6.81
2015-02-01,0.0,6.519,9.352,15.039,12.57
2015-02-02,0.0,7.167,9.273,15.812,12.56
2015-02-03,0.0,6.475,9.859,15.336,19.09
2015-02-04,0.0,7.424,9.43,16.234,12.95
2015-02-05,0.0,8.254,8.398,16.594,14.79
2015-02-06,12.601,7.75,9.547,16.703,12.65
2015-02-07,16.12,7.548,10.219,16.898,13.27
2015-02-08,5.988,7.449,10.203,16.766,15.85
2015-02-09,1.957,7.677,10.609,17.352,28.18
2015-02-10,0.0,7.028,9.75,15.852,15.81
2015-02-11,0.343,7.145,10.273,16.383,12.65
2015-02-12,3.243,8.775,8.789,17.445,11.81
2015-02-13,4.506,8.108,9.945,17.352,11.9
2015-02-14,24.007,6.462,9.711,15.078,10.64
2015-02-15,11.067,7.259,10.172,16.406,9.44
2015-02-16,0.0,8.626,9.031,17.352,8.395
2015-02-17,0.0,10.371,7.734,18.797,8.05
2015-02-18,0.0,12.084,7.062,20.641,7.705
2015-02-19,9.387,7.995,11.672,18.344,7.36
2015-02-20,7.096,8.779,11.461,19.172,8.05
2015-02-21,3.889,9.45,9.117,18.422,7.935
2015-02-22,8.86,8.323,8.984,16.852,8.865
2015-02-23,0.0,9.157,8.016,17.273,7.36
2015-02-24,0.0,8.611,9.172,17.312,7.015
2015-02-25,0.0,9.04,8.891,17.672,7.245
2015-02-26,0.0,10.039,8.711,18.844,6.63
2015-02-27,0.0,8.893,9.328,17.766,6.81
2015-02-28,0.368,8.508,8.906,16.961,6.54
2015-03-01,0.6,9.449,9.281,18.422,7.04
2015-03-02,20.601,8.422,10.516,17.945,9.44
2015-03-03,0.0,7.666,10.227,16.805,8.165
2015-03-04,9.964,7.513,10.344,16.688,14.04
2015-03-05,0.0,8.948,9.492,17.883,8.855
2015-03-06,0.0,7.831,9.648,16.57,7.475
2015-03-07,0.0,5.862,10.766,15.016,7.36
2015-03-08,0.0,6.237,9.883,14.766,7.13
2015-03-09,0.0,6.143,9.352,14.227,7.82
2015-03-10,0.0,6.855,10.109,15.672,14.0
2015-03-11,0.0,7.47,10.523,16.734,15.21
2015-03-12,0.0,7.997,10.062,17.039,10.16
2015-03-13,0.0,7.432,10.703,16.805,8.395
2015-03-14,0.0,6.74,10.859,16.094,7.935
2015-03-15,0.0,8.595,10.461,18.062,7.36
2015-03-16,0.0,7.485,10.5,16.727,7.13
2015-03-17,0.0,9.225,11.117,19.297,6.81
2015-03-18,33.516,4.808,11.062,14.062,24.0
2015-03-19,0.0,8.325,9.586,17.117,14.74
2015-03-20,21.149,7.944,10.57,17.336,26.93
2015-03-21,0.216,7.268,10.438,16.414,17.15
2015-03-22,0.0,8.468,9.062,16.922,11.63
2015-03-23,13.611,9.073,8.156,17.102,19.81
2015-03-24,7.731,8.864,10.055,18.133,11.24
2015-03-25,4.697,8.65,9.914,17.758,10.76
2015-03-26,1.561,8.715,9.992,17.906,10.04
2015-03-27,0.0,9.164,9.5,18.133,10.28
2015-03-28,6.616,7.533,9.758,16.25,8.51
2015-03-29,33.41,6.86,9.875,15.531,17.15
2015-03-30,0.911,8.243,9.273,16.828,11.0
2015-03-31,0.0,8.582,9.492,17.422,9.32
2015-04-01,6.816,8.123,9.719,17.0,10.28
2015-04-02,12.74,6.185,10.062,14.852,8.51
2015-04-03,5.738,7.033,9.289,15.32,17.4
2015-04-04,0.848,7.843,9.953,16.836,17.5
2015-04-05,10.756,8.108,9.883,17.133,12.2
2015-04-06,17.044,7.789,10.0,16.828,11.9
2015-04-07,13.793,7.22,10.094,16.195,9.8
2015-04-08,4.749,7.505,9.117,15.844,10.88
2015-04-09,0.0,8.039,9.07,16.508,9.56
2015-04-10,0.0,8.046,9.656,16.938,8.97
2015-04-11,0.0,7.391,10.078,16.422,8.74
2015-04-12,0.0,7.491,10.156,16.617,17.3
2015-04-13,1.212,7.952,9.609,16.828,11.06
2015-04-14,0.0,8.623,9.172,17.398,8.51
2015-04-15,2.971,9.115,8.672,17.719,7.935
2015-04-16,7.119,9.548,9.938,19.133,10.4
2015-04-17,0.686,6.829,9.438,15.297,10.4
2015-04-18,20.089,7.716,10.258,17.047,10.88
2015-04-19,1.873,7.253,9.156,15.68,11.27
2015-04-20,0.21,8.23,10.086,17.617,11.54
2015-04-21,24.95,7.165,9.922,16.156,13.55
2015-04-22,2.787,6.77,9.344,15.234,14.21
2015-04-23,0.0,7.533,10.312,16.93,16.56
2015-04-24,0.0,6.605,10.562,15.953,13.25
2015-04-25,0.0,5.874,9.445,14.195,17.15
2015-04-26,0.0,6.071,9.773,14.711,16.1
2015-04-27,0.0,6.802,9.828,15.695,26.45
2015-04-28,0.0,7.104,9.992,16.227,27.42
2015-04-29,0.0,7.445,8.805,15.828,20.43
2015-04-30,3.33,7.531,9.719,16.602,12.05
2015-05-01,8.354,7.557,9.742,16.68,10.88
2015-05-02,0.759,10.203,8.18,19.195,9.8
2015-05-03,0.751,7.619,9.977,16.945,9.44
2015-05-04,0.965,9.952,9.641,19.82,8.74
2015-05-05,18.166,6.719,10.664,16.328,8.51
2015-05-06,14.191,7.204,9.164,15.883,8.28
2015-05-07,0.0,7.782,8.234,16.016,8.165
2015-05-08,0.0,6.407,9.984,15.469,14.91
2015-05-09,0.0,5.892,10.07,14.875,11.75
2015-05-10,0.0,6.107,10.672,15.617,20.39
2015-05-11,2.356,6.152,10.672,15.703,24.94
2015-05-12,0.0,6.121,9.914,15.094,13.1
2015-05-13,0.0,5.963,11.055,15.781,11.75
2015-05-14,7.925,3.932,11.32,13.672,23.47
2015-05-15,14.443,7.354,8.977,16.094,16.35
2015-05-16,0.0,6.8,10.414,16.414,11.78
2015-05-17,14.343,6.608,10.359,16.133,11.81
2015-05-18,0.0,5.137,10.484,14.375,44.47
2015-05-19,0.0,7.283,9.422,16.359,21.96
2015-05-20,0.0,6.604,9.953,15.859,15.17
2015-05-21,0.0,7.03,10.289,16.688,22.98
2015-05-22,3.527,8.618,9.141,18.055,15.64
2015-05-23,0.0,6.397,9.984,15.641,20.89
2015-05-24,0.0,7.853,8.578,16.641,11.96
2015-05-25,0.0,5.963,9.586,14.805,10.52
2015-05-26,0.0,6.188,9.281,14.859,10.52
2015-05-27,0.0,7.276,9.633,16.617,12.94
2015-05-28,2.522,6.721,9.508,15.797,16.3
2015-05-29,5.073,6.884,9.211,15.82,20.3
2015-05-30,1.712,7.238,8.32,15.68,13.7
2015-05-31,0.0,6.613,10.148,16.141,13.1
2015-06-01,0.0,5.553,10.25,14.828,15.68
2015-06-02,0.0,6.314,9.703,15.43,14.0
2015-06-03,0.0,5.575,10.094,14.766,17.21
2015-06-04,1.62,6.591,9.703,15.82,24.94
2015-06-05,0.417,5.769,9.719,14.734,42.45
2015-06-06,0.0,5.843,10.148,15.164,26.85
2015-06-07,0.0,7.003,8.625,15.648,22.27
2015-06-08,0.0,6.822,10.031,16.414,17.52
2015-06-09,2.46,7.243,10.078,17.016,14.79
2015-06-10,39.367,7.512,9.922,17.289,16.98
2015-06-11,0.0,5.747,9.664,14.703,16.47
2015-06-12,16.985,5.955,10.461,15.594,16.47
2015-06-13,0.0,6.013,9.141,14.695,15.79
2015-06-14,1.974,8.17,8.523,17.289,13.25
2015-06-15,0.0,6.875,9.812,16.375,12.5
2015-06-16,0.0,5.974,10.188,15.414,14.83
2015-06-17,0.0,6.28,10.805,16.305,27.31
2015-06-18,0.0,5.558,10.312,14.977,37.28
2015-06-19,2.243,4.116,10.492,13.32,43.35
2015-06-20,0.0,5.708,10.242,15.141,31.83
2015-06-21,0.0,4.871,9.406,13.383,23.72
2015-06-22,0.0,5.299,8.867,13.531,23.47
2015-06-23,1.63,5.465,9.711,14.414,25.84
2015-06-24,2.262,4.858,10.672,14.383,83.35
2015-06-25,0.0,4.589,10.328,13.773,30.51
2015-06-26,0.366,4.175,10.648,13.562,25.05
2015-06-27,2.502,3.574,10.484,12.711,32.86
2015-06-28,0.0,4.187,9.078,12.234,24.2
2015-06-29,0.0,6.132,9.344,15.008,23.47
2015-06-30,0.0,5.961,10.039,15.297,21.29
2015-07-01,0.0,7.033,10.102,16.805,18.4
2015-07-02,0.0,6.485,10.617,16.414,23.16
2015-07-03,0.0,7.398,7.516,15.492,17.18
2015-07-04,0.0,6.091,10.633,15.898,18.72
2015-07-05,0.0,5.415,10.875,15.219,26.39
2015-07-06,6.116,6.643,9.875,16.07,16.81
2015-07-07,42.519,8.0,10.273,18.211,18.26
2015-07-08,0.0,7.056,10.023,16.734,15.45
2015-07-09,0.0,7.227,9.664,16.695,13.55
2015-07-10,0.0,5.05,10.289,14.273,19.32
2015-07-11,0.0,5.641,10.492,15.172,50.58
2015-07-12,0.0,4.84,10.641,14.258,24.94
2015-07-13,0.0,7.587,9.422,16.969,17.52
2015-07-14,0.0,7.062,9.758,16.5,15.11
2015-07-15,0.0,6.425,9.43,15.375,14.49
2015-07-16,0.683,6.03,9.852,15.18,26.74
2015-07-17,0.0,7.772,7.516,15.906,19.26
2015-07-18,0.0,7.19,9.438,16.391,25.9
2015-07-19,0.0,6.304,9.828,15.469,26.58
2015-07-20,0.0,8.151,8.461,17.031,23.76
2015-07-21,0.0,7.819,9.469,17.25,17.69
2015-07-22,0.0,5.793,10.008,14.914,27.91
2015-07-23,0.0,5.135,10.039,14.055,48.08
2015-07-24,0.0,6.648,8.875,15.18,23.55
2015-07-25,0.0,6.31,9.273,15.0,24.45
2015-07-26,0.0,6.902,8.648,15.312,21.6
2015-07-27,3.939,6.135,9.586,14.969,22.63
2015-07-28,2.496,5.466,10.133,14.508,27.42
2015-07-29,0.0,5.475,9.883,14.312,36.63
2015-07-30,0.0,5.384,10.102,14.367,45.55
2015-07-31,0.0,6.733,9.18,15.414,48.08
2015-08-01,0.0,4.89,9.016,12.859,29.3
2015-08-02,0.0,5.641,9.789,14.422,31.1
2015-08-03,0.0,7.518,9.055,16.336,24.2
2015-08-04,0.0,6.275,9.945,15.328,26.8
2015-08-05,0.0,5.655,10.234,14.758,26.03
2015-08-06,0.0,8.038,8.531,16.648,20.8
2015-08-07,3.297,6.587,9.359,15.273,18.06
2015-08-08,1.155,5.993,9.953,14.938,19.6
2015-08-09,6.078,7.679,9.953,17.094,17.32
2015-08-10,0.0,7.942,7.828,15.977,15.62
2015-08-11,0.0,7.26,9.25,16.023,14.62
2015-08-12,0.0,6.63,9.594,15.438,13.7
2015-08-13,0.0,6.327,10.258,15.516,14.15
2015-08-14,0.0,5.386,10.617,14.641,20.62
2015-08-15,0.0,4.962,9.641,13.32,27.01
2015-08-16,0.0,6.103,9.914,14.961,21.05
2015-08-17,0.705,7.689,9.875,16.938,22.13
2015-08-18,0.0,8.017,8.547,16.438,17.52
2015-08-19,0.0,6.814,8.688,14.922,15.62
2015-08-20,0.0,7.979,9.5,17.031,17.15
2015-08-21,16.748,6.171,9.477,14.641,14.47
2015-08-22,0.0,7.826,8.227,15.898,13.25
2015-08-23,0.787,7.626,9.094,16.219,12.35
2015-08-24,0.0,6.98,9.383,15.586,12.35
2015-08-25,1.153,6.242,9.07,14.375,18.68
2015-08-26,0.0,7.979,9.906,17.211,17.81
2015-08-27,0.0,7.773,8.516,15.961,12.8
2015-08-28,15.138,6.404,9.43,14.875,15.85
2015-08-29,9.55,6.571,9.57,15.133,25.3
2015-08-30,0.0,7.149,7.875,14.648,16.3
2015-08-31,0.281,5.118,9.938,13.625,17.95
2015-09-01,0.0,5.686,9.211,13.75,20.4
2015-09-02,0.0,7.0,8.156,14.617,35.81
2015-09-03,0.227,7.007,8.258,14.688,19.8
2015-09-04,0.0,8.314,6.938,15.523,15.28
2015-09-05,0.0,7.132,8.18,14.781,13.1
2015-09-06,0.0,7.08,8.617,15.039,13.72
2015-09-07,0.0,7.935,9.195,16.547,20.69
2015-09-08,0.0,8.263,9.438,17.109,14.68
2015-09-09,1.111,7.013,10.32,16.164,12.35
2015-09-10,0.0,8.506,9.234,17.281,11.48
2015-09-11,0.505,7.263,9.211,15.656,10.64
2015-09-12,0.0,8.627,8.57,16.961,10.88
2015-09-13,0.0,9.566,6.359,16.781,10.28
2015-09-14,0.0,9.243,6.805,16.617,9.8
2015-09-15,0.0,8.816,7.133,16.25,9.68
2015-09-16,0.0,8.316,8.977,16.812,9.68
2015-09-17,0.0,10.3,8.773,19.25,9.8
2015-09-18,15.783,9.127,9.023,17.898,9.8
2015-09-19,1.236,7.66,9.07,16.031,10.76
2015-09-20,1.814,7.368,8.672,15.359,12.5
2015-09-21,0.187,9.183,8.211,17.43,10.52
2015-09-22,0.0,7.788,9.5,16.484,10.52
2015-09-23,0.0,7.714,9.07,16.078,9.56
2015-09-24,0.0,8.509,8.109,16.469,9.085
2015-09-25,0.0,7.892,7.852,15.477,8.51
2015-09-26,0.0,8.671,7.656,16.383,8.165
2015-09-27,0.0,7.29,8.82,15.367,8.855
2015-09-28,0.0,8.534,8.07,16.469,8.395
2015-09-29,0.0,9.055,9.539,18.133,8.05
2015-09-30,38.543,9.537,9.992,19.062,7.705
2015-10-01,0.0,7.522,9.492,16.156,8.28
2015-10-02,0.0,9.09,8.812,17.711,8.51
2015-10-03,0.0,7.191,9.438,15.719,8.51
2015-10-04,15.258,6.806,10.453,15.977,11.9
2015-10-05,3.655,6.945,9.844,15.688,11.12
2015-10-06,0.414,9.01,7.891,17.023,9.56
2015-10-07,0.0,7.864,8.805,16.133,8.395
2015-10-08,0.0,8.395,8.438,16.578,8.05
2015-10-09,0.0,9.216,8.453,17.68,7.82
2015-10-10,0.469,7.733,10.016,16.844,7.82
2015-10-11,0.0,7.888,9.844,16.922,8.74
2015-10-12,0.0,7.924,10.008,17.109,8.98
2015-10-13,20.164,7.873,10.633,17.484,7.935
2015-10-14,22.825,6.941,10.484,16.227,7.59
2015-10-15,10.478,7.294,10.312,16.539,16.64
2015-10-16,0.349,6.728,10.031,15.633,14.55
2015-10-17,0.0,6.968,9.586,15.625,10.88
2015-10-18,4.673,6.42,9.195,14.648,12.95
2015-10-19,1.224,8.711,8.117,16.891,10.76
2015-10-20,0.713,8.35,8.289,16.539,8.855
2015-10-21,0.0,9.275,7.055,16.992,7.935
2015-10-22,0.0,9.179,8.195,17.602,7.705
2015-10-23,1.995,7.98,9.984,17.258,7.59
2015-10-24,0.0,8.965,7.898,17.164,8.05
2015-10-25,5.56,7.775,9.273,16.5,9.69
2015-10-26,0.0,7.913,7.883,15.758,9.33
2015-10-27,0.0,7.738,9.812,16.883,8.165
2015-10-28,1.643,9.115,7.555,17.195,8.98
2015-10-29,0.0,9.368,8.305,18.031,7.705
2015-10-30,0.0,10.646,8.695,20.016,7.245
2015-10-31,48.518,8.411,10.211,18.062,7.015
2015-11-01,17.613,6.493,11.211,16.375,7.475
2015-11-02,1.813,7.735,10.438,17.406,7.935
2015-11-03,16.344,8.712,10.258,18.555,7.705
2015-11-04,16.281,7.673,8.656,16.07,7.245
2015-11-05,10.133,7.114,9.68,16.07,7.705
2015-11-06,0.0,7.286,10.672,17.031,14.3
2015-11-07,13.643,4.262,10.305,13.094,16.47
2015-11-08,3.386,7.783,8.844,16.414,12.65
2015-11-09,0.0,7.485,8.477,15.766,19.6
2015-11-10,12.776,8.545,8.18,17.031,10.76
2015-11-11,0.0,7.07,8.414,15.188,10.04
2015-11-12,0.0,7.427,9.383,16.375,10.04
2015-11-13,6.569,7.383,9.25,16.227,8.28
2015-11-14,0.0,6.984,9.742,16.07,7.82
2015-11-15,38.054,7.031,9.352,15.852,7.935
2015-11-16,23.449,7.841,9.094,16.773,7.59
2015-11-17,4.244,5.277,9.242,13.492,8.855
2015-11-18,0.0,7.355,9.25,16.25,8.395
2015-11-19,0.0,9.966,9.016,19.672,7.935
2015-11-20,0.0,8.385,9.531,17.867,10.28
2015-11-21,3.039,7.666,10.633,17.688,9.68
2015-11-22,0.0,6.707,10.586,16.398,9.33
2015-11-23,0.0,7.686,8.695,16.375,7.705
2015-11-24,1.96,8.13,9.125,17.289,7.705
2015-11-25,0.0,7.881,9.398,17.148,8.05
2015-11-26,0.0,8.793,8.156,17.586,7.245
2015-11-27,0.0,7.905,9.023,16.945,7.475
2015-11-28,0.0,8.816,9.539,18.547,7.36
2015-11-29,26.338,7.473,10.242,17.234,8.63
2015-11-30,3.299,6.797,10.32,16.406,7.475
2015-12-01,0.0,6.295,10.172,15.633,7.935
2015-12-02,0.0,4.02,10.828,13.406,19.64
2015-12-03,0.0,7.95,6.141,15.148,9.095
2015-12-04,43.533,6.252,8.93,14.695,9.825
2015-12-05,14.635,7.172,9.516,16.352,11.09
2015-12-06,0.0,8.022,7.742,16.32,7.82
2015-12-07,2.843,7.778,9.156,16.945,7.015
2015-12-08,0.0,7.695,8.547,16.406,7.36
2015-12-09,0.0,7.367,9.234,16.438,6.81
2015-12-10,5.95,7.01,8.906,15.727,6.36
2015-12-11,0.0,7.34,6.906,14.805,6.18
2015-12-12,0.0,8.399,7.0,16.398,6.18
2015-12-13,0.0,8.392,7.188,16.523,6.0
2015-12-14,0.0,7.471,9.172,16.555,6.27
2015-12-15,1.332,7.577,9.156,16.695,6.0
2015-12-16,50.931,7.003,9.328,16.039,5.82
2015-12-17,0.905,6.643,9.297,15.531,5.64
2015-12-18,0.0,8.972,8.766,18.398,7.59
2015-12-19,0.0,5.834,10.273,15.164,8.05
2015-12-20,0.0,6.175,8.664,14.422,7.82
2015-12-21,0.0,7.524,7.078,15.211,6.63
2015-12-22,0.0,8.092,7.188,16.102,6.09
2015-12-23,0.0,7.516,9.312,16.719,5.82
2015-12-24,0.0,8.119,7.219,16.148,5.91
2015-12-25,0.0,7.126,7.711,15.055,5.64
2015-12-26,0.845,6.498,8.398,14.648,5.55
2015-12-27,0.0,6.982,8.938,15.711,5.46
2015-12-28,0.0,7.384,8.492,15.945,5.55
2015-12-29,0.0,6.946,9.391,15.977,5.46
2015-12-30,0.0,6.264,9.883,15.422,5.46
2015-12-31,0.0,6.252,10.164,15.602,5.37
2016-01-01,0.0,7.621,9.57,17.008,4.543
2016-01-02,50.911,6.424,10.0,15.703,4.5
2016-01-03,4.262,8.066,8.625,16.961,4.56
2016-01-04,0.375,8.896,8.953,18.32,4.48
2016-01-05,22.054,9.271,9.047,18.891,4.333
2016-01-06,0.0,8.292,9.961,18.148,4.283
2016-01-07,0.0,9.609,10.844,20.516,4.853
2016-01-08,8.435,7.977,11.625,18.883,4.79
2016-01-09,20.532,8.6,10.32,18.773,4.61
2016-01-10,10.405,8.018,11.43,18.773,5.043
2016-01-11,0.0,8.091,11.695,19.039,6.552
2016-01-12,13.359,8.576,12.156,20.0,5.53
2016-01-13,0.0,7.931,11.859,18.922,5.2
2016-01-14,0.0,10.397,10.656,21.328,4.82
2016-01-15,0.0,9.974,9.172,19.797,4.58
2016-01-16,0.0,10.578,8.344,20.086,4.41
2016-01-17,0.0,9.883,8.383,19.133,4.33
2016-01-18,0.0,10.774,10.344,21.562,4.275
2016-01-19,0.0,11.202,6.766,19.938,4.212
2016-01-20,0.0,9.132,9.602,18.844,4.115
2016-01-21,0.71,7.735,8.336,16.07,4.122
2016-01-22,0.0,8.112,9.898,17.648,4.309
2016-01-23,0.0,9.019,9.375,18.492,4.226
2016-01-24,0.0,8.138,10.008,17.734,4.212
2016-01-25,2.421,7.966,9.336,17.023,4.115
2016-01-26,0.0,9.676,9.195,19.211,4.108
2016-01-27,0.0,11.081,7.977,20.32,4.101
2016-01-28,0.0,11.44,7.578,20.539,4.004
2016-01-29,0.0,10.293,8.695,19.648,3.955
2016-01-30,0.0,10.047,9.445,19.789,4.039
2016-01-31,0.0,10.042,9.125,19.547,3.942
2016-02-01,0.0,10.054,8.734,19.305,3.886
2016-02-02,0.0,9.933,8.016,18.672,3.886
2016-02-03,0.167,10.762,7.906,19.695,3.886
2016-02-04,13.943,8.962,9.25,18.125,3.914
2016-02-05,25.508,7.166,10.641,16.766,4.742
2016-02-06,0.0,8.343,8.641,16.859,4.54
2016-02-07,0.185,6.444,10.133,15.453,5.02
2016-02-08,0.0,4.522,10.297,13.281,7.5
2016-02-09,0.0,6.715,9.859,15.562,7.676
2016-02-10,0.0,6.161,10.859,15.633,17.197
2016-02-11,0.451,7.765,9.852,16.875,9.576
2016-02-12,0.0,6.693,10.383,15.906,6.076
2016-02-13,0.0,8.545,8.789,17.125,5.06
2016-02-14,0.186,8.058,9.703,17.109,4.68
2016-02-15,0.0,6.963,9.758,15.727,5.16
2016-02-16,0.0,7.484,10.141,16.664,6.81
2016-02-17,0.256,7.453,9.773,16.344,5.96
2016-02-18,0.0,6.01,10.406,15.008,5.906
2016-02-19,0.0,8.671,7.891,16.602,7.003
2016-02-20,0.0,8.34,9.891,17.516,5.6
2016-02-21,0.0,7.126,10.633,16.516,6.46
2016-02-22,0.0,9.02,10.602,18.844,5.94
2016-02-23,0.0,6.709,11.672,16.773,6.21
2016-02-24,0.0,7.245,11.258,17.102,5.07
2016-02-25,5.031,9.164,9.922,18.547,11.024
2016-02-26,24.602,8.863,11.344,19.125,59.548
2016-02-27,0.0,7.907,11.875,18.328,21.306
2016-02-28,0.165,8.365,11.516,18.609,11.613
2016-02-29,0.0,8.1,10.492,17.547,7.231
2016-03-01,28.417,7.007,11.367,16.852,6.13
2016-03-02,0.0,6.838,11.57,16.82,10.936
2016-03-03,0.0,6.768,11.117,16.375,10.01
2016-03-04,0.0,8.4,10.617,18.0,10.934
2016-03-05,3.468,7.979,11.172,17.852,10.117
2016-03-06,2.586,10.478,9.359,19.727,10.453
2016-03-07,27.402,7.733,11.25,17.617,7.448
2016-03-08,14.22,8.62,9.57,17.492,7.01
2016-03-09,0.0,8.508,10.75,18.18,6.5
2016-03-10,11.537,9.561,9.062,18.328,6.465
2016-03-11,12.246,9.257,10.688,19.062,9.228
2016-03-12,0.0,8.283,11.352,18.305,7.8
2016-03-13,31.124,7.947,11.359,17.922,9.179
2016-03-14,0.0,8.322,10.906,18.031,7.587
2016-03-15,0.147,7.463,10.219,16.492,6.651
2016-03-16,0.0,8.143,10.438,17.484,9.268
2016-03-17,0.0,6.681,10.672,15.875,16.567
2016-03-18,0.0,8.716,10.047,17.93,19.541
2016-03-19,0.445,7.601,10.109,16.578,10.888
2016-03-20,0.0,6.866,10.602,16.047,7.897
2016-03-21,0.0,6.019,9.758,14.398,7.499
2016-03-22,0.0,6.57,9.383,14.773,7.847
2016-03-23,0.649,6.42,9.414,14.617,10.945
2016-03-24,0.0,8.032,9.195,16.469,11.687
2016-03-25,0.0,8.865,9.375,17.664,8.207
2016-03-26,0.0,7.74,8.992,15.961,6.53
2016-03-27,0.0,8.625,10.273,17.992,6.1
2016-03-28,5.799,7.749,11.516,17.805,5.86
2016-03-29,0.194,9.981,11.086,20.266,5.68
2016-03-30,5.431,7.908,11.289,17.852,5.44
2016-03-31,6.254,7.655,10.797,17.188,6.31
2016-04-01,2.664,7.003,11.359,16.828,6.1
2016-04-02,0.329,6.404,11.523,16.242,6.906
2016-04-03,0.0,8.061,11.703,18.359,9.476
2016-04-04,0.0,6.664,11.172,16.352,11.076
2016-04-05,0.422,8.297,11.102,18.234,15.008
2016-04-06,0.0,7.109,10.953,16.703,10.517
2016-04-07,1.331,8.871,10.609,18.633,7.045
2016-04-08,1.221,7.667,11.359,17.688,6.876
2016-04-09,3.133,6.576,11.156,16.227,7.503
2016-04-10,0.0,7.571,10.516,16.969,7.518
2016-04-11,0.0,8.712,10.648,18.492,9.872
2016-04-12,36.475,4.271,11.93,14.344,12.112
2016-04-13,1.539,7.772,10.711,17.406,12.47
2016-04-14,9.152,9.787,10.57,19.867,9.201
2016-04-15,0.0,7.927,11.367,18.086,10.885
2016-04-16,0.0,7.157,11.305,17.109,8.471
2016-04-17,16.548,5.17,11.602,15.031,16.392
2016-04-18,0.0,7.042,10.234,16.195,12.012
2016-04-19,0.305,8.052,9.234,16.781,7.827
2016-04-20,0.0,7.74,9.977,16.922,6.983
2016-04-21,0.0,8.319,9.867,17.609,7.232
2016-04-22,21.475,5.889,10.945,15.375,8.49
2016-04-23,6.223,7.47,9.633,16.367,14.939
2016-04-24,0.0,7.433,10.477,16.945,9.942
2016-04-25,6.373,7.985,11.422,18.344,9.258
2016-04-26,6.051,7.446,10.945,17.32,8.957
2016-04-27,17.361,7.19,11.539,17.469,9.839
2016-04-28,16.518,4.443,10.727,13.602,17.687
2016-04-29,0.259,8.275,10.219,17.93,15.643
2016-04-30,2.523,5.126,10.508,14.219,10.573
2016-05-01,9.244,6.499,10.539,15.922,11.896
2016-05-02,2.707,9.08,9.695,18.688,11.949
2016-05-03,0.0,6.48,11.0,16.266,11.857
2016-05-04,0.125,6.88,10.344,16.289,13.085
2016-05-05,0.576,7.152,10.906,17.078,14.956
2016-05-06,2.508,8.988,8.727,18.0,11.402
2016-05-07,11.785,6.969,10.078,16.258,9.979
2016-05-08,0.645,8.99,8.883,18.141,10.457
2016-05-09,14.793,7.982,10.414,17.852,17.95
2016-05-10,10.884,6.743,10.547,16.344,12.151
2016-05-11,0.673,7.028,10.82,16.953,10.581
2016-05-12,2.092,7.36,10.062,16.844,9.376
2016-05-13,0.0,5.551,10.688,15.016,8.407
2016-05-14,0.0,5.802,10.5,15.172,8.978
2016-05-15,15.209,7.077,10.18,16.594,13.921
2016-05-16,0.0,6.954,10.852,16.938,11.254
2016-05-17,0.0,5.969,11.195,15.961,14.106
2016-05-18,0.0,6.698,11.18,16.891,16.873
2016-05-19,0.0,5.973,10.102,15.164,11.528
2016-05-20,0.0,5.79,11.133,15.719,9.73
2016-05-21,0.0,6.328,11.055,16.352,9.357
2016-05-22,0.0,5.54,11.672,15.859,11.766
2016-05-23,0.0,6.321,11.641,16.812,10.751
2016-05-24,0.0,5.533,11.273,15.555,13.908
2016-05-25,0.0,6.186,11.422,16.492,15.042
2016-05-26,4.533,6.614,9.977,15.969,9.468
2016-05-27,24.609,8.506,9.023,17.93,8.014
2016-05-28,0.209,6.06,9.969,15.273,102.753
2016-05-29,0.0,5.866,10.695,15.562,36.694
2016-05-30,0.0,9.11,9.039,18.82,15.466
2016-05-31,18.692,6.815,9.906,16.25,14.479
2016-06-01,7.181,7.186,10.891,17.469,15.756
2016-06-02,0.0,6.024,10.133,15.383,11.997
2016-06-03,0.0,6.961,10.961,17.242,11.249
2016-06-04,19.238,8.363,10.195,18.609,10.751
2016-06-05,0.0,9.088,8.961,18.812,10.07
2016-06-06,0.0,7.272,10.297,17.211,9.206
2016-06-07,0.0,7.069,9.445,16.328,9.049
2016-06-08,39.436,8.082,9.141,17.539,14.802
2016-06-09,5.329,7.173,8.625,15.914,13.826
2016-06-10,0.0,6.358,8.68,14.797,11.453
2016-06-11,0.0,5.473,9.484,14.195,18.436
2016-06-12,0.0,6.754,9.039,15.625,18.159
2016-06-13,27.517,4.451,10.273,13.562,16.479
2016-06-14,0.0,5.717,9.148,14.281,14.887
2016-06-15,0.0,4.692,9.062,12.836,11.932
2016-06-16,0.0,4.836,8.938,12.961,14.275
2016-06-17,0.0,6.199,9.547,15.281,15.637
2016-06-18,0.0,6.901,8.711,15.617,13.168
2016-06-19,0.0,4.523,9.945,13.367,23.935
2016-06-20,0.0,5.838,9.656,14.852,23.313
2016-06-21,0.0,5.783,9.836,14.898,27.203
2016-06-22,0.0,5.817,10.117,15.156,19.105
2016-06-23,0.0,4.986,10.281,14.211,26.981
2016-06-24,0.0,6.018,10.133,15.469,22.289
2016-06-25,0.0,6.43,9.266,15.359,17.26
2016-06-26,0.0,5.361,9.117,13.789,21.432
2016-06-27,0.0,5.94,9.312,14.711,17.289
2016-06-28,0.0,5.772,10.141,15.125,21.616
2016-06-29,0.0,5.916,10.539,15.617,28.845
2016-06-30,0.0,3.783,10.312,12.805,30.579
2016-07-01,2.184,4.538,9.773,13.242,30.927
2016-07-02,0.0,6.338,9.82,15.625,22.496
2016-07-03,5.597,4.796,10.352,14.039,20.2
2016-07-04,0.0,6.118,9.742,15.273,20.963
2016-07-05,0.0,7.02,9.023,15.969,22.137
2016-07-06,0.0,6.172,8.805,14.633,25.449
2016-07-07,0.0,7.068,9.227,16.156,20.808
2016-07-08,0.0,5.796,9.953,14.945,19.818
2016-07-09,0.0,6.211,8.594,14.5,17.432
2016-07-10,12.235,5.774,10.117,15.062,15.501
2016-07-11,0.0,7.96,8.867,17.156,15.416
2016-07-12,0.0,7.873,9.148,17.195,15.263
2016-07-13,0.0,6.668,9.516,15.766,13.134
2016-07-14,0.0,6.534,9.227,15.375,12.997
2016-07-15,0.0,8.083,8.539,17.039,14.615
2016-07-16,1.238,8.087,8.727,17.156,12.248
2016-07-17,21.087,7.036,9.211,16.031,13.157
2016-07-18,0.0,5.719,8.977,14.039,21.444
2016-07-19,0.0,6.874,8.766,15.453,16.134
2016-07-20,0.0,4.856,9.531,13.328,23.297
2016-07-21,0.0,4.796,8.898,12.742,24.856
2016-07-22,0.0,6.42,7.797,14.094,17.223
2016-07-23,0.0,7.049,8.492,15.469,14.104
2016-07-24,0.0,8.451,8.836,17.625,14.707
2016-07-25,33.641,5.237,8.828,13.227,25.465
2016-07-26,0.0,7.511,7.906,15.641,18.265
2016-07-27,0.413,5.74,9.664,14.508,17.096
2016-07-28,5.271,5.478,8.734,13.422,29.729
2016-07-29,0.0,6.392,8.875,14.742,26.582
2016-07-30,0.0,6.728,9.117,15.367,22.078
2016-07-31,0.0,5.275,9.648,13.883,21.556
2016-08-01,0.0,6.049,8.195,13.742,19.813
2016-08-02,0.0,4.542,9.375,12.711,15.373
2016-08-03,0.0,5.188,8.844,13.078,15.79
2016-08-04,0.0,5.831,9.672,14.523,16.199
2016-08-05,0.0,8.595,7.703,16.859,14.803
2016-08-06,0.0,7.639,9.242,16.586,13.44
2016-08-07,0.0,6.176,10.828,15.828,14.155
2016-08-08,0.0,6.821,9.391,15.578,14.036
2016-08-09,0.0,6.399,8.703,14.484,12.878
2016-08-10,0.0,6.324,9.703,15.133,14.951
2016-08-11,0.139,7.119,9.594,16.062,19.78
2016-08-12,0.0,6.965,8.156,14.812,16.866
2016-08-13,0.0,7.334,7.656,14.945,14.547
2016-08-14,0.0,7.475,8.18,15.484,15.16
2016-08-15,0.0,6.102,9.594,14.695,14.36
2016-08-16,0.0,6.445,9.555,15.094,16.267
2016-08-17,6.944,5.796,10.938,15.336,17.931
2016-08-18,0.0,7.049,10.109,16.242,14.019
2016-08-19,0.197,6.816,9.375,15.414,12.392
2016-08-20,0.0,7.501,7.391,14.898,11.213
2016-08-21,0.0,5.663,8.109,12.945,11.308
2016-08-22,5.419,5.108,9.641,13.43,13.798
2016-08-23,0.0,7.047,8.312,14.883,12.138
2016-08-24,0.0,8.814,7.383,16.625,10.699
2016-08-25,0.0,7.582,8.828,15.93,10.083
2016-08-26,0.0,5.709,8.609,13.336,10.018
2016-08-27,0.0,6.532,8.5,14.305,10.961
2016-08-28,0.0,8.699,8.773,17.328,10.358
2016-08-29,17.062,7.017,9.609,15.719,9.664
2016-08-30,23.178,7.237,9.477,15.898,9.416
2016-08-31,0.379,7.37,8.805,15.57,9.397
2016-09-01,9.796,7.282,8.984,15.57,13.073
2016-09-02,0.0,8.418,9.055,17.109,11.043
2016-09-03,0.0,10.713,7.062,18.844,9.455
2016-09-04,0.0,8.537,9.18,17.312,9.672
2016-09-05,0.0,9.405,8.5,18.0,12.674
2016-09-06,10.415,8.057,9.117,16.641,34.025
2016-09-07,0.0,6.656,8.875,14.656,24.477
2016-09-08,0.0,9.06,7.742,17.016,14.835
2016-09-09,0.367,8.162,9.0,16.672,17.473
2016-09-10,10.11,5.409,9.195,13.328,21.267
2016-09-11,0.0,6.908,8.609,14.75,18.911
2016-09-12,0.0,8.589,7.984,16.516,16.304
2016-09-13,0.0,11.613,7.742,20.352,12.388
2016-09-14,53.715,5.994,9.875,14.555,14.494
2016-09-15,0.0,7.442,9.555,16.102,21.94
2016-09-16,0.0,10.367,7.383,18.469,18.413
2016-09-17,0.0,8.379,9.016,16.914,13.815
2016-09-18,0.15,8.724,8.859,17.258,12.129
2016-09-19,0.0,6.173,8.766,13.898,17.231
2016-09-20,15.823,7.305,8.797,15.367,18.966
2016-09-21,3.513,8.835,7.406,16.438,14.559
2016-09-22,0.0,7.855,8.805,16.078,12.929
2016-09-23,0.0,8.476,9.555,17.414,13.1
2016-09-24,2.091,7.02,9.672,15.648,11.979
2016-09-25,0.0,7.064,9.102,15.289,14.708
2016-09-26,0.0,8.439,7.836,16.195,12.708
2016-09-27,0.0,8.166,8.422,16.227,12.848
2016-09-28,0.0,7.178,8.805,15.211,11.867
2016-09-29,0.131,8.694,9.164,17.422,11.887
2016-09-30,12.632,10.345,9.273,19.633,10.764
2016-10-01,11.677,8.164,10.445,17.648,11.131
2016-10-02,28.493,6.813,10.625,16.117,10.725
2016-10-03,2.764,7.622,9.32,16.172,10.987
2016-10-04,0.0,10.189,8.445,18.938,9.887
2016-10-05,0.676,8.386,10.43,17.953,9.625
2016-10-06,3.592,8.048,10.328,17.43,9.96
2016-10-07,24.572,8.455,9.922,17.68,11.519
2016-10-08,0.726,7.596,11.047,17.406,15.665
2016-10-09,13.465,7.761,10.227,17.039,13.968
2016-10-10,2.189,7.227,10.219,16.359,12.225
2016-10-11,0.0,8.267,9.32,17.055,10.293
2016-10-12,1.269,7.502,9.477,16.18,9.73
2016-10-13,0.0,10.006,9.211,19.266,9.206
2016-10-14,15.204,6.869,10.156,15.914,8.735
2016-10-15,2.049,7.148,9.102,15.492,9.245
2016-10-16,0.0,9.468,8.336,18.023,8.957
2016-10-17,0.0,9.803,7.422,17.906,9.258
2016-10-18,0.0,7.868,8.742,16.211,10.031
2016-10-19,0.0,9.307,8.133,17.711,9.036
2016-10-20,0.0,8.037,8.516,16.289,8.551
2016-10-21,0.0,7.609,9.656,16.539,8.067
2016-10-22,1.443,8.361,8.414,16.68,7.962
2016-10-23,0.0,9.473,9.812,19.094,8.028
2016-10-24,0.0,8.285,10.297,17.898,7.779
2016-10-25,6.963,8.229,10.891,18.258,9.298
2016-10-26,0.366,9.396,11.234,20.0,9.101
2016-10-27,4.693,11.235,9.109,21.016,8.761
2016-10-28,12.459,6.007,10.695,15.367,8.805
2016-10-29,0.0,7.208,9.766,16.188,14.148
2016-10-30,0.0,9.615,7.672,18.0,9.959
2016-10-31,3.012,11.437,6.867,20.008,8.342
2016-11-01,15.96,10.299,9.094,19.852,8.276
2016-11-02,0.0,7.852,10.492,17.586,8.833
2016-11-03,25.999,7.39,10.617,17.094,11.622
2016-11-04,8.053,5.939,10.781,15.43,9.769
2016-11-05,0.0,6.287,8.766,14.328,11.026
2016-11-06,6.732,8.146,8.094,16.383,12.782
2016-11-07,13.501,9.509,6.75,17.414,11.516
2016-11-08,4.268,8.787,8.68,17.672,9.35
2016-11-09,13.716,9.282,9.844,19.133,8.682
2016-11-10,0.464,8.478,9.883,18.094,8.329
2016-11-11,26.747,3.946,10.25,12.719,11.472
2016-11-12,0.0,10.857,7.438,19.789,10.686
2016-11-13,0.0,9.817,10.148,20.094,8.46
2016-11-14,3.17,6.524,11.508,16.789,8.132
2016-11-15,0.0,9.361,10.719,19.898,7.638
2016-11-16,5.188,9.354,10.117,19.531,7.359
2016-11-17,0.0,8.003,10.688,18.125,7.877
2016-11-18,0.552,8.992,9.312,18.523,8.022
2016-11-19,1.509,6.561,10.188,15.891,11.475
2016-11-20,0.0,8.495,10.742,18.844,11.769
2016-11-21,0.0,11.891,7.977,21.711,8.604
2016-11-22,0.0,12.112,5.148,20.422,8.224
2016-11-23,3.441,8.675,7.93,17.25,7.766
2016-11-24,0.0,8.385,9.469,17.883,9.665
2016-11-25,28.981,6.044,10.461,15.5,26.867
2016-11-26,16.214,8.271,9.867,18.023,21.483
2016-11-27,1.666,7.129,10.828,17.211,13.895
2016-11-28,0.336,7.984,10.109,17.828,11.368
2016-11-29,12.993,6.514,9.945,15.773,11.128
2016-11-30,0.0,7.645,9.109,16.68,12.556
2016-12-01,0.0,6.565,8.727,14.945,12.468
2016-12-02,0.356,6.78,8.172,14.852,12.796
2016-12-03,12.626,3.962,10.43,12.992,10.306
2016-12-04,7.64,8.164,6.844,15.93,9.258
2016-12-05,0.0,8.958,8.398,18.07,9.18
2016-12-06,0.0,8.071,9.438,17.539,8.997
2016-12-07,4.736,8.605,9.383,18.25,9.586
2016-12-08,0.0,8.311,9.547,17.953,9.507
2016-12-09,0.0,8.974,9.062,18.57,8.42
2016-12-10,0.0,8.536,10.656,19.047,8.211
2016-12-11,0.0,8.547,8.289,17.461,8.669
2016-12-12,1.848,7.294,8.898,16.125,7.687
2016-12-13,0.0,7.811,8.492,16.555,7.44
2016-12-14,0.0,9.417,7.898,18.453,7.16
2016-12-15,0.0,7.633,9.539,17.047,7.25
2016-12-16,2.527,5.245,9.531,13.852,6.83
2016-12-17,0.0,8.02,8.273,16.711,6.74
2016-12-18,0.542,8.165,8.891,17.336,6.87
2016-12-19,16.275,7.479,9.328,16.68,6.74
2016-12-20,6.032,6.725,10.516,16.523,6.74
2016-12-21,47.571,5.667,10.445,15.086,7.09
2016-12-22,0.0,8.906,8.594,18.172,9.611
2016-12-23,0.0,8.251,8.734,17.352,9.887
2016-12-24,0.0,6.717,10.172,16.25,8.237
2016-12-25,0.0,8.421,8.945,17.711,8.093
2016-12-26,0.0,8.54,9.336,18.133,9.311
2016-12-27,17.814,7.114,11.406,17.664,7.782
2016-12-28,0.0,7.605,10.797,17.867,7.3
2016-12-29,0.0,7.884,9.828,17.562,7.12
2016-12-30,0.457,5.408,10.641,14.898,6.903
2017-01-01,0.597,7.031,9.664,16.266,13.858
2017-01-02,1.18,6.952,9.383,15.953,11.16
2017-01-03,0.0,8.399,7.914,16.945,8.774
2017-01-04,1.001,8.31,10.25,18.391,7.482
2017-01-05,20.533,6.463,10.367,16.031,10.476
2017-01-06,1.921,5.548,9.969,14.5,31.529
2017-01-07,0.0,7.784,8.68,16.562,13.219
2017-01-08,7.505,6.395,9.672,15.383,9.965
2017-01-09,11.815,9.206,7.609,17.82,10.303
2017-01-10,23.171,8.478,9.961,18.367,14.521
2017-01-11,0.0,6.299,11.148,16.336,23.519
2017-01-12,0.0,7.695,9.484,16.938,16.034
2017-01-13,0.0,8.315,10.008,18.125,10.984
2017-01-14,20.088,7.597,9.625,16.898,10.138
2017-01-15,9.823,8.272,9.344,17.586,13.444
2017-01-16,19.794,8.291,10.281,18.242,12.573
2017-01-17,0.0,8.421,10.547,18.609,27.862
2017-01-18,16.43,6.338,10.086,15.508,53.425
2017-01-19,36.674,9.501,8.805,18.844,26.519
2017-01-20,12.114,6.978,9.703,16.031,21.481
2017-01-21,21.917,5.568,10.422,14.766,36.206
2017-01-22,0.0,11.311,6.312,19.766,22.852
2017-01-23,0.0,12.9,4.586,20.953,15.577
2017-01-24,0.0,11.632,4.812,19.297,13.628
2017-01-25,0.0,9.379,8.555,18.422,12.095
2017-01-26,0.0,5.908,8.93,14.008,12.418
2017-01-27,2.793,5.72,9.383,14.078,14.428
2017-01-28,0.0,6.877,9.391,15.594,16.895
2017-01-29,0.0,6.817,9.453,15.539,13.764
2017-01-30,0.0,8.033,8.539,16.492,12.844
2017-01-31,0.0,7.731,8.547,16.094,11.27
2017-02-01,0.0,8.812,7.977,17.141,11.026
2017-02-02,0.0,8.615,9.406,17.812,10.201
2017-02-03,0.0,7.61,8.938,16.125,9.939
2017-02-04,0.0,7.845,8.836,16.375,9.69
2017-02-05,0.0,9.134,8.93,18.141,8.997
2017-02-06,0.0,9.705,7.664,18.062,8.486
2017-02-07,0.0,7.612,8.883,16.039,8.46
2017-02-08,0.0,9.192,8.484,17.859,8.368
2017-02-09,0.0,9.528,10.18,19.406,8.067
2017-02-10,5.599,9.122,8.969,18.047,7.91
2017-02-11,0.865,8.906,9.898,18.375,8.551
2017-02-12,9.884,7.177,11.227,17.102,9.012
2017-02-13,8.353,9.022,10.648,18.992,11.215
2017-02-14,0.0,8.457,10.984,18.5,8.918
2017-02-15,15.622,9.365,8.273,17.844,7.988
2017-02-16,1.384,10.169,7.586,18.453,8.761
2017-02-17,0.0,9.738,9.102,18.828,8.028
2017-02-18,0.319,10.289,7.773,18.703,8.447
2017-02-19,0.0,10.234,9.43,19.672,8.224
2017-02-20,0.0,8.714,9.781,17.922,7.884
2017-02-21,1.412,10.335,9.156,19.57,8.106
2017-02-22,33.212,5.871,10.969,15.25,8.012
2017-02-23,0.0,9.549,8.453,18.078,11.493
2017-02-24,0.0,7.475,9.188,15.859,10.398
2017-02-25,6.631,6.97,9.906,15.734,9.586
2017-02-26,16.75,6.654,10.008,15.414,11.987
2017-02-27,0.153,7.933,8.664,16.078,10.295
2017-02-28,0.413,8.489,10.414,17.984,8.394
2017-03-01,6.556,8.36,9.797,17.375,10.315
2017-03-02,2.858,9.197,10.039,18.594,17.381
2017-03-03,1.474,8.728,10.211,18.125,15.717
2017-03-04,0.0,8.216,8.352,16.172,9.914
2017-03-05,0.0,8.537,10.242,17.891,8.591
2017-03-06,15.177,7.521,10.266,16.633,8.316
2017-03-07,8.173,5.832,9.828,14.258,9.121
2017-03-08,13.5,5.366,10.336,14.102,13.273
2017-03-09,0.0,7.659,9.938,16.562,11.477
2017-03-10,1.429,6.838,10.258,15.773,14.427
2017-03-11,15.433,7.547,9.555,16.117,13.457
2017-03-12,4.788,5.932,9.883,14.383,13.065
2017-03-13,11.941,8.882,9.133,17.531,14.341
2017-03-14,18.262,8.572,9.453,17.328,27.377
2017-03-15,8.181,6.603,10.523,15.68,20.03
2017-03-16,0.0,9.728,8.859,18.406,15.543
2017-03-17,16.028,9.358,11.656,19.844,15.314
2017-03-18,19.786,9.123,9.266,17.922,15.419
2017-03-19,0.253,7.166,10.195,16.102,18.523
2017-03-20,1.711,7.66,10.484,16.945,18.188
2017-03-21,0.217,8.678,9.766,17.68,26.896
2017-03-22,4.791,6.03,10.453,14.953,21.606
2017-03-23,0.0,9.623,8.938,18.328,15.314
2017-03-24,10.8,6.367,10.547,15.414,22.267
2017-03-25,29.065,9.09,10.438,18.672,19.394
2017-03-26,16.711,6.158,10.773,15.359,17.669
2017-03-27,23.985,8.654,9.719,17.633,16.556
2017-03-28,20.485,9.773,9.914,19.195,23.529
2017-03-29,19.254,6.251,11.375,15.945,30.123
2017-03-30,1.426,7.434,9.398,15.883,19.538
2017-03-31,15.25,6.005,10.57,15.023,22.78
2017-04-01,9.897,7.24,10.43,16.414,25.702
2017-04-02,1.061,7.765,9.828,16.641,17.145
2017-04-03,1.562,7.567,10.148,16.617,13.679
2017-04-04,0.0,10.08,9.094,19.102,12.0
2017-04-05,0.0,9.428,8.773,18.062,11.105
2017-04-06,0.601,8.78,8.727,17.195,10.489
2017-04-07,0.0,8.812,9.922,18.062,10.332
2017-04-08,1.257,9.247,10.062,18.719,9.913
2017-04-09,7.346,7.553,9.594,16.266,11.71
2017-04-10,1.259,8.701,10.062,18.062,12.654
2017-04-11,0.0,6.946,11.289,16.789,16.106
2017-04-12,1.655,6.326,10.531,15.484,11.813
2017-04-13,0.0,8.922,10.062,18.383,13.166
2017-04-14,3.149,7.324,10.641,16.797,14.435
2017-04-15,3.567,7.195,10.188,16.312,18.548
2017-04-16,0.0,9.158,8.977,18.0,13.679
2017-04-17,3.192,9.053,9.312,18.094,29.317
2017-04-18,4.376,9.066,9.383,18.18,21.187
2017-04-19,2.201,7.771,9.656,16.695,16.408
2017-04-20,30.868,6.091,11.266,15.836,15.577
2017-04-21,10.259,8.261,9.961,17.602,17.614
2017-04-22,3.313,9.197,10.477,19.164,14.607
2017-04-23,0.0,9.74,10.172,19.672,15.883
2017-04-24,4.022,8.226,9.891,17.531,12.333
2017-04-25,18.682,8.931,8.398,17.453,12.46
2017-04-26,20.031,5.634,11.062,15.195,24.896
2017-04-27,3.373,8.936,9.328,18.125,15.914
2017-04-28,28.628,6.851,9.82,15.797,12.327
2017-04-29,0.0,6.475,9.656,15.188,21.681
2017-04-30,0.0,6.401,9.328,14.844,41.422
2017-05-01,0.0,6.173,10.344,15.375,30.735
2017-05-02,0.0,8.289,9.703,17.633,21.224
2017-05-03,0.0,8.542,9.359,17.742,17.996
2017-05-04,4.847,7.538,10.32,17.102,17.3
2017-05-05,0.0,7.846,9.75,17.125,17.045
2017-05-06,0.505,7.077,10.648,16.789,17.907
2017-05-07,0.325,8.791,10.0,18.57,15.551
2017-05-08,25.864,5.514,11.094,15.211,20.241
2017-05-09,0.0,7.677,11.281,18.062,19.389
2017-05-10,48.281,6.849,11.039,16.836,31.858
2017-05-11,20.922,7.293,11.352,17.656,45.187
2017-05-12,8.737,7.988,10.844,18.195,20.502
2017-05-13,6.382,6.507,11.867,17.086,27.121
2017-05-14,23.125,5.516,11.859,15.883,57.04
2017-05-15,8.203,8.33,10.648,18.562,32.958
2017-05-16,10.506,7.614,10.562,17.57,23.978
2017-05-17,0.0,9.614,9.586,19.617,21.408
2017-05-18,0.0,8.434,10.438,18.625,19.861
2017-05-19,0.62,9.121,9.75,19.102,17.097
2017-05-20,0.0,8.037,10.523,18.172,15.808
2017-05-21,0.0,8.055,10.719,18.352,14.922
2017-05-22,19.006,4.791,11.328,14.695,16.467
2017-05-23,0.0,7.091,9.102,15.938,16.542
2017-05-24,0.0,6.17,10.016,15.383,14.292
2017-05-25,2.715,6.153,10.883,16.031,12.929
2017-05-26,0.0,7.458,9.398,16.695,13.1
2017-05-27,3.353,7.879,9.023,17.039,11.975
2017-05-28,0.0,7.134,9.156,16.102,12.537
2017-05-29,0.0,7.391,8.727,16.172,12.725
2017-05-30,0.0,8.307,9.148,17.758,13.287
2017-05-31,2.1,7.161,10.039,16.797,12.248
2017-06-01,2.12,5.921,11.609,16.359,14.615
2017-06-02,0.0,6.634,10.648,16.562,14.411
2017-06-03,0.0,6.812,11.086,17.133,14.36
2017-06-04,15.253,5.962,10.805,15.812,23.198
2017-06-05,10.26,7.276,11.711,18.211,29.011
2017-06-06,0.0,8.925,8.352,18.18,16.164
2017-06-07,1.473,7.073,10.281,16.914,17.194
2017-06-08,13.856,8.185,11.227,19.117,20.191
2017-06-09,16.054,8.09,11.125,18.914,16.203
2017-06-10,0.0,6.853,12.062,17.961,16.445
2017-06-11,0.277,7.158,10.656,17.336,14.871
2017-06-12,1.645,7.382,11.195,18.039,15.326
2017-06-13,27.598,4.732,11.266,14.688,18.709
2017-06-14,25.864,5.997,10.344,15.562,26.99
2017-06-15,0.0,5.804,9.75,14.859,37.505
2017-06-16,0.0,7.799,9.469,17.414,23.694
2017-06-17,0.0,8.774,8.898,18.406,17.894
2017-06-18,0.0,8.813,9.375,18.789,15.637
2017-06-19,0.0,7.98,10.094,18.102,15.45
2017-06-20,9.124,5.793,10.531,15.469,15.763
2017-06-21,7.969,6.762,9.023,15.656,27.111
2017-06-22,0.0,5.693,9.992,14.906,21.34
2017-06-23,0.0,7.864,9.531,17.555,19.428
2017-06-24,0.0,6.722,9.656,16.07,16.691
2017-06-25,0.0,6.617,10.078,16.219,25.152
2017-06-26,0.0,6.948,9.695,16.398,23.974
2017-06-27,0.0,7.977,8.852,17.25,19.827
2017-06-28,0.0,6.353,10.594,16.234,15.437
2017-06-29,0.0,7.541,9.742,17.25,13.491
2017-06-30,1.558,6.644,10.547,16.602,15.211
2017-07-01,0.0,6.961,9.289,16.102,13.134
2017-07-02,0.693,5.982,9.914,15.211,15.223
2017-07-03,6.519,5.877,10.172,15.273,20.241
2017-07-04,0.0,5.646,10.031,14.852,18.534
2017-07-05,0.0,7.929,8.164,16.688,14.913
2017-07-06,0.0,6.039,9.125,14.664,16.765
2017-07-07,0.343,5.87,10.336,15.367,19.177
2017-07-08,0.0,6.319,9.727,15.516,22.764
2017-07-09,0.0,6.348,10.234,15.922,25.785
2017-07-10,0.0,5.712,9.57,14.547,24.358
2017-07-11,3.04,5.644,8.82,13.898,18.307
2017-07-12,5.517,6.956,8.695,15.617,16.08
2017-07-13,0.0,8.448,7.398,16.852,14.394
2017-07-14,0.0,9.008,7.828,17.906,12.435
2017-07-15,0.0,9.745,8.203,19.18,12.759
2017-07-16,0.0,9.465,8.852,19.188,12.282
2017-07-17,7.801,6.438,11.297,16.773,12.184
2017-07-18,39.57,6.379,10.625,16.164,27.118
2017-07-19,0.178,5.196,10.266,14.422,29.308
2017-07-20,0.0,8.358,6.586,16.094,20.341
2017-07-21,0.0,8.888,6.906,17.062,14.849
2017-07-22,0.0,6.979,8.602,15.453,13.048
2017-07-23,0.0,7.652,7.766,15.82,13.372
2017-07-24,0.0,5.278,10.859,14.914,14.453
2017-07-25,8.025,5.479,10.25,14.664,23.278
2017-07-26,0.0,7.236,9.836,16.633,24.269
2017-07-27,2.677,4.834,9.867,13.531,23.193
2017-07-28,0.832,5.109,8.727,12.953,20.238
2017-07-29,0.0,5.166,8.992,13.25,14.926
2017-07-30,3.903,5.364,8.008,12.719,13.61
2017-07-31,0.0,7.503,7.273,15.141,12.589
2017-08-01,0.0,9.645,6.484,17.664,11.847
2017-08-02,0.0,10.103,7.789,19.094,11.209
2017-08-03,0.0,8.315,8.148,16.82,10.843
2017-08-04,3.156,6.775,9.523,15.68,12.857
2017-08-05,0.0,7.874,7.828,15.961,16.387
2017-08-06,0.0,7.373,9.188,16.211,15.365
2017-08-07,0.0,7.557,9.992,17.023,18.582
2017-08-08,0.0,7.261,9.594,16.305,16.443
2017-08-09,12.708,6.193,9.203,14.602,33.167
2017-08-10,1.132,8.712,8.516,17.484,22.453
2017-08-11,0.0,8.404,9.953,18.023,14.542
2017-08-12,0.0,8.276,8.047,16.562,12.572
2017-08-13,0.0,8.792,9.25,18.039,12.086
2017-08-14,0.0,9.391,8.352,18.219,11.26
2017-08-15,5.788,8.687,8.836,17.57,10.777
2017-08-16,0.0,8.371,9.578,17.641,10.424
2017-08-17,0.0,9.465,9.664,19.141,10.528
2017-08-18,0.0,9.237,9.953,18.992,9.992
2017-08-19,18.461,7.037,10.883,16.812,10.869
2017-08-20,23.014,9.317,9.195,18.578,10.683
2017-08-21,0.0,6.85,9.641,15.648,18.507
2017-08-22,23.468,6.659,8.914,14.844,45.384
2017-08-23,0.0,9.568,6.953,17.414,20.379
2017-08-24,0.0,7.936,8.484,16.188,13.1
2017-08-25,0.0,6.294,10.906,15.852,11.792
2017-08-26,0.0,8.199,8.984,16.859,11.74
2017-08-27,6.12,9.191,9.523,18.531,11.931
2017-08-28,12.029,8.473,9.844,17.789,13.406
2017-08-29,0.0,6.995,8.688,15.039,14.232
2017-08-30,7.628,7.312,9.062,15.703,25.457
2017-08-31,10.593,6.676,8.992,14.859,37.136
2017-09-01,0.0,9.429,6.805,16.992,19.4
2017-09-02,0.0,8.305,7.422,15.867,13.738
2017-09-03,0.0,8.783,8.383,17.133,15.352
2017-09-04,0.0,9.631,8.109,18.062,12.337
2017-09-05,0.0,9.857,7.805,18.148,11.37
2017-09-06,7.863,7.709,8.992,16.094,11.331
2017-09-07,0.0,8.47,9.492,17.422,11.25
2017-09-08,0.0,9.361,7.336,17.164,10.28
2017-09-09,2.547,7.636,10.273,16.898,10.005
2017-09-10,0.721,8.903,9.617,18.039,10.267
2017-09-11,3.019,9.135,9.969,18.57,9.481
2017-09-12,3.706,8.586,9.047,17.234,9.69
2017-09-13,1.526,7.323,10.57,16.719,9.402
2017-09-14,0.0,7.902,9.352,16.547,9.494
2017-09-15,0.384,7.292,9.656,15.992,9.376
2017-09-16,0.0,7.229,9.531,15.828,9.638
2017-09-17,0.0,5.831,9.945,14.414,12.127
2017-09-18,9.179,7.13,9.156,15.414,20.358
2017-09-19,0.0,10.075,8.273,18.641,16.25
2017-09-20,0.0,10.268,8.211,18.844,10.7
2017-09-21,0.0,10.739,7.711,19.156,9.337
2017-09-22,0.0,9.471,8.031,17.672,9.612
2017-09-23,39.107,7.588,8.625,15.609,9.395
2017-09-24,0.312,8.223,8.586,16.406,17.196
2017-09-25,0.0,7.451,9.477,16.031,33.391
2017-09-26,0.0,8.569,8.422,16.742,18.056
2017-09-27,0.473,10.04,8.141,18.484,11.391
2017-09-28,0.26,7.62,10.703,17.148,10.162
2017-09-29,0.0,9.587,9.258,18.641,10.924
2017-09-30,1.359,5.879,10.625,14.992,29.391
2017-10-01,0.0,8.61,8.609,16.93,17.243
2017-10-02,20.98,10.231,8.648,19.086,11.473
2017-10-03,0.0,8.437,10.273,17.859,12.357
2017-10-04,18.616,6.037,10.172,14.828,12.32
2017-10-05,0.0,7.393,8.758,15.477,14.871
2017-10-06,0.0,7.051,8.789,15.055,15.825
2017-10-07,12.995,6.991,8.492,14.773,11.498
2017-10-08,0.388,9.864,7.492,17.906,10.005
2017-10-09,1.432,9.733,7.547,17.773,10.306
2017-10-10,0.0,8.517,8.883,17.055,9.874
2017-10-11,0.0,8.928,8.398,17.281,10.07
2017-10-12,10.389,9.083,8.695,17.695,10.384
2017-10-13,10.42,6.015,9.773,14.547,9.337
2017-10-14,0.0,5.889,9.43,14.125,10.188
2017-10-15,0.0,6.241,8.914,14.18,11.304
2017-10-16,0.0,7.502,9.07,15.922,11.152
2017-10-17,0.0,7.835,8.461,15.953,11.183
2017-10-18,0.0,7.134,7.961,14.703,11.144
2017-10-19,0.0,8.621,8.742,17.195,9.926
2017-10-20,0.0,9.096,8.961,17.977,10.149
2017-10-21,0.0,8.574,10.945,18.672,9.088
2017-10-22,0.0,6.097,11.109,15.734,9.311
2017-10-23,1.294,6.433,10.07,15.367,9.415
2017-10-24,22.971,6.825,7.703,14.141,9.363
2017-10-25,1.646,8.235,9.156,17.039,8.97
2017-10-26,0.0,8.288,9.43,17.312,10.476
2017-10-27,7.616,10.048,8.461,19.023,9.558
2017-10-28,21.483,7.782,9.125,16.453,11.528
2017-10-29,2.638,7.191,10.086,16.375,11.118
2017-10-30,11.156,8.306,9.562,17.469,11.319
2017-10-31,1.791,10.044,8.719,19.25,15.484
2017-11-01,0.0,8.744,8.961,17.68,10.457
2017-11-02,9.281,8.977,9.641,18.461,9.641
2017-11-03,16.534,9.463,9.57,19.07,13.645
2017-11-04,13.854,9.102,10.148,19.023,13.917
2017-11-05,0.448,9.452,8.812,18.602,12.514
2017-11-06,0.0,8.835,8.898,17.844,10.712
2017-11-07,25.058,7.41,9.5,16.352,9.481
2017-11-08,2.493,8.381,9.977,18.016,8.774
2017-11-09,8.053,8.233,10.484,18.164,10.044
2017-11-10,1.216,7.879,10.648,17.836,11.226
2017-11-11,21.748,7.068,10.734,16.883,16.374
2017-11-12,0.394,6.819,9.711,15.797,12.092
2017-11-13,0.0,8.12,10.422,18.031,10.07
2017-11-14,11.043,9.221,9.273,18.742,9.141
2017-11-15,11.351,6.828,9.547,15.719,10.515
2017-11-16,1.889,7.284,10.609,17.102,9.848
2017-11-17,2.006,7.629,10.57,17.539,8.957
2017-11-18,0.873,9.492,9.609,19.398,10.044
2017-11-19,11.482,7.942,9.109,16.953,9.483
2017-11-20,31.647,7.427,10.531,17.281,18.982
2017-11-21,4.924,8.794,9.727,18.562,17.18
2017-11-22,0.0,9.461,8.922,18.961,10.78
2017-11-23,4.416,7.079,10.18,16.602,10.175
2017-11-24,0.0,7.797,8.211,16.203,10.057
2017-11-25,0.0,7.585,8.148,15.875,8.813
2017-11-26,0.0,7.674,9.469,16.93,8.316
2017-11-27,2.11,6.723,8.43,14.898,8.512
2017-11-28,0.44,7.72,9.758,17.211,7.897
2017-11-29,0.0,6.723,8.789,15.18,7.923
2017-11-30,0.265,9.359,8.641,18.734,7.625
2017-12-01,5.177,8.072,11.773,19.141,7.346
2017-12-02,35.214,7.894,10.812,18.242,8.152
2017-12-03,0.0,6.889,9.609,16.016,8.813
2017-12-04,0.0,5.838,10.398,15.25,7.988
2017-12-05,0.0,7.461,9.57,16.797,7.625
2017-12-06,0.0,7.842,7.633,15.992,7.22
2017-12-07,0.0,9.301,7.227,17.812,6.97
2017-12-08,0.0,7.707,8.711,16.547,7.04
2017-12-09,0.0,9.494,7.961,18.57,6.9
2017-12-10,9.611,8.224,9.305,17.672,6.9
2017-12-11,0.104,7.453,11.078,17.867,7.26
2017-12-12,23.553,6.694,10.609,16.547,6.98
2017-12-13,0.0,10.001,6.906,18.672,6.66
2017-12-14,0.0,8.994,7.133,17.344,6.57
2017-12-15,0.0,9.617,7.055,18.203,6.43
2017-12-16,0.0,8.099,7.82,16.516,6.4
2017-12-17,0.0,9.0,9.414,18.852,6.4
2017-12-18,0.0,7.929,8.891,17.008,6.33
2017-12-19,0.0,9.344,8.039,18.445,6.25
2017-12-20,0.0,8.156,9.305,17.609,6.26
2017-12-21,0.0,8.38,8.477,17.359,6.32
2017-12-22,0.0,8.069,9.109,17.352,6.18
2017-12-23,0.0,9.002,9.156,18.672,6.24
2017-12-24,0.0,8.566,9.391,18.219,6.17
2017-12-25,2.991,8.479,9.828,18.383,6.412
2017-12-26,7.382,7.109,10.023,16.656,9.332
2017-12-27,0.0,7.743,9.859,17.414,15.793
2017-12-28,0.0,6.653,9.508,15.656,13.445
2017-12-29,15.988,6.921,9.656,16.125,9.937
2017-12-30,44.335,7.272,8.922,16.062,15.067
2017-12-31,0.0,7.413,9.438,16.625,9.761
2018-01-01,26.186,4.554,10.227,13.508,9.772
2018-01-02,5.859,8.022,8.984,17.156,13.646
2018-01-03,1.117,8.921,7.32,17.305,11.766
2018-01-04,2.857,9.323,8.445,18.57,16.01
2018-01-05,0.0,8.363,9.445,17.898,10.55
2018-01-06,7.753,8.108,9.016,17.242,8.604
2018-01-07,2.577,9.325,8.883,18.844,8.375
2018-01-08,4.321,7.995,9.547,17.438,12.814
2018-01-09,0.0,8.04,8.57,16.82,10.212
2018-01-10,0.0,7.621,9.414,16.836,11.951
2018-01-11,6.737,8.459,8.094,17.055,9.127
2018-01-12,0.0,7.626,7.836,15.711,9.756
2018-01-13,0.0,7.767,9.125,16.766,8.97
2018-01-14,32.71,7.834,9.727,17.266,9.455
2018-01-15,0.0,7.322,9.531,16.422,13.504
2018-01-16,1.25,6.709,9.281,15.43,20.211
2018-01-17,0.0,6.574,8.359,14.555,11.908
2018-01-18,0.0,6.509,8.32,14.438,9.337
2018-01-19,0.0,6.867,9.0,15.406,9.324
2018-01-20,16.96,5.633,9.188,13.891,11.433
2018-01-21,0.0,6.256,9.289,14.789,10.729
2018-01-22,0.0,6.11,9.25,14.539,8.656
2018-01-23,4.652,7.746,8.648,16.281,7.857
2018-01-24,0.0,8.565,5.836,15.562,7.373
2018-01-25,0.0,7.773,7.125,15.258,7.0
2018-01-26,0.0,7.283,7.82,15.031,7.03
2018-01-27,0.0,7.682,8.719,16.188,6.91
2018-01-28,0.0,8.308,8.586,16.93,7.166
2018-01-29,0.613,9.214,9.375,18.656,7.503
2018-01-30,0.0,8.215,9.305,17.258,6.83
2018-01-31,0.0,9.011,9.352,18.344,6.65
2018-02-01,17.102,9.787,9.047,19.156,6.56
2018-02-02,0.366,9.937,8.789,19.156,6.503
2018-02-03,0.0,7.753,11.0,17.789,8.092
2018-02-04,0.0,7.705,11.094,17.789,20.534
2018-02-05,0.0,8.416,11.711,19.109,11.698
2018-02-06,0.0,8.118,11.641,18.688,10.241
2018-02-07,0.0,8.864,11.18,19.281,15.273
2018-02-08,0.0,8.617,11.742,19.352,9.581
2018-02-09,0.0,9.579,9.367,18.945,8.486
2018-02-10,0.0,9.567,8.906,18.594,8.06
2018-02-11,0.0,9.344,9.445,18.633,7.163
2018-02-12,0.0,9.425,8.898,18.375,6.96
2018-02-13,0.0,9.085,8.875,17.875,6.66
2018-02-14,0.0,8.223,9.953,17.484,6.56
2018-02-15,0.0,8.672,9.875,18.008,6.44
2018-02-16,0.0,7.55,9.758,16.453,6.62
2018-02-17,0.0,7.911,10.125,17.164,6.27
2018-02-18,0.0,8.207,10.391,17.734,6.616
2018-02-19,10.426,7.504,10.453,16.875,12.064
2018-02-20,44.644,7.823,10.586,17.359,21.748
2018-02-21,12.234,7.792,10.273,17.078,29.224
2018-02-22,15.616,6.021,9.672,14.43,16.046
2018-02-23,0.0,7.77,10.266,17.016,19.471
2018-02-24,0.0,8.198,9.875,17.297,28.913
2018-02-25,0.0,9.123,8.797,17.734,18.727
2018-02-26,0.0,9.363,8.641,17.93,13.781
2018-02-27,0.0,10.609,8.188,19.258,13.253
2018-02-28,0.0,9.709,8.68,18.367,12.384
2018-03-01,0.0,10.124,8.102,18.531,15.397
2018-03-02,11.411,4.982,10.766,14.07,31.0
2018-03-03,18.203,7.569,9.492,16.148,20.969
2018-03-04,0.0,7.908,9.805,16.781,13.772
2018-03-05,3.975,9.26,9.234,18.109,11.435
2018-03-06,4.279,7.374,9.617,15.977,10.267
2018-03-07,0.0,6.789,9.008,14.797,10.274
2018-03-08,5.034,7.808,9.375,16.352,11.343
2018-03-09,0.86,8.186,9.055,16.602,10.044
2018-03-10,0.0,8.295,7.133,15.406,9.206
2018-03-11,0.0,9.088,8.039,17.062,8.499
2018-03-12,0.0,10.115,7.469,18.031,8.263
2018-03-13,0.0,9.911,8.195,18.219,8.041
2018-03-14,0.0,10.632,7.367,18.633,7.74
2018-03-15,6.491,8.914,8.172,16.898,7.453
2018-03-16,0.0,8.042,8.609,16.062,7.17
2018-03-17,0.193,8.705,8.93,17.133,7.34
2018-03-18,4.083,9.355,7.727,17.188,7.299
2018-03-19,2.998,6.826,10.25,15.727,9.441
2018-03-20,3.869,8.912,8.961,17.438,7.897
2018-03-21,5.392,9.329,9.281,18.188,8.106
2018-03-22,0.776,8.007,9.406,16.578,7.654
2018-03-23,6.127,9.272,8.648,17.68,7.542
2018-03-24,6.942,7.337,9.32,15.688,12.631
2018-03-25,0.891,9.587,9.305,18.531,13.231
2018-03-26,0.204,8.083,11.039,17.859,11.317
2018-03-27,3.941,8.771,8.922,17.25,13.577
2018-03-28,3.896,8.465,9.758,17.438,9.798
2018-03-29,10.664,5.647,9.852,14.062,10.123
2018-03-30,10.042,8.776,9.781,17.852,9.481
2018-03-31,16.95,7.599,10.508,16.898,24.529
2018-04-01,5.116,9.678,10.422,19.453,16.357
2018-04-02,1.703,5.421,11.266,14.93,28.401
2018-04-03,20.904,7.566,10.406,16.836,20.302
2018-04-04,16.652,6.33,10.32,15.242,29.488
2018-04-05,5.662,10.291,9.094,19.383,20.062
2018-04-06,0.0,7.804,10.32,17.102,15.058
2018-04-07,4.688,9.742,9.547,19.008,14.479
2018-04-08,20.974,10.547,9.523,20.039,14.019
2018-04-09,2.893,9.567,10.234,19.258,13.576
2018-04-10,4.361,8.312,8.93,16.766,13.341
2018-04-11,13.242,7.376,10.977,17.07,18.57
2018-04-12,5.452,11.561,8.633,20.867,15.169
2018-04-13,2.125,9.539,9.641,18.875,15.461
2018-04-14,13.379,5.488,9.586,13.734,16.668
2018-04-15,0.0,8.884,7.906,16.898,12.844
2018-04-16,2.564,6.96,9.562,15.594,11.719
2018-04-17,0.335,8.81,8.203,17.031,10.725
2018-04-18,10.303,7.722,9.625,16.594,9.782
2018-04-19,0.0,5.651,10.133,14.406,11.035
2018-04-20,12.712,5.418,9.75,13.844,19.908
2018-04-21,0.0,7.498,8.883,15.844,14.887
2018-04-22,0.0,7.945,9.414,16.797,14.683
2018-04-23,0.0,7.431,9.875,16.477,15.501
2018-04-24,0.0,8.978,8.672,17.695,14.445
2018-04-25,6.28,7.594,10.578,17.227,13.662
2018-04-26,15.606,6.325,9.695,14.977,19.415
2018-04-27,0.252,8.248,9.336,17.25,16.971
2018-04-28,0.0,7.981,8.906,16.594,14.82
2018-04-29,12.952,6.354,8.898,14.469,14.93
2018-04-30,1.124,8.441,8.945,17.273,16.953
2018-05-01,0.687,7.714,8.93,16.297,12.286
2018-05-02,0.0,7.268,10.516,16.867,12.937
2018-05-03,0.0,8.647,10.055,18.352,14.888
2018-05-04,17.676,7.855,10.359,17.555,12.503
2018-05-05,20.278,8.343,10.469,18.281,12.003
2018-05-06,0.141,7.411,10.492,17.109,12.612
2018-05-07,0.264,7.073,10.664,16.805,23.6
2018-05-08,1.511,5.784,11.258,15.656,17.503
2018-05-09,0.0,7.473,10.586,17.305,25.69
2018-05-10,17.034,7.71,10.094,17.266,29.885
2018-05-11,0.0,8.791,10.109,18.727,22.666
2018-05-12,0.547,7.937,10.812,18.117,16.067
2018-05-13,12.139,6.365,10.984,16.219,14.726
2018-05-14,0.0,7.657,10.625,17.656,16.828
2018-05-15,0.0,7.494,10.734,17.531,17.014
2018-05-16,36.173,7.536,10.883,17.711,20.542
2018-05-17,0.0,7.945,9.18,17.078,15.423
2018-05-18,0.593,6.235,10.75,15.953,14.224
2018-05-19,0.0,8.637,9.344,18.164,12.418
2018-05-20,0.0,6.01,10.656,15.617,14.151
2018-05-21,7.178,7.371,10.078,16.977,17.342
2018-05-22,0.0,9.019,8.062,17.898,14.926
2018-05-23,3.985,6.134,9.68,15.078,16.743
2018-05-24,0.0,6.399,10.336,15.945,19.284
2018-05-25,0.0,6.47,10.875,16.453,19.501
2018-05-26,0.0,6.68,10.375,16.352,31.442
2018-05-27,0.0,7.388,9.469,16.656,24.838
2018-05-28,0.0,5.607,9.953,14.664,33.341
2018-05-29,0.0,7.868,9.398,17.297,24.297
2018-05-30,5.778,7.824,9.93,17.625,16.22
2018-05-31,0.0,7.052,10.203,16.773,15.722
2018-06-01,27.841,6.732,10.711,16.727,17.707
2018-06-02,0.0,7.106,10.148,16.828,15.705
2018-06-03,0.703,7.314,9.766,16.836,19.75
2018-06-04,12.324,5.692,10.922,15.578,33.732
2018-06-05,0.76,6.044,9.984,15.32,31.67
2018-06-06,0.0,6.086,10.43,15.703,24.747
2018-06-07,0.0,7.434,8.375,16.094,18.368
2018-06-08,0.0,4.885,10.32,14.094,26.409
2018-06-09,0.0,5.823,11.281,16.039,23.501
2018-06-10,24.035,7.543,10.766,17.93,18.915
2018-06-11,6.734,7.443,10.594,17.695,24.479
2018-06-12,1.4,6.68,11.406,17.273,21.861
2018-06-13,3.935,7.644,8.594,16.578,15.918
2018-06-14,0.067,6.106,9.812,15.32,19.282
2018-06-15,0.0,5.97,9.961,15.234,19.565
2018-06-16,0.0,6.616,10.266,16.352,23.026
2018-06-17,0.0,5.427,9.992,14.578,30.071
2018-06-18,0.0,5.506,9.281,14.109,19.944
2018-06-19,0.0,6.008,9.109,14.688,16.212
2018-06-20,0.0,5.948,8.477,14.117,15.518
2018-06-21,0.0,6.615,7.961,14.695,14.82
2018-06-22,0.0,7.37,8.156,15.914,15.312
2018-06-23,0.0,7.26,9.117,16.43,20.034
2018-06-24,9.093,7.083,9.352,16.352,18.942
2018-06-25,0.0,6.199,10.023,15.625,26.452
2018-06-26,0.3,6.423,9.219,15.328,18.128
2018-06-27,0.0,6.959,9.883,16.555,16.155
2018-06-28,0.0,5.595,9.555,14.438,24.83
2018-06-29,0.0,6.738,9.422,15.922,20.155
2018-06-30,8.209,6.388,9.156,15.242,15.68
2018-07-01,0.289,8.237,9.219,17.844,15.99
2018-07-02,0.0,8.966,8.016,18.102,18.796
2018-07-03,0.0,6.393,8.484,14.734,15.556
2018-07-04,0.0,7.896,8.008,16.539,14.155
2018-07-05,5.273,6.985,9.008,15.922,13.159
2018-07-06,0.0,7.358,8.148,15.844,17.438
2018-07-07,0.0,8.153,9.312,17.766,17.262
2018-07-08,0.0,7.016,9.484,16.289,16.997
2018-07-09,0.441,5.891,10.305,15.375,16.08
2018-07-10,3.615,7.525,8.758,16.469,18.783
2018-07-11,0.0,6.73,8.828,15.414,19.818
2018-07-12,0.0,5.606,10.195,14.875,18.746
2018-07-13,3.191,6.445,9.75,15.656,15.986
2018-07-14,0.0,7.769,9.984,17.609,17.554
2018-07-15,0.0,5.984,9.547,14.867,16.746
2018-07-16,0.0,6.921,7.422,14.617,14.718
2018-07-17,0.0,5.781,10.227,15.094,14.666
2018-07-18,0.0,7.487,10.18,17.328,16.046
2018-07-19,0.0,6.071,10.805,15.906,14.462
2018-07-20,2.884,6.953,10.445,16.773,15.603
2018-07-21,0.0,7.832,10.461,17.961,15.1
2018-07-22,39.166,5.749,11.242,15.805,25.088
2018-07-23,0.0,8.079,9.961,17.922,17.858
2018-07-24,0.0,4.941,10.195,13.953,21.084
2018-07-25,0.0,6.859,8.547,15.219,17.034
2018-07-26,6.749,5.959,9.461,14.656,15.807
2018-07-27,4.752,4.831,9.594,13.305,17.753
2018-07-28,0.0,6.156,9.703,15.07,19.479
2018-07-29,0.0,6.943,10.102,16.406,16.731
2018-07-30,5.597,6.422,10.07,15.68,15.654
2018-07-31,2.946,7.514,9.398,16.625,18.051
2018-08-01,0.0,7.877,7.906,16.078,21.774
2018-08-02,0.0,7.026,9.586,16.07,17.387
2018-08-03,0.0,9.011,8.312,17.883,16.244
2018-08-04,32.599,8.605,9.406,18.047,14.44
2018-08-05,0.0,7.722,9.086,16.625,16.559
2018-08-06,0.0,7.788,7.586,15.656,13.474
2018-08-07,0.0,7.875,8.445,16.352,15.228
2018-08-08,0.0,7.018,10.156,16.391,15.126
2018-08-09,0.0,5.841,10.523,15.188,17.036
2018-08-10,0.0,6.461,9.062,14.82,17.31
2018-08-11,0.0,8.391,6.508,15.711,13.576
2018-08-12,0.0,6.284,8.133,13.898,19.618
2018-08-13,0.0,7.747,8.297,15.984,20.157
2018-08-14,0.0,7.736,9.727,16.938,18.53
2018-08-15,0.0,6.262,9.906,15.141,15.382
2018-08-16,3.105,8.029,8.328,16.336,14.121
2018-08-17,13.014,6.629,8.141,14.305,15.262
2018-08-18,2.463,7.962,8.828,16.562,15.263
2018-08-19,3.217,7.771,8.453,16.023,16.602
2018-08-20,7.822,8.293,8.133,16.5,13.644
2018-08-21,0.0,6.608,9.172,14.969,13.253
2018-08-22,0.0,7.355,8.875,15.727,19.56
2018-08-23,0.0,9.111,8.047,17.492,15.857
2018-08-24,0.0,7.838,9.305,16.641,12.239
2018-08-25,0.0,7.593,8.703,15.883,12.439
2018-08-26,0.0,7.817,9.711,16.875,17.268
2018-08-27,5.415,6.042,9.016,14.102,18.643
2018-08-28,0.0,5.943,9.461,14.281,19.361
2018-08-29,0.0,7.586,8.094,15.406,17.875
2018-08-30,0.0,8.243,8.797,16.742,14.07
2018-08-31,0.0,8.07,8.0,15.945,12.265
2018-09-01,0.0,8.318,9.133,17.039,12.691
2018-09-02,2.609,8.586,9.18,17.422,11.655
2018-09-03,0.0,8.916,7.758,16.898,11.033
2018-09-04,0.686,6.485,9.68,15.055,18.358
2018-09-05,0.0,7.025,8.297,14.727,19.983
2018-09-06,0.0,8.727,7.555,16.477,14.103
2018-09-07,0.0,8.815,8.445,17.172,11.251
2018-09-08,1.028,6.386,9.305,14.617,10.738
2018-09-09,0.0,6.729,8.031,14.117,10.188
2018-09-10,0.0,7.606,8.375,15.492,10.227
2018-09-11,0.0,8.458,8.688,16.828,9.965
2018-09-12,0.0,10.092,7.312,18.086,9.926
2018-09-13,0.0,9.746,8.82,18.578,9.743
2018-09-14,0.179,7.041,10.812,16.523,10.188
2018-09-15,1.523,7.63,10.383,16.953,9.992
2018-09-16,5.05,6.548,10.531,15.719,11.301
2018-09-17,0.0,10.12,7.977,18.523,10.777
2018-09-18,10.124,7.975,9.383,16.648,9.73
2018-09-19,0.0,8.219,7.789,15.867,9.036
2018-09-20,0.0,8.817,8.195,16.93,8.787
2018-09-21,0.0,7.307,7.93,14.742,9.042
2018-09-22,0.922,7.89,8.328,15.805,11.439
2018-09-23,0.0,8.114,8.43,16.172,10.398
2018-09-24,0.0,8.298,8.023,16.125,9.507
2018-09-25,0.0,7.327,8.227,15.0,9.743
2018-09-26,1.042,7.325,9.469,15.875,10.073
2018-09-27,1.473,8.319,10.172,17.641,13.413
2018-09-28,0.0,9.168,8.438,17.539,12.648
2018-09-29,1.626,10.432,9.289,19.75,10.693
2018-09-30,31.074,9.242,9.539,18.375,9.154
2018-10-01,0.223,9.417,8.719,18.07,8.813
2018-10-02,0.223,9.807,10.008,19.438,9.049
2018-10-03,5.881,9.512,10.047,19.094,9.966
2018-10-04,0.953,8.164,9.453,16.953,12.611
2018-10-05,0.223,8.294,8.945,16.789,10.542
2018-10-06,0.462,7.573,10.305,16.836,10.201
2018-10-07,0.0,8.871,10.062,18.312,9.481
2018-10-08,5.467,7.632,8.859,15.867,10.572
2018-10-09,0.0,9.086,10.844,19.117,12.835
2018-10-10,33.52,8.341,10.867,18.219,29.864
2018-10-11,36.984,7.892,10.117,17.141,15.763
2018-10-12,7.597,10.002,9.164,19.227,11.385
2018-10-13,0.0,9.001,8.445,17.43,13.324
2018-10-14,0.503,8.902,9.039,17.703,13.049
2018-10-15,0.0,8.007,9.141,16.617,10.463
2018-10-16,9.71,8.53,9.406,17.5,10.096
2018-10-17,0.497,9.77,7.75,18.055,9.127
2018-10-18,4.864,9.455,8.656,18.211,9.232
2018-10-19,7.366,8.953,10.852,19.062,8.564
2018-10-20,28.322,7.557,11.461,17.758,8.905
2018-10-21,0.469,9.855,10.82,20.203,10.125
2018-10-22,0.0,9.25,11.281,19.758,10.0
2018-10-23,17.679,9.679,10.648,19.906,9.337
2018-10-24,7.092,10.041,9.648,19.734,8.853
2018-10-25,7.149,8.398,10.641,18.297,18.916
2018-10-26,0.0,8.099,11.406,18.469,17.059
2018-10-27,5.426,5.376,10.812,14.688,13.69
2018-10-28,0.0,8.696,9.289,17.773,10.958
2018-10-29,0.63,8.636,9.57,17.914,9.848
2018-10-30,0.0,9.072,9.016,18.117,8.944
2018-10-31,0.0,8.55,10.047,18.156,8.748
2018-11-01,6.476,7.359,9.664,16.336,8.289
2018-11-02,0.238,8.353,8.047,16.547,7.897
2018-11-03,2.279,7.918,9.195,16.758,8.211
2018-11-04,4.132,7.876,9.617,17.008,8.276
2018-11-05,13.538,6.702,10.734,16.328,12.218
2018-11-06,0.0,7.996,9.836,17.359,10.162
2018-11-07,16.833,8.349,10.023,17.977,10.515
2018-11-08,0.228,7.476,10.336,17.07,11.11
2018-11-09,8.093,6.711,10.305,16.086,12.914
2018-11-10,6.988,7.161,9.578,16.125,10.003
2018-11-11,10.71,8.275,10.75,18.445,9.533
2018-11-12,2.256,6.687,11.141,16.695,10.633
2018-11-13,6.62,8.331,9.141,17.43,8.957
2018-11-14,5.933,8.972,9.148,18.312,8.473
2018-11-15,0.625,10.24,9.133,20.039,7.975
2018-11-16,19.891,7.372,10.711,17.289,9.664
2018-11-17,4.216,6.85,10.633,16.578,9.468
2018-11-18,3.962,8.231,10.234,18.117,10.286
2018-11-19,3.452,8.387,9.922,18.125,11.816
2018-11-20,11.971,7.441,10.352,17.18,14.387
2018-11-21,4.842,6.842,8.57,15.109,13.781
2018-11-22,0.0,7.098,11.07,17.266,14.18
2018-11-23,0.0,7.693,11.602,18.43,10.697
2018-11-24,16.982,8.064,10.258,18.0,11.197
2018-11-25,9.397,7.815,10.336,17.711,15.092
2018-11-26,8.047,6.051,10.93,15.867,24.702
2018-11-27,17.147,6.962,10.203,16.5,15.933
2018-11-28,9.939,8.358,10.359,18.5,15.969
2018-11-29,7.993,8.97,9.773,18.93,11.224
2018-11-30,1.921,8.151,10.375,18.227,10.409
2018-12-01,9.939,7.55,9.391,16.742,11.842
2018-12-02,10.245,8.633,10.062,18.695,12.729
2018-12-03,11.046,8.27,10.484,18.5,10.686
2018-12-04,2.609,8.261,10.391,18.438,9.717
2018-12-05,22.528,6.907,10.906,17.0,9.329
2018-12-06,1.009,7.155,10.117,16.766,13.517
2018-12-07,0.786,6.398,9.883,15.586,15.987
2018-12-08,0.957,6.206,8.586,14.367,10.458
2018-12-09,0.0,7.373,8.367,15.844,9.769
2018-12-10,0.0,7.616,7.992,15.938,8.708
2018-12-11,0.0,5.866,9.32,14.477,8.368
2018-12-12,0.0,6.901,9.367,15.93,8.159
2018-12-13,0.42,6.474,9.234,15.242,8.996
2018-12-14,1.544,6.148,9.008,14.633,10.149
2018-12-15,0.0,8.207,7.633,16.562,8.669
2018-12-16,0.0,7.975,7.016,15.82,7.857
2018-12-17,0.0,8.178,8.078,16.805,7.533
2018-12-18,0.768,8.479,8.781,17.703,7.3
2018-12-19,1.192,7.613,8.844,16.539,7.12
2018-12-20,0.0,7.811,9.641,17.359,7.04
2018-12-21,6.937,7.43,9.086,16.461,6.86
2018-12-22,3.514,6.553,9.492,15.547,7.09
2018-12-23,0.686,7.48,5.977,14.414,6.82
2018-12-24,0.849,7.122,8.844,15.852,6.73
2018-12-25,0.727,6.569,8.93,15.141,6.65
2018-12-26,0.0,8.466,7.273,16.68,6.57
2018-12-27,2.602,7.36,9.203,16.414,6.49
2018-12-28,0.181,8.202,7.641,16.531,6.4
2018-12-29,0.0,8.765,6.648,16.695,6.26
2018-12-30,0.843,8.051,7.648,16.305,6.39
2018-12-31,0.0,8.165,6.531,15.727,6.26
2019-01-01,0.0,8.036,7.0,15.844,6.1
2019-01-02,0.0,8.009,7.586,16.188,6.24
2019-01-03,0.0,7.717,7.711,15.844,6.18
2019-01-04,0.0,8.105,8.125,16.664,6.09
2019-01-05,0.0,10.122,7.164,18.891,6.17
2019-01-06,0.0,8.319,9.703,17.992,6.25
2019-01-07,11.689,8.649,9.758,18.461,6.19
2019-01-08,22.781,8.246,10.109,18.156,6.51
2019-01-09,2.16,7.394,10.172,17.039,7.82
2019-01-10,0.0,8.889,10.195,19.055,6.679
2019-01-11,0.0,8.773,9.703,18.57,6.913
2019-01-12,0.68,6.887,10.242,16.414,7.342
2019-01-13,0.0,7.769,8.828,16.578,7.359
2019-01-14,14.433,6.177,10.156,15.391,9.349
2019-01-15,0.0,7.531,9.391,16.633,7.726
2019-01-16,0.0,7.025,10.07,16.422,6.84
2019-01-17,0.0,7.013,8.82,15.484,6.52
2019-01-18,0.0,6.483,10.242,15.828,6.53
2019-01-19,0.0,7.194,9.844,16.445,8.42
2019-01-20,0.0,5.241,10.297,14.297,22.868
2019-01-21,0.0,6.915,9.43,15.742,18.803
2019-01-22,0.0,7.514,9.188,16.367,10.404
2019-01-23,0.0,6.693,8.883,15.039,8.63
2019-01-24,0.0,8.362,8.734,17.172,9.298
2019-01-25,0.0,8.183,9.586,17.492,9.69
2019-01-26,0.0,9.048,9.43,18.523,10.319
2019-01-27,0.0,8.981,8.891,18.055,7.949
2019-01-28,13.652,8.632,9.602,18.055,8.048
2019-01-29,39.572,8.255,11.109,18.586,16.56
2019-01-30,1.388,7.211,11.094,17.227,10.563
2019-01-31,0.0,8.873,10.508,18.938,10.489
2019-02-01,35.303,5.665,10.711,15.008,13.275
2019-02-02,0.0,8.541,9.344,17.664,11.174
2019-02-03,0.0,6.923,9.664,15.766,8.722
2019-02-04,0.0,6.381,9.242,14.75,10.003
2019-02-05,0.0,6.866,10.328,16.156,11.462
2019-02-06,0.0,6.411,9.789,15.172,10.62
2019-02-07,0.0,8.409,10.086,17.93,9.363
2019-02-08,0.0,7.7,8.578,15.945,8.368
2019-02-09,0.0,8.213,10.438,17.93,7.87
2019-02-10,0.0,7.462,10.172,16.727,7.706
2019-02-11,0.0,8.101,10.641,17.859,7.176
2019-02-12,0.0,7.884,9.969,17.094,6.96
2019-02-13,0.0,8.267,9.766,17.422,6.66
2019-02-14,0.0,7.901,9.812,16.984,6.49
2019-02-15,0.0,8.802,9.289,17.766,6.33
2019-02-16,0.0,8.013,10.094,17.297,6.17
2019-02-17,4.763,8.529,9.352,17.43,6.35
2019-02-18,0.0,7.557,10.273,16.828,6.69
2019-02-19,0.0,7.379,11.086,17.195,6.5
2019-02-20,0.688,7.668,11.453,17.797,6.42
2019-02-21,2.204,6.998,10.875,16.539,6.47
2019-02-22,0.0,7.791,9.773,16.719,6.34
2019-02-23,0.836,8.837,10.32,18.406,6.09
2019-02-24,14.244,6.378,10.57,15.531,8.599
2019-02-25,27.435,8.487,10.648,18.188,16.413
2019-02-26,4.706,7.903,9.156,16.375,8.866
2019-02-27,0.0,7.96,9.383,16.594,12.043
2019-02-28,0.0,8.16,9.992,17.266,9.101
2019-03-01,0.0,9.62,8.852,18.359,7.612
2019-03-02,9.54,8.107,10.359,17.453,6.85
2019-03-03,0.349,8.6,8.953,17.109,7.61
2019-03-04,0.754,9.113,9.914,18.383,10.306
2019-03-05,3.418,9.353,9.852,18.648,8.659
2019-03-06,8.805,8.837,9.102,17.477,7.249
2019-03-07,7.688,7.701,9.57,16.359,6.84
2019-03-08,2.996,7.895,9.789,16.734,6.94
2019-03-09,0.0,7.57,10.203,16.648,13.895
2019-03-10,0.0,6.69,9.398,14.953,12.465
2019-03-11,0.168,7.393,9.875,16.172,13.39
2019-03-12,3.026,8.087,9.945,17.07,10.426
2019-03-13,6.688,8.069,10.273,17.281,8.695
2019-03-14,0.985,7.199,10.609,16.469,9.328
2019-03-15,17.933,5.984,9.93,14.5,28.101
2019-03-16,0.0,8.933,7.844,16.711,13.399
2019-03-17,6.414,6.869,10.367,15.891,9.258
2019-03-18,0.0,9.374,9.906,18.656,8.08
2019-03-19,0.0,6.678,10.172,15.492,7.617
2019-03-20,1.07,7.208,10.227,16.172,7.821
2019-03-21,0.0,8.448,9.758,17.398,8.591
2019-03-22,14.895,6.316,10.547,15.359,11.86
2019-03-23,0.0,9.169,9.023,17.812,13.229
2019-03-24,0.724,7.968,9.453,16.57,10.142
2019-03-25,0.0,10.409,7.828,18.641,8.316
2019-03-26,0.781,8.392,10.781,18.055,7.539
2019-03-27,1.598,7.801,11.398,17.773,7.847
2019-03-28,22.911,8.016,10.945,17.711,7.08
2019-03-29,0.0,7.51,10.188,16.562,8.714
2019-03-30,0.185,8.212,10.453,17.633,9.075
2019-03-31,10.184,7.456,10.859,16.984,10.534
2019-04-01,0.0,8.851,10.086,18.172,12.767
2019-04-02,2.277,7.871,11.633,18.078,11.832
2019-04-03,3.472,7.373,10.281,16.469,9.821
2019-04-04,18.057,8.369,11.328,18.477,11.562
2019-04-05,18.935,7.689,12.523,18.539,19.523
2019-04-06,27.062,8.756,11.75,19.281,23.013
2019-04-07,2.09,7.6,11.484,17.672,23.496
2019-04-08,0.748,5.638,10.281,14.438,19.539
2019-04-09,0.0,9.913,8.156,18.344,18.198
2019-04-10,0.0,10.932,7.672,19.398,11.683
2019-04-11,0.196,8.103,10.398,17.547,12.856
2019-04-12,7.174,7.807,10.461,17.234,12.48
2019-04-13,3.329,6.037,10.641,15.227,10.07
2019-04-14,0.253,8.486,9.523,17.461,8.708
2019-04-15,20.581,6.001,9.859,14.578,10.336
2019-04-16,0.0,8.024,8.992,16.523,11.559
2019-04-17,1.854,8.848,9.523,17.969,12.705
2019-04-18,12.454,8.49,10.156,17.961,9.913
2019-04-19,0.563,7.112,10.641,16.594,9.429
2019-04-20,0.0,8.155,9.695,17.242,8.944
2019-04-21,11.249,7.782,10.312,17.203,8.263
2019-04-22,10.159,7.736,10.781,17.5,8.735
2019-04-23,11.432,9.025,11.336,19.547,10.68
2019-04-24,8.234,6.834,10.867,16.484,11.691
2019-04-25,3.733,8.096,9.93,17.406,13.075
2019-04-26,0.0,7.621,10.117,16.93,12.011
2019-04-27,8.677,7.094,10.078,16.25,22.11
2019-04-28,5.943,6.609,10.07,15.648,16.363
2019-04-29,1.892,6.781,10.68,16.328,12.741
2019-04-30,4.019,8.189,9.578,17.367,11.09
2019-05-01,0.0,8.526,9.578,17.82,9.127
2019-05-02,2.238,8.015,8.992,16.766,8.46
2019-05-03,4.269,6.773,10.266,16.07,8.185
2019-05-04,9.763,6.618,10.133,15.781,8.46
2019-05-05,1.247,6.624,11.336,16.711,11.247
2019-05-06,2.05,6.827,11.07,16.797,30.903
2019-05-07,3.819,6.604,10.93,16.398,35.116
2019-05-08,0.0,7.656,10.211,17.25,22.884
2019-05-09,0.0,5.872,10.539,15.273,15.053
2019-05-10,0.0,8.085,10.047,17.734,16.702
2019-05-11,0.0,8.992,10.055,18.969,13.951
2019-05-12,8.143,7.909,10.562,17.898,14.53
2019-05-13,29.191,5.379,11.242,15.242,17.044
2019-05-14,13.29,5.759,11.07,15.562,56.503
2019-05-15,0.0,7.017,9.648,16.109,29.949
2019-05-16,0.0,7.219,10.414,16.945,26.692
2019-05-17,0.0,6.623,10.867,16.523,19.66
2019-05-18,0.0,7.104,10.422,16.828,15.416
2019-05-19,23.597,5.66,10.977,15.406,41.085
2019-05-20,5.038,6.935,10.672,16.82,24.565
2019-05-21,1.549,7.715,9.93,17.336,21.663
2019-05-22,0.0,8.609,9.25,18.117,15.122
2019-05-23,0.902,7.091,10.266,16.781,14.048
2019-05-24,0.0,8.639,9.461,18.328,17.374
2019-05-25,0.0,8.571,9.586,18.344,16.377
2019-05-26,16.735,7.301,10.586,17.32,20.029
2019-05-27,0.262,9.162,9.656,19.234,14.848
2019-05-28,0.553,8.149,10.141,18.188,14.631
2019-05-29,23.355,7.656,9.508,17.086,26.51
2019-05-30,0.0,7.931,10.406,18.094,22.554
2019-05-31,26.133,8.422,10.023,18.508,34.861
2019-06-01,2.176,7.186,11.047,17.562,19.714
2019-06-02,5.511,8.161,11.273,19.055,17.167
2019-06-03,23.467,6.124,9.969,15.383,20.284
2019-06-04,0.0,7.063,10.039,16.711,18.386
2019-06-05,0.0,6.954,10.367,16.82,24.586
2019-06-06,0.0,6.836,9.5,16.039,20.151
2019-06-07,0.0,7.687,9.953,17.539,17.446
2019-06-08,0.0,6.965,9.008,15.875,14.275
2019-06-09,0.0,6.144,10.422,15.805,13.951
2019-06-10,0.0,6.386,10.477,16.18,15.601
2019-06-11,4.545,6.572,10.023,16.102,26.192
2019-06-12,3.901,6.374,10.883,16.461,26.953
2019-06-13,4.635,6.561,10.75,16.625,20.467
2019-06-14,14.109,7.134,10.953,17.539,22.009
2019-06-15,3.672,7.504,10.312,17.594,17.627
2019-06-16,0.0,5.054,11.328,15.133,25.221
2019-06-17,0.0,5.25,9.867,14.227,21.374
2019-06-18,0.0,5.047,10.875,14.781,24.412
2019-06-19,0.0,4.797,9.961,13.719,19.458
2019-06-20,29.897,6.042,9.922,15.328,19.662
2019-06-21,0.0,6.403,11.352,16.883,37.425
2019-06-22,0.0,4.506,10.953,14.195,32.342
2019-06-23,0.0,4.087,11.367,14.055,28.306
2019-06-24,1.789,7.573,9.594,17.195,24.629
2019-06-25,0.0,8.529,9.812,18.688,20.857
2019-06-26,0.0,7.232,9.453,16.625,17.176
2019-06-27,0.459,8.265,9.375,18.023,15.382
2019-06-28,0.0,6.715,9.641,16.039,15.765
2019-06-29,1.352,6.509,10.195,16.172,16.172
2019-06-30,0.0,7.103,10.344,17.062,15.262
2019-07-01,12.313,6.533,10.266,16.227,15.024
2019-07-02,1.972,7.746,9.398,17.289,13.151
2019-07-03,0.0,10.777,8.703,21.102,13.849
2019-07-04,2.368,7.421,10.617,17.672,12.776
2019-07-05,3.682,8.26,9.391,17.977,13.798
2019-07-06,0.0,8.075,8.25,16.938,11.945
2019-07-07,0.0,5.653,9.656,14.586,17.664
2019-07-08,8.086,4.508,10.578,13.828,27.275
2019-07-09,0.0,6.049,9.25,14.781,23.141
2019-07-10,0.0,7.126,8.422,15.68,16.997
2019-07-11,0.0,8.681,8.805,18.125,13.951
2019-07-12,0.0,7.774,9.797,17.523,12.759
2019-07-13,0.0,7.635,9.922,17.391,14.871
2019-07-14,8.067,6.559,10.344,16.242,19.525
2019-07-15,1.72,7.123,9.773,16.562,24.274
2019-07-16,0.0,5.876,9.625,14.797,15.977
2019-07-17,7.001,8.575,7.68,17.164,15.586
2019-07-18,0.0,7.096,8.414,15.516,14.84
2019-07-19,0.0,6.119,9.68,15.117,21.478
2019-07-20,4.888,6.101,10.82,15.938,36.9
2019-07-21,0.807,6.419,10.555,16.125,24.369
2019-07-22,10.703,6.098,10.289,15.5,21.79
2019-07-23,6.008,6.4,9.195,15.094,20.39
2019-07-24,0.0,7.083,9.938,16.516,20.407
2019-07-25,1.749,6.398,10.281,15.867,18.239
2019-07-26,0.0,6.682,9.664,15.773,26.917
2019-07-27,9.801,7.754,9.328,16.969,21.773
2019-07-28,7.701,5.055,9.906,13.844,27.921
2019-07-29,0.0,7.893,8.711,16.703,20.811
2019-07-30,0.0,7.566,7.5,15.406,16.62
2019-07-31,0.0,7.601,8.453,16.102,14.683
2019-08-01,0.0,8.614,8.375,17.43,15.467
2019-08-02,0.0,7.488,9.453,16.594,13.866
2019-08-03,0.0,6.092,10.234,15.312,13.98
2019-08-04,12.576,5.98,9.875,14.883,23.46
2019-08-05,0.0,5.978,8.656,13.969,21.194
2019-08-06,0.0,7.941,6.398,15.094,15.126
2019-08-07,0.0,8.583,7.844,16.938,13.117
2019-08-08,0.0,7.058,9.703,16.133,11.867
2019-08-09,9.709,7.454,8.781,15.977,12.205
2019-08-10,4.949,7.733,8.531,16.172,14.104
2019-08-11,5.365,7.223,8.969,15.781,19.224
2019-08-12,0.0,7.796,8.844,16.438,18.085
2019-08-13,0.0,6.108,10.086,15.109,17.684
2019-08-14,4.174,5.92,9.5,14.422,21.941
2019-08-15,0.0,5.935,8.062,13.328,15.248
2019-08-16,0.0,7.821,8.672,16.297,14.411
2019-08-17,0.0,9.181,8.875,18.242,12.205
2019-08-18,0.318,9.642,8.133,18.344,11.092
2019-08-19,0.0,7.776,7.344,15.273,11.492
2019-08-20,0.17,7.139,8.453,15.172,12.64
2019-08-21,7.651,7.015,8.758,15.195,11.945
2019-08-22,0.0,8.146,7.734,16.0,11.913
2019-08-23,0.0,7.471,7.875,15.188,11.42
2019-08-24,0.17,7.164,8.312,15.031,12.411
2019-08-25,0.0,9.913,6.711,17.711,11.604
2019-08-26,0.0,8.444,7.547,16.227,12.366
2019-08-27,0.0,8.025,7.969,15.922,12.793
2019-08-28,2.033,7.219,9.25,15.742,15.457
2019-08-29,7.807,6.928,8.938,15.125,15.748
2019-08-30,0.0,8.897,7.648,16.828,12.362
2019-08-31,1.168,7.815,8.844,16.203,11.249
2019-09-01,0.0,6.814,9.328,15.258,19.777
2019-09-02,0.0,9.803,7.859,18.164,17.202
2019-09-03,0.0,8.884,7.766,16.852,13.605
2019-09-04,0.0,8.011,7.883,15.766,11.888
2019-09-05,0.0,7.799,9.438,16.555,12.933
2019-09-06,0.0,7.943,8.031,15.758,16.634
2019-09-07,0.0,8.418,7.836,16.242,13.465
2019-09-08,0.0,8.989,7.992,17.102,11.173
2019-09-09,0.0,7.79,6.898,14.75,10.951
2019-09-10,0.0,8.456,8.195,16.492,11.185
2019-09-11,0.0,7.834,9.258,16.414,10.437
2019-09-12,17.047,7.334,9.969,16.289,9.992
2019-09-13,0.0,6.457,10.055,15.258,10.66
2019-09-14,0.482,7.744,9.117,16.203,17.432
2019-09-15,0.0,7.936,8.633,16.094,15.002
2019-09-16,0.0,8.275,9.461,17.086,11.141
2019-09-17,0.0,9.255,8.648,17.805,10.738
2019-09-18,4.177,9.484,9.039,18.352,10.856
2019-09-19,4.83,8.157,11.648,18.5,10.803
2019-09-20,16.863,6.598,10.391,15.664,10.345
2019-09-21,0.0,8.033,8.75,16.266,10.893
2019-09-22,0.0,9.617,8.141,17.945,12.412
2019-09-23,7.148,9.336,8.195,17.609,11.87
2019-09-24,3.37,8.785,8.523,17.117,10.489
2019-09-25,0.0,7.96,8.695,16.148,10.018
2019-09-26,0.0,10.662,7.75,19.078,9.52
2019-09-27,16.085,8.28,9.695,17.258,9.023
2019-09-28,0.0,9.784,8.758,18.562,8.892
2019-09-29,3.381,8.083,9.195,16.656,9.965
2019-09-30,0.0,9.907,9.508,19.211,11.128
2019-10-01,11.805,10.463,7.969,18.953,11.859
2019-10-02,4.221,8.562,9.773,17.688,10.555
2019-10-03,7.253,6.062,9.703,14.516,10.458
2019-10-04,0.0,7.881,8.672,16.055,10.924
2019-10-05,0.0,9.528,8.172,17.875,9.402
2019-10-06,0.784,7.279,9.391,15.773,9.651
2019-10-07,0.0,8.435,9.086,17.062,8.996
2019-10-08,30.054,5.903,10.0,14.547,12.286
2019-10-09,0.0,8.148,6.43,14.914,11.374
2019-10-10,0.0,6.921,8.758,14.891,11.026
2019-10-11,0.0,7.369,7.914,14.883,10.031
2019-10-12,0.0,8.507,7.406,16.078,9.206
2019-10-13,0.498,7.673,9.016,16.07,8.499
2019-10-14,0.715,7.423,7.805,14.898,8.538
2019-10-15,0.0,7.688,8.773,15.938,8.499
2019-10-16,0.0,8.416,8.742,16.898,9.546
2019-10-17,0.0,9.65,8.477,18.352,9.062
2019-10-18,0.0,8.324,10.055,17.695,9.1
2019-10-19,3.462,6.621,10.328,15.758,17.642
2019-10-20,28.366,5.688,9.211,13.742,31.216
2019-10-21,0.0,8.532,9.242,17.438,18.345
2019-10-22,0.925,7.966,9.906,17.164,11.426
2019-10-23,27.593,7.852,10.0,17.102,12.962
2019-10-24,10.427,8.352,9.336,17.297,15.28
2019-10-25,0.0,7.616,9.086,16.188,13.329
2019-10-26,0.0,8.366,8.578,16.836,15.661
2019-10-27,0.0,8.014,9.109,16.75,11.46
2019-10-28,0.0,8.504,8.93,17.281,10.123
2019-10-29,1.704,9.222,9.031,18.32,10.332
2019-10-30,0.238,7.776,8.258,15.867,9.992
2019-10-31,11.664,7.789,8.906,16.344,9.01
2019-11-01,0.0,9.029,8.828,17.969,8.761
2019-11-02,9.09,8.412,8.602,17.008,9.141
2019-11-03,7.603,7.736,9.672,16.859,13.45
2019-11-04,2.384,7.338,10.062,16.633,9.717
2019-11-05,1.528,7.666,9.797,16.883,9.402
2019-11-06,4.665,7.524,9.586,16.562,9.252
2019-11-07,15.638,8.861,9.734,18.453,12.16
2019-11-08,0.0,8.462,9.086,17.5,10.991
2019-11-09,2.846,8.121,9.984,17.68,10.489
2019-11-10,32.987,9.383,9.055,18.75,11.057
2019-11-11,8.581,7.42,10.82,17.375,26.186
2019-11-12,23.872,5.589,10.469,14.836,33.952
2019-11-13,18.949,7.426,9.516,16.469,22.994
2019-11-14,6.265,9.252,9.992,19.25,17.578
2019-11-15,1.881,7.974,10.844,18.164,14.598
2019-11-16,41.417,8.319,10.836,18.633,15.168
2019-11-17,4.99,8.576,10.258,18.57,16.186
2019-11-18,5.615,7.698,9.273,16.719,16.934
2019-11-19,0.227,8.367,8.148,16.883,14.466
2019-11-20,4.885,7.635,8.953,16.445,26.089
2019-11-21,0.626,8.775,9.188,18.164,15.55
2019-11-22,0.0,7.536,9.508,16.711,12.81
2019-11-23,12.41,7.967,9.133,17.055,12.188
2019-11-24,12.654,7.634,9.867,17.133,11.157
2019-11-25,0.0,7.963,10.414,17.969,11.039
2019-11-26,0.0,6.379,10.531,15.992,10.332
2019-11-27,0.0,6.951,9.727,16.148,10.824
2019-11-28,0.0,6.819,8.961,15.422,11.736
2019-11-29,0.325,9.64,8.125,18.789,10.633
2019-11-30,0.0,8.631,9.695,18.414,10.384
2019-12-01,2.156,5.825,11.211,15.852,10.672
2019-12-02,0.0,6.813,9.672,15.961,10.607
2019-12-03,0.0,7.726,8.68,16.523,9.835
2019-12-04,6.151,8.115,9.875,17.867,9.494
2019-12-05,5.73,7.993,10.0,17.812,10.214
2019-12-06,1.318,7.038,9.805,16.375,9.258
2019-12-07,26.673,7.049,9.391,16.086,11.79
2019-12-08,6.486,8.486,9.594,18.211,9.859
2019-12-09,0.223,9.169,9.82,19.32,8.905
2019-12-10,0.0,7.769,10.133,17.617,8.512
2019-12-11,4.849,7.098,9.219,16.055,8.8
2019-12-12,12.401,7.101,10.773,17.195,10.891
2019-12-13,0.0,7.752,10.297,17.742,15.196
2019-12-14,0.766,6.865,9.812,16.195,15.066
2019-12-15,36.439,6.998,9.789,16.352,17.956
2019-12-16,24.485,7.871,9.031,17.023,16.112
2019-12-17,0.0,6.606,10.328,16.227,10.79
2019-12-18,0.0,7.633,9.719,17.172,10.167
2019-12-19,0.0,7.347,9.445,16.586,11.535
2019-12-20,0.0,6.345,9.953,15.602,12.471
2019-12-21,1.96,4.95,10.219,14.031,11.103
2019-12-22,0.0,6.28,9.656,15.297,10.705
2019-12-23,0.0,5.092,10.82,14.664,14.264
2019-12-24,0.0,7.664,8.914,16.656,11.49
2019-12-25,0.0,7.913,10.086,17.82,11.145
2019-12-26,0.0,6.735,10.344,16.398,9.952
2019-12-27,0.0,5.301,10.945,15.031,9.442
2019-12-28,0.0,7.003,9.539,16.164,9.35
2019-12-29,0.0,8.662,8.805,17.938,8.512
2019-12-30,0.0,7.619,10.047,17.336,8.368
2019-12-31,38.966,7.128,11.297,17.586,11.484
2020-01-01,28.404,7.323,11.0,17.617,13.968
2020-01-02,1.939,8.191,10.867,18.68,17.646
2020-01-03,0.0,9.151,10.594,19.773,11.857
2020-01-04,0.0,11.392,7.047,20.625,9.651
2020-01-05,0.0,8.425,9.914,18.281,8.591
2020-01-06,0.0,9.053,11.039,19.898,8.159
2020-01-07,0.0,10.496,9.484,20.82,7.949
2020-01-08,0.0,10.255,7.68,19.352,7.74
2020-01-09,0.0,8.274,7.609,16.5,7.556
2020-01-10,0.0,8.728,6.883,16.664,7.818
2020-01-11,0.0,7.499,8.109,15.727,7.779
2020-01-12,0.0,7.989,8.375,16.586,8.014
2020-01-13,0.0,8.682,8.477,17.602,7.74
2020-01-14,0.0,7.907,8.688,16.648,7.556
2020-01-15,0.0,8.701,8.242,17.445,7.622
2020-01-16,0.0,7.342,8.328,15.609,7.51
2020-01-17,0.0,7.11,9.727,16.289,7.276
2020-01-18,0.0,7.796,9.406,16.969,7.785
2020-01-19,0.0,7.758,9.828,17.172,8.119
2020-01-20,0.0,7.231,10.891,17.234,11.013
2020-01-21,24.436,7.178,10.492,16.867,9.416
2020-01-22,0.258,7.821,10.82,17.906,8.538
2020-01-23,2.339,9.787,9.289,19.477,9.698
2020-01-24,14.483,8.59,10.891,18.945,10.466
2020-01-25,9.004,9.129,9.719,18.836,8.276
2020-01-26,8.372,8.503,11.469,19.203,9.285
2020-01-27,4.662,8.285,11.242,18.734,9.73
2020-01-28,0.0,9.66,10.125,19.75,8.407
2020-01-29,0.0,8.531,10.539,18.531,9.73
2020-01-30,0.0,8.084,10.297,17.773,10.309
2020-01-31,0.0,8.839,9.43,18.164,9.502
2020-02-01,0.0,7.152,10.016,16.344,7.884
2020-02-02,2.839,8.705,9.719,18.148,7.569
2020-02-03,0.533,6.962,10.688,16.57,7.805
2020-02-04,0.0,10.254,8.906,19.625,7.443
2020-02-05,0.0,12.312,6.234,20.75,6.9
2020-02-06,0.0,10.754,6.836,18.969,6.5
2020-02-07,0.0,10.629,7.18,18.977,6.25
2020-02-08,0.198,10.675,8.086,19.578,6.1
2020-02-09,0.403,9.449,10.039,19.18,9.85
2020-02-10,0.0,7.829,10.109,17.148,9.151
2020-02-11,0.0,9.784,8.398,18.531,6.54
2020-02-12,0.0,8.392,8.758,16.906,6.28
2020-02-13,0.0,9.937,8.414,18.711,6.55
2020-02-14,0.0,8.715,8.844,17.367,6.58
2020-02-15,0.326,9.329,9.055,18.289,6.79
2020-02-16,0.0,8.698,9.969,18.078,6.66
2020-02-17,0.0,8.571,9.883,17.852,6.57
2020-02-18,0.0,8.717,9.211,17.547,6.48
2020-02-19,0.0,7.592,9.781,16.5,6.4
2020-02-20,9.632,7.625,11.312,17.641,6.27
2020-02-21,2.332,8.546,10.883,18.461,6.509
2020-02-22,0.967,8.296,10.578,17.906,8.295
2020-02-23,27.131,7.163,11.164,16.93,9.677
2020-02-24,0.17,8.835,10.633,18.602,9.821
2020-02-25,37.826,9.143,10.016,18.555,8.382
2020-02-26,16.475,6.883,11.672,16.953,17.282
2020-02-27,0.0,9.614,11.422,20.109,11.751
2020-02-28,3.183,10.075,10.844,20.258,17.481
2020-02-29,0.213,9.404,8.828,18.062,12.343
2020-03-01,4.681,8.596,11.258,18.688,10.398
2020-03-02,0.162,8.616,10.305,18.039,9.091
2020-03-03,0.0,9.106,9.539,18.133,11.215
2020-03-04,0.0,8.955,10.219,18.391,8.97
2020-03-05,0.0,7.83,10.234,16.977,8.564
2020-03-06,2.39,9.645,9.516,18.766,9.455
2020-03-07,4.222,8.012,10.82,17.625,8.263
2020-03-08,2.394,8.869,9.156,17.523,8.394
2020-03-09,2.006,8.315,9.695,17.211,7.824
2020-03-10,0.0,8.458,9.602,17.305,7.166
2020-03-11,0.288,9.814,10.734,19.773,6.89
2020-03-12,0.0,8.095,10.562,17.516,6.816
2020-03-13,9.846,9.585,9.711,18.797,7.563
2020-03-14,19.138,8.073,10.992,17.797,8.492
2020-03-15,0.0,8.256,10.648,17.766,8.525
2020-03-16,0.0,7.54,12.594,18.336,9.391
2020-03-17,12.356,8.1,11.234,17.992,17.784
2020-03-18,38.28,10.275,10.359,20.07,10.192
2020-03-19,1.638,8.583,11.445,18.75,9.913
2020-03-20,2.044,6.381,11.609,16.25,8.656
2020-03-21,0.0,11.839,8.75,21.031,8.407
2020-03-22,0.0,12.361,6.289,20.266,7.547
2020-03-23,6.357,8.871,9.047,17.445,8.819
2020-03-24,0.0,7.245,9.758,15.906,7.779
2020-03-25,0.0,8.497,9.508,17.273,8.289
2020-03-26,0.0,8.785,10.094,18.055,7.785
2020-03-27,3.181,9.221,10.688,19.016,7.363
2020-03-28,0.0,9.369,10.836,19.312,9.909
2020-03-29,0.0,7.613,10.562,16.953,7.91
2020-03-30,0.0,5.495,10.695,14.539,9.371
2020-03-31,0.0,7.71,10.242,16.852,13.113
2020-04-01,0.0,7.584,9.961,16.5,10.794
2020-04-02,25.181,7.181,11.242,16.969,14.961
2020-04-03,0.0,7.458,10.117,16.477,11.113
2020-04-04,0.0,7.661,10.547,17.055,8.997
2020-04-05,2.492,8.192,10.25,17.5,8.145
2020-04-06,8.251,7.288,11.133,17.039,9.114
2020-04-07,9.085,6.504,10.688,15.766,11.279
2020-04-08,0.091,6.71,10.039,15.547,9.846
2020-04-09,12.839,6.841,11.516,16.828,11.773
2020-04-10,0.375,8.141,9.945,17.266,11.566
2020-04-11,2.03,7.084,11.164,16.852,11.406
2020-04-12,27.931,4.907,11.289,14.461,10.188
2020-04-13,0.0,9.101,8.883,17.812,8.8
2020-04-14,2.99,9.219,11.242,19.594,7.884
2020-04-15,4.747,8.384,12.055,19.148,8.844
2020-04-16,6.192,7.703,9.773,16.672,18.716
2020-04-17,0.0,6.567,10.297,15.641,11.181
2020-04-18,0.0,6.961,9.062,15.242,10.94
2020-04-19,0.0,8.439,8.578,16.836,12.701
2020-04-20,0.0,9.444,8.234,17.969,10.271
2020-04-21,0.0,8.977,8.156,17.32,8.604
2020-04-22,0.0,9.852,7.125,17.867,7.87
2020-04-23,0.0,8.428,8.727,17.0,8.695
2020-04-24,1.464,8.28,10.438,17.992,8.289
2020-04-25,0.0,8.322,10.688,18.258,8.303
2020-04-26,0.0,9.14,9.57,18.555,7.543
2020-04-27,21.575,7.203,9.289,15.836,9.045
2020-04-28,0.0,7.583,10.125,16.953,9.35
2020-04-29,0.0,8.397,10.141,18.031,8.394
2020-04-30,0.0,8.277,10.578,18.203,8.316
2020-05-01,7.393,6.393,11.758,16.727,11.779
2020-05-02,0.0,7.387,11.297,17.617,11.866
2020-05-03,0.0,6.855,10.93,16.688,10.018
2020-05-04,0.565,7.917,11.641,18.578,9.298
2020-05-05,4.613,7.153,9.898,16.328,8.368
2020-05-06,0.0,6.913,10.375,16.406,8.303
2020-05-07,19.81,5.19,11.359,15.047,11.202
2020-05-08,0.126,5.481,10.664,14.844,13.174
2020-05-09,5.716,6.665,10.656,16.336,23.001
2020-05-10,4.653,7.598,10.906,17.727,15.029
2020-05-11,21.656,7.892,10.977,18.172,17.985
2020-05-12,0.499,8.545,11.055,19.109,11.669
2020-05-13,14.18,5.547,11.5,15.641,24.89
2020-05-14,0.0,8.116,9.367,17.383,18.242
2020-05-15,0.0,7.002,10.992,17.094,11.979
2020-05-16,0.0,6.025,10.938,15.828,12.801
2020-05-17,0.815,7.25,10.898,17.367,12.231
2020-05-18,1.437,6.232,10.492,15.766,15.041
2020-05-19,0.0,6.549,9.391,15.391,14.99
2020-05-20,0.0,7.723,10.57,17.812,14.632
2020-05-21,0.536,7.103,10.719,17.102,12.067
2020-05-22,0.953,6.532,11.094,16.656,17.475
2020-05-23,2.834,6.672,9.758,15.867,11.225
2020-05-24,12.448,6.658,10.781,16.617,19.44
2020-05-25,3.278,7.235,11.195,17.68,17.729
2020-05-26,0.0,5.579,11.266,15.625,23.053
2020-05-27,5.402,6.843,10.023,16.328,18.003
2020-05-28,0.0,8.779,9.25,18.453,13.815
2020-05-29,9.177,8.079,9.75,17.844,13.087
2020-05-30,4.203,6.346,11.055,16.469,15.99
2020-05-31,1.908,8.74,9.914,18.898,15.143
2020-06-01,6.921,6.595,10.758,16.586,13.652
2020-06-02,5.437,7.596,10.703,17.898,16.391
2020-06-03,8.798,5.612,11.625,16.016,12.116
2020-06-04,5.415,7.409,10.305,17.383,12.821
2020-06-05,3.442,7.167,10.883,17.477,10.585
2020-06-06,2.836,4.889,9.867,13.719,11.398
2020-06-07,0.0,7.802,9.336,17.289,12.53
2020-06-08,1.712,7.538,9.219,16.828,10.673
2020-06-09,0.0,8.375,9.016,17.875,10.044
2020-06-10,0.0,9.168,8.508,18.688,9.468
2020-06-11,3.748,8.763,8.641,18.203,9.193
2020-06-12,10.332,6.872,11.32,17.445,10.227
2020-06-13,6.82,7.825,9.727,17.617,11.042
2020-06-14,15.93,4.58,11.391,14.609,19.55
2020-06-15,3.169,6.138,9.375,15.039,16.202
2020-06-16,0.0,7.329,9.5,16.781,15.155
2020-06-17,0.0,5.588,10.43,15.125,12.997
2020-06-18,0.0,8.141,10.5,18.617,18.203
2020-06-19,0.403,7.196,9.961,16.945,51.471
2020-06-20,0.0,6.156,10.141,15.641,25.599
2020-06-21,0.174,5.706,11.086,15.797,21.639
2020-06-22,0.0,5.55,10.523,15.133,18.989
2020-06-23,0.0,6.361,10.891,16.484,22.787
2020-06-24,3.28,7.466,9.68,17.102,15.994
2020-06-25,2.77,6.749,10.5,16.703,12.599
2020-06-26,0.0,5.717,10.906,15.648,12.89
2020-06-27,28.871,6.51,9.781,15.859,16.94
2020-06-28,0.0,7.305,10.336,17.367,16.33
2020-06-29,0.0,7.221,10.484,17.336,16.23
2020-06-30,0.0,7.67,10.875,18.211,13.457
2020-07-01,0.0,7.131,10.609,17.281,12.47
2020-07-02,29.244,5.87,10.867,15.82,19.184
2020-07-03,0.0,7.188,10.562,17.312,14.592
2020-07-04,24.058,6.201,10.156,15.68,44.323
2020-07-05,1.486,7.044,10.156,16.805,21.323
2020-07-06,1.586,6.435,11.656,17.109,18.135
2020-07-07,0.251,6.178,10.109,15.594,14.573
2020-07-08,0.0,7.491,8.789,16.438,12.648
2020-07-09,0.0,7.228,9.953,16.898,11.204
2020-07-10,0.0,5.293,10.109,14.414,11.889
2020-07-11,0.0,7.131,10.102,16.859,13.576
2020-07-12,0.0,8.557,9.117,18.133,13.367
2020-07-13,2.572,6.819,9.734,16.141,11.012
2020-07-14,18.881,5.361,10.266,14.602,18.048
2020-07-15,0.0,6.112,8.719,14.414,23.486
2020-07-16,1.596,6.944,8.547,15.438,15.257
2020-07-17,1.962,7.575,7.953,15.906,11.517
2020-07-18,0.696,7.715,7.352,15.695,10.856
2020-07-19,5.83,6.995,8.055,15.133,10.509
2020-07-20,2.712,6.382,9.742,15.484,12.348
2020-07-21,0.0,8.573,9.047,17.992,13.082
2020-07-22,0.0,7.273,10.094,16.93,13.202
2020-07-23,2.832,6.692,10.305,16.281,16.114
2020-07-24,0.39,7.152,9.992,16.656,16.455
2020-07-25,13.91,4.462,10.516,13.625,13.733
2020-07-26,0.0,6.236,9.695,15.18,18.991
2020-07-27,0.0,6.814,10.484,16.516,17.444
2020-07-28,0.0,7.44,9.648,16.734,12.75
2020-07-29,0.0,5.706,10.234,14.883,14.312
2020-07-30,0.0,5.916,10.414,15.266,32.111
2020-07-31,0.0,7.97,9.492,17.289,19.689
2020-08-01,0.0,7.065,7.906,14.93,13.713
2020-08-02,0.0,8.895,7.789,17.391,11.556
2020-08-03,0.0,7.121,6.953,14.32,10.947
2020-08-04,0.0,7.111,6.961,14.312,11.55
2020-08-05,0.0,5.917,8.023,13.391,10.934
2020-08-06,0.0,6.175,8.844,14.344,10.751
2020-08-07,0.0,3.917,9.734,12.25,10.555
2020-08-08,0.0,5.28,9.875,13.977,10.267
2020-08-09,0.0,6.29,8.875,14.469,11.17
2020-08-10,0.0,8.323,8.531,16.961,10.293
2020-08-11,0.0,8.635,9.391,17.938,9.717
2020-08-12,0.0,8.238,10.102,17.875,9.049
2020-08-13,0.0,7.984,9.883,17.383,9.389
2020-08-14,1.263,7.173,11.32,17.359,11.629
2020-08-15,13.051,7.14,10.539,16.727,12.933
2020-08-16,0.206,6.799,10.125,15.977,11.12
2020-08-17,0.379,8.699,9.656,18.094,9.769
2020-08-18,0.0,8.695,10.156,18.414,9.324
2020-08-19,4.813,7.358,11.664,17.773,9.127
2020-08-20,0.0,7.872,10.766,17.758,9.586
2020-08-21,0.246,6.993,10.375,16.344,9.52
2020-08-22,17.584,6.134,9.914,14.914,9.154
2020-08-23,0.0,8.767,9.234,17.82,8.735
2020-08-24,0.0,8.668,9.508,17.859,10.149
2020-08-25,0.0,9.029,8.812,17.852,9.612
2020-08-26,0.0,9.187,9.055,18.203,8.826
2020-08-27,9.601,6.484,10.141,15.469,8.578
2020-08-28,0.975,7.311,10.188,16.523,8.42
2020-08-29,6.556,7.223,10.438,16.586,8.918
2020-08-30,16.317,7.967,11.633,18.398,8.695
2020-08-31,12.61,8.72,9.297,17.68,10.62
2020-09-01,1.535,8.397,7.883,16.305,9.861
2020-09-02,0.0,7.765,7.594,15.234,9.717
2020-09-03,0.0,9.478,6.406,16.789,9.548
2020-09-04,19.298,6.988,9.742,15.727,21.222
2020-09-05,0.0,7.37,10.312,16.617,20.187
2020-09-06,0.0,7.713,8.469,15.734,11.602
2020-09-07,0.0,8.366,9.078,17.0,9.887
2020-09-08,6.722,7.894,8.461,15.969,9.101
2020-09-09,0.0,7.98,7.914,15.672,9.664
2020-09-10,0.0,7.28,8.133,14.914,10.136
2020-09-11,0.0,7.852,8.266,15.742,10.24
2020-09-12,0.0,8.279,7.992,16.125,12.373
2020-09-13,0.0,6.733,8.602,14.523,13.902
2020-09-14,0.0,7.567,8.438,15.469,15.966
2020-09-15,0.0,8.83,9.016,17.5,9.52
2020-09-16,2.641,8.667,9.523,17.641,9.926
2020-09-17,17.609,10.087,8.492,18.789,9.743
2020-09-18,11.967,9.218,8.883,17.906,10.949
2020-09-19,16.124,7.682,9.664,16.469,11.861
2020-09-20,7.56,7.78,9.805,16.711,10.857
2020-09-21,0.0,8.426,8.844,16.844,11.965
2020-09-22,0.0,9.55,8.977,18.406,10.581
2020-09-23,4.898,8.45,7.891,16.242,9.946
2020-09-24,1.501,6.151,9.688,14.578,22.378
2020-09-25,1.594,8.937,7.797,16.82,14.828
2020-09-26,3.993,7.686,8.797,15.852,10.185
2020-09-27,0.381,9.652,8.773,18.398,10.947
2020-09-28,4.334,8.138,10.906,17.93,12.073
2020-09-29,6.748,7.959,8.93,16.312,10.601
2020-09-30,0.0,6.067,9.453,14.32,11.944
2020-10-01,0.0,8.922,7.562,16.664,12.015
2020-10-02,0.0,9.753,6.734,17.258,10.136
2020-10-03,0.0,8.536,8.125,16.547,8.511
2020-10-04,0.0,6.655,9.219,14.875,12.058
2020-10-05,0.0,8.482,7.68,16.18,16.345
2020-10-06,0.0,9.471,5.797,16.32,15.302
2020-10-07,0.0,8.293,7.359,15.727,10.612
2020-10-08,1.93,7.775,7.266,14.969,10.817
2020-10-09,0.0,8.106,8.094,15.992,13.161
2020-10-10,0.0,10.644,7.023,18.695,15.509
2020-10-11,0.0,9.197,6.648,16.516,10.772
2020-10-12,0.0,9.281,7.422,17.148,10.005
2020-10-13,0.0,9.022,6.617,16.297,10.751
2020-10-14,0.0,8.552,8.352,16.797,10.306
2020-10-15,0.0,8.673,8.141,16.82,10.75
2020-10-16,0.0,7.759,9.047,16.273,12.537
2020-10-17,0.0,8.085,8.422,16.266,14.564
2020-10-18,0.0,7.862,9.5,16.719,12.623
2020-10-19,17.539,9.103,9.039,18.039,12.56
2020-10-20,13.774,8.093,9.586,17.094,11.283
2020-10-21,15.595,7.176,9.469,15.844,11.801
2020-10-22,0.0,7.477,8.266,15.406,12.002
2020-10-23,0.192,7.797,8.523,16.023,11.02
2020-10-24,0.0,8.373,9.0,17.117,9.271
2020-10-25,0.0,9.381,9.977,19.109,8.774
2020-10-26,4.967,8.785,10.719,18.852,9.651
2020-10-27,18.635,8.139,10.297,17.734,10.646
2020-10-28,32.055,10.018,9.328,19.555,11.044
2020-10-29,4.483,9.286,11.781,20.266,12.979
2020-10-30,12.73,9.179,11.492,19.977,10.991
2020-10-31,10.078,7.523,10.586,17.219,12.987
2020-11-01,5.017,7.275,10.641,16.945,15.228
2020-11-02,0.383,10.205,10.094,20.406,12.919
2020-11-03,0.0,11.137,7.953,20.328,10.005
2020-11-04,0.84,10.168,7.469,18.734,8.381
2020-11-05,0.0,8.286,10.008,17.859,8.42
2020-11-06,1.594,10.016,8.812,19.391,9.311
2020-11-07,13.958,8.21,9.664,17.547,8.695
2020-11-08,0.0,9.036,7.883,17.5,7.559
2020-11-09,0.0,9.186,8.844,18.344,7.44
2020-11-10,0.0,9.174,8.469,18.094,7.15
2020-11-11,0.691,9.128,8.609,18.141,7.242
2020-11-12,22.29,6.912,10.195,16.273,11.32
2020-11-13,20.913,7.921,9.336,17.016,11.541
2020-11-14,9.872,7.867,11.133,18.234,12.847
2020-11-15,5.294,7.161,10.383,16.781,11.123
2020-11-16,32.767,6.417,9.594,15.234,11.524
2020-11-17,13.738,6.761,9.508,15.633,13.639
2020-11-18,29.043,7.497,10.594,17.398,12.351
2020-11-19,0.202,9.819,9.773,19.969,17.922
2020-11-20,1.179,7.57,9.68,16.875,23.446
2020-11-21,10.87,7.928,9.68,17.367,17.905
2020-11-22,0.0,8.259,8.812,17.242,13.951
2020-11-23,6.327,7.386,9.391,16.461,11.352
2020-11-24,0.0,7.871,8.195,16.32,10.607
2020-11-25,0.0,8.637,8.164,17.367,9.494
2020-11-26,11.39,8.174,8.867,17.203,8.145
2020-11-27,1.117,7.199,9.656,16.422,9.285
2020-11-28,3.113,6.776,10.398,16.422,10.425
2020-11-29,0.0,7.584,9.0,16.523,16.375
2020-11-30,0.0,7.662,9.031,16.648,13.016
2020-12-01,0.542,7.753,10.695,17.953,9.895
2020-12-02,22.783,6.768,10.609,16.586,11.437
2020-12-03,0.0,7.659,9.555,17.016,12.437
2020-12-04,0.0,7.143,11.102,17.461,12.251
2020-12-05,7.983,6.212,10.141,15.547,11.008
2020-12-06,0.0,8.057,8.203,16.695,13.483
2020-12-07,0.0,8.712,7.656,17.266,10.945
2020-12-08,2.372,7.091,9.875,16.523,9.18
2020-12-09,9.313,7.676,10.109,17.477,8.276
2020-12-10,2.204,8.703,9.109,18.203,9.219
2020-12-11,4.51,8.455,8.984,17.781,9.285
2020-12-12,0.991,7.01,10.18,16.648,8.564
2020-12-13,0.0,7.752,8.867,16.742,8.983
2020-12-14,0.0,9.075,8.352,18.25,8.067
2020-12-15,2.07,6.921,9.125,15.758,7.463
2020-12-16,0.253,9.277,7.594,18.055,7.28
2020-12-17,0.0,5.934,9.531,14.742,6.989
2020-12-18,0.0,7.03,9.719,16.352,7.735
2020-12-19,6.154,7.305,9.328,16.445,7.25
2020-12-20,2.724,6.325,9.82,15.469,7.36
2020-12-21,8.513,8.76,8.148,17.68,7.23
2020-12-22,0.0,6.992,9.719,16.281,7.163
2020-12-23,0.0,8.555,9.805,18.484,8.458
2020-12-24,6.79,6.653,11.18,16.914,14.689
2020-12-25,16.677,8.04,10.367,18.148,8.423
2020-12-26,1.675,5.676,10.812,15.367,8.525
2020-12-27,17.526,7.555,10.234,17.383,9.18
2020-12-28,6.388,7.495,9.562,16.828,9.401
2020-12-29,0.501,7.544,9.523,16.875,11.567
2020-12-30,33.6,9.504,8.875,19.148,9.573
2020-12-31,1.243,8.939,9.039,18.461,8.289
2021-01-01,0.0,8.254,10.039,18.203,8.918
2021-01-02,0.185,7.277,9.344,16.367,11.249
2021-01-03,3.395,6.862,9.969,16.234,10.031
2021-01-04,8.403,7.197,9.852,16.609,8.486
2021-01-05,4.884,7.314,9.641,16.617,11.17
2021-01-06,26.822,5.405,9.977,14.32,14.246
2021-01-07,9.573,8.102,8.758,17.086,16.402
2021-01-08,8.064,7.493,8.305,15.898,21.267
2021-01-09,0.189,6.942,9.055,15.641,14.516
2021-01-10,0.0,7.103,8.812,15.688,19.0
2021-01-11,2.191,6.798,8.875,15.328,11.745
2021-01-12,0.0,7.984,9.195,17.133,13.452
2021-01-13,0.0,8.672,8.172,17.383,16.08
2021-01-14,0.0,9.06,8.852,18.352,11.55
2021-01-15,0.0,9.4,9.539,19.242,9.258
2021-01-16,1.207,9.485,9.133,19.07,8.342
2021-01-17,0.555,9.068,10.008,19.078,7.499
2021-01-18,0.0,8.677,9.016,17.867,7.612
2021-01-19,0.0,9.76,9.078,19.375,7.403
2021-01-20,0.0,8.552,8.664,17.438,7.302
2021-01-21,0.416,8.821,8.25,17.508,7.0
2021-01-22,15.345,6.663,9.602,15.516,7.742
2021-01-23,0.0,8.322,8.781,17.172,10.895
2021-01-24,2.18,7.862,9.477,17.0,9.625
2021-01-25,0.86,6.571,9.836,15.547,8.211
2021-01-26,4.207,6.582,10.117,15.75,8.46
2021-01-27,0.0,8.944,8.977,18.062,8.028
2021-01-28,5.179,10.115,8.148,19.102,7.756
2021-01-29,3.486,10.102,9.695,20.047,7.18
2021-01-30,1.899,8.822,8.992,17.852,7.22
2021-01-31,0.0,9.423,5.195,16.25,6.38
2021-02-01,0.0,7.364,8.797,15.734,7.163
2021-02-02,0.0,7.866,9.945,17.203,7.232
2021-02-03,0.0,8.23,9.617,17.43,7.016
2021-02-04,0.0,6.733,9.219,15.164,7.223
2021-02-05,0.0,7.905,9.633,16.984,7.15
2021-02-06,0.0,7.59,9.922,16.758,6.72
2021-02-07,0.862,7.42,10.016,16.602,6.28
2021-02-08,10.888,8.25,10.422,17.938,7.0
2021-02-09,1.475,8.398,9.914,17.75,6.652
2021-02-10,29.423,8.314,9.312,17.211,12.503
2021-02-11,0.0,7.946,11.016,17.938,13.788
2021-02-12,0.0,8.542,10.195,18.109,25.283
2021-02-13,0.0,9.149,9.305,18.266,16.491
2021-02-14,0.0,9.037,8.648,17.656,9.444
2021-02-15,19.058,8.001,9.961,17.18,7.884
2021-02-16,27.507,6.979,9.094,15.234,7.263
2021-02-17,0.0,8.019,9.414,16.805,7.001
2021-02-18,3.938,5.264,11.766,15.266,9.029
2021-02-19,14.167,6.585,10.789,16.016,11.278
2021-02-20,17.787,8.821,8.797,17.391,23.265
2021-02-21,0.773,8.764,9.281,17.641,19.017
2021-02-22,0.0,7.013,9.711,15.688,15.73
2021-02-23,9.264,7.741,9.719,16.602,10.72
2021-02-24,19.362,5.641,9.469,13.781,10.492
2021-02-25,16.895,6.797,10.453,15.938,18.308
2021-02-26,0.997,6.931,10.461,16.109,13.908
2021-02-27,0.0,7.673,10.016,16.711,12.583
2021-02-28,0.366,6.89,11.219,16.617,17.946
2021-03-01,9.842,8.059,10.273,17.336,25.911
2021-03-02,8.172,7.741,10.664,17.234,22.471
2021-03-03,0.662,6.006,9.797,14.453,42.341
2021-03-04,3.438,7.586,9.68,16.312,53.16
2021-03-05,0.0,6.904,9.852,15.57,35.906
2021-03-06,6.04,8.237,8.953,16.602,23.324
2021-03-07,1.476,6.313,9.703,14.742,16.309
2021-03-08,6.235,4.77,9.57,12.812,25.956
2021-03-09,0.0,9.253,9.227,18.062,20.575
2021-03-10,20.564,5.636,9.383,13.641,20.094
2021-03-11,8.938,5.657,10.477,14.539,22.001
2021-03-12,1.158,8.677,9.602,17.594,24.269
2021-03-13,7.68,7.605,9.445,16.109,28.722
2021-03-14,0.0,9.558,9.953,18.922,23.453
2021-03-15,33.572,5.692,9.625,13.898,30.161
2021-03-16,7.562,8.755,8.758,17.086,22.708
2021-03-17,1.659,7.211,9.273,15.477,18.825
2021-03-18,15.624,7.483,9.828,16.227,26.335
2021-03-19,5.861,7.597,9.188,15.906,21.083
2021-03-20,5.553,9.178,9.984,18.477,21.28
2021-03-21,1.776,8.583,8.539,16.727,18.343
2021-03-22,8.732,5.642,8.516,12.961,19.823
2021-03-23,0.896,8.414,8.711,16.617,16.786
2021-03-24,3.697,7.203,9.539,15.68,17.041
2021-03-25,0.0,8.609,8.758,16.914,15.509
2021-03-26,0.141,9.154,9.805,18.312,16.428
2021-03-27,5.454,7.859,10.109,16.93,14.7
2021-03-28,0.0,6.901,10.539,16.055,15.126
2021-03-29,0.0,6.595,10.023,15.305,16.046
2021-03-30,0.0,7.164,9.336,15.516,14.905
2021-03-31,0.0,6.588,10.102,15.375,15.586
2021-04-01,1.41,8.077,9.727,16.945,13.389
2021-04-02,13.131,7.971,10.203,17.156,13.004
2021-04-03,0.0,8.734,9.812,17.859,10.356
2021-04-04,23.852,6.741,9.828,15.375,16.046
2021-04-05,4.701,8.334,8.766,16.648,14.24
2021-04-06,0.0,5.99,9.203,14.0,12.606
2021-04-07,0.0,6.636,8.656,14.383,11.883
2021-04-08,0.0,8.376,8.859,16.797,10.856
2021-04-09,0.0,7.646,8.211,15.414,11.275
2021-04-10,0.0,8.029,8.414,16.047,10.476
2021-04-11,0.0,8.715,9.398,17.633,9.9
2021-04-12,23.595,5.161,9.203,13.055,16.589
2021-04-13,0.0,8.031,7.984,15.805,16.834
2021-04-14,0.0,8.766,9.703,17.953,12.173
2021-04-15,7.252,6.378,9.641,14.867,20.573
2021-04-16,2.456,9.079,8.953,17.875,15.56
2021-04-17,7.955,6.261,9.031,14.289,11.962
2021-04-18,0.906,8.185,9.117,16.844,16.332
2021-04-19,10.569,7.165,10.062,16.211,13.542
2021-04-20,2.806,9.562,8.43,18.234,13.614
2021-04-21,1.311,8.266,8.953,16.867,12.468
2021-04-22,0.904,8.0,8.805,16.438,9.74
2021-04-23,0.804,7.258,9.5,15.977,10.24
2021-04-24,11.761,8.271,9.602,17.391,9.861
2021-04-25,17.644,8.932,8.828,17.75,12.663
2021-04-26,6.306,6.438,10.797,15.945,10.411
2021-04-27,14.844,6.845,10.5,16.258,20.092
2021-04-28,2.217,7.054,10.203,16.312,20.751
2021-04-29,2.151,6.407,9.062,14.633,16.934
2021-04-30,7.0,7.112,9.695,16.055,18.367
2021-05-01,19.227,8.024,9.742,17.289,22.017
2021-05-02,3.915,7.817,10.461,17.555,18.001
2021-05-03,14.295,7.025,10.773,16.789,17.673
2021-05-04,2.87,9.035,9.938,18.82,14.282
2021-05-05,1.337,6.597,11.273,16.625,18.643
2021-05-06,14.385,7.685,10.742,17.633,28.457
2021-05-07,1.47,9.297,10.656,19.688,22.015
2021-05-08,0.889,6.499,10.055,15.641,21.618
2021-05-09,2.419,6.153,10.82,15.805,17.372
2021-05-10,0.0,5.131,10.031,13.922,24.137
2021-05-11,0.0,6.111,9.805,14.992,19.517
2021-05-12,0.0,6.155,9.773,15.031,15.861
2021-05-13,0.0,7.749,9.703,17.094,19.339
2021-05-14,0.0,7.695,10.883,17.883,20.364
2021-05-15,15.547,6.732,10.742,16.539,20.195
2021-05-16,1.08,8.398,10.648,18.672,15.484
2021-05-17,21.871,4.68,11.07,14.336,20.228
2021-05-18,0.0,6.101,10.273,15.422,22.448
2021-05-19,0.0,7.782,8.828,16.633,28.225
2021-05-20,0.0,8.037,9.57,17.508,20.176
2021-05-21,0.0,8.105,10.594,18.328,22.75
2021-05-22,2.582,7.506,11.039,17.875,17.955
2021-05-23,0.0,6.447,11.117,16.562,14.956
2021-05-24,0.74,6.677,11.414,17.094,17.203
2021-05-25,0.0,5.349,10.789,14.93,20.74
2021-05-26,0.0,5.555,10.398,14.914,13.881
2021-05-27,0.0,6.585,10.461,16.289,20.914
2021-05-28,0.0,8.963,8.984,18.523,15.806
2021-05-29,2.08,7.668,10.695,17.93,24.833
2021-05-30,0.347,7.079,10.719,17.18,17.096
2021-05-31,1.73,5.403,11.406,15.57,12.845
2021-06-01,3.23,8.103,9.656,17.844,18.146
2021-06-02,0.0,7.984,10.438,18.219,17.184
2021-06-03,0.929,8.196,10.031,18.258,15.798
2021-06-04,7.572,7.289,10.25,17.172,22.718
2021-06-05,16.868,7.329,9.758,16.883,19.485
2021-06-06,0.0,7.02,9.547,16.32,16.356
2021-06-07,25.165,5.606,10.883,15.438,14.449
2021-06-08,0.0,5.397,10.469,14.875,18.538
2021-06-09,0.0,7.511,10.453,17.664,17.476
2021-06-10,5.137,7.265,9.82,16.883,13.968
2021-06-11,2.733,7.01,10.484,17.016,24.364
2021-06-12,0.0,8.861,10.883,19.836,25.186
2021-06-13,22.965,5.281,10.289,14.594,28.587
2021-06-14,0.162,8.743,10.312,19.289,23.529
2021-06-15,26.447,5.107,10.766,14.742,35.441
2021-06-16,17.766,7.149,9.453,16.5,26.798
2021-06-17,0.0,6.692,10.094,16.328,23.807
2021-06-18,0.0,7.304,9.391,16.664,26.396
2021-06-19,0.0,7.921,10.273,18.156,25.226
2021-06-20,4.105,6.47,10.523,16.352,38.027
2021-06-21,0.0,6.136,9.586,15.188,34.358
2021-06-22,0.0,8.07,8.242,16.992,26.586
2021-06-23,0.0,6.16,8.539,14.445,24.314
2021-06-24,0.0,8.148,9.305,17.805,26.054
2021-06-25,0.0,7.01,8.188,15.414,22.998
2021-06-26,0.0,8.064,9.141,17.57,18.293
2021-06-27,0.172,7.123,9.625,16.586,22.149
2021-06-28,3.811,6.812,9.016,15.719,20.051
2021-06-29,0.0,7.205,8.523,15.93,19.88
2021-06-30,0.7,5.952,9.211,14.664,28.264
2021-07-01,0.0,6.749,8.023,14.906,19.134
2021-07-02,0.341,7.31,7.766,15.539,16.815
2021-07-03,0.165,7.59,7.477,15.758,16.455
2021-07-04,0.0,8.036,6.664,15.852,14.854
2021-07-05,0.602,7.927,7.203,16.047,15.092
2021-07-06,0.0,6.201,8.477,14.445,16.523
2021-07-07,0.0,6.936,8.516,15.492,15.015
2021-07-08,0.486,6.686,8.977,15.453,16.24
2021-07-09,0.0,5.491,9.555,14.258,14.599
2021-07-10,0.0,6.935,9.375,16.078,33.2
2021-07-11,0.0,5.358,10.312,14.68,28.347
2021-07-12,0.0,5.453,10.25,14.727,25.173
2021-07-13,0.448,6.271,9.141,14.969,16.402
2021-07-14,0.0,7.569,9.258,16.82,20.263
2021-07-15,0.0,8.618,9.141,18.203,16.879
2021-07-16,0.0,8.259,8.375,17.18,15.739
2021-07-17,0.0,7.11,10.414,17.0,15.043
2021-07-18,12.949,6.276,10.055,15.594,47.605
2021-07-19,6.347,6.623,9.953,15.984,42.567
2021-07-20,0.0,5.898,9.727,14.812,26.764
2021-07-21,0.176,5.139,9.445,13.641,35.014
2021-07-22,1.932,5.503,9.992,14.516,32.679
2021-07-23,4.81,5.073,10.078,14.023,29.827
2021-07-24,0.427,6.243,9.508,15.102,18.123
2021-07-25,0.0,6.411,9.055,14.977,19.424
2021-07-26,1.51,7.287,9.617,16.555,20.729
2021-07-27,7.982,6.912,9.859,16.211,19.22
2021-07-28,1.658,7.299,9.797,16.672,19.358
2021-07-29,2.286,8.012,9.102,17.148,30.223
2021-07-30,8.214,6.372,9.148,14.93,34.295
2021-07-31,0.0,7.644,9.32,16.758,19.67
2021-08-01,0.0,5.638,10.07,14.664,15.734
2021-08-02,0.0,5.081,9.438,13.445,21.981
2021-08-03,0.0,5.472,8.297,13.008,27.309
2021-08-04,0.0,7.835,6.375,14.961,19.163
2021-08-05,0.0,8.408,5.883,15.453,17.164
2021-08-06,0.0,7.758,6.531,14.922,16.641
2021-08-07,0.0,8.87,8.156,17.516,14.888
2021-08-08,0.0,8.647,8.984,17.734,14.053
2021-08-09,0.0,7.294,10.109,16.711,12.98
2021-08-10,0.289,7.551,9.734,16.766,13.84
2021-08-11,0.0,7.893,9.094,16.758,21.308
2021-08-12,0.0,6.546,8.953,14.828,23.996
2021-08-13,4.766,7.163,9.773,16.242,18.123
2021-08-14,4.312,7.662,9.375,16.594,17.543
2021-08-15,16.782,8.337,9.281,17.406,23.892
2021-08-16,0.0,7.678,9.383,16.594,21.701
2021-08-17,0.0,7.029,9.672,15.938,21.571
2021-08-18,29.954,7.207,9.719,16.188,29.748
2021-08-19,5.158,7.166,9.688,16.094,32.055
2021-08-20,0.0,8.768,8.977,17.695,19.757
2021-08-21,0.0,7.87,8.273,15.992,21.306
2021-08-22,0.0,8.247,10.391,17.953,16.24
2021-08-23,0.0,7.707,9.312,16.484,23.287
2021-08-24,0.0,8.171,9.734,17.359,17.167
2021-08-25,0.0,7.581,10.641,17.25,18.695
2021-08-26,12.261,8.535,10.188,18.133,18.517
2021-08-27,0.0,8.144,10.258,17.664,15.803
2021-08-28,20.487,8.578,10.367,18.289,19.008
2021-08-29,26.977,6.154,9.375,14.492,14.065
2021-08-30,0.439,6.434,9.711,15.055,16.574
2021-08-31,0.0,7.868,9.641,16.82,15.636
2021-09-01,3.818,7.593,9.086,16.062,18.05
2021-09-02,0.0,9.614,8.469,18.289,16.029
2021-09-03,11.809,8.524,9.227,17.367,13.219
2021-09-04,9.867,9.78,8.312,18.398,13.798
2021-09-05,0.0,8.863,8.43,17.242,15.807
2021-09-06,2.714,5.022,9.57,13.188,18.992
2021-09-07,0.0,8.438,7.461,16.016,19.227
2021-09-08,0.0,8.304,9.594,17.289,14.735
2021-09-09,0.0,8.414,9.617,17.43,12.022
2021-09-10,2.185,6.955,9.875,15.75,16.367
2021-09-11,0.0,7.173,9.883,16.023,15.331
2021-09-12,0.247,5.167,9.836,13.547,15.79
2021-09-13,0.0,8.544,8.797,17.008,17.993
2021-09-14,0.0,9.636,8.625,18.305,12.35
2021-09-15,0.0,8.216,8.516,16.375,10.712
2021-09-16,0.0,6.886,8.734,14.828,11.118
2021-09-17,0.0,8.059,8.445,16.117,15.143
2021-09-18,0.0,9.885,7.0,17.586,15.729
2021-09-19,0.0,9.525,8.531,18.086,10.344
2021-09-20,0.0,9.613,8.539,18.203,9.756
2021-09-21,16.618,7.262,9.289,15.672,10.712
2021-09-22,0.0,6.838,9.656,15.414,12.547
2021-09-23,0.883,7.495,8.898,15.68,19.165
2021-09-24,0.0,7.767,8.461,15.734,15.465
2021-09-25,5.013,6.281,9.18,14.352,19.309
2021-09-26,0.0,9.483,7.805,17.547,15.96
2021-09-27,0.0,9.981,6.82,17.594,11.34
2021-09-28,0.0,9.742,8.461,18.328,10.057
2021-09-29,0.0,8.672,9.367,17.531,11.238
2021-09-30,3.794,7.386,9.359,15.883,19.951
2021-10-01,0.0,7.753,8.711,15.898,13.886
2021-10-02,0.0,8.913,8.367,17.18,11.628
2021-10-03,0.0,9.54,8.289,17.961,10.28
2021-10-04,0.0,9.308,9.273,18.312,9.756
2021-10-05,0.0,7.269,11.109,17.039,10.428
2021-10-06,0.0,7.036,9.578,15.633,12.485
2021-10-07,1.615,7.956,10.234,17.273,13.697
2021-10-08,0.0,7.923,9.93,17.008,9.979
2021-10-09,0.0,8.097,9.82,17.164,9.756
2021-10-10,22.628,6.755,9.422,15.172,11.001
2021-10-11,0.205,7.493,9.695,16.32,10.506
2021-10-12,0.0,8.483,9.297,17.32,9.154
2021-10-13,10.362,9.475,9.117,18.5,14.248
2021-10-14,12.076,10.396,8.453,19.289,21.859
2021-10-15,1.638,8.264,9.891,17.469,14.553
2021-10-16,53.093,7.445,9.07,15.844,14.997
2021-10-17,0.598,6.291,9.844,14.961,15.637
2021-10-18,0.294,8.277,8.336,16.453,13.295
2021-10-19,0.0,7.355,8.742,15.516,19.191
2021-10-20,0.0,7.878,9.297,16.617,18.077
2021-10-21,14.201,7.159,10.719,16.727,13.253
2021-10-22,1.974,7.445,10.648,17.039,19.207
2021-10-23,12.042,8.119,11.039,18.188,16.488
2021-10-24,1.249,8.062,9.586,17.094,13.849
2021-10-25,12.886,8.785,10.328,18.547,15.552
2021-10-26,30.301,7.121,10.469,16.562,14.017
2021-10-27,15.76,7.921,9.578,16.953,19.625
2021-10-28,0.0,7.088,10.195,16.336,13.253
2021-10-29,0.0,7.702,8.781,16.125,12.486
2021-10-30,0.0,9.341,6.594,16.93,13.219
2021-10-31,0.0,7.508,10.0,16.758,13.866
2021-11-01,1.937,8.51,9.625,17.82,11.551
2021-11-02,5.899,8.917,9.977,18.617,14.022
2021-11-03,20.829,9.119,9.156,18.359,16.888
2021-11-04,2.349,9.014,9.102,18.18,18.107
2021-11-05,0.253,9.202,9.211,18.516,22.207
2021-11-06,0.642,7.38,10.289,16.883,15.752
2021-11-07,0.0,7.93,8.508,16.367,12.143
2021-11-08,2.835,7.341,9.07,15.969,12.742
2021-11-09,9.982,8.484,9.289,17.656,14.841
2021-11-10,19.574,6.419,10.547,15.875,13.805
2021-11-11,16.049,8.1,11.125,18.477,16.574
2021-11-12,0.447,6.84,10.922,16.727,25.721
2021-11-13,13.909,7.577,9.367,16.562,22.144
2021-11-14,0.0,8.161,9.484,17.453,15.808
2021-11-15,21.664,8.135,9.672,17.555,13.679
2021-11-16,19.09,6.805,10.555,16.438,11.164
2021-11-17,0.0,8.28,10.398,18.281,11.532
2021-11-18,5.253,6.298,10.656,15.891,13.428
2021-11-19,0.0,5.788,10.703,15.297,11.996
2021-11-20,0.0,6.656,10.062,15.93,19.216
2021-11-21,2.864,8.745,9.016,18.023,12.007
2021-11-22,1.701,7.837,8.727,16.586,9.795
2021-11-23,9.387,6.13,9.805,15.102,10.044
2021-11-24,0.194,6.296,9.93,15.398,15.472
2021-11-25,28.759,4.336,10.078,13.086,25.487
2021-11-26,4.809,8.129,9.648,17.672,17.292
2021-11-27,0.0,8.93,8.75,18.18,13.798
2021-11-28,0.858,7.907,8.625,16.68,11.222
2021-11-29,25.059,6.305,10.109,15.57,10.921
2021-11-30,5.632,6.005,9.742,14.922,20.324
2021-12-01,0.0,8.773,8.242,17.672,13.245
2021-12-02,0.0,9.421,8.68,18.875,9.848
2021-12-03,6.319,7.061,10.359,16.812,9.865
2021-12-04,12.0,7.731,8.719,16.555,11.59
2021-12-05,1.229,6.785,9.555,15.852,10.031
2021-12-06,0.0,6.199,10.281,15.625,9.704
2021-12-07,1.637,6.734,9.133,15.492,8.983
2021-12-08,0.0,6.752,9.969,16.133,9.768
2021-12-09,5.43,8.235,8.258,16.984,11.384
2021-12-10,19.759,6.347,11.164,16.5,10.083
2021-12-11,38.655,5.275,11.023,15.047,17.67
2021-12-12,0.295,5.937,11.508,16.258,25.791
2021-12-13,0.0,8.232,10.352,18.445,25.78
2021-12-15,0.0,8.241,10.109,18.266,15.172
2021-12-16,0.0,6.076,10.328,15.523,12.146
2021-12-17,0.0,7.32,10.219,17.109,12.435
2021-12-18,0.0,6.129,11.586,16.578,16.051
2021-12-19,0.0,6.977,10.742,17.023,35.23
2021-12-20,0.0,7.65,10.523,17.75,23.337
2021-12-21,0.0,7.258,11.023,17.586,16.181
2021-12-22,0.0,6.797,11.945,17.688,14.735
2021-12-23,0.0,7.802,10.758,18.133,12.282
2021-12-24,11.631,7.933,11.203,18.609,11.867
2021-12-25,19.096,6.937,10.297,16.633,10.123
2021-12-26,0.0,7.45,10.68,17.586,10.839
2021-12-27,0.0,9.187,9.18,18.93,11.033
2021-12-28,8.018,8.188,9.219,17.57,9.769
2021-12-29,17.149,6.106,9.977,15.273,10.293
2021-12-30,19.007,8.472,10.016,18.484,13.379
2021-12-31,0.0,8.298,8.695,17.359,9.95
2022-01-01,0.0,8.57,8.984,17.914,8.735
2022-01-02,0.0,9.102,8.742,18.484,10.096
2022-01-03,39.146,8.656,9.711,18.508,9.481
2022-01-04,0.0,7.43,9.414,16.625,10.463
2022-01-05,0.0,4.686,11.289,14.578,14.144
2022-01-06,0.0,5.884,10.164,15.086,13.152
2022-01-07,0.0,8.113,8.453,16.852,9.925
2022-01-08,0.0,10.557,6.609,19.125,10.819
2022-01-09,0.0,8.24,8.5,17.047,12.302
2022-01-10,1.313,6.922,10.312,16.523,10.385
2022-01-11,0.0,7.198,10.289,16.883,12.716
2022-01-12,0.0,7.579,10.82,17.734,9.573
2022-01-13,0.0,5.083,10.156,14.031,11.209
2022-01-14,7.543,4.995,9.562,13.43,21.237
2022-01-15,33.358,7.847,7.633,15.852,12.314
2022-01-16,6.458,7.599,8.094,15.805,9.952
2022-01-17,1.739,7.972,7.094,15.641,9.992
2022-01-18,0.0,7.4,6.781,14.602,9.795
2022-01-19,0.0,5.807,9.773,14.578,10.005
2022-01-20,5.416,5.837,9.977,14.758,11.092
2022-01-21,0.0,7.859,8.852,16.609,9.887
2022-01-22,0.0,7.508,10.336,17.164,9.363
2022-01-23,0.0,6.674,10.008,15.82,10.62
2022-01-24,0.0,8.158,10.914,18.414,10.646
2022-01-25,4.51,6.589,9.93,15.625,9.69
2022-01-26,56.052,8.212,9.148,17.203,10.437
2022-01-27,2.023,7.003,11.039,16.969,15.535
2022-01-28,4.401,7.71,11.57,18.234,11.225
2022-01-29,0.0,8.443,10.461,18.359,8.735
2022-01-30,0.0,6.165,11.656,16.359,9.821
2022-01-31,0.0,6.789,10.297,16.094,9.429
2022-02-01,0.0,7.855,10.352,17.5,8.944
2022-02-02,0.0,7.134,9.586,15.992,7.534
2022-02-03,0.0,9.624,7.648,17.992,10.063
2022-02-04,0.669,8.251,8.422,16.617,10.738
2022-02-05,18.414,7.525,9.602,16.469,10.764
2022-02-06,2.359,7.472,9.766,16.508,13.973
2022-02-07,9.18,6.693,9.711,15.461,11.229
2022-02-08,38.597,5.668,9.758,14.203,13.887
2022-02-09,0.0,8.218,8.578,16.602,15.912
2022-02-10,1.938,9.433,8.633,18.25,10.754
2022-02-11,12.543,8.293,9.602,17.391,10.358
2022-02-12,0.0,7.965,9.758,17.047,10.568
2022-02-13,0.0,7.265,9.898,16.227,9.036
2022-02-14,16.948,6.28,9.984,15.047,10.267
2022-02-15,7.439,7.532,10.102,16.703,11.0
2022-02-16,0.0,8.424,9.406,17.336,9.35
2022-02-17,16.893,9.513,8.227,17.969,8.8
2022-02-18,24.79,7.68,9.656,16.523,8.708
2022-02-19,22.506,8.574,10.156,18.008,11.314
2022-02-20,2.678,6.226,10.688,15.5,13.425
2022-02-21,0.0,7.742,10.461,17.148,18.483
2022-02-22,2.917,9.109,8.562,17.586,15.637
2022-02-23,0.0,8.56,8.812,17.016,10.843
2022-02-24,0.0,6.874,10.156,15.82,10.031
2022-02-25,10.203,6.809,10.5,15.992,12.198
2022-02-26,0.0,6.843,10.562,16.062,24.948
2022-02-27,7.122,6.503,9.555,14.891,35.973
2022-02-28,0.0,7.208,9.633,15.82,33.311
2022-03-01,13.448,7.55,9.586,16.211,23.819
2022-03-02,9.1,7.205,9.93,16.023,27.072
2022-03-03,0.0,7.971,9.648,16.781,28.664
2022-03-04,0.0,7.672,9.367,16.18,18.941
2022-03-05,2.58,8.568,9.938,17.695,13.832
2022-03-06,6.65,5.775,10.531,14.734,17.564
2022-03-07,0.763,10.271,10.438,20.18,19.776
2022-03-08,0.412,9.107,10.023,18.43,18.623
2022-03-09,0.0,10.748,8.555,19.586,14.854
2022-03-10,0.202,8.582,9.18,17.203,14.019
2022-03-11,0.0,8.487,10.164,17.734,18.227
2022-03-12,2.486,8.281,9.227,16.805,14.18
2022-03-13,17.145,9.36,8.906,17.969,12.214
2022-03-14,6.116,10.459,9.055,19.484,12.287
2022-03-15,6.856,8.319,10.0,17.406,18.759
2022-03-16,1.628,8.415,9.062,16.867,13.103
2022-03-17,3.577,8.166,9.953,17.18,15.773
2022-03-18,0.151,7.928,9.18,16.32,11.551
2022-03-19,0.0,5.693,10.594,14.656,11.986
2022-03-20,21.262,7.065,9.586,15.523,11.945
2022-03-21,6.739,7.09,9.836,15.766,12.383
2022-03-22,4.166,6.118,9.844,14.594,9.939
2022-03-23,0.0,7.298,9.812,15.992,10.411
2022-03-24,0.0,6.955,10.383,15.992,10.306
2022-03-25,0.0,8.018,10.383,17.305,10.659
2022-03-26,15.062,5.441,9.797,13.766,9.874
2022-03-27,15.506,5.853,10.133,14.5,12.323
2022-03-28,15.331,7.545,9.523,16.109,16.233
2022-03-29,8.068,7.295,10.008,16.156,12.298
2022-03-30,0.0,6.591,10.18,15.414,10.803
2022-03-31,5.981,5.995,10.414,14.898,14.196
2022-04-01,0.0,7.332,10.016,16.242,13.968
2022-04-02,0.0,6.97,10.5,16.133,11.338
2022-04-03,0.0,8.38,8.5,16.5,9.795
2022-04-04,6.713,7.129,8.805,15.102,10.398
2022-04-05,0.0,8.781,8.422,16.992,11.183
2022-04-06,0.0,8.248,9.648,17.156,10.528
2022-04-07,0.3,9.063,9.188,17.906,10.751
2022-04-08,0.0,6.982,10.117,15.922,10.843
2022-04-09,0.519,8.384,10.289,17.828,10.502
2022-04-10,5.278,8.221,9.938,17.359,10.424
2022-04-11,5.93,7.938,9.016,16.367,10.725
2022-04-12,0.0,6.313,10.258,15.234,10.515
2022-04-13,0.0,6.446,10.07,15.273,10.253
2022-04-14,0.0,7.929,8.906,16.312,10.07
2022-04-15,5.549,7.897,9.07,16.398,8.997
2022-04-16,0.0,8.226,8.391,16.375,8.067
2022-04-17,35.823,8.36,9.914,17.617,10.371
2022-04-18,25.699,7.586,10.367,16.969,10.384
2022-04-19,4.951,6.381,10.312,15.422,11.893
2022-04-20,0.0,5.911,10.562,15.078,19.142
2022-04-21,16.894,8.785,9.531,17.984,17.016
2022-04-22,5.287,9.09,10.742,19.203,18.779
2022-04-23,1.89,7.965,11.359,18.219,16.419
2022-04-24,17.171,6.96,10.93,16.672,19.703
2022-04-25,10.603,5.212,10.469,14.211,22.871
2022-04-26,0.0,7.722,8.797,16.125,15.955
2022-04-27,0.0,8.368,9.742,17.664,13.389
2022-04-28,3.607,5.904,9.414,14.25,13.136
2022-04-29,0.597,6.409,9.156,14.742,11.26
2022-04-30,0.0,6.19,8.391,13.867,11.173
2022-05-01,0.0,6.566,9.172,14.953,17.356
2022-05-02,0.0,8.01,8.078,16.133,12.519
2022-05-03,0.0,9.261,9.375,18.711,10.699
2022-05-04,0.0,7.124,10.695,16.852,9.874
2022-05-05,17.143,4.459,10.305,13.305,11.904
2022-05-06,0.0,7.875,10.617,17.789,11.592
2022-05-07,0.0,5.844,10.328,15.016,12.248
2022-05-08,0.0,8.292,9.008,17.266,12.674
2022-05-09,3.304,8.011,8.805,16.766,11.36
2022-05-10,0.401,8.29,9.391,17.547,10.358
2022-05-11,2.232,7.371,11.203,17.656,11.353
2022-05-12,0.0,4.895,11.594,14.953,10.889
2022-05-13,0.0,6.989,10.25,16.5,19.581
2022-05-14,0.0,6.684,11.219,16.844,17.338
2022-05-15,0.0,6.939,11.734,17.555,24.305
2022-05-16,41.873,5.218,11.25,15.062,21.694
2022-05-17,12.368,4.685,10.875,14.141,29.203
2022-05-18,4.119,5.84,10.375,15.188,24.077
2022-05-19,0.0,5.61,10.344,14.891,33.575
2022-05-20,0.0,7.521,9.266,16.586,22.033
2022-05-21,0.0,7.391,9.391,16.516,18.632
2022-05-22,0.0,9.084,8.406,18.219,19.373
2022-05-23,7.567,5.717,10.438,15.094,14.423
2022-05-24,16.523,6.753,10.25,16.328,17.486
2022-05-25,1.764,5.782,10.406,15.188,19.114
2022-05-26,0.0,6.467,10.406,16.094,25.064
2022-05-27,0.0,5.515,10.547,14.969,33.62
2022-05-28,0.0,5.678,8.5,13.625,17.398
2022-05-29,0.0,6.182,9.836,15.312,19.441
2022-05-30,0.0,5.93,9.453,14.719,20.009
2022-05-31,12.797,7.885,8.828,16.961,19.436
2022-06-01,1.87,7.375,9.586,16.773,14.193
2022-06-02,4.372,6.95,9.898,16.43,14.564
2022-06-03,9.896,5.651,10.719,15.344,16.998
2022-06-04,18.611,7.605,10.086,17.477,22.636
2022-06-05,32.564,8.277,9.008,17.68,24.473
2022-06-06,0.982,8.725,8.25,17.836,17.425
2022-06-07,1.617,7.207,9.289,16.383,14.138
2022-06-08,4.267,6.18,11.992,17.039,16.488
2022-06-09,6.184,7.007,10.516,17.008,18.832
2022-06-10,26.07,7.638,10.203,17.664,25.802
2022-06-11,28.943,4.334,9.945,13.102,22.692
2022-06-12,0.585,4.686,9.055,12.836,21.238
2022-06-13,0.0,5.199,8.836,13.359,19.776
2022-06-14,0.0,7.057,8.773,15.867,16.446
2022-06-15,0.0,8.747,7.516,17.477,15.228
2022-06-16,0.511,7.45,8.789,16.445,14.19
2022-06-17,4.301,8.389,8.836,17.82,13.946
2022-06-18,8.15,6.582,8.664,15.141,12.1
2022-06-19,6.97,7.48,9.117,16.727,20.537
2022-06-20,1.726,5.673,9.945,14.859,16.955
2022-06-21,0.0,7.785,8.125,16.492,16.917
2022-06-22,0.0,6.986,9.695,16.445,12.81
2022-06-23,6.294,4.483,9.945,13.336,19.984
2022-06-24,0.0,6.431,9.648,15.656,28.301
2022-06-25,1.342,4.567,9.445,13.008,37.93
2022-06-26,0.0,4.955,9.336,13.422,38.668
2022-06-27,0.0,8.94,7.969,18.039,24.894
2022-06-28,0.0,8.474,7.781,17.242,17.297
2022-06-29,0.0,6.132,9.367,15.016,19.635
2022-06-30,0.0,6.889,9.492,16.164,15.56
2022-07-01,0.0,7.121,9.195,16.266,14.258
2022-07-02,0.0,5.977,10.141,15.383,12.895
2022-07-03,0.0,5.928,10.688,15.719,18.127
2022-07-04,36.309,6.116,10.516,15.844,16.306
2022-07-05,0.0,5.486,9.711,14.383,21.598
2022-07-06,0.0,6.283,10.375,15.953,22.403
2022-07-07,0.0,7.408,8.266,15.984,19.056
2022-07-08,0.0,5.14,9.898,14.07,20.327
2022-07-09,14.902,6.14,10.188,15.586,23.166
2022-07-10,0.0,5.754,10.32,15.188,24.623
2022-07-11,0.0,7.385,9.758,16.953,23.74
2022-07-12,0.0,7.357,10.031,17.109,21.454
2022-07-13,0.0,6.566,10.32,16.25,29.084
2022-07-14,4.37,7.832,10.289,17.922,23.105
2022-07-15,1.279,7.277,10.141,17.031,19.84
2022-07-16,0.0,8.59,9.898,18.672,16.565
2022-07-17,41.035,4.788,10.477,14.062,21.317
2022-07-18,1.962,4.647,9.891,13.383,23.105
2022-07-19,0.0,6.644,9.242,15.477,21.619
2022-07-20,0.314,4.687,9.922,13.445,27.859
2022-07-21,0.0,6.79,7.555,14.469,23.843
2022-07-22,0.0,7.909,9.734,17.531,19.882
2022-07-23,0.486,6.264,9.836,15.391,17.159
2022-07-24,0.3,7.387,10.68,17.469,20.873
2022-07-25,24.519,6.536,10.641,16.312,22.107
2022-07-26,0.0,6.596,10.234,16.078,23.208
2022-07-27,20.683,5.79,10.57,15.281,24.848
2022-07-28,1.505,6.323,10.0,15.516,22.765
2022-07-29,0.0,8.262,8.648,17.156,19.458
2022-07-30,0.0,7.987,9.023,17.031,17.89
2022-07-31,16.446,8.886,8.883,18.156,16.735
2022-08-01,3.637,8.373,10.328,18.43,17.041
2022-08-02,0.0,6.293,11.102,16.25,16.335
2022-08-03,2.199,6.632,10.688,16.359,15.586
2022-08-04,6.881,7.811,9.344,16.93,15.211
2022-08-05,0.12,4.831,11.195,14.539,15.075
2022-08-06,1.198,7.164,9.852,16.391,15.467
2022-08-07,0.0,7.738,9.438,16.852,13.883
2022-08-08,0.0,7.792,10.188,17.445,12.299
2022-08-09,1.068,6.194,10.453,15.562,14.615
2022-08-10,0.0,5.86,10.406,15.078,18.975
2022-08-11,5.074,7.9,9.297,16.898,22.602
2022-08-12,0.373,7.759,9.609,16.938,15.022
2022-08-13,0.0,9.054,7.938,17.539,13.168
2022-08-14,0.393,6.641,9.312,15.219,11.524
2022-08-15,0.0,7.719,9.062,16.43,12.809
2022-08-16,0.0,9.54,9.062,18.852,12.333
2022-08-17,12.356,9.196,8.688,18.133,12.648
2022-08-18,1.109,10.547,9.797,20.617,10.763
2022-08-19,0.0,7.829,10.344,17.43,11.378
2022-08-20,19.266,4.872,9.734,13.258,14.593
2022-08-21,2.537,6.75,8.312,14.523,14.019
2022-08-22,1.406,7.391,7.812,15.016,11.905
2022-08-23,0.0,9.799,6.773,17.617,10.123
2022-08-24,0.0,8.406,7.984,16.477,9.455
2022-08-25,0.0,8.595,7.797,16.602,9.442
2022-08-26,0.0,8.742,9.789,18.117,10.188
2022-08-27,0.0,9.19,8.922,18.102,10.175
2022-08-28,0.0,5.815,8.672,13.508,11.317
2022-08-29,0.943,6.987,8.688,15.031,11.757
2022-08-30,3.457,8.208,8.891,16.758,20.464
2022-08-31,0.0,8.041,9.344,16.844,13.182
2022-09-01,0.0,9.89,7.469,18.062,10.673
2022-09-02,0.0,8.415,8.273,16.578,9.874
2022-09-03,0.0,6.862,9.055,15.094,10.672
2022-09-04,0.0,6.681,8.898,14.734,11.052
2022-09-05,0.0,6.753,7.906,14.086,10.254
2022-09-06,0.0,4.587,9.133,12.336,10.057
2022-09-07,0.0,7.057,8.414,14.836,10.895
2022-09-08,0.0,10.112,8.82,19.102,9.965
2022-09-09,0.0,8.22,8.023,16.078,10.358
2022-09-10,0.0,5.908,9.742,14.398,10.295
2022-09-11,0.0,8.252,8.773,16.625,12.834
2022-09-12,0.0,11.309,7.688,19.93,12.271
2022-09-13,21.094,9.728,8.281,18.219,21.245
2022-09-14,4.042,7.931,9.602,16.766,11.893
2022-09-15,2.162,8.314,8.711,16.641,13.165
2022-09-16,9.705,5.115,9.883,13.5,14.074
2022-09-17,0.0,8.144,8.133,16.0,12.844
2022-09-18,0.0,9.633,8.898,18.469,12.435
2022-09-19,4.97,10.276,8.367,18.953,11.421
2022-09-20,13.042,9.432,9.5,18.586,11.592
2022-09-21,0.394,8.368,9.664,17.344,10.227
2022-09-22,2.946,9.521,8.539,18.078,11.36
2022-09-23,0.661,10.363,8.617,19.227,12.371
2022-09-24,15.647,8.485,8.398,16.625,10.209
2022-09-25,0.0,9.441,8.102,17.688,10.227
2022-09-26,9.915,8.775,8.109,16.812,10.371
2022-09-27,2.631,10.191,8.117,18.688,8.852
2022-09-28,7.263,8.137,8.992,16.578,8.708
2022-09-29,10.041,10.221,9.07,19.328,10.882
2022-09-30,8.525,7.997,9.18,16.531,10.555
2022-10-01,0.0,6.661,8.5,14.336,13.113
2022-10-02,0.314,6.674,6.523,12.93,10.855
2022-10-03,0.0,8.057,7.914,15.75,11.144
2022-10-04,7.864,7.941,8.359,15.906,10.489
2022-10-05,17.589,9.181,8.578,17.695,10.411
2022-10-06,22.764,8.309,10.062,17.562,11.17
2022-10-07,5.019,8.101,8.938,16.531,10.162
2022-10-08,6.802,5.847,9.141,13.812,17.005
2022-10-09,0.0,7.897,8.344,15.859,16.698
2022-10-10,0.0,6.948,8.305,14.602,11.037
2022-10-11,3.641,7.7,9.125,16.172,10.371
2022-10-12,0.0,8.252,7.609,15.875,10.974
2022-10-13,18.748,8.634,8.812,17.188,10.607
2022-10-14,3.236,8.349,10.328,17.867,10.424
2022-10-15,24.387,6.198,10.734,15.523,10.744
2022-10-16,0.522,6.855,10.188,15.906,17.408
2022-10-17,0.0,8.498,8.984,17.18,18.504
2022-10-18,12.715,8.143,10.234,17.586,12.264
2022-10-19,11.832,6.806,10.875,16.391,25.455
2022-10-20,36.738,7.044,9.906,15.969,29.625
2022-10-21,0.0,7.826,10.641,17.5,15.917
2022-10-22,28.675,7.99,11.352,18.227,25.54
2022-10-23,16.374,6.655,11.047,16.375,23.747
2022-10-24,1.692,8.443,9.953,17.867,23.66
2022-10-25,9.719,7.993,10.188,17.445,14.891
2022-10-26,72.653,5.66,11.273,15.398,13.628
2022-10-27,31.933,9.054,10.594,19.125,17.898
2022-10-28,39.703,8.528,10.578,18.445,17.04
2022-10-29,93.322,7.882,10.484,17.555,14.483
2022-10-30,0.0,10.313,10.891,20.992,11.457
2022-10-31,0.0,10.193,9.75,20.109,10.843
2022-11-01,0.0,8.839,9.961,18.484,11.052
2022-11-02,41.328,4.575,9.555,12.789,18.88
2022-11-03,0.0,6.47,7.023,13.289,16.794
2022-11-04,0.478,8.194,7.805,16.211,11.723
2022-11-05,1.235,7.319,9.648,16.32,10.686
2022-11-06,0.0,7.806,8.938,16.477,10.136
2022-11-07,0.0,7.87,8.656,16.375,10.398
2022-11-08,5.845,7.972,9.18,16.891,10.594
2022-11-09,30.168,8.824,8.781,17.789,17.584
2022-11-10,13.148,6.806,9.586,15.672,19.626
2022-11-11,0.0,7.329,9.727,16.461,11.743
2022-11-12,0.0,5.843,9.992,14.75,10.411
2022-11-13,2.542,8.412,8.992,17.43,11.157
2022-11-14,0.0,8.32,9.508,17.68,13.135
2022-11-15,2.57,7.057,10.18,16.492,15.827
2022-11-16,10.336,6.074,10.555,15.531,11.007
2022-11-17,1.939,5.778,9.852,14.609,11.091
2022-11-18,0.0,7.086,8.969,15.688,11.288
2022-11-19,0.698,9.3,7.383,17.711,9.808
2022-11-20,7.33,7.516,9.164,16.422,10.031
2022-11-21,7.0,7.856,9.961,17.461,14.181
2022-11-22,1.475,8.262,10.742,18.57,19.151
2022-11-23,3.15,7.046,9.914,16.383,14.317
2022-11-24,0.0,7.62,9.242,16.688,16.387
2022-11-25,0.0,8.163,9.195,17.391,13.917
2022-11-26,2.431,8.87,9.188,18.359,11.466
2022-11-27,0.0,7.943,9.109,17.047,11.728
2022-11-28,10.307,7.348,9.508,16.523,12.729
2022-11-29,28.804,6.352,10.492,15.938,10.767
2022-11-30,3.024,7.449,10.211,17.18,11.987
2022-12-01,10.85,7.872,10.484,17.945,9.926
2022-12-02,8.121,7.945,10.531,18.086,9.285
2022-12-03,25.172,6.528,9.906,15.75,10.752
2022-12-04,12.629,6.367,10.219,15.781,14.087
2022-12-05,2.432,7.189,9.453,16.32,16.024
2022-12-06,0.0,8.279,8.484,17.188,11.151
2022-12-07,0.0,6.525,9.703,15.625,12.185
2022-12-08,0.0,8.353,8.922,17.609,10.797
2022-12-09,0.0,6.521,9.953,15.82,11.144
2022-12-10,0.0,6.972,8.617,15.469,9.979
2022-12-11,2.024,6.983,9.078,15.82,10.45
2022-12-12,14.251,6.928,9.188,15.812,10.515
2022-12-13,0.0,8.167,8.656,17.172,10.672
2022-12-14,0.0,6.314,9.703,15.375,10.921
2022-12-15,0.0,7.328,8.172,15.664,10.974
2022-12-16,0.0,8.109,9.219,17.484,9.9
2022-12-17,0.0,7.044,10.625,17.016,9.023
2022-12-18,0.0,7.209,9.031,16.102,8.433
2022-12-19,0.0,8.297,10.156,18.383,10.817
2022-12-20,0.0,8.606,8.969,18.008,9.481
2022-12-21,0.0,8.066,9.281,17.469,8.774
2022-12-22,0.0,8.236,9.672,17.961,8.093
2022-12-23,0.0,7.716,9.656,17.234,8.014
2022-12-24,19.142,7.236,10.188,16.953,8.433
2022-12-25,12.317,7.53,10.203,17.359,8.636
2022-12-26,21.699,6.531,8.75,14.945,12.638
2022-12-27,0.0,10.156,6.859,18.836,11.668
2022-12-28,0.0,8.881,8.617,18.117,7.988
2022-12-29,0.0,9.622,8.078,18.82,7.353
2022-12-30,0.0,8.226,9.359,17.703,6.66
2022-12-31,2.201,6.761,8.742,15.242,8.503
