fecha,Precipitacion,ETP_,Temperatura_minima,Temperatura_maxima,Caudal
1981-01-01,15.804,8.136,22.012,27.938,32.35
1981-01-02,0.687,8.895,22.619,29.262,26.38
1981-01-03,0.0,9.007,23.044,29.7,13.58
1981-01-04,0.0,9.187,23.3,30.081,8.23
1981-01-05,4.206,8.251,23.456,29.137,6.17
1981-01-06,0.0,8.854,22.975,29.419,8.0
1981-01-07,0.0,8.409,22.7,28.712,3.69
1981-01-08,0.0,8.19,22.819,28.525,3.15
1981-01-09,3.522,8.352,23.163,28.956,3.8
1981-01-10,6.703,8.821,23.288,29.6,3.31
1981-01-11,0.0,7.982,23.719,28.981,3.0
1981-01-12,0.0,8.695,22.925,29.131,2.87
1981-01-13,0.0,7.342,21.887,26.775,2.74
1981-01-14,3.551,8.076,22.069,27.7,2.68
1981-01-15,0.459,8.339,22.9,28.681,8.07
1981-01-16,0.0,8.878,22.931,29.269,6.53
1981-01-17,0.0,8.361,23.375,29.031,4.77
1981-01-18,5.991,7.049,23.169,27.481,4.0
1981-01-19,0.0,7.302,23.494,28.0,3.67
1981-01-20,0.0,9.181,22.188,28.975,12.39
1981-01-21,0.0,8.908,22.781,29.087,6.23
1981-01-22,0.0,9.323,22.575,29.356,4.31
1981-01-23,0.0,9.401,22.45,29.337,3.71
1981-01-24,0.0,9.444,22.762,29.613,3.47
1981-01-25,12.085,7.669,22.575,27.506,3.2
1981-01-26,0.526,9.398,21.85,28.781,3.52
1981-01-27,7.248,8.921,23.137,29.244,4.04
1981-01-28,6.214,8.021,23.3,28.406,4.02
1981-01-29,0.0,8.013,23.481,28.519,3.4
1981-01-30,0.0,8.435,22.406,28.062,3.2
1981-01-31,2.743,8.197,24.175,29.219,8.23
1981-02-01,0.0,9.223,23.25,29.538,15.4
1981-02-02,3.833,8.612,23.275,28.863,12.4
1981-02-03,8.726,9.0,23.062,29.081,5.6
1981-02-04,0.0,8.843,23.581,29.312,11.67
1981-02-05,27.02,8.475,22.775,28.256,4.2
1981-02-06,0.0,9.276,22.919,29.206,2.22
1981-02-07,0.0,10.374,22.794,30.275,1.8
1981-02-08,0.0,8.947,23.356,29.144,1.7
1981-02-09,0.634,9.772,23.106,29.812,1.6
1981-02-10,0.0,9.775,23.244,29.894,1.5
1981-02-11,0.0,10.416,23.369,30.637,1.45
1981-02-12,6.333,10.606,23.425,30.863,1.4
1981-02-13,0.0,10.569,22.975,30.45,1.4
1981-02-14,0.0,8.921,22.606,28.387,1.4
1981-02-15,0.0,8.874,22.462,28.206,0.9
1981-02-16,0.0,9.155,23.05,28.938,1.0
1981-02-17,0.83,8.943,22.906,28.581,1.1
1981-02-18,4.733,8.817,23.375,28.819,1.3
1981-02-19,0.0,8.363,22.775,27.856,1.4
1981-02-20,48.814,8.81,23.587,28.931,1.5
1981-02-21,6.151,9.847,22.125,28.831,8.05
1981-02-22,0.211,7.457,23.294,27.363,11.24
1981-02-23,0.208,7.634,22.569,26.938,17.3
1981-02-24,6.514,8.397,22.663,27.744,25.1
1981-02-25,0.202,8.809,22.363,27.856,13.81
1981-02-26,0.0,7.518,23.825,27.819,15.11
1981-02-27,0.0,9.654,24.113,30.056,8.74
1981-02-28,8.502,8.545,24.137,28.969,4.6
1981-03-01,0.0,10.597,23.45,30.438,4.8
1981-03-02,1.397,10.308,23.075,29.825,3.8
1981-03-03,7.781,8.681,23.962,28.925,3.2
1981-03-04,0.0,10.584,23.556,30.5,19.0
1981-03-05,12.685,8.761,23.887,28.9,4.2
1981-03-06,12.427,7.513,23.694,27.587,2.87
1981-03-07,5.644,9.012,23.375,28.725,3.07
1981-03-08,17.098,7.511,23.706,27.575,196.5
1981-03-09,2.443,8.25,23.363,27.962,95.9
1981-03-10,20.194,7.74,23.506,27.594,32.7
1981-03-11,0.275,10.286,23.438,29.919,17.35
1981-03-12,5.466,9.054,23.744,28.956,13.0
1981-03-13,0.962,8.917,24.006,29.038,35.95
1981-03-14,0.0,9.382,24.019,29.469,38.22
1981-03-15,3.445,10.265,22.906,29.419,16.9
1981-03-16,0.0,8.593,24.0,28.688,9.45
1981-03-17,0.0,10.249,22.425,29.031,6.32
1981-03-18,0.0,9.903,23.2,29.3,5.2
1981-03-19,0.0,9.295,23.725,29.087,4.2
1981-03-20,0.0,10.477,23.0,29.65,3.07
1981-03-21,0.0,10.279,22.9,29.375,2.87
1981-03-22,0.0,9.409,23.219,28.781,2.87
1981-03-23,0.0,10.538,23.219,29.844,2.74
1981-03-24,1.554,10.492,23.331,29.913,2.29
1981-03-25,0.0,9.3,23.163,28.613,2.09
1981-03-26,0.0,8.586,23.7,28.394,1.96
1981-03-27,0.538,9.599,23.369,29.031,1.4
1981-03-28,0.0,9.951,24.294,30.1,1.4
1981-03-29,7.596,9.695,23.081,28.875,1.4
1981-03-30,0.133,10.572,24.3,30.656,1.4
1981-03-31,0.0,11.514,23.3,30.8,1.45
1981-04-01,0.325,11.769,24.244,31.769,1.5
1981-04-02,0.0,11.112,24.012,30.944,1.5
1981-04-03,0.0,9.02,24.788,29.6,1.3
1981-04-04,0.966,9.69,24.337,29.85,1.3
1981-04-05,23.751,10.114,23.406,29.481,7.25
1981-04-06,1.427,10.992,23.25,30.212,7.22
1981-04-07,0.381,10.109,23.562,29.613,11.65
1981-04-08,2.348,9.095,23.938,28.975,5.54
1981-04-09,0.209,9.318,24.481,29.625,2.87
1981-04-10,0.0,11.048,24.756,31.45,3.81
1981-04-11,0.0,9.337,25.175,30.212,2.68
1981-04-12,25.488,10.125,24.375,30.256,1.9
1981-04-13,11.564,10.309,23.856,30.044,1.7
1981-04-14,17.287,8.573,23.725,28.319,1.5
1981-04-15,11.923,9.876,23.294,29.169,1.3
1981-04-16,11.738,8.554,23.794,28.369,144.6
1981-04-17,5.973,11.187,23.512,30.631,47.0
1981-04-18,18.676,8.963,23.262,28.306,14.65
1981-04-19,0.0,7.202,23.562,27.038,12.4
1981-04-20,0.535,10.365,23.494,29.806,8.72
1981-04-21,0.0,9.937,23.7,29.594,7.16
1981-04-22,0.205,10.991,23.094,30.119,11.8
1981-04-23,0.728,10.146,23.613,29.706,18.8
1981-04-24,16.247,8.869,24.206,29.006,15.4
1981-04-25,12.181,11.42,23.863,31.156,14.65
1981-04-26,29.961,8.726,24.731,29.319,6.88
1981-04-27,38.794,8.621,23.794,28.456,53.91
1981-04-28,24.289,8.262,23.519,27.962,47.11
1981-04-29,6.924,9.573,23.262,28.931,56.72
1981-04-30,0.634,11.6,23.087,30.788,104.4
1981-05-01,12.885,9.967,23.812,29.738,21.95
1981-05-02,0.635,10.998,23.019,30.125,18.55
1981-05-03,0.317,10.428,23.581,30.006,5.76
1981-05-04,4.834,9.535,23.925,29.444,5.1
1981-05-05,3.983,8.216,23.381,27.806,17.2
1981-05-06,7.768,9.713,23.938,29.625,15.1
1981-05-07,12.047,10.014,23.656,29.731,13.9
1981-05-08,7.126,8.544,23.863,28.506,11.65
1981-05-09,12.817,10.195,23.913,30.1,13.6
1981-05-10,4.209,9.445,22.8,28.538,10.61
1981-05-11,4.158,10.174,22.725,29.163,32.25
1981-05-12,21.897,9.983,22.825,29.069,119.5
1981-05-13,16.332,11.076,23.231,30.475,34.5
1981-05-14,8.564,10.287,23.994,30.294,36.35
1981-05-15,6.81,9.994,24.062,30.069,28.07
1981-05-16,2.876,9.758,23.938,29.756,15.4
1981-05-17,15.547,8.402,24.031,28.569,10.46
1981-05-18,2.969,9.846,23.844,29.781,26.15
1981-05-19,6.439,10.323,23.456,29.944,15.4
1981-05-20,3.238,11.859,23.05,31.212,8.0
1981-05-21,4.635,7.685,25.206,28.962,49.8
1981-05-22,16.104,8.862,24.637,29.544,12.4
1981-05-23,4.562,7.885,24.369,28.45,9.01
1981-05-24,0.156,9.999,23.562,29.75,7.72
1981-05-25,3.749,9.3,23.625,29.131,9.45
1981-05-26,10.936,10.84,23.975,30.919,8.0
1981-05-27,10.519,8.176,24.2,28.562,45.05
1981-05-28,8.846,10.663,23.881,30.7,13.6
1981-05-29,2.107,8.472,23.85,28.594,24.35
1981-05-30,18.326,9.138,23.706,29.094,89.5
1981-05-31,5.417,9.056,23.781,29.062,22.4
1981-06-01,6.362,5.673,23.925,26.3,31.65
1981-06-02,5.417,9.349,23.181,28.869,22.4
1981-06-03,0.0,9.059,23.619,28.956,18.25
1981-06-04,1.237,10.904,23.075,30.375,19.85
1981-06-05,0.0,9.055,24.038,29.331,7.3
1981-06-06,9.807,5.931,24.231,26.769,4.7
1981-06-07,0.647,7.998,23.587,27.95,4.3
1981-06-08,15.62,6.002,23.712,26.356,19.9
1981-06-09,4.555,8.628,22.825,27.931,18.35
1981-06-10,4.667,9.48,24.225,29.894,8.0
1981-06-11,8.153,9.245,23.238,28.887,15.99
1981-06-12,19.967,8.003,23.212,27.656,94.99
1981-06-13,29.86,7.341,23.206,27.056,117.5
1981-06-14,11.862,9.822,23.356,29.55,33.3
1981-06-15,2.587,9.658,23.7,29.637,50.84
1981-06-16,9.27,6.828,23.387,26.769,26.55
1981-06-17,8.545,9.271,22.775,28.525,58.33
1981-06-18,3.153,7.087,23.762,27.3,19.12
1981-06-19,0.239,9.307,23.044,28.812,8.72
1981-06-20,1.117,9.921,22.825,29.244,28.8
1981-06-21,6.693,8.533,23.531,28.444,30.85
1981-06-22,0.512,10.12,23.45,29.925,11.8
1981-06-23,13.805,7.729,23.438,27.606,8.0
1981-06-24,0.0,9.97,23.469,29.781,5.9
1981-06-25,16.28,7.859,23.125,27.462,6.32
1981-06-26,0.0,10.322,23.375,30.069,8.14
1981-06-27,7.761,9.597,23.75,29.663,5.2
1981-06-28,15.076,7.41,23.35,27.294,5.2
1981-06-29,7.717,8.229,23.212,27.881,6.32
1981-06-30,7.42,7.622,23.025,27.163,5.1
1981-07-01,0.0,9.871,23.194,29.469,4.8
1981-07-02,0.622,9.939,23.231,29.562,4.5
1981-07-03,5.768,10.423,23.975,30.625,3.2
1981-07-04,18.236,6.88,23.294,26.794,10.35
1981-07-05,2.745,9.383,22.794,28.656,13.15
1981-07-06,2.2,9.828,23.544,29.706,10.75
1981-07-07,11.79,11.352,23.288,31.05,9.88
1981-07-08,18.571,9.982,23.975,30.175,12.25
1981-07-09,17.024,7.392,23.387,27.281,9.88
1981-07-10,3.839,8.747,23.181,28.319,7.86
1981-07-11,7.199,10.166,23.794,30.2,12.4
1981-07-12,3.823,8.256,23.131,27.869,9.01
1981-07-13,5.884,9.907,23.288,29.531,7.72
1981-07-14,3.469,9.693,22.994,29.081,5.34
1981-07-15,6.812,9.24,23.087,28.706,5.2
1981-07-16,7.687,8.491,23.387,28.225,4.6
1981-07-17,2.591,7.97,23.087,27.469,4.1
1981-07-18,2.166,9.397,22.719,28.562,3.3
1981-07-19,6.09,10.317,23.019,29.706,3.07
1981-07-20,5.736,8.547,23.413,28.281,5.47
1981-07-21,10.858,9.432,22.887,28.706,5.1
1981-07-22,5.132,10.692,23.375,30.325,4.2
1981-07-23,0.0,11.175,23.163,30.675,3.13
1981-07-24,10.91,10.31,23.119,29.725,27.3
1981-07-25,0.0,11.507,23.575,31.281,16.45
1981-07-26,0.456,9.405,24.1,29.625,5.48
1981-07-27,2.651,10.515,23.65,30.363,4.1
1981-07-28,10.738,10.94,23.344,30.512,3.4
1981-07-29,5.089,10.617,23.131,30.019,3.2
1981-07-30,5.481,9.743,23.7,29.619,3.4
1981-07-31,12.936,10.095,24.012,30.175,3.9
1981-08-01,3.884,10.6,23.438,30.219,3.4
1981-08-02,5.224,9.851,23.456,29.494,2.87
1981-08-03,7.974,10.547,23.688,30.363,2.81
1981-08-04,2.269,9.428,23.413,29.056,2.68
1981-08-05,4.992,9.199,24.681,29.837,2.55
1981-08-06,6.837,10.214,23.712,30.038,2.55
1981-08-07,12.818,9.716,23.925,29.694,14.65
1981-08-08,0.0,11.427,23.019,30.694,7.16
1981-08-09,26.659,9.124,23.45,28.744,25.25
1981-08-10,1.238,10.058,23.931,30.019,19.4
1981-08-11,9.401,9.774,23.906,29.706,11.35
1981-08-12,7.671,7.069,23.288,26.75,18.4
1981-08-13,5.08,8.422,23.381,28.025,4.3
1981-08-14,3.485,10.458,22.656,29.394,3.2
1981-08-15,0.0,9.832,23.9,29.75,3.2
1981-08-16,0.0,10.886,23.087,30.15,2.74
1981-08-17,17.552,7.799,23.887,27.869,2.61
1981-08-18,0.639,10.096,22.762,29.094,15.4
1981-08-19,16.885,10.232,23.262,29.644,5.0
1981-08-20,6.826,9.863,23.381,29.35,3.07
1981-08-21,6.166,8.841,23.738,28.669,9.1
1981-08-22,12.018,10.191,22.481,28.975,5.0
1981-08-23,9.784,7.754,23.369,27.406,17.35
1981-08-24,0.0,10.427,22.575,29.256,12.4
1981-08-25,9.275,10.765,23.038,29.969,12.55
1981-08-26,1.094,9.406,22.325,28.05,31.8
1981-08-27,2.601,9.062,22.731,28.031,5.7
1981-08-28,0.466,10.643,23.369,30.1,4.5
1981-08-29,33.918,10.598,22.944,29.7,9.92
1981-08-30,3.383,8.474,23.606,28.212,18.4
1981-08-31,8.064,10.919,22.875,29.981,31.05
1981-09-01,31.667,6.801,22.663,26.0,31.8
1981-09-02,0.0,10.388,22.069,28.837,94.99
1981-09-03,16.833,9.579,22.881,28.675,19.85
1981-09-04,12.614,9.022,22.944,28.194,31.8
1981-09-05,7.928,10.004,23.2,29.331,180.8
1981-09-06,23.576,9.726,23.056,28.95,127.3
1981-09-07,5.697,9.872,23.144,29.175,31.8
1981-09-08,16.318,10.216,23.256,29.6,79.32
1981-09-09,5.697,8.992,23.606,28.712,165.9
1981-09-10,5.742,9.262,23.794,29.125,114.0
1981-09-11,5.16,10.277,22.844,29.356,76.4
1981-09-12,13.528,10.278,23.056,29.525,115.9
1981-09-13,5.085,10.725,23.0,29.931,31.8
1981-09-14,3.423,9.501,23.712,29.325,12.4
1981-09-15,0.158,9.991,23.512,29.631,7.3
1981-09-16,7.302,10.137,23.45,29.725,24.35
1981-09-17,13.027,10.184,22.706,29.2,20.9
1981-09-18,0.0,9.85,23.581,29.556,10.17
1981-09-19,8.59,9.552,23.288,29.05,14.5
1981-09-20,0.0,9.668,23.494,29.344,37.55
1981-09-21,11.328,10.484,24.3,30.781,15.4
1981-09-22,13.017,9.66,23.887,29.656,9.45
1981-09-23,2.725,10.563,24.625,31.144,6.18
1981-09-24,11.853,9.732,23.981,29.844,93.1
1981-09-25,0.344,8.906,24.137,29.225,25.8
1981-09-26,16.474,9.633,23.944,29.738,56.05
1981-09-27,0.614,9.452,23.869,29.494,92.65
1981-09-28,32.3,9.97,23.7,29.881,30.3
1981-09-29,5.421,8.169,23.794,28.275,25.8
1981-09-30,0.309,9.286,23.594,29.181,16.75
1981-10-01,13.051,8.202,23.456,28.031,115.9
1981-10-02,0.396,8.594,24.275,29.119,86.35
1981-10-03,6.842,9.583,24.038,29.856,19.13
1981-10-04,0.0,9.75,23.35,29.494,14.8
1981-10-05,6.846,9.344,23.875,29.512,16.15
1981-10-06,0.959,9.122,23.938,29.356,40.3
1981-10-07,3.605,8.024,24.194,28.575,15.4
1981-10-08,10.877,9.618,23.375,29.438,19.88
1981-10-09,5.497,7.914,23.6,28.006,29.67
1981-10-10,4.516,8.228,23.363,28.1,37.21
1981-10-11,11.991,9.163,22.75,28.531,19.15
1981-10-12,4.775,9.407,23.306,29.244,55.52
1981-10-13,0.652,10.624,23.087,30.356,33.15
1981-10-14,3.128,9.493,23.656,29.656,17.05
1981-10-15,11.269,9.197,24.125,29.75,12.85
1981-10-16,0.0,9.634,23.744,29.9,8.58
1981-10-17,1.163,9.037,23.425,29.069,7.16
1981-10-18,0.739,8.188,24.262,28.944,9.31
1981-10-19,19.901,8.767,23.119,28.613,22.85
1981-10-20,6.338,9.665,23.356,29.712,8.29
1981-10-21,1.945,9.122,23.275,29.131,7.3
1981-10-22,5.787,8.485,23.344,28.538,10.03
1981-10-23,0.0,7.556,23.206,27.538,13.45
1981-10-24,3.946,9.365,23.425,29.562,10.32
1981-10-25,5.169,9.519,23.462,29.769,6.6
1981-10-26,1.898,9.262,23.725,29.719,12.87
1981-10-27,1.416,7.61,23.75,28.113,6.88
1981-10-28,1.796,8.421,23.581,28.794,5.0
1981-10-29,5.205,9.827,22.812,29.688,4.0
1981-10-30,24.905,8.76,23.544,29.137,16.9
1981-10-31,0.813,9.556,23.719,30.15,12.7
1981-11-01,0.0,7.25,23.288,27.469,6.04
1981-11-02,5.095,8.132,23.306,28.375,5.2
1981-11-03,0.0,8.925,23.606,29.444,4.5
1981-11-04,2.65,8.485,23.55,28.994,4.1
1981-11-05,14.592,9.284,23.363,29.688,3.8
1981-11-06,5.561,8.805,23.381,29.225,7.3
1981-11-07,12.297,8.879,23.981,29.812,5.2
1981-11-08,0.0,6.597,24.05,27.613,5.1
1981-11-09,0.284,9.294,23.225,29.681,4.5
1981-11-10,21.472,7.901,23.525,28.481,6.6
1981-11-11,5.964,10.355,23.581,31.175,4.0
1981-11-12,1.764,8.233,23.856,29.119,5.66
1981-11-13,1.981,8.25,23.419,28.812,3.2
1981-11-14,8.523,7.024,23.4,27.569,4.4
1981-11-15,0.0,8.042,23.106,28.35,5.2
1981-11-16,15.176,9.675,23.038,30.113,5.2
1981-11-17,0.331,8.323,23.369,28.919,5.0
1981-11-18,0.0,8.531,23.663,29.381,3.9
1981-11-19,1.068,7.75,23.819,28.706,3.3
1981-11-20,0.955,8.867,23.756,29.85,3.2
1981-11-21,0.0,9.028,23.944,30.2,3.07
1981-11-22,20.554,9.561,23.331,30.344,3.7
1981-11-23,4.92,8.623,23.444,29.431,6.46
1981-11-24,20.406,8.182,23.413,28.938,6.6
1981-11-25,15.497,7.781,23.556,28.613,5.76
1981-11-26,1.728,9.908,23.419,30.881,5.76
1981-11-27,9.579,8.806,23.919,30.044,5.1
1981-11-28,8.356,8.451,23.419,29.269,12.17
1981-11-29,6.078,7.789,23.581,28.694,6.04
1981-11-30,0.0,8.283,22.988,28.762,5.1
1981-12-01,7.615,7.854,23.719,28.919,5.2
1981-12-02,5.664,8.808,23.25,29.587,16.75
1981-12-03,8.988,8.384,23.163,29.087,8.72
1981-12-04,1.492,8.254,23.394,29.1,7.3
1981-12-05,8.445,7.051,23.863,28.212,5.76
1981-12-06,8.154,7.206,23.475,28.062,5.2
1981-12-07,0.612,7.814,23.325,28.594,4.7
1981-12-08,0.7,7.917,23.863,29.144,3.5
1981-12-09,26.185,7.52,23.65,28.55,3.2
1981-12-10,9.102,5.943,23.369,26.725,12.55
1981-12-11,11.168,7.365,23.113,27.956,14.65
1981-12-12,1.096,8.532,23.019,29.188,10.17
1981-12-13,0.0,8.757,23.488,29.831,7.86
1981-12-14,1.364,8.736,23.819,30.094,6.46
1981-12-15,0.0,8.836,23.725,30.087,5.2
1981-12-16,2.764,8.051,23.475,29.025,4.6
1981-12-17,0.0,9.325,23.694,30.656,4.2
1981-12-18,4.39,7.359,23.981,28.688,3.5
1981-12-19,0.401,8.051,23.475,29.012,4.9
1981-12-20,5.949,8.137,22.825,28.625,13.8
1981-12-21,13.393,6.956,23.794,28.113,5.2
1981-12-22,11.84,8.48,23.15,29.269,4.7
1981-12-23,0.092,8.904,23.188,29.762,3.8
1981-12-24,0.0,9.534,23.231,30.525,3.13
1981-12-25,1.203,7.401,23.281,28.163,2.74
1981-12-26,0.0,7.771,23.812,28.962,5.8
1981-12-27,3.876,8.858,23.712,30.106,5.0
1981-12-28,0.0,9.805,22.819,30.531,3.7
1981-12-29,6.614,8.393,23.525,29.406,2.61
1981-12-30,34.978,9.193,23.156,30.031,1.96
1981-12-31,8.089,7.992,23.194,28.712,2.38
1982-01-01,18.27,9.908,21.856,29.875,4.5
1982-01-02,41.215,7.855,22.544,27.975,4.3
1982-01-03,1.108,8.514,23.125,29.194,4.3
1982-01-04,11.547,7.402,22.85,27.738,4.1
1982-01-05,0.0,8.361,22.3,28.319,4.3
1982-01-06,0.0,7.862,22.769,28.156,3.9
1982-01-07,4.545,8.147,21.731,27.606,3.9
1982-01-08,0.0,9.478,21.762,29.194,4.0
1982-01-09,0.0,9.404,22.262,29.481,4.1
1982-01-10,0.0,9.492,22.369,29.644,4.2
1982-01-11,0.0,8.698,22.606,28.869,8.5
1982-01-12,0.0,10.063,22.637,30.488,12.0
1982-01-13,0.0,8.801,23.45,29.637,7.8
1982-01-14,0.285,8.579,23.825,29.663,7.5
1982-01-15,0.686,8.317,23.238,28.906,6.8
1982-01-16,0.0,9.474,23.012,29.988,4.7
1982-01-17,0.0,8.863,23.35,29.569,4.8
1982-01-18,0.0,9.672,22.962,30.125,4.5
1982-01-19,0.0,10.509,22.069,30.419,4.5
1982-01-20,0.0,9.52,23.45,30.288,4.3
1982-01-21,0.0,10.407,23.475,31.3,4.3
1982-01-22,0.0,9.856,23.1,30.369,3.5
1982-01-23,0.0,10.075,22.775,30.337,3.4
1982-01-24,0.0,9.081,23.125,29.45,3.4
1982-01-25,0.0,9.767,23.025,30.125,3.1
1982-01-26,0.0,9.412,22.831,29.556,2.7
1982-01-27,0.0,7.996,22.525,27.762,2.5
1982-01-28,0.0,8.366,22.544,28.137,2.6
1982-01-29,0.0,9.463,22.531,29.306,6.5
1982-01-30,0.0,8.379,23.256,28.7,6.5
1982-01-31,0.0,8.225,23.2,28.45,3.226
1982-02-01,0.0,9.193,22.956,29.262,5.3
1982-02-02,0.0,10.083,22.762,30.056,5.0
1982-02-03,1.314,9.311,22.544,29.025,8.0
1982-02-04,0.0,9.602,22.494,29.262,59.0
1982-02-05,0.0,9.173,22.837,29.044,30.7
1982-02-06,1.243,9.119,22.244,28.488,27.12
1982-02-07,0.0,9.869,22.469,29.456,20.67
1982-02-08,0.0,10.534,22.438,30.137,14.25
1982-02-09,7.651,9.679,22.556,29.275,8.0
1982-02-10,5.025,6.797,23.275,26.919,6.3
1982-02-11,1.375,8.644,23.281,28.712,5.6
1982-02-12,0.0,9.408,23.163,29.387,19.5
1982-02-13,49.004,9.687,22.55,29.169,88.0
1982-02-14,1.337,9.976,22.512,29.413,59.17
1982-02-15,0.875,9.533,23.069,29.363,31.0
1982-02-16,0.0,8.663,22.762,28.212,13.37
1982-02-17,0.0,10.4,22.163,29.544,7.0
1982-02-18,0.0,8.865,23.144,28.669,6.5
1982-02-19,0.802,8.489,23.212,28.331,11.0
1982-02-20,0.0,9.565,22.363,28.738,14.25
1982-02-21,0.0,9.183,22.181,28.194,9.0
1982-02-22,0.0,9.117,22.294,28.2,6.8
1982-02-23,0.0,7.123,22.981,26.819,6.9
1982-02-24,0.0,9.615,22.881,29.125,6.5
1982-02-25,0.0,9.788,23.331,29.613,6.5
1982-02-26,0.0,8.737,22.894,28.188,6.3
1982-02-27,0.425,8.417,23.419,28.294,6.2
1982-02-28,0.0,7.568,24.1,28.05,6.1
1982-03-01,0.0,9.043,23.225,28.694,7.0
1982-03-02,6.165,6.976,23.294,26.819,6.5
1982-03-03,0.0,9.77,22.762,29.025,6.4
1982-03-04,0.0,9.32,23.012,28.762,13.0
1982-03-05,0.0,9.413,23.175,28.962,7.5
1982-03-06,0.0,10.764,22.863,30.044,6.2
1982-03-07,0.0,11.073,23.062,30.506,6.1
1982-03-08,0.0,9.155,23.975,29.312,5.9
1982-03-09,0.0,10.431,22.806,29.613,5.9
1982-03-10,0.0,10.641,23.381,30.25,8.0
1982-03-11,0.0,9.405,23.137,28.812,6.5
1982-03-12,0.0,9.066,23.938,29.119,6.4
1982-03-13,0.0,9.824,23.225,29.275,6.9
1982-03-14,0.0,9.844,22.694,28.856,6.2
1982-03-15,0.0,9.771,23.506,29.406,6.1
1982-03-16,0.0,9.572,23.675,29.344,6.1
1982-03-17,0.0,9.479,23.038,28.738,5.9
1982-03-18,0.0,8.824,23.575,28.538,5.9
1982-03-19,0.0,9.399,23.5,29.019,5.7
1982-03-20,0.0,9.155,23.462,28.744,5.7
1982-03-21,0.0,10.111,23.631,29.775,5.7
1982-03-22,0.0,8.625,24.012,28.675,16.75
1982-03-23,0.0,10.096,23.219,29.406,13.5
1982-03-24,0.0,10.67,23.163,29.9,12.25
1982-03-25,2.034,11.393,23.462,30.85,9.0
1982-03-26,4.223,10.185,23.45,29.656,7.0
1982-03-27,0.0,10.491,23.094,29.663,6.5
1982-03-28,0.0,10.366,23.575,29.913,6.9
1982-03-29,0.0,10.23,23.744,29.906,6.2
1982-03-30,2.132,8.938,23.581,28.575,6.1
1982-03-31,2.331,9.001,23.281,28.363,6.1
1982-04-01,0.0,9.275,24.256,29.425,8.3
1982-04-02,1.975,7.973,24.262,28.269,8.0
1982-04-03,3.702,8.694,23.637,28.369,6.5
1982-04-04,1.356,8.77,23.738,28.519,6.3
1982-04-05,4.799,10.491,22.938,29.494,6.3
1982-04-06,0.0,9.354,23.325,28.712,6.3
1982-04-07,0.0,11.242,23.75,30.85,17.12
1982-04-08,2.091,10.355,23.331,29.675,13.62
1982-04-09,19.381,10.212,23.975,30.038,10.0
1982-04-10,8.715,8.226,23.363,27.731,8.5
1982-04-11,10.973,10.342,23.7,29.944,6.9
1982-04-12,15.734,9.101,23.387,28.525,24.75
1982-04-13,0.271,9.749,23.288,29.05,13.5
1982-04-14,2.368,10.915,22.894,29.887,9.6
1982-04-15,1.398,11.122,22.387,29.681,8.0
1982-04-16,1.878,10.956,23.238,30.181,6.5
1982-04-17,35.376,9.817,23.538,29.325,6.5
1982-04-18,3.772,10.455,23.106,29.587,6.3
1982-04-19,0.0,10.611,22.825,29.544,6.1
1982-04-20,0.815,10.305,23.025,29.375,6.1
1982-04-21,3.412,10.344,23.038,29.438,6.1
1982-04-22,5.886,10.926,22.925,29.944,5.9
1982-04-23,7.39,11.559,23.006,30.625,16.75
1982-04-24,8.522,10.486,23.706,30.125,9.7
1982-04-25,0.0,11.15,23.637,30.725,7.0
1982-04-26,10.385,8.641,24.275,28.881,6.5
1982-04-27,18.489,9.294,23.512,28.844,6.2
1982-04-28,7.889,8.558,23.569,28.231,6.1
1982-04-29,8.065,11.373,23.156,30.581,20.12
1982-04-30,3.362,10.754,23.55,30.294,21.0
1982-05-01,12.221,9.48,23.637,29.137,21.07
1982-05-02,8.868,10.791,23.35,30.181,23.25
1982-05-03,9.816,7.794,23.719,27.688,23.62
1982-05-04,2.687,10.346,23.006,29.488,21.25
1982-05-05,14.111,8.27,23.506,27.938,11.75
1982-05-06,0.0,10.552,22.581,29.394,22.0
1982-05-07,0.0,10.34,23.119,29.6,23.75
1982-05-08,18.383,8.89,24.131,29.044,107.5
1982-05-09,12.584,9.543,23.988,29.544,71.1
1982-05-10,2.691,10.111,23.8,29.938,24.7
1982-05-11,9.675,10.876,23.15,30.2,15.5
1982-05-12,18.881,8.981,23.769,28.844,6.5
1982-05-13,11.781,9.166,23.631,28.913,14.62
1982-05-14,22.553,8.165,23.256,27.688,25.75
1982-05-15,4.663,9.666,22.962,28.881,12.17
1982-05-16,13.02,8.731,23.45,28.387,7.0
1982-05-17,9.633,9.936,23.769,29.794,35.45
1982-05-18,13.292,9.417,23.431,29.025,68.38
1982-05-19,16.235,8.961,23.856,28.956,40.62
1982-05-20,6.84,7.969,23.744,28.038,9.5
1982-05-21,9.578,9.814,23.644,29.619,6.2
1982-05-22,10.761,7.381,23.788,27.506,5.5
1982-05-23,2.932,9.465,23.163,28.944,14.35
1982-05-24,4.01,10.169,23.581,29.944,7.5
1982-05-25,14.778,8.908,23.244,28.444,6.5
1982-05-26,11.279,9.565,23.144,29.038,5.8
1982-05-27,0.0,9.915,23.594,29.719,6.4
1982-05-28,7.372,11.106,23.631,30.938,41.0
1982-05-29,11.013,10.171,23.188,29.681,42.92
1982-05-30,7.513,8.994,23.331,28.637,14.12
1982-05-31,0.0,9.3,23.606,29.169,8.0
1982-06-01,1.161,10.049,23.919,30.15,10.82
1982-06-02,1.198,9.885,23.769,29.863,7.0
1982-06-03,3.418,9.181,23.819,29.238,6.3
1982-06-04,5.849,10.112,23.744,30.1,5.3
1982-06-05,6.793,8.603,23.7,28.587,4.5
1982-06-06,4.251,9.597,23.512,29.406,5.8
1982-06-07,0.816,8.868,23.406,28.619,5.2
1982-06-08,12.623,8.767,23.238,28.381,31.3
1982-06-09,0.11,9.6,23.087,29.081,100.0
1982-06-10,5.483,10.26,23.219,29.856,69.7
1982-06-11,0.698,9.545,23.656,29.512,20.0
1982-06-12,9.165,7.524,23.706,27.637,6.5
1982-06-13,4.441,9.924,23.238,29.544,6.3
1982-06-14,8.602,10.591,23.625,30.538,8.7
1982-06-15,0.0,10.807,23.306,30.506,82.7
1982-06-16,4.047,10.789,23.769,30.85,102.4
1982-06-17,19.278,8.993,23.337,28.706,115.0
1982-06-18,11.815,8.741,23.913,28.938,94.0
1982-06-19,2.046,11.334,23.156,30.938,74.9
1982-06-20,6.64,9.368,22.9,28.738,55.46
1982-06-21,13.192,8.969,23.525,28.844,31.0
1982-06-22,0.88,7.886,23.438,27.769,18.37
1982-06-23,7.209,9.054,23.631,29.025,6.5
1982-06-24,8.194,5.796,23.419,25.944,5.0
1982-06-25,0.465,10.05,23.275,29.725,3.7
1982-06-26,1.297,8.009,23.644,28.056,2.5
1982-06-27,17.953,9.658,24.069,29.956,6.1
1982-06-28,11.238,9.756,23.712,29.775,30.4
1982-06-29,3.539,10.646,23.025,30.156,18.95
1982-06-30,10.777,11.202,23.281,30.887,10.92
1982-07-01,7.907,11.32,23.369,31.069,7.4
1982-07-02,7.558,10.011,23.319,29.7,11.5
1982-07-03,12.076,9.32,23.544,29.2,8.4
1982-07-04,12.312,10.273,23.125,29.831,6.5
1982-07-05,10.373,9.896,23.062,29.406,6.2
1982-07-06,7.291,10.758,23.331,30.475,14.87
1982-07-07,15.884,9.749,23.387,29.488,10.0
1982-07-08,15.331,8.819,23.494,28.656,49.0
1982-07-09,3.883,10.211,23.381,29.919,9.75
1982-07-10,2.807,9.921,23.337,29.606,6.5
1982-07-11,5.074,8.219,23.488,28.069,11.27
1982-07-12,16.607,9.14,23.325,28.825,11.05
1982-07-13,14.489,9.425,23.106,28.913,6.5
1982-07-14,0.19,10.109,24.256,30.488,6.2
1982-07-15,0.0,11.04,23.706,30.988,11.15
1982-07-16,12.37,9.499,23.7,29.431,6.9
1982-07-17,12.165,11.381,23.05,30.812,6.4
1982-07-18,0.0,8.967,23.512,28.8,6.0
1982-07-19,14.37,8.3,22.262,27.119,5.6
1982-07-20,21.791,8.004,22.594,27.1,5.4
1982-07-21,0.0,11.455,22.944,30.794,5.3
1982-07-22,6.177,10.259,23.644,30.131,11.25
1982-07-23,12.996,10.951,22.762,30.113,7.3
1982-07-24,1.11,9.929,23.85,29.956,13.0
1982-07-25,12.88,9.471,23.85,29.519,8.5
1982-07-26,12.549,9.587,22.5,28.519,6.2
1982-07-27,1.527,11.174,23.038,30.538,5.8
1982-07-28,4.304,9.314,23.256,28.844,5.4
1982-07-29,0.536,8.771,23.144,28.238,5.0
1982-07-30,9.68,10.39,23.006,29.7,9.35
1982-07-31,0.0,10.641,24.188,30.869,7.6
1982-08-01,3.411,10.185,23.212,29.625,15.5
1982-08-02,16.459,9.429,23.644,29.231,10.52
1982-08-03,12.056,10.393,22.781,29.5,6.9
1982-08-04,0.134,11.015,23.775,30.894,6.5
1982-08-05,3.344,8.825,24.025,28.956,6.2
1982-08-06,3.244,9.986,22.75,29.031,5.8
1982-08-07,7.16,9.156,23.319,28.688,5.4
1982-08-08,10.027,7.648,22.381,26.488,5.0
1982-08-09,1.221,11.83,21.894,30.262,4.7
1982-08-10,3.244,9.803,23.481,29.406,2.5
1982-08-11,8.393,11.718,22.906,30.869,18.87
1982-08-12,1.216,10.836,24.012,30.819,8.9
1982-08-13,10.229,11.302,23.144,30.625,6.5
1982-08-14,3.622,10.642,23.288,30.069,13.5
1982-08-15,13.22,9.704,23.294,29.169,6.9
1982-08-16,7.721,7.132,24.137,27.544,6.4
1982-08-17,2.423,10.126,23.594,29.788,6.1
1982-08-18,7.962,10.111,24.137,30.194,5.9
1982-08-19,11.053,10.206,23.3,29.619,5.7
1982-08-20,0.675,10.091,23.55,29.706,5.5
1982-08-21,11.975,9.362,23.656,29.094,5.3
1982-08-22,5.175,11.074,23.469,30.594,5.1
1982-08-23,0.54,9.539,24.456,29.894,4.9
1982-08-24,4.176,10.221,23.8,30.006,4.7
1982-08-25,3.765,9.076,23.881,28.994,18.87
1982-08-26,0.0,11.155,24.044,31.125,8.9
1982-08-27,0.813,9.189,24.919,29.956,6.5
1982-08-28,10.83,8.765,23.544,28.419,6.3
1982-08-29,0.322,9.63,24.031,29.675,6.1
1982-08-30,6.687,10.038,24.2,30.156,5.9
1982-08-31,9.424,9.826,23.137,29.113,18.75
1982-09-01,4.943,9.5,23.431,29.025,13.87
1982-09-02,0.297,9.59,24.981,30.387,9.75
1982-09-03,12.938,7.886,24.181,28.181,31.5
1982-09-04,6.736,8.792,23.581,28.506,49.0
1982-09-05,10.665,9.101,23.694,28.887,50.67
1982-09-06,9.615,9.919,24.0,29.919,7.6
1982-09-07,2.265,8.981,25.025,29.875,13.25
1982-09-08,10.163,9.596,23.844,29.462,84.6
1982-09-09,4.223,8.764,24.363,29.125,14.87
1982-09-10,4.398,9.767,23.281,29.212,16.5
1982-09-11,6.604,10.177,23.344,29.65,12.37
1982-09-12,1.728,9.138,23.431,28.719,6.5
1982-09-13,0.0,10.377,23.656,30.106,6.5
1982-09-14,5.383,9.102,23.569,28.819,6.3
1982-09-15,0.775,8.545,23.381,28.131,6.1
1982-09-16,6.74,8.545,23.369,28.156,9.95
1982-09-17,6.499,8.102,23.462,27.825,18.82
1982-09-18,0.0,11.072,22.863,30.219,11.62
1982-09-19,14.864,8.383,23.288,27.95,7.5
1982-09-20,21.367,9.276,23.469,28.969,33.0
1982-09-21,7.923,10.159,23.038,29.475,13.37
1982-09-22,0.0,10.166,24.275,30.469,8.9
1982-09-23,4.053,9.102,23.694,28.994,6.5
1982-09-24,15.718,8.097,22.6,27.156,6.4
1982-09-25,0.601,7.215,23.8,27.413,6.2
1982-09-26,3.263,11.658,22.281,30.488,28.6
1982-09-27,0.967,10.05,23.413,29.762,13.62
1982-09-28,2.705,9.073,23.344,28.719,8.8
1982-09-29,1.488,10.584,23.219,30.137,15.12
1982-09-30,4.307,9.849,23.256,29.444,8.3
1982-10-01,18.718,7.611,23.137,27.212,12.87
1982-10-02,9.163,10.511,22.75,29.788,11.77
1982-10-03,3.922,9.501,23.119,29.056,30.81
1982-10-04,6.083,9.607,22.481,28.65,54.05
1982-10-05,3.146,10.012,23.012,29.512,13.5
1982-10-06,3.753,9.401,23.431,29.256,8.9
1982-10-07,28.275,8.983,23.931,29.262,6.9
1982-10-08,11.534,8.775,23.144,28.419,6.5
1982-10-09,10.209,9.778,23.2,29.475,6.3
1982-10-10,0.0,8.351,23.062,27.988,6.3
1982-10-11,10.323,8.191,22.9,27.694,74.7
1982-10-12,13.253,7.982,23.194,27.75,53.75
1982-10-13,0.0,8.639,22.6,27.925,41.67
1982-10-14,3.915,8.36,22.906,27.931,15.87
1982-10-15,2.998,8.744,23.25,28.606,10.62
1982-10-16,16.152,7.286,22.631,26.712,7.7
1982-10-17,0.745,8.349,22.419,27.575,6.5
1982-10-18,1.027,8.431,22.625,27.819,6.5
1982-10-19,3.565,8.691,22.875,28.312,6.3
1982-10-20,1.873,8.351,23.012,28.094,6.1
1982-10-21,7.372,8.252,22.469,27.562,38.5
1982-10-22,18.023,9.591,22.769,29.269,19.37
1982-10-23,18.346,6.517,23.238,26.6,9.3
1982-10-24,11.354,6.617,22.325,25.913,6.5
1982-10-25,14.248,7.07,23.369,27.231,6.5
1982-10-26,10.483,6.895,22.869,26.663,6.3
1982-10-27,0.0,7.684,22.856,27.444,6.1
1982-10-28,14.0,7.221,22.244,26.481,5.8
1982-10-29,1.658,7.302,22.988,27.219,56.34
1982-10-30,0.0,8.613,22.619,28.244,15.75
1982-10-31,0.153,8.512,22.887,28.381,8.1
1982-11-01,20.476,7.208,23.4,27.494,33.5
1982-11-02,6.412,8.716,22.538,28.344,19.0
1982-11-03,1.267,8.319,22.094,27.6,9.5
1982-11-04,3.753,9.671,22.812,29.65,6.5
1982-11-05,0.0,8.888,22.181,28.331,6.3
1982-11-06,1.011,9.765,22.625,29.663,63.12
1982-11-07,21.472,9.191,22.694,29.106,44.87
1982-11-08,0.516,9.054,23.225,29.394,24.5
1982-11-09,3.862,9.36,23.506,29.994,9.5
1982-11-10,16.824,7.301,24.337,28.538,7.4
1982-11-11,8.504,6.841,23.406,27.306,6.5
1982-11-12,1.854,8.014,23.05,28.212,6.5
1982-11-13,0.0,9.931,22.938,30.256,51.22
1982-11-14,0.0,8.174,24.831,29.887,44.87
1982-11-15,0.0,8.221,25.006,30.106,28.45
1982-11-16,6.717,8.795,24.431,30.25,16.37
1982-11-17,1.707,8.761,23.244,29.275,8.5
1982-11-18,8.342,8.317,22.944,28.575,6.9
1982-11-19,5.664,9.559,23.188,30.181,6.5
1982-11-20,2.314,8.285,23.062,28.663,33.65
1982-11-21,5.552,8.358,23.075,28.781,16.12
1982-11-22,0.0,7.918,22.788,28.075,9.0
1982-11-23,0.0,9.221,22.706,29.5,7.3
1982-11-24,0.0,8.962,22.75,29.262,6.5
1982-11-25,4.933,7.289,23.725,28.219,6.5
1982-11-26,17.795,7.661,22.837,27.9,6.3
1982-11-27,6.281,9.195,23.087,29.819,25.0
1982-11-28,1.307,9.355,22.706,29.744,11.37
1982-11-29,0.0,9.411,22.05,29.325,7.5
1982-11-30,0.0,8.971,23.394,29.881,6.5
1982-12-01,0.0,9.304,23.6,30.425,6.5
1982-12-02,0.0,8.161,24.119,29.569,5.8
1982-12-03,0.0,7.584,23.863,28.769,6.1
1982-12-04,2.563,7.696,23.425,28.506,5.8
1982-12-05,12.261,7.506,23.181,28.206,4.6
1982-12-06,2.267,8.95,23.006,29.613,6.5
1982-12-07,0.565,7.856,23.356,28.663,6.2
1982-12-08,8.95,9.149,22.869,29.769,5.8
1982-12-09,0.0,7.34,23.294,28.056,5.6
1982-12-10,2.129,8.736,22.981,29.381,5.5
1982-12-11,2.95,8.302,23.056,28.944,5.3
1982-12-12,2.265,7.358,23.675,28.413,5.3
1982-12-13,8.717,7.935,23.238,28.681,5.1
1982-12-14,0.416,8.255,23.044,28.9,5.1
1982-12-15,0.115,9.292,24.444,31.181,6.6
1982-12-16,0.0,8.125,24.106,29.631,6.5
1982-12-17,4.305,7.496,23.6,28.519,6.5
1982-12-18,4.493,8.253,22.438,28.438,6.3
1982-12-19,1.589,7.3,23.188,27.994,6.3
1982-12-20,3.395,8.226,23.1,28.931,6.1
1982-12-21,0.0,8.299,22.95,28.9,6.0
1982-12-22,0.0,9.64,22.644,30.219,5.9
1982-12-23,0.0,9.53,22.969,30.337,5.7
1982-12-24,0.0,9.375,23.262,30.369,5.7
1982-12-25,0.0,9.61,23.525,30.837,5.6
1982-12-26,0.0,8.711,23.269,29.606,5.5
1982-12-27,0.0,8.863,23.4,29.881,5.5
1982-12-28,0.0,9.064,22.65,29.519,5.3
1982-12-29,0.0,8.418,22.231,28.425,5.3
1982-12-30,0.0,8.317,23.238,29.119,5.3
1982-12-31,0.0,8.708,23.337,29.613,8.3
1983-01-01,0.782,9.593,23.387,30.675,5.5
1983-01-02,0.0,8.873,23.681,30.05,6.8
1983-01-03,0.0,9.12,23.281,30.006,9.2
1983-01-04,0.0,9.132,23.106,29.875,6.5
1983-01-05,0.0,8.723,23.319,29.55,6.4
1983-01-06,1.182,8.046,23.944,29.294,5.5
1983-01-07,3.111,7.249,24.131,28.581,5.4
1983-01-08,0.388,7.675,23.744,28.694,5.4
1983-01-09,0.0,7.722,24.094,29.019,5.3
1983-01-10,0.0,7.292,24.288,28.719,5.2
1983-01-11,0.0,8.305,24.344,29.825,5.1
1983-01-12,0.0,6.891,24.325,28.35,5.1
1983-01-13,0.0,6.624,23.706,27.544,5.1
1983-01-15,0.0,7.385,22.681,27.444,4.9
1983-01-16,0.0,8.279,23.163,28.794,4.8
1983-01-17,0.0,7.753,23.0,28.069,4.6
1983-01-18,0.0,7.218,23.681,28.05,4.5
1983-01-19,0.0,6.548,24.331,27.919,4.5
1983-01-20,3.138,7.414,23.863,28.35,4.3
1983-01-21,0.0,7.788,23.506,28.431,4.3
1983-01-22,0.0,7.779,24.394,29.137,4.2
1983-01-23,1.528,7.343,24.325,28.625,4.2
1983-01-24,0.0,7.597,24.419,28.938,4.1
1983-01-25,0.0,7.185,24.788,28.825,4.0
1983-01-26,0.0,7.316,24.262,28.5,4.0
1983-01-27,0.0,7.619,24.913,29.319,3.9
1983-01-28,8.186,7.485,24.069,28.469,3.9
1983-01-29,0.0,9.543,23.525,30.163,3.7
1983-01-30,0.0,8.239,23.5,28.744,3.6
1983-01-31,0.0,8.948,23.494,29.444,3.5
1983-02-01,0.0,9.587,22.975,29.706,4.0
1983-02-02,0.0,8.823,23.694,29.419,4.0
1983-02-03,0.0,9.241,23.669,29.825,3.9
1983-02-04,0.0,7.845,24.231,28.856,30.7
1983-02-05,0.0,9.78,23.675,30.375,29.9
1983-02-06,0.0,8.588,23.494,28.931,32.3
1983-02-07,0.0,9.084,23.613,29.525,11.9
1983-02-08,0.734,9.346,23.337,29.562,10.0
1983-02-09,0.0,9.078,22.5,28.613,7.5
1983-02-10,0.0,11.819,21.512,30.85,6.1
1983-02-11,0.0,10.78,22.369,30.281,5.9
1983-02-12,0.0,9.801,23.1,29.75,5.7
1983-02-13,0.0,9.291,23.819,29.781,5.5
1983-02-14,0.0,8.737,24.038,29.356,5.5
1983-02-15,0.0,9.264,23.087,29.113,5.4
1983-02-16,0.0,10.252,23.85,30.706,5.3
1983-02-17,0.0,8.584,23.506,28.725,5.1
1983-02-18,0.0,7.703,23.712,28.044,5.1
1983-02-19,0.0,7.437,24.1,28.075,4.9
1983-02-20,0.0,8.592,24.038,29.106,4.8
1983-02-21,0.0,8.946,24.0,29.4,4.6
1983-02-22,0.0,9.58,24.294,30.238,4.5
1983-02-23,0.103,10.154,24.319,30.8,4.3
1983-02-24,0.0,8.306,23.8,28.538,4.2
1983-02-25,7.403,8.359,24.494,29.156,4.0
1983-02-26,0.0,8.895,24.394,29.55,3.8
1983-02-27,15.822,6.568,24.863,27.887,3.7
1983-02-28,0.0,11.672,22.613,30.956,3.6
1983-03-01,0.0,8.416,25.006,29.581,3.4
1983-03-02,0.0,9.071,23.875,29.275,3.4
1983-03-03,0.0,8.982,24.231,29.431,3.3
1983-03-04,0.0,8.896,24.019,29.169,3.2
1983-03-05,0.0,8.777,24.038,29.031,3.0
1983-03-06,0.0,8.847,24.575,29.544,3.0
1983-03-07,1.31,8.505,23.0,27.9,2.9
1983-03-08,0.583,9.467,23.594,29.3,5.0
1983-03-09,0.0,8.819,24.163,29.125,6.1
1983-03-10,0.0,9.844,23.925,29.919,5.5
1983-03-11,0.0,7.007,24.556,27.856,5.5
1983-03-12,0.0,6.171,23.8,26.512,5.4
1983-03-13,0.0,7.183,24.337,27.788,5.4
1983-03-14,0.0,8.739,24.6,29.369,5.2
1983-03-15,1.849,6.027,24.944,27.406,5.1
1983-03-16,2.091,10.629,24.225,30.8,4.9
1983-03-17,0.0,8.456,25.444,29.762,4.8
1983-03-18,5.101,11.584,24.069,31.6,4.8
1983-03-19,0.0,9.193,24.994,30.044,4.6
1983-03-20,0.0,10.568,25.131,31.406,4.5
1983-03-21,0.0,8.695,25.156,29.7,4.5
1983-03-22,0.611,10.103,24.525,30.481,4.3
1983-03-23,0.0,9.369,24.8,30.006,4.2
1983-03-24,0.0,10.159,23.806,29.938,4.0
1983-03-25,9.371,6.294,23.869,26.575,4.0
1983-03-26,5.28,10.204,23.469,29.712,3.6
1983-03-27,12.135,11.134,23.944,30.944,3.8
1983-03-28,0.159,11.746,23.425,31.169,3.7
1983-03-29,0.0,10.41,24.075,30.356,3.5
1983-03-30,1.732,10.588,23.906,30.375,3.3
1983-03-31,0.0,7.647,24.456,28.163,3.2
1983-04-01,0.021,10.652,24.5,30.906,1.8
1983-04-02,0.529,11.695,24.438,31.837,1.8
1983-04-03,0.0,10.701,23.825,30.413,1.8
1983-04-04,0.762,11.335,24.319,31.406,8.17
1983-04-05,1.356,10.616,24.844,31.119,5.71
1983-04-06,1.221,10.291,24.819,30.794,5.6
1983-04-07,1.609,9.373,24.25,29.488,5.3
1983-04-08,0.667,11.03,23.806,30.694,4.9
1983-04-09,0.0,10.879,24.656,31.2,3.28
1983-04-10,0.0,11.076,24.462,31.238,3.2
1983-04-11,0.615,9.864,24.356,30.006,1.8
1983-04-12,0.725,10.553,24.244,30.569,11.65
1983-04-13,0.201,10.31,24.375,30.45,15.35
1983-04-14,0.608,10.154,24.344,30.281,9.25
1983-04-15,0.478,12.432,23.562,31.913,4.1
1983-04-16,0.0,9.734,24.419,29.938,16.45
1983-04-17,0.0,6.922,24.913,27.95,8.0
1983-04-18,20.36,8.108,24.0,28.156,17.8
1983-04-19,0.0,9.67,23.575,29.212,41.2
1983-04-20,0.0,9.526,24.906,30.175,14.05
1983-04-21,22.254,7.912,24.3,28.288,17.17
1983-04-22,4.401,9.028,24.069,29.056,5.6
1983-04-23,0.0,10.608,24.556,30.894,6.7
1983-04-24,7.894,10.17,24.931,30.788,5.5
1983-04-25,14.298,10.441,24.2,30.469,11.65
1983-04-26,24.559,9.357,24.1,29.394,28.8
1983-04-27,24.716,9.689,24.281,29.831,63.3
1983-04-28,14.438,9.764,23.969,29.656,11.65
1983-04-29,8.582,8.858,23.819,28.706,11.65
1983-04-30,0.0,11.053,23.506,30.556,17.75
1983-05-01,4.244,7.461,24.738,28.288,8.5
1983-05-02,0.336,9.823,24.4,30.1,11.2
1983-05-03,10.537,9.804,24.069,29.8,6.3
1983-05-04,3.628,10.65,24.294,30.812,5.4
1983-05-05,13.56,9.511,23.844,29.406,5.9
1983-05-06,28.043,9.259,24.581,29.731,8.6
1983-05-07,7.72,7.481,24.269,27.919,10.8
1983-05-08,8.73,11.701,23.712,31.406,32.3
1983-05-09,4.776,9.075,24.919,29.9,6.2
1983-05-10,2.524,10.908,24.481,31.256,19.8
1983-05-11,12.226,11.191,24.681,31.681,44.3
1983-05-12,55.298,8.628,24.256,28.95,15.1
1983-05-13,0.0,8.705,24.337,29.087,16.8
1983-05-14,10.712,10.062,24.3,30.331,68.4
1983-05-15,6.934,9.487,24.019,29.569,18.5
1983-05-16,13.267,9.066,24.387,29.5,15.0
1983-05-17,4.329,10.253,23.938,30.25,5.5
1983-05-18,0.0,11.655,23.669,31.438,23.6
1983-05-19,6.897,9.737,24.238,30.0,24.6
1983-05-20,0.236,9.225,25.125,30.256,40.0
1983-05-21,12.73,8.662,24.044,28.837,20.8
1983-05-22,1.112,11.055,23.562,30.781,12.9
1983-05-23,1.264,10.119,23.512,29.831,12.9
1983-05-24,0.736,10.824,24.075,30.969,30.2
1983-05-25,11.935,8.44,24.569,29.113,56.6
1983-05-26,3.258,11.122,24.106,31.306,15.1
1983-05-27,2.176,9.132,24.825,29.981,15.3
1983-05-28,21.417,7.298,24.525,28.087,9.8
1983-05-29,0.64,11.347,24.062,31.538,31.0
1983-05-30,27.642,8.182,24.65,28.981,83.4
1983-05-31,0.0,9.799,24.288,30.175,17.1
1983-06-01,10.022,8.184,24.613,28.95,6.2
1983-06-02,0.672,8.651,24.181,29.019,8.5
1983-06-03,5.283,8.897,23.812,28.956,5.5
1983-06-04,22.244,7.179,23.75,27.369,10.8
1983-06-05,0.0,10.209,23.8,30.231,5.5
1983-06-06,22.978,8.865,23.538,28.738,79.8
1983-06-07,0.0,9.782,24.275,30.256,47.4
1983-06-08,36.439,7.156,24.238,27.75,8.8
1983-06-09,6.434,8.751,23.469,28.569,27.1
1983-06-10,7.82,8.982,23.887,29.137,7.1
1983-06-11,15.114,8.262,24.1,28.631,208.5
1983-06-12,0.338,9.885,23.5,29.7,136.6
1983-06-13,8.737,10.11,23.663,30.069,16.2
1983-06-14,13.066,9.791,23.731,29.8,5.5
1983-06-15,0.673,7.528,23.894,27.825,5.5
1983-06-16,10.151,10.664,24.031,30.931,58.1
1983-06-17,4.538,7.455,23.413,27.325,18.3
1983-06-18,0.0,11.327,23.125,30.913,5.5
1983-06-19,3.988,9.161,24.644,29.938,14.2
1983-06-20,11.621,8.417,23.688,28.444,33.2
1983-06-21,10.014,10.12,23.938,30.306,9.2
1983-06-22,9.835,8.3,23.788,28.444,5.5
1983-06-23,0.251,9.409,23.387,29.169,6.4
1983-06-24,7.589,8.567,23.744,28.631,5.7
1983-06-25,0.0,10.356,23.456,30.206,6.0
1983-06-26,8.747,9.452,23.856,29.594,6.3
1983-06-27,11.319,10.42,23.375,30.163,7.7
1983-06-28,5.982,10.635,23.587,30.55,14.0
1983-06-29,9.578,8.808,23.569,28.712,12.1
1983-06-30,17.422,10.505,23.0,29.969,8.5
1983-07-01,4.413,8.654,23.762,28.738,5.9
1983-07-02,5.618,9.958,23.144,29.525,5.4
1983-07-03,5.326,10.199,23.413,29.962,9.7
1983-07-04,3.484,7.65,24.837,28.719,7.8
1983-07-05,22.491,7.726,23.113,27.312,5.7
1983-07-06,0.0,10.354,23.806,30.413,7.3
1983-07-07,1.055,9.762,23.656,29.719,5.5
1983-07-08,4.832,9.438,23.775,29.512,47.5
1983-07-09,6.183,7.733,24.019,28.075,23.9
1983-07-10,0.0,9.969,23.294,29.613,7.5
1983-07-11,4.642,7.951,23.587,27.9,6.1
1983-07-12,1.74,10.173,24.306,30.606,11.6
1983-07-13,3.404,11.06,24.1,31.356,6.9
1983-07-15,13.494,10.076,23.225,29.637,5.4
1983-07-16,8.022,7.594,23.3,27.337,5.9
1983-07-17,5.348,11.145,22.825,30.438,31.4
1983-07-18,6.12,10.431,24.469,30.981,6.7
1983-07-19,0.0,9.876,23.775,29.856,5.4
1983-07-20,4.699,9.019,23.238,28.581,13.1
1983-07-21,0.248,8.77,23.975,28.95,6.4
1983-07-22,26.697,4.811,23.825,25.569,7.1
1983-07-23,17.86,7.727,22.644,26.863,7.5
1983-07-24,0.0,10.307,22.744,29.45,113.4
1983-07-25,0.0,9.546,23.725,29.456,11.1
1983-07-26,0.0,7.813,25.581,29.419,6.0
1983-07-27,6.232,8.7,24.125,28.969,9.6
1983-07-28,31.004,8.421,24.038,28.625,16.6
1983-07-29,0.793,8.893,23.469,28.619,71.8
1983-07-30,19.143,10.037,23.631,29.831,6.9
1983-07-31,4.948,7.744,23.394,27.481,5.5
1983-08-01,9.255,7.616,23.444,27.387,50.5
1983-08-02,2.519,8.082,23.006,27.438,27.8
1983-08-03,0.596,7.691,22.981,27.062,7.3
1983-08-04,3.06,11.258,23.188,30.688,5.5
1983-08-05,11.362,6.823,22.906,26.238,6.3
1983-08-06,10.078,8.619,23.188,28.062,76.7
1983-08-07,7.96,9.583,22.975,28.806,60.5
1983-08-08,0.593,9.552,22.819,28.644,25.0
1983-08-09,3.046,9.432,23.988,29.512,6.1
1983-08-10,6.123,8.188,23.425,27.837,7.9
1983-08-11,7.918,8.735,23.363,28.312,5.5
1983-08-12,7.471,8.663,23.75,28.544,5.0
1983-08-13,4.298,11.94,23.262,31.356,5.0
1983-08-14,6.837,9.419,24.531,29.869,9.3
1983-08-15,12.56,9.12,24.806,29.819,6.2
1983-08-16,4.875,10.142,24.431,30.506,7.8
1983-08-17,16.968,9.022,24.394,29.375,39.6
1983-08-18,15.534,9.556,23.819,29.406,105.7
1983-08-19,15.418,8.812,23.387,28.356,38.8
1983-08-20,4.04,11.215,23.369,30.675,8.3
1983-08-21,11.159,10.346,23.45,29.875,9.1
1983-08-22,0.375,9.058,23.906,28.994,8.8
1983-08-23,6.019,8.94,24.394,29.294,5.8
1983-08-24,8.192,7.747,23.613,27.569,5.5
1983-08-25,10.152,10.355,23.756,30.125,17.0
1983-08-26,12.795,8.366,23.688,28.2,9.8
1983-08-27,4.065,10.204,23.756,29.962,10.8
1983-08-28,12.817,7.434,23.456,27.169,44.3
1983-08-29,0.184,10.81,23.012,29.988,22.2
1983-08-30,0.0,8.775,23.594,28.494,8.7
1983-08-31,4.242,10.392,24.019,30.356,6.8
1983-09-01,1.838,10.839,23.681,30.512,24.0
1983-09-02,9.286,9.892,23.294,29.294,8.1
1983-09-03,2.928,9.835,23.325,29.275,6.0
1983-09-04,9.996,8.575,23.694,28.381,5.5
1983-09-05,5.957,11.002,23.7,30.712,24.8
1983-09-06,8.923,6.822,23.525,26.738,8.6
1983-09-07,9.921,8.025,23.544,27.775,6.5
1983-09-08,3.13,10.123,23.544,29.725,6.2
1983-09-09,0.301,10.469,23.644,30.194,45.0
1983-09-10,6.423,5.019,23.369,25.238,43.0
1983-09-11,4.428,8.424,22.762,27.488,19.1
1983-09-12,0.0,8.119,22.95,27.363,10.1
1983-09-13,3.561,8.579,23.031,27.869,7.3
1983-09-14,10.815,10.427,22.913,29.575,6.6
1983-09-15,2.461,10.109,23.119,29.431,19.0
1983-09-16,9.63,7.455,23.769,27.494,14.3
1983-09-17,2.684,8.468,23.637,28.312,7.9
1983-09-18,5.592,7.808,23.413,27.512,7.3
1983-09-19,2.946,11.541,22.731,30.644,14.4
1983-09-20,14.267,8.402,22.944,27.706,9.1
1983-09-21,5.564,7.588,22.675,26.744,20.8
1983-09-22,1.651,8.802,22.975,28.094,19.6
1983-09-23,13.819,10.99,22.475,29.931,7.7
1983-09-24,5.927,8.565,23.212,28.094,6.5
1983-09-25,20.822,9.427,23.637,29.275,6.2
1983-09-26,6.176,10.47,23.506,30.212,14.4
1983-09-27,0.72,8.289,24.262,28.731,9.1
1983-09-28,7.906,9.645,24.006,29.831,6.5
1983-09-29,5.324,10.7,23.469,30.475,20.5
1983-09-30,2.005,8.145,23.163,27.712,36.4
1983-10-01,2.322,8.901,23.206,28.481,13.6
1983-10-02,0.089,7.917,23.1,27.469,7.8
1983-10-03,5.953,9.069,24.031,29.363,6.9
1983-10-04,2.905,8.199,23.231,27.875,6.6
1983-10-05,4.692,10.311,23.887,30.488,6.3
1983-10-06,6.94,10.333,23.931,30.562,24.6
1983-10-07,11.239,10.11,23.375,29.919,17.3
1983-10-08,15.673,7.39,23.663,27.55,10.5
1983-10-09,12.112,8.309,22.625,27.569,7.6
1983-10-10,16.365,9.972,22.906,29.469,5.8
1983-10-11,18.187,8.761,22.369,27.856,6.4
1983-10-12,2.02,7.624,23.738,27.875,6.6
1983-10-13,14.139,8.005,23.288,27.881,6.3
1983-10-14,17.518,6.441,22.587,25.863,6.2
1983-10-15,8.787,5.239,22.4,24.7,45.7
1983-10-16,7.008,8.192,21.788,26.906,142.2
1983-10-17,0.0,9.663,21.488,28.2,25.4
1983-10-18,0.0,10.487,21.831,29.4,10.6
1983-10-19,8.081,8.623,22.775,28.15,5.5
1983-10-20,6.309,7.834,22.519,27.169,13.1
1983-10-21,7.2,9.357,22.3,28.594,5.9
1983-10-22,5.157,8.861,22.644,28.356,6.1
1983-10-23,8.659,10.364,22.3,29.706,216.2
1983-10-24,5.527,8.601,23.369,28.712,74.7
1983-10-25,16.059,7.22,23.381,27.381,45.5
1983-10-26,0.608,9.703,23.069,29.681,29.6
1983-10-27,0.909,8.6,23.394,28.794,12.9
1983-10-28,4.258,8.868,22.819,28.631,7.5
1983-10-29,16.452,7.206,22.881,27.019,6.8
1983-10-30,4.57,7.454,23.025,27.456,74.2
1983-10-31,3.572,8.209,22.569,27.806,41.9
1983-11-01,0.0,8.18,21.75,27.137,26.1
1983-11-02,16.212,9.641,22.131,29.062,12.5
1983-11-03,9.434,7.261,23.038,27.288,7.5
1983-11-04,25.736,9.189,22.881,29.181,6.2
1983-11-05,0.0,9.836,23.075,30.062,6.7
1983-11-06,7.488,8.732,23.462,29.194,6.5
1983-11-07,0.73,8.733,23.5,29.256,6.3
1983-11-08,2.873,7.458,23.456,27.913,6.2
1983-11-09,3.881,7.643,23.1,27.819,7.0
1983-11-10,1.506,7.782,22.706,27.656,14.0
1983-11-11,2.406,8.942,23.262,29.381,31.5
1983-11-12,2.235,8.788,22.625,28.719,13.2
1983-11-13,0.496,9.704,22.544,29.712,8.8
1983-11-14,19.833,8.467,23.206,28.875,6.9
1983-11-15,0.0,9.031,22.931,29.312,79.9
1983-11-16,2.476,8.806,22.325,28.631,109.2
1983-11-17,8.706,8.319,23.113,28.694,34.9
1983-11-18,8.909,8.891,24.062,30.1,14.6
1983-11-19,5.167,7.275,23.812,28.194,8.8
1983-11-20,0.545,8.514,24.212,29.844,6.9
1983-11-21,10.993,7.588,24.0,28.712,27.0
1983-11-22,0.13,8.543,24.05,29.794,9.1
1983-11-23,0.535,7.306,23.594,28.106,7.1
1983-11-24,0.698,9.551,22.906,30.05,11.5
1983-11-25,0.0,6.897,23.269,27.444,32.4
1983-11-26,9.818,7.866,23.363,28.562,15.9
1983-11-27,3.259,6.952,23.087,27.381,10.0
1983-11-28,1.952,5.14,22.863,25.45,7.8
1983-11-29,8.639,7.331,22.488,27.294,29.4
1983-11-30,3.795,6.515,23.038,26.919,34.4
1983-12-01,0.0,7.739,22.344,27.656,18.9
1983-12-02,0.0,9.342,21.831,29.125,20.5
1983-12-03,14.929,9.326,22.462,29.606,8.3
1983-12-04,8.454,8.399,22.556,28.625,7.0
1983-12-05,2.369,7.831,22.65,28.056,6.7
1983-12-06,1.378,7.158,22.519,27.194,11.7
1983-12-07,13.215,7.321,21.913,26.887,41.4
1983-12-08,3.153,9.406,21.913,29.337,24.4
1983-12-09,10.004,9.092,22.05,29.069,7.8
1983-12-10,19.44,7.198,22.431,27.2,6.9
1983-12-11,8.361,7.181,22.144,26.969,6.7
1983-12-12,15.678,7.099,21.819,26.6,6.6
1983-12-13,3.801,9.571,21.725,29.444,6.3
1983-12-14,4.614,7.849,22.419,27.962,6.1
1983-12-15,9.923,8.981,22.975,29.706,5.5
1983-12-16,22.958,5.882,23.019,26.337,5.5
1983-12-17,3.968,7.145,22.694,27.413,5.5
1983-12-18,10.077,8.558,22.15,28.544,43.8
1983-12-19,6.801,8.462,22.988,29.1,76.2
1983-12-20,1.388,8.352,22.256,28.387,24.7
1983-12-21,0.0,9.099,22.781,29.675,10.0
1983-12-22,0.0,7.564,23.688,28.663,8.0
1983-12-23,10.035,7.177,22.756,27.469,29.0
1983-12-24,9.442,8.028,23.038,28.637,23.5
1983-12-25,0.0,8.345,23.169,29.1,10.2
1983-12-26,0.0,8.484,22.619,28.831,7.1
1983-12-27,0.0,6.841,23.012,27.331,6.8
1983-12-28,5.824,8.568,23.613,29.694,6.5
1983-12-29,19.825,7.538,23.425,28.381,6.2
1983-12-30,24.739,7.344,22.969,27.788,13.3
1983-12-31,0.0,8.799,22.462,29.031,5.5
1984-01-01,16.238,7.518,21.969,27.156,5.5
1984-01-02,4.038,8.157,21.931,27.869,5.4
1984-01-03,0.0,7.636,21.75,27.094,5.2
1984-01-04,1.759,9.854,21.881,29.806,8.7
1984-01-05,0.0,8.684,22.256,28.675,8.3
1984-01-06,0.0,8.395,21.306,27.587,6.4
1984-01-07,0.0,8.944,20.35,27.525,6.6
1984-01-08,22.181,9.149,20.369,27.75,6.3
1984-01-09,1.299,9.205,21.906,28.956,142.2
1984-01-10,0.0,8.568,22.887,28.969,91.7
1984-01-11,0.186,9.857,22.125,29.863,47.8
1984-01-12,0.0,9.516,22.45,29.675,17.6
1984-01-13,0.473,8.805,22.025,28.512,12.3
1984-01-14,0.0,8.739,21.538,28.044,26.6
1984-01-15,12.769,9.829,22.175,29.788,20.4
1984-01-16,3.972,8.958,22.125,28.706,10.5
1984-01-17,0.0,8.443,21.938,27.95,7.6
1984-01-18,2.968,9.295,22.331,29.225,7.6
1984-01-19,0.427,8.783,22.375,28.644,7.3
1984-01-20,0.628,9.271,22.531,29.281,6.6
1984-01-21,6.731,6.692,21.994,26.038,6.3
1984-01-22,0.0,9.343,20.875,28.075,5.5
1984-01-23,0.0,9.91,21.556,29.225,14.2
1984-01-24,0.0,9.741,21.756,29.144,8.0
1984-01-25,0.0,9.275,22.619,29.256,6.6
1984-01-26,0.0,9.8,22.438,29.681,6.7
1984-01-27,0.0,7.885,23.181,28.15,10.5
1984-01-28,0.751,9.701,22.712,29.731,9.1
1984-01-29,0.0,9.219,22.094,28.688,6.6
1984-01-30,0.459,9.786,21.613,28.95,6.7
1984-01-31,0.0,9.945,22.113,29.494,6.4
1984-02-01,0.0,9.408,22.575,29.212,6.9
1984-02-02,8.488,9.217,22.637,29.019,6.9
1984-02-03,18.382,10.056,22.394,29.725,6.7
1984-02-04,0.0,7.931,22.081,27.137,6.7
1984-02-05,1.142,7.423,22.106,26.637,6.5
1984-02-06,9.226,7.784,21.8,26.725,6.3
1984-02-07,37.617,7.024,21.856,26.006,6.2
1984-02-08,7.382,8.447,22.1,27.65,6.1
1984-02-09,3.652,7.993,21.981,27.025,6.0
1984-02-10,0.252,8.178,21.825,27.075,5.9
1984-02-11,8.017,8.596,21.887,27.538,5.8
1984-02-12,0.0,10.41,22.125,29.663,5.8
1984-02-13,0.0,9.134,22.9,28.881,5.7
1984-02-14,0.0,8.302,21.994,27.269,5.6
1984-02-15,0.0,8.238,22.469,27.55,5.5
1984-02-16,0.0,10.424,22.613,29.931,5.4
1984-02-17,0.0,8.284,21.944,27.144,5.2
1984-02-18,0.0,10.409,22.025,29.431,5.1
1984-02-19,8.849,9.289,22.244,28.375,5.2
1984-02-20,3.154,8.159,22.8,27.644,4.9
1984-02-21,6.189,8.547,22.206,27.538,4.7
1984-02-22,15.668,8.946,22.925,28.488,6.8
1984-02-23,0.0,9.819,22.575,29.087,5.5
1984-02-24,0.992,8.263,22.756,27.637,6.1
1984-02-25,15.71,8.93,21.831,27.538,5.2
1984-02-26,5.496,9.679,22.481,28.812,9.2
1984-02-27,6.528,9.738,22.931,29.194,7.5
1984-02-28,10.363,10.034,23.163,29.706,6.6
1984-02-29,1.622,9.784,22.131,28.575,5.5
1984-03-01,0.0,8.811,22.931,28.238,5.5
1984-03-02,0.0,9.262,22.244,28.113,5.4
1984-03-03,2.367,7.501,22.488,26.569,5.4
1984-03-04,0.0,8.349,22.312,27.231,5.2
1984-03-05,0.0,8.503,22.631,27.6,10.5
1984-03-06,11.024,8.223,23.175,27.788,6.6
1984-03-07,0.0,9.42,22.806,28.619,6.9
1984-03-08,0.0,9.418,22.594,28.431,6.8
1984-03-09,0.0,8.161,23.038,27.587,5.8
1984-03-10,0.0,9.941,22.319,28.725,5.5
1984-03-11,0.0,8.784,22.75,27.919,5.4
1984-03-12,0.0,9.682,23.262,29.175,5.4
1984-03-13,0.0,8.853,23.131,28.244,5.4
1984-03-14,0.0,10.977,23.419,30.55,5.2
1984-03-15,0.0,11.021,23.231,30.438,5.2
1984-03-16,0.0,9.612,22.837,28.712,5.1
1984-03-17,0.0,10.387,22.525,29.225,5.1
1984-03-18,0.0,9.575,22.544,28.413,5.1
1984-03-19,0.0,11.15,21.231,28.981,5.0
1984-03-20,0.0,11.166,21.962,29.531,4.9
1984-03-21,0.0,10.956,21.988,29.325,4.9
1984-03-22,1.951,11.505,22.375,30.181,4.8
1984-03-23,1.711,10.011,23.294,29.363,4.8
1984-03-24,0.331,9.783,23.262,29.119,5.3
1984-03-25,0.0,9.888,23.275,29.231,5.0
1984-03-26,0.0,9.702,22.706,28.6,4.7
1984-03-27,0.0,9.289,23.413,28.781,4.6
1984-03-28,0.0,10.837,23.538,30.344,4.5
1984-03-29,0.0,9.918,22.738,28.794,4.3
1984-03-30,8.107,10.853,22.637,29.656,4.0
1984-03-31,2.929,7.933,23.387,27.5,4.0
1984-04-01,3.152,8.924,23.106,28.131,4.3
1984-04-02,1.398,9.581,23.469,29.05,4.3
1984-04-03,1.483,11.068,22.544,29.8,4.2
1984-04-04,0.938,10.842,23.444,30.231,4.2
1984-04-05,0.0,10.799,23.8,30.469,4.2
1984-04-06,0.0,10.498,23.45,29.9,4.2
1984-04-07,0.0,12.066,22.994,31.119,4.0
1984-04-08,8.119,8.643,23.163,27.913,4.0
1984-04-09,0.0,11.697,23.288,30.944,4.0
1984-04-10,2.9,9.846,23.844,29.587,4.0
1984-04-11,6.357,7.927,22.981,27.113,3.9
1984-04-12,0.281,9.677,22.706,28.525,4.9
1984-04-13,4.102,9.959,23.188,29.156,4.8
1984-04-14,9.584,10.204,22.712,29.031,4.6
1984-04-15,10.401,9.61,23.587,29.156,4.3
1984-04-16,0.402,8.994,23.619,28.613,4.2
1984-04-17,23.497,6.785,23.175,26.337,5.4
1984-04-18,0.0,11.27,23.381,30.613,5.5
1984-04-19,0.0,10.554,23.981,30.394,5.5
1984-04-20,0.0,9.757,23.312,29.1,6.6
1984-04-21,0.0,10.558,23.85,30.288,5.7
1984-04-22,0.0,9.089,23.762,28.837,5.5
1984-04-23,0.0,11.187,23.387,30.544,5.5
1984-04-24,0.0,10.12,23.581,29.669,6.3
1984-04-25,37.471,9.992,22.894,29.025,19.1
1984-04-26,10.334,7.622,23.788,27.587,7.9
1984-04-27,13.053,10.263,23.05,29.4,5.5
1984-04-28,0.0,8.8,23.725,28.606,5.5
1984-04-29,0.926,7.423,22.337,26.169,17.3
1984-04-30,0.0,10.985,22.738,29.919,7.3
1984-05-01,0.0,10.024,22.7,28.913,17.9
1984-05-02,0.0,11.343,22.575,30.144,9.1
1984-05-03,9.01,10.967,22.512,29.738,9.3
1984-05-04,8.065,10.43,23.581,30.038,8.6
1984-05-05,0.938,11.352,23.731,31.081,6.9
1984-05-06,0.0,8.75,23.656,28.506,6.8
1984-05-07,9.524,9.14,23.456,28.712,6.7
1984-05-08,3.347,8.526,22.656,27.512,11.3
1984-05-09,3.447,7.727,23.212,27.225,8.3
1984-05-10,4.482,11.232,23.125,30.544,7.1
1984-05-11,6.134,9.135,22.975,28.387,7.0
1984-05-12,15.269,7.185,22.856,26.512,7.8
1984-05-13,18.632,9.319,22.038,27.794,5.5
1984-05-14,12.507,7.795,22.394,26.663,11.9
1984-05-15,15.324,10.018,22.694,29.012,6.2
1984-05-16,3.614,9.901,22.219,28.575,5.8
1984-05-17,5.91,10.706,22.344,29.469,12.5
1984-05-18,7.041,10.955,22.781,30.075,60.0
1984-05-19,3.695,8.968,23.169,28.438,28.0
1984-05-20,5.182,10.433,23.256,29.931,11.7
1984-05-21,6.386,9.046,23.512,28.8,23.2
1984-05-22,10.915,8.524,23.706,28.475,11.5
1984-05-23,10.103,9.195,22.519,28.125,5.5
1984-05-24,2.822,10.36,22.431,29.25,6.3
1984-05-25,7.568,10.809,22.119,29.488,5.5
1984-05-26,0.585,8.41,22.7,27.538,134.4
1984-05-27,6.383,8.766,22.244,27.506,33.8
1984-05-28,16.474,7.525,22.456,26.531,9.8
1984-05-29,0.0,7.151,22.994,26.644,6.1
1984-05-30,1.275,10.915,23.381,30.606,17.3
1984-05-31,8.286,7.96,23.381,27.725,11.1
1984-06-01,6.232,9.374,22.856,28.65,5.5
1984-06-02,3.57,7.951,23.756,28.031,5.5
1984-06-03,0.0,8.68,22.431,27.625,5.2
1984-06-04,7.102,7.054,22.675,26.312,4.8
1984-06-05,9.128,8.546,22.844,27.844,7.5
1984-06-06,1.763,11.4,22.663,30.581,19.8
1984-06-07,40.375,4.382,23.519,25.019,110.5
1984-06-08,7.463,9.267,23.625,29.194,106.4
1984-06-09,8.442,10.825,22.981,30.269,9.2
1984-06-10,0.74,6.701,24.525,27.644,5.5
1984-06-11,19.62,9.007,23.469,28.819,5.5
1984-06-12,4.607,8.222,23.25,27.906,5.5
1984-06-13,5.646,9.599,22.756,28.85,5.5
1984-06-14,5.944,8.755,23.056,28.262,5.5
1984-06-15,2.078,8.498,22.744,27.744,6.0
1984-06-16,1.742,9.852,23.512,29.7,31.8
1984-06-17,5.905,8.563,22.975,28.012,25.8
1984-06-18,1.788,6.915,23.025,26.544,6.3
1984-06-19,0.0,9.589,22.575,28.694,5.5
1984-06-20,7.557,9.215,24.137,29.581,4.8
1984-06-21,14.306,8.784,23.044,28.275,4.0
1984-06-22,12.251,7.844,22.969,27.319,4.7
1984-06-23,3.446,8.328,23.106,27.894,6.1
1984-06-24,6.565,9.044,23.062,28.544,13.2
1984-06-25,2.564,10.006,22.988,29.462,12.9
1984-06-26,12.844,8.758,22.506,27.806,142.2
1984-06-27,11.447,9.848,22.762,29.125,41.3
1984-06-28,4.861,9.912,22.038,28.613,10.2
1984-06-29,6.267,8.0,22.95,27.506,6.3
1984-06-30,5.28,9.868,22.15,28.637,11.2
1984-07-01,4.198,9.808,22.312,28.712,52.2
1984-07-02,5.818,9.798,22.562,28.894,37.0
1984-07-03,2.3,11.063,22.356,30.044,17.4
1984-07-04,5.924,9.719,22.256,28.569,6.2
1984-07-05,26.694,7.295,22.544,26.444,45.7
1984-07-06,13.913,8.677,22.169,27.444,16.0
1984-07-07,3.509,10.269,22.738,29.494,12.8
1984-07-08,5.357,7.371,22.65,26.594,17.6
1984-07-09,7.005,9.524,22.05,28.2,18.5
1984-07-10,1.648,7.87,22.131,26.625,8.6
1984-07-11,0.193,10.687,22.587,29.794,5.5
1984-07-12,1.457,8.459,22.456,27.456,119.6
1984-07-13,5.0,8.703,22.444,27.65,31.6
1984-07-14,4.531,10.332,22.075,29.006,25.7
1984-07-15,6.133,8.106,22.312,26.956,11.7
1984-07-16,8.019,10.253,21.85,28.738,8.6
1984-07-17,0.217,10.479,22.319,29.325,15.0
1984-07-18,5.903,9.618,22.462,28.55,8.1
1984-07-19,12.486,7.99,23.0,27.419,14.2
1984-07-20,10.538,9.198,22.15,27.9,13.7
1984-07-21,10.452,10.318,21.331,28.394,17.5
1984-07-22,4.749,7.817,22.219,26.587,8.8
1984-07-23,6.271,8.984,21.881,27.431,34.5
1984-07-24,15.123,9.399,22.081,28.019,40.7
1984-07-25,11.095,8.246,23.006,27.625,14.2
1984-07-26,0.734,9.539,22.631,28.556,6.3
1984-07-27,4.301,10.133,23.038,29.469,5.5
1984-07-28,6.341,9.494,22.75,28.619,5.4
1984-07-29,5.816,9.999,22.569,28.956,5.2
1984-07-30,12.496,9.633,22.538,28.569,5.1
1984-07-31,25.986,7.547,22.3,26.369,5.0
1984-08-01,1.209,8.907,21.988,27.4,12.6
1984-08-02,1.744,10.339,21.769,28.656,7.5
1984-08-03,3.327,9.081,22.969,28.344,6.0
1984-08-04,11.03,9.344,22.556,28.269,5.5
1984-08-05,0.716,9.548,22.462,28.363,5.4
1984-08-06,6.445,7.969,24.581,28.644,5.3
1984-08-07,22.975,9.844,23.262,29.294,5.1
1984-08-08,2.717,8.746,23.188,28.188,66.3
1984-08-09,11.839,7.79,23.269,27.35,10.8
1984-08-10,28.433,8.318,22.856,27.5,6.7
1984-08-11,12.637,6.736,22.762,26.05,5.5
1984-08-12,2.902,8.256,22.294,26.969,16.7
1984-08-13,3.68,8.73,22.825,27.863,7.3
1984-08-14,17.794,8.276,23.425,27.9,5.5
1984-08-15,5.627,9.716,22.925,28.863,17.7
1984-08-16,15.636,9.235,23.4,28.806,8.3
1984-08-17,11.812,10.529,22.938,29.681,34.3
1984-08-18,14.623,8.832,22.719,27.831,57.0
1984-08-19,0.0,8.947,22.288,27.587,15.9
1984-08-20,1.404,9.801,22.812,28.837,9.9
1984-08-21,6.938,10.812,22.5,29.6,27.3
1984-08-22,1.812,7.877,23.425,27.531,7.1
1984-08-23,8.388,8.061,22.025,26.556,5.5
1984-08-24,0.998,11.05,21.8,29.3,5.5
1984-08-25,0.413,10.364,23.363,29.806,5.5
1984-08-26,0.0,8.759,22.956,27.938,5.4
1984-08-27,3.325,10.422,23.056,29.625,5.4
1984-08-28,3.501,8.854,22.825,27.956,5.8
1984-08-29,9.127,8.846,22.906,27.969,13.1
1984-08-30,0.753,10.351,22.962,29.5,6.7
1984-08-31,27.931,10.143,22.269,28.731,5.7
1984-09-01,12.912,10.201,22.556,29.012,44.5
1984-09-02,0.0,9.604,22.75,28.613,5.8
1984-09-03,13.739,7.96,23.306,27.538,10.5
1984-09-04,2.635,10.041,22.663,28.962,6.3
1984-09-05,5.826,8.625,23.119,27.975,10.7
1984-09-06,9.355,9.824,23.306,29.25,7.6
1984-09-07,12.308,8.588,23.156,27.962,6.5
1984-09-08,0.0,9.958,22.781,28.969,5.5
1984-09-09,8.432,9.544,22.156,28.094,15.1
1984-09-10,5.409,9.818,22.256,28.425,5.7
1984-09-12,4.314,10.746,22.55,29.619,9.0
1984-09-14,25.947,8.95,22.75,28.038,11.7
1984-09-15,0.0,10.472,22.113,29.019,7.4
1984-09-16,4.643,8.778,21.656,26.969,6.9
1984-09-17,13.969,9.286,22.644,28.256,6.7
1984-09-18,5.678,9.567,22.356,28.331,6.5
1984-09-19,1.061,6.966,22.631,26.125,6.2
1984-09-20,1.777,6.717,22.525,25.837,5.9
1984-09-21,0.0,9.192,22.325,28.006,5.6
1984-09-22,6.085,9.47,22.825,28.637,5.4
1984-09-23,20.362,8.029,22.506,27.012,5.2
1984-09-24,0.957,9.796,21.931,28.306,5.1
1984-09-26,4.581,10.515,22.262,29.319,4.7
1984-09-27,0.0,11.006,22.131,29.738,14.2
1984-09-28,0.0,11.518,23.156,31.106,10.4
1984-09-29,19.476,10.373,22.75,29.613,8.6
1984-09-30,4.16,9.734,23.381,29.444,10.6
1984-10-01,17.194,8.545,23.488,28.406,41.3
1984-10-02,2.371,11.175,22.925,30.6,17.0
1984-10-03,12.337,8.608,22.806,27.931,19.6
1984-10-04,10.116,9.203,23.131,28.775,105.7
1984-10-05,7.654,9.254,22.469,28.319,41.0
1984-10-06,0.214,7.932,22.65,27.194,10.5
1984-10-07,27.274,8.863,22.544,28.056,47.8
1984-10-08,15.055,9.959,22.863,29.419,21.4
1984-10-09,7.339,9.319,22.519,28.488,32.0
1984-10-10,9.279,10.024,22.156,28.956,17.1
1984-10-11,22.331,9.712,23.212,29.525,20.3
1984-10-12,0.137,9.151,23.75,29.394,10.7
1984-10-14,23.005,5.35,23.106,25.419,89.8
1984-10-15,3.232,8.815,23.125,28.587,17.1
1984-10-16,10.605,9.98,23.419,30.038,24.0
1984-10-17,15.44,7.976,23.019,27.712,9.0
1984-10-18,0.0,10.346,22.95,30.113,6.0
1984-10-23,11.682,6.959,23.769,27.469,5.1
1984-10-24,5.27,5.618,22.562,25.231,5.1
1984-10-25,3.569,8.273,22.706,27.9,4.9
1984-10-26,5.381,9.449,22.788,29.225,4.8
1984-10-27,3.356,6.933,23.194,27.006,4.8
1984-10-28,11.084,7.72,22.894,27.55,4.6
1984-10-29,18.286,7.691,22.35,27.094,4.5
1984-10-30,0.742,7.418,22.744,27.15,4.3
1984-10-31,0.0,8.586,22.944,28.531,4.2
1984-11-01,0.0,9.039,22.244,28.494,5.5
1984-11-02,0.0,9.165,22.0,28.444,5.5
1984-11-03,0.0,9.238,22.119,28.644,5.4
1984-11-04,0.0,9.931,21.406,28.906,5.3
1984-11-05,1.467,7.605,21.944,26.788,5.2
1984-11-06,5.447,6.87,22.406,26.444,5.1
1984-11-09,0.0,10.241,20.381,28.656,4.8
1984-11-10,0.0,8.582,22.431,28.319,4.8
1984-11-11,0.0,8.589,22.194,28.181,4.7
1984-11-14,0.0,10.142,22.113,29.95,4.5
1984-11-15,33.692,10.381,21.375,29.694,4.4
1984-11-16,3.681,9.282,22.869,29.587,4.2
1984-11-17,0.402,7.199,22.506,27.019,4.1
1984-11-18,9.925,9.277,22.663,29.494,4.0
1984-11-19,1.185,6.907,23.55,27.7,18.5
1984-11-20,8.281,9.058,22.756,29.312,6.8
1984-11-21,9.454,7.196,23.156,27.613,5.5
1984-11-22,7.729,7.43,23.344,28.069,5.4
1984-11-23,51.367,6.178,23.175,26.656,89.3
1984-11-24,1.765,9.637,22.531,29.881,7.7
1984-11-25,0.188,8.728,22.294,28.681,5.5
1984-11-26,1.454,8.988,22.262,28.969,10.9
1984-11-27,10.942,8.405,22.381,28.431,5.5
1984-11-28,15.647,7.861,22.594,27.981,13.1
1984-11-29,18.454,9.281,21.856,29.044,5.5
1984-11-30,9.631,7.888,22.606,28.05,25.3
1984-12-01,4.547,8.599,23.019,29.175,13.3
1984-12-02,0.532,9.185,23.062,29.894,5.5
1984-12-03,4.095,8.169,23.113,28.769,5.5
1984-12-04,4.34,8.231,22.319,28.238,5.4
1984-12-05,0.0,8.796,23.025,29.438,5.2
1984-12-06,0.957,8.291,23.3,29.1,5.1
1984-12-07,4.108,9.361,22.956,30.075,5.1
1984-12-08,0.494,8.654,23.244,29.488,4.9
1984-12-09,0.0,9.767,22.387,30.144,4.9
1984-12-10,0.0,8.579,22.331,28.719,4.8
1984-12-11,0.0,8.017,21.456,27.369,4.8
1984-12-12,0.0,7.9,22.55,28.119,4.8
1984-12-13,4.264,8.048,22.731,28.431,4.6
1984-12-14,0.0,9.169,23.137,30.044,4.5
1984-12-15,7.593,8.818,23.206,29.694,4.5
1984-12-16,18.114,7.737,22.975,28.288,4.4
1984-12-17,4.283,7.863,22.225,27.825,4.3
1984-12-18,0.0,9.072,22.919,29.781,4.2
1984-12-19,0.329,7.797,22.706,28.15,4.2
1984-12-20,0.485,8.659,22.694,29.106,4.0
1984-12-21,1.093,8.693,22.519,29.019,4.0
1984-12-22,2.047,6.3,22.619,26.425,3.9
1984-12-23,1.995,7.401,22.431,27.444,3.8
1984-12-24,1.829,7.655,22.0,27.369,3.7
1984-12-25,0.0,7.882,22.119,27.738,3.5
1984-12-26,0.0,9.236,22.637,29.712,3.5
1984-12-27,0.0,8.726,23.525,29.806,3.3
1984-12-28,2.731,8.239,23.581,29.288,3.2
1984-12-29,0.0,9.086,22.6,29.494,3.1
1984-12-30,0.0,8.78,22.969,29.406,3.0
1984-12-31,0.0,9.839,22.625,30.381,3.0
1985-01-01,0.0,7.875,22.281,27.819,3.9
1985-01-02,0.0,9.427,22.375,29.681,3.8
1985-01-03,0.0,7.131,23.369,27.869,3.8
1985-01-04,1.625,6.453,22.887,26.75,3.7
1985-01-05,7.519,7.785,22.3,27.744,3.7
1985-01-06,0.0,6.804,22.969,27.188,3.7
1985-01-07,0.0,8.239,21.744,27.762,3.6
1985-01-08,0.0,7.988,22.113,27.744,3.6
1985-01-09,0.0,9.142,21.913,28.887,3.5
1985-01-10,0.0,8.497,22.1,28.294,3.5
1985-01-11,0.0,8.892,22.538,29.081,3.5
1985-01-12,0.0,8.244,22.288,28.113,3.5
1985-01-13,0.0,8.824,22.25,28.738,3.4
1985-01-14,0.0,9.179,21.769,28.75,3.3
1985-01-15,0.0,10.226,22.212,30.281,3.3
1985-01-16,0.0,10.39,21.544,29.956,3.2
1985-01-17,12.302,9.324,22.15,29.125,3.2
1985-01-18,6.055,8.66,22.375,28.531,3.2
1985-01-19,0.528,8.839,22.738,28.994,3.2
1985-01-20,0.0,8.925,22.925,29.206,3.1
1985-01-21,0.0,7.593,22.663,27.538,3.0
1985-01-22,0.413,9.126,22.05,28.738,3.0
1985-01-23,0.0,9.674,21.819,29.125,3.0
1985-01-24,0.0,10.746,21.65,30.256,2.9
1985-01-25,0.0,10.177,22.2,29.962,2.8
1985-01-26,0.178,7.337,22.581,27.125,2.7
1985-01-27,0.0,7.941,21.844,27.125,2.6
1985-01-28,0.0,8.583,21.581,27.6,2.5
1985-01-29,0.0,8.948,21.794,28.163,3.0
1985-01-30,0.0,10.13,22.181,29.769,3.0
1985-01-31,0.0,10.606,21.625,29.85,2.9
1985-02-01,0.0,9.452,21.956,28.762,2.8
1985-02-02,0.0,9.272,21.812,28.438,2.7
1985-02-03,0.0,9.686,22.025,29.025,2.7
1985-02-04,0.0,10.39,22.1,29.844,2.6
1985-02-05,0.0,10.839,22.519,30.637,2.6
1985-02-06,0.0,9.701,22.131,29.038,2.5
1985-02-07,0.0,10.91,23.056,31.044,2.5
1985-02-08,7.653,8.739,23.931,29.413,2.5
1985-02-09,3.076,7.668,22.606,27.206,2.4
1985-02-10,3.545,9.808,21.938,28.913,2.4
1985-02-11,0.0,10.225,22.337,29.637,2.4
1985-02-12,0.0,9.135,22.306,28.425,2.4
1985-02-13,0.0,9.585,22.219,28.812,2.4
1985-02-14,0.0,8.92,22.8,28.562,2.4
1985-02-15,0.0,6.807,23.444,27.012,2.4
1985-02-16,0.0,9.463,22.475,28.837,2.4
1985-02-17,0.0,9.366,23.3,29.337,2.3
1985-02-18,0.0,8.287,23.531,28.413,2.3
1985-02-19,0.0,8.961,23.688,29.181,2.3
1985-02-20,0.0,8.993,23.137,28.756,2.3
1985-02-21,0.0,9.359,22.675,28.744,2.3
1985-02-22,0.0,8.879,23.069,28.544,2.3
1985-02-23,0.0,10.057,23.444,30.006,2.3
1985-02-24,0.0,9.763,22.431,28.894,2.3
1985-02-25,0.0,10.846,22.35,29.944,2.3
1985-02-26,0.0,9.402,21.95,28.094,2.3
1985-02-27,0.0,10.413,22.069,29.25,2.2
1985-02-28,0.0,10.117,22.344,29.131,2.2
1985-03-01,0.0,10.493,23.394,30.294,2.2
1985-03-02,0.0,9.52,23.45,29.331,2.2
1985-03-03,0.0,10.141,23.706,30.125,2.2
1985-03-04,3.924,10.447,23.619,30.344,2.2
1985-03-05,3.615,10.138,23.356,29.819,2.2
1985-03-06,0.0,9.568,23.006,28.956,2.2
1985-03-07,0.0,10.265,23.131,29.744,2.2
1985-03-08,0.0,10.25,23.038,29.625,2.1
1985-03-09,0.0,9.699,23.55,29.456,2.1
1985-03-10,0.0,9.803,23.556,29.55,2.1
1985-03-11,0.0,9.545,22.806,28.688,2.1
1985-03-12,0.0,10.801,22.75,29.887,2.1
1985-03-13,0.0,10.937,21.788,29.275,2.1
1985-03-14,0.0,11.626,21.856,30.038,2.0
1985-03-15,0.0,10.246,22.988,29.475,2.0
1985-03-16,0.0,10.615,22.875,29.744,2.0
1985-03-17,0.0,10.51,22.863,29.594,2.0
1985-03-18,0.0,10.59,22.962,29.744,2.0
1985-03-19,0.0,9.848,22.4,28.575,2.0
1985-03-20,0.0,10.29,22.363,28.969,2.0
1985-03-21,0.0,11.837,21.337,29.762,2.0
1985-03-22,0.0,12.553,21.55,30.663,2.0
1985-03-23,0.0,12.159,22.206,30.719,2.0
1985-03-24,0.0,11.292,22.394,29.95,2.0
1985-03-25,0.0,11.545,23.144,30.788,2.0
1985-03-26,0.0,10.068,24.169,30.131,2.0
1985-03-27,0.0,10.717,23.962,30.562,2.0
1985-03-28,0.0,9.789,24.094,29.769,2.0
1985-03-29,0.0,10.226,23.5,29.706,2.0
1985-03-30,3.577,9.549,22.994,28.644,2.0
1985-03-31,6.242,9.287,22.3,27.875,2.0
1985-04-01,0.0,11.768,22.775,30.644,3.9
1985-04-02,1.329,10.697,22.819,29.606,3.5
1985-04-03,0.0,11.2,22.9,30.175,2.6
1985-04-04,0.0,9.533,23.119,28.706,2.4
1985-04-05,0.0,11.603,23.325,30.906,2.3
1985-04-06,0.0,11.29,23.106,30.438,2.2
1985-04-07,0.0,11.074,23.2,30.256,2.2
1985-04-08,0.428,10.203,23.281,29.462,2.2
1985-04-09,26.824,9.26,22.706,28.106,2.1
1985-04-10,1.402,11.291,22.294,29.812,2.0
1985-04-11,1.144,10.79,23.181,29.962,2.0
1985-04-12,0.0,10.73,23.331,30.019,2.0
1985-04-13,7.722,9.834,23.738,29.481,2.0
1985-04-14,0.0,10.172,22.794,29.069,2.0
1985-04-15,0.0,10.205,23.212,29.419,1.9
1985-04-16,0.0,11.082,23.531,30.531,1.9
1985-04-17,0.0,9.385,24.069,29.356,1.9
1985-04-18,0.0,8.872,24.056,28.863,1.9
1985-04-19,0.0,9.947,23.519,29.431,1.8
1985-04-20,0.0,9.907,23.381,29.275,1.8
1985-04-21,0.0,10.089,23.181,29.306,1.8
1985-04-22,0.0,10.698,22.731,29.55,1.8
1985-04-23,0.581,11.547,22.637,30.331,1.8
1985-04-24,0.0,10.106,22.556,28.831,1.8
1985-04-25,0.0,8.593,23.144,27.887,1.7
1985-04-26,8.098,11.247,22.35,29.819,1.7
1985-04-27,0.0,9.194,22.137,27.631,1.7
1985-04-28,0.154,11.456,22.319,30.031,2.0
1985-04-29,0.0,11.154,22.156,29.606,3.5
1985-04-30,0.755,10.918,22.744,29.825,3.3
1985-05-01,0.0,9.022,22.394,27.694,3.2
1985-05-02,0.0,10.163,22.512,28.962,3.0
1985-05-03,0.0,10.041,22.363,28.7,2.8
1985-05-04,20.469,8.78,22.85,27.85,4.4
1985-05-05,0.207,10.888,23.1,30.119,5.5
1985-05-06,10.447,8.65,22.794,27.706,6.6
1985-05-07,18.198,9.397,23.194,28.738,13.3
1985-05-08,7.815,6.107,23.456,26.1,6.3
1985-05-09,3.701,10.228,22.544,29.075,5.5
1985-05-10,3.589,7.841,22.956,27.131,3.5
1985-05-11,4.079,8.989,23.019,28.25,3.7
1985-05-12,4.683,10.505,23.294,29.938,4.5
1985-05-13,2.845,8.539,22.962,27.769,8.8
1985-05-14,7.966,9.605,22.619,28.531,5.9
1985-05-15,0.0,9.834,22.25,28.475,5.4
1985-05-16,6.329,9.888,22.306,28.606,5.1
1985-05-17,13.309,8.252,23.45,27.956,3.9
1985-05-18,4.267,11.101,22.481,29.975,10.1
1985-05-19,0.761,9.644,22.356,28.45,7.0
1985-05-20,4.917,11.979,23.181,31.431,5.8
1985-05-21,0.0,10.205,23.938,30.225,5.4
1985-05-22,5.234,10.244,23.0,29.556,4.1
1985-05-23,2.98,10.336,23.081,29.706,2.7
1985-05-24,13.236,8.146,23.75,28.144,6.1
1985-05-25,2.588,9.459,23.2,28.956,2.2
1985-05-26,10.181,7.697,23.406,27.462,3.8
1985-05-27,3.158,8.944,23.319,28.562,4.0
1985-05-28,14.48,8.696,23.775,28.694,3.2
1985-05-29,9.1,9.181,23.512,28.981,2.9
1985-05-30,10.743,10.817,24.194,31.106,3.8
1985-05-31,19.699,7.613,24.038,27.981,5.9
1985-06-01,18.42,5.577,22.806,25.225,5.1
1985-06-02,21.146,6.659,23.288,26.519,3.1
1985-06-03,4.98,6.788,22.15,25.631,2.9
1985-06-04,22.723,8.929,22.0,27.525,6.3
1985-06-05,11.573,9.692,22.238,28.481,46.0
1985-06-06,4.423,10.14,22.688,29.306,46.8
1985-06-07,11.602,9.28,22.919,28.613,30.1
1985-06-08,0.738,8.66,23.337,28.369,12.0
1985-06-09,13.603,9.17,23.45,28.975,5.1
1985-06-10,10.301,9.45,22.8,28.712,13.3
1985-06-11,7.366,10.093,22.725,29.319,24.8
1985-06-12,4.777,8.127,22.769,27.4,6.6
1985-06-13,6.826,9.943,22.231,28.762,5.5
1985-06-14,0.0,10.716,23.181,30.325,5.45
1985-06-15,6.963,8.239,23.462,28.081,5.3
1985-06-16,4.831,9.523,23.55,29.413,5.0
1985-06-17,9.02,9.672,23.119,29.206,4.7
1985-06-18,4.017,10.043,22.856,29.406,10.1
1985-06-19,17.85,9.303,22.837,28.625,9.8
1985-06-20,2.966,9.118,22.844,28.425,7.6
1985-06-21,9.406,8.963,22.456,27.969,6.1
1985-06-22,7.025,9.229,23.438,29.056,5.6
1985-06-23,12.34,8.525,23.15,28.125,14.4
1985-06-24,0.853,11.094,22.562,30.244,7.9
1985-06-25,20.207,8.626,23.381,28.419,23.3
1985-06-26,18.468,8.831,22.881,28.188,53.5
1985-06-27,0.189,10.704,22.85,30.081,6.7
1985-06-28,14.654,9.749,23.15,29.319,29.0
1985-06-29,13.055,7.744,22.512,26.831,13.5
1985-06-30,0.674,7.773,22.269,26.669,6.6
1985-07-01,0.0,12.029,21.844,30.688,21.5
1985-07-02,7.024,9.513,23.106,29.025,8.7
1985-07-03,2.596,7.865,23.919,28.137,6.4
1985-07-04,16.372,8.311,22.587,27.425,7.3
1985-07-05,10.734,8.901,22.619,28.019,6.7
1985-07-06,5.171,9.162,22.975,28.556,6.3
1985-07-07,5.569,8.361,23.406,28.131,5.5
1985-07-08,17.217,8.276,21.925,26.863,12.4
1985-07-09,6.022,9.277,22.519,28.306,12.8
1985-07-10,5.141,10.237,22.663,29.4,7.6
1985-07-11,6.142,10.172,22.881,29.494,6.3
1985-07-12,4.481,11.071,22.275,29.962,5.4
1985-07-13,0.316,9.618,22.394,28.544,5.4
1985-07-14,7.549,7.793,23.169,27.4,4.7
1985-07-15,8.675,8.217,22.488,27.231,3.9
1985-07-16,0.255,11.159,22.494,30.188,63.0
1985-07-17,2.406,11.065,22.5,30.1,8.4
1985-07-18,12.676,7.46,22.219,26.275,23.0
1985-07-19,15.331,10.605,21.919,29.15,20.3
1985-07-20,19.466,7.311,22.019,25.988,9.0
1985-07-21,3.433,9.629,22.506,28.587,6.6
1985-07-22,5.392,7.286,22.706,26.556,24.7
1985-07-23,7.48,10.534,21.644,28.863,11.7
1985-07-24,6.243,10.091,22.337,28.938,6.5
1985-07-25,8.115,9.2,22.038,27.769,40.0
1985-07-26,14.783,9.972,22.9,29.25,34.3
1985-07-27,10.186,7.54,22.544,26.581,14.6
1985-07-28,1.354,11.664,22.856,30.9,40.7
1985-07-29,7.442,6.536,22.881,26.0,29.1
1985-07-30,8.604,9.548,22.494,28.469,8.8
1985-07-31,5.818,8.308,22.363,27.137,5.7
1985-08-01,4.908,9.538,22.6,28.5,12.9
1985-08-02,4.746,8.885,22.887,28.094,7.9
1985-08-03,9.928,8.849,22.444,27.694,13.5
1985-08-04,9.611,8.508,22.494,27.394,21.0
1985-08-05,2.537,9.67,22.75,28.731,13.4
1985-08-06,8.973,9.952,22.744,29.006,58.3
1985-08-07,2.178,7.493,22.556,26.531,14.2
1985-08-08,6.697,9.906,21.975,28.337,6.8
1985-08-09,7.548,8.41,22.231,27.1,5.6
1985-08-10,1.87,9.993,22.3,28.669,5.4
1985-08-11,3.868,10.342,22.394,29.094,7.3
1985-08-12,5.776,10.309,22.925,29.462,5.5
1985-08-13,7.441,9.051,23.431,28.625,5.7
1985-08-14,14.453,9.386,22.85,28.481,20.8
1985-08-15,3.423,8.132,23.044,27.488,7.6
1985-08-16,5.634,8.974,22.7,27.956,11.6
1985-08-17,8.435,8.056,22.594,27.025,24.3
1985-08-18,12.252,6.403,22.438,25.438,24.3
1985-08-19,3.384,9.563,22.331,28.238,43.0
1985-08-20,17.6,8.412,22.831,27.525,8.4
1985-08-21,10.095,8.43,22.35,27.144,33.3
1985-08-22,0.0,10.994,22.012,29.406,19.0
1985-08-23,4.094,8.689,23.238,28.131,9.3
1985-08-24,7.845,9.348,23.069,28.631,10.5
1985-08-25,5.813,9.895,22.462,28.656,21.0
1985-08-26,0.195,10.044,22.569,28.869,25.3
1985-08-27,2.973,8.566,22.387,27.3,18.0
1985-08-28,17.115,9.293,22.531,28.106,11.5
1985-08-29,10.802,8.061,22.413,26.844,8.3
1985-08-30,8.79,9.716,22.106,28.175,29.4
1985-08-31,5.836,9.061,22.25,27.656,6.1
1985-09-01,0.361,9.674,23.156,28.994,17.3
1985-09-02,0.0,8.154,23.144,27.55,29.8
1985-09-03,3.979,10.287,22.625,29.156,86.5
1985-09-04,53.916,8.983,23.444,28.569,52.3
1985-09-05,12.067,9.363,22.4,28.087,15.8
1985-09-06,17.505,9.084,23.1,28.394,8.9
1985-09-07,4.088,9.218,22.556,28.1,7.5
1985-09-08,11.167,11.404,22.669,30.344,14.5
1985-09-09,19.032,11.218,22.512,30.044,11.2
1985-09-10,23.832,9.002,22.906,28.156,12.7
1985-09-11,8.955,10.78,21.925,29.156,178.5
1985-09-12,11.117,9.379,22.837,28.469,43.3
1985-09-13,1.889,10.846,22.856,29.944,8.3
1985-09-14,19.31,10.575,22.731,29.587,217.6
1985-09-15,5.162,8.044,22.663,27.094,26.5
1985-09-16,0.0,9.143,22.831,28.256,35.0
1985-09-17,5.87,10.819,22.794,29.925,17.3
1985-09-18,6.774,9.975,22.981,29.231,22.6
1985-09-19,6.593,9.023,23.775,28.944,12.3
1985-09-20,9.613,9.735,22.806,28.863,7.0
1985-09-21,0.44,8.166,23.519,27.962,6.0
1985-09-22,4.371,10.295,23.019,29.613,5.5
1985-09-23,3.269,10.323,23.469,29.981,13.1
1985-09-24,1.493,10.048,23.688,29.913,6.9
1985-09-25,11.744,7.397,23.3,27.119,14.4
1985-09-26,13.936,7.597,23.306,27.3,10.1
1985-09-27,9.052,8.429,22.331,27.275,6.8
1985-09-28,19.241,8.485,22.525,27.5,5.8
1985-09-29,1.103,8.865,22.788,28.087,5.5
1985-09-30,0.923,10.491,22.606,29.594,13.3
1985-10-01,5.512,6.956,23.113,26.637,216.2
1985-10-02,7.338,9.221,22.969,28.631,33.8
1985-10-03,0.0,10.518,22.531,29.619,23.8
1985-10-04,5.091,7.869,22.887,27.3,9.3
1985-10-05,7.994,8.238,23.1,27.837,6.7
1985-10-06,5.105,8.079,22.731,27.394,6.2
1985-10-07,4.019,10.702,22.363,29.744,5.7
1985-10-08,6.423,8.661,23.238,28.413,235.4
1985-10-09,21.239,8.932,23.631,28.994,13.4
1985-10-10,0.0,8.276,22.894,27.762,22.1
1985-10-11,5.078,11.145,22.994,30.775,8.3
1985-10-12,3.468,7.804,23.269,27.644,6.5
1985-10-13,3.015,8.862,23.025,28.5,8.0
1985-10-14,7.219,9.733,23.381,29.688,5.5
1985-10-15,24.213,10.737,22.8,30.294,5.5
1985-10-16,9.588,8.819,23.262,28.7,5.5
1985-10-17,1.072,9.68,23.469,29.762,5.5
1985-10-18,15.02,9.9,22.95,29.594,5.5
1985-10-19,4.041,9.231,22.719,28.775,8.3
1985-10-20,11.494,5.674,22.875,25.512,17.5
1985-10-21,0.0,8.769,22.625,28.244,6.9
1985-10-22,0.464,9.351,22.9,29.062,5.5
1985-10-23,7.921,9.503,23.2,29.494,6.475
1985-10-24,1.825,7.798,22.988,27.606,6.9
1985-10-25,5.035,9.696,22.775,29.406,79.5
1985-10-26,11.462,9.311,23.238,29.387,8.3
1985-10-27,14.182,8.93,22.85,28.706,66.5
1985-10-28,6.038,7.521,23.0,27.425,11.0
1985-10-29,0.578,4.865,22.806,24.887,7.0
1985-10-30,0.182,4.036,23.369,24.806,6.8
1985-10-31,0.0,7.941,23.025,27.9,6.5
1985-11-01,0.0,8.309,22.212,27.631,6.2
1985-11-02,0.0,9.879,22.831,29.831,5.9
1985-11-03,0.0,9.071,22.544,28.75,5.7
1985-11-04,0.0,9.108,22.431,28.725,5.5
1985-11-05,0.0,9.377,22.956,29.469,5.5
1985-11-06,4.236,8.698,22.631,28.512,5.5
1985-11-07,0.0,9.186,22.669,29.106,11.2
1985-11-08,0.788,9.844,22.363,29.606,22.0
1985-11-09,14.081,9.19,22.731,29.2,12.9
1985-11-10,3.651,9.825,23.125,30.2,13.3
1985-11-11,0.603,9.724,23.038,30.05,7.9
1985-11-12,22.825,6.787,22.931,26.869,2.5
1985-11-13,3.707,7.627,22.3,27.219,11.3
1985-11-14,11.701,6.944,22.294,26.55,8.0
1985-11-15,5.441,6.861,22.238,26.45,26.5
1985-11-16,0.0,8.041,21.894,27.394,11.0
1985-11-17,25.869,8.289,21.825,27.644,20.3
1985-11-18,25.439,7.178,22.106,26.7,12.0
1985-11-19,27.402,6.188,22.262,25.825,249.6
1985-11-20,7.031,7.22,22.212,26.844,66.5
1985-11-21,20.594,8.372,22.512,28.344,300.7
1985-11-22,3.818,8.882,22.369,28.825,25.1
1985-11-23,1.926,8.316,22.175,28.062,8.9
1985-11-24,0.0,7.873,22.319,27.725,16.5
1985-11-25,0.0,8.578,21.913,28.175,9.3
1985-11-26,0.0,8.97,21.837,28.581,22.3
1985-11-27,1.755,8.373,21.806,27.913,10.9
1985-11-28,2.149,8.717,22.144,28.562,17.3
1985-11-29,0.0,9.318,22.344,29.444,11.5
1985-11-30,5.54,7.972,22.531,28.056,19.2
1985-12-01,5.15,7.692,22.606,27.806,12.0
1985-12-02,0.0,6.895,22.863,27.169,9.3
1985-12-03,20.749,9.059,21.962,28.9,12.0
1985-12-04,14.816,7.495,22.831,27.8,24.3
1985-12-05,20.491,7.871,23.056,28.475,20.3
1985-12-06,13.563,5.566,22.619,25.681,11.0
1985-12-07,5.057,6.823,23.194,27.413,9.4
1985-12-08,6.066,8.636,22.625,28.962,7.8
1985-12-09,6.357,7.88,22.406,27.931,6.8
1985-12-10,2.855,7.711,22.8,28.062,12.0
1985-12-11,2.383,9.016,22.7,29.494,7.1
1985-12-12,3.507,7.694,22.8,28.062,6.8
1985-12-13,4.965,7.482,22.762,27.794,6.5
1985-12-14,0.0,7.671,22.663,27.944,6.2
1985-12-15,0.0,8.121,22.344,28.2,5.9
1985-12-16,0.0,7.907,22.681,28.231,5.2
1985-12-17,0.0,8.942,22.194,29.05,5.5
1985-12-18,0.0,8.841,22.312,29.025,5.5
1985-12-19,0.0,8.109,22.781,28.544,5.5
1985-12-20,0.0,8.658,22.944,29.3,5.5
1985-12-21,0.0,8.327,22.381,28.481,5.5
1985-12-22,0.0,9.224,22.538,29.644,5.5
1985-12-23,0.0,9.013,22.369,29.269,5.5
1985-12-24,0.0,8.486,22.419,28.694,5.5
1985-12-25,0.0,8.223,22.738,28.625,5.5
1985-12-26,0.0,8.582,22.975,29.231,5.5
1985-12-27,0.0,9.467,22.75,30.081,5.5
1985-12-28,0.0,8.132,21.994,27.894,5.5
1985-12-29,0.0,7.852,21.95,27.531,5.5
1985-12-30,0.0,9.494,21.025,28.769,5.5
1985-12-31,0.0,9.779,21.725,29.625,5.5
1986-01-01,0.0,9.246,21.975,29.169,5.5
1986-01-02,0.0,9.859,22.369,30.181,5.5
1986-01-03,8.468,9.004,23.85,30.319,5.5
1986-01-04,9.056,6.808,22.95,27.175,5.5
1986-01-05,12.025,6.87,22.856,27.15,5.5
1986-01-06,0.0,8.816,22.375,28.938,5.4
1986-01-07,0.0,6.617,22.644,26.694,5.4
1986-01-08,0.0,9.196,22.512,29.444,5.3
1986-01-09,0.0,9.953,22.337,30.188,5.2
1986-01-10,0.0,8.149,22.394,28.094,5.2
1986-01-11,0.0,7.898,22.731,28.094,5.2
1986-01-12,0.0,7.507,23.481,28.275,5.2
1986-01-13,0.0,9.077,23.087,29.694,5.2
1986-01-14,0.271,8.517,22.975,28.925,5.1
1986-01-15,0.0,9.631,23.087,30.262,5.1
1986-01-16,0.0,7.996,23.369,28.631,5.1
1986-01-17,0.0,8.41,22.488,28.363,5.1
1986-01-18,2.369,6.494,22.844,26.631,5.1
1986-01-19,0.0,7.991,22.7,28.025,5.1
1986-01-20,0.0,8.83,22.319,28.644,5.1
1986-01-21,0.0,8.139,23.038,28.431,5.1
1986-01-22,0.0,8.214,23.094,28.55,5.1
1986-01-23,2.677,7.991,22.419,27.756,5.1
1986-01-24,0.0,8.236,22.238,27.844,4.9
1986-01-25,0.0,8.829,22.269,28.494,4.9
1986-01-26,1.111,7.088,22.587,26.881,4.9
1986-01-27,7.15,7.208,22.663,27.062,4.9
1986-01-28,4.959,6.12,22.163,25.569,4.9
1986-01-29,0.0,9.188,22.2,28.75,4.9
1986-01-30,0.0,9.28,22.544,29.094,4.9
1986-01-31,0.0,8.543,22.225,28.006,4.9
1986-02-01,0.0,9.611,22.406,29.294,5.5
1986-02-02,0.0,10.318,22.425,30.069,5.5
1986-02-03,0.0,8.459,21.812,27.519,5.5
1986-02-04,0.0,8.161,21.525,26.938,5.5
1986-02-05,0.0,9.484,21.625,28.438,5.5
1986-02-06,0.0,9.13,21.675,28.069,5.4
1986-02-07,0.0,9.936,21.619,28.894,5.1
1986-02-08,0.0,10.206,20.956,28.681,3.3
1986-02-09,0.0,7.452,23.087,27.4,3.3
1986-02-10,0.0,10.137,22.456,29.669,3.3
1986-02-11,0.443,10.072,22.363,29.5,3.3
1986-02-12,11.32,9.656,23.2,29.669,3.2
1986-02-13,6.542,6.851,22.869,26.575,3.2
1986-02-14,1.323,7.798,22.031,26.769,3.1
1986-02-15,0.0,8.42,22.113,27.475,3.1
1986-02-16,20.047,8.317,21.913,27.156,8.9
1986-02-17,6.068,8.23,21.806,26.969,4.0
1986-02-18,5.533,9.313,22.175,28.375,9.3
1986-02-19,0.0,10.214,21.269,28.606,3.8
1986-02-20,0.0,11.119,20.956,29.344,3.8
1986-02-21,18.564,9.905,22.012,28.8,3.7
1986-02-22,0.0,9.578,22.238,28.606,3.7
1986-02-23,0.0,8.806,22.325,27.863,3.5
1986-02-24,0.0,9.938,21.906,28.681,3.5
1986-02-25,0.0,9.039,21.431,27.375,3.3
1986-02-26,0.0,9.441,20.494,27.012,3.2
1986-02-27,0.0,9.288,20.825,27.1,3.1
1986-02-28,0.0,9.959,21.087,28.006,3.1
1986-03-01,0.0,9.035,22.044,27.756,3.1
1986-03-02,0.0,8.574,21.9,27.2,3.1
1986-03-03,0.0,8.419,21.562,26.712,3.0
1986-03-04,0.0,10.048,22.175,28.85,3.0
1986-03-05,0.0,10.342,22.462,29.356,3.0
1986-03-06,0.0,9.434,22.712,28.606,3.1
1986-03-07,0.113,9.893,22.544,28.925,3.1
1986-03-08,0.0,10.377,21.8,28.819,3.1
1986-03-09,0.0,11.136,22.462,30.087,3.3
1986-03-10,0.0,9.995,22.688,29.062,3.0
1986-03-11,0.0,7.988,22.456,26.925,3.0
1986-03-12,0.0,10.068,22.306,28.794,3.0
1986-03-13,0.0,10.133,22.831,29.256,4.8
1986-03-14,0.484,10.992,22.656,29.975,4.6
1986-03-15,0.0,11.763,21.637,30.019,4.5
1986-03-16,0.0,9.732,23.006,28.962,4.4
1986-03-17,0.0,11.071,22.719,30.062,4.2
1986-03-18,1.121,10.67,22.594,29.55,4.0
1986-03-19,0.0,8.843,23.925,28.825,4.0
1986-03-20,14.106,8.728,23.069,28.012,3.9
1986-03-21,5.167,10.961,22.425,29.663,3.8
1986-03-22,0.0,8.195,22.981,27.45,3.4
1986-03-24,0.0,9.011,22.637,27.925,3.7
1986-03-25,0.0,10.073,22.556,28.869,3.6
1986-03-26,0.0,10.537,23.188,29.806,3.6
1986-03-27,0.0,10.074,23.356,29.462,3.5
1986-03-28,0.0,10.456,23.312,29.806,3.5
1986-03-29,0.0,10.507,23.65,30.113,3.5
1986-03-30,1.402,10.627,23.488,30.106,3.3
1986-03-31,27.895,9.772,23.188,29.012,13.3
1986-04-01,0.0,9.944,23.225,29.225,6.6
1986-04-02,11.552,9.406,23.144,28.65,5.6
1986-04-03,0.0,10.266,23.294,29.55,11.2
1986-04-04,3.451,9.501,23.506,29.0,8.3
1986-04-05,33.037,9.733,23.419,29.131,20.1
1986-04-06,5.375,10.01,22.625,28.775,8.3
1986-04-07,2.02,10.009,22.65,28.8,6.3
1986-04-08,7.001,9.81,22.275,28.3,12.4
1986-04-09,0.0,11.319,22.625,30.056,6.5
1986-04-10,1.733,9.31,22.756,28.206,5.5
1986-04-11,5.993,10.049,23.175,29.262,4.8
1986-04-12,5.79,8.652,24.231,28.806,10.9
1986-04-13,5.79,10.26,23.488,29.688,6.0
1986-04-14,5.937,8.926,23.738,28.644,5.5
1986-04-15,23.322,8.953,23.306,28.306,27.6
1986-04-16,1.089,10.766,23.106,29.913,8.3
1986-04-17,31.564,8.437,23.194,27.75,41.0
1986-04-18,0.38,10.371,23.269,29.644,20.3
1986-04-19,17.498,9.342,22.969,28.419,29.8
1986-04-20,12.812,9.599,22.556,28.319,30.4
1986-04-21,11.932,10.975,22.431,29.606,75.3
1986-04-22,10.537,9.591,22.875,28.587,149.9
1986-04-23,11.514,9.682,23.275,29.012,89.0
1986-04-24,8.378,10.436,23.294,29.731,12.0
1986-04-25,12.588,9.911,23.25,29.2,10.7
1986-04-26,5.639,9.524,23.481,29.056,15.0
1986-04-27,15.001,9.764,23.069,28.931,8.3
1986-04-28,0.0,10.957,22.169,29.444,18.3
1986-04-29,11.816,9.745,23.481,29.262,7.9
1986-04-30,31.399,8.451,23.25,27.869,12.0
1986-05-01,4.373,9.906,23.331,29.312,8.9
1986-05-02,16.523,10.593,23.1,29.8,16.8
1986-05-03,5.501,8.268,23.225,27.688,13.3
1986-05-04,10.364,6.476,23.525,26.45,81.8
1986-05-05,9.37,10.943,22.462,29.681,20.5
1986-05-06,4.15,10.102,22.637,28.969,14.2
1986-05-07,0.0,9.706,22.831,28.75,8.3
1986-05-08,0.0,9.98,23.019,29.169,6.6
1986-05-09,0.0,11.168,22.887,30.269,6.3
1986-05-10,0.0,10.048,23.719,29.825,6.0
1986-05-11,0.0,10.355,23.194,29.706,5.5
1986-05-12,0.0,9.36,22.9,28.519,5.5
1986-05-13,3.849,10.233,23.1,29.531,5.5
1986-05-14,0.0,10.808,23.562,30.481,9.7
1986-05-15,0.0,10.311,23.65,30.081,8.3
1986-05-16,5.424,8.993,24.081,29.156,6.7
1986-05-17,13.603,10.728,23.613,30.444,6.6
1986-05-18,6.814,10.593,24.169,30.769,6.3
1986-05-19,12.239,10.528,23.837,30.45,5.5
1986-05-20,5.183,10.472,23.725,30.312,5.5
1986-05-21,22.407,8.587,23.419,28.256,106.7
1986-05-22,1.059,7.528,23.381,27.294,29.0
1986-05-23,9.017,8.233,23.225,27.8,8.1
1986-05-24,1.668,9.98,22.544,28.938,6.1
1986-05-25,0.29,9.196,23.581,28.981,5.5
1986-05-26,7.358,9.322,22.675,28.387,10.6
1986-05-27,11.621,8.065,22.881,27.406,9.6
1986-05-28,0.17,7.817,22.881,27.131,6.7
1986-05-29,2.572,10.526,22.5,29.494,7.8
1986-05-30,0.0,9.828,23.119,29.269,7.4
1986-05-31,3.073,9.979,22.637,29.05,6.9
1986-06-01,8.473,9.075,22.694,28.206,6.5
1986-06-02,0.855,9.386,22.863,28.656,6.2
1986-06-03,6.936,10.601,23.05,30.025,5.5
1986-06-04,5.585,9.272,23.438,29.006,5.5
1986-06-05,0.977,8.177,23.613,28.113,13.0
1986-06-06,3.285,10.057,22.506,29.087,13.3
1986-06-07,29.041,10.446,22.337,29.344,7.0
1986-06-08,5.172,9.466,22.425,28.419,6.7
1986-06-09,0.192,10.898,22.312,29.825,6.4
1986-06-10,10.008,10.216,23.188,29.775,7.7
1986-06-11,8.259,6.977,23.887,27.312,6.0
1986-06-12,6.253,9.27,23.031,28.738,5.4
1986-06-13,6.728,9.211,23.438,29.019,5.2
1986-06-14,4.124,9.946,23.2,29.531,5.1
1986-06-15,8.432,9.122,23.094,28.644,5.0
1986-06-16,13.449,9.533,24.006,29.781,4.8
1986-06-17,6.418,10.353,23.294,30.025,34.5
1986-06-18,6.128,9.562,23.594,29.481,7.5
1986-06-19,1.47,10.225,23.481,30.062,5.7
1986-06-20,4.383,9.417,23.506,29.275,5.3
1986-06-21,11.677,8.623,23.212,28.269,5.3
1986-06-22,19.021,9.156,23.413,28.975,5.1
1986-06-23,8.076,7.778,23.244,27.519,6.8
1986-06-24,10.377,9.18,22.788,28.494,14.2
1986-06-25,10.532,11.325,22.894,30.744,8.1
1986-06-26,0.793,8.9,23.375,28.675,17.0
1986-06-27,4.562,10.384,22.894,29.756,14.8
1986-06-28,6.397,9.618,23.444,29.444,6.9
1986-06-29,5.015,7.748,22.962,27.244,8.3
1986-06-30,59.526,6.7,23.025,26.344,25.6
1986-07-01,3.786,11.138,22.081,29.919,83.9
1986-07-02,0.0,9.862,23.431,29.644,14.2
1986-07-03,0.0,10.259,22.962,29.663,46.8
1986-07-04,15.023,10.083,23.012,29.544,20.3
1986-07-05,33.972,9.217,22.925,28.594,15.4
1986-07-06,26.552,8.381,22.625,27.531,8.9
1986-07-07,10.67,8.731,22.275,27.6,12.7
1986-07-08,8.102,10.323,22.337,29.225,8.1
1986-07-09,9.363,9.673,22.781,28.925,9.9
1986-07-10,13.016,10.223,22.894,29.569,6.8
1986-07-11,0.435,9.647,23.394,29.375,49.8
1986-07-12,23.009,7.747,23.244,27.419,10.5
1986-07-13,0.178,10.31,23.444,30.075,7.6
1986-07-14,3.777,10.674,22.944,30.038,10.5
1986-07-15,11.202,10.139,23.156,29.65,6.9
1986-07-16,7.081,9.589,22.95,28.962,6.1
1986-07-17,8.693,9.824,22.812,29.056,5.5
1986-07-18,7.109,9.916,22.294,28.75,12.6
1986-07-19,3.646,10.769,23.038,30.169,13.3
1986-07-20,18.437,9.265,23.319,28.881,10.1
1986-07-21,12.042,8.45,23.194,28.006,14.2
1986-07-22,16.826,9.449,23.137,28.913,9.7
1986-07-23,5.635,12.41,22.525,31.469,26.4
1986-07-24,0.386,9.571,23.544,29.369,14.6
1986-07-25,13.137,9.068,23.581,28.881,8.9
1986-07-26,4.922,10.666,23.469,30.363,7.0
1986-07-27,11.22,10.144,22.994,29.45,11.9
1986-07-28,4.053,10.345,22.9,29.575,7.9
1986-07-29,8.712,11.13,22.981,30.425,6.8
1986-07-30,4.954,10.877,22.8,30.019,6.6
1986-07-31,0.0,9.789,23.55,29.525,6.3
1986-08-01,8.355,10.421,23.256,29.906,34.9
1986-08-02,23.92,9.644,23.356,29.212,8.9
1986-08-03,0.502,8.92,23.194,28.375,51.3
1986-08-04,4.029,10.051,22.781,29.144,13.3
1986-08-05,9.273,9.337,23.544,29.038,6.9
1986-08-06,10.603,9.636,23.244,29.081,6.0
1986-08-07,2.127,8.73,23.15,28.144,13.3
1986-08-08,2.194,9.536,22.7,28.531,12.0
1986-08-09,10.456,9.044,24.231,29.331,7.6
1986-08-10,17.257,9.64,23.319,29.119,5.4
1986-08-11,10.576,7.785,23.6,27.625,11.2
1986-08-12,8.06,8.252,23.25,27.788,16.2
1986-08-13,10.226,8.143,22.594,27.094,10.8
1986-08-14,15.319,9.154,23.144,28.494,8.4
1986-08-15,0.0,10.386,22.938,29.544,6.5
1986-08-16,14.004,9.827,23.494,29.413,5.5
1986-08-17,9.313,11.088,22.606,29.975,5.9
1986-08-18,18.181,9.51,23.475,29.1,5.5
1986-08-19,0.602,9.941,22.962,29.1,5.4
1986-08-20,20.285,6.911,23.631,26.906,5.4
1986-08-21,18.757,10.762,22.581,29.613,5.1
1986-08-22,6.583,10.719,22.587,29.613,16.3
1986-08-23,0.0,12.197,21.744,30.469,6.9
1986-08-24,8.822,10.127,22.606,28.981,10.6
1986-08-25,0.0,7.682,22.75,26.812,8.3
1986-08-26,7.644,10.272,23.169,29.556,6.8
1986-08-27,5.87,10.018,23.756,29.794,13.2
1986-08-28,10.125,8.181,23.744,28.056,9.4
1986-08-29,19.312,9.294,23.056,28.569,6.8
1986-08-30,0.89,7.776,22.25,26.462,10.7
1986-08-31,15.43,9.132,22.519,27.944,20.3
1986-09-01,12.179,9.266,22.619,28.156,23.3
1986-09-02,7.05,11.148,22.438,29.894,12.6
1986-09-03,7.119,10.771,22.019,29.188,8.1
1986-09-04,9.369,9.4,23.175,28.75,7.4
1986-09-05,4.424,10.353,23.881,30.231,6.7
1986-09-06,4.922,10.492,23.538,30.094,6.5
1986-09-07,17.205,11.222,23.706,30.95,6.3
1986-09-08,9.961,12.277,22.925,31.419,12.1
1986-09-09,3.606,11.169,24.169,31.288,7.3
1986-09-10,15.75,9.157,23.562,28.844,22.7
1986-09-11,17.468,9.379,23.212,28.756,8.4
1986-09-12,9.853,9.181,23.363,28.706,6.8
1986-09-13,2.025,8.197,23.312,27.744,6.6
1986-09-14,13.219,7.248,23.488,27.062,6.3
1986-09-15,12.022,8.686,23.069,28.025,21.1
1986-09-16,0.53,8.15,23.831,28.175,8.3
1986-09-17,1.921,9.32,23.169,28.744,11.6
1986-09-18,7.355,9.43,23.188,28.831,5.7
1986-09-19,0.155,9.997,22.894,29.2,5.5
1986-09-20,17.331,8.839,23.587,28.631,73.5
1986-09-21,0.0,10.037,22.938,29.269,10.4
1986-09-22,7.627,9.986,23.238,29.462,7.1
1986-09-23,9.606,8.836,22.65,27.869,6.9
1986-09-24,2.851,10.198,22.881,29.431,6.8
1986-09-25,21.233,7.258,23.294,26.994,6.5
1986-09-26,3.533,9.169,23.594,29.006,6.2
1986-09-27,5.072,7.278,23.281,27.006,39.3
1986-09-28,15.129,8.811,23.031,28.238,12.7
1986-09-29,0.0,9.852,21.619,28.15,7.6
1986-09-30,12.081,10.054,22.925,29.406,61.2
1986-10-01,13.078,8.168,23.844,28.331,22.3
1986-10-02,14.207,6.912,23.506,26.925,10.8
1986-10-03,2.602,6.69,22.969,26.3,14.4
1986-10-04,0.0,9.626,22.65,28.812,8.9
1986-10-05,9.009,8.229,23.056,27.781,9.3
1986-10-06,0.092,8.713,23.269,28.431,7.6
1986-10-07,16.491,8.131,22.988,27.663,6.9
1986-10-08,9.755,9.365,23.275,29.1,6.7
1986-10-09,8.083,9.77,22.625,29.025,6.6
1986-10-10,8.654,8.32,23.137,27.994,6.4
1986-10-11,0.0,6.959,23.625,27.169,6.3
1986-10-12,2.601,10.246,23.119,29.956,6.1
1986-10-13,0.323,10.328,22.431,29.538,6.0
1986-10-14,5.79,8.113,23.081,27.819,5.8
1986-10-15,2.341,9.347,22.356,28.512,5.5
1986-10-16,1.279,9.872,23.169,29.694,14.8
1986-10-17,5.756,10.616,22.731,30.163,9.3
1986-10-18,6.073,9.86,22.294,29.044,6.3
1986-10-19,3.816,8.88,23.262,28.844,5.5
1986-10-20,16.47,9.159,22.925,28.869,13.3
1986-10-21,7.759,7.413,22.856,27.137,17.9
1986-10-22,5.543,8.584,22.806,28.212,10.5
1986-10-23,0.539,9.868,23.087,29.788,7.4
1986-10-24,14.47,9.116,23.262,29.169,6.9
1986-10-25,25.076,6.543,22.881,26.331,6.7
1986-10-26,0.0,6.922,22.712,26.562,14.1
1986-10-27,2.711,8.22,22.325,27.531,11.6
1986-10-28,3.39,8.57,22.206,27.831,9.5
1986-10-29,21.256,9.088,22.006,28.25,6.2
1986-10-30,9.264,9.769,21.9,28.975,5.5
1986-10-31,12.698,9.539,22.75,29.363,5.5
1986-11-01,2.126,10.178,23.144,30.394,24.3
1986-11-02,0.0,9.403,22.75,29.306,10.4
1986-11-03,10.021,10.178,22.819,30.2,7.4
1986-11-04,6.201,9.031,23.194,29.256,6.9
1986-11-05,0.0,9.249,22.969,29.337,11.9
1986-11-06,0.0,10.39,22.494,30.269,23.0
1986-11-07,6.78,8.819,23.625,29.438,10.2
1986-11-08,34.907,6.81,22.931,26.831,13.2
1986-11-09,0.204,9.617,22.406,29.406,7.5
1986-11-10,0.18,9.188,22.794,29.238,12.1
1986-11-11,2.018,8.862,23.375,29.394,7.4
1986-11-12,15.069,7.385,23.6,28.025,49.8
1986-11-13,14.115,6.936,23.663,27.65,83.4
1986-11-14,18.117,8.223,22.825,28.35,15.8
1986-11-15,11.873,9.126,23.062,29.506,18.1
1986-11-16,7.901,8.974,22.775,29.15,15.2
1986-11-17,0.0,8.419,23.238,28.9,17.2
1986-11-18,4.435,8.54,22.8,28.706,15.8
1986-11-19,1.54,7.177,22.95,27.381,11.7
1986-11-20,3.09,9.041,22.7,29.225,7.9
1986-11-21,15.878,7.418,22.575,27.381,5.5
1986-11-25,0.0,7.946,22.731,28.106,5.5
1986-11-26,0.0,8.677,22.494,28.775,5.5
1986-11-27,0.0,9.79,22.525,30.106,5.5
1986-11-28,0.0,8.196,22.688,28.394,4.0
1986-11-29,0.0,9.073,21.844,28.756,4.0
1986-11-30,0.0,9.226,21.95,29.05,8.3
1987-02-01,0.0,8.148,23.488,28.6,4.8
1987-02-02,0.0,9.713,23.887,30.531,4.2
1987-02-03,0.0,10.116,24.406,31.337,3.8
1987-02-04,0.0,10.447,23.738,31.15,2.1
1987-02-05,3.199,8.741,24.275,29.762,2.2
1987-02-06,0.0,10.469,23.281,30.775,2.5
1987-02-07,6.517,8.288,23.538,28.644,7.2
1987-02-08,2.307,8.092,23.344,28.288,5.7
1987-02-09,0.434,8.167,23.225,28.231,13.5
1987-02-10,0.692,6.534,23.625,26.988,15.2
1987-02-11,14.061,8.446,23.519,28.706,18.5
1987-02-12,0.0,8.128,23.494,28.356,16.3
1987-02-13,0.0,8.883,23.631,29.225,5.4
1987-02-14,0.492,8.038,22.794,27.65,3.8
1987-02-15,0.0,10.538,22.288,29.837,3.7
1987-02-16,6.571,6.988,23.631,27.325,3.7
1987-02-17,25.903,8.053,23.094,27.85,3.1
1987-02-18,0.0,9.124,23.456,29.206,3.0
1987-02-19,0.0,10.383,23.656,30.619,2.9
1987-02-20,0.0,8.626,24.131,29.212,3.1
1987-02-21,0.0,10.521,23.119,30.306,2.6
1987-02-22,0.0,9.703,23.6,29.806,2.5
1987-02-23,0.0,9.4,23.812,29.656,2.5
1987-02-24,0.0,9.213,24.356,29.887,2.5
1987-02-25,0.0,9.557,24.175,30.056,2.5
1987-02-26,0.0,9.857,24.344,30.456,2.5
1987-02-27,0.0,9.805,24.762,30.712,2.4
1987-02-28,0.0,10.497,24.131,30.887,2.4
1987-03-01,0.0,11.393,23.887,31.594,2.3
1987-03-02,1.985,8.879,24.175,29.3,2.3
1987-03-03,0.0,10.322,23.913,30.481,2.3
1987-03-04,0.0,8.776,24.044,29.069,2.3
1987-03-05,0.0,9.335,24.019,29.55,2.2
1987-03-06,0.093,8.469,23.781,28.531,2.2
1987-03-07,0.0,11.231,23.163,30.756,2.2
1987-03-08,0.0,10.324,23.175,29.825,2.1
1987-03-09,0.0,9.735,22.331,28.55,2.1
1987-03-10,0.0,10.939,22.344,29.756,2.1
1987-03-11,0.0,12.324,21.531,30.637,2.1
1987-03-12,0.0,9.178,24.069,29.363,2.0
1987-03-13,0.0,10.366,22.738,29.438,2.0
1987-03-14,0.0,10.477,22.506,29.337,2.0
1987-03-15,0.0,10.521,22.744,29.587,2.0
1987-03-16,0.0,11.019,22.875,30.156,2.0
1987-03-17,0.0,11.754,22.581,30.663,2.0
1987-03-18,0.0,10.088,23.8,29.906,2.0
1987-03-19,2.258,11.051,23.469,30.6,2.0
1987-03-20,0.0,10.007,24.144,30.094,2.0
1987-03-21,0.302,9.813,24.031,29.8,2.0
1987-03-22,0.0,9.375,24.131,29.481,2.0
1987-03-23,0.827,10.641,23.825,30.413,2.0
1987-03-24,4.574,10.79,24.419,31.031,2.0
1987-03-25,0.848,11.678,23.938,31.494,2.0
1987-03-26,0.375,11.005,24.0,30.881,2.0
1987-03-27,1.768,10.573,24.438,30.794,2.1
1987-03-28,0.0,11.686,23.988,31.519,2.1
1987-03-29,0.061,9.88,24.194,29.944,2.1
1987-03-30,0.913,10.907,23.656,30.481,2.1
1987-03-31,2.443,11.16,23.781,30.831,2.1
1987-04-01,8.942,8.177,23.894,28.131,2.1
1987-04-02,8.198,9.406,23.45,28.881,2.1
1987-04-03,10.368,8.224,23.637,27.956,2.2
1987-04-04,19.855,8.747,23.794,28.556,2.2
1987-04-05,6.504,9.675,23.55,29.206,2.5
1987-04-06,1.633,10.731,23.681,30.312,73.8
1987-04-07,10.219,11.159,23.875,30.863,99.2
1987-04-08,0.664,9.679,23.825,29.419,292.0
1987-04-09,87.836,9.102,23.875,28.913,50.6
1987-04-10,6.711,10.258,23.6,29.794,12.8
1987-04-11,4.754,11.319,24.475,31.506,16.5
1987-04-12,0.0,9.769,24.087,29.706,5.7
1987-04-13,7.176,11.258,24.819,31.706,4.2
1987-04-14,2.255,10.932,24.306,30.975,3.7
1987-04-15,3.62,9.058,24.219,29.163,3.4
1987-04-16,5.641,11.022,23.975,30.812,4.5
1987-04-17,0.983,9.209,24.163,29.256,3.4
1987-04-18,0.819,9.04,24.675,29.538,3.3
1987-04-19,7.423,10.572,25.156,31.337,2.9
1987-04-20,19.877,8.463,25.056,29.344,3.1
1987-04-21,26.778,8.975,24.2,29.075,3.4
1987-04-22,5.889,10.092,23.931,29.906,3.2
1987-04-23,7.021,10.313,23.656,29.906,6.1
1987-04-24,22.131,6.288,23.975,26.65,6.5
1987-04-25,20.74,9.221,23.525,28.788,72.6
1987-04-26,18.793,8.466,23.45,28.038,16.8
1987-04-27,23.47,9.936,23.212,29.219,8.5
1987-04-28,0.0,5.015,23.606,25.431,171.4
1987-04-29,0.0,7.011,23.094,26.488,232.1
1987-04-30,3.531,9.871,23.262,29.219,43.3
1987-05-01,6.033,9.995,22.844,29.019,25.6
1987-05-02,10.325,8.636,23.887,28.575,10.4
1987-05-03,1.003,10.511,23.387,29.962,18.7
1987-05-04,2.525,8.885,23.744,28.744,17.6
1987-05-05,21.504,8.788,23.706,28.587,9.5
1987-05-06,0.0,10.638,23.163,29.919,11.6
1987-05-07,0.612,9.582,23.0,28.775,7.1
1987-05-08,7.56,9.632,23.325,29.106,25.1
1987-05-09,28.614,9.525,23.469,29.156,12.6
1987-05-10,17.85,9.758,23.575,29.419,103.6
1987-05-11,0.0,11.05,23.694,30.806,141.4
1987-05-12,40.07,10.487,24.381,30.788,20.6
1987-05-13,8.046,9.916,23.95,29.894,18.4
1987-05-14,18.293,9.335,24.019,29.413,12.6
1987-05-15,11.424,7.364,24.262,27.863,8.7
1987-05-16,29.642,6.863,23.7,26.956,67.0
1987-05-17,4.431,8.206,23.631,28.05,139.6
1987-05-18,4.431,8.17,23.856,28.225,32.7
1987-05-19,0.0,9.612,24.275,29.906,18.6
1987-05-20,14.897,10.101,24.038,30.188,48.8
1987-05-21,25.943,10.01,23.525,29.719,27.0
1987-05-22,8.742,7.612,23.969,27.863,22.0
1987-05-23,11.942,8.809,23.188,28.356,40.0
1987-05-24,4.331,9.266,22.725,28.369,15.9
1987-05-25,0.417,11.367,22.663,30.456,15.6
1987-05-26,0.0,8.904,23.131,28.369,50.1
1987-05-27,2.206,10.714,23.044,30.094,72.0
1987-05-28,0.59,10.262,23.794,30.244,21.5
1987-05-29,6.794,9.584,24.85,30.419,19.9
1987-05-30,6.435,8.709,24.4,29.269,37.9
1987-05-31,7.906,8.723,23.856,28.831,25.0
1987-06-01,3.411,8.043,24.438,28.681,16.1
1987-06-02,7.771,7.978,24.3,28.512,10.1
1987-06-03,1.144,7.667,23.694,27.731,8.9
1987-06-04,21.066,7.81,23.481,27.681,6.7
1987-06-05,1.223,8.43,23.681,28.431,50.2
1987-06-06,3.831,8.839,23.425,28.594,8.9
1987-06-07,1.042,8.104,24.069,28.45,6.1
1987-06-08,0.0,10.01,23.863,30.094,5.7
1987-06-09,3.482,8.721,23.913,28.906,8.9
1987-06-10,5.218,9.926,24.419,30.456,5.7
1987-06-11,14.877,8.103,24.294,28.669,13.0
1987-06-12,6.87,10.343,24.256,30.775,21.1
1987-06-13,10.593,8.717,24.2,29.144,15.0
1987-06-14,6.754,5.479,23.55,25.825,8.9
1987-06-15,14.22,10.825,22.938,30.231,73.9
1987-06-16,5.855,10.501,23.431,30.281,142.2
1987-06-17,9.68,8.942,23.894,29.106,100.5
1987-06-18,12.025,9.079,23.781,29.15,94.4
1987-06-19,2.201,10.108,23.919,30.294,39.5
1987-06-20,6.753,7.674,24.281,28.275,70.9
1987-06-21,0.801,10.241,23.856,30.356,21.8
1987-06-22,1.946,11.478,23.525,31.369,8.4
1987-06-23,7.416,8.026,24.056,28.4,142.2
1987-06-24,12.646,7.64,24.125,28.119,12.7
1987-06-25,35.066,10.258,23.269,29.925,13.5
1987-06-26,11.144,9.737,23.519,29.619,72.3
1987-06-27,6.031,9.233,24.325,29.769,123.3
1987-06-28,4.561,10.671,23.831,30.8,170.8
1987-06-29,15.459,7.837,23.913,28.094,16.4
1987-06-30,3.954,9.709,24.331,30.219,11.9
1987-07-01,2.691,8.615,24.025,28.913,39.8
1987-07-02,0.977,10.015,23.269,29.669,11.9
1987-07-03,3.451,8.534,23.931,28.762,6.6
1987-07-04,11.497,8.389,23.762,28.494,5.5
1987-07-05,1.807,8.698,23.594,28.625,5.5
1987-07-06,1.788,10.61,24.075,30.919,5.4
1987-07-07,3.576,6.947,24.756,28.056,9.8
1987-07-08,3.457,9.386,23.913,29.538,6.8
1987-07-09,8.524,9.543,24.525,30.188,6.3
1987-07-10,8.24,10.186,24.312,30.637,5.7
1987-07-11,8.262,8.972,24.738,29.8,5.5
1987-07-12,0.831,10.322,23.406,30.056,5.4
1987-07-13,5.843,8.517,24.262,28.994,4.9
1987-07-14,3.713,11.116,23.794,31.137,4.8
1987-07-15,10.048,9.739,24.062,29.988,8.8
1987-07-16,11.278,10.639,24.075,30.869,11.8
1987-07-17,3.892,8.168,23.569,28.081,10.8
1987-07-18,2.564,9.137,23.738,29.119,9.7
1987-07-19,4.218,11.715,23.688,31.65,12.5
1987-07-20,1.768,9.043,24.269,29.45,14.0
1987-07-21,9.724,9.796,23.931,29.887,5.1
1987-07-22,5.615,7.246,24.2,27.788,4.7
1987-07-23,0.0,9.786,23.969,29.906,4.4
1987-07-24,3.476,8.979,23.519,28.775,4.1
1987-07-25,12.963,9.55,23.294,29.125,7.9
1987-07-26,2.417,9.39,23.569,29.188,5.4
1987-07-27,29.014,9.583,23.356,29.206,74.0
1987-07-28,0.539,9.972,23.413,29.606,69.5
1987-07-29,5.819,9.555,23.663,29.394,18.5
1987-07-30,6.247,8.744,23.225,28.275,11.7
1987-07-31,23.762,9.442,23.288,28.975,9.7
1987-08-01,19.536,9.102,22.931,28.356,36.8
1987-08-02,13.336,8.63,23.0,27.962,23.8
1987-08-03,0.405,10.326,23.094,29.669,5.9
1987-08-04,0.0,10.138,23.856,30.106,5.0
1987-08-05,9.178,9.057,23.556,28.788,28.3
1987-08-06,2.819,9.623,23.606,29.363,32.6
1987-08-07,3.687,10.267,23.744,30.106,22.1
1987-08-08,26.017,7.892,23.544,27.712,48.2
1987-08-09,6.059,10.217,23.844,30.106,16.4
1987-08-10,0.0,10.535,23.712,30.312,13.3
1987-08-11,9.972,9.727,23.919,29.688,30.9
1987-08-12,2.954,10.453,23.231,29.844,30.9
1987-08-13,8.545,9.1,23.413,28.681,23.7
1987-08-14,0.131,11.066,24.312,31.281,19.6
1987-08-17,3.502,11.086,24.0,31.044,150.5
1987-08-18,32.468,9.48,23.85,29.356,43.2
1987-08-19,17.537,10.748,23.85,30.581,55.9
1987-08-20,12.342,9.899,24.144,30.006,51.6
1987-08-21,6.509,9.821,24.288,30.031,14.7
1987-08-22,17.546,9.821,23.794,29.625,25.8
1987-08-23,3.927,11.87,23.725,31.581,6.9
1987-08-24,11.351,10.613,23.925,30.5,6.3
1987-08-25,7.53,10.231,24.369,30.462,5.8
1987-08-26,6.236,10.348,23.925,30.244,31.5
1987-08-27,3.549,9.986,23.85,29.837,34.7
1987-08-28,4.151,9.344,23.194,28.712,32.8
1987-08-29,3.917,10.834,23.156,30.119,31.5
1987-08-30,0.91,12.033,23.25,31.381,7.8
1987-08-31,21.663,9.565,23.781,29.381,14.7
1987-09-01,11.047,7.748,24.719,28.538,14.4
1987-09-02,1.917,9.577,23.219,28.981,12.5
1987-09-03,8.92,9.868,24.056,29.906,20.1
1987-09-04,5.999,9.598,23.812,29.438,15.2
1987-09-05,1.606,8.934,23.425,28.5,64.5
1987-09-06,2.505,11.243,23.538,30.825,9.1
1987-09-07,3.127,10.506,23.944,30.45,5.3
1987-09-08,15.356,7.757,24.55,28.387,41.0
1987-09-09,1.705,10.055,23.781,29.856,41.4
1987-09-10,8.359,10.613,23.137,29.919,31.0
1987-09-11,0.0,11.402,22.856,30.512,28.3
1987-09-12,1.016,8.935,24.519,29.444,22.2
1987-09-13,8.096,9.076,24.706,29.712,16.3
1987-09-14,7.293,8.139,23.406,27.812,11.8
1987-09-15,1.017,9.577,23.587,29.281,19.9
1987-09-16,2.932,9.776,24.262,30.038,15.1
1987-09-17,12.501,7.791,24.606,28.525,13.3
1987-09-18,9.662,9.785,23.975,29.825,11.2
1987-09-19,3.003,10.937,24.831,31.613,11.2
1987-09-20,16.755,9.106,23.694,28.994,110.0
1987-09-21,0.0,9.373,23.5,29.081,27.3
1987-09-22,0.0,11.002,22.663,30.05,6.4
1987-09-23,8.104,9.788,23.431,29.438,8.1
1987-09-24,5.192,9.572,23.369,29.225,27.8
1987-09-25,18.1,9.329,23.562,29.125,35.3
1987-09-26,3.76,11.308,23.181,30.812,13.0
1987-09-27,0.0,10.672,23.344,30.344,70.1
1987-09-28,10.071,7.83,24.3,28.394,9.0
1987-09-29,7.579,10.6,23.844,30.644,6.0
1987-09-30,18.161,7.552,23.6,27.538,5.1
1987-10-01,1.083,10.171,23.462,29.981,46.0
1987-10-02,8.715,9.112,23.988,29.337,58.7
1987-10-03,0.019,9.404,23.375,29.163,17.9
1987-10-04,0.0,11.764,22.637,31.044,31.2
1987-10-05,0.724,10.056,23.312,29.788,20.0
1987-10-06,0.73,9.904,24.081,30.25,70.5
1987-10-07,14.365,8.002,24.056,28.444,45.5
1987-10-08,5.417,7.753,23.469,27.725,26.5
1987-10-09,9.191,9.044,23.169,28.731,29.0
1987-10-10,0.0,11.604,22.887,31.169,28.6
1987-10-11,0.0,8.737,24.025,29.137,22.3
1987-10-12,0.578,10.375,22.794,29.856,19.8
1987-10-13,6.108,8.766,23.719,28.981,17.0
1987-10-14,0.842,9.856,23.456,29.863,14.4
1987-10-15,8.957,9.392,23.9,29.769,10.9
1987-10-16,8.128,9.5,23.962,29.95,13.0
1987-10-17,45.833,9.42,23.781,29.744,11.8
1987-10-18,0.0,6.272,24.244,27.206,8.9
1987-10-19,11.447,8.162,23.744,28.525,18.5
1987-10-20,3.178,9.281,23.812,29.688,90.6
1987-10-21,10.154,7.65,23.75,28.062,76.8
1987-10-22,10.182,8.308,23.788,28.738,31.5
1987-10-23,10.82,9.152,23.806,29.613,31.1
1987-10-24,3.957,9.201,23.65,29.581,22.9
1987-10-25,10.607,9.258,24.062,29.956,46.6
1987-10-26,2.074,7.92,23.819,28.488,40.7
1987-10-27,15.557,5.092,23.969,26.1,40.3
1987-10-28,1.302,5.756,23.512,26.25,25.0
1987-10-29,6.526,9.119,22.681,28.856,6.9
1987-10-30,0.921,9.097,23.594,29.55,6.3
1987-10-31,13.599,9.774,24.225,30.775,10.0
1987-11-01,24.708,10.024,23.044,30.144,6.9
1987-11-02,0.0,8.836,23.488,29.244,6.0
1987-11-03,7.833,7.515,23.381,27.825,5.3
1987-11-04,1.191,9.511,22.988,29.644,39.8
1987-11-05,6.361,9.009,23.931,29.881,34.7
1987-11-06,2.028,6.038,23.881,26.906,32.8
1987-11-07,34.968,8.163,23.325,28.55,63.2
1987-11-08,2.298,10.028,22.462,29.894,38.7
1987-11-09,0.0,9.445,23.65,30.188,33.1
1987-11-10,0.0,10.844,23.575,31.706,40.5
1987-11-11,0.0,10.206,24.1,31.406,38.0
1987-11-12,1.672,8.669,24.225,29.894,23.6
1987-11-13,4.408,8.51,24.125,29.656,16.6
1987-11-14,1.555,9.351,24.444,30.812,15.8
1987-11-15,0.0,9.285,23.5,30.038,6.6
1987-11-16,0.655,9.867,23.913,31.012,6.0
1987-11-17,0.069,9.805,23.944,30.994,5.6
1987-11-18,0.938,8.85,24.519,30.406,5.3
1987-11-19,16.43,8.746,23.856,29.806,33.3
1987-11-20,3.36,9.239,23.462,30.05,5.8
1987-11-21,0.271,9.316,23.381,30.081,8.4
1987-11-22,0.855,8.451,23.544,29.269,5.4
1987-11-23,0.0,10.386,22.962,31.056,8.0
1987-11-24,26.677,8.595,23.9,29.75,6.1
1987-11-25,9.506,8.239,23.837,29.356,44.4
1987-11-26,10.332,7.328,23.137,27.837,17.9
1987-11-27,3.577,8.572,23.512,29.488,25.1
1987-11-28,0.0,9.187,22.65,29.506,17.4
1987-11-29,0.0,8.978,23.012,29.587,15.1
1987-11-30,20.886,6.019,23.656,26.975,8.6
1987-12-01,0.321,9.094,23.194,29.9,27.8
1987-12-02,7.946,7.949,23.081,28.506,32.9
1987-12-03,5.42,8.261,23.238,29.0,29.5
1987-12-04,4.376,9.282,23.019,29.975,15.4
1987-12-05,15.216,8.632,23.644,29.744,29.6
1987-12-06,3.213,7.835,22.681,28.1,32.3
1987-12-07,1.964,7.397,23.681,28.419,7.6
1987-12-08,0.0,9.729,23.7,31.056,6.6
1987-12-09,9.026,8.693,23.481,29.725,5.5
1987-12-10,0.0,6.444,23.125,27.0,7.4
1987-12-11,0.0,9.233,22.419,29.562,5.7
1987-12-12,0.0,8.214,23.887,29.556,25.1
1987-12-13,0.0,8.618,24.538,30.494,6.3
1987-12-14,17.617,8.519,23.619,29.65,5.6
1987-12-15,0.0,8.27,24.294,29.919,5.3
1987-12-16,0.0,9.375,24.169,31.075,4.8
1987-12-17,0.0,8.674,24.45,30.5,4.4
1987-12-18,0.0,9.174,24.363,30.994,4.1
1987-12-19,0.0,8.329,24.044,29.788,4.0
1987-12-20,0.0,8.634,24.962,30.894,3.9
1987-12-21,0.0,8.306,24.631,30.238,3.8
1987-12-22,0.0,8.099,24.7,30.062,3.7
1987-12-23,0.0,8.556,24.469,30.381,3.7
1987-12-24,0.0,8.437,24.231,30.05,3.6
1987-12-25,0.0,9.758,23.956,31.356,3.5
1987-12-26,0.0,9.539,23.606,30.819,3.2
1987-12-27,0.0,10.353,23.144,31.425,3.2
1987-12-28,0.0,8.212,23.631,29.294,3.2
1987-12-29,7.23,8.269,23.15,28.981,3.1
1987-12-30,0.0,7.615,23.481,28.5,3.1
1987-12-31,0.0,8.924,22.781,29.419,3.9
1988-01-01,0.0,7.7,23.506,28.625,5.0
1988-01-02,1.987,8.135,23.531,29.094,5.9
1988-01-03,6.794,7.758,23.125,28.344,4.7
1988-01-04,5.85,9.31,22.319,29.475,4.4
1988-01-05,0.0,8.57,23.55,29.569,4.5
1988-01-06,3.088,8.091,23.25,28.788,3.3
1988-01-07,0.0,7.718,23.869,28.881,3.3
1988-01-08,1.868,8.774,23.381,29.625,2.9
1988-01-09,1.096,7.133,24.181,28.494,2.5
1988-01-10,8.814,8.777,23.106,29.375,2.5
1988-01-11,2.668,8.167,23.413,28.925,2.5
1988-01-12,0.0,8.622,23.219,29.262,2.5
1988-01-13,0.0,9.215,22.875,29.65,2.5
1988-01-14,0.0,9.443,23.156,30.113,2.5
1988-01-15,0.0,8.292,23.462,29.044,2.4
1988-01-16,0.0,9.1,22.962,29.544,2.4
1988-01-17,0.0,9.05,23.169,29.606,2.4
1988-01-18,0.0,8.348,22.531,28.337,2.4
1988-01-19,0.0,9.317,22.538,29.387,2.3
1988-01-20,0.0,9.759,22.7,29.988,2.3
1988-01-21,0.0,9.552,22.725,29.731,2.3
1988-01-22,0.0,10.215,22.2,30.1,2.2
1988-01-23,0.0,8.282,22.55,28.169,2.2
1988-01-24,0.0,10.112,23.056,30.575,2.0
1988-01-25,0.0,9.07,22.812,29.181,2.0
1988-01-26,0.0,8.728,22.887,28.881,1.6
1988-01-27,0.0,10.018,23.275,30.569,1.9
1988-01-28,0.0,11.225,23.031,31.725,1.9
1988-01-29,0.0,10.436,23.863,31.406,1.8
1988-01-30,0.0,10.909,23.325,31.5,1.8
1988-01-31,0.847,10.528,23.962,31.525,1.8
1988-02-01,0.0,9.653,23.694,30.331,1.8
1988-02-02,0.0,7.983,23.981,28.788,1.8
1988-02-03,0.195,10.22,23.731,30.919,1.8
1988-02-04,0.994,9.312,22.7,29.106,1.8
1988-02-05,1.266,10.366,22.419,30.025,3.5
1988-02-06,0.0,10.135,21.7,29.194,3.4
1988-02-07,0.0,10.917,22.656,30.769,3.3
1988-02-08,1.273,8.53,24.144,29.369,3.2
1988-02-09,1.019,6.851,24.269,27.831,3.1
1988-02-10,0.0,9.392,23.244,29.481,3.0
1988-02-11,22.303,9.858,22.525,29.387,3.0
1988-02-12,0.0,8.173,23.281,28.238,1.9
1988-02-13,0.0,9.298,22.606,28.819,1.8
1988-02-14,0.0,7.957,22.7,27.481,15.8
1988-02-15,0.0,10.263,23.113,30.175,1.8
1988-02-16,2.902,9.542,23.8,29.938,1.8
1988-02-17,1.317,9.246,23.95,29.725,1.8
1988-02-18,0.0,9.706,23.881,30.125,1.7
1988-02-19,0.0,10.046,23.225,29.925,1.7
1988-02-20,0.0,10.607,23.156,30.431,1.7
1988-02-21,0.0,7.454,24.431,28.35,1.6
1988-02-22,0.0,9.601,23.775,29.844,1.6
1988-02-23,0.0,9.628,24.419,30.356,3.1
1988-02-24,0.0,9.269,23.631,29.363,3.0
1988-02-25,1.7,9.286,23.887,29.587,3.0
1988-02-26,0.0,9.602,23.512,29.562,2.5
1988-02-27,0.0,9.093,22.438,28.169,1.9
1988-02-28,0.0,10.226,22.1,29.062,1.8
1988-03-01,0.0,9.679,22.887,29.069,1.8
1988-03-02,0.0,11.566,22.731,30.863,1.8
1988-03-03,0.0,12.217,23.538,32.119,1.8
1988-03-04,0.0,10.941,23.325,30.6,1.8
1988-03-05,0.0,12.446,23.875,32.544,1.8
1988-03-06,0.0,10.317,23.569,30.131,1.8
1988-03-07,0.0,9.979,23.337,29.619,1.7
1988-03-08,0.0,10.378,22.819,29.581,1.7
1988-03-09,0.0,9.523,22.488,28.438,1.6
1988-03-10,0.0,9.844,23.038,29.156,1.6
1988-03-11,0.0,10.328,22.625,29.325,1.5
1988-03-12,0.0,11.886,22.656,30.938,1.5
1988-03-13,0.0,9.435,23.887,29.413,1.5
1988-03-14,1.365,10.824,22.744,29.863,1.5
1988-03-15,0.0,11.884,22.431,30.712,1.4
1988-03-16,0.187,9.778,23.538,29.431,1.4
1988-03-17,0.0,9.091,23.081,28.381,1.4
1988-03-18,0.0,9.915,23.894,29.806,1.4
1988-03-19,0.0,11.967,24.163,32.013,1.4
1988-03-20,0.0,10.644,24.394,30.9,1.4
1988-03-21,0.0,10.278,24.569,30.663,1.4
1988-03-22,0.0,10.842,24.538,31.181,1.3
1988-03-23,1.147,12.416,23.894,32.219,1.2
1988-03-24,0.0,13.139,24.225,33.181,1.2
1988-03-25,0.0,12.021,24.663,32.375,1.2
1988-03-26,0.0,11.287,23.738,30.95,1.7
1988-03-27,0.0,10.311,24.188,30.35,1.9
1988-03-28,0.0,11.912,24.062,31.812,1.9
1988-03-29,0.0,9.483,24.375,29.706,1.8
1988-03-30,10.452,11.051,23.869,30.775,1.8
1988-03-31,0.624,10.401,24.025,30.262,1.9
1988-04-01,0.0,10.745,24.438,30.919,1.9
1988-04-02,0.0,11.281,23.419,30.644,1.9
1988-04-03,0.398,10.245,23.425,29.625,1.9
1988-04-04,1.192,12.156,23.781,31.781,1.9
1988-04-05,0.804,10.613,23.856,30.325,1.9
1988-04-06,3.216,10.118,23.506,29.562,2.2
1988-04-07,12.86,7.067,23.669,26.994,23.9
1988-04-08,14.443,9.953,23.106,29.106,71.8
1988-04-09,11.248,8.077,23.8,27.931,18.1
1988-04-10,11.078,7.406,23.9,27.5,12.6
1988-04-11,8.527,8.912,23.712,28.606,60.3
1988-04-12,17.273,8.631,23.594,28.256,88.7
1988-04-13,20.452,8.03,23.35,27.544,71.9
1988-04-14,14.37,9.829,23.294,29.163,117.2
1988-04-15,2.052,8.457,23.625,28.15,23.3
1988-04-16,0.0,8.538,23.706,28.275,10.3
1988-04-17,0.0,9.564,23.938,29.406,5.5
1988-04-18,4.59,8.935,24.144,29.031,5.3
1988-04-19,5.52,11.317,23.488,30.75,5.4
1988-04-20,0.0,9.632,24.694,30.1,4.0
1988-04-21,0.312,7.894,24.137,28.125,4.2
1988-04-22,0.0,8.548,23.606,28.256,4.0
1988-04-23,0.323,10.856,22.587,29.619,4.0
1988-04-24,2.216,9.146,24.038,29.131,4.0
1988-04-25,0.0,11.057,23.9,30.85,4.0
1988-04-26,0.0,9.866,23.494,29.363,4.0
1988-04-27,0.0,8.476,24.094,28.581,3.2
1988-04-28,5.361,11.881,23.706,31.512,38.3
1988-04-29,4.706,9.921,23.262,29.275,30.1
1988-04-30,38.524,8.521,23.425,28.081,112.8
1988-05-01,0.0,10.055,23.631,29.694,14.8
1988-05-02,0.0,8.71,24.275,28.981,12.1
1988-05-03,7.174,10.053,22.675,28.962,111.7
1988-05-04,10.163,10.148,23.062,29.363,23.7
1988-05-05,17.516,9.334,23.056,28.606,11.8
1988-05-06,8.832,9.214,23.438,28.781,12.1
1988-05-07,11.231,9.45,22.969,28.65,10.3
1988-05-08,1.217,9.685,23.35,29.206,6.3
1988-05-09,10.91,7.972,23.681,27.856,30.5
1988-05-10,1.867,10.579,23.369,30.069,26.3
1988-05-11,1.249,11.899,23.212,31.275,10.7
1988-05-12,8.374,9.926,23.062,29.181,11.5
1988-05-13,2.206,9.469,23.669,29.294,8.4
1988-05-14,8.255,9.864,23.512,29.519,9.8
1988-05-15,3.061,9.244,23.431,28.869,7.2
1988-05-16,0.0,10.024,23.363,29.575,8.1
1988-05-17,8.972,9.583,24.281,29.869,71.7
1988-05-18,4.168,9.899,24.113,30.05,12.9
1988-05-19,5.876,10.013,23.212,29.475,9.5
1988-05-20,4.092,9.851,23.212,29.312,12.1
1988-05-21,6.464,10.674,24.106,30.837,6.3
1988-05-22,8.828,10.333,24.337,30.694,5.2
1988-05-23,11.063,10.385,24.131,30.581,14.1
1988-05-24,8.428,9.517,24.137,29.744,11.1
1988-05-25,19.219,7.428,25.019,28.613,7.4
1988-05-26,17.283,9.229,24.231,29.587,7.7
1988-05-27,0.495,10.318,23.512,30.081,7.8
1988-05-28,3.497,9.619,23.438,29.331,5.7
1988-05-29,0.053,10.91,23.644,30.769,4.6
1988-05-30,0.0,11.295,23.387,30.969,9.3
1988-05-31,7.721,8.542,23.856,28.637,5.2
1988-06-01,8.213,8.864,23.075,28.319,5.2
1988-06-02,4.952,9.267,23.375,28.975,5.2
1988-06-03,1.569,10.734,23.269,30.337,7.5
1988-06-04,6.167,9.279,23.481,29.081,8.6
1988-06-05,0.507,9.942,23.538,29.8,6.9
1988-06-06,2.144,10.02,23.65,29.944,6.3
1988-06-07,5.623,10.672,23.188,30.238,6.0
1988-06-08,8.949,8.857,23.913,29.038,6.6
1988-06-09,5.688,8.669,23.106,28.206,6.2
1988-06-10,19.473,10.068,24.294,30.5,5.7
1988-06-11,8.333,9.338,23.519,29.194,6.3
1988-06-12,3.043,7.745,22.969,27.212,35.8
1988-06-13,1.203,9.475,22.887,28.856,52.3
1988-06-14,7.82,10.926,22.744,30.206,30.3
1988-06-15,1.301,9.681,22.994,29.163,8.0
1988-06-16,4.055,8.593,23.038,28.094,6.0
1988-06-17,11.794,9.148,23.1,28.706,7.4
1988-06-18,1.38,8.398,23.044,27.894,6.6
1988-06-19,20.413,7.736,22.594,26.913,10.4
1988-06-20,3.121,8.192,22.456,27.219,35.5
1988-06-21,0.0,7.856,22.819,27.212,12.5
1988-06-22,0.0,8.779,23.225,28.456,6.5
1988-06-23,2.616,8.372,23.156,27.981,5.2
1988-06-24,5.396,9.471,22.969,28.913,4.0
1988-06-25,4.067,7.34,22.544,26.525,3.8
1988-06-26,7.426,10.111,22.544,29.231,3.5
1988-06-27,0.0,11.326,21.869,29.988,3.5
1988-06-28,7.781,10.002,22.719,29.231,4.9
1988-06-29,13.009,9.94,23.044,29.438,4.8
1988-06-30,4.644,9.218,23.363,28.95,4.7
1988-07-01,18.124,9.048,22.731,28.281,15.6
1988-07-02,0.803,8.618,22.8,27.919,12.5
1988-07-03,7.231,8.004,22.625,27.194,9.7
1988-07-04,2.841,10.054,22.806,29.337,8.3
1988-07-05,0.0,8.166,22.106,26.919,5.3
1988-07-06,1.479,8.581,22.2,27.369,3.8
1988-07-07,2.571,8.661,22.262,27.494,7.5
1988-07-08,0.0,11.088,22.356,30.062,4.9
1988-07-09,0.0,9.23,23.331,28.938,4.0
1988-07-10,24.288,10.702,23.1,30.212,13.6
1988-07-11,6.204,8.285,22.794,27.594,59.7
1988-07-12,0.0,9.304,22.344,28.181,15.1
1988-07-13,0.182,10.389,22.875,29.7,8.9
1988-07-14,0.185,9.707,23.3,29.337,7.0
1988-07-15,10.716,9.434,22.613,28.512,5.3
1988-07-16,8.431,9.244,22.831,28.481,7.1
1988-07-17,0.802,8.366,22.819,27.619,6.3
1988-07-18,7.053,8.497,22.6,27.562,5.3
1988-07-19,6.306,8.721,23.025,28.125,4.3
1988-07-20,0.0,8.855,22.375,27.725,3.7
1988-07-21,6.647,10.88,22.731,30.081,3.5
1988-07-22,5.062,9.334,23.637,29.194,3.7
1988-07-23,0.366,9.793,23.337,29.4,6.4
1988-07-24,13.722,9.719,23.3,29.306,20.5
1988-07-25,16.763,8.643,23.125,28.15,10.8
1988-07-26,0.421,9.508,23.644,29.337,35.6
1988-07-27,10.71,10.18,23.025,29.506,73.1
1988-07-28,0.212,8.806,23.194,28.306,39.0
1988-07-29,11.478,10.1,22.994,29.387,13.7
1988-07-30,10.345,9.533,23.081,28.913,11.6
1988-07-31,5.993,10.364,23.006,29.7,8.0
1988-08-01,2.574,9.81,23.125,29.181,7.6
1988-08-02,9.735,9.038,23.488,28.756,6.9
1988-08-03,26.943,11.203,23.131,30.575,34.9
1988-08-04,12.222,9.373,22.775,28.475,52.5
1988-08-05,7.484,8.061,23.175,27.594,54.2
1988-08-06,10.435,10.17,23.262,29.625,68.6
1988-08-07,14.581,7.297,22.831,26.594,60.6
1988-08-08,2.909,9.785,23.081,29.087,20.2
1988-08-09,5.965,10.96,22.875,30.087,11.1
1988-08-10,14.604,8.04,22.869,27.294,87.2
1988-08-11,0.383,8.873,22.631,27.831,74.3
1988-08-12,0.719,9.782,22.375,28.512,23.0
1988-08-13,20.365,10.569,22.294,29.238,98.8
1988-08-14,11.085,10.02,22.65,28.95,16.3
1988-08-15,6.789,10.612,22.475,29.438,14.2
1988-08-16,0.315,10.103,22.669,29.05,11.6
1988-08-17,13.733,8.83,22.844,27.944,9.4
1988-08-18,0.131,10.769,23.075,30.006,18.0
1988-08-19,16.493,8.562,23.169,27.944,18.8
1988-08-20,11.764,6.718,23.225,26.369,18.8
1988-08-21,6.31,9.986,22.363,28.688,12.2
1988-08-22,4.251,9.681,22.219,28.25,53.5
1988-08-23,5.844,10.707,23.062,29.919,39.0
1988-08-24,14.874,10.563,23.494,30.137,153.9
1988-08-25,14.194,6.398,22.919,25.85,108.0
1988-08-26,3.366,10.456,22.856,29.506,34.5
1988-08-27,2.662,7.638,22.9,26.906,56.1
1988-08-28,4.164,10.894,22.781,29.944,29.6
1988-08-29,4.922,9.345,22.556,28.175,30.6
1988-08-30,0.065,8.359,23.094,27.738,12.1
1988-08-31,0.883,8.401,22.863,27.556,10.4
1988-09-01,0.0,11.571,22.594,30.431,8.8
1988-09-02,9.134,10.803,22.719,29.788,12.3
1988-09-03,16.525,8.352,23.413,27.962,11.0
1988-09-04,6.265,11.015,23.062,30.231,9.3
1988-09-05,1.891,9.026,23.312,28.481,7.3
1988-09-06,3.824,11.122,23.0,30.294,6.4
1988-09-07,15.588,8.46,22.619,27.419,91.0
1988-09-08,2.853,10.829,23.119,30.106,43.0
1988-09-09,11.613,8.503,23.481,28.163,13.5
1988-09-10,0.0,8.042,22.619,27.038,8.8
1988-09-11,5.017,8.23,23.238,27.725,7.3
1988-09-12,0.0,8.634,22.994,27.938,6.2
1988-09-13,10.034,9.861,23.163,29.212,5.7
1988-09-14,4.5,8.055,23.019,27.419,15.2
1988-09-15,7.46,10.399,23.325,29.906,17.0
1988-09-16,12.567,8.982,23.675,28.8,7.7
1988-09-17,0.0,7.309,23.106,26.825,25.7
1988-09-18,15.632,8.866,23.756,28.819,141.9
1988-09-19,0.0,6.706,22.556,25.856,27.5
1988-09-20,0.0,9.464,22.594,28.456,14.7
1988-09-21,0.0,10.245,22.438,29.119,18.1
1988-09-22,0.818,10.848,23.519,30.556,18.5
1988-09-23,2.31,11.402,23.256,30.938,20.5
1988-09-24,2.616,8.856,23.688,28.775,10.7
1988-09-25,0.0,10.331,24.0,30.456,6.9
1988-09-26,12.779,8.887,23.475,28.656,6.9
1988-09-27,0.0,9.986,23.55,29.837,6.6
1988-09-28,2.07,9.111,23.244,28.719,6.3
1988-09-29,2.617,10.631,23.8,30.656,12.3
1988-09-30,2.655,8.243,23.406,28.031,11.5
1988-10-01,0.0,10.579,23.194,30.163,10.6
1988-10-02,0.9,9.617,22.8,28.913,9.5
1988-10-03,0.555,10.512,22.419,29.544,10.4
1988-10-04,0.976,10.031,23.531,29.931,9.3
1988-10-05,3.036,9.141,23.494,29.05,23.2
1988-10-06,6.838,8.103,23.219,27.831,31.0
1988-10-07,9.652,9.035,23.294,28.812,50.5
1988-10-08,21.069,5.99,23.381,26.106,97.1
1988-10-09,6.003,8.018,23.375,27.962,126.6
1988-10-10,16.154,9.357,22.669,28.706,47.8
1988-10-11,27.643,9.702,23.038,29.331,79.9
1988-10-12,0.0,5.871,22.825,25.575,21.5
1988-10-13,3.903,8.837,23.275,28.694,61.6
1988-10-14,10.853,8.239,22.675,27.65,19.6
1988-10-15,5.363,9.241,22.988,28.913,10.9
1988-10-16,0.0,9.902,22.738,29.419,16.6
1988-10-17,4.661,9.035,23.488,29.125,31.5
1988-10-18,9.195,7.913,23.55,28.106,15.1
1988-10-19,0.0,8.425,23.181,28.375,12.6
1988-10-20,0.0,7.358,23.331,27.425,7.4
1988-10-21,0.0,9.361,23.475,29.544,6.4
1988-10-22,6.818,8.33,23.194,28.337,6.0
1988-10-23,1.721,9.998,23.156,30.019,16.0
1988-10-24,0.137,10.477,23.038,30.494,7.4
1988-10-25,6.849,8.581,23.094,28.519,6.7
1988-10-26,2.847,9.083,22.788,28.85,6.0
1988-10-27,2.781,9.489,22.337,28.919,7.5
1988-10-28,1.85,9.428,22.556,29.069,6.1
1988-10-29,17.837,8.327,23.075,28.319,4.9
1988-10-30,9.234,8.24,23.025,28.219,4.5
1988-10-31,6.982,8.257,23.019,28.25,17.6
1988-11-01,20.406,8.609,22.625,28.337,12.4
1988-11-02,7.789,7.734,23.706,28.325,15.4
1988-11-03,0.0,9.464,23.062,29.631,7.3
1988-11-04,0.972,10.202,23.031,30.438,6.3
1988-11-05,21.744,7.993,23.375,28.363,5.4
1988-11-06,13.072,9.562,22.887,29.675,141.2
1988-11-07,15.203,9.712,22.956,29.913,21.9
1988-11-08,0.0,7.935,23.087,28.113,11.4
1988-11-09,0.0,8.28,23.312,28.731,8.8
1988-11-10,1.824,8.372,22.925,28.5,6.0
1988-11-11,4.145,8.383,22.456,28.188,8.2
1988-11-12,0.0,9.356,23.094,29.738,5.2
1988-11-13,0.0,8.382,22.894,28.544,4.9
1988-11-14,13.131,7.968,22.913,28.169,5.4
1988-11-15,0.0,8.12,23.387,28.688,9.9
1988-11-16,9.471,5.649,23.519,26.375,6.6
1988-11-17,0.0,8.09,22.931,28.369,4.9
1988-11-18,0.0,7.945,23.05,28.294,3.8
1988-11-19,9.636,7.743,23.431,28.406,3.7
1988-11-20,0.0,8.926,22.725,29.15,3.3
1988-11-21,4.454,6.458,22.981,26.738,4.6
1988-11-22,0.0,8.524,23.075,29.012,3.8
1988-11-23,0.0,8.356,22.85,28.669,35.0
1988-11-24,3.394,8.686,22.488,28.769,65.4
1988-11-25,18.315,7.664,22.681,27.806,69.0
1988-11-26,0.0,9.802,21.462,29.319,38.0
1988-11-27,0.0,8.401,23.413,29.2,14.9
1988-11-28,1.307,7.393,23.363,28.094,6.8
1988-11-29,6.62,7.848,23.156,28.425,8.1
1988-11-30,0.0,8.853,23.194,29.587,4.6
1988-12-01,0.0,9.092,23.119,29.806,4.4
1988-12-02,0.0,8.862,22.394,29.025,3.8
1988-12-03,18.695,8.282,22.206,28.219,3.2
1988-12-04,25.062,8.337,22.919,28.837,3.8
1988-12-05,0.0,7.342,22.381,27.288,3.7
1988-12-06,0.0,8.979,21.988,28.869,7.1
1988-12-07,4.376,8.216,22.444,28.337,8.6
1988-12-08,12.678,7.987,22.663,28.275,29.1
1988-12-09,8.36,8.446,22.831,28.925,12.6
1988-12-10,0.0,8.929,22.781,29.444,6.5
1988-12-11,0.387,9.709,22.4,30.1,5.4
1988-12-12,0.763,9.463,22.919,30.212,4.6
1988-12-13,6.913,9.079,22.913,29.8,4.1
1988-12-14,10.097,6.939,23.613,27.919,3.7
1988-12-15,0.0,9.147,22.438,29.475,3.5
1988-12-16,0.0,9.136,22.55,29.55,3.9
1988-12-17,24.866,7.741,22.25,27.706,3.2
1988-12-18,0.0,9.303,22.319,29.575,4.3
1988-12-19,0.0,9.899,21.631,29.775,3.2
1988-12-20,0.0,9.974,21.975,30.119,3.8
1988-12-21,0.0,8.091,22.619,28.431,3.4
1988-12-22,9.233,8.652,21.981,28.525,3.0
1988-12-23,0.0,9.885,22.075,30.069,2.9
1988-12-24,0.0,9.334,22.087,29.413,2.7
1988-12-25,0.0,9.822,21.438,29.506,2.7
1988-12-26,5.728,9.729,22.1,29.875,3.5
1988-12-27,5.716,8.623,22.837,29.144,3.6
1988-12-28,13.144,7.619,22.569,27.762,5.9
1988-12-29,14.854,7.198,22.225,27.05,8.8
1988-12-30,9.976,8.452,22.125,28.375,11.5
1988-12-31,31.353,6.395,22.387,26.288,11.6
1989-01-01,0.779,8.394,21.169,27.544,10.3
1989-01-02,6.697,7.702,22.15,27.494,25.7
1989-01-03,12.082,10.252,21.306,29.863,16.8
1989-01-04,8.528,7.033,22.837,27.325,9.8
1989-01-05,4.385,6.832,22.031,26.413,7.4
1989-01-06,0.587,7.357,21.806,26.8,15.2
1989-01-07,2.432,8.246,21.544,27.581,10.4
1989-01-08,0.0,8.339,22.163,28.156,8.0
1989-01-09,0.0,10.058,21.381,29.575,6.6
1989-01-10,0.0,8.935,21.719,28.481,4.6
1989-01-11,0.0,10.283,21.562,29.944,3.8
1989-01-12,0.0,7.768,21.525,26.962,3.5
1989-01-13,0.42,8.311,22.294,28.194,3.2
1989-01-14,4.969,8.043,22.581,28.069,3.2
1989-01-15,0.0,9.933,22.169,29.925,3.7
1989-01-16,0.0,9.019,22.712,29.238,3.5
1989-01-17,0.0,9.316,22.8,29.631,3.2
1989-01-18,0.0,8.714,22.863,28.975,3.0
1989-01-19,2.412,8.809,22.431,28.744,3.0
1989-01-20,0.0,8.52,22.35,28.325,2.9
1989-01-21,1.404,9.34,22.531,29.363,2.8
1989-01-22,0.0,8.379,23.631,29.144,2.8
1989-01-23,1.595,9.422,22.644,29.488,2.7
1989-01-24,0.0,8.409,23.531,29.056,2.7
1989-01-25,0.236,10.382,21.994,30.062,2.6
1989-01-26,0.0,9.437,22.319,29.2,4.4
1989-01-27,0.0,9.063,22.631,28.994,3.2
1989-01-28,3.231,8.215,22.469,27.925,3.1
1989-01-29,0.0,9.874,22.225,29.531,3.0
1989-01-30,0.0,9.318,22.3,28.95,2.9
1989-01-31,0.0,8.731,22.644,28.544,2.7
1989-02-01,0.0,10.272,21.788,29.575,2.5
1989-02-02,0.0,8.061,22.956,28.038,2.4
1989-02-03,6.3,9.083,21.719,28.125,2.3
1989-02-04,11.095,10.001,21.85,29.238,2.3
1989-02-05,1.79,9.597,21.288,28.325,2.3
1989-02-06,0.0,9.906,21.8,29.044,2.3
1989-02-07,4.457,10.003,22.231,29.438,2.2
1989-02-08,1.27,8.839,22.219,28.144,2.2
1989-02-09,0.0,9.562,23.012,29.5,2.2
1989-02-10,0.0,9.967,22.206,29.3,2.2
1989-02-11,0.0,11.846,22.031,31.231,2.2
1989-02-12,0.0,11.1,22.125,30.438,2.1
1989-02-13,0.0,10.983,22.769,30.75,2.1
1989-02-14,0.0,11.867,22.156,31.25,2.1
1989-02-15,0.0,12.439,21.875,31.65,2.0
1989-02-16,0.0,10.704,21.769,29.625,2.0
1989-02-17,0.0,9.727,21.05,27.969,2.0
1989-02-18,0.0,10.825,20.7,28.913,2.0
1989-02-19,0.0,9.94,21.3,28.344,2.0
1989-02-20,1.651,10.681,22.744,30.212,2.0
1989-02-21,0.0,10.207,22.725,29.65,2.0
1989-02-22,6.363,8.053,22.581,27.325,2.0
1989-02-23,0.0,8.604,21.913,27.331,2.0
1989-02-24,0.0,9.474,21.531,27.906,2.0
1989-02-25,0.0,7.482,22.194,26.419,2.0
1989-02-26,0.0,8.093,21.869,26.719,2.5
1989-02-27,0.0,11.321,21.75,29.969,2.8
1989-02-28,0.0,9.66,23.681,29.694,2.2
1989-03-01,0.0,9.191,23.819,29.319,2.5
1989-03-02,0.0,9.892,23.119,29.438,2.3
1989-03-03,0.305,9.375,23.119,28.906,2.2
1989-03-04,0.321,9.444,23.069,28.906,2.2
1989-03-05,1.531,9.596,23.256,29.2,2.2
1989-03-06,2.411,10.74,22.225,29.55,3.5
1989-03-07,0.0,9.685,22.038,28.281,2.2
1989-03-08,0.0,9.941,21.769,28.325,2.2
1989-03-09,0.0,9.419,22.25,28.175,2.3
1989-03-10,34.152,8.007,22.331,26.85,2.5
1989-03-11,0.0,7.493,21.819,25.925,2.7
1989-03-12,0.0,7.574,22.262,26.375,2.8
1989-03-13,0.0,8.43,21.812,26.819,2.8
1989-03-14,0.0,8.32,22.038,26.856,3.0
1989-03-15,3.338,9.458,22.431,28.262,3.7
1989-03-16,0.0,11.203,22.087,29.738,3.2
1989-03-17,0.0,9.736,22.131,28.262,2.5
1989-03-18,0.0,9.404,21.444,27.381,2.4
1989-03-19,5.597,9.492,21.738,27.681,2.5
1989-03-20,0.0,9.506,21.419,27.438,2.7
1989-03-21,0.0,9.962,21.575,27.994,2.9
1989-03-22,3.293,10.233,21.231,28.006,2.7
1989-03-23,0.0,10.178,21.238,27.95,2.3
1989-03-24,0.0,10.278,21.8,28.469,2.2
1989-03-25,0.0,10.782,22.2,29.275,2.2
1989-03-26,0.893,10.228,21.975,28.538,2.2
1989-03-27,1.45,10.517,21.788,28.663,2.2
1989-03-28,1.476,10.386,21.413,28.244,2.1
1989-03-29,3.307,10.199,21.819,28.375,2.0
1989-03-30,0.0,10.322,21.744,28.431,2.0
1989-03-31,0.0,11.247,21.4,29.106,2.0
1989-04-01,0.0,10.863,22.712,29.719,2.0
1989-04-02,0.0,9.724,23.281,29.038,2.0
1989-04-03,0.289,9.603,23.25,28.887,2.0
1989-04-04,2.667,11.16,23.15,30.312,2.0
1989-04-05,5.987,9.268,24.094,29.244,2.0
1989-04-06,12.318,9.86,23.006,28.931,6.0
1989-04-07,0.513,10.57,23.394,29.906,5.0
1989-04-08,0.978,11.077,23.625,30.587,3.9
1989-04-09,0.0,9.641,23.819,29.369,3.2
1989-04-10,1.685,10.612,23.15,29.75,2.4
1989-04-11,19.503,11.956,23.062,31.031,2.3
1989-04-12,1.94,10.154,23.9,29.925,2.2
1989-04-13,3.083,11.776,24.144,31.675,2.2
1989-04-14,1.87,10.814,22.819,29.712,2.2
1989-04-15,0.0,10.179,23.675,29.756,2.2
1989-04-16,0.284,10.236,22.975,29.275,2.2
1989-04-17,0.0,10.478,24.025,30.337,2.1
1989-04-18,0.0,8.974,24.531,29.35,2.0
1989-04-19,0.714,9.022,23.825,28.819,2.1
1989-04-20,0.0,8.273,23.913,28.231,2.1
1989-04-21,6.21,9.451,23.231,28.762,2.1
1989-04-22,9.047,8.95,23.244,28.306,2.1
1989-04-23,4.467,9.31,23.294,28.663,2.1
1989-04-24,5.848,8.67,23.75,28.475,2.1
1989-04-25,6.402,8.051,23.606,27.812,2.0
1989-04-26,0.676,9.75,23.45,29.219,3.7
1989-04-27,17.136,9.8,23.531,29.35,2.7
1989-04-28,2.64,11.125,22.7,29.981,2.8
1989-04-29,3.908,8.387,23.387,27.913,2.5
1989-04-30,7.975,8.903,23.656,28.619,2.2
1989-05-01,0.0,7.86,22.875,27.025,36.5
1989-05-02,7.981,9.075,22.762,28.056,15.6
1989-05-03,10.111,11.098,22.869,30.137,5.3
1989-05-04,7.358,9.584,22.775,28.581,3.9
1989-05-05,7.557,10.567,22.556,29.4,5.6
1989-05-06,3.327,10.018,22.769,29.006,3.9
1989-05-07,12.984,9.604,22.613,28.5,16.9
1989-05-08,43.342,7.386,22.456,26.312,69.6
1989-05-09,0.0,9.52,22.225,28.131,31.8
1989-05-10,7.263,9.12,22.469,27.925,119.1
1989-05-11,10.362,10.452,22.731,29.45,32.3
1989-05-12,0.0,9.549,22.613,28.456,12.3
1989-05-13,3.564,8.469,22.581,27.438,116.3
1989-05-14,23.49,9.826,22.962,29.081,40.4
1989-05-15,0.0,9.438,23.163,28.831,40.9
1989-05-16,7.203,9.135,23.062,28.444,18.5
1989-05-17,4.752,10.149,24.269,30.4,9.3
1989-05-18,0.974,9.721,23.656,29.506,5.8
1989-05-19,0.398,8.748,23.375,28.375,21.7
1989-05-20,2.165,11.067,23.525,30.756,8.8
1989-05-21,2.192,10.858,24.206,31.094,4.8
1989-05-22,5.499,9.793,22.85,28.969,5.1
1989-05-23,31.61,7.673,22.844,26.969,4.3
1989-05-24,5.007,6.544,22.781,25.95,6.2
1989-05-25,4.487,9.162,22.331,27.95,7.9
1989-05-26,14.013,9.184,22.5,28.131,30.1
1989-05-27,0.0,10.084,22.675,29.175,42.8
1989-05-28,8.794,8.355,22.65,27.462,14.3
1989-05-29,5.5,8.926,22.975,28.262,11.4
1989-05-30,1.656,10.438,23.238,29.975,7.5
1989-05-31,1.253,8.703,23.913,28.856,5.8
1989-06-01,5.638,8.005,23.694,28.012,5.9
1989-06-02,18.169,8.893,23.038,28.319,111.0
1989-06-03,0.531,10.412,23.225,29.969,45.7
1989-06-04,3.065,7.334,23.419,27.212,13.8
1989-06-05,47.716,7.771,22.844,27.094,9.1
1989-06-06,8.373,6.763,23.131,26.456,195.4
1989-06-07,3.929,9.809,22.788,29.044,121.8
1989-06-08,8.789,10.088,23.156,29.619,24.1
1989-06-09,5.909,8.362,23.6,28.294,12.9
1989-06-10,12.429,10.037,23.238,29.675,10.7
1989-06-11,3.643,7.567,22.837,26.938,11.2
1989-06-12,7.399,7.917,23.188,27.587,53.7
1989-06-13,1.537,10.146,22.788,29.413,17.9
1989-06-14,1.099,11.109,22.587,30.269,24.2
1989-06-15,8.341,9.99,23.244,29.613,8.9
1989-06-16,5.032,9.876,23.956,30.081,6.5
1989-06-17,10.629,7.255,23.569,27.281,5.3
1989-06-18,9.918,9.034,23.631,28.988,4.7
1989-06-19,9.722,7.857,22.788,27.219,4.9
1989-06-20,6.315,7.476,23.094,27.081,5.7
1989-06-21,0.107,11.162,23.244,30.831,6.3
1989-06-22,5.929,9.142,23.025,28.637,4.8
1989-06-23,15.079,8.748,22.762,28.025,15.2
1989-06-24,5.931,9.531,22.913,28.925,10.2
1989-06-25,11.653,7.777,22.869,27.169,12.4
1989-06-26,2.088,9.884,22.631,29.069,9.0
1989-06-27,0.0,7.731,22.413,26.769,6.2
1989-06-28,10.177,10.798,22.175,29.631,7.1
1989-06-29,6.027,9.602,23.225,29.225,5.2
1989-06-30,0.0,8.487,23.406,28.288,4.4
1989-07-01,1.21,7.612,22.387,26.625,7.5
1989-07-02,8.715,9.916,22.731,29.137,4.4
1989-07-03,11.287,9.994,22.894,29.356,3.9
1989-07-04,2.258,8.701,22.875,28.05,4.6
1989-07-05,4.838,7.614,23.081,27.181,5.7
1989-07-06,0.0,6.882,22.788,26.312,4.1
1989-07-07,0.0,8.024,22.606,27.175,4.8
1989-07-08,4.145,9.241,22.494,28.269,7.3
1989-07-09,5.677,9.403,22.712,28.6,6.7
1989-07-10,38.444,10.138,22.244,28.988,4.2
1989-07-11,1.737,9.292,23.75,29.306,3.7
1989-07-12,6.79,10.58,22.288,29.462,4.7
1989-07-13,3.657,10.935,23.012,30.375,4.3
1989-07-14,7.368,11.836,23.106,31.356,8.2
1989-07-15,0.0,12.161,23.694,32.125,5.5
1989-07-16,4.199,9.745,24.613,30.431,4.5
1989-07-17,9.596,10.014,23.131,29.494,3.8
1989-07-18,14.531,9.692,23.419,29.406,3.6
1989-07-19,8.877,9.176,23.181,28.706,7.2
1989-07-20,17.07,9.113,22.438,28.044,11.1
1989-07-21,9.836,9.285,22.462,28.244,11.9
1989-07-22,2.323,9.67,22.788,28.863,12.8
1989-07-23,4.415,9.278,22.663,28.369,11.4
1989-07-24,0.0,9.978,22.744,29.113,10.0
1989-07-25,13.14,9.833,22.356,28.706,19.6
1989-07-26,2.397,8.167,22.294,26.988,11.2
1989-07-27,8.181,9.31,22.663,28.381,13.5
1989-07-28,4.844,10.308,22.406,29.15,8.0
1989-07-29,6.236,7.92,22.637,27.012,12.5
1989-07-30,12.732,9.372,23.637,29.188,30.9
1989-07-31,6.453,10.808,23.244,30.294,6.9
1989-08-01,3.588,11.191,22.9,30.4,6.1
1989-08-02,0.465,9.654,23.163,29.075,16.4
1989-08-03,9.308,7.892,22.988,27.269,30.6
1989-08-04,21.702,10.138,22.95,29.356,22.6
1989-08-05,10.401,9.584,23.975,29.65,9.6
1989-08-06,17.771,9.607,23.181,28.994,54.8
1989-08-07,0.0,9.632,23.244,29.069,18.8
1989-08-08,0.623,7.671,23.863,27.769,8.5
1989-08-09,3.7,11.274,23.056,30.562,8.2
1989-08-10,1.747,7.486,23.081,26.956,5.9
1989-08-11,7.36,9.664,23.206,29.05,5.2
1989-08-12,8.983,10.128,22.938,29.288,14.9
1989-08-13,0.0,8.381,23.681,28.238,36.0
1989-08-14,2.496,9.343,23.019,28.569,39.0
1989-08-15,28.887,8.098,22.887,27.331,14.1
1989-08-16,6.082,9.746,23.688,29.488,7.6
1989-08-17,18.484,9.957,22.544,28.788,15.6
1989-08-18,0.0,10.159,23.038,29.363,9.7
1989-08-19,6.239,8.966,23.206,28.35,14.5
1989-08-20,8.928,10.07,22.931,29.2,11.4
1989-08-21,13.424,11.215,23.4,30.694,14.4
1989-08-22,14.676,11.122,22.9,30.231,6.0
1989-08-23,19.194,9.724,22.875,28.806,339.1
1989-08-24,15.97,8.498,22.875,27.631,195.4
1989-08-25,2.005,10.378,22.575,29.212,20.6
1989-08-26,2.303,9.311,23.025,28.519,16.8
1989-08-27,26.328,9.222,23.106,28.5,24.0
1989-08-28,0.493,9.298,23.594,28.969,60.9
1989-08-29,8.024,8.094,23.044,27.406,65.9
1989-08-30,0.0,8.858,22.575,27.738,14.2
1989-08-31,1.282,9.259,22.194,27.8,22.4
1989-09-01,2.519,9.826,23.144,29.106,14.4
1989-09-02,4.648,10.39,23.613,30.05,8.1
1989-09-03,7.946,7.778,23.981,27.925,26.0
1989-09-04,0.0,10.908,23.119,30.188,15.2
1989-09-05,5.791,9.165,23.7,28.956,9.1
1989-09-06,20.145,9.352,23.194,28.712,5.7
1989-09-07,1.496,8.393,23.381,28.0,5.4
1989-09-08,5.446,10.176,23.65,29.856,5.3
1989-09-09,4.66,7.575,23.488,27.35,5.1
1989-09-10,4.333,10.775,22.806,29.812,4.9
1989-09-11,7.435,8.179,23.562,27.962,10.9
1989-09-12,4.742,9.578,22.531,28.431,11.2
1989-09-13,8.535,10.468,23.212,29.856,7.6
1989-09-14,16.565,9.418,23.062,28.706,21.0
1989-09-15,0.445,9.397,22.694,28.394,8.5
1989-09-16,1.339,8.423,23.494,28.119,57.0
1989-09-17,3.387,8.68,23.556,28.438,137.6
1989-09-18,23.564,9.329,22.956,28.569,36.9
1989-09-19,1.217,10.34,23.113,29.688,14.3
1989-09-20,8.923,9.455,22.938,28.688,9.4
1989-09-21,5.874,10.893,23.319,30.431,42.7
1989-09-22,2.492,7.451,22.8,26.712,127.5
1989-09-23,0.345,11.135,22.706,30.219,113.4
1989-09-24,1.934,9.468,23.3,29.019,72.9
1989-09-25,13.553,7.303,23.188,26.919,38.7
1989-09-26,19.293,8.887,22.931,28.225,23.1
1989-09-27,0.0,8.293,23.006,27.738,13.4
1989-09-28,0.0,9.417,22.569,28.438,8.6
1989-09-29,0.0,9.751,22.788,28.981,6.9
1989-09-30,0.0,9.075,23.569,28.956,6.3
1989-10-01,9.043,10.572,23.131,30.119,12.7
1989-10-02,9.585,7.785,23.188,27.438,12.0
1989-10-03,25.461,7.811,23.331,27.575,21.3
1989-10-04,0.0,10.348,23.069,29.894,11.6
1989-10-05,0.0,8.054,22.731,27.35,58.1
1989-10-06,0.0,10.623,22.875,30.05,11.5
1989-10-07,0.282,9.931,22.913,29.419,7.4
1989-10-08,5.353,10.215,23.331,30.006,6.6
1989-10-09,7.337,9.533,23.062,29.119,12.1
1989-10-10,0.0,6.869,22.831,26.425,18.0
1989-10-11,4.496,6.275,23.4,26.381,10.1
1989-10-12,11.366,8.839,22.663,28.169,6.9
1989-10-13,0.0,8.589,22.894,28.113,6.2
1989-10-14,0.107,8.612,23.075,28.306,24.7
1989-10-15,7.347,9.521,23.075,29.269,28.1
1989-10-16,3.073,9.187,23.188,29.031,23.1
1989-10-17,8.527,9.016,22.863,28.606,9.1
1989-10-18,1.639,5.211,23.556,25.756,7.3
1989-10-19,0.264,10.174,23.35,30.231,6.1
1989-10-20,7.551,8.929,23.881,29.413,5.0
1989-10-21,21.855,8.653,24.05,29.269,4.4
1989-10-22,0.0,8.976,23.656,29.281,4.2
1989-10-23,2.037,8.693,23.506,28.919,4.0
1989-10-24,0.0,10.129,22.988,30.019,4.7
1989-10-25,3.119,8.638,23.562,28.931,34.4
1989-10-26,16.959,8.283,23.825,28.806,9.7
1989-10-27,11.809,8.673,23.7,29.113,7.8
1989-10-28,12.151,8.614,23.45,28.9,22.5
1989-10-29,20.205,8.001,24.012,28.75,31.3
1989-10-30,0.503,8.453,23.456,28.756,42.5
1989-10-31,1.694,7.989,23.4,28.275,271.0
1989-11-01,22.442,6.36,23.719,27.0,195.9
1989-11-02,2.699,9.925,23.081,30.087,22.5
1989-11-03,1.016,8.313,23.569,28.8,13.0
1989-11-04,1.918,7.735,22.731,27.544,11.5
1989-11-05,0.0,9.558,23.45,30.05,13.9
1989-11-06,1.14,9.091,23.55,29.65,12.1
1989-11-07,0.0,7.729,23.837,28.494,9.5
1989-11-08,4.58,8.33,23.581,28.906,8.1
1989-11-09,5.42,9.676,23.281,30.156,7.3
1989-11-10,0.0,8.721,23.163,29.05,6.6
1989-11-11,0.0,8.646,22.375,28.331,5.7
1989-11-12,3.376,9.013,22.631,28.981,5.1
1989-11-13,4.148,8.883,22.256,28.6,4.9
1989-11-14,3.217,9.444,23.25,29.981,5.1
1989-11-15,3.525,9.543,23.262,30.125,6.2
1989-11-16,2.585,8.311,24.425,29.756,5.7
1989-11-17,8.656,7.446,23.975,28.475,4.9
1989-11-18,0.0,8.16,23.731,29.05,15.2
1989-11-19,6.638,9.001,24.044,30.225,6.9
1989-11-20,6.954,7.341,24.312,28.744,6.0
1989-11-21,6.925,7.527,23.413,28.188,63.6
1989-11-22,2.889,9.293,23.6,30.244,41.0
1989-11-23,6.082,8.4,23.719,29.387,16.4
1989-11-24,13.25,6.679,23.812,27.681,9.4
1989-11-25,14.798,6.013,23.538,26.794,114.8
1989-11-26,3.754,9.643,22.675,30.031,84.2
1989-11-27,5.402,8.499,23.119,29.069,16.6
1989-11-28,6.152,7.388,24.075,28.65,12.2
1989-11-29,7.445,6.405,23.587,27.256,150.7
1989-11-30,9.867,8.519,23.231,29.219,17.7
1989-12-01,0.0,7.693,24.031,28.994,10.2
1989-12-02,0.0,6.59,23.788,27.644,8.4
1989-12-03,5.773,8.079,23.331,28.844,6.7
1989-12-04,9.082,6.198,23.75,27.231,18.8
1989-12-05,5.308,7.83,23.637,28.837,9.0
1989-12-06,0.0,9.129,22.869,29.7,14.3
1989-12-07,3.921,8.52,23.738,29.719,6.2
1989-12-08,6.028,9.227,23.075,30.006,5.7
1989-12-09,3.093,7.985,23.969,29.325,5.5
1989-12-10,2.831,7.24,23.95,28.506,5.1
1989-12-11,4.092,6.336,23.65,27.363,5.2
1989-12-12,0.0,8.157,23.419,29.081,4.8
1989-12-13,0.701,9.749,22.919,30.556,4.6
1989-12-14,0.0,8.13,24.2,29.7,4.5
1989-12-15,0.0,8.952,22.738,29.488,4.4
1989-12-16,0.0,8.927,21.919,28.819,4.2
1989-12-17,0.0,9.01,23.012,29.762,4.0
1989-12-18,1.556,8.39,23.431,29.375,4.0
1989-12-19,0.0,8.457,23.131,29.225,3.8
1989-12-20,0.0,7.972,22.806,28.413,3.8
1989-12-21,0.0,8.75,22.6,29.131,3.7
1989-12-22,0.0,8.515,23.356,29.488,3.7
1989-12-23,0.0,7.733,23.269,28.506,3.7
1989-12-24,7.546,7.182,23.7,28.238,3.7
1989-12-25,5.045,7.638,22.863,28.1,3.7
1989-12-26,10.42,7.105,22.831,27.45,3.7
1989-12-27,4.956,7.866,23.288,28.675,3.7
1989-12-28,0.0,9.092,22.706,29.594,3.7
1989-12-29,0.0,9.092,22.663,29.525,3.7
1989-12-30,0.0,9.556,21.506,29.212,3.7
1989-12-31,0.0,9.13,22.275,29.269,3.6
1990-01-01,0.804,9.234,21.731,28.962,3.6
1990-01-02,9.105,9.138,21.712,28.819,3.6
1990-01-03,3.755,7.833,22.325,27.769,4.7
1990-01-04,7.696,7.103,22.631,27.212,4.8
1990-01-05,7.933,6.87,22.363,26.731,4.0
1990-01-06,8.876,8.248,22.438,28.3,3.9
1990-01-07,18.223,8.165,22.444,28.194,3.8
1990-01-08,8.684,7.274,22.344,27.125,3.7
1990-01-09,0.0,8.426,22.469,28.481,14.5
1990-01-10,7.139,7.843,22.381,27.744,16.0
1990-01-11,0.0,7.741,22.569,27.788,27.6
1990-01-12,0.0,8.082,22.625,28.219,14.2
1990-01-13,0.714,7.893,22.512,27.875,9.8
1990-01-14,0.0,9.351,21.806,28.95,7.4
1990-01-15,6.606,8.14,22.938,28.456,6.4
1990-01-16,0.0,9.569,22.506,29.731,5.7
1990-01-17,0.0,8.59,23.2,29.131,5.2
1990-01-18,0.0,9.381,22.756,29.644,5.2
1990-01-19,5.144,8.463,22.275,28.2,4.9
1990-01-20,0.0,9.457,22.775,29.694,4.8
1990-01-21,0.0,9.137,23.169,29.619,4.8
1990-01-22,1.144,8.605,22.844,28.744,4.3
1990-01-23,0.0,7.787,23.9,28.725,4.3
1990-01-24,0.0,8.889,23.462,29.525,4.2
1990-01-25,0.0,8.686,24.163,29.837,4.2
1990-01-26,3.729,7.202,23.462,27.712,4.2
1990-01-27,2.448,7.911,23.7,28.619,4.0
1990-01-28,0.61,8.513,24.113,29.55,4.0
1990-01-29,1.815,8.025,24.212,29.113,4.0
1990-01-30,0.219,7.369,23.962,28.231,4.0
1990-01-31,0.0,8.178,23.794,28.887,4.0
1990-02-01,0.0,8.202,23.606,28.738,4.0
1990-02-02,2.863,7.471,24.125,28.419,4.0
1990-02-03,1.644,9.048,23.337,29.363,4.0
1990-02-04,2.487,7.91,23.106,27.981,3.9
1990-02-05,2.768,6.239,22.706,26.0,3.8
1990-02-06,10.003,8.338,22.85,28.169,3.8
1990-02-07,0.0,9.029,22.819,28.831,3.7
1990-02-08,0.0,7.531,23.288,27.669,3.7
1990-02-09,2.757,7.182,22.875,26.975,3.6
1990-02-10,0.316,8.457,22.712,28.113,3.5
1990-02-11,0.0,9.165,22.288,28.481,3.4
1990-02-12,0.0,9.423,22.919,29.225,3.4
1990-02-13,0.0,8.359,23.019,28.188,3.3
1990-02-14,0.0,9.824,22.275,29.113,3.2
1990-02-15,0.0,9.333,22.844,28.994,3.1
1990-02-16,0.0,9.386,22.975,29.125,3.0
1990-02-17,0.0,10.1,21.969,29.094,3.0
1990-02-18,0.0,9.198,21.95,28.075,2.9
1990-02-19,0.0,9.88,21.762,28.625,2.7
1990-02-20,0.219,10.138,22.2,29.206,2.7
1990-02-21,0.05,9.528,22.794,29.0,2.6
1990-02-22,1.351,8.824,23.544,28.869,2.5
1990-02-23,0.21,9.468,22.681,28.819,2.5
1990-02-24,0.403,9.354,22.425,28.488,2.4
1990-02-25,0.0,9.77,22.363,28.831,2.4
1990-02-26,0.0,9.276,21.925,27.981,2.4
1990-02-27,0.0,11.005,21.712,29.6,2.4
1990-02-28,0.0,10.113,22.631,29.344,2.4
1990-03-01,0.0,10.512,22.156,29.4,2.4
1990-03-02,0.0,10.058,21.762,28.569,2.4
1990-03-03,0.0,10.454,21.931,29.087,2.3
1990-03-04,0.0,8.538,22.863,27.875,2.3
1990-03-05,0.0,8.532,23.188,28.131,2.3
1990-03-06,0.0,9.446,23.788,29.462,2.3
1990-03-07,0.0,9.85,23.669,29.744,2.3
1990-03-08,0.0,8.726,24.2,29.081,2.3
1990-03-09,0.0,10.809,23.488,30.525,2.3
1990-03-10,0.0,11.603,24.256,31.887,2.3
1990-03-11,1.301,10.566,23.6,30.325,2.3
1990-03-12,0.0,11.461,24.4,31.812,2.3
1990-03-13,0.0,10.786,23.781,30.65,2.2
1990-03-14,0.09,10.825,23.825,30.7,2.2
1990-03-15,5.88,9.275,23.238,28.706,2.2
1990-03-16,0.365,10.345,24.012,30.35,2.2
1990-03-17,0.079,8.446,23.944,28.519,2.2
1990-03-18,16.347,6.712,23.587,26.694,2.8
1990-03-19,4.173,10.544,23.075,29.8,5.1
1990-03-20,0.0,8.52,23.656,28.3,3.2
1990-03-21,1.441,5.201,24.675,26.544,2.7
1990-03-22,0.507,9.279,23.6,28.944,2.7
1990-03-23,0.213,8.149,23.887,28.156,2.6
1990-03-24,0.409,8.782,23.05,28.025,2.5
1990-03-25,3.364,9.621,22.906,28.688,2.5
1990-03-26,1.896,7.64,22.575,26.55,2.4
1990-03-27,0.148,10.241,22.45,28.919,2.4
1990-03-28,0.0,9.811,22.55,28.562,2.4
1990-03-29,0.0,10.681,22.706,29.538,2.4
1990-03-30,0.0,10.473,23.131,29.65,2.3
1990-03-31,0.556,9.294,23.569,28.863,2.3
1990-04-01,0.0,9.37,23.9,29.194,2.3
1990-04-02,0.989,10.22,23.144,29.381,2.3
1990-04-03,0.0,10.403,22.9,29.369,2.2
1990-04-04,0.0,9.706,23.65,29.3,2.2
1990-04-05,1.621,9.074,23.163,28.325,2.2
1990-04-06,6.969,9.461,23.312,28.806,2.2
1990-04-07,5.362,9.394,23.956,29.288,2.2
1990-04-08,0.495,11.691,23.481,31.094,2.2
1990-04-09,0.654,9.084,25.05,29.875,2.2
1990-04-10,0.32,10.305,24.562,30.587,2.2
1990-04-11,1.766,8.677,24.906,29.387,2.8
1990-04-12,0.522,9.216,24.506,29.531,2.5
1990-04-13,1.73,9.494,24.581,29.856,2.5
1990-04-14,2.321,8.893,23.837,28.706,2.3
1990-04-15,6.06,8.425,24.119,28.55,2.3
1990-04-16,0.732,9.514,23.544,29.031,2.2
1990-04-17,0.0,7.786,24.05,27.925,2.2
1990-04-18,0.0,9.199,23.331,28.606,2.1
1990-04-19,0.0,9.609,23.444,29.056,2.1
1990-04-20,2.31,6.915,24.462,27.55,2.1
1990-04-21,3.551,9.769,23.506,29.256,2.1
1990-04-22,0.277,9.696,23.325,29.062,2.1
1990-04-23,0.0,8.815,23.869,28.675,2.1
1990-04-24,0.692,10.301,23.144,29.488,2.1
1990-04-25,6.841,7.572,23.225,27.038,2.1
1990-04-26,12.391,9.263,23.331,28.656,3.6
1990-04-27,6.344,11.588,23.038,30.694,2.5
1990-04-28,21.34,9.224,23.456,28.769,2.4
1990-04-29,5.12,10.154,23.219,29.431,2.3
1990-04-30,17.416,8.689,23.125,28.0,5.5
1990-05-01,0.64,8.958,23.025,28.163,7.3
1990-05-02,8.472,8.652,22.281,27.269,10.3
1990-05-03,7.384,9.552,22.55,28.344,10.4
1990-05-04,9.083,9.699,22.481,28.444,186.5
1990-05-05,16.554,9.527,22.969,28.681,39.8
1990-05-06,6.045,11.025,22.806,30.031,17.9
1990-05-07,2.954,8.436,24.894,29.288,17.3
1990-05-08,12.809,10.24,23.369,29.712,22.3
1990-05-09,11.094,9.408,23.575,29.125,20.5
1990-05-10,0.0,10.622,23.944,30.538,7.4
1990-05-11,15.199,10.479,24.169,30.581,8.1
1990-05-12,1.89,9.096,24.481,29.544,23.6
1990-05-13,4.49,9.677,23.219,29.106,15.7
1990-05-14,1.464,9.325,23.188,28.75,6.8
1990-05-15,2.074,11.329,22.812,30.438,4.4
1990-05-16,0.43,10.446,24.788,31.113,3.9
1990-05-17,18.401,8.62,24.369,29.05,5.2
1990-05-18,7.238,10.109,23.881,30.056,13.3
1990-05-19,4.555,10.728,24.119,30.863,12.1
1990-05-20,8.571,9.74,25.544,31.069,15.1
1990-05-21,3.558,8.941,23.825,28.938,7.4
1990-05-22,97.49,10.134,23.681,29.988,14.4
1990-05-23,0.0,8.749,23.881,28.85,148.8
1990-05-24,14.273,9.552,23.119,28.981,61.5
1990-05-25,4.337,8.463,24.2,28.825,113.3
1990-05-26,4.223,11.133,23.062,30.531,160.5
1990-05-27,9.61,6.567,23.094,26.244,234.6
1990-05-28,8.015,10.054,23.288,29.625,143.8
1990-05-29,17.89,9.789,23.175,29.281,23.6
1990-05-30,0.949,8.266,23.881,28.425,13.8
1990-05-31,1.77,9.28,23.344,28.919,10.3
1990-06-01,6.467,8.164,23.306,27.875,10.9
1990-06-02,0.0,11.356,22.2,30.175,8.1
1990-06-03,0.422,9.634,23.706,29.569,7.8
1990-06-04,14.135,10.178,23.769,30.163,7.2
1990-06-05,12.798,8.547,23.519,28.381,6.6
1990-06-06,0.0,7.833,24.925,28.938,6.9
1990-06-07,2.635,11.605,23.681,31.569,6.1
1990-06-08,5.63,8.397,23.438,28.2,5.7
1990-06-09,2.712,8.582,23.55,28.481,5.4
1990-06-10,11.966,8.825,23.062,28.319,5.1
1990-06-11,12.798,9.162,23.544,29.038,5.1
1990-06-12,9.838,9.207,23.075,28.719,5.1
1990-06-13,11.648,9.846,23.219,29.444,9.3
1990-06-14,11.857,9.084,23.194,28.688,8.3
1990-06-15,5.747,6.854,23.312,26.725,8.6
1990-06-16,11.585,8.369,22.719,27.6,12.5
1990-06-17,0.0,8.35,22.988,27.8,7.8
1990-06-18,0.728,8.282,23.488,28.156,5.6
1990-06-19,7.702,8.521,23.812,28.637,5.0
1990-06-20,10.336,9.717,24.075,30.019,4.7
1990-06-21,5.35,9.761,23.706,29.762,8.2
1990-06-22,5.623,8.95,23.45,28.769,42.1
1990-06-23,11.408,10.004,23.887,30.175,11.8
1990-06-24,15.897,8.62,23.606,28.587,26.6
1990-06-25,4.645,7.961,23.175,27.625,32.3
1990-06-26,1.823,9.759,23.512,29.606,10.7
1990-06-27,4.135,9.225,23.775,29.306,54.4
1990-06-28,8.032,9.768,23.894,29.925,27.2
1990-06-29,10.215,10.395,24.387,30.944,10.3
1990-06-30,19.755,7.879,23.744,27.994,7.1
1990-07-01,1.467,8.044,23.631,28.069,14.7
1990-07-02,6.046,8.416,23.062,27.956,10.6
1990-07-03,5.627,8.307,23.413,28.131,6.8
1990-07-04,4.807,7.717,23.394,27.544,6.1
1990-07-05,11.925,9.572,22.913,28.95,5.3
1990-07-06,14.007,8.177,22.706,27.425,6.5
1990-07-07,0.328,9.366,23.488,29.219,8.6
1990-07-08,4.958,9.897,23.137,29.444,5.8
1990-07-09,1.793,10.212,22.681,29.394,8.4
1990-07-10,3.044,7.767,22.981,27.238,6.1
1990-07-11,3.791,10.972,23.419,30.731,6.6
1990-07-12,12.144,10.756,22.806,30.038,5.4
1990-07-13,6.66,9.344,23.219,28.913,6.3
1990-07-14,11.137,8.287,23.594,28.212,6.7
1990-07-15,7.697,9.311,23.256,28.913,8.9
1990-07-16,1.123,8.539,23.019,27.975,8.1
1990-07-17,17.433,9.735,22.956,29.081,5.7
1990-07-18,0.024,9.492,23.025,28.881,8.1
1990-07-19,0.0,9.588,22.819,28.837,6.1
1990-07-20,1.799,9.784,23.538,29.587,5.1
1990-07-21,5.143,10.907,23.394,30.575,4.8
1990-07-22,9.104,9.317,22.812,28.519,4.5
1990-07-23,8.104,7.687,22.55,26.738,49.2
1990-07-24,10.902,10.255,23.012,29.594,15.3
1990-07-25,10.861,9.871,23.919,29.938,10.4
1990-07-26,8.731,8.598,23.962,28.738,8.8
1990-07-27,6.691,9.549,23.069,28.931,99.3
1990-07-28,3.776,10.38,23.275,29.9,15.6
1990-07-29,0.614,8.292,24.119,28.569,25.5
1990-07-30,11.09,9.956,23.5,29.65,12.9
1990-07-31,0.0,10.309,23.369,29.894,7.6
1990-08-01,0.673,9.721,23.606,29.494,7.5
1990-08-02,7.594,8.424,23.869,28.475,5.6
1990-08-03,15.827,9.327,23.163,28.762,32.0
1990-08-04,12.275,10.14,23.15,29.519,12.9
1990-08-05,3.597,8.929,24.031,29.05,14.3
1990-08-06,3.431,9.452,23.044,28.738,6.8
1990-08-07,4.92,9.02,23.644,28.812,6.3
1990-08-08,17.735,8.7,23.375,28.288,5.6
1990-08-09,8.989,8.777,24.394,29.188,7.3
1990-08-10,7.686,9.114,22.981,28.35,30.2
1990-08-11,11.62,10.346,22.95,29.531,7.3
1990-08-12,0.507,8.755,23.7,28.587,5.2
1990-08-13,20.125,8.552,23.519,28.25,19.6
1990-08-14,9.568,9.627,22.744,28.631,12.7
1990-08-15,0.827,10.298,22.619,29.194,16.7
1990-08-16,3.245,10.817,22.988,30.012,17.3
1990-08-17,7.762,10.101,23.069,29.363,21.0
1990-08-18,12.233,7.832,24.356,28.294,13.9
1990-08-19,0.0,9.19,23.775,29.019,7.6
1990-08-20,8.139,9.125,23.981,29.137,5.9
1990-08-21,7.872,9.426,23.481,29.0,7.0
1990-08-22,2.628,9.912,23.675,29.631,9.4
1990-08-23,5.902,9.419,23.344,28.881,13.5
1990-08-24,0.418,9.109,23.394,28.663,8.8
1990-08-25,6.844,9.068,23.719,28.869,4.7
1990-08-26,0.0,12.024,22.969,31.175,4.2
1990-08-27,6.11,9.487,23.062,28.719,3.9
1990-08-28,8.985,6.887,23.806,27.012,15.2
1990-08-29,0.643,9.829,22.394,28.525,5.2
1990-08-30,8.528,8.895,23.156,28.244,4.3
1990-08-31,9.387,8.136,23.25,27.619,4.2
1990-09-01,0.672,9.53,24.119,29.606,5.0
1990-09-02,0.395,10.196,23.706,29.913,5.4
1990-09-03,13.838,7.616,22.925,26.887,4.4
1990-09-04,0.323,9.93,23.075,29.169,3.6
1990-09-05,0.086,10.081,24.431,30.394,4.5
1990-09-06,1.531,8.292,24.2,28.569,4.5
1990-09-07,2.651,10.388,23.331,29.819,4.3
1990-09-08,15.199,10.289,23.481,29.85,4.2
1990-09-09,2.712,9.472,23.475,29.062,4.1
1990-09-10,0.0,9.093,23.331,28.631,4.0
1990-09-11,4.389,9.01,24.019,29.094,3.8
1990-09-12,3.692,10.626,23.462,30.188,3.7
1990-09-13,9.914,10.293,23.519,29.906,3.7
1990-09-14,3.599,7.907,23.769,27.894,3.6
1990-09-15,1.032,9.906,22.944,29.125,3.5
1990-09-16,3.477,9.08,23.306,28.594,3.5
1990-09-17,0.0,9.631,23.281,29.106,3.2
1990-09-18,7.723,10.293,23.15,29.65,4.5
1990-09-19,8.284,10.878,23.256,30.344,5.0
1990-09-20,17.687,9.147,23.344,28.725,7.3
1990-09-21,0.528,10.011,22.8,29.169,6.1
1990-09-22,20.893,10.872,22.175,29.544,6.3
1990-09-23,7.682,10.599,22.294,29.406,12.6
1990-09-24,5.222,8.531,23.7,28.469,10.6
1990-09-25,0.496,8.941,23.356,28.594,53.8
1990-09-26,6.785,8.256,22.919,27.6,12.1
1990-09-27,23.498,8.033,23.325,27.719,9.0
1990-09-28,1.225,7.843,23.462,27.681,7.5
1990-09-29,0.729,8.129,23.356,27.863,6.5
1990-09-30,4.07,8.427,23.731,28.469,5.7
1990-10-01,15.829,8.016,23.337,27.762,4.6
1990-10-02,21.692,9.498,22.95,28.875,18.4
1990-10-03,2.334,9.393,23.219,29.006,8.8
1990-10-04,4.669,9.199,23.331,28.938,6.9
1990-10-05,8.345,7.664,23.281,27.425,20.5
1990-10-06,0.0,9.173,23.019,28.694,111.6
1990-10-07,4.397,9.046,23.594,29.05,21.6
1990-10-08,11.555,8.087,23.438,28.0,27.6
1990-10-09,1.798,8.704,23.363,28.55,9.9
1990-10-10,4.047,9.741,23.944,30.069,8.9
1990-10-11,5.332,9.541,23.375,29.425,7.4
1990-10-12,5.444,8.187,23.869,28.5,35.0
1990-10-13,5.612,9.494,23.681,29.656,13.9
1990-10-14,10.926,9.028,23.825,29.363,10.0
1990-10-15,6.226,8.264,23.169,28.056,8.5
1990-10-16,1.117,9.202,23.525,29.294,9.9
1990-10-17,6.114,9.15,23.894,29.55,6.4
1990-10-18,2.198,10.069,22.919,29.769,6.0
1990-10-19,1.076,9.961,23.312,29.975,5.6
1990-10-20,7.705,8.354,23.062,28.144,5.8
1990-10-21,0.755,10.395,22.962,30.206,5.7
1990-10-22,17.123,6.05,23.294,26.225,5.4
1990-10-23,0.376,8.21,23.269,28.225,5.3
1990-10-24,5.321,8.952,23.538,29.2,5.0
1990-10-25,8.466,9.285,23.512,29.544,4.7
1990-10-26,18.359,8.247,23.156,28.212,25.3
1990-10-27,16.26,9.57,23.425,29.85,13.7
1990-10-28,9.745,8.834,22.875,28.656,8.0
1990-10-29,16.865,5.444,23.531,26.012,6.9
1990-10-30,1.865,8.566,22.856,28.381,7.8
1990-10-31,0.0,8.659,23.281,28.837,7.6
1990-11-01,4.54,7.82,23.35,28.087,6.9
1990-11-02,11.515,8.725,22.925,28.688,10.0
1990-11-03,12.292,7.416,23.45,27.8,150.4
1990-11-04,6.982,8.421,22.8,28.319,11.1
1990-11-05,8.291,8.005,22.613,27.756,8.8
1990-11-06,6.25,9.022,22.294,28.606,11.2
1990-11-07,18.984,9.542,22.7,29.506,9.9
1990-11-08,3.79,6.738,23.631,27.4,20.6
1990-11-09,2.267,8.367,23.594,28.994,15.9
1990-11-10,8.251,6.452,23.419,26.95,9.7
1990-11-11,3.926,7.392,23.006,27.531,6.3
1990-11-12,13.79,8.32,23.0,28.525,5.7
1990-11-13,0.0,8.956,23.869,29.906,5.5
1990-11-14,3.129,7.925,23.506,28.569,5.4
1990-11-15,3.949,6.468,23.712,27.275,5.1
1990-11-16,4.485,7.76,23.319,28.238,4.9
1990-11-17,4.164,7.139,23.344,27.663,4.7
1990-11-18,9.408,4.948,23.044,25.344,4.6
1990-11-19,3.161,9.376,22.45,29.419,4.5
1990-11-20,4.562,7.786,23.306,28.363,4.2
1990-11-21,2.566,8.002,23.269,28.556,8.3
1990-11-22,2.297,8.751,22.413,28.712,6.4
1990-11-23,4.147,8.548,22.744,28.788,4.6
1990-11-24,2.485,7.82,23.312,28.444,4.1
1990-11-25,3.459,9.281,22.494,29.444,3.5
1990-11-26,9.411,9.304,23.35,30.15,3.5
1990-11-27,2.938,7.865,22.631,27.994,20.6
1990-11-28,0.247,6.587,23.244,27.156,8.8
1990-11-29,3.317,8.891,22.55,29.094,4.0
1990-11-30,10.171,8.97,22.837,29.431,3.8
1990-12-01,3.586,8.561,23.094,29.194,3.7
1990-12-02,29.924,7.087,24.006,28.325,4.0
1990-12-03,3.577,6.973,23.012,27.387,4.6
1990-12-04,0.0,7.251,22.906,27.637,6.0
1990-12-05,5.74,7.758,23.031,28.256,5.7
1990-12-06,2.944,5.913,22.788,26.15,5.4
1990-12-07,3.989,8.948,22.219,29.006,5.1
1990-12-08,58.197,6.469,22.863,26.788,5.0
1990-12-09,0.0,8.507,22.031,28.356,5.9
1990-12-10,0.0,6.747,22.531,26.819,8.8
1990-12-11,0.0,7.254,22.6,27.425,7.6
1990-12-12,0.0,9.335,22.531,29.762,6.9
1990-12-13,0.0,9.122,22.669,29.6,6.6
1990-12-14,0.0,7.918,23.894,29.212,6.5
1990-12-15,0.0,9.398,23.456,30.556,6.3
1990-12-16,0.0,8.465,24.069,29.969,6.2
1990-12-17,0.266,8.72,23.863,30.069,6.0
1990-12-18,0.355,8.411,23.619,29.581,5.7
1990-12-19,2.238,7.918,23.85,29.181,5.2
1990-12-20,3.482,8.484,24.125,30.038,5.1
1990-12-21,0.0,8.311,23.725,29.519,4.9
1990-12-22,0.0,8.834,23.881,30.231,4.7
1990-12-23,0.0,7.756,22.95,28.281,4.6
1990-12-24,0.0,7.411,23.413,28.275,4.5
1990-12-25,0.0,8.53,22.281,28.637,4.5
1990-12-26,0.0,8.289,23.369,29.188,4.3
1990-12-27,0.0,8.238,23.712,29.413,4.1
1990-12-28,0.0,9.465,22.806,30.087,4.0
1990-12-29,0.0,8.88,23.163,29.681,3.9
1990-12-30,0.0,8.146,23.1,28.781,3.7
1990-12-31,0.0,8.372,23.525,29.387,3.7
1991-01-01,0.0,8.99,22.631,29.375,3.6
1991-01-02,18.193,8.721,22.631,29.031,3.5
1991-01-03,0.0,8.426,22.775,28.806,3.5
1991-01-04,0.0,8.625,22.831,29.081,3.4
1991-01-05,3.116,8.79,23.225,29.569,3.3
1991-01-06,3.298,9.385,22.819,29.925,3.2
1991-01-07,7.585,9.167,22.581,29.462,3.9
1991-01-08,0.0,8.61,23.125,29.225,3.1
1991-01-09,0.0,8.886,23.663,29.956,3.0
1991-01-10,0.0,8.336,23.381,29.119,3.0
1991-01-11,0.781,7.937,23.556,28.794,2.9
1991-01-12,0.0,8.294,23.4,29.038,2.8
1991-01-13,0.0,7.779,23.087,28.206,2.6
1991-01-14,0.0,9.476,22.875,29.919,2.4
1991-01-15,0.0,8.842,22.75,29.087,2.3
1991-01-16,0.0,10.427,22.356,30.6,2.3
1991-01-17,0.0,8.164,23.375,28.806,2.3
1991-01-18,0.0,9.205,22.85,29.519,2.3
1991-01-19,0.0,9.849,22.831,30.219,2.3
1991-01-20,0.0,8.629,22.5,28.55,2.2
1991-01-21,0.0,7.464,23.094,27.769,2.2
1991-01-22,0.0,8.786,21.831,28.219,2.2
1991-01-23,0.0,11.277,21.925,31.119,2.2
1991-01-24,0.0,10.189,22.919,30.55,2.2
1991-01-25,0.0,9.942,23.019,30.306,2.1
1991-01-26,0.0,10.256,23.169,30.75,2.0
1991-01-27,0.0,8.271,23.475,28.8,2.0
1991-01-28,0.0,9.472,23.65,30.206,2.0
1991-01-29,0.0,9.067,24.188,30.175,2.0
1991-01-30,0.0,9.424,24.275,30.594,2.0
1991-01-31,0.0,8.88,24.538,30.206,2.0
1991-02-01,0.0,8.532,23.919,29.337,2.0
1991-02-02,0.0,8.665,23.519,29.131,2.0
1991-02-03,0.0,9.006,23.044,29.087,2.0
1991-02-04,0.0,10.123,21.925,29.419,2.0
1991-02-05,0.0,9.329,22.506,28.969,1.9
1991-02-06,0.0,8.73,23.312,28.95,1.9
1991-02-07,0.0,8.18,23.512,28.544,1.9
1991-02-08,0.0,8.053,23.312,28.212,1.9
1991-02-09,0.0,7.368,23.062,27.325,1.9
1991-02-10,2.389,8.348,23.45,28.587,1.9
1991-02-11,0.0,6.816,23.913,27.494,1.9
1991-02-12,2.912,5.685,24.038,26.619,2.5
1991-02-13,2.915,8.654,23.688,29.038,2.4
1991-02-14,28.464,8.747,24.281,29.569,2.2
1991-02-15,0.0,8.291,24.219,29.056,2.2
1991-02-16,0.661,7.536,23.962,28.113,2.0
1991-02-17,1.981,9.638,24.281,30.419,2.0
1991-02-18,0.0,10.607,24.169,31.275,2.0
1991-02-19,0.0,9.363,23.512,29.45,2.0
1991-02-20,0.0,10.899,22.969,30.606,2.0
1991-02-21,0.0,8.851,23.238,28.669,2.0
1991-02-22,0.0,8.561,23.606,28.681,2.0
1991-02-23,0.0,10.236,23.512,30.244,2.0
1991-02-24,0.0,10.934,24.394,31.625,1.9
1991-02-25,0.0,10.924,24.175,31.419,1.9
1991-02-26,0.0,6.994,24.8,28.2,1.9
1991-02-27,0.0,11.02,24.194,31.488,1.9
1991-02-28,0.0,9.61,23.706,29.656,1.8
1991-03-01,0.0,8.775,23.656,28.812,1.8
1991-03-02,5.608,10.373,23.137,29.956,1.9
1991-03-03,2.099,10.256,23.731,30.256,1.9
1991-03-04,26.163,10.105,23.038,29.556,1.9
1991-03-05,0.773,8.743,22.981,28.156,6.0
1991-03-06,0.0,10.159,22.938,29.5,4.4
1991-03-07,0.0,10.374,23.738,30.325,5.4
1991-03-08,0.0,11.11,23.056,30.512,3.0
1991-03-09,0.0,10.563,23.394,30.2,2.8
1991-03-10,13.79,7.376,23.644,27.375,2.7
1991-03-11,1.534,10.349,23.387,29.956,2.7
1991-03-12,0.0,9.135,23.319,28.725,2.5
1991-03-13,0.0,11.835,23.394,31.413,3.2
1991-03-14,0.0,9.958,24.288,30.238,3.3
1991-03-15,0.974,10.852,24.413,31.2,3.1
1991-03-16,0.0,8.083,25.2,29.25,2.9
1991-03-17,0.0,9.474,24.069,29.55,2.7
1991-03-18,0.0,9.687,23.55,29.331,2.5
1991-03-19,0.0,9.2,23.938,29.181,2.4
1991-03-20,0.0,9.324,24.012,29.363,2.2
1991-03-21,0.0,10.9,23.206,30.225,2.0
1991-03-22,0.0,10.441,24.062,30.419,2.0
1991-03-23,0.125,10.472,24.15,30.5,2.0
1991-03-24,0.0,10.467,24.056,30.419,1.9
1991-03-25,0.0,10.632,23.887,30.431,1.8
1991-03-26,0.0,9.942,23.225,29.256,1.8
1991-03-27,0.0,10.068,23.45,29.525,1.8
1991-03-28,0.0,11.266,23.169,30.475,1.8
1991-03-29,0.0,13.001,22.506,31.744,2.7
1991-03-30,3.457,11.863,23.35,31.194,1.8
1991-03-31,0.0,10.827,23.744,30.462,3.1
1991-04-01,0.0,11.456,23.762,31.081,2.7
1991-04-02,0.0,10.503,22.663,29.312,2.6
1991-04-03,0.0,11.501,22.113,29.9,2.4
1991-04-04,1.43,9.673,24.212,29.731,1.9
1991-04-05,0.0,10.366,25.1,31.094,1.8
1991-04-06,0.0,11.936,24.644,32.219,1.8
1991-04-07,9.605,10.634,24.15,30.575,1.8
1991-04-08,9.803,9.946,23.962,29.762,1.8
1991-04-09,2.584,11.324,23.55,30.781,1.8
1991-04-10,1.977,10.773,23.675,30.325,1.8
1991-04-11,0.0,11.747,23.837,31.4,1.8
1991-04-12,7.434,10.424,23.637,29.956,1.8
1991-04-13,7.445,9.362,23.488,28.831,2.2
1991-04-14,6.293,10.016,22.894,29.0,2.3
1991-04-15,14.636,11.339,22.8,30.219,2.5
1991-04-16,2.462,11.981,22.831,30.894,5.8
1991-04-17,10.171,9.579,24.956,30.238,5.0
1991-04-18,3.703,10.682,23.475,30.1,3.8
1991-04-19,1.248,11.061,23.825,30.744,3.1
1991-04-20,8.494,10.302,24.169,30.288,2.3
1991-04-21,6.863,10.911,23.731,30.531,2.5
1991-04-22,0.0,11.311,23.469,30.738,3.6
1991-04-23,1.773,8.785,24.544,29.219,3.2
1991-04-24,0.0,9.914,24.319,30.056,2.9
1991-04-25,1.78,10.141,25.35,31.113,2.5
1991-04-26,2.781,10.503,24.781,31.025,2.5
1991-04-27,10.268,10.09,24.619,30.475,2.2
1991-04-28,5.406,9.028,24.269,29.212,2.8
1991-04-29,3.778,11.329,23.75,31.012,3.4
1991-04-30,2.63,9.175,23.731,28.962,2.9
1991-05-01,7.177,9.285,23.669,29.0,2.5
1991-05-02,15.598,10.327,24.019,30.256,2.5
1991-05-03,20.965,8.173,23.344,27.75,2.2
1991-05-04,4.179,9.301,23.45,28.856,2.0
1991-05-05,10.591,9.286,23.394,28.85,2.0
1991-05-06,0.086,10.104,24.075,30.137,12.8
1991-05-07,11.949,8.739,24.431,29.163,6.6
1991-05-08,0.0,10.797,23.775,30.569,5.3
1991-05-09,2.474,8.684,24.3,28.994,4.2
1991-05-10,8.296,9.664,24.044,29.719,3.6
1991-05-11,0.0,8.773,23.738,28.675,3.5
1991-05-12,0.423,9.502,23.781,29.344,3.2
1991-05-13,21.626,10.719,24.087,30.781,2.9
1991-05-14,0.0,10.803,23.494,30.419,3.5
1991-05-15,3.555,10.664,24.219,30.844,2.9
1991-05-16,12.175,8.802,23.825,28.788,2.4
1991-05-17,4.4,6.387,23.794,26.688,2.4
1991-05-18,0.868,8.587,22.725,27.688,2.2
1991-05-19,0.0,6.678,23.881,26.969,2.2
1991-05-20,4.435,8.018,23.406,27.719,2.0
1991-05-21,7.488,9.904,23.3,29.456,2.0
1991-05-22,5.58,9.375,23.675,29.225,2.0
1991-05-23,3.486,10.423,23.131,29.831,1.9
1991-05-24,16.018,7.919,22.981,27.312,1.8
1991-05-25,0.0,11.337,23.413,30.994,1.7
1991-05-26,0.862,10.217,23.544,29.969,3.5
1991-05-27,11.68,10.296,24.019,30.419,7.6
1991-05-28,12.394,10.228,23.825,30.244,9.9
1991-05-29,25.928,8.418,24.35,28.925,83.9
1991-05-30,7.573,7.287,24.325,27.944,22.9
1991-05-31,8.197,10.367,23.544,30.175,5.2
1991-06-01,8.231,8.223,23.762,28.288,16.2
1991-06-02,6.164,8.652,23.869,28.756,15.9
1991-06-03,5.118,10.568,23.919,30.675,9.1
1991-06-04,6.342,9.061,24.494,29.694,5.3
1991-06-05,7.86,7.546,24.281,28.15,5.4
1991-06-06,16.847,9.44,23.837,29.512,4.2
1991-06-07,0.696,9.531,23.775,29.562,3.6
1991-06-08,1.335,8.816,23.931,29.0,3.6
1991-06-09,0.498,7.061,24.6,27.994,7.8
1991-06-10,0.229,7.739,24.631,28.619,10.9
1991-06-11,9.879,10.332,25.15,31.45,7.7
1991-06-12,9.027,10.643,23.688,30.619,5.8
1991-06-13,11.775,8.63,24.444,29.288,4.8
1991-06-14,24.564,6.593,23.831,26.962,17.0
1991-06-15,0.9,9.953,23.087,29.462,11.3
1991-06-16,5.592,8.699,23.569,28.669,6.7
1991-06-17,16.773,8.102,23.431,27.938,7.0
1991-06-18,6.558,8.547,23.2,28.2,5.0
1991-06-19,2.695,7.697,23.906,27.969,12.2
1991-06-20,21.221,10.483,23.525,30.356,8.5
1991-06-21,6.661,9.848,23.481,29.712,5.7
1991-06-22,10.416,8.187,23.694,28.275,5.6
1991-06-23,1.466,8.607,23.562,28.556,5.2
1991-06-24,8.388,10.33,23.762,30.375,5.2
1991-06-25,22.267,9.069,23.387,28.837,20.1
1991-06-26,7.259,9.564,23.275,29.262,19.8
1991-06-27,23.382,8.236,23.356,28.038,5.8
1991-06-28,0.219,10.796,22.919,30.219,5.3
1991-06-29,6.847,7.015,23.469,27.025,13.7
1991-06-30,8.448,10.134,22.469,29.212,122.6
1991-07-01,21.207,7.907,22.994,27.4,151.0
1991-07-02,6.495,10.499,23.006,29.956,23.7
1991-07-03,6.106,9.943,24.144,30.325,13.6
1991-07-04,7.346,7.271,24.1,27.762,123.0
1991-07-05,7.219,9.672,23.0,29.113,85.8
1991-07-06,0.0,8.991,22.956,28.425,14.5
1991-07-07,11.641,9.853,23.056,29.325,14.0
1991-07-08,8.312,10.94,22.806,30.231,8.1
1991-07-09,4.638,9.235,23.225,28.837,15.4
1991-07-10,3.778,11.057,23.3,30.725,13.9
1991-07-11,2.255,8.884,23.756,28.919,6.6
1991-07-12,13.24,10.098,23.712,30.056,9.4
1991-07-13,5.423,10.05,22.788,29.281,6.8
1991-07-14,4.825,10.001,23.181,29.581,4.4
1991-07-15,5.208,10.157,22.95,29.519,6.5
1991-07-16,4.522,10.23,23.35,29.894,12.2
1991-07-17,3.759,11.11,22.925,30.462,17.2
1991-07-18,13.436,9.587,23.531,29.387,12.8
1991-07-19,10.797,11.114,24.181,31.406,20.8
1991-07-20,2.62,8.749,23.219,28.3,8.8
1991-07-21,4.922,8.484,23.012,27.887,54.3
1991-07-22,3.413,9.248,23.363,28.894,61.7
1991-07-23,1.239,9.236,23.637,29.106,13.6
1991-07-24,1.761,9.0,23.087,28.419,8.3
1991-07-25,4.424,10.138,23.281,29.688,12.7
1991-07-26,4.147,10.591,23.544,30.331,6.9
1991-07-27,1.285,8.695,23.531,28.469,6.7
1991-07-28,1.613,8.723,23.269,28.281,5.7
1991-07-29,14.593,9.929,23.312,29.481,5.0
1991-07-30,2.731,8.842,23.562,28.631,196.2
1991-07-31,25.286,9.206,23.775,29.175,12.5
1991-08-01,13.197,9.452,22.337,28.225,7.5
1991-08-02,2.708,11.339,23.075,30.7,6.3
1991-08-03,15.182,9.378,22.869,28.6,6.7
1991-08-04,4.388,11.09,22.988,30.356,6.9
1991-08-05,2.002,8.885,23.244,28.387,6.0
1991-08-06,13.944,10.684,23.144,30.05,16.1
1991-08-07,5.03,10.212,22.9,29.375,11.8
1991-08-08,14.709,9.519,23.431,29.106,22.6
1991-08-09,3.099,8.355,23.331,27.944,10.4
1991-08-10,0.0,10.205,22.656,29.169,6.0
1991-08-11,14.079,11.141,23.837,31.019,5.1
1991-08-12,17.326,9.467,22.837,28.556,30.6
1991-08-13,15.288,11.853,22.469,30.663,41.2
1991-08-14,4.331,11.206,24.062,31.244,16.2
1991-08-15,0.0,11.634,24.031,31.619,13.0
1991-08-16,0.0,10.784,23.812,30.594,6.6
1991-08-17,7.123,10.683,23.006,29.881,97.2
1991-08-18,18.094,10.336,23.031,29.538,162.8
1991-08-19,0.0,10.79,22.794,29.812,74.0
1991-08-20,9.78,10.52,23.337,29.981,31.0
1991-08-21,14.323,9.069,22.956,28.25,11.0
1991-08-22,1.207,10.592,22.969,29.719,8.8
1991-08-23,4.542,10.363,22.994,29.531,7.3
1991-08-24,5.805,9.575,23.363,29.05,6.8
1991-08-25,0.445,10.39,23.119,29.644,11.5
1991-08-26,3.648,9.43,23.619,29.119,11.0
1991-08-27,3.315,8.723,23.65,28.475,7.4
1991-08-28,8.638,8.586,23.869,28.531,6.3
1991-08-29,16.235,8.029,23.25,27.525,6.1
1991-08-30,8.923,8.552,23.381,28.131,5.8
1991-08-31,11.55,7.24,23.2,26.806,6.1
1991-09-01,13.339,9.967,23.231,29.331,8.9
1991-09-02,0.879,10.553,23.806,30.394,10.2
1991-09-03,23.276,8.48,23.281,27.944,11.5
1991-09-04,1.218,8.838,23.069,28.113,7.6
1991-09-05,2.459,10.466,23.337,29.919,6.0
1991-09-06,7.499,7.101,23.113,26.594,9.2
1991-09-07,11.299,10.7,23.262,30.094,32.0
1991-09-08,6.228,11.113,23.369,30.562,10.3
1991-09-09,6.006,10.739,24.012,30.706,6.2
1991-09-10,2.403,10.47,23.481,30.038,5.6
1991-09-11,7.116,10.633,23.613,30.319,7.9
1991-09-12,4.236,11.742,23.913,31.656,6.3
1991-09-13,0.0,9.828,23.475,29.444,5.8
1991-09-14,2.721,9.997,24.15,30.125,4.9
1991-09-15,3.949,8.185,23.788,28.175,4.2
1991-09-16,23.662,7.986,23.869,28.056,3.7
1991-09-17,1.58,9.841,22.869,29.012,4.0
1991-09-18,0.0,10.784,23.512,30.431,3.6
1991-09-19,0.255,10.167,23.194,29.569,3.2
1991-09-20,9.412,7.726,23.656,27.669,6.3
1991-09-21,18.871,7.939,23.25,27.581,5.9
1991-09-22,4.332,8.911,23.1,28.337,10.0
1991-09-23,11.556,10.445,23.2,29.906,22.5
1991-09-24,0.0,9.049,23.456,28.744,9.4
1991-09-25,0.247,9.013,23.413,28.694,32.5
1991-09-26,7.578,7.918,23.369,27.656,6.5
1991-09-27,8.327,9.321,23.575,29.169,4.6
1991-09-28,3.016,8.953,23.269,28.569,7.3
1991-09-29,5.685,9.583,23.538,29.4,4.9
1991-09-30,2.055,10.243,23.506,30.056,6.2
1991-10-01,9.261,10.702,23.25,30.331,4.4
1991-10-02,3.831,10.934,22.969,30.369,4.7
1991-10-03,8.115,9.171,23.781,29.275,3.9
1991-10-04,2.256,10.142,23.131,29.731,4.0
1991-10-05,1.283,10.693,23.031,30.219,3.7
1991-10-06,4.956,9.731,23.306,29.475,3.6
1991-10-07,15.478,9.1,23.344,28.9,3.4
1991-10-08,2.934,10.516,23.262,30.275,7.8
1991-10-09,12.661,8.269,23.119,27.913,12.0
1991-10-10,0.092,7.759,23.525,27.794,17.9
1991-10-11,11.387,9.274,22.637,28.569,13.8
1991-10-12,5.132,9.105,22.5,28.306,65.4
1991-10-13,0.379,9.568,23.012,29.225,44.6
1991-10-14,12.943,8.343,23.137,28.075,17.8
1991-10-15,5.693,9.402,22.806,28.913,10.2
1991-10-16,0.232,9.582,22.475,28.856,43.9
1991-10-17,21.733,8.724,22.913,28.331,18.0
1991-10-18,0.0,7.004,23.094,26.844,56.7
1991-10-19,0.252,9.211,22.5,28.562,29.6
1991-10-20,0.0,10.722,22.337,30.081,9.5
1991-10-21,0.0,10.507,23.363,30.669,6.6
1991-10-22,6.253,9.233,23.712,29.619,5.7
1991-10-23,3.154,11.1,22.938,30.994,5.2
1991-10-24,6.246,9.035,23.975,29.637,4.9
1991-10-25,12.788,8.657,23.975,29.288,5.0
1991-10-26,0.0,7.76,23.4,27.944,10.9
1991-10-27,5.119,8.465,22.594,28.012,12.4
1991-10-28,1.418,8.82,22.337,28.206,30.6
1991-10-29,4.01,10.578,22.262,30.119,11.9
1991-10-30,25.814,9.299,22.544,28.931,49.1
1991-10-31,1.705,7.387,23.044,27.4,25.2
1991-11-01,4.557,9.019,23.156,29.181,11.3
1991-11-02,7.958,9.092,23.006,29.169,62.7
1991-11-03,2.436,8.873,22.881,28.825,21.7
1991-11-04,20.218,8.332,23.219,28.531,10.7
1991-11-05,0.059,10.716,22.975,30.962,6.7
1991-11-06,2.463,9.672,23.125,29.969,5.9
1991-11-07,37.456,10.064,22.65,30.044,6.7
1991-11-08,7.209,7.078,23.137,27.269,22.4
1991-11-09,1.693,9.341,22.356,29.069,36.2
1991-11-10,3.534,8.795,22.181,28.35,19.1
1991-11-11,11.137,9.084,22.137,28.656,15.8
1991-11-12,0.0,9.139,23.038,29.438,20.7
1991-11-13,12.782,7.314,22.7,27.244,10.6
1991-11-14,0.223,6.18,22.488,25.994,7.0
1991-11-15,19.523,9.082,22.65,29.131,27.5
1991-11-16,1.325,7.748,23.006,27.981,36.7
1991-11-17,0.0,9.264,23.137,29.762,14.2
1991-11-18,0.0,8.379,22.863,28.587,9.9
1991-11-19,3.255,8.726,22.65,28.812,14.0
1991-11-20,22.056,9.049,23.281,29.7,8.3
1991-11-21,0.189,9.553,23.544,30.475,6.1
1991-11-22,13.1,8.56,23.006,28.981,8.2
1991-11-23,13.623,9.232,22.875,29.631,13.1
1991-11-24,9.142,7.615,23.369,28.288,35.9
1991-11-25,9.071,7.478,23.106,27.925,39.2
1991-11-26,24.915,8.078,23.231,28.669,13.3
1991-11-27,2.909,9.614,23.05,30.319,9.7
1991-11-28,3.356,7.637,23.181,28.188,18.3
1991-11-29,4.648,7.206,23.906,28.35,24.7
1991-11-30,3.689,7.016,23.413,27.738,21.1
1991-12-01,2.082,7.756,23.919,28.956,11.0
1991-12-02,19.777,9.327,23.337,30.294,7.6
1991-12-03,11.196,7.126,23.381,27.863,9.8
1991-12-04,5.25,8.786,23.119,29.519,9.0
1991-12-05,11.236,6.784,23.025,27.212,10.3
1991-12-06,8.097,9.006,22.631,29.381,41.3
1991-12-07,0.0,7.243,23.512,28.125,46.3
1991-12-08,0.0,8.266,23.631,29.356,13.8
1991-12-09,7.97,7.831,23.35,28.675,9.6
1991-12-10,4.133,7.938,24.062,29.356,7.2
1991-12-11,2.842,9.4,22.406,29.719,6.5
1991-12-12,0.0,8.3,23.512,29.337,5.8
1991-12-13,0.784,8.31,23.381,29.238,5.4
1991-12-14,0.2,6.957,23.381,27.75,5.1
1991-12-15,0.0,8.034,22.881,28.525,5.0
1991-12-16,0.0,8.351,22.544,28.656,4.8
1991-12-17,0.788,5.762,22.9,26.125,13.4
1991-12-18,15.023,8.645,22.425,28.919,5.8
1991-12-19,0.534,8.576,22.281,28.719,5.7
1991-12-20,0.0,8.617,22.531,28.919,5.6
1991-12-21,0.258,8.623,22.562,28.95,5.3
1991-12-22,0.0,9.122,21.856,29.019,5.1
1991-12-23,0.0,9.235,22.3,29.475,5.0
1991-12-24,0.0,8.753,22.844,29.312,4.9
1991-12-25,0.0,7.949,22.8,28.356,4.0
1991-12-26,0.0,8.521,22.288,28.606,3.6
1991-12-27,0.0,8.672,22.975,29.312,3.7
1991-12-28,0.0,8.527,22.875,29.062,3.6
1991-12-29,0.0,9.319,22.381,29.6,3.7
1991-12-30,0.0,7.599,22.744,27.887,3.5
1991-12-31,0.0,8.235,22.85,28.694,3.7
1992-01-01,0.0,7.823,22.994,28.331,3.9
1992-01-02,0.0,6.988,23.294,27.663,4.2
1992-01-03,0.0,7.691,22.325,27.625,4.3
1992-01-04,0.0,6.606,23.344,27.288,4.3
1992-01-05,0.33,7.079,23.337,27.769,4.3
1992-01-06,0.722,6.805,22.844,27.069,4.6
1992-01-07,34.358,8.123,22.581,28.288,11.1
1992-01-08,0.0,8.465,22.606,28.656,19.1
1992-01-09,0.0,7.738,23.431,28.512,7.1
1992-01-10,0.0,8.619,22.887,29.031,5.8
1992-01-11,1.192,7.661,23.081,28.125,4.6
1992-01-12,0.0,8.351,22.837,28.656,4.0
1992-01-13,0.0,7.269,23.619,28.119,3.8
1992-01-14,0.0,8.102,23.087,28.556,3.8
1992-01-15,0.0,7.421,22.738,27.506,3.8
1992-01-16,0.0,7.771,22.506,27.7,3.8
1992-01-17,0.0,8.389,22.7,28.5,3.8
1992-01-18,0.0,9.236,22.337,29.15,3.8
1992-01-19,0.0,7.604,23.875,28.575,3.8
1992-01-20,0.0,7.569,23.762,28.444,3.7
1992-01-21,0.0,7.108,23.837,28.025,3.6
1992-01-22,0.0,9.554,23.319,30.194,3.6
1992-01-23,0.0,8.685,23.35,29.231,3.6
1992-01-24,1.952,7.107,23.844,27.975,3.6
1992-01-25,0.0,8.664,22.756,28.712,3.6
1992-01-26,0.0,8.794,22.65,28.731,3.6
1992-01-27,0.0,8.166,22.531,27.931,3.6
1992-01-28,0.0,9.069,22.225,28.644,3.6
1992-01-29,0.0,8.09,22.981,28.188,3.6
1992-01-30,0.197,9.009,23.331,29.406,3.6
1992-01-31,0.175,7.522,23.4,27.913,3.6
1992-02-01,3.274,6.378,22.419,25.925,3.6
1992-02-02,0.0,9.185,22.219,28.688,3.6
1992-02-03,0.0,7.622,23.2,27.788,3.6
1992-02-04,0.0,7.476,22.337,26.894,3.6
1992-02-05,0.0,10.276,22.281,29.825,3.5
1992-02-06,0.0,9.584,22.538,29.238,3.5
1992-02-07,0.0,9.281,21.75,28.288,3.5
1992-02-08,11.002,10.13,22.381,29.694,3.5
1992-02-09,9.487,9.138,22.538,28.688,3.5
1992-02-10,0.0,8.882,23.006,28.781,3.5
1992-02-11,0.0,8.105,22.788,27.762,3.5
1992-02-12,0.0,7.71,22.475,27.106,3.5
1992-02-13,0.0,9.242,22.038,28.312,3.5
1992-02-14,0.0,11.265,22.025,30.494,3.6
1992-02-15,0.0,9.816,22.856,29.525,3.7
1992-02-16,0.0,9.094,23.175,28.969,3.5
1992-02-17,0.0,9.503,23.256,29.431,3.4
1992-02-18,0.0,9.617,23.544,29.756,3.3
1992-02-19,0.0,8.972,23.913,29.381,3.2
1992-02-20,0.0,9.063,23.281,28.944,3.2
1992-02-21,0.0,10.132,23.319,30.031,3.2
1992-02-22,0.0,10.088,23.363,30.012,3.2
1992-02-23,0.0,10.47,23.081,30.163,3.2
1992-02-24,0.0,9.752,23.469,29.694,3.1
1992-02-25,0.0,10.97,24.238,31.512,2.9
1992-02-26,0.0,9.007,24.569,29.812,2.9
1992-02-27,0.0,8.994,24.15,29.45,2.8
1992-02-28,0.0,8.669,24.087,29.069,2.8
1992-02-29,0.0,8.845,23.894,29.056,2.0
1992-03-01,0.0,10.129,24.181,30.519,2.2
1992-03-02,0.0,10.189,24.181,30.556,2.1
1992-03-03,0.0,10.36,24.35,30.831,2.1
1992-03-04,0.0,9.812,24.225,30.194,2.1
1992-03-05,0.0,11.707,24.587,32.325,2.2
1992-03-06,0.0,9.709,24.581,30.344,2.1
1992-03-07,0.0,9.067,23.944,29.206,2.3
1992-03-08,0.711,9.374,23.806,29.363,2.2
1992-03-09,0.0,9.541,23.744,29.462,2.0
1992-03-10,0.0,10.583,24.144,30.775,2.2
1992-03-11,0.0,10.081,24.494,30.55,2.0
1992-03-12,0.0,9.529,24.163,29.738,1.9
1992-03-13,1.085,8.813,24.8,29.581,1.9
1992-03-14,8.617,7.587,24.113,27.938,2.0
1992-03-15,0.319,7.239,23.781,27.344,2.0
1992-03-16,0.0,7.329,24.188,27.769,1.9
1992-03-17,0.0,9.577,24.712,30.175,1.9
1992-03-18,0.0,10.884,23.581,30.512,2.0
1992-03-19,0.0,10.346,24.238,30.488,1.8
1992-03-20,0.0,10.119,24.375,30.375,1.8
1992-03-21,0.0,8.372,24.119,28.562,1.9
1992-03-22,0.0,9.876,23.369,29.325,1.9
1992-03-23,0.0,10.71,22.825,29.7,1.8
1992-03-24,0.0,11.677,22.962,30.762,1.9
1992-03-25,0.0,9.646,23.238,28.975,1.9
1992-03-26,0.0,10.84,23.056,29.994,1.9
1992-03-27,0.0,10.655,23.413,30.087,1.8
1992-03-28,0.0,10.556,23.7,30.212,1.9
1992-03-29,0.0,10.862,24.788,31.331,1.9
1992-03-30,0.0,8.582,24.631,29.113,2.3
1992-03-31,1.41,10.828,23.663,30.394,2.3
1992-04-01,0.0,11.909,23.156,31.069,2.7
1992-04-02,0.0,10.215,23.844,29.962,2.7
1992-04-03,0.0,10.332,24.531,30.594,2.7
1992-04-04,0.0,9.599,24.725,30.069,2.6
1992-04-05,0.0,10.677,24.175,30.65,2.6
1992-04-06,0.0,11.036,24.656,31.375,2.6
1992-04-07,0.0,10.133,24.85,30.669,2.6
1992-04-08,0.2,10.386,24.962,30.981,2.6
1992-04-09,0.0,11.109,25.225,31.881,2.6
1992-04-10,0.0,10.828,25.262,31.637,2.6
1992-04-11,0.589,8.765,24.931,29.506,2.6
1992-04-12,9.441,10.02,23.744,29.663,2.6
1992-04-13,1.082,9.513,24.369,29.7,2.6
1992-04-14,0.578,10.735,23.856,30.438,2.6
1992-04-15,1.052,10.07,23.525,29.544,2.6
1992-04-16,8.252,10.646,23.256,29.9,2.6
1992-04-17,0.0,10.249,23.606,29.781,2.6
1992-04-18,0.464,7.882,24.494,28.369,2.6
1992-04-19,2.966,9.217,23.613,28.825,2.6
1992-04-20,3.067,11.612,23.938,31.369,2.7
1992-04-21,0.0,12.279,24.006,32.106,2.9
1992-04-22,0.0,10.266,24.1,30.225,2.9
1992-04-23,3.962,11.197,24.031,31.062,2.8
1992-04-24,5.885,9.283,23.769,29.031,2.7
1992-04-25,27.494,9.486,23.519,29.025,2.8
1992-04-26,22.895,8.598,23.4,28.113,4.8
1992-04-27,13.001,5.169,23.988,25.875,3.7
1992-04-28,18.242,6.672,23.431,26.5,11.3
1992-04-29,0.0,9.446,23.094,28.688,53.8
1992-04-30,15.601,8.22,23.325,27.756,30.8
1992-05-01,15.126,7.742,23.5,27.475,36.7
1992-05-02,19.462,8.209,23.719,28.087,48.0
1992-05-03,6.756,9.829,23.969,29.775,38.0
1992-05-04,40.921,10.406,23.1,29.631,18.2
1992-05-05,1.243,10.139,23.725,29.881,11.0
1992-05-06,5.316,8.952,23.394,28.506,74.0
1992-05-07,4.584,10.693,23.244,30.087,71.1
1992-05-08,5.758,8.722,23.269,28.188,25.6
1992-05-09,9.3,10.283,23.525,29.875,16.9
1992-05-10,0.0,9.272,24.794,29.956,12.5
1992-05-11,0.604,11.522,24.45,31.856,9.3
1992-05-12,0.998,10.204,23.956,30.175,7.5
1992-05-13,31.244,7.988,23.9,28.069,121.7
1992-05-14,17.188,8.97,24.0,29.075,158.0
1992-05-15,19.949,10.016,23.869,29.95,107.5
1992-05-16,9.897,6.986,23.756,27.119,50.7
1992-05-17,5.483,9.307,23.363,28.919,38.5
1992-05-18,3.031,11.782,23.325,31.331,17.0
1992-05-19,6.187,7.607,24.131,27.969,12.5
1992-05-20,5.798,9.702,23.869,29.688,37.8
1992-05-21,7.077,7.278,24.256,27.825,16.2
1992-05-22,0.596,8.931,23.9,29.006,7.6
1992-05-23,0.267,9.078,23.881,29.125,6.4
1992-05-24,6.189,11.183,23.913,31.206,5.7
1992-05-25,6.477,10.398,24.106,30.613,5.1
1992-05-26,8.739,10.061,24.219,30.356,5.0
1992-05-27,9.884,9.108,23.75,29.075,33.6
1992-05-28,25.062,8.89,22.906,28.225,24.1
1992-05-29,0.0,9.117,23.45,28.837,10.6
1992-05-30,0.307,10.143,23.062,29.569,6.6
1992-05-31,1.98,9.752,23.844,29.788,20.0
1992-06-01,0.526,10.77,24.131,31.031,16.7
1992-06-02,2.151,10.369,23.462,30.113,12.1
1992-06-03,20.674,7.509,23.294,27.269,9.8
1992-06-04,0.416,11.408,22.488,30.456,7.9
1992-06-05,0.585,9.674,24.319,30.113,4.5
1992-06-06,3.644,10.249,23.644,30.163,4.8
1992-06-07,4.954,8.52,23.562,28.431,4.8
1992-06-08,4.531,11.338,23.169,30.919,4.6
1992-06-09,6.181,9.111,23.425,28.875,4.6
1992-06-10,6.838,10.062,23.569,29.944,4.5
1992-06-11,9.25,9.402,24.069,29.706,4.5
1992-06-12,17.894,9.188,24.15,29.55,4.3
1992-06-13,2.776,9.138,24.031,29.413,4.3
1992-06-14,0.154,9.861,24.462,30.475,4.2
1992-06-15,2.727,9.535,24.512,30.181,4.2
1992-06-16,9.583,9.546,24.587,30.25,4.0
1992-06-17,12.323,9.893,23.9,30.038,6.4
1992-06-18,5.659,10.289,23.337,30.044,6.4
1992-06-19,5.179,9.132,23.35,28.863,12.4
1992-06-20,10.846,8.456,23.381,28.244,11.1
1992-06-21,0.0,10.75,23.931,30.938,8.3
1992-06-22,0.0,10.324,24.681,31.125,6.8
1992-06-23,1.784,12.0,23.281,31.731,5.4
1992-06-24,24.804,9.371,24.044,29.656,4.8
1992-06-25,17.478,11.01,23.394,30.8,6.9
1992-06-26,5.377,8.968,23.738,29.025,11.7
1992-06-27,8.72,8.869,23.413,28.656,8.3
1992-06-28,0.438,8.203,23.538,28.163,4.6
1992-06-29,6.714,9.164,23.444,28.969,4.0
1992-06-30,6.053,7.829,25.269,29.275,3.9
1992-07-01,8.427,11.015,23.5,30.869,3.9
1992-07-02,5.632,7.13,24.831,28.269,3.8
1992-07-03,5.526,7.186,23.406,27.119,3.8
1992-07-04,2.069,9.771,22.769,29.031,4.7
1992-07-05,1.504,11.552,22.906,30.981,3.7
1992-07-06,7.59,9.67,23.056,29.131,6.6
1992-07-07,1.658,9.768,22.969,29.163,6.9
1992-07-08,4.986,9.796,23.05,29.281,5.8
1992-07-09,0.912,10.237,22.913,29.631,4.8
1992-07-10,8.1,8.202,23.681,28.206,3.4
1992-07-11,4.381,9.267,22.25,28.075,3.2
1992-07-12,0.794,9.28,23.481,29.075,3.1
1992-07-13,12.202,6.96,22.469,26.094,3.0
1992-07-14,0.304,8.107,23.019,27.556,4.9
1992-07-15,0.0,10.263,22.144,28.994,4.9
1992-07-16,5.332,9.801,23.331,29.438,4.2
1992-07-17,8.012,9.871,23.488,29.631,3.8
1992-07-18,0.798,11.721,24.2,32.019,3.4
1992-07-19,2.903,9.469,23.406,29.156,3.0
1992-07-20,0.225,9.792,23.981,29.975,2.9
1992-07-21,21.212,7.513,23.125,27.075,12.5
1992-07-22,9.627,9.475,22.675,28.575,7.5
1992-07-23,0.835,10.64,22.769,29.8,4.0
1992-07-24,0.958,9.852,23.794,29.85,3.4
1992-07-25,4.737,8.61,23.488,28.369,3.0
1992-07-26,9.807,6.598,22.944,26.106,3.0
1992-07-27,0.0,9.068,23.538,28.819,2.8
1992-07-28,14.475,9.754,22.725,28.837,7.7
1992-07-29,11.833,7.389,22.719,26.6,5.1
1992-07-30,7.72,9.808,22.394,28.613,4.2
1992-07-31,13.441,9.058,22.55,28.0,4.0
1992-08-01,7.897,7.76,23.119,27.231,5.3
1992-08-02,5.651,10.07,23.012,29.337,6.5
1992-08-03,6.296,10.718,23.738,30.569,6.4
1992-08-04,4.536,9.981,23.712,29.819,8.6
1992-08-05,9.941,8.746,23.569,28.488,8.0
1992-08-06,5.199,7.063,24.262,27.6,5.7
1992-08-07,15.336,9.124,23.044,28.419,5.8
1992-08-08,12.746,10.859,22.594,29.769,4.3
1992-08-09,17.744,9.16,23.2,28.575,4.0
1992-08-10,17.314,7.952,22.825,27.175,7.4
1992-08-11,3.95,10.454,22.012,28.9,19.3
1992-08-12,0.594,9.866,23.531,29.494,9.3
1992-08-13,8.443,9.44,23.6,29.163,20.9
1992-08-14,24.745,8.604,23.4,28.212,8.4
1992-08-15,16.184,9.752,23.056,29.0,14.7
1992-08-16,11.956,10.217,22.531,29.056,10.9
1992-08-17,4.958,10.22,22.975,29.375,36.9
1992-08-18,0.233,9.411,23.475,28.988,21.8
1992-08-19,7.5,10.132,23.406,29.65,8.3
1992-08-20,9.146,10.633,23.312,30.05,6.0
1992-08-21,4.361,9.786,23.95,29.744,5.6
1992-08-22,11.479,10.582,23.706,30.288,4.9
1992-08-23,12.937,9.394,23.3,28.837,4.5
1992-08-24,15.832,9.182,23.137,28.475,8.4
1992-08-25,0.0,11.507,23.519,31.087,9.7
1992-08-26,24.419,9.021,23.219,28.4,6.3
1992-08-27,6.356,11.152,22.444,29.881,5.4
1992-08-28,9.912,10.645,23.225,29.988,168.1
1992-08-29,3.726,9.585,23.306,29.012,40.5
1992-08-30,15.482,9.981,23.438,29.488,127.6
1992-08-31,13.44,7.974,23.163,27.387,86.4
1992-09-01,0.0,7.681,23.525,27.456,32.4
1992-09-02,0.0,8.02,23.831,27.994,11.5
1992-09-03,1.793,10.666,23.894,30.538,7.9
1992-09-04,9.0,9.418,23.538,29.062,56.7
1992-09-05,0.761,11.388,23.456,30.919,14.8
1992-09-06,16.617,7.764,23.613,27.6,29.8
1992-09-07,8.154,9.285,23.219,28.675,14.4
1992-09-08,7.112,7.709,22.981,27.025,7.2
1992-09-09,3.718,10.032,23.606,29.712,12.5
1992-09-10,15.581,9.958,23.106,29.238,51.9
1992-09-11,0.0,11.085,23.45,30.65,50.1
1992-09-12,7.673,10.126,23.488,29.725,16.6
1992-09-13,10.338,7.796,23.744,27.775,11.5
1992-09-14,3.82,9.633,23.506,29.275,9.7
1992-09-15,7.576,8.657,23.094,28.038,14.3
1992-09-16,0.0,8.628,22.694,27.669,10.5
1992-09-17,1.316,10.232,21.969,28.694,14.0
1992-09-18,15.926,10.223,22.569,29.144,15.4
1992-09-19,7.579,10.153,22.712,29.212,8.4
1992-09-20,0.0,10.742,22.775,29.875,16.3
1992-09-21,12.901,7.948,22.65,27.031,25.3
1992-09-22,4.846,8.787,22.544,27.75,17.2
1992-09-23,6.124,10.291,22.462,29.181,9.6
1992-09-24,3.225,8.991,22.675,28.087,43.4
1992-09-25,5.312,10.584,22.562,29.6,13.9
1992-09-26,1.623,10.124,23.113,29.562,9.2
1992-09-27,6.075,7.718,22.913,27.094,8.0
1992-09-28,3.813,8.927,22.644,28.031,6.8
1992-09-29,0.0,9.158,23.1,28.644,6.2
1992-09-30,5.307,8.899,23.294,28.6,5.7
1992-10-01,11.585,7.59,23.731,27.719,5.5
1992-10-02,17.065,6.918,23.175,26.65,5.3
1992-10-03,2.894,9.281,22.688,28.512,7.5
1992-10-04,3.523,7.045,23.025,26.675,5.4
1992-10-05,4.799,8.39,23.156,28.05,5.1
1992-10-06,10.149,9.31,22.894,28.738,4.9
1992-10-07,3.891,10.449,22.731,29.788,4.7
1992-10-08,9.484,9.02,23.413,28.894,4.6
1992-10-09,6.158,10.492,23.212,30.256,6.0
1992-10-10,15.903,9.101,22.863,28.575,62.7
1992-10-11,0.534,8.961,23.331,28.869,22.1
1992-10-12,3.666,9.472,23.113,29.181,26.0
1992-10-13,2.434,10.849,22.681,30.325,22.0
1992-10-14,5.099,11.435,23.7,31.725,8.7
1992-10-15,1.423,11.22,23.631,31.462,5.4
1992-10-16,17.053,10.038,23.163,29.887,4.3
1992-10-17,11.492,9.589,23.8,29.956,6.0
1992-10-18,5.762,8.976,23.881,29.406,5.4
1992-10-19,7.734,8.335,23.475,28.475,5.0
1992-10-20,0.0,9.63,23.738,30.012,4.8
1992-10-21,3.228,8.775,23.719,29.163,5.3
1992-10-22,4.063,8.933,23.95,29.512,6.5
1992-10-23,18.7,7.72,23.456,27.95,5.9
1992-10-24,10.527,8.893,23.219,28.925,10.1
1992-10-25,11.668,8.696,23.762,29.169,77.3
1992-10-26,1.41,9.236,23.65,29.669,42.1
1992-10-27,0.0,9.518,23.688,30.019,17.7
1992-10-28,11.794,8.066,24.675,29.375,12.3
1992-10-29,5.195,8.537,24.538,29.731,9.5
1992-10-30,4.384,8.48,23.856,29.137,7.4
1992-10-31,4.143,9.038,24.331,30.1,6.6
1992-11-01,0.0,9.502,24.512,30.775,5.8
1992-11-02,0.225,7.999,24.125,28.944,4.8
1992-11-03,0.0,10.195,23.919,31.081,4.5
1992-11-04,0.0,9.022,24.438,30.288,5.4
1992-11-05,18.437,8.647,23.225,28.925,5.7
1992-11-06,0.248,9.841,22.619,29.762,5.1
1992-11-07,4.0,7.867,23.075,28.031,4.8
1992-11-08,3.084,10.703,22.594,30.806,9.6
1992-11-09,0.0,9.862,23.281,30.394,7.1
1992-11-10,16.463,8.018,24.319,29.25,4.8
1992-11-11,17.182,9.641,22.788,29.812,4.5
1992-11-12,11.366,9.706,23.231,30.231,4.3
1992-11-13,0.726,8.208,23.05,28.488,4.0
1992-11-14,9.106,9.205,22.9,29.462,3.7
1992-11-15,2.357,8.86,22.975,29.15,3.5
1992-11-16,16.654,8.708,22.925,28.975,3.2
1992-11-17,0.765,8.05,23.119,28.419,5.9
1992-11-18,16.629,8.351,22.994,28.663,12.0
1992-11-19,0.177,9.394,23.244,30.069,6.8
1992-11-20,6.409,8.525,23.725,29.488,25.4
1992-11-21,5.926,8.601,23.294,29.262,8.3
1992-11-22,16.733,7.886,23.375,28.575,6.3
1992-11-23,1.895,9.526,22.981,30.062,5.7
1992-11-24,0.388,9.883,22.413,30.081,5.2
1992-11-25,4.857,8.819,23.294,29.55,4.2
1992-11-26,0.398,8.184,23.125,28.744,4.0
1992-11-27,2.047,6.87,23.044,27.262,3.9
1992-11-28,2.049,8.279,22.856,28.675,3.5
1992-11-29,4.151,8.723,22.856,29.175,3.2
1992-11-30,3.934,8.375,22.644,28.613,3.1
1992-12-01,10.991,9.133,22.9,29.694,9.5
1992-12-02,6.509,8.279,23.363,29.094,7.4
1992-12-03,4.777,9.016,23.038,29.688,4.5
1992-12-04,5.393,8.074,23.175,28.762,4.4
1992-12-05,9.583,7.363,23.012,27.906,4.2
1992-12-06,0.0,9.395,22.55,29.781,4.1
1992-12-07,0.0,9.233,23.131,30.075,3.8
1992-12-08,2.299,9.043,23.294,29.962,13.0
1992-12-09,15.078,7.223,23.706,28.294,5.6
1992-12-10,9.049,8.491,23.319,29.35,8.8
1992-12-11,1.377,9.079,22.875,29.725,6.6
1992-12-12,0.0,8.635,22.913,29.238,5.4
1992-12-13,0.0,8.447,23.275,29.325,4.8
1992-12-14,0.0,9.64,22.681,30.244,8.9
1992-12-15,22.337,7.561,24.4,29.256,4.5
1992-12-16,0.615,8.617,23.744,29.875,10.5
1992-12-17,1.965,8.529,23.756,29.788,6.5
1992-12-18,2.265,8.082,23.675,29.244,5.2
1992-12-19,3.164,9.653,22.056,29.85,4.2
1992-12-20,5.174,9.769,22.469,30.238,3.8
1992-12-21,2.154,9.641,23.031,30.531,3.5
1992-12-22,1.857,9.153,23.031,29.944,3.2
1992-12-23,0.0,9.17,23.512,30.331,3.0
1992-12-24,0.0,9.474,22.844,30.175,3.0
1992-12-25,0.0,8.9,24.125,30.475,2.8
1992-12-26,0.0,10.315,22.663,31.006,2.7
1992-12-27,0.0,8.982,23.387,29.981,2.6
1992-12-28,0.0,9.146,24.331,30.9,2.5
1992-12-29,2.913,9.024,23.8,30.344,2.4
1992-12-30,14.419,8.816,22.944,29.431,2.4
1992-12-31,0.0,6.856,23.712,27.894,2.4
1993-01-01,0.0,8.029,22.925,28.506,2.5
1993-01-02,1.473,8.281,23.475,29.231,4.4
1993-01-03,0.0,8.317,23.462,29.231,6.0
1993-01-04,1.022,8.827,23.044,29.456,4.3
1993-01-05,6.451,9.393,22.95,30.025,3.8
1993-01-06,7.039,7.397,22.881,27.712,3.6
1993-01-07,7.462,8.379,22.394,28.425,5.7
1993-01-08,0.131,8.165,22.606,28.363,3.7
1993-01-09,1.155,8.778,22.488,28.894,3.6
1993-01-10,1.479,9.898,22.369,30.119,3.1
1993-01-11,13.416,9.232,23.094,29.887,2.8
1993-01-12,6.001,9.746,23.087,30.425,2.6
1993-01-13,0.309,8.142,23.137,28.637,2.7
1993-01-14,3.348,8.906,22.731,29.163,2.7
1993-01-15,1.225,7.377,23.044,27.719,2.5
1993-01-16,4.121,7.72,22.706,27.788,2.6
1993-01-17,9.11,7.328,22.525,27.206,14.6
1993-01-18,0.466,10.015,22.494,30.181,7.2
1993-01-19,6.091,8.799,23.394,29.475,22.1
1993-01-20,6.056,9.369,23.169,29.906,6.0
1993-01-21,0.286,9.451,23.219,30.006,4.4
1993-01-22,1.736,9.913,22.731,30.131,3.6
1993-01-23,0.628,9.291,23.781,30.225,3.3
1993-01-24,0.0,9.537,23.519,30.269,3.2
1993-01-25,2.84,9.894,22.887,30.156,3.0
1993-01-26,7.724,6.842,23.644,27.525,2.9
1993-01-27,0.0,7.67,23.369,28.106,2.6
1993-01-28,5.841,7.409,22.919,27.456,2.5
1993-01-29,4.838,9.315,23.238,29.7,2.3
1993-01-30,0.0,8.056,23.488,28.531,5.3
1993-01-31,7.828,8.645,22.95,28.712,16.2
1993-02-01,0.0,8.39,23.181,28.6,27.2
1993-02-02,0.0,8.628,22.294,28.15,9.2
1993-02-03,18.712,10.148,21.587,29.25,6.9
1993-02-04,0.0,9.799,22.219,29.3,5.1
1993-02-05,4.599,8.915,22.975,28.9,4.2
1993-02-06,0.0,7.292,23.169,27.406,3.8
1993-02-07,0.0,7.411,23.181,27.494,3.5
1993-02-08,0.0,8.465,23.688,28.944,3.3
1993-02-09,0.0,8.265,23.369,28.45,3.1
1993-02-10,0.0,9.198,23.262,29.312,3.1
1993-02-11,12.539,8.26,23.125,28.188,3.1
1993-02-12,0.0,8.795,23.375,28.919,3.0
1993-02-13,4.573,8.92,23.312,28.981,3.0
1993-02-14,0.0,9.433,23.194,29.394,3.1
1993-02-15,0.0,9.739,24.225,30.506,3.3
1993-02-16,0.0,10.236,23.613,30.519,2.9
1993-02-17,0.0,10.645,22.712,30.231,2.7
1993-02-18,0.0,9.096,22.719,28.581,2.6
1993-02-19,0.0,8.571,22.75,28.062,2.4
1993-02-20,0.0,7.839,22.881,27.419,2.3
1993-02-21,0.0,10.96,22.181,30.069,2.2
1993-02-22,0.0,11.221,22.706,30.706,2.1
1993-02-23,0.0,9.231,23.956,29.581,2.0
1993-02-24,0.0,8.693,23.831,28.944,2.0
1993-02-25,9.81,10.028,22.631,29.331,2.0
1993-02-26,0.0,9.063,22.794,28.425,2.0
1993-02-27,0.0,9.491,23.25,29.2,2.0
1993-02-28,0.0,9.179,23.431,29.025,1.9
1993-03-01,0.0,8.947,22.788,28.262,1.6
1993-03-02,0.0,8.885,23.106,28.462,1.5
1993-03-03,0.0,10.337,23.0,29.794,1.5
1993-03-04,0.0,11.318,23.113,30.856,1.5
1993-03-05,0.0,8.661,24.137,29.012,1.5
1993-03-06,0.731,7.203,23.55,27.2,1.5
1993-03-07,0.0,9.435,23.519,29.219,1.4
1993-03-08,0.0,10.764,23.488,30.488,1.4
1993-03-09,0.0,8.83,23.925,28.938,1.4
1993-03-10,0.355,10.067,23.819,30.025,1.4
1993-03-11,0.0,9.828,24.25,30.113,1.4
1993-03-12,0.0,10.38,24.325,30.7,1.4
1993-03-13,0.0,11.09,24.337,31.4,1.4
1993-03-14,35.369,6.546,24.113,27.05,3.5
1993-03-15,0.0,11.126,24.006,31.163,7.9
1993-03-16,0.291,9.079,24.163,29.281,6.7
1993-03-17,13.295,10.99,23.625,30.669,3.8
1993-03-18,15.917,10.463,22.725,29.444,3.0
1993-03-19,0.0,10.057,23.656,29.775,7.6
1993-03-20,0.0,8.356,23.881,28.35,5.4
1993-03-21,2.908,8.542,23.194,27.931,4.0
1993-03-22,7.722,10.372,23.231,29.694,9.1
1993-03-23,5.496,9.658,23.256,29.031,8.8
1993-03-24,30.761,9.858,22.556,28.65,25.1
1993-03-25,7.928,10.164,23.094,29.363,26.9
1993-03-26,15.683,11.675,23.038,30.825,10.7
1993-03-27,25.436,10.913,22.113,29.325,11.2
1993-03-28,0.0,9.674,22.137,28.1,42.8
1993-03-29,0.378,11.932,22.788,30.869,34.3
1993-03-30,0.427,11.328,22.669,30.156,10.5
1993-03-31,1.244,10.532,23.475,29.975,5.3
1993-04-01,0.0,9.316,24.031,29.269,4.0
1993-04-02,0.0,9.294,24.525,29.675,3.6
1993-04-03,7.262,11.035,24.225,31.05,3.3
1993-04-04,0.0,10.273,23.906,30.056,3.0
1993-04-05,1.907,9.283,23.863,29.075,2.9
1993-04-06,10.607,10.364,23.581,29.869,3.6
1993-04-07,0.679,9.468,23.756,29.175,4.6
1993-04-08,14.28,9.605,23.712,29.262,4.3
1993-04-09,0.0,11.218,23.863,30.913,3.7
1993-04-10,1.702,10.535,23.769,30.188,3.5
1993-04-11,6.531,10.084,23.9,29.881,3.1
1993-04-12,0.0,9.369,24.625,29.8,3.0
1993-04-13,11.008,8.144,24.25,28.375,6.9
1993-04-14,12.624,11.402,23.238,30.625,6.4
1993-04-15,0.0,10.845,24.15,30.775,4.2
1993-04-16,2.463,10.611,24.131,30.544,5.7
1993-04-17,1.751,11.187,23.906,30.925,4.0
1993-04-18,1.558,11.56,23.587,31.05,4.3
1993-04-19,0.0,10.927,23.738,30.531,3.6
1993-04-20,0.0,10.148,24.469,30.394,4.7
1993-04-21,3.547,10.339,24.188,30.35,4.0
1993-04-22,7.649,8.007,24.456,28.481,18.7
1993-04-23,22.049,7.962,24.019,28.056,15.9
1993-04-24,19.891,8.701,24.494,29.15,20.0
1993-04-25,4.599,9.651,24.512,30.0,43.8
1993-04-26,21.584,8.199,24.1,28.35,11.8
1993-04-27,5.665,10.027,22.962,29.144,14.8
1993-04-28,4.492,10.862,23.1,30.031,11.2
1993-04-29,12.706,10.481,23.188,29.744,12.3
1993-04-30,11.631,9.597,24.281,29.769,20.5
1993-05-01,2.473,9.2,23.531,28.781,18.9
1993-05-02,14.197,11.389,23.387,30.825,19.9
1993-05-03,6.223,10.51,23.238,29.831,23.4
1993-05-04,3.504,10.41,23.394,29.881,10.6
1993-05-05,18.031,9.731,23.762,29.5,12.1
1993-05-06,21.985,9.116,23.95,29.094,7.3
1993-05-07,2.46,9.746,24.05,29.756,5.3
1993-05-08,21.704,9.906,24.081,29.95,61.5
1993-05-09,7.695,7.4,24.387,27.962,44.1
1993-05-10,21.901,9.018,23.3,28.506,28.7
1993-05-11,0.0,9.167,23.581,28.9,23.8
1993-05-12,14.81,9.838,24.225,30.038,8.8
1993-05-13,10.217,8.534,23.781,28.45,94.5
1993-05-14,3.747,9.3,23.725,29.137,40.1
1993-05-15,5.99,10.612,23.706,30.406,29.2
1993-05-16,5.172,10.18,24.038,30.262,11.2
1993-05-17,16.599,8.173,24.337,28.663,23.2
1993-05-18,7.339,10.369,23.637,30.131,12.4
1993-05-19,8.871,9.485,24.156,29.719,12.3
1993-05-20,13.034,8.614,23.675,28.5,13.9
1993-05-21,7.845,7.726,23.156,27.25,9.5
1993-05-22,0.524,9.56,23.019,28.925,8.3
1993-05-23,2.837,8.817,23.962,28.956,5.6
1993-05-24,10.942,8.261,24.544,28.925,25.2
1993-05-25,6.275,5.707,23.694,26.094,25.5
1993-05-26,5.604,8.846,23.5,28.6,7.9
1993-05-27,5.208,11.591,22.719,30.756,10.9
1993-05-28,10.046,6.832,23.706,26.988,49.4
1993-05-29,8.324,6.072,23.663,26.337,23.1
1993-05-30,0.853,9.192,22.281,27.994,12.2
1993-05-31,0.735,10.305,23.681,30.206,7.2
1993-06-01,0.0,10.708,23.756,30.669,5.8
1993-06-02,0.0,10.389,25.325,31.594,6.0
1993-06-03,5.768,10.348,24.125,30.6,5.4
1993-06-04,4.369,10.137,23.681,30.044,4.4
1993-06-05,1.522,8.987,24.719,29.8,7.3
1993-06-06,8.49,7.397,24.925,28.556,7.1
1993-06-07,6.868,10.532,24.2,30.863,7.7
1993-06-08,6.964,8.823,24.95,29.844,13.5
1993-06-09,5.437,10.899,23.419,30.637,5.4
1993-06-10,11.372,9.516,23.825,29.587,9.2
1993-06-11,3.96,7.759,23.613,27.756,22.5
1993-06-12,7.473,9.453,23.856,29.587,6.1
1993-06-13,6.946,8.742,23.369,28.494,4.5
1993-06-14,27.454,10.61,24.175,30.988,4.2
1993-06-15,3.159,7.339,23.712,27.531,4.3
1993-06-16,9.883,7.943,23.919,28.194,8.5
1993-06-17,5.358,9.86,23.913,30.025,15.1
1993-06-18,3.311,10.722,23.381,30.469,18.9
1993-06-19,11.513,5.71,24.094,26.506,22.6
1993-06-20,9.95,7.058,23.806,27.356,8.6
1993-06-21,24.953,11.178,22.969,30.644,9.0
1993-06-22,7.901,7.162,23.894,27.494,4.9
1993-06-23,0.3,9.136,24.119,29.512,4.5
1993-06-24,6.834,9.582,23.419,29.356,4.6
1993-06-25,7.542,8.048,23.738,28.144,39.5
1993-06-26,17.317,7.855,23.519,27.788,21.3
1993-06-27,0.534,7.638,23.025,27.206,13.7
1993-06-28,8.09,10.999,22.625,30.212,6.7
1993-06-29,0.0,11.041,23.025,30.556,5.0
1993-06-30,5.752,8.134,24.35,28.731,4.3
1993-07-01,12.337,8.17,23.269,27.869,6.8
1993-07-02,2.064,8.639,22.531,27.725,6.6
1993-07-03,0.0,11.506,22.913,30.925,3.7
1993-07-04,5.373,9.502,23.806,29.575,3.6
1993-07-05,16.248,9.356,23.125,28.881,3.6
1993-07-06,0.777,10.207,23.106,29.738,41.9
1993-07-07,0.0,9.721,22.825,29.019,28.7
1993-07-08,10.971,11.035,23.8,31.081,14.5
1993-07-09,9.953,9.707,23.488,29.506,6.9
1993-07-10,4.873,9.626,23.869,29.756,5.4
1993-07-11,21.671,10.846,23.05,30.312,4.7
1993-07-12,10.985,9.806,23.669,29.744,4.6
1993-07-13,1.562,10.638,24.175,30.969,3.9
1993-07-14,10.366,9.621,23.719,29.594,63.5
1993-07-15,23.25,8.74,23.506,28.581,16.0
1993-07-16,17.518,7.624,23.5,27.519,16.9
1993-07-17,6.266,10.015,22.725,29.194,34.9
1993-07-18,0.0,10.664,24.231,31.012,39.5
1993-07-19,1.219,9.168,23.806,29.188,25.2
1993-07-20,1.402,10.199,23.744,30.125,13.4
1993-07-21,12.677,7.784,22.762,27.012,8.2
1993-07-22,6.224,9.675,23.325,29.294,14.8
1993-07-23,9.211,9.588,22.85,28.812,11.8
1993-07-24,14.536,8.704,23.1,28.144,8.9
1993-07-25,4.755,9.738,23.337,29.344,6.6
1993-07-26,3.614,7.397,24.337,28.0,12.0
1993-07-27,3.971,10.459,23.363,30.062,20.4
1993-07-28,2.705,10.129,24.306,30.475,32.4
1993-07-29,5.697,9.501,24.538,30.075,22.8
1993-07-30,11.432,10.112,23.794,30.031,10.3
1993-07-31,2.685,10.961,23.35,30.519,8.0
1993-08-01,0.0,10.945,22.831,30.113,20.3
1993-08-02,0.502,10.153,24.194,30.381,10.5
1993-08-03,0.0,10.609,24.119,30.756,6.2
1993-08-04,1.104,11.271,23.169,30.663,28.7
1993-08-05,8.033,11.23,23.906,31.206,12.4
1993-08-06,9.297,9.901,23.881,29.85,7.2
1993-08-07,15.388,10.323,23.95,30.325,6.2
1993-08-08,5.661,9.971,23.369,29.488,5.6
1993-08-09,7.816,8.03,23.8,28.062,5.0
1993-08-10,7.809,8.704,23.131,28.087,5.4
1993-08-11,9.866,10.156,23.506,29.775,6.0
1993-08-12,6.227,10.185,23.525,29.806,13.9
1993-08-13,0.0,9.245,24.106,29.363,11.6
1993-08-14,8.608,11.116,24.137,31.2,6.1
1993-08-15,5.381,8.8,23.856,28.769,5.4
1993-08-16,17.088,9.701,23.044,28.956,4.8
1993-08-17,1.937,10.482,23.375,29.981,4.5
1993-08-18,0.497,8.933,23.231,28.356,6.1
1993-08-19,0.0,10.941,23.394,30.419,4.6
1993-08-20,0.648,10.013,24.363,30.269,4.6
1993-08-21,7.634,10.781,23.675,30.475,12.4
1993-08-22,0.0,10.048,23.387,29.538,6.2
1993-08-23,6.869,8.791,23.831,28.688,4.5
1993-08-24,2.299,8.411,22.8,27.512,4.5
1993-08-25,5.462,9.268,23.219,28.631,7.2
1993-08-26,8.672,8.888,23.056,28.156,4.4
1993-08-27,26.588,9.513,23.125,28.806,52.3
1993-08-28,0.0,11.109,22.806,30.1,96.5
1993-08-29,0.0,10.934,23.762,30.688,25.3
1993-08-30,9.953,8.363,23.775,28.256,8.7
1993-08-31,17.069,9.638,23.15,28.919,6.1
1993-09-01,10.831,9.185,23.488,28.769,5.7
1993-09-02,11.713,7.273,23.212,26.831,9.3
1993-09-03,4.934,8.674,23.169,28.038,21.2
1993-09-04,10.02,7.316,23.206,26.869,18.7
1993-09-05,1.681,6.564,22.794,25.906,24.0
1993-09-06,10.951,7.948,22.444,26.781,15.4
1993-09-07,2.909,7.742,22.569,26.706,6.3
1993-09-08,0.0,11.982,21.969,30.413,25.2
1993-09-09,5.65,10.387,23.075,29.625,16.0
1993-09-10,7.725,10.363,23.387,29.856,8.6
1993-09-11,6.94,9.647,23.594,29.344,7.1
1993-09-12,8.9,9.854,23.325,29.325,7.0
1993-09-13,8.466,9.271,23.781,29.137,5.4
1993-09-14,12.269,8.986,22.931,28.244,5.7
1993-09-15,4.018,5.208,23.119,25.137,10.8
1993-09-16,3.974,9.264,22.444,28.075,30.1
1993-09-17,10.478,9.774,23.469,29.4,13.4
1993-09-18,0.289,9.867,23.419,29.469,6.9
1993-09-19,8.684,9.791,22.825,28.919,5.6
1993-09-20,6.53,11.0,22.581,29.962,9.6
1993-09-21,4.133,8.953,24.019,29.113,89.1
1993-09-22,4.543,9.51,23.994,29.6,14.9
1993-09-23,13.153,7.109,23.381,26.962,7.2
1993-09-24,0.3,10.1,23.05,29.45,6.0
1993-09-25,0.148,10.963,22.831,30.194,8.6
1993-09-26,9.018,8.106,23.406,27.837,6.4
1993-09-27,0.3,8.957,23.781,28.962,5.6
1993-09-28,25.916,7.072,23.738,27.238,5.5
1993-09-29,2.843,7.531,23.056,27.056,29.2
1993-09-30,8.544,7.8,22.419,26.769,11.9
1993-10-01,1.75,8.545,22.9,27.906,69.7
1993-10-02,6.071,9.345,22.675,28.506,70.7
1993-10-03,4.986,8.715,23.575,28.644,22.9
1993-10-04,5.254,7.696,23.938,28.012,15.1
1993-10-05,3.259,9.486,23.5,29.363,15.1
1993-10-06,2.762,8.176,23.406,28.025,7.9
1993-10-07,5.922,8.25,23.956,28.575,6.2
1993-10-08,10.94,7.988,23.619,28.075,6.2
1993-10-09,4.338,8.771,23.038,28.35,7.4
1993-10-10,8.624,10.813,23.512,30.85,20.1
1993-10-11,5.092,9.327,23.594,29.387,8.6
1993-10-12,2.453,8.114,23.581,28.225,16.3
1993-10-13,2.816,9.872,23.781,30.106,5.8
1993-10-14,10.342,7.737,23.738,28.012,6.0
1993-10-15,2.968,9.083,23.606,29.231,7.4
1993-10-16,16.099,8.536,23.744,28.819,6.0
1993-10-17,0.0,9.982,23.238,29.881,9.8
1993-10-18,1.476,9.934,22.938,29.637,7.0
1993-10-19,0.73,9.515,23.656,29.762,5.7
1993-10-20,1.549,9.58,23.35,29.65,5.5
1993-10-21,4.469,9.859,22.413,29.212,5.5
1993-10-22,9.093,10.219,22.988,30.056,6.6
1993-10-23,13.558,9.513,23.9,30.069,5.5
1993-10-24,5.573,9.587,23.144,29.575,5.6
1993-10-25,7.831,9.227,23.269,29.306,5.7
1993-10-26,7.603,7.417,23.488,27.681,5.2
1993-10-27,7.921,9.673,24.269,30.6,9.7
1993-10-28,5.306,8.32,23.406,28.544,5.7
1993-10-29,1.78,8.511,23.863,29.137,9.8
1993-10-30,7.031,9.784,23.206,29.95,8.4
1993-10-31,1.56,9.082,23.731,29.65,5.3
1993-11-01,0.763,8.299,22.887,28.206,5.2
1993-11-02,4.439,9.343,22.406,28.938,5.2
1993-11-03,8.821,9.429,22.569,29.175,5.0
1993-11-04,12.637,8.743,23.744,29.4,5.1
1993-11-05,1.853,8.7,23.356,29.069,5.8
1993-11-06,8.283,8.791,23.031,28.931,7.9
1993-11-07,18.358,7.63,24.306,28.788,7.6
1993-11-08,1.949,9.024,23.375,29.488,5.1
1993-11-09,1.47,9.433,23.062,29.719,5.2
1993-11-10,6.876,8.953,22.944,29.113,18.7
1993-11-11,16.923,7.399,23.225,27.706,8.5
1993-11-12,7.525,9.828,22.994,30.169,6.4
1993-11-13,24.47,8.098,23.688,28.85,7.7
1993-11-14,11.158,7.452,23.831,28.35,19.0
1993-11-15,2.797,8.484,22.994,28.75,12.8
1993-11-16,14.095,8.794,22.95,29.069,10.3
1993-11-17,0.0,9.32,22.719,29.494,6.8
1993-11-18,0.544,9.037,23.294,29.644,8.2
1993-11-19,0.0,7.825,23.819,28.781,13.0
1993-11-20,16.638,8.203,23.587,29.006,16.2
1993-11-21,4.989,8.209,23.538,28.981,31.6
1993-11-22,14.683,9.341,22.781,29.669,15.3
1993-11-23,3.048,7.877,23.462,28.587,34.2
1993-11-24,0.415,9.097,23.275,29.812,17.9
1993-11-25,13.298,7.348,23.194,27.856,54.1
1993-11-26,0.0,8.701,22.35,28.675,18.6
1993-11-27,0.0,7.966,22.7,28.181,8.3
1993-11-28,4.014,6.255,23.95,27.469,7.6
1993-11-29,38.297,7.484,23.294,28.144,175.7
1993-11-30,0.0,9.359,22.744,29.794,28.9
1993-12-01,0.0,9.476,22.975,30.137,12.5
1993-12-02,0.0,9.49,23.131,30.288,19.0
1993-12-03,5.058,8.5,23.113,29.144,10.6
1993-12-04,19.262,8.685,23.3,29.519,14.9
1993-12-05,0.254,9.365,23.306,30.312,8.4
1993-12-06,0.0,9.26,24.075,30.794,8.7
1993-12-07,0.559,8.149,24.056,29.556,6.3
1993-12-08,0.0,8.223,24.562,30.069,5.7
1993-12-09,0.344,8.848,23.981,30.294,5.5
1993-12-10,10.977,7.651,24.175,29.137,5.3
1993-12-11,2.117,6.444,23.369,27.194,5.4
1993-12-12,0.926,9.203,23.169,30.106,5.2
1993-12-13,13.918,7.189,23.869,28.4,11.1
1993-12-14,2.682,6.374,24.012,27.681,7.5
1993-12-15,17.715,7.326,23.363,28.169,16.0
1993-12-16,0.0,6.418,23.794,27.538,6.0
1993-12-17,12.658,7.393,22.087,27.212,5.5
1993-12-18,0.0,8.016,22.931,28.55,5.5
1993-12-19,0.0,8.013,22.719,28.413,5.5
1993-12-20,0.0,8.474,23.394,29.444,4.8
1993-12-21,0.0,7.407,24.256,28.956,4.7
1993-12-22,0.0,8.676,23.131,29.469,4.2
1993-12-23,0.45,7.428,24.131,28.869,4.0
1993-12-24,0.0,8.222,23.256,29.05,3.7
1993-12-25,0.0,7.341,23.719,28.431,3.4
1993-12-26,0.0,8.465,23.394,29.425,3.2
1993-12-27,0.0,9.682,22.331,30.0,3.2
1993-12-28,0.0,8.228,23.375,29.113,3.2
1993-12-29,0.0,7.96,23.113,28.613,3.1
1993-12-30,0.0,7.887,23.206,28.581,3.0
1993-12-31,8.205,8.11,22.806,28.506,2.9
1994-01-01,0.0,9.177,22.056,29.156,2.8
1994-01-02,0.0,8.408,22.913,28.913,2.8
1994-01-03,0.0,8.207,22.519,28.35,2.8
1994-01-04,0.0,8.492,22.131,28.369,2.8
1994-01-05,1.352,7.635,22.281,27.519,2.7
1994-01-06,0.0,8.421,21.844,28.044,2.7
1994-01-07,0.0,8.457,22.212,28.381,2.7
1994-01-08,0.0,9.327,22.7,29.725,3.0
1994-01-09,19.264,8.985,22.544,29.206,3.2
1994-01-10,0.0,8.927,22.531,29.106,3.1
1994-01-11,5.251,9.283,22.938,29.8,3.0
1994-01-12,0.0,9.169,23.169,29.863,2.9
1994-01-13,0.0,8.671,23.219,29.337,2.8
1994-01-14,5.105,5.623,23.55,26.425,2.7
1994-01-15,25.494,9.28,23.275,29.975,3.4
1994-01-16,0.0,9.936,22.913,30.438,8.0
1994-01-17,0.0,8.656,22.988,29.019,5.7
1994-01-18,7.432,8.447,22.994,28.769,3.7
1994-01-19,0.0,9.522,23.369,30.256,3.1
1994-01-20,0.0,9.325,23.244,29.925,2.9
1994-01-21,0.0,9.1,23.181,29.613,2.7
1994-01-22,0.0,9.145,22.9,29.419,2.6
1994-01-23,0.0,9.713,22.562,29.781,2.5
1994-01-24,0.0,7.645,22.887,27.725,2.3
1994-01-25,0.0,9.599,22.769,29.738,2.0
1994-01-26,0.0,8.157,23.481,28.712,2.0
1994-01-27,0.0,8.418,23.775,29.212,1.9
1994-01-28,0.493,8.373,23.706,29.069,1.8
1994-01-29,0.0,9.314,23.656,30.012,1.8
1994-01-30,0.0,10.504,23.006,30.8,1.8
1994-01-31,0.0,9.57,22.875,29.619,1.8
1994-02-01,0.0,9.798,22.031,29.2,1.8
1994-02-02,0.0,9.938,21.794,29.169,1.7
1994-02-03,0.0,8.428,22.294,27.887,1.7
1994-02-04,7.504,8.331,23.462,28.694,1.7
1994-02-05,0.124,10.088,22.637,29.887,1.6
1994-02-06,4.655,9.878,22.506,29.519,1.6
1994-02-07,0.0,9.322,23.244,29.481,1.6
1994-02-08,0.0,11.133,23.45,31.556,1.6
1994-02-09,0.0,8.921,23.7,29.369,1.6
1994-02-10,0.0,10.006,23.837,30.581,1.5
1994-02-11,0.0,9.562,23.119,29.519,1.6
1994-02-12,0.0,8.985,23.738,29.394,1.5
1994-02-13,3.296,9.379,23.131,29.3,1.4
1994-02-14,0.0,8.894,23.05,28.719,1.4
1994-02-15,0.0,8.226,22.85,27.881,1.4
1994-02-16,0.0,8.613,22.625,28.056,1.3
1994-02-17,0.0,8.36,23.206,28.262,1.3
1994-02-18,0.147,7.903,23.125,27.706,1.2
1994-02-19,1.901,8.644,23.294,28.556,1.2
1994-02-20,0.0,7.882,24.094,28.456,1.2
1994-02-21,0.0,10.002,23.019,29.688,1.3
1994-02-22,0.0,9.175,23.119,28.881,1.4
1994-02-23,0.0,8.613,22.488,27.794,1.4
1994-02-24,0.0,9.852,23.488,29.812,1.4
1994-02-25,0.0,9.675,23.144,29.331,1.4
1994-02-26,0.388,10.201,23.206,29.906,1.3
1994-02-27,0.0,10.353,22.488,29.488,1.3
1994-02-28,0.0,10.664,22.969,30.163,1.3
1994-03-01,0.0,10.348,24.119,30.7,1.3
1994-03-02,5.228,9.133,24.394,29.725,1.3
1994-03-03,0.439,7.733,23.75,27.869,1.3
1994-03-04,1.393,6.427,23.156,26.212,1.3
1994-03-05,0.0,10.246,22.344,29.156,1.3
1994-03-06,0.0,9.901,22.069,28.581,1.3
1994-03-07,0.315,9.398,23.45,29.156,1.3
1994-03-08,0.0,9.163,23.962,29.319,1.3
1994-03-09,0.0,9.17,23.387,28.825,1.3
1994-03-10,0.0,8.491,23.681,28.419,1.3
1994-03-11,0.0,10.05,23.95,30.119,1.3
1994-03-12,0.0,7.356,23.369,27.106,1.3
1994-03-13,0.0,9.349,23.087,28.719,1.3
1994-03-14,0.0,9.835,22.775,28.938,1.3
1994-03-15,0.0,9.42,22.544,28.325,1.3
1994-03-16,0.0,9.068,23.55,28.775,1.3
1994-03-17,0.0,8.586,23.788,28.519,1.3
1994-03-18,0.0,9.49,23.106,28.788,1.3
1994-03-19,11.818,8.909,23.306,28.387,1.3
1994-03-20,0.0,10.057,23.306,29.481,1.4
1994-03-21,1.647,10.075,22.975,29.231,1.4
1994-03-22,9.485,8.199,23.356,27.744,1.4
1994-03-23,0.0,10.087,23.15,29.35,1.4
1994-03-24,0.0,10.957,22.794,29.925,1.4
1994-03-25,0.0,10.32,23.156,29.562,2.3
1994-03-26,0.0,8.33,24.375,28.688,1.8
1994-03-27,11.32,8.82,23.894,28.712,1.5
1994-03-28,9.103,8.294,23.144,27.606,1.5
1994-03-29,0.471,8.745,22.988,27.9,2.0
1994-03-30,4.691,8.124,23.062,27.419,2.3
1994-03-31,21.501,9.199,22.6,28.0,2.9
1994-04-01,4.648,10.024,23.163,29.262,2.3
1994-04-02,13.71,7.826,23.356,27.381,4.1
1994-04-03,4.669,8.486,23.275,27.875,11.5
1994-04-04,1.636,9.064,23.019,28.225,4.0
1994-04-05,0.0,9.231,23.637,28.863,2.8
1994-04-06,0.397,8.019,23.394,27.562,2.3
1994-04-07,0.0,8.612,23.256,27.981,1.9
1994-04-08,0.0,10.122,23.519,29.587,1.8
1994-04-09,6.964,7.525,23.738,27.419,1.6
1994-04-10,0.0,11.62,23.644,31.137,1.7
1994-04-11,0.0,9.397,23.131,28.594,1.9
1994-04-12,4.117,8.109,23.906,28.062,1.7
1994-04-13,0.747,11.245,23.156,30.406,1.5
1994-04-14,10.275,9.52,23.119,28.688,1.5
1994-04-15,0.0,10.276,23.35,29.606,1.5
1994-04-16,0.0,8.849,24.1,28.887,3.5
1994-04-17,0.0,10.351,24.019,30.238,2.8
1994-04-18,3.128,9.522,23.894,29.356,2.0
1994-04-19,13.639,11.37,22.906,30.35,1.8
1994-04-20,0.931,10.006,22.919,29.012,2.3
1994-04-21,6.066,9.115,22.981,28.225,6.1
1994-04-22,0.281,10.033,23.594,29.587,7.0
1994-04-23,1.202,9.877,23.544,29.419,6.1
1994-04-24,2.144,9.044,23.988,29.006,3.7
1994-04-25,9.399,9.069,23.794,28.875,2.9
1994-04-26,18.0,8.836,24.706,29.394,2.8
1994-04-27,16.168,9.505,22.969,28.587,8.4
1994-04-28,12.488,8.933,24.375,29.219,12.3
1994-04-29,33.353,7.223,23.938,27.369,10.1
1994-04-30,9.114,9.285,23.4,28.75,61.3
1994-05-01,0.987,10.914,23.025,30.05,41.9
1994-05-02,0.0,10.864,23.519,30.387,20.5
1994-05-03,0.0,10.651,23.9,30.488,7.4
1994-05-04,2.181,9.707,24.394,29.988,5.4
1994-05-05,1.5,10.068,24.044,30.075,5.1
1994-05-06,22.955,9.053,23.481,28.65,24.5
1994-05-07,13.919,9.506,23.1,28.819,85.5
1994-05-08,4.599,9.876,23.413,29.381,33.7
1994-05-09,30.525,8.973,23.675,28.744,14.0
1994-05-10,2.366,9.81,23.481,29.387,27.6
1994-05-11,2.469,9.603,24.012,29.663,16.8
1994-05-12,25.066,9.296,23.356,28.806,27.3
1994-05-13,20.48,9.355,23.7,29.169,34.8
1994-05-14,4.77,8.489,23.994,28.625,76.8
1994-05-15,6.988,8.783,24.631,29.394,89.8
1994-05-16,14.554,8.386,24.131,28.631,21.4
1994-05-17,5.724,5.758,23.45,25.863,37.5
1994-05-18,10.981,9.984,23.631,29.744,53.3
1994-05-19,6.462,9.657,23.844,29.606,27.5
1994-05-20,0.319,10.461,24.225,30.681,27.6
1994-05-21,9.477,10.238,24.025,30.325,18.5
1994-05-22,26.26,7.291,24.169,27.738,89.8
1994-05-23,17.369,7.149,24.0,27.475,132.1
1994-05-24,7.01,5.282,24.144,26.175,34.0
1994-05-25,13.055,4.673,23.144,24.837,15.1
1994-05-26,2.278,9.716,22.781,28.887,10.6
1994-05-27,7.878,10.914,23.369,30.569,18.3
1994-05-28,7.463,9.425,23.65,29.288,15.9
1994-05-29,17.942,7.338,24.019,27.681,9.3
1994-05-30,1.799,8.523,23.675,28.469,6.7
1994-05-31,4.512,7.875,23.369,27.688,5.7
1994-06-01,5.422,10.546,23.306,30.169,6.0
1994-06-02,0.182,9.109,23.5,28.919,9.1
1994-06-03,1.356,8.546,24.625,29.306,6.6
1994-06-04,8.952,8.117,23.562,28.05,5.5
1994-06-05,0.569,9.934,23.381,29.619,5.2
1994-06-06,7.028,10.264,23.081,29.725,4.8
1994-06-07,2.314,9.349,23.581,29.238,4.2
1994-06-08,7.258,7.919,24.156,28.394,6.0
1994-06-09,0.437,10.577,23.038,30.031,6.2
1994-06-10,0.0,10.601,24.337,31.087,4.3
1994-06-11,6.819,9.825,23.869,29.944,3.7
1994-06-12,10.753,7.843,23.85,28.038,4.4
1994-06-13,4.01,10.227,23.488,30.069,13.0
1994-06-14,6.478,9.429,23.825,29.531,5.3
1994-06-15,12.59,9.287,23.756,29.344,5.5
1994-06-16,0.435,10.665,23.481,30.5,4.8
1994-06-17,2.394,9.938,23.363,29.688,3.8
1994-06-18,11.897,8.098,23.613,28.087,3.7
1994-06-19,6.392,10.294,23.556,30.188,3.5
1994-06-20,12.754,8.592,23.212,28.244,4.1
1994-06-21,10.135,8.16,22.694,27.381,4.3
1994-06-22,0.0,8.629,22.881,27.994,4.3
1994-06-23,6.926,6.153,24.35,27.05,3.5
1994-06-24,5.733,8.13,24.056,28.488,3.2
1994-06-25,4.498,9.839,23.113,29.375,4.3
1994-06-26,0.786,7.691,23.381,27.519,4.6
1994-06-27,4.561,8.551,23.581,28.488,3.6
1994-06-28,4.92,8.75,23.413,28.55,3.2
1994-06-29,5.206,10.037,22.631,29.2,3.7
1994-06-30,0.555,10.365,22.962,29.8,4.4
1994-07-01,2.946,9.837,23.413,29.613,3.7
1994-07-02,8.348,10.461,22.95,29.881,3.2
1994-07-03,16.046,6.925,23.613,27.025,3.1
1994-07-04,17.416,6.732,22.994,26.363,3.5
1994-07-05,0.0,9.496,22.238,28.331,6.1
1994-07-06,3.578,9.273,22.956,28.688,5.5
1994-07-07,11.124,9.292,22.319,28.163,20.7
1994-07-08,0.0,7.747,23.212,27.438,8.2
1994-07-09,0.0,9.578,23.75,29.587,4.8
1994-07-10,7.992,11.06,24.044,31.3,9.0
1994-07-11,6.728,10.713,23.125,30.244,4.6
1994-07-12,21.337,10.123,23.55,29.962,35.8
1994-07-13,5.878,9.541,23.625,29.438,21.5
1994-07-14,0.488,10.809,23.931,30.962,6.8
1994-07-15,6.399,9.987,23.044,29.406,6.1
1994-07-16,6.557,8.599,23.269,28.219,5.0
1994-07-17,9.979,7.752,23.375,27.581,4.3
1994-07-18,11.431,10.127,22.894,29.419,4.0
1994-07-19,2.862,8.968,22.931,28.288,4.4
1994-07-20,4.891,8.785,22.931,28.106,5.3
1994-07-21,5.244,8.815,23.181,28.331,4.3
1994-07-22,9.429,7.844,22.794,27.087,4.4
1994-07-23,0.0,9.816,22.606,28.85,4.4
1994-07-24,0.762,8.742,23.55,28.556,3.4
1994-07-25,6.649,10.877,23.0,30.212,3.2
1994-07-26,9.698,10.468,23.319,30.038,4.9
1994-07-27,0.69,10.297,22.925,29.544,5.8
1994-07-28,11.83,8.177,22.969,27.519,4.7
1994-07-29,5.995,9.769,22.919,29.0,4.0
1994-07-30,8.985,9.865,23.762,29.806,17.9
1994-07-31,1.233,9.008,23.656,28.887,14.2
1994-08-01,0.704,10.271,23.281,29.775,5.1
1994-08-02,2.909,11.383,22.875,30.581,3.8
1994-08-03,6.457,9.418,23.113,28.8,3.9
1994-08-04,1.156,9.429,23.938,29.469,3.5
1994-08-05,13.345,8.376,24.081,28.6,3.4
1994-08-06,17.717,7.976,23.35,27.606,21.5
1994-08-07,3.3,8.179,23.331,27.831,9.5
1994-08-08,14.546,9.419,22.856,28.575,4.6
1994-08-09,7.377,11.193,22.844,30.319,4.6
1994-08-10,3.834,9.004,23.306,28.506,6.3
1994-08-11,15.884,11.127,22.856,30.225,4.8
1994-08-12,0.0,8.946,23.438,28.556,13.3
1994-08-13,25.853,9.384,23.419,28.962,6.1
1994-08-14,5.23,9.991,22.731,28.981,5.6
1994-08-15,17.555,7.215,23.069,26.681,44.6
1994-08-16,12.899,9.289,22.575,28.175,115.7
1994-08-17,0.626,10.314,23.344,29.788,28.9
1994-08-18,8.625,10.051,23.512,29.65,18.8
1994-08-19,5.991,10.596,22.775,29.606,11.2
1994-08-20,16.128,9.269,23.356,28.781,46.6
1994-08-21,4.142,10.394,23.25,29.775,65.9
1994-08-22,8.779,7.839,24.094,28.056,16.3
1994-08-23,1.786,7.112,23.381,26.837,29.6
1994-08-24,12.917,6.792,23.762,26.894,9.8
1994-08-25,8.977,9.955,22.394,28.644,8.6
1994-08-26,0.0,9.874,23.25,29.244,10.1
1994-08-27,4.293,9.18,24.206,29.356,7.5
1994-08-28,14.508,9.517,23.106,28.775,5.6
1994-08-29,6.589,6.74,23.262,26.488,6.6
1994-08-30,28.439,8.295,23.356,27.85,14.1
1994-08-31,7.154,9.792,22.575,28.637,44.1
1994-09-01,10.754,8.145,23.087,27.494,67.5
1994-09-02,3.841,9.819,23.456,29.35,83.9
1994-09-03,15.281,8.72,23.387,28.25,15.4
1994-09-04,0.0,11.02,23.206,30.35,10.9
1994-09-05,0.983,8.958,24.1,29.075,8.2
1994-09-06,7.375,8.567,23.394,28.119,11.5
1994-09-07,1.474,10.87,24.275,31.025,12.6
1994-09-08,0.34,9.963,23.525,29.562,7.6
1994-09-09,5.873,8.933,23.913,28.9,5.6
1994-09-10,1.885,7.824,23.719,27.775,7.0
1994-09-11,11.334,10.334,23.7,30.075,5.9
1994-09-12,4.926,8.601,23.544,28.306,4.4
1994-09-13,2.778,7.951,24.087,28.188,19.4
1994-09-14,3.634,9.618,24.225,29.844,8.1
1994-09-15,3.366,9.94,24.331,30.225,6.7
1994-09-16,6.839,8.195,23.144,27.619,5.0
1994-09-17,0.0,7.067,23.788,27.188,4.6
1994-09-18,7.76,9.539,23.712,29.375,3.8
1994-09-19,11.3,9.149,24.044,29.281,3.7
1994-09-20,13.728,10.133,23.619,29.887,7.1
1994-09-21,10.621,8.281,23.8,28.294,27.3
1994-09-22,1.492,8.487,22.925,27.762,10.4
1994-09-23,11.957,8.326,23.863,28.413,31.8
1994-09-24,5.957,9.581,23.488,29.3,62.1
1994-09-25,0.749,10.909,23.231,30.431,85.9
1994-09-26,7.245,9.786,23.425,29.462,54.0
1994-09-27,3.704,9.515,22.919,28.812,28.0
1994-09-28,18.317,7.93,23.144,27.506,19.2
1994-09-29,4.16,10.155,22.956,29.538,24.1
1994-09-30,12.796,7.955,23.387,27.738,31.6
1994-10-01,0.0,9.112,23.469,28.906,12.9
1994-10-02,13.95,8.902,23.519,28.75,9.8
1994-10-03,0.149,8.406,24.031,28.719,6.9
1994-10-04,1.728,10.601,22.431,29.65,5.6
1994-10-05,3.567,9.749,23.462,29.587,5.1
1994-10-06,2.967,8.838,22.875,28.25,4.8
1994-10-07,22.6,7.191,23.95,27.6,11.1
1994-10-08,0.0,8.489,23.438,28.456,58.4
1994-10-09,2.495,9.133,23.256,28.881,14.0
1994-10-10,11.302,8.683,23.075,28.294,39.0
1994-10-11,0.0,9.517,22.931,29.031,34.5
1994-10-12,4.522,9.116,22.781,28.531,17.5
1994-10-13,2.233,8.497,22.825,27.969,43.9
1994-10-14,0.209,10.532,23.212,30.375,15.4
1994-10-15,9.372,10.044,23.587,30.175,11.6
1994-10-16,0.0,9.977,23.575,30.144,9.2
1994-10-17,9.279,8.932,23.619,29.113,7.0
1994-10-18,12.241,7.333,22.8,26.894,41.2
1994-10-19,16.59,6.966,22.812,26.6,93.9
1994-10-20,0.0,8.541,22.375,27.775,16.3
1994-10-21,0.0,10.259,22.288,29.562,11.7
1994-10-22,0.248,10.021,22.556,29.519,15.1
1994-10-23,5.08,9.331,22.444,28.744,10.8
1994-10-24,6.657,6.973,23.456,27.231,20.9
1994-10-25,8.566,8.199,23.669,28.581,8.6
1994-10-26,3.318,9.435,23.294,29.562,6.5
1994-10-27,1.626,9.303,23.262,29.438,5.7
1994-10-28,3.715,9.739,24.031,30.512,16.1
1994-10-29,5.011,7.325,23.938,28.038,9.3
1994-10-30,0.0,10.797,23.325,31.169,5.5
1994-10-31,9.233,7.981,24.256,28.994,4.7
1994-11-01,5.575,8.33,23.606,28.794,4.6
1994-11-02,13.196,8.974,23.8,29.656,4.3
1994-11-03,14.296,7.486,23.212,27.669,8.5
1994-11-04,11.496,6.876,23.538,27.375,39.1
1994-11-05,6.558,7.128,22.619,26.844,60.8
1994-11-06,3.308,9.123,22.462,28.844,13.5
1994-11-07,1.671,10.144,22.744,30.219,10.6
1994-11-08,0.0,9.055,23.762,29.831,6.4
1994-11-09,2.671,7.743,23.462,28.25,5.0
1994-11-10,0.0,9.324,23.225,29.744,4.2
1994-11-11,4.195,8.857,23.644,29.581,3.7
1994-11-12,1.538,7.57,23.688,28.306,3.6
1994-11-13,9.485,8.682,23.5,29.325,3.7
1994-11-14,10.175,8.122,23.312,28.594,14.4
1994-11-15,5.874,8.64,23.163,29.062,14.1
1994-11-16,4.528,8.122,23.575,28.863,11.2
1994-11-17,12.167,7.892,23.469,28.531,22.8
1994-11-18,0.683,9.156,23.725,30.131,17.3
1994-11-19,10.546,8.313,23.938,29.387,7.7
1994-11-20,0.0,8.467,23.381,29.169,5.3
1994-11-21,0.285,9.038,23.594,29.95,4.2
1994-11-22,9.746,7.888,22.75,28.019,3.7
1994-11-23,6.991,7.962,23.35,28.606,5.1
1994-11-24,31.831,9.191,23.163,29.844,4.5
1994-11-25,39.609,8.909,22.656,29.188,210.8
1994-11-26,17.425,7.744,22.938,28.081,185.2
1994-11-27,0.0,9.064,23.188,29.756,44.6
1994-11-28,0.561,9.397,22.569,29.694,20.5
1994-11-29,0.0,9.458,22.919,30.031,14.8
1994-11-30,0.0,9.17,23.025,29.819,11.0
1994-12-01,0.0,8.37,23.45,29.244,8.6
1994-12-02,19.887,9.186,22.837,29.694,45.5
1994-12-03,0.0,8.898,22.844,29.387,10.3
1994-12-04,0.0,8.57,23.5,29.531,7.3
1994-12-05,0.0,9.589,23.706,30.887,6.7
1994-12-06,1.752,9.297,23.669,30.519,6.1
1994-12-07,1.898,7.909,23.756,29.05,5.2
1994-12-08,1.783,8.407,23.85,29.675,4.6
1994-12-09,12.747,8.978,23.538,30.081,4.9
1994-12-10,0.0,8.552,23.919,29.925,4.4
1994-12-11,17.712,8.465,24.725,30.45,4.0
1994-12-12,0.234,8.911,23.981,30.381,4.0
1994-12-13,0.0,7.56,24.431,29.25,3.7
1994-12-14,5.371,9.721,23.025,30.587,3.6
1994-12-15,0.0,8.716,23.688,29.925,3.6
1994-12-16,0.0,8.349,23.875,29.681,3.5
1994-12-17,0.0,8.761,23.938,30.206,3.3
1994-12-18,0.0,7.344,24.325,28.956,3.2
1994-12-19,0.0,6.629,24.7,28.556,3.4
1994-12-20,0.0,8.935,23.75,30.256,5.0
1994-12-21,22.458,8.535,23.538,29.613,7.2
1994-12-22,0.0,8.011,23.819,29.275,4.2
1994-12-23,0.0,7.138,24.238,28.669,4.1
1994-12-24,0.0,7.863,23.169,28.606,3.2
1994-12-25,0.0,8.891,22.45,29.188,3.0
1994-12-26,0.0,8.371,22.225,28.387,3.0
1994-12-27,0.0,8.411,22.631,28.744,2.8
1994-12-28,0.0,9.402,21.425,28.975,2.7
1994-12-29,0.0,9.939,22.131,30.15,2.7
1994-12-30,0.0,9.466,22.225,29.65,2.4
1994-12-31,0.0,8.597,23.444,29.587,2.2
1995-01-01,0.0,8.261,23.137,28.944,2.0
1995-01-02,0.0,10.056,23.512,31.288,2.0
1995-01-03,0.0,10.719,23.275,31.881,1.9
1995-01-04,0.0,7.437,23.812,28.55,1.8
1995-01-05,0.0,9.032,22.925,29.613,1.8
1995-01-06,0.0,9.901,23.119,30.756,1.7
1995-01-07,0.0,9.423,23.525,30.481,1.6
1995-01-08,0.0,9.559,23.913,30.956,1.6
1995-01-09,0.0,8.512,23.613,29.531,1.5
1995-01-10,0.182,7.103,23.312,27.738,1.4
1995-01-11,0.0,9.925,23.244,30.794,1.5
1995-01-12,0.0,10.268,22.356,30.506,1.4
1995-01-13,0.0,10.114,22.863,30.669,1.4
1995-01-14,0.0,9.847,22.8,30.3,1.4
1995-01-15,0.0,9.629,23.356,30.45,1.3
1995-01-16,0.0,9.363,23.675,30.375,1.2
1995-01-17,0.0,7.988,24.087,29.188,1.2
1995-01-18,0.0,9.02,24.281,30.462,1.2
1995-01-19,0.0,8.759,23.75,29.7,1.2
1995-01-20,16.387,5.782,24.556,27.4,1.2
1995-01-21,5.272,8.802,23.425,29.462,1.2
1995-01-22,7.324,9.04,23.35,29.631,1.2
1995-01-23,0.196,10.265,23.544,31.131,1.4
1995-01-24,0.0,8.609,24.425,29.988,2.5
1995-01-25,0.0,9.557,24.269,30.863,2.5
1995-01-26,0.0,9.893,24.45,31.35,1.9
1995-01-27,0.0,10.082,24.238,31.363,1.6
1995-01-28,0.0,9.202,24.325,30.444,1.4
1995-01-29,0.0,9.835,24.531,31.25,1.3
1995-01-30,6.779,9.346,23.788,30.137,1.2
1995-01-31,0.463,8.575,24.312,29.731,1.2
1995-02-01,0.0,10.402,23.206,30.781,1.2
1995-02-02,1.811,9.525,23.85,30.319,1.2
1995-02-03,0.0,9.321,23.688,29.944,1.2
1995-02-04,0.0,8.127,23.869,28.844,1.2
1995-02-05,0.0,7.682,23.881,28.394,1.2
1995-02-06,0.0,9.496,23.244,29.725,1.2
1995-02-07,1.607,9.775,23.331,30.069,1.2
1995-02-08,0.0,9.732,23.688,30.25,1.2
1995-02-09,3.048,9.473,23.587,29.9,1.1
1995-02-10,0.0,9.181,23.913,29.812,1.1
1995-02-11,0.0,10.957,23.538,31.363,1.1
1995-02-12,0.0,11.882,23.331,32.181,1.1
1995-02-13,0.0,12.728,22.988,32.837,1.2
1995-02-14,0.0,10.834,23.644,31.225,1.2
1995-02-15,0.0,11.967,23.519,32.325,1.1
1995-02-16,0.0,12.0,23.194,32.081,1.1
1995-02-17,0.0,10.533,23.481,30.688,1.1
1995-02-18,1.349,12.243,23.35,32.406,1.1
1995-02-19,0.0,12.501,23.45,32.725,1.1
1995-02-20,0.0,10.385,23.594,30.556,1.1
1995-02-21,0.0,10.319,23.056,30.05,1.1
1995-02-22,0.0,10.989,22.156,30.044,1.1
1995-02-23,0.0,11.385,22.719,30.869,1.1
1995-02-24,0.0,9.727,23.113,29.4,1.1
1995-02-25,7.187,10.004,23.488,29.962,1.1
1995-02-26,0.0,9.486,22.881,28.931,1.1
1995-02-27,0.0,10.948,23.306,30.75,1.1
1995-02-28,0.0,10.454,23.706,30.519,1.1
1995-03-01,0.0,11.075,23.744,31.163,1.1
1995-03-02,0.0,10.926,23.819,31.062,1.1
1995-03-03,0.0,10.614,25.106,31.712,1.1
1995-03-04,0.0,10.185,25.419,31.519,1.1
1995-03-05,0.0,10.758,24.9,31.65,1.1
1995-03-06,0.0,10.303,24.844,31.144,1.1
1995-03-07,0.0,11.147,24.594,31.756,1.1
1995-03-08,0.0,11.758,23.556,31.562,1.1
1995-03-09,0.0,12.458,23.95,32.556,1.1
1995-03-10,1.703,10.155,23.431,29.831,1.1
1995-03-11,0.0,8.124,24.0,28.356,1.1
1995-03-12,0.0,11.473,23.45,31.119,1.1
1995-03-13,0.0,11.768,23.312,31.288,1.1
1995-03-14,0.0,13.135,22.812,32.325,1.1
1995-03-15,0.0,10.977,23.294,30.444,1.1
1995-03-16,0.366,12.966,22.887,32.163,1.1
1995-03-17,0.0,12.234,22.738,31.288,1.1
1995-03-18,0.0,11.33,24.469,31.675,1.1
1995-03-19,0.0,8.772,24.075,28.919,1.1
1995-03-20,10.875,8.969,23.406,28.519,1.1
1995-03-21,4.565,11.567,22.969,30.7,3.7
1995-03-22,0.0,11.786,22.887,30.875,2.8
1995-03-23,0.0,13.078,22.331,31.775,2.3
1995-03-24,0.0,12.755,22.619,31.619,1.4
1995-03-25,0.0,13.878,22.631,32.794,1.2
1995-03-26,0.0,12.844,23.775,32.55,1.1
1995-03-27,1.774,10.625,25.163,31.419,1.1
1995-03-28,16.556,10.219,24.019,30.119,1.2
1995-03-29,0.294,12.235,22.837,31.194,1.3
1995-03-30,0.304,11.954,23.9,31.7,1.2
1995-03-31,10.946,10.361,24.675,30.75,1.1
1995-04-01,6.153,9.347,24.175,29.4,1.1
1995-04-02,2.96,11.586,23.875,31.331,1.5
1995-04-03,5.591,11.979,23.894,31.706,1.1
1995-04-04,1.431,11.161,24.962,31.731,1.1
1995-04-05,21.637,9.03,25.2,29.95,1.1
1995-04-06,0.329,13.075,23.544,32.531,14.6
1995-04-07,17.781,8.619,25.431,29.781,3.6
1995-04-08,0.0,11.036,23.831,30.712,2.0
1995-04-09,5.485,9.408,23.887,29.219,1.8
1995-04-10,0.0,11.812,24.075,31.65,1.5
1995-04-11,2.379,10.764,24.319,30.85,1.2
1995-04-12,4.358,10.395,24.55,30.669,1.2
1995-04-13,0.865,9.978,24.038,29.881,1.2
1995-04-14,0.0,11.101,23.587,30.6,1.1
1995-04-15,0.712,10.498,22.5,29.163,1.1
1995-04-16,0.0,11.816,23.775,31.45,1.1
1995-04-17,8.493,10.376,23.725,29.988,1.1
1995-04-18,8.44,10.743,23.156,29.9,1.1
1995-04-19,5.297,10.585,23.312,29.875,1.1
1995-04-20,2.344,9.616,23.256,28.894,1.1
1995-04-21,3.801,9.853,23.456,29.3,1.1
1995-04-22,1.079,9.563,23.281,28.9,1.1
1995-04-23,6.896,12.3,23.125,31.469,1.1
1995-04-24,8.681,10.805,24.363,30.944,1.1
1995-04-25,1.346,11.09,24.156,31.094,1.1
1995-04-26,10.219,7.469,24.2,27.8,1.4
1995-04-27,5.923,10.411,24.188,30.438,3.6
1995-04-28,7.98,8.05,24.6,28.65,2.7
1995-04-29,3.729,10.105,23.969,29.981,6.5
1995-04-30,8.441,9.174,23.887,29.075,8.3
1995-05-01,7.056,10.279,23.719,29.981,4.7
1995-05-02,51.957,9.085,23.431,28.637,2.9
1995-05-03,4.215,10.74,23.762,30.45,2.8
1995-05-04,5.857,6.734,24.369,27.369,94.6
1995-05-05,0.179,7.926,24.15,28.194,74.6
1995-05-06,0.0,10.476,23.475,30.012,10.7
1995-05-07,7.441,9.392,23.169,28.756,12.1
1995-05-08,0.0,10.895,22.825,29.938,5.0
1995-05-09,3.205,10.295,23.844,30.144,3.8
1995-05-10,3.7,10.984,24.25,31.144,3.7
1995-05-11,4.876,9.438,24.231,29.644,3.8
1995-05-12,5.405,9.157,25.131,30.137,12.9
1995-05-13,12.691,10.902,24.275,31.1,6.5
1995-05-14,8.856,5.653,23.837,26.15,3.7
1995-05-15,10.855,8.364,23.788,28.325,3.1
1995-05-16,7.783,5.994,23.469,26.081,3.1
1995-05-17,0.698,11.141,22.394,29.938,20.8
1995-05-18,11.771,10.274,23.756,30.144,4.2
1995-05-19,13.245,9.217,23.694,29.137,4.0
1995-05-20,10.248,10.174,23.675,29.988,18.2
1995-05-21,5.723,11.109,24.062,31.212,10.8
1995-05-22,6.307,10.866,24.312,31.188,4.9
1995-05-23,5.423,10.018,23.65,29.856,6.1
1995-05-24,4.287,8.847,23.438,28.544,7.4
1995-05-25,3.374,9.692,23.156,29.188,8.8
1995-05-26,6.625,10.475,22.988,29.831,10.3
1995-05-27,3.565,10.018,23.681,29.906,12.0
1995-05-28,11.374,10.26,23.331,29.869,5.2
1995-05-29,8.8,10.235,23.269,29.819,18.8
1995-05-30,9.215,8.883,23.475,28.663,16.3
1995-05-31,1.984,11.347,23.312,30.994,6.4
1995-06-01,5.964,10.45,23.894,30.525,7.5
1995-06-02,13.292,7.388,23.35,27.181,41.0
1995-06-03,9.287,9.331,22.681,28.469,10.5
1995-06-04,19.915,10.722,23.3,30.356,14.5
1995-06-05,6.668,10.738,24.075,30.981,7.0
1995-06-06,11.005,10.135,23.562,29.975,7.6
1995-06-07,0.0,7.91,23.731,28.012,7.8
1995-06-08,5.162,10.965,22.025,29.663,6.7
1995-06-09,8.018,8.297,23.25,27.956,21.1
1995-06-10,0.994,11.748,23.575,31.656,8.9
1995-06-11,11.592,11.308,23.844,31.413,7.0
1995-06-12,5.162,10.058,23.887,30.219,12.2
1995-06-13,6.85,8.782,23.7,28.812,5.9
1995-06-14,8.491,10.845,23.375,30.6,4.8
1995-06-15,11.945,7.685,23.438,27.575,17.6
1995-06-16,0.0,9.557,23.344,29.262,32.9
1995-06-17,2.427,10.747,24.15,31.113,12.1
1995-06-18,8.224,10.428,24.394,30.962,14.3
1995-06-19,3.694,9.039,23.825,29.181,8.3
1995-06-20,0.196,11.148,22.988,30.631,5.4
1995-06-21,5.142,10.305,23.919,30.488,4.9
1995-06-22,2.359,10.715,24.238,31.144,4.8
1995-06-23,1.881,10.041,23.631,30.0,9.4
1995-06-24,16.098,7.32,23.55,27.363,52.8
1995-06-25,2.429,11.499,23.194,31.156,5.2
1995-06-26,1.682,10.321,23.688,30.312,4.2
1995-06-27,15.88,9.909,24.131,30.25,8.6
1995-06-28,15.281,9.294,23.831,29.425,26.8
1995-06-29,4.504,9.48,23.85,29.6,7.0
1995-06-30,17.526,7.752,23.587,27.775,6.1
1995-07-01,11.481,10.753,22.769,30.062,8.0
1995-07-02,0.0,10.333,23.906,30.488,13.5
1995-07-03,7.546,10.189,23.712,30.181,10.4
1995-07-04,11.657,9.795,23.194,29.375,11.6
1995-07-05,18.176,5.543,23.363,25.688,41.5
1995-07-06,4.627,7.845,22.975,27.3,33.3
1995-07-07,2.947,9.906,22.95,29.288,12.8
1995-07-08,0.0,9.376,23.506,29.212,7.4
1995-07-09,2.204,9.768,23.587,29.656,6.9
1995-07-10,1.815,10.905,23.269,30.538,4.4
1995-07-11,14.2,9.776,23.375,29.475,4.0
1995-07-12,21.235,10.518,23.863,30.6,7.6
1995-07-13,4.953,9.832,23.431,29.575,7.4
1995-07-14,1.556,8.318,23.837,28.444,4.3
1995-07-15,5.743,9.263,23.981,29.45,27.4
1995-07-16,8.658,9.918,23.0,29.294,68.9
1995-07-17,4.74,9.877,23.556,29.7,7.7
1995-07-18,5.585,10.738,23.45,30.488,4.5
1995-07-19,5.497,8.262,23.675,28.25,5.9
1995-07-20,0.429,9.741,23.056,29.15,3.7
1995-07-21,10.587,7.244,23.181,26.9,3.3
1995-07-22,7.234,10.646,23.0,30.0,3.1
1995-07-23,3.288,9.926,23.119,29.375,3.5
1995-07-24,3.724,9.597,22.806,28.8,13.3
1995-07-25,3.416,10.541,23.337,30.15,7.3
1995-07-26,11.154,8.167,22.788,27.381,5.7
1995-07-27,11.495,6.54,22.7,25.863,3.5
1995-07-28,0.106,9.748,22.825,28.913,2.9
1995-07-29,1.084,10.589,23.256,30.119,2.6
1995-07-30,1.062,11.023,23.331,30.6,2.7
1995-07-31,8.366,9.245,22.925,28.531,4.3
1995-08-01,4.543,9.123,23.044,28.45,5.4
1995-08-02,4.988,8.135,23.188,27.65,3.6
1995-08-03,6.756,9.718,22.731,28.775,2.8
1995-08-04,2.799,11.577,22.444,30.45,2.4
1995-08-05,4.062,9.908,22.75,28.981,2.5
1995-08-06,3.463,9.709,23.806,29.6,2.5
1995-08-07,0.0,10.884,24.406,31.25,2.3
1995-08-08,11.969,9.021,24.231,29.281,2.0
1995-08-09,25.278,9.542,23.194,28.944,18.7
1995-08-10,0.0,8.222,23.794,28.188,25.0
1995-08-11,1.579,10.487,23.519,30.119,6.3
1995-08-12,2.582,10.275,23.075,29.544,4.3
1995-08-13,7.267,10.893,22.887,30.019,3.7
1995-08-14,9.49,10.321,23.506,29.962,19.3
1995-08-15,15.407,9.473,23.375,28.988,14.1
1995-08-16,5.515,9.796,22.962,28.969,6.0
1995-08-17,3.742,11.076,22.731,30.05,6.4
1995-08-18,3.791,9.133,23.375,28.656,6.6
1995-08-19,7.372,9.786,23.188,29.119,18.2
1995-08-20,5.466,7.525,24.062,27.769,5.7
1995-08-21,0.0,11.091,24.144,31.15,3.7
1995-08-22,20.465,10.226,23.938,30.131,3.2
1995-08-23,2.99,10.603,23.406,30.094,4.9
1995-08-24,15.621,11.147,23.675,30.837,4.0
1995-08-25,18.868,8.81,23.431,28.381,3.5
1995-08-26,24.51,10.222,23.231,29.569,8.9
1995-08-27,4.856,10.034,23.381,29.488,20.0
1995-08-28,13.1,10.323,23.344,29.75,47.9
1995-08-29,5.583,10.392,23.85,30.219,47.4
1995-08-30,0.0,10.971,23.806,30.762,10.8
1995-08-31,14.449,8.312,24.613,28.906,6.8
1995-09-01,4.359,10.086,23.806,29.887,5.7
1995-09-02,9.847,9.125,23.8,28.975,4.7
1995-09-03,2.586,11.903,24.0,31.819,3.9
1995-09-04,1.37,9.732,25.256,30.738,3.5
1995-09-05,8.904,8.554,23.731,28.394,4.6
1995-09-06,5.212,10.469,23.894,30.381,5.7
1995-09-07,0.507,9.047,23.85,28.944,12.7
1995-09-08,0.143,10.328,22.981,29.494,6.4
1995-09-09,2.578,8.277,23.369,27.869,4.3
1995-09-10,15.693,10.802,23.544,30.413,16.3
1995-09-11,7.692,9.018,23.544,28.706,13.9
1995-09-12,0.0,7.838,23.681,27.75,8.3
1995-09-13,11.2,8.829,23.788,28.738,11.9
1995-09-14,8.405,5.371,22.688,24.869,62.4
1995-09-15,3.25,9.482,22.444,28.275,12.5
1995-09-16,16.464,9.684,22.95,28.894,9.9
1995-09-17,0.0,10.045,22.988,29.275,9.4
1995-09-18,5.81,8.716,23.406,28.331,7.8
1995-09-19,3.146,10.446,23.087,29.775,24.8
1995-09-20,11.672,8.982,23.544,28.725,25.4
1995-09-21,0.0,10.114,23.325,29.675,14.6
1995-09-22,3.388,9.279,23.6,29.094,9.4
1995-09-23,0.46,9.204,24.106,29.425,5.9
1995-09-24,0.789,11.841,23.075,31.25,4.5
1995-09-25,3.492,10.994,24.075,31.169,3.8
1995-09-26,7.415,9.85,23.887,29.919,7.7
1995-09-27,0.052,10.463,23.706,30.363,7.8
1995-09-28,0.325,11.268,23.081,30.738,4.8
1995-09-29,0.0,10.278,24.312,30.688,3.6
1995-09-30,1.612,8.704,23.925,28.881,3.5
1995-10-01,0.611,8.112,24.038,28.431,3.3
1995-10-02,5.458,10.402,23.475,30.212,2.9
1995-10-03,0.0,10.155,23.744,30.188,2.5
1995-10-04,4.595,9.133,24.087,29.481,2.3
1995-10-05,19.715,8.226,24.163,28.719,5.4
1995-10-06,3.362,9.25,23.925,29.531,33.6
1995-10-07,8.541,7.195,23.575,27.325,10.9
1995-10-08,0.0,8.629,23.656,28.712,5.8
1995-10-09,5.374,6.399,24.613,27.531,3.7
1995-10-10,0.0,6.934,23.913,27.394,3.7
1995-10-11,2.449,8.995,22.788,28.438,3.4
1995-10-12,2.239,8.087,24.238,28.744,3.2
1995-10-13,5.711,10.215,23.331,30.137,2.9
1995-10-14,3.073,9.033,23.262,28.881,5.1
1995-10-15,3.896,10.52,23.294,30.444,5.0
1995-10-16,8.129,7.253,23.769,27.631,4.3
1995-10-17,7.013,7.148,23.475,27.325,17.0
1995-10-18,2.691,8.481,22.781,28.012,12.3
1995-10-19,11.107,7.211,22.7,26.738,54.7
1995-10-20,6.637,6.031,22.656,25.637,36.6
1995-10-21,0.731,8.629,22.75,28.194,11.8
1995-10-22,1.56,9.034,22.75,28.619,12.9
1995-10-23,1.402,10.154,22.819,29.9,6.4
1995-10-24,0.715,9.068,22.794,28.744,4.9
1995-10-25,7.836,7.871,23.244,27.9,4.3
1995-10-26,14.119,8.246,23.256,28.3,14.7
1995-10-27,15.338,7.853,23.281,27.944,134.9
1995-10-28,22.535,6.095,22.75,25.856,82.2
1995-10-29,13.225,7.939,22.756,27.644,28.0
1995-10-30,2.304,8.449,22.837,28.256,18.6
1995-10-31,4.075,7.914,23.031,27.894,8.8
1995-11-01,4.629,8.473,22.431,27.988,13.1
1995-11-02,12.895,10.086,22.55,29.869,29.5
1995-11-03,17.291,8.139,22.731,27.944,85.8
1995-11-04,6.983,9.089,22.675,28.906,22.0
1995-11-05,2.483,9.802,22.931,29.919,15.9
1995-11-06,7.465,10.133,22.844,30.238,15.4
1995-11-07,1.039,6.913,23.156,27.131,20.0
1995-11-08,1.21,8.394,22.65,28.231,6.8
1995-11-09,2.27,9.782,22.95,30.019,5.7
1995-11-10,0.0,7.312,23.012,27.444,4.8
1995-11-11,0.0,7.822,22.712,27.725,4.2
1995-11-12,0.0,6.281,22.863,26.35,3.7
1995-11-13,3.451,6.51,22.825,26.519,2.7
1995-11-14,0.0,9.109,22.0,28.625,2.0
1995-11-15,9.601,9.632,22.469,29.637,4.0
1995-11-16,1.04,9.731,23.238,30.356,3.0
1995-11-17,9.279,8.69,23.512,29.419,3.8
1995-11-18,8.03,7.028,22.856,27.131,3.3
1995-11-19,2.93,8.754,22.562,28.769,3.1
1995-11-20,0.456,9.921,23.062,30.519,3.0
1995-11-21,11.214,7.411,23.369,28.044,6.9
1995-11-22,0.0,8.352,23.438,29.075,6.5
1995-11-23,0.0,10.085,22.238,30.144,4.5
1995-11-24,0.977,8.711,24.087,30.081,2.9
1995-11-25,2.23,7.843,23.363,28.569,2.7
1995-11-26,0.0,6.279,23.219,26.819,2.5
1995-11-27,2.642,8.688,23.756,29.781,2.8
1995-11-28,0.0,9.056,23.087,29.694,2.2
1995-11-29,0.0,8.475,23.181,29.125,2.2
1995-11-30,0.0,9.981,23.762,31.312,2.3
1995-12-01,0.0,10.688,23.363,31.844,2.0
1995-12-02,15.458,9.617,23.894,31.019,14.6
1995-12-03,20.746,8.362,23.881,29.613,10.1
1995-12-04,4.856,8.706,23.337,29.569,25.9
1995-12-05,6.583,9.299,22.731,29.794,7.2
1995-12-06,0.0,8.497,22.606,28.769,5.3
1995-12-07,0.0,7.922,22.8,28.288,4.3
1995-12-08,0.0,9.602,22.2,29.781,3.2
1995-12-09,0.0,8.535,22.163,28.512,2.8
1995-12-10,29.562,7.547,22.575,27.694,3.0
1995-12-11,11.126,7.771,22.988,28.312,30.6
1995-12-12,3.738,8.371,22.769,28.825,4.8
1995-12-13,1.114,8.661,22.725,29.113,5.2
1995-12-14,1.383,8.492,23.35,29.438,6.0
1995-12-15,4.561,8.16,23.806,29.4,4.1
1995-12-16,3.704,8.72,22.469,28.994,3.2
1995-12-17,13.747,8.42,23.119,29.181,2.9
1995-12-18,4.468,7.366,23.069,27.931,2.2
1995-12-19,0.314,8.105,23.85,29.444,2.5
1995-12-20,10.422,7.747,23.363,28.637,6.8
1995-12-21,18.628,7.446,23.169,28.106,3.7
1995-12-22,5.156,8.237,22.856,28.731,15.0
1995-12-23,0.0,7.608,23.556,28.6,6.4
1995-12-24,5.615,7.317,23.637,28.344,3.7
1995-12-25,6.795,7.146,23.156,27.756,4.6
1995-12-26,1.949,7.514,23.175,28.163,3.0
1995-12-27,0.0,7.679,23.594,28.688,2.7
1995-12-28,9.559,8.634,22.8,29.156,3.7
1995-12-29,0.0,7.035,23.169,27.694,2.4
1995-12-30,0.0,9.308,23.231,30.212,2.2
1995-12-31,0.0,8.38,23.462,29.344,2.3
1996-01-01,0.0,5.726,22.413,25.65,3.8
1996-01-02,0.0,9.407,23.194,30.275,4.5
1996-01-03,3.359,9.399,22.944,30.062,4.0
1996-01-04,0.0,10.279,22.319,30.625,3.6
1996-01-05,0.402,8.804,23.5,29.788,4.3
1996-01-06,0.0,9.229,23.344,30.125,5.1
1996-01-07,0.0,5.974,23.45,26.731,3.9
1996-01-08,15.293,8.958,22.581,29.2,4.5
1996-01-09,2.568,7.814,22.975,28.225,4.2
1996-01-10,0.0,8.194,22.419,28.181,6.3
1996-01-11,0.256,9.522,22.6,29.819,4.8
1996-01-12,17.958,7.193,23.369,27.831,25.1
1996-01-13,34.211,7.197,22.738,27.294,68.1
1996-01-14,2.033,7.608,22.381,27.431,50.0
1996-01-15,7.235,9.084,22.631,29.269,24.6
1996-01-16,2.267,9.87,22.031,29.7,14.6
1996-01-17,0.0,7.972,22.931,28.231,7.3
1996-01-18,11.034,7.899,22.675,27.919,42.0
1996-01-19,0.0,9.169,21.413,28.331,6.2
1996-01-20,0.0,9.084,21.056,27.944,4.4
1996-01-21,0.495,8.613,21.756,27.925,3.8
1996-01-22,4.108,8.584,21.812,27.919,13.6
1996-01-23,3.256,8.923,21.625,28.131,6.4
1996-01-24,0.0,9.956,21.938,29.538,8.4
1996-01-25,0.0,9.163,21.775,28.506,4.8
1996-01-26,0.0,9.828,22.337,29.644,4.6
1996-01-27,0.0,9.409,22.344,29.181,3.5
1996-01-28,0.0,9.226,22.137,28.769,4.1
1996-01-29,0.446,8.999,22.344,28.656,4.4
1996-01-30,0.0,9.863,21.875,29.231,3.6
1996-01-31,0.0,8.698,22.488,28.387,3.4
1996-02-01,0.0,8.543,21.988,27.812,2.1
1996-02-02,0.0,9.723,22.363,29.363,1.5
1996-02-03,7.533,7.617,23.681,28.169,1.5
1996-02-04,1.564,8.143,22.775,27.944,1.7
1996-02-05,0.0,7.63,22.05,26.8,1.4
1996-02-06,0.0,8.662,21.6,27.494,1.4
1996-02-07,1.03,8.709,22.356,28.119,1.3
1996-02-08,10.868,8.667,22.181,27.931,5.3
1996-02-09,9.199,9.723,22.275,29.131,3.6
1996-02-10,10.178,8.723,21.881,27.731,15.7
1996-02-11,6.313,9.417,22.656,29.025,15.0
1996-02-12,6.35,9.844,22.688,29.488,6.1
1996-02-13,5.81,8.684,23.337,28.769,3.7
1996-02-14,2.346,8.804,22.688,28.35,2.9
1996-02-15,0.598,7.719,23.275,27.706,7.5
1996-02-16,1.182,9.256,23.481,29.394,3.9
1996-02-17,49.432,5.968,22.594,25.5,57.8
1996-02-18,7.026,9.139,21.9,28.006,112.9
1996-02-19,1.052,9.778,22.819,29.337,22.7
1996-02-20,0.0,9.666,23.481,29.731,9.7
1996-02-21,0.0,7.507,23.444,27.55,5.1
1996-02-22,0.0,8.801,22.094,27.694,3.8
1996-02-23,0.0,10.033,22.831,29.512,3.5
1996-02-24,0.0,10.092,22.794,29.538,3.0
1996-02-25,0.0,9.898,23.9,30.181,3.1
1996-02-26,0.0,10.237,23.8,30.413,2.9
1996-02-27,0.672,8.915,23.894,29.156,2.6
1996-02-28,13.378,8.132,23.6,28.144,2.4
1996-02-29,0.487,8.823,22.988,28.306,2.2
1996-03-01,25.291,10.35,22.944,29.794,2.2
1996-03-02,0.0,9.346,22.819,28.675,4.5
1996-03-03,0.0,9.462,23.363,29.194,9.1
1996-03-04,0.0,10.356,23.337,30.025,3.6
1996-03-05,0.0,9.014,23.275,28.625,3.4
1996-03-06,0.0,9.185,23.369,28.844,2.9
1996-03-07,0.0,9.293,23.419,28.981,2.8
1996-03-08,0.0,9.624,23.244,29.144,2.3
1996-03-09,0.0,10.15,22.288,28.925,2.7
1996-03-10,22.294,9.066,22.844,28.256,2.3
1996-03-11,2.203,6.969,22.337,25.887,1.9
1996-03-12,0.0,5.769,21.988,24.569,1.8
1996-03-13,0.0,5.959,22.863,25.512,12.7
1996-03-14,0.0,8.313,22.725,27.406,162.1
1996-03-15,0.0,9.234,21.519,27.294,57.0
1996-03-16,0.0,9.544,22.15,28.087,31.5
1996-03-17,0.0,11.041,21.887,29.394,37.4
1996-03-18,0.0,11.561,22.381,30.294,18.1
1996-03-19,0.0,8.874,23.431,28.438,10.1
1996-03-20,0.0,8.782,23.438,28.369,6.5
1996-03-21,24.282,7.516,23.462,27.275,5.0
1996-03-22,0.0,8.45,22.938,27.631,4.0
1996-03-23,9.598,8.749,23.262,28.175,5.4
1996-03-24,1.73,9.177,23.019,28.369,66.7
1996-03-25,0.0,9.463,23.45,28.962,280.3
1996-03-26,0.0,10.327,23.106,29.5,104.1
1996-03-27,30.804,9.761,23.25,29.069,27.7
1996-03-28,0.264,10.421,23.4,29.806,13.8
1996-03-29,0.0,9.2,23.925,29.069,13.8
1996-03-30,2.271,8.66,23.312,28.069,21.3
1996-03-31,0.0,8.993,23.794,28.769,8.8
1996-04-01,0.803,9.987,23.762,29.675,6.8
1996-04-02,7.967,8.761,23.812,28.575,5.7
1996-04-03,12.043,7.523,23.587,27.3,5.0
1996-04-04,5.097,8.913,23.756,28.669,4.4
1996-04-05,15.174,8.657,23.262,28.031,4.1
1996-04-06,0.0,9.649,23.481,29.106,17.1
1996-04-07,2.887,9.931,23.913,29.731,23.9
1996-04-08,16.173,10.381,23.95,30.175,11.7
1996-04-09,16.831,7.703,23.806,27.625,10.7
1996-04-10,1.012,7.409,23.425,27.056,7.6
1996-04-11,1.621,10.031,23.125,29.2,7.6
1996-04-12,34.431,9.122,23.319,28.494,13.4
1996-04-13,3.185,9.405,23.556,28.931,17.3
1996-04-14,1.055,9.967,23.256,29.231,5.9
1996-04-15,0.0,9.938,23.294,29.225,4.6
1996-04-16,1.402,10.514,23.325,29.812,20.3
1996-04-17,0.0,10.382,23.544,29.906,41.8
1996-04-18,0.0,8.074,23.494,27.7,9.5
1996-04-19,0.0,8.409,23.488,28.012,6.7
1996-04-20,0.0,10.206,22.55,28.925,4.7
1996-04-21,0.0,9.373,23.05,28.55,4.0
1996-04-22,0.366,10.193,22.969,29.262,3.7
1996-04-23,0.0,9.051,23.413,28.525,24.6
1996-04-24,0.372,9.708,23.381,29.106,6.8
1996-04-25,3.728,9.243,22.744,28.175,4.1
1996-04-26,2.394,9.736,23.269,29.056,3.2
1996-04-27,10.104,9.36,23.175,28.631,6.4
1996-04-28,2.073,8.163,23.3,27.65,4.8
1996-04-29,44.925,9.415,23.256,28.775,3.4
1996-04-30,0.0,8.021,23.212,27.475,2.9
1996-05-01,15.845,7.301,23.281,26.913,3.0
1996-05-02,0.294,10.425,23.481,29.925,8.9
1996-05-03,1.618,9.958,22.994,29.1,48.9
1996-05-04,10.365,10.292,23.031,29.469,88.0
1996-05-05,12.206,8.81,23.131,28.137,34.9
1996-05-06,16.55,9.033,23.238,28.425,54.0
1996-05-07,15.483,7.006,23.35,26.719,198.3
1996-05-08,3.486,6.809,23.031,26.281,126.0
1996-05-09,2.983,10.174,23.137,29.469,24.4
1996-05-10,4.586,9.63,23.744,29.438,18.4
1996-05-11,10.584,7.718,24.069,27.988,13.0
1996-05-12,30.126,5.422,23.562,25.719,47.0
1996-05-13,5.838,8.762,23.025,28.056,32.2
1996-05-14,1.244,9.534,22.556,28.425,67.0
1996-05-15,21.428,7.112,23.012,26.569,60.1
1996-05-16,5.177,9.919,23.206,29.356,16.9
1996-05-17,4.037,9.357,23.663,29.163,18.0
1996-05-18,0.16,11.697,22.919,30.938,12.3
1996-05-19,18.739,9.518,23.05,28.856,8.0
1996-05-20,0.172,6.38,23.562,26.494,11.0
1996-05-21,5.997,11.486,23.031,30.812,11.6
1996-05-22,11.262,10.04,22.9,29.262,195.8
1996-05-23,13.969,8.803,23.094,28.262,122.7
1996-05-24,5.598,8.832,23.038,28.194,15.6
1996-05-25,13.743,8.673,23.094,28.106,30.2
1996-05-26,9.47,6.188,22.788,25.656,15.1
1996-05-27,4.866,11.018,22.587,30.069,10.6
1996-05-28,0.835,8.287,23.375,28.0,8.3
1996-05-29,42.74,7.179,22.681,26.413,9.7
1996-05-30,9.233,7.49,23.55,27.419,65.2
1996-05-31,21.563,10.162,22.625,29.244,24.8
1996-06-01,1.382,11.298,23.294,30.938,9.6
1996-06-02,15.875,7.365,23.344,27.169,9.3
1996-06-03,9.718,9.357,23.806,29.394,29.9
1996-06-04,16.324,6.891,23.094,26.538,8.2
1996-06-05,15.459,8.018,22.756,27.288,6.5
1996-06-06,11.606,9.292,23.819,29.356,6.1
1996-06-07,21.189,9.477,22.719,28.65,5.8
1996-06-08,12.711,10.536,22.8,29.806,6.2
1996-06-09,0.341,11.761,23.775,31.825,12.0
1996-06-10,14.453,11.277,23.456,31.081,14.2
1996-06-11,10.791,9.597,23.331,29.281,12.1
1996-06-12,4.227,10.404,23.238,30.025,11.5
1996-06-13,5.778,8.228,23.356,28.012,10.4
1996-06-14,9.892,9.2,23.569,29.106,8.7
1996-06-15,8.632,8.766,23.587,28.719,12.1
1996-06-16,4.267,8.987,23.031,28.469,16.4
1996-06-17,5.381,6.229,23.994,26.831,13.6
1996-06-18,4.837,9.262,23.106,28.781,12.1
1996-06-19,0.615,9.787,23.556,29.706,8.6
1996-06-20,11.836,8.226,23.238,27.906,7.8
1996-06-21,10.739,7.065,23.538,27.113,9.3
1996-06-22,2.965,9.148,23.694,29.156,7.7
1996-06-23,16.62,6.938,23.6,27.05,8.7
1996-06-24,5.174,8.381,23.55,28.319,9.9
1996-06-25,16.949,6.854,23.45,26.863,29.3
1996-06-26,8.831,9.365,23.094,28.881,25.0
1996-06-27,5.613,9.554,22.738,28.8,10.0
1996-06-28,33.853,8.351,22.594,27.5,12.1
1996-06-29,7.38,7.844,22.606,27.019,44.8
1996-06-30,18.273,8.715,22.344,27.637,93.9
1996-07-01,12.989,5.934,22.381,25.137,161.5
1996-07-02,29.178,5.884,22.413,25.131,161.5
1996-07-03,7.618,9.199,22.156,27.975,60.5
1996-07-04,0.0,9.829,22.081,28.544,27.3
1996-07-05,25.086,10.02,22.569,29.15,33.3
1996-07-06,0.169,8.507,23.288,28.219,91.3
1996-07-07,8.297,8.095,23.163,27.688,19.4
1996-07-08,0.208,11.417,22.406,30.431,13.6
1996-07-09,1.338,10.614,22.106,29.363,13.4
1996-07-10,11.44,10.096,22.219,28.894,15.4
1996-07-11,15.312,10.13,22.931,29.512,16.4
1996-07-12,21.867,8.926,22.881,28.238,14.3
1996-07-13,0.0,10.417,23.15,29.944,18.3
1996-07-14,35.866,10.221,23.319,29.869,14.9
1996-07-15,17.881,10.424,23.188,29.944,28.8
1996-07-16,22.974,9.632,23.238,29.2,150.3
1996-07-17,1.464,9.136,23.144,28.631,161.5
1996-07-18,1.703,9.429,23.275,29.031,41.0
1996-07-19,9.292,10.712,23.363,30.35,20.2
1996-07-20,14.229,9.338,23.294,28.938,16.3
1996-07-21,8.346,11.675,23.244,31.244,15.9
1996-07-22,4.277,9.567,23.688,29.494,20.4
1996-07-23,12.27,8.827,24.194,29.181,24.5
1996-07-24,2.275,12.094,23.119,31.562,13.0
1996-07-25,6.921,10.273,24.113,30.462,14.7
1996-07-26,13.483,9.213,23.363,28.869,21.1
1996-07-27,3.921,9.108,22.525,28.1,20.2
1996-07-28,4.487,10.616,22.825,29.788,9.8
1996-07-29,0.0,8.362,23.575,28.175,8.6
1996-07-30,6.858,9.595,23.562,29.344,7.9
1996-07-31,8.203,10.671,22.988,29.944,28.9
1996-08-01,5.223,10.772,23.7,30.594,28.8
1996-08-02,6.749,8.152,23.681,28.075,12.9
1996-08-03,5.657,9.654,23.619,29.413,8.4
1996-08-04,6.842,9.838,23.619,29.594,7.8
1996-08-05,4.346,9.848,23.544,29.55,8.3
1996-08-06,10.223,8.923,23.6,28.719,6.5
1996-08-07,12.74,8.252,23.069,27.606,46.1
1996-08-08,0.182,10.898,23.169,30.269,34.4
1996-08-09,0.283,9.836,23.312,29.344,13.3
1996-08-10,21.868,7.225,23.363,26.981,161.5
1996-08-11,7.473,11.459,22.606,30.381,65.9
1996-08-12,8.918,11.417,24.156,31.538,20.0
1996-08-13,6.482,10.091,22.731,29.075,89.4
1996-08-14,3.935,9.964,24.288,30.188,67.9
1996-08-15,9.768,9.435,23.488,29.025,15.9
1996-08-16,0.623,11.241,23.65,30.925,31.1
1996-08-17,12.893,10.595,22.538,29.438,14.6
1996-08-18,0.132,10.177,22.363,28.85,9.6
1996-08-19,3.983,9.704,23.331,29.169,8.0
1996-08-20,17.242,11.392,22.45,30.15,16.4
1996-08-21,14.163,9.695,23.006,28.875,45.9
1996-08-22,0.0,10.645,22.944,29.756,13.6
1996-08-23,3.58,8.109,23.775,28.038,7.6
1996-08-24,3.138,9.861,23.669,29.581,33.3
1996-08-25,2.711,10.034,23.356,29.488,8.6
1996-08-26,4.866,9.751,23.581,29.394,6.6
1996-08-27,4.344,8.168,22.956,27.419,5.9
1996-08-28,5.315,11.106,22.725,30.069,5.6
1996-08-29,13.513,7.28,23.312,26.913,5.7
1996-08-30,18.803,10.463,23.312,29.869,12.1
1996-08-31,9.718,10.562,23.7,30.288,15.4
1996-09-01,8.41,10.972,23.644,30.631,14.7
1996-09-02,14.655,7.807,23.794,27.794,17.0
1996-09-03,0.0,10.132,23.794,29.931,23.5
1996-09-04,21.687,9.615,22.581,28.481,49.7
1996-09-05,8.081,9.878,23.887,29.806,54.6
1996-09-06,9.137,7.463,23.587,27.306,74.0
1996-09-07,6.602,9.941,23.5,29.538,33.0
1996-09-08,9.902,10.674,23.025,29.881,84.5
1996-09-09,0.394,11.397,23.144,30.706,30.5
1996-09-10,4.953,8.408,24.056,28.55,36.0
1996-09-11,4.965,11.307,23.269,30.731,57.3
1996-09-12,17.23,9.978,23.681,29.75,19.1
1996-09-13,1.538,8.646,24.281,28.975,11.4
1996-09-14,13.307,8.891,24.475,29.356,26.8
1996-09-15,15.888,9.328,23.925,29.331,30.6
1996-09-16,4.492,9.383,23.913,29.406,49.3
1996-09-17,0.316,10.636,23.581,30.331,32.8
1996-09-18,8.204,10.375,24.006,30.425,13.3
1996-09-19,1.044,9.998,24.219,30.238,14.3
1996-09-20,3.17,6.792,23.85,27.081,11.2
1996-09-21,4.158,10.375,23.65,30.169,8.7
1996-09-22,5.085,10.149,24.506,30.656,9.3
1996-09-23,0.719,10.526,23.906,30.569,8.8
1996-09-24,8.542,7.721,24.131,28.106,8.3
1996-09-25,5.89,9.391,23.25,28.962,11.8
1996-09-26,5.004,11.374,23.0,30.769,20.8
1996-09-27,19.77,9.255,23.425,28.962,11.9
1996-09-28,8.771,7.856,23.294,27.619,19.3
1996-09-29,18.551,8.13,23.225,27.762,157.5
1996-09-30,0.5,8.156,22.969,27.581,48.8
1996-10-01,4.843,10.142,23.163,29.706,20.0
1996-10-02,1.631,11.283,23.869,31.431,18.1
1996-10-03,8.381,9.356,24.144,29.725,15.8
1996-10-04,8.549,7.444,23.756,27.637,47.9
1996-10-05,0.304,10.152,23.156,29.769,45.0
1996-10-06,5.88,8.43,23.931,28.712,12.5
1996-10-07,3.954,8.789,22.831,28.194,9.0
1996-10-08,0.428,9.525,23.619,29.544,9.7
1996-10-09,25.673,7.966,23.494,27.962,8.6
1996-10-10,7.878,7.389,22.85,26.913,56.5
1996-10-11,4.158,8.148,22.887,27.7,23.7
1996-10-12,0.0,8.703,23.337,28.587,14.2
1996-10-13,0.0,8.469,23.175,28.238,9.4
1996-10-14,0.0,9.546,23.3,29.431,8.4
1996-10-15,0.0,9.042,23.981,29.5,7.2
1996-10-16,3.918,8.463,23.9,28.869,18.9
1996-10-17,0.854,10.518,23.481,30.663,30.2
1996-10-18,16.59,8.247,23.281,28.206,10.4
1996-10-19,5.698,9.912,23.331,29.95,7.1
1996-10-20,8.46,10.122,22.906,29.875,16.5
1996-10-21,7.166,7.879,22.956,27.637,24.3
1996-10-22,4.171,10.139,23.225,30.175,23.3
1996-10-23,2.262,9.151,23.319,29.231,42.1
1996-10-24,2.139,10.07,24.006,30.788,13.0
1996-10-25,0.669,11.181,23.169,31.337,16.2
1996-10-26,4.061,10.654,23.9,31.356,10.4
1996-10-27,4.15,9.142,24.212,30.031,15.6
1996-10-28,3.432,7.219,23.931,27.944,9.9
1996-10-29,0.0,8.588,23.706,29.1,10.1
1996-10-30,1.88,10.309,23.281,30.625,11.0
1996-10-31,14.775,10.558,23.35,30.981,6.2
1996-11-01,6.314,9.508,23.675,30.113,12.1
1996-11-02,4.425,9.865,23.369,30.288,15.1
1996-11-03,7.998,9.88,23.369,30.337,11.5
1996-11-04,7.724,9.531,23.413,30.0,20.7
1996-11-05,7.505,9.296,24.188,30.363,10.2
1996-11-06,2.186,10.087,23.644,30.825,16.4
1996-11-07,25.186,7.496,23.387,27.894,6.9
1996-11-08,12.628,6.211,23.587,26.863,4.7
1996-11-09,0.348,8.713,22.956,28.887,4.8
1996-11-10,0.0,9.862,22.556,29.844,4.2
1996-11-11,0.0,10.197,22.337,30.087,5.1
1996-11-12,9.547,8.693,22.744,28.769,11.2
1996-11-13,37.36,7.552,24.419,28.919,10.9
1996-11-14,4.155,4.043,23.894,25.406,5.7
1996-11-15,0.0,7.957,23.431,28.619,5.1
1996-11-16,0.0,7.302,23.512,27.969,4.8
1996-11-17,6.068,9.216,23.281,29.831,4.2
1996-11-18,4.577,9.416,22.587,29.538,3.8
1996-11-19,0.0,9.107,23.6,29.994,4.2
1996-11-20,4.419,8.844,23.15,29.363,4.6
1996-11-21,0.0,7.78,22.706,27.85,4.5
1996-11-22,0.0,8.981,22.344,28.919,2.8
1996-11-23,0.0,8.601,21.837,28.119,2.8
1996-11-24,0.545,8.88,21.625,28.35,2.8
1996-11-25,0.0,8.286,22.938,28.675,3.3
1996-11-26,0.0,9.207,23.65,30.281,3.3
1996-11-27,3.407,7.05,23.825,28.119,2.8
1996-11-28,6.517,7.718,23.887,28.894,2.8
1996-11-29,4.575,8.415,23.175,29.081,2.7
1996-11-30,0.0,7.984,23.956,29.219,2.7
1996-12-01,3.033,7.982,23.206,28.625,3.3
1996-12-02,2.418,8.691,23.2,29.456,3.2
1996-12-03,19.862,5.838,22.988,26.219,3.8
1996-12-04,20.969,8.921,22.825,29.431,7.5
1996-12-05,0.0,8.875,22.5,29.144,4.9
1996-12-06,0.897,8.921,22.675,29.331,3.8
1996-12-07,0.0,8.917,23.15,29.712,3.1
1996-12-08,24.734,8.59,23.269,29.419,2.8
1996-12-09,7.878,8.048,23.288,28.856,5.2
1996-12-10,2.681,8.119,23.012,28.756,3.1
1996-12-11,14.15,6.57,23.544,27.475,2.8
1996-12-12,0.0,7.467,22.931,27.913,2.9
1996-12-13,0.0,8.5,22.825,29.012,2.8
1996-12-14,0.0,9.439,22.444,29.812,2.7
1996-12-15,0.349,8.257,23.375,29.156,2.7
1996-12-16,9.676,8.785,22.606,29.188,2.9
1996-12-17,5.707,9.036,23.375,30.062,4.5
1996-12-18,0.662,8.368,23.819,29.644,4.5
1996-12-19,6.492,9.636,23.106,30.556,3.0
1996-12-20,6.623,8.961,23.794,30.312,2.8
1996-12-21,0.249,8.274,23.762,29.512,2.8
1996-12-22,0.0,9.063,24.6,31.081,2.7
1996-12-23,0.0,8.761,23.694,30.012,2.7
1996-12-24,0.0,8.184,24.038,29.619,2.6
1996-12-25,0.0,9.007,23.85,30.394,2.6
1996-12-26,0.0,7.622,23.688,28.725,2.6
1996-12-27,0.0,8.348,24.15,29.869,2.5
1996-12-28,0.0,9.368,23.625,30.613,2.5
1996-12-29,0.0,9.621,22.2,29.806,2.4
1996-12-30,0.0,8.244,23.038,28.844,2.3
1996-12-31,0.0,8.818,22.613,29.169,1.8
1997-01-01,0.0,9.343,22.681,29.831,2.8
1997-01-02,0.0,9.424,22.369,29.675,2.8
1997-01-03,0.0,9.212,22.531,29.525,2.8
1997-01-04,0.0,9.415,22.044,29.394,2.8
1997-01-05,0.0,9.488,22.106,29.506,2.8
1997-01-06,0.0,9.544,22.256,29.694,2.8
1997-01-07,0.0,9.238,22.438,29.425,2.8
1997-01-08,0.167,9.425,22.794,29.919,2.8
1997-01-09,0.0,9.753,21.869,29.575,2.8
1997-01-10,3.933,9.114,21.681,28.644,2.8
1997-01-11,0.0,8.699,22.644,28.887,2.8
1997-01-12,9.733,8.832,22.7,29.075,2.8
1997-01-13,0.0,9.68,21.994,29.506,2.8
1997-01-14,0.0,9.652,22.288,29.694,3.5
1997-01-15,0.0,9.029,22.85,29.394,2.9
1997-01-16,0.0,9.611,22.425,29.688,2.8
1997-01-17,0.0,7.84,22.756,27.962,2.8
1997-01-18,1.98,9.023,22.419,29.0,2.8
1997-01-19,1.803,8.944,22.2,28.731,14.2
1997-01-20,0.0,9.2,22.319,29.081,8.7
1997-01-21,0.0,9.807,22.262,29.681,4.4
1997-01-22,1.076,10.478,22.762,30.812,4.3
1997-01-23,6.015,10.114,22.6,30.25,4.0
1997-01-24,0.0,9.786,22.194,29.531,2.8
1997-01-25,3.27,9.718,22.8,29.9,2.8
1997-01-26,2.851,8.979,22.637,28.925,2.8
1997-01-27,0.0,9.974,22.181,29.675,2.8
1997-01-28,0.0,8.857,22.556,28.681,2.7
1997-01-29,0.0,10.128,22.062,29.694,2.8
1997-01-30,0.0,9.505,23.087,29.756,2.7
1997-01-31,2.108,9.475,23.275,29.844,2.7
1997-02-01,0.0,7.731,21.569,26.594,2.7
1997-02-02,0.0,8.485,22.269,27.938,3.6
1997-02-03,0.0,8.745,21.919,27.925,2.8
1997-02-04,7.086,9.763,22.681,29.606,2.8
1997-02-05,21.31,9.221,22.337,28.7,5.8
1997-02-06,0.0,9.588,22.125,28.925,6.3
1997-02-07,6.394,9.699,21.913,28.856,4.7
1997-02-08,11.032,8.746,22.812,28.519,7.9
1997-02-09,2.712,8.964,22.056,28.15,7.2
1997-02-10,9.309,9.695,22.769,29.425,22.3
1997-02-11,14.836,7.636,22.262,26.863,28.8
1997-02-12,1.712,9.655,22.363,29.025,7.4
1997-02-13,0.25,8.768,22.587,28.244,5.9
1997-02-14,0.0,9.375,23.406,29.519,4.6
1997-02-15,9.528,10.652,22.869,30.394,4.2
1997-02-16,3.378,9.2,24.337,30.038,7.4
1997-02-17,32.416,7.538,23.281,27.512,3.6
1997-02-18,0.0,10.367,23.3,30.387,2.7
1997-02-19,0.0,9.972,23.019,29.706,5.7
1997-02-20,0.334,9.756,23.625,29.919,4.3
1997-02-21,0.0,9.485,23.538,29.556,2.8
1997-02-22,0.0,9.72,24.163,30.262,2.5
1997-02-23,0.405,8.746,24.281,29.381,2.3
1997-02-24,11.393,7.591,24.994,28.9,2.1
1997-02-25,5.72,8.046,23.931,28.394,2.0
1997-02-26,0.0,9.712,23.894,29.95,2.6
1997-02-27,1.085,9.473,24.206,29.956,2.1
1997-02-28,0.0,9.248,24.637,30.056,4.2
1997-03-01,5.008,9.599,24.675,30.406,2.5
1997-03-02,0.0,10.417,23.744,30.469,2.1
1997-03-03,0.0,11.038,23.05,30.556,1.9
1997-03-04,0.0,11.011,23.0,30.462,1.7
1997-03-05,0.0,10.476,23.281,30.106,1.6
1997-03-06,0.0,11.019,22.894,30.337,1.5
1997-03-07,0.0,10.804,23.275,30.394,1.4
1997-03-08,0.0,11.961,23.631,31.831,1.4
1997-03-09,0.0,10.914,24.231,31.206,1.4
1997-03-10,0.0,9.049,24.281,29.425,1.2
1997-03-11,0.0,9.918,24.369,30.312,1.2
1997-03-12,0.0,9.556,24.256,29.863,1.2
1997-03-13,0.0,8.963,24.031,29.1,1.1
1997-03-14,0.0,12.438,23.625,32.194,1.1
1997-03-15,0.0,7.991,24.831,28.869,1.1
1997-03-16,0.0,7.448,24.156,27.812,1.1
1997-03-17,0.0,9.096,23.156,28.475,1.1
1997-03-18,0.0,9.747,23.575,29.425,1.1
1997-03-19,0.0,11.347,22.731,30.319,1.0
1997-03-20,0.0,10.475,22.812,29.5,1.0
1997-03-21,0.773,9.72,22.769,28.7,1.0
1997-03-22,0.0,10.928,22.544,29.738,1.0
1997-03-23,0.0,11.309,22.025,29.725,1.0
1997-03-24,0.0,11.586,21.812,29.844,1.0
1997-03-25,0.0,10.604,22.9,29.675,1.0
1997-03-26,0.0,11.259,22.988,30.369,1.0
1997-03-27,1.329,10.426,23.0,29.544,1.0
1997-03-28,0.0,10.577,22.506,29.288,0.9
1997-03-29,1.378,9.778,22.931,28.837,0.9
1997-03-30,0.0,11.294,23.219,30.556,0.9
1997-03-31,0.0,10.947,22.756,29.831,0.9
1997-04-01,0.0,10.445,23.306,29.762,0.9
1997-04-02,0.0,10.929,23.469,30.369,0.9
1997-04-03,0.0,10.328,24.269,30.406,0.9
1997-04-04,0.0,11.005,24.15,30.956,0.9
1997-04-05,0.0,10.134,24.288,30.219,0.9
1997-04-06,0.46,10.878,24.631,31.194,0.9
1997-04-07,0.587,10.039,24.387,30.219,0.9
1997-04-08,0.0,10.088,23.663,29.675,0.9
1997-04-09,1.281,8.481,24.419,28.819,0.9
1997-04-10,0.318,9.382,24.406,29.637,0.9
1997-04-11,0.0,10.004,24.694,30.413,0.9
1997-04-12,0.011,11.358,23.894,31.075,0.9
1997-04-13,0.362,9.528,24.544,29.85,0.9
1997-04-14,0.101,10.171,24.425,30.344,0.9
1997-04-15,0.858,11.013,24.6,31.281,0.9
1997-04-16,7.225,10.444,24.163,30.413,0.9
1997-04-17,14.58,8.057,24.331,28.387,0.9
1997-04-18,13.579,6.363,23.494,26.275,0.9
1997-04-19,23.404,4.892,23.55,25.269,11.6
1997-04-20,20.731,7.147,22.975,26.475,37.7
1997-04-21,8.93,5.424,23.038,25.188,22.5
1997-04-22,12.96,7.792,22.956,27.006,12.6
1997-04-23,7.79,9.689,23.038,28.812,8.7
1997-04-24,1.632,10.54,23.894,30.312,6.0
1997-04-25,2.479,11.778,22.919,30.781,6.2
1997-04-26,6.524,11.596,23.569,31.113,5.9
1997-04-27,5.417,9.117,24.038,29.144,3.5
1997-04-28,0.0,8.737,23.663,28.488,3.0
1997-04-29,0.0,12.111,23.719,31.75,2.6
1997-04-30,0.0,10.51,25.175,31.344,2.3
1997-05-01,0.0,11.087,24.15,31.106,2.3
1997-05-02,11.265,10.254,24.244,30.381,2.1
1997-05-03,8.945,11.531,24.294,31.669,2.3
1997-05-04,9.054,10.392,23.788,30.163,3.0
1997-05-05,11.394,11.077,23.7,30.756,5.4
1997-05-06,8.048,9.693,23.931,29.644,30.4
1997-05-07,7.62,9.896,23.6,29.562,15.9
1997-05-08,0.0,11.335,23.762,31.119,8.5
1997-05-09,8.939,9.5,24.031,29.556,6.7
1997-05-10,14.79,7.509,24.081,27.781,6.5
1997-05-11,10.091,9.287,23.181,28.656,7.8
1997-05-12,6.186,10.959,23.5,30.55,4.4
1997-05-13,16.889,10.228,24.619,30.725,3.2
1997-05-14,5.355,10.926,23.238,30.337,14.5
1997-05-15,5.408,11.114,23.113,30.431,18.8
1997-05-16,5.765,10.677,24.281,30.925,6.9
1997-05-17,0.0,10.609,23.469,30.231,4.3
1997-05-18,0.0,9.085,24.456,29.556,4.9
1997-05-19,0.668,10.11,24.494,30.569,4.1
1997-05-20,9.376,9.608,24.431,30.05,2.9
1997-05-21,5.519,11.283,23.881,31.256,2.8
1997-05-22,44.657,9.52,23.544,29.256,2.8
1997-05-23,10.317,11.552,23.775,31.462,21.1
1997-05-24,11.516,9.391,24.869,30.219,7.6
1997-05-25,15.254,7.503,24.331,28.069,8.6
1997-05-26,0.577,10.232,23.725,30.119,51.6
1997-05-27,4.868,11.095,23.225,30.625,15.2
1997-05-28,8.778,10.783,23.681,30.656,8.7
1997-05-29,12.61,11.16,22.906,30.45,45.8
1997-05-30,14.209,9.348,23.569,29.169,34.7
1997-05-31,4.317,10.018,23.819,30.05,12.9
1997-06-01,8.732,10.517,23.425,30.219,8.6
1997-06-02,1.351,10.344,23.206,29.875,7.2
1997-06-03,0.343,11.39,24.156,31.675,7.1
1997-06-04,18.117,8.321,23.962,28.556,9.2
1997-06-05,0.48,11.13,23.75,31.113,12.1
1997-06-06,0.0,8.033,24.475,28.719,10.8
1997-06-07,40.267,8.33,23.738,28.375,33.3
1997-06-08,2.789,10.195,23.45,29.969,24.5
1997-06-09,0.572,10.682,24.15,31.006,12.4
1997-06-10,21.586,10.288,23.425,30.044,11.1
1997-06-11,9.827,9.66,23.469,29.456,59.5
1997-06-12,6.615,7.92,23.944,28.2,35.2
1997-06-13,1.745,8.96,24.1,29.294,12.5
1997-06-14,12.399,10.288,23.1,29.8,26.8
1997-06-15,0.0,10.465,23.875,30.606,29.1
1997-06-16,2.78,10.639,23.719,30.65,19.1
1997-06-17,12.356,7.747,23.887,27.988,25.3
1997-06-18,7.73,9.86,23.606,29.788,13.3
1997-06-19,4.241,9.767,23.744,29.812,8.6
1997-06-20,2.894,10.336,23.694,30.344,8.1
1997-06-21,12.135,8.841,23.6,28.781,6.3
1997-06-22,0.0,10.871,23.337,30.606,5.9
1997-06-23,0.0,10.801,24.244,31.281,4.9
1997-06-24,24.925,8.499,24.475,29.219,4.4
1997-06-25,3.861,6.447,23.325,26.4,4.2
1997-06-26,15.286,9.287,23.438,29.1,9.5
1997-06-27,9.083,10.095,23.269,29.769,7.8
1997-06-28,0.0,11.2,23.356,30.975,13.7
1997-06-29,7.539,10.053,23.269,29.744,10.5
1997-06-30,1.829,10.388,23.669,30.369,10.5
1997-07-01,11.828,9.201,24.087,29.519,8.2
1997-07-02,0.0,9.561,23.331,29.262,5.7
1997-07-03,9.947,10.158,23.969,30.356,8.6
1997-07-04,2.936,10.45,24.188,30.831,7.8
1997-07-05,0.209,11.08,23.85,31.175,5.4
1997-07-06,6.287,10.078,24.994,31.081,6.6
1997-07-07,9.605,10.992,24.188,31.35,3.7
1997-07-08,11.397,10.009,23.656,29.981,4.4
1997-07-09,9.539,8.559,23.375,28.312,3.6
1997-07-10,5.466,9.193,23.781,29.231,14.1
1997-07-11,3.979,10.878,24.325,31.337,8.5
1997-07-12,0.0,10.135,25.75,31.719,7.8
1997-07-13,6.387,8.15,25.081,29.369,4.1
1997-07-14,8.226,11.379,24.262,31.769,3.1
1997-07-15,15.742,10.407,24.337,30.85,2.8
1997-07-16,5.85,8.969,24.413,29.525,4.1
1997-07-17,5.512,9.621,23.719,29.575,19.7
1997-07-18,5.463,11.122,24.675,31.806,7.8
1997-07-19,3.599,10.312,24.319,30.7,5.1
1997-07-20,0.0,10.482,24.562,31.075,3.5
1997-07-21,8.676,9.592,24.475,30.131,2.9
1997-07-22,12.659,10.663,23.894,30.712,2.8
1997-07-23,0.0,12.021,24.613,32.612,6.1
1997-07-24,0.637,11.313,26.6,33.45,6.8
1997-07-25,0.0,10.0,25.406,31.244,3.6
1997-07-26,8.041,11.001,24.75,31.712,3.6
1997-07-27,2.919,9.83,24.881,30.669,3.1
1997-07-28,26.295,6.891,24.169,27.413,31.5
1997-07-29,0.399,8.249,23.863,28.325,61.9
1997-07-30,9.89,9.218,23.619,29.012,21.6
1997-07-31,5.278,10.843,23.837,30.794,10.7
1997-08-01,0.658,10.52,24.319,30.85,7.6
1997-08-02,8.992,8.676,24.431,29.169,8.7
1997-08-03,13.704,11.176,23.531,30.856,9.0
1997-08-04,0.0,11.135,24.681,31.694,8.5
1997-08-05,0.686,11.952,23.812,31.831,6.5
1997-08-06,6.906,10.345,25.231,31.35,4.4
1997-08-07,27.121,9.122,23.806,29.056,14.3
1997-08-08,9.859,8.134,24.2,28.469,21.2
1997-08-09,15.933,8.599,24.75,29.325,12.2
1997-08-10,0.0,11.747,24.156,31.844,12.2
1997-08-11,5.645,11.467,23.688,31.238,13.4
1997-08-12,11.458,10.808,23.694,30.538,23.8
1997-08-13,8.645,9.43,23.706,29.219,9.3
1997-08-14,3.459,10.297,23.469,29.863,8.5
1997-08-15,4.741,10.647,23.969,30.6,7.6
1997-08-16,3.534,10.519,23.694,30.238,9.8
1997-08-17,3.192,10.053,23.75,29.825,22.0
1997-08-18,11.994,8.908,23.95,28.906,8.7
1997-08-19,10.776,8.0,23.725,27.9,62.5
1997-08-20,16.489,10.738,23.919,30.619,16.6
1997-08-21,0.0,10.168,24.019,30.169,8.1
1997-08-22,10.992,9.981,24.25,30.144,5.5
1997-08-23,16.364,9.478,23.988,29.462,11.6
1997-08-24,8.894,10.253,23.837,30.075,13.2
1997-08-25,0.0,11.39,24.275,31.538,9.0
1997-08-26,12.1,9.701,25.45,30.85,7.4
1997-08-27,18.164,7.878,24.225,28.206,235.6
1997-08-28,1.459,11.714,23.887,31.569,256.8
1997-08-29,7.315,9.227,23.981,29.212,32.3
1997-08-30,5.452,11.847,23.569,31.456,14.5
1997-08-31,11.943,9.89,24.019,29.869,10.8
1997-09-01,0.908,8.811,24.231,29.031,8.7
1997-09-02,29.746,7.887,23.812,27.881,8.6
1997-09-03,2.152,10.803,24.031,30.775,8.3
1997-09-04,1.01,11.715,23.706,31.425,7.4
1997-09-05,1.609,10.64,24.625,31.081,6.8
1997-09-06,7.557,9.457,24.644,29.975,7.4
1997-09-07,10.591,10.185,23.856,30.062,5.2
1997-09-08,5.11,9.969,23.969,29.925,6.7
1997-09-09,3.97,11.233,23.819,31.05,8.2
1997-09-10,6.898,10.672,24.256,30.844,7.6
1997-09-11,0.087,11.446,24.562,31.831,5.4
1997-09-12,7.155,11.192,24.744,31.738,7.0
1997-09-13,12.21,10.848,24.194,31.006,9.7
1997-09-14,1.038,11.11,24.525,31.519,8.2
1997-09-15,12.731,9.751,23.775,29.6,6.3
1997-09-16,0.178,11.149,24.794,31.769,4.3
1997-09-17,11.673,9.773,24.887,30.538,3.4
1997-09-18,7.865,11.211,24.2,31.387,3.0
1997-09-19,7.177,10.534,24.081,30.631,3.2
1997-09-20,12.987,10.205,23.819,30.125,40.4
1997-09-21,2.223,9.718,24.281,30.044,37.0
1997-09-22,6.056,9.693,23.85,29.669,17.7
1997-09-23,6.827,9.803,23.488,29.488,26.4
1997-09-24,22.397,9.543,23.812,29.519,14.6
1997-09-25,0.733,10.95,23.844,30.944,12.5
1997-09-26,8.263,10.135,23.969,30.238,11.2
1997-09-27,0.0,10.95,23.488,30.712,41.0
1997-09-28,10.507,7.814,24.206,28.312,20.8
1997-09-29,16.575,9.457,23.219,29.012,27.2
1997-09-30,0.0,12.162,23.619,32.1,14.7
1997-10-01,0.355,7.927,24.35,28.525,11.6
1997-10-02,17.432,10.042,24.363,30.575,8.6
1997-10-03,13.389,8.705,24.269,29.2,28.6
1997-10-04,5.3,10.93,23.438,30.756,33.3
1997-10-05,17.25,8.25,23.837,28.45,21.7
1997-10-06,1.287,8.954,23.575,28.906,14.6
1997-10-07,0.582,11.716,23.544,31.738,10.1
1997-10-08,6.864,7.824,25.569,29.569,8.7
1997-10-09,7.103,9.054,24.181,29.569,8.3
1997-10-10,7.366,10.969,23.762,31.175,7.0
1997-10-11,0.797,10.453,23.613,30.538,7.4
1997-10-12,7.582,9.629,23.762,29.844,8.3
1997-10-13,0.958,9.087,23.544,29.169,5.1
1997-10-14,0.211,7.658,23.819,28.019,4.5
1997-10-15,1.419,7.055,24.087,27.706,3.6
1997-10-16,13.121,8.433,23.844,28.788,3.5
1997-10-17,4.496,8.578,23.65,28.794,5.1
1997-10-18,1.173,10.033,23.613,30.275,7.1
1997-10-19,0.267,10.573,22.944,30.35,5.0
1997-10-20,14.025,9.221,24.231,30.012,6.0
1997-10-21,15.85,7.638,24.519,28.675,9.8
1997-10-22,7.269,8.41,23.613,28.7,10.0
1997-10-23,0.0,10.88,23.794,31.413,8.0
1997-10-24,0.0,10.44,24.425,31.456,4.8
1997-10-25,0.333,10.66,24.094,31.45,4.3
1997-10-26,7.855,10.232,25.137,31.837,3.5
1997-10-27,0.674,8.437,25.256,30.15,3.0
1997-10-28,16.797,10.748,23.944,31.512,2.8
1997-10-29,2.291,8.462,23.994,29.194,3.7
1997-10-30,7.185,8.875,24.694,30.188,7.2
1997-10-31,10.692,7.834,24.212,28.775,6.1
1997-11-01,0.549,7.095,23.781,27.719,8.3
1997-11-02,1.471,9.262,24.094,30.169,3.9
1997-11-03,8.994,9.038,23.931,29.825,8.7
1997-11-04,17.838,7.939,23.481,28.363,9.5
1997-11-05,0.0,8.889,23.856,29.669,9.3
1997-11-06,36.667,7.677,23.906,28.475,10.6
1997-11-07,8.34,7.507,24.044,28.469,10.5
1997-11-08,17.066,5.697,23.475,26.3,11.9
1997-11-09,1.771,7.215,23.113,27.475,54.0
1997-11-10,2.212,6.871,23.381,27.312,13.1
1997-11-11,15.151,10.365,23.812,31.4,8.9
1997-11-12,0.0,10.531,23.244,31.156,11.9
1997-11-13,0.0,8.696,23.381,29.25,7.8
1997-11-14,0.0,9.58,23.606,30.406,5.4
1997-11-15,5.157,9.207,23.0,29.538,6.7
1997-11-16,0.0,9.737,22.325,29.644,5.4
1997-11-17,6.425,8.059,23.344,28.6,4.9
1997-11-18,1.342,9.938,23.194,30.587,3.9
1997-11-19,3.109,8.434,23.056,28.844,3.5
1997-11-20,11.093,7.527,23.262,28.025,3.1
1997-11-21,6.635,9.33,23.05,29.844,7.4
1997-11-22,0.0,8.733,24.231,30.144,4.2
1997-11-23,7.214,8.896,24.406,30.462,3.0
1997-11-24,1.044,7.419,23.825,28.444,2.8
1997-11-25,11.217,7.452,23.981,28.65,3.5
1997-11-26,14.563,7.457,23.831,28.506,2.9
1997-11-27,6.682,10.055,22.788,30.6,2.4
1997-11-28,0.0,9.858,24.081,31.387,2.3
1997-11-29,0.0,8.447,24.113,29.831,2.3
1997-11-30,13.073,7.688,24.05,28.994,2.2
1997-12-01,10.655,9.946,24.294,31.688,2.1
1997-12-02,5.463,9.329,23.744,30.562,5.0
1997-12-03,1.175,9.787,23.606,31.019,8.1
1997-12-04,0.267,9.437,24.2,31.081,4.2
1997-12-05,0.0,8.647,25.637,31.369,2.8
1997-12-06,1.669,9.078,25.475,31.712,2.5
1997-12-07,0.0,9.418,24.531,31.337,2.3
1997-12-08,9.258,8.03,25.631,30.731,2.2
1997-12-09,2.637,9.045,24.95,31.294,2.1
1997-12-10,7.714,8.453,24.2,30.019,5.8
1997-12-11,0.0,8.241,25.05,30.488,4.8
1997-12-12,0.0,8.485,25.45,31.106,2.7
1997-12-13,0.0,9.329,24.137,31.012,2.5
1997-12-14,0.611,8.32,25.156,30.7,2.3
1997-12-15,1.043,7.061,24.494,28.837,2.1
1997-12-16,0.0,7.015,24.075,28.419,1.9
1997-12-17,0.0,7.922,24.137,29.444,1.7
1997-12-18,4.313,7.928,24.462,29.731,1.6
1997-12-19,0.0,9.243,24.425,31.15,1.6
1997-12-20,0.0,9.542,24.094,31.225,2.1
1997-12-21,1.554,9.382,23.95,30.925,2.3
1997-12-22,1.92,7.612,24.825,29.663,2.8
1997-12-23,0.0,8.829,24.981,31.119,2.6
1997-12-24,0.0,8.922,24.906,31.15,1.6
1997-12-25,0.0,9.876,24.85,32.175,1.6
1997-12-26,0.0,8.893,24.8,31.019,1.5
1997-12-27,0.0,9.049,24.825,31.212,1.4
1997-12-28,0.0,8.928,25.231,31.394,1.3
1997-12-29,0.0,8.138,24.981,30.331,1.2
1997-12-30,7.693,8.595,24.887,30.738,1.2
1997-12-31,1.811,8.456,25.1,30.75,1.2
1998-01-01,0.0,8.664,24.381,30.4,5.32
1998-01-02,0.0,10.009,23.488,31.219,5.32
1998-01-03,0.0,10.243,23.881,31.769,5.56
1998-01-04,0.0,10.32,24.375,32.219,5.32
1998-01-05,0.0,10.422,25.081,32.85,5.24
1998-01-06,0.0,8.202,25.575,30.781,5.08
1998-01-07,5.159,8.822,25.494,31.356,5.0
1998-01-08,0.0,9.123,24.762,31.087,4.88
1998-01-09,0.0,8.522,24.738,30.431,4.88
1998-01-10,0.0,9.821,24.231,31.438,4.88
1998-01-11,0.0,8.134,24.781,30.012,4.88
1998-01-12,0.0,9.602,25.394,32.081,4.76
1998-01-13,0.0,9.559,25.494,32.081,4.76
1998-01-14,1.483,9.548,25.344,31.925,4.76
1998-01-15,4.27,8.496,24.725,30.275,4.76
1998-01-16,6.55,8.448,24.75,30.238,4.76
1998-01-17,0.0,10.028,24.956,32.106,4.76
1998-01-18,0.0,8.754,24.594,30.406,4.64
1998-01-19,0.0,8.642,24.256,30.006,4.64
1998-01-20,0.0,9.795,24.456,31.4,4.64
1998-01-21,0.0,9.086,25.125,31.137,4.64
1998-01-22,0.0,10.34,24.55,32.025,4.64
1998-01-23,0.0,9.513,25.131,31.544,4.52
1998-01-24,0.0,9.99,24.625,31.644,4.52
1998-01-25,0.149,9.776,24.675,31.431,4.52
1998-01-26,0.0,9.679,24.644,31.262,4.52
1998-01-27,0.0,9.254,24.175,30.419,4.52
1998-01-28,1.995,8.314,25.231,30.269,4.52
1998-01-29,0.0,7.822,24.569,29.219,4.52
1998-01-30,0.0,9.319,24.363,30.575,4.52
1998-01-31,0.0,8.951,24.512,30.275,4.52
1998-02-01,0.0,10.598,24.781,32.2,4.52
1998-02-02,0.0,11.666,25.481,33.862,4.52
1998-02-03,0.0,9.511,26.2,32.131,4.52
1998-02-04,8.5,8.525,24.7,29.894,4.52
1998-02-05,0.0,6.936,24.762,28.425,5.0
1998-02-06,0.0,7.664,24.481,28.844,5.0
1998-02-07,0.0,6.942,25.269,28.837,4.88
1998-02-08,21.178,6.308,24.256,27.387,4.76
1998-02-09,0.593,6.393,23.706,26.969,4.76
1998-02-10,0.0,8.989,22.369,28.4,4.7
1998-02-11,8.996,8.795,22.694,28.425,4.64
1998-02-12,0.726,8.869,22.919,28.65,4.98
1998-02-13,0.0,9.295,24.269,30.156,5.32
1998-02-14,0.0,9.002,25.212,30.594,4.88
1998-02-15,0.0,10.267,24.906,31.569,4.64
1998-02-16,0.0,11.576,24.9,32.894,4.52
1998-02-17,0.0,11.495,25.113,32.938,4.46
1998-02-18,0.0,9.334,26.15,31.569,4.4
1998-02-19,0.0,9.708,24.637,30.688,4.34
1998-02-20,0.0,10.252,24.85,31.387,4.28
1998-02-21,0.0,9.839,25.206,31.25,4.28
1998-02-22,1.191,9.375,25.25,30.794,4.28
1998-02-23,0.0,10.725,25.094,31.981,4.28
1998-02-24,0.0,8.675,24.913,29.85,4.16
1998-02-25,0.0,9.849,24.538,30.644,4.16
1998-02-26,0.0,8.084,25.188,29.475,4.16
1998-02-27,0.0,11.978,24.169,32.456,4.1
1998-02-28,0.0,9.904,25.044,31.019,4.04
1998-03-01,0.0,10.824,24.538,31.506,4.04
1998-03-02,0.0,10.503,24.788,31.369,4.04
1998-03-03,0.0,11.26,24.6,31.962,3.92
1998-03-04,0.0,10.657,24.975,31.631,3.92
1998-03-05,0.285,9.944,25.219,31.125,3.92
1998-03-06,0.0,11.403,25.275,32.556,3.92
1998-03-07,0.0,10.591,25.119,31.613,3.98
1998-03-08,0.0,11.1,24.744,31.794,4.04
1998-03-09,0.981,12.057,24.831,32.806,3.92
1998-03-10,16.075,11.253,24.325,31.613,5.72
1998-03-11,0.0,10.295,24.106,30.481,5.8
1998-03-12,0.0,10.071,24.225,30.363,6.44
1998-03-13,0.0,10.949,23.706,30.794,5.64
1998-03-14,0.0,9.289,24.425,29.738,5.16
1998-03-15,0.0,10.513,24.712,31.106,4.88
1998-03-16,0.0,9.926,24.631,30.481,4.46
1998-03-17,0.0,10.497,24.425,30.819,4.4
1998-03-18,0.0,11.552,24.819,32.144,4.28
1998-03-19,0.0,12.683,24.419,32.944,4.22
1998-03-20,0.0,12.373,24.887,32.981,4.16
1998-03-21,0.0,10.325,25.425,31.4,4.16
1998-03-22,0.0,13.032,24.738,33.506,4.16
1998-03-23,2.936,6.74,24.944,27.881,4.16
1998-03-24,18.793,10.73,23.844,30.538,4.16
1998-03-25,2.292,10.176,25.113,30.975,4.46
1998-03-26,0.0,9.015,25.156,29.944,6.2
1998-03-27,0.0,9.415,25.081,30.281,5.32
1998-03-28,0.0,9.262,24.231,29.413,5.4
1998-03-29,1.498,8.978,24.481,29.344,4.88
1998-03-30,0.0,10.803,23.931,30.606,4.64
1998-03-31,0.0,11.95,23.581,31.475,4.4
1998-04-01,0.0,12.031,23.094,31.188,4.4
1998-04-02,0.0,11.198,23.225,30.444,4.28
1998-04-03,0.0,11.365,24.575,31.631,4.22
1998-04-04,0.0,10.881,25.087,31.562,4.16
1998-04-05,0.183,8.665,25.706,30.081,4.16
1998-04-06,1.924,9.542,25.169,30.387,4.04
1998-04-07,0.586,11.176,24.887,31.675,4.04
1998-04-08,2.015,9.654,24.606,30.031,3.92
1998-04-09,6.406,11.566,25.1,32.206,3.92
1998-04-10,21.362,10.573,24.962,31.175,3.98
1998-04-11,41.448,9.759,24.812,30.294,8.12
1998-04-12,8.294,8.31,24.512,28.756,49.1
1998-04-13,0.0,8.247,24.519,28.725,19.68
1998-04-14,0.0,12.415,24.031,32.244,9.4
1998-04-15,0.0,12.719,25.031,33.294,8.28
1998-04-16,0.0,11.436,24.944,31.95,7.32
1998-04-17,0.468,10.996,24.663,31.325,13.96
1998-04-18,0.0,10.71,24.925,31.262,7.72
1998-04-19,0.76,11.327,24.356,31.413,6.84
1998-04-20,1.685,11.049,25.1,31.731,5.28
1998-04-21,0.537,11.102,25.462,32.094,4.66
1998-04-22,5.494,10.534,25.344,31.45,4.82
1998-04-23,13.298,9.311,24.637,29.762,4.94
1998-04-24,10.946,5.976,25.169,27.494,5.28
1998-04-25,12.25,10.041,24.619,30.431,10.76
1998-04-26,10.345,8.468,25.056,29.375,8.68
1998-04-27,4.103,8.72,24.119,28.844,10.76
1998-04-28,5.143,10.561,24.675,30.981,25.4
1998-04-29,3.568,10.99,24.488,31.269,15.56
1998-04-30,11.264,9.575,24.956,30.312,15.4
1998-05-01,5.307,6.834,24.575,27.631,16.54
1998-05-02,6.296,11.192,24.288,31.331,13.8
1998-05-03,24.481,5.019,24.525,26.294,26.62
1998-05-04,5.539,8.036,24.156,28.275,41.54
1998-05-05,15.806,9.665,23.587,29.363,22.98
1998-05-06,0.0,10.241,24.719,30.75,46.44
1998-05-07,17.618,10.229,24.731,30.769,16.96
1998-05-08,0.453,12.458,24.062,32.444,12.04
1998-05-09,0.0,9.943,25.256,30.944,9.8
1998-05-10,0.398,9.303,25.456,30.531,8.12
1998-05-11,27.895,10.369,25.15,31.281,7.16
1998-05-12,12.944,10.563,24.275,30.762,7.08
1998-05-13,0.0,11.853,25.219,32.788,10.12
1998-05-14,0.0,10.559,25.212,31.525,9.88
1998-05-15,2.59,8.835,25.294,30.006,7.8
1998-05-16,4.571,10.196,24.369,30.544,59.74
1998-05-17,5.618,9.866,24.381,30.219,55.88
1998-05-18,0.57,10.322,25.606,31.675,55.24
1998-05-19,14.03,9.621,25.3,30.744,37.28
1998-05-20,0.0,8.899,25.831,30.55,27.4
1998-05-21,10.415,10.557,25.731,32.019,24.82
1998-05-22,4.131,9.37,25.494,30.694,16.04
1998-05-23,24.416,8.727,25.413,30.044,13.16
1998-05-24,0.167,11.233,24.087,31.406,44.74
1998-05-25,14.956,7.888,24.881,28.875,30.76
1998-05-26,7.865,8.421,24.231,28.825,32.24
1998-05-27,5.208,8.399,23.944,28.562,19.6
1998-05-28,3.768,7.386,23.981,27.712,22.98
1998-05-29,15.882,7.171,24.144,27.65,13.64
1998-05-30,0.0,10.157,23.525,29.925,10.92
1998-05-31,0.19,8.825,24.325,29.306,21.22
1998-06-01,10.251,10.262,23.75,30.225,68.96
1998-06-02,0.114,10.427,24.031,30.606,30.36
1998-06-03,2.435,11.194,24.337,31.613,16.62
1998-06-04,12.146,9.437,24.406,29.95,12.84
1998-06-05,0.326,10.744,23.738,30.756,11.4
1998-06-06,8.683,8.648,24.488,29.294,9.08
1998-06-07,14.195,8.753,24.694,29.556,8.6
1998-06-08,12.315,8.08,24.6,28.869,17.02
1998-06-09,13.163,9.153,24.319,29.656,16.2
1998-06-10,0.0,10.958,24.538,31.581,14.92
1998-06-11,1.4,10.722,25.106,31.794,15.56
1998-06-12,9.441,10.72,24.744,31.519,11.4
1998-06-13,5.926,11.223,24.781,32.056,65.08
1998-06-14,22.364,7.317,24.45,28.087,21.68
1998-06-15,6.054,6.535,23.994,27.031,19.08
1998-06-16,0.881,7.934,24.606,28.769,14.28
1998-06-17,0.0,11.112,23.712,31.144,12.2
1998-06-18,4.841,11.271,23.781,31.356,11.56
1998-06-19,4.476,9.72,24.419,30.281,11.24
1998-06-20,4.416,10.007,23.887,30.188,9.96
1998-06-21,8.919,8.277,23.625,28.275,8.68
1998-06-22,14.244,7.802,23.519,27.762,8.52
1998-06-23,1.304,10.604,23.406,30.375,8.12
1998-06-24,3.269,11.045,23.837,31.175,9.4
1998-06-25,1.953,10.09,25.119,31.231,9.48
1998-06-26,17.983,9.215,24.938,30.25,13.64
1998-06-27,9.875,9.297,24.35,29.881,11.72
1998-06-28,10.267,8.565,23.725,28.619,9.0
1998-06-29,14.192,8.028,23.7,28.1,40.08
1998-06-30,0.0,9.586,23.938,29.8,31.2
1998-07-01,0.0,10.896,24.369,31.425,17.02
1998-07-02,10.893,11.46,23.806,31.544,11.24
1998-07-03,19.366,9.663,23.681,29.631,48.8
1998-07-04,16.609,6.688,23.988,27.169,60.9
1998-07-05,6.241,5.595,23.431,25.788,40.12
1998-07-06,3.634,8.344,23.544,28.269,19.34
1998-07-07,11.025,7.688,23.381,27.519,45.36
1998-07-08,5.007,9.481,22.95,28.881,37.04
1998-07-09,8.431,9.749,23.087,29.238,18.56
1998-07-10,3.476,9.594,23.906,29.731,16.04
1998-07-11,5.442,10.651,23.462,30.425,42.5
1998-07-12,17.143,9.965,23.919,30.1,30.68
1998-07-13,15.251,9.872,23.594,29.744,20.38
1998-07-14,0.819,9.51,23.512,29.312,26.1
1998-07-15,10.219,10.133,23.113,29.613,14.44
1998-07-16,13.999,7.271,23.756,27.419,26.46
1998-07-17,5.947,8.48,23.156,28.062,18.82
1998-07-18,0.0,7.66,23.087,27.206,14.28
1998-07-19,12.556,9.276,22.688,28.394,34.18
1998-07-20,2.736,10.608,23.425,30.306,13.8
1998-07-21,2.282,11.094,23.619,30.931,10.44
1998-07-22,4.589,8.205,23.856,28.306,10.6
1998-07-23,1.998,8.947,23.4,28.656,13.0
1998-07-24,12.788,9.032,23.425,28.775,11.08
1998-07-25,0.55,9.263,23.6,29.069,9.08
1998-07-26,1.069,9.479,23.281,29.019,8.68
1998-07-27,7.636,10.144,23.306,29.738,14.76
1998-07-28,9.334,9.924,23.469,29.594,9.96
1998-07-29,5.708,8.877,23.538,28.65,27.64
1998-07-30,11.339,10.044,24.163,30.288,54.64
1998-07-31,24.401,8.149,23.462,27.906,20.9
1998-08-01,6.959,9.758,24.05,29.869,26.0
1998-08-02,4.263,10.707,24.381,31.05,11.88
1998-08-03,16.232,10.948,24.225,31.156,10.92
1998-08-04,7.056,9.452,24.669,30.062,8.92
1998-08-05,18.396,9.65,24.175,29.894,9.32
1998-08-06,8.228,8.576,24.369,29.019,10.28
1998-08-07,20.046,8.607,23.769,28.525,9.8
1998-08-08,7.206,9.676,23.144,29.044,12.52
1998-08-09,0.853,9.855,22.919,29.025,30.84
1998-08-10,3.581,11.989,23.006,31.231,17.18
1998-08-11,3.205,10.808,24.231,30.975,11.88
1998-08-12,4.996,9.578,24.25,29.812,42.62
1998-08-13,5.857,10.494,23.719,30.256,68.96
1998-08-14,14.234,10.162,23.606,29.869,29.6
1998-08-15,2.889,9.359,23.806,29.231,13.64
1998-08-16,0.0,10.509,23.731,30.275,10.28
1998-08-17,25.634,9.609,23.719,29.387,14.56
1998-08-18,16.334,10.736,23.175,30.056,79.42
1998-08-19,30.247,9.851,23.369,29.331,33.58
1998-08-20,17.687,10.483,22.956,29.631,17.78
1998-08-21,17.047,10.875,23.65,30.55,12.52
1998-08-22,1.035,9.386,24.012,29.394,26.88
1998-08-23,32.432,9.733,23.137,29.031,49.66
1998-08-24,0.0,10.97,24.106,30.988,66.04
1998-08-25,17.61,9.394,24.144,29.506,40.74
1998-08-26,11.43,8.364,23.556,28.087,82.36
1998-08-27,7.492,9.573,23.956,29.519,25.84
1998-08-28,0.0,8.527,23.9,28.506,16.36
1998-08-29,2.581,9.43,24.262,29.631,13.16
1998-08-30,5.564,10.233,23.413,29.725,25.34
1998-08-31,12.804,6.144,23.606,26.244,63.52
1998-09-01,0.0,9.0,23.456,28.581,19.06
1998-09-02,6.491,9.747,23.512,29.363,11.72
1998-09-03,10.42,8.722,23.975,28.756,12.04
1998-09-04,1.171,8.048,23.15,27.469,16.34
1998-09-05,0.0,9.736,23.506,29.312,14.6
1998-09-06,0.0,10.403,23.438,29.925,10.76
1998-09-07,3.73,9.791,24.606,30.269,9.16
1998-09-08,2.002,7.191,23.694,27.2,7.88
1998-09-09,4.118,11.131,23.25,30.506,7.64
1998-09-10,7.16,8.263,23.837,28.244,7.4
1998-09-11,12.182,8.823,23.137,28.175,8.84
1998-09-12,1.223,8.635,23.538,28.344,10.12
1998-09-13,2.9,7.565,23.15,27.056,13.16
1998-09-14,2.665,12.322,22.637,31.306,51.6
1998-09-15,5.53,9.601,23.981,29.644,23.76
1998-09-16,3.393,10.764,24.056,30.831,12.84
1998-09-17,0.557,9.071,24.294,29.406,9.08
1998-09-18,9.511,9.605,24.038,29.7,7.8
1998-09-19,3.894,11.646,23.587,31.363,7.64
1998-09-20,11.217,9.294,23.931,29.337,7.4
1998-09-21,6.248,10.14,23.363,29.731,36.74
1998-09-22,1.805,8.463,24.006,28.631,26.3
1998-09-23,2.588,8.704,23.663,28.581,13.48
1998-09-24,8.664,10.201,23.506,29.913,9.64
1998-09-25,0.206,10.809,23.694,30.681,8.28
1998-09-26,1.371,9.166,23.656,29.05,7.8
1998-09-27,4.495,11.497,23.019,30.894,7.4
1998-09-28,7.259,9.213,23.363,28.875,7.24
1998-09-29,0.0,10.915,24.025,31.113,9.08
1998-09-30,0.0,9.762,24.869,30.65,12.68
1998-10-01,2.892,9.939,24.812,30.794,9.8
1998-10-02,12.936,8.233,24.356,28.831,8.76
1998-10-03,6.053,9.402,24.188,29.788,24.28
1998-10-04,3.38,10.178,23.1,29.725,17.02
1998-10-05,3.883,9.471,24.475,30.131,12.84
1998-10-06,5.326,7.181,24.306,27.913,11.56
1998-10-07,4.426,8.128,23.506,28.087,10.92
1998-10-08,10.046,9.816,23.65,29.881,9.32
1998-10-09,4.449,7.178,24.369,27.994,35.62
1998-10-10,8.369,9.738,23.631,29.837,66.88
1998-10-11,0.0,9.538,23.887,29.819,76.84
1998-10-12,6.774,8.576,23.962,28.969,30.3
1998-10-13,0.899,9.379,24.0,29.794,16.56
1998-10-14,2.185,8.798,22.969,28.394,12.36
1998-10-15,0.0,9.237,23.231,29.069,17.4
1998-10-16,10.858,10.174,23.544,30.331,12.2
1998-10-17,5.072,8.729,23.637,28.95,10.44
1998-10-18,7.555,8.527,23.944,28.994,23.82
1998-10-19,11.051,8.808,23.962,29.306,55.84
1998-10-20,7.575,9.536,23.363,29.587,49.8
1998-10-21,5.992,8.985,23.381,29.056,37.62
1998-10-22,3.286,8.098,24.175,28.863,18.6
1998-10-23,4.905,5.967,24.369,27.137,14.6
1998-10-24,0.0,7.672,23.856,28.212,12.84
1998-10-25,0.0,8.345,23.788,28.812,11.88
1998-10-26,0.0,7.994,24.119,28.756,9.8
1998-10-27,0.0,8.635,24.225,29.506,8.44
1998-10-28,2.702,8.388,23.856,28.975,7.8
1998-10-29,0.0,7.493,24.075,28.306,8.6
1998-10-30,5.647,9.001,23.738,29.556,8.36
1998-10-31,27.797,9.325,23.569,29.812,12.28
1998-11-01,12.8,7.667,23.55,28.087,14.12
1998-11-02,11.024,10.155,23.413,30.619,54.88
1998-11-03,2.647,9.247,23.531,29.806,24.28
1998-11-04,7.399,8.327,23.475,28.738,14.28
1998-11-05,0.0,8.928,23.856,29.694,9.64
1998-11-06,0.0,9.169,22.887,29.231,8.36
1998-11-07,12.351,6.197,22.806,26.144,7.64
1998-11-08,0.472,9.747,22.919,29.919,40.08
1998-11-09,2.054,9.62,22.919,29.819,16.14
1998-11-10,2.543,10.437,23.406,31.119,13.96
1998-11-11,0.0,8.468,23.456,29.019,9.48
1998-11-12,0.0,8.434,23.238,28.812,8.68
1998-11-13,6.938,7.649,23.262,28.025,14.92
1998-11-14,12.954,7.61,22.931,27.738,13.48
1998-11-15,34.677,7.781,23.719,28.6,12.7
1998-11-16,4.77,8.941,23.488,29.65,32.04
1998-11-17,20.099,10.142,22.831,30.512,21.68
1998-11-18,9.275,8.617,23.762,29.594,25.16
1998-11-19,12.971,8.27,23.706,29.181,12.84
1998-11-20,13.466,8.684,23.375,29.419,75.16
1998-11-21,11.704,7.473,22.269,27.25,21.36
1998-11-22,11.412,8.073,22.625,28.163,82.48
1998-11-23,0.0,9.59,22.087,29.444,69.48
1998-11-24,4.908,9.914,22.988,30.544,57.76
1998-11-25,0.411,8.879,23.062,29.438,31.24
1998-11-26,3.424,9.141,23.006,29.688,18.66
1998-11-27,0.0,8.673,22.562,28.856,24.14
1998-11-28,0.0,8.492,22.731,28.762,15.98
1998-11-29,7.519,9.855,22.688,30.331,12.52
1998-11-30,12.804,9.564,23.019,30.262,11.4
1998-12-01,0.0,8.885,23.25,29.675,9.32
1998-12-02,23.295,7.497,23.244,28.169,9.48
1998-12-03,0.642,7.955,23.831,29.144,18.7
1998-12-04,0.0,8.571,23.531,29.569,9.16
1998-12-05,2.765,8.537,23.919,29.881,7.88
1998-12-06,1.022,8.556,23.744,29.731,7.56
1998-12-07,0.0,6.228,23.806,27.375,7.4
1998-12-08,0.0,5.994,23.181,26.6,7.16
1998-12-09,0.0,8.479,23.731,29.663,6.84
1998-12-10,0.0,9.306,22.775,29.875,6.68
1998-12-11,0.0,8.653,23.994,30.075,6.6
1998-12-12,15.101,7.663,23.506,28.625,6.44
1998-12-13,9.343,8.125,23.312,28.956,6.44
1998-12-14,9.888,8.371,23.288,29.269,8.84
1998-12-15,21.829,8.088,23.706,29.256,6.68
1998-12-16,29.606,7.728,23.575,28.75,7.0
1998-12-17,2.421,7.837,23.538,28.837,16.04
1998-12-18,19.566,8.052,23.669,29.181,71.68
1998-12-19,0.0,9.464,23.319,30.512,22.98
1998-12-20,5.001,10.035,23.613,31.419,15.72
1998-12-21,7.757,6.695,23.35,27.469,27.9
1998-12-22,22.63,9.593,22.837,30.306,19.86
1998-12-23,1.069,9.217,22.919,29.913,11.56
1998-12-24,0.808,9.7,22.9,30.488,9.24
1998-12-25,4.708,9.138,23.006,29.881,8.36
1998-12-26,25.1,9.811,22.769,30.5,34.16
1998-12-27,1.876,9.053,23.031,29.788,31.94
1998-12-28,22.871,9.323,22.863,29.969,42.6
1998-12-29,12.244,8.044,22.956,28.556,18.24
1998-12-30,31.946,9.115,22.637,29.562,12.2
1998-12-31,0.0,9.656,23.35,30.725,11.08
1999-01-01,16.658,9.347,22.625,29.8,9.6
1999-01-02,0.908,7.584,23.525,28.481,8.4
1999-01-03,0.0,7.81,23.887,29.044,8.0
1999-01-04,3.0,7.978,23.256,28.675,7.5
1999-01-05,0.0,8.397,23.069,28.988,8.6
1999-01-06,0.0,9.203,23.325,30.087,7.8
1999-01-07,0.0,9.911,23.106,30.738,7.6
1999-01-08,0.0,8.479,23.481,29.369,7.5
1999-01-09,0.0,8.902,23.062,29.506,7.0
1999-01-10,12.22,7.657,23.012,28.056,6.8
1999-01-11,0.0,8.159,22.95,28.556,6.1
1999-01-12,0.0,9.032,23.106,29.65,5.9
1999-01-13,0.0,9.854,21.144,29.1,6.5
1999-01-14,0.0,8.806,22.262,28.706,6.4
1999-01-15,0.0,8.984,21.288,28.125,6.2
1999-01-16,0.0,9.742,21.337,29.044,5.6
1999-01-17,0.0,9.737,21.575,29.194,5.4
1999-01-18,0.0,9.265,22.219,29.106,5.5
1999-01-19,0.0,8.937,23.094,29.406,6.8
1999-01-20,0.0,9.652,23.175,30.231,6.1
1999-01-21,0.0,9.759,22.469,29.794,5.5
1999-01-22,0.0,9.173,23.119,29.606,5.3
1999-01-23,1.933,9.064,22.906,29.288,5.8
1999-01-24,31.415,8.294,22.538,28.125,5.5
1999-01-25,14.009,9.395,22.469,29.294,6.6
1999-01-26,0.0,8.294,23.431,28.819,16.9
1999-01-27,4.38,9.355,22.938,29.544,14.4
1999-01-28,0.583,9.646,22.438,29.469,8.3
1999-01-29,1.5,9.354,22.637,29.275,8.3
1999-01-30,0.0,9.879,22.962,30.075,7.6
1999-01-31,0.0,9.336,23.675,30.019,7.0
1999-02-01,0.0,8.17,23.938,28.975,5.5
1999-02-02,4.621,8.324,23.462,28.719,5.1
1999-02-03,0.0,10.331,22.419,30.056,4.9
1999-02-04,0.0,9.422,23.212,29.656,4.8
1999-02-05,0.0,8.922,23.069,28.981,4.6
1999-02-06,0.0,9.27,23.188,29.406,4.6
1999-02-07,0.0,8.702,22.825,28.506,4.5
1999-02-08,0.0,9.131,23.25,29.288,4.5
1999-02-09,0.0,8.434,23.506,28.738,4.4
1999-02-10,0.472,8.363,23.775,28.863,7.0
1999-02-11,0.0,7.737,23.169,27.712,5.4
1999-02-12,6.104,8.429,22.519,27.863,4.9
1999-02-13,4.226,8.508,22.512,27.906,4.8
1999-02-14,29.527,8.078,22.331,27.312,66.4
1999-02-15,17.653,7.692,22.594,27.131,80.6
1999-02-16,19.428,8.588,22.744,28.125,63.4
1999-02-17,7.93,6.002,22.375,25.337,32.7
1999-02-18,0.0,9.556,22.531,28.894,16.2
1999-02-19,5.54,10.082,22.056,29.069,12.8
1999-02-20,1.598,7.639,22.394,26.806,9.4
1999-02-21,0.0,8.554,22.137,27.5,15.9
1999-02-22,0.0,9.783,21.894,28.562,12.3
1999-02-23,0.0,8.858,22.65,28.194,9.7
1999-02-24,26.268,7.642,22.294,26.7,8.6
1999-02-25,34.039,10.224,22.425,29.4,8.9
1999-02-26,8.7,9.459,22.619,28.719,35.9
1999-02-27,0.0,9.388,22.275,28.337,51.7
1999-02-28,0.0,9.153,22.275,28.075,72.7
1999-03-01,0.0,8.52,22.175,27.344,29.2
1999-03-02,0.0,8.484,22.462,27.531,19.0
1999-03-03,0.0,10.232,22.163,29.044,17.8
1999-03-04,0.45,10.093,22.306,28.994,13.8
1999-03-05,0.518,9.908,23.319,29.575,56.4
1999-03-06,0.0,10.827,23.119,30.306,33.1
1999-03-07,0.496,10.197,23.738,30.15,21.0
1999-03-08,1.625,10.115,22.775,29.306,15.7
1999-03-09,0.0,10.409,22.913,29.694,13.5
1999-03-10,2.336,8.934,22.581,27.925,12.5
1999-03-11,1.607,10.302,22.806,29.475,12.3
1999-03-12,0.738,9.679,23.431,29.319,10.6
1999-03-13,0.0,10.135,24.556,30.637,9.5
1999-03-14,4.492,10.465,23.913,30.431,8.6
1999-03-15,11.658,6.955,22.781,26.225,8.2
1999-03-16,4.081,7.872,22.431,26.756,7.9
1999-03-17,4.041,10.761,22.706,29.762,7.7
1999-03-18,5.741,8.77,23.294,28.256,8.0
1999-03-19,0.0,8.815,22.994,28.044,7.7
1999-03-20,0.0,10.931,23.319,30.344,7.7
1999-03-21,0.0,9.592,22.312,28.238,7.7
1999-03-22,0.0,10.268,22.669,29.175,7.7
1999-03-23,0.0,10.84,22.769,29.856,8.3
1999-03-24,7.891,10.921,23.094,30.169,7.9
1999-03-25,0.0,9.995,22.719,28.925,7.8
1999-03-26,0.0,9.054,23.762,28.85,15.9
1999-03-27,16.617,7.954,24.975,28.881,10.0
1999-03-28,8.423,7.22,24.113,27.506,30.0
1999-03-29,6.911,9.042,23.356,28.469,19.1
1999-03-30,5.435,9.989,23.494,29.488,79.1
1999-03-31,12.792,10.598,23.444,30.025,34.8
1999-04-01,3.052,10.599,23.7,30.225,16.6
1999-04-02,9.175,10.227,24.125,30.2,11.6
1999-04-03,1.803,10.337,23.337,29.663,70.3
1999-04-04,44.295,9.804,23.163,29.0,148.4
1999-04-05,5.855,9.657,23.369,29.038,222.6
1999-04-06,0.0,11.261,23.575,30.738,67.7
1999-04-07,0.0,11.452,22.938,30.462,32.3
1999-04-08,3.236,10.415,23.256,29.681,31.4
1999-04-09,0.0,10.792,23.444,30.163,116.0
1999-04-10,21.83,9.674,23.706,29.312,87.1
1999-04-11,15.786,9.415,22.95,28.494,74.1
1999-04-12,1.079,9.42,23.669,29.038,142.6
1999-04-13,15.643,9.321,24.081,29.325,53.0
1999-04-14,19.691,10.612,23.863,30.331,77.6
1999-04-15,8.213,8.516,24.012,28.506,120.5
1999-04-16,1.869,10.439,24.306,30.519,76.5
1999-04-17,6.626,11.213,24.188,31.194,36.2
1999-04-18,4.528,10.827,25.038,31.456,29.6
1999-04-19,9.646,8.586,24.9,29.325,37.4
1999-04-20,2.594,9.237,23.988,29.137,18.0
1999-04-21,16.299,9.352,24.094,29.331,71.5
1999-04-22,5.995,11.025,24.019,30.869,143.8
1999-04-23,12.631,9.484,24.225,29.594,57.8
1999-04-24,7.867,8.225,23.512,27.863,154.1
1999-04-25,6.357,11.004,22.831,29.95,30.4
1999-04-26,11.35,9.364,23.438,28.844,116.5
1999-04-27,7.103,7.58,23.425,27.244,37.3
1999-04-28,9.257,8.966,23.15,28.244,127.3
1999-04-29,10.653,7.334,23.444,27.044,51.7
1999-04-30,8.279,5.711,23.656,25.956,40.4
1999-05-01,3.638,10.796,22.488,29.519,64.1
1999-05-02,18.483,7.72,22.669,26.756,112.2
1999-05-03,6.488,8.193,22.669,27.169,97.0
1999-05-04,5.819,8.405,22.738,27.438,60.1
1999-05-05,7.322,10.556,22.413,29.244,35.1
1999-05-06,3.601,8.971,22.613,27.85,23.8
1999-05-07,2.552,9.242,23.481,28.837,23.5
1999-05-08,5.459,11.266,23.056,30.512,21.4
1999-05-09,14.416,7.735,23.431,27.456,23.2
1999-05-10,0.508,8.087,22.738,27.175,22.2
1999-05-11,3.515,9.691,22.319,28.363,15.7
1999-05-12,3.06,10.125,22.85,29.238,14.6
1999-05-13,7.329,9.426,22.981,28.681,20.1
1999-05-14,2.115,10.367,22.6,29.319,15.6
1999-05-15,4.156,9.255,23.488,28.906,18.0
1999-05-16,27.943,8.753,23.25,28.256,30.1
1999-05-17,0.819,9.855,22.9,29.019,13.8
1999-05-18,9.042,7.895,23.925,28.056,17.9
1999-05-19,3.931,8.163,23.194,27.7,13.0
1999-05-20,15.431,10.435,23.75,30.312,18.9
1999-05-21,8.707,6.771,23.769,26.944,47.4
1999-05-22,0.0,8.23,23.581,28.062,68.0
1999-05-23,8.868,10.969,23.431,30.631,127.0
1999-05-24,1.685,10.49,23.931,30.55,75.2
1999-05-25,10.708,10.846,24.1,31.019,30.4
1999-05-26,0.0,9.515,24.244,29.831,29.3
1999-05-27,0.0,10.612,24.0,30.725,28.5
1999-05-28,2.562,10.44,24.369,30.85,17.7
1999-05-29,22.244,9.77,24.6,30.381,36.8
1999-05-30,32.371,9.088,23.356,28.769,390.0
1999-05-31,0.0,10.328,23.788,30.306,222.3
1999-06-01,5.459,8.096,23.587,28.031,37.4
1999-06-02,2.342,10.448,23.931,30.556,62.6
1999-06-03,0.984,10.131,24.725,30.887,40.2
1999-06-04,8.753,7.689,23.906,27.919,29.5
1999-06-05,0.0,9.652,24.3,30.069,20.4
1999-06-06,19.797,9.874,23.137,29.387,27.4
1999-06-07,1.866,9.168,23.262,28.794,26.6
1999-06-08,23.373,8.282,23.2,27.894,266.3
1999-06-09,3.142,9.3,23.356,28.994,186.4
1999-06-10,2.299,11.105,23.337,30.844,53.3
1999-06-11,12.903,8.394,23.15,27.956,30.6
1999-06-12,3.002,9.151,23.456,28.956,24.5
1999-06-13,0.354,8.561,23.869,28.731,20.4
1999-06-14,7.648,9.65,23.419,29.406,16.9
1999-06-15,0.0,10.628,23.337,30.344,14.1
1999-06-16,6.627,7.281,22.887,26.731,14.6
1999-06-17,1.009,7.844,23.275,27.569,14.0
1999-06-18,7.977,8.345,23.012,27.844,50.6
1999-06-19,0.469,9.401,23.319,29.106,25.8
1999-06-20,7.632,11.323,22.725,30.613,15.4
1999-06-21,6.151,7.867,23.469,27.794,27.9
1999-06-22,2.634,9.752,23.094,29.294,16.0
1999-06-23,0.528,9.72,23.881,29.869,13.6
1999-06-24,9.89,8.672,23.506,28.544,26.1
1999-06-25,0.17,10.202,23.231,29.85,15.4
1999-06-26,16.102,8.309,23.506,28.206,13.8
1999-06-27,20.525,5.082,22.675,24.756,12.2
1999-06-28,13.943,9.218,22.544,28.294,53.1
1999-06-29,4.145,10.837,22.381,29.825,34.5
1999-06-30,0.101,8.863,23.038,28.387,15.4
1999-07-01,11.255,8.711,23.1,28.256,63.3
1999-07-02,4.571,10.694,23.181,30.294,79.3
1999-07-03,3.693,9.548,22.631,28.688,23.8
1999-07-04,1.233,9.12,22.8,28.406,16.7
1999-07-05,0.0,11.014,22.169,29.844,15.4
1999-07-06,13.73,8.933,23.688,28.919,78.5
1999-07-07,19.563,7.928,23.031,27.425,66.1
1999-07-08,7.326,10.86,22.469,29.894,96.1
1999-07-09,14.539,10.797,21.975,29.444,117.0
1999-07-10,0.635,9.202,23.019,28.625,125.7
1999-07-11,5.288,10.935,22.738,30.175,37.6
1999-07-12,8.215,8.656,23.306,28.325,25.3
1999-07-13,5.869,10.045,23.587,29.9,20.1
1999-07-14,2.883,9.515,22.988,28.931,16.9
1999-07-15,4.472,9.815,24.05,30.031,15.2
1999-07-16,1.578,8.73,23.775,28.75,14.1
1999-07-17,0.0,8.931,23.544,28.756,13.0
1999-07-18,6.37,10.722,23.788,30.7,11.9
1999-07-19,1.504,9.301,23.225,28.856,11.4
1999-07-20,7.84,9.545,23.312,29.15,10.6
1999-07-21,0.0,9.271,23.431,28.969,10.3
1999-07-22,9.053,10.215,23.863,30.244,9.3
1999-07-23,22.741,9.109,23.05,28.525,10.2
1999-07-24,19.506,10.114,23.631,29.95,26.5
1999-07-25,0.0,10.455,23.606,30.269,14.1
1999-07-26,13.669,10.22,23.45,29.887,12.2
1999-07-27,10.754,8.47,24.119,28.756,22.9
1999-07-28,27.645,9.022,23.975,29.144,20.9
1999-07-29,7.166,8.463,23.938,28.6,21.7
1999-07-30,0.738,8.697,23.606,28.519,20.9
1999-07-31,11.951,11.14,23.188,30.575,93.1
1999-08-01,6.186,10.463,22.975,29.719,79.2
1999-08-02,3.708,7.876,23.887,27.994,22.2
1999-08-03,5.353,7.308,22.894,26.65,15.2
1999-08-04,4.661,8.705,23.038,28.038,12.8
1999-08-05,3.955,8.499,23.669,28.356,12.5
1999-08-06,0.0,10.814,23.406,30.375,18.5
1999-08-07,4.241,10.49,22.75,29.544,16.7
1999-08-08,1.478,8.785,23.469,28.444,16.2
1999-08-09,9.759,10.629,23.35,30.125,17.1
1999-08-10,7.637,10.121,23.288,29.575,20.1
1999-08-11,5.725,11.091,23.444,30.65,18.5
1999-08-12,35.657,10.248,23.137,29.587,56.2
1999-08-13,23.969,8.931,23.219,28.356,32.6
1999-08-14,6.434,7.388,23.019,26.831,363.8
1999-08-15,3.267,9.679,22.288,28.312,221.6
1999-08-16,2.739,10.71,23.262,30.119,43.0
1999-08-17,0.0,9.381,24.325,29.669,28.2
1999-08-18,34.987,8.993,23.756,28.825,25.1
1999-08-19,10.43,6.907,23.256,26.587,47.8
1999-08-20,0.54,10.161,23.125,29.431,23.0
1999-08-21,22.89,9.09,22.837,28.175,41.6
1999-08-22,0.952,10.607,21.994,29.019,53.6
1999-08-23,0.818,11.34,22.3,29.981,32.8
1999-08-24,13.401,9.989,22.887,29.075,57.1
1999-08-25,3.35,10.456,23.387,29.919,30.9
1999-08-26,9.616,9.414,22.919,28.531,147.2
1999-08-27,5.055,10.678,22.781,29.656,73.6
1999-08-28,4.735,9.488,23.394,28.988,88.2
1999-08-29,8.153,10.919,23.212,30.238,35.0
1999-08-30,9.683,8.912,24.525,29.394,73.2
1999-08-31,8.092,9.498,23.681,29.262,46.0
1999-09-01,6.039,7.775,23.837,27.812,29.5
1999-09-02,31.618,8.359,23.431,27.969,110.6
1999-09-03,3.778,9.456,23.256,28.869,117.9
1999-09-04,13.971,10.767,23.594,30.381,44.8
1999-09-05,9.147,9.42,23.694,29.163,32.8
1999-09-06,2.063,8.943,23.65,28.688,26.1
1999-09-07,5.534,8.587,24.038,28.694,19.9
1999-09-08,3.341,10.183,23.456,29.738,17.6
1999-09-09,2.913,10.819,23.031,30.05,15.7
1999-09-10,2.339,8.615,22.919,27.812,18.6
1999-09-11,4.675,9.905,23.25,29.306,70.9
1999-09-12,20.312,9.8,22.506,28.631,25.1
1999-09-13,4.237,9.527,23.081,28.806,17.9
1999-09-14,9.41,8.201,22.944,27.45,17.6
1999-09-15,5.564,8.211,23.375,27.831,39.5
1999-09-16,3.641,10.712,22.837,29.825,89.8
1999-09-17,3.727,8.893,22.913,28.131,33.4
1999-09-18,0.526,10.936,22.756,30.006,21.4
1999-09-19,2.737,8.975,23.663,28.8,17.3
1999-09-20,6.891,7.755,23.531,27.587,17.5
1999-09-21,0.0,9.965,23.619,29.738,25.3
1999-09-22,14.011,7.487,23.225,27.106,15.4
1999-09-23,0.098,9.345,22.7,28.419,14.0
1999-09-24,0.414,9.583,23.95,29.669,13.0
1999-09-25,12.629,10.391,22.875,29.619,66.5
1999-09-26,2.115,9.852,23.45,29.55,43.5
1999-09-27,8.316,10.168,23.331,29.8,35.0
1999-09-28,12.647,8.59,22.587,27.637,26.9
1999-09-29,10.661,10.127,22.55,29.15,61.6
1999-09-30,3.695,9.97,22.719,29.137,22.2
1999-10-01,0.0,8.962,23.756,28.981,20.1
1999-10-02,4.505,9.943,23.15,29.5,13.5
1999-10-03,2.513,9.29,23.525,29.163,11.7
1999-10-04,15.417,8.656,23.306,28.394,19.3
1999-10-05,6.142,9.243,22.469,28.306,20.1
1999-10-06,8.96,8.362,22.75,27.656,18.8
1999-10-07,2.182,10.703,22.281,29.706,66.2
1999-10-08,2.69,10.621,22.544,29.819,75.8
1999-10-09,8.127,8.709,22.95,28.212,44.2
1999-10-10,13.4,8.796,23.1,28.431,24.3
1999-10-11,8.894,5.412,23.1,25.419,117.5
1999-10-12,4.686,11.569,22.337,30.769,40.5
1999-10-13,10.31,9.419,23.087,29.113,48.3
1999-10-14,0.0,10.296,23.262,30.175,26.9
1999-10-15,9.817,8.505,23.319,28.406,16.8
1999-10-16,0.0,7.147,23.419,27.256,15.9
1999-10-17,10.667,10.006,22.669,29.469,14.6
1999-10-18,1.328,9.366,22.938,29.031,14.3
1999-10-19,12.389,10.836,23.4,30.975,14.0
1999-10-20,15.968,9.527,23.744,29.894,14.8
1999-10-21,19.187,11.512,23.225,31.619,42.6
1999-10-22,17.303,7.215,23.75,27.669,20.4
1999-10-23,10.334,9.661,23.038,29.55,24.8
1999-10-24,12.199,9.195,23.244,29.244,49.6
1999-10-25,0.79,8.509,23.025,28.363,167.7
1999-10-26,13.504,8.055,22.931,27.875,179.5
1999-10-27,12.339,8.797,23.531,29.131,157.0
1999-10-28,0.518,8.316,23.613,28.731,51.2
1999-10-29,3.221,9.486,23.262,29.7,29.2
1999-10-30,2.929,7.329,23.375,27.569,23.2
1999-10-31,0.183,9.534,22.606,29.256,24.3
1999-11-01,0.0,9.186,22.925,29.169,18.6
1999-11-02,0.0,9.532,23.394,29.913,16.6
1999-11-03,14.244,9.69,23.406,30.125,16.0
1999-11-04,17.469,9.727,23.381,30.181,156.7
1999-11-05,0.0,10.473,23.956,31.444,15.6
1999-11-06,4.845,9.153,23.206,29.462,12.8
1999-11-07,0.379,5.855,23.219,26.219,11.9
1999-11-08,0.0,8.648,22.85,28.675,11.6
1999-11-09,5.346,7.779,23.613,28.381,10.8
1999-11-10,1.486,8.475,22.856,28.569,15.0
1999-11-11,2.202,6.872,23.325,27.3,12.5
1999-11-12,5.652,5.179,22.931,25.4,12.8
1999-11-13,7.654,7.849,22.231,27.438,10.6
1999-11-14,0.456,7.336,23.45,27.944,10.0
1999-11-15,1.364,7.571,23.238,27.981,8.6
1999-11-16,0.0,7.944,23.781,28.831,8.3
1999-11-17,0.657,7.382,22.681,27.331,12.5
1999-11-18,0.0,8.385,22.406,28.225,8.5
1999-11-19,0.0,8.149,21.681,27.456,8.5
1999-11-20,0.0,8.888,22.156,28.637,8.2
1999-11-21,0.0,8.036,22.731,28.156,7.7
1999-11-22,0.0,7.619,22.419,27.462,7.6
1999-11-23,4.102,8.563,22.438,28.556,7.4
1999-11-24,63.793,4.597,22.012,24.163,7.2
1999-11-25,0.0,6.785,21.9,26.175,42.3
1999-11-26,0.0,6.732,21.806,26.05,90.2
1999-11-27,0.0,9.031,21.019,28.087,26.2
1999-11-28,0.0,8.611,21.675,28.131,17.3
1999-11-29,0.0,10.305,22.056,30.419,73.3
1999-11-30,20.112,6.656,22.894,26.956,90.5
1999-12-01,36.081,6.305,23.394,27.031,253.6
1999-12-02,8.492,6.589,22.812,26.85,360.0
1999-12-03,0.0,8.894,22.906,29.431,191.4
1999-12-04,1.762,8.488,23.706,29.613,44.7
1999-12-05,10.935,6.646,23.319,27.363,35.0
1999-12-06,0.5,7.061,23.625,28.031,23.8
1999-12-07,0.0,9.596,23.125,30.456,34.8
1999-12-08,0.0,9.796,23.131,30.712,59.7
1999-12-09,0.0,9.801,22.981,30.613,31.3
1999-12-10,11.898,8.025,23.962,29.381,21.2
1999-12-11,1.782,8.023,23.769,29.212,18.3
1999-12-12,10.117,7.275,23.731,28.394,15.1
1999-12-13,3.757,6.937,22.738,27.238,12.8
1999-12-14,8.612,9.016,22.944,29.688,25.3
1999-12-15,4.962,7.669,23.087,28.325,17.2
1999-12-16,3.625,7.061,23.5,27.962,23.2
1999-12-17,7.937,8.256,23.406,29.206,16.0
1999-12-18,3.999,8.026,23.5,29.025,15.2
1999-12-19,0.675,8.585,23.012,29.281,15.9
1999-12-20,9.507,7.664,23.006,28.231,42.7
1999-12-21,2.557,9.117,23.7,30.413,30.0
1999-12-22,14.903,8.525,23.175,29.312,105.4
1999-12-23,2.045,10.341,21.95,30.55,23.5
1999-12-24,0.0,9.827,22.75,30.506,18.0
1999-12-25,1.012,9.318,22.5,29.738,18.0
1999-12-26,4.299,8.574,22.069,28.494,15.7
1999-12-27,0.0,8.779,21.95,28.675,14.9
1999-12-28,0.0,9.399,21.556,29.1,14.8
1999-12-29,0.0,8.823,22.262,28.938,12.7
1999-12-30,0.0,8.025,22.669,28.306,15.6
1999-12-31,0.0,8.851,22.938,29.462,12.8
2000-01-01,0.0,10.147,23.113,31.094,11.9
2000-01-02,0.0,7.999,23.2,28.7,11.7
2000-01-03,0.0,9.483,22.044,29.462,12.2
2000-01-04,8.501,9.826,22.044,29.863,11.2
2000-01-05,8.349,8.554,22.669,28.856,10.6
2000-01-06,1.4,8.89,22.025,28.706,8.9
2000-01-07,1.204,9.333,22.381,29.494,8.0
2000-01-08,0.0,9.538,21.762,29.244,7.9
2000-01-09,0.0,8.518,21.781,28.044,8.6
2000-01-10,0.0,9.925,21.413,29.438,8.0
2000-01-11,0.0,9.944,22.788,30.444,8.3
2000-01-12,0.0,9.821,22.769,30.294,10.0
2000-01-13,0.0,9.575,22.394,29.706,7.3
2000-01-14,0.0,10.134,22.944,30.75,7.4
2000-01-15,0.0,10.206,23.3,31.075,7.1
2000-01-16,0.0,10.593,22.131,30.637,6.7
2000-01-17,0.0,10.994,21.575,30.681,7.1
2000-01-18,0.0,9.664,21.788,29.256,6.4
2000-01-19,0.0,9.512,22.631,29.675,6.2
2000-01-20,0.0,9.408,22.769,29.631,6.1
2000-01-21,0.0,8.581,23.438,29.244,6.1
2000-01-22,0.697,8.677,24.188,29.913,6.0
2000-01-23,0.0,9.765,23.906,30.844,6.0
2000-01-24,5.632,8.127,23.175,28.488,6.0
2000-01-25,6.867,9.825,22.538,29.819,5.8
2000-01-26,0.0,9.63,22.55,29.581,5.8
2000-01-27,3.609,8.843,22.744,28.856,5.6
2000-01-28,0.0,9.729,22.725,29.794,5.6
2000-01-29,0.0,9.889,22.919,30.075,5.8
2000-01-30,4.951,10.297,22.381,30.094,5.8
2000-01-31,3.735,9.653,22.725,29.619,5.8
2000-02-01,7.442,8.609,23.294,28.919,6.3
2000-02-02,3.12,7.633,22.8,27.488,6.7
2000-02-03,0.0,9.709,22.45,29.387,6.1
2000-02-04,27.74,9.417,22.663,29.219,10.4
2000-02-05,0.802,9.492,22.8,29.35,21.2
2000-02-06,0.0,9.958,22.712,29.781,8.7
2000-02-07,0.0,9.813,23.594,30.275,7.9
2000-02-08,0.0,10.293,22.919,30.275,6.7
2000-02-09,0.0,9.296,23.069,29.312,6.3
2000-02-10,0.0,8.729,23.394,28.938,6.1
2000-02-11,0.0,9.871,22.887,29.694,5.7
2000-02-12,0.0,10.461,22.812,30.25,5.5
2000-02-13,0.0,10.886,22.844,30.7,5.4
2000-02-14,0.0,10.555,23.188,30.569,5.0
2000-02-15,0.0,9.804,23.188,29.744,4.9
2000-02-16,13.626,10.675,22.887,30.413,4.9
2000-02-17,1.77,10.067,22.769,29.637,5.5
2000-02-18,1.937,10.381,22.175,29.488,5.6
2000-02-19,0.0,10.282,22.556,29.656,5.9
2000-02-20,0.0,9.671,22.712,29.125,5.5
2000-02-21,2.567,10.497,22.45,29.744,5.1
2000-02-22,0.0,9.47,22.056,28.369,4.8
2000-02-23,0.0,8.701,22.219,27.669,5.1
2000-02-24,1.701,7.954,22.688,27.294,5.6
2000-02-25,0.588,9.878,21.975,28.65,6.0
2000-02-26,0.0,10.507,22.431,29.619,6.2
2000-02-27,13.453,9.439,22.387,28.462,5.9
2000-02-28,0.0,10.004,22.044,28.775,10.8
2000-02-29,0.0,9.272,22.425,28.319,9.8
2000-03-01,0.0,6.9,23.244,26.712,18.9
2000-03-02,0.0,8.937,23.394,28.7,11.9
2000-03-03,0.0,8.478,24.069,28.806,8.2
2000-03-04,1.231,10.009,23.144,29.525,6.3
2000-03-05,0.937,9.291,23.619,29.175,4.8
2000-03-06,1.683,8.717,24.181,29.075,5.4
2000-03-07,12.091,8.66,23.538,28.488,5.3
2000-03-08,0.752,9.448,22.744,28.587,6.0
2000-03-09,0.0,9.75,22.819,28.919,7.0
2000-03-10,0.0,9.926,22.681,28.994,6.2
2000-03-11,0.0,11.21,22.2,29.906,7.5
2000-03-12,1.2,10.903,23.475,30.538,5.2
2000-03-13,0.319,9.587,23.525,29.262,4.9
2000-03-14,0.0,10.571,23.775,30.406,4.7
2000-03-15,1.289,10.874,23.613,30.581,4.6
2000-03-16,5.103,9.594,23.725,29.387,4.5
2000-03-17,0.0,10.894,23.5,30.462,4.4
2000-03-18,0.0,10.353,23.144,29.65,4.4
2000-03-19,0.0,10.223,22.656,29.125,4.4
2000-03-20,0.0,11.924,21.419,29.925,4.2
2000-03-21,1.7,9.198,23.281,28.631,4.3
2000-03-22,0.0,8.836,23.444,28.419,4.4
2000-03-23,0.0,7.799,22.906,27.0,4.3
2000-03-24,0.0,12.592,20.756,30.125,4.3
2000-03-25,0.0,9.47,21.769,27.65,4.2
2000-03-26,0.0,11.551,21.869,29.844,4.2
2000-03-27,0.0,11.368,22.238,29.887,4.0
2000-03-28,0.0,12.843,21.762,31.044,4.0
2000-03-29,0.0,10.645,23.413,30.044,3.8
2000-03-30,2.649,9.241,23.769,28.981,4.2
2000-03-31,0.378,12.039,23.8,31.7,4.2
2000-04-01,0.0,11.132,23.656,30.681,3.8
2000-04-02,5.976,10.402,24.019,30.269,3.8
2000-04-03,0.578,9.072,24.337,29.275,3.8
2000-04-04,1.786,7.886,23.556,27.6,3.8
2000-04-05,0.196,8.281,23.05,27.519,3.8
2000-04-06,0.0,8.382,23.581,28.069,3.8
2000-04-07,0.0,9.858,24.025,29.775,3.8
2000-04-08,7.307,12.227,23.137,31.387,3.8
2000-04-09,0.0,10.407,24.413,30.575,3.8
2000-04-10,0.099,10.382,24.55,30.65,3.8
2000-04-11,0.0,10.213,23.981,30.038,3.8
2000-04-12,3.01,10.083,23.619,29.613,3.9
2000-04-13,7.475,10.292,23.475,29.706,3.9
2000-04-14,3.519,8.507,22.569,27.294,3.9
2000-04-15,0.0,10.997,23.25,30.212,7.2
2000-04-16,5.246,10.187,23.556,29.681,8.2
2000-04-17,4.35,9.422,23.919,29.25,6.9
2000-04-18,4.572,10.836,23.544,30.306,7.8
2000-04-19,16.625,9.657,23.656,29.262,7.6
2000-04-20,1.512,10.743,23.7,30.337,7.4
2000-04-21,6.628,9.812,23.938,29.656,7.2
2000-04-22,32.879,8.137,23.969,28.163,7.2
2000-04-23,2.186,10.536,23.775,30.206,22.2
2000-04-24,26.511,9.498,23.637,29.119,26.6
2000-04-25,3.948,9.672,23.144,28.919,32.8
2000-04-26,5.494,11.571,24.087,31.481,37.8
2000-04-27,5.603,11.211,24.519,31.5,32.0
2000-04-28,6.439,9.996,24.837,30.587,25.3
2000-04-29,16.541,8.873,24.275,29.1,20.4
2000-04-30,1.46,9.293,24.319,29.531,26.6
2000-05-01,1.145,9.779,23.706,29.494,16.0
2000-05-02,5.638,9.936,22.806,28.956,24.0
2000-05-03,0.0,8.988,23.925,28.962,12.7
2000-05-04,2.472,8.92,23.906,28.887,8.3
2000-05-05,24.697,9.283,23.538,28.919,52.0
2000-05-06,6.723,8.964,23.469,28.562,14.4
2000-05-07,7.951,10.476,23.188,29.806,12.2
2000-05-08,6.838,10.223,23.406,29.725,11.7
2000-05-09,0.0,11.401,23.575,31.038,8.5
2000-05-10,12.243,8.981,23.606,28.738,48.3
2000-05-11,7.359,10.653,23.913,30.575,71.9
2000-05-12,3.542,10.522,24.113,30.613,30.5
2000-05-13,7.332,8.394,23.569,28.175,28.2
2000-05-14,0.585,8.589,23.306,28.125,15.4
2000-05-15,11.258,10.569,23.631,30.294,21.0
2000-05-16,0.497,10.268,23.788,30.156,19.3
2000-05-17,16.323,10.19,24.163,30.363,55.8
2000-05-18,4.005,9.988,23.819,29.906,34.5
2000-05-19,6.428,8.523,24.062,28.775,32.4
2000-05-20,0.497,10.201,23.312,29.744,12.7
2000-05-21,0.755,10.123,23.406,29.744,14.0
2000-05-22,9.319,9.186,23.981,29.319,12.8
2000-05-23,4.067,10.684,23.738,30.631,12.0
2000-05-24,12.381,9.88,24.2,30.144,10.3
2000-05-25,16.404,10.099,23.519,29.863,9.6
2000-05-26,9.999,10.649,23.65,30.494,12.0
2000-05-27,8.435,7.641,24.356,28.231,10.4
2000-05-28,12.546,8.177,24.025,28.456,61.3
2000-05-29,10.757,10.089,23.419,29.794,11.1
2000-05-30,4.933,9.724,23.406,29.4,9.5
2000-05-31,13.205,9.33,23.05,28.756,15.2
2000-06-01,1.327,9.581,23.194,29.131,18.0
2000-06-02,32.984,9.895,22.812,29.125,176.4
2000-06-03,0.0,9.997,24.575,30.637,94.0
2000-06-04,14.981,9.616,24.081,29.875,52.0
2000-06-05,1.084,10.789,23.762,30.788,28.4
2000-06-06,3.887,8.949,23.962,29.163,22.2
2000-06-07,8.48,9.647,23.781,29.669,16.8
2000-06-08,0.148,10.658,23.181,30.231,15.1
2000-06-09,8.535,9.887,23.413,29.637,19.1
2000-06-10,5.849,9.548,23.25,29.2,34.6
2000-06-11,10.431,10.308,23.325,29.994,56.2
2000-06-12,11.188,8.478,24.163,28.881,37.0
2000-06-13,10.547,9.347,23.225,28.956,192.8
2000-06-14,10.229,9.815,23.837,29.938,43.8
2000-06-15,11.658,8.976,23.356,28.731,24.3
2000-06-16,1.467,7.586,23.669,27.681,21.2
2000-06-17,11.526,6.981,24.019,27.469,15.6
2000-06-18,4.271,10.044,22.988,29.494,13.0
2000-06-19,6.905,9.166,23.288,28.844,11.2
2000-06-20,0.0,9.76,23.35,29.488,10.8
2000-06-21,7.924,9.58,23.781,29.681,45.7
2000-06-22,8.531,8.878,23.356,28.619,101.8
2000-06-23,14.199,8.684,23.212,28.331,59.4
2000-06-24,8.561,7.696,22.731,26.981,22.5
2000-06-25,0.0,11.087,22.856,30.481,16.4
2000-06-26,4.693,10.558,23.113,30.106,13.2
2000-06-27,4.821,10.984,23.45,30.806,12.8
2000-06-28,10.984,10.813,23.419,30.625,13.3
2000-06-29,9.367,10.063,23.4,29.819,23.2
2000-06-30,15.29,8.588,23.344,28.325,89.2
2000-07-01,8.079,8.694,23.488,28.562,65.0
2000-07-02,10.991,9.974,23.988,30.2,57.8
2000-07-03,14.3,9.637,23.344,29.337,58.0
2000-07-04,0.096,10.072,23.956,30.275,23.2
2000-07-05,11.689,8.809,23.169,28.381,80.3
2000-07-06,6.262,9.456,23.462,29.244,29.8
2000-07-07,1.002,8.435,22.719,27.669,15.7
2000-07-08,0.502,10.172,23.919,30.356,12.2
2000-07-09,0.0,10.271,24.137,30.569,17.4
2000-07-10,0.447,9.834,23.6,29.706,11.1
2000-07-11,4.703,10.94,23.369,30.644,8.8
2000-07-12,3.827,10.632,23.656,30.544,8.0
2000-07-13,17.317,9.499,23.863,29.594,7.5
2000-07-14,0.0,10.366,23.188,29.906,24.6
2000-07-15,12.568,9.822,23.325,29.462,18.3
2000-07-16,17.328,9.077,23.887,29.194,116.6
2000-07-17,14.674,9.002,23.35,28.688,200.8
2000-07-18,15.118,9.701,22.863,28.95,100.9
2000-07-19,0.392,10.561,22.988,29.925,28.4
2000-07-20,0.0,10.211,22.913,29.506,24.3
2000-07-21,8.55,8.927,22.788,28.15,67.6
2000-07-22,2.66,9.82,22.556,28.819,107.9
2000-07-23,0.0,9.663,23.425,29.35,27.9
2000-07-24,0.0,7.832,24.169,28.225,21.9
2000-07-25,7.633,9.65,23.188,29.144,26.3
2000-07-26,8.683,9.416,23.475,29.125,44.0
2000-07-27,20.569,9.443,23.394,29.094,179.2
2000-07-28,4.423,7.829,22.65,26.962,105.3
2000-07-29,10.588,9.345,22.919,28.587,49.1
2000-07-30,3.051,9.659,22.169,28.3,37.6
2000-07-31,0.0,10.218,22.581,29.181,25.3
2000-08-01,1.088,10.948,22.669,29.975,20.6
2000-08-02,4.989,10.48,22.788,29.581,19.6
2000-08-03,13.737,9.931,22.956,29.156,19.6
2000-08-04,22.914,7.148,23.15,26.706,53.8
2000-08-05,7.852,7.944,22.45,26.831,32.6
2000-08-06,0.508,8.725,23.294,28.25,19.6
2000-08-07,0.0,10.794,22.825,29.906,15.6
2000-08-08,10.0,9.629,23.125,28.981,111.0
2000-08-09,11.429,9.23,23.663,29.006,29.2
2000-08-10,0.0,11.277,22.956,30.469,17.7
2000-08-11,0.0,11.443,23.8,31.262,14.9
2000-08-12,8.125,11.364,23.781,31.163,55.7
2000-08-13,5.257,10.108,23.619,29.794,35.6
2000-08-14,4.89,11.329,22.944,30.475,23.8
2000-08-15,6.593,10.729,23.613,30.387,45.3
2000-08-16,15.206,11.377,23.65,31.05,39.2
2000-08-17,24.652,10.491,23.581,30.137,36.7
2000-08-18,16.79,8.718,23.731,28.538,28.1
2000-08-19,0.0,11.664,23.669,31.344,280.4
2000-08-20,0.0,10.439,23.694,30.144,46.1
2000-08-21,10.715,10.868,24.488,31.181,25.8
2000-08-22,4.638,10.182,24.056,30.181,25.3
2000-08-23,21.002,9.996,23.962,29.925,65.8
2000-08-24,10.77,9.901,24.431,30.2,70.6
2000-08-25,0.0,10.339,23.975,30.281,151.9
2000-08-26,9.217,8.582,23.819,28.481,42.6
2000-08-27,0.0,10.684,23.675,30.369,30.1
2000-08-28,4.244,10.076,23.812,29.894,28.3
2000-08-29,6.328,10.383,23.731,30.163,19.2
2000-08-30,0.733,10.167,24.219,30.3,16.5
2000-08-31,3.985,9.927,23.4,29.438,16.7
2000-09-01,15.781,10.582,23.45,30.119,39.8
2000-09-02,10.344,10.025,23.631,29.694,20.6
2000-09-03,9.543,11.058,23.581,30.663,50.7
2000-09-04,9.891,5.669,22.738,25.137,61.6
2000-09-05,0.531,9.69,22.762,28.675,23.8
2000-09-06,0.0,10.551,23.45,30.113,23.0
2000-09-07,3.724,10.347,23.194,29.675,16.5
2000-09-08,2.146,10.685,23.0,29.869,19.2
2000-09-09,9.234,11.539,23.519,31.131,19.3
2000-09-10,21.135,8.869,23.131,28.212,22.1
2000-09-11,20.582,9.152,23.594,28.881,25.9
2000-09-12,2.393,11.307,22.738,30.312,269.3
2000-09-13,5.023,10.132,24.05,30.175,56.2
2000-09-14,4.972,9.304,23.762,29.212,21.9
2000-09-15,2.593,9.508,23.6,29.238,15.9
2000-09-16,8.378,9.852,23.756,29.712,14.4
2000-09-17,7.833,8.872,22.812,27.994,42.2
2000-09-18,0.168,8.75,22.981,28.031,19.1
2000-09-19,5.014,10.876,23.556,30.575,21.4
2000-09-20,10.372,8.425,23.319,28.025,24.3
2000-09-21,14.969,9.82,22.863,28.994,24.6
2000-09-22,3.32,10.914,23.512,30.631,55.4
2000-09-23,9.554,10.88,23.238,30.394,35.1
2000-09-24,31.247,8.765,22.694,27.9,324.4
2000-09-25,6.843,10.175,23.594,29.975,208.5
2000-09-26,8.134,9.485,23.456,29.219,123.9
2000-09-27,11.846,7.906,23.788,28.006,199.2
2000-09-28,0.0,9.412,23.106,28.887,85.5
2000-09-29,14.691,7.015,23.331,26.844,76.2
2000-09-30,1.768,11.18,22.981,30.606,62.0
2000-10-01,1.391,12.019,22.637,31.256,30.6
2000-10-02,16.601,9.703,23.688,29.688,24.8
2000-10-03,1.838,10.672,23.512,30.569,21.4
2000-10-04,19.123,9.43,23.4,29.238,91.4
2000-10-05,14.21,10.374,23.337,30.169,147.5
2000-10-06,4.318,9.286,23.975,29.569,91.3
2000-10-07,12.843,10.476,24.156,30.925,39.4
2000-10-08,11.409,9.746,23.925,30.025,27.9
2000-10-09,1.668,10.542,23.469,30.494,23.8
2000-10-10,11.401,10.642,23.519,30.656,63.5
2000-10-11,5.082,10.577,23.806,30.856,200.5
2000-10-12,0.0,8.488,24.006,28.944,47.4
2000-10-13,4.98,9.658,24.019,30.1,29.0
2000-10-14,0.0,9.17,24.15,29.756,23.2
2000-10-15,12.805,8.662,23.456,28.706,20.6
2000-10-16,0.0,10.578,23.475,30.706,18.6
2000-10-17,4.407,10.484,23.194,30.406,20.4
2000-10-18,34.057,8.156,23.444,28.238,35.2
2000-10-19,1.648,8.937,23.375,29.012,117.3
2000-10-20,20.089,10.596,23.081,30.525,88.6
2000-10-21,22.562,6.83,24.156,27.694,132.7
2000-10-22,2.916,10.28,23.038,30.194,49.3
2000-10-23,3.496,10.181,23.65,30.587,27.4
2000-10-24,25.615,8.121,23.494,28.356,190.6
2000-10-25,3.609,9.401,23.244,29.481,314.0
2000-10-26,2.641,9.588,22.825,29.381,194.1
2000-10-27,12.076,8.023,23.587,28.4,52.1
2000-10-28,5.304,9.476,23.594,29.925,38.3
2000-10-29,15.336,10.28,23.137,30.456,29.9
2000-10-30,7.735,9.476,23.512,29.919,94.5
2000-10-31,12.832,8.02,23.681,28.587,37.0
2000-11-01,1.35,9.237,23.788,29.919,26.2
2000-11-02,45.068,7.157,23.469,27.575,137.7
2000-11-03,5.593,9.586,22.956,29.669,133.9
2000-11-04,0.0,9.496,23.281,29.869,30.4
2000-11-05,0.0,9.148,23.0,29.281,19.4
2000-11-06,0.0,9.579,23.706,30.312,20.5
2000-11-07,0.0,7.943,23.775,28.669,20.3
2000-11-08,0.0,9.497,23.431,30.069,17.6
2000-11-09,0.0,9.311,23.694,30.087,16.3
2000-11-10,0.503,9.359,23.6,30.113,15.4
2000-11-11,39.872,6.407,23.35,26.875,119.9
2000-11-12,0.0,8.95,22.781,29.056,140.3
2000-11-13,0.0,9.911,22.006,29.562,36.2
2000-11-14,0.0,9.153,22.169,28.85,19.6
2000-11-15,7.789,8.843,22.45,28.725,16.7
2000-11-16,0.0,9.671,23.363,30.394,17.8
2000-11-17,3.335,6.768,23.581,27.494,16.7
2000-11-18,10.671,7.428,23.212,27.881,16.5
2000-11-19,1.794,8.039,23.175,28.525,15.4
2000-11-20,0.0,9.498,22.894,29.906,14.5
2000-11-21,0.0,10.301,23.137,31.069,14.0
2000-11-22,0.0,10.392,22.75,30.906,12.9
2000-11-23,0.0,10.439,22.656,30.906,13.3
2000-11-24,0.0,9.248,22.825,29.675,12.9
2000-11-25,0.313,8.431,23.781,29.512,14.5
2000-11-26,0.0,10.513,22.562,30.975,13.8
2000-11-27,12.681,9.676,22.719,30.125,13.1
2000-11-28,24.655,9.772,23.106,30.556,12.1
2000-11-29,12.12,6.471,23.619,27.35,11.5
2000-11-30,2.335,6.923,23.056,27.369,11.9
2000-12-01,4.503,9.02,23.581,30.106,11.0
2000-12-02,16.406,8.406,23.762,29.581,8.6
2000-12-03,2.319,7.068,22.819,27.387,8.6
2000-12-04,8.938,8.526,23.65,29.613,8.5
2000-12-05,18.468,9.745,23.231,30.706,8.4
2000-12-06,20.558,7.261,23.312,28.025,19.0
2000-12-07,8.971,6.705,23.781,27.8,11.4
2000-12-08,4.765,8.401,23.481,29.381,28.6
2000-12-09,0.0,10.023,23.144,31.025,18.5
2000-12-10,8.517,8.924,23.725,30.225,12.9
2000-12-11,12.087,8.769,23.712,29.994,13.8
2000-12-12,0.0,8.771,23.938,30.181,15.2
2000-12-13,0.927,9.863,23.931,31.456,11.5
2000-12-14,1.772,9.626,23.288,30.694,9.8
2000-12-15,0.0,9.659,23.062,30.562,7.6
2000-12-16,3.585,9.315,22.825,29.969,7.6
2000-12-17,0.0,10.039,22.7,30.731,6.8
2000-12-18,0.0,9.45,22.325,29.756,6.6
2000-12-19,0.0,9.411,22.2,29.625,6.5
2000-12-20,0.0,8.961,22.9,29.637,6.8
2000-12-21,0.0,9.41,23.019,30.219,7.0
2000-12-22,0.0,9.009,23.188,29.913,7.0
2000-12-23,0.0,8.164,23.663,29.3,6.4
2000-12-24,0.0,9.144,23.462,30.25,5.9
2000-12-25,20.019,9.242,23.525,30.419,5.7
2000-12-26,10.438,9.234,22.731,29.775,5.7
2000-12-27,20.158,8.708,23.169,29.481,5.0
2000-12-28,29.295,8.632,22.988,29.281,16.1
2000-12-29,9.917,8.415,23.062,29.081,30.9
2000-12-30,16.572,7.484,23.206,28.137,65.6
2000-12-31,11.95,8.876,22.806,29.375,46.4
2001-01-01,9.101,9.141,22.944,29.844,14.9
2001-01-02,0.307,8.718,23.488,29.706,11.6
2001-01-03,0.0,10.517,22.387,31.012,10.4
2001-01-04,0.0,9.035,22.831,29.606,9.0
2001-01-05,0.0,7.938,22.938,28.444,8.3
2001-01-06,0.0,8.387,22.288,28.375,7.2
2001-01-07,0.492,8.648,22.5,28.819,6.5
2001-01-08,0.0,8.694,22.694,29.006,6.7
2001-01-09,0.0,9.542,22.969,30.188,6.0
2001-01-10,0.0,9.117,22.719,29.462,16.1
2001-01-11,4.709,9.197,22.5,29.387,10.6
2001-01-12,0.0,9.715,22.444,29.919,13.8
2001-01-13,0.0,9.196,22.6,29.425,8.2
2001-01-14,0.0,9.34,22.762,29.694,7.1
2001-01-15,0.0,9.484,22.644,29.744,5.4
2001-01-16,0.0,9.228,22.675,29.444,5.2
2001-01-17,0.0,8.749,23.106,29.238,6.5
2001-01-18,0.743,8.97,22.631,29.075,4.9
2001-01-19,20.608,7.667,23.181,28.075,6.9
2001-01-20,0.149,8.767,22.756,28.894,6.0
2001-01-21,0.455,10.725,21.8,30.413,5.2
2001-01-22,4.53,9.115,21.725,28.456,4.7
2001-01-23,11.927,6.99,22.844,27.031,7.9
2001-01-24,1.287,8.771,22.562,28.725,8.6
2001-01-25,0.0,10.312,21.825,29.85,6.2
2001-01-26,0.0,9.712,23.019,30.038,7.0
2001-01-27,0.0,9.298,22.931,29.488,5.9
2001-01-28,0.0,10.574,22.794,30.8,9.2
2001-01-29,0.0,9.444,23.544,30.069,8.6
2001-01-30,0.0,10.832,22.119,30.525,9.5
2001-01-31,0.0,10.972,22.55,30.969,7.3
2001-02-01,0.0,9.998,22.594,29.869,4.3
2001-02-02,0.0,9.895,22.006,29.281,4.6
2001-02-03,0.0,10.36,22.1,29.85,4.0
2001-02-04,0.0,10.277,22.544,30.056,3.4
2001-02-05,0.0,9.322,22.794,29.188,3.3
2001-02-06,0.0,10.728,23.05,30.894,3.3
2001-02-07,0.0,10.245,23.613,30.762,3.2
2001-02-08,0.919,11.413,23.425,31.85,2.8
2001-02-09,0.0,10.213,23.587,30.65,2.4
2001-02-10,0.0,11.237,22.925,31.225,2.4
2001-02-11,0.0,9.8,23.619,30.181,2.3
2001-02-12,0.0,10.632,23.706,31.113,2.3
2001-02-13,0.0,11.751,23.525,32.15,2.2
2001-02-14,0.0,10.589,23.363,30.738,2.2
2001-02-15,0.0,10.746,23.587,31.056,2.1
2001-02-16,0.0,10.134,23.488,30.294,2.1
2001-02-17,0.0,9.51,23.781,29.85,2.0
2001-02-18,0.0,10.438,22.95,30.188,2.0
2001-02-19,0.795,9.877,23.325,29.856,1.9
2001-02-20,0.0,9.08,23.562,29.206,1.9
2001-02-21,0.604,9.233,23.581,29.35,1.9
2001-02-22,0.53,10.296,22.262,29.4,1.9
2001-02-23,0.0,11.07,22.269,30.219,1.8
2001-02-24,0.0,9.706,22.731,29.081,1.8
2001-02-25,11.509,10.926,22.581,30.206,1.8
2001-02-26,0.0,9.762,23.45,29.644,1.8
2001-02-27,0.495,10.376,22.738,29.725,1.7
2001-02-28,0.0,11.114,21.725,29.725,1.7
2001-03-01,0.0,10.214,22.619,29.425,1.7
2001-03-02,0.0,10.814,22.475,29.925,1.7
2001-03-03,0.0,10.279,23.144,29.85,1.6
2001-03-04,0.0,11.142,23.256,30.788,1.6
2001-03-05,0.0,9.202,23.55,29.056,1.7
2001-03-06,0.0,10.045,22.775,29.256,1.7
2001-03-07,13.703,8.859,23.231,28.438,12.4
2001-03-08,0.0,9.707,22.931,29.031,76.0
2001-03-09,0.0,8.925,23.95,29.062,36.1
2001-03-10,0.0,10.294,23.669,30.144,13.3
2001-03-11,3.634,11.593,23.281,31.119,10.8
2001-03-12,0.0,11.789,23.656,31.594,9.7
2001-03-13,0.0,10.542,23.794,30.425,12.4
2001-03-14,0.0,10.573,23.975,30.575,9.0
2001-03-15,0.0,11.5,23.481,31.113,7.7
2001-03-16,0.0,10.868,23.438,30.419,4.0
2001-03-17,0.0,10.862,23.3,30.3,3.5
2001-03-18,0.0,11.05,23.044,30.288,3.5
2001-03-19,0.0,11.928,23.05,31.15,3.3
2001-03-20,0.0,12.515,22.619,31.438,3.3
2001-03-21,0.0,8.889,22.875,28.019,3.3
2001-03-22,0.0,10.494,22.256,29.081,2.1
2001-03-23,0.0,9.838,23.544,29.425,2.1
2001-03-24,0.0,10.268,23.469,29.781,2.4
2001-03-25,3.294,10.874,23.231,30.156,2.4
2001-03-26,25.085,9.925,23.244,29.231,2.3
2001-03-27,3.671,10.133,23.4,29.562,2.4
2001-03-28,0.0,10.198,24.312,30.337,2.3
2001-03-29,10.99,10.375,23.706,30.025,2.3
2001-03-30,22.877,11.061,23.269,30.325,8.8
2001-03-31,0.0,10.637,23.75,30.294,2.6
2001-04-01,0.419,11.59,24.1,31.488,1.9
2001-04-02,0.0,10.597,23.95,30.438,2.2
2001-04-03,0.0,10.523,23.919,30.319,2.2
2001-04-04,0.0,8.892,24.356,29.144,1.8
2001-04-05,0.0,10.145,24.025,30.062,1.8
2001-04-06,0.0,10.792,24.488,31.006,1.8
2001-04-07,3.505,11.147,25.137,31.85,1.8
2001-04-08,7.497,10.596,24.212,30.594,1.9
2001-04-09,5.314,11.063,24.369,31.156,1.9
2001-04-10,3.669,10.381,24.262,30.425,1.9
2001-04-11,0.0,9.814,24.306,29.925,1.9
2001-04-12,7.931,11.472,23.913,31.2,2.1
2001-04-13,20.145,11.282,23.806,30.925,1.9
2001-04-14,2.323,11.673,23.475,31.069,1.9
2001-04-15,7.941,10.97,23.65,30.506,2.2
2001-04-16,5.291,9.435,23.681,29.081,2.1
2001-04-17,2.806,7.487,23.962,27.575,6.1
2001-04-18,5.696,9.84,23.825,29.606,5.2
2001-04-19,17.928,9.088,23.95,28.969,15.4
2001-04-20,23.173,8.94,23.988,28.887,19.0
2001-04-21,0.726,11.318,23.425,30.706,18.0
2001-04-22,0.0,9.932,24.131,29.938,6.3
2001-04-23,0.0,10.093,23.462,29.538,4.2
2001-04-24,0.0,11.936,23.137,31.131,3.6
2001-04-25,0.0,10.568,23.669,30.206,2.6
2001-04-26,0.118,8.268,24.744,28.944,2.2
2001-04-27,0.0,11.173,24.194,31.206,2.1
2001-04-28,0.0,9.358,24.913,30.062,1.9
2001-04-29,5.734,9.159,25.169,30.094,2.1
2001-04-30,12.985,8.523,24.319,28.819,2.2
2001-05-01,1.761,10.579,23.981,30.462,1.9
2001-05-02,7.39,11.02,23.538,30.581,1.9
2001-05-03,7.114,9.269,24.394,29.562,2.1
2001-05-04,5.988,9.032,24.531,29.481,7.6
2001-05-05,4.176,7.525,24.269,27.95,7.7
2001-05-06,0.682,10.476,23.962,30.406,2.5
2001-05-07,2.955,9.184,23.944,29.169,7.8
2001-05-08,6.731,7.463,24.506,28.106,3.6
2001-05-09,0.107,10.731,22.688,29.7,2.3
2001-05-10,0.237,10.855,23.4,30.387,6.0
2001-05-11,0.0,10.104,24.637,30.619,3.2
2001-05-12,9.711,10.079,24.156,30.2,3.1
2001-05-13,16.787,9.007,24.544,29.519,3.6
2001-05-14,10.493,7.972,24.081,28.238,4.8
2001-05-15,17.376,10.377,24.006,30.413,6.2
2001-05-16,19.752,8.649,23.731,28.575,30.8
2001-05-17,13.711,11.237,23.469,30.869,41.8
2001-05-18,0.0,8.991,24.837,29.8,24.7
2001-05-19,23.689,8.883,23.956,28.969,22.4
2001-05-20,0.0,11.736,23.7,31.55,17.6
2001-05-21,1.057,7.463,23.644,27.45,32.8
2001-05-22,5.119,10.114,22.981,29.425,45.6
2001-05-23,2.78,10.215,23.606,30.025,12.6
2001-05-24,1.327,10.194,23.544,29.938,9.4
2001-05-25,2.28,10.923,23.481,30.619,12.7
2001-05-26,12.155,8.428,23.375,28.125,8.3
2001-05-27,7.291,9.664,23.056,29.081,5.6
2001-05-28,3.032,11.485,23.262,31.05,9.4
2001-05-29,2.54,10.396,23.938,30.506,7.4
2001-05-30,8.756,10.695,23.569,30.506,5.6
2001-05-31,11.805,9.28,23.387,28.969,43.3
2001-06-01,7.495,8.757,23.725,28.731,35.4
2001-06-02,2.231,9.497,22.812,28.725,7.8
2001-06-03,1.247,10.412,22.175,29.175,6.5
2001-06-04,0.325,11.496,22.181,30.306,11.8
2001-06-05,1.334,9.767,23.131,29.275,7.0
2001-06-06,0.0,9.935,23.85,30.025,6.8
2001-06-07,6.271,10.257,23.494,30.075,4.8
2001-06-08,15.117,11.007,23.456,30.8,4.4
2001-06-09,13.453,10.162,23.587,30.038,4.7
2001-06-10,10.713,10.345,23.725,30.344,3.8
2001-06-11,6.839,8.531,23.919,28.738,8.3
2001-06-12,3.015,9.055,23.438,28.863,17.4
2001-06-13,5.334,11.211,22.825,30.544,11.4
2001-06-14,10.765,9.326,22.75,28.544,27.4
2001-06-15,1.804,10.532,23.288,30.206,50.1
2001-06-16,2.347,9.762,23.756,29.806,13.0
2001-06-17,11.179,11.119,24.163,31.481,8.3
2001-06-18,9.893,10.187,23.469,30.0,10.2
2001-06-19,11.416,9.925,23.656,29.906,7.2
2001-06-20,3.927,10.209,23.731,30.225,6.0
2001-06-21,19.924,9.087,23.538,29.012,6.3
2001-06-22,4.296,11.089,23.556,31.0,13.2
2001-06-23,0.0,6.792,23.325,26.669,8.8
2001-06-24,5.669,10.649,23.906,30.806,6.6
2001-06-25,1.157,10.765,23.925,30.938,6.0
2001-06-26,1.765,11.702,24.931,32.663,4.5
2001-06-27,0.544,11.032,24.431,31.613,3.5
2001-06-28,4.282,11.265,24.438,31.844,3.1
2001-06-29,11.428,9.126,23.881,29.288,2.8
2001-06-30,9.797,9.018,24.45,29.656,3.1
2001-07-01,8.792,9.131,23.738,29.181,3.0
2001-07-02,0.0,9.579,23.906,29.75,8.1
2001-07-03,0.0,9.443,23.825,29.544,7.8
2001-07-04,2.514,9.547,24.812,30.438,4.9
2001-07-05,16.882,10.905,23.525,30.775,3.3
2001-07-06,15.374,10.413,23.781,30.462,3.2
2001-07-07,7.773,9.836,23.694,29.8,3.1
2001-07-08,9.301,8.506,23.95,28.769,11.1
2001-07-09,0.0,7.955,23.363,27.719,7.4
2001-07-10,25.921,9.871,23.519,29.681,18.4
2001-07-11,0.0,10.637,22.675,29.8,107.6
2001-07-12,1.566,9.842,23.512,29.694,43.9
2001-07-13,1.132,11.01,24.175,31.331,12.3
2001-07-14,11.801,8.742,23.913,28.919,9.0
2001-07-15,6.178,8.503,23.294,28.156,7.1
2001-07-16,0.0,9.865,23.831,29.925,5.6
2001-07-17,4.468,10.553,23.456,30.294,5.2
2001-07-18,10.419,10.005,24.012,30.175,5.8
2001-07-19,15.866,9.622,23.812,29.656,19.2
2001-07-20,4.01,10.58,22.731,29.75,9.2
2001-07-21,0.616,9.16,22.631,28.25,5.2
2001-07-22,1.87,9.527,22.869,28.775,4.4
2001-07-23,6.546,10.918,23.137,30.381,3.1
2001-07-24,0.213,11.259,23.325,30.856,2.6
2001-07-25,9.89,11.946,23.087,31.387,2.6
2001-07-26,12.548,8.93,22.781,28.087,9.9
2001-07-27,0.346,11.26,23.2,30.775,12.2
2001-07-28,6.372,11.197,23.275,30.738,6.3
2001-07-29,0.0,11.812,23.169,31.25,5.2
2001-07-30,4.701,9.639,23.938,29.7,4.5
2001-07-31,4.734,10.262,23.731,30.119,4.3
2001-08-01,0.0,10.245,24.319,30.562,3.0
2001-08-02,11.812,10.115,23.906,30.094,2.6
2001-08-03,11.507,10.819,23.481,30.462,2.8
2001-08-04,17.329,7.032,24.012,27.369,23.3
2001-08-05,2.608,9.073,23.731,28.95,8.5
2001-08-06,0.0,10.145,24.206,30.344,4.5
2001-08-07,3.29,10.502,24.231,30.7,3.8
2001-08-08,17.67,9.678,24.55,30.163,5.2
2001-08-09,22.744,10.806,23.35,30.319,17.2
2001-08-10,0.818,10.757,24.25,30.962,19.2
2001-08-11,24.238,9.376,23.906,29.325,8.3
2001-08-12,0.0,11.373,24.281,31.569,6.8
2001-08-13,7.179,10.685,24.106,30.744,6.5
2001-08-14,5.29,10.482,24.488,30.863,3.8
2001-08-15,7.319,12.077,23.025,31.3,2.7
2001-08-16,14.535,11.152,23.694,30.869,41.4
2001-08-17,0.0,11.144,25.156,31.994,10.7
2001-08-18,12.389,9.414,24.275,29.637,16.2
2001-08-19,10.778,10.853,24.212,30.969,142.0
2001-08-20,3.923,10.337,24.031,30.312,16.9
2001-08-21,3.61,11.351,23.556,30.962,9.4
2001-08-22,6.718,8.81,24.744,29.5,7.7
2001-08-23,3.642,9.02,23.775,28.869,5.6
2001-08-24,0.197,10.087,23.312,29.5,4.7
2001-08-25,10.302,8.367,23.025,27.637,23.3
2001-08-26,0.942,10.548,23.387,30.012,8.0
2001-08-27,0.0,11.172,23.663,30.825,4.8
2001-08-28,6.127,10.135,23.644,29.8,3.3
2001-08-29,0.759,11.302,23.306,30.688,2.8
2001-08-30,0.588,11.775,22.775,30.775,2.7
2001-08-31,6.134,11.052,23.981,30.975,2.5
2001-09-01,10.784,9.658,23.75,29.45,2.6
2001-09-02,13.946,9.806,23.288,29.219,2.5
2001-09-03,0.0,11.646,22.863,30.738,4.3
2001-09-04,6.565,10.184,23.556,29.8,4.5
2001-09-05,9.48,9.48,23.55,29.119,5.2
2001-09-06,1.829,7.962,24.056,28.137,5.5
2001-09-07,0.0,10.775,23.331,30.212,9.4
2001-09-08,9.664,10.734,22.944,29.906,8.2
2001-09-09,15.72,11.163,22.769,30.175,8.5
2001-09-10,0.296,11.104,23.475,30.65,8.5
2001-09-11,0.0,10.81,23.375,30.294,6.2
2001-09-12,8.012,8.782,24.144,29.006,8.1
2001-09-13,0.0,10.811,22.894,29.956,4.0
2001-09-14,5.975,8.904,23.312,28.413,2.6
2001-09-15,11.267,10.792,23.181,30.188,2.3
2001-09-16,0.0,11.921,22.9,31.113,2.3
2001-09-17,0.14,12.378,23.35,31.913,2.5
2001-09-18,6.767,9.999,23.438,29.594,2.3
2001-09-19,0.209,8.059,23.269,27.65,2.3
2001-09-20,8.541,11.739,22.425,30.619,2.0
2001-09-21,2.148,11.392,23.288,30.919,2.4
2001-09-22,12.372,9.01,23.406,28.65,2.3
2001-09-23,0.0,9.869,22.881,29.081,9.9
2001-09-24,0.076,9.892,23.062,29.269,8.4
2001-09-25,2.793,11.055,22.506,30.031,11.2
2001-09-26,3.193,9.88,24.219,30.188,5.9
2001-09-27,13.445,7.008,24.731,28.031,5.4
2001-09-28,0.0,8.674,23.488,28.506,8.2
2001-09-29,5.724,11.281,23.456,31.025,2.9
2001-09-30,11.521,8.639,23.85,28.75,8.0
2001-10-01,0.0,9.959,24.044,30.181,5.9
2001-10-02,3.354,11.108,23.619,31.038,6.5
2001-10-03,0.0,7.582,24.6,28.45,4.2
2001-10-04,8.552,11.376,24.175,31.762,4.6
2001-10-05,13.845,8.653,24.137,29.075,3.1
2001-10-06,18.361,11.259,23.944,31.512,4.9
2001-10-07,23.378,6.346,23.919,26.869,7.2
2001-10-08,1.293,10.075,23.981,30.4,21.7
2001-10-09,0.0,8.426,24.331,29.087,10.6
2001-10-10,28.524,8.382,23.438,28.331,5.5
2001-10-11,0.0,10.408,23.8,30.637,97.4
2001-10-12,8.827,10.288,24.144,30.794,27.6
2001-10-13,9.948,10.128,24.556,30.981,11.1
2001-10-14,9.226,8.372,24.175,28.975,7.4
2001-10-15,10.037,10.975,23.413,31.025,5.4
2001-10-16,18.588,9.213,23.613,29.375,32.2
2001-10-17,1.987,6.992,23.456,27.156,8.6
2001-10-18,0.357,10.53,23.094,30.375,10.6
2001-10-19,1.43,10.37,23.619,30.619,9.8
2001-10-20,1.003,10.647,23.913,31.181,17.4
2001-10-21,1.678,10.4,23.587,30.731,6.7
2001-10-22,7.68,9.056,23.481,29.269,6.1
2001-10-23,2.186,8.486,23.575,28.806,5.1
2001-10-24,0.0,9.918,22.925,29.762,8.6
2001-10-25,0.0,9.398,23.938,30.038,10.1
2001-10-26,0.221,9.283,25.087,30.856,4.3
2001-10-27,10.1,9.867,23.938,30.544,6.8
2001-10-28,0.0,5.7,24.006,26.637,2.1
2001-10-29,0.219,9.673,23.831,30.325,2.4
2001-10-30,10.866,8.798,23.806,29.413,30.2
2001-10-31,5.858,8.585,23.744,29.144,18.1
2001-11-01,0.0,8.642,23.113,28.731,7.9
2001-11-02,0.0,9.136,23.875,29.856,4.7
2001-11-03,0.0,10.654,22.9,30.781,3.4
2001-11-04,0.0,10.567,22.8,30.644,2.6
2001-11-05,0.662,9.578,24.025,30.519,2.4
2001-11-06,12.901,8.511,23.631,29.119,2.3
2001-11-07,1.102,9.663,23.288,30.144,2.1
2001-11-08,6.393,9.181,24.081,30.225,6.6
2001-11-09,23.783,8.569,23.719,29.35,23.2
2001-11-10,0.194,9.287,22.856,29.438,4.6
2001-11-11,16.321,9.469,23.906,30.45,3.6
2001-11-12,21.236,9.317,24.225,30.569,10.4
2001-11-13,8.657,8.822,23.481,29.488,7.6
2001-11-14,0.0,8.115,23.631,28.844,5.3
2001-11-15,1.324,8.971,23.806,29.931,6.0
2001-11-16,17.475,9.312,23.594,30.144,53.6
2001-11-17,0.0,8.182,23.406,28.788,19.2
2001-11-18,6.557,8.26,23.975,29.344,42.8
2001-11-19,11.4,8.543,23.531,29.369,37.1
2001-11-20,17.475,8.485,23.631,29.387,6.4
2001-11-21,18.137,5.56,23.369,26.212,162.9
2001-11-22,15.725,6.756,23.294,27.312,249.8
2001-11-23,5.84,9.504,23.731,30.625,76.1
2001-11-24,5.309,8.679,23.844,29.806,21.4
2001-11-25,4.317,8.078,23.925,29.225,13.4
2001-11-26,0.74,7.582,23.556,28.413,10.2
2001-11-27,28.137,7.282,23.788,28.319,40.7
2001-11-28,0.0,9.374,23.337,30.244,10.8
2001-11-29,0.0,8.837,23.125,29.488,7.0
2001-11-30,0.0,8.72,23.044,29.306,10.0
2001-12-01,0.0,7.723,22.85,28.069,4.9
2001-12-02,0.0,8.958,22.65,29.344,6.1
2001-12-03,0.0,8.89,22.581,29.231,4.9
2001-12-04,0.0,9.664,22.962,30.387,4.5
2001-12-05,0.875,9.219,23.681,30.431,4.0
2001-12-06,6.217,8.936,24.219,30.55,3.5
2001-12-07,15.656,8.808,24.075,30.306,4.7
2001-12-08,21.286,7.799,23.913,29.087,3.9
2001-12-09,2.468,8.52,23.962,29.919,3.0
2001-12-10,14.963,8.119,23.631,29.181,230.0
2001-12-11,0.471,8.392,24.238,30.019,59.9
2001-12-12,4.981,9.64,24.163,31.35,18.3
2001-12-13,25.069,8.187,24.094,29.65,48.5
2001-12-14,0.0,9.74,23.344,30.85,14.9
2001-12-15,0.307,8.753,23.887,30.144,9.1
2001-12-16,0.484,9.319,23.619,30.575,84.6
2001-12-17,3.68,7.487,24.262,29.044,100.3
2001-12-18,23.823,6.89,24.312,28.469,16.3
2001-12-19,0.0,8.212,23.994,29.619,11.2
2001-12-20,17.763,8.692,24.006,30.169,8.9
2001-12-21,25.272,7.017,23.375,27.819,19.1
2001-12-22,0.0,9.762,23.981,31.375,14.0
2001-12-23,0.0,8.458,24.194,30.044,7.4
2001-12-24,8.426,8.55,24.506,30.413,6.2
2001-12-25,0.0,8.204,24.025,29.625,6.7
2001-12-26,0.0,7.626,23.5,28.562,5.0
2001-12-27,0.85,9.143,23.738,30.45,4.5
2001-12-28,2.107,9.576,23.812,30.988,4.1
2001-12-29,11.567,8.551,24.481,30.363,4.0
2001-12-30,6.944,6.269,24.85,28.306,3.8
2001-12-31,0.0,8.812,24.356,30.531,3.3
2002-01-01,1.476,9.685,23.519,30.863,3.5
2002-01-02,1.002,9.21,23.925,30.631,3.2
2002-01-03,9.785,8.38,24.044,29.788,3.3
2002-01-04,0.0,9.419,23.062,30.175,3.5
2002-01-05,0.0,9.497,23.038,30.231,2.5
2002-01-06,0.0,9.749,23.756,31.056,2.3
2002-01-07,2.876,8.617,24.025,30.0,2.7
2002-01-08,33.955,8.861,23.544,29.863,35.3
2002-01-09,0.0,9.17,23.419,30.1,64.4
2002-01-10,0.0,9.435,23.387,30.356,72.7
2002-01-11,0.0,10.157,22.681,30.637,11.2
2002-01-12,0.0,10.664,22.469,31.087,6.8
2002-01-13,9.566,9.008,22.875,29.425,5.4
2002-01-14,25.362,9.179,23.225,29.85,25.3
2002-01-15,0.0,9.23,23.4,30.038,12.4
2002-01-16,0.0,9.534,23.675,30.569,7.1
2002-01-17,0.0,9.579,23.519,30.481,4.9
2002-01-18,0.0,10.192,22.962,30.725,3.8
2002-01-19,0.0,9.609,23.731,30.625,3.8
2002-01-20,0.0,9.434,23.131,29.944,2.8
2002-01-21,0.0,9.551,23.625,30.431,2.4
2002-01-22,0.0,8.911,23.637,29.719,2.3
2002-01-23,0.0,10.086,23.962,31.25,2.3
2002-01-24,0.0,9.643,24.025,30.8,2.2
2002-01-25,4.305,9.12,24.387,30.469,2.0
2002-01-26,0.0,9.425,23.738,30.281,2.0
2002-01-27,0.0,10.316,23.163,30.806,1.9
2002-01-28,0.0,10.541,23.575,31.344,1.7
2002-01-29,0.0,9.322,24.538,30.725,1.7
2002-01-30,0.0,8.502,25.163,30.356,1.5
2002-01-31,0.0,9.274,24.194,30.356,1.5
2002-02-01,0.0,8.83,24.294,29.956,1.4
2002-02-02,0.0,9.167,24.087,30.113,1.3
2002-02-03,3.006,7.629,24.056,28.494,1.3
2002-02-04,5.26,8.566,23.413,28.913,1.2
2002-02-05,0.0,9.884,22.788,29.794,1.2
2002-02-06,0.0,9.954,22.625,29.706,1.1
2002-02-07,0.0,9.241,23.05,29.238,1.1
2002-02-08,0.0,9.043,23.156,29.087,0.9
2002-02-09,0.0,10.434,22.719,30.231,1.3
2002-02-10,4.393,10.238,23.363,30.475,1.2
2002-02-11,0.51,9.902,23.219,29.994,1.1
2002-02-12,0.13,8.994,24.413,29.975,1.2
2002-02-13,0.0,10.003,23.794,30.494,1.2
2002-02-14,0.0,9.942,23.706,30.331,1.6
2002-02-15,0.0,10.186,23.156,30.156,1.4
2002-02-16,0.0,10.485,23.137,30.438,1.1
2002-02-17,0.0,8.979,24.225,29.719,0.9
2002-02-18,0.0,8.754,24.2,29.45,0.9
2002-02-19,0.0,9.197,24.156,29.806,0.7
2002-02-20,0.0,11.113,23.994,31.619,0.8
2002-02-21,0.0,10.435,24.494,31.262,0.7
2002-02-22,0.0,11.381,24.212,31.994,0.7
2002-02-23,12.446,8.966,24.219,29.55,0.7
2002-02-24,0.0,9.661,24.119,30.163,0.6
2002-02-25,2.449,8.823,24.469,29.613,0.7
2002-02-26,0.0,9.364,24.413,30.044,0.7
2002-02-27,0.0,8.61,24.387,29.288,0.6
2002-02-28,0.0,10.802,22.944,30.306,0.6
2002-03-01,0.0,12.961,22.725,32.413,0.6
2002-03-02,0.0,10.278,23.462,30.094,0.6
2002-03-03,0.0,10.593,23.681,30.556,0.6
2002-03-04,0.0,10.171,24.413,30.706,0.5
2002-03-05,0.0,9.703,24.419,30.238,0.5
2002-03-06,0.0,10.017,23.894,30.137,0.5
2002-03-07,0.0,10.956,23.962,31.081,0.5
2002-03-08,0.0,10.673,24.144,30.925,0.4
2002-03-09,0.0,10.799,23.981,30.906,0.4
2002-03-10,0.0,10.909,24.106,31.1,0.6
2002-03-11,0.0,10.498,24.512,30.994,0.4
2002-03-12,0.0,10.803,24.706,31.413,0.4
2002-03-13,0.0,11.114,24.781,31.769,0.4
2002-03-14,0.0,10.369,24.544,30.825,0.4
2002-03-15,0.0,11.02,23.856,30.906,0.4
2002-03-16,0.0,11.511,24.431,31.825,0.4
2002-03-17,0.0,12.385,24.469,32.712,0.4
2002-03-18,0.0,12.084,24.531,32.444,0.4
2002-03-19,4.373,10.778,24.525,31.131,0.4
2002-03-20,11.966,9.653,23.994,29.631,0.4
2002-03-21,9.934,9.785,23.506,29.356,0.4
2002-03-22,5.991,10.207,23.794,30.006,9.8
2002-03-23,9.213,10.582,23.837,30.387,2.4
2002-03-24,2.242,10.29,24.55,30.65,2.3
2002-03-25,0.503,10.137,25.337,31.125,1.5
2002-03-26,0.0,9.954,24.863,30.569,0.6
2002-03-27,0.0,10.169,24.675,30.613,0.6
2002-03-28,0.0,9.721,24.731,30.244,0.6
2002-03-29,0.0,8.509,23.756,28.344,0.5
2002-03-30,0.0,11.712,23.15,30.906,1.1
2002-03-31,0.0,11.094,24.781,31.55,1.5
2002-04-01,0.0,10.684,25.456,31.681,1.1
2002-04-02,0.763,8.928,25.3,29.956,1.0
2002-04-03,32.306,10.165,24.312,30.275,1.0
2002-04-04,0.0,10.324,25.337,31.25,4.9
2002-04-05,5.487,8.922,25.281,29.938,9.8
2002-04-06,15.358,8.312,24.212,28.531,7.2
2002-04-07,5.887,9.29,23.481,28.794,11.9
2002-04-08,2.588,10.97,23.85,30.663,27.7
2002-04-09,9.771,11.226,24.05,31.056,27.7
2002-04-10,0.0,11.484,23.106,30.6,19.0
2002-04-11,14.65,9.818,23.238,29.056,7.0
2002-04-12,0.0,11.53,22.738,30.363,8.7
2002-04-13,0.0,10.645,22.562,29.35,6.3
2002-04-14,0.0,11.493,23.212,30.706,3.9
2002-04-15,0.253,11.253,23.569,30.75,2.5
2002-04-16,0.176,9.395,24.4,29.631,1.4
2002-04-17,0.0,10.438,24.631,30.775,1.2
2002-04-18,23.79,9.116,24.538,29.481,1.2
2002-04-19,8.555,10.525,23.406,29.894,1.8
2002-04-20,0.72,10.823,23.625,30.35,38.1
2002-04-21,0.0,9.318,24.025,29.25,10.3
2002-04-22,5.94,11.557,24.7,31.938,5.6
2002-04-23,15.221,9.03,24.144,29.087,5.6
2002-04-24,11.441,10.428,24.512,30.712,58.0
2002-04-25,10.663,7.852,24.144,28.081,36.3
2002-04-26,11.206,9.766,23.688,29.45,13.8
2002-04-27,10.691,9.973,23.875,29.775,5.2
2002-04-28,0.0,11.223,24.225,31.25,15.7
2002-04-29,0.0,10.502,24.606,30.863,5.4
2002-04-30,0.116,10.675,24.062,30.606,3.3
2002-05-01,1.351,11.649,23.75,31.337,2.6
2002-05-02,1.234,10.958,24.7,31.413,2.5
2002-05-03,13.797,10.912,23.806,30.669,3.5
2002-05-04,8.659,9.749,24.05,29.731,3.4
2002-05-05,0.0,11.008,24.35,31.188,6.2
2002-05-06,0.186,9.433,25.756,30.869,2.6
2002-05-07,0.506,10.389,25.169,31.262,3.2
2002-05-08,15.989,9.334,24.913,30.081,3.1
2002-05-09,5.426,10.282,24.538,30.688,3.5
2002-05-10,10.647,11.004,24.863,31.637,2.4
2002-05-11,9.357,9.466,24.2,29.656,21.7
2002-05-12,0.0,11.438,25.006,32.194,83.1
2002-05-13,0.36,10.771,25.194,31.694,12.4
2002-05-14,9.533,11.194,25.4,32.269,28.2
2002-05-15,12.535,9.032,25.85,30.644,22.8
2002-05-16,8.985,9.136,24.387,29.544,9.6
2002-05-17,8.785,10.135,24.762,30.8,6.3
2002-05-18,7.16,9.8,24.275,30.106,5.4
2002-05-19,4.427,9.972,23.594,29.712,4.7
2002-05-20,13.013,8.953,24.35,29.387,8.6
2002-05-21,5.825,10.851,23.988,30.913,13.3
2002-05-22,19.293,8.253,24.194,28.6,34.5
2002-05-23,5.425,10.146,24.3,30.5,17.4
2002-05-24,21.881,10.04,24.4,30.475,21.7
2002-05-25,16.424,7.924,23.95,28.156,157.7
2002-05-26,4.86,10.219,22.637,29.262,262.1
2002-05-27,8.229,11.793,23.262,31.363,156.4
2002-05-28,0.428,11.038,23.625,30.856,16.1
2002-05-29,0.0,12.012,23.894,32.075,12.6
2002-05-30,6.311,9.789,23.85,29.819,7.4
2002-05-31,0.668,9.704,23.938,29.856,5.9
2002-06-01,8.289,9.392,23.7,29.319,5.2
2002-06-02,2.334,9.611,23.225,29.169,28.4
2002-06-03,3.886,9.607,23.381,29.288,15.2
2002-06-04,1.088,8.646,23.269,28.312,13.4
2002-06-05,5.524,8.58,23.825,28.669,7.2
2002-06-06,5.504,10.493,23.05,29.938,5.5
2002-06-07,14.197,8.949,23.519,28.8,19.2
2002-06-08,12.722,8.704,24.019,28.969,5.6
2002-06-09,15.687,9.288,23.431,29.056,17.4
2002-06-10,0.0,9.98,23.381,29.731,75.1
2002-06-11,16.909,9.401,24.0,29.65,17.4
2002-06-12,1.535,9.792,24.0,30.012,13.4
2002-06-13,8.203,9.963,23.594,29.85,17.4
2002-06-14,10.31,9.958,23.762,29.988,21.0
2002-06-15,5.019,9.687,23.631,29.613,12.6
2002-06-16,0.0,9.155,24.538,29.837,10.8
2002-06-17,27.494,9.565,24.3,30.062,266.5
2002-06-18,24.704,8.592,23.869,28.756,120.4
2002-06-19,0.0,11.22,23.906,31.394,32.7
2002-06-20,2.811,10.135,24.006,30.375,17.4
2002-06-21,8.774,10.557,23.65,30.525,78.4
2002-06-22,0.0,10.419,24.444,31.019,39.9
2002-06-23,10.404,10.849,24.269,31.319,18.1
2002-06-24,10.95,9.821,24.069,30.119,16.0
2002-06-25,11.949,10.766,23.788,30.844,27.7
2002-06-26,1.77,10.999,24.288,31.469,17.0
2002-06-27,7.517,10.777,23.887,30.925,71.4
2002-06-28,5.452,10.936,23.744,31.025,55.6
2002-06-29,5.813,10.497,24.219,30.913,35.2
2002-06-30,9.475,9.627,24.125,29.988,18.5
2002-07-01,3.461,10.837,24.019,31.119,11.8
2002-07-02,2.175,9.906,24.55,30.575,8.6
2002-07-03,6.989,10.591,24.462,31.175,7.2
2002-07-04,2.838,10.021,24.675,30.794,6.5
2002-07-05,2.274,6.71,24.587,27.719,6.4
2002-07-06,2.317,8.887,23.775,28.975,5.0
2002-07-07,13.31,9.955,23.413,29.719,3.1
2002-07-08,0.0,10.591,23.863,30.706,4.4
2002-07-09,0.205,10.867,24.169,31.2,4.2
2002-07-10,17.288,7.987,24.744,28.925,4.0
2002-07-11,3.658,9.361,24.113,29.681,17.0
2002-07-12,15.774,9.8,23.744,29.794,9.6
2002-07-13,0.0,10.891,24.35,31.363,6.2
2002-07-14,15.521,10.221,24.775,31.031,4.9
2002-07-15,8.496,10.151,23.725,30.119,22.1
2002-07-16,7.227,10.217,23.913,30.344,19.6
2002-07-17,4.159,9.871,24.031,30.075,10.8
2002-07-18,12.91,6.931,23.519,26.919,15.7
2002-07-19,1.734,11.287,23.538,31.087,22.8
2002-07-20,9.229,9.648,23.719,29.581,15.2
2002-07-21,0.889,11.313,22.875,30.644,13.9
2002-07-22,6.952,11.521,23.431,31.225,39.5
2002-07-23,7.774,8.952,24.312,29.375,19.9
2002-07-24,1.536,10.913,23.775,30.856,17.0
2002-07-25,8.212,10.634,23.613,30.431,21.0
2002-07-26,21.776,10.426,23.806,30.387,192.1
2002-07-27,0.937,10.683,24.631,31.275,18.7
2002-07-28,12.061,10.139,23.794,30.075,10.1
2002-07-29,4.716,10.552,24.0,30.631,8.4
2002-07-30,4.859,12.328,23.113,31.744,8.2
2002-07-31,11.191,9.081,22.6,28.069,24.2
2002-08-01,0.955,10.359,23.087,29.706,69.8
2002-08-02,6.001,9.965,24.356,30.331,16.0
2002-08-03,3.808,11.198,24.256,31.438,29.4
2002-08-04,10.354,11.968,23.038,31.281,49.4
2002-08-05,6.255,10.261,24.194,30.456,29.0
2002-08-06,1.003,10.187,24.7,30.825,11.5
2002-08-07,6.485,9.452,24.4,29.831,18.8
2002-08-08,1.663,9.856,24.025,29.913,20.8
2002-08-09,7.9,9.733,23.106,29.075,17.9
2002-08-10,0.0,10.425,23.85,30.306,17.0
2002-08-11,4.211,10.259,24.069,30.331,8.5
2002-08-12,6.165,11.189,23.85,31.05,6.3
2002-08-13,0.876,11.433,24.45,31.744,11.0
2002-08-14,7.431,11.339,24.025,31.331,5.3
2002-08-15,3.455,11.634,24.369,31.887,4.6
2002-08-16,4.511,10.047,25.181,30.981,4.0
2002-08-17,4.48,11.162,23.394,30.656,3.8
2002-08-18,2.196,11.999,23.025,31.212,5.0
2002-08-19,7.353,11.079,23.956,30.981,3.8
2002-08-20,0.701,8.317,24.337,28.706,3.2
2002-08-21,6.491,9.629,23.981,29.613,2.6
2002-08-22,1.464,11.703,23.725,31.431,2.3
2002-08-23,6.675,9.191,23.756,29.0,2.4
2002-08-24,0.0,11.467,24.175,31.538,5.8
2002-08-25,0.716,11.333,23.725,31.056,3.6
2002-08-26,4.164,8.701,23.881,28.669,3.5
2002-08-27,12.481,8.441,23.8,28.356,2.9
2002-08-28,5.899,12.27,22.594,31.144,2.0
2002-08-29,11.707,9.985,23.306,29.406,4.2
2002-08-30,3.344,7.526,22.081,26.087,3.2
2002-08-31,5.8,10.868,23.444,30.375,4.6
2002-09-01,8.539,12.175,23.094,31.425,15.8
2002-09-02,13.618,9.599,23.631,29.3,19.6
2002-09-03,4.088,10.868,23.988,30.781,8.1
2002-09-04,4.793,11.047,24.4,31.294,21.9
2002-09-05,0.49,10.419,24.469,30.738,5.7
2002-09-06,3.546,10.815,24.544,31.194,3.2
2002-09-07,4.903,10.018,23.506,29.606,7.3
2002-09-08,0.63,10.862,24.488,31.2,3.9
2002-09-09,0.167,11.239,24.156,31.331,2.6
2002-09-10,19.354,8.304,24.025,28.469,2.3
2002-09-11,0.0,10.206,23.85,30.081,2.3
2002-09-12,23.649,10.096,23.15,29.438,51.7
2002-09-13,2.304,11.082,23.819,30.919,30.7
2002-09-14,19.713,10.048,24.644,30.569,6.3
2002-09-15,0.721,9.469,23.994,29.538,12.4
2002-09-16,4.444,9.433,23.775,29.337,10.6
2002-09-17,12.666,10.259,23.044,29.55,3.5
2002-09-18,7.101,10.959,23.444,30.562,50.7
2002-09-19,4.924,11.119,23.281,30.594,7.0
2002-09-20,2.809,9.93,24.219,30.169,4.5
2002-09-21,3.015,11.063,24.312,31.356,3.1
2002-09-22,0.21,10.387,23.794,30.312,33.7
2002-09-23,3.08,11.581,23.906,31.581,7.7
2002-09-24,8.27,9.181,24.012,29.344,5.2
2002-09-25,0.0,9.868,24.462,30.356,3.8
2002-09-26,3.933,9.392,23.794,29.413,6.5
2002-09-27,4.095,11.743,23.312,31.369,10.8
2002-09-28,12.413,9.312,23.656,29.231,4.0
2002-09-29,0.0,11.172,22.962,30.575,3.8
2002-09-30,5.742,10.995,23.356,30.7,7.0
2002-10-01,8.97,10.212,24.6,30.881,3.8
2002-10-02,1.715,11.823,24.025,32.081,3.1
2002-10-03,4.572,11.177,24.719,31.962,2.9
2002-10-04,10.874,10.318,23.675,30.3,7.5
2002-10-05,0.0,11.684,24.444,32.337,4.3
2002-10-06,2.537,10.868,24.788,31.775,2.2
2002-10-07,34.406,8.179,24.281,28.794,22.4
2002-10-08,0.0,10.548,24.012,30.881,9.6
2002-10-09,6.933,10.238,24.55,31.006,9.0
2002-10-10,13.79,10.146,24.306,30.762,12.7
2002-10-11,10.612,9.021,23.725,29.181,30.8
2002-10-12,3.071,9.771,23.488,29.794,14.5
2002-10-13,0.0,11.028,23.544,31.119,5.7
2002-10-14,0.555,10.515,24.2,31.131,3.5
2002-10-15,3.268,10.365,24.444,31.188,2.6
2002-10-16,5.069,7.507,24.544,28.538,8.4
2002-10-17,9.462,9.694,23.375,29.712,12.1
2002-10-18,6.588,10.532,23.269,30.512,30.8
2002-10-19,0.602,11.427,22.919,31.25,7.3
2002-10-21,4.623,10.703,24.394,31.625,16.7
2002-10-22,1.034,9.491,24.475,30.481,6.3
2002-10-23,4.449,9.25,23.825,29.75,6.3
2002-10-24,5.269,9.735,23.081,29.712,3.5
2002-10-25,10.724,9.938,24.156,30.744,14.8
2002-10-26,0.0,9.239,23.644,29.681,17.4
2002-10-27,4.913,9.767,23.294,29.938,6.7
2002-10-28,5.208,9.063,23.031,29.019,43.5
2002-10-29,0.92,10.07,23.413,30.406,17.8
2002-10-30,6.895,8.867,23.387,29.131,10.8
2002-10-31,5.707,9.668,23.494,30.081,59.6
2002-11-01,2.619,10.382,23.494,30.887,17.8
2002-11-02,0.0,7.509,23.637,28.056,16.3
2002-11-03,1.854,9.517,23.4,29.944,11.3
2002-11-04,40.215,9.549,23.194,29.806,46.6
2002-11-05,0.0,10.279,23.7,31.062,26.7
2002-11-06,2.248,9.307,23.375,29.769,17.4
2002-11-07,0.285,7.663,24.025,28.6,7.2
2002-11-08,9.382,8.902,23.488,29.444,4.7
2002-11-09,8.67,9.785,23.2,30.2,7.9
2002-11-10,0.0,9.805,22.812,29.962,7.7
2002-11-11,4.828,9.149,23.969,30.163,4.5
2002-11-12,17.814,8.027,24.113,29.131,4.3
2002-11-13,1.466,8.496,23.556,29.169,3.5
2002-11-14,2.573,8.748,23.913,29.744,2.4
2002-11-15,6.533,10.05,23.744,31.062,1.9
2002-11-16,0.26,10.698,23.9,31.938,2.2
2002-11-17,31.296,7.715,24.113,28.875,15.4
2002-11-18,0.0,10.033,22.906,30.469,7.9
2002-11-19,0.581,10.189,23.887,31.425,5.0
2002-11-20,0.0,9.886,23.681,30.95,2.8
2002-11-21,14.751,10.022,23.994,31.369,8.9
2002-11-22,35.191,8.629,23.512,29.462,67.8
2002-11-23,13.088,8.542,23.569,29.425,88.4
2002-11-24,2.115,9.316,24.144,30.756,71.5
2002-11-25,0.0,10.71,23.975,32.219,44.3
2002-11-26,0.308,9.918,24.825,31.994,10.1
2002-11-27,1.95,9.401,25.031,31.575,5.8
2002-11-28,0.0,9.289,24.794,31.3,4.5
2002-11-29,17.95,8.843,24.631,30.694,4.3
2002-11-30,4.689,9.092,24.837,31.125,9.2
2002-12-01,13.036,10.296,24.681,32.381,16.9
2002-12-02,2.444,9.021,25.156,31.356,18.8
2002-12-03,0.223,8.529,25.35,30.988,5.4
2002-12-04,3.831,9.18,24.15,30.769,4.7
2002-12-05,15.132,8.632,24.6,30.519,3.2
2002-12-06,9.089,8.98,23.769,30.275,2.6
2002-12-07,21.436,9.054,24.575,30.962,2.4
2002-12-08,0.0,8.927,24.587,30.863,3.7
2002-12-09,5.733,9.083,24.2,30.725,3.3
2002-12-10,0.0,9.238,23.9,30.694,2.4
2002-12-11,0.0,8.925,24.244,30.606,2.8
2002-12-12,0.0,8.696,24.712,30.725,3.8
2002-12-13,0.0,7.836,24.856,29.913,2.1
2002-12-14,0.0,7.219,25.188,29.55,2.6
2002-12-15,10.412,7.33,24.169,28.825,5.3
2002-12-16,59.437,8.057,23.363,28.944,39.9
2002-12-17,0.867,8.231,23.281,29.087,88.9
2002-12-18,0.0,9.414,23.019,30.231,97.5
2002-12-19,0.774,9.201,24.094,30.825,18.1
2002-12-20,0.0,8.704,24.831,30.856,16.7
2002-12-21,4.865,9.365,24.05,30.975,9.4
2002-12-22,0.0,8.983,24.275,30.719,7.1
2002-12-23,0.0,9.116,24.525,31.056,5.0
2002-12-24,0.0,8.91,24.525,30.825,4.3
2002-12-25,0.0,9.132,24.475,31.038,3.6
2002-12-27,0.0,8.768,24.75,30.844,6.3
2002-12-28,0.0,8.895,25.019,31.188,4.1
2002-12-29,0.0,8.907,24.681,30.919,2.9
2002-12-30,0.0,8.998,24.85,31.137,2.5
2002-12-31,0.0,8.581,25.15,30.913,2.3
2003-01-01,0.0,8.583,24.281,30.231,2.0
2003-01-02,0.0,9.188,24.312,30.913,1.9
2003-01-03,0.0,9.387,24.087,30.962,1.8
2003-01-04,4.071,7.26,25.1,29.45,1.8
2003-01-05,2.441,8.594,24.194,30.113,1.7
2003-01-06,0.0,8.904,24.869,30.994,1.6
2003-01-07,0.0,8.603,24.613,30.462,1.4
2003-01-08,5.693,9.177,24.087,30.663,1.7
2003-01-09,4.508,8.109,25.069,30.244,1.5
2003-01-10,0.0,7.531,25.244,29.781,2.6
2003-01-11,0.0,8.935,24.706,30.819,2.3
2003-01-12,0.0,7.604,25.269,29.869,2.0
2003-01-13,0.0,9.561,24.506,31.319,1.8
2003-01-14,0.0,8.427,24.4,29.994,1.5
2003-01-15,0.0,9.238,24.1,30.631,1.4
2003-01-16,0.0,9.057,24.069,30.363,1.3
2003-01-17,0.0,9.194,24.344,30.719,1.2
2003-01-18,0.0,8.828,23.887,29.938,1.1
2003-01-19,0.0,8.298,24.775,30.075,1.0
2003-01-20,0.0,9.438,23.931,30.587,0.9
2003-01-21,0.0,10.027,23.581,30.956,0.9
2003-01-22,0.0,8.71,23.85,29.681,1.2
2003-01-23,0.0,9.579,22.775,29.781,1.5
2003-01-24,0.496,9.697,22.875,29.969,1.2
2003-01-25,0.0,10.629,23.65,31.569,0.7
2003-01-26,0.0,9.105,24.35,30.425,0.8
2003-01-27,0.0,8.886,24.719,30.469,0.8
2003-01-28,0.0,8.307,24.125,29.369,0.8
2003-01-29,0.0,10.648,24.062,31.806,0.7
2003-01-30,0.0,9.017,24.931,30.706,0.6
2003-01-31,2.223,9.328,24.775,30.881,0.5
2003-02-01,0.0,8.448,23.488,28.919,0.5
2003-02-02,0.0,7.562,23.725,28.175,0.5
2003-02-03,0.0,11.172,23.5,31.812,0.4
2003-02-04,0.0,10.435,24.688,31.881,0.4
2003-02-05,0.0,10.848,24.462,32.119,0.4
2003-02-06,0.0,11.727,24.7,33.219,0.4
2003-02-07,0.0,10.833,24.975,32.431,0.4
2003-02-08,0.0,8.47,25.269,30.225,0.4
2003-02-09,1.539,10.303,24.637,31.562,0.4
2003-02-10,1.66,9.656,24.212,30.531,0.4
2003-02-11,4.099,9.048,24.913,30.45,0.4
2003-02-12,6.29,9.477,24.719,30.706,0.4
2003-02-13,0.0,7.957,25.494,29.837,0.4
2003-02-14,0.0,8.986,25.062,30.444,0.4
2003-02-15,0.0,11.178,24.594,32.275,0.4
2003-02-16,0.0,10.859,24.288,31.675,0.4
2003-02-17,0.0,10.822,24.637,31.875,0.4
2003-02-18,0.0,9.606,23.831,29.969,0.4
2003-02-19,1.698,10.743,24.35,31.525,0.3
2003-02-20,0.0,9.853,24.644,30.819,0.3
2003-02-21,0.0,9.285,24.394,30.038,0.3
2003-02-22,0.0,9.869,24.275,30.506,0.3
2003-02-23,0.0,10.985,23.8,31.244,0.4
2003-02-24,0.0,10.871,24.531,31.681,0.3
2003-02-25,2.512,9.582,25.1,30.869,0.3
2003-02-26,0.0,10.64,23.556,30.631,0.3
2003-02-27,0.0,10.334,23.738,30.456,0.3
2003-02-28,0.0,9.453,24.319,30.006,0.7
2003-03-01,0.0,10.221,23.931,30.444,0.3
2003-03-02,0.0,10.486,24.331,31.0,0.3
2003-03-03,0.0,9.944,23.962,30.15,0.3
2003-03-04,0.0,11.161,24.538,31.8,0.3
2003-03-05,0.0,10.88,25.006,31.85,0.3
2003-03-06,0.0,11.822,24.531,32.4,0.3
2003-03-07,0.0,12.461,24.231,32.812,0.3
2003-03-08,0.0,11.408,24.938,32.263,0.3
2003-03-09,0.0,10.826,24.712,31.5,0.3
2003-03-10,0.0,9.85,25.325,31.044,0.3
2003-03-11,0.0,10.876,24.919,31.688,0.3
2003-03-12,0.0,9.763,25.156,30.788,0.3
2003-03-13,0.0,11.048,24.906,31.788,0.3
2003-03-14,0.0,10.7,24.131,30.831,0.3
2003-03-15,0.405,10.642,24.312,30.913,0.2
2003-03-16,1.61,12.973,23.438,32.556,0.2
2003-03-17,3.026,12.995,23.825,32.862,0.2
2003-03-18,3.084,12.971,25.019,33.681,0.2
2003-03-19,0.423,11.929,24.956,32.587,0.9
2003-03-20,1.536,13.359,23.8,33.156,0.8
2003-03-21,1.08,10.429,24.4,30.688,0.4
2003-03-22,1.433,10.164,24.337,30.369,0.4
2003-03-23,0.0,10.496,24.562,30.887,0.3
2003-03-24,0.0,10.465,23.956,30.356,0.3
2003-03-25,0.0,10.263,23.525,29.837,0.3
2003-03-26,0.0,9.72,23.35,29.144,0.3
2003-03-27,0.0,11.708,23.281,31.025,0.3
2003-03-28,0.0,12.263,22.906,31.3,0.3
2003-03-29,0.0,10.273,24.819,30.825,0.4
2003-03-30,7.21,9.165,24.719,29.712,0.4
2003-03-31,7.173,7.304,23.919,27.419,0.4
2003-04-01,0.0,12.103,24.188,32.081,0.5
2003-04-02,0.0,12.486,24.975,33.031,0.9
2003-04-03,0.0,10.505,25.375,31.444,0.6
2003-04-04,0.0,11.384,25.738,32.531,0.3
2003-04-05,0.0,11.346,25.444,32.275,0.3
2003-04-06,0.0,11.356,25.994,32.719,0.3
2003-04-07,0.324,10.926,25.337,31.794,0.3
2003-04-08,24.794,9.627,25.669,30.856,0.4
2003-04-09,18.871,10.498,24.188,30.462,0.3
2003-04-10,9.394,11.45,23.919,31.188,0.3
2003-04-11,0.0,9.949,23.844,29.706,0.3
2003-04-12,0.0,8.409,24.481,28.812,0.3
2003-04-13,46.411,4.76,23.931,25.544,0.4
2003-04-14,0.0,10.127,23.387,29.512,3.9
2003-04-15,54.68,8.837,23.925,28.719,3.8
2003-04-16,4.869,11.992,23.337,31.288,1.9
2003-04-17,0.0,11.105,23.581,30.587,4.7
2003-04-18,3.545,10.353,23.812,30.056,3.1
2003-04-19,0.772,10.615,23.644,30.163,2.2
2003-04-20,1.067,9.696,24.494,29.988,1.0
2003-04-21,49.827,8.218,24.462,28.65,11.1
2003-04-22,1.892,10.179,23.994,30.05,3.6
2003-04-23,12.966,7.0,23.512,26.812,33.2
2003-04-24,10.091,7.988,24.319,28.331,19.6
2003-04-25,13.882,10.104,23.8,29.844,10.2
2003-04-26,4.47,10.788,24.181,30.806,6.8
2003-04-27,7.79,9.356,24.594,29.8,2.7
2003-04-28,10.165,10.477,24.106,30.462,12.5
2003-04-29,9.809,10.764,24.656,31.15,21.4
2003-04-30,14.587,10.857,24.325,31.012,2.6
2003-05-01,4.188,10.889,24.631,31.281,2.4
2003-05-02,0.222,11.136,24.669,31.556,3.6
2003-05-03,6.264,8.87,25.288,29.956,3.0
2003-05-04,9.791,10.849,24.225,30.944,3.7
2003-05-05,11.554,9.396,23.994,29.381,4.6
2003-05-06,5.346,10.304,24.462,30.625,2.5
2003-05-07,7.415,10.338,24.344,30.6,31.1
2003-05-08,13.545,10.909,23.387,30.406,4.3
2003-05-09,6.815,9.252,24.206,29.456,2.9
2003-05-10,5.87,10.326,23.906,30.244,16.7
2003-05-11,17.457,10.941,23.756,30.725,24.9
2003-05-12,11.197,8.292,24.413,28.756,78.7
2003-05-13,8.917,10.509,23.762,30.319,6.3
2003-05-14,5.578,10.051,24.775,30.694,4.7
2003-05-15,15.845,11.279,23.812,31.15,4.0
2003-05-16,7.922,10.889,24.481,31.337,6.6
2003-05-17,12.057,11.151,24.456,31.531,5.6
2003-05-18,14.621,6.488,23.931,26.9,4.6
2003-05-19,6.971,9.252,23.962,29.312,4.3
2003-05-20,0.268,10.053,24.012,30.144,3.5
2003-05-21,3.421,9.433,24.312,29.775,48.6
2003-05-22,24.698,9.328,23.881,29.369,79.9
2003-05-23,0.0,10.67,24.225,30.95,85.4
2003-05-24,13.195,9.99,24.062,30.156,44.8
2003-05-25,21.244,8.095,23.744,28.106,49.8
2003-05-26,4.923,11.85,23.812,31.831,30.7
2003-05-27,6.359,9.898,24.312,30.275,7.9
2003-05-28,0.155,12.083,23.581,31.913,5.4
2003-05-29,4.873,10.513,24.231,30.819,5.6
2003-05-30,6.356,9.655,24.05,29.869,4.0
2003-05-31,10.099,8.838,23.938,29.0,2.3
2003-06-01,16.983,9.522,24.113,29.8,8.0
2003-06-02,0.0,10.493,23.631,30.394,10.3
2003-06-03,15.321,8.848,23.844,28.95,7.4
2003-06-04,4.642,11.071,23.856,31.15,23.4
2003-06-05,3.627,9.593,23.781,29.613,9.1
2003-06-06,14.362,9.032,23.381,28.762,7.0
2003-06-07,0.891,8.696,23.55,28.606,5.1
2003-06-08,0.0,9.586,23.875,29.712,3.9
2003-06-09,16.868,8.913,24.438,29.5,4.9
2003-06-10,4.36,10.195,23.788,30.25,62.2
2003-06-11,11.031,8.937,23.869,29.069,8.6
2003-06-12,4.921,7.18,23.431,27.144,4.7
2003-06-13,0.733,9.411,23.131,28.969,3.8
2003-06-14,2.749,8.18,23.275,27.887,2.9
2003-06-15,12.357,11.236,22.431,30.288,3.3
2003-06-16,1.865,9.527,24.325,30.019,5.2
2003-06-17,7.964,11.014,23.206,30.644,6.1
2003-06-18,11.024,6.285,23.425,26.375,14.4
2003-06-19,0.0,9.662,22.812,28.95,5.4
2003-06-20,0.0,10.343,23.7,30.375,3.5
2003-06-21,5.232,8.961,24.087,29.294,2.4
2003-06-22,10.021,9.875,23.156,29.456,5.1
2003-06-23,10.595,10.591,22.894,30.006,6.0
2003-06-24,2.248,9.653,23.525,29.519,6.6
2003-06-25,4.723,7.978,23.925,28.25,5.2
2003-06-26,16.067,11.146,23.375,30.913,3.2
2003-06-27,0.0,7.509,24.469,28.281,13.8
2003-06-28,3.58,10.811,24.012,31.062,4.5
2003-06-29,11.101,10.052,23.481,29.863,3.5
2003-06-30,6.24,8.338,24.05,28.681,2.0
2003-07-01,3.113,9.156,23.175,28.738,3.0
2003-07-02,0.437,9.765,23.925,29.962,2.2
2003-07-03,11.475,10.153,24.462,30.75,9.8
2003-07-04,0.506,8.77,24.219,29.206,4.1
2003-07-05,4.07,8.422,23.406,28.2,2.2
2003-07-06,0.673,10.033,23.094,29.538,2.1
2003-07-07,5.457,10.536,22.981,29.962,21.1
2003-07-08,2.347,8.989,23.694,28.988,1.9
2003-07-09,6.945,9.307,23.55,29.163,1.0
2003-07-10,10.001,10.302,23.356,30.006,1.0
2003-07-11,1.824,9.884,23.012,29.312,2.5
2003-07-12,6.881,9.263,23.562,29.125,1.9
2003-07-13,8.572,8.812,23.731,28.825,23.1
2003-07-14,0.878,10.568,23.65,30.494,10.0
2003-07-15,6.333,10.096,23.688,30.025,3.1
2003-07-16,12.505,10.056,23.675,29.975,3.6
2003-07-17,11.439,9.646,23.5,29.425,3.8
2003-07-18,0.0,11.115,24.05,31.344,3.2
2003-07-19,2.449,10.746,24.281,31.1,3.1
2003-07-20,6.413,10.62,23.556,30.4,2.0
2003-07-21,7.112,10.614,23.594,30.438,1.3
2003-07-22,8.373,10.618,24.05,30.775,0.8
2003-07-23,8.618,10.281,23.875,30.319,1.8
2003-07-24,9.892,9.019,24.031,29.212,4.0
2003-07-25,1.438,10.128,23.769,30.069,4.0
2003-07-26,4.414,8.854,23.769,28.869,8.6
2003-07-27,16.822,10.465,23.75,30.356,3.8
2003-07-28,0.64,10.795,24.081,30.95,2.9
2003-07-29,0.937,10.413,24.538,30.913,4.5
2003-07-30,14.285,9.737,24.294,30.062,3.0
2003-07-31,6.274,8.735,24.15,29.019,2.3
2003-08-01,8.652,9.857,23.906,29.875,2.3
2003-08-02,4.541,9.454,23.938,29.494,1.9
2003-08-03,3.844,8.856,22.988,28.175,1.8
2003-08-04,0.0,8.721,23.538,28.462,1.5
2003-08-05,3.74,9.177,24.4,29.606,0.9
2003-08-06,7.946,10.294,24.781,30.944,1.1
2003-08-07,0.0,9.253,24.887,30.075,0.8
2003-08-08,16.309,8.879,23.613,28.669,0.9
2003-08-09,3.221,10.546,23.113,29.869,0.8
2003-08-10,10.965,10.026,24.094,30.113,0.5
2003-08-11,4.567,10.493,23.5,30.106,0.5
2003-08-12,0.515,9.559,23.913,29.519,0.5
2003-08-13,9.991,9.903,23.913,29.863,0.4
2003-08-14,16.051,9.246,23.981,29.269,0.4
2003-08-15,2.829,10.179,23.581,29.869,3.6
2003-08-16,3.884,9.906,23.312,29.369,3.9
2003-08-17,0.0,11.559,23.569,31.188,4.0
2003-08-18,11.939,10.442,23.712,30.181,8.6
2003-08-19,1.331,11.402,24.131,31.444,5.6
2003-08-20,24.42,7.526,24.137,27.831,38.9
2003-08-21,0.0,10.621,23.456,30.156,20.2
2003-08-22,17.582,10.771,23.306,30.175,6.3
2003-08-23,2.449,10.454,23.569,30.081,4.1
2003-08-24,15.966,10.433,23.438,29.944,7.7
2003-08-25,0.328,10.822,24.156,30.875,7.4
2003-08-26,6.529,10.091,24.45,30.4,3.3
2003-08-27,17.981,10.331,23.275,29.738,7.8
2003-08-28,0.541,10.745,23.544,30.363,12.2
2003-08-29,17.606,7.794,23.988,27.931,6.1
2003-08-30,0.0,9.395,23.613,29.094,5.4
2003-08-31,11.557,10.847,23.5,30.387,76.5
2003-09-01,0.0,10.278,24.169,30.35,47.8
2003-09-02,0.277,11.919,23.931,31.812,4.5
2003-09-03,14.506,9.329,24.0,29.325,31.0
2003-09-04,3.289,10.723,24.206,30.825,3.3
2003-09-05,18.662,8.92,23.725,28.738,31.1
2003-09-06,11.293,9.373,23.887,29.294,3.5
2003-09-07,8.185,9.368,23.869,29.262,12.7
2003-09-08,0.24,10.119,24.075,30.163,28.5
2003-09-09,10.584,10.241,24.262,30.425,3.6
2003-09-10,15.852,10.1,23.906,30.006,2.1
2003-09-11,17.58,10.376,23.431,29.931,45.9
2003-09-12,0.617,9.987,23.95,29.938,14.2
2003-09-13,10.524,10.933,23.775,30.744,40.6
2003-09-14,25.962,9.553,24.644,30.119,41.2
2003-09-15,0.674,10.235,24.206,30.406,15.2
2003-09-16,20.833,10.194,23.9,30.131,27.1
2003-09-17,9.324,10.465,23.894,30.406,191.7
2003-09-18,24.144,8.656,23.719,28.544,141.3
2003-09-19,0.0,9.636,23.981,29.694,71.0
2003-09-20,12.84,11.092,22.95,30.35,85.0
2003-09-21,13.521,10.716,23.781,30.594,32.1
2003-09-22,19.537,10.624,23.594,30.375,70.2
2003-09-23,16.058,9.524,23.788,29.494,242.0
2003-09-24,14.756,11.052,23.188,30.531,214.4
2003-09-25,19.156,10.155,23.688,30.025,41.7
2003-09-26,0.472,11.271,24.194,31.575,18.8
2003-09-27,10.972,9.933,24.087,30.15,12.7
2003-09-28,0.544,10.003,23.1,29.462,9.1
2003-09-29,4.176,11.193,24.169,31.5,15.6
2003-09-30,7.448,10.981,24.006,31.169,6.6
2003-10-01,5.235,5.882,23.9,26.444,4.9
2003-10-02,5.296,9.876,23.675,29.837,171.4
2003-10-03,2.935,11.374,23.681,31.387,9.0
2003-10-04,8.12,9.355,24.669,30.175,7.4
2003-10-05,1.568,9.538,24.15,29.938,6.3
2003-10-06,9.341,8.172,24.481,28.975,4.6
2003-10-07,0.0,9.378,23.781,29.531,4.3
2003-10-08,4.08,10.495,24.131,30.925,4.3
2003-10-09,0.0,9.679,23.544,29.669,4.3
2003-10-10,0.383,9.316,23.381,29.231,3.6
2003-10-11,0.0,11.011,23.425,30.969,6.6
2003-10-12,13.248,9.546,23.831,29.812,5.1
2003-10-13,1.34,8.64,24.575,29.544,4.6
2003-10-14,13.743,9.166,23.294,29.044,2.7
2003-10-15,13.07,7.247,23.475,27.363,63.9
2003-10-16,0.319,9.923,23.05,29.65,7.8
2003-10-17,0.621,10.518,23.288,30.494,6.3
2003-10-18,2.692,10.172,23.144,30.05,3.8
2003-10-19,10.532,7.506,24.925,28.875,3.2
2003-10-20,5.858,8.016,24.169,28.769,2.4
2003-10-21,3.293,10.189,23.844,30.675,4.3
2003-10-22,0.213,9.794,23.256,29.806,7.3
2003-10-23,0.0,10.518,24.181,31.312,3.8
2003-10-24,7.517,10.352,24.631,31.538,3.4
2003-10-25,4.944,10.171,24.094,30.944,8.6
2003-10-26,2.717,8.65,24.619,29.819,3.6
2003-10-27,7.028,8.859,23.613,29.238,3.1
2003-10-28,0.82,9.477,24.119,30.312,3.0
2003-10-29,1.352,8.79,24.087,29.594,3.2
2003-10-30,25.068,9.023,23.569,29.431,3.8
2003-10-31,0.412,9.519,23.238,29.725,9.1
2003-11-01,7.226,7.523,23.387,27.831,6.8
2003-11-02,0.0,9.205,23.469,29.619,7.2
2003-11-03,3.542,10.537,23.562,31.163,3.8
2003-11-04,7.457,9.297,23.488,29.806,2.9
2003-11-05,5.622,10.283,23.744,31.087,3.2
2003-11-06,1.221,9.571,23.6,30.206,3.5
2003-11-07,11.504,8.093,23.5,28.606,2.5
2003-11-08,8.095,9.456,23.981,30.438,2.3
2003-11-09,1.861,9.819,23.288,30.344,1.5
2003-11-10,24.635,9.434,23.331,29.956,1.1
2003-11-11,16.288,7.744,24.294,28.95,14.5
2003-11-12,5.078,9.324,23.294,29.856,8.4
2003-11-13,0.116,9.719,23.381,30.356,6.1
2003-11-14,10.653,7.661,24.538,29.15,4.7
2003-11-15,1.436,9.463,23.869,30.506,8.6
2003-11-16,15.242,9.697,24.844,31.556,6.7
2003-11-17,0.719,8.203,24.688,29.844,5.6
2003-11-18,2.258,9.45,23.619,30.375,4.5
2003-11-19,2.148,9.888,24.181,31.306,3.5
2003-11-20,0.703,9.105,23.4,29.875,4.5
2003-11-21,0.0,9.516,23.613,30.5,4.6
2003-11-22,9.87,6.378,23.875,27.425,4.0
2003-11-23,1.707,7.964,23.825,29.012,3.5
2003-11-24,1.297,9.556,23.462,30.488,3.5
2003-11-25,14.781,9.393,23.456,30.325,17.4
2003-11-26,0.0,9.653,24.006,31.069,8.4
2003-11-27,7.444,9.092,24.369,30.725,5.7
2003-11-28,1.563,9.06,24.819,31.056,3.1
2003-11-29,27.455,7.558,23.931,28.781,2.1
2003-11-30,0.0,9.305,24.012,30.781,2.5
2003-12-01,20.975,8.927,23.594,29.988,18.7
2003-12-02,12.198,8.696,23.425,29.625,44.9
2003-12-04,0.246,8.027,24.2,29.512,86.9
2003-12-05,0.0,8.197,24.119,29.625,12.6
2003-12-06,0.0,8.414,24.281,30.031,7.4
2003-12-07,0.215,7.986,23.344,28.856,55.1
2003-12-09,0.0,9.685,23.7,31.038,11.3
2003-12-10,13.655,8.523,24.575,30.394,5.7
2003-12-11,8.444,7.897,23.9,29.169,23.4
2003-12-12,0.164,8.515,23.887,29.875,4.4
2003-12-13,0.0,9.643,24.075,31.294,3.3
2003-12-14,2.093,9.317,23.569,30.544,3.2
2003-12-15,0.0,9.156,23.262,30.1,3.5
2003-12-16,0.0,9.112,24.45,30.994,2.1
2003-12-17,0.0,9.112,24.881,31.331,1.8
2003-12-18,0.0,9.486,24.344,31.331,1.6
2003-12-19,28.64,7.859,24.637,29.75,15.3
2003-12-20,33.42,8.296,24.15,29.837,52.4
2003-12-21,0.0,8.83,23.887,30.225,54.3
2003-12-22,9.119,9.068,23.913,30.5,7.5
2003-12-23,8.38,9.993,24.25,31.856,5.0
2003-12-24,0.0,8.529,25.106,30.869,3.7
2003-12-25,13.782,6.656,24.188,28.1,2.4
2003-12-26,21.012,7.1,24.312,28.688,2.0
2003-12-27,0.773,6.744,24.019,28.062,2.2
2003-12-28,0.0,8.424,23.219,29.212,2.4
2003-12-29,0.0,8.845,23.369,29.794,5.2
2003-12-30,0.0,8.528,23.319,29.394,3.8
2003-12-31,0.0,8.749,23.081,29.462,1.7
2004-01-01,0.0,9.414,22.538,29.794,4.3
2004-01-02,0.0,10.136,23.019,31.012,4.3
2004-01-03,0.0,9.674,24.337,31.475,4.2
2004-01-04,0.0,8.67,24.438,30.4,3.5
2004-01-05,0.263,7.425,24.519,29.113,3.2
2004-01-06,0.0,7.989,23.863,29.175,2.9
2004-01-07,0.0,9.303,23.344,30.238,2.9
2004-01-08,0.316,8.093,23.106,28.631,3.1
2004-01-09,5.63,8.334,23.844,29.475,2.6
2004-01-10,21.175,7.696,22.938,28.069,7.7
2004-01-11,2.077,8.192,23.55,29.081,4.0
2004-01-12,0.0,8.462,23.625,29.431,35.0
2004-01-13,0.0,8.565,24.438,30.181,23.3
2004-01-14,0.0,9.73,23.5,30.725,7.2
2004-01-15,0.0,8.718,23.637,29.675,2.8
2004-01-16,0.0,8.779,23.194,29.363,2.1
2004-01-17,0.0,10.389,22.331,30.538,4.0
2004-01-18,0.0,8.837,22.231,28.631,3.5
2004-01-19,0.0,9.559,22.712,29.8,3.1
2004-01-20,0.981,8.392,23.675,29.269,2.8
2004-01-21,0.0,8.482,22.969,28.769,2.6
2004-01-22,0.0,8.099,22.837,28.231,2.7
2004-01-23,0.494,9.318,21.95,28.856,2.6
2004-01-24,0.0,9.934,23.075,30.387,2.4
2004-01-25,0.0,9.757,23.144,30.212,2.5
2004-01-26,0.0,10.322,22.694,30.481,2.6
2004-01-27,0.0,10.618,22.55,30.7,2.3
2004-01-28,0.0,10.116,22.731,30.238,2.1
2004-01-29,0.0,10.353,22.65,30.425,1.9
2004-01-30,0.0,9.982,23.25,30.431,2.1
2004-01-31,0.0,10.884,22.9,31.137,1.7
2004-02-01,0.0,10.951,23.375,31.525,1.7
2004-02-02,0.0,9.909,23.837,30.725,1.7
2004-02-03,0.0,9.74,23.694,30.394,1.7
2004-02-04,0.0,10.04,23.925,30.863,1.6
2004-02-05,0.0,9.874,24.644,31.212,1.6
2004-02-06,0.0,10.755,23.587,31.312,1.5
2004-02-07,0.323,10.212,23.837,30.894,1.4
2004-02-08,0.0,10.368,24.319,31.413,1.4
2004-02-09,0.0,12.912,23.325,33.425,1.3
2004-02-10,0.0,11.738,23.319,32.087,1.3
2004-02-11,0.0,10.067,24.131,30.863,1.2
2004-02-12,0.0,10.866,24.137,31.681,1.2
2004-02-13,1.34,7.597,24.887,28.981,1.2
2004-02-14,0.0,10.599,23.387,30.762,1.2
2004-02-15,0.0,9.854,24.712,31.0,1.1
2004-02-16,0.0,10.292,24.275,31.106,1.2
2004-02-17,0.0,11.252,24.019,31.875,1.0
2004-02-18,0.0,10.121,24.694,31.2,0.9
2004-02-19,0.0,8.342,24.475,29.25,0.9
2004-02-20,0.0,9.944,24.0,30.425,0.8
2004-02-21,3.367,11.236,23.95,31.681,0.9
2004-02-22,0.0,12.223,23.406,32.3,0.9
2004-02-23,4.035,8.723,23.769,28.938,0.8
2004-02-24,0.0,10.978,23.725,31.163,0.9
2004-02-25,0.0,11.413,23.331,31.288,0.9
2004-02-26,0.0,11.881,23.387,31.812,0.9
2004-02-27,0.0,10.465,24.681,31.344,0.9
2004-02-28,5.309,8.335,24.569,29.169,0.9
2004-02-29,0.0,9.601,24.538,30.325,0.8
2004-03-01,1.259,10.547,25.25,31.794,0.9
2004-03-02,0.324,11.654,24.306,32.131,0.8
2004-03-03,0.0,13.037,24.694,33.819,0.7
2004-03-04,0.0,12.271,24.925,33.175,0.9
2004-03-05,1.611,10.749,24.887,31.606,0.9
2004-03-06,0.0,11.336,24.675,32.0,1.5
2004-03-07,4.064,10.485,23.794,30.438,1.4
2004-03-08,0.0,10.278,24.25,30.587,1.5
2004-03-09,0.0,8.653,24.694,29.413,1.4
2004-03-10,3.165,8.541,24.469,29.113,1.4
2004-03-11,0.0,9.571,25.225,30.681,0.9
2004-03-12,0.0,12.305,24.387,32.644,0.9
2004-03-13,0.0,11.464,24.844,32.131,1.0
2004-03-14,0.0,12.275,24.363,32.562,0.7
2004-03-15,0.0,11.018,25.175,31.919,0.7
2004-03-16,0.0,10.673,24.725,31.225,0.6
2004-03-17,0.0,10.35,24.75,30.925,0.6
2004-03-18,0.0,12.027,24.488,32.356,0.5
2004-03-19,0.0,10.209,25.325,31.231,0.5
2004-03-20,0.0,10.476,24.194,30.581,0.5
2004-03-21,0.0,8.75,24.594,29.281,0.5
2004-03-22,0.0,9.907,24.381,30.175,0.5
2004-03-23,0.0,10.561,24.994,31.281,0.4
2004-03-24,0.0,11.137,25.262,32.019,0.5
2004-03-25,0.0,9.837,24.887,30.481,0.4
2004-03-26,3.597,9.771,24.881,30.406,0.4
2004-03-27,0.0,10.66,23.837,30.425,0.4
2004-03-28,0.0,10.455,23.675,30.062,0.4
2004-03-29,0.0,10.54,23.788,30.231,0.4
2004-03-30,0.0,11.957,23.387,31.319,0.4
2004-03-31,0.0,10.264,24.363,30.438,0.4
2004-04-01,0.0,9.845,24.938,30.494,0.6
2004-04-02,0.0,8.464,25.062,29.35,0.5
2004-04-03,17.171,6.145,24.8,27.269,0.6
2004-04-04,17.604,9.103,24.294,29.269,0.6
2004-04-05,3.836,11.643,24.694,31.988,1.0
2004-04-06,1.39,9.061,25.613,30.325,2.3
2004-04-07,0.0,9.734,25.719,31.006,3.3
2004-04-08,0.299,8.388,25.575,29.706,2.4
2004-04-09,0.0,9.561,25.594,30.731,1.3
2004-04-10,0.983,10.315,24.575,30.6,1.0
2004-04-11,0.0,9.449,25.369,30.45,1.1
2004-04-12,0.0,10.873,24.913,31.4,0.9
2004-04-13,12.392,9.429,25.012,30.163,0.8
2004-04-14,1.168,8.824,24.869,29.488,1.4
2004-04-15,0.0,8.798,24.106,28.831,1.0
2004-04-16,0.0,8.213,24.3,28.488,1.3
2004-04-17,0.0,9.126,24.831,29.731,1.2
2004-04-18,0.0,10.798,24.075,30.681,0.7
2004-04-19,2.182,9.195,24.575,29.587,0.8
2004-04-20,38.163,6.637,24.581,27.444,6.7
2004-04-21,0.368,9.691,24.106,29.663,8.3
2004-04-22,24.729,7.666,24.525,28.219,41.0
2004-04-23,29.923,11.029,23.669,30.613,14.7
2004-04-24,5.96,10.069,23.931,29.9,9.0
2004-04-25,2.703,10.718,23.481,30.175,5.6
2004-04-26,0.435,11.55,23.225,30.806,3.1
2004-04-27,2.335,9.931,24.387,30.156,5.4
2004-04-28,1.755,10.787,23.831,30.525,5.9
2004-04-29,2.825,10.196,24.769,30.712,3.3
2004-04-30,13.161,10.645,24.869,31.219,6.9
2004-05-01,0.0,9.278,23.837,29.125,2.4
2004-05-02,0.0,8.476,24.212,28.725,2.2
2004-05-03,29.443,8.771,24.356,29.087,68.2
2004-05-04,8.227,8.361,24.75,29.087,16.7
2004-05-05,4.487,9.905,24.431,30.219,8.3
2004-05-06,3.657,10.196,24.738,30.738,5.0
2004-05-07,1.562,9.897,25.981,31.469,7.2
2004-05-08,0.348,11.074,24.656,31.525,1.9
2004-05-09,7.69,9.922,24.019,29.913,1.9
2004-05-10,3.87,9.636,24.925,30.394,1.7
2004-05-11,13.372,9.713,25.481,30.919,2.3
2004-05-12,5.171,8.457,25.219,29.587,7.1
2004-05-13,3.587,11.052,24.719,31.6,12.7
2004-05-14,0.426,9.866,25.962,31.481,25.1
2004-05-15,24.944,7.93,25.038,28.988,16.1
2004-05-16,4.213,9.95,23.619,29.7,30.4
2004-05-17,5.201,8.455,24.375,28.913,26.5
2004-05-18,37.589,8.118,24.475,28.744,20.7
2004-05-19,7.58,6.038,23.575,26.238,6.8
2004-05-20,2.58,10.457,23.512,30.144,9.6
2004-05-21,19.716,10.508,24.288,30.825,16.7
2004-05-22,27.144,10.035,23.525,29.75,52.5
2004-05-23,7.2,9.639,24.512,30.15,10.2
2004-05-24,7.353,9.353,24.344,29.756,28.1
2004-05-25,0.16,8.095,24.681,28.9,36.5
2004-05-26,16.495,8.691,24.294,29.125,14.7
2004-05-27,2.557,8.743,24.344,29.206,8.5
2004-05-28,11.212,7.265,23.988,27.613,4.2
2004-05-29,1.313,7.401,23.825,27.587,4.5
2004-05-30,3.845,11.345,23.694,31.269,3.3
2004-05-31,2.625,8.711,24.988,29.725,3.3
2004-06-01,22.405,6.455,23.894,26.856,2.3
2004-06-02,8.197,8.609,23.806,28.688,6.8
2004-06-03,0.0,9.345,24.625,30.044,82.0
2004-06-04,15.831,8.845,24.581,29.55,105.5
2004-06-05,25.626,6.064,23.906,26.587,136.4
2004-06-06,0.271,9.214,22.9,28.538,48.4
2004-06-07,0.0,10.844,24.094,31.113,7.0
2004-06-08,0.746,8.902,23.856,29.025,4.9
2004-06-09,18.1,7.786,24.831,28.819,4.2
2004-06-10,5.273,8.912,24.137,29.256,12.6
2004-06-11,0.0,9.062,24.087,29.369,285.1
2004-06-12,18.643,9.042,24.144,29.394,13.6
2004-06-13,11.318,8.956,24.337,29.488,35.9
2004-06-14,25.331,9.803,24.275,30.231,13.6
2004-06-15,5.251,9.514,24.194,29.894,29.3
2004-06-16,5.514,9.632,24.531,30.319,3.8
2004-06-17,16.674,9.848,23.819,29.925,2.9
2004-06-18,10.064,9.915,23.844,30.025,20.6
2004-06-19,18.162,8.766,24.25,29.244,3.1
2004-06-20,8.692,7.327,24.506,28.181,6.7
2004-06-21,11.215,9.28,24.188,29.688,11.3
2004-06-22,0.0,10.525,23.844,30.631,5.6
2004-06-23,2.478,9.909,24.312,30.406,5.2
2004-06-24,8.962,10.328,23.538,30.219,3.8
2004-06-25,6.036,7.265,24.625,28.225,4.2
2004-06-26,0.213,9.427,24.106,29.75,3.8
2004-06-27,0.0,8.977,24.231,29.431,3.5
2004-06-28,10.038,8.939,24.719,29.794,2.4
2004-06-29,20.772,8.717,23.637,28.7,13.2
2004-06-30,5.537,8.203,24.15,28.644,7.7
2004-07-01,5.505,9.111,24.163,29.488,5.3
2004-07-02,5.612,10.177,23.825,30.269,5.6
2004-07-03,0.071,9.607,23.794,29.663,4.6
2004-07-04,1.396,8.224,23.7,28.269,4.6
2004-07-05,2.239,8.783,23.625,28.725,4.9
2004-07-06,9.834,7.781,23.844,27.981,3.3
2004-07-07,14.55,7.447,23.375,27.275,3.3
2004-07-08,3.639,7.875,23.594,27.844,4.3
2004-07-09,2.895,10.051,24.106,30.325,5.5
2004-07-10,2.044,8.642,24.125,28.988,4.2
2004-07-11,6.23,8.426,23.619,28.394,4.3
2004-07-12,3.204,7.926,24.125,28.325,4.0
2004-07-13,3.924,8.236,23.913,28.419,4.6
2004-07-14,0.428,9.722,23.762,29.706,3.5
2004-07-15,4.06,7.364,23.887,27.65,3.5
2004-07-16,0.0,10.19,23.4,29.875,3.6
2004-07-17,1.368,9.49,23.25,29.062,3.5
2004-07-18,12.736,9.249,24.269,29.644,3.9
2004-07-19,11.21,9.656,23.625,29.519,3.0
2004-07-20,13.455,8.603,24.387,29.15,7.8
2004-07-21,4.447,10.695,23.644,30.556,4.2
2004-07-22,12.156,8.307,23.512,28.119,32.1
2004-07-23,0.0,9.32,23.494,29.062,7.9
2004-07-24,4.227,9.598,23.831,29.594,4.1
2004-07-25,0.553,8.88,23.856,28.919,47.3
2004-07-26,0.428,8.795,23.925,28.887,3.0
2004-07-27,6.558,7.292,24.481,28.025,3.2
2004-07-28,20.336,8.332,23.406,28.025,3.5
2004-07-29,0.0,8.168,24.087,28.438,2.9
2004-07-30,0.222,9.66,24.025,29.775,2.1
2004-07-31,13.272,8.798,24.012,28.956,14.2
2004-08-01,2.602,13.118,22.294,31.981,14.1
2004-08-02,1.554,10.203,23.625,29.956,1.7
2004-08-03,15.007,8.99,23.762,28.906,13.6
2004-08-04,9.327,9.185,24.481,29.656,1.5
2004-08-05,15.231,9.754,23.438,29.356,1.8
2004-08-06,5.537,8.952,23.981,29.012,99.1
2004-08-07,0.93,9.514,23.837,29.431,6.7
2004-08-08,0.0,11.999,23.925,31.931,5.8
2004-08-09,18.367,8.862,24.106,29.012,5.0
2004-08-10,22.399,9.281,24.325,29.587,3.8
2004-08-11,8.16,8.371,24.806,29.156,40.8
2004-08-12,1.988,7.837,24.488,28.444,11.4
2004-08-13,0.131,10.2,23.938,30.15,5.2
2004-08-14,15.01,7.536,24.275,27.975,4.3
2004-08-15,8.536,8.703,24.762,29.4,2.5
2004-08-16,7.105,10.005,24.9,30.712,2.4
2004-08-17,0.171,9.245,24.956,30.038,2.3
2004-08-18,11.247,7.472,24.6,28.2,2.1
2004-08-19,4.186,9.947,25.094,30.8,2.1
2004-08-20,10.983,7.969,24.894,28.863,5.9
2004-08-21,3.488,9.604,23.956,29.55,7.0
2004-08-22,8.808,8.727,23.681,28.519,3.8
2004-08-23,0.891,11.509,23.531,31.094,2.4
2004-08-24,6.422,8.074,24.731,28.812,2.1
2004-08-25,2.867,8.424,24.281,28.744,2.2
2004-08-26,5.444,9.337,23.762,29.156,15.5
2004-08-27,1.264,9.108,24.913,29.881,2.3
2004-08-28,11.583,9.575,24.275,29.788,2.4
2004-08-29,0.0,9.709,24.306,29.919,2.3
2004-08-30,0.167,10.443,23.562,30.05,1.1
2004-08-31,15.936,8.508,24.5,28.981,22.9
2004-09-01,0.438,10.32,24.231,30.444,3.5
2004-09-02,0.155,11.099,25.137,31.925,2.9
2004-09-03,2.124,7.715,24.656,28.438,2.7
2004-09-04,23.126,8.398,24.75,29.131,2.3
2004-09-05,5.126,8.356,24.506,28.881,1.5
2004-09-06,16.577,10.852,23.094,30.131,4.7
2004-09-07,6.503,7.536,24.275,27.975,11.5
2004-09-08,11.379,8.444,23.206,27.887,5.7
2004-09-09,0.0,9.071,23.756,28.906,2.4
2004-09-10,12.875,10.122,24.238,30.312,1.9
2004-09-11,2.64,9.204,23.938,29.188,12.9
2004-09-12,3.129,11.38,23.988,31.344,2.9
2004-09-13,0.087,8.734,24.962,29.625,5.6
2004-09-14,14.664,8.038,24.656,28.756,1.5
2004-09-15,4.517,9.249,24.675,29.856,1.5
2004-09-16,0.0,10.423,24.062,30.5,1.3
2004-09-17,9.589,8.682,23.663,28.519,1.7
2004-09-18,0.309,11.178,23.9,31.131,2.3
2004-09-19,0.925,9.246,24.15,29.456,2.6
2004-09-20,8.861,8.024,24.5,28.644,3.2
2004-09-21,2.504,10.627,24.381,30.981,2.6
2004-09-22,4.916,9.299,24.156,29.538,2.6
2004-09-23,0.0,8.364,25.4,29.738,2.3
2004-09-24,26.407,9.245,24.438,29.738,1.9
2004-09-25,6.868,9.75,23.962,29.869,1.3
2004-09-26,15.255,9.521,24.206,29.844,2.1
2004-09-27,14.753,9.17,23.881,29.262,5.4
2004-09-28,4.027,9.616,24.637,30.306,24.1
2004-09-29,34.81,7.678,23.887,27.913,105.4
2004-09-30,0.0,9.898,24.006,30.113,43.5
2004-10-01,0.0,10.045,24.044,30.281,10.6
2004-10-02,0.0,9.629,24.788,30.519,5.4
2004-10-03,1.72,8.797,25.375,30.206,4.7
2004-10-04,10.839,6.301,24.587,27.419,4.7
2004-10-05,0.785,10.237,24.025,30.538,3.5
2004-10-06,4.879,9.838,24.25,30.356,2.8
2004-10-07,0.0,9.119,24.406,29.8,114.6
2004-10-08,0.0,8.473,24.587,29.325,2.0
2004-10-09,3.197,10.781,24.469,31.519,17.8
2004-10-10,7.512,10.716,24.606,31.6,3.8
2004-10-11,9.834,6.656,24.444,27.637,3.2
2004-10-12,1.734,8.325,24.019,28.794,2.8
2004-10-13,0.0,10.159,24.756,31.194,4.3
2004-10-14,2.719,9.279,24.863,30.438,4.4
2004-10-15,0.0,9.286,25.387,30.881,1.4
2004-10-16,8.261,9.25,25.131,30.663,2.0
2004-10-17,16.366,8.083,24.363,28.95,2.1
2004-10-18,1.914,8.556,24.488,29.5,2.3
2004-10-19,1.278,9.021,24.331,29.831,2.8
2004-10-20,0.0,8.938,24.119,29.619,2.1
2004-10-21,10.655,6.549,23.619,26.994,1.9
2004-10-22,0.0,7.718,23.525,27.962,1.4
2004-10-23,0.0,9.588,23.319,29.731,1.3
2004-10-24,0.0,10.155,23.781,30.669,1.8
2004-10-25,7.13,9.848,23.8,30.394,2.8
2004-10-26,8.572,10.266,24.256,31.212,8.3
2004-10-27,14.39,9.286,24.244,30.212,5.3
2004-10-28,0.346,8.284,24.038,29.056,12.7
2004-10-29,7.265,8.788,23.55,29.244,6.3
2004-10-30,2.065,9.283,23.637,29.788,4.8
2004-10-31,19.266,10.567,23.819,31.337,7.3
2004-11-01,6.528,9.561,24.369,30.719,5.5
2004-11-02,2.826,9.04,24.369,30.188,5.3
2004-11-03,7.548,9.918,23.731,30.637,17.5
2004-11-04,7.709,8.884,24.331,30.038,4.9
2004-11-05,11.913,9.126,23.975,30.038,14.6
2004-11-06,30.177,8.808,23.663,29.488,11.2
2004-11-07,2.245,8.298,24.625,29.8,27.9
2004-11-08,7.385,6.778,24.538,28.212,11.4
2004-11-09,1.037,7.781,24.038,28.781,10.1
2004-11-10,3.652,8.18,24.356,29.444,6.3
2004-11-11,3.788,9.218,23.006,29.519,4.8
2004-11-12,0.0,8.79,22.762,28.85,11.6
2004-11-13,0.0,9.317,23.794,30.269,4.3
2004-11-14,0.0,9.294,23.462,30.0,3.5
2004-11-15,0.0,9.887,23.369,30.619,2.9
2004-11-16,0.0,9.859,23.387,30.637,2.4
2004-11-17,34.961,7.973,23.913,29.012,1.6
2004-11-18,0.0,8.215,23.556,29.0,14.3
2004-11-19,18.818,7.565,23.2,28.038,12.7
2004-11-20,8.016,8.753,23.8,29.806,8.2
2004-11-21,0.749,8.893,23.981,30.106,4.9
2004-11-22,0.966,7.898,25.262,30.119,2.2
2004-11-23,10.736,9.465,24.281,31.012,2.0
2004-11-24,1.521,9.119,24.144,30.538,1.8
2004-11-25,10.586,8.296,24.406,29.881,1.7
2004-11-26,9.09,8.711,24.262,30.238,1.5
2004-11-27,0.593,9.056,24.294,30.631,1.6
2004-11-28,0.0,9.104,24.325,30.744,1.7
2004-11-29,0.0,9.944,23.719,31.244,2.3
2004-11-30,0.0,9.791,23.844,31.2,3.1
2004-12-01,5.565,7.922,24.406,29.55,7.9
2004-12-02,3.034,8.513,23.894,29.781,7.8
2004-12-03,2.343,8.756,23.381,29.675,4.9
2004-12-04,0.0,9.235,23.525,30.344,3.8
2004-12-05,0.0,8.983,24.569,30.881,3.2
2004-12-06,0.854,8.401,24.394,30.094,2.8
2004-12-07,15.821,7.049,24.425,28.706,2.8
2004-12-08,30.007,7.366,24.156,28.819,2.3
2004-12-09,0.0,9.161,24.238,30.844,2.1
2004-12-10,1.687,9.017,23.837,30.381,1.8
2004-12-11,7.798,6.308,24.2,27.806,1.5
2004-12-12,5.709,8.422,23.65,29.556,6.0
2004-12-13,0.0,9.227,24.087,30.825,3.2
2004-12-14,8.585,8.505,23.781,29.788,14.7
2004-12-15,6.211,8.812,23.669,30.038,13.9
2004-12-16,1.351,9.542,24.2,31.288,15.6
2004-12-17,1.645,7.259,23.55,28.212,8.9
2004-12-18,0.0,8.832,24.281,30.556,2.2
2004-12-19,0.0,8.343,23.969,29.75,2.3
2004-12-20,0.0,8.871,23.85,30.288,2.2
2004-12-21,0.0,9.282,24.075,30.887,1.8
2004-12-22,0.0,9.54,24.231,31.319,1.4
2004-12-23,0.0,9.055,24.15,30.681,1.3
2004-12-24,0.564,9.763,23.938,31.331,1.2
2004-12-25,0.0,8.09,24.413,29.806,0.8
2004-12-26,8.602,9.477,23.288,30.55,0.8
2004-12-27,0.0,8.632,23.788,29.894,0.9
2004-12-28,0.0,8.916,23.569,30.069,0.7
2004-12-29,0.0,9.579,22.65,30.1,0.7
2004-12-30,0.0,10.068,22.719,30.712,0.6
2004-12-31,0.0,9.751,23.669,31.044,0.6
2005-01-01,0.0,9.208,23.538,30.319,2.0
2005-01-02,0.0,9.511,23.719,30.8,1.85
2005-01-03,0.0,9.171,24.306,30.875,1.75
2005-01-04,0.0,9.324,23.694,30.569,1.7
2005-01-05,0.0,8.831,24.156,30.344,2.0
2005-01-06,0.0,9.065,24.137,30.581,1.5
2005-01-07,0.0,9.168,24.85,31.244,1.414
2005-01-08,3.414,8.501,24.825,30.5,1.327
2005-01-09,6.073,7.821,24.206,29.231,1.55
2005-01-10,23.595,9.189,23.5,30.144,5.563
2005-01-11,0.0,8.586,23.331,29.325,2.4
2005-01-12,12.324,8.858,23.581,29.806,2.4
2005-01-13,0.0,9.152,23.788,30.281,2.4
2005-01-14,13.575,9.087,23.931,30.306,2.05
2005-01-15,5.558,8.26,23.988,29.431,1.85
2005-01-16,28.71,7.096,23.762,28.006,2.4
2005-01-17,0.0,8.216,23.25,28.731,3.78
2005-01-18,0.0,9.01,22.863,29.331,2.3
2005-01-19,0.0,9.78,22.731,30.075,3.16
2005-01-20,0.0,8.321,23.206,28.788,2.7
2005-01-21,0.0,8.627,22.925,28.856,2.2
2005-01-22,0.0,8.584,23.15,28.981,1.414
2005-01-23,0.0,8.685,23.269,29.194,1.154
2005-01-24,0.0,7.727,23.3,28.2,1.025
2005-01-25,18.42,8.285,22.988,28.469,2.75
2005-01-26,0.0,9.214,23.631,29.962,10.1
2005-01-27,0.0,9.013,24.156,30.163,11.02
2005-01-28,0.0,9.923,24.137,31.081,7.815
2005-01-29,0.0,8.8,24.844,30.419,8.612
2005-01-30,0.0,9.192,24.331,30.394,7.762
2005-01-31,0.0,9.43,24.163,30.5,4.7
2005-02-01,0.0,8.453,24.431,29.675,2.6
2005-02-02,0.0,8.352,24.369,29.5,2.0
2005-02-03,0.0,7.106,24.494,28.381,1.6
2005-02-04,0.0,6.671,24.238,27.75,1.154
2005-02-05,0.0,5.999,24.069,26.988,1.154
2005-02-06,0.0,7.27,24.0,28.087,1.197
2005-02-07,0.0,7.293,24.875,28.837,1.197
2005-02-08,4.745,7.133,24.406,28.244,1.111
2005-02-09,0.0,7.409,24.462,28.525,1.025
2005-02-10,0.0,6.312,24.65,27.694,1.111
2005-02-11,6.365,6.981,24.7,28.319,1.414
2005-02-12,0.0,5.736,24.281,26.881,1.7
2005-02-13,5.286,9.049,23.956,29.644,1.55
2005-02-14,0.0,9.281,24.094,29.956,3.2
2005-02-15,0.0,9.95,23.262,29.95,3.36
2005-02-16,7.851,8.725,23.4,28.781,2.9
2005-02-17,0.0,9.886,23.275,29.85,2.2
2005-02-18,0.0,9.82,23.7,30.106,1.95
2005-02-19,0.0,7.828,24.438,28.738,1.6
2005-02-20,0.0,10.009,24.3,30.712,1.5
2005-02-21,0.0,10.111,24.225,30.738,1.327
2005-02-22,0.0,10.477,24.212,31.069,1.197
2005-02-23,0.505,9.508,24.506,30.319,1.068
2005-02-24,0.0,9.384,24.206,29.913,0.938
2005-02-25,0.0,11.348,23.863,31.631,0.852
2005-02-26,0.0,7.545,25.312,29.094,0.809
2005-02-27,0.0,9.319,24.781,30.275,0.809
2005-02-28,0.0,9.671,24.631,30.456,0.722
2005-03-01,0.0,9.442,25.425,30.869,0.636
2005-03-02,0.0,9.039,24.7,29.881,1.318
2005-03-03,0.0,7.315,24.762,28.363,1.154
2005-03-04,0.0,8.686,25.0,29.769,1.284
2005-03-05,0.0,8.393,24.188,28.812,1.154
2005-03-06,0.0,8.755,24.25,29.194,1.068
2005-03-07,0.0,8.425,25.1,29.587,1.025
2005-03-08,0.0,9.709,24.369,30.169,0.981
2005-03-09,0.0,10.621,24.281,30.944,0.895
2005-03-10,0.0,8.682,25.406,30.006,0.981
2005-03-11,0.0,8.042,24.65,28.812,0.981
2005-03-12,0.0,9.469,25.0,30.4,0.895
2005-03-13,0.0,10.439,24.719,31.075,1.025
2005-03-14,0.0,10.499,24.606,31.0,1.241
2005-03-15,0.0,10.906,24.688,31.45,1.197
2005-03-16,0.0,9.734,24.625,30.262,0.981
2005-03-17,0.0,9.549,24.906,30.3,0.895
2005-03-18,0.0,10.09,25.2,31.038,0.809
2005-03-19,0.433,9.468,24.475,29.881,0.679
2005-03-20,0.161,9.283,24.581,29.781,0.463
2005-03-21,0.0,9.849,23.706,29.569,0.549
2005-03-22,0.0,10.392,25.438,31.469,0.636
2005-03-23,0.0,10.403,24.956,31.069,0.463
2005-03-24,7.782,11.111,24.712,31.544,0.463
2005-03-25,4.164,9.829,24.875,30.469,0.376
2005-03-26,11.99,10.258,24.581,30.625,0.376
2005-03-27,15.692,11.343,24.225,31.363,0.376
2005-03-28,0.0,11.119,24.613,31.438,0.29
2005-03-29,10.931,10.577,24.094,30.525,1.068
2005-03-30,0.0,11.231,24.606,31.531,1.414
2005-03-31,0.0,10.348,24.669,30.744,1.111
2005-04-01,0.0,11.743,24.656,32.05,0.636
2005-04-02,0.223,11.576,24.675,31.906,0.463
2005-04-03,26.307,9.637,24.731,30.137,4.431
2005-04-04,0.0,9.867,25.281,30.781,7.55
2005-04-05,11.439,9.884,25.519,30.994,5.42
2005-04-06,21.232,8.649,25.137,29.6,4.1
2005-04-07,15.248,10.642,24.988,31.244,5.45
2005-04-08,12.273,8.91,24.619,29.363,2.2
2005-04-09,10.943,11.294,25.188,32.013,2.2
2005-04-10,0.23,10.497,25.475,31.5,3.0
2005-04-11,31.773,7.521,25.244,28.712,26.55
2005-04-12,0.0,10.695,24.325,30.762,6.54
2005-04-13,0.0,10.273,24.719,30.694,4.78
2005-04-14,4.157,7.943,26.256,29.956,2.6
2005-04-15,25.463,7.678,25.413,28.988,51.79
2005-04-16,0.101,10.394,25.312,31.294,9.6
2005-04-17,5.6,6.149,26.369,28.688,11.66
2005-04-18,10.293,9.822,25.163,30.656,8.4
2005-04-19,13.659,9.724,25.194,30.587,6.38
2005-04-20,3.106,10.134,24.806,30.644,4.94
2005-04-21,12.666,10.286,24.775,30.756,3.4
2005-04-23,0.0,10.57,24.75,31.012,61.03
2005-04-24,0.0,10.549,24.087,30.494,11.57
2005-04-25,0.0,10.482,24.35,30.663,6.484
2005-04-26,0.0,10.712,24.688,31.144,4.3
2005-04-29,0.562,10.063,25.25,30.975,40.3
2005-04-30,7.436,11.093,24.494,31.363,18.78
2005-05-01,1.094,11.318,24.431,31.531,12.35
2005-05-02,13.944,7.772,24.675,28.488,18.27
2005-05-04,0.0,12.377,23.231,31.706,8.612
2005-05-05,0.154,9.781,24.15,29.856,6.617
2005-05-06,5.943,8.684,24.0,28.731,4.22
2005-05-07,2.301,11.444,24.419,31.694,24.63
2005-05-08,6.833,10.915,24.344,31.15,12.69
2005-05-09,5.02,9.122,24.875,29.887,7.55
2005-05-10,4.853,10.368,24.731,30.919,11.42
2005-05-11,17.601,10.12,25.35,31.175,9.538
2005-05-12,31.277,10.998,24.712,31.525,21.73
2005-05-13,22.048,8.016,25.163,29.175,9.675
2005-05-16,4.026,11.319,24.288,31.55,42.9
2005-05-19,9.514,9.706,24.081,29.875,23.8
2005-05-20,0.203,11.614,24.631,32.163,16.06
2005-05-21,7.392,10.758,24.25,31.025,13.32
2005-05-22,5.005,11.141,25.006,32.0,13.21
2005-05-23,9.848,8.912,24.256,29.275,16.08
2005-05-24,0.0,11.232,23.581,31.006,14.27
2005-05-25,0.841,10.192,24.863,30.988,10.52
2005-05-26,3.868,9.503,24.363,29.925,7.55
2005-05-27,0.0,9.31,25.55,30.725,10.8
2005-05-28,7.988,9.785,24.631,30.438,9.038
2005-05-29,0.0,10.778,25.288,31.919,7.55
2005-05-30,6.319,10.723,25.087,31.712,9.144
2005-05-31,3.954,8.477,25.394,29.881,7.975
2005-06-01,12.349,8.485,24.869,29.462,7.125
2005-06-02,16.695,9.671,24.413,30.2,6.22
2005-06-03,1.54,10.682,24.587,31.294,5.82
2005-06-04,10.847,9.517,24.794,30.344,6.911
2005-06-05,20.9,8.492,24.644,29.294,35.3
2005-06-07,0.0,11.05,23.688,30.994,11.79
2005-06-08,11.64,10.025,25.625,31.512,8.825
2005-06-09,6.938,10.196,24.994,31.194,11.63
2005-06-10,25.338,8.525,24.837,29.481,26.41
2005-06-11,11.478,8.596,24.55,29.337,21.88
2005-06-12,7.804,10.776,24.631,31.488,12.85
2005-06-13,12.72,10.28,24.569,30.938,64.15
2005-06-14,7.386,8.64,24.95,29.719,21.88
2005-06-15,0.698,10.446,24.544,31.1,14.04
2005-06-16,2.975,10.925,24.481,31.55,9.887
2005-06-17,8.565,9.291,25.819,31.025,8.612
2005-06-18,3.041,9.939,25.062,31.012,7.762
2005-06-19,6.974,9.613,25.044,30.694,6.38
2005-06-20,9.976,9.4,24.294,29.875,7.231
2005-06-21,1.172,9.833,24.406,30.469,35.02
2005-06-22,11.654,8.746,24.731,29.613,11.54
2005-06-24,1.582,9.537,24.506,30.206,72.1
2005-06-25,24.095,10.169,24.288,30.637,55.54
2005-06-26,0.0,10.02,24.519,30.669,60.1
2005-06-27,8.998,10.787,24.594,31.481,36.38
2005-06-28,14.651,11.165,24.481,31.775,14.51
2005-06-29,4.306,7.548,24.406,28.306,20.75
2005-06-30,3.851,8.643,23.931,28.863,6.62
2005-07-01,0.196,10.446,24.4,30.994,6.06
2005-07-02,0.0,10.002,24.4,30.544,6.22
2005-07-03,10.442,9.955,24.081,30.262,32.61
2005-07-04,3.997,11.239,23.812,31.344,21.13
2005-07-05,18.007,11.328,23.944,31.519,13.92
2005-07-06,15.922,10.344,24.15,30.675,11.24
2005-07-07,0.0,10.61,24.212,31.012,8.613
2005-07-08,0.76,9.945,24.881,30.856,7.337
2005-07-09,11.857,9.567,25.337,30.869,9.375
2005-07-10,6.433,9.693,24.056,29.969,35.97
2005-07-11,10.923,9.875,24.038,30.106,6.22
2005-07-12,2.288,7.639,24.106,28.081,6.46
2005-07-13,8.634,8.377,23.781,28.444,5.58
2005-07-14,0.0,10.13,23.75,30.113,4.94
2005-07-15,3.528,9.344,23.481,29.15,17.62
2005-07-16,0.0,10.729,23.994,30.887,6.22
2005-07-17,3.496,8.942,24.15,29.275,5.82
2005-07-18,0.0,9.978,24.331,30.4,6.22
2005-07-19,21.741,9.222,24.663,29.95,5.26
2005-07-20,5.678,9.9,23.756,29.875,4.54
2005-07-21,3.762,11.07,23.444,30.788,3.82
2005-07-22,13.75,10.327,24.0,30.469,12.14
2005-07-23,9.683,10.282,24.238,30.587,20.85
2005-07-24,10.474,10.306,25.081,31.288,19.48
2005-07-25,11.015,10.106,25.156,31.131,11.2
2005-07-26,0.0,11.378,24.3,31.7,9.063
2005-07-27,4.434,11.028,24.163,31.256,4.94
2005-07-28,19.362,11.452,24.631,32.019,4.94
2005-07-29,0.0,10.383,25.188,31.413,6.54
2005-07-30,11.883,10.117,23.756,30.025,7.019
2005-07-31,4.418,10.66,24.875,31.419,6.325
2005-08-01,6.417,8.959,24.288,29.319,4.46
2005-08-02,7.963,8.669,24.369,29.1,6.377
2005-08-03,0.0,10.283,24.363,30.631,7.545
2005-08-04,11.815,9.771,25.081,30.7,10.31
2005-08-05,8.165,8.279,25.056,29.331,9.462
2005-08-06,0.0,10.608,24.506,31.031,8.612
2005-08-07,2.758,10.892,24.65,31.413,7.762
2005-08-08,10.967,9.084,24.938,29.944,6.912
2005-08-09,16.992,9.488,24.581,30.012,6.22
2005-08-10,0.0,10.383,24.438,30.744,5.58
2005-08-11,16.978,8.526,24.275,28.856,4.94
2005-08-12,0.272,12.242,23.55,31.9,4.54
2005-08-13,23.147,7.861,24.906,28.8,3.9
2005-08-14,3.889,10.082,23.506,29.681,3.9
2005-08-15,10.765,8.532,24.225,28.837,3.82
2005-08-16,22.757,8.25,24.3,28.631,18.7
2005-08-17,22.8,7.666,23.8,27.688,10.36
2005-08-18,9.197,11.453,23.219,30.8,8.188
2005-08-19,0.0,11.78,24.181,31.869,13.25
2005-08-20,2.294,10.845,23.812,30.631,6.699
2005-08-21,8.497,9.838,23.694,29.569,48.35
2005-08-22,5.143,10.013,24.781,30.6,11.31
2005-08-23,2.278,11.349,23.562,30.938,7.496
2005-08-24,12.92,8.661,23.956,28.669,4.94
2005-08-25,0.994,10.792,23.019,29.962,3.98
2005-08-26,14.674,10.052,23.775,29.825,4.94
2005-08-27,0.357,10.31,24.475,30.631,5.58
2005-08-28,19.975,8.092,24.15,28.35,4.62
2005-08-29,1.745,11.658,23.688,31.35,4.78
2005-08-30,0.25,10.031,23.931,29.956,10.74
2005-08-31,17.119,9.959,24.719,30.519,12.19
2005-09-01,0.0,10.573,24.337,30.769,15.46
2005-09-02,10.588,7.284,24.925,28.312,12.85
2005-09-03,0.238,10.674,23.4,30.137,10.6
2005-09-04,0.0,10.149,24.619,30.6,10.21
2005-09-05,4.481,10.12,24.969,30.85,5.9
2005-09-06,1.949,8.916,24.919,29.7,4.3
2005-09-07,0.0,9.051,24.788,29.738,3.4
2005-09-08,13.792,10.208,24.994,30.962,3.25
2005-09-09,8.869,10.982,24.706,31.488,3.1
2005-09-10,0.0,9.002,24.831,29.75,45.67
2005-09-11,4.668,11.028,24.712,31.55,5.1
2005-09-12,18.669,8.87,24.094,29.019,45.67
2005-09-14,1.447,10.189,24.4,30.525,32.25
2005-09-15,14.22,7.273,24.681,28.131,14.27
2005-09-16,0.354,9.694,24.431,30.081,8.612
2005-09-17,10.887,10.608,23.869,30.519,5.9
2005-09-18,0.288,11.069,24.306,31.331,12.26
2005-09-19,19.969,7.19,25.413,28.712,11.54
2005-09-20,5.44,8.429,24.538,29.05,9.356
2005-09-21,7.884,6.911,25.038,28.175,5.9
2005-09-22,0.0,9.511,23.806,29.462,6.22
2005-09-23,5.773,7.006,24.019,27.406,4.94
2005-09-24,2.976,10.142,23.062,29.519,4.38
2005-09-25,0.054,9.82,24.175,30.087,3.9
2005-09-26,4.296,9.861,23.438,29.556,3.58
2005-09-27,10.192,11.035,23.844,31.038,6.54
2005-09-28,15.977,9.679,23.656,29.569,7.92
2005-09-29,0.0,9.876,23.519,29.675,6.54
2005-09-30,5.777,9.847,23.906,29.981,6.22
2005-10-01,16.166,9.799,23.944,29.962,10.4
2005-10-02,0.613,9.356,23.913,29.538,78.94
2005-10-03,2.369,9.986,24.844,30.894,28.2
2005-10-04,4.166,9.065,24.244,29.531,14.51
2005-10-05,0.478,10.772,24.212,31.212,11.9
2005-10-06,5.859,9.899,24.194,30.344,10.52
2005-10-07,7.607,8.905,24.269,29.469,10.52
2005-10-08,3.596,9.383,24.106,29.8,7.55
2005-10-09,10.795,6.554,24.469,27.531,6.46
2005-10-10,3.692,9.969,23.688,30.075,5.74
2005-10-11,1.59,10.94,24.55,31.756,4.78
2005-10-12,3.823,8.518,24.6,29.419,4.3
2005-10-13,1.326,10.229,24.637,31.137,3.74
2005-10-14,4.156,9.421,24.238,30.05,14.51
2005-10-15,2.992,9.495,24.087,30.025,12.26
2005-10-16,5.608,10.297,24.419,31.106,11.19
2005-10-17,0.576,10.168,24.856,31.337,10.42
2005-10-18,10.358,8.766,24.469,29.675,9.462
2005-10-19,0.339,10.115,25.025,31.462,6.912
2005-10-20,18.997,8.034,24.5,29.031,6.54
2005-10-21,0.696,10.194,23.8,30.631,5.98
2005-10-22,3.528,8.098,24.819,29.381,5.26
2005-10-23,1.787,8.834,23.988,29.444,4.54
2005-10-24,5.864,8.22,24.419,29.2,4.14
2005-10-25,10.919,8.66,23.531,28.944,3.74
2005-10-26,0.0,8.633,23.762,29.113,4.3
2005-10-27,0.0,8.429,23.606,28.8,4.14
2005-10-28,3.323,9.903,23.725,30.438,3.98
2005-10-29,1.045,8.817,23.762,29.363,3.58
2005-10-30,21.578,9.575,24.225,30.525,3.45
2005-10-31,0.0,8.581,24.387,29.681,3.2
2005-11-01,0.0,7.692,24.281,28.744,12.61
2005-11-02,0.0,9.447,23.863,30.2,10.52
2005-11-03,16.166,6.878,24.15,27.869,12.61
2005-11-04,31.18,7.981,23.9,28.756,23.52
2005-11-05,0.391,9.717,23.875,30.562,19.66
2005-11-08,1.062,9.655,24.069,30.725,45.67
2005-11-09,0.839,8.689,24.306,29.913,36.66
2005-11-10,22.25,8.926,23.794,29.762,27.38
2005-11-11,27.93,6.534,23.738,27.337,20.95
2005-11-12,18.0,7.226,23.163,27.525,18.58
2005-11-13,0.0,9.828,23.419,30.525,14.51
2005-11-14,21.677,9.603,23.481,30.356,10.98
2005-11-15,27.218,7.926,24.163,29.125,8.4
2005-11-16,17.872,9.904,23.744,30.925,8.188
2005-11-17,4.4,9.269,24.212,30.6,7.125
2005-11-18,0.0,8.169,24.431,29.625,6.22
2005-11-19,0.0,8.934,23.619,29.8,5.42
2005-11-20,0.0,9.921,24.062,31.262,12.61
2005-11-21,0.0,8.913,24.488,30.531,10.31
2005-11-22,4.985,6.955,23.488,27.681,9.25
2005-11-23,0.0,7.655,22.75,27.831,8.188
2005-11-24,0.0,8.935,22.762,29.238,7.125
2005-11-25,14.486,8.14,23.062,28.619,5.74
2005-11-26,0.0,9.425,22.75,29.825,5.42
2005-11-27,0.0,9.603,23.55,30.663,4.46
2005-11-28,0.0,10.003,23.2,30.887,4.3
2005-11-29,0.0,10.072,23.219,30.975,4.62
2005-11-30,0.0,8.709,23.4,29.581,3.5
2005-12-01,1.617,9.503,23.525,30.587,5.9
2005-12-02,0.0,9.902,22.825,30.55,4.78
2005-12-03,0.0,10.229,23.231,31.244,7.55
2005-12-04,0.0,9.572,23.625,30.781,5.42
2005-12-05,0.0,9.104,23.337,30.025,3.82
2005-12-06,0.0,9.067,23.731,30.294,4.22
2005-12-07,0.83,9.997,23.7,31.363,12.26
2005-12-08,0.0,10.734,23.544,32.131,36.38
2005-12-09,0.0,9.086,23.419,30.106,14.51
2005-12-10,0.0,8.074,24.794,30.081,12.61
2005-12-11,0.0,8.584,24.25,30.256,11.12
2005-12-12,5.228,7.1,24.137,28.544,9.887
2005-12-13,5.431,8.229,23.869,29.538,8.612
2005-12-14,24.886,9.001,23.587,30.194,7.762
2005-12-15,0.0,9.171,23.488,30.294,6.54
2005-12-16,0.0,9.437,22.631,29.956,5.9
2005-12-17,0.0,9.041,23.431,30.1,4.94
2005-12-18,0.0,9.587,23.869,31.081,4.3
2005-12-19,11.765,9.033,23.244,29.975,3.45
2005-12-20,13.803,9.394,23.462,30.55,3.2
2005-12-21,0.47,8.655,23.137,29.462,4.05
2005-12-22,2.006,9.086,23.044,29.881,5.9
2005-12-23,9.964,8.48,23.631,29.65,7.55
2005-12-24,2.561,7.926,23.844,29.2,8.4
2005-12-25,2.357,7.358,23.431,28.262,7.125
2005-12-26,11.365,8.82,23.669,30.012,6.22
2005-12-27,0.0,9.277,23.256,30.244,5.42
2005-12-28,0.0,9.771,23.413,30.913,4.62
2005-12-29,3.918,8.862,23.569,29.981,3.82
2005-12-30,0.0,8.99,23.181,29.819,3.2
2005-12-31,0.0,9.819,22.812,30.519,3.0
2006-01-01,0.0,9.461,23.231,30.375,7.762
2006-01-02,8.509,8.92,23.5,29.95,6.54
2006-01-03,0.0,8.599,23.175,29.331,5.9
2006-01-04,0.0,8.832,23.194,29.575,4.62
2006-01-05,27.985,5.648,23.819,26.781,3.82
2006-01-06,0.0,5.385,22.625,25.475,8.787
2006-01-07,0.0,7.679,22.294,27.55,18.1
2006-01-08,0.0,10.298,22.519,30.725,6.962
2006-01-09,0.0,10.347,22.981,31.106,6.06
2006-01-10,0.0,10.131,23.337,31.119,4.14
2006-01-11,0.0,8.423,23.575,29.35,3.4
2006-01-12,0.0,9.741,23.163,30.5,3.05
2006-01-13,0.0,9.094,23.4,29.925,2.65
2006-01-14,0.0,9.623,23.856,30.875,2.5
2006-01-15,0.0,9.339,23.587,30.306,2.4
2006-01-16,0.0,9.898,23.413,30.769,2.3
2006-01-17,9.882,8.578,23.719,29.519,2.1
2006-01-18,0.0,10.01,23.15,30.681,2.05
2006-01-19,0.0,9.155,23.469,29.938,1.9
2006-01-20,0.0,10.61,22.337,30.731,1.8
2006-01-21,0.0,11.823,21.756,31.719,1.85
2006-01-22,0.0,9.963,23.238,30.594,1.9
2006-01-23,0.0,9.059,24.538,30.581,1.8
2006-01-24,0.0,8.155,24.306,29.413,1.75
2006-01-25,0.0,9.093,24.231,30.325,1.75
2006-01-26,0.0,8.516,24.131,29.613,1.6
2006-01-27,0.586,7.688,24.475,29.019,1.6
2006-01-28,16.694,9.726,24.019,30.8,1.6
2006-01-29,25.193,7.217,23.844,28.019,2.0
2006-01-30,3.178,9.508,23.975,30.45,2.4
2006-01-31,0.158,9.655,23.75,30.406,2.1
2006-02-01,25.902,6.016,23.806,26.812,2.1
2006-02-02,14.888,8.631,23.475,29.044,2.0
2006-02-03,17.636,8.063,23.469,28.456,1.9
2006-02-04,4.716,6.194,23.425,26.6,1.7
2006-02-05,2.191,9.462,23.2,29.631,1.9
2006-02-06,1.715,9.567,23.169,29.719,1.95
2006-02-07,0.0,8.921,23.156,28.988,2.4
2006-02-08,0.0,9.776,23.062,29.837,9.038
2006-02-09,0.0,9.476,23.4,29.756,7.975
2006-02-10,0.0,9.697,23.456,29.988,5.9
2006-02-11,0.0,9.1,24.194,29.919,4.04
2006-02-12,0.0,8.851,24.475,29.894,2.15
2006-02-13,0.0,7.638,24.444,28.669,1.9
2006-02-14,0.0,9.284,24.225,30.075,1.6
2006-02-15,0.0,10.599,23.494,30.837,1.5
2006-02-16,0.0,11.411,23.275,31.506,1.327
2006-02-17,0.0,10.47,24.337,31.288,1.7
2006-02-18,0.0,9.924,24.519,30.85,1.6
2006-02-19,0.0,8.9,24.7,29.962,1.414
2006-02-20,0.0,12.107,22.95,31.913,1.327
2006-02-21,0.0,10.784,23.569,30.925,1.241
2006-02-22,0.0,11.935,23.038,31.712,1.154
2006-02-23,0.0,10.681,23.644,30.812,1.154
2006-02-24,0.0,10.007,24.45,30.738,1.068
2006-02-25,0.0,10.685,24.113,31.137,0.981
2006-02-26,0.0,9.519,24.025,29.863,0.938
2006-02-27,0.0,8.642,23.319,28.444,0.895
2006-02-28,0.0,9.997,24.306,30.531,1.414
2006-03-01,0.0,10.069,24.444,30.688,0.852
2006-03-02,0.0,10.756,24.887,31.688,0.809
2006-03-03,4.946,8.994,24.594,29.738,0.809
2006-03-04,0.0,8.818,24.163,29.212,0.722
2006-03-05,0.0,9.596,24.788,30.444,0.636
2006-03-06,0.0,8.933,25.0,29.981,0.636
2006-03-07,2.755,8.302,24.55,29.038,0.636
2006-03-08,0.434,9.432,23.75,29.4,1.7
2006-03-09,1.239,10.457,23.344,30.075,1.414
2006-03-10,0.0,12.011,23.175,31.506,1.241
2006-03-11,0.0,10.06,23.875,30.044,1.111
2006-03-12,0.0,11.517,23.087,30.881,0.981
2006-03-13,0.061,11.494,22.844,30.656,0.809
2006-03-14,0.0,11.484,23.05,30.788,0.809
2006-03-15,0.0,10.967,23.238,30.406,1.068
2006-03-16,0.0,11.179,24.281,31.394,0.938
2006-03-17,1.053,10.776,24.306,31.0,0.895
2006-03-18,6.352,9.509,23.238,28.906,0.809
2006-03-19,0.0,9.89,23.794,29.725,0.809
2006-03-20,0.0,9.917,23.475,29.469,1.154
2006-03-21,0.0,10.789,23.975,30.706,1.75
2006-03-22,11.015,8.862,23.712,28.675,1.327
2006-03-23,4.852,9.908,23.025,29.094,0.981
2006-03-24,14.682,8.918,23.413,28.45,1.068
2006-03-25,5.477,8.791,23.137,28.119,1.154
2006-03-26,0.0,8.611,23.106,27.9,0.981
2006-03-27,0.866,9.732,22.988,28.85,1.6
2006-03-28,35.815,9.377,23.456,28.881,2.25
2006-03-29,0.0,11.301,23.538,30.8,16.9
2006-03-30,7.101,9.91,24.587,30.269,13.09
2006-04-01,0.365,9.545,24.663,29.981,11.66
2006-04-02,0.0,7.968,24.294,28.275,9.887
2006-04-03,0.0,8.773,23.788,28.575,7.762
2006-04-04,0.0,9.029,23.356,28.45,6.38
2006-04-05,5.934,9.844,23.394,29.238,5.66
2006-04-06,1.346,10.956,23.363,30.306,4.94
2006-04-07,0.909,10.17,23.394,29.562,4.3
2006-04-08,15.69,9.162,24.3,29.337,3.53
2006-04-09,19.449,9.02,24.356,29.25,2.95
2006-04-10,0.739,9.837,24.094,29.775,1.75
2006-04-11,5.145,10.029,23.625,29.594,1.068
2006-04-12,22.198,8.182,23.556,27.831,1.025
2006-04-13,0.0,9.57,23.506,29.075,13.49
2006-04-14,0.0,10.472,22.856,29.431,10.6
2006-04-15,0.0,10.839,23.125,30.031,5.9
2006-04-16,0.0,10.389,22.938,29.419,4.62
2006-04-17,0.0,9.008,24.325,29.269,3.2
2006-04-18,0.875,8.807,23.85,28.631,2.7
2006-04-19,14.867,12.315,24.019,32.125,2.2
2006-04-20,2.99,11.681,24.288,31.706,1.9
2006-04-21,4.865,11.993,24.15,31.9,1.7
2006-04-22,1.338,9.806,24.975,30.5,1.6
2006-04-23,30.956,8.077,24.325,28.4,1.414
2006-04-24,12.217,8.814,24.025,28.806,1.068
2006-04-25,10.634,10.375,23.875,30.137,0.938
2006-04-26,8.111,8.454,24.0,28.475,0.895
2006-04-27,13.385,10.87,23.956,30.694,0.895
2006-04-28,31.098,10.006,24.094,29.994,42.35
2006-04-29,0.35,11.035,23.806,30.756,21.88
2006-04-30,20.234,9.679,23.994,29.619,20.67
2006-05-01,3.612,9.03,23.788,28.863,52.07
2006-05-02,25.226,9.184,23.613,28.875,15.7
2006-05-03,0.55,9.803,24.587,30.294,35.93
2006-05-04,25.804,8.326,24.369,28.781,56.6
2006-05-05,25.93,10.311,23.887,30.181,15.94
2006-05-07,14.766,8.896,23.756,28.762,16.66
2006-05-11,2.602,8.993,23.894,28.975,56.8
2006-05-12,6.952,8.892,23.856,28.844,23.53
2006-05-13,17.143,9.358,23.613,29.087,25.73
2006-05-14,7.34,10.354,24.231,30.531,22.77
2006-05-15,9.665,9.028,25.681,30.506,13.56
2006-05-16,14.363,9.536,25.019,30.419,15.94
2006-05-17,9.549,6.289,24.569,27.262,13.56
2006-05-18,13.281,10.619,23.869,30.556,6.7
2006-05-19,11.142,9.734,24.1,29.875,27.1
2006-05-20,0.0,9.83,23.988,29.9,44.49
2006-05-21,5.439,9.35,24.294,29.694,13.32
2006-05-22,0.0,10.395,24.544,30.894,8.612
2006-05-23,3.598,9.772,24.575,30.331,5.9
2006-05-24,6.654,8.612,24.819,29.469,7.602
2006-05-25,10.465,9.783,24.631,30.4,12.05
2006-05-26,31.608,8.376,24.825,29.288,22.23
2006-05-27,25.26,7.806,24.206,28.238,12.14
2006-05-29,34.808,4.928,23.863,25.669,65.8
2006-05-30,0.628,8.587,23.238,28.163,13.32
2006-06-03,1.332,9.844,23.419,29.562,72.1
2006-06-04,6.062,9.329,24.294,29.769,50.09
2006-06-05,9.997,6.368,23.706,26.644,33.08
2006-06-06,4.328,8.138,24.119,28.525,14.04
2006-06-07,8.959,6.915,24.4,27.694,10.1
2006-06-08,10.223,9.403,23.125,28.906,9.675
2006-06-09,0.0,9.748,23.675,29.725,9.25
2006-06-10,3.643,7.769,23.194,27.419,12.16
2006-06-11,7.348,8.508,24.038,28.806,9.462
2006-06-12,0.0,10.347,23.556,30.238,10.1
2006-06-13,7.713,10.218,23.825,30.288,20.85
2006-06-14,20.701,9.506,23.95,29.688,76.97
2006-06-15,3.292,8.672,23.913,28.881,45.78
2006-06-16,17.918,9.755,23.85,29.863,27.38
2006-06-17,1.721,9.327,24.6,30.05,31.9
2006-06-18,12.701,8.744,24.137,29.137,18.1
2006-06-19,8.294,9.883,24.856,30.8,12.85
2006-06-20,5.168,9.035,25.131,30.231,11.42
2006-06-21,13.006,7.703,24.406,28.394,10.31
2006-06-22,0.0,10.868,23.919,31.044,9.25
2006-06-23,4.332,7.533,25.006,28.769,8.188
2006-06-24,1.623,9.483,24.2,29.875,8.188
2006-06-25,0.064,9.305,23.975,29.556,7.125
2006-06-26,4.293,9.473,24.419,30.056,6.7
2006-06-27,3.444,10.608,24.825,31.481,6.54
2006-06-28,9.599,9.013,25.2,30.256,15.95
2006-06-29,0.0,12.076,25.225,33.263,18.1
2006-06-30,0.167,9.966,24.719,30.756,11.42
2006-07-01,0.151,10.781,25.2,31.95,5.74
2006-07-02,2.529,11.48,24.55,32.163,5.9
2006-07-03,8.282,9.589,24.625,30.325,13.6
2006-07-04,17.831,9.164,24.756,30.025,15.23
2006-07-05,17.354,8.694,24.113,29.062,12.61
2006-07-06,0.357,10.894,24.519,31.519,8.825
2006-07-07,18.399,8.104,25.169,29.381,6.54
2006-07-08,16.831,8.106,24.819,29.113,6.22
2006-07-09,16.195,8.816,24.669,29.606,36.38
2006-07-10,4.624,10.883,24.044,31.131,11.2
2006-07-11,6.142,9.904,24.288,30.344,6.06
2006-07-12,3.726,8.539,25.163,29.756,9.212
2006-07-13,12.606,7.393,24.663,28.344,15.23
2006-07-14,11.493,7.864,24.288,28.406,10.52
2006-07-15,1.078,9.587,23.2,29.15,6.54
2006-07-16,11.878,9.286,23.85,29.363,18.1
2006-07-17,10.121,9.535,24.25,29.906,50.06
2006-07-19,8.475,9.924,24.444,30.45,100.6
2006-07-20,9.565,9.767,23.881,29.819,56.2
2006-07-21,1.989,9.39,24.637,30.094,39.96
2006-07-22,10.071,7.804,23.863,27.988,18.1
2006-07-23,12.21,8.843,23.806,28.869,9.887
2006-07-24,7.067,8.784,23.981,28.962,10.84
2006-07-25,6.432,7.223,24.269,27.788,10.73
2006-07-26,21.609,7.733,23.869,27.894,19.48
2006-07-27,4.31,7.593,22.606,26.706,29.85
2006-07-28,7.174,11.154,23.019,30.481,12.85
2006-07-31,6.751,10.47,24.106,30.6,18.1
2006-08-01,0.0,9.788,25.281,30.925,28.66
2006-08-04,0.532,9.475,24.575,30.038,17.86
2006-08-05,17.593,9.569,24.375,29.931,12.38
2006-08-06,0.0,10.756,24.137,30.887,10.52
2006-08-07,17.634,8.426,25.137,29.5,10.52
2006-08-08,0.0,10.535,24.288,30.769,24.39
2006-08-09,15.508,7.793,24.169,28.125,23.6
2006-08-10,1.97,11.396,24.238,31.587,14.39
2006-08-11,9.219,8.225,24.35,28.663,30.57
2006-08-12,0.0,11.226,23.681,30.956,22.23
2006-08-13,0.0,11.767,23.9,31.688,12.85
2006-08-14,1.706,11.31,24.525,31.675,10.74
2006-08-15,7.177,9.57,24.962,30.35,8.4
2006-08-16,17.178,9.199,24.144,29.337,22.23
2006-08-17,7.064,9.609,24.344,29.887,63.25
2006-08-18,2.598,7.579,24.194,27.938,56.2
2006-08-19,0.693,10.068,24.306,30.281,36.1
2006-08-20,15.503,11.129,23.788,30.919,18.1
2006-08-21,22.777,9.61,24.156,29.731,13.21
2006-08-22,0.0,11.787,23.962,31.7,12.14
2006-08-23,15.893,9.726,24.8,30.337,10.74
2006-08-24,7.865,7.719,24.256,28.1,9.675
2006-08-25,14.392,9.33,23.856,29.225,13.11
2006-08-26,9.829,8.423,23.356,27.994,10.1
2006-08-27,1.047,11.969,22.9,31.056,8.294
2006-08-28,0.0,10.801,24.244,30.944,7.125
2006-08-29,6.457,9.141,24.587,29.663,6.22
2006-08-30,15.346,6.852,24.587,27.669,5.58
2006-08-31,2.743,11.13,23.231,30.462,8.612
2006-09-01,4.009,9.132,24.125,29.238,14.51
2006-09-02,0.381,11.113,23.95,31.006,7.55
2006-09-03,1.666,9.288,24.2,29.456,7.337
2006-09-04,1.209,7.652,24.331,28.106,7.231
2006-09-05,3.528,11.012,23.85,30.825,6.38
2006-09-06,2.704,9.886,23.719,29.637,5.66
2006-09-07,9.822,9.014,24.012,29.05,6.38
2006-09-08,6.512,9.86,23.856,29.756,5.42
2006-09-09,4.939,10.059,23.288,29.5,4.94
2006-09-10,0.587,10.559,23.913,30.494,4.62
2006-09-11,4.811,10.495,24.056,30.512,4.3
2006-09-12,5.175,10.3,23.812,30.144,4.22
2006-09-13,11.136,9.185,24.169,29.363,3.82
2006-09-14,19.5,9.025,23.756,28.913,3.5
2006-09-15,0.0,11.442,23.988,31.419,3.35
2006-09-16,7.585,10.665,24.262,30.881,3.1
2006-09-17,4.674,9.419,24.012,29.512,3.0
2006-09-18,5.189,10.215,24.181,30.387,2.8
2006-09-19,16.498,7.841,24.137,28.188,2.7
2006-09-20,2.345,11.038,23.631,30.812,28.2
2006-09-21,0.0,11.455,23.919,31.481,18.1
2006-09-22,13.809,10.583,24.381,30.944,21.54
2006-09-23,0.0,10.746,24.2,30.981,21.95
2006-09-24,14.241,9.144,24.706,29.85,16.91
2006-09-25,0.487,10.009,23.944,30.081,12.61
2006-09-26,4.036,11.492,23.994,31.65,9.462
2006-09-27,0.0,10.001,25.225,31.125,9.25
2006-09-28,0.139,10.171,24.875,31.019,7.762
2006-09-29,3.204,8.661,24.438,29.244,6.912
2006-09-30,5.972,8.79,24.275,29.238,5.42
2006-10-01,0.0,11.823,23.087,31.375,12.05
2006-10-02,6.692,8.425,24.556,29.156,10.74
2006-10-03,28.761,6.191,24.956,27.631,9.462
2006-10-04,0.0,9.835,24.55,30.525,8.188
2006-10-05,18.123,10.299,24.294,30.794,7.125
2006-10-06,4.082,7.954,25.594,29.719,5.1
2006-10-07,2.146,11.244,24.769,32.15,6.06
2006-10-08,21.377,7.813,24.675,28.819,4.94
2006-10-09,1.29,8.974,24.406,29.65,4.54
2006-10-10,6.214,8.324,25.094,29.625,3.82
2006-10-11,11.991,8.562,24.144,29.106,3.3
2006-10-12,3.913,9.292,24.038,29.731,3.2
2006-10-13,0.0,9.081,24.275,29.719,7.55
2006-10-14,10.535,9.021,24.106,29.581,5.9
2006-10-15,0.0,9.12,24.475,29.956,14.51
2006-10-16,0.357,9.134,24.481,29.988,10.74
2006-10-17,3.352,7.172,24.938,28.556,9.887
2006-10-18,0.0,9.648,24.606,30.631,7.762
2006-10-19,0.0,9.076,24.169,29.75,7.656
2006-10-20,0.0,9.705,24.625,30.756,6.54
2006-10-21,0.0,10.119,24.144,30.819,6.14
2006-10-22,0.476,10.266,23.712,30.669,5.58
2006-10-23,1.772,8.49,24.0,29.113,4.94
2006-10-24,6.075,10.342,24.025,31.044,4.46
2006-10-25,1.056,8.196,25.025,29.706,4.38
2006-10-26,9.27,7.144,24.825,28.581,4.14
2006-10-27,0.0,9.189,24.756,30.488,3.66
2006-10-28,4.635,8.991,24.337,29.975,3.35
2006-10-29,5.921,8.076,24.644,29.35,3.1
2006-10-30,0.0,8.469,24.812,29.887,2.8
2006-10-31,3.805,7.259,24.294,28.294,2.75
2006-11-01,0.0,9.033,23.931,29.794,9.675
2006-11-02,0.0,10.016,23.656,30.625,7.975
2006-11-03,0.0,10.423,24.137,31.469,6.54
2006-11-04,0.224,10.333,23.919,31.231,6.22
2006-11-05,17.574,9.028,25.075,30.769,6.06
2006-11-06,0.599,7.165,24.856,28.781,5.42
2006-11-07,0.303,8.131,24.238,29.225,7.231
2006-11-08,0.304,6.049,23.681,26.812,6.06
2006-11-09,7.92,7.675,24.294,28.887,4.94
2006-11-10,0.0,8.849,23.712,29.613,4.46
2006-11-11,12.591,6.756,24.075,27.806,4.14
2006-11-12,6.668,7.497,23.225,27.85,3.82
2006-11-13,0.0,8.387,24.094,29.494,3.66
2006-11-14,10.785,7.561,23.294,28.006,3.4
2006-11-15,1.931,5.487,22.812,25.606,3.3
2006-11-16,0.0,9.345,22.456,29.288,3.2
2006-11-17,3.111,9.144,23.244,29.706,2.9
2006-11-18,19.548,8.61,23.044,28.981,2.9
2006-11-19,6.893,9.9,22.694,30.188,2.7
2006-11-20,2.576,8.352,23.319,28.95,2.7
2006-11-21,6.888,7.47,23.525,28.206,2.5
2006-11-22,11.471,9.105,23.206,29.738,4.94
2006-11-23,21.96,9.289,23.3,30.038,4.3
2006-11-24,0.0,8.226,23.562,29.069,3.25
2006-11-25,0.204,8.598,23.075,29.106,3.0
2006-11-26,3.895,8.366,23.431,29.156,2.5
2006-11-27,2.069,8.918,24.106,30.306,2.3
2006-11-28,11.874,7.634,24.137,28.994,2.3
2006-11-29,9.441,8.509,23.956,29.781,2.1
2006-11-30,0.0,9.542,24.225,31.163,2.1
2006-12-01,1.457,8.568,24.006,29.95,10.52
2006-12-02,2.358,9.381,24.325,31.081,9.462
2006-12-03,9.963,10.347,23.688,31.725,8.612
2006-12-04,0.0,7.725,24.812,29.719,7.762
2006-12-05,0.0,9.73,23.844,31.15,6.912
2006-12-06,0.0,10.056,23.456,31.256,6.54
2006-12-07,0.0,8.706,24.381,30.425,6.38
2006-12-08,0.0,9.58,23.913,31.075,6.38
2006-12-09,17.217,7.618,24.294,29.169,6.06
2006-12-10,0.0,8.613,24.331,30.3,6.38
2006-12-11,0.0,7.451,24.431,29.119,7.337
2006-12-12,7.384,8.922,23.356,29.938,6.54
2006-12-13,0.0,5.686,23.587,26.663,5.9
2006-12-14,2.1,7.592,23.75,28.725,4.94
2006-12-15,7.269,8.354,23.094,29.056,4.3
2006-12-16,0.0,8.066,23.775,29.281,3.5
2006-12-17,0.0,8.982,23.969,30.469,3.3
2006-12-18,4.467,9.694,23.45,30.881,3.0
2006-12-19,0.0,8.891,24.331,30.663,5.74
2006-12-20,9.45,7.428,24.025,28.812,5.9
2006-12-21,0.173,9.103,23.656,30.375,6.06
2006-12-22,0.0,8.271,23.938,29.644,8.612
2006-12-23,7.855,8.45,24.688,30.425,6.965
2006-12-24,28.233,7.693,24.375,29.344,6.7
2006-12-25,3.319,7.462,24.35,29.081,5.5
2006-12-26,8.103,6.459,23.769,27.575,6.325
2006-12-27,24.075,6.47,23.762,27.562,8.825
2006-12-28,0.0,8.872,23.469,29.919,6.54
2006-12-29,0.0,8.658,24.506,30.494,5.58
2006-12-30,0.0,8.795,24.506,30.637,5.58
2006-12-31,0.0,9.284,24.913,31.5,4.78
2007-01-01,0.0,9.101,24.519,30.969,10.74
2007-01-02,0.303,9.414,24.55,31.344,9.887
2007-01-03,0.0,8.768,24.631,30.669,9.25
2007-01-04,0.0,9.685,24.544,31.625,8.188
2007-01-05,27.799,8.747,24.363,30.406,7.125
2007-01-06,0.0,9.001,24.319,30.65,5.74
2007-01-07,0.0,9.748,23.556,30.894,8.612
2007-01-08,0.0,9.011,24.319,30.644,5.9
2007-01-09,0.0,7.663,24.331,29.206,4.14
2007-01-10,0.0,8.215,23.981,29.444,3.4
2007-01-11,0.0,8.562,24.706,30.4,2.8
2007-01-12,0.0,9.528,24.281,31.119,1.327
2007-01-13,0.0,6.904,25.2,29.081,1.284
2007-01-14,0.0,9.451,24.331,31.031,1.197
2007-01-15,0.0,9.088,25.056,31.181,1.154
2007-01-16,0.0,8.555,24.994,30.544,1.068
2007-01-17,0.0,8.873,24.837,30.738,1.068
2007-01-18,0.0,8.193,25.044,30.188,1.025
2007-01-19,0.0,9.4,24.644,31.131,0.981
2007-01-20,0.0,9.93,23.6,30.887,0.981
2007-01-21,0.0,10.395,23.587,31.375,1.025
2007-01-22,0.0,9.552,23.931,30.663,0.938
2007-01-23,0.0,8.66,24.769,30.344,0.809
2007-01-24,0.0,9.586,24.544,31.144,0.809
2007-01-25,0.0,9.513,24.488,30.975,0.809
2007-01-26,0.663,7.61,24.231,28.794,0.765
2007-01-27,0.0,8.38,24.087,29.431,0.722
2007-01-28,0.0,9.273,24.106,30.363,0.722
2007-01-29,0.0,9.013,24.469,30.363,0.722
2007-01-30,0.0,8.7,24.8,30.288,0.722
2007-01-31,0.0,9.029,24.988,30.738,0.636
2007-02-01,0.0,9.78,23.875,30.631,0.636
2007-02-02,0.0,10.294,23.962,31.212,0.636
2007-02-03,0.0,12.133,23.1,32.606,0.636
2007-02-04,0.0,9.939,23.919,30.744,2.4
2007-02-05,0.0,11.24,24.025,32.219,1.8
2007-02-06,0.0,9.487,23.562,29.962,1.025
2007-02-07,0.0,9.845,23.456,30.225,0.981
2007-02-08,0.0,9.615,23.85,30.269,0.981
2007-02-09,0.0,9.67,23.944,30.363,0.809
2007-02-10,0.0,9.903,23.55,30.294,0.809
2007-02-11,0.541,9.28,24.6,30.444,0.809
2007-02-12,0.0,10.854,23.863,31.462,0.809
2007-02-13,0.0,11.519,23.681,32.006,0.636
2007-02-14,0.0,10.761,23.675,31.175,0.636
2007-02-15,0.549,10.124,23.444,30.288,0.636
2007-02-16,21.979,9.723,23.906,30.219,0.636
2007-02-17,0.0,9.398,23.231,29.325,0.636
2007-02-18,0.0,9.295,23.094,29.1,0.636
2007-02-19,2.519,9.359,23.85,29.756,0.636
2007-02-20,0.0,13.523,24.231,34.369,0.636
2007-02-21,0.0,12.908,22.9,32.688,0.636
2007-02-22,0.0,12.902,23.631,33.212,0.636
2007-02-23,0.0,11.994,24.181,32.612,0.636
2007-02-24,0.0,11.629,23.925,32.013,0.636
2007-02-25,0.0,12.031,24.663,32.95,0.636
2007-02-26,0.0,11.12,25.369,32.519,0.636
2007-02-27,0.348,12.488,24.844,33.487,0.636
2007-02-28,0.0,11.506,24.956,32.544,0.463
2007-03-01,0.0,12.339,25.363,33.675,0.333
2007-03-02,1.356,11.923,25.281,33.175,0.376
2007-03-03,0.0,11.843,25.144,32.962,0.29
2007-03-13,0.685,9.926,24.837,30.663,1.241
2007-03-14,0.0,10.6,24.619,31.113,0.981
2007-03-15,0.0,10.724,24.5,31.119,0.809
2007-03-16,3.324,9.763,24.525,30.212,0.549
2007-03-17,1.698,10.219,24.212,30.381,0.549
2007-03-18,0.584,11.454,23.444,31.0,0.463
2007-03-19,0.0,9.375,24.981,30.212,0.463
2007-03-20,0.0,9.541,25.056,30.394,0.376
2007-03-21,0.0,9.19,24.869,29.906,0.376
2007-03-22,0.411,8.515,24.2,28.738,0.376
2007-03-23,0.0,9.903,24.175,29.981,0.376
2007-03-24,0.0,10.588,23.35,29.981,0.463
2007-03-25,0.0,8.276,23.781,28.163,0.463
2007-03-26,0.0,9.471,23.675,29.169,0.463
2007-03-27,2.955,8.529,23.844,28.413,0.29
2007-03-28,5.206,10.895,23.538,30.4,0.549
2007-03-29,0.293,9.666,23.738,29.369,0.636
2007-03-30,14.435,9.789,24.694,30.262,1.441
2007-03-31,17.023,10.103,23.456,29.531,1.457
2007-04-01,7.418,11.461,23.738,31.094,3.64
2007-04-02,6.714,8.474,24.681,29.044,1.464
2007-04-03,15.585,9.119,23.944,29.006,1.414
2007-04-04,0.894,9.653,24.0,29.531,1.534
2007-04-05,16.764,9.98,24.144,29.975,2.25
2007-04-06,6.546,11.24,24.319,31.3,1.241
2007-04-07,15.319,10.243,24.75,30.694,3.0
2007-04-08,31.667,6.748,24.206,27.206,8.612
2007-04-09,8.526,10.292,24.419,30.469,6.62
2007-04-10,7.329,11.145,24.775,31.55,4.78
2007-04-11,3.195,10.948,24.894,31.444,2.4
2007-04-12,0.0,11.269,24.331,31.325,1.7
2007-04-13,2.806,11.125,25.169,31.831,1.284
2007-04-14,0.0,9.607,25.231,30.488,1.068
2007-04-15,5.857,11.064,24.494,31.256,0.981
2007-04-16,9.319,10.09,24.625,30.456,1.068
2007-04-17,0.0,8.773,24.644,29.3,1.068
2007-04-18,0.0,6.035,25.381,27.719,1.5
2007-04-19,3.243,9.944,24.625,30.337,1.457
2007-04-20,33.515,5.32,24.469,26.444,1.37
2007-04-21,8.492,9.704,23.544,29.219,1.197
2007-04-22,5.795,11.193,23.981,31.012,1.197
2007-04-23,10.882,9.901,24.538,30.25,51.92
2007-04-24,33.828,8.467,24.356,28.788,21.46
2007-04-25,8.158,7.497,24.331,27.95,25.96
2007-04-26,14.832,10.303,24.188,30.331,14.27
2007-04-27,9.351,10.367,24.137,30.369,12.02
2007-04-28,0.918,10.066,24.25,30.163,4.79
2007-04-29,16.074,9.041,24.494,29.419,2.4
2007-04-30,7.706,10.862,24.469,31.125,2.3
2007-05-01,22.555,9.479,23.844,29.319,10.1
2007-05-02,9.291,10.057,23.812,29.844,17.14
2007-05-03,9.458,10.108,24.269,30.269,2.9
2007-05-04,19.204,9.069,24.381,29.381,7.975
2007-05-05,1.83,9.302,24.694,29.881,5.74
2007-05-06,21.954,9.598,24.556,30.038,4.54
2007-05-07,17.977,8.204,24.894,29.075,3.3
2007-05-08,8.877,9.005,24.081,29.15,2.4
2007-05-09,4.26,9.121,24.025,29.2,2.2
2007-05-10,27.489,7.738,24.163,28.081,76.0
2007-05-11,0.0,10.192,25.038,31.012,72.1
2007-05-12,12.397,9.364,25.087,30.281,45.67
2007-05-13,16.51,5.726,25.219,27.419,31.6
2007-05-14,0.267,12.47,23.544,32.144,18.1
2007-05-17,2.048,7.832,24.762,28.7,102.3
2007-05-18,12.448,7.77,24.438,28.406,70.52
2007-05-19,13.294,10.385,23.988,30.444,50.87
2007-05-20,17.932,10.13,24.356,30.488,25.73
2007-05-21,15.508,8.0,24.219,28.444,13.32
2007-05-22,12.115,10.62,23.294,30.15,8.081
2007-05-23,9.078,9.872,23.931,29.931,19.48
2007-05-24,8.488,7.334,24.163,27.781,17.86
2007-05-25,6.302,7.619,23.312,27.363,8.4
2007-05-26,7.211,9.421,23.619,29.281,7.125
2007-05-27,0.186,9.94,24.119,30.175,13.92
2007-05-28,17.091,9.976,23.688,29.869,13.32
2007-05-29,12.471,7.304,23.663,27.344,8.188
2007-05-30,0.427,9.853,23.556,29.656,7.602
2007-05-31,10.339,9.168,23.9,29.281,5.58
2007-06-01,2.495,10.147,23.631,30.019,13.09
2007-06-02,0.953,9.045,23.831,29.106,10.31
2007-06-03,10.234,9.202,23.525,29.012,8.612
2007-06-04,0.0,10.239,24.094,30.494,7.762
2007-06-05,2.964,9.156,24.094,29.431,6.912
2007-06-06,14.474,9.408,24.081,29.681,5.74
2007-06-07,1.048,9.915,24.131,30.231,6.588
2007-06-08,15.649,7.635,24.731,28.613,14.51
2007-06-09,18.847,9.634,23.762,29.65,11.9
2007-06-10,0.144,10.694,24.25,31.1,18.1
2007-06-11,21.211,8.996,24.675,29.781,8.612
2007-06-12,0.0,9.517,25.475,30.931,18.48
2007-06-13,1.309,10.635,24.012,30.863,14.51
2007-06-14,13.332,7.612,24.831,28.706,12.14
2007-06-15,10.697,8.81,23.712,28.831,9.887
2007-06-16,0.0,10.661,23.794,30.731,6.54
2007-06-17,13.346,10.078,24.319,30.55,10.48
2007-06-18,12.485,9.51,24.369,30.038,13.92
2007-06-19,4.154,9.847,24.369,30.394,19.48
2007-06-21,10.133,10.375,24.113,30.706,15.23
2007-06-22,15.644,8.597,24.525,29.325,13.32
2007-06-23,17.416,8.694,24.694,29.544,80.3
2007-06-24,17.955,9.53,23.762,29.581,27.38
2007-06-25,0.0,9.991,24.581,30.681,15.46
2007-06-26,11.927,10.231,24.544,30.887,11.66
2007-06-27,12.923,10.157,24.425,30.725,86.8
2007-06-28,6.743,9.165,25.2,30.406,57.0
2007-07-01,4.139,9.669,24.212,30.113,48.19
2007-07-02,15.338,10.25,24.644,30.975,40.81
2007-07-03,4.705,9.155,24.1,29.488,20.85
2007-07-04,20.934,9.847,24.281,30.3,60.94
2007-07-05,6.306,10.821,25.0,31.837,16.79
2007-07-06,11.069,9.533,24.475,30.131,51.03
2007-07-07,10.607,8.745,24.519,29.425,30.13
2007-07-09,6.183,10.234,23.837,30.319,52.88
2007-07-10,0.0,10.448,24.288,30.875,18.1
2007-07-11,8.445,9.885,24.488,30.475,41.28
2007-07-12,9.614,10.661,24.619,31.344,87.91
2007-07-13,5.123,7.828,25.006,28.988,52.19
2007-07-14,0.489,9.858,24.319,30.294,22.84
2007-07-15,0.223,8.853,24.756,29.706,14.51
2007-07-16,11.079,8.536,24.025,28.788,11.19
2007-07-17,2.164,10.6,24.0,30.769,9.25
2007-07-18,16.186,10.432,23.906,30.512,14.51
2007-07-19,0.0,10.355,23.7,30.262,11.38
2007-07-20,2.323,9.364,23.619,29.269,7.071
2007-07-21,12.629,9.237,23.869,29.3,13.7
2007-07-22,2.582,8.804,23.169,28.306,40.18
2007-07-23,4.631,8.701,23.519,28.494,35.9
2007-07-24,4.435,9.817,24.288,30.175,39.81
2007-07-25,1.065,9.274,23.725,29.2,12.14
2007-07-26,7.287,10.178,24.219,30.469,21.95
2007-07-27,3.034,9.617,24.544,30.181,16.56
2007-07-28,15.478,10.223,23.831,30.169,12.61
2007-07-29,0.0,9.246,24.738,29.962,10.28
2007-07-30,11.893,8.843,24.3,29.231,97.49
2007-07-31,8.509,10.936,24.094,31.069,19.48
2007-08-01,3.366,9.425,23.844,29.387,7.652
2007-08-02,18.437,9.973,23.988,30.019,31.7
2007-08-03,15.666,8.121,24.081,28.375,11.79
2007-08-06,2.433,8.698,24.519,29.244,18.1
2007-08-07,1.613,10.198,23.531,29.856,16.42
2007-08-08,20.013,8.56,24.544,29.15,11.13
2007-08-09,8.294,7.672,24.431,28.25,11.07
2007-08-10,20.236,7.266,24.519,28.019,11.07
2007-08-11,7.163,8.172,24.05,28.344,7.55
2007-08-12,0.0,9.725,23.394,29.256,7.125
2007-08-13,8.394,8.0,23.962,28.181,11.79
2007-08-14,1.989,9.43,23.681,29.188,6.912
2007-08-15,4.965,10.442,23.988,30.413,6.22
2007-08-16,5.241,10.029,23.9,29.962,5.42
2007-08-17,12.563,7.826,24.538,28.45,12.26
2007-08-18,1.561,8.755,23.575,28.462,9.212
2007-08-19,0.0,11.268,23.975,31.188,6.75
2007-08-20,16.031,8.199,23.625,27.994,20.85
2007-08-21,0.69,7.385,24.275,27.837,25.08
2007-08-22,29.834,9.802,22.981,28.981,85.1
2007-08-24,16.452,9.863,24.0,29.825,15.48
2007-08-25,12.245,5.721,23.506,25.863,12.14
2007-08-26,6.251,7.965,23.231,27.444,8.825
2007-08-27,0.4,9.589,23.206,28.925,6.7
2007-08-28,0.118,11.65,23.981,31.544,6.38
2007-08-29,16.104,8.372,23.981,28.431,4.94
2007-08-30,11.936,7.012,24.206,27.462,3.5
2007-08-31,0.0,10.046,23.244,29.394,8.612
2007-09-01,13.432,9.054,23.087,28.325,9.75
2007-09-02,0.923,10.297,23.688,30.0,14.51
2007-09-03,1.439,10.056,24.113,30.106,27.05
2007-09-04,14.735,11.696,23.3,31.094,14.51
2007-09-05,13.646,7.888,23.85,27.894,15.23
2007-09-06,0.0,10.591,23.738,30.331,17.14
2007-09-07,11.384,9.879,24.481,30.288,12.48
2007-09-08,10.347,10.193,24.113,30.25,15.7
2007-09-09,17.661,7.885,23.869,27.931,18.1
2007-09-10,0.211,11.072,22.881,30.181,13.81
2007-09-11,0.556,11.137,23.725,30.881,6.22
2007-09-12,14.012,9.168,24.656,29.744,4.14
2007-09-13,12.492,7.497,24.688,28.312,9.5
2007-09-14,14.215,7.931,24.044,28.15,33.74
2007-09-15,21.086,6.349,23.956,26.762,13.32
2007-09-16,0.207,7.849,23.356,27.506,10.86
2007-09-17,4.994,11.228,23.575,30.913,8.4
2007-09-18,9.003,10.485,24.137,30.631,29.85
2007-09-19,21.942,8.324,24.794,29.137,20.85
2007-09-20,0.0,9.852,24.488,30.306,11.07
2007-09-21,7.412,10.142,24.1,30.312,8.081
2007-09-22,0.0,9.978,24.337,30.325,5.42
2007-09-23,3.3,8.974,24.562,29.569,4.06
2007-09-24,1.03,8.91,24.625,29.569,3.5
2007-09-25,9.993,7.444,23.906,27.688,5.26
2007-09-26,7.704,10.472,23.444,30.181,4.38
2007-09-27,13.702,8.706,23.894,28.831,3.3
2007-09-28,21.471,10.07,23.794,30.056,18.41
2007-09-29,8.858,9.525,23.825,29.556,9.419
2007-09-30,0.0,9.662,24.669,30.387,9.781
2007-10-02,0.176,11.405,22.894,30.781,52.88
2007-10-03,2.591,8.976,24.4,29.562,14.04
2007-10-04,0.0,9.433,23.281,29.113,8.719
2007-10-05,0.272,9.301,23.25,28.969,8.532
2007-10-06,4.329,10.154,23.512,30.056,7.975
2007-10-07,7.906,9.087,24.1,29.475,4.78
2007-10-08,3.02,9.381,24.106,29.806,4.86
2007-10-09,6.169,8.952,24.1,29.381,4.54
2007-10-10,6.525,10.105,23.894,30.375,3.58
2007-10-11,9.038,8.777,24.188,29.312,4.25
2007-10-12,1.129,6.963,24.206,27.688,9.037
2007-10-13,10.899,8.804,24.094,29.294,4.78
2007-10-14,0.0,8.533,23.944,28.938,7.625
2007-10-15,0.945,7.781,24.137,28.387,8.825
2007-10-16,3.013,9.977,23.469,30.038,10.56
2007-10-17,4.237,10.07,24.219,30.731,9.052
2007-10-18,4.916,8.674,23.8,29.019,6.752
2007-10-19,0.505,8.534,23.281,28.469,4.14
2007-10-20,2.384,7.341,24.125,28.05,3.66
2007-10-21,6.01,7.296,22.9,27.0,3.3
2007-10-22,0.0,10.208,23.369,30.344,3.1
2007-10-23,17.158,9.556,23.538,29.812,2.9
2007-10-24,4.399,8.047,24.044,28.719,12.14
2007-10-25,0.0,8.352,24.0,28.994,11.2
2007-10-26,0.264,8.548,23.944,29.188,5.9
2007-10-27,1.596,9.259,23.644,29.688,4.06
2007-10-28,0.0,9.138,23.575,29.538,3.4
2007-10-29,0.0,6.274,23.919,27.056,3.2
2007-10-30,0.0,9.222,23.981,29.975,2.9
2007-10-31,2.629,6.574,24.25,27.644,2.7
2007-11-01,8.167,7.104,23.819,27.788,2.7
2007-11-02,0.0,8.575,23.45,28.938,2.6
2007-11-03,8.039,8.531,24.0,29.35,2.6
2007-11-04,0.0,8.556,24.419,29.738,2.5
2007-11-05,0.677,8.258,23.062,28.375,7.4
2007-11-06,4.458,7.534,24.156,28.562,8.612
2007-11-07,3.691,7.562,24.281,28.694,11.41
2007-11-08,14.116,9.044,23.837,29.887,5.74
2007-11-09,44.737,5.408,23.419,26.0,36.22
2007-11-10,0.0,7.132,22.619,26.931,37.06
2007-11-11,0.0,8.702,23.212,29.056,12.85
2007-11-12,6.388,8.455,23.8,29.325,7.071
2007-11-13,2.121,9.115,23.163,29.531,14.27
2007-11-14,8.899,8.729,23.512,29.406,9.462
2007-11-15,0.0,10.123,23.25,30.762,6.06
2007-11-16,1.148,9.271,23.95,30.381,5.74
2007-11-17,9.117,8.128,24.444,29.562,7.975
2007-11-18,2.221,9.531,23.269,30.175,4.94
2007-11-19,4.546,8.486,23.906,29.55,5.1
2007-11-20,16.493,8.342,23.938,29.456,5.9
2007-11-21,10.012,7.653,23.762,28.6,15.71
2007-11-22,0.39,7.938,24.15,29.225,4.62
2007-11-23,3.511,8.432,24.131,29.744,3.61
2007-11-24,1.889,9.18,23.062,29.744,3.1
2007-11-25,6.748,8.673,24.113,30.031,3.2
2007-11-26,3.515,9.159,24.05,30.531,13.11
2007-11-27,17.356,7.176,24.062,28.413,5.42
2007-11-28,0.0,8.256,23.925,29.456,3.4
2007-11-29,1.42,7.858,23.869,28.994,3.1
2007-11-30,9.526,8.978,23.312,29.806,9.3
2007-12-01,0.0,8.413,23.056,28.981,8.5
2007-12-02,0.0,9.483,22.288,29.619,3.2
2007-12-03,0.0,8.272,22.956,28.769,3.84
2007-12-05,0.0,8.613,23.212,29.356,9.356
2007-12-06,0.0,8.157,22.925,28.625,8.931
2007-12-07,0.0,8.883,22.706,29.306,23.7
2007-12-08,5.125,9.771,22.719,30.375,11.07
2007-12-09,0.0,10.199,23.3,31.319,6.431
2007-12-10,0.0,8.494,23.494,29.506,4.62
2007-12-11,0.561,7.421,23.144,28.05,3.9
2007-12-12,0.0,9.216,22.663,29.694,4.22
2007-12-13,0.0,7.523,24.038,28.887,11.84
2007-12-14,8.016,6.699,23.488,27.575,4.22
2007-12-15,0.0,7.59,23.188,28.288,3.9
2007-12-16,0.0,8.326,23.056,29.006,3.2
2007-12-17,0.0,8.15,23.081,28.806,3.8
2007-12-18,10.464,9.473,22.363,29.8,7.762
2007-12-19,0.0,9.329,23.081,30.169,4.14
2007-12-20,0.0,9.6,22.756,30.244,3.3
2007-12-21,4.487,8.326,22.981,28.925,3.2
2007-12-22,0.0,6.857,24.119,28.256,3.1
2007-12-23,23.864,7.567,23.775,28.738,3.1
2007-12-24,21.768,7.621,23.587,28.631,3.1
2007-12-25,14.997,7.555,24.288,29.131,2.9
2007-12-26,46.744,7.628,23.575,28.631,2.9
2007-12-27,12.411,5.367,23.738,26.5,71.36
2007-12-28,13.248,8.818,23.525,29.887,14.04
2007-12-29,0.0,8.994,23.137,29.788,4.78
2007-12-30,0.0,8.68,23.694,29.856,3.5
2007-12-31,6.845,9.681,23.538,30.881,3.3
2008-01-01,0.0,9.633,23.113,30.506,3.1
2008-01-02,0.0,8.723,23.825,30.006,2.95
2008-01-03,0.0,8.423,23.325,29.256,2.9
2008-01-04,0.0,9.21,22.844,29.756,2.9
2008-01-05,0.0,9.508,23.05,30.262,2.4
2008-01-06,0.0,9.206,23.975,30.6,2.4
2008-01-07,0.0,7.372,24.175,28.75,2.1
2008-01-08,29.017,8.498,22.931,28.944,2.1
2008-01-09,0.0,7.785,22.469,27.769,2.15
2008-01-10,7.38,8.207,22.481,28.231,2.2
2008-01-11,0.0,8.823,22.294,28.775,2.4
2008-01-12,0.0,9.367,22.156,29.294,2.5
2008-01-13,0.0,9.661,22.938,30.231,2.3
2008-01-14,0.0,8.808,23.356,29.544,2.65
2008-01-15,0.0,8.84,23.738,29.856,3.0
2008-01-16,1.149,7.582,23.425,28.238,2.9
2008-01-17,1.372,9.248,22.369,29.194,2.6
2008-01-18,0.0,9.786,22.869,30.188,2.3
2008-01-19,0.0,10.046,22.775,30.4,2.2
2008-01-20,0.0,8.836,24.163,30.094,2.2
2008-01-21,0.0,9.496,23.688,30.438,3.05
2008-01-22,0.0,9.147,23.769,30.081,3.05
2008-01-23,0.0,9.437,23.794,30.406,2.75
2008-01-24,0.0,9.439,24.031,30.569,2.3
2008-01-25,0.0,8.78,24.719,30.387,2.2
2008-01-26,0.0,9.815,23.6,30.594,2.1
2008-01-27,0.0,9.537,23.894,30.494,2.2
2008-01-28,0.0,8.48,23.225,28.825,2.3
2008-01-29,0.0,9.542,21.619,28.738,2.3
2008-01-30,0.0,10.056,22.256,29.762,2.1
2008-01-31,0.0,9.486,22.038,28.887,2.0
2008-02-01,0.0,9.646,21.325,28.512,1.95
2008-02-02,0.0,10.056,21.056,28.781,1.9
2008-02-03,0.0,10.173,21.294,29.05,1.85
2008-02-04,0.0,10.514,21.444,29.519,1.8
2008-02-05,0.0,10.073,22.538,29.806,1.8
2008-02-06,0.0,8.549,24.137,29.406,1.7
2008-02-07,0.0,8.48,23.781,29.031,1.7
2008-02-08,0.0,8.506,24.169,29.356,1.8
2008-02-09,0.0,8.891,24.406,29.913,1.75
2008-02-10,0.0,9.421,23.812,29.956,1.65
2008-02-11,0.0,10.675,23.0,30.631,1.6
2008-02-12,4.357,9.248,23.312,29.319,1.55
2008-02-13,2.472,9.494,23.469,29.681,1.55
2008-02-14,2.448,9.922,23.75,30.331,1.9
2008-02-15,0.792,8.058,24.044,28.688,1.9
2008-02-16,40.088,8.693,23.056,28.469,1.9
2008-02-17,0.0,8.909,22.913,28.544,1.8
2008-02-18,10.715,8.003,23.312,27.988,1.75
2008-02-19,1.103,7.455,23.531,27.6,2.3
2008-02-20,20.805,8.214,22.775,27.694,2.15
2008-02-21,0.0,7.774,23.012,27.462,2.4
2008-02-22,0.0,8.97,22.887,28.475,2.3
2008-02-23,0.0,10.749,22.675,30.15,3.3
2008-02-24,0.0,10.086,23.812,30.325,2.5
2008-02-25,0.0,9.556,22.994,29.113,2.25
2008-02-26,0.0,8.797,23.331,28.619,2.0
2008-02-27,0.0,8.891,23.337,28.675,1.7
2008-02-28,0.0,8.89,23.55,28.85,2.3
2008-02-29,0.0,10.743,23.9,30.95,2.1
2008-03-01,0.0,10.372,23.712,30.4,1.7
2008-03-02,0.0,9.853,23.875,29.981,1.6
2008-03-03,0.0,10.88,23.344,30.575,1.7
2008-03-04,8.316,9.516,23.837,29.587,1.6
2008-03-05,4.544,8.968,23.288,28.581,1.5
2008-03-06,8.784,8.321,23.056,27.762,1.5
2008-03-07,0.0,10.288,22.587,29.306,1.9
2008-03-08,0.0,11.092,22.756,30.256,1.9
2008-03-09,0.0,10.673,23.0,29.988,1.8
2008-03-10,0.0,9.55,23.381,29.156,1.65
2008-03-11,0.0,10.279,22.925,29.494,1.7
2008-03-12,0.0,10.087,22.894,29.262,1.6
2008-03-13,0.0,8.963,23.444,28.606,1.7
2008-03-14,0.283,7.826,23.85,27.913,2.2
2008-03-15,0.0,11.538,22.644,30.5,1.714
2008-03-16,0.221,11.801,23.962,31.738,1.6
2008-03-17,0.0,9.996,24.356,30.269,1.241
2008-03-18,8.735,9.976,23.769,29.762,1.025
2008-03-19,0.7,10.269,23.856,30.1,1.741
2008-03-20,0.161,10.161,23.831,29.969,2.5
2008-03-21,0.0,8.327,23.825,28.256,1.564
2008-03-22,0.0,8.06,24.3,28.406,1.9
2008-03-23,2.766,7.539,23.875,27.6,1.8
2008-03-24,0.789,9.785,23.425,29.256,1.75
2008-03-25,6.451,8.693,24.031,28.762,1.7
2008-03-26,7.063,8.178,24.856,28.969,1.5
2008-03-27,0.0,8.667,24.25,28.881,1.327
2008-03-28,1.711,9.742,23.663,29.381,1.5
2008-03-29,0.0,9.552,23.637,29.175,1.327
2008-03-30,0.0,9.603,23.163,28.837,1.241
2008-03-31,0.522,9.062,23.456,28.556,1.5
2008-04-01,0.0,10.294,23.0,29.344,1.7
2008-04-02,0.0,10.493,23.181,29.688,2.0
2008-04-03,0.0,11.812,22.613,30.55,1.65
2008-04-04,0.0,11.177,23.312,30.444,1.9
2008-04-05,0.0,11.59,24.062,31.425,2.1
2008-04-06,3.645,11.313,23.712,30.887,1.85
2008-04-07,4.069,9.925,24.038,29.806,1.9
2008-04-08,12.579,10.322,24.269,30.363,1.8
2008-04-09,10.733,10.203,24.344,30.306,2.4
2008-04-10,4.238,9.563,24.056,29.494,2.9
2008-04-11,26.054,8.336,23.631,28.056,2.8
2008-04-12,0.0,11.101,22.681,29.869,3.2
2008-04-13,0.77,9.866,23.087,29.0,3.0
2008-04-14,7.01,10.625,23.8,30.294,3.4
2008-04-15,13.28,10.043,23.8,29.762,23.6
2008-04-16,0.0,10.695,24.863,31.194,16.9
2008-04-17,0.0,11.407,24.081,31.275,9.887
2008-04-18,0.0,10.116,24.925,30.712,5.95
2008-04-19,11.345,8.62,25.494,29.85,3.66
2008-04-20,0.634,10.016,24.169,30.012,3.35
2008-04-21,3.881,9.054,24.519,29.419,3.75
2008-04-22,0.0,9.911,24.425,30.137,4.14
2008-04-23,25.406,7.243,24.425,27.8,3.98
2008-04-24,6.999,7.411,23.806,27.406,8.45
2008-04-25,13.582,7.802,23.825,27.75,14.88
2008-04-26,0.0,9.146,23.712,28.869,20.67
2008-04-27,0.0,9.129,23.619,28.769,27.48
2008-04-28,13.048,8.149,24.231,28.431,24.63
2008-04-29,4.96,10.36,24.5,30.675,23.25
2008-04-30,38.524,10.125,24.125,30.144,16.44
2008-05-01,14.038,7.954,23.712,27.85,29.02
2008-05-02,9.145,8.352,24.094,28.494,34.4
2008-05-03,5.176,9.74,23.312,29.156,26.55
2008-05-04,1.029,9.208,23.469,28.775,28.2
2008-05-05,4.861,9.595,23.212,28.944,64.59
2008-05-06,3.136,7.749,23.863,27.8,31.29
2008-05-07,7.141,11.04,23.413,30.544,12.66
2008-05-08,22.831,10.299,24.181,30.425,30.13
2008-05-09,11.378,10.246,24.044,30.244,92.32
2008-05-10,0.0,11.193,23.775,30.975,25.08
2008-05-11,10.168,8.912,24.062,29.069,12.45
2008-05-12,0.374,11.163,23.431,30.706,9.25
2008-05-13,5.816,9.197,24.731,29.844,7.975
2008-05-14,11.388,10.841,23.831,30.706,6.62
2008-05-15,14.004,10.384,24.262,30.613,66.74
2008-05-16,6.036,8.794,24.219,29.081,65.22
2008-05-17,18.115,8.525,23.913,28.6,60.93
2008-05-18,7.928,9.086,23.538,28.812,94.4
2008-05-19,18.187,7.078,24.012,27.438,20.43
2008-05-20,10.757,8.475,22.988,27.806,17.38
2008-05-21,9.158,10.278,23.738,30.163,15.22
2008-05-22,20.025,8.382,23.544,28.181,28.2
2008-05-23,24.381,9.553,23.212,29.05,83.18
2008-05-24,0.434,8.894,23.788,28.887,29.64
2008-05-25,10.174,9.013,23.988,29.15,15.23
2008-05-26,1.074,8.928,23.113,28.394,14.27
2008-05-27,11.298,7.771,23.225,27.425,27.1
2008-05-28,12.795,9.247,23.4,28.913,17.7
2008-05-29,0.0,8.86,23.894,28.962,15.23
2008-05-30,0.0,10.573,24.062,30.781,11.66
2008-05-31,15.858,10.424,24.219,30.744,8.188
2008-06-01,0.509,8.862,24.025,29.075,8.294
2008-06-02,4.177,9.964,23.788,29.962,6.912
2008-06-03,7.841,7.949,23.725,28.0,6.22
2008-06-04,0.0,10.23,23.8,30.256,7.23
2008-06-05,7.72,9.205,24.069,29.462,6.965
2008-06-06,5.393,8.712,24.106,29.05,5.58
2008-06-07,13.497,7.562,24.381,28.25,6.752
2008-06-08,4.833,9.733,23.719,29.706,5.58
2008-06-09,3.562,8.166,24.506,28.875,4.94
2008-06-10,14.625,9.393,24.194,29.769,82.95
2008-06-11,4.51,8.325,23.681,28.356,16.66
2008-06-12,4.055,9.314,23.944,29.5,32.25
2008-06-13,8.184,8.967,24.325,29.481,16.67
2008-06-14,4.145,9.322,24.519,29.975,14.04
2008-06-15,12.427,7.418,23.7,27.544,9.675
2008-06-16,12.264,10.021,23.794,30.1,11.9
2008-06-17,0.0,8.674,24.781,29.6,11.47
2008-06-18,11.104,8.348,24.281,28.875,7.975
2008-06-19,8.117,10.877,23.869,31.012,22.1
2008-06-20,0.916,9.57,25.044,30.663,5.02
2008-06-21,3.464,9.321,24.156,29.688,36.46
2008-06-22,15.907,7.332,23.975,27.719,8.612
2008-06-23,5.896,8.396,23.681,28.444,7.177
2008-06-24,11.089,8.805,23.494,28.669,14.51
2008-06-25,21.73,7.898,23.706,28.0,176.8
2008-06-26,0.0,11.15,24.025,31.419,121.8
2008-06-27,0.164,9.59,24.206,29.988,23.25
2008-06-28,14.616,6.719,24.506,27.65,134.4
2008-06-29,14.341,9.263,24.038,29.538,73.96
2008-06-30,14.533,9.586,23.975,29.794,26.83
2008-07-01,0.0,7.837,24.212,28.35,40.63
2008-07-02,8.295,6.241,23.188,26.113,16.9
2008-07-03,5.733,8.478,23.506,28.363,15.7
2008-07-04,14.045,9.762,23.438,29.55,17.27
2008-07-05,0.0,6.758,23.613,26.919,21.05
2008-07-06,9.276,9.243,23.631,29.169,16.9
2008-07-07,0.381,9.351,23.038,28.794,15.46
2008-07-08,17.541,9.476,23.406,29.212,23.89
2008-07-09,1.484,7.428,23.319,27.212,14.27
2008-07-10,10.2,7.378,23.269,27.113,21.27
2008-07-11,5.207,9.335,22.981,28.75,34.63
2008-07-12,6.674,9.159,23.581,29.031,19.18
2008-07-13,6.867,5.567,23.719,26.012,16.42
2008-07-14,0.097,9.622,23.256,29.212,12.48
2008-07-15,1.309,8.635,23.544,28.488,8.188
2008-07-16,5.058,6.969,23.056,26.569,6.54
2008-07-17,5.619,8.778,22.625,27.856,6.38
2008-07-18,2.262,9.481,23.906,29.569,11.6
2008-07-19,0.941,11.001,23.381,30.675,10.63
2008-07-20,7.961,9.426,24.15,29.706,12.73
2008-07-21,0.935,10.106,24.081,30.3,18.1
2008-07-22,3.392,8.803,23.669,28.7,8.612
2008-07-23,2.232,11.572,23.644,31.431,5.26
2008-07-24,1.287,9.34,24.781,30.125,4.78
2008-07-25,14.336,9.872,24.306,30.225,4.3
2008-07-26,13.618,9.355,24.5,29.875,11.2
2008-07-27,4.334,8.686,23.875,28.756,18.1
2008-07-28,18.045,9.233,23.469,28.925,34.93
2008-07-29,3.466,9.186,23.794,29.131,24.49
2008-07-30,0.0,9.879,23.85,29.844,14.27
2008-07-31,1.284,9.654,23.381,29.238,8.612
2008-08-01,3.701,10.835,23.756,30.7,16.9
2008-08-02,8.977,8.381,23.919,28.469,14.04
2008-08-03,0.0,10.547,23.531,30.225,9.016
2008-08-04,6.843,8.152,24.019,28.331,5.1
2008-08-05,1.888,9.749,24.131,29.9,8.612
2008-08-06,5.087,9.493,24.188,29.688,8.081
2008-08-07,12.084,10.108,24.144,30.238,10.52
2008-08-08,0.435,9.53,23.906,29.5,16.18
2008-08-09,8.023,9.117,23.669,28.906,16.9
2008-08-10,6.383,7.341,24.144,27.719,12.14
2008-08-11,3.04,8.644,23.569,28.369,9.038
2008-08-12,0.0,11.168,22.8,30.25,7.55
2008-08-13,18.696,10.043,23.644,29.769,6.22
2008-08-14,11.28,8.352,23.712,28.219,4.94
2008-08-15,0.458,9.845,23.9,29.762,4.3
2008-08-16,7.386,6.763,23.456,26.637,16.01
2008-08-17,3.298,8.748,23.363,28.281,15.23
2008-08-18,5.717,8.98,23.631,28.706,12.38
2008-08-19,3.095,7.35,23.363,27.038,11.9
2008-08-20,0.0,11.168,23.312,30.587,11.66
2008-08-21,17.561,9.82,23.825,29.656,9.675
2008-08-22,1.488,8.254,23.025,27.556,16.42
2008-08-23,22.486,9.36,23.106,28.631,47.33
2008-08-24,16.97,8.531,23.469,28.163,19.88
2008-08-25,8.217,9.378,22.863,28.488,33.63
2008-08-26,12.475,9.09,23.025,28.306,134.7
2008-08-27,5.297,10.366,23.613,30.0,42.83
2008-08-28,8.76,10.029,23.75,29.788,18.1
2008-08-29,3.722,9.172,23.913,29.094,39.76
2008-08-30,10.53,10.847,23.606,30.462,16.67
2008-08-31,0.0,9.994,23.831,29.819,10.84
2008-09-01,7.274,8.692,24.006,28.75,9.25
2008-09-02,1.821,7.944,24.413,28.425,7.975
2008-09-03,4.849,8.991,24.694,29.6,5.02
2008-09-04,2.119,8.323,24.163,28.544,4.78
2008-09-05,0.322,9.057,24.65,29.613,4.54
2008-09-06,0.977,9.997,24.556,30.419,4.22
2008-09-07,6.371,9.959,24.438,30.281,31.07
2008-09-08,13.188,8.504,24.769,29.225,10.74
2008-09-09,0.822,11.28,24.663,31.75,8.506
2008-09-10,17.325,10.874,24.35,31.1,19.69
2008-09-11,0.0,11.634,24.575,32.044,5.82
2008-09-12,7.445,9.686,25.319,30.769,8.413
2008-09-13,3.495,8.984,24.812,29.712,39.06
2008-09-14,5.21,9.478,24.6,30.006,11.66
2008-09-15,8.164,6.317,24.494,27.212,14.99
2008-09-16,10.647,7.821,23.587,27.688,10.31
2008-09-17,4.907,8.663,23.944,28.744,7.975
2008-09-18,2.222,10.473,22.856,29.625,4.7
2008-09-19,0.0,9.602,23.35,29.156,9.052
2008-09-20,6.642,8.441,23.731,28.4,8.612
2008-09-21,1.8,10.291,23.438,29.919,6.22
2008-09-22,0.0,8.094,24.206,28.488,5.9
2008-09-23,25.797,7.693,23.988,27.95,5.18
2008-09-24,10.204,10.018,24.256,30.337,6.483
2008-09-25,5.811,9.931,23.863,29.944,11.66
2008-09-26,13.769,10.506,23.95,30.6,30.33
2008-09-27,9.79,8.708,24.15,29.05,75.27
2008-09-28,4.705,10.025,23.738,29.994,38.7
2008-09-29,0.0,8.151,24.156,28.556,31.77
2008-09-30,6.83,8.502,24.125,28.875,49.19
2008-10-01,13.068,9.063,23.35,28.769,73.96
2008-10-02,3.7,6.861,24.3,27.594,39.8
2008-10-03,3.568,9.123,23.775,29.219,50.12
2008-10-04,3.14,9.747,23.431,29.562,19.58
2008-10-05,1.719,8.919,23.55,28.856,56.2
2008-10-06,1.937,10.421,23.688,30.481,16.42
2008-10-07,31.253,7.846,23.381,27.75,157.6
2008-10-08,17.569,10.6,23.462,30.519,188.5
2008-10-09,20.156,8.737,23.9,29.019,135.8
2008-10-10,45.441,6.77,22.856,26.387,188.5
2008-10-11,0.364,10.092,23.262,29.906,188.5
2008-10-12,6.697,10.061,22.688,29.456,86.71
2008-10-13,0.0,9.167,23.931,29.531,36.38
2008-10-14,0.0,8.849,23.756,29.094,21.27
2008-10-15,0.554,9.068,24.481,29.919,16.9
2008-10-16,7.533,6.931,23.956,27.5,15.7
2008-10-17,4.21,9.085,23.869,29.531,13.8
2008-10-18,9.889,8.361,24.219,29.081,16.32
2008-10-19,14.575,8.561,23.844,28.981,19.9
2008-10-20,0.0,9.118,24.006,29.681,27.65
2008-10-21,3.366,7.932,24.238,28.762,14.75
2008-10-22,0.586,9.659,24.919,31.012,10.74
2008-10-23,4.476,8.774,24.913,30.144,16.9
2008-10-24,0.0,8.22,24.125,29.0,19.48
2008-10-25,0.405,9.741,24.281,30.656,17.86
2008-10-26,0.0,9.794,23.931,30.481,12.61
2008-10-27,7.938,8.811,24.188,29.675,12.2
2008-10-28,3.677,8.734,24.062,29.531,14.99
2008-10-29,0.0,8.683,24.581,29.906,11.08
2008-10-30,1.499,8.351,24.419,29.469,9.462
2008-10-31,0.0,9.087,24.188,30.038,8.612
2008-11-01,7.218,4.789,23.975,25.931,6.3
2008-11-02,2.728,10.054,22.644,29.919,3.9
2008-11-03,0.0,9.589,23.137,29.806,3.58
2008-11-04,21.047,7.366,23.594,27.894,40.52
2008-11-05,2.679,8.125,23.131,28.294,14.51
2008-11-06,16.93,8.902,23.688,29.575,16.31
2008-11-07,0.358,8.224,23.394,28.656,13.44
2008-11-08,0.0,8.339,23.156,28.6,16.07
2008-11-09,0.0,9.819,22.494,29.725,12.49
2008-11-10,0.0,9.256,23.806,30.156,11.07
2008-11-11,0.0,8.986,24.087,30.106,10.31
2008-11-12,7.869,8.028,24.613,29.531,8.188
2008-11-13,8.0,7.419,23.856,28.312,10.81
2008-11-14,1.504,7.286,23.925,28.262,9.675
2008-11-15,0.0,7.182,23.887,28.125,10.24
2008-11-16,0.0,7.491,23.575,28.188,8.294
2008-11-17,0.0,8.196,23.081,28.581,6.06
2008-11-18,4.939,7.113,23.65,27.913,8.719
2008-11-19,45.161,6.868,23.981,27.95,27.48
2008-11-20,2.506,7.229,23.431,27.887,18.01
2008-11-21,0.0,8.746,24.219,30.131,9.994
2008-11-22,0.0,8.62,24.206,30.0,7.55
2008-11-23,23.685,8.622,24.413,30.181,6.806
2008-11-24,18.528,6.824,24.056,28.075,7.125
2008-11-25,1.248,5.841,24.244,27.312,9.887
2008-11-26,24.801,4.241,23.3,25.094,9.144
2008-11-27,0.847,6.428,22.95,26.738,7.444
2008-11-28,0.0,5.942,23.181,26.462,7.045
2008-11-29,2.591,8.72,22.962,29.262,12.02
2008-11-30,8.324,8.421,23.712,29.5,18.1
2008-12-01,17.789,8.349,23.956,29.631,24.08
2008-12-02,0.712,8.273,24.081,29.663,20.71
2008-12-03,0.273,9.47,23.913,30.887,13.8
2008-12-04,4.847,6.682,24.344,28.262,10.74
2008-12-05,2.642,9.565,22.994,30.312,7.23
2008-12-06,0.0,9.818,23.581,31.075,7.231
2008-12-07,11.592,8.577,23.769,29.8,6.38
2008-12-08,0.277,9.756,23.794,31.181,5.58
2008-12-09,4.924,9.996,23.606,31.319,5.1
2008-12-10,15.966,7.788,25.125,30.081,4.94
2008-12-11,21.879,7.358,24.0,28.669,5.18
2008-12-12,4.059,7.058,23.456,27.95,5.18
2008-12-13,0.0,9.189,23.581,30.394,4.86
2008-12-14,0.0,8.889,23.694,30.169,4.7
2008-12-15,0.0,10.463,23.206,31.625,4.94
2008-12-16,0.0,10.063,23.062,31.038,4.7
2008-12-17,0.223,10.248,22.981,31.194,4.7
2008-12-18,0.0,9.801,23.394,30.988,4.54
2008-12-19,0.0,9.349,23.05,30.188,4.3
2008-12-20,0.0,8.986,22.719,29.5,3.56
2008-12-21,0.0,7.773,23.019,28.356,3.05
2008-12-22,0.0,7.667,23.875,28.925,3.5
2008-12-23,0.0,8.803,24.019,30.288,3.3
2008-12-24,0.0,9.1,23.369,30.144,2.65
2008-12-25,0.0,10.306,23.438,31.575,3.05
2008-12-26,0.0,9.64,23.7,30.981,2.6
2008-12-27,0.0,9.967,23.381,31.125,2.8
2008-12-28,0.0,10.355,22.706,31.087,3.1
2008-12-29,0.0,9.517,23.181,30.419,2.95
2008-12-30,0.0,8.662,23.544,29.712,2.75
2008-12-31,0.0,9.014,23.163,29.812,2.55
2009-01-01,0.0,9.372,23.312,30.344,1.457
2009-01-02,0.16,8.825,23.663,29.988,1.37
2009-01-03,0.0,8.921,24.262,30.538,1.284
2009-01-04,0.0,9.319,23.506,30.387,1.197
2009-01-05,0.0,9.439,24.006,30.906,1.068
2009-01-06,0.717,8.544,23.981,29.881,1.025
2009-01-07,0.0,9.221,23.919,30.55,0.981
2009-01-08,0.0,7.854,23.519,28.7,0.722
2009-01-09,13.194,8.577,23.744,29.669,0.722
2009-01-10,0.0,8.174,23.7,29.181,0.636
2009-01-11,0.434,8.923,23.712,30.0,0.679
2009-01-12,4.023,8.732,23.8,29.837,1.154
2009-01-13,11.946,8.669,23.775,29.731,1.154
2009-01-14,10.685,8.833,23.331,29.55,1.111
2009-01-15,0.0,9.498,23.413,30.344,0.981
2009-01-16,12.407,8.518,23.125,29.006,0.809
2009-01-17,0.0,6.775,23.044,27.062,9.651
2009-01-18,0.0,7.693,23.062,28.031,10.01
2009-01-19,0.0,8.94,22.7,29.1,3.74
2009-01-20,0.0,9.235,22.712,29.394,3.25
2009-01-21,0.669,7.67,23.538,28.387,12.73
2009-01-22,35.879,6.927,23.319,27.406,16.67
2009-01-23,4.671,8.276,23.569,28.962,23.15
2009-01-24,0.0,10.29,23.506,31.106,3.9
2009-01-25,0.0,10.259,22.337,30.163,3.1
2009-01-26,0.0,10.087,22.4,29.981,2.7
2009-01-27,0.0,10.063,23.438,30.725,2.15
2009-01-28,0.0,9.197,23.837,30.05,1.5
2009-01-29,0.0,9.409,24.038,30.413,1.457
2009-01-30,0.0,7.367,24.094,28.344,1.37
2009-01-31,1.603,6.656,23.825,27.438,1.85
2009-02-01,3.251,8.915,22.387,28.538,2.5
2009-02-02,1.89,9.001,23.462,29.431,3.25
2009-02-03,16.962,9.157,24.2,30.156,3.2
2009-02-04,0.0,9.757,23.462,30.206,2.35
2009-02-05,3.269,7.467,24.469,28.656,2.55
2009-02-06,0.0,8.775,24.856,30.238,2.9
2009-02-07,0.0,10.152,23.644,30.694,3.56
2009-02-08,0.0,9.83,23.55,30.244,3.0
2009-02-09,0.0,8.313,23.719,28.794,2.7
2009-02-10,0.0,8.752,23.812,29.294,2.5
2009-02-11,0.0,10.592,23.881,31.231,1.9
2009-02-12,3.47,10.024,23.988,30.675,1.75
2009-02-13,1.711,8.536,23.994,29.131,2.75
2009-02-14,0.0,9.04,23.794,29.462,2.9
2009-02-15,0.0,9.405,22.556,28.85,3.25
2009-02-16,0.0,9.735,22.919,29.444,2.4
2009-02-17,0.0,9.101,23.181,28.975,2.4
2009-02-18,0.0,9.42,23.337,29.413,2.2
2009-02-19,0.0,9.612,23.869,29.981,2.1
2009-02-20,11.483,8.746,23.894,29.125,1.7
2009-02-21,8.857,8.769,23.944,29.169,1.414
2009-02-22,0.237,8.483,23.969,28.881,2.45
2009-02-23,9.061,9.288,23.606,29.356,2.35
2009-02-24,0.0,8.615,23.581,28.663,2.45
2009-02-25,0.0,9.073,23.45,28.981,2.2
2009-02-26,0.0,9.562,22.988,29.081,4.35
2009-02-27,0.0,10.221,23.081,29.825,4.7
2009-02-28,2.034,9.587,23.794,29.725,3.0
2009-03-01,0.0,8.357,24.556,29.181,2.4
2009-03-02,30.582,7.507,24.294,28.15,3.2
2009-03-03,6.371,7.447,23.769,27.637,11.5
2009-03-04,0.0,8.6,24.113,28.969,7.865
2009-03-05,0.0,9.224,24.775,30.075,3.48
2009-03-06,0.0,10.659,24.444,31.181,2.9
2009-03-07,0.549,9.29,24.663,30.012,2.4
2009-03-08,1.885,11.13,24.031,31.288,2.0
2009-03-09,0.0,10.158,23.844,30.163,1.5
2009-03-10,0.0,9.126,23.731,29.062,1.7
2009-03-11,0.0,9.225,23.844,29.238,3.35
2009-03-12,0.0,9.494,23.694,29.35,3.1
2009-03-13,0.0,9.872,23.294,29.381,3.0
2009-03-14,0.0,10.906,22.844,30.05,2.65
2009-03-15,0.0,9.825,24.106,29.95,2.5
2009-03-16,0.0,8.988,24.431,29.413,2.3
2009-03-17,0.0,8.206,24.319,28.606,2.2
2009-03-18,0.0,8.998,23.544,28.688,1.457
2009-03-19,0.0,8.329,23.981,28.425,1.414
2009-03-20,0.0,8.266,23.625,28.056,1.814
2009-03-21,1.672,9.03,23.594,28.725,2.15
2009-03-22,0.0,8.759,23.25,28.194,1.37
2009-03-23,0.0,9.089,23.8,28.931,2.1
2009-03-24,6.166,10.295,23.25,29.619,5.82
2009-03-25,0.0,11.286,22.844,30.288,7.071
2009-03-26,0.0,12.387,23.363,31.775,4.7
2009-03-27,0.0,11.435,23.825,31.15,3.25
2009-03-28,4.789,9.907,23.913,29.731,3.0
2009-03-29,3.854,9.704,23.637,29.306,2.45
2009-03-30,0.0,11.224,23.569,30.719,2.15
2009-03-31,19.934,7.202,24.306,27.65,2.05
2009-04-01,2.536,10.784,23.825,30.475,10.09
2009-04-02,0.477,11.092,23.363,30.419,4.94
2009-04-03,0.0,10.968,23.5,30.413,3.3
2009-04-04,0.0,10.964,23.863,30.681,2.9
2009-04-05,0.0,10.424,23.869,30.181,2.0
2009-04-06,0.0,9.969,23.556,29.5,1.95
2009-04-07,0.0,9.329,24.244,29.462,1.7
2009-04-08,0.0,9.579,24.875,30.181,1.7
2009-04-09,0.0,9.096,24.25,29.256,1.5
2009-04-10,0.068,10.317,23.387,29.656,1.5
2009-04-11,3.665,10.43,23.95,30.231,1.55
2009-04-12,8.521,12.281,23.5,31.681,1.507
2009-04-13,0.0,10.759,23.869,30.462,1.414
2009-04-14,0.0,9.625,24.044,29.531,1.327
2009-04-15,0.0,12.046,24.581,32.269,1.37
2009-04-16,0.0,9.839,25.031,30.55,1.284
2009-04-17,0.897,9.761,25.012,30.462,1.241
2009-04-18,0.0,9.194,24.925,29.875,1.197
2009-04-19,0.0,9.935,24.719,30.375,1.197
2009-04-20,20.801,8.218,25.356,29.381,1.284
2009-04-21,9.313,8.746,24.994,29.562,1.284
2009-04-22,8.357,9.168,25.025,29.944,1.241
2009-04-23,26.339,9.013,24.325,29.244,2.5
2009-04-24,15.288,11.629,24.194,31.606,24.8
2009-04-25,0.0,11.247,23.931,31.025,12.37
2009-04-26,3.743,8.702,24.637,29.212,6.696
2009-04-27,0.0,11.654,24.188,31.65,3.53
2009-04-28,0.0,9.632,25.825,31.044,2.7
2009-04-29,5.019,9.561,24.95,30.262,2.6
2009-04-30,12.719,9.362,23.881,29.225,3.1
2009-05-01,2.489,11.175,23.575,30.75,2.5
2009-05-02,8.658,8.465,23.8,28.331,2.5
2009-05-03,7.401,7.655,23.312,27.225,4.31
2009-05-04,1.965,10.558,22.994,29.694,2.8
2009-05-05,9.987,11.127,23.456,30.619,3.3
2009-05-06,0.477,12.158,23.256,31.519,4.31
2009-05-07,0.62,10.488,24.269,30.644,4.25
2009-05-08,9.633,8.368,24.506,28.875,3.15
2009-05-09,1.723,10.053,24.238,30.256,3.72
2009-05-10,8.802,9.899,24.881,30.65,2.85
2009-05-11,17.991,7.715,24.856,28.656,2.3
2009-05-12,8.791,11.075,24.144,31.169,4.65
2009-05-13,16.183,9.568,23.944,29.569,2.4
2009-05-14,7.066,12.245,24.163,32.356,2.25
2009-05-15,24.997,8.307,24.106,28.525,9.5
2009-05-16,0.0,8.621,24.631,29.288,5.55
2009-05-17,1.76,10.894,24.331,31.169,3.25
2009-05-18,10.755,10.521,23.519,30.181,2.95
2009-05-19,16.383,10.944,24.094,31.056,7.494
2009-05-20,17.294,9.064,24.656,29.712,10.0
2009-05-21,10.938,9.292,24.75,30.012,67.57
2009-05-22,1.798,9.818,24.587,30.4,14.63
2009-05-23,18.022,7.529,25.6,29.194,9.144
2009-05-24,3.792,9.867,24.25,30.181,6.962
2009-05-25,5.053,8.747,24.031,28.956,10.8
2009-05-26,7.086,10.333,23.981,30.444,4.54
2009-05-27,1.518,10.533,25.012,31.438,3.56
2009-05-28,12.751,8.941,24.981,29.938,3.05
2009-05-29,8.6,10.861,24.038,31.006,3.5
2009-05-30,0.488,9.317,23.906,29.425,5.952
2009-05-31,3.801,9.046,24.031,29.25,8.16
2009-06-01,0.0,11.51,24.131,31.769,4.7
2009-06-02,0.0,11.089,24.262,31.431,3.35
2009-06-03,14.593,10.337,24.969,31.281,3.05
2009-06-04,17.432,7.587,25.3,29.031,3.0
2009-06-05,27.426,4.98,24.531,26.35,3.0
2009-06-06,0.0,10.924,24.075,31.163,10.42
2009-06-07,9.274,7.136,24.15,27.669,41.0
2009-06-08,0.264,9.413,24.281,29.863,15.56
2009-06-09,7.453,8.563,24.775,29.5,10.48
2009-06-10,19.958,8.059,24.669,28.938,12.26
2009-06-11,1.307,9.73,24.825,30.619,8.506
2009-06-12,6.289,9.148,24.15,29.519,7.494
2009-06-13,21.124,6.394,23.75,26.738,38.51
2009-06-14,3.691,9.803,23.106,29.312,17.54
2009-06-15,0.436,10.304,23.8,30.375,10.84
2009-06-16,3.712,9.456,24.55,30.125,3.432
2009-06-17,15.537,10.475,24.119,30.8,11.01
2009-06-18,4.211,10.023,24.581,30.706,4.175
2009-06-19,13.006,9.295,24.556,30.0,2.912
2009-06-20,0.447,10.18,24.137,30.531,1.991
2009-06-21,10.485,8.959,24.656,29.756,3.916
2009-06-22,13.837,7.852,24.575,28.688,10.82
2009-06-23,9.653,10.671,23.525,30.55,3.12
2009-06-24,16.853,9.221,23.894,29.394,8.126
2009-06-25,3.466,8.301,23.969,28.569,26.43
2009-06-26,0.4,9.473,24.606,30.206,7.366
2009-06-27,10.768,10.539,24.456,31.131,15.99
2009-06-28,14.06,8.134,24.581,28.931,19.8
2009-06-29,0.0,11.099,23.806,31.194,41.37
2009-06-30,5.311,9.192,23.931,29.387,9.3
2009-07-01,7.646,9.243,24.512,29.925,6.439
2009-07-02,11.354,8.866,24.256,29.337,4.957
2009-07-03,7.289,8.838,24.231,29.281,4.183
2009-07-04,4.655,9.466,24.069,29.756,21.17
2009-07-05,8.666,10.696,23.262,30.381,12.07
2009-07-06,6.306,9.4,24.575,30.081,5.247
2009-07-07,7.004,9.766,24.156,30.125,3.172
2009-07-08,3.603,8.737,24.587,29.475,10.78
2009-07-09,11.154,10.383,23.788,30.419,4.473
2009-07-10,7.299,9.504,23.962,29.694,10.44
2009-07-11,4.953,9.486,24.406,30.019,11.79
2009-07-12,15.053,11.945,24.812,32.769,26.19
2009-07-13,0.957,10.91,24.906,31.8,44.54
2009-07-14,1.25,10.401,24.375,30.869,9.144
2009-07-15,18.718,10.116,24.725,30.85,8.459
2009-07-16,0.0,11.524,24.594,32.144,10.08
2009-07-17,10.318,9.695,24.819,30.525,4.05
2009-07-18,12.02,9.412,25.062,30.45,5.025
2009-07-19,8.013,10.517,25.069,31.512,4.711
2009-07-20,16.215,8.806,24.856,29.725,3.715
2009-07-21,0.681,9.928,24.356,30.344,107.0
2009-07-22,12.581,10.74,23.794,30.725,25.47
2009-07-23,4.949,10.013,24.306,30.387,13.67
2009-07-24,0.619,10.166,24.431,30.631,7.657
2009-07-25,13.855,10.735,24.113,30.925,26.98
2009-07-26,0.0,9.471,25.4,30.738,15.67
2009-07-27,5.088,10.203,24.569,30.762,7.031
2009-07-28,9.683,11.312,24.913,32.094,9.899
2009-07-29,8.461,10.322,24.675,30.938,5.306
2009-07-30,12.975,8.14,24.062,28.394,3.938
2009-07-31,18.06,11.221,23.962,31.256,12.24
2009-08-01,6.156,11.698,23.75,31.6,24.64
2009-08-02,0.0,10.984,24.438,31.369,12.75
2009-08-03,5.731,10.573,24.837,31.288,13.93
2009-08-04,8.361,9.342,24.744,30.019,9.976
2009-08-05,6.833,7.912,25.006,28.956,15.13
2009-08-06,3.645,8.492,24.044,28.681,8.517
2009-08-07,14.256,7.655,23.375,27.363,15.86
2009-08-08,0.589,10.252,23.694,30.025,22.87
2009-08-09,4.648,9.047,24.206,29.294,7.232
2009-08-10,8.521,11.527,24.288,31.744,12.74
2009-08-11,0.0,10.873,25.119,31.75,5.97
2009-08-12,22.157,9.829,25.069,30.694,3.477
2009-08-13,0.755,11.198,24.319,31.419,4.377
2009-08-14,11.149,8.07,24.062,28.256,65.42
2009-08-15,4.359,10.198,25.256,31.188,20.43
2009-08-16,5.108,9.626,24.475,30.031,43.4
2009-08-17,0.744,10.867,23.812,30.675,5.314
2009-08-18,10.56,10.34,24.144,30.444,3.64
2009-08-19,0.686,11.386,23.887,31.238,2.86
2009-08-20,5.392,9.957,24.512,30.369,11.4
2009-08-21,2.035,9.855,24.069,29.894,3.016
2009-08-22,6.329,10.423,24.387,30.688,2.6
2009-08-23,2.585,11.6,24.45,31.881,2.513
2009-08-24,3.401,9.978,24.137,30.044,1.991
2009-08-25,1.914,10.684,24.988,31.4,1.73
2009-08-26,3.526,9.908,25.244,30.875,1.517
2009-08-27,6.281,10.638,24.875,31.262,1.817
2009-08-28,10.337,9.935,24.781,30.525,2.6
2009-08-29,23.803,8.559,24.856,29.325,14.0
2009-08-30,6.412,11.111,23.619,30.744,6.182
2009-08-31,0.0,11.36,24.475,31.65,2.912
2009-09-01,5.302,10.452,24.775,30.994,2.756
2009-09-02,2.144,11.067,25.5,32.175,1.86
2009-09-03,15.352,10.531,24.831,31.119,11.61
2009-09-04,5.761,8.94,25.288,30.056,2.625
2009-09-05,2.857,10.197,24.631,30.656,1.817
2009-09-06,0.289,12.43,24.538,32.769,1.517
2009-09-07,3.133,11.656,25.419,32.681,1.411
2009-09-08,2.154,10.246,25.369,31.312,1.269
2009-09-09,25.972,7.405,24.788,28.312,1.127
2009-09-10,0.735,11.11,24.562,31.525,1.268
2009-09-11,1.281,10.076,24.988,30.863,1.446
2009-09-12,14.309,8.295,24.85,29.15,18.85
2009-09-13,3.583,9.872,24.5,30.275,7.065
2009-09-14,2.187,10.733,25.419,31.85,1.659
2009-09-15,11.263,9.99,24.669,30.538,4.056
2009-09-16,7.322,8.622,23.919,28.712,4.667
2009-09-17,0.0,9.788,23.825,29.694,3.299
2009-09-18,0.0,11.357,23.95,31.35,1.825
2009-09-19,1.855,10.099,25.188,31.087,3.102
2009-09-20,3.696,11.166,25.031,32.013,3.209
2009-09-21,7.105,11.067,25.637,32.394,3.418
2009-09-22,8.357,8.059,25.131,29.225,1.825
2009-09-23,1.602,10.367,24.887,31.15,1.446
2009-09-24,0.0,10.967,25.206,32.006,0.966
2009-09-25,3.412,12.046,24.619,32.65,0.885
2009-09-26,4.351,9.992,25.419,31.244,0.804
2009-09-27,6.817,9.572,24.975,30.519,0.885
2009-09-28,6.033,11.723,24.025,31.906,0.858
2009-09-29,2.48,10.195,24.262,30.575,7.109
2009-09-30,1.594,10.304,25.344,31.562,2.547
2009-10-01,12.464,8.266,25.413,29.725,6.473
2009-10-02,0.251,10.019,25.094,31.106,2.72
2009-10-03,4.709,9.241,24.413,29.819,1.517
2009-10-04,2.185,9.371,24.137,29.731,1.162
2009-10-05,1.935,11.097,24.0,31.363,1.553
2009-10-06,0.0,10.467,25.181,31.681,1.233
2009-10-07,8.527,11.17,25.425,32.581,1.02
2009-10-08,8.349,11.155,24.188,31.625,0.831
2009-10-09,4.353,9.496,25.394,30.956,0.912
2009-10-10,1.867,9.551,25.394,31.025,0.777
2009-10-11,3.775,10.967,24.806,32.0,0.696
2009-10-12,10.401,9.398,24.194,29.956,0.446
2009-10-13,1.725,10.045,24.375,30.769,0.534
2009-10-14,5.848,10.045,24.05,30.544,0.723
2009-10-15,1.31,9.566,23.369,29.519,0.831
2009-10-16,0.0,9.826,23.731,30.094,0.777
2009-10-17,0.0,9.857,24.244,30.562,1.446
2009-10-18,7.94,9.277,24.269,30.006,0.912
2009-10-19,0.116,9.605,24.444,30.488,0.885
2009-10-20,1.518,7.947,24.613,29.038,0.831
2009-10-21,3.504,10.644,23.669,31.0,0.912
2009-10-22,3.467,9.925,24.488,30.919,0.831
2009-10-23,0.0,10.05,24.75,31.275,0.777
2009-10-24,18.416,8.516,24.644,29.669,6.875
2009-10-25,5.956,10.879,23.781,31.444,3.454
2009-10-26,0.0,9.468,25.65,31.506,2.023
2009-10-27,8.834,9.583,25.194,31.275,1.553
2009-10-28,3.979,8.702,24.725,30.012,1.268
2009-10-29,8.744,10.053,24.244,31.038,0.993
2009-10-30,7.587,9.102,24.369,30.169,0.804
2009-10-31,4.029,8.01,24.906,29.562,0.858
2009-11-01,9.285,9.849,23.688,30.475,25.12
2009-11-02,14.952,6.552,24.556,27.925,3.276
2009-11-03,0.0,7.731,24.056,28.675,2.929
2009-11-04,16.02,9.598,23.562,30.163,11.78
2009-11-05,0.0,8.278,23.844,29.019,13.01
2009-11-06,3.526,8.526,24.325,29.694,5.715
2009-11-07,10.203,8.29,24.15,29.331,3.596
2009-11-08,0.0,8.867,23.994,29.8,1.825
2009-11-09,1.376,9.934,24.225,31.15,1.197
2009-11-10,1.417,9.837,24.575,31.369,1.987
2009-11-11,3.484,9.429,24.256,30.688,1.991
2009-11-12,11.943,8.86,24.462,30.256,2.703
2009-11-13,28.823,8.344,24.294,29.606,5.689
2009-11-14,7.282,9.396,24.119,30.613,16.45
2009-11-15,17.304,8.345,24.819,30.1,4.191
2009-11-16,11.981,8.637,24.244,29.931,3.67
2009-11-17,4.58,7.709,24.562,29.256,3.362
2009-11-18,14.708,7.482,24.681,29.131,1.947
2009-11-19,6.79,9.928,24.369,31.506,5.844
2009-11-20,6.682,9.993,24.694,31.85,7.441
2009-11-21,1.955,9.689,24.6,31.438,4.251
2009-11-22,27.095,7.981,25.075,30.012,57.68
2009-11-23,0.0,8.249,25.319,30.512,19.65
2009-11-24,0.0,7.294,24.738,29.081,3.204
2009-11-25,3.164,8.034,24.762,29.881,4.369
2009-11-26,2.384,9.421,24.194,30.925,2.513
2009-11-27,0.994,9.855,24.744,31.875,2.165
2009-11-28,30.894,7.135,24.775,28.994,3.946
2009-11-29,3.036,8.41,24.425,30.038,11.91
2009-11-30,0.0,9.803,24.288,31.5,19.27
2009-12-01,0.0,9.655,24.731,31.694,3.299
2009-12-02,0.0,9.904,24.594,31.894,2.078
2009-12-03,0.0,10.171,25.056,32.562,1.553
2009-12-04,0.0,10.023,25.381,32.65,1.233
2009-12-05,0.0,10.291,24.694,32.444,1.02
2009-12-06,0.0,10.064,24.881,32.344,0.912
2009-12-07,0.249,10.634,24.656,32.844,0.804
2009-12-08,7.696,9.655,24.206,31.369,2.671
2009-12-09,6.731,8.406,24.706,30.363,1.446
2009-12-10,0.623,8.316,24.525,30.131,0.912
2009-12-11,0.0,9.549,24.75,31.7,0.75
2009-12-12,4.477,9.861,24.575,31.938,0.804
2009-12-13,0.0,9.691,24.744,31.863,0.885
2009-12-14,0.0,9.306,24.762,31.469,0.75
2009-12-15,0.0,9.67,25.119,32.15,0.642
2009-12-16,4.97,7.997,25.381,30.519,0.48
2009-12-17,0.528,9.396,24.419,31.288,0.48
2009-12-18,5.168,9.405,24.406,31.294,0.446
2009-12-19,33.797,8.855,24.494,30.75,37.11
2009-12-20,10.917,8.47,24.4,30.231,7.99
2009-12-21,17.244,7.621,24.781,29.681,3.945
2009-12-22,2.197,6.459,24.125,27.881,2.295
2009-12-23,0.743,8.359,24.394,30.087,1.375
2009-12-24,0.0,9.811,23.887,31.35,2.28
2009-12-25,0.0,8.193,25.087,30.481,0.966
2009-12-26,16.627,9.353,24.294,31.144,0.858
2009-12-27,35.336,8.156,24.4,29.875,24.07
2009-12-28,0.0,9.398,24.0,30.944,55.0
2009-12-29,0.0,9.385,23.188,30.312,9.101
2009-12-30,0.0,9.786,24.331,31.625,5.947
2009-12-31,0.0,8.987,24.394,30.762,4.116
2010-01-01,0.0,9.668,23.569,30.881,2.47
2010-01-02,0.0,8.839,23.875,30.175,1.991
2010-01-03,0.0,8.987,24.069,30.481,1.588
2010-01-04,0.0,8.878,23.844,30.188,1.446
2010-01-05,0.0,7.473,24.45,29.125,1.233
2010-01-06,0.0,8.221,24.156,29.656,1.02
2010-01-07,0.0,9.174,23.962,30.562,0.939
2010-01-08,0.0,9.127,24.7,31.087,0.885
2010-01-09,0.0,7.076,25.337,29.419,0.804
2010-01-10,0.384,7.66,24.531,29.363,0.75
2010-01-11,4.348,8.333,24.594,30.075,0.75
2010-01-12,0.0,8.086,24.538,29.769,0.804
2010-01-13,0.0,9.329,24.875,31.344,0.777
2010-01-14,0.0,9.257,24.637,31.062,0.723
2010-01-15,0.0,9.048,25.225,31.262,0.696
2010-01-16,0.0,10.043,24.681,31.906,0.642
2010-01-17,0.0,7.798,25.387,30.075,0.463
2010-01-18,0.0,9.093,25.106,31.188,0.446
2010-01-19,0.0,8.61,25.212,30.738,0.429
2010-01-20,0.0,10.081,24.131,31.462,0.395
2010-01-21,0.0,8.547,25.206,30.613,0.378
2010-01-22,0.0,8.03,24.975,29.869,0.378
2010-01-23,0.0,8.325,25.238,30.394,0.378
2010-01-24,1.044,8.491,24.581,30.0,0.378
2010-01-25,5.795,9.114,24.594,30.637,0.361
2010-01-26,3.059,6.869,24.875,28.594,0.344
2010-01-27,1.365,9.235,24.369,30.55,0.344
2010-01-28,0.0,9.328,25.319,31.369,0.344
2010-01-29,0.0,9.291,24.575,30.712,0.344
2010-01-30,0.0,9.235,24.944,30.919,0.327
2010-01-31,0.0,9.381,25.456,31.469,0.31
2010-02-01,0.0,10.845,25.081,32.712,0.31
2010-02-02,0.0,10.254,25.462,32.337,0.31
2010-02-03,0.0,10.503,25.2,32.375,0.276
2010-02-04,0.0,9.607,25.325,31.506,0.276
2010-02-05,2.583,10.122,24.875,31.669,0.242
2010-02-06,0.0,8.628,24.837,30.075,0.225
2010-02-07,0.0,8.923,24.363,29.969,0.242
2010-02-08,0.0,9.563,24.35,30.594,0.259
2010-02-09,0.0,9.652,25.031,31.181,0.208
2010-02-10,0.0,9.151,24.719,30.438,0.191
2010-02-11,0.0,8.871,25.625,30.869,0.157
2010-02-12,0.0,9.65,25.425,31.431,0.14
2010-02-13,0.0,7.523,25.8,29.706,0.14
2010-02-14,0.0,7.615,24.644,28.781,0.14
2010-02-15,0.0,8.573,24.944,29.931,0.14
2010-02-16,0.0,9.119,25.375,30.788,0.14
2010-02-17,0.0,7.449,24.887,28.806,0.14
2010-02-18,0.0,9.166,24.881,30.413,0.14
2010-02-19,0.0,10.012,25.425,31.644,0.14
2010-02-20,0.0,10.657,25.894,32.625,0.14
2010-02-21,0.0,9.783,25.206,31.175,0.14
2010-02-22,0.0,9.607,25.881,31.531,0.14
2010-02-23,13.774,9.35,25.631,31.056,0.14
2010-02-24,6.611,10.066,24.788,31.056,0.191
2010-02-25,0.62,9.112,25.275,30.525,0.14
2010-02-26,0.0,8.504,24.863,29.575,0.14
2010-02-27,0.474,9.413,24.8,30.363,0.225
2010-02-28,0.0,10.426,24.769,31.319,0.473
2010-03-01,0.0,10.069,25.731,31.731,0.225
2010-03-02,0.0,9.264,25.7,30.913,0.157
2010-03-03,23.149,7.286,25.369,28.869,0.14
2010-03-04,0.0,9.013,24.669,29.806,0.14
2010-03-05,2.23,9.657,26.1,31.587,1.063
2010-03-06,32.645,7.383,26.044,29.506,1.711
2010-03-07,3.274,8.535,25.475,30.0,1.411
2010-03-08,0.0,7.832,25.194,29.131,2.756
2010-03-09,0.0,11.497,25.087,32.462,8.14
2010-03-10,0.0,9.423,25.894,31.094,7.266
2010-03-11,0.057,10.151,24.975,31.012,3.581
2010-03-12,0.0,9.739,25.663,31.156,2.252
2010-03-13,0.478,9.945,25.875,31.5,1.92
2010-03-14,2.205,11.517,25.206,32.475,1.02
2010-03-15,0.0,9.357,25.738,30.863,0.912
2010-03-16,0.0,9.418,25.656,30.831,0.885
2010-03-17,10.246,5.481,25.637,27.637,0.534
2010-03-18,22.715,8.642,24.244,28.944,96.33
2010-03-19,2.369,9.004,24.55,29.519,49.48
2010-03-20,0.0,9.648,24.956,30.425,11.7
2010-03-21,13.33,10.448,25.387,31.475,5.366
2010-03-22,8.339,11.843,25.531,32.925,48.12
2010-03-23,2.11,11.164,25.225,32.019,32.18
2010-03-24,0.0,10.435,25.488,31.531,9.443
2010-03-25,0.0,10.355,26.181,32.006,3.076
2010-03-26,1.662,10.084,25.819,31.456,2.165
2010-03-27,0.0,9.75,25.675,31.025,1.659
2010-03-28,0.0,10.757,25.344,31.694,1.339
2010-03-29,31.119,9.196,25.438,30.319,99.74
2010-03-30,32.262,7.818,25.369,29.081,178.6
2010-03-31,7.161,9.743,25.163,30.631,108.5
2010-04-01,19.657,10.226,25.406,31.212,18.13
2010-04-02,0.0,8.735,25.575,30.031,9.948
2010-04-03,3.021,9.271,25.019,30.031,7.5
2010-04-04,8.884,8.667,25.087,29.544,7.187
2010-04-05,7.027,10.421,25.025,31.069,8.013
2010-04-06,13.441,10.152,24.788,30.625,15.07
2010-04-07,4.517,12.361,24.044,32.194,30.3
2010-04-08,0.0,10.246,24.438,30.438,8.048
2010-04-09,0.421,11.312,24.962,31.856,4.979
2010-04-10,6.142,11.757,24.419,31.875,4.235
2010-04-11,7.576,10.145,24.831,30.65,4.979
2010-04-12,23.293,9.374,24.506,29.681,49.62
2010-04-13,5.915,10.859,24.462,31.031,6.47
2010-04-14,13.475,9.285,24.756,29.831,88.59
2010-04-15,0.0,11.06,24.4,31.181,9.3
2010-04-16,9.725,10.138,24.981,30.769,20.47
2010-04-17,0.0,12.146,24.619,32.419,11.89
2010-04-18,0.837,11.756,25.394,32.644,5.18
2010-04-19,8.28,9.975,25.85,31.344,4.056
2010-04-20,5.938,8.007,25.431,29.306,3.328
2010-04-21,3.84,11.806,25.369,32.675,5.572
2010-04-22,0.0,10.245,25.869,31.625,3.432
2010-04-23,0.0,10.94,25.875,32.256,3.536
2010-04-24,9.423,9.022,25.9,30.562,2.208
2010-04-25,1.824,9.29,26.312,31.156,1.904
2010-04-26,3.243,9.17,25.85,30.681,1.659
2010-04-27,1.819,11.115,25.719,32.312,1.553
2010-04-28,9.016,8.845,26.188,30.663,1.446
2010-04-29,0.495,9.853,25.019,30.606,1.987
2010-04-30,0.0,11.048,25.413,32.025,2.078
2010-05-01,0.0,9.007,25.981,30.637,3.168
2010-05-02,7.13,7.664,26.281,29.781,1.991
2010-05-03,5.822,8.886,25.781,30.394,1.411
2010-05-04,0.0,10.503,23.769,30.25,1.233
2010-05-05,3.574,10.889,24.231,31.019,1.02
2010-05-06,9.063,11.257,24.775,31.812,1.233
2010-05-07,12.775,11.56,24.45,31.819,14.2
2010-05-08,4.763,11.214,25.031,31.962,10.1
2010-05-09,26.762,12.162,24.981,32.869,97.38
2010-05-10,0.0,10.96,25.738,32.281,103.2
2010-05-11,9.731,11.114,25.075,31.919,8.916
2010-05-12,7.839,9.251,25.613,30.631,5.381
2010-05-13,8.743,11.533,25.194,32.431,3.499
2010-05-14,10.082,10.781,24.769,31.4,18.66
2010-05-15,0.444,10.311,25.725,31.712,86.46
2010-05-16,6.268,9.985,25.65,31.344,9.599
2010-05-17,1.652,10.899,25.675,32.231,5.5
2010-05-18,0.078,10.625,26.2,32.406,3.997
2010-05-19,12.938,9.461,25.994,31.188,3.938
2010-05-20,2.915,9.722,25.712,31.188,3.574
2010-05-21,12.814,6.621,25.225,28.131,2.964
2010-05-22,0.0,11.024,24.887,31.788,3.016
2010-05-23,10.689,7.819,25.044,28.95,8.745
2010-05-24,20.065,10.402,24.519,30.925,10.87
2010-05-25,5.01,11.155,24.85,31.944,41.99
2010-05-26,5.799,9.376,25.331,30.6,6.048
2010-05-27,2.721,8.064,24.631,28.831,3.536
2010-05-28,0.0,10.083,24.669,30.756,3.068
2010-05-29,1.498,10.383,25.294,31.525,2.339
2010-05-30,8.154,9.847,25.669,31.356,2.252
2010-05-31,16.051,8.66,25.194,29.881,2.339
2010-06-01,0.909,9.675,24.875,30.544,21.25
2010-06-02,5.023,9.169,25.325,30.444,7.534
2010-06-03,0.632,9.709,25.175,30.825,2.912
2010-06-04,5.053,9.018,24.606,29.725,115.8
2010-06-05,0.0,11.097,24.769,31.863,7.99
2010-06-06,1.197,8.925,25.919,30.738,4.533
2010-06-07,20.708,8.813,24.725,29.65,55.7
2010-06-08,9.427,9.295,24.812,30.169,12.85
2010-06-09,33.758,7.944,24.094,28.325,98.87
2010-06-10,0.0,8.985,23.962,29.181,202.4
2010-06-11,7.453,10.376,23.831,30.456,17.93
2010-06-12,8.363,9.009,25.381,30.4,8.909
2010-06-13,9.256,7.293,24.3,27.956,14.11
2010-06-14,13.037,8.047,24.644,28.913,39.21
2010-06-15,8.978,8.638,24.669,29.475,55.06
2010-06-16,4.405,8.939,24.163,29.325,11.89
2010-06-17,5.792,8.94,24.194,29.356,13.32
2010-06-18,3.7,8.408,24.425,29.062,8.517
2010-06-19,2.852,7.899,24.869,29.025,7.735
2010-06-20,6.128,8.425,23.331,28.169,5.031
2010-06-21,1.474,11.082,23.744,31.15,4.473
2010-06-22,14.124,10.434,23.506,30.288,18.53
2010-06-23,3.142,10.78,24.137,31.137,19.02
2010-06-24,9.296,9.7,25.175,30.887,64.19
2010-06-25,11.77,9.316,25.181,30.544,14.65
2010-06-26,1.941,9.166,25.219,30.419,15.02
2010-06-27,29.353,7.717,24.288,28.325,50.83
2010-06-28,5.984,10.362,24.05,30.631,12.07
2010-06-29,9.341,9.775,25.012,30.831,21.25
2010-06-30,14.752,8.381,25.031,29.544,37.97
2010-07-01,2.287,8.112,25.094,29.337,9.3
2010-07-02,3.445,8.629,24.6,29.419,33.19
2010-07-03,4.318,10.36,24.344,30.856,6.819
2010-07-04,3.17,9.758,24.538,30.425,4.741
2010-07-05,9.998,7.738,24.269,28.312,6.395
2010-07-06,4.438,9.415,24.231,29.837,5.735
2010-07-07,0.443,9.278,24.75,30.113,4.294
2010-07-08,0.0,9.919,24.125,30.219,3.477
2010-07-09,2.825,8.895,24.631,29.681,5.688
2010-07-10,8.436,9.85,24.394,30.369,3.172
2010-07-11,10.818,8.392,23.875,28.55,2.912
2010-07-12,0.407,8.199,23.188,27.806,2.6
2010-07-13,4.314,9.988,23.913,30.119,2.661
2010-07-14,0.0,9.242,24.075,29.525,2.47
2010-07-15,8.451,6.34,23.781,26.675,2.208
2010-07-16,9.214,8.047,23.456,27.869,1.947
2010-07-17,6.591,8.933,23.294,28.594,2.035
2010-07-18,10.314,8.204,23.375,27.938,18.69
2010-07-19,0.0,10.066,24.288,30.462,4.815
2010-07-20,7.001,9.375,24.175,29.669,8.06
2010-07-21,8.723,9.109,24.262,29.481,4.235
2010-07-22,0.0,10.455,24.475,30.981,2.47
2010-07-23,8.73,9.748,24.481,30.269,23.91
2010-07-24,0.378,10.242,24.525,30.781,7.177
2010-07-25,18.427,8.461,24.962,29.475,3.38
2010-07-26,9.049,8.981,24.65,29.669,34.98
2010-07-27,15.108,7.965,24.5,28.644,9.443
2010-07-28,8.652,7.909,23.613,27.819,3.536
2010-07-29,1.231,10.592,24.069,30.719,2.756
2010-07-30,12.043,9.836,24.262,30.137,2.426
2010-07-31,9.385,7.654,24.012,27.931,8.482
2010-08-01,3.018,9.693,24.456,30.144,3.358
2010-08-02,18.022,10.523,23.994,30.587,2.513
2010-08-03,10.86,6.734,24.881,27.894,4.503
2010-08-04,1.809,9.466,24.238,29.738,3.812
2010-08-05,13.27,10.692,24.363,31.0,9.905
2010-08-06,8.412,9.401,24.438,29.825,25.44
2010-08-07,9.791,10.031,24.3,30.3,13.39
2010-08-08,3.193,10.258,24.381,30.575,7.366
2010-08-09,0.158,9.205,24.694,29.831,4.942
2010-08-10,1.298,8.932,25.219,30.019,3.737
2010-08-11,14.874,8.085,24.894,28.988,3.172
2010-08-12,5.296,7.547,24.712,28.4,3.12
2010-08-13,1.165,9.646,24.494,30.062,2.704
2010-08-14,4.042,10.185,24.462,30.55,2.426
2010-08-15,20.9,10.477,24.531,30.869,23.26
2010-08-16,18.483,9.945,24.025,29.95,101.1
2010-08-17,23.498,9.952,24.15,30.05,41.09
2010-08-18,14.365,9.574,23.837,29.456,77.53
2010-08-19,37.638,9.54,24.144,29.656,113.4
2010-08-20,2.495,8.255,24.181,28.525,57.04
2010-08-21,2.366,10.192,24.269,30.406,15.77
2010-08-22,11.99,9.783,23.956,29.731,20.88
2010-08-23,0.0,10.728,24.438,31.012,7.344
2010-08-24,28.729,9.419,24.1,29.519,7.154
2010-08-25,1.859,11.115,24.144,31.15,9.99
2010-08-26,15.4,8.408,24.512,28.931,19.89
2010-08-27,4.396,9.725,22.962,28.913,8.517
2010-08-28,9.081,11.515,24.169,31.569,23.53
2010-08-29,5.594,8.615,24.887,29.413,11.15
2010-08-30,7.464,11.725,23.887,31.556,7.344
2010-08-31,12.033,8.395,25.031,29.35,42.13
2010-09-01,0.745,7.962,24.538,28.55,12.85
2010-09-02,21.385,8.241,23.837,28.206,6.796
2010-09-03,5.209,10.147,23.819,29.962,10.9
2010-09-04,1.445,8.244,24.244,28.562,7.031
2010-09-05,11.282,8.951,23.669,28.725,28.35
2010-09-06,3.315,10.163,23.738,29.906,8.83
2010-09-07,8.202,7.271,24.275,27.75,6.819
2010-09-08,5.026,8.568,24.137,28.781,14.91
2010-09-09,0.23,10.144,24.038,30.15,7.422
2010-09-10,7.767,10.392,23.956,30.331,7.333
2010-09-11,11.156,10.661,23.969,30.619,12.16
2010-09-12,14.134,9.931,24.2,30.087,7.971
2010-09-13,10.115,10.063,24.744,30.65,25.02
2010-09-14,1.908,11.115,24.075,31.144,7.813
2010-09-15,8.637,10.973,24.731,31.55,5.366
2010-09-16,5.629,8.96,24.475,29.425,5.575
2010-09-17,0.495,8.127,24.694,28.869,9.998
2010-09-18,1.61,9.798,24.144,29.962,6.059
2010-09-19,3.8,10.062,23.625,29.825,4.964
2010-09-20,10.347,9.135,23.619,28.95,4.175
2010-09-21,2.447,11.302,23.906,31.288,7.579
2010-09-22,7.786,8.817,24.169,29.1,11.96
2010-09-23,15.463,8.974,24.094,29.194,7.892
2010-09-24,8.004,9.013,24.494,29.562,4.473
2010-09-25,7.812,10.884,24.1,31.069,3.224
2010-09-26,4.254,10.148,24.725,30.844,2.912
2010-09-27,15.441,6.978,24.194,27.531,2.816
2010-09-28,0.0,10.526,23.962,30.644,9.582
2010-09-29,0.0,10.585,24.8,31.375,8.283
2010-09-30,10.511,9.397,24.669,30.137,3.328
2010-10-01,2.228,9.434,24.512,30.062,30.32
2010-10-02,3.994,7.971,24.938,29.075,7.657
2010-10-03,1.046,9.522,23.212,29.137,4.771
2010-10-04,6.133,9.893,24.688,30.694,3.536
2010-10-05,4.369,8.224,24.731,29.175,3.276
2010-10-06,3.604,10.106,24.025,30.413,2.86
2010-10-07,5.367,10.304,24.775,31.219,2.47
2010-10-08,10.249,11.114,24.238,31.625,2.382
2010-10-09,0.0,10.255,24.906,31.312,2.208
2010-10-10,3.848,11.301,24.631,32.169,1.991
2010-10-11,11.137,9.53,25.113,30.806,25.6
2010-10-12,1.81,10.459,25.306,31.869,17.94
2010-10-13,11.628,9.179,25.131,30.512,33.05
2010-10-14,1.027,9.301,25.169,30.669,10.07
2010-10-15,12.277,7.815,24.788,29.006,5.969
2010-10-16,6.749,8.781,24.156,29.381,32.18
2010-10-17,5.475,7.299,24.9,28.637,8.361
2010-10-18,0.422,8.211,23.613,28.431,7.668
2010-10-19,6.926,9.19,24.106,29.788,6.718
2010-10-20,1.739,9.621,24.406,30.506,15.93
2010-10-21,0.0,9.381,23.719,29.756,32.35
2010-10-22,8.352,8.253,24.137,28.969,28.92
2010-10-23,21.531,8.966,23.919,29.5,169.2
2010-10-24,0.0,9.33,24.288,30.212,25.12
2010-10-25,0.0,9.713,24.369,30.669,10.23
2010-10-26,0.492,8.629,24.256,29.5,6.64
2010-10-27,8.953,8.29,25.038,29.831,5.835
2010-10-28,0.609,9.377,24.325,30.394,4.83
2010-10-29,4.923,8.17,24.244,29.1,7.892
2010-10-30,4.588,8.224,24.306,29.225,104.0
2010-10-31,2.601,9.002,24.206,29.962,7.813
2010-11-01,3.173,9.284,24.344,30.387,4.592
2010-11-02,13.628,7.896,23.544,28.363,4.964
2010-11-03,19.035,8.916,23.594,29.438,11.68
2010-11-04,0.0,7.981,24.844,29.519,5.5
2010-11-05,0.0,8.019,24.719,29.481,3.7
2010-11-06,11.167,6.051,23.631,26.75,4.906
2010-11-07,0.0,7.853,23.494,28.337,4.964
2010-11-08,20.999,7.916,23.525,28.456,156.7
2010-11-09,0.0,8.839,22.556,28.7,36.39
2010-11-10,0.0,9.334,23.475,29.956,12.33
2010-11-11,0.889,7.068,23.844,27.919,10.32
2010-11-12,32.958,6.358,23.994,27.425,129.0
2010-11-13,2.102,8.167,23.613,28.9,19.12
2010-11-14,14.057,7.136,22.856,27.206,9.763
2010-11-15,0.931,8.964,22.969,29.25,7.344
2010-11-16,0.0,9.108,23.288,29.688,6.953
2010-11-17,0.0,8.116,23.331,28.663,8.909
2010-11-18,3.351,8.948,23.012,29.319,6.561
2010-11-19,0.794,9.151,22.863,29.456,4.295
2010-11-20,0.0,8.821,23.456,29.575,10.32
2010-11-21,0.0,9.172,24.144,30.531,4.473
2010-11-22,0.0,8.819,23.538,29.7,4.235
2010-11-23,0.0,8.715,23.7,29.694,3.016
2010-11-24,38.761,7.954,23.525,28.775,4.361
2010-11-25,0.0,10.248,23.056,30.975,2.704
2010-11-26,11.213,8.703,24.125,30.075,2.6
2010-11-27,21.117,8.6,23.644,29.606,2.704
2010-11-28,25.101,8.317,23.706,29.369,7.266
2010-11-29,6.812,8.43,23.962,29.706,11.52
2010-11-30,0.0,7.182,23.4,27.969,5.165
2010-12-01,33.266,7.51,23.9,28.744,22.09
2010-12-02,0.0,5.972,23.669,26.962,5.5
2010-12-03,0.0,6.656,22.744,26.863,19.69
2010-12-04,24.973,6.901,22.556,26.956,34.0
2010-12-05,0.0,8.262,23.744,29.419,23.14
2010-12-06,0.0,8.75,23.119,29.506,11.26
2010-12-07,4.029,6.099,24.044,27.419,7.5
2010-12-08,12.515,6.839,23.663,27.85,8.628
2010-12-09,17.189,8.174,23.369,29.075,12.86
2010-12-10,41.462,6.863,23.619,27.825,126.4
2010-12-11,59.51,7.738,24.031,29.106,39.09
2010-12-12,0.0,7.478,24.175,28.962,10.37
2010-12-13,74.416,3.974,24.5,26.031,73.06
2010-12-14,0.0,5.827,23.469,26.706,79.07
2010-12-15,71.162,5.408,22.756,25.663,331.4
2010-12-16,1.08,7.255,22.613,27.444,331.4
2010-12-17,1.983,8.608,23.7,29.837,111.1
2010-12-18,27.293,7.579,23.781,28.762,74.5
2010-12-19,2.28,6.902,22.925,27.319,284.9
2010-12-20,6.213,8.35,22.812,28.844,77.47
2010-12-21,0.0,8.702,22.469,28.975,63.68
2010-12-22,0.0,8.177,23.262,29.0,46.54
2010-12-23,0.0,8.361,23.519,29.413,34.8
2010-12-24,0.0,8.983,23.131,29.812,28.69
2010-12-25,0.88,8.614,23.738,29.856,28.1
2010-12-26,11.099,7.964,23.075,28.594,28.56
2010-12-27,26.306,6.738,23.637,27.744,89.25
2010-12-28,2.164,8.927,23.775,30.219,28.39
2010-12-29,1.256,9.75,23.738,31.163,23.48
2010-12-30,2.177,9.031,23.994,30.488,23.34
2010-12-31,0.0,8.935,23.95,30.337,16.61
2011-01-01,0.0,8.914,23.4,29.875,13.35
2011-01-02,0.0,10.16,23.0,31.019,11.61
2011-01-03,23.434,7.495,23.175,28.1,10.97
2011-01-04,0.0,7.429,22.75,27.688,16.83
2011-01-05,0.0,9.465,22.475,29.75,54.74
2011-01-06,0.0,9.771,23.012,30.506,14.06
2011-01-07,2.504,6.998,23.262,27.606,15.66
2011-01-08,0.756,7.735,23.681,28.719,12.26
2011-01-09,0.223,10.045,23.369,31.056,12.08
2011-01-10,36.144,8.333,24.012,29.6,11.24
2011-01-11,15.17,9.314,23.413,30.194,9.948
2011-01-12,0.0,8.293,24.431,29.869,8.909
2011-01-13,0.0,10.088,23.631,31.225,8.283
2011-01-14,0.0,9.644,24.119,31.075,8.361
2011-01-15,0.0,8.722,23.3,29.387,7.813
2011-01-16,15.37,9.154,23.625,30.106,7.266
2011-01-17,0.0,8.112,24.425,29.581,7.187
2011-01-18,0.867,9.72,23.725,30.781,9.855
2011-01-19,0.0,8.106,24.95,30.012,7.422
2011-01-20,0.0,10.049,23.375,30.831,7.031
2011-01-21,0.0,8.909,23.8,29.869,6.248
2011-01-22,0.0,8.78,23.894,29.788,7.422
2011-01-23,0.0,9.39,23.375,30.031,7.187
2011-01-24,0.0,9.929,23.712,30.881,6.215
2011-01-25,0.0,9.936,23.212,30.444,4.771
2011-01-26,0.0,9.148,24.087,30.244,4.592
2011-01-27,1.23,9.102,23.631,29.8,4.533
2011-01-28,0.0,9.703,23.325,30.206,4.116
2011-01-29,0.0,9.842,22.881,30.0,3.938
2011-01-30,0.0,10.164,23.119,30.494,4.473
2011-01-31,0.0,9.555,24.087,30.556,4.175
2011-02-01,0.0,10.789,23.744,31.619,3.7
2011-02-02,0.0,9.206,24.681,30.619,3.588
2011-02-03,0.0,9.962,24.625,31.337,3.536
2011-02-04,0.0,10.023,24.375,31.188,3.484
2011-02-05,0.0,9.125,23.869,29.825,3.38
2011-02-06,0.0,10.55,22.844,30.544,3.224
2011-02-07,0.0,9.445,23.925,30.137,3.12
2011-02-08,0.0,10.774,23.1,30.9,2.964
2011-02-09,0.0,11.111,23.006,31.169,2.756
2011-02-10,0.0,10.8,23.087,30.875,2.704
2011-02-11,0.0,10.566,22.825,30.4,2.6
2011-02-12,0.0,9.536,23.944,30.144,2.556
2011-02-13,0.0,10.649,23.594,31.019,2.426
2011-02-14,0.0,10.914,23.531,31.2,2.339
2011-02-15,1.217,9.031,23.95,29.55,2.339
2011-02-16,24.579,8.525,23.413,28.587,2.252
2011-02-17,8.759,9.623,23.506,29.756,3.068
2011-02-18,7.894,9.453,23.156,29.281,2.252
2011-02-19,0.0,9.804,23.431,29.85,3.276
2011-02-20,0.0,10.537,22.531,29.906,2.339
2011-02-21,0.0,10.766,23.35,30.731,2.078
2011-02-22,0.0,10.763,23.462,30.794,2.122
2011-02-23,0.0,10.104,23.744,30.288,2.295
2011-02-24,0.293,9.272,23.969,29.625,2.035
2011-02-25,0.0,11.209,23.844,31.462,2.122
2011-02-26,0.0,10.2,24.244,30.719,2.208
2011-02-27,0.686,10.448,23.894,30.663,2.035
2011-02-28,21.294,9.005,23.719,29.075,8.027
2011-03-01,10.483,9.55,23.181,29.163,15.03
2011-03-02,12.257,8.399,22.906,27.837,9.556
2011-03-03,0.0,8.382,22.2,27.2,6.059
2011-03-04,0.0,9.321,22.681,28.525,8.752
2011-03-05,0.0,10.342,22.35,29.244,11.61
2011-03-06,0.0,10.324,22.706,29.481,7.266
2011-03-07,0.0,10.688,23.144,30.169,5.381
2011-03-08,0.0,9.587,23.831,29.619,4.592
2011-03-09,1.908,10.256,23.6,30.044,4.354
2011-03-10,6.135,9.186,23.331,28.781,5.218
2011-03-11,0.153,8.742,22.925,28.012,3.509
2011-03-12,0.0,10.196,23.05,29.538,7.053
2011-03-13,0.0,11.544,21.675,29.869,4.651
2011-03-14,0.0,12.676,21.613,30.975,3.774
2011-03-15,0.0,11.226,23.038,30.494,3.12
2011-03-16,0.0,10.866,23.469,30.469,3.224
2011-03-17,0.0,10.339,23.625,30.056,3.016
2011-03-18,1.388,9.548,24.2,29.725,2.86
2011-03-19,0.234,10.26,24.413,30.575,2.556
2011-03-20,11.82,8.288,23.531,28.006,5.567
2011-03-21,4.354,7.983,23.131,27.413,3.328
2011-03-22,0.0,10.087,23.137,29.387,3.12
2011-03-23,0.0,10.67,22.419,29.363,9.649
2011-03-24,0.0,10.954,23.744,30.669,5.869
2011-03-25,2.103,10.085,24.006,30.019,4.473
2011-03-26,0.0,10.224,24.019,30.137,3.774
2011-03-27,0.0,11.56,24.456,31.775,2.86
2011-03-28,13.69,8.88,25.269,29.925,11.68
2011-03-29,7.816,9.274,24.425,29.556,6.249
2011-03-30,27.574,9.738,24.3,29.875,11.27
2011-04-01,9.024,10.682,24.856,31.219,7.344
2011-04-02,1.901,10.143,25.113,30.9,5.306
2011-04-03,1.967,9.982,24.663,30.375,3.224
2011-04-04,0.0,10.911,24.794,31.35,3.328
2011-04-05,9.464,9.598,24.744,30.106,2.86
2011-04-06,10.773,9.968,24.331,30.1,3.536
2011-04-07,14.123,10.697,24.1,30.6,4.191
2011-04-08,15.829,9.426,24.312,29.581,16.66
2011-04-09,22.122,10.327,23.788,30.0,11.01
2011-04-10,18.114,8.116,23.325,27.625,38.16
2011-04-11,7.926,8.785,23.85,28.613,20.44
2011-04-12,24.052,11.681,22.65,30.444,33.31
2011-04-13,5.068,10.065,23.238,29.3,12.26
2011-04-14,0.0,11.152,23.494,30.581,12.09
2011-04-15,0.0,10.086,24.081,29.994,12.71
2011-04-16,15.788,9.86,24.031,29.75,112.4
2011-04-17,5.4,11.448,23.769,31.106,30.43
2011-04-18,4.7,9.868,23.681,29.481,16.08
2011-04-19,1.171,9.669,24.106,29.644,22.36
2011-04-20,3.975,8.091,24.306,28.4,27.28
2011-04-21,0.27,10.433,23.375,29.812,7.892
2011-04-22,0.0,11.583,22.631,30.381,8.731
2011-04-23,0.448,11.13,22.913,30.163,7.657
2011-04-24,6.214,10.454,23.875,30.244,8.909
2011-04-25,9.327,10.719,24.35,30.863,6.271
2011-04-26,9.011,10.612,24.175,30.625,6.405
2011-04-27,5.715,11.103,24.569,31.413,13.46
2011-04-28,11.637,10.123,23.944,29.975,8.205
2011-04-29,0.0,11.755,24.019,31.637,5.299
2011-04-30,0.285,11.172,24.119,31.144,5.567
2011-05-01,0.25,11.07,24.081,31.012,36.55
2011-05-02,0.0,10.781,24.131,30.781,11.51
2011-05-03,10.105,8.433,25.075,29.394,6.405
2011-05-04,2.492,11.709,23.631,31.344,6.248
2011-05-05,1.5,9.73,24.931,30.438,5.188
2011-05-06,0.166,11.197,24.881,31.819,6.953
2011-05-07,13.24,10.751,24.869,31.369,4.986
2011-05-08,12.122,7.045,25.7,28.8,3.997
2011-05-09,9.997,9.374,24.819,30.087,6.248
2011-05-10,0.781,10.4,25.156,31.3,4.295
2011-05-11,25.471,8.597,25.212,29.7,4.83
2011-05-12,18.381,9.007,24.95,29.837,46.56
2011-05-13,27.674,5.581,24.325,26.512,96.88
2011-05-14,4.289,8.167,23.656,28.081,39.47
2011-05-15,0.179,10.207,23.625,29.931,14.59
2011-05-16,2.886,8.687,23.962,28.781,10.04
2011-05-17,0.398,10.55,23.856,30.469,8.205
2011-05-18,2.769,10.563,23.512,30.206,7.892
2011-05-19,0.0,10.745,23.613,30.488,10.69
2011-05-20,0.0,10.926,23.887,30.894,6.349
2011-05-21,0.207,10.428,23.837,30.394,13.27
2011-05-22,12.109,9.543,23.531,29.294,7.187
2011-05-23,0.699,9.858,23.469,29.556,6.74
2011-05-24,0.0,11.15,23.406,30.794,8.866
2011-05-25,0.0,8.739,24.738,29.525,7.187
2011-05-26,2.705,10.833,24.387,31.256,5.5
2011-05-27,17.495,10.882,23.825,30.875,4.592
2011-05-28,15.25,6.118,24.806,27.381,10.86
2011-05-29,16.594,11.462,23.562,31.262,75.87
2011-05-30,21.728,11.063,24.319,31.456,23.51
2011-05-31,18.871,7.316,25.094,28.631,13.53
2011-06-01,2.897,8.063,24.344,28.631,17.73
2011-06-02,1.542,7.759,24.938,28.856,11.15
2011-06-03,5.219,8.883,24.144,29.219,7.578
2011-06-04,1.755,9.709,25.444,31.044,5.768
2011-06-05,9.258,9.914,24.906,30.819,8.66
2011-06-06,8.78,10.484,24.85,31.331,5.366
2011-06-07,12.866,9.101,24.969,30.1,5.165
2011-06-08,0.0,8.75,25.206,29.981,4.175
2011-06-09,0.0,10.479,25.312,31.7,3.7
2011-06-10,2.012,10.312,25.344,31.575,3.432
2011-06-11,12.326,9.231,24.975,30.244,12.79
2011-06-12,0.623,9.838,26.325,31.938,7.735
2011-06-13,2.11,10.211,24.644,30.931,5.433
2011-06-14,11.749,8.931,25.2,30.163,14.06
2011-06-15,7.327,9.979,24.856,30.881,10.23
2011-06-16,12.765,9.201,24.481,29.863,6.729
2011-06-17,6.249,10.588,24.163,30.944,5.232
2011-06-18,3.526,9.14,24.519,29.806,7.109
2011-06-19,11.516,7.594,24.725,28.594,27.0
2011-06-20,2.024,10.086,24.038,30.344,8.048
2011-06-21,0.0,11.326,23.731,31.387,5.433
2011-06-22,5.463,8.491,24.706,29.375,6.282
2011-06-23,6.141,8.738,24.831,29.7,6.405
2011-06-24,19.905,7.157,24.194,27.788,4.235
2011-06-25,18.23,6.245,23.419,26.325,40.8
2011-06-26,4.986,10.491,23.394,30.256,51.94
2011-06-27,2.935,9.106,24.15,29.481,21.07
2011-06-28,0.0,10.916,24.75,31.75,9.144
2011-06-29,5.645,9.104,25.231,30.387,7.892
2011-06-30,8.361,9.449,24.544,30.15,4.645
2011-07-01,13.858,10.539,23.462,30.337,15.0
2011-07-02,0.0,8.961,24.294,29.45,14.0
2011-07-03,11.413,9.457,24.181,29.825,10.41
2011-07-04,19.282,7.884,24.431,28.569,10.13
2011-07-05,2.116,9.452,23.944,29.637,7.031
2011-07-06,11.687,8.479,24.663,29.294,5.567
2011-07-07,0.819,10.095,24.262,30.519,5.232
2011-07-08,0.098,10.397,24.887,31.35,4.592
2011-07-09,9.968,9.372,24.706,30.163,5.925
2011-07-10,12.56,7.857,24.587,28.694,5.768
2011-07-11,1.001,9.632,25.062,30.738,5.098
2011-07-12,8.513,7.131,24.431,27.925,4.354
2011-07-13,5.713,9.444,23.069,28.913,5.97
2011-07-14,2.091,8.345,24.094,28.675,3.655
2011-07-15,0.0,9.536,23.469,29.294,2.964
2011-07-16,2.096,10.723,23.331,30.387,2.964
2011-07-17,11.436,9.084,23.887,29.194,5.376
2011-07-18,0.0,10.092,24.081,30.306,7.132
2011-07-19,5.098,10.752,23.956,30.887,5.165
2011-07-20,0.101,11.183,24.819,31.95,13.51
2011-07-21,17.708,10.774,24.456,31.244,4.659
2011-07-22,4.614,10.615,25.081,31.594,3.997
2011-07-23,19.521,10.396,25.106,31.381,26.14
2011-07-24,23.681,10.55,24.356,30.931,302.4
2011-07-25,0.0,10.247,25.144,31.256,143.0
2011-07-26,10.937,8.843,25.075,29.9,32.17
2011-07-27,2.445,6.925,25.125,28.281,15.76
2011-07-28,7.906,7.837,23.944,28.044,37.1
2011-07-29,2.766,8.434,23.163,27.95,20.53
2011-07-30,7.248,7.071,23.8,27.238,12.29
2011-07-31,0.0,11.229,22.363,30.056,9.3
2011-08-01,0.0,10.688,23.419,30.288,12.53
2011-08-02,0.0,10.988,24.262,31.244,7.266
2011-08-03,15.496,8.89,24.756,29.65,6.483
2011-08-04,1.634,11.405,23.669,31.188,8.517
2011-08-05,4.201,10.521,24.456,30.925,6.326
2011-08-06,1.15,9.914,24.712,30.531,5.5
2011-08-07,14.586,10.668,24.219,30.844,6.394
2011-08-08,0.0,11.317,24.4,31.625,7.378
2011-08-09,16.811,8.879,24.913,29.712,41.46
2011-08-10,10.431,9.601,24.594,30.113,13.6
2011-08-11,11.976,8.601,24.656,29.244,11.15
2011-08-12,15.612,6.779,24.438,27.5,10.09
2011-08-13,1.15,11.149,23.788,30.962,6.338
2011-08-14,8.516,10.055,24.137,30.169,6.752
2011-08-15,16.807,10.244,23.956,30.188,15.12
2011-08-16,10.273,8.353,24.194,28.619,36.28
2011-08-17,0.0,10.926,23.637,30.606,27.1
2011-08-18,1.343,11.146,24.206,31.25,12.39
2011-08-19,14.588,9.657,23.706,29.419,21.25
2011-08-20,0.542,10.025,24.169,30.163,14.2
2011-08-21,3.104,10.154,23.906,30.031,9.065
2011-08-22,2.506,9.896,24.188,30.019,8.205
2011-08-23,7.211,10.45,24.706,30.975,7.187
2011-08-24,26.095,9.919,24.613,30.375,14.91
2011-08-25,0.0,9.765,24.531,30.169,8.048
2011-09-01,11.476,9.677,24.975,30.444,79.07
2011-09-02,7.606,8.669,23.95,28.7,13.71
2011-09-03,2.083,9.305,23.994,29.3,12.21
2011-09-04,0.0,9.729,23.712,29.481,10.69
2011-09-05,0.0,11.157,24.15,31.212,8.517
2011-09-06,0.0,11.28,24.3,31.444,6.953
2011-09-07,9.615,9.942,24.5,30.325,77.14
2011-09-08,16.455,7.972,23.981,28.094,16.83
2011-09-09,5.599,10.062,23.962,30.006,10.23
2011-09-10,2.322,9.858,24.675,30.394,8.205
2011-09-11,16.182,10.394,23.656,30.125,6.796
2011-09-12,11.589,8.955,24.869,29.731,13.92
2011-09-13,6.678,10.016,24.7,30.619,10.5
2011-09-14,4.503,10.404,24.812,31.069,25.33
2011-09-15,30.211,10.267,24.05,30.312,197.1
2011-09-16,6.351,7.061,24.2,27.538,44.42
2011-09-17,0.0,9.485,24.119,29.631,16.93
2011-09-18,13.957,8.436,23.887,28.5,100.5
2011-09-19,5.127,10.565,23.825,30.462,104.9
2011-09-20,6.342,7.004,23.887,27.25,45.99
2011-09-21,0.0,11.71,23.525,31.419,14.06
2011-09-22,0.451,10.172,24.413,30.587,10.23
2011-09-23,21.542,10.041,24.806,30.781,9.222
2011-09-24,7.901,9.071,25.325,30.3,9.222
2011-09-25,7.181,8.488,24.55,29.169,13.0
2011-09-26,9.815,8.744,24.394,29.269,64.01
2011-09-27,0.078,10.676,24.069,30.869,42.82
2011-09-28,0.147,9.895,25.788,31.5,17.06
2011-09-29,9.417,9.161,24.45,29.725,12.43
2011-09-30,0.971,10.426,24.562,31.05,16.93
2011-10-01,4.995,10.498,24.681,31.225,10.23
2011-10-02,0.299,9.855,24.644,30.587,14.59
2011-10-03,5.096,9.612,24.644,30.4,22.92
2011-10-04,15.434,6.884,24.581,27.85,9.763
2011-10-05,0.0,9.842,23.381,29.637,11.29
2011-10-06,3.18,10.019,24.444,30.65,14.48
2011-10-07,7.079,10.017,24.756,30.913,38.1
2011-10-08,7.07,9.344,24.544,30.125,18.45
2011-10-09,2.684,7.295,24.3,28.056,11.98
2011-10-10,0.0,8.908,24.375,29.6,11.47
2011-10-11,9.128,9.493,24.637,30.375,8.987
2011-10-12,5.052,9.07,24.931,30.238,22.08
2011-10-13,1.365,8.343,23.906,28.731,24.94
2011-10-14,1.933,8.463,24.231,29.125,10.23
2011-10-15,0.455,7.971,24.238,28.7,7.97
2011-10-16,0.934,7.446,23.725,27.775,6.17
2011-10-17,0.354,8.179,23.906,28.644,5.634
2011-10-18,0.374,8.854,21.519,27.363,4.771
2011-10-19,0.0,10.076,23.65,30.331,4.473
2011-10-20,0.0,10.058,23.256,30.056,4.473
2011-10-21,0.0,9.609,23.312,29.637,4.473
2011-10-22,0.0,9.788,24.113,30.469,4.175
2011-10-23,0.0,10.108,23.819,30.6,3.432
2011-10-24,0.0,9.489,23.494,29.75,2.808
2011-10-25,1.601,9.076,23.775,29.562,3.896
2011-10-26,0.0,8.996,24.231,29.863,5.165
2011-10-27,0.559,9.768,24.188,30.644,4.436
2011-10-28,8.259,8.321,24.831,29.725,4.354
2011-10-29,9.708,7.086,24.156,28.038,6.47
2011-10-30,13.571,6.116,23.55,26.637,5.232
2011-10-31,7.252,9.052,23.019,29.075,7.4
2011-11-01,0.0,10.452,23.356,30.85,13.64
2011-11-02,0.0,9.094,24.688,30.506,9.3
2011-11-03,6.297,8.417,24.756,29.869,9.144
2011-11-04,7.435,7.992,24.844,29.556,7.177
2011-11-05,2.211,8.217,23.831,28.956,4.295
2011-11-06,1.573,9.358,24.45,30.681,4.651
2011-11-07,6.612,8.085,24.656,29.519,8.987
2011-11-08,15.857,7.856,24.262,28.994,7.031
2011-11-09,0.275,8.665,24.025,29.688,4.964
2011-11-10,0.0,7.95,23.731,28.675,3.484
2011-11-11,8.445,8.428,24.244,29.619,3.38
2011-11-12,1.981,6.767,24.181,27.944,9.144
2011-11-13,1.916,9.176,23.256,29.663,6.808
2011-11-14,17.501,9.462,23.288,30.031,4.294
2011-11-15,1.603,10.073,23.262,30.725,5.688
2011-11-16,15.043,9.305,24.05,30.5,5.456
2011-11-17,1.686,6.156,24.025,27.288,8.752
2011-11-18,0.0,6.535,23.425,27.163,5.656
2011-11-19,3.945,7.165,23.275,27.656,3.655
2011-11-20,0.191,10.371,22.512,30.619,5.95
2011-11-21,2.486,9.38,23.294,30.1,7.97
2011-11-22,0.0,10.104,23.325,30.969,6.193
2011-11-23,0.0,9.462,23.587,30.444,4.8
2011-11-24,25.717,7.847,23.85,28.931,6.47
2011-11-25,0.0,8.207,24.081,29.494,9.222
2011-11-26,3.152,8.605,24.094,29.938,8.048
2011-11-27,20.963,8.116,23.631,29.069,37.53
2011-11-28,3.484,4.921,23.794,26.094,15.07
2011-11-29,0.0,6.514,23.506,27.331,6.159
2011-11-30,30.948,5.015,23.844,26.225,48.9
2011-12-01,0.0,6.147,23.644,27.069,34.02
2011-12-02,3.869,7.816,23.856,29.006,82.06
2011-12-03,34.222,8.056,24.4,29.694,85.43
2011-12-04,0.0,8.631,23.531,29.637,18.57
2011-12-05,17.845,7.704,24.163,29.137,57.94
2011-12-06,48.193,6.669,23.919,27.856,45.73
2011-12-07,16.772,5.273,23.931,26.594,57.6
2011-12-08,0.0,6.81,23.25,27.462,92.54
2011-12-09,0.0,8.541,23.619,29.644,24.24
2011-12-10,5.296,8.081,23.619,29.156,13.77
2011-12-11,11.308,7.963,23.975,29.3,16.08
2011-12-12,4.267,7.677,23.781,28.85,8.674
2011-12-13,0.0,9.241,23.369,30.262,7.657
2011-12-14,0.156,8.734,23.844,30.075,26.14
2011-12-15,6.507,8.261,23.5,29.262,8.048
2011-12-16,2.247,6.533,24.087,27.913,6.326
2011-12-17,0.0,7.737,23.288,28.519,5.366
2011-12-18,3.947,8.451,23.238,29.288,5.232
2011-12-19,20.951,7.511,23.594,28.556,10.37
2011-12-20,0.0,8.277,23.525,29.3,5.433
2011-12-21,0.0,8.265,24.3,29.925,5.165
2011-12-22,0.0,8.724,24.25,30.4,3.239
2011-12-23,0.853,8.956,24.656,30.962,3.18
2011-12-24,19.35,7.24,24.163,28.694,4.964
2011-12-25,0.137,8.597,24.619,30.525,4.592
2011-12-26,0.0,9.058,24.012,30.575,4.473
2011-12-27,3.874,7.902,23.875,29.169,4.116
2011-12-28,0.0,7.581,24.113,29.031,3.239
2011-12-29,2.033,7.816,24.681,29.706,3.536
2011-12-30,0.0,8.967,24.144,30.538,3.878
2011-12-31,0.0,8.49,24.575,30.363,3.938
2012-01-01,0.0,9.861,24.038,31.481,3.7
2012-01-02,0.0,8.621,24.587,30.481,3.484
2012-01-03,32.607,7.29,23.781,28.394,3.016
2012-01-04,0.0,7.644,23.394,28.431,3.432
2012-01-05,0.0,7.227,23.025,27.656,3.759
2012-01-06,0.0,9.54,23.194,30.369,5.299
2012-01-07,2.17,8.51,23.531,29.456,4.905
2012-01-08,2.371,9.389,23.869,30.706,3.938
2012-01-09,0.0,8.756,23.4,29.6,3.484
2012-01-10,0.0,8.946,23.925,30.231,3.224
2012-01-11,0.0,9.455,23.512,30.45,3.432
2012-01-12,0.651,8.657,24.169,30.062,3.224
2012-01-13,0.075,7.721,24.762,29.525,2.964
2012-01-14,0.7,8.108,24.85,30.006,2.86
2012-01-15,6.808,9.067,24.738,30.894,2.652
2012-01-16,2.184,8.695,24.481,30.294,2.6
2012-01-17,0.193,9.605,23.669,30.619,2.513
2012-01-18,0.0,9.489,23.637,30.431,2.513
2012-01-19,0.0,9.097,23.031,29.519,2.513
2012-01-20,0.0,9.649,23.319,30.35,2.609
2012-01-21,0.0,10.589,22.95,31.106,3.484
2012-01-22,0.0,9.325,23.062,29.725,2.382
2012-01-23,0.0,9.529,23.475,30.256,2.208
2012-01-24,0.31,9.325,23.512,30.025,2.165
2012-01-25,0.0,10.567,22.881,30.894,2.035
2012-01-26,0.0,9.179,23.481,29.8,1.991
2012-01-27,6.511,8.56,23.587,29.194,2.078
2012-01-28,0.0,8.905,23.9,29.8,2.078
2012-01-29,0.0,8.053,24.244,29.181,2.078
2012-01-30,0.0,8.915,23.637,29.544,2.078
2012-01-31,0.0,8.824,24.056,29.75,1.991
2012-02-01,0.0,10.328,23.688,31.087,1.947
2012-02-02,0.0,8.622,23.925,29.406,1.904
2012-02-03,0.396,9.37,23.637,29.931,1.904
2012-02-04,0.0,9.399,23.894,30.137,1.904
2012-02-05,5.637,9.72,24.075,30.594,1.904
2012-02-06,15.541,8.776,24.194,29.694,1.991
2012-02-07,0.0,8.849,24.425,29.938,1.947
2012-02-08,0.563,8.366,23.725,28.85,1.904
2012-02-09,15.624,8.383,24.05,29.113,1.991
2012-02-10,0.0,8.373,24.062,29.113,4.518
2012-02-11,0.0,9.026,23.85,29.556,3.536
2012-02-12,0.0,8.727,23.475,28.95,3.38
2012-02-13,0.0,9.424,23.681,29.8,2.078
2012-02-14,0.0,9.223,23.3,29.256,1.947
2012-02-15,0.0,9.911,23.212,29.894,1.817
2012-02-16,0.0,10.168,22.625,29.681,1.73
2012-02-17,0.0,10.487,22.669,30.025,1.694
2012-02-18,0.0,10.029,23.194,29.913,1.624
2012-02-19,0.0,10.954,22.6,30.406,1.588
2012-02-20,0.0,9.789,22.95,29.438,1.553
2012-02-21,0.0,9.601,23.375,29.556,1.481
2012-02-22,0.0,10.559,23.538,30.65,1.446
2012-02-23,0.0,10.455,23.738,30.65,1.375
2012-02-24,0.0,10.905,24.175,31.419,1.304
2012-02-25,0.235,10.285,24.306,30.869,1.269
2012-02-26,0.59,10.111,24.119,30.519,1.233
2012-02-27,0.0,11.566,23.819,31.762,1.197
2012-02-28,4.034,9.396,24.644,30.2,1.162
2012-02-29,1.656,11.004,23.881,31.175,1.126
2012-03-01,0.0,10.234,24.531,30.9,1.091
2012-03-02,0.0,11.524,24.481,32.131,1.233
2012-03-03,0.0,10.863,24.631,31.55,1.233
2012-03-04,7.673,9.346,24.925,30.312,1.162
2012-03-05,1.502,8.366,24.856,29.319,1.162
2012-03-06,9.701,10.151,24.087,30.356,1.162
2012-03-07,0.0,11.583,24.375,32.006,1.233
2012-03-08,0.0,11.941,24.531,32.45,1.233
2012-03-09,0.0,10.67,24.919,31.475,1.162
2012-03-10,0.0,10.11,24.525,30.613,1.162
2012-03-11,0.0,11.329,24.431,31.725,1.162
2012-03-12,0.0,11.598,25.269,32.606,1.091
2012-03-13,0.0,11.228,24.975,32.0,1.02
2012-03-14,0.0,10.385,25.144,31.3,1.02
2012-03-15,0.0,10.363,24.994,31.156,1.02
2012-03-16,6.423,9.337,25.369,30.5,1.02
2012-03-17,20.862,10.388,24.319,30.606,1.02
2012-03-18,1.177,10.584,23.9,30.475,1.497
2012-03-19,11.807,9.464,24.025,29.481,6.036
2012-03-20,1.668,10.004,23.544,29.587,5.046
2012-03-21,1.747,9.888,23.587,29.506,37.53
2012-03-22,0.0,11.061,23.562,30.613,7.266
2012-03-23,0.0,10.717,23.856,30.5,4.912
2012-03-24,0.0,10.801,23.481,30.281,2.808
2012-03-25,0.893,11.364,23.288,30.675,2.339
2012-03-26,0.0,9.776,23.581,29.344,2.035
2012-03-27,0.0,11.216,24.05,31.113,1.904
2012-03-28,0.0,12.029,23.494,31.481,2.772
2012-03-29,2.493,10.48,24.594,30.806,3.016
2012-03-30,6.268,10.317,24.681,30.706,2.321
2012-03-31,0.0,10.063,25.15,30.863,2.295
2012-04-01,1.198,9.899,25.075,30.631,1.86
2012-04-02,2.921,11.033,24.512,31.256,1.588
2012-04-03,17.08,8.209,25.137,29.225,2.912
2012-04-04,0.23,11.316,24.581,31.569,3.997
2012-04-05,23.702,7.423,24.894,28.325,14.95
2012-04-06,1.074,9.811,24.025,29.719,3.328
2012-04-07,26.713,10.012,23.738,29.688,6.158
2012-04-08,27.613,8.839,23.956,28.756,30.06
2012-04-09,0.797,10.344,23.656,29.906,13.35
2012-04-10,0.0,10.757,23.781,30.413,12.43
2012-04-11,0.0,10.915,23.431,30.281,11.52
2012-04-12,0.0,10.369,23.894,30.119,16.19
2012-04-13,1.46,10.679,24.1,30.594,6.036
2012-04-14,14.76,10.526,23.944,30.312,7.97
2012-04-15,0.0,12.077,24.319,32.106,6.014
2012-04-16,3.504,11.765,24.506,31.931,8.83
2012-04-17,17.804,10.068,23.913,29.875,16.97
2012-04-18,3.029,13.181,23.837,32.85,12.54
2012-04-19,19.763,10.258,24.312,30.344,10.04
2012-04-20,13.091,11.376,24.419,31.506,28.92
2012-04-21,8.284,12.678,23.962,32.469,15.66
2012-04-22,7.519,10.235,24.9,30.837,37.66
2012-04-23,10.088,11.426,24.131,31.363,12.91
2012-04-24,12.67,8.172,24.006,28.262,41.55
2012-04-25,2.891,9.396,24.363,29.637,11.89
2012-04-26,6.858,9.393,25.15,30.275,30.02
2012-04-27,13.762,8.497,25.125,29.462,21.49
2012-04-28,17.407,9.195,24.613,29.706,10.97
2012-04-29,5.637,9.377,24.769,29.956,7.735
2012-04-30,5.045,10.479,24.806,31.019,6.561
2012-05-01,27.312,9.446,24.081,29.469,4.905
2012-05-02,8.195,7.819,24.2,28.125,44.03
2012-05-03,7.258,11.488,24.094,31.456,77.01
2012-05-04,31.499,6.558,24.981,27.788,77.18
2012-05-05,2.486,9.907,24.381,30.181,129.8
2012-05-06,20.262,9.507,23.938,29.456,39.81
2012-05-09,5.937,8.681,24.244,28.956,37.34
2012-05-10,14.33,11.609,24.2,31.725,46.54
2012-05-11,16.296,10.011,24.131,30.113,51.07
2012-05-12,7.179,9.468,24.744,30.125,34.96
2012-05-13,9.508,11.532,23.938,31.481,49.73
2012-05-14,20.006,9.169,24.594,29.719,19.91
2012-05-15,0.0,10.907,24.081,30.981,13.66
2012-05-16,0.858,10.503,25.175,31.462,11.34
2012-05-17,3.678,10.728,25.306,31.775,11.43
2012-05-18,8.704,9.118,24.956,29.994,39.56
2012-05-19,11.323,9.109,24.344,29.512,52.5
2012-05-20,2.11,6.763,24.944,27.994,10.04
2012-05-21,2.205,11.666,23.719,31.519,9.144
2012-05-22,2.025,10.794,23.906,30.8,8.048
2012-05-23,5.071,10.842,24.675,31.45,7.266
2012-05-24,1.065,10.238,25.294,31.356,6.036
2012-05-25,8.349,8.381,24.887,29.312,5.232
2012-05-26,0.602,10.656,24.569,31.212,4.83
2012-05-27,9.521,11.326,24.556,31.881,3.707
2012-05-28,30.298,10.63,24.306,30.994,4.072
2012-05-29,17.742,9.374,25.944,31.125,8.517
2012-05-30,13.613,6.59,25.512,28.381,6.483
2012-05-31,1.83,10.525,24.756,31.269,6.718
2012-06-01,18.505,8.769,25.256,30.012,46.55
2012-06-02,0.0,8.617,25.312,29.95,39.93
2012-06-03,14.017,10.693,24.238,31.056,85.45
2012-06-04,0.0,9.762,24.894,30.675,44.73
2012-06-05,3.447,10.58,25.062,31.594,21.25
2012-06-06,0.0,10.485,24.938,31.413,10.23
2012-06-07,1.234,10.41,25.363,31.688,7.031
2012-06-08,16.848,9.133,24.637,29.863,6.561
2012-06-09,11.376,9.664,24.75,30.494,12.37
2012-06-10,2.492,10.18,24.594,30.869,9.03
2012-06-11,18.127,9.347,25.275,30.613,88.6
2012-06-12,12.64,7.973,24.519,28.725,14.44
2012-06-13,13.435,7.831,24.163,28.3,10.23
2012-06-14,6.651,9.213,24.344,29.731,17.18
2012-06-15,4.521,10.331,23.538,30.219,19.29
2012-06-16,16.921,7.62,24.244,28.175,28.6
2012-06-17,3.442,9.924,24.406,30.488,12.38
2012-06-18,1.555,9.396,25.062,30.5,7.813
2012-06-19,0.474,9.885,25.244,31.131,6.483
2012-06-20,0.566,9.843,25.163,31.006,5.675
2012-06-21,12.668,7.723,24.25,28.288,8.937
2012-06-22,1.576,11.191,24.225,31.606,10.32
2012-06-23,0.0,10.523,24.825,31.406,7.813
2012-06-24,12.883,8.109,24.837,29.119,9.635
2012-06-25,0.078,10.493,24.156,30.844,9.763
2012-06-26,12.907,5.977,24.95,27.456,8.83
2012-06-27,2.945,9.74,23.731,29.762,6.338
2012-06-28,2.462,9.151,24.994,30.238,4.748
2012-06-29,2.355,7.932,24.613,28.794,3.276
2012-06-30,0.285,7.906,24.469,28.681,2.669
2012-07-01,9.153,11.06,23.031,30.556,3.997
2012-07-02,0.0,11.094,24.725,31.906,4.413
2012-07-03,24.222,8.281,24.181,28.725,4.116
2012-07-04,4.565,10.084,24.15,30.425,9.748
2012-07-05,9.046,8.932,24.006,29.188,7.97
2012-07-06,10.581,8.516,23.875,28.706,11.68
2012-07-07,2.467,9.402,24.225,29.819,10.69
2012-07-08,7.959,10.864,24.244,31.25,12.74
2012-07-09,1.624,9.43,24.844,30.319,7.109
2012-07-10,6.383,9.813,24.244,30.2,19.9
2012-07-11,9.377,7.884,24.512,28.625,9.144
2012-07-12,2.05,10.629,23.788,30.637,6.226
2012-07-13,5.209,8.857,24.156,29.212,5.098
2012-07-14,11.998,11.364,23.594,31.238,7.892
2012-07-15,0.0,10.197,24.231,30.55,11.34
2012-07-16,6.648,10.371,24.856,31.212,9.144
2012-07-17,10.224,9.712,24.5,30.269,10.2
2012-07-18,21.043,8.377,25.056,29.494,8.674
2012-07-19,1.393,7.872,25.019,29.087,6.405
2012-07-20,11.737,8.942,24.681,29.688,91.88
2012-07-21,1.948,9.92,24.281,30.275,18.01
2012-07-22,0.0,11.16,24.419,31.625,10.13
2012-07-23,4.925,10.592,24.175,30.831,7.5
2012-07-24,19.93,8.92,24.212,29.262,26.55
2012-07-25,4.053,10.638,24.331,31.0,11.8
2012-07-26,0.0,10.673,24.975,31.519,10.78
2012-07-27,8.827,10.443,25.169,31.481,7.97
2012-07-28,9.603,9.091,24.406,29.562,44.7
2012-07-29,10.488,9.487,24.275,29.812,24.07
2012-07-30,9.318,6.62,23.85,26.894,9.763
2012-07-31,1.585,11.281,23.488,30.95,7.422
2012-08-01,0.291,11.172,24.587,31.706,8.205
2012-08-02,18.354,9.513,24.075,29.65,7.5
2012-08-03,0.0,8.781,24.806,29.556,6.908
2012-08-04,5.646,8.82,25.119,29.85,7.266
2012-08-05,13.896,7.864,24.906,28.831,26.66
2012-08-06,13.96,10.137,24.387,30.475,7.813
2012-08-07,0.0,10.381,24.444,30.738,6.17
2012-08-08,3.416,8.852,24.45,29.319,5.969
2012-08-09,15.604,10.255,23.944,30.225,4.964
2012-08-10,12.537,10.29,24.587,30.775,35.17
2012-08-11,19.859,7.109,24.706,28.012,27.52
2012-08-12,0.953,10.538,24.156,30.644,19.62
2012-08-13,13.11,8.193,24.006,28.344,14.7
2012-08-14,8.83,9.505,23.731,29.306,16.29
2012-08-15,2.557,11.053,23.762,30.837,31.9
2012-08-16,0.325,9.446,24.169,29.6,11.58
2012-08-17,6.339,9.061,24.631,29.606,10.23
2012-08-18,15.621,10.018,23.769,29.812,19.17
2012-08-19,4.525,8.144,24.512,28.731,21.96
2012-08-20,12.789,10.405,23.706,30.144,17.04
2012-08-21,11.424,9.51,24.337,29.769,12.88
2012-08-22,1.591,10.008,24.363,30.256,9.485
2012-08-23,7.879,10.147,24.031,30.125,26.66
2012-08-24,4.993,10.13,24.081,30.156,13.23
2012-08-25,6.491,10.15,23.8,29.944,30.48
2012-08-26,5.389,7.693,24.731,28.488,12.39
2012-08-27,1.901,8.394,24.769,29.137,8.987
2012-08-28,0.0,9.946,24.319,30.181,8.752
2012-08-29,4.198,11.239,24.131,31.262,8.703
2012-08-30,13.852,8.91,24.331,29.225,17.52
2012-08-31,11.123,7.712,24.781,28.55,11.15
2012-09-01,6.947,11.41,23.512,30.956,8.283
2012-09-02,0.0,10.783,24.181,30.856,7.735
2012-09-03,13.249,10.055,24.131,30.119,6.953
2012-09-04,5.061,8.463,24.531,28.988,7.467
2012-09-05,12.124,8.903,23.856,28.825,8.048
2012-09-06,2.69,12.056,23.9,31.925,13.07
2012-09-07,4.116,8.902,25.125,29.944,17.39
2012-09-08,9.474,8.237,24.725,28.95,14.49
2012-09-09,0.31,10.788,24.619,31.244,8.361
2012-09-10,10.44,10.319,24.581,30.75,6.953
2012-09-11,0.43,9.387,25.019,30.25,9.3
2012-09-12,12.831,9.803,25.0,30.613,7.422
2012-09-13,14.985,7.0,24.506,27.769,7.031
2012-09-14,5.305,10.693,24.288,30.925,15.04
2012-09-15,0.799,11.593,24.225,31.756,7.813
2012-09-16,7.765,11.21,23.788,31.05,7.344
2012-09-17,9.101,8.786,24.725,29.494,5.969
2012-09-18,7.804,10.576,23.775,30.438,5.5
2012-09-19,3.174,10.167,24.038,30.256,5.5
2012-09-20,0.617,10.362,24.55,30.856,4.473
2012-09-21,21.769,9.854,24.675,30.475,10.03
2012-09-22,6.049,10.551,23.988,30.625,9.3
2012-09-23,1.209,9.299,24.363,29.719,6.036
2012-09-24,4.392,8.131,24.031,28.375,22.4
2012-09-25,0.0,9.349,24.181,29.656,23.58
2012-09-26,0.0,9.892,23.837,29.913,10.69
2012-09-27,2.795,9.51,24.044,29.731,13.69
2012-09-28,10.573,9.88,24.475,30.438,26.79
2012-09-29,14.597,9.608,24.681,30.356,84.42
2012-09-30,1.467,9.2,24.913,30.188,32.4
2012-10-01,4.614,9.635,24.712,30.444,9.065
2012-10-02,0.673,10.221,25.094,31.306,8.048
2012-10-03,2.524,9.998,24.212,30.419,11.47
2012-10-04,8.94,9.027,24.8,29.969,13.07
2012-10-05,0.0,9.832,24.706,30.669,7.065
2012-10-06,3.918,10.054,23.837,30.231,4.175
2012-10-07,4.662,9.363,23.894,29.625,4.235
2012-10-08,10.855,8.301,24.163,28.844,7.735
2012-10-09,3.321,9.912,23.775,30.1,8.38
2012-10-10,4.75,8.701,24.038,29.119,7.735
2012-10-11,0.0,10.644,24.2,31.212,6.483
2012-10-12,11.314,9.994,24.606,30.881,4.8
2012-10-13,0.0,10.165,24.594,31.069,8.361
2012-10-14,23.921,9.783,23.931,30.181,17.77
2012-10-15,21.014,9.164,24.238,29.825,7.199
2012-10-16,3.831,7.593,24.794,28.825,7.344
2012-10-17,4.728,8.281,24.494,29.25,5.373
2012-10-18,3.866,5.623,23.938,26.431,8.517
2012-10-19,1.015,11.07,23.244,31.106,5.098
2012-10-20,3.481,10.14,24.144,30.844,7.5
2012-10-21,6.314,10.234,23.694,30.625,10.69
2012-10-22,2.627,9.883,23.806,30.375,15.66
2012-10-23,1.176,7.325,24.719,28.613,13.06
2012-10-24,0.0,7.983,24.837,29.344,6.383
2012-10-25,0.573,9.807,24.119,30.587,5.634
2012-10-26,0.81,9.713,24.719,30.988,4.86
2012-10-27,0.937,9.441,24.663,30.731,6.472
2012-10-28,7.995,8.982,25.0,30.562,8.909
2012-10-29,32.125,7.696,24.044,28.488,42.02
2012-10-30,28.966,7.17,24.262,28.194,200.0
2012-10-31,12.524,8.075,24.144,29.019,132.9
2012-11-01,0.0,9.758,23.231,30.031,30.73
2012-11-02,14.597,9.476,24.081,30.413,25.11
2012-11-03,2.159,8.961,25.212,30.8,14.27
2012-11-04,0.0,9.467,24.25,30.581,10.69
2012-11-05,0.774,8.836,24.894,30.456,18.34
2012-11-06,13.085,8.37,24.069,29.356,22.95
2012-11-07,6.082,8.908,24.219,30.031,11.15
2012-11-08,0.418,9.898,23.931,30.887,8.126
2012-11-09,2.745,9.482,25.156,31.431,7.109
2012-11-10,6.943,9.595,24.244,30.844,6.126
2012-11-11,8.151,8.398,24.981,30.2,3.938
2012-11-12,23.009,7.632,24.044,28.688,8.361
2012-11-13,6.172,8.537,24.581,30.056,6.874
2012-11-14,1.061,8.351,23.875,29.3,7.031
2012-11-15,23.628,7.834,24.312,29.144,9.144
2012-11-16,12.774,9.392,23.788,30.413,8.126
2012-11-17,0.242,8.85,23.85,29.913,6.64
2012-11-18,37.141,8.028,24.056,29.188,83.89
2012-11-19,10.551,9.289,23.363,30.019,25.7
2012-11-20,0.0,8.945,24.656,30.681,9.3
2012-11-21,32.748,6.727,24.594,28.413,14.32
2012-11-22,2.663,6.18,24.106,27.469,5.969
2012-11-23,0.516,8.578,24.031,29.837,5.433
2012-11-24,0.17,8.183,24.812,30.081,5.299
2012-11-25,0.298,8.805,25.119,30.981,7.132
2012-11-26,1.743,8.941,24.244,30.444,6.874
2012-11-27,4.262,8.925,24.594,30.719,5.891
2012-11-28,0.184,9.815,24.944,32.013,4.533
2012-11-29,0.0,7.603,24.856,29.556,3.819
2012-11-30,0.0,7.444,24.488,29.106,3.276
2012-12-01,0.0,8.019,24.6,29.788,5.433
2012-12-02,7.284,8.304,24.3,29.875,6.405
2012-12-03,0.0,8.308,23.7,29.406,5.701
2012-12-04,0.0,9.6,23.575,30.8,11.36
2012-12-05,0.0,8.688,23.525,29.719,6.036
2012-12-06,0.245,9.566,23.506,30.719,5.5
2012-12-07,0.0,8.752,24.006,30.188,5.232
2012-12-08,0.648,8.612,24.15,30.175,4.711
2012-12-09,0.0,9.032,25.175,31.444,4.116
2012-12-10,0.802,9.052,25.375,31.625,3.588
2012-12-11,12.796,8.24,25.137,30.55,3.12
2012-12-12,0.0,9.247,24.425,31.106,2.426
2012-12-13,1.488,9.155,24.212,30.85,2.165
2012-12-14,3.744,8.461,24.294,30.113,6.718
2012-12-15,0.122,7.63,24.406,29.344,5.366
2012-12-16,0.184,10.101,23.475,31.381,3.536
2012-12-17,0.0,9.374,23.788,30.775,3.068
2012-12-18,0.0,8.498,24.062,30.0,2.964
2012-12-19,0.0,8.286,24.488,30.106,2.808
2012-12-20,12.383,8.255,24.4,29.988,2.652
2012-12-21,2.741,8.156,25.038,30.394,2.964
2012-12-22,37.017,8.319,24.169,29.875,12.21
2012-12-23,0.0,9.265,24.012,30.819,11.15
2012-12-24,0.595,8.993,23.906,30.413,9.948
2012-12-25,15.602,8.435,24.656,30.369,9.222
2012-12-26,0.0,8.955,24.831,31.081,5.97
2012-12-27,1.711,8.554,24.587,30.444,3.878
2012-12-28,0.0,9.278,24.288,31.006,3.588
2012-12-29,6.898,8.703,24.831,30.8,3.484
2012-12-30,14.345,8.595,25.1,30.887,3.328
2012-12-31,0.2,10.093,24.481,32.056,2.556
2013-01-01,1.216,9.181,24.087,30.706,2.339
2013-01-02,1.031,9.264,23.975,30.712,2.165
2013-01-03,0.0,9.116,24.525,30.975,2.035
2013-01-04,0.0,8.789,25.006,30.969,1.947
2013-01-05,0.0,8.983,25.506,31.587,1.861
2013-01-06,0.0,9.935,24.981,32.2,1.817
2013-01-07,0.0,9.582,24.281,31.256,1.73
2013-01-08,0.0,10.154,24.663,32.175,1.659
2013-01-09,0.0,10.364,24.419,32.212,1.553
2013-01-10,0.0,10.201,24.881,32.356,1.481
2013-01-11,0.0,9.798,24.788,31.825,1.411
2013-01-12,0.0,9.346,24.681,31.219,1.304
2013-01-13,0.0,8.755,23.919,29.95,1.304
2013-01-14,0.0,10.265,24.163,31.825,1.233
2013-01-15,0.679,8.609,24.319,30.087,1.197
2013-01-16,1.971,9.192,23.944,30.394,1.162
2013-01-17,0.0,8.441,24.281,29.837,1.162
2013-01-18,0.0,8.44,24.419,29.956,1.162
2013-01-19,0.0,9.062,23.794,30.094,1.162
2013-01-20,0.0,8.141,24.637,29.769,1.091
2013-01-21,0.0,8.342,24.738,30.038,1.091
2013-01-22,0.0,8.22,25.038,30.125,1.091
2013-01-23,0.0,7.364,25.325,29.512,1.091
2013-01-24,4.306,7.031,24.775,28.712,1.091
2013-01-25,0.0,8.172,24.356,29.481,1.02
2013-01-26,0.0,9.418,24.219,30.656,1.02
2013-01-27,4.662,9.084,24.856,30.781,1.02
2013-01-28,0.0,9.686,24.675,31.25,1.02
2013-01-29,0.0,9.312,25.181,31.212,0.966
2013-01-30,0.0,8.684,25.256,30.613,0.966
2013-01-31,0.0,9.758,24.975,31.488,0.966
2013-02-01,0.0,8.687,24.975,30.35,0.966
2013-02-02,0.0,6.901,24.881,28.538,0.912
2013-02-03,0.0,7.267,24.512,28.556,0.912
2013-02-04,0.0,8.667,23.856,29.356,0.912
2013-02-05,2.139,8.714,23.931,29.45,0.912
2013-02-06,0.414,8.751,23.731,29.312,1.072
2013-02-07,19.577,8.264,23.7,28.775,1.233
2013-02-08,0.856,8.851,24.044,29.619,1.411
2013-02-09,0.0,10.135,23.606,30.581,1.553
2013-02-10,0.0,10.003,23.044,29.981,1.446
2013-02-11,0.0,11.278,23.637,31.781,1.375
2013-02-12,0.583,10.611,23.669,31.05,1.375
2013-02-13,0.0,10.815,23.344,30.988,1.304
2013-02-14,2.485,10.72,23.681,31.119,1.197
2013-02-15,6.902,9.722,24.288,30.519,1.162
2013-02-16,0.0,9.612,24.562,30.619,1.091
2013-02-17,1.052,7.165,24.556,28.256,1.091
2013-02-18,0.0,9.559,24.3,30.312,1.091
2013-02-19,0.0,10.166,24.975,31.425,1.091
2013-02-20,0.0,11.087,24.725,32.138,1.02
2013-02-21,0.0,10.411,25.025,31.663,0.966
2013-02-22,0.0,10.647,24.731,31.637,0.912
2013-02-23,0.0,10.47,24.856,31.544,0.912
2013-02-24,0.18,9.557,25.363,31.025,0.885
2013-02-25,0.951,11.081,24.531,31.856,0.858
2013-02-26,0.0,9.271,25.425,30.762,0.831
2013-02-27,0.0,10.344,25.406,31.762,0.804
2013-02-28,1.755,8.832,25.488,30.369,0.75
2013-03-01,16.469,8.806,24.581,29.594,0.75
2013-03-02,5.733,10.513,24.769,31.363,0.75
2013-03-03,7.084,5.473,24.863,27.031,0.75
2013-03-04,0.0,9.354,24.431,29.938,1.339
2013-03-05,1.786,8.738,25.688,30.375,1.916
2013-03-06,0.934,9.811,25.369,31.087,1.947
2013-03-07,0.174,8.74,25.281,30.0,1.991
2013-03-08,0.0,10.037,25.831,31.644,1.268
2013-03-09,0.0,7.68,25.819,29.519,1.339
2013-03-10,1.568,9.026,25.494,30.4,1.126
2013-03-11,0.0,8.941,25.356,30.212,1.02
2013-03-12,6.48,8.654,24.844,29.506,1.02
2013-03-13,2.818,7.746,24.844,28.681,1.02
2013-03-14,6.764,7.722,24.719,28.562,1.841
2013-03-15,0.0,7.91,24.5,28.525,10.44
2013-03-16,0.0,11.002,24.038,31.031,17.43
2013-03-17,0.0,10.296,24.594,30.769,7.109
2013-03-18,5.959,9.84,24.656,30.363,4.711
2013-03-19,3.924,10.346,24.05,30.35,3.759
2013-03-20,0.0,9.647,24.35,29.919,3.224
2013-03-21,2.611,9.141,23.831,29.012,2.382
2013-03-22,0.693,9.945,23.894,29.819,2.078
2013-03-23,1.254,9.635,24.212,29.781,4.004
2013-03-24,2.007,11.605,24.631,31.975,3.224
2013-03-25,0.168,9.132,24.856,29.806,2.382
2013-03-26,1.934,10.36,24.731,30.844,2.208
2013-03-27,12.729,7.876,25.387,29.163,2.035
2013-03-28,5.905,9.349,24.775,29.925,8.517
2013-03-29,2.217,9.527,24.725,30.05,18.49
2013-03-30,7.754,10.19,25.225,31.044,7.109
2013-03-31,3.789,11.26,25.181,32.0,4.473
2013-04-01,0.0,8.268,26.131,30.1,7.735
2013-04-02,5.636,8.624,25.325,29.731,3.12
2013-04-03,0.909,10.088,25.262,30.95,3.12
2013-04-04,0.0,11.755,25.387,32.638,3.38
2013-04-05,0.0,9.707,25.444,30.762,2.808
2013-04-06,1.427,9.054,25.15,29.938,2.382
2013-04-07,0.0,8.441,25.956,30.087,1.694
2013-04-08,0.0,9.605,25.544,30.744,1.588
2013-04-09,17.523,10.173,25.875,31.519,1.588
2013-04-10,1.145,10.006,25.875,31.369,2.382
2013-04-11,3.192,10.759,25.306,31.594,7.422
2013-04-12,0.255,10.097,25.769,31.363,4.563
2013-04-13,5.587,9.376,25.819,30.775,3.38
2013-04-14,7.96,9.098,25.637,30.369,2.964
2013-04-15,8.703,9.039,25.288,30.031,2.565
2013-04-16,2.079,10.214,25.081,30.925,2.122
2013-04-17,18.816,8.445,25.387,29.594,3.95
2013-04-18,4.732,10.617,24.45,30.8,3.588
2013-04-19,42.029,7.533,24.425,28.012,38.81
2013-04-20,0.0,10.201,23.944,30.006,8.674
2013-04-21,25.597,10.693,23.681,30.294,4.831
2013-04-22,12.953,10.404,24.275,30.475,2.6
2013-04-23,18.859,11.501,23.938,31.281,5.165
2013-04-24,0.0,9.315,25.087,30.156,4.235
2013-04-25,0.0,11.752,24.744,32.156,2.912
2013-04-26,21.376,10.105,24.006,29.994,22.52
2013-04-27,38.05,9.33,24.2,29.438,96.54
2013-04-28,0.594,9.693,23.919,29.562,44.78
2013-04-29,0.0,11.028,24.194,31.05,17.02
2013-04-30,0.0,11.006,24.837,31.531,8.517
2013-05-01,5.543,9.658,24.819,30.262,43.99
2013-05-02,5.444,9.051,24.681,29.594,11.43
2013-05-03,1.955,11.791,24.887,32.356,8.596
2013-05-04,7.396,9.579,24.55,29.988,5.701
2013-05-05,2.456,9.534,23.837,29.4,12.51
2013-05-06,4.395,9.661,24.306,29.906,11.36
2013-05-07,0.704,11.504,23.506,31.075,7.578
2013-05-08,0.933,9.549,24.806,30.238,6.17
2013-05-09,14.929,8.678,25.137,29.681,5.634
2013-05-10,7.001,8.962,24.55,29.481,7.065
2013-05-11,0.0,11.007,24.556,31.413,6.64
2013-05-12,1.007,10.827,24.906,31.525,4.771
2013-05-13,6.124,11.01,24.587,31.462,3.878
2013-05-14,14.116,8.825,25.019,29.756,3.016
2013-05-15,23.019,7.397,24.919,28.438,100.8
2013-05-16,7.724,9.452,24.481,29.913,74.69
2013-05-17,4.237,10.448,24.231,30.669,21.0
2013-05-18,4.629,9.583,24.669,30.2,11.43
2013-05-19,7.963,9.629,25.294,30.744,19.54
2013-05-20,25.03,7.284,24.7,28.206,15.6
2013-05-21,4.72,7.096,24.581,27.956,9.065
2013-05-22,18.232,9.203,23.569,28.975,6.953
2013-05-23,6.345,9.378,23.831,29.394,21.96
2013-05-24,4.89,10.071,23.631,29.887,18.93
2013-05-25,3.598,11.307,24.512,31.8,14.39
2013-05-26,1.852,10.827,24.919,31.644,9.3
2013-05-27,20.022,10.44,24.238,30.731,10.69
2013-05-28,1.44,9.772,24.506,30.306,13.0
2013-05-29,17.453,9.011,23.869,29.094,25.32
2013-05-30,0.101,11.241,23.994,31.375,20.04
2013-05-31,12.919,6.181,24.363,27.094,10.69
2013-06-01,0.403,12.042,23.613,31.913,8.361
2013-06-02,0.0,11.597,24.744,32.344,6.003
2013-06-03,9.793,10.552,25.006,31.494,4.354
2013-06-04,8.344,10.205,25.306,31.413,9.443
2013-06-05,8.218,9.467,24.219,29.831,8.937
2013-06-06,3.506,8.943,24.762,29.8,6.26
2013-06-07,10.193,10.575,24.3,31.006,5.835
2013-06-08,14.756,7.147,25.3,28.681,47.4
2013-06-09,0.811,10.835,24.913,31.75,11.15
2013-06-10,12.07,9.971,24.9,30.887,5.858
2013-06-11,5.254,7.886,25.144,29.181,4.771
2013-06-12,6.501,10.938,24.275,31.369,7.422
2013-06-13,6.847,9.752,24.681,30.525,9.065
2013-06-14,3.649,7.904,25.275,29.312,7.109
2013-06-15,13.384,10.426,24.406,30.975,6.64
2013-06-16,6.325,9.795,24.938,30.775,5.5
2013-06-17,0.887,10.1,24.8,30.956,13.64
2013-06-18,1.457,10.2,24.919,31.163,43.24
2013-06-19,9.699,7.775,25.394,29.312,16.97
2013-06-20,4.987,9.954,25.125,31.081,7.422
2013-06-21,9.236,8.544,25.15,29.788,5.947
2013-06-22,7.109,7.502,25.55,29.212,4.175
2013-06-23,7.539,9.938,25.456,31.337,2.964
2013-06-24,14.305,7.848,24.381,28.512,2.756
2013-06-25,9.317,10.222,24.094,30.531,2.652
2013-06-26,0.0,10.474,25.094,31.569,2.382
2013-06-27,6.605,7.578,24.894,28.731,2.252
2013-06-28,28.988,6.174,23.3,26.156,37.59
2013-06-29,0.0,10.093,23.887,30.231,22.15
2013-06-30,0.428,9.441,24.119,29.775,10.6
2013-07-01,8.168,7.7,24.512,28.519,10.69
2013-07-02,5.539,11.503,23.494,31.375,11.68
2013-07-03,0.0,10.804,23.962,31.006,7.578
2013-07-04,3.969,10.092,23.719,30.094,6.561
2013-07-05,6.313,9.555,24.55,30.219,18.34
2013-07-06,2.03,10.292,24.163,30.663,9.3
2013-07-07,21.327,9.752,24.294,30.194,41.9
2013-07-08,12.084,8.384,24.531,29.106,10.97
2013-07-09,2.061,12.0,24.631,32.706,7.422
2013-07-10,17.99,10.369,24.288,30.806,48.44
2013-07-11,9.825,10.439,24.119,30.719,19.55
2013-07-12,0.918,10.391,24.031,30.631,8.674
2013-07-13,0.367,10.322,24.325,30.75,6.014
2013-07-14,0.24,11.513,24.688,32.231,5.768
2013-07-15,15.38,8.597,24.85,29.525,4.711
2013-07-16,0.0,11.071,24.269,31.444,6.004
2013-07-17,12.266,9.921,24.9,30.812,19.8
2013-07-18,2.221,7.929,24.887,28.956,16.34
2013-07-19,10.719,8.1,24.106,28.444,7.813
2013-07-20,5.272,10.57,23.244,30.125,6.271
2013-07-21,14.441,9.853,24.606,30.5,6.618
2013-07-22,9.788,10.875,23.925,30.938,6.874
2013-07-23,0.0,10.328,24.781,31.075,6.036
2013-07-24,0.0,11.283,24.1,31.475,5.5
2013-07-25,25.727,9.992,25.694,31.469,4.354
2013-07-26,14.759,10.034,24.725,30.725,42.4
2013-07-27,9.234,10.356,24.044,30.5,38.67
2013-07-28,6.827,10.992,24.238,31.269,17.65
2013-07-29,12.695,9.981,24.094,30.15,40.07
2013-07-30,11.652,10.391,24.462,30.825,36.86
2013-07-31,4.904,9.728,24.25,30.006,9.3
2013-08-01,4.753,7.992,24.475,28.6,8.048
2013-08-02,0.306,10.059,24.331,30.381,5.299
2013-08-03,2.583,9.255,24.538,29.837,4.711
2013-08-04,4.841,10.609,24.081,30.731,3.819
2013-08-05,5.546,10.694,24.887,31.406,4.175
2013-08-06,5.688,8.925,25.519,30.275,5.433
2013-08-07,8.068,9.193,25.119,30.169,5.969
2013-08-08,25.511,6.604,24.738,27.656,4.056
2013-08-09,5.305,10.15,24.006,30.169,3.068
2013-08-10,4.986,10.019,23.9,29.969,2.704
2013-08-11,18.095,10.206,23.65,29.938,84.34
2013-08-12,6.343,9.607,23.613,29.331,31.32
2013-08-13,5.077,11.684,23.55,31.306,45.62
2013-08-14,0.0,11.987,24.312,32.181,32.19
2013-08-15,0.0,11.068,24.581,31.475,20.19
2013-08-16,9.612,8.989,24.35,29.319,10.69
2013-08-17,1.591,11.198,24.4,31.456,7.578
2013-08-18,10.219,9.462,24.375,29.781,5.634
2013-08-19,4.41,8.415,24.45,28.875,5.031
2013-08-20,1.96,10.986,24.3,31.15,4.592
2013-08-21,1.583,10.159,24.413,30.456,4.905
2013-08-22,10.33,11.926,24.337,32.106,61.38
2013-08-23,0.0,9.283,24.975,30.087,21.63
2013-08-24,24.805,7.322,23.956,27.506,8.909
2013-08-25,9.098,9.873,23.988,29.844,5.869
2013-08-26,5.614,9.452,24.094,29.55,8.205
2013-08-27,12.762,9.22,24.019,29.256,6.561
2013-08-28,2.836,9.62,23.875,29.538,5.735
2013-08-29,13.18,10.417,23.769,30.163,8.909
2013-08-30,16.332,9.135,24.163,29.281,7.5
2013-08-31,7.371,9.577,24.531,30.006,6.483
2013-09-01,28.513,8.933,23.95,28.919,20.63
2013-09-02,0.792,10.224,23.769,30.0,7.657
2013-09-03,13.427,8.997,24.337,29.306,15.67
2013-09-04,4.295,10.834,23.988,30.762,36.03
2013-09-05,0.0,9.472,24.525,29.894,10.07
2013-09-06,12.511,7.208,24.25,27.694,29.23
2013-09-07,0.122,9.768,23.538,29.375,24.37
2013-09-08,0.0,11.251,24.837,31.844,10.69
2013-09-09,12.42,9.857,24.413,30.169,7.97
2013-09-10,4.534,10.577,24.225,30.719,6.64
2013-09-11,4.635,10.125,23.75,29.913,6.103
2013-09-12,4.308,9.437,24.244,29.65,5.902
2013-09-13,2.456,10.688,24.094,30.75,28.16
2013-09-14,4.681,9.359,24.444,29.769,19.62
2013-09-15,0.763,10.042,25.231,31.044,13.14
2013-09-16,6.509,9.165,25.325,30.319,23.77
2013-09-17,0.207,8.922,25.012,29.863,27.22
2013-09-18,8.144,8.618,24.394,29.087,12.33
2013-09-19,0.833,9.415,24.762,30.1,8.987
2013-09-20,0.0,11.451,24.837,32.131,7.344
2013-09-21,1.399,12.234,24.881,32.956,10.73
2013-09-22,12.233,7.952,25.5,29.438,53.95
2013-09-23,0.0,9.446,25.756,30.988,88.96
2013-09-24,2.824,7.658,25.031,28.819,22.79
2013-09-25,5.639,8.35,25.525,29.844,8.389
2013-09-26,13.15,4.564,25.062,26.55,6.953
2013-09-27,2.332,9.376,24.081,29.637,12.54
2013-09-28,10.51,7.932,24.244,28.431,23.53
2013-09-29,1.841,8.611,23.744,28.644,11.96
2013-09-30,2.879,7.429,24.281,28.062,5.634
2013-10-01,0.0,10.918,23.369,30.631,4.354
2013-10-02,0.338,10.491,24.175,30.863,3.536
2013-10-03,17.845,8.918,24.35,29.481,98.83
2013-10-04,17.669,9.37,24.525,30.044,23.77
2013-10-05,0.0,10.649,24.844,31.6,11.98
2013-10-06,0.414,9.543,25.444,31.006,10.23
2013-10-07,6.094,8.791,25.056,29.988,8.126
2013-10-08,11.334,9.599,24.775,30.55,14.66
2013-10-09,20.01,10.524,25.156,31.762,24.08
2013-10-10,5.085,8.669,24.863,29.756,10.6
2013-10-11,15.604,8.231,24.613,29.15,10.5
2013-10-12,0.576,9.209,24.744,30.206,14.59
2013-10-13,3.378,8.143,24.594,29.113,10.69
2013-10-14,6.178,7.304,24.462,28.25,7.735
2013-10-15,1.753,9.179,23.762,29.462,6.036
2013-10-16,10.93,9.335,23.95,29.756,23.91
2013-10-17,2.769,9.552,23.731,29.844,86.18
2013-10-18,8.267,10.892,24.431,31.794,8.517
2013-10-19,12.51,10.156,23.819,30.569,40.19
2013-10-20,0.0,10.832,24.781,32.038,12.21
2013-10-21,5.666,6.914,25.025,28.462,8.048
2013-10-22,2.126,8.886,24.881,30.188,7.109
2013-10-23,0.0,10.381,24.413,31.375,5.634
2013-10-24,6.399,7.623,24.931,29.062,4.354
2013-10-25,4.957,9.345,24.613,30.525,4.369
2013-10-26,4.441,7.38,25.438,29.331,6.573
2013-10-27,9.138,10.576,24.55,31.762,8.752
2013-10-28,4.158,10.502,24.238,31.481,27.69
2013-10-29,14.547,9.635,24.562,30.831,38.1
2013-10-30,0.61,10.273,23.837,30.988,47.06
2013-10-31,0.522,8.603,24.75,29.981,9.101
2013-11-01,0.0,8.023,23.419,28.35,5.656
2013-11-02,0.0,8.911,23.356,29.206,4.48
2013-11-03,0.0,10.035,23.594,30.619,4.012
2013-11-04,2.296,9.58,23.506,30.106,5.5
2013-11-05,19.894,9.495,23.113,29.731,7.187
2013-11-06,29.791,8.349,23.781,29.056,8.205
2013-11-07,2.606,8.157,23.306,28.488,16.33
2013-11-08,1.254,7.547,23.413,27.988,20.94
2013-11-09,0.0,9.443,23.875,30.35,10.69
2013-11-10,7.325,8.297,24.575,29.738,8.361
2013-11-11,0.119,9.729,24.038,30.837,8.126
2013-11-12,13.812,9.242,25.1,31.163,12.21
2013-11-13,13.025,8.004,24.788,29.688,19.05
2013-11-14,9.574,8.989,24.481,30.456,12.54
2013-11-15,0.187,9.46,24.519,31.019,8.517
2013-11-16,1.479,9.529,25.387,31.806,5.947
2013-11-17,0.0,10.256,24.775,32.119,4.83
2013-11-18,7.137,7.389,24.681,29.044,4.852
2013-11-19,0.654,8.899,23.613,29.781,3.938
2013-11-20,0.0,9.012,24.25,30.413,5.165
2013-11-21,0.0,9.684,23.806,30.831,6.248
2013-11-22,3.263,9.632,23.756,30.75,4.651
2013-11-23,8.009,8.43,24.406,29.956,3.172
2013-11-24,0.0,8.144,24.019,29.363,3.068
2013-11-25,14.044,7.497,23.656,28.413,3.016
2013-11-26,12.889,9.465,23.825,30.681,5.024
2013-11-27,14.232,10.321,23.262,31.269,12.82
2013-11-28,2.633,10.307,23.594,31.512,11.8
2013-11-29,0.749,9.095,23.3,29.919,9.065
2013-11-30,1.134,8.883,23.381,29.756,12.21
2013-12-01,1.251,9.931,23.9,31.375,5.567
2013-12-02,2.778,8.725,23.806,29.938,3.938
2013-12-03,19.86,6.289,23.887,27.481,4.183
2013-12-04,5.978,8.925,23.1,29.637,7.813
2013-12-05,0.0,9.645,23.925,31.119,7.892
2013-12-06,11.548,8.596,24.725,30.556,5.5
2013-12-07,0.542,9.468,23.962,30.95,4.116
2013-12-08,12.173,8.389,23.819,29.631,4.056
2013-12-09,3.82,9.01,23.206,29.869,3.484
2013-12-10,15.249,8.687,24.238,30.312,4.971
2013-12-11,0.0,8.908,24.113,30.475,18.45
2013-12-12,1.835,8.162,24.294,29.8,8.752
2013-12-13,19.708,7.618,24.363,29.262,6.909
2013-12-14,19.672,8.199,24.425,29.938,16.19
2013-12-15,12.223,8.212,24.206,29.794,15.67
2013-12-16,1.386,7.653,25.194,29.988,6.036
2013-12-17,16.174,6.755,24.806,28.756,12.07
2013-12-18,0.0,8.816,23.925,30.244,6.55
2013-12-19,19.918,9.757,24.038,31.406,24.71
2013-12-20,0.0,9.967,23.444,31.2,6.048
2013-12-21,0.0,10.124,23.694,31.581,3.7
2013-12-22,0.0,10.387,23.394,31.681,3.432
2013-12-23,0.0,10.231,22.869,31.094,2.321
2013-12-24,0.0,10.276,22.731,31.05,2.382
2013-12-25,0.0,8.509,23.156,29.288,3.12
2013-12-26,0.0,9.316,22.919,30.044,2.808
2013-12-27,0.0,9.647,24.019,31.262,2.339
2013-12-28,0.0,9.653,24.869,31.906,1.904
2013-12-29,0.0,9.539,25.288,32.1,1.73
2013-12-30,0.0,9.549,25.188,32.019,1.73
2013-12-31,0.957,8.994,24.587,30.9,1.73
2014-01-01,0.0,8.402,24.613,30.262,1.659
2014-01-02,0.811,8.165,23.856,29.387,1.659
2014-01-03,0.0,8.688,24.288,30.3,1.588
2014-01-04,0.0,9.098,24.269,30.738,1.553
2014-01-05,0.451,7.973,24.569,29.744,1.517
2014-01-06,0.0,7.085,24.538,28.756,1.481
2014-01-07,16.073,7.797,23.9,28.975,1.446
2014-01-08,0.0,8.619,23.819,29.788,4.235
2014-01-09,0.0,9.005,23.6,30.025,2.556
2014-01-10,0.0,9.105,23.481,30.038,2.078
2014-01-11,0.0,9.867,23.681,31.044,1.481
2014-01-12,0.0,10.253,23.837,31.594,1.162
2014-01-13,0.0,9.212,24.462,30.875,1.411
2014-01-14,0.0,8.069,25.431,30.419,2.295
2014-01-15,0.0,8.174,24.863,30.056,1.197
2014-01-16,0.0,8.238,24.431,29.762,1.091
2014-01-17,0.0,8.268,24.55,29.881,1.126
2014-01-18,0.0,7.42,25.15,29.494,1.091
2014-01-19,0.0,7.754,25.425,30.031,1.091
2014-01-20,0.0,8.54,25.119,30.556,1.091
2014-01-21,0.0,7.648,24.819,29.375,1.02
2014-01-22,29.905,7.335,24.225,28.556,1.02
2014-01-23,0.0,8.632,24.019,29.719,1.02
2014-01-24,0.0,9.254,24.506,30.744,1.947
2014-01-25,0.0,9.01,24.163,30.188,2.382
2014-01-26,1.418,8.395,23.869,29.281,2.078
2014-01-27,0.0,9.43,22.981,29.681,1.091
2014-01-28,0.0,10.321,23.425,30.988,1.091
2014-01-29,0.0,9.942,24.169,31.087,1.056
2014-01-30,0.0,9.557,24.419,30.856,1.02
2014-01-31,0.0,10.228,23.512,30.863,1.02
2014-02-01,0.0,8.457,24.25,29.531,0.966
2014-02-02,0.0,8.483,24.525,29.762,0.966
2014-02-03,0.0,9.362,24.0,30.212,0.939
2014-02-04,0.0,10.172,23.988,31.05,0.912
2014-02-05,0.0,9.31,24.613,30.6,0.912
2014-02-06,0.0,10.398,23.163,30.6,0.912
2014-02-07,0.0,10.162,23.425,30.519,0.912
2014-02-08,0.0,9.098,24.406,30.15,0.912
2014-02-09,6.505,9.336,24.794,30.675,0.885
2014-02-10,0.0,8.934,24.712,30.175,0.858
2014-02-11,1.514,9.413,24.944,30.819,0.858
2014-02-12,1.451,9.899,24.8,31.188,0.858
2014-02-13,0.589,8.848,25.137,30.381,0.858
2014-02-14,6.487,10.035,24.2,30.788,0.858
2014-02-15,0.0,10.114,24.475,31.069,0.804
2014-02-16,0.0,8.931,25.031,30.331,0.804
2014-02-17,4.465,8.775,25.137,30.231,0.804
2014-02-18,0.0,9.372,24.431,30.225,0.804
2014-02-19,0.0,9.237,23.85,29.613,0.75
2014-02-20,0.334,9.397,24.731,30.444,0.75
2014-02-21,0.0,9.942,24.438,30.731,0.75
2014-02-22,0.0,11.086,23.65,31.262,0.75
2014-02-23,0.0,10.243,24.344,30.906,0.696
2014-02-24,0.0,8.424,24.881,29.569,0.696
2014-02-25,0.151,9.003,24.688,29.944,0.696
2014-02-26,0.0,9.393,24.812,30.375,0.696
2014-02-27,0.748,8.394,24.863,29.462,0.696
2014-02-28,3.04,10.473,23.719,30.538,0.696
2014-03-01,22.505,8.133,24.6,28.988,0.696
2014-03-02,0.0,11.275,23.488,31.188,1.091
2014-03-03,0.185,11.357,22.812,30.712,1.411
2014-03-04,0.22,10.762,23.594,30.644,1.481
2014-03-05,0.284,10.73,23.994,30.906,1.411
2014-03-06,0.0,10.64,24.119,30.887,1.375
2014-03-07,3.304,9.452,24.081,29.681,1.304
2014-03-08,12.04,11.292,23.844,31.306,1.304
2014-03-09,0.267,9.553,23.725,29.488,1.233
2014-03-10,0.0,10.584,23.0,29.913,1.162
2014-03-11,0.0,10.967,23.05,30.3,1.091
2014-03-12,0.0,10.008,24.4,30.4,1.056
2014-03-13,0.0,10.158,24.712,30.781,0.993
2014-03-14,0.0,9.572,24.644,30.188,0.966
2014-03-15,0.0,10.622,24.525,31.062,0.912
2014-03-16,0.0,11.155,23.719,30.931,0.912
2014-03-17,0.0,12.681,24.2,32.806,0.858
2014-03-18,0.0,10.803,24.631,31.262,0.831
2014-03-19,0.0,11.117,25.025,31.863,0.777
2014-03-20,0.0,11.131,25.706,32.388,0.75
2014-03-21,0.0,10.185,25.481,31.312,0.75
2014-03-22,0.0,10.233,24.738,30.769,0.723
2014-03-23,0.0,10.52,24.931,31.175,0.696
2014-03-24,0.0,9.68,24.988,30.431,0.696
2014-03-25,0.81,11.066,24.35,31.231,0.642
2014-03-26,4.715,10.878,23.981,30.75,0.642
2014-03-27,8.9,11.824,24.781,32.281,1.304
2014-03-28,0.0,11.664,25.35,32.55,1.162
2014-03-29,0.0,11.144,25.369,32.056,1.162
2014-03-30,0.0,9.867,24.806,30.419,1.091
2014-03-31,0.0,10.892,24.637,31.244,0.75
2014-04-01,0.0,10.891,25.056,31.581,0.75
2014-04-02,0.0,9.678,25.613,30.894,0.696
2014-04-03,0.785,9.86,25.844,31.225,0.696
2014-04-04,0.1,11.549,25.231,32.294,0.642
2014-04-05,0.0,11.656,24.481,31.831,0.642
2014-04-06,0.0,9.828,25.831,31.181,0.642
2014-04-07,0.0,11.626,25.863,32.856,0.615
2014-04-08,0.0,9.936,26.381,31.725,0.588
2014-04-09,2.127,8.311,26.163,30.144,0.588
2014-04-10,0.098,10.035,25.975,31.494,0.534
2014-04-11,0.0,10.273,26.163,31.837,0.534
2014-04-12,0.741,9.401,26.562,31.413,0.534
2014-04-13,7.579,10.234,25.387,31.181,0.534
2014-04-14,0.334,11.26,25.381,32.138,0.642
2014-04-15,0.392,9.875,25.688,31.106,0.777
2014-04-16,2.785,11.069,24.119,30.962,0.939
2014-04-17,0.0,10.538,24.962,31.131,1.553
2014-04-18,0.0,9.703,25.381,30.694,1.73
2014-04-19,5.361,10.048,24.906,30.637,2.165
2014-04-20,18.363,9.185,24.975,29.925,6.283
2014-04-21,3.685,9.625,25.288,30.556,2.165
2014-04-22,14.01,10.183,24.731,30.619,0.993
2014-04-23,16.808,8.784,24.512,29.181,5.863
2014-04-24,2.881,11.219,24.356,31.331,2.86
2014-04-25,6.216,8.958,24.5,29.331,13.6
2014-04-26,6.12,9.251,24.65,29.762,9.763
2014-04-27,1.785,10.417,24.762,30.919,7.892
2014-04-28,0.275,11.408,25.2,32.188,3.752
2014-04-29,5.297,9.487,25.756,30.881,2.47
2014-04-30,2.331,8.682,25.238,29.731,2.078
2014-05-01,8.054,9.75,24.663,30.269,1.861
2014-05-02,16.587,7.55,24.538,28.181,31.02
2014-05-03,2.198,11.515,24.35,31.675,22.54
2014-05-04,2.632,8.36,24.775,29.075,8.126
2014-05-05,2.525,10.333,24.256,30.481,2.556
2014-05-06,13.095,9.832,24.831,30.462,2.721
2014-05-07,8.987,8.124,24.725,28.844,2.6
2014-05-08,6.005,10.537,24.619,30.975,13.6
2014-05-09,0.0,8.969,24.775,29.656,8.674
2014-05-10,0.0,9.877,24.456,30.244,5.578
2014-05-11,0.0,11.472,24.175,31.562,2.756
2014-05-12,2.951,8.964,24.206,29.188,3.497
2014-05-13,0.0,10.909,25.038,31.712,7.344
2014-05-14,14.976,8.459,25.694,30.0,8.674
2014-05-15,30.103,7.728,25.594,29.312,14.48
2014-05-16,7.023,10.936,24.544,31.387,5.203
2014-05-17,17.603,10.025,24.538,30.519,4.005
2014-05-18,1.932,8.352,24.875,29.25,2.426
2014-05-19,19.966,10.232,24.788,30.919,4.778
2014-05-20,19.78,6.982,25.5,28.631,8.517
2014-05-21,0.0,8.182,24.125,28.488,31.55
2014-05-22,1.182,11.46,24.519,31.931,9.122
2014-05-23,14.762,8.171,25.131,29.319,3.819
2014-05-24,3.383,9.817,24.706,30.494,3.328
2014-05-25,4.917,10.506,24.719,31.181,2.522
2014-05-26,3.832,10.594,25.25,31.681,3.588
2014-05-27,2.453,9.601,24.55,30.175,4.711
2014-05-28,15.105,9.028,23.894,29.144,5.768
2014-05-29,19.854,8.101,24.512,28.781,7.344
2014-05-30,0.635,11.128,23.544,30.913,7.5
2014-05-31,2.895,10.262,24.844,31.094,6.561
2014-06-01,3.778,9.768,25.538,31.163,7.031
2014-06-02,6.051,6.749,24.931,28.006,6.561
2014-06-03,0.285,11.512,24.306,31.913,4.964
2014-06-04,0.0,10.446,24.781,31.225,3.484
2014-06-05,3.793,9.918,25.431,31.244,2.652
2014-06-06,0.304,9.257,25.45,30.637,2.964
2014-06-07,17.645,7.916,24.456,28.6,3.276
2014-06-08,0.81,9.003,24.419,29.575,3.536
2014-06-09,1.541,10.479,24.562,31.125,2.964
2014-06-10,10.306,9.708,25.094,30.794,2.513
2014-06-11,0.964,9.044,25.538,30.538,2.035
2014-06-12,3.654,8.917,25.706,30.562,1.588
2014-06-13,5.756,8.34,25.231,29.669,2.51
2014-06-14,11.5,8.714,24.744,29.6,1.817
2014-06-15,4.911,10.134,24.319,30.619,2.035
2014-06-16,12.766,10.095,25.125,31.212,11.15
2014-06-17,13.669,9.851,25.238,31.075,2.556
2014-06-18,20.187,10.466,25.45,31.831,15.4
2014-06-19,19.759,9.884,25.181,31.05,8.752
2014-06-20,11.041,9.954,25.163,31.1,5.768
2014-06-21,5.283,10.401,24.975,31.425,38.89
2014-06-22,0.981,11.333,25.031,32.362,25.33
2014-06-23,6.994,9.344,24.438,29.938,10.23
2014-06-24,5.667,7.155,25.044,28.488,7.266
2014-06-25,5.324,7.955,24.1,28.387,5.299
2014-06-26,3.697,10.029,24.331,30.531,5.143
2014-06-27,4.611,8.561,25.3,29.919,9.065
2014-06-28,5.568,10.225,24.863,31.131,7.266
2014-06-29,0.297,11.764,25.75,33.356,6.104
2014-06-30,6.089,9.005,25.169,30.219,3.774
2014-07-01,8.196,9.577,25.119,30.719,2.756
2014-07-02,1.481,10.472,24.562,31.156,2.382
2014-07-03,0.0,10.439,25.206,31.613,5.381
2014-07-04,5.324,9.827,25.2,31.006,6.484
2014-07-05,4.052,9.589,25.05,30.663,3.7
2014-07-06,6.82,10.159,24.875,31.056,2.808
2014-07-07,28.381,9.711,24.631,30.438,3.7
2014-07-08,9.108,10.289,24.556,30.944,14.48
2014-07-09,0.515,11.039,25.225,32.212,8.439
2014-07-10,14.855,11.016,25.119,32.087,9.741
2014-07-11,14.886,9.481,24.45,30.038,22.15
2014-07-12,7.181,9.259,25.369,30.594,30.58
2014-07-13,0.061,11.255,24.538,31.863,12.21
2014-07-14,7.967,11.038,24.194,31.356,8.909
2014-07-15,7.344,10.803,24.444,31.319,6.64
2014-07-16,16.502,10.568,24.719,31.288,7.065
2014-07-17,2.74,9.411,25.438,30.769,10.69
2014-07-18,15.578,8.136,24.925,29.163,26.74
2014-07-19,1.236,9.788,25.137,30.85,14.48
2014-07-20,0.707,10.829,24.681,31.506,10.15
2014-07-21,6.286,10.546,24.05,30.712,6.64
2014-07-22,1.306,9.696,24.856,30.55,5.567
2014-07-23,1.476,10.153,25.531,31.506,4.116
2014-07-24,4.122,10.12,25.231,31.212,3.172
2014-07-25,0.0,9.91,25.406,31.156,2.704
2014-07-26,0.0,10.11,24.875,30.906,2.513
2014-07-27,12.743,7.927,23.731,27.938,8.66
2014-07-28,0.0,10.851,24.994,31.712,4.629
2014-07-29,9.833,9.281,25.069,30.262,2.669
2014-07-30,8.689,9.627,24.962,30.525,2.035
2014-07-31,22.506,9.576,25.106,30.55,45.34
2014-08-01,3.285,8.363,24.85,29.238,19.53
2014-08-02,27.758,8.383,24.606,29.05,13.0
2014-08-03,0.616,9.355,24.25,29.637,13.6
2014-08-04,0.0,10.538,23.5,30.194,9.834
2014-08-05,1.734,10.086,24.062,30.175,4.421
2014-08-06,12.816,8.462,25.137,29.538,4.964
2014-08-07,15.424,7.293,24.25,27.788,5.165
2014-08-08,0.0,10.973,23.856,30.856,3.916
2014-08-09,0.0,9.013,24.581,29.581,3.491
2014-08-10,13.294,10.07,23.85,29.95,2.6
2014-08-11,4.621,8.737,24.356,29.113,2.6
2014-08-12,1.075,9.815,24.587,30.288,2.426
2014-08-13,7.587,9.227,24.231,29.456,18.22
2014-08-14,7.069,10.351,24.544,30.756,10.45
2014-08-15,0.0,10.659,24.525,31.031,5.902
2014-08-16,1.695,10.843,25.031,31.6,4.778
2014-08-17,6.24,10.011,25.094,30.869,3.759
2014-08-18,10.057,10.148,24.294,30.356,17.39
2014-08-19,4.71,9.199,24.512,29.65,12.54
2014-08-20,0.375,11.501,23.569,31.113,10.23
2014-08-21,4.677,9.887,24.262,30.056,8.361
2014-08-22,16.148,9.055,24.306,29.319,19.88
2014-08-23,8.761,8.361,24.55,28.931,8.126
2014-08-24,1.356,11.466,24.031,31.413,6.64
2014-08-25,17.304,8.898,24.175,29.069,5.969
2014-08-26,17.821,8.558,24.669,29.175,3.997
2014-08-27,20.587,8.578,23.981,28.631,56.98
2014-08-28,14.994,10.04,22.85,29.094,73.1
2014-08-29,0.0,11.179,24.0,31.113,13.53
2014-08-30,0.0,11.427,24.788,31.95,8.83
2014-08-31,0.0,10.554,24.944,31.256,4.771
2014-09-01,0.259,11.397,25.131,32.188,3.878
2014-09-02,32.36,8.466,24.731,29.144,12.57
2014-09-03,0.0,10.627,25.106,31.425,8.83
2014-09-04,25.045,10.26,24.106,30.337,5.98
2014-09-05,0.925,11.356,24.256,31.475,4.711
2014-09-06,12.679,10.354,24.587,30.762,3.759
2014-09-07,0.0,10.407,24.481,30.75,11.15
2014-09-08,11.915,9.722,24.863,30.406,6.249
2014-09-09,3.037,9.788,24.738,30.4,4.711
2014-09-10,11.843,9.262,25.075,30.163,3.73
2014-09-11,9.913,7.092,24.856,28.15,2.964
2014-09-12,0.336,9.177,24.375,29.538,2.339
2014-09-13,6.099,11.035,24.225,31.194,2.165
2014-09-14,19.333,6.925,24.281,27.494,9.25
2014-09-15,5.022,10.389,23.906,30.325,8.752
2014-09-16,0.0,10.202,23.962,30.206,6.036
2014-09-17,2.167,10.246,24.2,30.456,5.031
2014-09-18,6.036,8.948,24.712,29.631,3.432
2014-09-19,7.367,8.945,24.594,29.538,2.556
2014-09-20,22.822,10.08,23.925,30.075,2.295
2014-09-21,0.453,10.225,24.087,30.363,1.947
2014-09-22,7.404,8.912,24.494,29.438,1.694
2014-09-23,7.665,11.114,23.938,31.144,60.01
2014-09-24,3.072,11.633,24.55,32.144,37.24
2014-09-25,10.014,8.566,25.331,29.863,21.25
2014-09-26,1.525,9.26,23.887,29.325,11.61
2014-09-27,0.0,10.783,24.306,31.156,6.249
2014-09-28,11.702,8.864,24.788,29.712,8.155
2014-09-29,1.076,10.784,25.05,31.769,10.23
2014-09-30,3.024,11.012,24.587,31.656,17.39
2014-10-01,14.705,9.965,25.337,31.225,5.813
2014-10-02,10.756,10.453,24.506,31.056,8.517
2014-10-03,2.602,9.813,25.25,31.038,36.64
2014-10-04,13.21,9.539,24.962,30.562,20.41
2014-10-05,0.0,10.201,24.863,31.144,13.14
2014-10-06,9.021,9.502,24.938,30.562,7.5
2014-10-07,6.211,7.712,24.525,28.606,6.483
2014-10-08,0.251,8.489,23.9,28.788,5.433
2014-10-09,1.226,8.276,23.712,28.425,4.175
2014-10-10,0.088,9.633,24.538,30.425,6.53
2014-10-11,8.334,8.574,24.725,29.587,7.657
2014-10-12,4.557,8.942,24.506,29.756,6.249
2014-10-13,8.966,9.706,24.475,30.512,8.674
2014-10-14,3.418,8.566,24.212,29.188,5.902
2014-10-15,0.147,9.552,25.081,30.875,4.845
2014-10-16,11.162,9.034,24.844,30.2,3.588
2014-10-17,43.745,6.948,24.769,28.212,36.62
2014-10-18,0.0,9.684,23.538,29.844,36.07
2014-10-19,2.392,9.893,23.988,30.425,8.909
2014-10-20,10.949,9.68,23.706,30.012,10.78
2014-10-21,1.022,10.123,23.756,30.531,9.065
2014-10-22,0.0,8.836,25.087,30.325,6.036
2014-10-23,4.765,8.722,25.119,30.262,5.165
2014-10-24,8.334,9.294,24.794,30.562,15.67
2014-10-25,1.678,8.49,25.137,30.081,11.61
2014-10-26,0.0,7.793,24.55,28.962,7.065
2014-10-27,0.0,9.763,24.319,30.725,4.116
2014-10-28,4.743,9.942,24.1,30.788,4.984
2014-10-29,3.774,9.287,24.744,30.631,5.366
2014-10-30,22.781,10.137,24.6,31.419,4.116
2014-10-31,22.169,7.466,24.681,28.825,2.513
2014-11-01,0.0,10.573,23.8,31.325,3.596
2014-11-02,11.485,8.72,24.481,29.925,5.299
2014-11-03,0.0,10.778,24.531,32.169,4.436
2014-11-04,10.276,9.137,24.644,30.519,3.432
2014-11-05,0.443,8.874,24.688,30.312,2.756
2014-11-06,7.073,7.513,24.837,29.137,1.991
2014-11-07,0.0,7.493,24.769,29.038,22.18
2014-11-08,0.588,8.955,23.869,29.806,8.909
2014-11-09,32.057,7.104,24.337,28.35,34.0
2014-11-10,16.743,6.717,23.475,27.288,29.61
2014-11-11,4.658,5.867,24.256,27.156,34.8
2014-11-12,5.91,7.401,23.712,28.156,12.26
2014-11-13,0.165,7.911,24.212,29.1,7.735
2014-11-14,0.0,9.145,23.594,29.913,6.819
2014-11-15,0.2,10.036,23.275,30.688,12.21
2014-11-16,0.88,9.007,23.837,30.0,7.277
2014-11-17,12.194,9.022,24.219,30.344,4.592
2014-11-18,5.563,9.241,23.881,30.331,4.473
2014-11-19,9.606,8.723,24.75,30.481,4.116
2014-11-20,10.828,9.495,24.169,30.869,3.7
2014-11-21,0.0,10.402,23.681,31.556,5.165
2014-11-22,0.0,9.645,23.806,30.8,8.361
2014-11-23,0.207,9.363,23.775,30.475,4.533
2014-11-24,0.495,7.832,25.094,29.931,3.276
2014-11-25,10.615,6.893,25.425,29.275,2.513
2014-11-26,11.904,7.921,24.488,29.556,2.382
2014-11-27,0.0,9.78,23.744,31.006,2.122
2014-11-28,0.137,9.038,24.9,31.094,1.861
2014-11-29,0.0,9.115,24.762,31.106,1.773
2014-11-30,2.324,9.547,24.919,31.688,2.581
2014-12-01,1.784,9.006,24.806,31.019,2.912
2014-12-02,14.748,6.629,25.425,29.087,2.86
2014-12-03,4.214,6.911,25.325,29.281,3.432
2014-12-04,3.573,8.009,24.306,29.581,3.432
2014-12-05,2.765,6.777,24.75,28.675,2.704
2014-12-06,13.361,8.754,23.781,29.994,2.652
2014-12-07,13.102,7.652,23.75,28.762,6.874
2014-12-08,31.792,8.222,23.25,29.0,20.86
2014-12-09,17.986,7.216,24.006,28.55,4.964
2014-12-10,35.248,7.195,24.475,28.925,36.9
2014-12-11,6.155,8.692,23.831,30.006,21.45
2014-12-12,0.452,9.83,23.913,31.375,12.74
2014-12-13,11.49,5.831,24.244,27.381,7.344
2014-12-14,0.161,8.059,23.794,29.269,5.232
2014-12-15,1.355,8.647,23.369,29.619,12.21
2014-12-16,0.0,8.845,24.381,30.65,5.835
2014-12-17,0.0,7.859,24.325,29.494,3.432
2014-12-18,1.031,9.343,24.494,31.3,3.016
2014-12-19,0.0,9.692,23.481,30.913,2.382
2014-12-20,0.0,8.938,24.431,30.781,2.339
2014-12-21,3.953,8.724,23.944,30.163,2.165
2014-12-22,0.0,9.586,23.637,30.906,2.122
2014-12-23,0.0,8.566,24.962,30.788,1.991
2014-12-24,0.0,8.523,24.925,30.7,1.991
2014-12-25,0.0,9.081,25.244,31.594,1.861
2014-12-26,0.0,8.941,25.45,31.575,1.694
2014-12-27,0.0,9.46,26.006,32.6,1.553
2014-12-28,0.0,9.293,25.744,32.175,1.517
2014-12-29,0.0,9.189,25.344,31.756,1.481
2014-12-30,0.0,9.879,24.569,31.913,1.446
2014-12-31,0.0,8.762,25.575,31.444,1.339
2015-01-01,0.0,9.472,25.606,32.244,1.269
2015-01-02,0.0,9.743,25.019,32.069,1.162
2015-01-03,0.0,10.924,24.05,32.694,1.162
2015-01-04,0.0,10.473,24.394,32.406,1.091
2015-01-05,0.0,10.431,24.387,32.337,1.091
2015-01-06,0.0,10.907,23.5,32.219,1.056
2015-01-07,0.0,11.125,22.744,31.919,1.233
2015-01-08,0.0,9.566,24.581,31.462,1.02
2015-01-09,0.0,9.806,24.512,31.663,1.02
2015-01-10,0.0,9.828,25.113,32.125,1.02
2015-01-11,0.0,9.962,25.2,32.319,0.966
2015-01-12,0.0,9.263,25.337,31.631,0.966
2015-01-13,0.0,8.951,25.419,31.344,0.966
2015-01-14,0.0,8.782,24.894,30.731,0.966
2015-01-15,0.708,9.216,24.944,31.225,0.966
2015-01-16,0.135,9.031,24.444,30.613,0.966
2015-01-17,3.443,6.272,24.844,28.144,1.86
2015-01-18,2.022,8.385,24.119,29.619,1.481
2015-01-19,10.847,9.418,23.794,30.456,1.269
2015-01-20,6.919,7.989,24.469,29.45,1.091
2015-01-21,20.021,6.146,24.281,27.475,1.588
2015-01-22,1.684,8.096,24.131,29.256,1.127
2015-01-23,0.0,9.577,23.688,30.462,2.035
2015-01-24,0.136,8.2,24.094,29.3,1.773
2015-01-25,0.0,9.762,23.288,30.325,2.05
2015-01-26,0.0,8.204,24.606,29.681,1.411
2015-01-27,0.0,7.156,24.762,28.769,1.339
2015-01-28,0.0,8.82,24.325,30.062,1.091
2015-01-29,0.0,8.776,25.031,30.575,1.02
2015-01-30,0.0,10.129,25.106,32.013,1.02
2015-01-31,1.935,8.221,24.769,29.731,0.966
2015-02-01,0.0,9.733,24.631,31.156,0.939
2015-02-02,0.0,9.096,24.663,30.488,0.966
2015-02-03,0.0,8.704,25.188,30.494,0.966
2015-02-04,0.0,9.056,24.869,30.562,0.966
2015-02-05,0.0,8.177,25.712,30.369,0.939
2015-02-06,16.745,7.066,24.5,28.281,0.885
2015-02-07,0.0,8.671,23.938,29.387,0.885
2015-02-08,13.337,7.979,23.644,28.4,0.858
2015-02-09,0.0,9.115,23.469,29.4,0.858
2015-02-10,0.0,8.579,23.175,28.575,0.858
2015-02-11,0.0,8.176,23.894,28.75,0.858
2015-02-12,0.0,9.427,24.812,30.738,0.858
2015-02-13,0.0,8.052,25.225,29.706,0.858
2015-02-14,0.0,7.212,25.312,28.994,0.858
2015-02-15,0.0,8.921,25.756,30.925,0.858
2015-02-16,0.0,10.245,25.344,31.869,0.858
2015-02-17,0.0,9.709,24.756,30.831,0.858
2015-02-18,0.0,8.957,24.75,30.069,0.858
2015-02-19,0.0,7.997,25.012,29.356,0.858
2015-02-20,0.0,9.603,24.2,30.244,0.858
2015-02-21,0.0,10.584,24.387,31.35,0.858
2015-02-22,0.0,12.891,24.119,33.531,0.804
2015-02-23,0.0,11.852,24.938,33.019,0.804
2015-02-24,0.0,10.854,24.512,31.631,0.804
2015-02-25,0.2,9.943,24.356,30.569,0.777
2015-02-26,0.0,10.968,24.144,31.419,0.723
2015-02-27,0.0,10.074,24.975,31.15,0.696
2015-02-28,0.0,10.394,25.15,31.581,0.696
2015-03-01,0.299,9.915,25.5,31.381,0.669
2015-03-02,1.116,10.191,25.031,31.256,0.642
2015-03-03,0.0,11.585,24.062,31.881,0.588
2015-03-04,0.0,12.169,24.225,32.575,0.588
2015-03-05,0.0,12.053,24.475,32.612,0.588
2015-03-06,0.0,9.69,25.438,31.012,0.588
2015-03-07,0.0,9.776,25.231,30.925,0.588
2015-03-08,0.0,12.545,25.431,33.769,0.588
2015-03-09,0.0,9.983,25.337,31.175,0.588
2015-03-10,0.0,11.064,25.363,32.2,0.588
2015-03-11,0.0,11.835,25.288,32.888,0.534
2015-03-12,0.0,10.915,26.069,32.587,0.534
2015-03-13,0.0,11.071,25.569,32.325,0.534
2015-03-14,0.0,10.012,25.956,31.619,0.534
2015-03-15,0.0,10.769,25.631,32.056,0.534
2015-03-16,0.0,9.864,25.519,31.125,0.534
2015-03-17,0.0,9.152,25.175,30.169,0.507
2015-03-18,0.0,9.153,24.212,29.369,0.48
2015-03-19,0.0,8.779,23.494,28.444,0.48
2015-03-20,0.0,11.284,23.519,30.856,0.48
2015-03-21,0.0,10.964,23.462,30.488,0.48
2015-03-22,0.0,9.213,24.288,29.45,0.928
2015-03-23,0.0,11.448,24.137,31.456,0.939
2015-03-24,0.0,9.768,24.712,30.294,0.75
2015-03-25,0.0,9.98,24.781,30.55,0.615
2015-03-26,0.0,11.087,25.131,31.85,0.588
2015-03-27,0.0,10.552,25.5,31.625,0.48
2015-03-28,0.598,9.221,25.669,30.544,0.534
2015-03-29,19.978,9.184,25.019,29.962,0.48
2015-03-30,0.481,10.678,23.962,30.506,0.588
2015-03-31,0.726,10.534,24.469,30.769,1.162
2015-04-01,0.0,9.679,24.975,30.375,1.411
2015-04-02,0.0,9.893,25.319,30.85,0.507
2015-04-03,0.0,8.911,24.781,29.506,0.507
2015-04-04,13.397,10.062,24.756,30.538,0.446
2015-04-05,5.102,10.872,25.294,31.706,0.507
2015-04-06,0.383,10.816,24.788,31.256,0.615
2015-04-07,2.709,10.794,24.9,31.319,0.696
2015-04-08,6.2,10.326,24.969,30.938,0.669
2015-04-09,0.0,10.127,24.981,30.756,0.588
2015-04-10,3.166,10.522,25.5,31.531,2.122
2015-04-11,5.15,8.737,25.288,29.762,3.172
2015-04-12,0.0,11.814,24.694,32.131,1.947
2015-04-13,4.043,8.937,25.837,30.394,1.773
2015-04-14,6.911,10.514,24.931,31.062,1.553
2015-04-15,12.508,7.532,24.806,28.344,1.304
2015-04-16,0.885,9.757,24.038,29.656,1.517
2015-04-17,9.108,10.575,23.744,30.244,1.197
2015-04-18,6.454,11.199,24.238,31.2,1.02
2015-04-19,9.594,9.281,24.531,29.625,0.858
2015-04-20,16.04,10.346,24.406,30.538,0.75
2015-04-21,26.629,11.425,24.631,31.738,11.51
2015-04-22,5.972,11.735,24.469,31.906,12.21
2015-04-23,0.0,10.8,25.456,31.8,3.276
2015-04-24,0.0,9.547,25.938,31.062,2.165
2015-04-25,8.626,7.527,25.869,29.288,1.86
2015-04-26,2.873,10.72,25.288,31.594,1.162
2015-04-27,0.0,10.368,26.519,32.269,1.446
2015-04-28,0.546,9.896,26.119,31.519,1.659
2015-04-29,0.546,9.003,26.125,30.744,1.481
2015-04-30,15.212,8.422,25.137,29.419,1.304
2015-05-01,11.278,9.594,25.081,30.419,1.162
2015-05-02,1.067,9.817,25.075,30.625,1.162
2015-05-03,3.521,9.307,25.019,30.131,1.091
2015-05-04,3.969,11.145,24.337,31.306,1.056
2015-05-05,7.809,9.515,25.15,30.425,1.02
2015-05-06,0.0,9.555,25.95,31.131,2.755
2015-05-07,2.988,11.22,24.706,31.706,1.947
2015-05-08,0.433,11.279,25.538,32.4,1.339
2015-05-09,0.294,9.918,25.788,31.363,1.126
2015-05-10,7.267,10.655,25.481,31.794,0.993
2015-05-11,0.088,9.708,25.425,30.856,0.831
2015-05-12,0.0,11.41,26.294,33.175,1.758
2015-05-13,0.247,8.799,26.637,31.075,1.694
2015-05-14,4.331,8.746,25.869,30.425,1.904
2015-05-15,5.823,7.936,25.344,29.262,2.165
2015-05-16,8.749,9.114,24.169,29.337,2.609
2015-05-17,13.842,8.992,24.219,29.269,1.817
2015-05-18,9.854,8.798,24.6,29.419,1.817
2015-05-19,8.642,8.618,24.844,29.469,2.556
2015-05-20,3.333,9.45,25.25,30.556,2.295
2015-05-21,16.732,8.414,25.275,29.65,2.47
2015-05-22,4.787,8.892,24.831,29.7,2.208
2015-05-23,0.313,10.41,26.0,32.1,1.588
2015-05-24,22.311,8.078,24.919,29.113,1.991
2015-05-25,26.879,8.275,24.425,28.837,3.18
2015-05-26,6.977,9.912,24.406,30.363,8.517
2015-05-27,13.372,9.532,24.881,30.394,8.283
2015-05-28,32.171,6.553,24.394,27.35,32.39
2015-05-29,5.201,8.966,24.194,29.3,18.48
2015-05-30,6.493,9.986,23.637,29.856,9.222
2015-05-31,5.776,10.696,24.731,31.425,7.5
2015-06-01,1.046,8.895,25.35,30.212,3.707
2015-06-02,0.0,9.136,26.2,31.137,2.912
2015-06-03,9.591,9.282,24.625,29.994,5.433
2015-06-04,8.322,9.187,25.244,30.4,23.51
2015-06-05,12.674,6.858,24.719,27.906,11.15
2015-06-06,0.0,9.996,24.438,30.531,8.596
2015-06-07,20.039,7.953,24.856,28.994,6.07
2015-06-08,20.427,9.601,23.831,29.675,12.21
2015-06-09,7.393,7.771,23.994,28.113,27.15
2015-06-10,8.768,8.876,24.212,29.312,13.6
2015-06-11,0.966,11.07,24.169,31.419,9.763
2015-06-12,2.077,10.848,24.525,31.512,5.947
2015-06-13,10.968,10.613,25.006,31.613,3.595
2015-06-14,6.616,9.783,25.663,31.344,2.652
2015-06-15,16.771,10.697,25.144,31.8,6.014
2015-06-16,0.0,10.775,26.231,32.756,4.116
2015-06-17,5.641,10.986,25.269,32.2,3.172
2015-06-18,1.992,10.101,26.044,31.962,2.208
2015-06-19,0.0,11.444,26.7,33.794,1.773
2015-06-20,2.935,10.298,25.625,31.806,1.624
2015-06-21,6.117,9.987,24.756,30.85,1.411
2015-06-22,5.64,10.113,24.706,30.9,1.304
2015-06-23,0.0,10.744,26.594,33.019,3.328
2015-06-24,3.778,12.002,26.544,34.2,1.754
2015-06-25,0.0,10.982,26.819,33.444,1.233
2015-06-26,2.307,9.371,26.731,31.881,1.162
2015-06-27,1.771,9.76,26.488,32.038,1.091
2015-06-28,4.79,10.481,25.775,32.112,0.966
2015-06-29,3.469,9.616,24.95,30.625,0.858
2015-06-30,3.453,10.596,24.962,31.569,0.696
2015-07-01,0.23,12.007,25.125,33.119,0.615
2015-07-02,0.0,10.486,26.95,33.05,0.561
2015-07-03,0.0,10.535,26.894,33.05,0.534
2015-07-04,0.343,10.56,25.706,32.125,0.507
2015-07-05,6.46,8.619,26.331,30.819,0.48
2015-07-06,10.585,9.758,24.887,30.675,0.446
2015-07-07,13.462,7.819,24.575,28.663,2.426
2015-07-08,13.317,10.605,23.869,30.706,2.035
2015-07-09,0.0,10.706,24.775,31.519,1.73
2015-07-10,13.776,8.715,24.863,29.7,1.482
2015-07-11,10.053,8.66,25.075,29.844,2.122
2015-07-12,9.701,8.616,24.919,29.619,2.713
2015-07-13,9.642,10.318,24.2,30.656,3.714
2015-07-14,0.524,9.776,24.869,30.681,4.413
2015-07-15,18.052,8.076,24.619,28.881,4.592
2015-07-16,6.354,8.493,24.637,29.288,15.67
2015-07-17,10.002,10.204,24.337,30.631,11.15
2015-07-18,7.369,8.539,24.975,29.594,6.414
2015-07-19,4.624,8.853,24.288,29.294,2.556
2015-07-20,9.475,8.566,23.919,28.744,3.997
2015-07-21,3.227,9.8,24.438,30.306,3.172
2015-07-22,5.504,9.378,24.913,30.281,6.036
2015-07-23,8.76,8.69,24.144,28.994,7.735
2015-07-24,0.0,11.664,24.637,32.263,12.06
2015-07-25,0.0,11.47,26.269,33.337,9.763
2015-07-26,0.0,10.412,25.894,32.025,8.283
2015-07-27,8.057,8.751,25.938,30.544,6.953
2015-07-28,0.0,10.585,25.181,31.594,5.098
2015-07-29,7.886,11.183,25.181,32.163,3.938
2015-07-30,1.895,9.904,24.269,30.212,3.536
2015-07-31,0.503,10.94,24.744,31.594,2.165
2015-08-01,4.418,9.915,25.538,31.225,5.768
2015-08-02,1.792,10.789,25.7,32.169,5.165
2015-08-03,0.622,12.117,25.312,33.15,4.295
2015-08-04,2.358,9.644,26.275,31.556,3.224
2015-08-05,0.0,11.189,26.712,33.35,1.694
2015-08-06,3.165,10.392,26.081,32.094,1.411
2015-08-07,3.185,9.784,26.169,31.575,1.02
2015-08-08,7.401,8.789,25.506,30.137,1.81
2015-08-09,6.224,8.229,24.481,28.781,12.21
2015-08-10,1.857,10.626,24.238,30.819,7.187
2015-08-11,7.265,10.327,24.625,30.844,5.031
2015-08-12,1.59,11.686,24.45,32.0,5.616
2015-08-13,7.256,8.751,25.8,30.325,8.83
2015-08-14,17.293,8.817,24.575,29.356,16.6
2015-08-15,5.945,9.532,24.819,30.206,6.014
2015-08-16,5.23,9.954,24.9,30.656,31.02
2015-08-17,9.814,9.998,24.8,30.619,89.7
2015-08-18,6.454,11.446,24.538,31.812,79.28
2015-08-19,0.0,9.524,26.125,31.256,52.05
2015-08-20,2.596,9.163,25.825,30.694,35.59
2015-08-21,11.253,8.922,25.087,29.856,31.75
2015-08-22,3.629,10.067,25.269,31.044,20.54
2015-08-23,10.269,8.377,25.106,29.394,6.852
2015-08-24,16.797,8.345,24.594,28.944,92.45
2015-08-25,14.097,7.56,24.931,28.569,79.07
2015-08-26,23.945,8.631,24.575,29.163,58.17
2015-08-27,1.077,11.218,24.5,31.531,163.6
2015-08-28,0.0,9.397,25.425,30.55,15.66
2015-08-29,6.166,10.126,25.406,31.225,12.63
2015-08-30,0.596,9.335,25.425,30.494,10.23
2015-08-31,3.925,11.859,25.356,32.819,8.361
2015-09-01,3.591,8.893,25.562,30.212,17.6
2015-09-02,1.883,9.835,25.006,30.606,11.98
2015-09-03,9.754,10.885,24.981,31.587,9.293
2015-09-24,13.748,9.058,24.8,29.856,2.339
2015-09-25,0.0,11.105,24.844,31.856,1.991
2015-09-26,5.066,9.705,25.863,31.344,2.296
2015-09-27,1.009,10.068,25.762,31.613,2.078
2015-09-28,3.278,10.558,25.425,31.819,2.339
2015-09-29,0.563,9.291,25.725,30.881,3.432
2015-09-30,17.244,10.448,25.087,31.481,2.661
2015-10-01,5.716,9.363,24.65,30.094,13.06
2015-10-02,2.543,10.763,24.887,31.656,18.45
2015-10-03,5.86,9.98,25.294,31.244,15.76
2015-10-04,5.512,10.782,25.15,31.931,6.092
2015-10-05,0.0,10.903,25.319,32.188,4.056
2015-10-06,10.246,9.621,25.738,31.3,3.64
2015-10-07,5.379,8.495,25.75,30.281,22.92
2015-10-08,1.792,10.163,25.506,31.669,7.266
2015-10-09,13.514,9.085,25.438,30.594,4.971
2015-10-10,0.0,9.18,25.238,30.544,2.86
2015-10-11,3.889,9.101,24.769,30.106,23.01
2015-10-12,0.224,10.515,24.669,31.431,7.668
2015-10-13,20.565,8.675,24.663,29.637,3.543
2015-10-14,12.668,7.802,24.656,28.863,7.5
2015-10-15,2.259,9.597,24.4,30.363,8.83
2015-10-16,14.987,8.268,24.488,29.169,6.293
2015-10-17,0.704,10.926,24.656,31.95,7.031
2015-10-18,3.42,10.024,25.625,31.831,3.328
2015-10-19,0.0,10.541,25.344,32.144,4.563
2015-10-20,2.75,10.107,25.181,31.6,2.339
2015-10-21,21.401,10.04,24.894,31.325,12.11
2015-10-22,0.0,10.586,25.087,32.062,5.281
2015-10-23,24.921,9.334,25.681,31.294,3.068
2015-10-24,17.771,7.137,25.238,28.9,1.817
2015-10-25,8.061,8.803,24.688,30.025,8.752
2015-10-26,0.409,8.636,24.212,29.469,6.36
2015-10-27,19.576,9.327,23.863,29.919,3.714
2015-10-28,5.117,9.086,24.606,30.319,2.704
2015-10-29,6.454,9.982,24.7,31.312,3.767
2015-10-30,32.421,9.69,25.0,31.269,4.294
2015-10-31,0.0,8.881,24.956,30.419,3.276
2015-11-01,7.629,9.685,24.488,30.9,2.704
2015-11-02,0.606,8.54,24.119,29.488,2.513
2015-11-03,0.0,9.742,24.225,30.8,2.165
2015-11-04,24.606,9.573,24.25,30.663,108.0
2015-11-05,9.374,8.233,24.381,29.413,16.29
2015-11-06,3.797,8.412,24.544,29.744,10.23
2015-11-07,0.078,9.685,24.337,30.919,18.81
2015-11-08,1.292,7.801,25.294,29.794,9.514
2015-11-09,4.073,7.143,24.95,28.887,20.16
2015-11-10,9.292,10.018,24.05,31.144,18.58
2015-11-11,6.326,9.067,24.238,30.281,27.42
2015-11-12,1.014,10.446,24.7,32.156,10.69
2015-11-13,2.548,9.576,24.887,31.406,7.813
2015-11-14,16.336,7.9,25.5,30.156,5.232
2015-11-15,35.769,7.463,25.637,29.875,4.056
2015-11-16,50.082,5.793,24.625,27.469,5.913
2015-11-17,28.169,7.361,23.587,28.081,12.73
2015-11-18,6.459,7.567,24.375,28.975,12.85
2015-11-19,20.79,7.995,24.394,29.456,7.422
2015-11-20,0.0,9.261,24.663,31.025,5.299
2015-11-21,3.233,9.682,24.794,31.6,4.294
2015-11-22,0.0,9.038,24.919,31.019,15.42
2015-11-23,0.195,9.46,24.356,31.044,5.106
2015-11-24,13.217,8.232,25.106,30.344,3.588
2015-11-25,8.841,9.43,24.444,31.125,5.299
2015-11-26,0.546,9.326,25.094,31.525,3.766
2015-11-27,14.446,8.404,24.5,30.081,10.6
2015-11-28,20.719,6.674,25.262,28.944,31.88
2015-11-29,0.0,10.141,24.044,31.688,31.02
2015-11-30,0.0,8.48,25.369,30.919,12.21
2015-12-01,0.0,7.339,25.688,30.025,5.866
2015-12-02,0.0,8.296,26.031,31.269,3.938
2015-12-03,14.311,7.771,25.725,30.481,3.276
2015-12-04,32.006,8.37,25.05,30.581,50.58
2015-12-05,15.62,9.708,25.55,32.438,16.19
2015-12-06,0.991,9.683,25.038,32.025,7.657
2015-12-07,14.155,9.389,24.669,31.406,11.15
2015-12-08,45.78,8.959,25.087,31.281,13.53
2015-12-09,3.188,7.924,24.975,30.087,7.266
2015-12-10,0.0,8.681,25.4,31.244,6.103
2015-12-11,0.0,8.165,25.375,30.688,4.221
2015-12-12,0.0,9.511,25.306,32.1,4.413
2015-12-13,18.592,7.777,25.206,30.131,6.418
2015-12-14,25.843,8.157,25.044,30.4,13.54
2015-12-15,5.833,8.74,24.906,30.944,8.283
2015-12-16,0.628,8.723,24.819,30.85,5.634
2015-12-17,0.114,9.232,24.65,31.294,7.031
2015-12-18,1.28,8.22,24.856,30.325,4.131
2015-12-19,0.187,9.799,25.119,32.288,7.135
2015-12-20,0.25,9.085,25.481,31.794,4.235
2015-12-21,0.0,9.219,25.644,32.05,4.651
2015-12-22,0.0,9.249,25.475,31.95,3.172
2015-12-23,0.0,9.381,25.631,32.219,4.831
2015-12-24,0.0,9.078,25.663,31.919,4.056
2015-12-25,0.0,10.12,25.556,33.006,2.035
2015-12-26,0.0,9.99,25.938,33.138,1.86
2015-12-27,0.0,9.462,25.456,32.163,2.122
2015-12-28,0.0,8.915,25.831,31.85,2.035
2015-12-29,0.0,8.634,25.775,31.494,1.782
2015-12-30,0.0,9.41,25.906,32.431,1.553
2015-12-31,0.0,8.838,26.65,32.394,1.553
2016-01-02,0.0,7.849,25.269,30.2,2.049
2016-01-03,0.0,9.807,24.025,31.381,2.966
2016-01-04,0.0,9.228,24.5,31.062,2.007
2016-01-05,0.391,8.128,24.538,29.869,1.666
2016-01-06,0.0,8.615,24.9,30.694,1.415
2016-01-07,0.0,8.894,24.587,30.75,1.273
2016-01-08,0.0,9.519,25.288,31.969,1.198
2016-01-09,0.0,8.463,25.113,30.669,1.127
2016-01-10,0.0,9.332,24.238,30.919,1.087
2016-01-11,0.0,9.387,24.081,30.831,1.131
2016-01-12,0.0,9.238,23.488,30.181,1.268
2016-01-13,0.0,9.564,24.05,30.981,1.233
2016-01-14,0.0,9.63,24.006,30.975,0.911
2016-01-15,0.0,10.165,23.694,31.325,1.126
2016-01-16,0.0,8.776,24.962,30.756,1.127
2016-01-17,0.0,9.738,24.188,31.188,1.091
2016-01-18,0.0,7.283,25.275,29.469,1.091
2016-01-19,0.582,8.578,25.012,30.544,1.091
2016-01-20,0.0,10.372,24.406,31.988,1.087
2016-01-21,0.0,9.159,24.606,30.8,1.018
2016-01-22,0.0,9.922,24.756,31.706,0.919
2016-01-23,0.0,7.622,25.163,29.631,0.912
2016-01-24,4.35,6.953,24.881,28.725,0.909
2016-01-25,0.0,9.465,24.65,31.075,0.861
2016-01-26,0.0,9.162,24.744,30.788,0.858
2016-01-27,0.0,10.06,24.794,31.756,0.855
2016-01-28,1.404,7.845,25.469,29.988,0.807
2016-01-29,5.785,7.756,25.481,29.906,0.804
2016-01-30,0.0,9.525,25.125,31.387,0.801
2016-01-31,0.0,9.14,24.306,30.325,0.753
2016-02-01,0.0,10.439,23.556,31.1,0.75
2016-02-02,0.0,9.243,24.625,30.625,0.75
2016-02-03,0.0,9.831,25.156,31.637,0.75
2016-02-04,0.0,9.32,25.113,31.05,0.75
2016-02-05,0.127,9.657,24.512,30.9,0.723
2016-02-06,0.0,10.746,24.613,32.106,0.696
2016-02-07,0.0,10.115,24.825,31.575,0.696
2016-02-08,0.0,8.217,25.663,30.325,0.696
2016-02-09,0.0,8.807,25.475,30.725,0.693
2016-02-10,0.771,6.846,25.938,29.275,0.645
2016-02-11,0.0,9.25,25.762,31.337,0.642
2016-02-12,0.0,9.485,25.531,31.356,0.642
2016-02-13,0.0,9.111,25.35,30.825,0.642
2016-02-14,0.0,10.071,25.425,31.812,0.642
2016-02-15,4.513,9.824,25.581,31.663,0.615
2016-02-16,0.0,9.362,25.663,31.25,0.588
2016-02-17,6.001,9.57,25.119,30.994,0.588
2016-02-18,0.0,9.674,25.981,31.775,0.588
2016-02-19,0.0,10.602,25.969,32.65,0.588
2016-02-20,0.0,10.359,26.15,32.531,0.588
2016-02-21,0.0,9.01,25.45,30.631,0.585
2016-02-22,0.0,10.133,24.762,31.169,0.537
2016-02-23,0.0,10.738,25.356,32.2,0.534
2016-02-24,0.0,9.632,25.494,31.194,0.534
2016-02-25,4.296,7.914,26.244,30.238,0.534
2016-02-26,0.0,9.561,24.775,30.55,0.534
2016-02-27,0.0,9.262,24.938,30.363,0.534
2016-02-28,0.0,8.856,25.2,30.175,0.531
2016-02-29,0.0,8.255,25.35,29.719,0.483
2016-03-01,0.0,8.505,25.181,29.8,0.48
2016-03-02,0.0,10.162,24.894,31.119,0.48
2016-03-03,0.0,9.71,25.312,30.988,0.48
2016-03-04,1.833,10.1,25.431,31.431,0.48
2016-03-05,0.0,10.775,25.188,31.869,0.463
2016-03-06,0.0,10.451,24.975,31.381,0.446
2016-03-07,0.0,10.02,24.669,30.688,0.446
2016-03-08,0.0,11.917,24.788,32.638,0.446
2016-03-09,0.0,11.617,25.212,32.638,0.446
2016-03-10,4.85,11.945,25.512,33.163,0.446
2016-03-11,6.766,11.953,25.387,33.062,0.446
2016-03-12,0.0,11.366,25.469,32.55,0.446
2016-03-13,0.0,10.541,25.344,31.631,0.446
2016-03-14,0.0,12.375,24.331,32.644,0.444
2016-03-15,0.0,12.513,24.688,33.031,0.414
2016-03-16,0.0,9.909,25.788,31.363,0.412
2016-03-17,1.194,9.198,25.837,30.75,0.412
2016-03-18,0.178,11.268,25.812,32.619,0.412
2016-03-19,0.177,9.833,25.925,31.363,0.412
2016-03-20,5.613,9.223,25.781,30.688,0.412
2016-03-21,0.0,9.089,25.556,30.381,0.412
2016-03-22,0.714,10.119,26.131,31.775,0.412
2016-03-23,0.0,10.197,26.819,32.394,0.412
2016-03-24,0.0,11.504,25.181,32.288,0.412
2016-03-25,0.0,13.884,25.575,34.913,0.41
2016-03-26,0.0,11.907,25.531,32.925,0.38
2016-03-27,0.0,11.751,25.95,33.106,0.378
2016-03-28,0.0,12.109,25.531,33.1,0.378
2016-03-29,0.0,12.009,25.525,33.0,0.378
2016-03-30,0.0,9.624,25.975,31.144,0.378
2016-03-31,1.273,12.507,24.756,32.888,0.376
2016-04-01,0.0,10.769,25.869,32.069,0.346
2016-04-02,0.0,12.862,25.819,34.013,0.344
2016-04-03,0.0,12.047,25.35,32.862,0.344
2016-04-04,3.789,11.27,26.25,32.85,0.344
2016-04-05,0.0,12.802,25.731,33.906,0.344
2016-04-06,0.0,11.072,25.275,31.881,0.344
2016-04-07,0.0,9.456,26.056,31.069,0.344
2016-04-08,0.0,9.614,26.406,31.481,0.344
2016-04-09,0.0,10.51,26.244,32.144,0.344
2016-04-10,0.0,8.494,26.081,30.225,0.344
2016-04-11,0.0,9.829,25.319,30.775,0.344
2016-04-12,0.0,8.504,24.594,28.988,0.344
2016-04-13,0.0,10.209,24.613,30.538,0.344
2016-04-14,0.0,11.693,24.406,31.806,0.344
2016-04-15,0.0,10.528,25.531,31.575,0.344
2016-04-16,0.0,11.291,26.012,32.669,0.344
2016-04-17,10.897,11.266,25.288,32.069,0.348
2016-04-18,0.584,11.927,25.344,32.769,0.445
2016-04-19,34.76,8.665,25.762,30.113,1.232
2016-04-20,2.356,9.883,25.231,30.75,9.937
2016-04-21,2.407,11.586,25.65,32.675,6.325
2016-04-22,12.926,10.048,26.294,31.769,3.4
2016-04-23,43.585,8.061,25.481,29.394,2.389
2016-04-24,27.096,4.925,25.306,26.931,4.739
2016-04-25,5.654,11.07,24.363,31.188,13.039
2016-04-26,6.147,10.121,25.312,31.069,7.324
2016-04-27,11.704,8.859,24.738,29.481,5.971
2016-04-28,12.332,8.455,25.406,29.706,5.391
2016-04-29,4.921,12.172,25.0,32.8,21.18
2016-04-30,8.607,9.675,25.413,30.788,10.26
2016-05-01,5.523,8.479,25.181,29.506,5.26
2016-05-02,0.241,10.425,24.506,30.75,13.992
2016-05-03,10.223,10.643,25.169,31.475,26.084
2016-05-04,6.573,10.781,25.481,31.856,31.466
2016-05-05,0.0,10.556,25.631,31.788,22.059
2016-05-06,13.432,7.47,25.519,28.975,11.967
2016-05-07,3.099,10.7,24.2,30.812,4.522
2016-05-08,8.825,7.966,24.506,28.544,3.799
2016-05-09,7.555,9.305,24.462,29.75,12.666
2016-05-10,21.515,6.985,23.769,27.087,120.093
2016-05-11,0.0,12.012,23.806,31.85,60.514
2016-05-12,0.0,10.869,25.244,31.837,19.155
2016-05-13,4.801,11.773,25.631,33.025,5.538
2016-05-14,19.907,8.93,25.031,29.863,14.719
2016-05-15,0.0,11.702,25.45,32.831,27.245
2016-05-16,3.706,9.337,25.944,31.006,20.961
2016-05-17,3.609,8.366,26.425,30.569,7.792
2016-05-18,5.136,7.908,25.575,29.45,3.93
2016-05-19,0.0,8.579,25.644,30.119,2.766
2016-05-20,2.187,7.972,26.387,30.238,3.944
2016-05-21,4.138,10.493,25.65,31.869,7.076
2016-05-22,12.402,9.613,25.425,30.913,6.047
2016-05-23,3.444,10.0,25.519,31.325,4.718
2016-05-24,17.189,8.251,25.719,29.919,4.366
2016-05-25,5.575,7.36,26.212,29.6,25.391
2016-05-26,14.996,9.998,24.488,30.531,33.575
2016-05-27,16.344,9.792,24.244,30.119,168.583
2016-05-28,1.873,10.24,25.094,31.244,54.868
2016-05-29,31.933,6.259,24.831,27.519,205.628
2016-05-30,0.0,10.998,24.219,31.306,150.83
2016-05-31,5.22,10.003,24.2,30.363,22.252
2016-06-01,11.918,8.575,24.4,29.169,10.93
2016-06-02,10.355,11.0,24.081,31.244,13.323
2016-06-04,0.0,12.576,23.294,32.306,213.488
2016-06-05,0.0,10.69,25.094,31.738,150.676
2016-06-06,7.963,9.702,24.806,30.575,100.558
2016-06-07,1.867,9.877,24.456,30.425,50.877
2016-06-08,0.0,9.728,25.038,30.8,11.54
2016-06-09,10.67,10.877,24.631,31.575,17.512
2016-06-10,14.712,9.506,24.812,30.425,17.391
2016-06-11,3.692,10.363,24.506,30.988,15.502
2016-06-12,4.185,11.225,24.381,31.756,11.382
2016-06-13,11.169,8.235,25.769,30.012,18.323
2016-06-14,16.735,6.09,24.644,27.288,8.891
2016-06-15,11.296,10.119,23.962,30.325,7.881
2016-06-16,0.0,11.594,25.269,32.819,6.233
2016-06-17,2.873,10.618,25.481,32.013,4.301
2016-06-18,11.568,8.842,25.394,30.262,3.12
2016-06-19,21.63,8.254,24.756,29.181,13.382
2016-06-20,11.075,7.947,24.669,28.844,7.207
2016-06-21,9.121,10.366,23.75,30.413,12.251
2016-06-22,4.192,10.109,24.55,30.8,9.269
2016-06-23,12.248,9.726,24.556,30.45,18.888
2016-06-24,23.395,7.311,24.706,28.312,19.466
2016-06-25,0.895,10.87,24.525,31.519,120.271
2016-06-26,7.979,9.999,24.512,30.669,63.794
2016-06-27,0.0,10.927,25.375,32.244,44.89
2016-06-28,5.048,11.364,24.319,31.85,23.421
2016-06-29,11.815,10.782,24.819,31.637,12.353
2016-06-30,8.526,10.751,25.337,32.025,24.438
2016-07-01,8.155,9.212,24.325,29.738,21.388
2016-07-02,10.837,8.755,24.756,29.65,14.394
2016-07-03,7.134,9.282,24.387,29.844,9.459
2016-07-04,4.031,9.101,24.675,29.938,7.436
2016-07-05,4.219,8.456,24.55,29.188,8.507
2016-07-06,7.578,10.115,24.369,30.631,7.023
2016-07-07,1.097,10.672,24.781,31.488,5.809
2016-07-08,10.95,9.992,25.281,31.212,4.63
2016-07-09,2.767,10.412,25.575,31.856,8.693
2016-07-10,13.423,10.058,24.719,30.819,23.948
2016-07-11,0.283,10.35,25.012,31.325,15.916
2016-07-12,14.543,10.039,23.962,30.231,11.411
2016-07-13,16.262,11.069,23.863,31.156,10.031
2016-07-14,2.731,10.21,24.294,30.644,9.715
2016-07-15,11.213,9.58,24.35,30.044,6.566
2016-07-16,14.161,8.406,24.238,28.856,5.332
2016-07-17,3.443,9.499,24.706,30.25,6.556
2016-07-18,30.784,10.068,23.688,29.981,27.046
2016-07-19,0.0,11.086,23.819,31.1,14.024
2016-07-20,12.036,10.094,24.056,30.281,7.324
2016-07-21,11.506,8.32,24.594,29.044,7.919
2016-07-22,9.252,9.867,24.325,30.256,7.609
2016-07-23,6.15,7.51,24.656,28.381,6.735
2016-07-24,0.497,9.912,23.55,29.675,9.611
2016-07-25,7.267,11.102,23.756,31.012,6.905
2016-07-26,1.699,9.53,25.219,30.688,5.946
2016-07-27,1.195,9.074,24.781,29.85,5.038
2016-07-28,10.185,11.541,23.413,31.2,6.914
2016-07-29,7.752,8.921,24.556,29.531,4.827
2016-07-30,8.871,9.74,24.256,30.025,4.198
2016-07-31,0.155,10.047,24.175,30.262,3.476
2016-08-01,2.706,10.793,24.875,31.525,2.783
2016-08-02,4.077,10.071,24.819,30.788,1.88
2016-08-03,4.97,8.84,24.837,29.656,1.289
2016-08-04,4.069,8.696,24.05,28.856,1.266
2016-08-05,0.0,12.099,24.625,32.625,4.193
2016-08-06,0.311,10.314,24.906,31.044,11.664
2016-08-07,12.939,8.933,25.188,30.006,13.295
2016-08-08,0.0,9.465,25.712,30.919,6.949
2016-08-09,0.1,10.887,25.625,32.156,6.621
2016-08-10,12.754,9.705,24.494,30.137,5.397
2016-08-11,0.532,10.579,24.75,31.15,14.294
2016-08-12,9.506,11.087,24.619,31.55,7.628
2016-08-13,6.846,9.431,24.775,30.113,5.593
2016-08-14,16.339,8.658,24.975,29.538,13.887
2016-08-15,0.701,9.996,25.1,30.863,6.813
2016-08-16,7.724,9.949,24.969,30.706,4.602
2016-08-17,0.0,9.885,25.706,31.238,3.364
2016-08-18,11.669,9.045,25.094,29.969,2.686
2016-08-19,0.327,10.387,24.681,30.894,3.259
2016-08-20,3.072,9.838,25.031,30.644,7.425
2016-08-21,1.81,11.292,25.019,32.013,6.293
2016-08-22,0.0,10.284,25.344,31.306,5.527
2016-08-23,15.087,10.346,25.319,31.356,5.52
2016-08-24,8.701,9.212,25.962,30.831,5.224
2016-08-25,3.718,9.283,24.956,30.069,5.105
2016-08-26,8.513,5.772,24.675,26.95,10.373
2016-08-27,0.0,11.274,23.369,30.712,5.25
2016-08-28,2.595,9.616,24.863,30.306,4.675
2016-08-29,2.61,11.495,25.169,32.319,3.531
2016-08-30,1.385,9.657,24.988,30.431,2.59
2016-08-31,12.05,7.862,25.131,28.981,2.385
2016-09-01,0.0,9.508,24.325,29.762,6.106
2016-09-02,2.029,8.739,24.5,29.194,3.037
2016-09-03,1.852,9.207,24.381,29.581,2.057
2016-09-04,1.767,8.623,24.881,29.438,1.92
2016-09-05,14.96,9.401,24.625,29.925,2.616
2016-09-06,11.809,9.331,24.569,29.812,40.045
2016-09-07,12.196,8.376,24.819,29.156,21.378
2016-09-08,1.171,10.58,24.413,30.875,7.118
2016-09-09,8.408,9.643,24.938,30.394,4.467
2016-09-10,0.87,9.549,24.856,30.256,7.885
2016-09-11,11.541,9.492,24.506,29.944,8.571
2016-09-12,1.767,7.435,24.569,28.156,10.434
2016-09-13,5.271,10.81,24.075,30.85,33.523
2016-09-14,6.164,10.644,24.806,31.294,27.85
2016-09-15,14.657,9.102,24.256,29.369,15.921
2016-09-16,0.0,11.5,24.438,31.863,6.952
2016-09-17,0.188,10.295,25.312,31.381,6.004
2016-09-18,16.562,9.401,24.844,30.175,5.361
2016-09-19,13.174,9.698,25.075,30.65,4.617
2016-09-20,5.735,9.608,25.163,30.65,5.982
2016-09-21,19.539,6.338,24.856,27.569,26.279
2016-09-22,3.89,8.43,24.069,28.681,7.941
2016-09-23,2.944,10.898,24.644,31.5,4.392
2016-09-24,8.471,7.832,25.25,29.156,6.444
2016-09-25,7.697,8.899,24.656,29.613,5.894
2016-09-26,6.937,9.272,24.262,29.669,14.487
2016-09-27,3.557,9.606,24.637,30.3,6.655
2016-09-28,0.0,10.081,25.094,31.119,5.578
2016-09-29,0.99,10.254,25.344,31.494,4.321
2016-09-30,0.0,9.686,24.969,30.675,19.826
2016-10-01,10.173,7.058,24.331,27.794,12.747
2016-10-02,0.0,10.256,24.0,30.494,22.445
2016-10-03,0.0,7.161,25.069,28.506,11.801
2016-10-04,0.0,10.336,25.631,31.875,5.62
2016-10-05,1.381,10.231,24.506,30.919,4.74
2016-10-06,10.916,8.589,24.594,29.413,4.684
2016-10-07,7.404,9.631,24.844,30.619,11.973
2016-10-08,0.592,9.746,24.488,30.469,6.594
2016-10-09,8.946,8.696,24.669,29.631,5.488
2016-10-10,6.687,9.898,24.094,30.356,16.067
2016-10-11,5.637,9.115,25.025,30.363,8.518
2016-10-12,10.347,5.958,24.344,27.006,6.155
2016-10-13,13.925,9.558,24.144,30.1,6.016
2016-10-14,6.31,9.453,24.956,30.694,14.418
2016-10-15,0.575,8.997,25.15,30.4,5.317
2016-10-16,9.711,8.184,24.894,29.475,3.821
2016-10-17,0.0,8.639,24.4,29.488,3.299
2016-10-18,17.717,8.098,24.556,29.1,5.355
2016-10-19,0.0,10.309,23.894,30.812,3.493
2016-10-20,0.0,11.35,24.744,32.569,3.173
2016-10-21,23.623,8.154,24.944,29.538,3.497
2016-10-22,6.129,10.248,24.35,31.169,9.172
2016-10-23,0.0,10.022,24.275,30.9,5.742
2016-10-24,10.748,8.659,24.562,29.762,5.758
2016-10-25,0.0,7.98,24.494,29.075,5.369
2016-10-26,4.906,6.173,24.494,27.45,4.87
2016-10-27,0.0,10.063,24.0,30.819,3.562
2016-10-28,8.225,9.912,23.956,30.675,2.781
2016-10-29,9.85,9.417,24.238,30.381,3.871
2016-10-30,3.082,10.268,23.981,31.113,18.474
2016-10-31,1.889,8.369,24.7,29.744,23.017
2016-11-01,1.898,6.233,24.312,27.431,19.295
2016-11-02,1.708,9.893,23.819,30.663,4.896
2016-11-03,3.753,6.961,24.394,28.206,3.236
2016-11-04,5.121,9.302,24.206,30.375,2.637
2016-11-05,14.206,8.352,24.825,29.913,3.595
2016-11-06,36.806,6.478,24.556,27.925,4.379
2016-11-07,17.044,6.496,24.562,27.95,5.656
2016-11-08,28.605,8.636,24.125,29.694,29.604
2016-11-09,2.192,10.022,23.913,31.056,19.249
2016-11-10,41.161,8.234,24.869,29.925,12.58
2016-11-11,11.556,7.864,25.125,29.781,8.387
2016-11-12,29.395,7.273,24.419,28.625,10.657
2016-11-13,21.138,8.694,24.475,30.137,12.983
2016-11-14,0.565,7.757,24.444,29.144,9.206
2016-11-15,7.076,7.56,24.169,28.75,6.7
2016-11-16,0.0,8.43,23.844,29.419,4.949
2016-11-17,13.646,7.486,24.05,28.606,6.513
2016-11-18,21.332,8.862,23.55,29.694,25.882
2016-11-19,17.926,6.913,23.438,27.631,22.878
2016-11-20,0.0,8.815,23.819,29.863,16.944
2016-11-21,0.0,8.652,24.238,30.038,10.58
2016-11-22,0.0,10.321,22.5,30.625,7.573
2016-11-23,0.0,9.329,23.681,30.394,5.57
2016-11-24,22.789,7.865,24.65,29.637,7.331
2016-11-25,31.713,6.848,24.4,28.356,21.944
2016-11-26,2.704,7.029,24.481,28.656,6.887
2016-11-27,0.0,6.711,24.375,28.256,4.609
2016-11-28,0.293,8.78,24.231,30.281,3.292
2016-11-29,0.0,5.997,24.9,28.025,2.638
2016-11-30,7.523,7.606,24.488,29.269,4.377
2016-12-01,11.276,7.216,24.688,29.05,3.775
2016-12-02,26.728,6.474,24.744,28.369,21.471
2016-12-03,7.247,8.772,23.7,29.925,21.767
2016-12-04,0.0,8.566,24.206,30.113,14.177
2016-12-05,10.317,7.876,24.4,29.519,7.384
2016-12-06,0.0,9.487,24.05,31.062,6.35
2016-12-07,12.863,8.139,24.288,29.738,5.462
2016-12-08,1.702,9.343,24.106,30.931,4.328
2016-12-09,17.618,8.808,23.819,30.113,5.208
2016-12-10,15.218,8.596,23.788,29.863,8.249
2016-12-11,12.799,9.8,24.044,31.456,32.006
2016-12-12,31.314,9.165,24.319,30.931,22.038
2016-12-13,13.196,9.061,24.762,31.163,13.934
2016-12-14,0.0,9.009,25.194,31.456,6.463
2016-12-15,0.0,8.546,25.219,30.975,4.74
2016-12-16,10.799,9.719,24.556,31.769,3.763
2016-12-17,0.0,9.503,24.794,31.7,3.07
2016-12-18,0.0,8.958,24.512,30.875,2.685
2016-12-19,0.0,9.898,24.994,32.312,2.399
2016-12-20,0.0,10.186,23.637,31.631,1.986
2016-12-21,0.0,7.943,24.075,29.381,2.403
2016-12-22,4.183,9.082,23.694,30.356,11.691
2016-12-23,0.0,9.058,23.794,30.406,12.899
2016-12-24,0.0,9.363,24.038,30.938,7.773
2016-12-25,41.368,8.768,24.306,30.469,6.285
2016-12-26,15.285,8.701,24.719,30.725,5.224
2016-12-27,3.03,9.594,24.35,31.438,3.937
2016-12-28,0.0,9.49,24.556,31.481,2.982
2016-12-29,0.0,9.462,24.488,31.381,2.709
2016-12-30,0.0,6.992,25.081,29.188,14.432
2016-12-31,0.715,9.086,24.594,31.031,14.507
2017-01-01,6.267,8.714,24.219,30.319,9.836
2017-01-02,0.0,9.69,24.369,31.506,6.854
2017-01-03,0.0,9.71,24.406,31.55,5.96
2017-01-04,0.0,8.79,24.244,30.363,5.181
2017-01-05,0.0,8.811,24.525,30.619,4.299
2017-01-06,0.494,8.65,24.025,30.025,3.166
2017-01-07,0.258,8.405,25.012,30.531,1.754
2017-01-08,28.715,7.232,24.363,28.775,1.712
2017-01-09,5.766,7.327,23.594,28.206,6.409
2017-01-10,1.394,9.406,23.975,30.756,6.129
2017-01-11,0.0,10.993,23.381,32.156,4.964
2017-01-12,0.0,11.108,22.244,31.431,3.872
2017-01-13,0.0,10.274,23.163,31.106,2.853
2017-01-14,0.0,8.239,23.781,29.262,1.927
2017-01-15,0.0,9.651,22.962,30.175,1.498
2017-01-16,0.0,10.271,22.688,30.675,1.242
2017-01-17,0.0,10.008,23.281,30.781,0.974
2017-01-18,0.0,9.283,23.206,29.875,0.891
2017-01-19,0.0,8.504,23.944,29.587,0.794
2017-01-20,0.0,9.291,23.669,30.206,0.79
2017-01-21,0.0,9.714,23.65,30.637,0.786
2017-01-22,0.0,9.014,23.087,29.4,0.724
2017-01-23,0.0,10.198,22.325,30.125,0.716
2017-01-24,0.0,10.122,22.831,30.413,0.654
2017-01-25,0.0,10.131,21.806,29.669,0.65
2017-01-26,0.0,10.658,24.406,32.156,0.633
2017-01-27,0.0,10.282,24.488,31.762,0.615
2017-01-28,0.0,9.76,24.819,31.438,0.613
2017-01-29,0.0,8.322,24.675,29.806,0.582
2017-01-30,0.0,7.604,25.256,29.556,0.58
2017-01-31,2.079,8.628,24.806,30.175,0.578
2017-02-01,0.0,9.28,24.725,30.756,0.545
2017-02-02,0.0,8.46,24.481,29.694,0.652
2017-02-03,0.0,9.199,24.038,30.081,1.971
2017-02-04,0.0,10.039,24.794,31.531,1.064
2017-02-05,0.0,11.086,24.7,32.556,0.965
2017-02-06,0.0,10.306,25.65,32.425,0.895
2017-02-07,1.281,8.483,24.944,29.988,0.825
2017-02-08,0.333,9.121,25.025,30.669,0.755
2017-02-09,0.0,9.593,24.306,30.556,0.648
2017-02-10,0.0,9.626,25.113,31.212,0.547
2017-02-11,0.0,11.568,24.175,32.519,0.545
2017-02-12,0.0,10.679,23.438,30.956,0.543
2017-02-13,3.834,10.883,23.438,31.144,0.512
2017-02-14,0.0,9.662,23.325,29.731,0.508
2017-02-15,1.33,11.023,23.525,31.3,0.477
2017-02-16,0.0,10.908,23.4,31.056,0.475
2017-02-17,0.0,10.367,23.387,30.444,0.473
2017-02-18,0.0,11.218,23.519,31.425,0.442
2017-02-19,3.121,10.729,24.544,31.675,0.44
2017-02-20,0.0,11.432,24.106,32.031,0.44
2017-02-21,0.0,9.931,24.106,30.475,0.423
2017-02-22,0.0,11.775,23.337,31.775,0.405
2017-02-23,0.0,12.175,23.075,31.975,0.405
2017-02-24,0.0,11.804,23.819,32.094,0.403
2017-02-25,0.0,12.956,22.975,32.694,0.372
2017-02-26,0.474,10.554,24.538,31.325,0.37
2017-02-27,4.72,9.761,24.806,30.731,0.37
2017-02-28,2.337,11.779,24.812,32.7,0.37
2017-03-01,0.737,11.941,24.456,32.575,0.37
2017-03-02,0.0,12.529,24.05,32.862,0.37
2017-03-03,1.678,10.702,25.188,31.85,0.37
2017-03-04,0.0,9.819,25.725,31.425,0.368
2017-03-05,1.604,11.268,25.587,32.694,0.337
2017-03-06,5.282,10.048,25.231,31.206,0.335
2017-03-07,11.364,11.052,24.288,31.425,0.335
2017-03-08,7.445,10.244,23.637,30.075,0.318
2017-03-09,0.0,11.026,23.6,30.837,0.3
2017-03-10,3.583,7.645,24.738,28.556,0.3
2017-03-11,5.929,10.236,24.431,30.656,0.3
2017-03-12,18.759,7.997,24.188,28.387,1.294
2017-03-13,0.0,11.824,23.944,31.831,3.446
2017-03-14,0.776,10.362,24.306,30.637,3.461
2017-03-15,5.888,8.082,23.731,28.006,1.715
2017-03-16,0.0,10.249,24.244,30.444,2.289
2017-03-17,0.0,12.033,23.869,31.919,1.495
2017-03-18,0.0,10.545,24.694,31.075,1.105
2017-03-19,0.0,10.376,24.031,30.375,0.965
2017-03-20,0.0,10.132,23.95,30.069,0.86
2017-03-21,0.0,10.92,24.025,30.894,0.755
2017-03-22,0.0,9.902,24.506,30.275,0.615
2017-03-23,22.686,6.474,23.962,26.812,0.492
2017-03-26,31.384,8.341,23.719,28.169,42.084
2017-03-27,0.0,11.253,23.569,30.781,28.36
2017-03-28,1.445,11.092,23.663,30.694,43.246
2017-03-29,0.0,8.446,24.488,28.875,29.976
2017-03-30,9.415,6.956,24.319,27.475,21.631
2017-03-31,1.298,11.025,24.137,30.969,19.791
2017-04-01,4.855,11.59,24.244,31.594,18.01
2017-04-02,0.0,10.527,25.5,31.569,16.16
2017-04-03,11.549,10.499,25.337,31.406,14.563
2017-04-04,0.0,11.501,25.194,32.231,9.324
2017-04-05,0.0,10.947,25.606,32.019,5.664
2017-04-06,0.0,11.159,26.006,32.538,4.313
2017-04-07,0.0,9.608,26.369,31.431,3.313
2017-04-08,0.194,8.66,25.731,30.094,3.381
2017-04-09,0.0,8.838,25.062,29.675,13.412
2017-04-10,0.0,10.995,23.725,30.594,10.226
2017-04-11,0.0,11.289,23.85,30.975,6.789
2017-04-12,0.0,10.393,24.331,30.488,4.928
2017-04-13,0.0,11.045,25.163,31.788,4.147
2017-04-14,7.641,7.204,26.019,29.137,3.448
2017-04-15,0.0,11.576,25.306,32.406,4.724
2017-04-16,0.0,8.698,26.694,30.925,33.567
2017-04-17,19.854,7.534,25.044,28.55,30.735
2017-04-18,0.0,9.049,25.519,30.231,22.391
2017-04-19,5.51,10.376,24.375,30.525,12.406
2017-04-20,0.119,7.276,24.506,27.887,5.867
2017-04-21,1.807,12.085,24.712,32.425,2.69
2017-04-22,5.687,11.379,24.656,31.719,20.236
2017-04-23,0.0,10.156,26.25,31.85,9.092
2017-04-24,5.105,9.295,25.363,30.35,4.588
2017-04-25,10.411,9.116,24.569,29.544,4.507
2017-04-27,0.0,11.219,24.725,31.637,88.318
2017-04-28,0.0,12.549,25.044,33.188,32.455
2017-04-29,25.352,10.33,25.444,31.369,51.531
2017-04-30,16.661,5.987,25.288,27.625,24.557
2017-05-01,2.481,11.224,24.069,31.156,9.148
2017-05-02,10.186,10.719,24.575,31.069,9.964
2017-05-03,9.779,9.675,24.387,29.931,7.074
2017-05-04,0.0,9.854,24.531,30.244,5.571
2017-05-05,34.884,8.065,25.075,29.087,5.022
2017-05-06,5.375,9.096,24.2,29.306,5.412
2017-05-07,8.11,10.522,24.038,30.494,8.047
2017-05-08,14.856,10.241,23.825,30.081,33.296
2017-05-09,8.031,7.612,24.438,28.194,41.59
2017-05-10,0.263,9.452,24.075,29.544,14.484
2017-05-11,4.589,9.286,24.756,29.931,8.002
2017-05-12,0.0,9.047,25.3,30.169,6.062
2017-05-13,1.591,10.684,24.406,30.994,5.306
2017-05-14,5.492,10.316,25.15,31.25,10.232
2017-05-15,6.813,8.459,24.931,29.363,7.646
2017-05-16,19.32,9.455,24.844,30.225,5.715
2017-05-17,15.69,10.673,24.512,31.125,4.501
2017-05-18,18.357,10.035,25.106,30.975,16.33
2017-05-19,0.0,11.155,25.05,32.006,22.711
2017-05-20,22.766,7.378,24.988,28.538,61.914
2017-05-21,0.0,7.445,24.956,28.562,94.261
2017-05-22,0.0,11.028,24.65,31.613,49.898
2017-05-23,10.497,10.652,24.969,31.519,25.964
2017-05-24,0.263,10.595,25.3,31.731,14.197
2017-05-25,20.599,8.407,25.894,30.188,7.361
2017-05-26,11.599,8.002,25.337,29.369,22.526
2017-05-27,27.03,8.915,24.744,29.688,11.149
2017-05-28,0.0,9.803,25.306,31.006,6.451
2017-05-29,20.977,8.031,24.569,28.769,5.607
2017-05-30,1.482,10.357,25.344,31.562,4.964
2017-05-31,11.442,9.541,25.094,30.581,4.444
2017-06-01,4.965,10.74,24.819,31.525,3.915
2017-06-02,1.614,11.626,25.094,32.631,3.291
2017-06-03,1.839,10.351,26.231,32.306,4.151
2017-06-04,5.602,9.503,25.506,30.9,18.156
2017-06-05,6.524,8.495,25.519,30.0,12.492
2017-06-06,0.0,10.032,25.625,31.544,7.899
2017-06-07,21.492,7.372,26.444,29.85,5.643
2017-06-08,10.696,6.467,24.794,27.675,6.256
2017-06-09,0.625,10.241,23.881,30.344,4.732
2017-06-10,2.801,10.202,24.381,30.719,11.552
2017-06-11,7.628,9.247,24.675,30.038,15.679
2017-06-12,19.392,7.181,24.044,27.631,16.291
2017-06-13,1.509,9.557,24.631,30.288,19.348
2017-06-14,17.299,10.172,24.175,30.531,21.119
2017-06-15,13.815,6.912,25.125,28.35,18.296
2017-06-16,3.068,9.367,24.7,30.181,9.252
2017-06-17,38.797,7.499,24.175,28.05,18.498
2017-06-18,10.808,10.595,24.488,31.219,12.056
2017-06-19,26.549,9.17,24.219,29.587,32.606
2017-06-20,5.887,9.646,24.525,30.306,24.171
2017-06-21,18.683,6.774,24.75,27.9,18.318
2017-06-22,12.977,9.518,24.569,30.225,13.508
2017-06-23,12.115,9.427,24.531,30.094,64.029
2017-06-24,0.0,10.214,25.4,31.575,15.451
2017-06-25,14.748,9.058,24.05,29.375,29.883
2017-06-26,13.13,7.914,24.738,28.881,34.65
2017-06-27,23.536,10.49,24.294,30.956,24.965
2017-06-28,7.336,8.94,24.519,29.631,15.155
2017-06-29,0.273,10.025,24.7,30.819,14.636
2017-06-30,16.222,9.098,24.262,29.562,16.526
2017-07-01,0.0,10.939,25.887,32.675,12.302
2017-07-02,15.436,9.501,25.256,30.75,19.048
2017-07-03,18.8,9.075,24.756,29.944,47.902
2017-07-04,7.823,9.421,25.75,31.106,23.601
2017-07-05,12.02,9.902,25.288,31.15,14.006
2017-07-06,12.203,9.282,25.375,30.631,6.793
2017-07-07,8.771,9.419,24.925,30.419,10.891
2017-07-08,11.172,10.723,25.231,31.9,32.376
2017-07-09,4.724,9.311,25.562,30.794,14.513
2017-07-10,1.924,9.799,25.606,31.312,11.929
2017-07-11,18.024,6.71,25.137,28.188,71.953
2017-07-12,19.06,9.344,24.35,29.831,56.558
2017-07-13,0.958,10.093,24.831,30.956,29.101
2017-07-14,12.685,8.27,24.481,28.938,18.257
2017-07-15,3.461,8.773,24.581,29.475,15.868
2017-07-16,7.586,10.405,24.413,30.9,20.786
2017-07-17,7.243,9.391,23.681,29.331,18.943
2017-07-18,2.128,9.45,25.094,30.519,16.048
2017-07-19,14.569,9.231,24.4,29.725,8.854
2017-07-20,2.157,8.026,24.962,29.087,7.115
2017-07-21,0.0,9.162,25.262,30.369,18.179
2017-07-22,6.596,10.849,24.656,31.488,9.877
2017-07-23,14.314,9.163,25.075,30.2,6.595
2017-07-24,0.0,10.46,25.069,31.413,5.722
2017-07-25,15.533,11.072,24.744,31.744,4.914
2017-07-26,12.91,9.395,24.462,29.894,4.075
2017-07-27,2.098,10.839,24.7,31.475,3.261
2017-07-28,7.746,8.59,25.425,29.956,18.604
2017-07-29,3.016,8.426,25.6,29.975,57.021
2017-07-30,8.841,6.615,25.306,28.194,34.004
2017-07-31,4.541,7.173,24.381,27.825,17.677
2017-08-01,0.668,11.118,23.419,30.788,9.966
2017-08-02,0.506,11.08,24.956,31.869,6.828
2017-08-03,0.147,10.945,25.319,32.019,5.96
2017-08-04,8.496,8.311,25.119,29.413,5.239
2017-08-05,5.652,9.944,24.531,30.413,4.321
2017-08-06,6.072,9.675,25.269,30.775,3.412
2017-08-07,9.475,8.002,25.15,29.163,18.824
2017-08-08,16.624,8.016,25.281,29.269,24.11
2017-08-09,11.761,7.35,25.625,29.006,20.174
2017-08-10,0.183,9.513,25.356,30.669,17.846
2017-08-11,18.157,8.682,24.438,29.144,14.913
2017-08-12,2.636,9.424,24.006,29.469,9.349
2017-08-13,0.1,9.925,24.881,30.637,6.473
2017-08-14,5.99,10.381,24.738,30.95,5.888
2017-08-15,0.616,9.976,25.294,30.994,5.239
2017-08-16,14.359,8.792,24.637,29.375,4.545
2017-08-17,0.625,9.519,24.744,30.125,8.417
2017-08-18,5.001,10.138,24.525,30.519,12.997
2017-08-19,7.758,7.655,25.569,29.181,6.076
2017-08-20,2.084,7.522,24.931,28.55,5.036
2017-08-21,10.333,10.77,24.188,30.85,4.119
2017-08-22,3.35,10.142,25.356,31.219,3.076
2017-08-23,13.791,8.764,24.613,29.325,18.615
2017-08-24,0.0,9.327,24.644,29.837,19.037
2017-08-25,10.094,9.446,24.212,29.6,7.966
2017-08-26,0.416,9.331,24.962,30.125,6.17
2017-08-27,4.987,9.788,24.663,30.288,5.159
2017-08-28,2.684,8.841,24.975,29.7,3.944
2017-08-29,0.899,10.096,24.469,30.425,3.193
2017-08-30,13.135,8.579,24.062,28.719,4.922
2017-08-31,0.0,10.264,24.863,30.894,4.675
2017-09-01,5.214,10.59,25.331,31.6,4.212
2017-09-02,13.27,9.15,25.475,30.363,3.69
2017-09-03,13.052,7.907,25.256,29.113,3.174
2017-09-04,5.082,9.362,24.462,29.738,2.785
2017-09-05,5.214,10.378,25.006,31.119,11.5
2017-09-06,24.334,9.43,25.1,30.319,19.81
2017-09-07,11.924,7.108,25.137,28.356,35.95
2017-09-08,18.338,9.577,24.262,29.794,9.692
2017-09-09,16.349,7.152,23.606,27.113,22.404
2017-09-10,11.717,9.113,23.525,28.756,21.935
2017-09-11,0.0,11.053,24.288,31.256,10.924
2017-09-12,4.696,8.716,24.65,29.325,6.605
2017-09-13,12.227,9.287,24.913,30.075,5.65
2017-09-14,0.206,10.052,25.175,31.012,4.791
2017-09-15,7.979,10.236,24.681,30.788,7.532
2017-09-16,0.499,9.526,24.656,30.113,33.286
2017-09-17,7.055,6.605,25.325,28.163,26.053
2017-09-18,0.146,9.408,25.356,30.594,14.18
2017-09-19,7.328,10.075,24.775,30.788,6.536
2017-09-20,8.196,8.596,24.863,29.462,5.246
2017-09-21,0.0,9.713,25.413,30.931,6.408
2017-09-22,0.426,9.227,25.175,30.344,6.584
2017-09-23,32.323,8.574,24.587,29.25,27.829
2017-09-24,0.0,10.429,24.969,31.294,34.173
2017-09-25,27.121,8.703,24.913,29.644,58.046
2017-09-26,3.777,9.772,24.65,30.431,23.391
2017-09-27,0.283,9.539,25.35,30.794,9.895
2017-09-28,14.47,7.483,24.525,28.256,21.03
2017-09-29,0.0,8.163,24.663,28.975,59.211
2017-09-30,8.866,7.969,24.456,28.656,32.908
2017-10-01,4.691,10.04,24.594,30.738,53.136
2017-10-02,4.179,9.766,24.481,30.375,35.252
2017-10-03,3.629,9.854,24.369,30.375,21.756
2017-10-04,0.389,9.264,24.444,29.894,15.605
2017-10-05,2.347,5.755,24.4,26.825,10.27
2017-10-06,0.508,9.201,23.981,29.481,6.782
2017-10-07,0.0,11.335,24.994,32.425,5.722
2017-10-08,1.045,10.401,25.125,31.631,4.813
2017-10-09,40.346,5.823,25.319,27.712,9.448
2017-10-10,0.0,11.055,23.85,31.312,56.778
2017-10-11,0.0,8.673,24.694,29.631,27.654
2017-10-12,0.0,8.985,24.95,30.188,17.323
2017-10-13,2.893,10.102,25.188,31.462,10.664
2017-10-14,7.885,8.61,25.188,30.038,8.486
2017-10-15,8.469,10.7,24.969,31.913,40.496
2017-10-16,6.307,9.041,25.825,31.0,29.182
2017-10-17,4.533,10.93,25.275,32.444,22.102
2017-10-18,10.953,9.812,25.031,31.144,19.755
2017-10-19,9.955,9.069,24.869,30.3,17.711
2017-10-20,1.17,9.032,25.906,31.137,12.408
2017-10-21,6.601,8.705,25.15,30.238,8.163
2017-10-22,10.736,8.968,25.231,30.562,25.92
2017-10-23,20.713,7.492,25.5,29.45,19.314
2017-10-24,16.739,5.673,25.256,27.7,9.271
2017-10-25,4.913,9.187,24.306,30.1,5.708
2017-10-26,0.0,8.377,24.969,29.844,4.104
2017-10-27,10.776,8.235,24.631,29.462,3.208
2017-10-28,0.13,7.405,24.038,28.188,4.887
2017-10-29,10.049,8.401,24.087,29.212,5.366
2017-10-30,0.449,9.341,23.744,29.925,21.335
2017-10-31,3.343,9.071,24.381,30.163,14.474
2017-11-01,0.0,10.718,23.925,31.587,10.614
2017-11-02,0.0,8.835,25.019,30.475,6.809
2017-11-03,3.642,8.513,24.669,29.906,5.455
2017-11-04,21.106,9.559,24.794,31.119,4.416
2017-11-05,1.226,8.248,24.225,29.312,17.877
2017-11-06,3.023,10.073,23.8,30.913,14.432
2017-11-07,9.527,7.88,24.156,28.906,8.036
2017-11-08,17.635,9.459,22.663,29.413,22.199
2017-11-09,0.921,7.704,24.35,28.95,23.482
2017-11-10,0.0,9.908,23.881,30.887,11.301
2017-11-11,5.626,9.434,23.988,30.475,5.621
2017-11-12,2.049,9.678,24.625,31.269,6.071
2017-11-13,33.404,7.111,25.113,29.062,10.539
2017-11-14,3.089,4.486,24.788,26.556,27.775
2017-11-15,0.0,8.439,23.3,28.944,7.628
2017-11-16,0.0,9.696,23.006,30.119,5.166
2017-11-17,10.274,8.321,23.719,29.181,12.371
2017-11-18,0.0,8.864,24.056,30.05,31.182
2017-11-19,0.0,9.501,23.094,30.044,29.425
2017-11-20,0.0,8.679,23.512,29.488,20.306
2017-11-21,0.0,9.014,23.444,29.812,15.117
2017-11-22,0.0,7.989,24.663,29.688,9.825
2017-11-23,12.132,8.877,24.262,30.337,6.039
2017-11-24,12.271,7.936,24.012,29.188,4.667
2017-11-25,1.203,8.887,23.9,30.081,2.94
2017-11-26,3.214,8.353,24.244,29.812,2.481
2017-11-27,0.661,7.568,24.681,29.337,9.148
2017-11-28,0.95,8.718,24.613,30.512,6.807
2017-11-29,8.953,8.453,24.994,30.55,5.448
2017-11-30,0.0,6.46,24.781,28.387,4.487
2017-12-01,4.315,5.921,24.794,27.869,3.604
2017-12-02,0.0,8.549,23.569,29.556,2.953
2017-12-03,0.0,10.211,24.419,32.106,2.322
2017-12-04,22.255,8.883,24.469,30.669,2.009
2017-12-05,24.994,7.984,25.244,30.325,4.575
2017-12-06,0.521,8.607,25.1,30.881,6.213
2017-12-07,0.368,9.229,24.9,31.419,4.993
2017-12-08,9.387,5.891,25.144,28.194,3.98
2017-12-09,0.0,8.947,24.2,30.556,3.408
2017-12-10,5.933,8.322,24.069,29.775,3.235
2017-12-11,10.58,7.966,24.281,29.556,3.022
2017-12-12,5.529,8.662,24.262,30.319,2.898
2017-12-13,8.844,8.663,24.012,30.125,2.569
2017-12-14,0.0,9.78,23.231,30.831,2.212
2017-12-15,0.0,10.555,23.425,31.906,2.063
2017-12-16,0.0,10.874,25.069,33.5,1.926
2017-12-17,0.393,11.217,24.219,33.288,1.914
2017-12-18,0.0,11.555,24.144,33.631,1.831
2017-12-19,0.0,11.587,24.031,33.581,1.825
2017-12-20,0.0,10.501,24.781,32.856,1.825
2017-12-21,0.0,10.318,25.344,33.062,1.778
2017-12-22,0.0,10.848,24.719,33.2,1.724
2017-12-23,0.0,10.824,24.788,33.225,1.641
2017-12-24,0.0,9.394,24.769,31.556,1.635
2017-12-25,0.105,9.184,24.163,30.825,1.629
2017-12-26,0.0,10.077,23.694,31.519,1.546
2017-12-27,8.181,9.343,23.981,30.869,1.493
2017-12-28,0.0,6.55,23.975,27.831,1.398
2017-12-29,0.0,6.489,24.681,28.375,1.346
2017-12-30,0.0,9.209,24.581,31.163,1.284
2017-12-31,1.753,8.775,23.475,29.794,1.28
2018-01-01,2.288,8.77,23.212,29.581,1.28
2018-01-02,10.28,8.512,23.425,29.45,1.245
2018-01-03,5.706,8.296,23.781,29.481,1.175
2018-01-04,5.464,8.931,23.406,29.881,1.39
2018-01-05,3.902,7.676,24.156,29.1,6.232
2018-01-06,0.527,7.957,24.281,29.469,17.522
2018-01-07,0.0,8.491,24.2,30.0,10.762
2018-01-08,0.0,9.086,23.669,30.225,5.917
2018-01-09,2.408,5.596,24.125,26.962,5.08
2018-01-10,0.0,8.989,23.775,30.131,4.241
2018-01-11,0.0,8.656,23.775,29.788,3.396
2018-01-12,4.81,7.372,24.1,28.65,6.627
2018-01-13,32.208,7.917,23.706,28.85,11.091
2018-01-14,26.583,7.955,23.688,28.887,6.737
2018-01-15,5.93,8.561,24.038,29.788,10.226
2018-01-16,1.331,8.253,23.544,29.05,7.841
2018-01-17,0.0,7.803,23.794,28.762,22.41
2018-01-18,14.083,8.605,23.488,29.331,12.091
2018-01-19,23.313,8.571,23.488,29.294,6.112
2018-01-20,0.0,10.071,23.444,30.913,5.145
2018-01-21,1.621,9.349,24.456,30.869,4.429
2018-01-22,4.314,8.41,24.262,29.681,6.177
2018-01-23,3.228,9.271,24.081,30.425,5.043
2018-01-24,0.0,9.232,24.219,30.488,3.375
2018-01-25,0.256,9.452,24.35,30.812,2.247
2018-01-26,0.0,10.617,24.269,31.994,1.968
2018-01-27,0.0,9.903,24.856,31.65,1.902
2018-01-28,0.0,9.419,25.3,31.456,1.653
2018-01-29,0.0,9.278,24.619,30.738,1.534
2018-01-30,0.0,9.003,24.944,30.694,1.362
2018-01-31,0.0,10.548,24.806,32.188,1.315
2018-02-01,0.0,10.16,25.031,31.925,1.276
2018-02-02,0.0,7.702,25.156,29.506,1.21
2018-02-03,0.0,7.003,24.756,28.506,1.144
2018-02-04,0.0,9.329,24.025,30.2,1.105
2018-02-05,0.0,9.492,23.663,30.062,1.031
2018-02-06,0.0,11.406,23.238,31.8,0.895
2018-02-07,0.0,11.821,23.319,32.275,0.794
2018-02-08,0.0,11.0,23.387,31.381,0.79
2018-02-09,0.0,12.208,22.312,31.913,0.79
2018-02-10,5.69,9.893,23.944,30.55,0.755
2018-02-11,0.0,10.076,24.775,31.369,0.685
2018-02-12,4.341,10.478,24.119,31.25,0.65
2018-02-13,0.0,11.957,24.456,33.062,0.633
2018-02-14,0.0,11.08,24.325,31.994,0.615
2018-02-15,0.0,11.858,23.181,31.969,0.615
2018-02-16,0.0,9.996,24.219,30.731,0.615
2018-02-17,2.583,10.395,24.381,31.244,0.615
2018-02-18,0.0,9.859,24.087,30.438,0.598
2018-02-19,0.0,11.492,23.756,31.863,0.578
2018-02-20,0.0,12.455,23.706,32.819,0.547
2018-02-21,0.0,12.128,23.219,32.075,0.545
2018-02-22,0.0,11.783,23.337,31.762,0.545
2018-02-23,0.0,11.97,23.05,31.719,0.545
2018-02-24,1.4,11.425,23.462,31.419,0.543
2018-02-25,0.0,10.675,23.587,30.706,0.512
2018-02-26,0.0,10.924,24.006,31.269,0.51
2018-02-27,0.0,9.038,24.056,29.425,0.51
2018-02-28,0.0,9.743,23.262,29.456,0.508
2018-03-01,0.0,11.84,22.856,31.3,0.477
2018-03-02,0.0,10.415,23.7,30.438,0.473
2018-03-03,0.0,9.798,23.544,29.694,0.442
2018-03-04,0.0,7.373,24.188,27.931,0.44
2018-03-05,0.0,10.611,23.769,30.644,0.44
2018-03-06,0.0,10.961,23.331,30.631,0.44
2018-03-07,0.0,10.581,24.175,30.875,0.44
2018-03-08,0.0,10.705,24.725,31.4,0.44
2018-03-09,5.707,9.875,25.244,30.988,0.44
2018-03-10,0.061,10.772,24.781,31.475,0.44
2018-03-11,0.0,12.221,23.844,32.188,0.44
2018-03-12,0.0,10.831,24.431,31.225,0.44
2018-03-13,0.0,9.136,25.231,30.25,0.44
2018-03-14,0.0,9.468,24.8,30.181,0.44
2018-03-15,0.0,9.257,24.519,29.744,0.44
2018-03-16,0.0,10.51,24.719,31.081,0.44
2018-03-17,0.0,9.717,25.219,30.719,0.44
2018-03-18,1.017,8.842,24.669,29.462,0.44
2018-03-19,3.637,9.372,24.125,29.5,0.449
2018-03-20,7.589,9.754,24.269,29.956,0.606
2018-03-21,3.728,10.336,24.331,30.556,0.825
2018-03-22,0.0,8.415,25.55,29.794,0.996
2018-03-23,0.0,10.024,25.075,30.825,0.934
2018-03-24,0.202,10.999,24.212,31.044,0.93
2018-03-25,0.0,11.641,23.663,31.25,0.93
2018-03-26,0.0,11.329,24.475,31.575,0.93
2018-03-27,0.0,10.185,25.062,30.931,0.93
2018-03-28,0.0,10.363,25.381,31.344,0.93
2018-03-29,0.0,10.199,25.006,30.881,0.93
2018-03-30,0.0,9.447,25.094,30.256,0.93
2018-03-31,0.0,9.643,24.119,29.656,0.926
2018-04-01,0.0,9.989,23.438,29.45,0.864
2018-04-02,0.0,8.848,24.238,29.025,0.86
2018-04-03,0.0,10.728,23.156,29.9,0.856
2018-04-04,0.0,11.394,24.25,31.4,0.794
2018-04-05,0.0,10.426,24.269,30.494,0.794
2018-04-06,0.0,10.718,23.238,29.931,0.856
2018-04-07,8.792,12.405,23.288,31.644,0.86
2018-04-08,0.0,12.155,24.131,32.038,0.825
2018-04-09,0.0,11.985,24.556,32.181,0.79
2018-04-10,5.924,12.28,24.019,32.069,0.825
2018-04-11,14.199,9.266,24.794,29.819,3.76
2018-04-12,20.484,10.729,23.569,30.206,30.177
2018-04-13,25.692,10.029,23.619,29.569,9.473
2018-04-14,7.182,11.842,23.944,31.581,6.364
2018-04-15,5.396,9.188,24.694,29.675,5.822
2018-04-16,12.777,10.119,25.019,30.781,14.564
2018-04-17,6.22,10.752,24.65,31.081,8.865
2018-04-18,4.015,11.611,23.931,31.35,13.593
2018-04-19,0.148,12.591,24.931,33.1,8.324
2018-04-20,3.382,11.159,24.781,31.581,6.421
2018-04-21,5.936,10.892,24.944,31.494,5.13
2018-04-22,6.502,8.509,25.244,29.544,3.936
2018-04-23,4.345,10.065,25.106,30.825,3.347
2018-04-24,3.776,10.284,24.975,30.925,3.332
2018-04-25,11.838,9.686,24.475,29.981,2.444
2018-04-26,24.514,8.189,25.275,29.325,6.595
2018-04-27,20.461,7.066,24.219,27.494,20.146
2018-04-28,2.193,9.461,24.081,29.469,12.289
2018-04-29,20.834,9.348,24.094,29.406,8.131
2018-04-30,30.499,11.192,24.163,31.194,5.325
2018-05-01,13.435,10.378,24.206,30.431,22.246
2018-05-02,2.997,11.003,24.675,31.431,77.047
2018-05-03,19.294,8.091,24.894,28.931,106.969
2018-05-04,9.247,8.505,24.381,28.875,186.244
2018-05-05,7.426,7.88,24.056,28.056,58.107
2018-05-06,3.305,10.756,23.456,30.269,19.819
2018-05-07,22.761,8.788,23.725,28.625,14.657
2018-05-08,16.5,9.187,23.494,28.794,15.598
2018-05-09,1.684,8.583,23.769,28.475,20.332
2018-05-10,8.543,10.5,23.125,29.788,39.156
2018-05-11,27.851,9.87,23.6,29.55,24.194
2018-05-12,0.0,8.921,24.012,28.994,14.441
2018-05-13,24.113,9.531,23.887,29.475,11.773
2018-05-14,9.541,5.886,24.55,26.938,9.965
2018-05-15,7.308,10.857,23.413,30.413,19.643
2018-05-16,2.921,8.999,24.637,29.625,10.663
2018-05-17,2.201,10.283,24.425,30.663,6.854
2018-05-18,8.361,9.5,24.156,29.731,6.083
2018-05-19,5.386,9.128,24.1,29.35,23.607
2018-05-20,6.388,10.478,24.05,30.581,152.336
2018-05-21,11.545,7.443,24.375,28.044,41.689
2018-05-22,3.803,10.428,23.525,30.137,43.831
2018-05-23,17.47,9.735,23.95,29.806,17.268
2018-05-24,23.37,9.373,24.663,30.044,20.468
2018-05-25,9.359,9.68,24.619,30.312,21.056
2018-05-26,1.268,6.18,24.831,27.456,17.973
2018-05-27,8.243,9.95,24.337,30.337,12.856
2018-05-28,4.066,10.217,24.212,30.512,8.687
2018-05-29,2.475,10.711,24.188,31.006,14.692
2018-05-30,11.802,8.708,24.988,29.719,15.942
2018-05-31,0.255,10.712,24.856,31.519,11.543
2018-06-01,13.526,5.909,25.544,27.9,7.893
2018-06-02,0.197,10.851,24.275,31.269,19.216
2018-06-03,4.801,8.634,25.231,29.875,12.236
2018-06-04,6.16,9.885,25.231,31.056,6.975
2018-06-05,6.961,8.272,25.406,29.706,5.726
2018-06-06,8.784,9.015,25.231,30.238,6.942
2018-06-07,1.235,10.522,24.856,31.369,6.632
2018-06-08,10.835,9.182,25.694,30.781,6.047
2018-06-09,7.072,8.28,26.006,30.256,5.094
2018-06-10,12.861,7.604,25.2,28.994,5.224
2018-06-11,9.369,8.356,25.231,29.669,5.159
2018-06-12,11.574,9.464,23.762,29.512,4.574
2018-06-13,6.935,9.879,25.494,31.3,4.147
2018-06-14,18.526,9.844,25.0,30.875,4.428
2018-06-15,17.224,10.032,24.175,30.406,29.897
2018-06-16,3.358,10.959,24.613,31.65,23.361
2018-06-17,2.612,9.534,24.894,30.481,10.071
2018-06-18,21.781,8.632,24.762,29.544,7.598
2018-06-19,8.074,6.369,24.819,27.65,6.644
2018-06-20,6.606,10.105,23.562,29.988,5.224
2018-06-21,8.328,7.894,24.525,28.669,11.016
2018-06-22,0.883,10.157,24.581,30.837,49.617
2018-06-23,6.675,9.031,24.331,29.569,12.87
2018-06-24,13.41,9.382,24.038,29.656,7.819
2018-06-25,19.869,9.982,23.756,30.019,6.679
2018-06-26,0.0,9.001,24.944,30.062,12.073
2018-06-27,17.122,9.702,23.869,29.85,9.224
2018-06-28,14.86,8.628,24.006,28.938,19.103
2018-06-29,8.283,8.625,24.462,29.288,23.469
2018-06-30,5.882,8.703,24.506,29.406,19.798
2018-07-01,9.352,9.547,24.038,29.825,16.534
2018-07-02,12.912,9.209,24.019,29.469,11.699
2018-07-03,6.939,9.715,23.981,29.944,7.248
2018-07-04,0.0,11.163,24.925,32.112,6.163
2018-07-05,7.418,9.943,24.812,30.8,5.08
2018-07-06,11.479,10.224,24.475,30.812,4.593
2018-07-07,8.5,10.231,24.95,31.188,9.103
2018-07-08,0.0,10.834,25.238,32.0,8.672
2018-07-09,8.812,9.08,25.1,30.2,10.289
2018-07-10,16.47,10.296,24.175,30.631,8.825
2018-07-11,13.22,10.506,24.056,30.738,11.251
2018-07-12,0.926,10.127,24.837,31.0,13.391
2018-07-13,0.519,9.736,23.906,29.844,7.714
2018-07-14,15.201,10.532,24.9,31.419,6.329
2018-07-15,0.907,8.571,25.469,30.025,5.246
2018-07-16,9.336,9.523,24.913,30.438,8.991
2018-07-17,8.936,10.364,24.681,31.069,19.725
2018-07-18,0.853,11.502,24.325,31.919,22.14
2018-07-19,2.312,9.342,25.144,30.444,19.247
2018-07-20,8.116,10.886,24.962,31.788,14.19
2018-07-21,1.44,9.293,25.288,30.512,9.727
2018-07-22,10.463,8.291,24.406,28.863,6.722
2018-07-23,1.308,8.203,24.637,28.962,7.592
2018-07-24,2.209,9.112,25.294,30.35,6.55
2018-07-25,5.533,8.978,24.738,29.738,4.746
2018-07-26,1.291,5.013,25.613,27.337,3.632
2018-07-27,1.809,8.506,24.55,29.15,3.235
2018-07-28,4.986,9.963,24.256,30.275,2.857
2018-07-29,11.087,8.407,24.337,28.863,2.806
2018-07-30,3.919,7.859,24.387,28.419,7.319
2018-07-31,11.946,10.775,24.281,31.056,9.341
2018-08-01,1.795,10.445,24.462,30.856,13.664
2018-08-02,25.699,10.28,24.019,30.344,22.299
2018-08-03,0.0,9.0,24.575,29.581,21.319
2018-08-04,27.412,10.711,23.9,30.675,16.081
2018-08-05,14.266,8.341,23.856,28.363,11.952
2018-08-06,1.387,11.263,23.275,30.762,8.148
2018-08-07,0.75,11.338,24.488,31.725,5.835
2018-08-08,3.966,11.051,24.788,31.681,4.328
2018-08-09,3.254,9.976,25.444,31.156,3.755
2018-08-10,6.417,10.335,24.231,30.525,3.682
2018-08-11,0.0,12.099,23.781,31.944,6.076
2018-08-12,2.708,11.069,24.881,31.744,4.777
2018-08-13,11.143,9.191,25.387,30.387,4.285
2018-08-14,8.009,6.982,24.425,27.688,4.154
2018-08-15,8.854,10.135,23.306,29.569,4.038
2018-08-16,0.271,11.749,23.613,31.419,3.966
2018-08-17,0.892,10.732,24.419,31.056,3.755
2018-08-18,3.201,10.371,24.606,30.8,4.06
2018-08-19,14.993,7.815,24.544,28.438,9.188
2018-08-20,0.692,11.124,24.488,31.444,7.315
2018-08-21,4.031,10.656,24.387,30.894,6.756
2018-08-22,21.619,7.623,25.094,28.731,6.401
2018-08-23,6.606,10.531,24.212,30.65,5.953
2018-08-24,6.626,10.973,23.381,30.462,5.592
2018-08-25,0.295,10.16,24.719,30.7,5.058
2018-08-26,9.293,7.601,24.719,28.394,4.241
2018-08-27,2.481,6.724,24.65,27.631,3.922
2018-08-28,0.227,9.996,24.15,30.087,3.639
2018-08-29,7.765,8.666,25.156,29.669,3.516
2018-08-30,3.036,9.255,24.844,29.938,3.516
2018-08-31,3.913,10.035,24.538,30.431,3.509
2018-09-01,4.312,9.106,25.012,29.944,3.559
2018-09-02,12.65,9.407,25.281,30.444,6.061
2018-09-03,0.507,9.311,24.325,29.6,5.412
2018-09-04,12.658,7.446,24.431,28.019,4.581
2018-09-05,7.932,7.364,24.419,27.938,4.19
2018-09-06,9.372,9.848,23.65,29.562,5.376
2018-09-07,7.949,9.968,23.869,29.837,6.251
2018-09-08,3.136,9.924,24.269,30.119,9.59
2018-09-09,4.483,8.799,24.519,29.275,6.847
2018-09-10,1.669,8.327,24.969,29.262,5.708
2018-09-11,3.261,10.385,24.581,30.806,4.357
2018-09-12,11.819,9.137,24.613,29.681,3.805
2018-09-13,16.107,7.962,24.425,28.488,8.057
2018-09-14,7.151,10.237,24.512,30.637,22.234
2018-09-15,1.381,8.806,24.031,28.919,14.828
2018-09-16,5.902,8.515,23.5,28.219,8.084
2018-09-17,0.0,11.127,23.45,30.738,6.482
2018-09-18,2.187,9.683,24.781,30.375,4.849
2018-09-19,5.953,9.878,25.2,30.9,3.936
2018-09-20,5.959,9.842,24.575,30.363,10.967
2018-09-21,0.0,10.201,25.413,31.387,12.407
2018-09-22,10.906,6.501,25.969,28.688,7.654
2018-09-23,8.803,10.3,24.825,31.044,5.556
2018-09-24,28.422,7.855,24.75,28.731,7.955
2018-09-25,0.0,10.545,24.137,30.769,13.432
2018-09-26,20.371,8.222,24.781,29.1,26.097
2018-09-27,0.0,9.003,24.181,29.337,50.84
2018-09-28,5.56,10.28,23.819,30.306,41.622
2018-09-29,7.462,7.653,24.375,28.288,60.394
2018-09-30,9.111,10.143,24.206,30.488,65.265
2018-10-01,12.291,10.1,24.988,31.075,28.397
2018-10-02,7.767,9.72,24.469,30.319,20.683
2018-10-03,3.175,8.374,24.812,29.337,14.438
2018-10-04,11.307,11.471,23.975,31.719,9.767
2018-10-05,4.889,10.13,24.65,30.919,14.338
2018-10-06,0.0,9.395,24.719,30.275,7.161
2018-10-07,0.0,10.132,24.175,30.606,10.329
2018-10-08,3.638,9.38,24.594,30.2,7.204
2018-10-09,2.347,7.215,24.719,28.306,6.241
2018-10-10,0.0,7.611,23.938,28.038,7.457
2018-10-11,0.736,8.516,24.175,29.075,6.64
2018-10-12,0.0,8.731,24.562,29.6,5.686
2018-10-13,0.0,9.905,24.688,30.85,6.437
2018-10-14,0.0,10.375,24.363,31.094,5.809
2018-10-15,0.0,9.723,24.525,30.587,4.986
2018-10-16,8.687,9.409,24.512,30.288,4.502
2018-10-17,1.18,8.88,24.25,29.6,3.83
2018-10-18,3.466,7.718,25.306,29.369,3.388
2018-10-19,0.314,10.339,24.106,30.981,9.917
2018-10-20,12.266,9.892,23.962,30.431,6.634
2018-10-21,6.722,7.777,24.031,28.4,10.019
2018-10-22,1.342,10.007,23.231,30.044,14.759
2018-10-23,13.134,8.993,24.087,29.7,8.505
2018-10-24,3.236,10.143,24.519,31.225,6.834
2018-10-25,24.789,9.141,24.794,30.456,6.033
2018-10-26,15.647,9.051,24.675,30.275,5.397
2018-10-27,0.0,9.435,24.8,30.8,6.708
2018-10-28,0.0,10.006,25.206,31.712,6.933
2018-10-29,2.94,8.859,24.869,30.294,6.394
2018-10-30,9.018,10.011,24.45,31.169,4.885
2018-10-31,8.608,9.536,24.769,30.95,3.973
2018-11-01,17.898,8.097,25.363,30.019,4.223
2018-11-02,66.205,6.382,24.5,27.712,8.473
2018-11-03,0.0,7.744,23.2,27.938,6.284
2018-11-04,0.296,8.977,23.837,29.719,4.247
2018-11-05,8.377,7.205,24.006,28.1,3.581
2018-11-06,0.0,8.72,23.5,29.231,6.175
2018-11-07,1.997,10.299,23.281,30.794,8.532
2018-11-08,0.1,9.277,24.394,30.569,8.71
2018-11-09,18.539,8.772,24.413,30.075,16.217
2018-11-10,8.99,8.425,25.394,30.55,13.129
2018-11-11,1.444,8.699,24.488,30.113,13.888
2018-11-12,7.159,9.193,24.906,30.975,11.682
2018-11-13,15.807,7.506,25.2,29.512,7.492
2018-11-14,4.554,7.436,25.225,29.506,4.125
2018-11-15,0.578,9.355,25.05,31.312,3.386
2018-11-16,0.571,10.135,24.569,31.831,2.584
2018-11-17,1.943,9.062,24.975,31.0,2.251
2018-11-18,5.855,8.469,25.075,30.475,5.306
2018-11-19,17.62,8.626,25.194,30.75,7.505
2018-11-20,17.606,7.385,24.812,29.2,22.075
2018-11-21,12.574,7.466,24.738,29.2,12.522
2018-11-22,6.442,8.589,24.119,29.869,4.63
2018-11-23,34.2,9.311,23.906,30.531,4.958
2018-11-24,1.562,7.976,24.081,29.244,23.411
2018-11-25,3.828,8.906,24.894,30.913,16.961
2018-11-26,2.704,7.605,24.731,29.413,8.569
2018-11-27,18.987,6.821,24.125,28.175,6.134
2018-11-28,0.0,8.855,24.0,30.169,5.448
2018-11-29,0.0,9.611,23.712,30.863,4.422
2018-11-30,0.0,9.93,23.9,31.356,3.922
2018-12-01,0.0,9.63,24.419,31.425,3.741
2018-12-02,0.0,9.824,23.881,31.25,3.466
2018-12-03,0.0,9.218,23.8,30.5,3.228
2018-12-04,0.0,9.105,24.275,30.762,3.6
2018-12-05,0.0,9.928,23.762,31.312,13.275
2018-12-06,0.0,10.724,22.863,31.613,10.093
2018-12-07,0.0,8.504,24.144,30.012,17.941
2018-12-08,0.0,8.911,24.188,30.506,5.875
2018-12-09,0.0,9.036,24.594,30.988,3.235
2018-12-10,0.0,9.052,25.519,31.744,2.967
2018-12-11,0.698,7.507,25.444,30.044,2.85
2018-12-12,7.251,8.806,25.156,31.194,2.85
2018-12-13,0.0,9.466,24.631,31.519,2.85
2018-12-14,39.205,9.312,25.581,32.087,2.843
2018-12-15,0.0,8.789,25.231,31.244,2.678
2018-12-16,0.0,8.711,25.413,31.325,2.363
2018-12-17,0.0,8.889,24.956,31.15,2.122
2018-12-18,0.0,8.541,25.087,30.875,2.003
2018-12-19,0.0,9.113,24.869,31.337,1.783
2018-12-20,1.789,8.863,24.85,31.025,1.73
2018-12-21,6.602,8.166,24.494,29.975,1.73
2018-12-22,4.182,8.938,24.25,30.631,1.73
2018-12-23,4.787,9.179,23.931,30.663,1.73
2018-12-24,3.5,9.354,25.262,31.894,1.73
2018-12-25,1.296,9.308,25.031,31.669,1.73
2018-12-26,0.0,9.583,24.419,31.506,1.73
2018-12-27,0.0,9.68,24.719,31.831,1.73
2018-12-28,0.0,10.008,24.619,32.112,1.73
2018-12-29,0.0,10.747,24.181,32.638,1.736
2018-12-30,0.0,10.811,24.5,32.944,1.819
2018-12-31,0.0,10.22,24.875,32.531,1.825
2019-01-01,0.0,12.165,22.775,33.3,1.825
2019-01-02,0.0,10.985,23.262,32.2,1.825
2019-01-03,7.063,11.176,23.575,32.644,1.825
2019-01-04,0.0,12.127,23.325,33.587,1.819
2019-01-05,0.419,8.147,25.288,30.512,1.736
2019-01-06,0.0,7.734,25.094,29.913,1.73
2019-01-07,1.252,8.715,24.712,30.631,1.73
2019-01-08,0.0,9.324,24.619,31.212,1.683
2019-01-09,0.0,8.74,23.312,29.531,1.635
2019-01-10,0.0,8.143,23.462,28.962,1.629
2019-01-11,0.0,10.156,22.725,30.675,1.546
2019-01-12,0.0,10.59,22.794,31.219,1.54
2019-01-13,0.0,9.875,23.394,30.806,1.493
2019-01-14,0.0,8.885,24.144,30.25,1.445
2019-01-15,0.0,9.015,24.312,30.519,1.445
2019-01-16,0.0,8.602,25.438,30.969,1.398
2019-01-17,0.0,8.91,25.012,30.931,1.35
2019-01-18,0.0,9.515,25.169,31.688,1.35
2019-01-19,0.0,9.583,25.669,32.119,1.315
2019-01-20,0.0,8.489,25.337,30.688,1.28
2019-01-21,2.133,8.587,25.856,31.194,1.28
2019-01-22,0.0,10.107,25.4,32.413,1.245
2019-01-23,0.0,12.364,23.669,33.631,1.21
2019-01-24,0.0,10.52,24.631,32.206,1.21
2019-01-25,0.0,9.977,25.144,31.994,1.206
2019-01-26,0.0,10.832,24.75,32.606,1.144
2019-01-27,6.272,8.997,25.012,30.8,1.14
2019-01-28,3.228,8.018,24.637,29.488,1.14
2019-01-29,0.0,9.528,24.456,30.881,1.105
2019-01-30,0.0,10.378,24.206,31.606,1.07
2019-01-31,0.0,8.862,24.519,30.206,1.066
2019-02-01,0.0,9.654,23.988,30.575,1.004
2019-02-02,0.0,8.943,24.438,30.169,1.0
2019-02-03,0.0,10.079,24.269,31.2,1.0
2019-02-04,0.0,9.777,24.925,31.369,0.965
2019-02-05,0.0,9.586,24.819,31.069,0.93
2019-02-06,0.0,9.993,25.319,31.863,0.93
2019-02-07,0.0,9.156,25.069,30.794,0.926
2019-02-08,0.0,10.051,25.006,31.613,0.86
2019-02-09,0.0,10.264,25.019,31.825,0.794
2019-02-10,0.0,10.93,25.15,32.587,0.786
2019-02-11,0.0,9.963,25.488,31.819,0.72
2019-02-12,0.0,10.485,24.988,31.938,0.654
2019-02-13,0.0,10.305,25.175,31.875,0.643
2019-02-14,0.409,10.755,25.075,32.237,0.552
2019-02-15,0.0,8.648,25.075,30.1,0.543
2019-02-16,0.0,10.655,24.812,31.875,0.512
2019-02-17,0.0,10.14,25.194,31.613,0.51
2019-02-18,0.432,11.153,24.794,32.312,0.51
2019-02-19,0.0,8.994,24.856,30.169,0.508
2019-02-20,0.231,10.903,23.906,31.306,0.477
2019-02-21,0.0,11.805,24.919,33.006,0.475
2019-02-22,1.697,10.123,25.238,31.519,0.475
2019-02-23,9.204,10.41,24.606,31.288,0.475
2019-02-24,0.0,11.911,24.944,33.05,0.475
2019-02-25,0.0,11.707,24.475,32.462,0.475
2019-02-26,0.0,11.507,24.969,32.606,0.458
2019-02-27,0.0,12.254,23.95,32.575,0.44
2019-02-28,0.0,12.673,24.262,33.219,0.44
2019-03-01,0.304,11.474,25.212,32.675,0.423
2019-03-02,0.0,11.571,24.681,32.356,0.405
2019-03-03,0.429,12.459,24.569,33.156,0.405
2019-03-04,1.121,12.153,24.25,32.569,0.405
2019-03-05,1.389,10.925,25.125,31.988,0.405
2019-03-06,0.0,9.579,25.188,30.738,0.403
2019-03-07,0.0,9.099,25.756,30.731,0.372
2019-03-08,0.0,10.652,25.2,31.725,0.37
2019-03-09,0.0,11.289,25.744,32.744,0.37
2019-03-10,0.0,10.944,25.288,32.044,0.37
2019-03-11,0.0,11.491,25.45,32.669,0.353
2019-03-12,0.0,11.809,25.056,32.675,0.335
2019-03-13,0.0,11.3,24.675,31.875,0.335
2019-03-14,0.0,10.857,25.087,31.738,0.335
2019-03-15,0.0,12.644,24.706,33.181,0.318
2019-03-16,0.0,10.878,25.587,32.112,0.3
2019-03-17,0.0,11.392,25.419,32.469,0.3
2019-03-18,0.0,9.461,25.725,30.894,0.3
2019-03-19,11.562,9.626,24.744,30.219,0.293
2019-03-20,0.284,10.086,24.038,30.069,0.293
2019-03-21,0.0,8.344,24.975,29.256,0.293
2019-03-22,0.0,8.738,24.562,29.269,0.29
2019-03-23,0.0,8.488,24.044,28.594,0.286
2019-03-24,0.0,8.705,25.031,29.587,0.286
2019-03-25,0.0,11.55,24.562,31.863,0.279
2019-03-26,0.0,7.968,25.387,29.244,0.279
2019-03-27,0.0,8.53,25.456,29.781,0.279
2019-03-28,0.0,6.659,25.581,28.369,0.272
2019-03-29,0.0,7.639,24.331,28.056,0.272
2019-03-30,0.0,11.481,23.981,31.312,0.272
2019-03-31,0.0,9.163,25.625,30.444,0.272
2019-04-01,17.727,8.626,25.325,29.731,0.272
2019-04-02,8.992,10.22,24.6,30.556,0.265
2019-04-03,0.0,9.455,24.956,30.144,0.265
2019-04-04,0.0,12.02,23.969,31.788,0.265
2019-04-05,0.0,10.31,24.512,30.556,0.265
2019-04-06,0.0,11.887,23.844,31.562,0.258
2019-04-07,0.0,10.998,25.431,31.919,0.258
2019-04-08,0.0,11.628,24.725,31.969,0.258
2019-04-09,0.708,10.591,25.525,31.613,0.258
2019-04-10,12.634,9.541,24.288,29.644,0.258
2019-04-11,2.389,11.414,24.688,31.731,0.258
2019-04-12,0.0,10.567,25.744,31.781,0.251
2019-04-13,0.265,9.172,26.663,31.294,0.251
2019-04-14,0.78,9.283,26.15,30.956,0.251
2019-04-15,0.294,10.566,25.744,31.781,0.244
2019-04-16,4.634,9.868,25.919,31.288,0.244
2019-04-17,0.0,8.072,26.475,30.231,0.477
2019-04-18,1.779,11.368,25.069,31.994,3.9
2019-04-19,6.502,9.959,25.256,30.837,3.183
2019-04-20,35.102,7.454,25.294,28.712,2.535
2019-04-21,5.723,9.812,24.163,29.819,2.152
2019-04-22,6.199,10.138,24.419,30.337,1.867
2019-04-23,9.323,10.368,24.144,30.356,1.808
2019-04-24,1.169,11.546,23.819,31.256,6.135
2019-04-25,1.265,10.585,25.2,31.413,4.668
2019-04-26,0.0,9.651,25.519,30.806,3.676
2019-04-27,1.549,8.958,26.256,30.812,3.345
2019-04-28,0.436,11.942,26.144,33.431,3.091
2019-04-29,9.777,9.28,25.619,30.556,2.289
2019-04-30,5.62,9.548,25.762,30.925,1.831
2019-05-01,2.436,10.567,25.8,31.906,1.588
2019-05-02,0.0,9.519,26.431,31.462,1.445
2019-05-03,2.236,9.416,25.856,30.906,2.714
2019-05-04,11.117,10.925,25.681,32.15,4.495
2019-05-05,0.196,9.925,26.188,31.656,3.858
2019-05-06,11.225,9.493,25.831,30.975,3.162
2019-05-07,12.601,9.745,25.975,31.319,5.818
2019-05-08,8.532,7.63,25.481,29.081,5.477
2019-05-09,5.36,9.111,24.925,29.931,4.791
2019-05-10,24.537,8.2,24.706,28.944,4.01
2019-05-11,0.0,9.833,24.281,30.1,3.051
2019-05-12,3.063,11.766,24.444,32.087,2.916
2019-05-13,17.8,8.546,25.094,29.556,8.612
2019-05-14,2.511,9.937,25.081,30.837,8.204
2019-05-15,8.276,7.007,24.919,28.131,6.426
2019-05-16,0.0,10.929,24.125,31.05,5.556
2019-05-17,6.694,9.4,24.969,30.269,5.0
2019-05-18,4.608,8.134,25.775,29.819,4.277
2019-05-19,18.057,10.163,24.719,30.794,6.182
2019-05-20,13.748,9.542,24.688,30.181,24.365
2019-05-21,8.003,9.417,25.125,30.438,27.507
2019-05-22,7.86,8.597,25.475,30.006,22.897
2019-05-23,14.392,8.43,24.156,28.75,20.31
2019-05-24,0.765,8.889,25.306,30.137,18.076
2019-05-25,20.292,8.83,23.863,28.887,70.052
2019-05-26,0.0,8.988,24.738,29.744,104.811
2019-05-27,18.427,11.447,24.375,31.856,64.251
2019-05-28,28.713,6.702,24.944,27.969,32.601
2019-05-29,0.0,10.25,24.331,30.644,19.834
2019-05-30,18.139,8.043,24.5,28.75,11.111
2019-05-31,0.311,9.39,24.881,30.262,19.681
2019-06-01,0.451,10.501,24.012,30.7,10.165
2019-06-02,0.134,9.635,24.069,29.863,6.587
2019-06-03,2.337,8.598,25.587,30.175,4.979
2019-06-04,0.213,9.599,25.181,30.75,4.603
2019-06-05,14.176,8.56,25.125,29.731,10.903
2019-06-06,10.176,7.712,24.6,28.587,12.884
2019-06-07,14.338,6.74,24.481,27.65,9.599
2019-06-08,0.0,11.861,23.831,31.944,8.961
2019-06-09,6.021,10.495,24.9,31.413,7.667
2019-06-10,17.283,7.808,25.406,29.325,6.451
2019-06-11,12.359,10.337,25.2,31.5,5.672
2019-06-12,29.283,9.967,24.806,30.837,12.257
2019-06-13,8.086,8.261,25.712,29.994,53.428
2019-06-14,9.382,9.509,25.169,30.688,38.849
2019-06-15,19.899,10.089,25.406,31.419,21.032
2019-06-16,5.4,9.71,25.288,30.981,9.112
2019-06-17,0.128,11.211,25.556,32.644,5.744
2019-06-18,2.97,10.944,25.931,32.688,19.654
2019-06-19,13.475,11.856,24.681,32.625,118.22
2019-06-20,16.437,9.685,26.044,31.581,23.66
2019-06-21,8.945,10.015,25.669,31.594,10.184
2019-06-22,16.516,10.094,25.444,31.506,7.25
2019-06-23,9.763,8.805,25.962,30.7,10.704
2019-06-24,7.485,8.077,25.625,29.781,6.724
2019-06-25,9.481,6.66,24.762,27.825,10.873
2019-06-26,0.0,10.8,25.375,32.125,41.026
2019-06-27,15.681,7.398,25.788,29.325,17.735
2019-06-28,12.708,8.374,26.044,30.381,6.712
2019-06-29,1.664,10.023,25.163,31.212,8.694
2019-06-30,12.833,9.377,24.363,29.913,33.201
2019-07-01,5.152,9.735,25.1,30.863,20.388
2019-07-02,15.793,9.469,24.381,30.031,12.634
2019-07-03,2.902,9.743,24.619,30.494,9.512
2019-07-04,4.199,9.223,24.913,30.206,6.661
2019-07-05,17.918,9.567,24.644,30.319,17.746
2019-07-06,26.384,10.658,24.875,31.562,10.703
2019-07-07,0.0,9.137,25.356,30.5,6.553
2019-07-08,13.63,7.832,24.756,28.794,10.113
2019-07-09,4.827,7.474,23.994,27.837,8.122
2019-07-10,10.115,9.598,24.556,30.25,6.893
2019-07-11,3.881,8.706,24.613,29.475,10.145
2019-07-12,0.0,9.246,25.294,30.506,6.069
2019-07-13,5.388,9.125,24.9,30.062,4.675
2019-07-14,12.03,9.071,24.756,29.919,6.646
2019-07-15,0.0,7.756,24.394,28.413,6.574
2019-07-16,0.699,11.428,23.319,31.075,6.112
2019-07-17,2.838,10.772,25.506,32.119,5.426
2019-07-18,2.939,11.804,25.238,32.9,4.791
2019-07-19,6.456,10.502,25.356,31.738,4.277
2019-07-20,0.0,11.206,25.887,32.825,3.691
2019-07-21,8.647,9.653,26.194,31.575,3.015
2019-07-22,4.557,9.782,25.356,31.0,2.467
2019-07-23,6.412,7.397,24.906,28.531,1.997
2019-07-24,3.492,8.917,24.444,29.456,1.563
2019-07-25,0.224,9.456,24.812,30.256,3.873
2019-07-26,1.547,9.045,24.875,29.906,4.957
2019-07-27,6.064,11.46,24.744,32.144,3.756
2019-07-28,0.0,9.912,25.538,31.231,3.21
2019-07-29,14.588,9.4,24.288,29.738,5.825
2019-07-30,5.562,9.043,24.6,29.65,4.711
2019-07-31,2.893,10.609,25.006,31.469,3.944
2019-08-01,8.422,9.101,24.675,29.762,3.517
2019-08-02,5.162,10.644,24.812,31.331,3.28
2019-08-03,10.786,8.493,24.85,29.344,6.294
2019-08-04,10.076,10.745,24.938,31.519,5.535
2019-08-05,1.726,9.139,25.594,30.544,7.251
2019-08-06,24.915,9.057,24.969,29.938,40.719
2019-08-07,7.627,8.933,24.619,29.538,21.08
2019-08-08,1.494,10.132,24.531,30.581,10.142
2019-08-09,15.369,10.668,24.544,31.081,20.118
2019-08-10,0.0,11.013,24.675,31.55,11.23
2019-08-11,14.84,9.056,25.7,30.512,15.08
2019-08-12,10.387,9.121,25.681,30.562,36.782
2019-08-13,10.571,8.743,25.5,30.062,19.595
2019-08-14,4.512,9.631,25.425,30.819,12.22
2019-08-15,14.32,6.608,24.531,27.438,28.888
2019-08-16,4.292,5.678,23.844,26.125,23.825
2019-08-17,5.68,10.19,23.281,29.613,50.32
2019-08-18,0.0,11.019,25.188,31.9,37.775
2019-08-19,9.473,9.257,25.163,30.25,24.484
2019-08-20,22.839,11.018,24.125,31.069,16.111
2019-08-21,4.642,9.563,24.131,29.656,6.934
2019-08-22,0.0,11.538,24.387,31.775,7.723
2019-08-23,3.703,10.688,24.6,31.1,7.048
2019-08-24,3.382,8.57,24.994,29.462,6.235
2019-08-25,7.676,10.083,24.481,30.444,5.708
2019-08-26,0.0,12.482,24.262,32.612,5.202
2019-08-27,0.483,12.862,25.387,33.831,4.74
2019-08-28,18.084,8.093,24.219,28.375,4.386
2019-08-29,0.0,11.278,23.831,31.081,4.082
2019-08-30,3.585,10.98,24.587,31.363,4.044
2019-08-31,8.566,10.3,24.413,30.562,9.344
2019-09-01,6.053,9.22,25.669,30.587,7.218
2019-09-02,8.342,7.467,25.294,28.775,4.796
2019-09-03,4.184,9.575,24.5,29.994,5.202
2019-09-04,9.806,8.088,25.413,29.419,6.43
2019-09-05,8.785,9.991,25.144,30.881,5.448
2019-09-06,12.808,7.379,25.031,28.494,3.901
2019-09-07,3.023,10.644,24.712,31.144,3.159
2019-09-08,22.621,7.698,24.8,28.55,3.157
2019-09-09,0.0,10.147,24.594,30.594,10.519
2019-09-10,7.812,10.214,25.125,31.081,7.287
2019-09-11,0.973,8.378,26.194,30.325,4.493
2019-09-12,30.0,8.621,25.212,29.719,3.277
2019-09-13,6.087,7.001,25.519,28.631,2.542
2019-09-14,18.836,7.514,25.506,29.038,2.158
2019-09-15,16.541,7.845,24.762,28.7,1.962
2019-09-16,1.248,8.494,25.256,29.656,1.552
2019-09-17,0.0,8.041,24.794,28.881,1.267
2019-09-18,4.86,8.817,24.819,29.613,1.082
2019-09-19,10.167,8.295,24.325,28.75,4.011
2019-09-20,0.459,9.074,24.119,29.288,3.805
2019-09-21,14.956,7.94,24.188,28.319,6.054
2019-09-22,0.0,10.664,24.538,31.156,5.26
2019-09-23,4.542,10.296,24.694,30.925,4.74
2019-09-24,10.318,10.207,24.925,31.038,4.379
2019-09-25,3.318,10.077,24.675,30.731,3.98
2019-09-26,14.484,9.088,24.706,29.831,3.462
2019-09-27,0.0,11.055,24.331,31.456,2.96
2019-09-28,0.595,10.84,24.812,31.631,2.051
2019-09-29,7.2,9.279,23.837,29.337,2.009
2019-09-30,0.867,8.556,24.956,29.606,1.825
2019-10-01,0.987,10.931,23.906,31.056,1.496
2019-10-02,8.771,8.895,24.087,29.225,1.015
2019-10-03,0.573,9.51,24.288,29.988,1.28
2019-10-04,4.605,11.068,23.637,31.044,1.241
2019-10-05,8.179,9.737,25.062,30.85,1.14
2019-10-06,0.818,8.563,25.094,29.788,1.035
2019-10-07,0.0,10.364,24.337,30.925,0.895
2019-10-08,3.611,10.174,24.756,31.106,0.755
2019-10-09,27.189,9.894,24.281,30.45,0.635
2019-10-10,11.666,8.242,24.369,28.956,1.061
2019-10-11,8.134,6.776,24.85,28.081,6.751
2019-10-12,8.281,10.07,23.587,30.15,4.53
2019-10-13,7.427,8.868,24.244,29.531,6.515
2019-10-14,4.835,8.333,24.356,29.075,41.328
2019-10-15,5.172,10.292,23.931,30.725,27.343
2019-10-16,8.895,8.938,24.894,30.131,13.528
2019-10-17,5.472,9.729,24.256,30.425,5.779
2019-10-18,10.703,9.404,24.069,29.994,4.391
2019-10-19,0.414,8.641,23.825,29.031,16.838
2019-10-20,0.41,9.604,24.231,30.35,14.77
2019-10-21,16.633,6.989,24.525,28.106,10.782
2019-10-22,15.769,8.29,24.206,29.062,7.664
2019-10-23,0.0,10.828,23.4,31.062,6.126
2019-10-24,1.229,8.08,23.956,28.688,5.667
2019-10-25,5.025,9.574,23.781,30.062,21.428
2019-10-26,17.502,9.642,23.956,30.312,24.108
2019-10-27,10.785,9.897,24.106,30.706,11.839
2019-10-28,2.238,8.619,25.056,30.231,6.421
2019-10-29,17.12,8.953,24.825,30.363,5.573
2019-10-30,0.253,9.731,24.606,30.994,8.582
2019-10-31,1.395,10.383,24.444,31.6,6.069
2019-11-01,7.002,9.07,24.281,30.1,5.325
2019-11-02,27.965,8.901,24.656,30.238,5.029
2019-11-03,10.025,8.046,24.719,29.475,4.61
2019-11-04,25.286,8.477,24.55,29.775,3.987
2019-11-05,28.575,7.842,24.794,29.35,3.834
2019-11-06,0.0,9.582,24.881,31.225,6.206
2019-11-07,12.39,9.676,25.1,31.525,5.888
2019-11-08,18.51,8.675,25.438,30.775,5.982
2019-11-09,25.579,5.845,24.406,27.238,5.145
2019-11-10,0.0,8.277,24.194,29.406,4.574
2019-11-11,10.621,9.004,24.206,30.188,4.147
2019-11-12,14.061,8.293,24.15,29.419,3.582
2019-11-13,20.135,8.864,24.35,30.188,3.159
2019-11-14,6.821,9.014,24.531,30.519,2.778
2019-11-15,9.416,9.397,23.844,30.413,8.556
2019-11-16,8.978,9.58,24.356,31.044,7.667
2019-11-17,2.165,8.049,24.262,29.337,6.459
2019-11-18,0.0,9.478,24.05,30.738,5.888
2019-11-19,0.0,9.559,23.512,30.425,5.318
2019-11-20,0.0,9.515,23.575,30.444,4.914
2019-11-21,0.0,8.726,23.594,29.6,4.618
2019-11-22,0.0,9.454,23.75,30.556,4.386
2019-11-23,0.0,8.458,23.312,29.131,4.096
2019-11-24,0.0,9.575,23.819,30.775,3.621
2019-11-25,0.0,8.569,25.212,30.8,2.795
2019-11-26,0.319,8.85,25.094,31.012,2.871
2019-11-27,3.653,8.679,25.669,31.306,2.85
2019-11-28,11.322,8.428,24.762,30.319,2.843
2019-11-29,1.095,7.959,25.225,30.219,2.747
2019-11-30,4.089,8.073,24.819,30.031,2.678
2019-12-01,0.0,8.793,24.444,30.525,2.472
2019-12-02,0.0,9.157,24.719,31.169,2.403
2019-12-03,14.975,6.745,24.887,28.756,2.862
2019-12-04,3.519,7.665,25.375,30.087,9.069
2019-12-05,8.363,8.453,25.319,30.881,6.537
2019-12-06,0.768,8.418,25.481,30.981,5.607
2019-12-07,0.0,7.526,25.05,29.694,5.188
2019-12-08,0.0,9.682,23.8,31.081,4.849
2019-12-09,0.0,10.741,23.256,31.931,4.502
2019-12-10,0.502,8.716,24.712,30.712,4.103
2019-12-11,0.0,8.496,25.212,30.887,3.806
2019-12-12,0.13,9.813,24.35,31.7,3.489
2019-12-13,12.283,8.7,24.131,30.25,3.043
2019-12-14,1.043,8.409,24.606,30.325,4.49
2019-12-15,4.836,9.33,23.725,30.663,42.904
2019-12-16,0.0,8.305,24.725,30.312,38.126
2019-12-17,7.856,8.571,25.012,30.831,9.604
2019-12-18,0.446,7.697,25.087,29.962,10.54
2019-12-19,0.66,7.797,25.594,30.475,6.218
2019-12-20,5.122,9.339,25.244,31.869,3.541
2019-12-21,3.242,8.08,25.825,30.956,3.895
2019-12-22,24.211,8.398,25.15,30.738,6.536
2019-12-23,0.163,8.126,25.712,30.919,3.679
2019-12-24,0.0,8.907,25.244,31.369,2.575
2019-12-25,11.821,6.118,25.669,28.869,2.269
2019-12-26,1.293,8.577,24.069,30.1,1.914
2019-12-27,1.82,6.61,25.631,29.306,1.999
2019-12-28,15.462,8.783,25.113,31.106,3.091
2019-12-29,12.091,7.579,25.519,30.169,6.003
2019-12-30,20.652,7.222,25.444,29.719,4.378
2019-12-31,0.0,8.079,24.837,30.113,3.842
2020-01-01,0.0,9.383,23.95,30.869,3.447
2020-01-02,0.446,8.465,24.475,30.212,2.635
2020-01-03,0.0,9.484,24.094,31.05,1.966
2020-01-04,0.0,9.784,23.881,31.225,1.641
2020-01-05,0.0,9.281,23.656,30.481,1.323
2020-01-06,0.0,8.736,24.619,30.613,1.144
2020-01-07,0.0,9.469,24.369,31.194,1.026
2020-01-08,0.0,10.171,24.825,32.325,0.856
2020-01-09,0.0,10.916,24.856,33.2,1.144
2020-01-10,0.0,11.069,24.55,33.112,0.602
2020-01-11,0.0,10.412,24.387,32.225,0.477
2020-01-12,0.0,12.044,23.544,33.481,0.475
2020-01-13,0.0,12.371,23.275,33.663,0.902
2020-01-14,0.0,11.372,24.581,33.4,0.978
2020-01-15,0.0,9.115,24.981,31.15,1.0
2020-01-16,0.0,12.181,24.619,34.312,0.965
2020-01-17,0.0,12.474,24.312,34.406,0.93
2020-01-18,0.0,11.407,24.9,33.581,0.895
2020-01-19,0.0,9.151,25.519,31.531,0.856
2020-01-20,7.689,7.289,26.069,30.094,0.794
2020-01-21,0.0,9.02,24.262,30.35,0.781
2020-01-22,30.019,8.877,23.725,29.788,0.659
2020-01-23,0.0,9.588,23.087,30.025,1.208
2020-01-24,0.0,8.36,24.519,29.825,5.493
2020-01-25,0.0,6.979,25.113,28.962,6.134
2020-01-26,0.0,8.937,23.544,29.613,4.777
2020-01-27,0.0,9.547,23.137,29.931,4.219
2020-01-28,0.0,9.658,23.744,30.494,3.734
2020-01-29,0.0,9.421,23.981,30.4,3.022
2020-01-30,0.0,10.851,24.094,32.025,2.449
2020-01-31,0.0,9.048,25.2,30.925,1.807
2020-02-01,0.0,9.313,24.931,30.95,1.564
2020-02-02,9.771,8.282,25.169,30.094,1.659
2020-02-03,0.0,8.635,25.481,30.681,1.635
2020-02-04,0.0,10.444,25.356,32.4,1.635
2020-02-05,0.0,10.73,24.444,31.969,1.629
2020-02-06,0.0,10.325,24.294,31.387,1.546
2020-02-07,0.0,11.671,24.306,32.825,1.54
2020-02-08,5.234,8.889,25.1,30.5,1.534
2020-02-09,0.0,11.231,24.087,32.138,1.451
2020-02-10,0.0,13.031,23.438,33.612,1.435
2020-02-11,0.0,10.631,24.6,31.806,1.29
2020-02-12,0.0,11.16,24.825,32.513,1.28
2020-02-13,0.347,11.242,25.163,32.825,1.28
2020-02-14,0.0,10.038,25.25,31.631,1.28
2020-02-15,0.0,10.304,25.569,32.131,0.965
2020-02-16,0.0,9.971,25.256,31.531,0.65
2020-02-17,0.0,10.856,26.05,33.019,0.65
2020-02-18,0.0,12.441,24.944,33.781,0.65
2020-02-19,0.27,12.844,24.325,33.725,0.65
2020-02-20,0.0,10.386,25.856,32.312,0.633
2020-02-21,4.355,9.503,25.65,31.281,0.615
2020-02-22,0.146,9.831,24.444,30.606,0.615
2020-02-23,0.0,10.096,24.062,30.569,0.615
2020-02-24,0.0,9.241,24.769,30.262,0.613
2020-02-25,0.0,10.513,23.794,30.712,0.582
2020-02-26,0.0,11.958,24.062,32.381,0.58
2020-02-27,0.0,10.526,23.981,30.825,0.58
2020-02-28,0.0,10.717,24.381,31.331,0.58
2020-02-29,0.0,9.642,25.163,30.887,0.578
2020-03-01,0.432,10.489,25.038,31.562,0.547
2020-03-02,2.812,10.92,24.694,31.7,0.545
2020-03-03,2.55,11.75,24.525,32.375,0.545
2020-03-04,0.0,12.573,25.131,33.644,0.545
2020-03-05,0.0,11.796,24.938,32.688,0.545
2020-03-06,0.0,11.892,25.606,33.281,0.545
2020-03-07,0.0,9.425,24.875,30.312,0.545
2020-03-08,0.0,10.013,25.1,31.038,0.545
2020-03-09,0.0,13.322,25.131,34.294,0.545
2020-03-10,1.353,10.58,25.325,31.712,0.545
2020-03-11,0.0,9.264,24.469,29.762,0.545
2020-03-12,0.0,10.612,24.438,31.006,0.545
2020-03-13,0.0,10.478,24.988,31.294,0.545
2020-03-14,0.0,10.255,24.75,30.881,0.541
2020-03-15,0.0,12.206,24.144,32.319,0.479
2020-03-16,0.0,12.304,25.012,33.069,0.475
2020-03-17,0.0,11.593,24.931,32.281,0.475
2020-03-18,0.0,11.777,24.288,31.956,0.475
2020-03-19,0.0,12.395,24.4,32.625,0.475
2020-03-20,3.54,11.307,24.719,31.794,0.458
2020-03-21,0.0,11.769,23.894,31.587,0.44
2020-03-22,0.0,12.889,23.731,32.594,0.44
2020-03-23,0.0,12.825,24.456,33.05,0.44
2020-03-24,0.0,12.116,24.444,32.325,0.44
2020-03-25,0.0,12.354,24.656,32.712,0.44
2020-03-26,0.0,10.878,25.2,31.7,0.44
2020-03-27,0.0,11.619,24.456,31.831,0.44
2020-03-28,0.0,12.677,24.044,32.556,0.438
2020-03-29,0.0,10.947,25.038,31.6,0.407
2020-03-30,0.0,11.355,25.125,32.05,0.405
2020-03-31,19.953,11.658,25.038,32.275,0.405
2020-04-01,3.274,11.082,24.312,31.15,0.405
2020-04-02,0.0,11.55,24.738,31.938,0.405
2020-04-03,0.0,10.018,25.456,31.062,0.405
2020-04-04,0.0,9.276,26.106,30.931,0.405
2020-04-05,0.0,10.525,26.206,32.119,0.403
2020-04-06,4.041,10.371,26.031,31.819,0.372
2020-04-07,2.481,10.076,26.006,31.538,0.37
2020-04-08,0.0,9.22,27.062,31.675,0.37
2020-04-09,9.482,8.815,25.775,30.244,0.37
2020-04-10,1.028,9.124,26.206,30.881,0.37
2020-04-11,16.862,8.287,26.056,30.044,0.37
2020-04-12,4.017,10.353,25.163,31.113,0.37
2020-04-13,0.0,10.365,25.206,31.163,0.368
2020-04-14,0.0,11.335,24.719,31.681,0.337
2020-04-15,0.0,12.465,24.606,32.688,0.335
2020-04-16,0.0,12.109,24.6,32.356,0.335
2020-04-17,0.0,10.564,24.7,30.962,0.335
2020-04-18,0.262,9.762,25.306,30.694,0.335
2020-04-19,8.431,11.616,24.775,32.006,0.335
2020-04-20,3.119,12.521,25.556,33.5,0.335
2020-04-21,0.316,10.518,25.131,31.256,0.335
2020-04-22,17.558,11.119,24.069,31.0,0.318
2020-04-23,18.607,10.713,24.031,30.575,0.3
2020-04-24,9.004,10.62,24.844,31.131,0.3
2020-04-25,3.756,12.054,24.675,32.394,0.3
2020-04-26,7.796,11.46,24.738,31.875,0.293
2020-04-27,0.0,10.355,25.2,31.2,0.293
2020-04-28,10.607,8.566,25.587,29.938,0.293
2020-04-29,0.352,10.691,25.688,31.913,0.293
2020-04-30,3.045,9.092,25.6,30.394,0.293
2020-05-01,7.309,8.853,25.913,30.45,0.293
2020-05-02,1.253,10.091,25.181,31.012,0.286
2020-05-03,8.384,10.007,24.969,30.738,0.286
2020-05-04,20.469,9.412,24.756,30.025,0.286
2020-05-05,17.215,10.673,25.262,31.594,0.286
2020-05-06,11.192,9.402,25.881,30.944,0.286
2020-05-07,1.888,11.406,25.6,32.581,0.286
2020-05-08,2.087,10.582,25.85,32.013,0.286
2020-05-09,1.235,10.837,25.625,32.087,0.279
2020-05-10,4.174,11.836,25.444,32.906,0.279
2020-05-11,2.745,9.203,25.519,30.494,0.279
2020-05-12,5.502,9.587,25.562,30.887,0.279
2020-05-13,1.536,10.686,24.644,31.175,0.279
2020-05-14,0.0,10.292,24.438,30.663,0.405
2020-05-15,3.702,12.032,25.087,32.875,2.791
2020-05-16,8.579,10.343,25.988,31.969,5.706
2020-05-17,29.728,9.463,25.125,30.444,8.533
2020-05-18,0.0,10.039,24.863,30.775,4.421
2020-05-19,20.486,4.744,24.656,26.262,5.272
2020-05-20,0.233,12.347,24.087,32.487,21.351
2020-05-21,4.165,9.939,25.156,30.975,22.885
2020-05-22,4.278,7.968,24.95,28.988,15.05
2020-05-23,2.387,10.563,25.175,31.575,7.769
2020-05-24,3.148,9.946,25.85,31.544,5.6
2020-05-25,5.473,9.292,25.587,30.731,4.957
2020-05-26,2.512,10.181,26.044,31.931,4.407
2020-05-27,24.341,6.623,24.769,27.744,8.463
2020-05-28,0.7,8.166,24.606,28.913,7.271
2020-05-29,3.622,8.902,24.631,29.606,6.054
2020-05-30,26.472,5.977,24.4,26.956,5.094
2020-05-31,0.846,10.657,23.413,30.363,4.56
2020-06-01,7.316,10.439,24.269,30.812,7.487
2020-06-02,13.949,7.198,24.594,28.094,43.655
2020-06-03,2.405,10.215,23.1,29.669,28.444
2020-06-04,2.841,11.255,24.156,31.556,6.762
2020-06-05,7.276,8.739,25.488,30.2,4.726
2020-06-06,8.838,7.123,25.212,28.562,6.665
2020-06-07,0.0,11.194,25.0,32.181,39.892
2020-06-08,7.012,10.376,25.906,32.081,20.778
2020-06-09,14.727,8.527,24.856,29.519,10.842
2020-06-10,28.894,7.551,24.606,28.438,24.422
2020-06-11,1.494,9.954,23.894,30.087,19.338
2020-06-12,3.595,10.44,23.3,30.106,11.538
2020-06-13,3.75,10.948,23.613,30.863,19.683
2020-06-14,7.693,10.883,24.306,31.344,20.145
2020-06-15,16.455,7.086,24.775,28.175,6.297
2020-06-16,0.0,10.561,24.5,31.194,4.567
2020-06-17,7.452,8.906,24.506,29.587,3.569
2020-06-18,5.349,11.617,23.938,31.819,5.199
2020-06-19,9.495,10.588,24.119,30.95,18.305
2020-06-20,3.872,10.74,24.444,31.325,10.458
2020-06-21,10.584,10.365,24.044,30.656,6.645
2020-06-22,3.295,10.159,24.544,30.856,5.325
2020-06-23,8.739,8.719,25.181,29.994,5.159
2020-06-24,0.269,11.162,24.656,31.925,4.161
2020-06-25,4.67,11.153,23.569,31.075,3.072
2020-06-26,1.453,10.534,24.794,31.406,4.911
2020-06-27,20.646,7.849,24.694,28.775,25.283
2020-06-28,3.678,8.532,24.306,29.069,25.922
2020-06-29,10.833,11.313,23.387,31.106,18.576
2020-06-30,14.09,9.407,24.856,30.356,10.007
2020-07-01,5.839,10.795,24.044,31.056,6.045
2020-07-02,5.784,8.8,24.694,29.669,5.246
2020-07-03,2.66,11.728,23.962,31.962,4.436
2020-07-04,11.281,7.998,24.188,28.469,12.001
2020-07-05,5.205,8.967,24.125,29.312,9.515
2020-07-06,0.0,10.979,23.875,31.1,6.135
2020-07-07,7.758,8.905,24.131,29.269,5.369
2020-07-08,17.787,9.145,24.019,29.4,4.849
2020-07-09,1.716,10.128,23.975,30.306,4.328
2020-07-10,10.562,8.217,24.419,28.844,5.325
2020-07-11,1.708,8.996,23.788,29.062,23.541
2020-07-12,4.034,9.344,24.069,29.606,17.443
2020-07-13,0.0,10.024,24.506,30.625,9.053
2020-07-14,11.004,10.272,23.381,29.988,6.083
2020-07-15,0.0,11.456,24.031,31.675,5.455
2020-07-16,5.985,8.581,24.6,29.294,32.41
2020-07-17,4.021,11.375,24.562,31.975,57.166
2020-07-18,7.201,9.994,24.875,30.869,14.342
2020-07-19,8.384,11.356,24.869,32.188,6.358
2020-07-20,5.926,6.913,24.75,27.962,13.198
2020-07-21,0.0,10.607,24.488,31.131,19.994
2020-07-22,20.125,8.581,24.069,28.844,17.386
2020-07-23,2.489,9.172,24.387,29.663,10.827
2020-07-24,1.755,9.335,24.031,29.494,6.743
2020-07-25,10.052,9.478,23.9,29.531,6.062
2020-07-26,10.821,10.841,23.95,30.894,5.542
2020-07-27,1.467,10.696,24.156,30.913,12.141
2020-07-28,0.491,11.698,23.794,31.619,18.79
2020-07-29,11.903,11.07,24.694,31.675,7.093
2020-07-30,6.513,9.149,24.844,29.944,5.766
2020-07-31,3.036,9.472,25.238,30.569,4.337
2020-08-01,9.531,11.208,25.694,32.569,3.01
2020-08-02,2.896,12.066,24.556,32.525,4.002
2020-08-03,19.848,9.567,24.962,30.413,15.078
2020-08-04,1.713,10.345,24.7,30.931,13.46
2020-08-05,17.82,10.332,24.637,30.869,6.62
2020-08-06,15.532,9.257,24.644,29.844,13.111
2020-08-07,2.125,11.267,24.394,31.575,41.541
2020-08-08,6.721,11.096,24.725,31.669,93.971
2020-08-11,6.048,7.856,25.356,29.181,160.916
2020-08-12,6.764,10.98,24.575,31.394,82.211
2020-08-13,4.118,10.068,25.025,30.894,42.032
2020-08-14,8.447,9.774,24.769,30.413,25.797
2020-08-15,13.777,9.858,24.094,29.944,22.641
2020-08-16,5.936,8.988,24.288,29.275,20.078
2020-08-17,11.659,10.43,24.2,30.55,17.35
2020-08-18,0.0,10.239,24.806,30.856,12.911
2020-08-19,23.985,9.115,24.481,29.55,9.679
2020-08-20,18.114,9.466,24.288,29.694,51.174
2020-08-21,6.954,9.754,24.35,30.025,51.679
2020-08-22,2.15,8.968,24.262,29.212,34.189
2020-08-23,17.819,9.947,24.0,29.931,21.507
2020-08-24,5.285,9.495,23.631,29.188,10.031
2020-08-25,5.41,8.443,23.875,28.431,6.448
2020-08-26,0.053,9.607,24.012,29.581,5.051
2020-08-27,0.631,9.196,24.762,29.837,5.491
2020-08-28,0.883,9.748,24.556,30.188,29.502
2020-08-29,1.984,8.406,24.769,29.131,21.151
2020-08-30,2.923,10.296,23.381,29.738,8.378
2020-08-31,0.071,10.492,23.6,30.137,6.033
2020-09-01,9.411,11.015,24.3,31.188,5.52
2020-09-02,19.479,9.9,23.656,29.6,7.723
2020-09-03,4.04,10.889,23.75,30.637,49.581
2020-09-04,13.69,8.348,24.344,28.719,34.33
2020-09-05,0.555,10.735,24.738,31.262,22.394
2020-09-06,4.421,9.19,25.006,30.038,19.905
2020-09-07,3.002,8.725,24.869,29.512,12.098
2020-09-08,6.527,7.705,23.694,27.644,6.86
2020-09-09,0.0,11.544,23.306,30.962,6.206
2020-09-10,5.961,10.936,24.144,31.038,5.217
2020-09-11,5.594,9.613,24.95,30.413,4.53
2020-09-12,17.96,10.897,24.706,31.419,6.473
2020-09-13,0.0,11.123,24.444,31.45,5.744
2020-09-14,34.181,11.038,24.363,31.319,5.116
2020-09-15,4.523,7.978,25.238,29.2,4.161
2020-09-16,6.067,8.81,24.144,29.019,4.832
2020-09-17,6.649,9.379,24.663,29.981,19.197
2020-09-18,5.797,9.008,24.319,29.375,23.078
2020-09-19,5.91,11.477,24.35,31.8,16.118
2020-09-20,12.3,10.497,24.188,30.725,6.983
2020-09-21,7.892,10.08,24.663,30.681,6.636
2020-09-22,18.986,11.376,23.956,31.431,58.033
2020-09-23,2.033,10.298,24.756,30.994,54.479
2020-09-24,9.773,9.676,24.688,30.35,17.163
2020-09-25,25.268,8.42,23.394,28.131,52.432
2020-09-26,0.169,10.823,24.038,30.975,24.493
2020-09-27,2.298,8.683,24.531,29.325,8.636
2020-09-28,1.15,10.664,24.238,31.012,6.293
2020-09-29,0.276,9.965,24.469,30.519,5.65
2020-09-30,8.837,8.172,24.394,28.775,5.958
2020-10-01,1.157,9.939,24.275,30.375,17.337
2020-10-02,0.408,8.439,24.681,29.312,11.216
2020-10-03,5.53,7.595,24.569,28.45,6.714
2020-10-04,8.142,9.029,23.244,28.712,5.78
2020-10-05,4.071,10.41,23.762,30.494,5.116
2020-10-06,5.086,8.711,24.044,29.087,4.77
2020-10-07,1.603,7.325,24.9,28.594,13.95
2020-10-08,0.956,9.282,24.069,29.681,10.823
2020-10-09,4.816,9.144,24.369,29.837,6.874
2020-10-10,0.0,12.093,24.069,32.606,5.686
2020-10-11,2.218,8.684,25.306,30.194,5.486
2020-10-12,6.872,8.787,24.456,29.575,21.738
2020-10-13,5.573,8.073,24.081,28.644,23.253
2020-10-14,1.647,10.489,23.744,30.75,19.16
2020-10-15,3.51,9.267,24.15,29.906,16.946
2020-10-16,3.453,9.904,24.369,30.694,14.014
2020-10-17,26.463,8.98,24.762,30.1,11.02
2020-10-18,0.0,9.252,24.325,30.038,6.917
2020-10-19,6.53,8.367,23.55,28.569,5.96
2020-10-20,1.001,9.108,23.869,29.575,5.13
2020-10-21,0.0,9.517,24.925,30.844,4.277
2020-10-22,10.032,8.784,24.55,29.85,6.709
2020-10-23,3.666,7.833,24.762,29.131,7.904
2020-10-24,9.748,5.898,24.15,26.919,6.018
2020-10-25,3.739,9.205,23.806,29.725,4.964
2020-10-26,3.391,9.829,24.306,30.788,3.741
2020-10-27,2.241,9.198,24.225,30.094,3.405
2020-10-28,2.19,8.789,24.869,30.25,2.543
2020-10-29,1.866,8.632,24.906,30.106,1.878
2020-10-30,3.191,9.189,23.819,29.844,1.588
2020-10-31,2.519,7.54,24.819,29.031,1.39
2020-11-01,6.814,8.375,24.05,29.225,1.114
2020-11-02,0.0,8.296,24.762,29.738,1.0
2020-11-03,0.0,8.441,24.95,30.056,0.934
2020-11-04,0.0,8.992,24.756,30.475,0.93
2020-11-05,3.374,8.497,25.094,30.275,0.926
2020-11-06,0.0,8.337,24.431,29.581,0.864
2020-11-07,0.0,8.531,23.956,29.413,0.86
2020-11-08,0.0,8.532,24.375,29.775,3.778
2020-11-09,0.0,8.423,23.981,29.381,6.083
2020-11-10,0.298,8.979,23.262,29.419,4.668
2020-11-11,3.026,7.776,23.956,28.731,3.973
2020-11-12,0.0,7.887,23.894,28.794,3.17
2020-11-13,0.0,8.42,23.756,29.281,2.281
2020-11-14,1.716,5.809,24.069,26.988,2.063
2020-11-15,0.0,6.211,24.075,27.369,1.825
2020-11-16,0.263,8.762,23.419,29.444,1.538
2020-11-17,30.039,7.102,24.356,28.481,0.872
2020-11-18,26.302,7.848,23.744,28.731,1.039
2020-11-19,11.63,8.708,23.512,29.494,4.19
2020-11-20,2.741,7.775,23.831,28.781,3.871
2020-11-21,9.08,7.006,23.613,27.8,3.397
2020-11-22,0.0,8.7,24.244,30.113,3.225
2020-11-23,0.0,9.443,23.731,30.562,6.489
2020-11-24,6.37,9.248,23.756,30.4,6.293
2020-11-25,14.209,7.541,24.581,29.212,5.701
2020-11-26,6.917,8.655,24.125,30.05,4.791
2020-11-27,0.284,8.286,23.856,29.431,3.922
2020-11-28,9.282,8.629,23.788,29.769,3.188
2020-11-29,14.075,9.051,23.725,30.225,3.144
2020-11-30,18.873,7.164,24.225,28.6,9.813
2020-12-01,21.092,8.975,24.069,30.425,6.895
2020-12-02,0.475,8.795,23.956,30.15,5.392
2020-12-03,3.171,7.644,23.744,28.738,2.876
2020-12-04,1.614,9.336,24.081,30.875,2.52
2020-12-05,3.208,8.83,23.731,30.044,2.41
2020-12-06,0.998,8.984,23.869,30.337,2.307
2020-12-07,8.161,8.281,24.406,30.0,3.372
2020-12-08,29.596,9.734,24.469,31.675,4.444
2020-12-09,13.597,8.919,24.225,30.587,4.386
2020-12-10,0.867,9.122,24.325,30.881,4.263
2020-12-11,0.577,9.02,23.712,30.288,4.045
2020-12-12,0.0,8.86,23.869,30.269,3.922
2020-12-13,0.0,9.808,23.962,31.431,4.717
2020-12-14,0.0,9.399,23.863,30.856,5.441
2020-12-15,0.0,9.261,23.712,30.575,6.22
2020-12-16,0.0,8.763,24.113,30.319,5.881
2020-12-17,3.753,8.824,23.75,30.131,5.376
2020-12-18,15.991,10.007,23.781,31.512,5.152
2020-12-19,5.967,9.995,23.6,31.356,5.08
2020-12-20,0.0,9.797,23.806,31.281,4.964
2020-12-21,0.0,9.399,24.312,31.206,4.907
2020-12-22,0.0,9.033,24.15,30.663,4.849
2020-12-23,0.0,8.876,24.663,30.894,4.791
2020-12-24,1.338,9.683,24.094,31.356,4.784
2020-12-25,0.0,7.868,24.075,29.294,4.683
2020-12-26,1.522,6.77,23.994,28.056,4.611
2020-12-27,0.0,8.338,22.831,28.8,4.444
2020-12-28,0.0,8.922,22.212,28.994,4.27
2020-12-29,0.0,8.897,22.163,28.956,4.11
2020-12-30,0.0,9.162,23.125,29.962,4.205
2020-12-31,0.0,9.642,23.206,30.569,4.154
2021-01-01,0.0,10.032,23.044,30.919,4.089
2021-01-02,0.0,9.053,23.056,29.762,3.987
2021-01-03,6.331,8.762,23.919,30.087,3.973
2021-01-04,0.0,9.092,23.175,29.894,3.871
2021-01-05,0.0,9.453,22.919,30.1,3.864
2021-01-06,0.0,9.559,22.431,29.825,3.857
2021-01-07,1.465,8.409,23.231,29.113,3.755
2021-01-08,0.944,7.893,23.288,28.581,3.741
2021-01-09,22.73,7.168,23.706,28.137,3.639
2021-01-10,0.213,9.473,23.381,30.387,3.625
2021-01-11,9.271,8.786,24.031,30.1,3.523
2021-01-12,4.643,9.354,23.637,30.419,3.451
2021-01-13,0.0,8.003,24.062,29.256,3.29
2021-01-14,0.0,9.163,23.681,30.219,3.18
2021-01-15,0.0,7.786,24.319,29.219,3.07
2021-01-16,0.0,9.086,23.081,29.619,2.96
2021-01-17,0.0,9.942,23.356,30.775,2.85
2021-01-18,0.0,9.278,23.738,30.312,2.74
2021-01-19,0.0,10.981,23.625,32.119,2.637
2021-01-20,0.0,10.975,23.15,31.744,2.575
2021-01-21,0.0,10.419,24.113,31.8,2.52
2021-01-22,0.0,8.953,24.238,30.238,2.465
2021-01-23,0.0,8.883,23.462,29.544,2.403
2021-01-24,0.0,9.5,23.6,30.312,2.301
2021-01-25,0.0,10.114,24.206,31.425,2.205
2021-01-26,2.397,9.823,24.5,31.306,2.104
2021-01-27,0.0,9.565,24.3,30.844,1.902
2021-01-28,0.0,9.608,23.869,30.55,1.475
2021-01-29,0.0,9.834,24.094,30.95,1.435
2021-01-30,0.0,10.527,23.438,31.169,1.251
2021-01-31,0.0,11.496,22.788,31.744,1.105
2021-02-01,0.0,9.541,23.569,30.119,1.004
2021-02-02,0.217,7.481,24.65,28.875,1.0
2021-02-03,0.0,8.034,24.45,29.238,1.0
2021-02-04,0.0,8.239,24.6,29.556,1.0
2021-02-05,0.0,9.117,24.375,30.212,1.0
2021-02-06,0.0,10.697,24.081,31.631,1.0
2021-02-07,0.0,9.054,24.494,30.2,1.0
2021-02-08,0.0,10.022,24.5,31.194,1.0
2021-02-09,2.228,9.478,24.419,30.525,0.996
2021-02-10,0.0,10.363,23.644,30.825,0.934
2021-02-11,0.0,10.381,23.95,31.044,0.93
2021-02-12,0.326,10.294,23.981,30.956,0.93
2021-02-13,0.0,9.647,23.812,30.125,0.93
2021-02-14,0.0,9.374,24.106,30.056,0.93
2021-02-15,0.0,9.945,23.938,30.475,0.93
2021-02-16,2.59,10.694,23.137,30.644,0.93
2021-02-17,1.665,10.859,23.425,30.981,0.93
2021-02-18,0.0,10.96,22.844,30.625,0.93
2021-02-19,0.66,10.667,23.438,30.731,0.895
2021-02-20,5.374,10.779,22.875,30.413,0.86
2021-02-21,0.0,10.415,23.081,30.181,0.86
2021-02-22,0.0,11.276,23.294,31.212,0.86
2021-02-23,4.418,9.377,23.431,29.319,0.86
2021-02-24,0.0,11.977,24.137,32.538,0.86
2021-02-25,1.85,10.045,25.219,31.363,0.86
2021-02-26,0.0,11.76,25.081,32.95,0.86
2021-02-27,0.0,11.188,24.044,31.55,0.86
2021-02-28,0.0,11.899,24.606,32.681,0.86
2021-03-01,0.0,12.901,23.944,33.2,0.856
2021-03-02,0.0,11.886,23.275,31.613,0.794
2021-03-03,0.0,11.721,23.356,31.469,0.794
2021-03-04,0.0,11.615,23.375,31.394,0.786
2021-03-05,0.0,10.59,23.394,30.331,0.685
2021-03-06,0.0,10.94,24.156,31.244,0.648
2021-03-07,0.0,9.818,24.625,30.506,0.617
2021-03-08,39.033,9.185,24.9,30.081,0.613
2021-03-09,61.383,9.921,23.85,29.906,0.582
2021-03-10,12.386,10.075,23.375,29.675,0.563
2021-03-11,0.247,7.498,23.062,27.031,0.545
2021-03-12,0.0,9.677,23.025,28.988,0.545
2021-03-13,0.0,10.058,22.887,29.256,0.545
2021-03-14,0.0,10.191,23.331,29.725,0.543
2021-03-15,0.0,10.237,23.506,29.9,0.512
2021-03-16,2.955,9.795,23.887,29.75,0.51
2021-03-17,42.271,11.349,23.719,31.131,0.993
2021-03-18,38.218,8.735,23.4,28.331,7.057
2021-03-19,2.204,9.41,23.294,28.85,6.343
2021-03-20,15.604,10.094,22.756,29.069,5.542
2021-03-21,0.0,10.256,23.462,29.812,4.979
2021-03-22,0.0,10.093,23.231,29.456,4.567
2021-03-23,0.847,10.336,23.319,29.719,3.321
2021-03-24,0.0,12.465,22.812,31.481,1.793
2021-03-25,0.0,11.208,24.081,31.156,1.25
2021-03-26,2.061,9.736,24.375,29.969,0.908
2021-03-27,4.123,10.661,23.5,30.15,0.805
2021-03-28,17.988,11.567,23.525,31.062,11.928
2021-03-29,0.0,10.386,24.525,30.675,8.276
2021-03-30,0.0,10.621,24.669,31.006,2.354
2021-03-31,69.632,11.132,24.919,31.681,1.84
2021-04-01,41.389,10.557,24.163,30.519,2.079
2021-04-02,69.553,9.135,24.012,29.069,7.183
2021-04-03,21.546,9.266,23.788,29.006,17.714
2021-04-04,1.188,9.094,23.95,28.988,12.964
2021-04-05,17.867,8.91,23.725,28.656,6.373
2021-04-06,16.004,8.498,24.169,28.644,8.301
2021-04-07,1.85,10.183,24.125,30.137,34.079
2021-04-08,23.181,9.658,24.438,29.887,33.91
2021-04-09,40.653,7.966,23.681,27.744,32.418
2021-04-10,1.335,9.256,23.581,28.831,27.786
2021-04-11,9.276,10.301,24.144,30.256,8.043
2021-04-12,0.872,9.61,25.15,30.444,5.953
2021-04-13,2.922,10.238,24.712,30.65,4.971
2021-04-14,56.775,9.22,24.581,29.619,4.096
2021-04-15,17.595,9.962,24.981,30.613,3.928
2021-04-16,35.349,8.805,24.131,28.9,8.46
2021-04-17,11.006,10.122,24.962,30.738,5.643
2021-04-18,36.404,8.291,23.688,28.056,5.058
2021-04-19,0.0,10.644,24.244,30.663,6.357
2021-04-20,3.508,10.768,23.981,30.606,5.21
2021-04-21,0.0,10.119,24.025,30.0,4.306
2021-04-22,0.227,10.927,24.3,30.994,3.841
2021-04-23,0.0,9.752,24.488,30.031,8.462
2021-04-24,0.0,10.819,24.194,30.812,7.003
2021-04-25,0.0,9.482,25.569,30.7,6.054
2021-04-26,0.183,10.229,24.794,30.775,4.494
2021-04-27,8.066,9.179,23.744,28.938,3.092
2021-04-28,0.0,8.543,23.744,28.344,2.521
2021-04-29,0.0,10.48,23.837,30.244,2.632
2021-04-30,1.921,9.806,23.475,29.319,7.757
2021-05-01,18.025,8.442,23.337,27.931,9.537
2021-05-02,1.604,10.359,23.938,30.212,42.531
2021-05-03,10.794,7.699,23.288,27.244,24.861
2021-05-04,0.757,10.942,23.344,30.363,20.485
2021-05-05,0.981,10.072,23.731,29.812,14.758
2021-05-06,4.773,9.677,23.681,29.394,8.644
2021-05-07,11.383,11.068,22.856,30.137,6.299
2021-05-08,5.634,10.246,23.631,29.919,9.977
2021-05-09,19.024,10.688,23.731,30.444,6.927
2021-05-10,14.398,10.859,24.044,30.881,5.657
2021-05-11,14.593,11.793,24.387,32.038,4.798
2021-05-12,15.872,8.994,24.881,29.806,30.649
2021-05-13,9.586,10.196,25.062,31.038,40.634
2021-05-14,10.317,10.115,24.85,30.812,30.114
2021-05-15,0.0,10.331,24.812,31.0,8.709
2021-05-16,8.485,9.403,24.431,29.831,6.112
2021-05-17,6.923,9.476,24.144,29.688,5.561
2021-05-18,17.314,8.15,23.962,28.312,8.673
2021-05-19,0.193,11.879,23.475,31.525,6.504
2021-05-20,0.0,10.424,24.869,31.169,4.574
2021-05-21,20.418,8.65,24.394,29.119,3.691
2021-05-22,9.539,9.624,24.938,30.469,10.735
2021-05-23,27.973,8.499,24.45,29.056,8.466
2021-05-24,0.0,9.025,24.262,29.369,5.934
2021-05-25,18.192,9.987,24.538,30.531,5.108
2021-05-26,12.884,11.188,24.206,31.481,10.774
2021-05-27,2.491,9.12,24.538,29.7,19.573
2021-05-28,22.077,9.666,23.625,29.531,135.165
2021-05-29,11.765,8.869,24.069,29.113,64.337
2021-05-30,0.396,11.512,23.425,31.219,29.243
2021-05-31,13.354,9.131,24.219,29.512,23.166
2021-06-01,12.577,7.993,24.356,28.569,30.681
2021-06-02,6.376,9.876,24.2,30.212,23.649
2021-06-03,2.78,10.142,24.319,30.556,17.144
2021-06-04,11.121,10.384,24.431,30.887,7.926
2021-06-05,7.063,8.4,24.212,28.825,8.216
2021-06-06,7.504,9.115,24.706,29.919,33.851
2021-06-07,19.409,6.469,23.731,26.788,24.951
2021-06-08,0.0,7.056,23.531,27.087,15.981
2021-06-09,0.606,8.701,23.069,28.188,11.497
2021-06-10,0.0,10.84,23.256,30.469,7.316
2021-06-11,9.064,10.709,23.55,30.575,7.197
2021-06-12,9.66,8.492,24.337,29.044,12.951
2021-06-13,10.333,7.771,23.831,27.994,22.377
2021-06-14,1.356,8.976,24.012,29.25,34.026
2021-06-15,0.688,11.39,22.819,30.731,13.258
2021-06-16,0.238,10.399,23.381,30.144,7.89
2021-06-17,6.305,9.421,23.994,29.669,5.397
2021-06-18,18.145,9.427,24.125,29.769,4.559
2021-06-19,1.895,9.876,24.288,30.331,5.173
2021-06-20,3.413,8.075,24.481,28.8,14.353
2021-06-21,25.066,9.701,23.656,29.669,54.878
2021-06-22,3.608,10.237,23.569,30.144,29.595
2021-06-23,8.334,9.759,23.081,29.281,19.573
2021-06-24,9.214,8.18,23.738,28.275,13.862
2021-06-25,6.575,11.095,23.15,30.694,24.797
2021-06-26,10.186,10.061,23.575,29.975,20.615
2021-06-27,7.62,10.226,23.506,30.081,14.259
2021-06-28,5.62,9.152,23.525,29.062,9.16
2021-06-29,0.0,10.301,24.637,31.044,10.459
2021-06-30,17.702,9.678,23.65,29.631,59.084
2021-07-01,1.542,7.306,24.225,27.894,46.409
2021-07-02,1.837,10.483,23.456,30.281,23.773
2021-07-03,4.266,8.181,24.425,28.837,16.808
2021-07-04,9.881,9.488,24.131,29.831,21.668
2021-07-05,10.248,10.911,23.525,30.794,15.746
2021-07-06,2.009,10.74,24.062,31.006,13.571
2021-07-07,0.496,10.014,24.906,30.95,11.936
2021-07-08,23.548,11.308,23.962,31.506,10.441
2021-07-09,16.627,8.29,24.719,29.181,7.965
2021-07-10,15.858,6.518,23.975,27.012,6.35
2021-07-11,2.528,9.854,23.65,29.781,5.643
2021-07-12,6.024,9.579,24.5,30.194,5.85
2021-07-13,17.974,9.993,23.819,30.05,18.803
2021-07-14,9.821,9.862,24.225,30.231,17.947
2021-07-15,4.227,9.648,24.5,30.244,16.264
2021-07-16,12.185,10.724,24.594,31.356,13.946
2021-07-17,20.999,9.227,24.087,29.494,12.203
2021-07-18,1.485,10.452,24.438,30.956,11.18
2021-07-19,0.775,12.116,23.344,31.794,10.085
2021-07-20,0.0,11.072,25.113,32.1,9.045
2021-07-21,10.75,11.369,24.206,31.669,7.83
2021-07-22,15.959,10.681,24.4,31.131,6.724
2021-07-23,9.669,11.152,24.087,31.356,6.004
2021-07-24,15.401,6.285,24.394,27.156,5.231
2021-07-25,20.424,5.921,23.337,25.919,4.458
2021-07-26,0.9,10.628,23.419,30.288,3.937
2021-07-27,19.417,6.789,23.569,26.8,3.614
2021-07-28,0.149,10.959,23.275,30.488,2.871
2021-07-29,3.428,9.934,24.212,30.206,3.063
2021-07-30,17.838,10.28,24.262,30.569,2.059
2021-07-31,11.474,11.14,25.288,32.194,1.346
2021-08-01,5.537,10.641,23.869,30.594,1.872
2021-08-02,10.153,9.672,24.363,30.044,8.2
2021-08-03,13.44,8.99,23.387,28.606,7.823
2021-08-04,0.0,11.24,23.569,30.938,29.815
2021-08-05,5.085,10.144,24.269,30.444,21.545
2021-08-06,7.654,9.977,23.85,29.906,14.053
2021-08-07,4.679,9.709,23.106,29.062,11.091
2021-08-08,8.383,9.561,24.15,29.738,21.861
2021-08-09,2.992,10.738,24.025,30.788,17.291
2021-08-10,15.756,8.645,24.25,28.956,12.799
2021-08-11,3.181,6.826,23.956,27.144,8.361
2021-08-12,0.968,9.748,24.069,29.825,6.191
2021-08-13,15.498,8.574,23.512,28.275,5.563
2021-08-14,8.795,9.33,23.856,29.256,5.296
2021-08-15,10.42,7.085,24.181,27.55,4.849
2021-08-16,1.962,9.457,23.181,28.806,4.263
2021-08-17,13.603,10.546,22.75,29.556,4.18
2021-08-18,15.502,9.084,23.744,28.913,10.125
2021-08-19,5.797,8.632,23.4,28.2,6.965
2021-08-20,2.118,9.653,23.038,28.887,14.86
2021-08-21,5.145,10.801,23.337,30.244,87.139
2021-08-22,13.448,10.056,23.681,29.756,87.525
2021-08-23,1.397,10.577,24.637,31.025,47.308
2021-08-24,14.752,8.498,24.05,28.637,26.379
2021-08-25,3.977,6.999,23.794,27.119,17.062
2021-08-26,1.782,10.095,23.769,29.869,7.105
2021-08-27,21.727,9.783,23.887,29.669,12.584
2021-08-28,2.924,9.908,24.137,29.975,28.534
2021-08-29,7.351,8.961,24.175,29.144,16.957
2021-08-30,10.896,7.097,23.306,26.769,24.75
2021-08-31,0.0,8.162,23.613,27.95,22.372
2021-09-01,0.806,12.069,22.944,31.206,19.358
2021-09-02,14.535,11.495,24.606,31.887,15.773
2021-09-03,0.0,9.949,25.212,30.887,12.528
2021-09-04,19.774,8.822,24.725,29.45,6.954
2021-09-05,0.0,9.722,24.875,30.406,6.062
2021-09-06,6.96,10.276,24.106,30.319,5.426
2021-09-07,6.894,10.217,23.706,29.962,4.74
2021-09-08,3.272,9.502,24.113,29.606,4.132
2021-09-09,7.69,7.985,24.275,28.375,5.257
2021-09-10,1.339,10.151,24.769,30.756,11.994
2021-09-11,17.025,7.998,23.631,27.837,77.313
2021-09-12,0.99,9.211,24.469,29.637,83.427
2021-09-13,1.115,9.881,23.725,29.669,51.708
2021-09-14,4.695,9.742,24.3,30.006,42.002
2021-09-15,7.314,9.527,24.131,29.663,37.466
2021-09-16,2.467,11.332,23.619,31.038,30.822
2021-09-17,2.622,11.822,24.738,32.406,25.66
2021-09-18,3.226,9.909,25.413,31.087,20.908
2021-09-19,16.049,9.605,24.488,30.069,18.61
2021-09-20,4.926,8.92,24.906,29.794,15.699
2021-09-21,12.654,9.064,24.413,29.519,11.979
2021-09-22,9.975,7.595,24.837,28.575,6.954
2021-09-23,14.443,7.376,23.35,27.15,5.621
2021-09-24,3.793,10.708,23.863,30.712,4.668
2021-09-25,2.288,8.892,24.906,29.881,6.686
2021-09-26,11.739,12.241,24.244,32.562,55.042
2021-09-27,0.0,10.601,24.931,31.475,51.588
2021-09-28,15.195,8.054,24.306,28.569,33.529
2021-09-29,0.114,9.539,23.375,29.231,23.755
2021-09-30,6.843,8.931,23.587,28.844,19.846
2021-10-01,0.963,9.481,23.469,29.262,12.847
2021-10-02,3.869,9.889,23.869,30.006,8.112
2021-10-03,3.47,9.475,24.8,30.394,6.401
2021-10-04,10.179,10.187,24.312,30.688,5.607
2021-10-05,9.92,10.914,24.175,31.319,4.849
2021-10-06,13.971,8.453,24.344,29.075,4.878
2021-10-07,0.0,9.302,24.462,29.981,15.358
2021-10-08,1.571,9.508,24.531,30.262,9.417
2021-10-09,0.222,8.933,24.275,29.519,13.821
2021-10-10,0.97,9.653,23.881,29.913,9.514
2021-10-11,0.0,10.337,24.206,30.887,15.614
2021-10-12,0.197,9.178,24.369,29.863,17.762
2021-10-13,7.795,9.136,24.056,29.594,7.815
2021-10-14,9.33,10.372,23.988,30.825,7.855
2021-10-15,3.715,8.98,24.75,30.038,26.629
2021-10-16,11.852,8.307,23.988,28.788,23.039
2021-10-17,1.268,9.965,24.219,30.644,8.694
2021-10-18,0.859,9.105,23.962,29.575,11.519
2021-10-19,0.546,9.607,24.081,30.206,23.216
2021-10-20,12.131,8.47,24.094,29.113,21.134
2021-10-21,3.919,10.01,24.094,30.669,19.538
2021-10-22,0.701,8.908,24.081,29.569,18.218
2021-10-23,0.889,8.397,24.869,29.719,16.667
2021-10-24,0.992,10.154,23.762,30.644,10.267
2021-10-25,1.658,10.11,24.038,30.831,6.854
2021-10-26,0.0,9.027,24.631,30.219,6.004
2021-10-27,8.788,8.501,24.075,29.256,5.34
2021-10-28,0.0,9.329,25.3,31.094,9.498
2021-10-29,28.657,7.79,23.675,28.281,10.068
2021-10-30,0.0,9.304,23.431,29.644,97.68
2021-10-31,0.695,7.718,24.012,28.506,60.621
2021-11-01,2.656,8.522,23.656,29.031,18.458
2021-11-02,0.0,6.367,23.581,26.919,10.417
2021-11-03,0.696,9.546,23.381,29.938,6.643
2021-11-04,0.0,8.027,23.494,28.481,5.291
2021-11-05,31.242,10.05,23.331,30.5,12.662
2021-11-06,7.759,8.741,24.475,30.031,22.567
2021-11-07,1.899,9.48,24.056,30.488,14.485
2021-11-08,12.611,7.439,23.969,28.35,7.921
2021-11-09,1.569,6.3,24.431,27.669,8.239
2021-11-10,8.653,8.074,24.469,29.419,12.032
2021-11-11,0.375,9.717,23.631,30.506,8.108
2021-11-12,0.0,10.542,23.337,31.25,5.917
2021-11-13,0.0,8.548,24.381,29.881,5.0
2021-11-14,0.0,7.557,23.969,28.544,3.777
2021-11-15,0.0,7.79,24.631,29.337,4.651
2021-11-16,1.392,10.026,24.3,31.494,27.085
2021-11-17,0.0,9.731,24.356,31.225,18.483
2021-11-18,0.0,9.571,23.944,30.738,13.127
2021-11-19,0.0,7.811,24.406,29.238,9.853
2021-11-20,0.0,9.647,23.931,30.856,6.83
2021-11-21,0.0,9.102,24.581,30.781,5.852
2021-11-22,8.179,7.474,24.35,28.894,5.202
2021-11-23,33.086,5.81,24.038,27.062,5.021
2021-11-24,0.0,8.124,23.531,28.938,7.332
2021-11-25,20.336,7.116,23.969,28.281,6.887
2021-11-26,6.376,5.649,23.863,26.794,10.016
2021-11-27,7.767,9.51,22.762,29.962,16.605
2021-11-28,0.0,8.989,24.256,30.538,15.284
2021-11-29,10.937,7.795,24.544,29.488,12.238
2021-11-30,18.29,6.352,24.419,27.944,8.311
2021-12-01,0.0,9.11,24.2,30.656,5.628
2021-12-02,0.0,9.504,23.413,30.538,6.083
2021-12-03,1.227,9.206,24.4,30.95,5.766
2021-12-04,14.919,8.409,24.306,30.006,5.152
2021-12-05,13.933,7.777,24.913,29.831,5.433
2021-12-06,0.898,8.472,24.944,30.6,5.311
2021-12-07,0.0,9.597,24.356,31.413,5.246
2021-12-08,0.143,9.761,24.631,31.825,5.08
2021-12-09,0.0,9.152,24.594,31.119,4.899
2021-12-10,0.0,9.95,24.15,31.694,4.56
2021-12-11,5.858,9.369,24.369,31.2,4.161
2021-12-12,12.22,7.867,24.294,29.456,3.922
2021-12-13,0.0,10.212,23.156,31.256,3.574
2021-12-14,0.0,9.447,23.744,30.825,3.18
2021-12-15,19.738,8.874,24.581,30.825,2.836
2021-12-16,5.972,9.452,24.306,31.25,2.322
2021-12-17,3.356,7.215,25.219,29.575,2.068
2021-12-18,2.944,7.273,24.231,28.8,1.956
2021-12-19,0.085,8.798,24.212,30.444,1.683
2021-12-20,0.531,8.686,24.15,30.312,1.409
2021-12-21,0.131,6.881,24.756,28.837,1.362
2021-12-22,0.0,8.404,24.106,29.913,1.475
2021-12-23,0.0,8.554,24.087,30.113,1.356
2021-12-24,0.0,8.782,24.756,30.856,1.35
2021-12-25,0.0,8.93,24.363,30.719,1.35
2021-12-26,0.441,9.693,24.244,31.475,1.695
2021-12-27,31.28,8.324,24.494,30.113,6.308
2021-12-28,0.0,9.987,23.644,31.344,3.617
2021-12-29,2.449,7.927,25.025,30.137,3.338
2021-12-30,1.138,8.286,24.438,30.019,3.07
2021-12-31,0.0,9.46,23.644,30.725,2.857
2022-01-01,0.0,9.89,23.825,31.35,2.843
2022-01-02,0.0,7.453,24.831,29.438,2.747
2022-01-03,0.0,9.314,24.081,30.856,2.74
2022-01-04,0.0,9.635,23.581,30.812,2.726
2022-01-05,0.0,9.864,23.519,31.031,2.376
2022-01-06,1.661,9.027,22.887,29.562,2.205
2022-01-07,9.356,8.472,23.55,29.444,2.303
2022-01-08,14.69,9.552,23.663,30.706,4.226
2022-01-09,1.19,9.53,23.881,30.856,3.922
2022-01-10,0.6,8.231,24.044,29.519,3.459
2022-01-11,0.0,7.585,23.131,28.087,3.125
2022-01-12,0.0,9.261,23.337,30.1,2.788
2022-01-13,0.172,6.943,22.769,27.081,2.661
2022-01-14,0.0,9.167,22.688,29.45,6.166
2022-01-15,0.0,8.866,23.275,29.544,5.664
2022-01-16,0.0,9.002,22.688,29.231,5.13
2022-01-17,0.0,8.55,24.206,29.9,4.56
2022-01-18,0.0,8.031,24.594,29.644,4.161
2022-01-19,0.0,9.225,24.712,30.988,3.922
2022-01-20,0.0,9.233,24.169,30.544,3.69
2022-01-21,0.203,9.051,24.706,30.731,3.458
2022-01-22,0.0,9.418,24.5,30.95,3.29
2022-01-23,0.0,9.055,24.15,30.281,3.125
2022-01-24,0.0,8.821,24.444,30.25,2.905
2022-01-25,0.0,8.686,24.419,30.056,2.624
2022-01-26,0.183,9.078,23.831,29.988,1.555
2022-01-27,2.278,8.444,23.425,28.962,1.317
2022-01-28,0.0,9.522,23.519,30.194,1.175
2022-01-29,2.688,9.016,22.944,29.163,1.039
2022-01-30,0.0,8.821,22.438,28.55,0.965
2022-01-31,0.0,10.569,22.631,30.587,0.895
2022-02-01,0.0,11.051,22.481,30.988,0.856
2022-02-02,0.0,10.296,23.275,30.7,0.794
2022-02-03,0.0,10.19,23.613,30.806,0.79
2022-02-04,0.0,10.78,23.894,31.631,0.953
2022-02-05,0.0,9.851,23.288,30.137,3.044
2022-02-06,0.0,10.957,22.337,30.625,2.651
2022-02-07,0.0,9.346,23.663,29.85,2.64
2022-02-08,0.0,7.317,24.019,28.094,3.925
2022-02-09,15.774,6.396,23.769,26.994,3.791
2022-02-10,13.984,9.223,23.906,29.844,3.631
2022-02-11,33.531,9.845,23.631,30.244,3.201
2022-02-12,0.0,10.086,23.419,30.3,2.953
2022-02-13,0.0,10.253,23.756,30.712,2.617
2022-02-14,27.261,8.431,23.981,28.994,3.889
2022-02-15,0.0,10.259,23.837,30.725,4.096
2022-02-16,0.0,10.185,23.531,30.394,5.54
2022-02-17,0.0,10.498,23.569,30.719,7.888
2022-02-18,0.0,9.503,24.262,30.219,5.462
2022-02-19,0.0,10.323,23.019,30.062,4.321
2022-02-20,0.0,10.781,22.931,30.456,2.882
2022-02-21,0.0,11.86,23.512,32.031,1.926
2022-02-22,0.0,11.505,23.119,31.325,1.498
2022-02-23,0.0,9.789,24.494,30.575,1.153
2022-02-24,0.0,9.484,24.119,29.956,0.821
2022-02-25,0.0,9.735,23.594,29.775,0.895
2022-02-26,0.0,9.259,23.637,29.312,1.573
2022-02-27,0.0,8.982,22.75,28.294,2.58
2022-02-28,152.935,7.868,23.456,27.788,9.651
2022-03-01,20.814,7.949,23.613,27.988,83.792
2022-03-02,10.496,6.889,24.344,27.644,60.405
2022-03-03,9.593,9.307,23.688,29.319,32.481
2022-03-04,1.706,9.932,23.644,29.85,13.819
2022-03-05,7.475,8.593,23.288,28.25,6.625
2022-03-06,6.839,7.707,23.556,27.625,29.095
2022-03-07,0.0,11.064,23.25,30.631,74.574
2022-03-08,0.0,10.401,23.056,29.794,67.24
2022-03-09,0.0,11.158,23.038,30.544,49.723
2022-03-10,0.0,11.066,23.8,30.994,37.157
2022-03-11,0.0,11.389,23.675,31.212,25.412
2022-03-12,0.0,11.264,23.875,31.225,17.154
2022-03-13,0.0,11.463,22.981,30.725,7.179
2022-03-14,0.375,9.874,24.538,30.363,5.903
2022-03-15,0.906,11.347,23.95,31.312,5.34
2022-03-16,0.339,10.499,24.231,30.669,4.516
2022-03-17,2.351,9.926,24.438,30.281,3.77
2022-03-18,0.0,11.473,24.131,31.538,3.352
2022-03-19,0.156,9.09,24.8,29.781,3.283
2022-03-20,0.042,10.496,24.019,30.462,3.118
2022-03-21,0.0,9.753,24.575,30.194,3.386
2022-03-22,0.0,11.355,24.106,31.344,34.54
2022-03-23,0.0,10.177,24.794,30.738,47.277
2022-03-24,0.0,10.432,24.45,30.7,33.652
2022-03-25,0.0,9.117,24.556,29.55,23.248
2022-03-26,0.0,8.929,25.225,29.938,19.406
2022-03-27,15.574,7.984,23.981,28.05,16.31
2022-03-28,18.449,9.864,23.944,29.731,9.308
2022-03-29,34.197,8.384,24.613,28.925,6.394
2022-03-30,10.942,10.365,24.137,30.344,5.563
2022-03-31,16.864,9.781,24.119,29.769,5.109
2022-04-01,12.596,9.273,24.062,29.262,4.168
2022-04-02,4.656,11.353,24.15,31.288,44.647
2022-04-03,10.431,6.915,25.381,28.369,68.904
2022-04-04,14.289,8.929,24.369,29.181,47.776
2022-04-05,7.403,10.994,23.95,30.8,32.615
2022-04-06,2.018,9.775,24.769,30.3,22.563
2022-04-07,12.803,9.797,24.694,30.281,12.588
2022-04-08,26.223,9.593,24.387,29.781,39.035
2022-04-09,4.225,12.435,24.331,32.469,24.205
2022-04-10,5.706,10.566,24.6,30.856,12.52
2022-04-11,0.0,10.551,25.15,31.288,8.06
2022-04-12,0.0,10.767,25.419,31.706,6.745
2022-04-13,30.213,9.747,25.012,30.425,5.794
2022-04-14,0.316,10.583,25.375,31.494,6.938
2022-04-15,2.803,11.596,24.856,32.05,28.381
2022-04-16,32.948,7.963,24.938,28.806,18.227
2022-04-17,2.463,10.228,24.375,30.369,15.305
2022-04-18,3.928,9.656,24.4,29.869,17.828
2022-04-20,32.499,10.606,23.5,30.05,124.437
2022-04-21,7.713,9.925,23.775,29.619,97.014
2022-04-22,9.97,10.778,23.619,30.319,90.683
2022-04-23,11.425,11.562,23.5,31.012,118.992
2022-04-24,0.0,11.983,24.025,31.869,88.179
2022-04-25,14.345,9.858,24.225,29.938,63.82
2022-04-26,14.193,10.124,23.812,29.863,121.408
2022-04-27,13.62,11.139,24.594,31.469,100.632
2022-04-28,21.689,11.895,24.038,31.794,64.677
2022-04-29,36.265,8.909,24.488,29.319,69.897
2022-05-01,3.7,10.048,24.837,30.663,125.193
2022-05-02,10.204,9.162,24.494,29.544,90.97
2022-05-03,0.406,11.046,25.3,31.969,20.749
2022-05-04,3.762,9.355,25.562,30.619,15.294
2022-05-05,8.512,7.031,25.25,28.387,14.818
2022-05-06,6.506,10.155,23.6,29.806,51.889
2022-05-07,0.271,10.717,24.044,30.706,23.374
2022-05-08,6.249,10.888,24.163,30.969,16.41
2022-05-09,5.744,8.593,25.075,29.581,22.553
2022-05-10,19.329,9.523,24.288,29.769,61.385
2022-05-11,7.001,10.004,24.438,30.363,50.053
2022-05-12,0.723,11.539,23.975,31.488,16.133
2022-05-13,8.909,9.338,24.75,29.988,27.868
2022-05-14,9.047,10.629,24.069,30.688,69.228
2022-05-15,2.005,8.196,25.438,29.575,74.089
2022-05-16,6.08,8.62,24.819,29.438,60.024
2022-05-17,21.225,8.093,25.006,29.144,108.1
2022-05-18,11.416,9.105,24.3,29.438,75.2
2022-05-19,5.01,9.769,24.625,30.369,60.48
2022-05-20,5.39,8.337,24.444,28.906,44.081
2022-05-21,0.0,12.05,23.919,32.056,45.651
2022-05-22,1.929,10.768,24.931,31.569,56.961
2022-05-23,20.674,8.953,24.706,29.669,47.243
2022-05-24,6.019,10.942,24.462,31.406,19.685
2022-05-25,14.116,10.043,24.244,30.35,16.616
2022-05-26,10.09,9.095,24.244,29.462,15.726
2022-05-27,3.837,10.378,24.212,30.669,16.655
2022-05-28,10.765,9.081,24.694,29.819,60.686
2022-05-29,8.79,10.625,23.863,30.644,50.999
2022-05-30,6.753,9.016,24.594,29.688,27.492
2022-05-31,12.228,10.522,23.931,30.613,46.606
2022-06-01,0.0,9.92,24.8,30.738,22.444
2022-06-02,1.877,10.153,23.625,30.05,18.579
2022-06-03,4.487,8.515,23.95,28.706,16.231
2022-06-04,2.68,9.22,23.419,29.0,14.841
2022-06-05,11.176,8.551,23.512,28.387,12.238
2022-06-06,19.222,10.572,23.631,30.5,9.309
2022-06-07,7.405,7.058,24.35,27.781,24.329
2022-06-08,0.343,11.624,22.288,30.55,21.667
2022-06-09,1.81,9.307,23.394,29.031,16.106
2022-06-10,8.453,10.804,23.825,30.875,17.208
2022-06-11,25.381,7.67,24.044,28.044,86.169
2022-06-12,1.412,10.634,23.45,30.413,49.248
2022-06-13,23.512,10.22,23.65,30.175,88.954
2022-06-14,4.412,8.083,23.875,28.319,38.723
2022-06-15,6.238,9.565,23.512,29.4,19.931
2022-06-16,6.567,10.189,24.413,30.769,18.718
2022-06-17,4.809,4.884,24.225,26.019,67.144
2022-06-18,5.042,8.883,23.45,28.694,42.736
2022-06-19,6.674,8.506,23.294,28.219,17.535
2022-06-20,8.163,11.302,23.35,31.087,14.686
2022-06-21,3.441,8.843,24.05,29.144,16.038
2022-06-22,2.441,9.81,24.356,30.337,18.743
2022-06-23,0.0,10.378,24.669,31.15,13.345
2022-06-24,9.568,8.205,24.325,28.806,13.715
2022-06-25,2.311,7.796,23.806,28.0,11.622
2022-06-26,23.421,8.089,23.069,27.663,10.273
2022-06-27,1.868,8.665,23.262,28.381,6.637
2022-06-28,9.576,10.405,22.781,29.694,7.212
2022-06-29,4.696,10.025,23.856,30.188,31.489
2022-06-30,3.176,9.379,24.262,29.85,28.518
2022-07-01,10.769,9.845,24.019,30.094,20.677
2022-07-02,17.981,9.91,24.087,30.212,14.16
2022-07-03,0.0,9.101,24.819,30.038,10.291
2022-07-04,25.945,8.591,24.344,29.156,6.748
2022-07-05,17.008,10.125,24.25,30.544,5.679
2022-07-06,2.685,10.039,24.644,30.762,5.138
2022-07-07,0.324,9.751,25.1,30.856,6.854
2022-07-08,11.696,9.534,24.881,30.488,46.227
2022-07-09,5.899,11.796,24.419,32.337,50.584
2022-07-10,9.82,9.567,24.312,30.056,41.726
2022-07-11,20.558,7.944,24.337,28.562,30.452
2022-07-12,0.0,9.738,24.319,30.188,23.565
2022-07-13,8.443,9.949,23.538,29.788,18.99
2022-07-14,3.741,8.727,24.569,29.456,16.05
2022-07-15,0.0,11.079,24.256,31.431,13.84
2022-07-16,0.0,11.177,24.219,31.538,22.999
2022-07-17,5.66,9.693,24.688,30.425,18.172
2022-07-18,8.086,10.107,24.656,30.781,16.059
2022-07-19,0.413,10.123,25.275,31.3,14.022
2022-07-20,5.526,8.436,25.081,29.562,10.973
2022-07-21,6.971,9.273,24.356,29.769,6.817
2022-07-22,13.119,9.597,24.175,29.931,5.91
2022-07-23,9.765,8.371,24.069,28.644,4.957
2022-07-24,0.259,9.788,24.062,29.956,3.917
2022-07-25,9.868,8.658,23.8,28.731,16.657
2022-07-26,10.564,9.274,23.962,29.394,52.762
2022-07-27,5.715,8.433,23.812,28.494,44.913
2022-07-28,5.987,8.423,23.812,28.494,36.139
2022-07-29,0.386,11.579,23.131,31.0,23.128
2022-07-30,1.659,10.157,25.344,31.369,18.415
2022-07-31,9.585,7.729,24.962,28.794,15.275
2022-08-01,6.638,9.269,24.131,29.481,11.577
2022-08-02,0.49,9.677,24.062,29.812,7.634
2022-08-03,18.707,9.428,23.587,29.219,6.884
2022-08-04,17.161,10.37,23.819,30.275,23.76
2022-08-05,14.713,8.232,24.538,28.844,59.891
2022-08-06,19.527,8.028,23.962,28.2,70.133
2022-08-07,4.425,11.596,23.706,31.394,59.179
2022-08-08,0.0,11.502,24.288,31.738,48.559
2022-08-09,4.149,10.021,25.188,30.988,37.061
2022-08-10,16.845,10.279,23.819,30.15,18.517
2022-08-11,23.882,10.079,24.113,30.181,11.888
2022-08-12,0.0,8.682,24.05,28.856,56.26
2022-08-13,26.149,9.953,23.606,29.656,76.231
2022-08-14,8.919,8.501,24.094,28.675,100.559
2022-08-15,25.272,7.934,23.856,28.0,126.411
2022-08-16,0.0,11.063,23.431,30.569,125.86
2022-08-17,0.0,10.921,24.794,31.531,116.373
2022-08-18,2.379,11.618,24.438,31.894,96.716
2022-08-19,0.0,10.411,24.969,31.137,86.276
2022-08-20,8.603,8.291,25.05,29.275,78.324
2022-08-21,17.301,8.416,24.275,28.725,69.205
2022-08-22,0.253,8.915,23.875,28.844,52.098
2022-08-23,2.342,10.45,22.806,29.469,47.282
2022-08-24,0.0,11.211,23.894,31.075,43.122
2022-08-25,22.387,7.832,23.469,27.544,78.623
2022-08-26,2.884,9.76,23.975,29.7,106.483
2022-08-27,1.73,9.854,23.938,29.781,86.353
2022-08-28,16.568,10.792,23.387,30.269,75.394
2022-08-29,1.919,11.007,23.456,30.519,68.084
2022-08-30,0.615,10.548,24.681,31.062,50.02
2022-08-31,17.548,9.641,24.356,29.913,122.431
2022-09-01,5.819,10.298,24.262,30.444,118.306
2022-09-02,10.757,11.077,23.975,30.988,102.473
2022-09-03,0.0,11.459,24.087,31.444,53.224
2022-09-04,14.74,8.474,24.075,28.656,45.021
2022-09-05,2.889,10.588,24.481,30.906,43.353
2022-09-06,12.858,10.972,24.231,31.106,113.981
2022-09-07,12.285,8.913,24.712,29.544,101.789
2022-09-08,2.541,8.492,24.5,29.012,85.51
2022-09-09,5.404,12.33,24.05,32.312,66.399
2022-09-10,3.513,9.968,25.056,30.812,51.507
2022-09-11,20.177,9.353,24.387,29.688,47.515
2022-09-12,0.825,9.121,25.875,30.7,41.943
2022-09-13,12.183,10.387,24.212,30.544,30.45
2022-09-14,21.103,8.717,23.781,28.619,23.193
2022-09-15,0.855,10.155,23.956,30.137,20.553
2022-09-16,8.692,8.464,24.631,29.119,18.16
2022-09-17,1.97,10.512,24.2,30.706,18.291
2022-09-18,5.703,9.493,24.113,29.65,47.81
2022-09-19,13.811,8.184,23.688,28.113,47.605
2022-09-20,0.807,9.348,24.606,29.919,32.079
2022-09-21,5.676,11.143,23.469,30.788,20.6
2022-09-22,7.332,8.236,24.744,29.05,17.494
2022-09-23,2.738,9.186,24.069,29.375,16.072
2022-09-24,0.217,10.89,24.0,30.988,18.231
2022-09-25,8.985,8.937,24.256,29.312,75.521
2022-09-26,7.293,10.553,24.281,30.894,68.169
2022-09-27,7.413,7.907,24.775,28.831,51.086
2022-09-28,5.505,9.752,24.225,30.081,43.273
2022-09-29,5.24,9.012,24.619,29.712,30.619
2022-09-30,4.903,8.806,24.125,29.144,20.781
2022-10-01,5.415,8.267,24.788,29.2,16.787
2022-10-02,2.674,11.47,23.681,31.456,15.482
2022-10-03,0.0,10.368,24.781,31.219,14.299
2022-10-04,13.351,8.913,25.244,30.2,12.612
2022-10-05,14.159,8.68,24.544,29.431,10.721
2022-10-06,0.0,9.519,24.538,30.256,8.759
2022-10-07,21.795,9.758,24.244,30.281,6.523
2022-10-08,1.634,8.404,23.869,28.7,5.145
2022-10-09,7.998,9.331,24.038,29.719,7.478
2022-10-10,9.714,9.153,24.15,29.644,51.315
2022-10-11,0.0,10.265,24.431,30.994,45.151
2022-10-12,21.412,9.212,24.8,30.25,34.493
2022-10-13,11.865,9.707,23.531,29.756,22.928
2022-10-14,0.745,9.108,23.944,29.544,21.68
2022-10-15,11.612,8.829,24.844,29.975,72.186
2022-10-16,0.59,8.993,24.556,29.906,72.44
2022-10-17,0.293,8.992,24.069,29.55,69.329
2022-10-18,2.555,9.509,24.406,30.369,66.721
2022-10-19,7.52,9.305,24.275,30.05,62.792
2022-10-20,18.644,9.371,24.494,30.319,49.642
2022-10-21,4.418,8.701,24.0,29.281,45.116
2022-10-22,10.104,8.95,24.419,29.906,38.725
2022-10-23,0.0,9.172,24.031,29.806,34.288
2022-10-24,4.83,8.254,24.65,29.444,27.094
2022-10-25,7.212,10.453,23.569,30.875,22.78
2022-10-27,0.0,9.988,24.294,30.95,131.226
2022-10-28,0.0,9.872,22.906,29.781,116.163
2022-10-29,0.0,11.071,22.825,31.05,90.733
2022-10-30,0.0,10.763,22.894,30.794,84.114
2022-10-31,0.554,10.432,23.675,31.044,76.731
2022-11-01,0.0,10.57,23.431,31.069,72.401
2022-11-02,0.0,10.056,24.488,31.337,76.815
2022-11-03,20.887,7.11,24.688,28.575,48.182
2022-11-04,21.06,5.769,24.325,27.075,23.164
2022-11-05,3.232,7.305,24.288,28.413,17.05
2022-11-06,7.726,7.355,24.381,28.556,9.424
2022-11-07,0.0,8.297,24.062,29.238,5.816
2022-11-08,0.0,9.642,24.275,30.856,4.48
2022-11-09,26.126,7.93,23.538,28.488,3.908
2022-11-10,0.0,9.07,23.312,29.531,3.188
2022-11-11,2.381,8.434,24.225,29.6,2.529
2022-11-12,0.265,7.989,23.294,28.406,1.914
2022-11-13,15.588,7.386,23.35,27.875,6.778
2022-11-14,0.522,8.506,23.325,29.006,78.335
2022-11-15,6.603,9.437,23.837,30.456,71.832
2022-11-16,11.575,6.985,24.8,28.719,55.181
2022-11-17,2.163,7.712,23.969,28.744,44.925
2022-11-18,0.683,7.765,24.125,28.956,39.138
2022-11-19,0.0,9.29,24.394,30.819,27.511
2022-11-20,16.925,8.155,24.6,29.806,17.8
2022-11-21,22.081,6.697,24.7,28.462,12.553
2022-11-22,10.533,9.244,24.062,30.55,29.979
2022-11-23,0.0,9.328,23.712,30.406,29.272
2022-11-24,0.0,8.595,23.994,29.812,26.437
2022-11-25,0.364,9.943,23.425,30.913,23.601
2022-11-26,12.469,7.907,23.869,29.012,22.075
2022-11-27,16.27,8.763,23.681,29.844,20.877
2022-11-28,9.468,6.43,23.012,26.819,19.625
2022-11-29,17.188,7.667,23.5,28.488,18.514
2022-11-30,9.465,8.691,23.344,29.512,17.43
2022-12-01,6.645,8.963,23.538,29.981,16.201
2022-12-02,0.0,9.261,23.288,30.137,14.885
2022-12-03,0.0,10.302,22.856,31.044,13.548
2022-12-04,21.261,8.781,23.188,29.556,12.34
2022-12-05,0.26,9.238,22.794,29.756,11.072
2022-12-06,0.0,9.238,22.762,29.762,9.243
2022-12-07,0.0,9.736,22.837,30.406,7.575
2022-12-08,0.0,10.724,21.881,30.925,6.343
2022-12-09,0.0,9.961,21.844,29.994,5.6
2022-12-10,0.0,9.361,22.913,30.094,4.914
2022-12-11,0.0,9.301,23.806,30.694,4.19
2022-12-12,44.95,6.971,23.775,28.087,31.684
2022-12-13,1.532,8.009,23.387,28.894,79.189
2022-12-15,30.124,7.973,24.762,29.981,77.157
2022-12-16,0.0,8.901,24.619,30.875,75.322
2022-12-17,1.748,9.129,24.556,31.087,71.966
2022-12-18,20.495,7.77,24.019,29.15,67.334
2022-12-19,11.123,8.657,23.562,29.781,62.095
2022-12-20,0.0,8.802,23.931,30.238,54.38
2022-12-21,0.277,9.455,24.006,31.031,47.932
2022-12-22,0.0,8.785,24.181,30.406,45.063
2022-12-23,0.0,8.682,24.3,30.381,42.322
2022-12-24,0.0,9.686,24.312,31.538,38.958
2022-12-25,0.277,9.008,23.294,29.944,35.749
2022-12-26,0.0,8.959,23.212,29.844,31.066
2022-12-27,0.0,6.803,23.794,27.913,26.344
2022-12-28,0.0,8.384,23.581,29.456,21.809
2022-12-29,0.0,9.232,23.294,30.212,19.126
2022-12-30,0.0,9.497,23.631,30.769,16.478
2022-12-31,0.0,9.481,24.25,31.206,13.479
