fecha,Precipitacion,ETP_,Temperatura_minima,Temperatura_maxima,Caudal
1981-01-01,13.444,6.985,7.116,14.536,22.49
1981-01-02,0.221,7.602,5.741,14.518,18.64
1981-01-03,0.0,7.827,5.455,14.688,16.81
1981-01-04,0.0,7.383,6.366,14.571,14.03
1981-01-05,0.0,7.5,6.571,14.866,12.65
1981-01-06,2.615,6.999,6.58,14.116,11.75
1981-01-07,0.0,6.824,6.527,13.804,12.06
1981-01-08,22.951,5.525,6.348,11.804,12.16
1981-01-09,1.392,5.444,7.518,12.527,13.21
1981-01-10,0.0,8.272,5.214,15.08,12.27
1981-01-11,8.186,7.591,5.241,14.071,13.08
1981-01-12,0.0,6.919,6.536,13.911,12.27
1981-01-13,14.337,7.99,6.402,15.375,14.34
1981-01-14,0.0,7.267,5.661,13.839,12.9
1981-01-15,0.0,7.717,6.429,14.973,11.07
1981-01-16,0.0,8.219,4.545,14.5,10.17
1981-01-17,0.0,9.226,4.205,15.804,9.72
1981-01-18,0.0,8.984,5.161,15.991,9.48
1981-01-19,0.0,9.447,4.67,16.348,9.25
1981-01-20,0.0,8.915,4.946,15.696,8.9
1981-01-21,0.0,8.702,4.545,15.134,8.75
1981-01-22,2.404,8.698,4.661,15.179,8.6
1981-01-23,4.113,8.832,5.634,15.946,8.45
1981-01-24,0.0,9.161,4.143,15.518,8.3
1981-01-25,0.0,8.067,4.902,14.375,8.15
1981-01-26,0.0,7.92,4.545,13.875,8.0
1981-01-27,0.0,7.725,5.955,14.455,8.27
1981-01-28,0.0,8.029,6.384,15.152,8.15
1981-01-29,0.0,7.59,6.946,14.893,8.24
1981-01-30,0.0,8.082,5.732,14.786,8.37
1981-01-31,16.383,6.349,7.589,13.58,8.3
1981-02-01,19.348,6.121,7.223,12.991,8.46
1981-02-02,0.0,8.734,5.812,15.705,8.14
1981-02-03,0.484,6.366,6.884,13.062,8.05
1981-02-04,0.0,7.034,6.33,13.607,8.45
1981-02-05,0.0,6.906,6.214,13.312,8.51
1981-02-06,1.761,6.822,6.92,13.661,8.3
1981-02-07,0.0,8.437,4.393,14.286,7.78
1981-02-08,0.0,8.663,5.286,15.161,9.35
1981-02-09,5.694,7.855,6.759,14.964,8.49
1981-02-10,0.0,8.677,5.938,15.545,8.49
1981-02-11,0.0,7.376,7.134,14.5,8.0
1981-02-12,34.833,5.486,6.884,11.732,8.42
1981-02-13,0.0,8.036,6.312,14.857,8.51
1981-02-14,4.867,6.064,7.688,13.107,13.9
1981-02-15,0.0,7.408,7.759,14.929,20.11
1981-02-16,3.718,6.539,8.134,14.045,14.73
1981-02-17,6.86,6.204,6.83,12.652,23.82
1981-02-18,0.0,6.626,7.741,13.804,22.44
1981-02-19,24.772,6.775,7.446,13.795,16.01
1981-02-20,0.168,6.973,7.661,14.232,18.99
1981-02-21,0.607,8.196,6.562,15.116,23.77
1981-02-22,11.171,7.177,7.938,14.661,24.83
1981-02-23,0.973,6.75,8.036,14.196,26.57
1981-02-24,19.914,7.37,7.991,14.938,40.55
1981-02-25,0.0,8.229,6.446,15.054,56.05
1981-02-26,0.0,6.218,8.732,13.955,51.57
1981-02-27,3.472,7.768,7.554,15.116,25.17
1981-02-28,0.0,7.557,8.607,15.58,23.76
1981-03-01,0.0,7.755,8.955,16.045,28.52
1981-03-02,28.165,6.481,8.643,14.179,20.97
1981-03-03,0.0,8.38,8.0,16.196,20.65
1981-03-04,0.0,8.84,7.723,16.589,15.75
1981-03-05,0.0,8.749,8.125,16.75,17.5
1981-03-06,7.839,5.363,8.455,12.616,20.37
1981-03-07,5.171,8.323,8.286,16.295,32.29
1981-03-08,1.17,6.988,7.92,14.268,40.55
1981-03-09,14.574,6.804,8.25,14.259,43.83
1981-03-10,11.262,7.283,8.393,14.982,38.13
1981-03-11,4.916,7.077,8.009,14.411,16.5
1981-03-12,8.869,6.64,7.83,13.723,18.5
1981-03-13,0.0,7.024,8.393,14.616,16.5
1981-03-14,0.262,6.931,8.491,14.554,17.5
1981-03-15,4.789,8.333,7.33,15.58,20.1
1981-03-16,0.0,8.536,8.536,16.67,21.47
1981-03-17,0.0,7.459,8.0,14.884,17.75
1981-03-18,0.0,8.476,7.411,15.821,18.75
1981-03-19,0.0,7.728,5.625,13.652,18.75
1981-03-20,5.095,8.188,8.259,16.009,19.82
1981-03-21,0.0,8.875,7.098,16.143,17.75
1981-03-22,0.697,7.789,7.241,14.777,16.5
1981-03-23,14.334,8.636,6.0,15.098,16.25
1981-03-24,0.0,8.01,7.17,15.036,15.25
1981-03-25,0.0,9.805,4.277,15.643,16.25
1981-03-26,2.857,6.745,7.384,13.509,15.75
1981-03-27,4.931,7.475,6.777,14.054,16.0
1981-03-28,0.0,7.777,6.464,14.241,16.5
1981-03-29,9.094,7.94,6.411,14.446,14.25
1981-03-30,3.117,8.335,6.688,15.17,14.27
1981-03-31,0.0,7.723,6.866,14.455,14.05
1981-04-01,4.038,8.633,5.964,15.107,12.87
1981-04-02,1.62,7.734,5.991,13.893,16.25
1981-04-03,27.993,8.126,7.616,15.545,16.25
1981-04-04,0.0,8.582,7.786,16.304,16.25
1981-04-05,4.248,5.336,7.661,11.955,16.0
1981-04-06,2.668,6.714,7.795,13.83,13.55
1981-04-07,2.548,7.129,7.616,14.241,36.31
1981-04-08,14.337,6.258,7.938,13.348,30.19
1981-04-09,11.851,7.612,8.286,15.357,47.6
1981-04-10,0.0,7.588,8.295,15.348,29.52
1981-04-11,2.948,6.338,9.116,14.366,18.47
1981-04-12,28.066,4.817,8.25,11.812,28.88
1981-04-13,4.282,7.129,7.768,14.411,34.39
1981-04-14,2.48,7.683,7.304,14.804,48.03
1981-04-15,0.67,6.351,7.625,13.295,41.68
1981-04-16,10.602,5.617,8.17,12.768,43.36
1981-04-17,11.202,5.888,7.938,12.955,42.06
1981-04-18,10.456,7.027,7.08,13.821,41.47
1981-04-19,24.323,5.878,7.705,12.786,47.13
1981-04-20,9.765,7.59,7.143,14.688,37.55
1981-04-21,0.0,8.138,6.58,15.054,30.73
1981-04-22,0.0,7.808,6.089,14.304,38.06
1981-04-23,0.0,8.395,7.812,16.25,43.31
1981-04-24,0.0,6.782,8.348,14.482,42.11
1981-04-25,41.734,8.668,7.973,16.759,33.59
1981-04-26,0.0,7.051,8.107,14.679,25.12
1981-04-27,6.134,5.969,8.348,13.509,23.84
1981-04-28,0.0,6.167,7.723,13.277,31.56
1981-04-29,6.321,6.491,8.259,14.134,25.5
1981-04-30,7.468,9.117,6.071,16.277,42.18
1981-05-01,0.0,7.208,6.848,14.08,48.82
1981-05-02,1.302,8.053,6.964,15.375,39.95
1981-05-03,4.946,7.401,7.304,14.705,40.35
1981-05-04,33.458,5.878,8.25,13.348,56.39
1981-05-05,16.267,6.05,7.804,13.25,45.47
1981-05-06,18.198,4.918,7.5,11.536,61.28
1981-05-07,2.442,8.203,7.625,16.071,38.44
1981-05-08,25.617,5.373,6.089,11.098,62.87
1981-05-09,2.149,6.429,6.286,12.732,49.96
1981-05-10,6.511,7.149,6.321,13.786,53.71
1981-05-11,1.16,7.984,6.554,15.125,46.0
1981-05-12,8.897,6.705,8.009,14.366,48.53
1981-05-13,5.872,7.864,7.929,15.929,45.74
1981-05-14,19.427,6.09,8.92,14.232,37.61
1981-05-15,2.234,6.923,8.464,15.045,35.78
1981-05-16,18.991,4.831,8.384,12.241,46.13
1981-05-17,5.487,7.002,8.268,15.054,38.98
1981-05-18,0.0,5.745,8.786,13.75,41.25
1981-05-19,0.0,6.076,8.589,14.045,39.89
1981-05-20,0.0,7.296,8.366,15.554,31.86
1981-05-21,0.0,5.959,9.571,14.661,27.85
1981-05-22,3.932,7.648,8.688,16.286,27.8
1981-05-23,11.191,5.516,8.67,13.393,37.37
1981-05-24,0.141,6.296,8.482,14.304,52.1
1981-05-25,18.289,5.918,8.384,13.75,41.5
1981-05-26,9.497,5.961,8.214,13.679,59.24
1981-05-27,13.648,5.408,8.259,12.973,48.72
1981-05-28,0.0,6.874,8.75,15.357,41.34
1981-05-29,13.128,5.911,8.518,13.848,35.96
1981-05-30,0.0,6.574,7.536,14.08,38.0
1981-05-31,8.361,7.317,7.42,15.098,40.47
1981-06-01,0.0,7.516,7.911,15.696,33.69
1981-06-02,4.643,7.183,7.696,15.098,35.3
1981-06-03,0.0,8.457,6.009,15.839,27.77
1981-06-04,0.0,7.669,7.312,15.527,23.69
1981-06-05,0.0,8.029,8.759,17.036,21.47
1981-06-06,0.0,5.525,9.295,13.982,20.1
1981-06-07,4.054,6.347,8.554,14.562,20.49
1981-06-08,0.0,5.503,9.036,13.786,21.67
1981-06-09,3.0,4.968,8.804,12.92,28.96
1981-06-10,0.0,6.206,7.929,13.938,32.94
1981-06-11,0.0,5.646,8.732,13.795,41.62
1981-06-12,0.0,5.441,8.312,13.179,47.39
1981-06-13,0.0,5.205,8.616,13.089,38.28
1981-06-14,0.0,6.158,8.143,14.054,36.1
1981-06-15,0.0,6.274,8.268,14.304,35.87
1981-06-16,0.938,6.198,8.134,14.08,40.42
1981-06-17,4.68,6.858,8.348,15.17,38.87
1981-06-18,0.682,4.428,8.723,12.179,35.17
1981-06-19,0.0,6.52,7.688,14.232,36.08
1981-06-20,49.835,6.298,8.223,14.33,51.61
1981-06-21,0.0,7.197,7.402,15.009,31.65
1981-06-22,4.243,6.367,8.196,14.384,39.73
1981-06-23,8.618,6.43,8.134,14.438,35.58
1981-06-24,11.078,5.255,7.482,12.304,37.4
1981-06-25,1.528,6.134,7.464,13.527,35.58
1981-06-26,3.325,6.908,7.009,14.348,35.94
1981-06-27,0.0,6.796,6.518,13.821,26.84
1981-06-28,0.0,6.117,8.161,14.009,38.13
1981-06-29,0.0,6.097,7.866,13.759,35.94
1981-06-30,25.985,5.393,8.062,12.955,42.19
1981-07-01,23.386,6.583,7.634,14.286,44.65
1981-07-02,27.489,7.346,7.223,15.089,36.31
1981-07-03,13.198,6.641,7.312,14.134,35.21
1981-07-04,0.0,5.914,7.991,13.58,47.1
1981-07-05,0.0,7.101,7.25,14.75,51.2
1981-07-06,0.0,5.425,7.83,12.768,38.16
1981-07-07,0.0,5.842,8.125,13.554,45.16
1981-07-08,0.0,7.009,7.688,14.893,51.96
1981-07-09,0.0,5.927,7.58,13.259,50.44
1981-07-10,0.0,5.712,7.857,13.17,44.75
1981-07-11,0.0,6.997,8.018,15.08,47.09
1981-07-12,0.0,6.1,7.571,13.491,62.7
1981-07-13,0.0,6.271,7.25,13.482,40.63
1981-07-14,0.0,7.342,5.536,13.866,32.04
1981-07-15,0.672,6.713,7.027,13.955,49.12
1981-07-16,0.0,7.543,6.268,14.616,43.23
1981-07-17,0.483,6.079,6.0,12.286,38.08
1981-07-18,0.0,6.319,7.571,13.732,42.62
1981-07-19,0.0,6.935,7.839,14.795,49.7
1981-07-20,0.0,6.181,6.509,12.795,41.69
1981-07-21,0.0,7.491,6.071,14.339,34.2
1981-07-22,0.0,8.548,4.223,14.723,28.62
1981-07-23,0.0,7.63,5.357,14.045,25.26
1981-07-24,0.0,7.384,4.384,13.054,23.12
1981-07-25,0.0,7.721,4.33,13.509,21.2
1981-07-26,0.0,7.569,4.58,13.429,20.37
1981-07-27,0.0,7.776,5.036,14.018,19.27
1981-07-28,0.0,6.833,5.42,12.848,19.0
1981-07-29,0.0,8.147,5.125,14.571,19.0
1981-07-30,0.0,7.702,6.152,14.571,19.6
1981-07-31,0.0,8.276,5.446,14.946,21.81
1981-08-01,0.0,6.997,7.723,14.634,26.57
1981-08-02,0.0,6.873,7.152,14.036,28.96
1981-08-03,0.0,7.775,8.071,15.911,26.54
1981-08-04,0.0,8.421,7.027,16.098,23.12
1981-08-05,0.0,8.566,7.036,16.286,20.92
1981-08-06,0.0,9.816,7.036,18.009,19.28
1981-08-07,0.461,7.691,6.17,14.455,18.25
1981-08-08,5.085,8.813,7.411,16.839,18.68
1981-08-09,8.929,7.244,8.464,15.393,32.58
1981-08-10,0.0,8.252,6.277,15.259,30.65
1981-08-11,2.247,8.177,6.107,15.027,22.3
1981-08-12,9.846,6.037,7.393,12.92,29.62
1981-08-13,1.687,5.275,7.634,12.08,46.78
1981-08-14,6.153,7.857,6.714,14.929,28.01
1981-08-15,0.0,7.937,6.366,14.786,22.57
1981-08-16,0.0,7.486,7.268,14.768,20.92
1981-08-17,5.915,8.423,6.821,15.759,23.38
1981-08-18,10.507,8.158,6.125,14.911,22.99
1981-08-19,0.0,7.283,7.089,14.339,22.09
1981-08-20,0.0,8.5,5.598,15.027,21.11
1981-08-21,0.0,8.938,4.402,14.875,18.76
1981-08-22,0.0,7.782,5.232,13.714,20.21
1981-08-23,0.0,7.35,7.714,14.804,20.16
1981-08-24,22.65,8.235,7.304,15.732,24.49
1981-08-25,29.666,6.069,7.009,12.58,34.17
1981-08-26,0.0,8.101,6.259,14.812,33.2
1981-08-27,0.0,6.598,7.071,13.295,28.53
1981-08-28,0.0,8.508,5.304,14.741,27.24
1981-08-29,14.048,9.567,4.714,15.857,26.02
1981-08-30,10.696,7.556,6.768,14.42,35.91
1981-08-31,7.117,4.296,6.857,10.125,35.89
1981-09-01,0.0,5.319,6.812,11.357,34.96
1981-09-02,0.0,7.234,6.116,13.455,24.92
1981-09-03,2.629,7.521,5.902,13.688,21.2
1981-09-04,5.258,7.943,6.473,14.661,19.55
1981-09-05,0.729,6.926,6.339,13.152,18.76
1981-09-06,0.0,6.507,7.991,13.759,18.25
1981-09-07,0.0,7.529,7.134,14.509,22.43
1981-09-08,0.0,8.714,6.571,15.741,27.69
1981-09-09,0.0,9.127,5.946,15.902,33.76
1981-09-10,0.0,8.324,5.759,14.67,26.64
1981-09-11,0.0,7.629,6.714,14.348,38.44
1981-09-12,16.074,8.513,4.625,14.188,41.16
1981-09-13,1.87,8.232,5.205,14.161,29.26
1981-09-14,0.0,7.21,6.696,13.75,28.3
1981-09-15,30.943,7.433,7.018,14.277,56.07
1981-09-16,0.0,7.449,6.786,14.143,44.18
1981-09-17,0.0,8.001,5.446,14.009,27.1
1981-09-18,0.0,8.633,5.58,14.938,23.4
1981-09-19,0.0,6.536,5.982,12.348,24.07
1981-09-20,0.0,8.926,5.688,15.438,42.59
1981-09-21,1.286,7.644,7.098,14.607,42.76
1981-09-22,0.0,7.877,6.312,14.384,26.8
1981-09-23,0.0,8.814,4.92,14.795,21.75
1981-09-24,0.0,7.785,6.286,14.241,19.82
1981-09-25,0.0,7.658,7.098,14.616,20.02
1981-09-26,0.0,9.24,5.946,16.027,20.35
1981-09-27,0.0,9.341,5.589,15.946,18.76
1981-09-28,0.0,9.354,6.732,16.679,17.51
1981-09-29,0.0,9.323,8.116,17.527,22.48
1981-09-30,0.0,8.578,7.08,15.866,16.25
1981-10-01,9.219,7.574,7.545,14.857,15.75
1981-10-02,0.0,8.483,7.134,15.759,15.64
1981-10-03,5.909,8.202,6.554,15.018,14.92
1981-10-04,8.294,7.956,7.071,15.054,17.92
1981-10-05,0.0,8.622,7.027,15.929,17.84
1981-10-06,8.582,8.284,7.429,15.741,23.04
1981-10-07,19.358,9.841,7.589,17.991,37.6
1981-10-08,2.376,6.595,7.241,13.339,33.96
1981-10-09,0.0,6.032,8.17,13.339,31.88
1981-10-10,15.497,6.397,7.732,13.464,47.95
1981-10-11,3.487,7.285,7.58,14.58,30.1
1981-10-12,6.575,6.997,7.527,14.152,38.26
1981-10-13,8.685,8.211,5.107,14.232,30.62
1981-10-14,21.051,8.076,5.446,14.295,40.98
1981-10-15,22.829,7.278,8.179,15.018,42.74
1981-10-16,0.0,6.935,8.143,14.562,38.84
1981-10-17,0.0,7.189,7.759,14.625,44.31
1981-10-18,0.0,5.954,7.812,13.018,44.19
1981-10-19,0.0,7.71,6.982,14.812,35.14
1981-10-20,0.0,7.381,7.768,14.929,25.57
1981-10-21,0.0,8.861,6.438,16.089,21.2
1981-10-22,6.637,7.429,6.545,14.161,20.96
1981-10-23,9.178,6.273,7.491,13.259,23.31
1981-10-24,1.364,6.151,7.705,13.277,40.1
1981-10-25,5.172,7.788,7.768,15.562,37.3
1981-10-26,0.0,6.005,7.92,13.241,25.07
1981-10-27,0.0,6.685,7.804,14.098,25.38
1981-10-28,0.5,6.302,8.384,14.045,28.92
1981-10-29,0.0,8.561,7.536,16.527,25.23
1981-10-30,34.912,5.586,7.714,12.616,23.5
1981-10-31,11.551,6.196,7.562,13.33,26.75
1981-11-01,19.644,5.69,7.348,12.482,27.61
1981-11-02,0.0,9.311,4.839,15.973,22.3
1981-11-03,0.0,9.152,5.214,15.973,19.48
1981-11-04,0.0,8.593,5.893,15.634,18.76
1981-11-05,10.312,7.98,7.125,15.562,30.37
1981-11-06,4.913,7.964,7.571,15.839,25.54
1981-11-07,8.735,7.16,6.455,13.991,21.27
1981-11-08,13.252,7.565,7.357,15.196,28.85
1981-11-09,4.026,7.122,7.375,14.598,30.93
1981-11-10,4.122,7.011,7.938,14.821,25.62
1981-11-11,0.0,6.838,8.232,14.812,21.8
1981-11-12,15.868,5.588,8.393,13.259,22.19
1981-11-13,12.838,6.025,8.795,14.152,20.33
1981-11-14,16.426,5.789,8.009,13.25,34.06
1981-11-15,0.0,7.747,7.946,15.92,24.96
1981-11-16,23.383,7.384,7.67,15.277,29.68
1981-11-17,5.357,6.015,7.839,13.473,22.85
1981-11-18,0.966,5.869,6.625,12.375,20.99
1981-11-19,1.255,5.864,7.982,13.375,20.65
1981-11-20,14.543,5.834,7.661,13.107,19.27
1981-11-21,17.369,5.865,7.384,12.982,28.4
1981-11-22,0.0,6.558,7.634,14.143,31.33
1981-11-23,0.0,7.172,6.92,14.554,36.68
1981-11-24,8.975,7.772,6.786,15.357,34.42
1981-11-25,11.274,6.417,8.098,14.312,30.56
1981-11-26,0.0,8.144,7.509,16.375,24.28
1981-11-27,0.0,6.042,7.741,13.545,22.24
1981-11-28,5.981,6.606,7.42,14.116,30.94
1981-11-29,2.141,6.72,6.616,13.741,32.53
1981-11-30,21.837,6.819,7.25,14.348,34.66
1981-12-01,3.429,7.839,6.625,15.429,29.16
1981-12-02,7.112,6.501,6.812,13.571,26.55
1981-12-03,3.767,6.842,7.786,14.759,25.74
1981-12-04,8.058,7.77,6.036,14.929,21.73
1981-12-05,6.994,5.623,8.446,13.562,20.34
1981-12-06,7.434,5.176,7.589,12.268,31.75
1981-12-07,3.617,6.165,7.982,13.982,26.01
1981-12-08,0.0,6.057,8.911,14.527,30.1
1981-12-09,3.605,6.432,7.366,13.902,24.85
1981-12-10,5.472,6.017,7.911,13.705,20.92
1981-12-11,0.0,5.698,7.812,13.205,19.82
1981-12-12,0.0,7.934,7.5,16.232,20.62
1981-12-13,0.898,6.416,7.777,14.188,19.55
1981-12-14,0.0,5.689,7.536,12.973,20.9
1981-12-15,0.0,7.648,6.696,15.25,19.17
1981-12-16,0.608,7.589,6.339,14.938,16.67
1981-12-17,0.0,7.55,7.375,15.562,15.0
1981-12-18,0.0,6.954,6.652,14.214,14.25
1981-12-19,0.0,6.899,6.848,14.25,13.32
1981-12-20,15.385,6.676,7.509,14.357,12.87
1981-12-21,2.689,5.984,7.938,13.741,12.49
1981-12-22,0.0,6.245,7.839,13.991,13.82
1981-12-23,0.0,6.671,7.062,14.071,13.62
1981-12-24,0.0,7.153,7.116,14.795,12.52
1981-12-25,18.722,6.902,7.196,14.5,12.77
1981-12-26,7.965,6.283,7.357,13.705,17.77
1981-12-27,0.0,6.323,8.223,14.366,16.25
1981-12-28,0.0,7.124,6.598,14.393,15.98
1981-12-29,18.055,4.945,8.0,12.295,15.31
1981-12-30,23.894,6.962,6.482,14.062,16.68
1981-12-31,0.0,7.929,7.42,16.125,15.93
1982-01-01,9.817,6.923,6.598,14.08,28.26
1982-01-02,0.741,7.128,7.848,15.259,30.7
1982-01-03,24.23,6.419,7.571,14.036,38.26
1982-01-04,64.037,5.766,7.759,13.205,51.01
1982-01-05,16.939,5.192,8.161,12.714,51.92
1982-01-06,10.177,6.19,7.411,13.571,62.53
1982-01-07,3.698,5.662,7.741,13.027,48.88
1982-01-08,1.214,7.062,6.321,14.045,46.4
1982-01-09,25.351,6.7,6.473,13.589,37.01
1982-01-10,0.0,7.004,7.518,14.759,41.37
1982-01-11,0.0,7.382,7.536,15.286,33.65
1982-01-12,1.217,8.032,5.509,14.884,25.19
1982-01-13,0.0,7.82,6.321,15.071,21.31
1982-01-14,0.0,7.622,6.741,15.045,19.16
1982-01-15,0.0,7.158,7.098,14.598,18.61
1982-01-16,0.0,7.981,6.777,15.598,16.93
1982-01-17,0.0,6.015,7.938,13.58,16.31
1982-01-18,0.0,7.355,6.188,14.259,16.47
1982-01-19,0.0,8.709,5.402,15.714,15.0
1982-01-20,0.0,8.684,4.67,15.188,14.25
1982-01-21,0.0,9.994,3.911,16.67,13.55
1982-01-22,0.0,8.462,6.58,16.027,12.87
1982-01-23,0.0,8.02,5.705,14.821,12.42
1982-01-24,0.0,8.118,6.366,15.357,12.2
1982-01-25,0.0,6.095,6.973,12.875,12.65
1982-01-26,4.861,6.987,8.027,14.875,13.56
1982-01-27,3.358,6.3,7.054,13.232,15.35
1982-01-28,0.0,5.937,7.455,12.991,16.72
1982-01-29,0.0,7.24,6.071,13.884,15.23
1982-01-30,0.0,6.29,7.768,13.661,20.56
1982-01-31,0.0,7.249,7.589,14.839,19.38
1982-02-01,1.43,8.533,5.777,15.446,17.46
1982-02-02,1.671,6.186,6.455,12.536,16.42
1982-02-03,0.0,7.256,7.196,14.527,15.0
1982-02-04,0.0,7.889,6.268,14.786,15.54
1982-02-05,21.386,6.04,7.304,12.911,18.17
1982-02-06,1.191,7.609,5.42,13.786,24.18
1982-02-07,19.173,4.99,7.938,11.964,27.71
1982-02-08,0.0,7.647,7.027,14.902,26.43
1982-02-09,1.817,7.094,7.884,14.688,21.93
1982-02-10,0.0,5.89,8.071,13.214,17.5
1982-02-11,11.936,5.854,9.107,13.938,15.5
1982-02-12,3.215,7.243,8.214,15.107,14.54
1982-02-13,0.0,7.754,7.938,15.58,16.91
1982-02-14,14.267,6.472,7.777,13.705,29.58
1982-02-15,4.015,5.561,8.312,12.902,42.9
1982-02-16,0.0,7.455,6.946,14.446,32.56
1982-02-17,0.0,7.938,6.821,15.027,24.57
1982-02-18,0.0,7.517,7.161,14.616,27.75
1982-02-19,11.203,5.963,8.17,13.286,29.07
1982-02-20,49.418,5.529,8.214,12.75,47.51
1982-02-21,13.602,6.533,8.509,14.25,28.12
1982-02-22,0.331,7.341,8.089,14.991,24.37
1982-02-23,0.957,7.083,8.143,14.67,20.78
1982-02-24,14.967,9.072,6.938,16.545,38.64
1982-02-25,6.527,9.156,7.241,16.821,27.61
1982-02-26,4.544,8.276,6.5,15.098,30.18
1982-02-27,6.717,7.369,8.08,14.955,26.76
1982-02-28,3.743,7.869,7.491,15.214,28.07
1982-03-01,10.769,6.642,8.277,14.107,26.05
1982-03-02,13.234,5.573,8.188,12.679,24.83
1982-03-03,14.334,7.387,7.295,14.393,33.93
1982-03-04,0.0,7.353,6.777,13.982,26.79
1982-03-05,0.0,7.592,7.429,14.723,25.1
1982-03-06,2.32,7.206,6.839,13.777,23.67
1982-03-07,17.019,8.784,6.402,15.634,23.4
1982-03-08,2.577,8.056,5.973,14.366,22.3
1982-03-09,0.537,8.402,5.536,14.536,25.06
1982-03-10,0.0,7.132,7.812,14.366,26.58
1982-03-11,2.851,6.052,7.893,13.018,30.01
1982-03-12,0.0,6.13,8.652,13.688,27.24
1982-03-13,0.0,7.225,7.536,14.277,24.7
1982-03-14,0.0,6.675,7.688,13.67,26.38
1982-03-15,17.07,6.951,7.054,13.616,25.04
1982-03-16,28.919,6.401,7.598,13.259,39.44
1982-03-17,8.189,6.888,7.527,13.795,46.46
1982-03-18,1.687,5.745,7.812,12.554,45.91
1982-03-19,0.0,7.354,7.509,14.402,37.1
1982-03-20,9.884,7.679,7.589,14.902,31.63
1982-03-21,2.375,7.888,8.339,15.732,30.82
1982-03-22,0.0,5.992,8.777,13.589,25.8
1982-03-23,3.605,8.286,8.83,16.554,24.38
1982-03-24,2.922,7.908,8.0,15.491,24.71
1982-03-25,2.602,7.514,7.045,14.295,27.09
1982-03-26,30.932,7.744,8.473,15.625,25.25
1982-03-27,0.0,7.757,7.545,14.946,25.94
1982-03-28,4.139,7.259,8.643,15.116,27.57
1982-03-29,5.13,5.839,8.821,13.464,27.39
1982-03-30,0.0,7.882,7.866,15.366,30.5
1982-03-31,3.257,7.39,8.598,15.232,29.23
1982-04-01,4.405,6.976,8.518,14.688,29.74
1982-04-02,12.106,6.423,8.312,13.812,28.85
1982-04-03,25.534,5.782,8.661,13.268,28.84
1982-04-04,11.693,4.777,8.321,11.812,49.28
1982-04-05,19.804,6.784,8.232,14.214,62.98
1982-04-06,9.758,5.805,8.054,12.857,48.46
1982-04-07,21.998,5.762,7.804,12.589,49.51
1982-04-08,19.301,5.911,7.696,12.714,46.85
1982-04-09,11.878,5.734,7.929,12.679,63.34
1982-04-10,0.0,5.664,7.411,12.223,56.95
1982-04-11,0.907,6.768,8.036,14.098,52.17
1982-04-12,14.705,6.913,7.893,14.205,50.45
1982-04-13,17.675,6.856,7.991,14.268,48.59
1982-04-14,5.395,7.618,7.295,14.759,35.88
1982-04-15,0.0,7.807,8.286,15.696,30.66
1982-04-16,19.87,7.698,7.25,14.857,27.03
1982-04-17,18.116,5.604,8.036,12.67,29.1
1982-04-18,0.0,7.477,8.205,15.232,42.82
1982-04-19,2.874,7.339,7.893,14.848,39.87
1982-04-20,0.0,7.525,8.196,15.312,39.74
1982-04-21,13.689,5.973,7.902,13.08,37.08
1982-04-22,1.624,7.295,7.759,14.705,39.55
1982-04-23,0.0,6.194,8.473,13.795,36.51
1982-04-24,0.0,6.625,7.839,13.911,38.67
1982-04-25,0.946,8.091,8.312,16.205,33.91
1982-04-26,6.954,6.22,8.259,13.705,29.82
1982-04-27,7.067,8.251,7.875,16.17,26.05
1982-04-28,38.295,4.488,8.214,11.509,26.82
1982-04-29,0.0,6.826,6.696,13.446,36.49
1982-04-30,15.359,6.511,7.286,13.446,53.3
1982-05-01,0.0,7.204,8.018,14.902,42.93
1982-05-02,1.318,6.309,8.054,13.732,33.09
1982-05-03,0.0,6.333,8.205,13.893,28.58
1982-05-04,0.0,6.176,8.366,13.812,26.64
1982-05-05,8.927,5.88,9.036,13.973,27.57
1982-05-06,3.54,6.999,8.089,14.75,28.02
1982-05-07,9.155,6.275,8.509,14.089,32.78
1982-05-08,9.702,7.72,8.848,16.286,29.44
1982-05-09,1.014,6.608,8.384,14.473,50.81
1982-05-10,0.0,6.786,8.527,14.839,37.87
1982-05-11,0.0,6.353,7.652,13.625,29.57
1982-05-12,0.0,7.511,8.893,16.089,28.52
1982-05-13,0.0,6.29,9.268,14.732,25.23
1982-05-14,0.416,6.018,9.429,14.527,25.75
1982-05-15,17.634,6.599,8.375,14.536,48.01
1982-05-16,5.875,6.631,7.732,14.116,33.36
1982-05-17,1.37,7.352,8.33,15.545,29.18
1982-05-18,14.561,6.256,8.33,14.098,42.92
1982-05-19,32.5,6.142,8.286,13.893,57.91
1982-05-20,0.0,7.132,8.107,15.152,45.49
1982-05-21,22.32,4.809,8.009,11.955,65.16
1982-05-22,0.411,6.994,7.946,14.875,54.15
1982-05-23,26.573,6.108,7.161,13.098,80.03
1982-05-24,0.0,6.642,7.08,13.795,48.47
1982-05-25,18.011,5.391,8.134,12.839,46.13
1982-05-26,17.127,6.603,7.902,14.348,45.18
1982-05-27,0.336,6.04,8.571,14.062,53.39
1982-05-28,11.468,5.099,8.375,12.688,61.16
1982-05-29,0.0,4.778,7.893,11.893,52.94
1982-05-30,0.0,6.329,8.054,14.116,48.52
1982-05-31,1.882,6.034,8.429,13.991,43.39
1982-06-01,0.0,5.201,8.723,13.098,41.94
1982-06-02,0.0,5.83,7.705,13.179,35.93
1982-06-03,0.0,6.545,8.152,14.518,36.91
1982-06-04,0.329,6.347,7.92,14.071,33.53
1982-06-05,0.0,5.788,8.679,13.875,37.58
1982-06-06,0.931,5.893,8.58,13.938,40.32
1982-06-07,0.0,6.052,8.741,14.295,34.42
1982-06-08,0.0,7.02,8.196,15.259,30.16
1982-06-09,0.0,5.967,8.661,14.125,30.4
1982-06-10,5.135,6.832,8.259,15.045,28.1
1982-06-11,15.244,6.861,8.67,15.375,25.45
1982-06-12,0.294,4.166,8.866,11.938,26.47
1982-06-13,0.0,7.399,7.009,15.009,25.48
1982-06-14,0.0,6.985,7.402,14.679,33.29
1982-06-15,0.0,8.175,5.67,15.304,28.63
1982-06-16,0.0,6.701,6.321,13.536,25.87
1982-06-17,0.0,6.034,7.42,13.366,51.78
1982-06-18,0.0,6.932,7.018,14.339,42.74
1982-06-19,9.762,6.858,6.884,14.143,33.01
1982-06-20,10.698,6.764,6.777,13.946,34.87
1982-06-21,0.663,6.979,5.955,13.696,36.73
1982-06-22,0.0,7.548,6.929,15.188,45.55
1982-06-23,0.0,6.633,7.848,14.509,30.51
1982-06-24,1.233,6.342,6.554,13.17,26.17
1982-06-25,8.855,6.993,6.33,13.973,26.15
1982-06-26,0.0,9.133,4.527,16.036,23.38
1982-06-27,0.0,6.85,7.759,14.75,22.23
1982-06-28,0.0,7.641,7.018,15.384,22.6
1982-06-29,8.846,8.271,5.795,15.527,23.8
1982-06-30,0.0,6.59,6.652,13.58,25.79
1982-07-01,0.0,6.702,6.08,13.339,31.27
1982-07-02,0.0,6.262,6.812,13.241,75.19
1982-07-03,0.0,6.155,7.598,13.625,66.27
1982-07-04,0.0,7.315,6.554,14.571,45.69
1982-07-05,0.0,7.298,6.67,14.616,41.82
1982-07-06,0.0,6.477,6.696,13.446,35.56
1982-07-07,0.0,7.31,6.455,14.464,38.36
1982-07-08,0.0,6.676,5.973,13.214,31.59
1982-07-09,0.0,8.245,5.134,15.0,30.73
1982-07-10,0.0,7.947,7.143,15.839,24.54
1982-07-11,0.0,6.787,6.848,13.946,24.12
1982-07-12,17.715,6.222,6.812,13.089,31.54
1982-07-13,0.0,8.578,6.17,16.089,36.11
1982-07-14,0.0,7.46,6.509,14.688,29.26
1982-07-15,0.0,7.386,6.964,14.848,24.11
1982-07-16,0.0,6.985,6.42,13.884,23.08
1982-07-17,0.0,9.467,4.527,16.348,22.41
1982-07-18,0.0,6.684,5.455,12.768,23.12
1982-07-19,4.896,6.389,6.652,13.17,31.17
1982-07-20,0.0,5.747,7.438,12.812,50.93
1982-07-21,0.0,7.619,6.018,14.482,36.91
1982-07-22,0.0,7.2,5.304,13.393,24.89
1982-07-23,0.0,6.737,6.179,13.295,23.91
1982-07-24,0.0,6.616,5.205,12.42,31.62
1982-07-25,0.0,8.613,4.821,15.143,28.55
1982-07-26,0.0,6.736,6.402,13.393,24.3
1982-07-27,1.583,6.93,5.545,13.089,52.61
1982-07-28,0.0,6.544,6.33,13.071,66.99
1982-07-29,34.595,7.237,7.071,14.545,65.22
1982-07-30,0.0,7.19,7.0,14.42,78.92
1982-07-31,2.06,8.241,5.446,14.884,43.11
1982-08-01,0.0,8.541,4.982,15.0,30.73
1982-08-02,3.156,8.1,6.339,15.223,39.04
1982-08-03,0.0,8.807,5.027,15.393,33.42
1982-08-04,0.0,8.235,6.348,15.384,26.9
1982-08-05,0.0,10.068,3.929,16.527,23.97
1982-08-06,0.0,8.371,6.214,15.455,24.66
1982-08-07,0.0,8.611,6.312,15.848,34.99
1982-08-08,0.0,7.284,7.161,14.509,34.39
1982-08-09,0.0,9.058,5.616,16.018,29.26
1982-08-10,5.89,8.687,5.714,15.545,23.12
1982-08-11,0.0,7.77,5.875,14.295,21.09
1982-08-12,0.0,7.254,6.732,14.125,21.47
1982-08-13,0.0,7.841,5.696,14.241,20.1
1982-08-14,0.0,8.29,5.857,14.991,20.43
1982-08-15,0.0,9.598,5.277,16.464,20.87
1982-08-16,0.0,7.49,6.893,14.509,25.06
1982-08-17,0.0,7.873,6.402,14.696,27.86
1982-08-18,1.494,7.175,7.134,14.205,27.68
1982-08-19,0.0,7.175,6.393,13.696,39.46
1982-08-20,0.0,6.469,7.045,13.17,35.94
1982-08-21,3.643,6.576,7.446,13.58,30.24
1982-08-22,0.0,8.845,5.741,15.571,23.62
1982-08-23,1.975,7.379,6.402,13.929,25.93
1982-08-24,0.0,7.307,6.339,13.777,29.0
1982-08-25,0.0,8.271,6.071,14.92,30.08
1982-08-26,4.236,7.697,6.536,14.438,25.21
1982-08-27,5.374,8.312,7.562,15.973,24.13
1982-08-28,0.0,7.307,7.643,14.634,24.41
1982-08-29,0.0,8.92,6.295,15.92,23.42
1982-08-30,0.0,6.772,6.179,12.866,22.29
1982-08-31,0.0,7.696,6.312,14.223,30.12
1982-09-01,0.0,7.654,5.848,13.857,32.38
1982-09-02,0.0,8.116,6.268,14.777,40.54
1982-09-03,0.0,7.653,6.607,14.366,32.05
1982-09-04,0.0,7.054,6.536,13.473,36.69
1982-09-05,0.0,7.831,6.714,14.652,47.7
1982-09-06,0.0,7.223,6.688,13.786,38.4
1982-09-07,0.0,8.736,6.509,15.732,24.86
1982-09-08,0.0,8.52,5.911,15.036,22.13
1982-09-09,0.0,8.064,6.634,14.884,20.83
1982-09-10,0.0,8.989,6.143,15.812,19.52
1982-09-11,20.278,8.156,7.946,15.902,22.19
1982-09-12,0.0,8.223,8.384,16.277,26.73
1982-09-13,0.0,9.134,7.393,16.804,21.44
1982-09-14,0.0,7.665,6.223,14.027,20.27
1982-09-15,0.0,7.123,7.616,14.268,19.35
1982-09-16,6.152,7.349,8.384,15.107,20.8
1982-09-17,8.36,6.347,6.562,12.5,29.95
1982-09-18,9.797,8.712,7.357,16.223,25.32
1982-09-19,10.039,5.835,8.188,13.009,29.73
1982-09-20,0.0,7.018,6.982,13.688,27.21
1982-09-21,0.0,8.173,7.812,15.804,22.79
1982-09-22,0.0,8.487,5.812,14.893,19.03
1982-09-23,0.0,10.201,4.625,16.545,16.75
1982-09-24,0.0,7.983,6.241,14.473,17.04
1982-09-25,11.854,8.534,7.321,15.973,18.38
1982-09-26,10.944,7.117,7.098,13.911,21.28
1982-09-27,5.631,8.427,7.321,15.821,21.49
1982-09-28,19.762,7.428,6.107,13.67,24.82
1982-09-29,0.253,7.285,7.455,14.402,32.06
1982-09-30,0.0,7.8,7.652,15.223,29.07
1982-10-01,6.364,7.137,7.259,14.062,23.56
1982-10-02,1.877,8.484,6.143,15.152,21.59
1982-10-03,18.148,6.309,6.438,12.366,27.98
1982-10-04,0.0,7.417,7.018,14.286,27.85
1982-10-05,1.755,8.944,6.446,16.018,22.74
1982-10-06,6.062,7.934,7.009,14.991,22.6
1982-10-07,36.212,7.356,7.652,14.67,25.19
1982-10-08,7.225,6.153,8.018,13.366,25.88
1982-10-09,5.544,7.037,7.054,13.857,26.71
1982-10-10,4.413,4.337,8.018,11.125,33.17
1982-10-11,1.487,6.0,6.982,12.438,29.56
1982-10-12,0.0,7.285,5.893,13.402,22.79
1982-10-13,0.0,7.402,5.625,13.42,22.33
1982-10-14,6.385,6.397,6.848,12.884,23.42
1982-10-15,6.01,6.97,7.598,14.196,27.17
1982-10-16,0.0,7.083,6.259,13.438,24.4
1982-10-17,0.0,5.279,7.518,11.911,22.28
1982-10-18,11.978,6.664,7.402,13.688,22.93
1982-10-19,4.819,6.54,7.688,13.723,26.84
1982-10-20,31.799,5.999,7.812,13.134,25.5
1982-10-21,5.754,5.645,7.366,12.357,27.85
1982-10-22,1.531,5.653,7.446,12.411,34.85
1982-10-23,0.0,6.3,7.884,13.607,36.67
1982-10-24,22.432,5.356,7.054,11.732,33.02
1982-10-25,4.696,4.537,7.17,10.786,35.89
1982-10-26,0.0,5.841,7.598,12.812,34.18
1982-10-27,3.601,5.406,6.679,11.545,29.86
1982-10-28,0.0,5.076,7.098,11.446,31.93
1982-10-29,14.589,6.297,6.929,12.973,36.31
1982-10-30,6.294,5.218,8.188,12.527,29.92
1982-10-31,5.777,5.617,7.732,12.67,27.88
1982-11-01,15.981,4.762,7.911,11.696,26.73
1982-11-02,0.0,5.676,7.018,12.25,27.53
1982-11-03,0.0,4.874,7.42,11.464,35.08
1982-11-04,0.752,5.991,6.982,12.688,32.93
1982-11-05,0.0,7.16,5.545,13.357,29.89
1982-11-06,3.21,7.816,5.027,14.009,24.56
1982-11-07,0.0,7.378,8.134,15.446,23.44
1982-11-08,0.0,7.064,8.321,15.179,22.55
1982-11-09,4.775,8.757,6.446,16.286,20.74
1982-11-10,0.0,5.13,8.473,12.688,19.56
1982-11-11,11.002,6.186,7.438,13.366,25.14
1982-11-12,25.867,5.422,7.821,12.625,29.18
1982-11-13,0.0,8.06,6.393,15.357,23.02
1982-11-14,0.0,4.322,8.795,11.982,20.42
1982-11-15,4.667,6.345,8.223,14.205,20.36
1982-11-16,19.293,6.295,9.054,14.759,21.6
1982-11-17,9.482,5.864,7.661,13.152,28.22
1982-11-18,12.553,5.351,8.402,13.018,33.76
1982-11-19,15.157,5.726,8.08,13.277,37.16
1982-11-20,10.585,4.716,8.375,12.196,33.65
1982-11-21,0.0,6.794,7.295,14.241,38.16
1982-11-22,0.627,6.582,5.67,12.821,33.23
1982-11-23,21.195,6.755,6.938,13.964,25.16
1982-11-24,0.0,6.617,7.179,13.964,26.37
1982-11-25,7.813,6.782,6.545,13.741,26.6
1982-11-26,0.0,6.701,7.196,14.08,22.61
1982-11-27,5.642,6.44,7.241,13.759,23.89
1982-11-28,3.896,7.11,6.723,14.393,27.52
1982-11-29,1.184,8.193,4.098,14.339,21.15
1982-11-30,0.296,5.329,8.348,13.036,20.82
1982-12-01,0.0,5.842,8.5,13.875,21.66
1982-12-02,0.192,6.358,8.973,14.929,29.35
1982-12-03,5.112,6.176,7.045,13.277,23.95
1982-12-04,22.723,4.185,8.295,11.509,21.26
1982-12-05,16.876,6.499,6.429,13.339,26.41
1982-12-06,14.965,6.326,7.491,13.848,35.24
1982-12-07,7.876,6.978,7.938,15.089,25.31
1982-12-08,18.204,6.778,7.241,14.33,30.38
1982-12-09,1.319,4.893,7.67,11.955,40.47
1982-12-10,0.0,6.206,8.795,14.652,35.38
1982-12-11,10.86,5.64,7.545,12.955,30.16
1982-12-12,12.882,4.986,7.92,12.312,26.74
1982-12-13,6.008,5.278,8.062,12.821,32.59
1982-12-14,0.0,5.702,8.125,13.446,35.93
1982-12-15,0.0,8.62,6.768,16.732,23.39
1982-12-16,0.0,7.101,6.643,14.455,22.92
1982-12-17,4.722,5.963,8.438,14.071,28.52
1982-12-18,13.272,5.564,8.089,13.232,33.81
1982-12-19,9.826,5.537,7.482,12.732,32.08
1982-12-20,4.186,7.484,7.42,15.536,35.21
1982-12-21,6.213,7.472,7.018,15.223,31.93
1982-12-22,4.154,6.218,7.473,13.714,28.18
1982-12-23,0.0,7.402,7.214,15.25,27.51
1982-12-24,0.288,6.728,7.911,14.75,30.34
1982-12-25,1.624,5.809,8.062,13.545,35.58
1982-12-26,0.0,6.243,7.973,14.08,27.51
1982-12-27,23.818,4.246,8.58,11.857,20.65
1982-12-28,14.706,6.644,8.054,14.759,20.1
1982-12-29,1.011,6.511,6.536,13.473,21.2
1982-12-30,5.986,6.609,6.688,13.714,36.31
1982-12-31,0.0,6.972,6.696,14.223,31.93
1983-01-01,4.406,7.448,8.348,16.045,28.2
1983-01-02,21.691,5.825,8.848,14.125,25.2
1983-01-03,12.74,6.831,8.196,15.062,32.3
1983-01-04,3.516,6.203,8.062,14.054,37.8
1983-01-05,0.0,5.642,7.696,13.018,31.6
1983-01-06,0.0,5.09,8.286,12.67,23.1
1983-01-07,0.0,5.354,8.679,13.312,23.7
1983-01-08,6.815,7.6,7.438,15.58,20.6
1983-01-09,0.0,5.835,8.768,14.018,22.0
1983-01-10,0.0,7.146,7.598,15.027,23.9
1983-01-11,0.0,5.864,7.25,12.92,21.2
1983-01-12,0.0,6.818,6.67,13.875,22.4
1983-01-13,0.0,6.453,6.473,13.223,28.3
1983-01-14,0.0,5.767,8.429,13.634,22.3
1983-01-15,0.0,6.399,8.08,14.232,21.2
1983-01-16,0.0,6.176,9.625,15.054,18.5
1983-01-17,0.414,6.102,7.759,13.562,17.2
1983-01-18,0.0,7.766,4.982,14.071,15.7
1983-01-19,0.0,6.696,7.545,14.214,15.2
1983-01-20,0.0,6.248,7.964,13.875,15.5
1983-01-21,0.0,6.451,8.518,14.536,17.0
1983-01-22,0.0,7.301,8.652,15.804,13.5
1983-01-23,0.0,8.404,6.384,15.812,11.7
1983-01-24,0.0,8.372,6.036,15.518,12.2
1983-01-25,0.0,7.471,7.027,14.848,12.2
1983-01-26,0.0,6.328,7.902,13.857,11.7
1983-01-27,0.0,6.214,8.545,14.17,12.2
1983-01-28,0.0,6.184,7.554,13.375,12.4
1983-01-29,0.0,6.001,7.42,13.036,12.6
1983-01-30,36.294,6.524,8.018,14.161,13.8
1983-01-31,0.0,6.503,8.348,14.348,11.7
1983-02-01,0.0,7.281,7.089,14.527,14.5
1983-02-02,0.0,5.668,8.884,13.634,16.5
1983-02-03,0.0,7.146,8.027,14.946,15.5
1983-02-04,0.0,6.65,7.527,13.911,12.0
1983-02-05,20.284,7.424,8.911,15.92,12.6
1983-02-06,0.0,6.324,7.438,13.375,12.0
1983-02-07,0.0,6.502,7.795,13.83,11.5
1983-02-08,0.0,7.955,7.571,15.661,13.1
1983-02-09,36.064,8.483,6.375,15.607,12.2
1983-02-10,0.0,8.581,6.268,15.643,16.2
1983-02-11,9.565,7.381,8.009,15.125,16.2
1983-02-12,0.0,7.882,7.946,15.741,11.1
1983-02-13,0.0,9.601,4.893,16.161,12.0
1983-02-14,0.0,9.209,4.964,15.625,11.3
1983-02-15,0.0,8.934,5.411,15.527,10.6
1983-02-16,0.0,7.033,8.875,15.196,10.4
1983-02-17,0.0,7.815,7.857,15.518,10.2
1983-02-18,11.338,6.321,8.545,14.036,10.8
1983-02-19,1.894,5.767,8.795,13.482,27.2
1983-02-20,0.0,5.693,8.554,13.188,17.7
1983-02-21,0.0,6.898,7.616,14.071,15.2
1983-02-22,1.022,6.915,8.42,14.652,14.2
1983-02-23,0.0,7.722,7.812,15.277,18.6
1983-02-24,4.089,8.44,6.714,15.509,27.5
1983-02-25,0.0,7.48,7.062,14.42,18.2
1983-02-26,0.0,7.226,7.688,14.491,19.9
1983-02-27,0.0,9.094,7.312,16.723,17.7
1983-02-28,0.0,8.423,6.821,15.509,16.0
1983-03-01,5.16,8.294,6.982,15.411,16.4
1983-03-02,1.546,9.059,8.0,17.08,17.8
1983-03-03,12.563,6.719,8.83,14.607,15.6
1983-03-04,2.929,6.58,8.679,14.312,20.1
1983-03-05,7.213,7.472,7.438,14.58,24.3
1983-03-06,16.58,5.115,8.446,12.295,22.3
1983-03-07,6.302,5.323,9.0,13.0,16.7
1983-03-08,0.0,6.711,8.375,14.241,15.8
1983-03-09,0.0,5.439,9.08,13.196,22.1
1983-03-10,14.482,3.904,8.652,11.08,41.8
1983-03-11,0.307,7.555,7.902,14.991,35.1
1983-03-12,0.0,6.358,8.286,13.688,22.1
1983-03-13,0.256,6.461,8.473,13.964,17.5
1983-03-14,12.037,6.008,9.0,13.812,16.6
1983-03-15,0.0,6.414,8.688,14.062,22.0
1983-03-16,0.42,8.752,7.804,16.438,20.7
1983-03-17,10.703,8.05,9.0,16.375,17.4
1983-03-18,0.0,10.825,7.536,19.027,23.2
1983-03-19,0.0,7.728,6.821,14.438,19.7
1983-03-20,0.0,9.65,7.33,17.321,15.7
1983-03-21,5.992,9.3,5.804,15.884,13.5
1983-03-22,0.0,8.433,8.107,16.214,13.2
1983-03-23,0.337,6.579,8.321,13.982,14.8
1983-03-24,0.0,7.337,8.071,14.777,19.0
1983-03-25,6.575,4.678,8.955,12.188,26.5
1983-03-26,8.798,7.768,7.089,14.643,31.8
1983-03-27,24.548,5.459,8.446,12.714,60.7
1983-03-28,7.215,7.117,8.232,14.607,34.7
1983-03-29,1.121,7.726,6.812,14.429,32.7
1983-03-30,0.699,7.248,6.938,13.875,39.3
1983-03-31,0.0,5.977,8.821,13.607,26.5
1983-04-01,0.0,8.106,7.714,15.545,21.7
1983-04-02,0.0,6.323,9.027,14.196,18.0
1983-04-03,5.783,7.759,8.17,15.411,19.0
1983-04-04,11.16,6.74,8.911,14.652,18.2
1983-04-05,8.259,8.685,7.196,16.0,16.5
1983-04-06,10.697,6.308,9.036,14.241,27.6
1983-04-07,14.283,6.042,8.009,13.125,32.8
1983-04-08,16.502,6.703,8.509,14.366,63.4
1983-04-09,9.989,4.121,9.232,11.821,56.0
1983-04-10,10.291,5.714,8.509,13.098,72.2
1983-04-11,14.047,5.882,7.643,12.67,67.6
1983-04-12,4.933,8.104,7.429,15.455,56.6
1983-04-13,12.873,6.082,8.589,13.661,57.9
1983-04-14,8.43,4.759,8.571,12.018,94.0
1983-04-15,10.606,7.839,9.304,16.438,41.0
1983-04-16,5.483,5.621,9.045,13.438,59.0
1983-04-17,2.681,6.371,8.089,13.679,44.9
1983-04-18,13.816,6.591,8.205,14.054,47.1
1983-04-19,0.0,7.259,8.411,15.098,42.9
1983-04-20,0.0,7.216,9.518,15.857,30.6
1983-04-21,10.04,6.686,8.411,14.384,25.2
1983-04-22,19.89,8.085,8.33,16.152,152.2
1983-04-23,0.0,8.306,8.08,16.295,50.4
1983-04-24,29.753,7.576,8.527,15.67,38.7
1983-04-25,0.0,7.818,7.33,15.161,34.8
1983-04-26,2.462,5.602,8.973,13.464,37.0
1983-04-27,0.0,6.455,8.509,14.188,35.2
1983-04-28,7.673,6.184,8.366,13.741,39.8
1983-04-29,14.956,7.107,8.705,15.241,44.8
1983-04-30,26.861,5.496,8.062,12.661,138.6
1983-05-01,17.155,7.487,9.098,16.045,55.9
1983-05-02,2.429,6.634,10.0,15.607,50.7
1983-05-03,0.144,7.9,8.554,16.241,41.9
1983-05-04,1.512,7.613,8.107,15.562,39.7
1983-05-05,0.0,7.736,8.973,16.348,39.5
1983-05-06,0.0,6.482,9.286,14.929,38.5
1983-05-07,0.0,6.241,8.688,14.17,35.9
1983-05-08,0.0,7.417,8.83,15.866,35.9
1983-05-09,0.0,8.483,8.696,17.223,34.8
1983-05-10,6.351,7.233,9.054,15.804,32.3
1983-05-11,0.0,7.224,9.161,15.884,35.2
1983-05-12,7.51,7.286,9.33,16.098,35.6
1983-05-13,0.0,7.907,8.464,16.348,38.6
1983-05-14,0.0,6.071,8.902,14.188,39.8
1983-05-15,8.787,6.907,9.098,15.455,36.7
1983-05-16,5.372,6.38,9.375,15.018,35.2
1983-05-17,0.0,7.695,8.634,16.25,31.9
1983-05-18,5.047,5.522,8.473,13.205,37.8
1983-05-19,0.0,6.223,9.643,15.036,46.8
1983-05-20,0.0,5.969,8.17,13.607,35.2
1983-05-21,1.012,5.904,8.375,13.67,34.1
1983-05-22,4.33,7.742,7.312,15.482,33.0
1983-05-23,8.692,6.286,8.652,14.411,30.5
1983-05-24,11.314,7.012,8.777,15.509,31.6
1983-05-25,1.314,6.434,8.679,14.652,37.0
1983-05-26,0.0,7.183,9.571,16.33,34.8
1983-05-27,1.686,7.061,8.839,15.643,34.8
1983-05-28,10.548,6.13,9.429,14.83,41.8
1983-05-29,11.869,6.755,8.482,15.018,49.1
1983-05-30,0.354,7.161,7.054,14.58,37.4
1983-05-31,0.0,8.423,6.071,15.777,30.5
1983-06-01,0.0,5.682,7.5,12.795,25.9
1983-06-02,0.728,6.429,8.304,14.455,46.7
1983-06-03,9.014,5.409,8.375,13.107,36.7
1983-06-04,14.295,4.773,7.902,11.893,29.6
1983-06-05,7.561,5.662,8.58,13.634,38.2
1983-06-06,0.0,4.773,8.143,12.098,47.6
1983-06-07,0.0,7.907,6.723,15.527,28.6
1983-06-08,19.97,5.433,7.92,12.839,37.6
1983-06-09,0.0,7.503,6.143,14.562,33.8
1983-06-10,0.0,5.95,7.643,13.366,23.8
1983-06-11,0.0,6.19,6.42,12.83,21.1
1983-06-12,0.0,7.863,7.08,15.732,19.5
1983-06-13,0.0,6.782,8.339,15.045,25.1
1983-06-14,8.904,6.886,6.857,14.152,32.0
1983-06-15,0.0,4.571,8.286,12.0,20.4
1983-06-16,0.918,6.794,7.634,14.58,27.7
1983-06-17,0.0,4.789,8.205,12.223,22.3
1983-06-18,0.0,6.603,6.384,13.438,22.8
1983-06-19,0.0,6.987,5.75,13.58,23.7
1983-06-20,0.0,6.178,6.634,12.991,26.2
1983-06-21,0.0,6.387,7.473,13.893,27.2
1983-06-22,0.0,7.074,6.92,14.5,29.9
1983-06-23,0.0,6.899,5.955,13.607,23.9
1983-06-24,0.0,6.73,6.143,13.455,23.1
1983-06-25,0.0,8.805,3.616,15.0,22.3
1983-06-26,0.0,7.302,7.518,15.241,20.4
1983-06-27,0.0,7.67,6.205,14.902,20.4
1983-06-28,0.0,6.856,6.527,13.911,28.5
1983-06-29,0.0,5.609,6.821,12.321,29.2
1983-06-30,0.0,7.005,5.545,13.455,32.3
1983-07-01,0.0,6.956,6.375,13.938,35.2
1983-07-02,0.0,7.993,7.08,15.92,39.1
1983-07-03,0.0,9.222,5.402,16.67,37.0
1983-07-04,0.0,6.268,6.634,13.089,35.2
1983-07-05,0.0,5.811,7.491,13.036,34.1
1983-07-06,4.099,8.01,5.821,15.116,35.6
1983-07-07,0.0,6.921,7.938,14.911,33.0
1983-07-08,0.372,7.297,7.018,14.804,33.0
1983-07-09,0.0,6.425,7.821,14.134,31.2
1983-07-10,19.582,6.585,7.268,13.955,43.9
1983-07-11,0.0,8.474,5.429,15.491,31.7
1983-07-12,0.0,7.283,6.643,14.518,25.2
1983-07-13,0.0,7.898,5.134,14.438,21.5
1983-07-14,0.0,7.99,4.973,14.464,19.8
1983-07-15,0.267,7.127,7.321,14.732,19.8
1983-07-16,0.0,7.058,6.777,14.232,21.7
1983-07-17,0.0,7.642,6.679,15.027,23.7
1983-07-18,0.0,7.791,6.027,14.786,25.2
1983-07-19,2.801,6.444,6.429,13.071,31.9
1983-07-20,0.0,6.368,5.759,12.509,35.6
1983-07-21,10.916,6.011,6.616,12.571,96.5
1983-07-22,14.142,6.974,5.946,13.482,91.3
1983-07-23,0.074,5.837,7.018,12.598,52.1
1983-07-24,0.0,5.878,7.339,12.893,36.3
1983-07-25,0.0,8.186,4.705,14.438,26.8
1983-07-26,0.0,7.442,5.223,13.634,21.2
1983-07-27,0.0,7.203,5.25,13.277,17.0
1983-07-28,0.0,6.405,7.205,13.464,19.0
1983-07-29,0.0,7.773,5.786,14.446,19.8
1983-07-30,13.328,7.039,7.964,14.875,21.5
1983-07-31,0.0,6.818,7.58,14.277,23.7
1983-08-01,0.0,6.101,7.446,13.188,43.9
1983-08-02,0.0,5.925,6.804,12.455,38.6
1983-08-03,0.0,7.234,5.438,13.375,24.2
1983-08-04,0.0,8.987,5.795,16.134,26.0
1983-08-05,0.0,5.808,7.366,12.661,29.9
1983-08-06,0.0,5.754,7.455,12.661,26.5
1983-08-07,0.0,5.66,7.321,12.446,46.9
1983-08-08,0.0,7.819,5.589,14.232,32.8
1983-08-09,0.0,7.178,6.0,13.58,25.5
1983-08-10,0.0,7.213,6.429,13.893,22.8
1983-08-11,0.0,7.494,4.938,13.304,22.0
1983-08-12,4.032,8.01,6.054,14.75,19.8
1983-08-13,0.0,9.453,5.036,16.152,20.1
1983-08-14,0.0,8.762,6.848,16.286,18.2
1983-08-15,0.0,8.522,5.732,15.223,16.2
1983-08-16,0.284,7.19,6.929,14.143,16.0
1983-08-17,0.0,7.242,6.955,14.196,17.2
1983-08-18,0.0,5.681,6.634,11.821,34.1
1983-08-19,0.0,6.76,6.554,13.232,30.9
1983-08-20,0.0,6.866,6.571,13.384,33.4
1983-08-21,0.0,7.21,6.339,13.688,29.2
1983-08-22,0.0,7.382,6.33,13.911,27.2
1983-08-23,14.92,8.553,5.991,15.312,28.9
1983-08-24,0.0,6.143,7.545,13.054,30.9
1983-08-25,2.668,7.326,6.982,14.277,31.9
1983-08-26,0.0,7.364,7.348,14.545,34.5
1983-08-27,0.0,8.662,5.429,15.045,29.9
1983-08-28,14.572,7.253,8.17,14.946,26.8
1983-08-29,0.586,7.641,7.884,15.268,35.6
1983-08-30,3.693,7.489,6.973,14.402,37.4
1983-08-31,0.0,9.52,5.5,16.241,27.8
1983-09-01,0.656,8.594,6.277,15.446,24.6
1983-09-02,0.0,6.544,7.786,13.696,23.7
1983-09-03,14.798,8.834,6.446,15.866,22.8
1983-09-04,0.0,7.866,6.036,14.241,22.8
1983-09-05,0.0,7.818,7.161,14.946,30.9
1983-09-06,13.281,6.859,6.902,13.438,37.4
1983-09-07,13.281,7.084,7.411,14.107,23.4
1983-09-08,0.474,7.234,6.295,13.518,22.6
1983-09-09,0.0,7.918,7.143,15.027,20.6
1983-09-10,0.0,5.739,7.205,12.152,20.1
1983-09-11,0.0,6.621,6.696,12.946,19.8
1983-09-12,4.342,6.89,7.491,13.893,20.6
1983-09-13,0.0,6.96,7.08,13.679,19.3
1983-09-14,0.0,7.956,5.848,14.196,20.1
1983-09-15,0.0,7.412,6.964,14.205,19.3
1983-09-16,0.0,6.846,7.991,14.17,18.5
1983-09-17,0.0,8.884,7.223,16.375,16.5
1983-09-18,0.0,7.397,7.045,14.223,16.3
1983-09-19,0.0,8.539,5.312,14.661,16.5
1983-09-20,0.0,7.545,5.161,13.161,21.8
1983-09-21,0.0,8.31,5.473,14.42,16.7
1983-09-22,0.0,8.166,4.955,13.902,16.6
1983-09-23,0.0,9.538,4.92,15.804,17.9
1983-09-24,0.0,7.691,5.714,13.732,17.0
1983-09-25,0.0,8.614,7.205,15.991,17.9
1983-09-26,0.0,8.983,6.071,15.759,15.5
1983-09-27,0.0,7.595,6.777,14.321,14.3
1983-09-28,0.0,7.866,6.607,14.58,13.5
1983-09-29,0.0,8.58,6.286,15.366,13.9
1983-09-30,0.0,8.14,5.571,14.286,14.2
1983-10-01,0.0,8.523,4.929,14.42,18.1
1983-10-02,1.498,7.593,5.768,13.67,24.6
1983-10-03,0.0,7.838,7.625,15.268,19.5
1983-10-04,0.0,6.014,8.125,13.241,23.4
1983-10-05,9.27,7.256,8.321,15.0,49.4
1983-10-06,0.0,7.563,7.455,14.804,40.7
1983-10-07,5.752,8.577,5.384,14.821,29.8
1983-10-08,3.581,8.454,5.786,14.92,19.4
1983-10-09,1.437,8.498,6.438,15.402,16.0
1983-10-10,0.0,9.387,7.241,17.161,14.5
1983-10-11,5.217,7.062,7.607,14.277,14.1
1983-10-12,0.0,7.458,7.723,14.875,13.8
1983-10-13,0.0,6.272,7.848,13.402,16.2
1983-10-14,0.0,7.898,7.277,15.214,22.1
1983-10-15,2.657,5.528,6.661,11.58,32.5
1983-10-16,0.0,4.772,6.982,10.884,39.7
1983-10-17,0.0,7.169,4.679,12.536,29.3
1983-10-18,0.0,10.09,3.982,16.295,17.9
1983-10-19,18.564,6.184,6.661,12.527,15.0
1983-10-20,35.873,6.804,5.438,12.536,16.5
1983-10-21,1.641,6.509,6.134,12.625,19.6
1983-10-22,4.499,7.408,6.848,14.393,19.2
1983-10-23,3.429,8.079,4.982,14.107,18.9
1983-10-24,4.749,5.857,7.384,12.661,19.7
1983-10-25,15.761,5.147,7.42,11.732,19.3
1983-10-26,0.0,7.051,6.295,13.554,21.0
1983-10-27,5.627,6.176,7.089,12.902,26.3
1983-10-28,9.719,5.883,7.071,12.491,19.4
1983-10-29,16.751,4.463,8.071,11.429,24.0
1983-10-30,31.057,5.91,7.286,12.741,39.0
1983-10-31,0.0,6.303,6.857,12.964,32.2
1983-11-01,0.0,6.137,6.768,12.661,24.4
1983-11-02,18.625,6.936,7.366,14.232,20.3
1983-11-03,0.0,5.566,8.446,13.179,19.1
1983-11-04,2.6,6.402,8.393,14.241,19.0
1983-11-05,9.541,6.958,7.973,14.705,19.3
1983-11-06,0.0,8.255,7.277,16.071,15.2
1983-11-07,0.0,9.172,5.911,16.536,14.2
1983-11-08,35.149,5.767,7.723,12.946,14.2
1983-11-09,1.65,6.361,6.223,12.696,13.6
1983-11-10,0.641,6.23,6.598,12.786,15.3
1983-11-11,22.392,6.678,6.304,13.241,18.0
1983-11-12,1.869,6.116,7.232,13.116,20.3
1983-11-13,0.0,7.855,7.018,15.446,18.1
1983-11-14,19.806,8.172,5.661,15.062,24.0
1983-11-15,0.0,7.058,6.598,14.045,27.6
1983-11-16,13.767,8.246,6.616,15.786,29.9
1983-11-17,7.066,5.477,7.018,12.116,27.5
1983-11-18,0.0,6.079,7.304,13.188,22.9
1983-11-19,0.0,6.065,7.438,13.259,18.7
1983-11-20,0.0,6.116,7.857,13.643,19.9
1983-11-21,1.261,6.546,8.179,14.509,18.1
1983-11-22,0.0,6.061,8.321,13.946,21.2
1983-11-23,0.0,6.113,8.116,13.866,17.5
1983-11-24,22.099,6.51,6.723,13.455,32.0
1983-11-25,0.0,5.81,7.571,13.08,22.9
1983-11-26,0.317,5.206,8.018,12.589,21.3
1983-11-27,2.405,5.423,6.991,12.125,21.3
1983-11-28,5.653,6.976,6.312,13.884,18.0
1983-11-29,2.691,4.332,7.062,10.679,17.9
1983-11-30,8.994,4.584,7.027,10.991,47.3
1983-12-01,0.0,7.21,6.482,14.429,39.7
1983-12-02,0.0,7.965,6.268,15.384,28.7
1983-12-03,45.029,6.603,6.804,13.714,21.5
1983-12-04,0.0,6.163,6.812,13.125,18.9
1983-12-05,3.188,6.574,6.67,13.616,20.7
1983-12-06,12.312,5.679,7.009,12.571,28.1
1983-12-07,0.0,3.841,6.661,9.732,39.7
1983-12-08,0.0,7.742,4.92,14.25,40.0
1983-12-09,0.969,6.289,6.67,13.214,33.6
1983-12-10,17.513,5.861,6.527,12.509,50.5
1983-12-11,23.952,5.893,6.286,12.393,38.1
1983-12-12,6.13,5.168,7.071,11.902,38.6
1983-12-13,7.509,6.965,6.366,14.036,37.3
1983-12-14,0.0,6.801,6.393,13.812,31.1
1983-12-15,0.0,5.88,7.455,13.205,28.1
1983-12-16,0.0,5.515,6.955,12.312,23.6
1983-12-17,0.0,5.747,7.616,13.134,22.2
1983-12-18,0.0,6.834,7.0,14.259,21.7
1983-12-19,2.026,7.06,7.482,14.946,22.7
1983-12-20,28.932,5.938,7.473,13.339,38.6
1983-12-21,5.956,6.656,7.241,14.179,27.5
1983-12-22,0.0,5.618,7.857,13.125,24.8
1983-12-23,1.441,4.865,7.089,11.482,21.2
1983-12-24,1.023,5.758,7.036,12.714,18.9
1983-12-25,0.0,6.595,6.205,13.375,18.2
1983-12-26,16.374,6.263,6.125,12.795,18.3
1983-12-27,0.0,6.384,6.339,13.152,18.4
1983-12-28,0.0,7.921,5.866,15.116,16.0
1983-12-29,0.0,7.574,6.438,14.946,14.5
1983-12-30,12.069,5.661,8.152,13.402,15.9
1983-12-31,0.0,6.2,7.196,13.464,25.0
1984-01-01,2.622,5.52,6.295,11.812,37.57
1984-01-02,5.209,7.48,7.08,15.232,32.17
1984-01-03,9.292,5.392,6.643,11.857,29.73
1984-01-04,0.0,7.441,6.723,14.92,39.23
1984-01-05,36.647,5.671,7.214,12.679,50.89
1984-01-06,6.395,6.111,6.741,12.973,52.21
1984-01-07,9.279,5.458,6.446,11.768,43.53
1984-01-08,47.305,6.761,6.429,13.714,50.27
1984-01-09,0.0,6.719,6.339,13.509,38.95
1984-01-10,0.0,5.65,7.304,12.679,34.5
1984-01-11,0.0,6.951,7.062,14.348,34.8
1984-01-12,0.0,7.135,6.616,14.286,28.42
1984-01-13,0.386,7.507,6.67,14.857,22.85
1984-01-14,0.931,6.33,5.223,12.116,20.1
1984-01-15,4.372,7.501,6.58,14.768,18.0
1984-01-16,8.868,7.107,5.589,13.509,17.37
1984-01-17,6.085,6.311,6.464,12.929,16.75
1984-01-18,6.801,4.875,7.107,11.375,16.25
1984-01-19,1.909,7.698,6.804,15.134,16.25
1984-01-20,23.869,5.853,7.232,12.804,17.39
1984-01-21,9.028,5.629,5.991,11.562,17.53
1984-01-22,3.59,5.994,6.232,12.241,28.15
1984-01-23,4.48,6.465,6.286,12.938,34.85
1984-01-24,0.0,7.236,6.357,14.098,26.17
1984-01-25,0.0,7.114,7.509,14.679,32.41
1984-01-26,10.953,7.322,6.893,14.545,33.45
1984-01-27,20.969,5.877,6.321,12.08,33.14
1984-01-28,6.106,5.983,7.411,13.009,30.77
1984-01-29,0.0,7.156,6.402,13.929,34.85
1984-01-30,0.0,7.209,6.107,13.768,22.57
1984-01-31,0.0,7.182,6.393,13.92,20.65
1984-02-01,0.0,7.008,5.625,13.143,18.0
1984-02-02,0.0,5.455,7.884,12.58,18.75
1984-02-03,10.904,6.816,7.116,13.875,22.57
1984-02-04,3.533,6.377,6.839,13.036,17.25
1984-02-05,28.599,6.16,7.018,12.866,34.12
1984-02-06,9.64,5.195,6.964,11.482,34.48
1984-02-07,0.0,5.796,6.241,11.777,23.12
1984-02-08,0.0,4.943,6.357,10.67,19.27
1984-02-09,0.0,5.281,6.304,11.071,39.68
1984-02-10,0.0,5.78,6.33,11.759,33.39
1984-02-11,0.0,6.486,5.929,12.446,25.17
1984-02-12,0.0,7.478,7.527,14.929,20.67
1984-02-13,32.176,6.599,6.464,12.938,18.5
1984-02-14,11.395,7.27,6.893,14.17,21.7
1984-02-15,5.363,5.875,7.0,12.312,21.18
1984-02-16,0.0,5.838,7.554,12.696,38.34
1984-02-17,0.0,6.763,7.188,13.643,29.47
1984-02-18,0.0,5.539,7.107,11.92,26.72
1984-02-19,26.915,5.757,7.018,12.116,26.84
1984-02-20,2.898,5.349,7.83,12.214,25.23
1984-02-21,29.124,7.226,6.777,13.911,26.16
1984-02-22,0.0,5.761,7.098,12.179,29.19
1984-02-23,0.0,6.382,7.679,13.393,35.32
1984-02-24,0.473,6.321,7.866,13.464,48.26
1984-02-25,1.491,6.184,6.545,12.295,43.09
1984-02-26,0.104,7.182,7.83,14.536,37.56
1984-02-27,2.346,7.324,7.17,14.259,32.82
1984-02-28,1.253,7.462,7.402,14.571,24.83
1984-02-29,12.814,7.066,6.545,13.438,21.82
1984-03-01,2.228,4.727,7.0,10.714,20.58
1984-03-02,0.0,5.448,7.071,11.652,20.1
1984-03-03,0.0,6.78,7.223,13.545,25.08
1984-03-04,0.0,5.476,7.536,12.045,25.47
1984-03-05,18.133,7.032,6.062,13.018,22.55
1984-03-06,0.0,7.622,7.643,14.884,21.75
1984-03-07,11.564,7.81,6.768,14.545,23.11
1984-03-08,12.699,5.939,7.607,12.643,23.88
1984-03-09,0.0,7.301,7.554,14.402,22.33
1984-03-10,0.0,8.926,5.929,15.491,19.34
1984-03-11,0.0,7.38,5.348,12.982,17.75
1984-03-12,0.0,7.445,6.045,13.536,16.5
1984-03-13,0.0,8.104,6.214,14.518,15.5
1984-03-14,0.0,9.743,5.339,16.196,14.75
1984-03-15,0.0,9.831,4.92,16.071,14.74
1984-03-16,0.0,8.016,5.857,14.179,14.32
1984-03-17,4.632,6.953,7.312,13.741,14.48
1984-03-18,0.0,6.038,7.143,12.411,16.17
1984-03-19,0.0,5.831,6.429,11.634,17.94
1984-03-20,1.98,6.55,5.759,12.098,18.91
1984-03-21,0.0,6.937,6.527,13.161,18.71
1984-03-22,1.357,7.305,6.795,13.848,19.45
1984-03-23,22.635,6.215,7.286,12.741,20.84
1984-03-24,10.856,7.36,6.893,13.964,18.43
1984-03-25,0.0,6.793,6.759,13.134,16.56
1984-03-26,0.0,7.051,7.714,14.143,15.75
1984-03-27,17.709,8.054,6.857,14.875,15.45
1984-03-28,18.343,7.724,6.911,14.491,14.75
1984-03-29,12.623,7.676,7.17,14.643,14.75
1984-03-30,26.706,6.71,7.589,13.652,26.07
1984-03-31,0.0,7.722,7.875,15.179,19.52
1984-04-01,0.491,5.727,7.366,12.205,34.65
1984-04-02,11.229,7.737,7.036,14.625,34.19
1984-04-03,0.0,8.176,5.92,14.491,23.9
1984-04-04,11.856,8.207,6.696,15.027,19.25
1984-04-05,0.618,6.952,6.955,13.527,17.62
1984-04-06,0.0,7.891,6.214,14.312,16.5
1984-04-07,10.512,6.266,7.098,12.732,19.62
1984-04-08,5.538,6.438,6.893,12.812,18.56
1984-04-09,19.82,8.026,6.902,15.0,23.75
1984-04-10,0.0,6.1,7.188,12.607,19.29
1984-04-11,0.0,5.043,6.973,11.062,18.0
1984-04-12,0.563,5.893,7.42,12.509,18.88
1984-04-13,0.0,5.847,6.643,11.884,23.78
1984-04-14,25.13,7.335,7.402,14.429,20.62
1984-04-15,0.0,8.21,6.027,14.696,23.25
1984-04-16,21.684,6.668,6.179,12.714,34.19
1984-04-17,0.0,7.403,7.188,14.429,32.84
1984-04-18,0.0,8.41,5.946,15.0,22.3
1984-04-19,0.0,8.533,6.357,15.429,18.52
1984-04-20,2.159,7.571,7.188,14.67,16.25
1984-04-21,0.0,6.269,6.33,12.321,15.25
1984-04-22,11.555,5.557,6.964,11.839,14.86
1984-04-23,14.404,6.59,8.152,14.098,18.26
1984-04-24,18.177,5.949,7.589,12.83,29.3
1984-04-25,0.0,5.521,7.884,12.527,43.01
1984-04-26,15.095,3.968,7.759,10.5,45.47
1984-04-27,27.948,7.197,5.786,13.321,45.55
1984-04-28,1.782,8.205,7.277,15.741,34.85
1984-04-29,16.694,6.152,7.179,12.875,68.64
1984-04-30,2.169,6.815,6.973,13.652,42.6
1984-05-01,0.0,6.958,6.188,13.348,41.91
1984-05-02,0.907,7.56,6.804,14.589,34.38
1984-05-03,29.219,5.087,7.848,12.018,55.44
1984-05-04,2.001,9.753,5.071,16.625,34.85
1984-05-05,0.0,8.827,5.982,15.884,26.21
1984-05-06,0.0,6.152,6.902,12.741,22.02
1984-05-07,3.885,5.801,7.821,12.973,19.55
1984-05-08,13.298,5.543,7.179,12.17,18.76
1984-05-09,43.823,4.586,8.259,11.759,21.31
1984-05-10,0.0,7.127,7.821,14.83,20.74
1984-05-11,2.491,8.059,7.696,16.045,21.07
1984-05-12,25.013,6.679,6.455,13.25,32.43
1984-05-13,9.222,5.234,6.884,11.571,26.99
1984-05-14,0.0,6.224,6.045,12.348,32.81
1984-05-15,11.817,6.775,6.036,13.152,37.08
1984-05-16,1.565,6.038,6.571,12.482,42.98
1984-05-17,11.607,6.952,6.973,14.062,38.6
1984-05-18,0.802,6.957,7.196,14.241,33.27
1984-05-19,10.09,6.234,7.884,13.75,35.42
1984-05-20,0.0,6.97,8.062,14.893,35.12
1984-05-21,4.572,5.355,8.375,12.955,37.76
1984-05-22,1.642,5.925,7.929,13.375,43.74
1984-05-23,24.895,6.31,6.964,13.241,50.04
1984-05-24,0.0,7.08,6.679,14.161,44.68
1984-05-25,0.0,5.768,6.839,12.393,42.56
1984-05-26,26.33,5.449,6.527,11.732,62.62
1984-05-27,22.329,5.592,6.188,11.696,53.55
1984-05-28,9.73,5.832,6.125,12.0,44.66
1984-05-29,0.0,5.789,6.777,12.411,39.58
1984-05-30,0.0,7.278,8.134,15.5,32.68
1984-05-31,2.127,6.181,8.08,13.946,26.15
1984-06-01,38.5,5.797,7.991,13.357,92.36
1984-06-02,2.211,6.771,8.098,14.812,45.75
1984-06-03,7.739,5.75,7.312,12.821,25.23
1984-06-04,0.0,5.015,7.125,11.643,37.4
1984-06-05,0.0,6.693,6.83,13.83,21.47
1984-06-06,0.0,6.608,7.277,14.027,45.75
1984-06-07,0.0,4.756,7.964,11.964,87.59
1984-06-08,0.796,5.156,7.42,12.08,40.55
1984-06-09,0.0,6.661,6.116,13.321,49.07
1984-06-10,0.0,6.671,7.036,13.955,20.18
1984-06-11,20.331,6.478,6.509,13.321,19.68
1984-06-12,0.0,5.934,7.348,13.161,19.98
1984-06-13,1.555,4.886,7.562,11.839,30.19
1984-06-14,1.382,5.986,7.33,13.214,64.28
1984-06-15,3.738,5.865,7.438,13.116,79.9
1984-06-16,5.307,6.755,7.625,14.527,47.23
1984-06-17,5.641,6.842,6.812,14.098,37.04
1984-06-18,3.473,5.423,7.098,12.241,34.85
1984-06-19,5.389,5.917,7.304,13.107,40.96
1984-06-20,0.0,6.33,6.679,13.241,22.3
1984-06-21,0.0,8.445,5.438,15.58,27.51
1984-06-22,2.796,5.573,7.402,12.688,28.52
1984-06-23,0.711,5.027,7.455,11.955,35.21
1984-06-24,10.362,4.399,7.411,11.062,40.58
1984-06-25,5.82,6.852,6.75,14.062,35.27
1984-06-26,6.915,5.927,6.804,12.741,25.2
1984-06-27,13.157,5.147,6.75,11.616,24.51
1984-06-28,0.0,6.573,7.205,13.973,24.17
1984-06-29,13.83,5.39,6.982,12.134,32.87
1984-06-30,0.0,6.167,7.295,13.455,31.12
1984-07-01,11.86,5.329,7.107,12.098,56.39
1984-07-02,3.78,5.552,5.991,11.589,43.95
1984-07-03,10.102,7.091,6.857,14.455,32.43
1984-07-04,7.315,6.175,7.009,13.214,30.03
1984-07-05,11.301,5.034,6.911,11.509,38.63
1984-07-06,4.6,7.368,5.295,13.795,33.72
1984-07-07,1.923,6.426,6.545,13.223,29.34
1984-07-08,20.152,5.927,6.679,12.589,29.32
1984-07-09,0.795,7.366,5.304,13.768,36.89
1984-07-10,0.0,6.096,6.509,12.696,28.44
1984-07-11,0.0,7.399,6.473,14.58,25.45
1984-07-12,0.0,5.68,6.188,11.848,24.12
1984-07-13,0.0,5.718,6.491,12.134,28.38
1984-07-14,4.615,6.144,7.589,13.527,34.72
1984-07-15,7.302,6.587,6.286,13.223,39.63
1984-07-16,12.085,6.259,6.741,13.062,50.5
1984-07-17,0.0,6.84,6.143,13.482,34.83
1984-07-18,0.0,6.121,6.018,12.33,29.48
1984-07-19,0.0,6.218,5.875,12.348,40.55
1984-07-20,0.0,5.79,4.688,10.875,44.29
1984-07-21,0.0,7.602,3.089,12.598,37.71
1984-07-22,0.0,6.57,3.402,11.17,29.56
1984-07-23,0.0,6.7,5.625,12.839,26.34
1984-07-24,0.0,6.313,5.446,12.134,23.4
1984-07-25,0.0,6.265,5.991,12.455,30.24
1984-07-26,0.0,5.381,7.062,11.964,42.77
1984-07-27,0.0,7.518,6.143,14.339,33.88
1984-07-28,0.0,6.986,5.991,13.464,24.61
1984-07-29,0.0,5.3,7.188,11.92,26.54
1984-07-30,0.0,5.027,6.562,11.071,37.56
1984-07-31,13.648,5.714,5.938,11.554,31.26
1984-08-01,0.0,8.337,4.071,14.125,25.42
1984-08-02,0.0,7.433,5.893,13.973,21.78
1984-08-03,1.828,6.723,6.982,13.652,22.02
1984-08-04,7.422,7.466,6.643,14.5,42.98
1984-08-05,0.0,6.453,7.705,13.795,35.57
1984-08-06,0.0,7.881,5.536,14.304,40.03
1984-08-07,0.0,9.06,5.375,15.893,28.99
1984-08-08,0.0,6.74,6.866,13.554,24.86
1984-08-09,0.0,5.97,6.607,12.304,23.56
1984-08-10,0.0,5.627,7.25,12.277,25.3
1984-08-11,0.0,7.252,5.0,12.964,29.52
1984-08-12,0.0,8.175,4.839,14.196,32.45
1984-08-13,0.0,5.581,7.366,12.295,29.76
1984-08-14,0.0,6.96,6.321,13.402,27.18
1984-08-15,0.0,8.393,5.42,14.821,23.12
1984-08-16,0.0,7.143,7.732,14.607,21.2
1984-08-17,0.0,7.36,6.982,14.366,20.65
1984-08-18,9.846,6.236,6.857,12.714,25.03
1984-08-19,2.99,6.77,7.214,13.714,50.48
1984-08-20,48.163,6.888,6.955,13.679,61.62
1984-08-21,0.0,7.58,6.839,14.527,47.23
1984-08-22,23.022,6.061,7.196,12.688,40.5
1984-08-23,0.0,7.133,6.009,13.339,40.27
1984-08-24,1.589,8.307,6.42,15.25,34.02
1984-08-25,8.507,7.555,7.375,14.83,27.21
1984-08-26,10.502,6.054,7.884,13.188,47.46
1984-08-27,1.759,6.324,6.652,12.616,40.1
1984-08-28,0.0,7.102,5.509,12.893,32.24
1984-08-29,0.0,6.426,5.554,11.964,27.4
1984-08-30,0.0,8.204,4.536,13.795,22.85
1984-08-31,0.0,6.224,5.795,11.821,20.65
1984-09-01,1.218,6.925,6.857,13.545,19.55
1984-09-02,0.0,7.754,5.857,14.0,18.25
1984-09-03,0.0,7.646,6.339,14.17,18.0
1984-09-04,0.0,8.368,4.821,14.17,18.0
1984-09-05,0.0,7.921,5.866,14.205,18.0
1984-09-06,0.0,6.484,7.759,13.554,18.8
1984-09-07,0.0,6.427,7.812,13.518,23.78
1984-09-08,0.0,7.928,6.982,14.929,28.19
1984-09-09,16.247,6.978,6.464,13.304,32.54
1984-09-10,3.473,7.287,7.125,14.161,38.28
1984-09-11,4.396,6.471,6.812,12.875,35.57
1984-09-12,11.188,6.462,7.42,13.259,34.8
1984-09-13,1.64,7.592,7.143,14.589,36.88
1984-09-14,0.0,8.08,5.866,14.375,32.14
1984-09-15,12.086,8.279,6.491,15.08,23.23
1984-09-16,0.0,7.001,6.098,13.071,22.33
1984-09-17,0.0,5.652,7.17,12.009,16.7
1984-09-18,13.817,8.678,6.161,15.402,26.69
1984-09-19,7.605,5.718,7.027,11.991,30.82
1984-09-20,6.072,6.978,5.08,12.357,31.16
1984-09-21,14.193,6.646,6.875,13.134,31.89
1984-09-22,13.61,7.402,6.393,13.83,62.61
1984-09-23,25.811,6.585,6.777,12.964,42.39
1984-09-24,0.0,6.934,6.054,12.955,35.14
1984-09-25,0.0,8.43,4.857,14.277,44.5
1984-09-26,10.063,7.568,5.286,13.339,36.84
1984-09-27,21.757,7.291,6.589,13.795,44.55
1984-09-28,0.0,6.258,7.759,13.268,33.05
1984-09-29,0.0,7.363,7.232,14.357,40.71
1984-09-30,0.0,6.214,7.277,12.866,35.05
1984-10-01,0.0,7.054,7.25,13.955,40.44
1984-10-02,0.0,7.298,6.589,13.83,35.52
1984-10-03,6.156,6.287,7.304,12.982,30.1
1984-10-04,4.057,6.684,7.17,13.438,27.52
1984-10-05,0.0,7.084,7.536,14.223,30.08
1984-10-06,21.913,7.232,6.67,13.848,28.88
1984-10-07,11.681,7.189,6.661,13.804,31.85
1984-10-08,11.244,7.643,6.196,14.098,39.11
1984-10-09,0.0,8.359,6.848,15.571,34.6
1984-10-10,0.0,6.878,6.661,13.375,24.89
1984-10-11,19.682,6.691,6.411,12.955,23.7
1984-10-12,0.0,6.8,7.375,13.786,24.88
1984-10-13,0.0,5.598,7.429,12.232,24.72
1984-10-14,0.246,6.688,6.884,13.339,24.38
1984-10-15,10.847,8.37,7.0,15.714,39.45
1984-10-16,2.99,6.952,7.054,13.821,36.44
1984-10-17,3.412,7.626,6.071,14.071,35.32
1984-10-18,37.892,6.146,6.938,12.652,41.6
1984-10-19,8.865,5.858,7.241,12.509,59.38
1984-10-20,2.327,6.502,7.232,13.366,49.78
1984-10-21,0.81,5.95,8.116,13.304,42.77
1984-10-22,8.046,8.701,6.991,16.268,46.5
1984-10-23,18.304,3.922,7.652,10.393,40.27
1984-10-24,0.0,5.922,4.964,10.982,39.0
1984-10-25,28.763,6.568,6.857,13.268,36.88
1984-10-26,16.783,5.652,7.473,12.455,31.4
1984-10-27,0.0,6.133,7.366,13.054,31.34
1984-10-28,32.697,6.312,7.357,13.339,48.17
1984-10-29,22.601,7.125,6.911,14.143,42.71
1984-10-30,5.897,5.424,6.938,11.83,48.63
1984-10-31,0.0,8.055,7.188,15.661,43.57
1984-11-01,15.945,6.057,5.902,11.955,52.49
1984-11-02,0.0,8.146,6.464,15.348,41.69
1984-11-03,0.0,8.81,5.0,15.411,33.07
1984-11-04,0.0,7.498,6.5,14.491,27.41
1984-11-05,12.182,7.039,5.982,13.464,40.88
1984-11-06,30.923,5.146,7.589,12.009,50.64
1984-11-07,20.756,4.771,6.75,10.893,73.84
1984-11-08,10.648,6.88,5.089,12.714,50.79
1984-11-09,0.892,8.744,4.589,15.161,34.51
1984-11-10,10.382,8.241,5.714,15.143,33.75
1984-11-11,10.597,6.649,5.946,13.0,32.38
1984-11-12,33.639,6.361,6.357,12.866,28.94
1984-11-13,26.541,7.561,6.339,14.616,38.13
1984-11-14,3.916,6.16,6.554,12.741,52.17
1984-11-15,24.454,6.74,6.562,13.571,51.65
1984-11-16,0.0,7.196,7.455,14.866,37.81
1984-11-17,0.0,6.393,6.134,12.795,31.96
1984-11-18,0.0,6.884,6.411,13.723,36.67
1984-11-19,0.0,6.838,7.902,14.723,33.75
1984-11-20,0.0,6.016,7.527,13.304,37.7
1984-11-21,0.0,5.43,8.161,12.973,35.97
1984-11-22,0.0,7.703,7.188,15.482,30.59
1984-11-23,34.191,5.784,7.518,12.991,28.94
1984-11-24,1.921,6.287,7.027,13.366,31.94
1984-11-25,31.127,6.353,7.188,13.598,41.98
1984-11-26,4.665,5.562,7.098,12.393,36.82
1984-11-27,4.981,6.62,6.473,13.482,40.63
1984-11-28,14.187,6.939,7.509,14.688,40.84
1984-11-29,10.336,6.365,5.714,12.625,61.82
1984-11-30,5.01,6.513,6.839,13.607,41.45
1984-12-01,0.0,9.066,6.357,17.062,34.76
1984-12-02,1.688,8.182,5.652,15.321,30.89
1984-12-03,0.806,7.427,5.473,14.062,28.09
1984-12-04,4.087,6.906,6.571,14.018,27.56
1984-12-05,0.0,7.035,6.83,14.402,26.47
1984-12-06,0.0,7.779,5.902,14.902,24.53
1984-12-07,1.123,8.039,6.241,15.518,23.58
1984-12-08,12.973,7.06,6.839,14.473,24.15
1984-12-09,0.0,6.242,7.652,13.848,22.86
1984-12-10,2.536,6.382,8.036,14.357,23.55
1984-12-11,3.019,7.157,7.429,15.027,22.57
1984-12-12,0.0,7.153,7.125,14.821,22.33
1984-12-13,0.0,7.703,6.982,15.518,22.47
1984-12-14,19.8,7.35,7.429,15.312,21.66
1984-12-15,0.0,7.513,6.741,15.098,20.81
1984-12-16,0.0,7.155,7.866,15.348,21.17
1984-12-17,22.414,6.774,6.33,13.75,22.59
1984-12-18,2.842,6.194,7.179,13.464,29.18
1984-12-19,15.877,5.602,6.732,12.286,43.89
1984-12-20,0.0,6.922,7.018,14.411,36.21
1984-12-21,16.994,6.949,6.688,14.223,28.18
1984-12-22,15.058,5.596,7.58,12.884,25.24
1984-12-23,0.783,5.27,6.768,11.839,26.45
1984-12-24,0.0,6.7,6.83,13.982,42.0
1984-12-25,0.0,6.225,5.696,12.446,34.22
1984-12-26,0.358,5.423,8.5,13.348,29.19
1984-12-27,0.0,5.069,8.652,12.973,26.5
1984-12-28,5.308,6.751,8.527,15.214,24.55
1984-12-29,0.0,7.453,5.67,14.259,23.94
1984-12-30,11.239,6.715,6.83,13.946,21.93
1984-12-31,0.0,7.757,7.429,15.857,20.97
1985-01-01,0.0,5.769,7.562,13.098,20.87
1985-01-02,0.0,7.212,6.688,14.554,20.52
1985-01-03,0.0,6.727,6.643,13.795,19.24
1985-01-04,0.0,6.221,8.214,14.205,19.71
1985-01-05,31.47,6.641,8.571,15.054,23.42
1985-01-06,0.0,6.909,8.045,15.009,34.99
1985-01-07,0.0,6.352,7.321,13.705,27.72
1985-01-08,44.569,7.22,8.214,15.562,25.43
1985-01-09,0.0,6.261,7.982,14.045,25.94
1985-01-10,0.0,7.6,6.911,15.196,23.69
1985-01-11,0.0,8.376,6.0,15.723,21.51
1985-01-12,0.0,8.115,5.759,15.188,23.72
1985-01-13,0.0,6.49,7.018,13.634,22.62
1985-01-14,0.0,7.161,5.759,13.732,21.18
1985-01-15,0.0,6.513,6.179,13.045,20.1
1985-01-16,0.0,7.585,5.491,14.161,19.01
1985-01-17,0.0,6.472,5.634,12.598,18.04
1985-01-18,0.0,6.636,6.089,13.116,17.5
1985-01-19,0.0,7.363,4.866,13.393,17.0
1985-01-20,0.0,7.357,7.161,14.875,16.6
1985-01-21,0.0,4.986,6.723,11.196,18.26
1985-01-22,12.878,5.864,7.679,13.107,23.42
1985-01-23,58.169,5.413,6.455,11.571,31.02
1985-01-24,0.0,7.848,4.812,13.991,23.74
1985-01-25,0.0,6.461,6.054,12.75,20.33
1985-01-26,0.0,7.796,6.161,14.741,20.55
1985-01-27,0.0,6.707,6.214,13.179,23.31
1985-01-28,0.0,5.915,6.304,12.116,20.78
1985-01-29,0.0,4.739,6.821,10.857,18.5
1985-01-30,0.0,8.891,4.955,15.509,17.25
1985-01-31,0.0,8.494,4.723,14.75,16.78
1985-02-01,0.0,8.964,4.866,15.509,15.25
1985-02-02,0.0,6.671,6.054,12.911,14.75
1985-02-03,0.0,7.507,3.83,12.67,14.25
1985-02-04,0.0,8.151,3.821,13.598,14.0
1985-02-05,0.0,8.533,4.357,14.473,13.55
1985-02-06,0.0,7.456,2.545,11.732,13.55
1985-02-07,0.0,7.435,4.893,13.161,14.16
1985-02-08,0.0,7.644,5.241,13.67,14.76
1985-02-09,0.0,6.219,5.911,12.071,15.96
1985-02-10,0.0,7.202,6.223,13.688,23.9
1985-02-11,0.0,7.971,6.964,15.241,29.55
1985-02-12,0.0,7.246,5.911,13.482,20.92
1985-02-13,0.0,7.369,6.634,14.134,18.0
1985-02-14,0.0,8.342,5.768,14.902,16.5
1985-02-15,0.0,7.817,5.027,13.652,15.5
1985-02-16,6.843,9.215,4.009,15.036,15.25
1985-02-17,0.0,8.073,5.009,13.991,14.75
1985-02-18,0.0,5.95,6.241,11.821,14.5
1985-02-19,0.0,6.839,5.312,12.402,14.25
1985-02-20,0.0,10.419,5.384,17.464,13.77
1985-02-21,0.0,8.051,6.536,14.893,13.55
1985-02-22,0.0,6.82,6.089,12.866,13.32
1985-02-23,15.267,5.576,7.598,12.286,13.1
1985-02-24,26.981,7.083,5.929,13.098,15.24
1985-02-25,0.0,7.194,6.955,13.964,21.36
1985-02-26,0.0,6.835,4.705,11.911,17.77
1985-02-27,0.0,7.709,7.179,14.795,15.61
1985-02-28,0.0,7.458,6.536,13.982,15.0
1985-03-01,0.0,6.197,7.714,13.134,14.75
1985-03-02,4.745,7.651,7.795,15.107,14.66
1985-03-03,2.296,6.516,7.08,13.054,15.3
1985-03-04,5.558,8.329,7.893,16.071,18.0
1985-03-05,6.084,8.038,7.777,15.58,15.75
1985-03-06,0.0,7.243,7.777,14.536,16.4
1985-03-07,0.0,6.948,8.33,14.545,20.26
1985-03-08,0.0,7.417,7.223,14.348,18.33
1985-03-09,0.0,8.329,8.188,16.205,16.58
1985-03-10,21.671,7.032,7.714,14.143,15.2
1985-03-11,1.073,9.268,7.071,16.714,17.31
1985-03-12,14.104,8.855,7.232,16.214,28.37
1985-03-13,14.104,7.57,7.955,15.009,23.41
1985-03-14,0.0,7.664,7.357,14.723,18.77
1985-03-15,0.0,8.383,7.67,15.884,16.75
1985-03-16,0.0,9.183,5.295,15.446,15.25
1985-03-17,0.0,10.195,4.964,16.607,14.25
1985-03-18,0.0,8.243,6.929,15.214,14.31
1985-03-19,0.0,7.898,8.134,15.562,14.67
1985-03-20,0.0,6.104,7.5,12.759,24.14
1985-03-21,0.0,9.967,3.589,15.491,17.8
1985-03-22,0.0,10.134,3.366,15.58,15.25
1985-03-23,0.0,9.238,6.054,15.955,13.96
1985-03-24,0.0,7.757,6.616,14.321,13.55
1985-03-25,0.0,7.386,6.866,14.009,12.87
1985-03-26,0.0,8.327,8.223,16.188,12.65
1985-03-27,1.566,6.093,8.554,13.562,13.04
1985-03-28,0.0,6.965,8.652,14.714,12.65
1985-03-29,0.0,6.658,8.661,14.375,13.13
1985-03-30,0.754,7.256,8.652,15.107,13.62
1985-03-31,30.29,6.992,7.5,13.946,15.29
1985-04-01,15.155,7.258,7.25,14.17,25.0
1985-04-02,0.623,6.52,7.304,13.179,30.3
1985-04-03,1.593,8.917,6.25,15.714,19.5
1985-04-04,0.0,7.493,7.036,14.304,18.15
1985-04-05,3.113,8.268,7.196,15.455,18.56
1985-04-06,6.143,6.624,7.089,13.17,21.11
1985-04-07,0.18,6.97,7.393,13.875,22.05
1985-04-08,9.661,6.003,7.482,12.679,17.52
1985-04-09,4.59,5.367,7.554,11.911,17.21
1985-04-10,0.0,6.562,6.527,12.732,17.73
1985-04-11,0.0,8.464,7.518,15.991,15.58
1985-04-12,0.0,7.012,7.696,14.188,15.15
1985-04-13,0.0,7.792,7.25,14.911,14.75
1985-04-14,0.0,8.192,5.982,14.634,13.55
1985-04-15,0.0,8.005,7.464,15.375,12.65
1985-04-16,0.0,7.195,7.455,14.286,12.42
1985-04-17,0.0,7.595,7.848,15.116,11.97
1985-04-18,0.0,6.821,6.723,13.277,11.52
1985-04-19,0.263,6.124,9.25,14.241,11.07
1985-04-20,11.223,5.925,8.08,13.107,11.72
1985-04-21,1.428,7.587,6.768,14.393,14.85
1985-04-22,18.605,6.506,7.286,13.321,15.55
1985-04-23,13.317,8.111,7.652,15.777,19.02
1985-04-24,16.165,4.497,8.036,11.357,33.14
1985-04-25,17.881,4.657,7.777,11.348,56.48
1985-04-26,11.521,6.833,7.696,14.125,44.84
1985-04-27,24.901,6.377,6.348,12.562,32.48
1985-04-28,0.0,8.187,6.518,15.17,21.21
1985-04-29,0.0,8.345,6.107,15.161,19.82
1985-04-30,2.483,7.583,6.929,14.661,20.01
1985-05-01,0.0,7.248,6.295,13.786,25.21
1985-05-02,0.0,8.077,6.723,15.223,21.19
1985-05-03,0.0,5.487,7.295,12.107,18.65
1985-05-04,16.617,6.441,7.357,13.438,19.76
1985-05-05,0.0,7.018,7.634,14.446,19.96
1985-05-06,30.046,5.447,7.696,12.375,33.85
1985-05-07,1.19,5.71,7.955,12.929,27.65
1985-05-08,0.317,5.483,8.42,13.0,27.85
1985-05-09,10.647,5.488,8.071,12.768,30.07
1985-05-10,0.0,6.868,7.268,14.071,30.65
1985-05-11,24.724,5.135,7.643,11.991,53.33
1985-05-12,2.965,6.45,7.723,13.83,40.81
1985-05-13,19.479,4.808,7.268,11.286,41.13
1985-05-14,10.121,5.192,7.366,11.893,37.83
1985-05-15,11.878,5.391,7.33,12.143,65.46
1985-05-16,14.885,6.735,7.384,14.009,35.91
1985-05-17,10.712,5.077,7.821,12.098,30.45
1985-05-18,7.621,6.438,6.652,13.125,28.35
1985-05-19,0.0,7.004,7.446,14.491,53.4
1985-05-20,7.735,7.474,7.679,15.33,36.63
1985-05-21,0.0,8.319,6.196,15.554,24.14
1985-05-22,0.0,6.965,6.286,13.661,20.07
1985-05-23,0.0,6.403,7.732,13.911,18.8
1985-05-24,0.0,5.468,7.804,12.688,38.26
1985-05-25,0.0,6.846,7.598,14.446,37.82
1985-05-26,0.0,5.893,7.732,13.232,52.97
1985-05-27,0.0,5.934,7.554,13.161,44.59
1985-05-28,0.0,5.542,7.911,12.902,51.1
1985-05-29,0.0,6.601,8.071,14.473,49.3
1985-05-30,0.0,5.227,8.491,12.938,48.05
1985-05-31,0.0,4.269,8.491,11.777,41.21
1985-06-01,0.0,4.575,8.196,11.875,63.58
1985-06-02,33.239,3.672,8.438,10.982,82.47
1985-06-03,0.0,4.495,7.598,11.286,61.03
1985-06-04,0.0,5.507,7.455,12.58,47.68
1985-06-05,0.0,5.944,7.643,13.33,29.58
1985-06-06,7.137,4.97,7.339,11.75,20.92
1985-06-07,0.0,6.043,7.554,13.42,24.95
1985-06-08,0.0,4.637,7.339,11.339,24.89
1985-06-09,0.0,4.176,6.357,9.938,32.32
1985-06-10,0.0,5.599,3.848,10.17,27.51
1985-06-11,0.0,5.257,5.473,10.804,20.92
1985-06-12,0.0,6.408,3.634,11.259,22.02
1985-06-13,0.0,7.673,4.259,13.634,17.0
1985-06-14,0.0,6.611,6.295,13.375,17.25
1985-06-15,0.0,5.076,7.188,11.804,19.55
1985-06-16,0.0,6.432,6.973,13.58,22.5
1985-06-17,0.0,7.249,6.634,14.58,18.07
1985-06-18,11.128,5.783,6.58,12.384,22.02
1985-06-19,0.0,5.819,7.259,12.946,36.31
1985-06-20,0.0,5.54,6.848,12.241,19.85
1985-06-21,0.0,5.931,6.857,12.804,25.23
1985-06-22,0.0,5.891,6.714,12.643,19.97
1985-06-23,23.43,6.472,7.286,13.884,23.24
1985-06-24,0.0,6.996,7.205,14.589,23.85
1985-06-25,0.0,6.148,7.321,13.446,78.85
1985-06-26,0.0,3.892,7.161,10.214,48.62
1985-06-27,0.0,5.971,7.25,13.152,26.57
1985-06-28,0.0,7.1,5.009,13.268,30.95
1985-06-29,0.0,5.071,6.304,11.152,24.01
1985-06-30,0.0,5.452,6.321,11.679,25.23
1985-07-01,0.0,8.552,3.679,14.643,22.3
1985-07-02,2.187,7.05,5.5,13.491,20.65
1985-07-03,8.985,6.897,5.848,13.491,20.4
1985-07-04,0.0,6.488,4.625,12.027,22.02
1985-07-05,0.0,6.532,5.125,12.438,24.92
1985-07-06,0.0,5.964,5.562,11.875,22.85
1985-07-07,0.0,5.348,5.741,11.089,24.66
1985-07-08,0.0,7.756,4.25,13.705,37.21
1985-07-09,0.0,6.575,6.339,13.304,28.35
1985-07-10,0.0,6.201,4.786,11.67,23.81
1985-07-11,0.0,6.811,5.955,13.384,39.59
1985-07-12,0.0,6.683,5.946,13.179,40.73
1985-07-13,0.0,5.859,5.964,11.973,28.69
1985-07-14,0.0,5.027,6.384,11.062,52.28
1985-07-15,0.0,4.953,6.589,11.116,39.79
1985-07-16,0.0,6.355,6.152,12.804,35.9
1985-07-17,0.0,6.403,5.821,12.634,41.18
1985-07-18,0.0,5.553,6.045,11.536,31.82
1985-07-19,0.0,5.434,6.411,11.634,26.72
1985-07-20,0.0,4.958,5.455,10.241,26.83
1985-07-21,0.0,5.918,5.902,11.938,35.34
1985-07-22,0.0,6.83,4.5,12.312,26.22
1985-07-23,0.0,8.367,4.286,14.473,19.57
1985-07-24,8.612,7.196,5.509,13.509,18.61
1985-07-25,28.84,5.085,6.054,10.804,21.91
1985-07-26,0.314,7.659,6.839,15.036,22.42
1985-07-27,0.0,5.982,7.125,12.839,22.49
1985-07-28,7.918,8.209,5.464,14.902,22.59
1985-07-29,0.0,6.42,6.429,12.938,45.08
1985-07-30,3.789,8.156,4.911,14.438,41.28
1985-07-31,7.94,5.482,7.125,12.08,26.47
1985-08-01,0.0,7.404,5.946,13.982,28.41
1985-08-02,0.0,6.334,5.768,12.304,23.04
1985-08-03,0.0,6.302,5.446,12.018,35.63
1985-08-04,0.0,7.557,5.946,14.152,38.48
1985-08-05,0.0,7.776,4.152,13.304,37.22
1985-08-06,0.0,7.173,5.188,13.071,30.24
1985-08-07,0.0,6.374,6.509,12.804,40.73
1985-08-08,17.327,5.491,5.857,11.125,76.2
1985-08-09,0.0,6.751,6.812,13.536,60.63
1985-08-10,0.0,5.751,6.473,11.875,44.68
1985-08-11,0.0,8.029,5.92,14.714,29.65
1985-08-12,0.0,7.815,4.902,13.732,23.27
1985-08-13,0.0,5.96,6.018,11.804,21.11
1985-08-14,6.302,7.737,5.562,14.018,18.31
1985-08-15,19.121,7.64,5.946,14.098,25.47
1985-08-16,0.0,6.261,6.277,12.375,27.31
1985-08-17,0.0,7.123,5.429,13.0,35.17
1985-08-18,0.0,6.958,4.92,12.42,33.34
1985-08-19,0.0,7.627,5.973,14.054,45.4
1985-08-20,26.285,5.499,7.188,11.973,63.61
1985-08-21,0.0,6.721,6.223,12.929,69.16
1985-08-22,4.604,6.818,5.848,12.786,45.15
1985-08-23,0.0,6.655,6.446,12.964,34.47
1985-08-24,0.0,9.091,4.812,15.33,30.41
1985-08-25,0.0,8.909,4.179,14.643,24.53
1985-08-26,28.492,6.75,6.67,13.223,48.06
1985-08-27,0.0,7.534,5.696,13.679,54.68
1985-08-28,0.0,7.303,6.223,13.67,41.26
1985-08-29,0.0,6.208,5.812,11.839,43.27
1985-08-30,0.0,8.982,4.134,14.696,32.41
1985-08-31,0.0,7.738,6.688,14.554,26.05
1985-09-01,0.0,7.697,6.134,14.107,21.47
1985-09-02,0.0,6.571,5.152,11.857,19.66
1985-09-03,0.0,8.186,5.33,14.25,21.57
1985-09-04,0.049,7.443,5.402,13.241,27.5
1985-09-05,9.256,8.7,5.982,15.366,23.41
1985-09-06,0.0,6.578,7.286,13.357,22.6
1985-09-07,0.0,8.293,6.643,15.214,23.88
1985-09-08,12.911,8.603,5.071,14.634,30.71
1985-09-09,21.956,6.78,6.759,13.268,53.09
1985-09-10,2.205,6.316,6.598,12.5,35.67
1985-09-11,0.0,7.021,7.366,13.991,30.69
1985-09-12,0.0,6.76,7.518,13.75,21.97
1985-09-13,16.64,6.781,7.33,13.652,19.66
1985-09-14,0.296,6.039,7.223,12.571,20.1
1985-09-15,0.224,6.82,7.616,13.875,19.87
1985-09-16,4.599,6.377,6.509,12.5,19.03
1985-09-17,0.0,7.485,7.205,14.482,16.81
1985-09-18,0.0,8.215,5.661,14.438,15.5
1985-09-19,0.0,7.411,7.241,14.393,14.75
1985-09-20,0.043,7.212,6.893,13.893,14.0
1985-09-21,0.0,7.372,7.804,14.732,14.0
1985-09-22,0.0,6.966,8.009,14.348,13.32
1985-09-23,0.0,7.741,5.759,13.83,13.54
1985-09-24,20.226,8.334,6.304,15.036,15.55
1985-09-25,0.0,6.719,7.08,13.366,17.47
1985-09-26,10.682,7.104,7.446,14.143,34.67
1985-09-27,20.588,5.501,7.42,12.027,51.91
1985-09-28,7.03,6.705,6.777,13.161,49.92
1985-09-29,10.351,5.647,7.062,11.964,30.25
1985-09-30,7.908,6.841,6.973,13.464,41.14
1985-10-01,4.231,6.336,6.902,12.759,24.61
1985-10-02,7.616,7.942,6.759,14.839,19.3
1985-10-03,5.642,6.047,6.938,12.402,22.37
1985-10-04,3.721,7.08,8.241,14.714,32.73
1985-10-05,6.327,7.425,7.036,14.339,33.75
1985-10-06,0.443,8.503,6.375,15.393,27.88
1985-10-07,1.505,9.672,5.312,16.375,25.43
1985-10-08,0.432,6.804,7.759,14.027,23.96
1985-10-09,11.369,7.467,6.054,13.759,28.15
1985-10-10,20.613,7.671,7.036,14.723,43.62
1985-10-11,7.222,7.288,7.348,14.446,31.96
1985-10-12,0.0,7.103,7.652,14.384,22.3
1985-10-13,0.0,7.722,7.812,15.348,18.88
1985-10-14,0.0,6.737,8.179,14.277,16.5
1985-10-15,0.251,7.628,7.536,15.036,15.5
1985-10-16,0.0,8.053,6.455,14.902,15.0
1985-10-17,0.419,6.991,6.545,13.536,15.17
1985-10-18,1.406,6.414,7.045,13.107,18.82
1985-10-19,19.981,6.972,7.027,13.848,25.23
1985-10-20,2.218,6.241,7.357,13.098,27.97
1985-10-21,15.343,8.034,5.643,14.438,29.96
1985-10-22,3.711,8.604,4.179,14.384,25.49
1985-10-23,6.437,7.461,5.902,13.812,21.92
1985-10-24,9.077,6.539,5.839,12.491,24.96
1985-10-25,8.735,7.182,6.67,13.982,29.96
1985-10-26,10.064,7.654,7.089,14.946,22.93
1985-10-27,0.0,7.774,5.482,14.045,20.82
1985-10-28,8.161,7.292,7.009,14.393,31.54
1985-10-29,33.343,6.164,7.679,13.339,51.86
1985-10-30,14.005,5.558,7.036,12.089,33.66
1985-10-31,0.187,7.853,6.259,14.75,28.38
1985-11-01,0.0,7.801,3.348,12.839,19.89
1985-11-02,0.0,9.799,3.589,15.973,16.5
1985-11-03,0.0,9.303,3.58,15.241,14.5
1985-11-04,0.0,8.689,4.402,14.848,13.78
1985-11-05,0.0,6.261,7.089,13.143,19.32
1985-11-06,25.272,6.441,6.179,12.75,24.69
1985-11-07,0.0,7.114,6.312,13.821,34.22
1985-11-08,0.0,8.683,4.92,15.214,27.78
1985-11-09,0.0,7.862,5.545,14.411,22.38
1985-11-10,2.685,7.254,6.839,14.411,24.75
1985-11-11,0.876,8.117,5.83,15.027,23.33
1985-11-12,13.937,4.507,7.375,11.027,20.13
1985-11-13,0.924,4.684,5.848,10.089,23.18
1985-11-14,19.716,3.361,7.268,9.589,29.44
1985-11-15,25.084,5.148,7.214,11.804,32.33
1985-11-16,0.728,5.488,7.25,12.321,33.93
1985-11-17,0.0,5.812,7.375,12.857,28.48
1985-11-18,0.0,5.018,7.723,12.054,24.72
1985-11-19,0.0,5.276,7.545,12.259,24.25
1985-11-20,31.859,7.107,5.857,13.688,25.22
1985-11-21,0.835,6.462,6.366,13.098,23.38
1985-11-22,48.398,6.563,6.446,13.357,19.79
1985-11-23,0.0,8.009,5.562,14.902,34.72
1985-11-24,0.0,7.332,7.429,15.152,27.31
1985-11-25,0.0,8.193,3.821,14.107,20.11
1985-11-26,29.293,8.365,3.875,14.429,17.25
1985-11-27,0.0,7.417,5.179,13.795,17.12
1985-11-28,0.0,7.165,6.946,14.616,18.63
1985-11-29,0.0,7.174,6.384,14.25,17.61
1985-11-30,5.432,5.323,5.438,10.839,16.83
1985-12-01,1.412,8.269,5.134,15.134,18.9
1985-12-02,0.0,6.442,6.214,13.08,20.69
1985-12-03,1.119,8.372,3.786,14.464,21.18
1985-12-04,1.693,5.854,6.661,12.554,17.0
1985-12-05,13.732,7.35,7.536,15.357,15.78
1985-12-06,43.349,6.472,8.027,14.429,17.27
1985-12-07,12.527,4.969,7.768,12.143,23.22
1985-12-08,0.0,7.474,6.036,14.536,20.56
1985-12-09,6.056,5.727,6.688,12.429,17.23
1985-12-10,0.0,5.885,7.393,13.161,16.0
1985-12-11,17.11,6.964,8.402,15.429,15.0
1985-12-12,0.0,6.677,6.777,13.893,14.5
1985-12-13,11.341,6.4,6.527,13.295,14.25
1985-12-14,0.695,7.134,5.08,13.455,13.78
1985-12-15,1.715,7.553,4.473,13.705,13.89
1985-12-16,0.0,7.131,4.241,12.911,13.32
1985-12-17,0.0,8.484,4.768,15.304,12.87
1985-12-18,0.0,7.848,5.446,14.75,12.42
1985-12-19,19.056,6.184,6.232,12.777,12.2
1985-12-20,0.0,8.12,4.08,14.321,12.2
1985-12-21,3.482,7.314,5.464,13.964,12.29
1985-12-22,0.0,7.771,6.241,15.152,12.59
1985-12-23,0.0,8.292,6.545,16.125,11.97
1985-12-24,0.0,9.051,4.589,16.054,11.62
1985-12-25,0.0,8.035,6.277,15.58,11.84
1985-12-26,0.0,6.028,7.571,13.5,11.82
1985-12-27,1.733,6.51,7.188,13.911,13.72
1985-12-28,3.08,4.298,6.786,10.455,17.29
1985-12-29,2.012,6.124,6.902,13.179,20.24
1985-12-30,0.0,6.252,6.75,13.214,17.36
1985-12-31,0.0,7.162,6.5,14.411,14.75
1986-01-01,0.0,6.324,6.607,13.196,13.77
1986-01-02,0.0,6.638,6.464,13.562,12.87
1986-01-03,0.0,6.953,6.411,13.973,12.42
1986-01-04,0.0,5.993,6.732,12.777,12.2
1986-01-05,7.015,6.125,6.554,12.848,12.2
1986-01-06,27.95,6.045,7.143,13.17,15.07
1986-01-07,2.086,6.399,6.955,13.518,14.01
1986-01-08,0.0,6.816,6.643,13.884,12.65
1986-01-09,0.0,7.118,6.339,14.125,12.2
1986-01-10,0.461,5.969,8.312,13.857,12.2
1986-01-11,0.0,7.508,6.964,15.089,11.97
1986-01-12,0.0,6.972,8.33,15.241,11.97
1986-01-13,0.0,7.274,7.929,15.384,11.52
1986-01-14,0.0,5.951,8.125,13.643,11.07
1986-01-15,0.0,6.968,7.223,14.438,11.63
1986-01-16,17.547,6.567,5.723,12.83,12.03
1986-01-17,0.0,5.808,8.384,13.643,11.63
1986-01-18,0.0,4.807,8.339,12.268,21.89
1986-01-19,0.0,5.574,8.286,13.205,55.6
1986-01-20,0.0,6.35,7.955,14.036,42.04
1986-01-21,0.0,5.089,7.42,11.866,32.16
1986-01-22,0.0,5.228,8.125,12.58,21.55
1986-01-23,2.151,7.061,7.911,14.92,16.86
1986-01-24,12.61,5.764,7.071,12.518,15.81
1986-01-25,0.0,6.026,7.777,13.393,15.94
1986-01-26,2.214,5.457,7.509,12.375,16.44
1986-01-27,47.987,4.648,8.116,11.804,16.02
1986-01-28,4.369,6.821,5.205,12.679,16.75
1986-01-29,0.0,7.536,6.795,14.732,14.3
1986-01-30,0.0,6.34,7.009,13.17,13.11
1986-01-31,31.689,6.877,6.643,13.67,13.25
1986-02-01,6.51,7.807,6.982,15.214,17.07
1986-02-02,0.0,8.071,6.152,15.0,14.5
1986-02-03,2.623,7.792,7.089,15.205,13.02
1986-02-04,2.056,6.687,8.241,14.491,12.42
1986-02-05,0.0,6.903,7.339,14.107,12.33
1986-02-06,0.0,8.049,6.759,15.312,11.52
1986-02-07,0.0,8.302,7.0,15.795,11.07
1986-02-08,0.0,9.521,5.5,16.527,10.62
1986-02-09,0.0,8.034,6.875,15.321,10.41
1986-02-10,0.0,7.363,6.527,14.107,11.22
1986-02-11,0.264,7.48,6.768,14.429,13.93
1986-02-12,17.67,7.54,7.089,14.714,13.12
1986-02-13,19.276,4.863,6.795,10.848,13.02
1986-02-14,0.0,4.888,6.938,10.982,13.83
1986-02-15,0.0,4.775,7.25,11.062,28.71
1986-02-16,0.0,5.245,7.312,11.705,25.67
1986-02-17,0.0,6.587,7.25,13.455,25.82
1986-02-18,9.238,6.104,7.759,13.179,37.23
1986-02-19,11.418,7.372,5.732,13.455,29.38
1986-02-20,12.675,8.76,5.464,15.223,23.52
1986-02-21,0.0,8.415,4.83,14.295,20.13
1986-02-22,6.726,7.446,6.812,14.232,23.59
1986-02-23,11.577,6.056,6.598,12.205,24.5
1986-02-24,7.859,6.393,6.857,12.821,49.75
1986-02-25,40.389,5.954,7.366,12.598,68.65
1986-02-26,1.74,7.039,6.312,13.295,35.61
1986-02-27,2.917,6.258,5.152,11.411,26.98
1986-02-28,26.708,7.456,4.982,12.955,31.16
1986-03-01,17.794,5.502,6.107,11.009,62.47
1986-03-02,8.169,5.653,6.009,11.134,44.97
1986-03-03,1.542,7.626,4.438,12.821,48.87
1986-03-04,1.761,6.475,6.25,12.402,45.57
1986-03-05,0.0,8.472,6.643,15.402,28.25
1986-03-06,21.4,7.946,6.241,14.384,24.17
1986-03-07,18.465,6.835,5.277,12.196,20.42
1986-03-08,3.249,7.647,5.402,13.402,22.02
1986-03-09,0.0,7.924,6.045,14.196,19.52
1986-03-10,5.666,8.111,6.098,14.5,22.32
1986-03-11,21.891,7.07,6.312,13.214,25.33
1986-03-12,1.345,6.432,6.554,12.527,28.97
1986-03-13,13.813,4.343,7.107,10.295,50.36
1986-03-14,16.523,7.742,5.205,13.411,55.14
1986-03-15,0.0,8.842,4.884,14.714,32.87
1986-03-16,4.265,6.667,6.438,12.75,30.08
1986-03-17,0.0,7.124,6.696,13.562,29.9
1986-03-18,0.0,7.192,6.009,13.134,22.57
1986-03-19,0.173,6.284,7.17,12.741,19.31
1986-03-20,16.308,6.247,7.366,12.848,17.75
1986-03-21,0.0,7.043,7.384,13.884,16.97
1986-03-22,0.0,6.869,6.92,13.357,18.14
1986-03-23,0.0,9.639,6.571,16.866,17.45
1986-03-24,0.0,6.151,7.446,12.777,16.95
1986-03-25,0.0,6.319,7.893,13.366,16.25
1986-03-26,0.0,6.941,7.661,13.973,15.5
1986-03-27,0.0,5.89,7.768,12.696,14.79
1986-03-28,10.286,5.079,7.848,11.777,14.87
1986-03-29,5.798,6.764,7.83,13.902,15.83
1986-03-30,6.193,6.688,8.295,14.125,18.28
1986-03-31,0.0,6.468,8.295,13.848,18.89
1986-04-01,0.0,7.467,7.518,14.571,16.61
1986-04-02,5.716,7.92,7.562,15.205,16.5
1986-04-03,12.772,9.174,6.795,16.429,18.75
1986-04-04,9.954,7.721,8.08,15.33,16.68
1986-04-05,9.442,6.116,7.589,12.875,20.51
1986-04-06,7.636,7.226,7.75,14.464,21.93
1986-04-07,32.314,4.879,7.67,11.402,38.94
1986-04-08,0.0,4.577,7.857,11.25,42.55
1986-04-09,13.705,6.419,7.179,12.991,50.62
1986-04-10,3.661,6.585,8.009,13.857,34.5
1986-04-11,0.0,6.576,8.116,13.92,27.86
1986-04-12,0.0,5.716,9.062,13.554,24.62
1986-04-13,0.0,6.506,8.116,13.857,25.42
1986-04-14,13.08,6.652,8.536,14.348,21.05
1986-04-15,12.683,7.753,7.482,15.062,22.45
1986-04-16,0.51,7.208,7.982,14.705,30.04
1986-04-17,12.591,4.738,7.607,11.241,29.53
1986-04-18,0.0,6.415,7.509,13.321,23.21
1986-04-19,38.551,6.161,7.143,12.75,31.74
1986-04-20,0.0,6.737,7.42,13.714,32.03
1986-04-21,9.064,6.873,7.83,14.196,31.28
1986-04-22,5.509,6.397,7.071,13.018,44.49
1986-04-23,16.338,4.649,8.42,11.83,40.88
1986-04-24,10.386,5.101,7.804,11.92,34.11
1986-04-25,1.792,7.831,7.616,15.375,25.39
1986-04-26,8.083,6.876,7.911,14.33,38.07
1986-04-27,0.0,7.638,8.205,15.58,28.97
1986-04-28,7.119,5.51,8.25,12.804,32.48
1986-04-29,0.0,6.108,8.375,13.679,34.82
1986-04-30,5.771,7.322,7.652,14.795,25.21
1986-05-01,0.0,7.527,8.232,15.5,21.47
1986-05-02,0.0,7.341,7.795,14.946,18.76
1986-05-03,0.0,6.831,8.357,14.679,17.36
1986-05-04,9.633,6.868,8.312,14.705,18.19
1986-05-05,8.518,9.003,7.429,17.036,27.94
1986-05-06,1.591,6.761,8.08,14.429,25.42
1986-05-07,0.882,8.295,8.536,16.83,19.84
1986-05-08,9.719,8.372,8.777,17.125,18.68
1986-05-09,4.662,6.536,8.375,14.366,19.1
1986-05-10,6.785,7.549,8.661,15.964,22.09
1986-05-11,1.147,6.283,9.027,14.554,23.72
1986-05-12,13.053,6.245,8.839,14.357,18.39
1986-05-13,2.536,7.631,8.375,15.902,16.95
1986-05-14,0.424,7.566,7.973,15.571,16.5
1986-05-15,4.579,6.549,9.027,14.946,26.8
1986-05-16,0.0,7.687,8.786,16.321,29.1
1986-05-17,1.689,6.661,8.634,14.821,20.18
1986-05-18,7.022,6.761,8.795,15.08,23.35
1986-05-19,0.605,7.681,8.679,16.286,18.36
1986-05-20,4.582,6.849,8.42,14.973,18.87
1986-05-21,0.0,5.09,8.116,12.402,19.58
1986-05-22,12.534,6.171,8.25,13.955,22.37
1986-05-23,16.723,5.772,8.321,13.509,73.2
1986-05-24,0.308,7.851,6.661,15.25,40.75
1986-05-25,0.0,6.891,7.455,14.411,36.36
1986-05-26,8.087,5.023,7.179,11.616,40.84
1986-05-27,7.802,3.413,7.357,9.723,41.31
1986-05-28,8.789,4.757,7.661,11.688,50.9
1986-05-29,10.52,7.432,5.964,14.232,45.11
1986-05-30,16.92,6.893,5.357,13.071,27.76
1986-05-31,15.386,6.883,5.786,13.33,24.65
1986-06-01,24.442,5.601,6.902,12.268,46.33
1986-06-02,0.0,4.925,6.973,11.42,41.82
1986-06-03,0.0,6.344,6.616,13.125,32.25
1986-06-04,0.0,7.36,6.348,14.438,26.43
1986-06-05,30.851,6.228,5.67,12.321,26.21
1986-06-06,8.856,5.365,7.179,12.188,35.31
1986-06-07,0.0,5.978,7.259,13.125,38.03
1986-06-08,3.155,4.642,8.107,11.92,33.75
1986-06-09,43.227,6.477,6.955,13.625,34.66
1986-06-10,0.5,6.549,7.196,13.902,35.14
1986-06-11,0.0,5.513,7.402,12.589,25.46
1986-06-12,0.0,6.884,6.857,14.143,25.01
1986-06-13,0.0,5.476,7.884,12.902,29.93
1986-06-14,0.0,6.179,7.098,13.312,36.57
1986-06-15,0.781,5.898,7.223,13.045,34.02
1986-06-16,0.0,6.724,7.339,14.277,30.57
1986-06-17,0.0,6.314,7.286,13.652,31.51
1986-06-18,0.0,6.159,7.821,13.821,30.61
1986-06-19,0.0,6.55,7.821,14.375,37.16
1986-06-20,0.0,5.202,8.393,12.929,44.64
1986-06-21,0.0,5.491,7.536,12.679,51.76
1986-06-22,1.242,4.843,8.768,12.75,38.5
1986-06-23,0.0,5.815,8.625,13.955,46.1
1986-06-24,0.0,6.018,7.75,13.58,81.34
1986-06-25,0.0,5.564,7.429,12.714,69.7
1986-06-26,0.0,6.762,7.545,14.482,60.38
1986-06-27,0.0,6.517,7.768,14.295,65.59
1986-06-28,0.0,6.547,7.545,14.179,61.21
1986-06-29,0.0,4.88,8.0,12.179,75.22
1986-06-30,0.0,5.446,7.438,12.545,85.96
1986-07-01,11.133,6.428,6.857,13.5,63.04
1986-07-02,10.115,5.437,7.107,12.295,66.85
1986-07-03,4.199,5.499,6.509,11.92,66.28
1986-07-04,1.134,6.582,7.446,14.143,51.24
1986-07-05,0.0,6.581,6.554,13.509,45.73
1986-07-06,0.0,3.831,7.33,10.259,65.82
1986-07-07,0.0,3.691,6.5,9.375,83.87
1986-07-08,0.0,6.371,6.714,13.304,76.17
1986-07-09,0.0,7.603,6.295,14.812,52.7
1986-07-10,0.0,6.215,7.116,13.33,39.88
1986-07-11,0.0,5.045,7.045,11.607,46.72
1986-07-12,0.0,5.882,6.759,12.607,48.84
1986-07-13,0.0,8.222,5.357,15.089,47.02
1986-07-14,1.138,6.997,6.75,14.179,35.82
1986-07-15,2.273,7.129,6.911,14.446,38.43
1986-07-16,0.0,6.41,4.714,11.884,28.6
1986-07-17,0.0,6.207,6.268,12.67,56.4
1986-07-18,0.0,6.081,7.286,13.205,40.95
1986-07-19,0.0,7.137,5.268,13.312,29.81
1986-07-20,0.0,7.74,4.92,13.973,24.45
1986-07-21,0.0,6.38,6.205,12.83,22.13
1986-07-22,6.231,6.141,6.348,12.571,33.52
1986-07-23,3.733,5.287,6.071,11.134,68.03
1986-07-24,0.0,6.325,5.5,12.232,34.93
1986-07-25,0.0,7.096,4.946,12.973,26.16
1986-07-26,0.0,7.228,3.92,12.491,22.68
1986-07-27,0.0,6.698,5.375,12.643,20.78
1986-07-28,0.0,6.282,5.768,12.277,20.29
1986-07-29,0.0,6.742,6.33,13.33,22.61
1986-07-30,0.0,7.741,4.357,13.482,19.46
1986-07-31,0.0,7.954,6.134,14.929,22.2
1986-08-01,0.0,7.474,5.804,14.0,31.5
1986-08-02,0.0,8.19,6.107,15.214,33.96
1986-08-03,0.0,6.351,5.714,12.268,30.68
1986-08-04,0.0,6.829,5.964,13.116,28.72
1986-08-05,0.0,7.74,6.688,14.902,40.53
1986-08-06,0.0,6.851,7.143,13.946,32.85
1986-08-07,0.0,7.758,6.25,14.616,29.12
1986-08-08,0.0,5.604,7.375,12.375,30.32
1986-08-09,0.0,7.11,6.062,13.527,29.36
1986-08-10,0.0,7.552,6.732,14.589,22.07
1986-08-11,19.332,7.49,6.357,14.232,19.64
1986-08-12,0.0,6.587,7.009,13.402,18.78
1986-08-13,8.205,5.979,7.009,12.554,34.09
1986-08-14,0.0,8.099,6.598,15.205,29.12
1986-08-15,0.0,8.757,4.955,15.071,21.47
1986-08-16,0.0,8.369,5.67,14.955,19.29
1986-08-17,0.0,7.954,6.545,14.911,20.62
1986-08-18,12.243,6.498,7.589,13.634,38.37
1986-08-19,0.0,8.466,4.839,14.527,36.27
1986-08-20,0.0,6.743,7.08,13.571,25.75
1986-08-21,6.141,6.236,7.312,13.045,20.67
1986-08-22,0.0,8.435,6.152,15.259,18.58
1986-08-23,0.0,9.079,6.134,16.125,17.07
1986-08-24,2.352,7.176,7.545,14.42,17.66
1986-08-25,0.0,6.709,7.33,13.643,18.39
1986-08-26,0.0,8.212,6.545,15.152,17.36
1986-08-27,2.775,7.323,7.455,14.536,17.33
1986-08-28,13.068,8.339,6.366,15.196,16.97
1986-08-29,0.0,7.239,6.857,13.991,16.0
1986-08-30,0.0,6.851,6.946,13.527,15.56
1986-08-31,0.0,7.691,5.661,13.795,16.75
1986-09-01,0.0,7.182,5.446,12.929,15.19
1986-09-02,0.0,7.136,5.955,13.241,16.47
1986-09-03,0.0,7.186,6.107,13.375,19.31
1986-09-04,9.108,6.053,6.679,12.241,29.39
1986-09-05,0.0,9.506,4.83,15.786,31.7
1986-09-06,0.0,8.934,6.205,15.848,20.16
1986-09-07,0.0,7.84,6.464,14.491,18.96
1986-09-08,2.375,7.712,6.812,14.536,24.58
1986-09-09,0.036,7.435,5.571,13.33,18.53
1986-09-10,0.0,6.647,7.321,13.446,18.87
1986-09-11,0.0,6.463,7.482,13.339,19.82
1986-09-12,0.0,6.698,8.0,14.0,19.92
1986-09-13,0.0,9.789,7.143,17.554,17.56
1986-09-14,0.0,7.714,7.741,15.152,17.36
1986-09-15,0.0,8.764,5.455,15.062,18.31
1986-09-16,0.0,8.48,4.92,14.312,14.79
1986-09-17,3.587,9.106,5.143,15.339,13.25
1986-09-18,0.0,8.259,6.071,14.75,12.38
1986-09-19,1.828,8.715,7.009,15.982,12.31
1986-09-20,2.738,7.389,7.473,14.527,13.91
1986-09-21,4.088,6.868,7.616,13.929,21.45
1986-09-22,0.0,7.288,8.009,14.759,20.37
1986-09-23,0.0,6.777,6.991,13.339,23.52
1986-09-24,25.936,8.748,7.295,16.241,27.51
1986-09-25,24.02,7.955,7.116,15.054,40.64
1986-09-26,16.719,7.434,7.536,14.625,53.0
1986-09-27,9.111,6.422,7.598,13.357,26.51
1986-09-28,0.87,5.442,8.375,12.696,28.3
1986-09-29,41.335,4.982,7.277,11.259,81.9
1986-09-30,4.932,7.443,7.741,14.83,29.25
1986-10-01,0.0,7.094,8.643,15.0,76.8
1986-10-02,23.472,5.123,7.938,11.955,80.76
1986-10-03,0.0,5.141,7.438,11.607,66.1
1986-10-04,29.985,4.821,8.116,11.75,51.09
1986-10-05,0.34,6.068,7.393,12.786,28.52
1986-10-06,4.282,6.764,7.509,13.777,34.48
1986-10-07,21.273,6.435,7.536,13.402,28.52
1986-10-08,1.554,7.477,8.277,15.304,20.1
1986-10-09,9.186,8.3,7.402,15.812,18.5
1986-10-10,0.287,7.045,7.714,14.366,18.25
1986-10-11,2.77,4.503,8.116,11.455,23.12
1986-10-12,0.0,6.116,7.536,13.009,28.85
1986-10-13,32.009,7.022,7.473,14.179,30.31
1986-10-14,27.231,5.739,7.25,12.295,94.78
1986-10-15,2.479,6.54,6.5,12.857,61.52
1986-10-16,0.706,6.927,8.607,14.893,52.1
1986-10-17,0.916,8.178,5.545,14.509,34.48
1986-10-18,12.306,5.896,7.036,12.402,31.9
1986-10-19,28.327,7.0,7.58,14.277,79.12
1986-10-20,19.129,7.642,7.857,15.384,42.91
1986-10-21,0.369,7.095,7.625,14.482,41.75
1986-10-22,12.919,6.659,8.161,14.268,49.66
1986-10-23,17.364,7.117,7.482,14.42,63.04
1986-10-24,2.081,6.309,7.732,13.5,49.58
1986-10-25,2.608,4.681,7.679,11.339,43.56
1986-10-26,0.0,4.85,7.33,11.304,38.9
1986-10-27,22.849,4.839,6.848,10.911,50.11
1986-10-28,0.0,5.134,6.732,11.232,48.46
1986-10-29,50.305,4.557,7.062,10.75,50.95
1986-10-30,7.043,7.373,6.688,14.348,43.07
1986-10-31,2.648,6.903,6.83,13.83,40.97
1986-11-01,27.256,5.714,6.795,12.116,50.86
1986-11-02,0.0,6.146,6.598,12.58,39.69
1986-11-03,4.072,5.387,7.268,12.027,33.07
1986-11-04,6.011,7.574,5.098,13.634,31.8
1986-11-05,2.9,6.785,7.205,13.973,36.68
1986-11-06,1.215,7.745,7.062,15.214,35.76
1986-11-07,12.191,5.604,7.5,12.571,30.47
1986-11-08,8.774,6.617,7.259,13.804,36.85
1986-11-09,20.807,7.201,7.33,14.67,45.08
1986-11-10,2.136,8.259,6.679,15.777,38.58
1986-11-11,3.2,6.908,8.009,14.768,34.59
1986-11-12,5.722,4.853,9.134,12.911,28.55
1986-11-13,0.686,5.367,7.527,12.312,26.8
1986-11-14,0.0,6.588,7.625,14.08,25.11
1986-11-15,0.0,6.918,7.045,14.143,24.59
1986-11-16,0.0,6.771,7.714,14.446,22.85
1986-11-17,1.209,7.645,7.482,15.509,21.92
1986-11-18,2.837,8.031,7.696,16.232,21.36
1986-11-19,27.737,7.644,7.768,15.759,22.4
1986-11-20,0.0,7.426,7.027,14.938,21.36
1986-11-21,21.471,6.762,5.911,13.196,20.48
1986-11-22,5.163,6.448,8.152,14.366,20.39
1986-11-23,7.247,5.691,6.848,12.384,26.08
1986-11-24,0.532,5.276,8.134,12.75,45.12
1986-11-25,8.523,7.772,7.134,15.598,31.45
1986-11-26,0.0,8.278,6.562,15.973,23.81
1986-11-27,2.015,6.858,6.036,13.554,24.16
1986-11-28,0.0,7.3,5.75,14.018,26.01
1986-11-29,0.0,8.591,4.723,15.33,22.41
1986-11-30,0.0,8.145,4.089,14.277,20.1
1986-12-01,0.0,8.096,5.446,15.062,19.5
1986-12-02,0.0,9.015,3.688,15.384,23.49
1986-12-03,16.892,7.408,5.152,13.812,20.33
1986-12-04,0.0,7.921,6.759,15.643,19.55
1986-12-05,0.0,6.801,7.607,14.589,24.42
1986-12-06,0.0,6.077,8.402,14.152,27.08
1986-12-07,0.0,5.661,8.482,13.634,24.74
1986-12-08,12.613,6.914,7.857,14.955,42.45
1986-12-09,19.586,6.82,7.955,14.884,31.29
1986-12-10,2.436,6.646,8.312,14.902,28.25
1986-12-11,0.0,6.676,8.438,15.045,23.53
1986-12-12,0.498,7.735,6.571,15.286,21.06
1986-12-13,7.282,6.343,8.125,14.339,20.42
1986-12-14,10.828,8.018,4.946,14.688,20.63
1986-12-15,2.223,6.324,6.589,13.241,21.17
1986-12-16,0.0,7.069,8.089,15.393,22.87
1986-12-17,0.0,7.515,7.009,15.277,21.85
1986-12-18,0.0,7.664,6.42,15.116,19.02
1986-12-19,0.0,7.27,7.116,14.991,17.87
1986-12-20,0.0,5.305,8.196,12.964,24.41
1986-12-21,0.0,7.586,7.036,15.402,26.93
1986-12-22,11.941,6.653,8.509,15.071,20.96
1986-12-23,0.0,5.45,7.938,12.955,20.38
1986-12-24,24.678,5.767,7.857,13.348,34.68
1986-12-25,8.499,6.431,5.75,12.812,25.9
1986-12-26,1.896,7.35,6.75,14.866,19.88
1986-12-27,0.0,5.9,6.955,12.839,17.25
1986-12-28,0.0,5.409,7.545,12.589,16.45
1986-12-29,0.0,7.413,6.955,15.054,16.54
1986-12-30,0.0,6.675,7.821,14.607,16.16
1986-12-31,0.0,7.037,7.875,15.134,15.7
1987-01-01,5.989,6.202,6.357,12.839,16.0
1987-01-02,0.0,7.915,5.946,15.134,15.5
1987-01-03,0.0,5.614,7.321,12.679,14.75
1987-01-04,0.0,7.217,7.304,14.964,14.5
1987-01-05,0.0,7.702,5.795,14.67,14.5
1987-01-06,0.0,8.389,6.589,16.196,14.35
1987-01-07,28.013,7.068,7.821,15.107,16.75
1987-01-08,16.195,6.763,8.0,14.768,26.33
1987-01-09,2.942,5.87,7.473,13.134,22.07
1987-01-10,10.477,8.081,7.866,16.527,20.34
1987-01-11,0.0,7.843,6.429,15.214,17.67
1987-01-12,0.0,7.95,6.455,15.375,16.0
1987-01-13,0.0,7.558,7.973,15.795,15.0
1987-01-14,0.0,7.194,7.464,14.938,14.25
1987-01-15,0.0,7.22,7.438,14.929,14.0
1987-01-16,0.0,6.402,7.223,13.607,14.0
1987-01-17,0.0,8.332,7.857,16.795,13.77
1987-01-18,0.0,7.227,7.527,14.982,13.78
1987-01-19,6.209,6.091,6.875,12.911,14.0
1987-01-20,0.0,7.972,7.607,16.062,14.0
1987-01-21,0.0,7.219,7.0,14.545,14.08
1987-01-22,10.246,5.98,8.17,13.625,13.43
1987-01-23,12.625,7.646,7.438,15.438,13.1
1987-01-24,0.0,8.16,5.92,15.161,13.32
1987-01-25,0.0,8.393,5.562,15.232,12.87
1987-01-26,0.0,7.773,7.42,15.527,12.71
1987-01-27,0.0,7.159,6.759,14.196,13.21
1987-01-28,0.0,7.227,7.536,14.804,13.87
1987-01-29,0.0,8.5,6.875,16.161,13.32
1987-01-30,0.0,7.515,6.277,14.348,12.87
1987-01-31,0.0,6.805,7.616,14.223,13.36
1987-02-01,0.677,7.169,8.018,15.0,14.43
1987-02-02,0.0,7.958,6.464,15.036,13.56
1987-02-03,0.0,6.346,7.67,13.589,14.16
1987-02-04,0.0,7.627,6.607,14.607,14.61
1987-02-05,0.0,7.441,8.366,15.536,13.56
1987-02-06,0.0,8.015,7.384,15.643,12.65
1987-02-07,0.0,7.693,7.732,15.411,12.82
1987-02-08,0.0,8.196,6.393,15.223,13.18
1987-02-09,0.0,6.573,7.071,13.402,12.43
1987-02-10,0.0,6.57,8.107,14.134,12.92
1987-02-11,0.0,6.253,8.491,13.982,18.6
1987-02-12,0.0,6.251,7.804,13.429,28.95
1987-02-13,5.93,7.92,6.955,15.107,32.84
1987-02-14,62.185,4.566,7.696,11.188,51.46
1987-02-15,0.0,7.541,7.482,14.929,31.85
1987-02-16,0.366,7.742,8.018,15.554,27.42
1987-02-17,0.0,6.434,7.902,13.696,18.32
1987-02-18,0.0,6.538,8.491,14.25,16.6
1987-02-19,8.515,6.626,8.714,14.509,18.96
1987-02-20,0.0,7.39,8.143,15.098,19.33
1987-02-21,0.0,7.76,6.946,14.759,17.68
1987-02-22,0.0,6.927,7.786,14.214,16.0
1987-02-23,0.0,6.984,9.009,15.17,14.55
1987-02-24,0.0,6.413,8.054,13.705,13.54
1987-02-25,0.0,8.112,8.562,16.304,13.1
1987-02-26,0.0,7.353,9.125,15.679,13.1
1987-02-27,0.0,7.15,8.562,15.0,13.1
1987-02-28,0.0,6.23,8.625,13.857,13.44
1987-03-01,4.141,6.5,7.393,13.304,13.4
1987-03-02,6.024,7.004,6.857,13.554,12.68
1987-03-03,0.0,7.619,8.518,15.554,11.97
1987-03-04,11.741,5.975,7.911,12.955,11.59
1987-03-05,3.046,6.924,7.491,13.893,14.1
1987-03-06,17.541,7.062,7.5,14.107,26.22
1987-03-07,4.274,7.178,8.062,14.634,17.89
1987-03-08,10.044,5.963,8.152,13.125,21.46
1987-03-09,0.243,6.653,7.375,13.446,17.07
1987-03-10,0.0,7.589,6.902,14.357,15.05
1987-03-11,6.619,7.337,6.509,13.705,13.62
1987-03-12,15.637,8.546,6.661,15.482,13.1
1987-03-13,0.792,7.94,7.42,15.134,12.88
1987-03-14,0.0,7.912,6.982,14.804,13.1
1987-03-15,0.967,7.215,6.384,13.473,13.38
1987-03-16,2.088,7.571,6.67,14.134,13.32
1987-03-17,0.0,7.668,7.625,14.911,18.49
1987-03-18,0.0,5.505,7.723,12.179,26.89
1987-03-19,5.23,7.521,7.107,14.339,16.81
1987-03-20,0.0,8.393,8.259,16.277,13.63
1987-03-21,0.095,7.807,8.973,16.009,12.88
1987-03-22,0.0,7.498,7.625,14.661,12.76
1987-03-23,10.098,7.652,8.259,15.321,11.82
1987-03-24,0.0,8.016,8.161,15.714,11.3
1987-03-25,0.0,9.258,7.241,16.732,10.8
1987-03-26,0.0,9.339,7.786,17.196,10.44
1987-03-27,0.0,8.555,7.018,15.679,12.88
1987-03-28,0.0,7.503,8.482,15.268,15.9
1987-03-29,0.0,7.846,7.83,15.259,13.1
1987-03-30,17.424,5.969,7.768,12.786,12.43
1987-03-31,23.567,7.712,8.17,15.366,12.65
1987-04-01,10.296,8.864,8.071,16.821,13.63
1987-04-02,7.601,7.163,8.518,14.938,32.53
1987-04-03,7.454,4.659,8.25,11.58,77.19
1987-04-04,13.715,7.909,7.634,15.286,46.94
1987-04-05,9.13,7.338,7.312,14.277,38.5
1987-04-06,4.977,7.366,8.161,14.946,33.58
1987-04-07,5.283,7.78,8.42,15.652,25.15
1987-04-08,4.274,5.628,8.777,13.188,33.95
1987-04-09,2.74,6.645,8.571,14.312,46.88
1987-04-10,0.249,5.664,8.67,13.152,27.31
1987-04-11,0.236,7.688,8.366,15.545,24.5
1987-04-12,0.0,7.958,7.643,15.411,32.06
1987-04-13,0.093,7.549,7.232,14.571,23.46
1987-04-14,3.992,8.412,6.357,15.17,23.58
1987-04-15,0.094,9.649,6.054,16.688,18.88
1987-04-16,3.183,8.67,7.321,16.17,17.2
1987-04-17,2.382,7.875,8.402,15.857,15.36
1987-04-18,3.156,7.099,9.018,15.304,15.74
1987-04-19,6.619,6.121,8.482,13.679,19.35
1987-04-20,0.0,7.738,7.402,15.027,21.33
1987-04-21,2.762,8.126,8.107,16.045,18.27
1987-04-22,4.017,9.012,7.562,16.902,17.0
1987-04-23,11.087,8.422,8.009,16.42,15.75
1987-04-24,17.32,4.236,9.241,12.036,50.39
1987-04-25,0.0,7.318,8.527,15.33,39.63
1987-04-26,8.022,5.894,7.455,12.661,28.9
1987-04-27,14.943,6.315,7.643,13.384,43.99
1987-04-28,3.461,4.679,8.616,12.054,38.62
1987-04-29,6.267,7.504,7.982,15.25,32.75
1987-04-30,8.032,6.95,7.759,14.375,24.69
1987-05-01,22.165,4.498,8.018,11.42,27.52
1987-05-02,7.352,6.621,7.866,14.036,28.45
1987-05-03,4.888,8.869,6.75,16.375,25.52
1987-05-04,6.701,6.704,8.598,14.688,28.55
1987-05-05,12.257,6.686,7.973,14.241,35.63
1987-05-06,24.144,6.563,7.268,13.562,56.92
1987-05-07,0.0,7.212,8.312,15.232,48.47
1987-05-08,0.0,7.173,7.393,14.527,35.12
1987-05-09,0.0,7.375,8.143,15.339,34.18
1987-05-10,0.0,6.284,8.875,14.42,37.21
1987-05-11,0.0,6.985,9.071,15.527,30.14
1987-05-12,0.0,7.694,7.634,15.482,24.73
1987-05-13,0.0,6.278,8.839,14.438,38.05
1987-05-14,0.0,6.737,8.589,14.857,47.17
1987-05-15,0.0,6.551,8.884,14.83,41.97
1987-05-16,3.172,6.828,8.205,14.723,39.65
1987-05-17,38.517,6.191,8.0,13.732,50.93
1987-05-18,0.0,7.777,7.304,15.482,37.57
1987-05-19,0.0,7.476,8.759,16.054,26.58
1987-05-20,0.0,6.484,9.286,15.116,23.16
1987-05-21,10.889,6.717,8.518,14.866,27.68
1987-05-22,9.639,4.863,8.625,12.5,31.07
1987-05-23,14.29,6.469,7.955,14.161,44.7
1987-05-24,11.465,5.752,6.938,12.438,65.06
1987-05-25,18.291,5.771,7.759,13.071,43.43
1987-05-26,10.663,6.148,7.929,13.741,31.41
1987-05-27,0.0,6.198,7.295,13.348,33.42
1987-05-28,0.0,7.318,7.723,15.232,29.64
1987-05-29,0.0,6.571,8.161,14.509,23.14
1987-05-30,0.0,7.022,7.554,14.714,20.1
1987-05-31,0.0,6.778,7.768,14.536,18.29
1987-06-01,0.0,4.044,9.018,11.875,19.42
1987-06-02,0.0,5.771,8.071,13.375,28.41
1987-06-03,5.548,5.421,8.5,13.241,23.27
1987-06-04,15.589,4.68,8.473,12.259,20.41
1987-06-05,6.417,5.947,7.848,13.491,22.93
1987-06-06,7.916,5.998,7.83,13.562,25.17
1987-06-07,7.47,6.525,8.884,15.062,23.43
1987-06-08,12.399,5.724,8.83,13.938,33.44
1987-06-09,0.0,6.412,8.562,14.679,50.52
1987-06-10,0.0,5.944,8.589,14.045,33.74
1987-06-11,0.0,5.847,8.179,13.616,31.09
1987-06-12,0.0,6.696,7.83,14.554,24.8
1987-06-13,2.728,6.522,9.089,15.223,23.69
1987-06-14,2.748,6.098,7.705,13.616,21.88
1987-06-15,0.0,6.689,8.482,15.027,22.69
1987-06-16,22.101,6.064,8.196,13.964,19.56
1987-06-17,0.0,7.665,7.304,15.625,18.0
1987-06-18,0.0,6.424,6.92,13.554,17.0
1987-06-19,0.0,6.639,7.455,14.25,16.8
1987-06-20,0.0,6.232,7.688,13.812,21.1
1987-06-21,0.0,7.502,7.143,15.268,17.0
1987-06-22,0.0,7.574,6.616,15.018,16.5
1987-06-23,0.0,6.708,7.714,14.527,15.59
1987-06-24,0.0,5.812,7.991,13.446,40.54
1987-06-25,0.0,5.711,7.821,13.223,47.11
1987-06-26,0.0,5.758,8.116,13.482,41.58
1987-06-27,0.0,5.42,7.402,12.455,30.27
1987-06-28,0.0,7.361,6.527,14.652,21.38
1987-06-29,0.0,5.608,6.491,12.036,18.0
1987-06-30,0.0,6.279,7.821,13.991,16.81
1987-07-01,1.183,6.498,7.571,14.107,25.15
1987-07-02,3.461,8.854,6.902,17.08,20.41
1987-07-03,0.0,5.823,8.17,13.571,18.26
1987-07-04,6.027,5.731,8.509,13.723,21.84
1987-07-05,0.0,4.592,8.473,12.152,63.7
1987-07-06,0.0,6.05,7.964,13.732,36.57
1987-07-07,0.0,6.001,7.295,13.161,23.01
1987-07-08,0.0,7.218,6.562,14.411,18.84
1987-07-09,0.0,7.22,7.321,14.911,24.51
1987-07-10,0.0,5.959,8.214,13.768,36.73
1987-07-11,0.0,6.084,7.911,13.705,45.85
1987-07-12,0.0,7.111,7.304,14.732,39.58
1987-07-13,0.0,8.144,5.964,15.321,30.74
1987-07-14,1.572,7.29,7.089,14.83,26.79
1987-07-15,0.0,6.807,7.375,14.304,58.84
1987-07-16,0.0,7.962,5.661,14.839,43.6
1987-07-17,0.0,7.2,7.714,15.08,31.94
1987-07-18,0.0,7.164,7.036,14.545,31.93
1987-07-19,8.625,6.368,7.982,14.098,27.7
1987-07-20,0.0,7.297,7.33,14.929,21.66
1987-07-21,0.0,8.114,7.027,15.884,18.7
1987-07-22,0.0,7.021,7.286,14.482,21.5
1987-07-23,0.457,7.518,7.661,15.411,19.47
1987-07-24,0.545,6.51,6.929,13.455,23.45
1987-07-25,0.0,6.812,8.232,14.804,44.97
1987-07-26,12.532,6.639,8.17,14.5,43.65
1987-07-27,0.0,8.164,5.723,15.0,28.75
1987-07-28,9.07,7.201,7.375,14.714,22.45
1987-07-29,0.0,8.904,6.625,16.652,20.33
1987-07-30,40.625,6.697,8.875,15.062,46.41
1987-07-31,12.945,6.405,8.223,14.214,44.64
1987-08-01,19.738,5.977,7.795,13.268,63.32
1987-08-02,8.722,8.216,6.946,15.786,43.18
1987-08-03,9.554,7.491,6.384,14.384,37.73
1987-08-04,0.0,7.863,6.33,14.83,32.56
1987-08-05,0.0,7.377,7.009,14.598,23.29
1987-08-06,0.0,7.666,7.232,15.161,20.5
1987-08-07,0.0,7.287,6.938,14.402,19.86
1987-08-08,11.754,7.404,7.652,15.027,22.49
1987-08-09,0.0,7.754,8.161,15.848,39.1
1987-08-10,0.0,7.74,5.732,14.188,33.18
1987-08-11,0.0,7.859,7.054,15.205,35.6
1987-08-12,2.958,5.743,7.964,12.955,37.01
1987-08-13,0.0,6.769,7.455,13.946,35.73
1987-08-14,0.0,7.499,6.438,14.268,24.98
1987-08-15,0.0,7.182,7.821,14.75,24.06
1987-08-16,0.0,8.079,7.857,15.964,21.5
1987-08-17,0.0,7.398,7.196,14.58,18.45
1987-08-18,0.0,7.292,7.777,14.83,22.31
1987-08-19,0.0,8.86,6.938,16.411,23.03
1987-08-20,0.0,8.083,7.312,15.571,19.47
1987-08-21,0.0,8.405,7.259,15.955,43.31
1987-08-22,0.0,6.343,6.938,12.902,41.17
1987-08-23,0.0,8.207,7.33,15.714,37.03
1987-08-24,9.502,6.496,7.929,13.804,21.83
1987-08-25,0.0,8.094,7.25,15.473,21.53
1987-08-26,0.0,8.416,6.723,15.562,21.37
1987-08-27,0.0,8.252,6.795,15.357,22.43
1987-08-28,0.0,7.609,7.58,14.991,21.83
1987-08-29,0.0,8.556,6.92,15.83,16.85
1987-08-30,7.462,6.611,9.018,14.705,16.14
1987-08-31,0.0,7.642,7.589,15.027,23.05
1987-09-01,0.0,7.811,7.795,15.384,28.29
1987-09-02,0.0,10.107,6.08,17.375,18.67
1987-09-03,1.972,7.62,7.018,14.571,15.24
1987-09-04,0.0,6.903,8.696,14.795,16.5
1987-09-05,1.038,8.101,7.607,15.607,20.0
1987-09-06,0.0,8.599,7.911,16.464,20.03
1987-09-07,10.006,7.415,7.036,14.286,23.96
1987-09-08,14.682,6.05,9.321,14.17,18.45
1987-09-09,0.0,9.113,7.259,16.723,18.12
1987-09-10,0.0,8.421,6.161,15.036,17.31
1987-09-11,0.0,9.718,6.509,17.045,14.64
1987-09-12,5.283,9.082,7.973,17.134,13.55
1987-09-13,0.0,8.591,7.455,16.107,12.65
1987-09-14,6.6,8.733,7.482,16.321,11.97
1987-09-15,0.0,8.27,8.92,16.688,11.07
1987-09-16,0.259,7.669,8.366,15.518,10.4
1987-09-17,0.0,8.678,9.295,17.464,10.94
1987-09-18,0.0,10.454,6.232,17.83,14.22
1987-09-19,0.0,8.857,7.455,16.446,11.4
1987-09-20,5.697,7.449,7.875,14.857,11.15
1987-09-21,0.0,10.059,7.518,18.134,14.03
1987-09-22,26.2,8.652,6.598,15.643,22.69
1987-09-23,4.294,7.835,7.143,14.902,17.64
1987-09-24,0.0,8.428,7.598,15.991,15.84
1987-09-25,0.0,5.211,8.241,12.286,25.29
1987-09-26,1.215,8.162,7.446,15.545,24.69
1987-09-27,0.0,11.056,6.384,18.786,17.21
1987-09-28,1.048,8.622,7.473,16.188,15.6
1987-09-29,7.497,8.508,7.143,15.812,14.49
1987-09-30,22.329,4.871,8.17,11.848,15.99
1987-10-01,13.794,8.814,4.688,14.723,20.07
1987-10-02,8.451,7.713,7.134,14.786,45.3
1987-10-03,5.766,5.675,7.643,12.446,37.89
1987-10-04,5.079,6.027,8.179,13.295,47.99
1987-10-05,4.655,6.895,8.0,14.312,37.36
1987-10-06,1.957,5.944,8.679,13.598,43.54
1987-10-07,0.0,5.124,9.688,13.384,30.49
1987-10-08,19.999,6.34,8.321,13.839,22.28
1987-10-09,0.0,6.081,7.973,13.259,23.27
1987-10-10,0.0,7.928,7.857,15.625,23.57
1987-10-11,5.177,7.294,8.116,14.964,17.25
1987-10-12,4.431,9.355,6.179,16.491,26.87
1987-10-13,6.697,9.235,6.786,16.732,32.08
1987-10-14,9.936,6.015,8.509,13.616,22.93
1987-10-15,4.163,7.654,8.777,15.955,20.06
1987-10-16,4.312,7.341,8.92,15.634,29.49
1987-10-17,16.602,5.841,9.0,13.786,22.7
1987-10-18,18.826,6.132,9.009,14.179,20.21
1987-10-19,13.517,6.263,9.009,14.366,20.74
1987-10-20,12.841,6.491,7.696,13.705,18.4
1987-10-21,0.0,7.161,7.5,14.446,15.52
1987-10-22,0.0,6.644,8.688,14.616,13.78
1987-10-23,4.133,7.134,8.58,15.214,21.2
1987-10-24,4.317,7.525,8.643,15.786,20.65
1987-10-25,16.625,7.548,8.161,15.518,21.2
1987-10-26,8.611,6.329,8.607,14.214,27.76
1987-10-27,0.0,4.708,8.839,12.33,27.58
1987-10-28,33.416,6.056,8.152,13.536,18.75
1987-10-29,0.0,7.126,7.812,14.759,21.75
1987-10-30,12.697,5.973,7.938,13.286,41.37
1987-10-31,23.321,6.46,8.777,14.616,33.76
1987-11-01,9.616,8.404,8.402,16.973,25.84
1987-11-02,1.069,7.367,8.527,15.634,34.49
1987-11-03,14.193,7.11,8.643,15.375,29.03
1987-11-04,1.8,6.489,7.741,13.875,19.83
1987-11-05,5.225,7.236,7.812,15.0,21.48
1987-11-06,0.0,5.031,9.527,13.393,22.02
1987-11-07,0.0,8.442,7.723,16.643,19.55
1987-11-08,0.0,7.787,6.321,14.804,18.05
1987-11-09,0.0,8.178,7.223,15.973,17.33
1987-11-10,0.0,8.482,6.562,16.0,16.5
1987-11-11,0.366,6.796,8.875,15.223,15.25
1987-11-12,0.0,6.526,8.464,14.562,14.75
1987-11-13,2.681,8.366,7.509,16.518,14.25
1987-11-14,1.251,8.552,6.875,16.384,14.0
1987-11-15,13.243,7.937,8.295,16.455,14.01
1987-11-16,0.39,6.324,8.446,14.321,14.25
1987-11-17,0.0,7.481,8.375,15.884,14.01
1987-11-18,1.718,6.269,8.795,14.545,13.9
1987-11-19,43.273,6.16,9.295,14.777,16.29
1987-11-20,0.0,6.39,7.696,13.955,17.72
1987-11-21,30.395,5.22,7.321,12.062,39.31
1987-11-22,0.0,6.366,7.875,14.045,29.56
1987-11-23,0.0,7.147,7.312,14.777,21.98
1987-11-24,1.574,7.639,8.527,16.312,18.61
1987-11-25,5.623,6.662,8.643,15.054,21.74
1987-11-26,0.0,7.085,7.705,15.009,22.68
1987-11-27,0.415,6.934,7.33,14.571,18.12
1987-11-28,4.595,6.451,6.679,13.384,16.99
1987-11-29,18.054,8.088,7.688,16.455,20.09
1987-11-30,29.662,5.144,7.589,12.223,33.69
1987-12-01,10.684,7.545,7.705,15.705,34.22
1987-12-02,7.975,6.103,7.982,13.848,26.89
1987-12-03,0.0,5.651,8.143,13.321,26.96
1987-12-04,14.666,8.128,7.75,16.634,28.15
1987-12-05,20.073,7.134,8.384,15.607,31.69
1987-12-06,38.816,7.272,6.598,14.634,29.51
1987-12-07,0.874,5.94,7.107,12.991,29.21
1987-12-08,0.0,7.867,7.625,16.17,31.17
1987-12-09,0.0,8.155,7.571,16.562,22.9
1987-12-10,0.0,6.137,6.884,13.152,19.16
1987-12-11,0.0,7.396,7.661,15.527,20.23
1987-12-12,0.0,8.417,7.911,17.214,21.5
1987-12-13,0.0,7.459,8.25,16.036,36.49
1987-12-14,13.642,7.349,8.098,15.759,31.28
1987-12-15,0.0,7.415,6.625,14.875,21.6
1987-12-16,0.0,8.01,6.277,15.536,18.31
1987-12-17,0.0,8.861,5.482,16.33,16.95
1987-12-18,0.0,8.333,5.946,15.812,15.5
1987-12-19,0.0,7.436,5.732,14.33,14.25
1987-12-20,0.0,7.792,6.929,15.643,14.42
1987-12-21,0.0,6.57,7.509,14.241,18.07
1987-12-22,0.0,7.102,6.196,14.116,14.81
1987-12-23,0.0,8.016,7.205,16.143,13.55
1987-12-24,0.0,6.476,7.777,14.286,12.65
1987-12-25,0.0,8.378,6.214,16.027,11.97
1987-12-26,0.0,7.535,6.688,15.071,11.96
1987-12-27,0.0,6.44,8.062,14.42,11.33
1987-12-28,0.0,7.88,7.991,16.446,12.28
1987-12-29,8.929,6.195,8.304,14.232,12.78
1987-12-30,0.0,6.231,8.277,14.268,11.97
1987-12-31,0.0,4.999,8.75,12.938,20.11
1988-01-01,0.0,5.796,8.598,13.893,21.64
1988-01-02,0.0,6.546,7.446,14.098,16.94
1988-01-03,0.0,5.421,7.661,12.661,13.96
1988-01-04,0.0,5.607,8.188,13.295,14.74
1988-01-05,0.0,6.44,6.786,13.464,13.55
1988-01-06,0.0,5.84,8.429,13.795,14.67
1988-01-07,0.0,5.972,8.562,14.062,14.31
1988-01-08,0.0,6.653,7.562,14.286,12.87
1988-01-09,0.0,6.289,8.009,14.071,12.42
1988-01-10,0.0,4.964,9.08,13.116,11.75
1988-01-11,11.984,6.761,8.179,14.848,11.3
1988-01-12,0.0,7.246,6.536,14.393,10.85
1988-01-13,0.0,6.834,6.67,13.866,10.85
1988-01-14,0.0,6.936,7.83,14.821,10.85
1988-01-15,0.0,6.682,8.366,14.83,10.94
1988-01-16,17.262,6.506,6.893,13.518,11.56
1988-01-17,1.092,7.605,6.929,15.116,11.52
1988-01-18,22.031,6.364,8.161,14.205,12.79
1988-01-19,0.0,7.114,7.616,14.848,14.06
1988-01-20,0.0,7.206,7.357,14.777,12.91
1988-01-21,0.0,7.833,7.304,15.625,12.26
1988-01-22,0.0,8.159,5.42,14.857,13.29
1988-01-23,0.0,7.96,6.045,14.929,12.42
1988-01-24,0.0,7.128,7.116,14.429,12.2
1988-01-25,0.0,8.41,7.036,16.223,11.52
1988-01-26,0.0,8.083,6.393,15.295,11.3
1988-01-27,0.0,6.594,5.955,12.821,11.13
1988-01-28,0.0,6.996,7.83,14.696,10.4
1988-01-29,22.539,6.769,8.134,14.607,10.01
1988-01-30,3.501,5.856,8.696,13.768,11.07
1988-01-31,0.0,6.975,8.196,14.893,10.4
1988-02-01,0.0,8.717,5.634,15.607,10.17
1988-02-02,1.252,6.757,7.893,14.312,9.72
1988-02-03,0.0,7.477,7.062,14.741,9.5
1988-02-04,3.09,6.146,7.473,13.188,9.33
1988-02-05,0.0,6.724,8.312,14.562,10.16
1988-02-06,0.0,6.673,7.946,14.196,9.72
1988-02-07,0.407,6.263,8.304,13.929,9.78
1988-02-08,1.232,7.086,9.027,15.518,12.61
1988-02-09,4.423,6.361,8.634,14.25,15.18
1988-02-10,4.867,8.042,6.777,15.223,12.36
1988-02-11,36.621,4.895,7.955,11.821,13.68
1988-02-12,0.0,6.816,8.098,14.455,11.56
1988-02-13,0.199,6.662,8.339,14.384,11.08
1988-02-14,0.0,7.183,7.732,14.634,11.79
1988-02-15,0.0,7.53,7.357,14.812,10.67
1988-02-16,0.281,8.29,7.339,15.83,10.85
1988-02-17,0.268,9.116,5.982,16.08,10.17
1988-02-18,0.0,9.472,5.67,16.357,9.35
1988-02-19,0.0,8.643,6.955,16.0,9.05
1988-02-20,0.0,8.885,7.339,16.562,8.9
1988-02-21,0.0,8.143,6.598,15.045,8.9
1988-02-22,0.0,6.732,7.696,13.884,8.92
1988-02-23,2.994,7.061,8.455,14.839,8.94
1988-02-24,3.857,5.786,8.75,13.429,8.94
1988-02-25,4.912,7.703,8.598,15.786,10.62
1988-02-26,16.666,5.673,8.598,13.152,14.53
1988-02-27,0.0,6.395,8.321,13.92,15.12
1988-02-28,23.456,7.003,8.482,14.786,12.42
1988-02-29,0.0,9.35,6.527,16.554,10.62
1988-03-01,4.536,8.464,6.259,15.17,10.17
1988-03-02,0.0,8.079,7.161,15.232,11.97
1988-03-03,0.0,8.578,7.018,15.804,9.95
1988-03-04,0.0,8.12,8.0,15.812,9.2
1988-03-05,0.0,8.866,6.384,15.732,8.75
1988-03-06,0.0,9.687,5.17,16.107,8.45
1988-03-07,0.0,9.75,5.893,16.634,8.57
1988-03-08,0.0,7.608,6.33,13.973,11.23
1988-03-09,11.389,5.871,7.955,12.866,13.44
1988-03-10,19.615,8.47,8.152,16.375,14.21
1988-03-11,0.0,7.448,7.348,14.438,10.79
1988-03-12,0.0,9.169,6.509,16.188,11.93
1988-03-13,0.0,7.7,6.009,13.857,16.26
1988-03-14,0.163,10.068,5.125,16.554,16.6
1988-03-15,15.766,9.688,5.625,16.312,11.67
1988-03-16,12.476,6.854,6.098,12.759,12.59
1988-03-17,0.0,7.158,6.777,13.634,13.44
1988-03-18,0.0,6.645,7.884,13.75,11.81
1988-03-19,0.0,8.68,6.143,15.268,10.85
1988-03-20,0.0,7.918,6.402,14.393,9.95
1988-03-21,0.0,8.518,6.955,15.562,9.35
1988-03-22,0.0,9.085,5.214,15.223,9.05
1988-03-23,0.0,9.42,4.848,15.464,8.75
1988-03-24,0.0,9.242,5.741,15.768,8.45
1988-03-25,0.0,9.273,5.491,15.652,8.3
1988-03-26,0.0,7.334,5.929,13.295,8.3
1988-03-27,0.0,8.016,6.536,14.634,8.3
1988-03-28,1.008,8.198,6.143,14.607,8.3
1988-03-29,0.0,6.176,9.777,14.589,8.6
1988-03-30,7.524,6.6,8.848,14.429,9.41
1988-03-31,0.0,7.19,7.446,14.17,9.32
1988-04-01,0.0,7.643,8.786,15.714,9.05
1988-04-02,0.0,7.085,7.554,14.107,8.9
1988-04-03,5.387,7.469,8.446,15.241,9.53
1988-04-04,10.693,8.171,7.938,15.839,15.05
1988-04-05,7.027,7.491,8.25,15.152,12.57
1988-04-06,21.432,4.566,8.661,11.83,16.31
1988-04-07,17.237,6.568,8.107,13.866,27.39
1988-04-08,0.0,7.78,7.759,15.232,21.07
1988-04-09,0.0,6.48,8.795,14.286,23.71
1988-04-10,11.534,5.632,8.688,13.152,38.32
1988-04-11,9.404,5.121,7.714,11.777,40.51
1988-04-12,9.374,6.056,7.714,12.946,28.42
1988-04-13,4.155,5.879,8.018,12.973,49.83
1988-04-14,3.482,9.45,7.821,17.58,32.44
1988-04-15,2.478,5.879,8.009,12.991,22.19
1988-04-16,0.0,6.842,6.598,13.223,17.58
1988-04-17,0.0,6.374,7.929,13.554,15.81
1988-04-18,11.019,7.996,4.893,13.723,13.29
1988-04-19,0.0,8.421,7.241,15.857,12.2
1988-04-20,23.221,6.988,7.527,14.107,11.43
1988-04-21,0.0,6.891,6.58,13.33,10.85
1988-04-22,0.0,6.328,7.973,13.625,10.99
1988-04-23,0.0,8.738,8.071,16.911,12.65
1988-04-24,0.0,7.666,7.143,14.83,12.72
1988-04-25,18.44,7.477,7.214,14.643,12.12
1988-04-26,1.992,7.601,7.366,14.911,10.97
1988-04-27,0.215,6.023,8.402,13.589,11.94
1988-04-28,0.171,7.223,8.232,15.054,12.2
1988-04-29,0.235,5.698,8.625,13.357,13.5
1988-04-30,0.274,6.556,7.107,13.384,18.52
1988-05-01,0.0,4.326,8.571,11.625,18.04
1988-05-02,0.0,7.377,8.482,15.5,24.17
1988-05-03,0.831,7.118,7.946,14.786,23.95
1988-05-04,0.0,5.624,7.839,12.741,32.84
1988-05-05,0.0,7.385,8.125,15.295,31.87
1988-05-06,0.0,6.404,8.554,14.277,19.5
1988-05-07,0.0,8.141,8.491,16.616,16.69
1988-05-08,2.75,5.116,9.036,13.036,32.33
1988-05-09,0.0,6.366,8.616,14.33,33.28
1988-05-10,2.4,5.804,8.527,13.527,32.57
1988-05-11,1.9,7.202,8.223,15.214,26.16
1988-05-12,0.0,6.684,7.982,14.348,22.98
1988-05-13,0.0,6.59,8.429,14.554,17.67
1988-05-14,20.144,6.973,7.964,14.759,17.0
1988-05-15,0.0,6.819,7.857,14.5,20.3
1988-05-16,0.0,8.089,7.982,16.348,28.22
1988-05-17,0.0,5.909,8.991,14.107,25.24
1988-05-18,20.813,6.501,8.339,14.42,39.32
1988-05-19,0.0,6.489,7.795,14.018,31.9
1988-05-20,7.734,6.623,8.098,14.455,29.31
1988-05-21,0.0,6.358,8.509,14.411,30.89
1988-05-22,0.0,7.035,8.732,15.518,28.78
1988-05-23,0.0,5.533,9.241,13.875,25.62
1988-05-24,0.0,6.936,8.723,15.375,19.77
1988-05-25,0.0,6.466,8.973,14.92,24.94
1988-05-26,0.0,4.495,8.821,12.223,50.52
1988-05-27,1.843,6.672,8.143,14.625,38.15
1988-05-28,3.231,6.439,7.402,13.777,33.69
1988-05-29,0.0,6.504,7.705,14.098,27.56
1988-05-30,17.064,7.212,8.188,15.438,28.73
1988-05-31,45.594,5.769,7.366,12.839,28.66
1988-06-01,19.78,5.424,7.58,12.554,27.47
1988-06-02,7.409,4.874,7.616,11.821,29.95
1988-06-03,16.293,5.715,7.464,12.857,32.73
1988-06-04,1.246,5.366,7.598,12.5,34.35
1988-06-05,0.0,6.755,6.223,13.509,32.15
1988-06-06,9.33,6.407,7.571,13.92,36.71
1988-06-07,0.0,7.509,6.42,14.741,27.63
1988-06-08,0.0,7.228,8.036,15.446,19.89
1988-06-09,0.0,5.361,7.83,12.696,21.42
1988-06-10,0.702,5.255,7.75,12.491,48.17
1988-06-11,0.0,4.474,7.955,11.589,41.06
1988-06-12,0.0,5.632,7.545,12.848,30.99
1988-06-13,2.497,6.322,7.607,13.875,29.25
1988-06-14,2.139,4.723,7.393,11.482,28.74
1988-06-15,8.248,6.679,7.67,14.446,32.11
1988-06-16,0.0,6.177,6.143,12.643,26.82
1988-06-17,2.594,6.509,7.259,13.938,44.6
1988-06-18,32.177,5.162,7.071,11.848,57.76
1988-06-19,5.439,4.918,6.812,11.33,74.1
1988-06-20,0.0,5.556,7.241,12.527,51.57
1988-06-21,5.153,6.312,5.964,12.732,29.74
1988-06-22,5.153,6.331,6.17,12.893,22.18
1988-06-23,31.066,6.145,7.848,13.839,22.49
1988-06-24,0.0,6.253,5.652,12.42,24.76
1988-06-25,0.0,4.573,7.143,11.098,45.17
1988-06-26,4.446,5.773,6.938,12.616,38.17
1988-06-27,0.104,6.807,6.259,13.661,33.09
1988-06-28,0.0,6.529,7.446,14.071,23.24
1988-06-29,3.998,4.993,7.027,11.562,31.49
1988-06-30,4.807,5.676,7.482,12.866,27.77
1988-07-01,0.0,7.326,6.25,14.393,45.87
1988-07-02,0.0,7.33,5.054,13.616,40.33
1988-07-03,51.543,4.896,7.545,11.83,93.16
1988-07-04,14.808,5.17,6.946,11.768,68.64
1988-07-05,5.686,6.28,6.625,13.098,63.68
1988-07-06,37.811,5.51,6.688,12.036,59.58
1988-07-07,0.876,5.68,6.616,12.232,62.97
1988-07-08,0.0,5.623,7.643,12.902,40.55
1988-07-09,0.0,5.966,6.839,12.786,40.14
1988-07-10,0.0,6.033,6.152,12.375,39.45
1988-07-11,0.0,5.994,6.902,12.839,42.6
1988-07-12,0.0,6.019,6.223,12.411,66.19
1988-07-13,0.0,5.542,6.366,11.821,60.19
1988-07-14,0.0,6.645,4.321,12.009,34.85
1988-07-15,0.0,6.407,4.723,11.902,25.5
1988-07-16,0.0,5.401,5.652,11.036,20.65
1988-07-17,0.0,5.697,5.071,11.045,19.82
1988-07-18,0.0,5.761,5.625,11.518,38.3
1988-07-19,0.0,5.62,6.321,11.821,39.32
1988-07-20,0.0,5.363,6.902,11.884,43.39
1988-07-21,0.0,5.195,7.196,11.857,38.72
1988-07-22,0.0,6.135,6.643,12.741,43.87
1988-07-23,0.0,6.703,7.018,13.83,39.41
1988-07-24,0.0,6.13,8.08,13.768,39.73
1988-07-25,0.0,6.0,7.804,13.384,62.49
1988-07-26,0.0,5.009,7.339,11.679,61.54
1988-07-27,0.0,7.509,6.616,14.634,32.08
1988-07-28,0.0,8.666,5.357,15.491,23.67
1988-07-29,0.0,6.629,8.473,14.679,21.2
1988-07-30,0.0,8.384,5.42,15.098,20.37
1988-07-31,0.0,8.151,6.5,15.438,19.55
1988-08-01,1.628,6.929,7.598,14.429,19.27
1988-08-02,7.395,5.363,8.241,12.768,23.12
1988-08-03,0.0,6.845,7.705,14.366,32.44
1988-08-04,0.0,7.664,7.402,15.277,22.85
1988-08-05,0.0,6.358,8.321,14.107,19.55
1988-08-06,0.0,7.226,7.196,14.509,17.52
1988-08-07,0.0,7.714,5.5,14.036,22.52
1988-08-08,0.0,7.961,5.723,14.518,30.31
1988-08-09,0.0,6.449,8.161,14.071,31.01
1988-08-10,0.0,6.655,6.098,12.884,23.59
1988-08-11,0.0,6.529,7.562,13.732,20.66
1988-08-12,0.0,8.729,5.214,15.223,18.0
1988-08-13,0.0,6.88,7.214,13.92,16.95
1988-08-14,0.0,6.919,7.491,14.152,20.05
1988-08-15,0.0,7.6,7.17,14.875,22.39
1988-08-16,5.133,7.738,6.741,14.759,22.96
1988-08-17,20.763,6.347,7.42,13.304,24.53
1988-08-18,0.0,7.667,7.607,15.214,34.43
1988-08-19,0.0,7.015,7.696,14.375,23.36
1988-08-20,0.39,7.143,7.554,14.438,25.47
1988-08-21,18.349,5.553,7.634,12.366,37.64
1988-08-22,0.314,5.737,7.071,12.179,30.82
1988-08-23,0.0,7.921,6.652,14.857,22.63
1988-08-24,0.0,6.165,7.366,12.946,18.77
1988-08-25,0.0,6.37,7.446,13.259,17.07
1988-08-26,8.887,8.616,5.661,15.134,20.86
1988-08-27,0.0,5.98,8.205,13.304,30.27
1988-08-28,0.0,7.104,7.804,14.491,46.13
1988-08-29,7.001,7.148,6.393,13.545,31.94
1988-08-30,9.03,6.783,7.188,13.58,26.35
1988-08-31,41.636,5.353,7.143,11.688,25.58
1988-09-01,0.0,7.307,7.071,14.223,43.99
1988-09-02,10.683,6.069,7.375,12.777,27.36
1988-09-03,0.0,6.837,6.777,13.366,23.47
1988-09-04,0.0,8.364,5.759,14.768,26.92
1988-09-05,0.0,6.767,7.554,13.804,19.3
1988-09-06,0.0,8.671,6.393,15.589,16.75
1988-09-07,0.0,6.28,7.429,13.062,15.0
1988-09-08,0.0,6.735,7.107,13.42,14.25
1988-09-09,0.0,7.645,6.152,14.036,14.13
1988-09-10,30.347,6.509,6.804,12.893,16.64
1988-09-11,12.606,6.463,6.991,12.964,17.51
1988-09-12,4.535,6.215,7.884,13.312,31.89
1988-09-13,0.0,5.627,7.661,12.375,41.2
1988-09-14,24.571,7.286,7.509,14.429,59.42
1988-09-15,0.355,6.857,5.509,12.473,35.0
1988-09-16,21.322,9.292,5.777,16.0,29.58
1988-09-17,0.0,7.658,6.562,14.277,23.12
1988-09-18,0.0,5.979,7.911,13.018,20.1
1988-09-19,0.0,5.572,7.473,12.161,25.84
1988-09-20,0.0,6.95,8.25,14.509,51.46
1988-09-21,0.0,7.676,7.089,14.661,40.55
1988-09-22,0.0,7.251,6.036,13.348,28.85
1988-09-23,0.0,8.874,6.848,16.143,27.15
1988-09-24,0.0,7.927,8.438,15.92,24.7
1988-09-25,22.629,7.021,7.616,14.152,24.12
1988-09-26,0.0,6.396,6.848,12.768,23.69
1988-09-27,0.0,8.647,5.366,14.857,28.92
1988-09-28,0.0,6.838,7.241,13.643,20.97
1988-09-29,3.907,8.282,6.036,14.795,20.35
1988-09-30,10.551,7.215,6.92,13.929,20.06
1988-10-01,18.211,5.908,7.804,12.848,38.08
1988-10-02,8.876,6.685,7.688,13.786,42.37
1988-10-03,4.23,7.712,7.518,15.045,45.4
1988-10-04,18.971,7.386,7.759,14.786,33.87
1988-10-05,8.088,5.704,8.545,13.17,29.29
1988-10-06,3.321,6.277,6.92,12.705,25.65
1988-10-07,2.785,5.46,8.25,12.643,26.17
1988-10-08,0.053,5.446,7.527,12.107,38.35
1988-10-09,2.45,5.729,8.554,13.241,42.1
1988-10-10,1.649,7.01,6.438,13.393,23.89
1988-10-11,1.607,8.301,5.991,14.911,19.52
1988-10-12,0.0,7.097,6.991,13.92,21.74
1988-10-13,2.287,6.859,7.554,14.027,23.62
1988-10-14,0.307,5.639,7.786,12.589,26.33
1988-10-15,30.467,5.623,7.339,12.25,23.25
1988-10-16,5.283,8.217,6.277,15.08,20.64
1988-10-17,6.614,7.242,7.071,14.25,22.07
1988-10-18,19.898,6.751,7.366,13.804,21.33
1988-10-19,0.0,7.247,7.902,14.857,18.98
1988-10-20,7.604,6.92,6.152,13.196,18.04
1988-10-21,5.428,7.255,7.152,14.384,19.63
1988-10-22,1.644,7.867,7.973,15.777,19.12
1988-10-23,0.0,8.721,5.554,15.393,17.87
1988-10-24,11.498,7.961,6.446,14.902,15.5
1988-10-25,1.771,6.868,7.08,13.848,16.28
1988-10-26,0.0,8.547,6.786,15.991,17.09
1988-10-27,1.017,6.124,6.848,12.67,17.5
1988-10-28,28.811,6.894,6.696,13.643,20.18
1988-10-29,0.703,7.08,6.857,14.045,22.14
1988-10-30,0.0,6.151,6.821,12.705,25.37
1988-10-31,16.026,6.7,6.679,13.402,25.58
1988-11-01,13.201,6.638,7.304,13.768,30.59
1988-11-02,10.794,6.539,8.268,14.348,32.31
1988-11-03,14.077,6.751,7.795,14.304,41.55
1988-11-04,0.108,6.515,7.839,14.018,26.82
1988-11-05,0.813,6.44,8.152,14.125,19.33
1988-11-06,12.115,7.267,7.75,15.036,18.26
1988-11-07,14.939,6.499,7.732,13.973,24.27
1988-11-08,5.718,6.151,7.661,13.429,29.68
1988-11-09,19.201,5.369,7.982,12.634,55.62
1988-11-10,3.398,6.468,7.616,13.884,36.62
1988-11-11,0.0,5.553,7.741,12.714,36.88
1988-11-12,0.0,6.664,8.5,14.804,46.5
1988-11-13,1.077,6.588,7.464,13.964,37.64
1988-11-14,0.0,6.963,7.562,14.616,37.85
1988-11-15,63.265,5.043,8.054,12.312,34.67
1988-11-16,52.164,4.53,8.42,11.955,59.01
1988-11-17,0.0,5.189,8.125,12.571,46.56
1988-11-18,12.863,5.998,8.348,13.875,46.19
1988-11-19,8.825,5.983,7.777,13.429,42.1
1988-11-20,0.0,6.967,7.295,14.5,36.23
1988-11-21,0.0,5.968,7.661,13.33,34.39
1988-11-22,25.457,6.083,7.955,13.723,55.69
1988-11-23,0.0,6.679,6.661,13.679,41.29
1988-11-24,17.761,6.185,7.643,13.661,36.1
1988-11-25,0.0,7.684,7.741,15.875,39.31
1988-11-26,14.997,6.707,6.714,13.759,39.88
1988-11-27,0.0,7.296,7.0,14.821,38.53
1988-11-28,18.325,5.809,7.92,13.357,33.82
1988-11-29,0.0,5.875,7.911,13.473,29.5
1988-11-30,0.0,6.128,7.652,13.67,34.74
1988-12-01,14.857,5.463,7.482,12.58,43.66
1988-12-02,9.292,6.037,6.464,12.705,42.09
1988-12-03,13.834,6.187,5.482,12.196,33.47
1988-12-04,15.42,6.1,7.188,13.321,42.93
1988-12-05,9.485,5.299,7.152,12.134,42.99
1988-12-06,9.999,6.811,6.223,13.67,31.23
1988-12-07,9.579,4.732,8.098,12.071,40.98
1988-12-08,12.054,6.32,7.509,13.857,35.33
1988-12-09,9.109,7.338,6.857,14.911,41.21
1988-12-10,6.488,7.704,6.929,15.491,32.28
1988-12-11,6.368,7.693,6.732,15.366,26.44
1988-12-12,0.0,8.254,6.58,16.08,24.72
1988-12-13,0.0,6.65,6.42,13.598,23.05
1988-12-14,19.857,6.949,6.125,13.848,29.66
1988-12-15,0.0,7.632,6.58,15.161,27.01
1988-12-16,0.0,7.365,6.741,14.866,22.69
1988-12-17,0.0,7.313,6.071,14.375,20.94
1988-12-18,0.0,5.574,7.848,13.071,24.19
1988-12-19,0.0,6.53,6.821,13.705,26.31
1988-12-20,0.0,7.035,6.107,14.0,22.32
1988-12-21,0.0,8.376,4.938,15.25,19.28
1988-12-22,0.0,6.261,6.955,13.384,19.6
1988-12-23,1.985,5.6,7.768,13.045,23.32
1988-12-24,0.0,6.099,6.098,12.536,22.91
1988-12-25,0.0,6.09,5.946,12.42,20.75
1988-12-26,0.0,6.376,6.571,13.268,19.33
1988-12-27,0.0,7.299,6.607,14.688,18.25
1988-12-28,4.051,5.555,6.607,12.08,17.8
1988-12-29,5.021,7.395,7.116,15.17,18.0
1988-12-30,14.263,5.18,6.196,11.241,18.06
1988-12-31,24.137,4.522,6.821,10.804,18.94
1989-01-01,30.933,4.729,6.741,11.036,19.53
1989-01-02,0.0,4.962,6.5,11.143,36.08
1989-01-03,4.867,6.875,7.17,14.402,28.27
1989-01-04,6.69,5.626,7.509,12.839,23.82
1989-01-05,7.443,4.732,7.643,11.723,20.78
1989-01-06,0.0,5.499,6.268,11.741,19.27
1989-01-07,9.627,5.307,6.125,11.339,19.42
1989-01-08,0.0,5.331,5.884,11.196,19.67
1989-01-09,0.89,6.461,6.804,13.473,17.75
1989-01-10,0.0,6.112,7.036,13.134,18.25
1989-01-11,0.0,5.954,7.295,13.08,16.75
1989-01-12,0.0,4.482,7.027,10.821,17.25
1989-01-13,0.0,6.526,7.08,13.723,17.75
1989-01-14,0.977,6.139,6.857,13.009,17.0
1989-01-15,0.422,7.757,6.188,14.884,16.25
1989-01-16,0.0,5.761,7.875,13.17,15.75
1989-01-17,9.937,6.108,7.295,13.214,16.0
1989-01-18,0.0,6.49,8.509,14.634,16.25
1989-01-19,0.0,7.092,8.009,15.098,16.5
1989-01-20,0.0,6.542,7.821,14.17,18.5
1989-01-21,8.737,6.113,8.625,14.161,18.0
1989-01-22,6.503,5.721,8.375,13.446,24.41
1989-01-23,0.321,7.436,6.179,14.277,23.95
1989-01-24,5.686,7.203,6.929,14.42,22.3
1989-01-25,0.0,6.891,5.839,13.232,21.75
1989-01-26,0.0,5.725,6.607,12.116,20.37
1989-01-27,0.0,6.498,8.92,14.839,17.0
1989-01-28,27.44,5.225,7.723,12.223,18.5
1989-01-29,0.0,6.938,7.661,14.5,16.5
1989-01-30,0.0,5.174,7.134,11.67,16.0
1989-01-31,25.98,5.933,7.929,13.268,15.5
1989-02-01,0.0,6.949,6.536,13.679,17.25
1989-02-02,0.0,6.237,7.768,13.545,16.5
1989-02-03,18.419,6.904,7.205,14.045,25.94
1989-02-04,22.809,5.936,6.911,12.482,35.73
1989-02-05,0.0,5.05,7.098,11.42,24.0
1989-02-06,0.0,6.65,6.821,13.384,17.0
1989-02-07,0.0,5.213,7.295,11.75,17.25
1989-02-08,7.437,4.807,7.348,11.268,16.25
1989-02-09,13.859,5.423,7.375,12.071,16.25
1989-02-10,0.0,4.893,7.366,11.375,17.75
1989-02-11,0.0,5.753,6.92,12.188,17.0
1989-02-12,0.0,7.975,6.205,14.732,16.5
1989-02-13,7.926,7.474,6.098,13.92,17.0
1989-02-14,7.813,8.004,6.518,14.92,15.75
1989-02-15,0.0,6.757,6.464,13.125,16.25
1989-02-16,8.609,6.814,7.384,13.839,16.51
1989-02-17,2.99,6.51,6.42,12.75,16.02
1989-02-18,0.0,6.461,6.518,12.732,22.78
1989-02-19,0.0,6.05,6.973,12.491,18.76
1989-02-20,2.86,7.676,6.982,14.714,17.0
1989-02-21,0.0,7.207,7.616,14.509,16.27
1989-02-22,0.0,7.596,7.116,14.625,20.27
1989-02-23,20.088,4.479,7.295,10.67,20.1
1989-02-24,0.0,8.128,5.759,14.5,30.4
1989-02-25,6.241,7.76,6.804,14.634,23.63
1989-02-26,0.0,4.708,7.321,10.964,25.4
1989-02-27,0.0,6.803,7.705,13.964,33.33
1989-02-28,0.0,7.108,7.232,14.0,41.36
1989-03-01,0.0,6.651,6.062,12.545,33.72
1989-03-02,0.0,8.417,4.527,14.0,22.31
1989-03-03,1.975,5.993,7.634,12.804,18.26
1989-03-04,8.864,7.234,5.812,13.143,16.91
1989-03-05,9.316,7.617,7.018,14.491,18.1
1989-03-06,17.552,5.699,7.188,12.089,19.97
1989-03-07,28.117,7.006,6.482,13.33,27.52
1989-03-08,11.13,5.931,5.92,11.438,41.1
1989-03-09,4.765,8.537,6.598,15.42,42.28
1989-03-10,0.0,8.372,6.938,15.402,36.78
1989-03-11,0.0,6.172,6.786,12.384,25.29
1989-03-12,0.0,6.376,7.83,13.384,19.55
1989-03-13,12.429,6.333,7.634,13.223,40.96
1989-03-14,13.944,6.331,7.393,12.982,45.47
1989-03-15,21.569,5.667,7.312,12.062,53.0
1989-03-16,15.866,5.432,7.393,11.866,62.97
1989-03-17,17.92,4.36,7.08,10.268,44.85
1989-03-18,0.0,6.206,5.866,11.714,47.02
1989-03-19,0.0,5.078,6.839,10.964,32.29
1989-03-20,0.0,4.892,6.661,10.58,37.3
1989-03-21,0.0,5.565,6.527,11.393,33.65
1989-03-22,9.953,5.938,5.768,11.259,30.71
1989-03-23,5.673,7.302,4.75,12.446,29.08
1989-03-24,2.712,6.952,4.795,12.0,27.51
1989-03-25,0.0,6.992,5.473,12.509,24.86
1989-03-26,3.573,7.092,4.902,12.277,23.04
1989-03-27,3.339,6.147,5.009,11.018,28.02
1989-03-28,9.003,6.425,5.045,11.429,32.77
1989-03-29,12.454,8.239,3.304,12.893,28.36
1989-03-30,6.069,7.146,4.491,12.08,24.79
1989-03-31,0.0,7.38,5.571,13.143,23.43
1989-04-01,1.467,8.278,6.188,14.768,24.43
1989-04-02,7.98,7.17,6.884,13.75,28.35
1989-04-03,6.585,5.802,7.062,12.071,30.59
1989-04-04,0.0,6.359,7.321,12.991,28.52
1989-04-05,8.746,6.373,8.679,14.027,36.47
1989-04-06,0.0,6.878,6.938,13.429,36.92
1989-04-07,0.0,7.995,5.946,14.277,31.57
1989-04-08,0.0,5.792,7.705,12.571,26.84
1989-04-09,4.502,5.555,7.982,12.491,24.86
1989-04-10,0.0,6.501,5.92,12.214,22.78
1989-04-11,0.0,8.073,6.946,15.08,24.34
1989-04-12,0.0,9.54,6.67,16.893,22.3
1989-04-13,1.508,8.406,6.0,14.946,22.02
1989-04-14,8.532,7.774,7.348,14.982,20.65
1989-04-15,7.028,7.431,7.804,14.857,21.38
1989-04-16,2.724,8.081,7.223,15.33,32.17
1989-04-17,0.0,7.325,7.411,14.464,24.26
1989-04-18,1.623,7.049,5.786,12.964,22.3
1989-04-19,1.068,8.814,7.812,16.759,23.43
1989-04-20,7.139,6.232,7.911,13.429,21.75
1989-04-21,4.094,7.391,7.232,14.473,20.1
1989-04-22,5.936,8.314,8.089,16.321,20.1
1989-04-23,0.0,6.272,8.518,13.938,21.44
1989-04-24,0.0,7.424,8.509,15.446,24.42
1989-04-25,1.07,8.853,7.58,16.759,23.12
1989-04-26,6.806,6.411,7.812,13.616,22.46
1989-04-27,14.98,6.694,7.384,13.696,25.04
1989-04-28,8.215,7.547,7.214,14.777,29.38
1989-04-29,5.128,7.192,7.625,14.589,25.64
1989-04-30,6.122,7.813,8.107,15.768,24.12
1989-05-01,22.258,5.087,8.875,12.777,21.84
1989-05-02,10.182,6.446,7.643,13.652,38.15
1989-05-03,0.199,6.747,7.723,14.107,28.82
1989-05-04,13.493,9.171,7.107,17.036,35.47
1989-05-05,12.122,7.33,6.741,14.25,34.27
1989-05-06,6.858,4.945,8.161,12.098,42.87
1989-05-07,9.188,4.742,7.946,11.661,34.94
1989-05-08,8.63,5.931,7.946,13.241,26.71
1989-05-09,7.886,6.442,7.214,13.402,28.98
1989-05-10,3.607,5.808,7.723,12.911,28.38
1989-05-11,0.832,7.097,6.83,14.089,26.16
1989-05-12,0.838,5.945,7.562,13.018,22.96
1989-05-13,15.254,4.969,7.911,12.0,49.04
1989-05-14,0.851,6.558,7.446,13.795,40.61
1989-05-15,10.057,6.624,7.893,14.25,33.05
1989-05-16,0.898,6.444,6.562,13.054,28.32
1989-05-17,0.0,6.431,7.446,13.661,25.08
1989-05-18,0.125,5.962,8.054,13.482,41.66
1989-05-19,0.909,6.21,7.973,13.777,68.44
1989-05-20,0.0,6.437,7.554,13.812,72.88
1989-05-21,0.0,5.091,8.071,12.375,53.93
1989-05-22,0.0,5.39,8.259,12.902,70.14
1989-05-23,0.0,5.431,7.938,12.741,65.51
1989-05-24,0.0,4.988,7.634,11.893,67.7
1989-05-25,0.0,5.585,7.598,12.714,76.76
1989-05-26,0.43,5.52,7.821,12.768,59.74
1989-05-27,11.086,6.489,8.304,14.464,34.85
1989-05-28,0.0,6.112,6.714,12.83,25.54
1989-05-29,11.947,6.803,7.616,14.438,22.44
1989-05-30,0.0,8.285,7.384,16.429,23.45
1989-05-31,0.0,5.806,7.259,12.795,23.18
1989-06-01,0.0,5.467,8.58,13.339,24.97
1989-06-02,0.0,6.129,7.893,13.741,31.93
1989-06-03,0.0,5.66,7.295,12.652,41.16
1989-06-04,9.988,5.69,7.75,13.045,37.58
1989-06-05,11.868,6.179,7.384,13.464,40.47
1989-06-06,8.039,6.565,8.089,14.527,40.39
1989-06-07,0.0,7.032,7.0,14.438,33.58
1989-06-08,0.0,7.115,6.473,14.188,29.98
1989-06-09,0.0,6.181,7.786,13.786,34.3
1989-06-10,10.273,5.812,8.152,13.562,51.51
1989-06-11,11.176,5.184,8.125,12.67,43.47
1989-06-12,4.774,5.539,7.625,12.804,74.66
1989-06-13,2.952,6.026,7.42,13.339,56.74
1989-06-14,0.12,5.93,7.375,13.161,47.63
1989-06-15,0.0,6.045,8.009,13.777,39.23
1989-06-16,0.0,7.091,6.134,14.0,33.09
1989-06-17,0.0,6.966,7.045,14.429,28.58
1989-06-18,0.65,5.792,8.286,13.634,47.41
1989-06-19,6.694,4.197,7.545,10.911,50.24
1989-06-20,0.0,7.017,7.125,14.562,36.55
1989-06-21,0.0,7.132,6.027,14.0,36.54
1989-06-22,0.0,6.029,7.527,13.429,53.09
1989-06-23,0.0,5.558,7.188,12.491,46.07
1989-06-24,10.852,5.314,7.205,12.17,42.01
1989-06-25,16.397,5.224,7.152,12.036,40.58
1989-06-26,8.167,6.295,6.018,12.732,63.34
1989-06-27,0.0,6.569,5.214,12.562,45.06
1989-06-28,0.0,7.669,5.875,14.661,33.89
1989-06-29,0.0,7.988,6.259,15.393,27.51
1989-06-30,0.0,7.287,6.625,14.589,24.86
1989-07-01,0.0,7.241,6.339,14.33,27.21
1989-07-02,0.0,6.618,7.107,13.946,37.45
1989-07-03,0.0,6.911,5.83,13.491,40.0
1989-07-04,0.0,6.831,3.571,11.866,29.86
1989-07-05,10.212,6.299,6.321,12.92,28.36
1989-07-06,8.475,3.277,6.821,9.17,82.29
1989-07-07,0.0,5.507,5.42,11.116,68.04
1989-07-08,0.0,6.215,5.741,12.384,39.27
1989-07-09,0.0,7.131,4.607,12.982,30.4
1989-07-10,0.0,8.158,3.009,13.571,27.85
1989-07-11,0.0,7.301,4.554,13.179,25.31
1989-07-12,0.0,8.258,4.616,14.67,22.85
1989-07-13,0.0,6.077,5.473,11.929,21.05
1989-07-14,0.0,6.648,6.098,13.205,22.39
1989-07-15,0.0,7.866,6.83,15.491,20.1
1989-07-16,0.0,4.23,7.929,11.205,28.46
1989-07-17,0.0,5.368,6.589,11.705,27.52
1989-07-18,0.0,6.923,6.179,13.625,21.75
1989-07-19,0.0,6.388,6.777,13.25,23.71
1989-07-20,8.028,7.301,5.884,13.946,29.3
1989-07-21,0.0,7.073,6.741,14.188,32.04
1989-07-22,0.0,6.086,7.393,13.241,46.07
1989-07-23,0.0,7.227,7.161,14.67,48.01
1989-07-24,4.608,6.985,5.964,13.491,31.22
1989-07-25,13.22,7.517,5.759,14.152,33.07
1989-07-26,14.435,5.144,7.804,12.232,31.03
1989-07-27,14.21,8.093,7.25,15.911,41.51
1989-07-28,0.0,9.132,4.616,15.723,27.96
1989-07-29,0.0,8.661,5.25,15.393,22.02
1989-07-30,0.0,8.991,6.232,16.482,19.28
1989-07-31,0.0,8.849,6.875,16.67,18.25
1989-08-01,1.214,5.929,8.17,13.482,19.87
1989-08-02,0.0,7.393,6.58,14.366,21.26
1989-08-03,0.0,8.589,4.58,14.795,19.31
1989-08-04,0.0,8.025,5.411,14.473,17.25
1989-08-05,0.0,7.098,6.161,13.616,16.25
1989-08-06,0.0,6.688,6.634,13.357,16.25
1989-08-07,0.0,8.349,6.027,15.277,17.01
1989-08-08,0.0,8.746,4.83,15.071,17.41
1989-08-09,12.031,7.375,6.125,13.955,17.17
1989-08-10,0.0,7.003,6.929,13.938,25.73
1989-08-11,0.688,7.114,7.357,14.42,30.18
1989-08-12,0.0,8.471,4.732,14.571,26.19
1989-08-13,0.0,7.373,6.071,13.83,29.73
1989-08-14,0.0,8.569,5.768,15.339,33.02
1989-08-15,0.0,7.425,6.152,13.946,30.45
1989-08-16,5.157,5.417,7.714,12.295,35.21
1989-08-17,0.0,7.971,5.116,14.009,30.6
1989-08-18,0.0,7.768,6.411,14.554,23.43
1989-08-19,0.0,8.456,5.054,14.643,21.1
1989-08-20,0.0,8.935,5.661,15.67,18.77
1989-08-21,20.015,9.355,6.366,16.705,18.32
1989-08-22,9.947,8.459,6.786,15.705,26.63
1989-08-23,0.0,7.083,7.652,14.393,33.23
1989-08-24,0.0,7.051,6.482,13.518,34.26
1989-08-25,0.0,9.871,5.036,16.536,22.31
1989-08-26,16.383,7.625,5.92,13.902,22.43
1989-08-27,10.713,7.187,7.732,14.536,20.1
1989-08-28,0.0,7.006,6.902,13.723,18.9
1989-08-29,0.0,6.929,8.152,14.482,22.12
1989-08-30,0.0,6.789,6.768,13.312,29.88
1989-08-31,6.654,7.579,7.223,14.688,34.64
1989-09-01,0.0,8.311,7.0,15.518,30.98
1989-09-02,0.0,8.97,5.964,15.741,19.71
1989-09-03,0.0,9.594,4.866,15.92,16.25
1989-09-04,16.376,7.348,7.768,14.705,14.61
1989-09-05,16.596,6.243,7.357,12.946,15.08
1989-09-06,19.44,6.61,8.071,13.991,22.74
1989-09-07,6.08,8.964,7.562,16.75,24.17
1989-09-08,0.0,6.708,7.545,13.696,26.09
1989-09-09,0.0,7.52,7.196,14.536,27.32
1989-09-10,0.856,7.379,6.696,14.009,27.48
1989-09-11,4.395,7.063,8.33,14.705,23.23
1989-09-12,0.0,7.446,7.304,14.491,20.21
1989-09-13,0.0,8.085,6.438,14.759,22.6
1989-09-14,0.0,7.109,7.455,14.134,18.0
1989-09-15,0.0,7.099,6.321,13.339,17.0
1989-09-16,0.0,7.986,5.527,14.027,20.44
1989-09-17,0.0,7.009,7.571,14.098,34.57
1989-09-18,0.0,8.164,6.223,14.714,30.04
1989-09-19,0.0,7.573,7.0,14.438,19.84
1989-09-20,1.808,8.521,7.366,15.973,17.96
1989-09-21,0.0,8.048,7.357,15.348,24.43
1989-09-22,10.35,6.734,7.42,13.634,26.36
1989-09-23,16.529,6.605,7.759,13.696,38.9
1989-09-24,0.0,6.983,7.438,13.964,25.12
1989-09-25,6.531,7.251,6.054,13.384,29.69
1989-09-26,3.943,6.791,7.375,13.661,26.9
1989-09-27,6.027,7.015,7.286,13.902,26.41
1989-09-28,8.217,5.041,7.821,11.75,22.98
1989-09-29,4.381,6.95,7.464,13.964,21.81
1989-09-30,0.0,7.587,6.089,13.857,27.23
1989-10-01,3.162,8.027,6.393,14.688,20.65
1989-10-02,0.0,7.885,6.482,14.536,18.53
1989-10-03,3.668,8.81,5.938,15.464,25.29
1989-10-04,8.181,5.444,7.259,11.866,39.98
1989-10-05,12.806,7.281,6.902,14.036,33.96
1989-10-06,0.731,8.004,6.741,14.911,30.74
1989-10-07,0.0,8.559,4.812,14.446,22.02
1989-10-08,16.37,8.195,6.143,14.804,18.63
1989-10-09,9.679,7.739,6.875,14.67,20.57
1989-10-10,13.88,8.618,6.741,15.848,25.23
1989-10-11,18.889,5.609,6.955,11.875,39.97
1989-10-12,10.452,5.962,7.625,12.875,54.26
1989-10-13,4.058,7.703,6.348,14.357,40.34
1989-10-14,5.153,6.931,7.027,13.732,32.01
1989-10-15,7.474,5.697,7.938,12.786,40.37
1989-10-16,6.934,7.574,7.348,14.857,28.81
1989-10-17,6.693,5.224,8.304,12.482,29.67
1989-10-18,4.16,5.764,8.92,13.625,38.33
1989-10-19,4.049,5.454,8.179,12.67,42.34
1989-10-20,2.755,7.346,7.054,14.375,36.53
1989-10-21,6.131,7.462,7.83,15.08,26.41
1989-10-22,3.857,7.282,6.812,14.143,24.4
1989-10-23,7.248,5.721,8.098,12.973,23.76
1989-10-24,8.486,5.805,7.643,12.768,31.37
1989-10-25,15.389,8.412,6.973,15.893,27.79
1989-10-26,5.122,8.513,8.116,16.812,25.27
1989-10-27,9.174,6.918,8.491,14.946,24.95
1989-10-28,5.3,6.53,8.366,14.33,24.85
1989-10-29,18.666,6.57,7.339,13.634,24.53
1989-10-30,15.379,6.662,8.625,14.705,28.95
1989-10-31,5.874,6.003,8.848,14.018,27.94
1989-11-01,7.882,5.078,8.223,12.357,24.49
1989-11-02,16.907,8.087,7.857,16.17,21.62
1989-11-03,5.676,8.099,8.036,16.339,30.54
1989-11-04,3.975,6.09,7.554,13.205,35.74
1989-11-05,7.705,8.116,7.545,16.045,28.15
1989-11-06,10.357,6.778,7.786,14.348,24.11
1989-11-07,11.763,6.255,7.938,13.768,23.3
1989-11-08,13.036,6.878,6.759,13.821,21.66
1989-11-09,0.0,5.989,7.277,12.938,22.47
1989-11-10,0.0,6.85,7.179,14.08,23.26
1989-11-11,0.0,5.957,7.714,13.232,21.51
1989-11-12,0.0,6.653,7.5,14.062,25.72
1989-11-13,0.0,8.225,7.295,16.179,41.02
1989-11-14,11.018,6.293,8.107,14.018,32.6
1989-11-15,13.916,7.46,8.062,15.643,26.38
1989-11-16,12.069,9.04,5.679,16.366,23.83
1989-11-17,14.539,7.963,8.411,16.616,28.2
1989-11-18,4.006,6.339,8.875,14.696,36.55
1989-11-19,3.376,7.074,9.071,15.857,29.0
1989-11-20,4.183,6.305,10.027,15.518,24.13
1989-11-21,11.11,6.025,8.116,13.741,21.6
1989-11-22,8.66,7.914,7.875,16.295,29.11
1989-11-23,5.228,5.32,9.027,13.5,31.18
1989-11-24,6.813,6.246,9.098,14.812,35.87
1989-11-25,0.0,6.838,8.661,15.321,24.97
1989-11-26,0.0,8.585,6.643,16.446,20.65
1989-11-27,0.0,6.918,7.616,14.714,18.05
1989-11-28,0.0,8.214,8.768,17.348,17.26
1989-11-29,13.232,8.336,8.0,17.018,19.01
1989-11-30,24.07,7.539,7.768,15.732,21.54
1989-12-01,18.772,5.808,8.955,14.161,21.29
1989-12-02,17.108,6.947,7.366,14.625,25.03
1989-12-03,11.84,6.963,7.938,15.054,33.75
1989-12-04,5.233,6.295,8.134,14.25,30.96
1989-12-05,1.985,6.386,7.884,14.205,29.96
1989-12-06,11.075,6.672,8.188,14.848,27.2
1989-12-07,0.0,7.903,6.295,15.339,22.3
1989-12-08,0.0,8.006,7.83,16.5,15.25
1989-12-09,0.0,8.761,6.518,16.768,16.0
1989-12-10,2.162,6.514,8.205,14.634,18.77
1989-12-11,9.269,6.257,8.304,14.339,17.5
1989-12-12,0.695,7.8,7.768,16.196,18.0
1989-12-13,0.0,8.369,5.732,15.714,16.75
1989-12-14,0.0,7.189,7.411,15.062,15.5
1989-12-15,0.0,8.7,5.902,16.33,15.0
1989-12-16,0.0,8.018,6.0,15.375,14.5
1989-12-17,0.0,9.067,4.884,16.268,13.32
1989-12-18,0.0,9.685,3.67,16.482,12.42
1989-12-19,0.0,8.36,6.205,16.0,11.97
1989-12-20,0.0,7.741,4.295,13.866,10.7
1989-12-21,0.0,6.331,5.268,12.312,8.0
1989-12-22,0.0,8.361,5.134,15.339,7.25
1989-12-23,0.0,6.632,7.17,14.071,6.65
1989-12-24,22.586,7.444,6.848,15.08,7.7
1989-12-25,9.305,5.942,6.741,12.777,9.8
1989-12-26,17.095,6.507,8.116,14.589,15.54
1989-12-27,12.415,6.824,6.518,13.911,16.72
1989-12-28,0.0,6.618,7.607,14.384,18.64
1989-12-29,9.646,7.892,6.232,15.312,17.57
1989-12-30,0.0,7.338,5.875,14.232,16.54
1989-12-31,10.219,7.2,6.214,14.241,16.44
1990-01-01,8.635,6.055,6.393,12.634,19.19
1990-01-02,7.537,6.701,6.58,13.732,20.1
1990-01-03,0.0,5.181,7.464,12.179,17.5
1990-01-04,0.0,5.916,6.866,12.759,16.6
1990-01-05,4.886,5.319,7.009,12.009,16.3
1990-01-06,4.518,6.308,7.482,13.795,16.2
1990-01-07,5.662,6.637,6.027,13.241,17.8
1990-01-08,12.66,4.735,7.679,11.714,18.18
1990-01-09,20.89,6.143,7.232,13.321,17.8
1990-01-10,0.0,5.652,7.714,12.964,17.5
1990-01-11,0.0,4.718,7.964,11.884,17.05
1990-01-12,4.456,5.842,7.884,13.339,17.94
1990-01-13,0.0,6.513,6.625,13.402,16.6
1990-01-14,0.0,6.54,7.348,13.929,17.19
1990-01-15,2.083,4.889,7.973,12.08,25.84
1990-01-16,0.0,6.975,8.045,15.0,19.51
1990-01-17,0.0,7.017,7.286,14.5,17.5
1990-01-18,0.0,7.852,8.33,16.411,17.45
1990-01-19,0.0,5.224,8.268,12.714,17.63
1990-01-20,0.0,7.673,7.893,15.821,16.6
1990-01-21,0.0,6.365,8.027,14.089,16.3
1990-01-22,0.0,6.024,7.83,13.464,17.17
1990-01-23,0.0,5.752,8.688,13.714,25.19
1990-01-24,0.0,6.581,7.688,14.08,24.18
1990-01-25,0.0,7.232,7.804,15.054,18.99
1990-01-26,9.622,4.96,8.455,12.464,29.87
1990-01-27,2.439,6.707,7.804,14.312,86.6
1990-01-28,0.0,7.594,6.705,14.768,31.27
1990-01-29,0.0,6.968,7.491,14.402,21.08
1990-01-30,6.591,6.786,8.339,14.732,16.9
1990-01-31,0.0,6.758,8.759,15.0,15.1
1990-02-01,0.0,6.776,8.268,14.643,14.1
1990-02-02,6.529,7.234,8.634,15.491,13.29
1990-02-03,22.799,5.241,8.607,12.857,15.92
1990-02-04,6.672,5.86,8.429,13.5,13.61
1990-02-05,13.005,5.707,8.339,13.205,24.02
1990-02-06,19.535,4.496,8.232,11.607,38.22
1990-02-07,15.289,6.721,7.304,13.812,21.42
1990-02-08,0.0,6.868,7.768,14.312,16.84
1990-02-09,15.142,7.321,8.152,15.17,20.37
1990-02-10,1.153,7.274,8.295,15.188,20.29
1990-02-11,0.0,7.01,7.866,14.527,22.14
1990-02-12,12.438,5.732,7.58,12.589,18.52
1990-02-13,2.339,5.752,8.777,13.518,16.97
1990-02-14,1.334,8.188,7.92,16.134,15.63
1990-02-15,16.683,5.981,8.152,13.321,14.75
1990-02-16,0.544,6.967,8.491,14.848,15.26
1990-02-17,3.182,6.941,7.295,13.973,16.13
1990-02-18,4.24,6.634,7.125,13.429,22.06
1990-02-19,2.574,5.28,7.33,11.759,43.46
1990-02-20,7.8,6.197,7.179,12.839,29.48
1990-02-21,10.739,7.587,6.955,14.545,23.23
1990-02-22,0.0,5.601,7.67,12.375,19.02
1990-02-23,0.0,7.032,7.089,13.848,16.19
1990-02-24,11.349,6.906,8.25,14.527,14.88
1990-02-25,0.0,6.981,7.625,14.134,14.1
1990-02-26,0.0,6.998,7.304,13.938,13.72
1990-02-27,0.0,6.396,7.036,12.938,12.9
1990-02-28,0.0,5.717,7.089,12.045,12.77
1990-03-01,0.0,6.96,6.723,13.446,12.3
1990-03-02,0.0,7.355,6.491,13.795,14.19
1990-03-03,0.0,6.152,6.589,12.241,12.93
1990-03-04,2.285,6.977,6.679,13.402,12.78
1990-03-05,0.0,7.731,6.759,14.482,16.27
1990-03-06,0.0,7.754,7.589,15.071,16.64
1990-03-07,3.841,6.596,8.205,13.973,13.9
1990-03-08,0.0,6.332,8.661,13.973,13.1
1990-03-09,4.283,6.22,8.0,13.339,16.24
1990-03-10,0.0,5.824,9.071,13.661,24.85
1990-03-11,2.312,5.124,8.259,12.161,44.83
1990-03-12,0.0,8.146,8.134,15.929,46.77
1990-03-13,0.0,8.203,7.196,15.339,24.97
1990-03-14,0.0,5.58,8.277,12.723,24.11
1990-03-15,10.57,5.958,7.857,12.848,35.61
1990-03-16,0.0,6.967,8.411,14.545,27.29
1990-03-17,4.818,8.627,7.473,16.054,20.37
1990-03-18,5.674,4.472,9.107,12.071,17.03
1990-03-19,0.0,7.188,8.196,14.652,27.13
1990-03-20,0.0,6.473,9.518,14.759,19.09
1990-03-21,9.326,5.269,8.562,12.527,16.83
1990-03-22,0.0,7.569,8.357,15.268,15.7
1990-03-23,2.217,7.898,8.679,15.938,15.07
1990-03-24,3.171,7.472,8.661,15.393,16.81
1990-03-25,32.145,5.491,8.304,12.598,40.2
1990-03-26,21.889,5.392,7.804,12.116,87.4
1990-03-27,8.147,8.085,7.375,15.304,57.26
1990-03-28,3.316,8.188,7.259,15.357,27.73
1990-03-29,4.153,7.906,7.446,15.116,22.95
1990-03-30,0.0,8.544,7.054,15.679,19.9
1990-03-31,0.0,7.12,8.402,14.741,16.6
1990-04-01,0.0,4.5,8.045,11.223,18.4
1990-04-02,0.0,8.241,6.705,15.08,19.0
1990-04-03,12.18,6.226,7.777,13.152,15.7
1990-04-04,13.119,5.915,7.268,12.384,19.7
1990-04-05,0.0,9.85,6.357,17.08,26.45
1990-04-06,0.0,7.147,6.964,13.804,44.37
1990-04-07,7.176,7.951,7.911,15.527,40.46
1990-04-08,0.0,7.947,6.679,14.705,27.8
1990-04-09,0.0,8.684,6.679,15.705,19.6
1990-04-10,0.0,6.791,6.83,13.25,14.9
1990-04-11,2.953,6.074,8.929,13.875,14.8
1990-04-12,3.91,6.082,9.188,14.098,16.6
1990-04-13,5.33,7.436,9.152,15.777,18.7
1990-04-14,6.366,7.909,8.411,15.902,25.4
1990-04-15,11.955,9.013,7.661,16.875,32.5
1990-04-16,13.802,5.604,8.259,12.83,39.48
1990-04-17,0.0,8.535,7.446,16.125,42.17
1990-04-18,0.0,6.876,7.75,14.107,25.13
1990-04-19,0.0,8.243,8.116,16.205,22.95
1990-04-20,7.515,7.209,8.473,15.098,21.2
1990-04-21,2.612,6.688,8.589,14.509,21.2
1990-04-22,13.116,6.076,7.991,13.286,22.25
1990-04-23,8.956,6.74,8.277,14.384,34.83
1990-04-24,7.178,6.459,8.009,13.795,38.3
1990-04-25,10.148,5.777,8.179,13.071,22.25
1990-04-26,0.0,6.097,8.152,13.455,25.4
1990-04-27,6.08,6.792,7.884,14.188,34.57
1990-04-28,8.966,6.267,8.188,13.723,36.53
1990-04-29,34.171,4.594,7.661,11.196,66.7
1990-04-30,0.0,5.526,6.884,11.804,35.15
1990-05-01,17.491,5.128,7.83,12.045,36.5
1990-05-02,3.441,7.145,6.705,13.929,46.15
1990-05-03,19.701,5.115,7.911,12.08,51.13
1990-05-04,0.0,6.357,5.964,12.321,42.26
1990-05-05,6.518,6.738,7.929,14.268,50.35
1990-05-06,15.047,6.793,7.991,14.411,59.24
1990-05-07,4.586,6.534,9.134,14.884,48.21
1990-05-08,6.362,6.354,8.661,14.339,41.43
1990-05-09,0.0,8.208,8.473,16.696,54.7
1990-05-10,0.0,7.145,7.929,14.884,36.15
1990-05-11,17.374,7.275,7.652,14.884,32.6
1990-05-12,0.417,5.425,8.482,13.018,31.75
1990-05-13,0.0,6.742,8.25,14.634,33.03
1990-05-14,0.0,6.205,8.929,14.411,43.2
1990-05-15,4.117,5.964,8.482,13.75,50.1
1990-05-16,0.0,6.857,9.089,15.411,28.1
1990-05-17,0.0,6.203,8.107,13.83,30.9
1990-05-18,0.0,6.01,8.411,13.795,28.85
1990-05-19,0.0,5.933,8.839,14.045,38.08
1990-05-20,0.0,5.814,8.75,13.812,41.0
1990-05-21,4.311,6.39,8.134,14.152,34.72
1990-05-22,9.901,5.714,8.036,13.205,72.19
1990-05-23,0.958,5.288,7.589,12.286,58.03
1990-05-24,0.0,6.146,6.804,12.893,37.0
1990-05-25,0.0,7.679,7.696,15.696,36.5
1990-05-26,0.0,7.516,6.438,14.625,32.17
1990-05-27,0.0,6.828,8.357,14.973,28.35
1990-05-28,0.0,7.223,7.098,14.67,24.7
1990-05-29,0.0,5.612,8.312,13.312,29.75
1990-05-30,21.968,6.717,7.125,14.0,41.0
1990-05-31,0.0,6.524,7.696,14.107,42.5
1990-06-01,0.0,6.776,7.402,14.277,48.0
1990-06-02,0.0,8.387,6.018,15.705,32.75
1990-06-03,0.0,6.275,8.089,14.071,25.05
1990-06-04,0.0,5.391,8.027,12.83,26.45
1990-06-05,0.0,6.28,7.545,13.723,25.55
1990-06-06,0.0,6.836,7.804,14.688,26.33
1990-06-07,0.0,8.335,6.455,15.973,32.75
1990-06-08,1.453,7.375,6.527,14.616,21.2
1990-06-09,3.118,6.432,7.982,14.277,28.35
1990-06-10,4.451,4.877,7.982,12.152,38.0
1990-06-11,18.241,5.375,8.179,13.0,99.06
1990-06-12,3.433,7.112,7.777,15.125,48.75
1990-06-13,0.0,5.606,8.321,13.393,38.5
1990-06-14,0.0,6.886,7.92,14.902,43.15
1990-06-15,1.362,5.686,8.268,13.473,46.0
1990-06-16,13.218,4.447,7.598,11.304,37.0
1990-06-17,0.0,5.117,7.375,12.009,41.0
1990-06-18,0.0,5.971,7.518,13.321,33.88
1990-06-19,0.0,6.436,6.304,13.134,30.47
1990-06-20,0.0,6.487,6.875,13.607,25.05
1990-06-21,0.0,5.822,8.036,13.509,20.9
1990-06-22,0.0,6.313,7.768,14.0,18.7
1990-06-23,0.0,6.862,7.688,14.723,21.2
1990-06-24,0.427,6.091,8.312,14.071,25.75
1990-06-25,10.656,7.399,6.732,14.848,40.15
1990-06-26,0.0,6.585,5.929,13.107,25.05
1990-06-27,9.333,4.946,7.973,12.25,22.95
1990-06-28,0.0,6.083,7.688,13.607,21.2
1990-06-29,0.0,6.403,8.107,14.375,21.2
1990-06-30,3.753,5.618,8.018,13.188,20.85
1990-07-01,0.0,6.187,7.705,13.75,19.6
1990-07-02,0.0,6.366,6.902,13.429,19.6
1990-07-03,0.755,6.93,7.348,14.545,46.66
1990-07-04,0.0,6.881,6.857,14.143,99.31
1990-07-05,0.0,6.427,7.339,13.812,90.82
1990-07-06,0.0,6.324,7.946,14.098,51.5
1990-07-07,0.0,6.79,7.491,14.411,40.0
1990-07-08,0.0,7.481,7.277,15.25,30.05
1990-07-09,0.0,8.66,5.393,15.777,28.95
1990-07-10,34.337,6.425,7.527,13.92,43.5
1990-07-11,0.0,5.876,7.58,13.179,54.25
1990-07-12,18.938,5.624,7.509,12.812,16.0
1990-07-13,1.6,5.048,6.679,11.339,25.2
1990-07-14,0.0,7.002,6.116,13.732,20.85
1990-07-15,0.0,6.56,7.473,14.009,22.25
1990-07-16,0.0,6.147,7.607,13.518,24.0
1990-07-17,0.0,7.146,6.893,14.429,26.45
1990-07-18,0.0,6.75,6.83,13.795,28.78
1990-07-19,0.0,6.354,7.366,13.598,25.75
1990-07-20,0.0,7.768,5.312,14.268,23.65
1990-07-21,8.578,8.287,5.295,15.0,22.6
1990-07-22,0.0,7.282,6.188,14.125,20.9
1990-07-23,12.059,7.587,5.545,14.098,45.65
1990-07-24,0.0,8.323,4.741,14.679,40.04
1990-07-25,0.0,8.808,4.804,15.411,24.69
1990-07-26,0.0,8.484,4.554,14.759,20.09
1990-07-27,0.0,7.867,4.759,13.946,19.3
1990-07-28,0.0,6.11,7.92,13.589,19.87
1990-07-29,0.0,6.539,7.268,13.723,29.23
1990-07-30,0.0,4.6,6.393,10.366,81.67
1990-07-31,0.934,6.047,6.312,12.312,48.02
1990-08-01,0.0,7.601,4.705,13.455,26.72
1990-08-02,0.0,7.368,5.509,13.616,20.58
1990-08-03,0.0,6.932,6.295,13.509,18.1
1990-08-04,0.0,6.182,7.071,12.991,17.25
1990-08-05,0.0,7.519,6.196,14.241,21.76
1990-08-06,0.0,8.477,5.509,15.161,18.1
1990-08-07,0.0,8.675,6.732,16.223,16.9
1990-08-08,0.0,7.612,6.804,14.741,18.57
1990-08-09,0.0,7.617,6.857,14.786,30.41
1990-08-10,0.0,5.983,7.714,13.134,50.42
1990-08-11,0.0,6.321,7.241,13.205,44.24
1990-08-12,0.0,6.882,5.616,12.848,24.09
1990-08-13,0.0,6.339,7.536,13.42,20.68
1990-08-14,0.0,7.635,6.196,14.268,28.4
1990-08-15,0.0,9.297,5.321,16.062,27.31
1990-08-16,0.0,7.129,8.821,15.384,23.66
1990-08-17,0.0,8.746,5.429,15.312,24.13
1990-08-18,0.0,8.307,7.125,15.777,24.73
1990-08-19,0.0,8.904,6.491,16.17,39.33
1990-08-20,0.0,7.877,6.884,15.009,23.62
1990-08-21,0.0,7.871,7.366,15.304,22.86
1990-08-22,0.0,8.095,6.393,14.964,32.76
1990-08-23,0.0,7.659,8.054,15.455,31.43
1990-08-24,0.0,8.708,5.304,15.071,29.59
1990-08-25,0.0,9.202,5.946,16.152,21.19
1990-08-26,0.0,8.327,6.188,15.071,17.5
1990-08-27,0.0,8.515,6.955,15.866,16.33
1990-08-28,0.773,6.52,8.143,13.955,16.53
1990-08-29,46.251,6.028,7.866,13.116,18.86
1990-08-30,0.0,7.212,8.312,14.964,22.24
1990-08-31,0.0,8.623,6.625,15.696,21.95
1990-09-01,4.199,8.0,6.777,14.946,33.51
1990-09-02,0.0,8.703,7.429,16.33,22.95
1990-09-03,0.0,7.253,8.482,15.125,22.57
1990-09-04,0.0,8.409,7.464,15.964,35.48
1990-09-05,0.0,7.68,6.402,14.232,24.86
1990-09-06,3.159,9.313,6.054,16.241,18.46
1990-09-07,3.564,7.368,7.795,14.75,17.1
1990-09-08,0.0,8.573,5.982,15.17,17.32
1990-09-09,0.0,8.209,6.795,15.179,16.32
1990-09-10,0.0,8.435,6.17,15.071,16.74
1990-09-11,0.0,7.663,8.116,15.339,20.25
1990-09-12,0.347,6.985,7.821,14.232,25.71
1990-09-13,0.0,8.122,7.054,15.214,26.75
1990-09-14,12.627,6.29,7.455,13.062,24.64
1990-09-15,9.362,8.028,6.143,14.5,32.67
1990-09-16,0.0,9.246,4.884,15.375,24.66
1990-09-17,0.0,9.344,5.25,15.741,18.1
1990-09-18,0.0,9.684,5.509,16.348,15.4
1990-09-19,0.0,7.887,7.125,14.929,14.3
1990-09-20,0.0,8.901,7.009,16.232,14.01
1990-09-21,0.0,8.448,7.205,15.741,13.9
1990-09-22,6.794,7.514,7.482,14.705,17.87
1990-09-23,13.33,8.56,7.33,16.018,15.87
1990-09-24,0.0,7.933,7.473,15.259,20.38
1990-09-25,0.0,7.224,7.554,14.366,29.67
1990-09-26,0.0,6.27,7.884,13.348,18.02
1990-09-27,4.764,6.418,7.884,13.545,16.51
1990-09-28,6.219,6.864,7.991,14.205,14.8
1990-09-29,0.0,7.837,7.938,15.446,13.7
1990-09-30,0.0,8.137,6.152,14.652,13.1
1990-10-01,4.026,6.486,8.277,13.929,12.9
1990-10-02,11.247,7.346,7.518,14.536,14.02
1990-10-03,5.766,8.47,7.625,16.116,20.05
1990-10-04,0.0,6.968,8.241,14.554,16.78
1990-10-05,12.13,5.62,8.027,12.661,18.11
1990-10-06,10.02,6.548,7.696,13.616,15.81
1990-10-07,14.071,6.185,8.33,13.634,16.68
1990-10-08,2.256,7.491,7.482,14.75,28.33
1990-10-09,1.087,7.575,6.643,14.321,26.69
1990-10-10,23.079,7.491,7.509,14.821,36.74
1990-10-11,12.159,6.94,7.411,14.0,25.23
1990-10-12,13.559,5.262,8.223,12.411,25.63
1990-10-13,0.51,5.888,9.098,13.893,26.52
1990-10-14,4.026,8.488,7.366,16.089,25.63
1990-10-15,5.713,7.096,7.625,14.393,21.74
1990-10-16,5.73,7.284,6.018,13.545,17.7
1990-10-17,0.939,7.331,7.312,14.5,16.54
1990-10-18,0.0,7.88,7.446,15.384,16.17
1990-10-19,22.029,6.973,7.875,14.482,26.14
1990-10-20,14.788,6.145,7.58,13.143,26.29
1990-10-21,0.21,6.653,8.0,14.134,22.22
1990-10-22,8.026,5.036,7.607,11.714,32.33
1990-10-23,1.541,5.281,7.616,12.071,26.09
1990-10-24,22.102,5.939,7.679,12.982,33.82
1990-10-25,0.0,6.155,7.125,12.875,47.59
1990-10-26,0.0,6.277,7.58,13.411,24.81
1990-10-27,0.0,7.243,7.884,14.929,22.42
1990-10-28,4.237,6.517,7.759,13.857,18.39
1990-10-29,22.155,6.722,6.339,13.161,16.3
1990-10-30,0.0,6.096,6.839,12.643,15.1
1990-10-31,14.181,7.195,7.054,14.384,16.15
1990-11-01,12.258,6.446,7.402,13.554,27.72
1990-11-02,23.333,6.687,6.875,13.527,19.22
1990-11-03,14.212,6.635,7.982,14.277,18.51
1990-11-04,15.023,6.135,7.536,13.286,25.58
1990-11-05,9.837,6.878,7.741,14.446,20.22
1990-11-06,0.0,8.637,7.571,16.83,19.3
1990-11-07,2.297,7.107,8.071,15.027,19.05
1990-11-08,0.0,6.556,8.688,14.732,17.2
1990-11-09,0.0,6.51,8.571,14.625,18.1
1990-11-10,0.0,5.347,8.286,12.848,20.3
1990-11-11,0.0,5.503,7.67,12.58,15.1
1990-11-12,4.157,5.884,7.027,12.643,13.7
1990-11-13,0.0,6.663,7.098,13.795,11.7
1990-11-14,0.0,6.739,6.902,13.786,10.7
1990-11-15,3.86,5.459,7.938,12.777,12.1
1990-11-16,0.0,5.758,8.366,13.509,12.1
1990-11-17,0.0,6.739,8.312,14.804,13.3
1990-11-18,0.0,5.18,8.107,12.545,25.4
1990-11-19,4.779,6.242,7.92,13.884,35.88
1990-11-20,15.519,4.827,8.964,12.795,21.2
1990-11-21,1.37,4.748,8.071,11.973,33.25
1990-11-22,4.232,6.855,7.446,14.446,30.99
1990-11-23,11.736,7.35,6.696,14.679,21.6
1990-11-24,11.843,5.054,7.839,12.232,23.19
1990-11-25,2.811,7.255,7.527,15.125,19.74
1990-11-26,11.347,6.116,7.946,13.795,23.67
1990-11-27,9.375,7.759,6.688,15.286,42.78
1990-11-28,2.192,6.475,8.795,14.929,24.3
1990-11-29,3.289,7.391,7.518,15.339,19.48
1990-11-30,0.0,6.431,7.625,14.036,18.66
1990-12-01,0.0,7.51,6.857,15.089,17.14
1990-12-02,0.0,7.139,8.161,15.464,15.49
1990-12-03,42.363,6.605,7.518,14.232,39.65
1990-12-04,2.635,5.547,8.366,13.411,26.07
1990-12-05,36.216,4.116,8.134,11.33,27.71
1990-12-06,23.294,5.212,7.232,12.089,30.72
1990-12-07,0.0,7.009,4.259,12.705,29.73
1990-12-08,12.213,6.939,4.295,12.598,32.07
1990-12-09,0.0,7.646,3.696,13.375,22.79
1990-12-10,0.0,6.676,6.607,13.786,16.6
1990-12-11,0.0,6.313,6.08,12.848,14.44
1990-12-12,0.0,8.041,5.348,14.991,14.54
1990-12-13,0.0,8.222,5.795,15.536,13.5
1990-12-14,0.0,7.163,7.107,14.821,12.48
1990-12-15,0.0,7.794,5.857,14.946,12.76
1990-12-16,0.0,7.011,7.554,14.911,13.44
1990-12-17,0.0,7.599,7.348,15.625,13.22
1990-12-18,0.0,5.935,7.616,13.402,12.9
1990-12-19,0.0,5.027,8.125,12.527,12.26
1990-12-20,0.531,6.03,8.482,14.179,12.91
1990-12-21,0.0,6.864,8.25,15.188,14.47
1990-12-22,40.94,6.63,7.009,13.982,15.72
1990-12-23,1.883,6.975,7.509,14.866,20.62
1990-12-24,0.0,5.389,7.946,12.875,20.38
1990-12-25,0.0,5.7,7.768,13.17,23.83
1990-12-26,0.308,5.078,8.696,13.036,19.03
1990-12-27,11.321,5.938,8.741,14.241,21.44
1990-12-28,0.0,8.001,6.696,15.795,23.07
1990-12-29,17.378,7.143,7.634,15.125,22.73
1990-12-30,3.106,5.353,7.223,12.259,19.54
1990-12-31,6.083,6.453,7.384,13.938,17.8
1991-01-01,10.071,7.655,6.991,15.438,16.4
1991-01-02,0.938,6.78,7.027,14.152,14.7
1991-01-03,0.0,7.01,7.562,14.866,13.5
1991-01-04,0.0,6.122,8.357,14.152,13.1
1991-01-05,0.0,6.932,7.946,14.973,11.1
1991-01-06,0.0,7.282,7.125,14.911,11.7
1991-01-07,0.0,7.008,7.518,14.804,10.3
1991-01-08,0.0,7.175,7.554,15.036,9.4
1991-01-09,0.0,6.699,8.304,14.866,10.9
1991-01-10,0.0,6.948,8.607,15.429,10.7
1991-01-11,0.0,4.937,8.92,12.92,12.5
1991-01-12,10.714,6.461,8.625,14.777,19.4
1991-01-13,7.724,7.247,7.83,15.277,10.2
1991-01-14,11.335,5.292,8.295,12.893,10.0
1991-01-15,5.596,5.182,8.312,12.75,9.4
1991-01-16,20.984,6.087,7.759,13.589,11.9
1991-01-17,0.0,6.987,7.402,14.545,13.3
1991-01-18,0.0,6.61,8.429,14.768,11.9
1991-01-19,0.0,7.142,7.536,14.812,11.1
1991-01-20,0.0,6.342,7.446,13.634,10.7
1991-01-21,0.0,8.022,6.607,15.446,10.2
1991-01-22,0.0,8.35,6.804,16.036,9.9
1991-01-23,0.0,8.213,4.232,14.179,9.9
1991-01-24,0.0,7.324,5.875,13.893,9.7
1991-01-25,0.622,8.103,5.741,14.929,9.6
1991-01-26,0.405,8.571,4.804,15.0,9.6
1991-01-27,0.0,7.061,6.339,13.777,9.4
1991-01-28,0.0,7.216,6.304,13.955,9.3
1991-01-29,0.0,8.145,6.33,15.286,9.3
1991-01-30,0.0,7.962,5.652,14.562,9.1
1991-01-31,0.0,9.387,5.714,16.634,9.0
1991-02-01,0.0,9.751,4.562,16.455,9.0
1991-02-02,0.0,7.883,6.652,15.054,9.3
1991-02-03,3.53,4.721,7.509,11.339,9.0
1991-02-04,1.224,7.029,6.884,14.0,10.4
1991-02-05,0.0,6.479,6.911,13.232,10.0
1991-02-06,0.0,6.834,7.277,13.946,9.6
1991-02-07,0.0,8.35,7.938,16.482,9.1
1991-02-08,0.0,6.48,7.277,13.429,9.0
1991-02-09,0.0,6.643,7.634,13.902,10.3
1991-02-10,0.0,7.421,6.429,14.116,9.3
1991-02-11,22.54,5.976,7.857,13.125,8.9
1991-02-12,11.27,6.039,9.08,14.116,9.8
1991-02-13,12.88,5.092,9.143,12.982,9.4
1991-02-14,11.264,6.445,8.705,14.339,9.3
1991-02-15,5.558,5.648,9.062,13.58,9.1
1991-02-16,9.329,6.127,8.741,13.929,9.0
1991-02-17,0.0,6.48,8.438,14.143,8.8
1991-02-18,0.0,5.868,8.295,13.232,8.6
1991-02-19,0.0,6.69,8.134,14.188,8.8
1991-02-20,0.0,5.4,8.268,12.625,9.0
1991-02-21,0.0,7.004,8.321,14.723,9.0
1991-02-22,0.0,7.306,7.857,14.777,8.8
1991-02-23,0.0,7.033,9.286,15.446,8.6
1991-02-24,0.0,6.738,9.116,14.92,9.3
1991-02-25,0.0,7.201,8.777,15.25,17.9
1991-02-26,0.0,6.484,9.286,14.696,21.8
1991-02-27,0.0,7.02,8.357,14.679,18.2
1991-02-28,0.0,7.393,8.812,15.464,14.7
1991-03-01,0.0,5.719,8.482,13.089,16.3
1991-03-02,7.884,6.13,8.438,13.58,15.2
1991-03-03,18.621,8.879,8.196,17.027,19.8
1991-03-04,0.0,7.828,8.125,15.562,18.4
1991-03-05,22.937,7.068,7.848,14.348,17.8
1991-03-06,8.502,8.053,7.741,15.554,20.2
1991-03-07,12.308,5.826,8.214,13.009,31.7
1991-03-08,0.0,7.462,7.652,14.714,29.3
1991-03-09,0.769,4.943,9.071,12.607,31.6
1991-03-10,17.933,4.756,8.0,11.491,29.4
1991-03-11,0.0,6.485,8.598,14.098,28.5
1991-03-12,20.445,6.722,7.955,13.92,23.4
1991-03-13,10.578,7.004,8.741,14.857,22.8
1991-03-14,4.076,5.622,9.036,13.366,17.5
1991-03-15,0.966,7.804,7.268,14.848,17.0
1991-03-16,0.0,8.31,7.884,15.92,14.4
1991-03-17,1.63,7.769,7.902,15.205,13.1
1991-03-18,0.0,8.742,8.062,16.607,11.9
1991-03-19,0.0,10.886,4.098,17.045,10.5
1991-03-20,0.0,10.235,5.652,17.071,9.9
1991-03-21,0.0,9.896,6.152,16.902,9.4
1991-03-22,0.0,8.166,7.17,15.241,9.3
1991-03-23,0.0,9.911,7.33,17.679,9.3
1991-03-24,25.396,8.386,7.375,15.679,11.7
1991-03-25,19.533,7.104,8.268,14.634,23.1
1991-03-26,20.277,6.838,8.036,14.143,37.0
1991-03-27,25.16,6.387,8.482,13.893,38.0
1991-03-28,1.022,5.139,7.241,11.357,31.8
1991-03-29,0.0,7.277,7.214,14.107,34.7
1991-03-30,0.0,7.443,7.214,14.366,30.9
1991-03-31,10.368,6.847,6.973,13.366,26.1
1991-04-01,0.0,9.292,3.973,14.795,26.8
1991-04-02,0.0,7.838,7.536,15.107,30.5
1991-04-03,0.0,5.862,7.455,12.438,25.4
1991-04-04,0.0,7.36,8.5,15.143,22.3
1991-04-05,7.971,6.971,8.375,14.562,16.0
1991-04-06,0.0,7.155,7.241,14.0,20.9
1991-04-07,0.0,7.106,8.179,14.625,23.3
1991-04-08,16.715,5.763,8.554,13.179,22.6
1991-04-09,17.816,6.15,8.08,13.339,29.2
1991-04-10,1.646,7.061,8.455,14.821,31.8
1991-04-11,0.0,6.736,8.152,14.17,23.4
1991-04-12,27.312,7.292,6.902,14.009,23.3
1991-04-13,30.906,4.884,8.473,12.08,41.0
1991-04-14,13.838,7.841,7.411,15.143,78.1
1991-04-15,9.439,6.64,7.58,13.661,43.5
1991-04-16,6.588,7.338,7.821,14.759,32.6
1991-04-17,5.737,5.676,8.518,13.116,25.8
1991-04-18,4.057,10.318,5.857,17.554,20.6
1991-04-19,3.9,8.225,7.723,15.911,15.1
1991-04-20,4.823,5.259,8.911,12.946,14.1
1991-04-21,5.626,6.753,8.062,14.214,16.3
1991-04-22,2.813,7.183,7.964,14.705,15.1
1991-04-23,0.0,6.447,8.25,13.973,18.4
1991-04-24,2.652,7.101,8.411,14.964,19.0
1991-04-25,0.0,7.388,8.473,15.366,22.6
1991-04-26,0.0,6.882,7.554,14.045,26.1
1991-04-27,8.71,6.622,8.232,14.223,24.1
1991-04-28,0.0,7.325,7.795,14.866,13.7
1991-04-29,1.032,7.122,8.625,15.205,16.6
1991-04-30,2.722,6.746,7.714,14.08,19.9
1991-05-01,0.982,6.998,8.893,15.25,16.0
1991-05-02,0.0,6.578,9.143,14.893,14.1
1991-05-03,5.599,7.24,8.554,15.348,16.6
1991-05-04,8.216,6.021,8.857,13.982,17.5
1991-05-05,0.0,6.169,8.857,14.205,24.7
1991-05-06,0.0,7.29,8.348,15.33,26.5
1991-05-07,0.0,4.382,8.42,11.634,17.3
1991-05-08,0.0,6.998,8.384,14.982,18.5
1991-05-09,8.602,6.381,8.875,14.536,15.2
1991-05-10,0.0,5.386,8.786,13.214,22.8
1991-05-11,0.0,6.623,8.705,14.768,40.1
1991-05-12,0.0,6.819,8.179,14.634,29.8
1991-05-13,14.022,7.122,8.527,15.339,65.2
1991-05-14,0.0,6.303,9.295,14.804,31.0
1991-05-15,8.68,5.78,9.375,14.196,56.7
1991-05-16,0.0,6.086,9.446,14.652,34.8
1991-05-17,17.412,5.561,8.688,13.42,33.2
1991-05-18,26.214,5.115,8.491,12.679,33.8
1991-05-19,1.001,5.458,8.33,13.027,55.3
1991-05-20,11.783,6.036,7.821,13.42,44.4
1991-05-21,15.583,5.8,7.732,13.071,57.9
1991-05-22,12.085,5.256,7.991,12.527,79.7
1991-05-23,5.253,5.375,7.42,12.25,55.8
1991-05-24,9.05,5.645,7.027,12.366,51.5
1991-05-25,9.097,7.336,7.848,15.339,49.8
1991-05-26,4.177,8.806,6.92,16.804,32.2
1991-05-27,0.0,6.841,8.821,15.339,23.7
1991-05-28,3.648,5.572,7.339,12.509,18.4
1991-05-29,0.0,6.238,8.821,14.536,16.4
1991-05-30,0.0,5.704,8.366,13.473,17.0
1991-05-31,0.492,5.465,8.089,12.955,19.3
1991-06-01,0.0,6.324,8.366,14.339,30.4
1991-06-02,0.0,7.357,8.991,16.232,23.7
1991-06-03,5.133,7.06,9.054,15.884,21.6
1991-06-04,2.038,7.777,8.661,16.607,20.2
1991-06-05,4.666,6.09,9.304,14.759,19.3
1991-06-06,3.61,5.639,8.732,13.723,19.9
1991-06-07,0.487,5.761,9.098,14.17,22.8
1991-06-08,0.0,4.95,8.688,12.786,18.8
1991-06-09,0.477,7.457,8.714,16.259,21.4
1991-06-10,1.692,4.844,9.116,12.991,40.2
1991-06-11,0.0,7.36,7.464,15.259,29.6
1991-06-12,0.0,7.317,7.589,15.295,18.7
1991-06-13,0.0,6.585,8.607,14.964,15.1
1991-06-14,4.853,6.053,9.143,14.625,14.3
1991-06-15,0.0,4.998,8.643,12.839,14.5
1991-06-16,1.193,5.793,8.143,13.536,20.2
1991-06-17,4.775,5.846,8.652,14.018,28.4
1991-06-18,3.31,6.872,8.295,15.161,20.1
1991-06-19,4.252,5.476,8.25,13.17,17.5
1991-06-20,2.047,5.731,8.679,13.839,15.0
1991-06-21,4.717,5.827,9.161,14.357,15.0
1991-06-22,5.146,6.283,8.768,14.688,17.7
1991-06-23,4.417,6.253,8.491,14.446,43.9
1991-06-24,6.447,5.481,8.33,13.286,48.1
1991-06-25,3.988,6.646,7.509,14.304,44.9
1991-06-26,0.0,6.968,7.83,14.964,27.6
1991-06-27,20.541,6.69,7.75,14.527,21.7
1991-06-28,23.095,6.473,8.036,14.446,56.6
1991-06-29,0.0,5.236,7.866,12.554,50.2
1991-06-30,0.0,5.426,7.277,12.375,56.1
1991-07-01,0.0,5.013,7.661,12.089,72.7
1991-07-02,0.0,6.369,7.795,14.089,58.7
1991-07-03,0.0,6.366,7.027,13.545,42.9
1991-07-04,1.604,3.886,8.42,11.259,33.0
1991-07-05,0.0,4.975,8.009,12.312,24.7
1991-07-06,0.0,6.926,6.759,14.134,35.7
1991-07-07,0.0,4.61,7.714,11.589,57.2
1991-07-08,0.0,6.705,7.277,14.152,53.7
1991-07-09,0.0,5.725,7.946,13.259,43.7
1991-07-10,38.142,6.375,7.643,13.938,63.5
1991-07-11,0.591,5.488,6.777,12.062,71.9
1991-07-12,0.0,7.254,6.268,14.223,68.1
1991-07-13,0.0,6.261,6.661,13.027,48.8
1991-07-14,0.0,6.035,7.384,13.268,28.7
1991-07-15,0.0,6.04,7.527,13.348,28.8
1991-07-16,0.0,6.145,8.188,13.973,57.1
1991-07-17,0.0,7.46,6.473,14.616,42.5
1991-07-18,2.267,6.962,6.536,13.929,33.9
1991-07-19,0.0,6.509,6.696,13.366,29.2
1991-07-20,0.0,5.916,5.893,11.929,32.2
1991-07-21,0.0,6.101,5.911,12.205,33.0
1991-07-22,0.0,6.252,6.393,12.759,26.8
1991-07-23,1.037,6.793,6.098,13.348,27.7
1991-07-24,0.0,4.955,6.929,11.321,45.7
1991-07-25,0.0,6.373,7.286,13.554,40.4
1991-07-26,0.0,5.528,7.938,12.839,32.1
1991-07-27,0.0,6.165,7.616,13.464,36.3
1991-07-28,0.0,6.215,6.036,12.402,48.2
1991-07-29,0.0,6.576,7.089,13.607,89.6
1991-07-30,0.0,7.568,6.348,14.518,46.5
1991-07-31,35.933,7.249,7.071,14.536,65.4
1991-08-01,19.412,6.609,7.0,13.589,78.1
1991-08-02,0.0,6.592,6.723,13.357,44.5
1991-08-03,19.412,6.776,6.357,13.357,39.5
1991-08-04,0.0,7.404,6.42,14.259,43.0
1991-08-05,0.0,6.449,6.5,12.946,25.4
1991-08-06,0.0,6.913,6.714,13.732,41.0
1991-08-07,0.0,7.525,7.054,14.821,115.0
1991-08-08,0.0,7.813,6.446,14.777,108.1
1991-08-09,0.0,5.853,7.348,12.67,56.7
1991-08-10,0.0,7.414,7.205,14.723,51.5
1991-08-11,0.0,6.948,5.866,13.125,40.2
1991-08-12,0.349,7.496,5.223,13.464,26.1
1991-08-13,0.0,7.181,5.143,12.973,19.4
1991-08-14,0.0,6.703,6.705,13.348,24.9
1991-08-15,0.0,5.967,6.58,12.214,29.0
1991-08-16,0.0,5.785,7.098,12.33,28.6
1991-08-17,0.0,5.897,7.161,12.527,35.4
1991-08-18,0.0,6.73,6.491,13.188,30.4
1991-08-19,0.0,6.961,5.304,12.679,24.7
1991-08-20,0.0,7.337,6.25,13.848,22.6
1991-08-21,0.0,6.729,5.893,12.723,20.0
1991-08-22,0.0,7.024,5.348,12.75,23.5
1991-08-23,0.0,7.376,5.875,13.58,19.0
1991-08-24,0.0,6.795,5.089,12.214,17.9
1991-08-25,0.0,9.237,5.714,16.071,19.5
1991-08-26,0.0,8.409,3.786,13.688,15.7
1991-08-27,0.0,7.817,5.0,13.598,14.3
1991-08-28,0.0,5.904,7.446,12.634,24.4
1991-08-29,11.607,7.414,5.429,13.277,28.0
1991-08-30,0.0,7.612,7.134,14.679,17.5
1991-08-31,0.0,7.279,7.161,14.25,42.9
1991-09-01,0.175,6.681,7.018,13.339,38.7
1991-09-02,0.0,9.132,5.438,15.67,27.9
1991-09-03,6.139,7.939,5.0,13.688,19.7
1991-09-04,0.28,6.876,6.58,13.259,16.9
1991-09-05,0.0,7.883,6.795,14.777,15.1
1991-09-06,0.0,8.154,7.652,15.714,14.3
1991-09-07,0.0,7.48,9.08,15.812,13.9
1991-09-08,0.0,8.502,6.929,15.696,13.4
1991-09-09,0.0,8.585,6.554,15.554,13.0
1991-09-10,1.864,6.654,7.643,13.696,20.8
1991-09-11,0.0,7.707,7.589,15.045,25.7
1991-09-12,0.0,7.652,6.643,14.321,18.2
1991-09-13,0.0,9.481,5.661,16.188,14.6
1991-09-14,0.0,9.255,5.518,15.777,13.3
1991-09-15,4.188,7.214,8.33,14.875,13.6
1991-09-16,21.493,7.13,8.196,14.688,16.8
1991-09-17,8.799,7.557,7.161,14.571,25.9
1991-09-18,0.0,7.487,7.821,14.911,25.2
1991-09-19,5.598,7.381,7.795,14.75,19.5
1991-09-20,13.098,5.425,8.009,12.393,24.7
1991-09-21,0.0,6.921,7.554,13.964,58.7
1991-09-22,18.944,7.839,7.348,15.045,42.2
1991-09-23,16.333,7.677,7.67,15.062,56.4
1991-09-24,0.0,5.823,8.268,13.089,54.2
1991-09-25,14.39,7.702,7.786,15.17,38.9
1991-09-26,36.453,8.245,7.286,15.589,32.9
1991-09-27,7.46,8.502,7.071,15.768,56.2
1991-09-28,0.0,8.107,8.321,16.08,40.3
1991-09-29,0.0,6.93,8.661,14.786,29.5
1991-09-30,0.0,6.978,8.179,14.518,22.2
1991-10-01,0.0,6.083,7.42,12.777,19.4
1991-10-02,15.747,7.764,7.348,14.982,23.2
1991-10-03,0.0,9.233,6.223,16.268,29.5
1991-10-04,0.0,7.78,7.304,14.973,20.3
1991-10-05,0.0,8.428,6.196,15.134,16.6
1991-10-06,5.356,7.778,6.045,14.134,15.1
1991-10-07,4.542,7.851,5.295,13.804,21.1
1991-10-08,20.435,6.511,6.705,12.893,20.1
1991-10-09,11.342,4.35,7.268,10.509,25.1
1991-10-10,0.0,6.584,7.464,13.554,21.4
1991-10-11,0.0,7.161,6.714,13.821,16.8
1991-10-12,0.0,7.737,5.982,14.107,16.0
1991-10-13,0.0,7.135,7.286,14.17,14.8
1991-10-14,0.0,8.113,7.0,15.33,13.7
1991-10-15,2.932,7.691,6.411,14.357,13.0
1991-10-16,0.0,7.369,6.607,14.089,13.4
1991-10-17,0.0,7.054,7.696,14.411,13.6
1991-10-18,8.438,6.02,6.83,12.411,21.9
1991-10-19,0.57,5.657,7.607,12.491,21.6
1991-10-20,0.0,7.527,6.161,14.045,17.8
1991-10-21,0.0,8.295,4.866,14.304,14.6
1991-10-22,0.0,8.04,4.795,13.893,13.3
1991-10-23,0.0,7.559,6.5,14.339,12.5
1991-10-24,0.275,7.714,5.929,14.196,11.9
1991-10-25,4.827,6.462,7.696,13.679,11.6
1991-10-26,4.09,6.507,6.723,13.071,13.5
1991-10-27,10.844,5.827,6.991,12.339,14.6
1991-10-28,0.0,5.959,7.25,12.714,16.7
1991-10-29,0.228,7.649,6.196,14.357,15.8
1991-10-30,6.306,6.6,6.964,13.42,15.4
1991-10-31,5.066,5.835,7.884,13.071,16.5
1991-11-01,0.0,7.022,7.054,14.098,16.2
1991-11-02,1.62,6.26,8.152,13.83,15.2
1991-11-03,0.0,9.088,4.527,15.509,15.1
1991-11-04,0.0,5.545,8.304,13.062,13.9
1991-11-05,16.752,8.144,6.723,15.562,14.6
1991-11-06,7.852,6.19,7.446,13.321,28.5
1991-11-07,14.106,6.136,7.5,13.295,27.7
1991-11-08,0.0,4.29,7.705,10.991,38.9
1991-11-09,18.734,5.693,7.179,12.473,64.1
1991-11-10,0.0,6.417,7.58,13.768,44.9
1991-11-11,1.457,7.665,7.759,15.661,38.1
1991-11-12,14.678,5.788,7.25,12.679,31.5
1991-11-13,24.089,4.96,7.661,11.857,25.9
1991-11-14,6.194,5.634,6.661,12.045,41.9
1991-11-15,0.0,6.642,6.938,13.714,35.9
1991-11-16,0.0,5.22,7.884,12.42,31.9
1991-11-17,16.71,5.035,8.214,12.429,50.4
1991-11-18,0.0,6.397,7.116,13.491,36.8
1991-11-19,3.393,7.127,5.902,13.741,28.8
1991-11-20,8.85,7.203,6.67,14.357,23.3
1991-11-21,1.106,6.308,7.589,13.759,21.4
1991-11-22,2.687,6.837,7.696,14.589,20.6
1991-11-23,2.269,6.367,8.616,14.607,18.7
1991-11-24,18.24,8.69,7.938,17.438,21.9
1991-11-25,6.889,5.833,8.143,13.554,23.4
1991-11-26,0.0,6.391,8.062,14.277,18.5
1991-11-27,1.662,6.855,8.527,15.259,19.0
1991-11-28,0.0,4.822,8.643,12.589,22.5
1991-11-29,0.0,5.272,8.446,13.027,24.8
1991-11-30,1.662,6.128,7.804,13.741,18.7
1991-12-01,0.0,6.268,8.152,14.188,17.6
1991-12-02,7.704,7.044,7.768,15.027,16.2
1991-12-03,0.0,5.995,8.143,13.839,17.1
1991-12-04,10.856,6.147,7.946,13.911,15.5
1991-12-05,6.216,4.9,8.241,12.402,17.9
1991-12-06,0.0,6.885,7.821,14.875,21.7
1991-12-07,0.0,5.937,8.196,13.804,21.5
1991-12-08,0.0,6.918,8.571,15.464,17.4
1991-12-09,7.911,4.478,8.607,12.17,15.8
1991-12-10,7.346,6.52,8.071,14.545,15.1
1991-12-11,6.322,7.359,7.357,15.268,19.5
1991-12-12,0.0,7.768,7.518,15.982,15.1
1991-12-13,15.591,7.145,7.759,15.25,13.8
1991-12-14,13.99,5.883,7.938,13.562,13.5
1991-12-15,2.269,5.525,9.125,13.991,13.1
1991-12-16,10.936,5.653,8.116,13.366,12.9
1991-12-17,27.276,5.1,7.866,12.42,23.0
1991-12-18,0.0,6.893,7.241,14.554,30.4
1991-12-19,0.0,6.662,7.384,14.286,17.5
1991-12-20,1.112,6.422,7.616,14.116,15.1
1991-12-21,0.0,6.65,7.205,14.161,13.9
1991-12-22,0.0,6.49,7.795,14.339,13.7
1991-12-23,3.671,6.046,7.768,13.688,14.8
1991-12-24,5.945,6.135,7.33,13.482,16.2
1991-12-25,0.0,4.776,7.5,11.705,14.7
1991-12-26,0.0,7.386,6.429,14.714,13.0
1991-12-27,0.0,7.248,6.241,14.339,12.9
1991-12-28,0.0,6.727,6.429,13.679,12.7
1991-12-29,18.055,6.711,7.286,14.259,18.6
1991-12-30,0.0,7.117,7.062,14.696,21.0
1991-12-31,0.0,8.647,4.759,15.491,14.3
1992-01-01,0.0,6.113,5.768,12.312,11.27
1992-01-02,2.62,6.037,7.768,13.616,10.76
1992-01-03,3.285,6.448,8.0,14.384,10.76
1992-01-04,0.0,4.015,8.482,11.446,11.68
1992-01-05,0.0,5.299,8.562,13.188,12.72
1992-01-06,0.0,4.751,8.205,12.161,15.08
1992-01-07,5.992,6.759,7.821,14.652,15.88
1992-01-08,4.447,6.445,7.259,13.786,19.44
1992-01-09,0.0,8.435,5.071,15.268,13.33
1992-01-10,0.0,7.554,5.83,14.42,11.45
1992-01-11,0.0,8.48,5.545,15.589,10.78
1992-01-12,0.0,6.487,7.161,13.723,10.69
1992-01-13,0.0,5.871,8.152,13.58,10.05
1992-01-14,25.401,6.357,7.661,13.893,9.52
1992-01-15,31.406,5.74,7.75,13.08,13.84
1992-01-16,0.0,5.401,7.554,12.455,13.16
1992-01-17,0.0,7.135,6.107,13.884,11.1
1992-01-18,0.0,7.808,4.732,13.982,10.05
1992-01-19,0.0,7.353,5.33,13.652,9.52
1992-01-20,0.0,7.969,6.643,15.402,9.17
1992-01-21,0.0,6.943,7.589,14.562,9.0
1992-01-22,0.0,7.258,8.143,15.366,8.55
1992-01-23,0.0,7.753,7.17,15.375,8.76
1992-01-24,2.597,7.044,7.339,14.5,9.32
1992-01-25,25.028,7.062,7.83,14.839,8.85
1992-01-26,0.0,6.396,7.08,13.366,9.02
1992-01-27,0.0,4.654,7.911,11.625,8.25
1992-01-28,0.0,4.573,7.643,11.295,11.62
1992-01-29,0.0,6.484,7.295,13.607,16.25
1992-01-30,0.0,5.777,7.688,12.893,13.0
1992-01-31,0.0,6.927,7.027,13.991,12.82
1992-02-01,9.763,6.048,6.393,12.286,13.07
1992-02-02,0.0,8.129,6.134,15.071,9.52
1992-02-03,0.0,6.469,8.527,14.393,8.85
1992-02-04,0.0,8.291,7.438,16.116,8.25
1992-02-05,0.0,8.348,6.241,15.384,8.25
1992-02-06,0.0,7.512,7.08,14.759,7.65
1992-02-07,0.0,6.205,7.509,13.232,7.65
1992-02-08,0.0,7.052,7.393,14.295,9.7
1992-02-09,0.0,6.401,7.464,13.464,16.3
1992-02-10,17.962,6.035,7.652,13.089,24.85
1992-02-11,8.156,5.849,7.589,12.759,25.7
1992-02-12,10.176,5.333,8.08,12.455,21.6
1992-02-13,0.0,6.702,6.321,13.0,22.7
1992-02-14,0.0,7.456,6.473,14.143,18.8
1992-02-15,0.0,8.335,6.438,15.321,16.25
1992-02-16,0.599,5.815,6.839,12.098,10.57
1992-02-17,7.84,7.407,7.054,14.429,10.05
1992-02-18,0.0,6.718,6.188,12.848,7.65
1992-02-19,0.0,7.335,6.839,14.134,8.25
1992-02-20,14.298,5.991,7.214,12.589,9.52
1992-02-21,12.502,5.552,7.759,12.402,15.75
1992-02-22,1.763,6.371,8.054,13.679,13.75
1992-02-23,4.213,7.476,8.08,15.143,11.27
1992-02-24,0.0,5.606,7.92,12.571,9.52
1992-02-25,0.0,5.79,8.446,13.188,9.7
1992-02-26,0.0,5.867,9.054,13.741,13.15
1992-02-27,0.0,6.075,8.027,13.205,12.15
1992-02-28,0.0,7.719,7.723,15.161,10.4
1992-02-29,0.0,6.037,8.25,13.33,8.7
1992-03-01,2.679,5.942,8.652,13.509,8.7
1992-03-02,1.294,6.961,7.821,14.179,8.85
1992-03-03,0.0,8.904,7.357,16.455,8.25
1992-03-04,10.417,4.918,9.089,12.589,8.1
1992-03-05,2.347,6.12,8.0,13.223,7.65
1992-03-06,1.141,6.391,8.393,13.839,9.18
1992-03-07,16.927,6.075,8.634,13.634,12.5
1992-03-08,0.0,8.736,8.42,16.911,20.75
1992-03-09,0.0,5.746,8.5,13.098,9.4
1992-03-10,0.0,7.486,7.277,14.455,7.8
1992-03-11,0.0,7.09,8.464,14.759,7.35
1992-03-12,0.0,7.425,8.598,15.295,7.5
1992-03-13,0.0,6.341,9.054,14.25,12.5
1992-03-14,0.0,6.876,9.009,14.875,17.0
1992-03-15,0.0,6.613,8.786,14.375,17.5
1992-03-16,8.711,7.404,7.339,14.384,15.5
1992-03-17,0.111,8.269,8.25,16.116,17.5
1992-03-18,0.0,6.009,8.652,13.518,12.3
1992-03-19,0.0,6.282,9.018,14.116,10.57
1992-03-20,9.254,6.335,8.643,13.902,10.75
1992-03-21,2.384,6.031,8.188,13.179,10.92
1992-03-22,0.0,7.665,7.179,14.598,9.7
1992-03-23,0.0,9.758,5.366,16.25,8.25
1992-03-24,0.0,8.46,5.92,14.804,7.65
1992-03-25,0.0,8.304,5.58,14.375,6.75
1992-03-26,1.015,8.916,6.768,16.0,8.4
1992-03-27,0.746,8.276,7.089,15.339,8.1
1992-03-28,0.341,7.588,7.009,14.375,7.05
1992-03-29,0.0,7.518,8.598,15.393,6.75
1992-03-30,5.89,6.607,6.982,13.054,6.45
1992-03-31,23.012,6.323,7.955,13.393,7.95
1992-04-01,15.813,6.14,7.161,12.598,7.05
1992-04-02,4.616,7.093,7.071,13.777,8.7
1992-04-03,0.0,8.392,7.705,15.946,7.2
1992-04-04,6.141,6.162,8.527,13.634,6.75
1992-04-05,11.032,6.28,7.786,13.25,6.75
1992-04-06,0.0,7.776,7.991,15.339,7.05
1992-04-07,0.0,6.58,7.527,13.438,9.1
1992-04-08,0.0,7.767,7.312,14.893,18.45
1992-04-09,2.256,5.741,7.893,12.696,11.75
1992-04-10,17.455,6.583,8.143,13.946,32.85
1992-04-11,0.316,4.915,8.152,11.848,33.17
1992-04-12,0.0,5.727,8.205,12.902,18.67
1992-04-13,5.818,7.476,6.571,14.062,15.13
1992-04-14,14.483,7.48,6.884,14.259,16.03
1992-04-15,7.424,6.356,7.027,12.893,22.66
1992-04-16,0.0,5.627,8.223,12.839,15.86
1992-04-17,0.0,5.309,8.089,12.321,13.52
1992-04-18,0.848,5.957,8.08,13.17,12.43
1992-04-19,0.0,5.768,8.286,13.098,13.14
1992-04-20,0.0,8.255,7.339,15.705,13.51
1992-04-21,11.713,6.051,8.17,13.357,11.19
1992-04-22,12.361,5.844,8.545,13.402,29.94
1992-04-23,3.992,7.008,9.054,15.304,53.74
1992-04-24,0.0,5.201,8.875,12.875,24.3
1992-04-25,7.226,5.829,8.482,13.384,22.57
1992-04-26,4.937,4.822,8.688,12.286,32.77
1992-04-27,5.021,5.871,8.375,13.357,49.5
1992-04-28,0.0,5.671,8.018,12.821,42.46
1992-04-29,4.753,5.449,8.018,12.554,20.65
1992-04-30,5.795,7.804,7.83,15.607,16.5
1992-05-01,4.727,7.81,8.027,15.75,16.5
1992-05-02,4.222,7.588,6.143,14.161,16.5
1992-05-03,20.873,5.349,7.625,12.179,16.5
1992-05-04,0.361,5.667,7.884,12.821,16.5
1992-05-05,0.0,7.547,7.107,14.821,17.72
1992-05-06,17.279,6.569,7.973,14.125,29.03
1992-05-07,5.418,6.73,7.688,14.143,35.95
1992-05-08,0.0,5.73,7.482,12.634,23.59
1992-05-09,0.0,6.456,7.464,13.625,17.25
1992-05-10,0.0,6.204,8.071,13.723,17.0
1992-05-11,0.997,7.68,8.83,16.268,16.0
1992-05-12,7.301,6.352,9.196,14.777,15.0
1992-05-13,0.0,6.155,8.357,13.902,15.0
1992-05-14,0.208,7.313,7.214,14.705,15.0
1992-05-15,3.142,6.536,8.321,14.429,15.0
1992-05-16,0.0,4.886,8.589,12.464,15.96
1992-05-17,0.0,8.261,8.473,16.946,16.3
1992-05-18,0.0,7.548,8.062,15.688,16.0
1992-05-19,16.208,6.267,8.375,14.152,16.72
1992-05-20,0.0,5.755,8.17,13.321,17.61
1992-05-21,0.0,5.775,9.116,14.062,16.29
1992-05-22,2.725,5.947,8.116,13.536,20.0
1992-05-23,0.604,5.725,8.232,13.348,16.1
1992-05-24,0.61,4.925,8.509,12.518,21.65
1992-05-25,0.0,7.087,7.58,14.786,16.49
1992-05-26,0.0,8.279,6.375,15.714,17.5
1992-05-27,8.666,8.613,6.536,16.295,17.5
1992-05-28,15.795,6.48,7.973,14.25,17.5
1992-05-29,9.21,7.184,6.688,14.384,17.6
1992-05-30,0.0,8.139,6.714,15.786,17.25
1992-05-31,0.0,6.235,8.643,14.438,17.54
1992-06-01,7.426,7.227,9.089,16.134,17.06
1992-06-02,7.391,5.673,8.393,13.518,16.5
1992-06-03,0.0,5.943,8.089,13.643,24.06
1992-06-04,27.827,6.261,8.464,14.384,20.75
1992-06-05,0.0,6.905,7.768,14.759,20.1
1992-06-06,0.0,6.363,8.027,14.188,13.25
1992-06-07,0.0,5.911,6.83,12.688,11.27
1992-06-08,0.0,5.959,7.821,13.482,8.85
1992-06-09,0.0,6.899,7.571,14.661,10.23
1992-06-10,0.0,6.342,7.714,13.973,14.75
1992-06-11,0.0,5.613,8.152,13.268,14.0
1992-06-12,0.0,5.007,8.741,12.929,33.1
1992-06-13,21.776,6.953,7.625,14.812,36.5
1992-06-14,0.0,5.744,7.357,12.875,19.13
1992-06-15,0.0,7.208,6.759,14.571,18.15
1992-06-16,0.0,6.567,7.179,13.92,11.27
1992-06-17,0.0,6.824,7.321,14.42,13.1
1992-06-18,0.0,6.062,7.688,13.562,10.75
1992-06-19,0.0,5.919,8.348,13.884,14.25
1992-06-20,7.12,5.417,7.812,12.759,12.75
1992-06-21,0.0,6.595,8.625,15.027,30.8
1992-06-22,0.0,6.587,8.17,14.688,17.0
1992-06-23,0.0,7.403,4.527,13.411,15.25
1992-06-24,0.0,7.14,4.741,13.143,14.75
1992-06-25,0.0,7.118,6.83,14.518,11.1
1992-06-26,0.0,6.203,5.661,12.339,8.85
1992-06-27,0.0,6.853,7.223,14.393,8.25
1992-06-28,0.0,7.404,6.491,14.696,23.35
1992-06-29,0.0,7.584,6.732,15.116,52.1
1992-06-30,0.0,7.518,6.062,14.562,24.63
1992-07-01,0.0,7.211,8.33,15.634,18.15
1992-07-02,0.0,6.493,7.116,13.759,15.0
1992-07-03,0.0,4.301,8.0,11.393,29.1
1992-07-04,0.0,5.432,6.589,11.839,29.95
1992-07-05,0.0,6.539,6.768,13.571,24.0
1992-07-06,0.0,6.154,5.366,12.045,26.55
1992-07-07,0.0,6.129,6.696,12.911,29.95
1992-07-08,0.0,5.916,6.786,12.696,22.05
1992-07-09,8.184,4.873,6.866,11.259,36.5
1992-07-10,0.0,6.108,7.589,13.509,39.5
1992-07-11,0.0,6.726,5.446,12.92,27.4
1992-07-12,0.0,6.998,4.295,12.518,18.15
1992-07-13,56.251,5.283,6.045,11.188,29.52
1992-07-14,0.0,7.303,6.304,14.312,30.8
1992-07-15,20.808,6.355,6.616,13.125,40.5
1992-07-16,0.0,7.214,6.58,14.339,47.17
1992-07-17,0.0,7.138,5.732,13.652,64.33
1992-07-18,0.0,7.879,4.955,14.232,20.75
1992-07-19,0.0,7.305,5.134,13.473,13.0
1992-07-20,0.0,5.969,5.839,11.946,28.75
1992-07-21,0.0,4.906,6.92,11.25,37.43
1992-07-22,0.0,6.207,6.661,12.875,43.5
1992-07-23,0.0,6.09,6.58,12.661,78.75
1992-07-24,0.0,6.57,6.83,13.491,44.9
1992-07-25,0.0,6.716,4.857,12.33,37.5
1992-07-26,0.0,6.252,5.518,12.08,47.9
1992-07-27,0.0,6.864,6.161,13.393,18.48
1992-07-28,0.0,8.111,5.929,15.036,68.13
1992-07-29,0.0,7.294,5.723,13.705,48.5
1992-07-30,0.0,5.985,6.652,12.464,35.65
1992-07-31,0.0,8.509,4.911,14.929,22.17
1992-08-01,0.0,7.952,5.509,14.473,23.85
1992-08-02,0.0,7.19,6.009,13.714,35.76
1992-08-03,0.0,7.34,6.67,14.339,40.9
1992-08-04,0.0,7.74,4.964,13.768,19.8
1992-08-05,0.0,6.347,5.839,12.312,22.03
1992-08-06,0.0,5.39,7.652,12.312,52.59
1992-08-07,0.0,6.48,6.884,13.205,34.32
1992-08-08,0.0,7.162,6.661,14.0,24.02
1992-08-09,0.0,7.236,6.518,13.991,23.93
1992-08-10,0.0,6.956,6.384,13.464,30.99
1992-08-11,0.0,8.416,6.348,15.518,28.16
1992-08-12,23.275,6.621,7.554,13.839,16.93
1992-08-13,0.0,7.305,5.795,13.554,16.18
1992-08-14,0.0,7.329,6.554,14.08,24.31
1992-08-15,0.0,7.278,6.464,13.929,17.25
1992-08-16,26.114,7.303,6.045,13.67,43.34
1992-08-17,0.0,7.334,7.42,14.661,28.51
1992-08-18,0.0,6.919,8.446,14.786,39.68
1992-08-19,0.0,8.054,6.241,14.821,21.87
1992-08-20,0.0,8.216,6.955,15.5,14.79
1992-08-21,0.0,8.95,5.777,15.741,12.58
1992-08-22,0.0,6.777,6.312,13.036,11.1
1992-08-23,4.031,6.224,7.884,13.42,16.2
1992-08-24,0.0,7.339,6.688,14.054,16.85
1992-08-25,0.0,7.474,5.75,13.598,12.64
1992-08-26,0.0,8.023,2.946,12.58,11.45
1992-08-27,0.0,8.492,4.536,14.25,10.23
1992-08-28,0.0,8.974,5.455,15.473,10.72
1992-08-29,1.7,8.618,6.411,15.589,10.4
1992-08-30,0.35,7.879,8.196,15.759,9.52
1992-08-31,0.0,8.623,7.411,16.223,9.17
1992-09-01,0.0,8.913,7.607,16.732,8.67
1992-09-02,2.547,8.803,5.455,15.196,8.88
1992-09-03,0.0,7.315,7.679,14.625,8.1
1992-09-04,0.0,8.083,7.232,15.348,7.8
1992-09-05,0.0,9.481,5.893,16.375,7.35
1992-09-06,1.063,8.876,7.152,16.348,7.2
1992-09-07,0.0,6.754,8.143,14.188,7.35
1992-09-08,0.0,7.593,6.929,14.446,8.81
1992-09-09,0.0,8.549,6.25,15.286,10.34
1992-09-10,0.0,8.758,5.518,15.107,9.03
1992-09-11,0.0,9.249,5.268,15.616,7.95
1992-09-12,0.0,10.835,4.821,17.536,7.35
1992-09-13,0.534,7.356,7.036,14.161,6.9
1992-09-14,11.863,7.426,7.116,14.33,6.45
1992-09-15,24.446,6.043,7.741,12.973,7.29
1992-09-16,3.588,6.284,7.955,13.429,10.36
1992-09-17,0.0,8.693,6.143,15.402,11.84
1992-09-18,0.0,7.506,5.839,13.554,10.6
1992-09-19,0.0,8.243,6.938,15.321,10.22
1992-09-20,9.785,7.598,7.536,14.839,9.87
1992-09-21,5.445,8.625,5.518,14.884,13.28
1992-09-22,0.956,6.051,6.973,12.429,13.15
1992-09-23,1.619,8.151,6.268,14.75,11.67
1992-09-24,20.09,6.212,6.83,12.545,10.77
1992-09-25,0.73,7.608,6.714,14.339,11.6
1992-09-26,7.837,8.68,6.83,15.866,20.85
1992-09-27,11.075,5.726,7.955,12.723,16.23
1992-09-28,0.0,6.788,6.027,12.741,18.42
1992-09-29,0.0,6.877,7.027,13.562,12.34
1992-09-30,0.0,7.732,5.67,13.812,10.75
1992-10-01,11.977,7.011,7.071,13.768,9.35
1992-10-02,6.604,7.157,7.018,13.929,8.81
1992-10-03,6.692,6.845,7.098,13.58,12.2
1992-10-04,0.0,7.171,6.107,13.339,11.45
1992-10-05,5.841,8.421,6.107,15.08,9.7
1992-10-06,0.0,7.144,7.795,14.509,9.18
1992-10-07,11.308,8.165,6.866,15.25,10.74
1992-10-08,0.0,7.34,6.071,13.607,11.65
1992-10-09,0.0,7.903,6.973,14.991,10.98
1992-10-10,5.453,5.975,7.723,12.946,16.02
1992-10-11,0.0,6.53,7.625,13.607,21.2
1992-10-12,20.318,5.819,6.902,12.134,17.96
1992-10-13,0.985,6.216,7.223,12.92,15.42
1992-10-14,0.0,5.865,7.241,12.455,41.56
1992-10-15,0.0,7.746,5.196,13.661,21.88
1992-10-16,0.833,7.552,6.75,14.402,13.22
1992-10-17,1.96,7.863,7.536,15.393,10.74
1992-10-18,12.803,6.289,8.143,13.723,9.85
1992-10-19,0.268,6.572,8.17,14.125,9.35
1992-10-20,0.0,5.923,7.955,13.125,8.85
1992-10-21,0.0,6.141,7.33,12.964,9.34
1992-10-22,23.375,6.757,6.562,13.241,8.85
1992-10-23,0.0,8.497,6.518,15.688,12.15
1992-10-24,1.133,6.302,7.143,13.071,16.25
1992-10-25,0.0,5.824,8.25,13.259,13.75
1992-10-26,0.0,7.773,6.062,14.402,12.15
1992-10-27,3.417,7.903,5.661,14.339,9.7
1992-10-28,11.669,7.452,7.616,15.045,9.18
1992-10-29,23.264,7.995,6.857,15.312,8.55
1992-10-30,4.751,7.971,6.277,14.902,11.62
1992-10-31,0.0,8.413,6.848,15.902,9.35
1992-11-01,4.714,7.001,8.036,14.759,8.55
1992-11-02,1.712,6.683,7.866,14.214,8.4
1992-11-03,14.457,8.198,5.732,14.92,10.4
1992-11-04,25.748,6.824,7.098,13.884,8.55
1992-11-05,2.319,8.288,5.393,14.902,8.55
1992-11-06,21.7,5.159,7.438,11.946,21.73
1992-11-07,0.0,7.093,6.857,14.205,14.25
1992-11-08,0.0,8.316,6.161,15.5,9.52
1992-11-09,8.466,6.18,6.821,12.884,10.05
1992-11-10,2.262,8.059,7.071,15.732,13.25
1992-11-11,3.177,7.16,7.0,14.42,11.1
1992-11-12,13.796,7.1,6.991,14.357,10.4
1992-11-13,38.155,5.456,7.446,12.384,19.13
1992-11-14,0.0,5.77,7.562,12.929,18.17
1992-11-15,5.294,5.51,6.955,12.098,40.7
1992-11-16,4.895,6.757,6.652,13.67,33.11
1992-11-17,17.908,5.115,6.902,11.545,26.78
1992-11-18,6.338,5.997,7.277,13.08,26.49
1992-11-19,12.6,7.286,6.616,14.464,18.84
1992-11-20,0.0,7.976,7.607,16.143,17.66
1992-11-21,26.116,6.796,7.304,14.259,15.78
1992-11-22,8.592,7.663,7.688,15.777,17.06
1992-11-23,10.171,5.481,8.366,13.196,18.42
1992-11-24,7.528,5.896,7.295,12.991,14.15
1992-11-25,1.679,7.067,7.232,14.661,16.09
1992-11-26,8.06,7.243,8.071,15.5,14.02
1992-11-27,4.758,5.124,7.214,11.884,18.26
1992-11-28,3.939,6.428,7.688,14.089,24.24
1992-11-29,13.763,6.78,7.054,14.152,35.12
1992-11-30,7.8,6.354,7.536,13.875,31.12
1992-12-01,2.436,8.001,5.982,15.241,31.16
1992-12-02,5.151,6.604,7.768,14.411,19.12
1992-12-03,0.0,6.692,7.964,14.723,18.02
1992-12-04,21.334,6.022,7.625,13.527,16.83
1992-12-05,5.805,5.482,8.25,13.205,22.57
1992-12-06,8.873,6.577,7.134,13.964,21.42
1992-12-07,1.94,6.345,7.384,13.777,18.56
1992-12-08,10.286,6.858,7.83,14.839,15.57
1992-12-09,10.005,6.065,8.339,14.089,15.43
1992-12-10,0.0,5.837,7.92,13.5,15.28
1992-12-11,0.0,6.704,8.286,14.982,21.35
1992-12-12,6.951,5.397,7.446,12.518,40.92
1992-12-13,0.0,6.207,7.732,13.866,32.1
1992-12-14,4.437,6.516,7.5,14.152,31.05
1992-12-15,0.0,7.657,8.438,16.455,18.28
1992-12-16,5.518,7.629,8.491,16.473,15.98
1992-12-17,1.16,6.655,8.241,14.893,16.41
1992-12-18,1.589,7.436,6.223,14.652,13.25
1992-12-19,6.351,7.595,7.018,15.402,11.62
1992-12-20,9.989,5.909,8.232,13.804,10.59
1992-12-21,8.757,6.379,7.0,13.589,9.9
1992-12-22,3.853,7.622,5.946,14.75,10.05
1992-12-23,0.0,7.09,6.848,14.554,9.52
1992-12-24,0.0,7.101,4.625,13.08,9.01
1992-12-25,0.0,6.404,8.33,14.58,8.55
1992-12-26,0.0,8.668,6.839,16.848,8.25
1992-12-27,0.0,8.481,7.491,16.982,8.1
1992-12-28,0.0,6.355,8.098,14.33,7.96
1992-12-29,36.829,6.281,8.866,14.786,12.49
1992-12-30,3.465,6.777,6.875,14.071,11.13
1992-12-31,0.0,5.239,8.268,12.893,13.59
1993-01-01,0.0,6.886,7.67,14.786,12.3
1993-01-02,8.364,5.474,7.946,12.964,10.9
1993-01-03,10.135,6.194,8.741,14.536,10.7
1993-01-04,2.463,7.007,8.054,15.188,10.3
1993-01-05,6.543,6.44,7.741,14.152,12.8
1993-01-06,26.407,6.124,6.964,13.152,22.1
1993-01-07,1.751,6.36,6.58,13.214,35.4
1993-01-08,2.149,6.303,7.366,13.661,27.9
1993-01-09,8.468,7.277,6.045,14.196,17.3
1993-01-10,4.72,8.472,4.652,15.054,18.2
1993-01-11,8.515,7.764,6.098,14.893,12.5
1993-01-12,7.388,7.177,5.804,13.812,12.3
1993-01-13,0.372,6.296,6.759,13.152,12.3
1993-01-14,1.788,5.488,8.321,13.179,12.4
1993-01-15,2.612,5.226,8.277,12.777,16.8
1993-01-16,0.0,7.06,7.0,14.411,25.0
1993-01-17,0.197,6.662,6.911,13.75,22.2
1993-01-18,7.3,7.479,6.482,14.643,18.1
1993-01-19,6.674,6.585,7.688,14.161,14.1
1993-01-20,1.949,7.571,7.571,15.455,13.1
1993-01-21,0.0,6.993,7.58,14.616,11.1
1993-01-22,1.095,8.263,4.964,14.723,9.5
1993-01-23,0.0,7.771,5.768,14.491,9.0
1993-01-24,4.186,6.449,8.518,14.491,8.0
1993-01-25,1.405,7.427,5.723,13.92,7.0
1993-01-26,5.775,8.099,5.188,14.545,6.5
1993-01-27,0.0,7.491,6.554,14.527,6.0
1993-01-28,1.777,7.508,6.5,14.509,6.4
1993-01-29,0.0,7.081,8.33,15.17,7.7
1993-01-30,0.854,6.711,6.589,13.393,11.7
1993-01-31,6.7,6.327,7.339,13.384,9.5
1993-02-01,15.082,8.158,6.598,15.429,16.1
1993-02-02,0.0,6.351,7.902,13.821,32.8
1993-02-03,0.0,5.214,7.027,11.607,58.3
1993-02-04,0.0,7.022,7.571,14.446,27.8
1993-02-05,9.827,6.84,7.152,13.884,21.1
1993-02-06,0.0,7.533,7.402,14.991,15.8
1993-02-07,0.0,6.538,7.223,13.491,15.2
1993-02-08,1.557,6.293,8.625,14.17,14.2
1993-02-09,11.176,6.473,8.143,14.036,19.2
1993-02-10,0.0,7.514,7.071,14.679,13.6
1993-02-11,10.773,6.64,7.643,13.857,11.8
1993-02-12,0.0,6.963,6.938,13.795,10.5
1993-02-13,2.31,7.455,6.902,14.455,10.0
1993-02-14,0.949,7.312,7.375,14.545,9.0
1993-02-15,0.0,9.248,5.536,16.009,8.5
1993-02-16,0.0,8.46,5.938,15.143,7.7
1993-02-17,3.278,6.66,6.839,13.25,7.0
1993-02-18,22.762,6.056,7.777,13.107,8.6
1993-02-19,0.0,6.353,6.795,12.786,7.7
1993-02-20,0.0,6.31,7.473,13.188,7.5
1993-02-21,2.411,7.565,6.688,14.357,8.9
1993-02-22,0.0,6.895,7.562,14.018,8.5
1993-02-23,0.0,7.394,7.509,14.616,8.0
1993-02-24,11.291,6.545,7.598,13.545,8.6
1993-02-25,18.509,7.563,5.83,13.688,10.3
1993-02-26,10.082,5.057,8.0,11.92,12.3
1993-02-27,3.239,6.885,6.973,13.509,12.4
1993-02-28,19.044,6.631,7.58,13.625,16.4
1993-03-01,15.282,7.984,5.973,14.33,20.8
1993-03-02,8.707,7.388,6.071,13.554,21.1
1993-03-03,15.075,7.096,6.366,13.357,14.8
1993-03-04,1.734,5.693,6.045,11.223,16.4
1993-03-05,0.453,6.519,6.464,12.598,16.7
1993-03-06,0.341,5.602,7.795,12.402,20.1
1993-03-07,10.613,5.926,7.071,12.25,36.7
1993-03-08,7.481,6.14,7.375,12.741,29.4
1993-03-09,0.517,4.546,7.964,11.241,50.4
1993-03-10,0.0,6.463,7.009,12.911,49.5
1993-03-11,0.0,6.024,7.839,12.955,33.5
1993-03-12,0.0,6.97,7.688,14.098,36.5
1993-03-13,0.0,8.286,6.982,15.312,22.9
1993-03-14,18.091,7.02,7.491,13.973,28.5
1993-03-15,2.181,7.51,7.607,14.688,29.9
1993-03-16,0.0,6.348,7.509,13.062,27.4
1993-03-17,0.0,7.773,7.125,14.714,25.0
1993-03-18,9.353,5.722,7.75,12.509,26.7
1993-03-19,0.0,7.39,7.321,14.33,19.7
1993-03-20,7.719,6.791,8.25,14.205,20.0
1993-03-21,8.43,7.238,6.875,13.821,24.5
1993-03-22,0.0,6.942,7.786,14.08,17.5
1993-03-23,15.582,5.504,7.116,11.714,16.4
1993-03-24,0.0,7.237,7.679,14.375,17.1
1993-03-25,16.86,6.472,7.795,13.464,30.7
1993-03-26,16.538,5.623,8.205,12.696,38.2
1993-03-27,7.317,5.043,7.062,11.098,55.2
1993-03-28,4.465,5.853,6.625,11.83,35.8
1993-03-29,7.098,7.639,6.83,14.321,36.0
1993-03-30,0.453,8.265,6.938,15.25,24.6
1993-03-31,1.873,7.151,7.536,14.179,23.4
1993-04-01,0.0,6.982,7.652,14.027,22.1
1993-04-02,0.0,7.637,8.759,15.696,17.8
1993-04-03,0.0,7.382,8.009,14.83,16.7
1993-04-04,1.028,8.162,7.714,15.643,16.7
1993-04-05,17.108,7.451,7.812,14.786,34.2
1993-04-06,6.86,7.576,8.259,15.304,36.8
1993-04-07,1.612,7.551,7.938,15.027,27.1
1993-04-08,19.357,5.878,7.795,12.759,30.1
1993-04-09,0.569,6.399,8.009,13.607,31.8
1993-04-10,10.091,5.579,7.446,12.107,34.4
1993-04-11,0.0,7.092,8.304,14.714,33.1
1993-04-12,0.0,7.924,7.357,15.161,34.5
1993-04-13,21.733,6.589,8.589,14.286,20.3
1993-04-14,8.475,5.992,8.107,13.196,38.9
1993-04-15,11.333,9.255,6.991,16.786,78.9
1993-04-16,6.058,7.215,7.696,14.518,48.1
1993-04-17,5.501,8.706,7.875,16.607,43.0
1993-04-18,9.838,6.124,8.089,13.375,48.0
1993-04-19,9.374,6.397,8.188,13.83,66.7
1993-04-20,4.877,7.322,7.295,14.411,36.8
1993-04-21,0.0,7.222,8.714,15.286,42.0
1993-04-22,0.0,7.183,9.134,15.545,56.3
1993-04-23,9.76,4.819,8.518,12.125,51.4
1993-04-24,3.907,5.614,8.42,13.036,39.4
1993-04-25,5.837,8.06,7.973,15.929,31.5
1993-04-26,26.241,6.807,8.116,14.348,32.8
1993-04-27,0.0,6.51,8.518,14.312,24.1
1993-04-28,14.633,3.486,8.759,10.839,34.6
1993-04-29,0.599,5.853,7.929,13.009,33.2
1993-04-30,2.189,7.671,8.045,15.518,29.8
1993-05-01,23.455,5.166,8.946,12.929,25.1
1993-05-02,16.182,6.937,8.054,14.58,48.0
1993-05-03,14.703,7.565,8.42,15.696,46.2
1993-05-04,0.699,6.235,9.223,14.536,30.5
1993-05-05,8.172,8.43,8.911,17.259,33.7
1993-05-06,0.0,6.486,7.714,13.795,26.7
1993-05-07,14.582,6.456,8.741,14.5,35.5
1993-05-08,0.0,6.296,9.661,15.0,28.3
1993-05-09,1.515,5.148,9.714,13.607,31.0
1993-05-10,3.024,6.394,8.554,14.321,41.8
1993-05-11,3.198,8.11,7.339,15.839,26.2
1993-05-12,16.906,8.108,8.304,16.5,22.4
1993-05-13,1.961,5.482,8.893,13.402,31.6
1993-05-14,6.1,6.624,7.321,13.812,41.1
1993-05-15,5.663,7.776,8.652,16.366,29.9
1993-05-16,7.527,5.667,8.571,13.446,23.6
1993-05-17,0.359,6.459,8.688,14.607,22.9
1993-05-18,0.213,5.383,7.723,12.438,27.4
1993-05-19,0.0,5.983,8.277,13.688,30.4
1993-05-20,7.573,6.741,8.402,14.804,33.0
1993-05-21,14.164,5.547,8.214,13.062,24.3
1993-05-22,0.0,6.831,7.688,14.446,20.4
1993-05-23,8.703,4.805,8.848,12.607,22.5
1993-05-24,0.0,6.536,8.455,14.616,27.5
1993-05-25,28.923,6.147,8.223,13.929,40.8
1993-05-26,23.813,6.374,8.196,14.268,69.2
1993-05-27,1.933,5.469,8.232,13.054,35.5
1993-05-28,7.834,5.314,8.696,13.188,37.8
1993-05-29,24.406,5.329,8.67,13.232,83.4
1993-05-30,0.0,7.401,7.911,15.509,51.5
1993-05-31,2.323,7.424,8.143,15.714,35.2
1993-06-01,3.975,4.705,9.473,13.071,28.1
1993-06-02,0.0,6.606,7.75,14.321,25.9
1993-06-03,0.0,7.412,6.705,14.75,22.4
1993-06-04,0.297,7.48,7.098,15.125,19.4
1993-06-05,0.0,6.992,7.054,14.393,24.4
1993-06-06,0.0,6.147,7.83,13.777,30.6
1993-06-07,0.0,6.551,8.17,14.562,26.7
1993-06-08,0.0,6.391,8.036,14.25,20.5
1993-06-09,12.52,6.779,7.259,14.268,18.9
1993-06-10,0.788,6.483,8.125,14.482,21.2
1993-06-11,19.154,4.286,8.304,11.643,47.5
1993-06-12,0.0,5.552,7.438,12.661,54.1
1993-06-13,0.05,6.304,7.955,14.098,38.7
1993-06-14,0.0,6.02,8.705,14.25,26.3
1993-06-15,0.0,6.239,7.723,13.848,21.1
1993-06-16,0.0,6.594,6.759,13.688,20.0
1993-06-17,4.104,6.563,7.643,14.277,31.0
1993-06-18,0.0,5.711,7.884,13.232,48.1
1993-06-19,12.052,5.179,8.536,13.0,52.6
1993-06-20,3.853,3.996,7.875,10.92,73.2
1993-06-21,3.141,5.814,8.143,13.571,38.3
1993-06-22,0.0,7.728,7.509,15.848,25.4
1993-06-23,0.0,5.018,8.0,12.366,23.9
1993-06-24,0.0,6.316,5.991,12.759,31.8
1993-06-25,0.0,5.845,6.411,12.348,45.3
1993-06-26,0.65,4.016,7.464,10.616,54.2
1993-06-27,2.876,5.179,7.438,12.152,42.4
1993-06-28,7.077,7.014,6.625,14.223,33.4
1993-06-29,13.111,5.54,7.545,12.75,62.9
1993-06-30,0.0,6.847,7.321,14.429,39.9
1993-07-01,0.0,8.244,6.223,15.732,30.5
1993-07-02,0.0,5.935,7.634,13.33,27.0
1993-07-03,11.861,7.854,6.33,15.232,24.8
1993-07-04,1.581,6.673,7.696,14.438,27.3
1993-07-05,0.0,6.795,6.357,13.661,27.8
1993-07-06,1.131,7.691,5.393,14.348,39.4
1993-07-07,0.0,7.004,5.42,13.348,24.2
1993-07-08,10.043,6.979,6.705,14.152,17.0
1993-07-09,1.469,6.957,7.402,14.589,16.4
1993-07-10,14.737,5.987,8.018,13.67,44.9
1993-07-11,0.0,5.392,8.143,12.955,45.0
1993-07-12,0.225,6.708,7.009,13.938,29.3
1993-07-13,2.848,7.827,7.232,15.714,22.7
1993-07-14,0.292,5.61,7.402,12.652,50.8
1993-07-15,0.0,5.113,7.089,11.723,164.0
1993-07-16,0.0,7.91,5.17,14.438,36.8
1993-07-17,0.0,8.603,3.955,14.723,27.6
1993-07-18,0.0,7.124,5.839,13.688,19.5
1993-07-19,0.0,6.692,7.009,13.848,17.0
1993-07-20,0.512,6.06,7.295,13.17,17.8
1993-07-21,0.0,5.6,6.634,12.009,30.9
1993-07-22,0.0,5.916,6.375,12.259,23.9
1993-07-23,0.0,5.464,7.17,12.188,19.2
1993-07-24,0.0,5.518,7.143,12.241,35.9
1993-07-25,6.228,5.993,6.438,12.393,56.3
1993-07-26,0.672,7.347,4.643,13.134,25.4
1993-07-27,0.569,8.299,5.152,14.857,19.2
1993-07-28,0.274,8.698,5.295,15.509,16.7
1993-07-29,12.27,7.526,7.723,15.402,14.3
1993-07-30,0.866,7.372,6.804,14.536,26.3
1993-07-31,0.172,7.626,7.786,15.545,27.3
1993-08-01,0.019,7.257,6.464,14.134,27.6
1993-08-02,0.632,8.131,5.955,15.018,23.0
1993-08-03,0.599,7.219,5.902,13.661,16.7
1993-08-04,1.22,7.478,6.732,14.589,14.3
1993-08-05,0.222,7.365,6.259,14.098,12.5
1993-08-06,1.413,6.712,6.732,13.455,11.8
1993-08-07,0.618,8.994,4.357,15.188,10.9
1993-08-08,0.0,8.995,4.464,15.223,10.2
1993-08-09,0.244,6.843,7.795,14.348,10.0
1993-08-10,4.127,6.876,8.009,14.536,8.3
1993-08-11,2.022,6.734,8.357,14.571,12.0
1993-08-12,14.272,6.803,6.804,13.589,12.5
1993-08-13,4.04,6.944,8.188,14.723,47.6
1993-08-14,0.0,8.443,6.634,15.705,28.7
1993-08-15,0.0,7.81,5.768,14.223,18.6
1993-08-16,0.775,8.77,5.955,15.696,26.9
1993-08-17,0.0,8.137,6.777,15.321,18.1
1993-08-18,0.703,6.993,6.884,13.804,39.1
1993-08-19,0.0,8.326,5.446,14.705,33.3
1993-08-20,8.321,8.849,5.893,15.714,19.3
1993-08-21,4.054,9.32,5.286,15.982,15.6
1993-08-22,4.12,6.941,7.304,13.964,14.5
1993-08-23,0.964,7.059,6.429,13.527,14.5
1993-08-24,7.566,7.581,5.125,13.357,16.9
1993-08-25,0.0,7.678,6.509,14.402,18.3
1993-08-26,0.0,8.044,6.438,14.848,25.0
1993-08-27,0.0,8.384,6.625,15.42,20.1
1993-08-28,4.451,6.804,7.188,13.643,22.3
1993-08-29,0.0,7.777,6.714,14.643,22.9
1993-08-30,0.0,8.596,5.438,14.929,17.1
1993-08-31,0.0,8.191,6.116,14.786,17.0
1993-09-01,14.195,6.712,7.304,13.571,13.6
1993-09-02,0.0,6.436,6.92,12.911,13.4
1993-09-03,0.0,6.991,6.696,13.518,17.7
1993-09-04,0.0,6.064,7.188,12.598,16.6
1993-09-05,0.0,6.127,7.384,12.839,21.2
1993-09-06,0.0,5.689,7.179,12.098,45.0
1993-09-07,0.0,7.438,6.509,13.964,34.4
1993-09-08,11.173,9.495,5.857,16.348,30.8
1993-09-09,2.772,8.894,6.598,16.018,31.0
1993-09-10,1.207,6.607,7.58,13.589,32.5
1993-09-11,0.0,9.32,5.089,15.616,26.9
1993-09-12,2.569,8.809,6.295,15.652,21.0
1993-09-13,3.752,7.071,8.134,14.58,17.5
1993-09-14,7.522,7.128,7.839,14.455,16.3
1993-09-15,0.491,6.349,7.661,13.286,16.3
1993-09-16,2.857,7.325,7.17,14.223,17.1
1993-09-17,3.281,9.546,7.393,17.366,15.6
1993-09-18,2.846,6.432,8.393,13.929,15.8
1993-09-19,0.579,8.678,5.848,15.179,19.8
1993-09-20,0.89,9.239,6.67,16.464,17.1
1993-09-21,6.418,9.72,7.179,17.429,13.6
1993-09-22,0.0,8.184,6.714,15.054,12.7
1993-09-23,0.0,7.237,8.018,14.696,12.7
1993-09-24,2.656,9.399,5.768,16.161,13.9
1993-09-25,0.0,9.434,6.384,16.554,16.4
1993-09-26,1.181,7.169,8.304,14.812,13.6
1993-09-27,0.0,7.342,8.071,14.875,12.3
1993-09-28,9.264,7.241,7.902,14.643,11.8
1993-09-29,22.438,6.523,7.429,13.393,24.9
1993-09-30,0.0,6.537,7.696,13.598,49.9
1993-10-01,2.27,8.127,5.973,14.545,31.6
1993-10-02,0.0,8.231,6.491,15.027,28.0
1993-10-03,2.979,7.454,6.411,13.911,23.4
1993-10-04,0.0,7.972,6.232,14.518,18.3
1993-10-05,1.473,7.852,7.196,15.0,14.5
1993-10-06,0.652,7.553,6.411,14.089,13.5
1993-10-07,1.157,7.19,6.661,13.75,15.4
1993-10-08,0.711,6.325,7.536,13.205,13.0
1993-10-09,0.916,7.05,6.929,13.759,13.8
1993-10-10,0.613,7.207,7.455,14.339,13.9
1993-10-11,2.304,6.294,7.804,13.384,25.6
1993-10-12,4.228,8.372,6.679,15.438,28.5
1993-10-13,2.542,7.613,5.768,13.795,18.6
1993-10-14,3.737,8.119,6.196,14.786,31.8
1993-10-15,2.831,7.573,7.429,14.884,19.7
1993-10-16,9.838,7.232,7.571,14.518,22.1
1993-10-17,7.414,7.136,7.268,14.223,34.8
1993-10-18,6.485,6.567,7.893,13.929,32.8
1993-10-19,14.878,5.454,7.884,12.455,45.3
1993-10-20,9.782,6.743,7.411,13.839,40.0
1993-10-21,6.031,6.017,7.777,13.116,30.2
1993-10-22,1.519,7.438,7.107,14.571,25.4
1993-10-23,6.111,5.765,9.357,14.018,24.1
1993-10-24,2.248,7.387,8.259,15.348,19.6
1993-10-25,1.742,6.423,8.134,13.955,17.1
1993-10-26,24.966,5.274,8.089,12.429,17.4
1993-10-27,14.024,4.633,8.679,12.107,18.3
1993-10-28,7.529,6.064,7.58,13.098,19.4
1993-10-29,0.24,6.64,8.17,14.321,18.3
1993-10-30,4.871,6.547,7.384,13.661,26.9
1993-10-31,4.851,6.902,7.857,14.536,34.2
1993-11-01,4.606,6.38,7.446,13.5,41.2
1993-11-02,2.67,5.48,8.384,13.018,44.7
1993-11-03,1.444,6.284,7.08,13.161,38.3
1993-11-04,2.313,6.747,7.241,13.902,50.7
1993-11-05,43.88,6.359,7.589,13.625,72.9
1993-11-06,0.0,8.132,6.071,15.143,39.1
1993-11-07,23.514,6.223,6.5,12.705,30.7
1993-11-08,0.0,6.833,6.518,13.554,30.8
1993-11-09,0.0,6.12,8.295,13.857,24.8
1993-11-10,14.776,8.111,6.33,15.304,26.6
1993-11-11,6.261,6.344,8.045,14.036,33.0
1993-11-12,0.0,6.612,7.955,14.33,36.7
1993-11-13,11.653,6.061,8.58,14.036,36.4
1993-11-14,19.552,6.075,8.009,13.652,48.1
1993-11-15,38.95,5.898,7.929,13.366,58.0
1993-11-16,1.25,4.886,7.536,11.696,66.4
1993-11-17,0.0,8.152,5.661,15.062,34.8
1993-11-18,0.676,7.665,6.464,14.902,27.1
1993-11-19,0.0,7.425,7.196,15.071,25.3
1993-11-20,30.622,4.556,7.893,11.58,54.5
1993-11-21,11.584,6.862,7.527,14.491,26.9
1993-11-22,6.339,6.815,6.732,13.884,24.8
1993-11-23,1.227,7.262,6.804,14.598,25.2
1993-11-24,2.415,7.247,6.357,14.286,24.3
1993-11-25,2.684,5.537,6.705,12.062,21.5
1993-11-26,2.825,8.014,7.482,16.205,28.3
1993-11-27,14.206,7.945,8.125,16.527,49.4
1993-11-28,1.702,6.581,7.777,14.375,42.7
1993-11-29,36.135,5.727,7.705,13.116,68.4
1993-11-30,11.98,5.559,7.902,13.027,48.8
1993-12-01,0.0,6.923,8.062,15.071,39.7
1993-12-02,0.0,6.037,8.107,13.848,43.1
1993-12-03,0.0,6.268,8.339,14.357,44.0
1993-12-04,2.42,7.144,8.089,15.429,32.1
1993-12-05,0.0,6.413,8.438,14.634,27.1
1993-12-06,12.216,6.522,7.804,14.33,25.5
1993-12-07,15.117,6.203,9.089,14.839,23.7
1993-12-08,2.152,7.648,8.152,16.232,21.2
1993-12-09,0.58,7.259,8.562,15.938,21.2
1993-12-10,0.0,4.7,9.188,12.911,23.0
1993-12-11,0.625,5.541,8.33,13.384,21.2
1993-12-12,0.0,7.484,7.482,15.554,21.2
1993-12-13,49.835,6.326,7.5,13.875,22.5
1993-12-14,0.0,6.271,7.562,13.848,27.0
1993-12-15,0.562,5.202,7.857,12.536,21.2
1993-12-16,0.0,5.766,7.964,13.42,22.2
1993-12-17,0.689,6.071,7.571,13.562,28.5
1993-12-18,30.867,5.567,7.312,12.643,25.6
1993-12-19,20.817,5.274,7.821,12.634,36.5
1993-12-20,0.0,8.17,5.509,15.304,25.9
1993-12-21,0.0,7.249,5.857,14.107,17.0
1993-12-22,0.0,7.594,5.375,14.33,14.3
1993-12-23,1.842,7.847,5.339,14.688,14.0
1993-12-24,0.0,7.224,6.009,14.179,13.4
1993-12-25,2.963,6.844,6.5,13.929,12.5
1993-12-26,7.099,6.149,6.67,13.018,19.7
1993-12-27,4.252,6.162,6.438,12.875,17.8
1993-12-28,11.61,6.255,6.661,13.179,18.4
1993-12-29,0.0,4.648,7.723,11.661,15.3
1993-12-30,13.718,5.706,6.518,12.25,14.3
1993-12-31,0.0,6.995,6.152,13.893,13.4
1994-01-01,0.0,7.609,5.161,14.152,13.1
1994-01-02,0.0,7.886,5.464,14.768,12.0
1994-01-03,0.0,6.545,6.821,13.652,11.6
1994-01-04,28.192,5.957,7.446,13.259,16.2
1994-01-05,0.0,6.002,7.098,13.045,20.6
1994-01-06,0.0,5.839,6.5,12.393,26.7
1994-01-07,19.806,6.053,7.304,13.259,20.6
1994-01-08,21.022,5.141,7.714,12.277,17.0
1994-01-09,0.0,6.634,7.33,14.08,25.7
1994-01-10,0.0,5.403,7.884,12.75,24.2
1994-01-11,21.285,5.943,6.946,12.812,19.7
1994-01-12,0.0,6.073,8.679,14.268,18.3
1994-01-13,0.0,6.222,8.634,14.402,15.6
1994-01-14,3.313,6.449,8.17,14.402,15.3
1994-01-15,0.834,6.431,7.75,14.018,15.9
1994-01-16,5.928,5.51,7.812,12.804,16.4
1994-01-17,0.0,6.229,6.804,13.045,36.8
1994-01-18,7.524,6.326,7.518,13.705,27.6
1994-01-19,0.0,7.407,5.786,14.054,27.6
1994-01-20,0.0,7.085,6.089,13.75,22.4
1994-01-21,0.0,8.113,6.205,15.312,16.7
1994-01-22,0.0,7.738,6.598,15.018,15.0
1994-01-23,0.0,7.238,6.732,14.357,12.0
1994-01-24,0.0,5.243,7.312,11.955,11.8
1994-01-25,0.0,7.796,5.848,14.545,10.7
1994-01-26,0.0,7.673,5.402,14.062,10.9
1994-01-27,0.0,7.462,7.161,14.893,12.8
1994-01-28,2.95,5.741,7.92,13.036,12.0
1994-01-29,26.456,6.472,7.375,13.616,12.2
1994-01-30,26.101,4.755,7.714,11.58,13.5
1994-01-31,7.757,4.573,8.071,11.634,23.8
1994-02-01,0.0,6.254,7.098,13.116,33.1
1994-02-02,0.0,7.224,6.071,13.741,29.6
1994-02-03,2.595,5.987,7.339,12.884,24.3
1994-02-04,0.0,6.543,7.384,13.67,22.3
1994-02-05,14.127,6.54,7.688,13.848,23.9
1994-02-06,6.968,6.493,7.214,13.455,28.0
1994-02-07,0.0,7.975,6.732,15.161,18.6
1994-02-08,0.061,7.63,5.527,13.866,16.2
1994-02-09,0.0,7.677,6.518,14.545,14.8
1994-02-10,0.0,7.289,7.429,14.607,14.3
1994-02-11,0.0,6.939,6.071,13.188,13.2
1994-02-12,0.0,6.134,5.929,11.92,12.7
1994-02-13,7.602,5.55,7.607,12.366,12.5
1994-02-14,0.0,5.812,7.277,12.464,12.0
1994-02-15,0.0,5.494,7.562,12.25,11.4
1994-02-16,12.098,6.152,7.375,12.955,11.2
1994-02-17,0.611,7.719,7.098,14.875,11.3
1994-02-18,0.0,5.265,8.0,12.25,10.9
1994-02-19,2.609,5.899,8.304,13.295,10.9
1994-02-20,9.276,5.372,8.911,13.107,12.5
1994-02-21,1.489,6.959,7.75,14.241,20.0
1994-02-22,6.714,8.098,8.098,16.027,16.3
1994-02-23,22.784,6.681,8.027,14.071,23.8
1994-02-24,0.513,6.838,8.455,14.589,29.4
1994-02-25,6.503,5.762,8.304,13.089,37.8
1994-02-26,6.826,6.205,7.643,13.134,47.3
1994-02-27,9.575,5.387,7.723,12.116,26.6
1994-02-28,0.745,6.524,7.857,13.67,22.1
1994-03-01,8.177,7.0,7.5,14.018,23.8
1994-03-02,6.308,7.681,7.625,15.0,20.9
1994-03-03,5.094,7.145,8.098,14.616,31.3
1994-03-04,28.47,6.293,7.607,13.161,45.0
1994-03-05,8.799,6.933,6.634,13.304,46.0
1994-03-06,0.0,6.579,7.08,13.116,25.1
1994-03-07,6.883,6.113,7.071,12.491,22.7
1994-03-08,0.219,8.637,5.688,14.973,20.9
1994-03-09,0.0,7.508,8.071,15.071,16.2
1994-03-10,11.213,7.436,8.107,14.973,12.3
1994-03-11,0.0,6.677,8.348,14.152,15.9
1994-03-12,11.671,6.86,6.509,13.062,18.2
1994-03-13,3.2,5.961,7.223,12.402,28.5
1994-03-14,12.911,5.587,7.696,12.277,43.8
1994-03-15,0.0,6.574,7.241,13.188,35.6
1994-03-16,0.0,7.718,7.75,15.08,28.8
1994-03-17,13.712,6.707,6.527,12.875,22.4
1994-03-18,0.0,5.629,8.0,12.536,19.4
1994-03-19,0.0,5.535,8.223,12.589,17.8
1994-03-20,5.74,5.94,7.973,12.893,17.9
1994-03-21,0.0,7.941,7.804,15.393,25.5
1994-03-22,2.18,6.868,9.009,14.866,31.4
1994-03-23,2.661,7.948,8.107,15.589,27.4
1994-03-24,8.857,5.312,8.366,12.438,32.8
1994-03-25,0.0,9.688,6.125,16.634,24.3
1994-03-26,7.978,7.077,8.705,14.902,21.9
1994-03-27,10.1,5.766,8.509,13.125,23.3
1994-03-28,0.0,5.659,8.661,13.089,17.7
1994-03-29,0.752,4.035,7.679,10.384,23.0
1994-03-30,1.566,6.708,7.884,13.884,26.2
1994-03-31,28.645,5.993,7.58,12.705,84.3
1994-04-01,0.0,6.35,7.741,13.312,61.8
1994-04-02,34.057,5.88,6.839,12.027,65.0
1994-04-03,5.181,7.374,7.312,14.357,50.0
1994-04-04,12.126,6.436,8.098,13.652,43.5
1994-04-05,22.047,7.716,8.071,15.321,46.0
1994-04-06,11.035,7.99,7.42,15.268,38.4
1994-04-07,10.725,7.558,7.375,14.634,76.2
1994-04-08,21.039,5.825,8.491,13.223,51.2
1994-04-09,0.0,6.616,7.562,13.518,33.2
1994-04-10,2.22,6.65,8.33,14.17,31.4
1994-04-11,17.19,7.949,7.08,15.0,27.1
1994-04-12,0.0,5.308,8.232,12.411,25.2
1994-04-13,4.778,6.786,7.438,13.732,23.8
1994-04-14,3.873,5.188,8.357,12.411,38.0
1994-04-15,1.003,7.131,7.589,14.304,33.5
1994-04-16,0.913,7.175,8.321,14.902,30.8
1994-04-17,1.32,6.574,8.848,14.491,28.5
1994-04-18,10.658,4.853,9.188,12.661,25.7
1994-04-19,7.092,7.741,7.607,15.205,26.0
1994-04-20,0.812,6.191,8.25,13.625,31.1
1994-04-21,0.0,6.797,7.518,13.857,30.2
1994-04-22,0.0,6.84,8.304,14.5,23.0
1994-04-23,0.0,7.578,8.625,15.723,21.3
1994-04-24,0.0,6.714,8.482,14.491,19.7
1994-04-25,0.0,7.333,8.357,15.232,17.8
1994-04-26,30.42,5.086,7.946,12.0,30.5
1994-04-27,1.236,5.762,7.759,12.75,35.8
1994-04-28,1.775,6.319,8.357,13.946,37.2
1994-04-29,1.061,5.237,8.0,12.259,43.3
1994-04-30,2.557,5.761,7.786,12.795,61.7
1994-05-01,7.771,6.901,6.982,13.768,56.7
1994-05-02,19.552,8.018,7.705,15.812,48.5
1994-05-03,1.943,7.191,8.375,15.179,40.6
1994-05-04,0.0,7.075,9.321,15.714,36.1
1994-05-05,0.0,6.583,9.045,14.875,54.5
1994-05-06,0.0,4.745,8.679,12.277,46.5
1994-05-07,0.0,6.744,8.411,14.67,114.4
1994-05-08,0.0,4.866,8.634,12.393,57.6
1994-05-09,0.772,7.173,7.839,14.848,46.5
1994-05-10,0.0,6.449,8.339,14.241,45.7
1994-05-11,6.087,4.566,8.652,12.071,49.8
1994-05-12,0.0,6.724,8.402,14.679,41.8
1994-05-13,3.863,5.41,9.045,13.455,36.9
1994-05-14,2.728,4.935,8.509,12.438,31.4
1994-05-15,0.083,7.113,8.527,15.348,29.9
1994-05-16,1.073,5.718,9.0,13.83,29.3
1994-05-17,1.005,5.305,8.268,12.741,31.7
1994-05-18,7.337,5.651,8.027,13.036,44.1
1994-05-19,7.818,6.668,7.518,14.071,45.7
1994-05-20,17.456,6.319,7.929,13.902,59.8
1994-05-21,0.0,5.592,8.625,13.438,35.8
1994-05-22,2.628,6.218,9.107,14.652,36.9
1994-05-23,17.592,5.103,8.839,12.991,39.5
1994-05-24,0.0,5.629,8.562,13.473,34.1
1994-05-25,9.999,5.989,8.188,13.705,30.5
1994-05-26,13.327,5.576,7.946,12.964,105.5
1994-05-27,10.64,6.477,7.277,13.723,49.3
1994-05-28,1.378,8.004,6.857,15.652,40.6
1994-05-29,9.662,6.492,9.054,15.036,38.8
1994-05-30,0.0,6.533,8.884,15.009,37.6
1994-05-31,14.816,5.728,8.125,13.357,52.7
1994-06-01,0.0,7.368,8.143,15.661,91.9
1994-06-02,0.0,5.252,8.491,13.009,62.2
1994-06-03,2.49,4.869,8.536,12.536,54.3
1994-06-04,1.001,6.105,7.866,13.714,50.6
1994-06-05,10.975,5.385,8.589,13.277,49.3
1994-06-06,10.669,6.408,8.375,14.518,40.6
1994-06-07,0.0,6.874,7.929,14.848,36.1
1994-06-08,0.0,6.362,8.179,14.33,47.7
1994-06-09,0.0,6.155,8.277,14.116,45.7
1994-06-10,0.0,6.491,8.054,14.429,39.9
1994-06-11,0.0,6.246,7.241,13.482,36.1
1994-06-12,0.0,6.754,7.911,14.696,33.5
1994-06-13,0.384,5.882,8.125,13.634,32.3
1994-06-14,5.671,5.88,8.241,13.714,32.3
1994-06-15,0.0,5.828,8.866,14.134,31.7
1994-06-16,0.0,6.623,8.509,14.973,86.3
1994-06-17,0.0,6.644,7.679,14.393,41.9
1994-06-18,0.0,5.414,6.884,12.062,28.7
1994-06-19,0.0,7.671,7.25,15.589,27.9
1994-06-20,0.0,6.928,5.848,13.545,25.7
1994-06-21,0.0,5.224,7.223,12.062,34.7
1994-06-22,14.786,6.091,7.071,13.179,29.6
1994-06-23,15.282,5.828,7.857,13.384,31.4
1994-06-24,0.0,7.788,5.938,14.893,29.3
1994-06-25,2.944,7.216,7.33,15.0,30.5
1994-06-26,0.0,6.599,6.83,13.75,29.6
1994-06-27,0.707,4.768,6.955,11.232,33.5
1994-06-28,0.0,7.668,5.036,14.143,51.9
1994-06-29,0.0,7.606,5.179,14.125,48.5
1994-06-30,0.0,7.036,4.214,12.634,44.1
1994-07-01,0.0,6.45,4.812,12.125,33.5
1994-07-02,0.0,6.785,5.786,13.277,35.8
1994-07-03,22.972,5.699,6.429,12.125,41.4
1994-07-04,6.143,7.358,6.223,14.411,33.5
1994-07-05,0.0,4.333,7.062,10.688,38.4
1994-07-06,1.018,6.778,6.473,13.705,36.9
1994-07-07,0.425,7.2,6.679,14.482,32.9
1994-07-08,0.166,5.364,8.188,12.938,30.5
1994-07-09,0.589,4.757,7.304,11.438,29.9
1994-07-10,0.0,6.331,7.25,13.616,54.8
1994-07-11,6.908,4.396,7.009,10.714,48.7
1994-07-12,0.0,4.248,6.259,9.938,33.5
1994-07-13,0.0,5.885,6.438,12.348,30.5
1994-07-14,0.0,6.788,5.098,12.732,28.5
1994-07-15,0.0,6.289,6.25,12.786,25.7
1994-07-16,0.0,5.901,7.277,12.964,24.3
1994-07-17,0.0,5.755,7.116,12.616,35.0
1994-07-18,0.0,5.964,7.098,12.893,28.7
1994-07-19,0.0,6.627,4.991,12.366,26.8
1994-07-20,0.0,6.81,6.33,13.545,23.8
1994-07-21,0.0,7.461,6.08,14.304,26.5
1994-07-22,0.53,7.216,6.402,14.143,29.3
1994-07-23,9.28,5.531,6.973,12.125,29.6
1994-07-24,0.0,5.356,7.688,12.438,26.0
1994-07-25,0.0,6.934,6.205,13.571,25.7
1994-07-26,0.0,8.276,6.223,15.509,25.4
1994-07-27,0.0,6.769,6.973,13.83,26.5
1994-07-28,2.769,5.893,7.036,12.625,31.4
1994-07-29,3.756,6.586,6.357,13.143,29.6
1994-07-30,0.0,7.769,6.839,15.134,27.6
1994-07-31,0.0,7.199,7.071,14.473,48.9
1994-08-01,0.0,8.385,4.464,14.464,28.5
1994-08-02,0.0,7.409,5.58,13.732,25.4
1994-08-03,14.496,6.547,7.08,13.527,24.1
1994-08-04,0.0,8.21,6.304,15.339,28.7
1994-08-05,0.0,6.021,6.973,12.67,25.7
1994-08-06,0.0,6.492,5.929,12.589,25.7
1994-08-07,0.0,6.06,6.92,12.679,30.5
1994-08-08,1.545,8.199,6.42,15.312,35.0
1994-08-09,0.0,9.538,5.152,16.42,25.7
1994-08-10,36.885,6.292,7.232,13.17,24.1
1994-08-11,0.0,7.323,7.598,14.875,24.3
1994-08-12,0.0,6.12,6.875,12.679,54.8
1994-08-13,0.0,8.654,6.411,15.875,25.2
1994-08-14,0.0,8.023,5.92,14.652,23.8
1994-08-15,0.0,5.968,7.562,12.92,23.0
1994-08-16,0.0,7.866,6.116,14.554,35.0
1994-08-17,0.0,7.795,6.134,14.438,24.3
1994-08-18,0.0,8.958,5.0,15.33,23.0
1994-08-19,0.0,7.715,6.027,14.214,20.5
1994-08-20,0.0,6.594,7.205,13.464,18.8
1994-08-21,0.0,9.126,5.607,15.911,21.6
1994-08-22,0.0,6.676,6.08,12.75,27.9
1994-08-23,0.0,7.891,5.268,13.902,27.9
1994-08-24,0.0,7.584,5.321,13.5,45.3
1994-08-25,0.0,6.46,7.17,13.214,52.4
1994-08-26,0.0,7.3,6.589,13.929,32.0
1994-08-27,0.0,8.02,5.991,14.527,24.9
1994-08-28,0.0,8.461,6.071,15.17,21.3
1994-08-29,0.0,7.676,5.938,13.973,19.9
1994-08-30,3.904,7.52,7.286,14.67,18.5
1994-08-31,0.0,7.428,6.429,13.946,23.5
1994-09-01,0.0,7.737,5.92,14.018,25.7
1994-09-02,0.0,8.325,6.223,15.036,24.3
1994-09-03,0.0,6.587,6.839,13.062,24.5
1994-09-04,0.0,8.072,6.339,14.741,27.2
1994-09-05,0.0,8.056,6.536,14.857,30.0
1994-09-06,0.0,7.892,5.375,13.83,25.1
1994-09-07,0.0,8.924,6.116,15.741,22.9
1994-09-08,0.0,8.685,5.705,15.143,21.9
1994-09-09,0.0,7.904,6.089,14.304,23.4
1994-09-10,4.46,7.356,6.295,13.705,23.1
1994-09-11,0.0,7.122,7.562,14.259,21.2
1994-09-12,0.0,8.488,7.473,16.009,20.2
1994-09-13,0.0,8.177,7.107,15.339,21.4
1994-09-14,0.0,9.243,6.366,16.312,22.6
1994-09-15,0.922,8.817,6.098,15.527,21.8
1994-09-16,1.664,6.257,7.866,13.312,21.6
1994-09-17,0.0,6.271,7.973,13.42,24.0
1994-09-18,0.0,8.077,7.804,15.67,27.2
1994-09-19,0.0,7.826,7.241,14.946,25.3
1994-09-20,0.0,9.19,6.071,16.018,22.4
1994-09-21,16.258,10.0,6.804,17.58,19.9
1994-09-22,2.56,7.849,6.955,14.795,18.8
1994-09-23,3.815,7.05,8.205,14.616,18.7
1994-09-24,22.773,6.594,8.009,13.875,23.2
1994-09-25,0.0,7.419,7.723,14.777,28.1
1994-09-26,2.136,6.113,6.625,12.259,45.5
1994-09-27,10.114,6.301,7.67,13.259,50.6
1994-09-28,25.04,5.895,7.786,12.812,72.2
1994-09-29,0.619,8.136,6.089,14.652,42.1
1994-09-30,0.0,6.551,7.616,13.571,31.2
1994-10-01,2.598,7.323,6.402,13.759,25.3
1994-10-02,2.22,6.448,6.25,12.429,21.5
1994-10-03,8.431,6.952,6.571,13.348,20.3
1994-10-04,0.0,6.509,7.107,13.152,20.8
1994-10-05,2.523,7.582,7.411,14.812,24.1
1994-10-06,0.0,6.992,6.929,13.679,21.5
1994-10-07,3.207,6.448,7.509,13.375,24.6
1994-10-08,33.861,5.92,7.438,12.607,38.1
1994-10-09,10.416,6.524,7.866,13.777,28.8
1994-10-10,10.528,7.325,6.821,14.089,27.9
1994-10-11,3.439,7.077,6.973,13.875,22.5
1994-10-12,0.0,7.659,6.33,14.268,21.7
1994-10-13,12.856,5.185,7.589,11.83,35.6
1994-10-14,3.693,5.635,7.598,12.446,32.2
1994-10-15,13.277,5.786,7.321,12.429,28.3
1994-10-16,0.0,8.093,7.714,15.821,23.9
1994-10-17,7.878,6.883,7.902,14.33,21.3
1994-10-18,13.068,4.57,7.357,10.929,19.8
1994-10-19,6.13,6.1,7.411,12.964,21.7
1994-10-20,7.97,7.569,5.58,13.732,24.3
1994-10-21,0.0,8.705,6.562,15.973,19.9
1994-10-22,2.589,7.699,7.75,15.384,20.1
1994-10-23,6.101,6.416,7.268,13.304,23.6
1994-10-24,14.154,5.905,7.446,12.777,35.5
1994-10-25,19.7,7.141,7.973,14.839,32.5
1994-10-26,1.387,8.516,6.92,16.018,29.1
1994-10-27,17.954,7.79,6.509,14.759,22.3
1994-10-28,0.224,7.582,7.464,15.098,20.7
1994-10-29,10.58,7.677,7.107,15.036,18.9
1994-10-30,10.58,7.285,8.473,15.438,18.1
1994-10-31,2.67,7.284,6.973,14.402,16.9
1994-11-01,21.424,5.525,8.402,13.062,20.8
1994-11-02,0.0,6.376,8.312,14.152,19.0
1994-11-03,0.0,6.814,7.795,14.375,18.3
1994-11-04,0.271,6.768,8.518,14.848,31.7
1994-11-05,32.891,5.105,7.232,11.661,54.5
1994-11-06,16.624,6.877,6.455,13.562,36.3
1994-11-07,0.0,6.871,7.348,14.232,39.6
1994-11-08,4.434,6.414,7.188,13.446,31.8
1994-11-09,10.914,7.157,6.804,14.241,32.6
1994-11-10,11.732,7.339,7.473,14.973,30.7
1994-11-11,0.0,6.073,8.411,13.929,31.2
1994-11-12,0.0,7.635,7.348,15.357,30.3
1994-11-13,0.0,6.227,8.518,14.214,24.6
1994-11-14,0.0,6.384,8.964,14.777,22.4
1994-11-15,0.0,8.28,7.875,16.679,20.7
1994-11-16,1.666,8.482,5.804,15.616,19.7
1994-11-17,0.0,7.71,6.429,14.911,19.1
1994-11-18,0.0,7.735,7.491,15.661,20.9
1994-11-19,16.581,6.884,7.911,14.777,24.3
1994-11-20,13.586,7.488,7.732,15.509,22.7
1994-11-21,16.774,7.787,7.705,15.964,21.7
1994-11-22,0.0,5.493,7.982,12.938,25.2
1994-11-23,0.0,5.031,7.705,12.098,28.3
1994-11-24,10.601,5.262,8.268,12.848,27.9
1994-11-25,24.271,5.408,7.804,12.714,35.0
1994-11-26,0.0,6.629,6.464,13.482,44.4
1994-11-27,0.0,6.896,7.161,14.375,41.3
1994-11-28,7.299,6.46,7.589,14.062,46.2
1994-11-29,0.0,7.237,5.554,13.804,37.3
1994-11-30,5.939,6.668,6.339,13.482,29.4
1994-12-01,28.375,5.46,7.455,12.554,28.1
1994-12-02,0.0,8.034,7.58,16.357,23.9
1994-12-03,5.841,5.636,8.286,13.429,22.3
1994-12-04,2.119,8.346,7.205,16.589,28.4
1994-12-05,0.0,7.431,7.036,15.107,26.1
1994-12-06,0.0,7.532,7.509,15.598,22.1
1994-12-07,0.0,6.695,6.812,13.911,21.0
1994-12-08,0.0,6.403,7.518,13.982,32.2
1994-12-09,0.0,6.673,8.384,14.991,30.0
1994-12-10,0.0,7.292,8.071,15.661,23.7
1994-12-11,0.0,7.641,8.179,16.241,28.9
1994-12-12,0.0,7.334,5.946,14.286,25.7
1994-12-13,0.482,7.375,7.179,15.179,21.6
1994-12-14,25.57,6.348,8.259,14.446,20.5
1994-12-15,8.806,5.312,8.938,13.536,21.0
1994-12-16,0.0,6.647,7.455,14.312,21.4
1994-12-17,0.0,7.492,7.277,15.42,19.9
1994-12-18,0.0,5.562,8.634,13.634,18.0
1994-12-19,0.0,5.051,8.723,13.009,18.1
1994-12-20,8.151,5.197,7.946,12.598,22.3
1994-12-21,19.313,5.914,8.268,13.857,26.0
1994-12-22,16.504,6.399,8.232,14.509,26.1
1994-12-23,15.536,5.486,8.589,13.5,21.7
1994-12-24,0.0,8.086,7.786,16.652,22.6
1994-12-25,0.0,6.863,7.393,14.589,22.5
1994-12-26,0.0,6.248,7.312,13.634,32.6
1994-12-27,0.0,6.241,6.25,12.857,25.2
1994-12-28,0.0,7.698,7.045,15.589,21.3
1994-12-29,0.0,7.313,5.661,14.062,20.5
1994-12-30,0.0,7.485,7.027,15.232,19.7
1994-12-31,0.0,6.845,7.027,14.259,18.3
1995-01-01,0.0,6.649,7.179,14.071,17.55
1995-01-02,0.0,7.356,7.393,15.259,16.65
1995-01-03,0.0,6.863,8.205,15.089,15.97
1995-01-04,0.0,7.883,5.205,14.571,15.52
1995-01-05,4.875,8.799,4.429,15.473,15.3
1995-01-06,0.0,8.268,5.089,15.062,15.07
1995-01-07,0.0,7.535,8.339,16.107,14.62
1995-01-08,0.0,8.699,5.795,16.125,14.4
1995-01-09,20.779,7.075,7.42,14.795,14.64
1995-01-10,0.0,6.662,6.5,13.58,17.87
1995-01-11,0.0,7.591,6.759,15.062,15.75
1995-01-12,0.0,6.556,6.857,13.616,15.52
1995-01-13,0.0,5.764,6.866,12.5,16.69
1995-01-14,0.0,8.135,5.152,14.786,20.07
1995-01-15,0.0,7.625,6.67,15.009,18.32
1995-01-16,7.532,6.0,7.884,13.536,16.65
1995-01-17,22.373,5.907,7.893,13.393,16.2
1995-01-18,0.0,6.488,7.741,14.071,16.2
1995-01-19,3.013,6.667,7.884,14.42,15.97
1995-01-20,10.283,6.24,8.429,14.223,15.75
1995-01-21,0.0,6.205,7.027,13.134,27.43
1995-01-22,0.332,5.938,7.196,12.866,32.48
1995-01-23,0.0,7.87,5.464,14.446,28.19
1995-01-24,0.0,6.961,6.08,13.5,21.0
1995-01-25,0.0,8.448,5.598,15.348,18.56
1995-01-26,0.0,7.666,6.321,14.643,16.87
1995-01-27,0.0,6.453,8.259,14.277,15.97
1995-01-28,22.19,6.371,7.312,13.446,15.52
1995-01-29,0.0,8.803,5.161,15.509,14.85
1995-01-30,0.0,8.142,6.536,15.411,14.4
1995-01-31,3.971,8.426,6.589,15.821,14.4
1995-02-01,0.2,7.857,6.125,14.696,14.85
1995-02-02,0.0,8.427,7.357,16.268,14.85
1995-02-03,0.0,9.298,5.455,16.295,14.4
1995-02-04,1.445,8.327,6.438,15.491,14.4
1995-02-05,0.225,6.272,7.0,12.991,15.26
1995-02-06,21.133,6.349,7.518,13.464,31.85
1995-02-07,0.359,8.869,7.125,16.643,14.63
1995-02-08,0.0,9.908,6.295,17.536,13.73
1995-02-09,0.0,8.989,5.973,16.036,12.9
1995-02-10,0.0,9.141,4.955,15.598,12.5
1995-02-11,0.0,9.585,5.295,16.411,12.5
1995-02-12,0.0,8.811,5.857,15.643,12.7
1995-02-13,4.189,8.872,7.196,16.589,13.1
1995-02-14,0.0,9.244,6.295,16.5,12.9
1995-02-15,0.105,9.462,5.5,16.277,12.5
1995-02-16,0.0,9.772,5.161,16.482,11.7
1995-02-17,0.0,9.275,6.179,16.393,12.1
1995-02-18,0.0,8.08,5.482,14.277,11.7
1995-02-19,0.0,8.125,5.759,14.518,12.1
1995-02-20,14.021,7.795,7.446,15.134,12.5
1995-02-21,0.329,5.736,7.304,12.304,12.3
1995-02-22,0.196,7.464,7.125,14.491,17.77
1995-02-23,0.0,9.561,5.304,16.188,14.4
1995-02-24,0.0,8.939,5.357,15.33,14.4
1995-02-25,52.205,7.467,7.196,14.491,14.4
1995-02-26,0.0,6.851,6.866,13.411,13.95
1995-02-27,0.0,7.374,7.161,14.33,13.73
1995-02-28,0.0,6.515,6.911,12.973,13.1
1995-03-01,0.0,7.197,7.339,14.17,17.33
1995-03-02,0.0,7.528,6.866,14.295,16.88
1995-03-03,0.0,6.155,8.223,13.446,17.33
1995-03-04,8.531,5.89,8.973,13.732,18.55
1995-03-05,4.756,5.962,8.884,13.696,23.32
1995-03-06,13.199,6.822,8.812,14.705,20.2
1995-03-07,14.352,5.694,8.286,12.92,24.78
1995-03-08,16.274,7.551,7.339,14.598,25.33
1995-03-09,8.97,6.592,7.911,13.723,26.0
1995-03-10,0.0,7.083,8.161,14.554,27.51
1995-03-11,4.947,4.57,8.125,11.375,31.15
1995-03-12,1.69,6.676,8.045,13.946,31.08
1995-03-13,0.0,9.364,6.509,16.464,19.38
1995-03-14,0.0,9.65,4.848,15.83,17.33
1995-03-15,0.0,9.998,4.946,16.357,15.52
1995-03-16,0.699,8.137,5.339,14.027,14.63
1995-03-17,0.836,8.592,5.062,14.464,13.73
1995-03-18,14.689,6.222,7.277,12.768,14.17
1995-03-19,17.349,8.22,8.598,16.286,13.5
1995-03-20,5.621,9.331,7.107,16.759,13.95
1995-03-21,5.703,7.363,6.589,13.777,13.95
1995-03-22,15.657,8.465,6.795,15.411,14.4
1995-03-23,19.964,5.503,7.661,12.116,28.34
1995-03-24,12.177,7.717,7.661,15.009,51.89
1995-03-25,12.328,7.136,7.429,14.08,61.84
1995-03-26,9.03,8.204,7.295,15.384,38.08
1995-03-27,1.538,7.603,7.402,14.643,29.3
1995-03-28,0.0,8.047,6.75,14.812,23.5
1995-03-29,5.196,8.616,7.812,16.304,22.67
1995-03-30,5.891,8.203,7.571,15.58,21.58
1995-03-31,0.0,8.314,6.625,15.098,18.83
1995-04-01,0.0,8.225,6.75,15.08,17.55
1995-04-02,14.919,9.043,7.009,16.357,17.1
1995-04-03,7.821,7.627,7.134,14.545,17.33
1995-04-04,0.0,7.109,8.0,14.464,17.1
1995-04-05,0.0,7.168,7.688,14.321,16.2
1995-04-06,0.0,8.06,7.946,15.688,13.9
1995-04-07,0.0,9.076,8.634,17.5,16.16
1995-04-08,0.0,9.209,7.33,16.821,18.16
1995-04-09,7.352,7.772,7.089,14.732,24.05
1995-04-10,9.231,7.106,8.348,14.75,19.72
1995-04-11,12.637,7.321,8.679,15.277,17.51
1995-04-12,11.998,6.675,8.821,14.545,17.11
1995-04-13,18.017,7.554,7.821,15.018,23.17
1995-04-14,15.06,5.444,8.58,12.875,33.77
1995-04-15,0.0,6.164,7.696,13.125,39.36
1995-04-16,0.0,6.486,8.223,13.929,44.32
1995-04-17,12.018,4.276,7.938,10.955,49.53
1995-04-18,12.943,5.699,8.143,12.902,46.03
1995-04-19,13.937,6.794,7.473,13.821,36.93
1995-04-20,9.147,6.974,7.446,14.071,31.85
1995-04-21,5.097,6.003,7.545,12.83,40.2
1995-04-22,9.57,5.097,8.607,12.518,55.93
1995-04-23,16.914,7.575,7.339,14.812,37.63
1995-04-24,0.0,6.329,8.232,13.821,32.15
1995-04-25,0.0,5.862,8.08,13.107,35.0
1995-04-26,0.0,5.406,8.491,12.83,36.7
1995-04-27,3.53,6.121,7.866,13.286,43.0
1995-04-28,9.558,7.931,8.893,16.455,39.38
1995-04-29,16.242,5.977,8.25,13.411,33.9
1995-04-30,9.889,6.008,7.938,13.232,39.5
1995-05-01,5.978,6.68,8.205,14.348,44.4
1995-05-02,8.919,7.236,7.393,14.518,31.5
1995-05-03,4.122,7.63,8.527,15.857,21.97
1995-05-04,0.537,5.525,9.295,13.688,21.08
1995-05-05,7.489,8.71,7.786,16.857,21.35
1995-05-06,21.201,5.247,8.652,12.884,35.65
1995-05-07,2.884,7.127,7.688,14.652,54.67
1995-05-08,0.0,7.819,6.402,14.768,40.43
1995-05-09,2.526,6.512,8.929,14.741,34.95
1995-05-10,10.483,7.104,9.027,15.625,38.45
1995-05-11,0.0,7.373,8.312,15.491,32.5
1995-05-12,0.0,6.585,9.42,15.241,27.8
1995-05-13,22.289,5.418,8.946,13.384,29.7
1995-05-14,0.0,5.161,8.893,13.027,60.1
1995-05-15,0.0,6.903,8.625,15.125,35.88
1995-05-16,12.431,5.214,8.741,12.982,28.1
1995-05-17,0.0,6.745,7.857,14.402,23.9
1995-05-18,6.176,5.334,8.857,13.259,21.9
1995-05-19,0.0,5.614,7.902,12.893,28.1
1995-05-20,0.0,7.746,7.795,15.768,33.43
1995-05-21,1.079,6.04,8.375,13.866,28.75
1995-05-22,5.447,4.91,8.304,12.312,29.7
1995-05-23,0.0,7.043,7.366,14.545,28.7
1995-05-24,10.262,5.305,6.759,11.661,32.5
1995-05-25,4.634,4.719,7.17,11.179,28.4
1995-05-26,3.354,5.244,7.518,12.179,61.03
1995-05-27,0.0,5.899,8.161,13.554,41.83
1995-05-28,0.0,6.514,7.616,14.036,34.95
1995-05-29,0.971,6.271,8.402,14.277,28.7
1995-05-30,3.654,5.755,8.268,13.491,24.5
1995-05-31,0.0,7.354,7.768,15.357,22.75
1995-06-01,16.838,5.782,8.054,13.366,19.15
1995-06-02,0.0,5.014,8.036,12.33,18.6
1995-06-03,1.031,5.808,7.777,13.214,25.7
1995-06-04,0.0,6.643,8.259,14.732,27.2
1995-06-05,17.111,4.531,8.295,11.911,21.63
1995-06-06,11.891,5.927,8.625,14.036,20.25
1995-06-07,1.774,6.657,8.134,14.688,27.5
1995-06-08,29.183,6.395,7.67,14.027,70.75
1995-06-09,0.0,5.521,8.125,13.116,51.0
1995-06-10,0.0,6.554,8.438,14.777,23.9
1995-06-11,2.218,6.433,9.054,15.062,19.42
1995-06-12,0.0,6.755,7.777,14.598,17.27
1995-06-13,0.0,6.722,7.875,14.625,16.38
1995-06-14,0.0,5.812,8.188,13.598,16.83
1995-06-15,0.0,6.166,8.143,14.062,16.39
1995-06-16,0.0,6.629,7.741,14.438,19.49
1995-06-17,21.69,7.604,7.893,15.938,20.11
1995-06-18,0.0,6.377,8.732,14.795,26.41
1995-06-19,11.873,5.52,8.545,13.473,53.99
1995-06-20,0.0,6.092,8.375,14.143,33.62
1995-06-21,0.0,7.41,8.411,16.018,28.83
1995-06-22,0.0,6.525,8.214,14.625,23.86
1995-06-23,5.648,6.898,7.286,14.509,40.82
1995-06-24,16.579,3.716,8.268,10.929,54.46
1995-06-25,0.0,5.638,8.232,13.384,41.86
1995-06-26,7.604,6.183,6.848,13.134,25.84
1995-06-27,0.0,6.175,7.652,13.714,30.62
1995-06-28,0.0,6.619,6.527,13.554,22.1
1995-06-29,0.0,6.327,8.062,14.232,26.05
1995-06-30,0.0,6.434,7.661,14.098,49.38
1995-07-01,0.0,7.113,6.732,14.42,37.06
1995-07-02,0.0,7.308,6.08,14.259,26.47
1995-07-03,0.0,5.093,7.0,11.67,21.37
1995-07-04,0.0,5.817,6.438,12.304,34.49
1995-07-05,0.0,5.051,6.741,11.411,36.1
1995-07-06,0.0,5.633,7.429,12.75,28.47
1995-07-07,0.0,6.429,6.402,13.152,34.97
1995-07-08,0.0,6.385,6.116,12.866,33.57
1995-07-09,0.0,5.578,5.92,11.545,24.48
1995-07-10,0.0,6.524,6.304,13.196,24.2
1995-07-11,0.0,5.772,5.955,11.83,18.88
1995-07-12,0.0,7.279,5.911,14.027,17.29
1995-07-13,0.0,7.976,5.75,14.946,16.37
1995-07-14,0.0,5.466,7.768,12.723,19.24
1995-07-15,0.0,7.143,7.857,15.125,21.24
1995-07-16,0.569,7.066,6.688,14.205,33.53
1995-07-17,40.293,6.561,6.295,13.179,57.37
1995-07-18,0.0,6.189,7.125,13.223,30.43
1995-07-19,0.592,6.759,7.929,14.598,26.23
1995-07-20,0.0,6.456,6.875,13.411,35.87
1995-07-21,4.233,5.425,7.58,12.491,42.56
1995-07-22,0.0,7.075,7.25,14.545,47.21
1995-07-23,0.0,7.463,6.491,14.554,31.36
1995-07-24,0.552,7.467,7.214,15.036,35.98
1995-07-25,32.917,7.263,7.848,15.17,49.84
1995-07-26,9.276,6.422,7.411,13.696,35.84
1995-07-27,23.172,6.351,6.58,12.991,42.44
1995-07-28,0.627,6.546,6.045,12.875,38.09
1995-07-29,3.411,6.656,7.393,13.982,62.83
1995-07-30,23.484,8.555,5.562,15.464,36.28
1995-07-31,2.735,7.626,7.17,15.17,26.85
1995-08-01,0.0,5.496,7.384,12.304,23.0
1995-08-02,16.869,5.121,7.027,11.518,26.3
1995-08-03,0.0,6.163,6.554,12.598,24.45
1995-08-04,11.137,7.635,5.929,14.286,27.89
1995-08-05,0.0,7.56,6.482,14.527,27.64
1995-08-06,0.0,6.048,7.598,13.17,20.53
1995-08-07,0.0,7.644,6.286,14.482,17.55
1995-08-08,0.0,6.519,6.089,12.714,26.32
1995-08-09,0.0,8.399,5.259,14.857,33.11
1995-08-10,0.0,7.504,6.536,14.393,21.33
1995-08-11,21.936,6.902,6.411,13.455,22.19
1995-08-12,0.0,6.814,6.339,13.277,35.26
1995-08-13,11.526,6.94,5.973,13.196,36.57
1995-08-14,0.0,7.745,6.973,14.964,32.9
1995-08-15,0.0,8.626,5.75,15.393,22.86
1995-08-16,15.647,5.951,7.741,13.036,21.64
1995-08-17,0.0,6.499,7.625,13.688,21.8
1995-08-18,0.0,5.918,7.875,13.071,22.12
1995-08-19,0.0,6.738,7.339,13.777,18.53
1995-08-20,0.0,5.334,7.509,12.027,17.91
1995-08-21,0.0,6.674,7.036,13.446,17.59
1995-08-22,0.0,9.21,5.214,15.777,17.55
1995-08-23,5.542,7.59,7.304,14.857,17.55
1995-08-24,1.872,7.01,7.402,14.125,16.68
1995-08-25,0.0,7.176,7.589,14.473,15.48
1995-08-26,0.0,6.152,7.679,13.17,16.14
1995-08-27,0.0,6.796,7.991,14.232,14.35
1995-08-28,0.0,6.745,8.089,14.214,13.45
1995-08-29,0.0,6.517,7.786,13.705,13.0
1995-08-30,0.0,8.792,6.705,16.027,13.0
1995-08-31,0.0,7.951,6.339,14.625,12.65
1995-09-01,0.0,7.832,5.527,13.902,12.3
1995-09-02,0.0,7.346,6.045,13.571,12.3
1995-09-03,0.0,7.455,6.634,14.107,12.3
1995-09-04,0.0,7.051,6.616,13.536,11.95
1995-09-05,0.0,6.544,5.839,12.286,11.6
1995-09-06,0.0,7.15,6.5,13.571,11.6
1995-09-07,0.0,7.17,7.17,14.054,11.42
1995-09-08,0.0,7.861,7.054,14.902,11.25
1995-09-09,0.629,6.857,7.893,14.152,11.43
1995-09-10,9.305,8.816,7.116,16.214,15.24
1995-09-11,0.0,7.915,7.911,15.527,14.74
1995-09-12,2.518,8.149,6.777,15.107,16.9
1995-09-13,0.0,7.588,7.545,14.848,14.12
1995-09-14,18.539,6.767,7.018,13.393,14.8
1995-09-15,1.606,6.783,7.375,13.67,17.27
1995-09-16,0.0,6.51,7.554,13.429,28.8
1995-09-17,0.0,7.285,6.652,13.83,18.6
1995-09-18,0.0,6.754,7.062,13.375,14.57
1995-09-19,0.0,7.859,7.473,15.161,13.45
1995-09-20,0.0,7.639,8.17,15.339,12.3
1995-09-21,0.0,8.754,7.384,16.304,12.82
1995-09-22,3.598,8.086,8.036,15.857,11.6
1995-09-23,0.0,7.696,7.848,15.196,17.27
1995-09-24,1.587,7.557,7.339,14.652,19.15
1995-09-25,0.0,5.952,8.116,13.116,12.82
1995-09-26,3.808,9.538,7.83,17.625,15.07
1995-09-27,0.0,9.603,5.723,16.411,17.27
1995-09-28,10.451,8.732,6.25,15.562,12.92
1995-09-29,0.0,9.49,7.518,17.402,12.82
1995-09-30,11.207,6.874,7.598,13.973,11.25
1995-10-01,1.822,4.567,7.804,11.196,12.48
1995-10-02,0.0,7.482,7.58,14.759,12.82
1995-10-03,0.0,7.876,7.321,15.107,14.35
1995-10-04,0.0,9.245,7.312,16.964,14.0
1995-10-05,8.71,6.75,8.795,14.67,13.23
1995-10-06,0.0,8.78,7.741,16.652,13.25
1995-10-07,12.739,6.725,8.705,14.589,14.13
1995-10-08,0.0,6.815,6.009,12.812,14.99
1995-10-09,46.428,5.561,8.196,12.777,22.32
1995-10-10,9.236,3.935,7.732,10.402,23.93
1995-10-11,10.5,6.841,6.089,12.938,33.99
1995-10-12,7.122,7.263,5.375,13.062,41.08
1995-10-13,0.452,9.642,5.134,16.277,31.04
1995-10-14,25.611,6.256,7.286,13.009,29.1
1995-10-15,0.0,8.115,6.438,15.009,24.81
1995-10-16,1.995,7.97,8.214,16.0,26.12
1995-10-17,0.0,5.264,7.902,12.196,27.74
1995-10-18,0.0,5.309,7.536,11.973,34.49
1995-10-19,16.384,5.337,7.5,12.027,27.52
1995-10-20,6.704,6.933,6.759,13.634,24.45
1995-10-21,0.259,5.909,7.259,12.598,23.41
1995-10-22,18.81,6.175,7.402,13.071,19.76
1995-10-23,0.0,6.772,7.089,13.661,19.16
1995-10-24,3.368,9.531,7.071,17.518,20.93
1995-10-25,0.0,5.863,7.804,13.0,18.92
1995-10-26,0.0,5.777,7.455,12.634,18.91
1995-10-27,19.288,5.072,7.777,11.955,20.56
1995-10-28,0.0,5.835,7.571,12.804,27.82
1995-10-29,0.0,5.532,7.402,12.268,27.76
1995-10-30,9.549,6.198,6.616,12.616,20.59
1995-10-31,3.189,5.53,7.464,12.339,25.45
1995-11-01,0.0,5.992,7.286,12.866,26.2
1995-11-02,27.333,6.632,6.804,13.402,25.8
1995-11-03,0.759,6.003,6.991,12.679,24.98
1995-11-04,16.739,6.839,7.321,14.125,23.9
1995-11-05,0.0,5.67,7.339,12.509,22.47
1995-11-06,0.0,6.938,7.321,14.277,21.58
1995-11-07,0.0,5.621,7.759,12.759,20.48
1995-11-08,17.186,6.61,6.759,13.473,22.33
1995-11-09,0.0,7.768,7.196,15.411,25.02
1995-11-10,0.0,6.718,7.393,14.08,31.56
1995-11-11,0.0,5.892,6.562,12.304,23.18
1995-11-12,0.0,6.227,6.134,12.5,20.9
1995-11-13,0.0,5.543,7.268,12.384,25.52
1995-11-14,0.0,7.33,4.0,12.75,20.51
1995-11-15,0.0,7.256,6.92,14.554,20.07
1995-11-16,3.262,8.091,7.375,16.089,18.37
1995-11-17,41.058,6.318,8.384,14.295,18.16
1995-11-18,15.236,6.332,6.714,13.17,21.06
1995-11-19,7.263,6.994,7.527,14.661,28.84
1995-11-20,1.89,8.604,7.125,16.714,27.2
1995-11-21,0.0,6.27,7.679,13.768,30.64
1995-11-22,2.627,8.393,7.357,16.607,25.7
1995-11-23,19.553,8.173,6.616,15.812,31.64
1995-11-24,1.068,7.902,7.366,15.92,26.01
1995-11-25,9.674,6.989,8.089,15.125,23.64
1995-11-26,0.0,6.998,8.098,15.125,19.7
1995-11-27,0.0,9.143,7.482,17.821,18.74
1995-11-28,0.0,6.739,7.054,14.08,17.19
1995-11-29,0.0,6.182,7.188,13.375,15.4
1995-11-30,0.0,8.016,5.295,14.839,14.8
1995-12-01,0.0,6.757,8.312,15.0,14.8
1995-12-02,0.0,6.204,7.705,13.795,14.57
1995-12-03,0.0,6.44,8.518,14.723,14.83
1995-12-04,40.79,6.403,7.402,13.875,18.32
1995-12-05,0.531,7.685,6.768,15.33,16.86
1995-12-06,0.0,8.688,4.482,15.411,16.03
1995-12-07,0.0,6.864,6.473,13.946,15.02
1995-12-08,0.955,7.514,6.295,14.786,14.8
1995-12-09,0.0,6.742,6.616,13.857,14.8
1995-12-10,1.577,4.99,7.652,12.08,15.48
1995-12-11,16.39,7.005,7.027,14.536,16.56
1995-12-12,5.206,7.328,7.384,15.286,24.91
1995-12-13,13.297,6.886,7.089,14.393,24.0
1995-12-14,11.734,6.209,7.491,13.705,22.36
1995-12-15,11.734,6.077,7.634,13.625,26.47
1995-12-16,0.0,7.031,7.518,14.92,25.34
1995-12-17,0.0,5.771,7.821,13.312,22.13
1995-12-18,0.0,5.193,8.321,12.911,19.02
1995-12-19,42.313,6.44,8.464,14.741,17.3
1995-12-20,0.672,6.507,7.295,14.0,19.09
1995-12-21,5.124,5.791,6.973,12.732,24.51
1995-12-22,0.0,6.819,5.625,13.304,37.81
1995-12-23,0.394,6.87,5.982,13.625,26.82
1995-12-24,0.0,6.656,7.491,14.348,33.58
1995-12-25,0.0,5.028,8.062,12.473,26.45
1995-12-26,1.548,6.068,6.054,12.464,23.95
1995-12-27,3.185,5.893,7.071,12.929,22.39
1995-12-28,0.0,6.89,7.277,14.527,18.98
1995-12-29,0.0,7.013,6.955,14.491,17.57
1995-12-30,0.0,7.072,6.205,14.071,16.29
1995-12-31,0.0,7.981,6.643,15.679,15.47
1996-01-01,0.0,7.53,4.679,13.732,16.7
1996-01-02,0.0,6.933,6.723,14.188,16.4
1996-01-03,0.0,7.545,6.438,14.866,17.0
1996-01-04,0.0,7.098,6.804,14.438,16.6
1996-01-05,1.102,7.113,6.321,14.134,16.2
1996-01-06,0.0,6.859,5.839,13.438,16.4
1996-01-07,0.0,7.114,6.5,14.232,15.4
1996-01-08,0.0,7.991,4.982,14.545,14.7
1996-01-09,0.0,6.205,6.491,12.875,14.4
1996-01-10,0.827,8.027,5.455,14.884,14.1
1996-01-11,0.0,7.548,6.25,14.67,13.6
1996-01-12,0.0,6.399,7.223,13.634,13.1
1996-01-13,21.797,6.241,7.795,13.83,14.0
1996-01-14,27.597,6.765,7.393,14.277,15.3
1996-01-15,3.532,6.966,6.67,14.062,15.5
1996-01-16,18.62,6.961,6.723,14.08,17.2
1996-01-17,44.771,5.549,6.679,12.009,20.1
1996-01-18,31.965,5.914,6.786,12.589,25.3
1996-01-19,2.789,6.279,4.616,11.589,21.0
1996-01-20,0.0,6.454,6.036,12.804,21.4
1996-01-21,0.0,5.145,5.598,10.589,27.6
1996-01-22,0.0,4.62,6.446,10.473,41.6
1996-01-23,0.0,6.204,5.857,12.277,36.1
1996-01-24,0.0,6.617,6.277,13.152,24.8
1996-01-25,3.327,6.194,7.268,13.232,20.8
1996-01-26,0.0,7.328,6.241,14.134,21.4
1996-01-27,0.0,7.912,5.607,14.536,18.6
1996-01-28,10.577,7.069,6.938,14.196,17.3
1996-01-29,2.853,6.605,6.955,13.545,17.1
1996-01-30,6.404,7.7,5.589,14.152,17.6
1996-01-31,10.577,5.688,6.857,12.152,16.7
1996-02-01,0.0,4.767,6.982,10.973,17.7
1996-02-02,0.0,5.543,7.714,12.571,26.4
1996-02-03,0.0,6.61,7.393,13.786,27.1
1996-02-04,32.301,6.746,6.33,13.196,34.9
1996-02-05,9.045,4.665,7.045,10.875,32.1
1996-02-06,0.404,4.873,7.241,11.286,48.6
1996-02-07,0.404,6.009,7.304,12.848,58.3
1996-02-08,0.0,6.464,7.384,13.482,48.7
1996-02-09,5.882,7.486,7.161,14.75,33.4
1996-02-10,11.078,6.961,7.062,13.911,33.8
1996-02-11,8.349,6.307,7.839,13.571,39.2
1996-02-12,0.327,7.39,7.92,15.08,58.4
1996-02-13,1.447,6.221,7.188,12.964,50.7
1996-02-14,0.0,5.823,7.696,12.812,37.6
1996-02-15,4.911,6.916,6.179,13.179,31.1
1996-02-16,0.727,7.053,8.125,14.732,24.2
1996-02-17,2.015,5.193,7.411,11.714,27.7
1996-02-18,30.993,4.915,7.732,11.598,40.0
1996-02-19,0.0,7.436,7.759,14.92,29.4
1996-02-20,0.286,7.559,7.42,14.839,23.9
1996-02-21,2.789,6.692,6.652,13.116,19.4
1996-02-22,18.361,5.847,6.875,12.116,18.6
1996-02-23,13.659,6.831,8.268,14.429,19.4
1996-02-24,0.0,6.572,6.268,12.634,19.0
1996-02-25,0.0,6.043,6.455,12.045,17.6
1996-02-26,18.236,5.911,7.696,12.786,27.1
1996-02-27,3.528,6.386,6.991,12.875,29.1
1996-02-28,0.0,6.631,8.295,14.143,22.6
1996-02-29,0.0,6.542,7.321,13.295,23.8
1996-03-01,0.0,6.284,7.696,13.241,29.5
1996-03-02,46.719,6.482,7.804,13.571,25.1
1996-03-03,0.0,7.736,7.795,15.205,31.6
1996-03-04,0.0,6.248,8.134,13.5,29.2
1996-03-05,0.0,4.415,8.304,11.366,28.1
1996-03-06,20.737,6.008,8.438,13.455,38.8
1996-03-07,0.0,6.636,8.241,14.062,54.6
1996-03-08,12.333,5.491,7.92,12.348,56.5
1996-03-09,27.517,6.29,7.268,12.857,49.9
1996-03-10,0.0,5.555,7.768,12.321,45.2
1996-03-11,0.347,5.226,7.964,12.045,55.0
1996-03-12,0.0,7.905,6.429,14.455,71.5
1996-03-13,0.104,8.096,7.393,15.348,57.8
1996-03-14,3.567,7.343,7.143,14.161,36.8
1996-03-15,0.228,7.171,7.411,14.134,34.7
1996-03-16,37.351,6.106,7.241,12.571,58.5
1996-03-17,12.352,6.403,7.536,13.196,55.7
1996-03-18,0.0,9.161,6.679,16.277,35.3
1996-03-19,0.0,7.259,7.071,13.964,29.4
1996-03-20,0.0,7.946,5.777,14.018,24.8
1996-03-21,0.0,6.43,6.83,12.696,24.4
1996-03-22,0.0,6.091,6.911,12.312,25.4
1996-03-23,13.328,5.968,7.312,12.464,27.6
1996-03-24,11.868,5.006,7.848,11.652,25.0
1996-03-25,8.435,5.899,7.875,12.768,23.4
1996-03-26,3.792,5.567,7.58,12.134,24.8
1996-03-27,5.141,6.811,7.438,13.652,23.3
1996-03-28,0.0,6.425,7.062,12.857,20.3
1996-03-29,3.531,5.494,8.134,12.473,19.1
1996-03-30,9.551,5.982,7.938,12.946,18.8
1996-03-31,9.23,7.384,8.161,14.946,25.9
1996-04-01,0.504,6.896,8.188,14.348,26.1
1996-04-02,4.75,6.318,8.696,13.964,20.7
1996-04-03,18.208,4.953,8.205,11.902,21.8
1996-04-04,0.0,6.226,7.857,13.223,25.7
1996-04-05,0.0,4.201,8.188,11.089,20.4
1996-04-06,16.053,5.054,8.054,11.911,19.4
1996-04-07,0.0,5.482,8.562,12.839,19.5
1996-04-08,0.0,5.839,8.179,13.009,29.4
1996-04-09,0.0,6.318,7.714,13.259,26.7
1996-04-10,0.0,6.109,6.411,12.036,25.7
1996-04-11,35.991,5.421,7.304,11.812,26.7
1996-04-12,7.555,5.747,7.679,12.527,35.5
1996-04-13,0.0,7.493,7.357,14.625,30.6
1996-04-14,5.191,5.845,7.839,12.795,29.6
1996-04-15,0.397,6.275,7.571,13.161,26.3
1996-04-16,8.454,6.188,6.589,12.339,27.0
1996-04-17,0.0,6.586,5.75,12.295,20.3
1996-04-18,0.0,5.576,6.598,11.562,22.3
1996-04-19,17.645,5.662,6.562,11.652,51.1
1996-04-20,0.0,6.459,5.875,12.25,29.3
1996-04-21,3.258,5.76,7.509,12.5,25.9
1996-04-22,0.0,5.804,7.268,12.393,22.0
1996-04-23,0.0,5.263,7.518,11.884,32.1
1996-04-24,36.564,5.151,7.304,11.607,50.3
1996-04-25,0.0,6.364,6.473,12.625,33.2
1996-04-26,6.592,6.377,6.955,12.973,26.5
1996-04-27,0.0,6.43,8.071,13.884,27.9
1996-04-28,5.755,4.662,8.107,11.643,34.5
1996-04-29,6.34,5.592,8.0,12.723,30.3
1996-04-30,7.137,4.896,8.107,11.955,27.9
1996-05-01,0.0,5.41,8.312,12.777,29.3
1996-05-02,0.0,6.333,8.402,14.036,28.6
1996-05-03,0.611,6.133,8.116,13.58,31.8
1996-05-04,0.0,5.614,7.812,12.67,23.6
1996-05-05,20.63,4.989,8.482,12.393,24.6
1996-05-06,27.394,4.382,8.143,11.375,31.0
1996-05-07,0.0,4.648,8.571,12.062,39.5
1996-05-08,2.647,5.782,8.295,13.312,45.9
1996-05-09,0.0,5.319,8.482,12.884,51.6
1996-05-10,0.0,5.297,8.732,13.054,37.2
1996-05-11,0.0,4.774,8.982,12.607,45.0
1996-05-12,25.901,3.77,8.491,11.009,40.3
1996-05-13,4.449,5.627,7.929,12.884,43.7
1996-05-14,5.272,6.117,7.929,13.554,102.4
1996-05-15,0.827,5.462,7.946,12.705,42.9
1996-05-16,8.907,7.045,8.054,14.964,32.8
1996-05-17,3.298,7.249,7.589,14.929,31.4
1996-05-18,0.0,8.228,7.848,16.491,43.3
1996-05-19,7.811,6.549,8.277,14.455,32.4
1996-05-20,20.476,4.432,8.321,11.723,77.4
1996-05-21,0.223,6.879,7.152,14.143,43.3
1996-05-22,0.0,8.74,6.107,16.152,36.5
1996-05-23,6.728,6.564,7.277,13.821,31.5
1996-05-24,0.0,5.746,7.634,12.946,28.6
1996-05-25,19.523,5.427,7.795,12.643,32.5
1996-05-26,3.855,4.82,7.188,11.348,40.7
1996-05-27,10.137,5.897,7.536,13.125,41.1
1996-05-28,0.492,6.161,8.321,14.089,47.2
1996-05-29,5.186,6.133,6.821,12.946,34.6
1996-05-30,0.0,5.532,7.714,12.768,27.5
1996-05-31,0.0,7.078,7.562,14.848,30.7
1996-06-01,3.412,6.242,7.786,13.812,29.3
1996-06-02,14.413,5.251,7.821,12.482,28.3
1996-06-03,9.184,4.362,7.643,11.17,43.7
1996-06-04,3.358,3.845,7.661,10.527,36.3
1996-06-05,0.0,3.643,7.402,10.062,38.8
1996-06-06,0.0,5.061,5.875,10.768,35.9
1996-06-07,0.0,6.223,5.759,12.402,22.9
1996-06-08,0.0,4.953,6.384,11.009,21.0
1996-06-09,0.0,6.156,7.161,13.321,20.3
1996-06-10,0.0,6.999,6.33,13.964,34.0
1996-06-11,0.0,6.149,6.643,12.929,29.3
1996-06-12,0.0,6.05,7.607,13.491,26.2
1996-06-13,0.0,5.03,8.107,12.464,25.9
1996-06-14,0.0,5.228,8.161,12.759,27.2
1996-06-15,2.115,5.912,8.402,13.884,16.4
1996-06-16,0.0,5.515,8.902,13.75,21.0
1996-06-17,0.0,6.46,8.339,14.625,34.3
1996-06-18,9.069,5.804,8.054,13.491,51.6
1996-06-19,1.728,7.119,8.143,15.429,41.9
1996-06-20,0.0,5.144,8.25,12.741,37.5
1996-06-21,0.0,5.394,7.848,12.777,38.7
1996-06-22,0.0,5.068,8.152,12.562,39.9
1996-06-23,0.842,5.469,8.089,13.062,76.4
1996-06-24,0.0,5.39,6.982,12.116,39.6
1996-06-25,31.327,3.692,7.92,10.58,37.5
1996-06-26,16.946,5.489,7.83,12.893,32.4
1996-06-27,18.706,6.004,7.375,13.268,49.4
1996-06-28,0.0,4.128,7.161,10.5,39.1
1996-06-29,0.0,6.134,5.884,12.402,34.8
1996-06-30,3.635,3.568,7.741,10.312,36.7
1996-07-01,0.0,5.807,6.857,12.598,41.3
1996-07-02,0.0,4.629,6.705,10.821,38.7
1996-07-03,0.0,5.854,6.804,12.616,30.0
1996-07-04,0.0,6.433,6.732,13.402,39.6
1996-07-05,0.0,5.073,6.473,11.259,38.3
1996-07-06,0.0,5.721,7.58,13.009,45.4
1996-07-07,0.0,5.026,6.786,11.393,45.9
1996-07-08,0.0,6.882,6.902,14.17,35.5
1996-07-09,2.978,5.476,6.634,11.92,28.3
1996-07-10,28.512,5.271,7.625,12.384,31.8
1996-07-11,0.0,5.819,7.393,12.964,41.1
1996-07-12,2.414,5.605,7.295,12.58,45.5
1996-07-13,0.0,5.799,7.179,12.768,42.0
1996-07-14,0.0,7.0,6.304,13.875,35.5
1996-07-15,0.0,7.102,6.821,14.375,30.3
1996-07-16,0.0,6.748,6.741,13.777,54.6
1996-07-17,0.0,5.796,6.777,12.438,59.0
1996-07-18,0.0,5.437,7.098,12.179,42.8
1996-07-19,0.0,6.673,7.116,13.92,42.8
1996-07-20,0.0,5.838,8.17,13.518,84.8
1996-07-21,0.0,5.44,7.741,12.625,64.8
1996-07-22,0.0,5.464,7.366,12.366,42.4
1996-07-23,0.0,7.445,6.089,14.259,33.3
1996-07-24,0.0,8.295,5.5,15.116,24.2
1996-07-25,19.83,8.378,6.339,15.777,26.9
1996-07-26,9.279,5.05,7.527,11.893,24.0
1996-07-27,4.416,7.097,7.179,14.464,22.0
1996-07-28,0.0,5.533,8.062,12.929,18.8
1996-07-29,0.0,5.508,7.741,12.643,25.5
1996-07-30,0.0,5.703,7.062,12.375,28.6
1996-07-31,0.0,8.002,6.429,15.17,31.0
1996-08-01,0.0,6.996,8.089,14.875,39.5
1996-08-02,0.0,6.786,5.795,12.982,39.9
1996-08-03,0.0,7.438,6.018,14.045,33.9
1996-08-04,0.0,6.742,7.375,13.964,30.3
1996-08-05,0.0,6.949,8.366,14.964,22.3
1996-08-06,0.0,6.067,8.634,13.964,34.5
1996-08-07,0.0,6.444,7.366,13.545,92.9
1996-08-08,0.0,7.966,4.92,14.018,37.1
1996-08-09,3.499,7.84,5.589,14.259,24.5
1996-08-10,1.97,5.338,7.214,11.893,40.9
1996-08-11,0.0,8.362,4.152,14.062,33.2
1996-08-12,0.0,8.409,4.295,14.214,26.7
1996-08-13,0.0,8.383,3.866,13.884,22.0
1996-08-14,0.0,7.987,5.911,14.589,19.8
1996-08-15,0.0,6.446,5.196,11.893,18.8
1996-08-16,0.0,6.703,5.589,12.518,19.1
1996-08-17,0.0,7.857,5.446,14.062,14.9
1996-08-18,0.0,8.278,4.071,13.777,20.7
1996-08-19,0.0,7.288,6.062,13.634,17.9
1996-08-20,0.0,7.22,6.938,14.116,18.2
1996-08-21,0.0,7.848,5.205,13.839,16.4
1996-08-22,4.77,7.511,6.393,14.134,17.3
1996-08-23,0.0,7.308,5.964,13.536,19.1
1996-08-24,5.179,7.858,6.446,14.616,17.0
1996-08-25,9.561,10.034,6.071,17.438,17.3
1996-08-26,4.249,6.502,7.366,13.411,21.3
1996-08-27,3.284,6.989,7.714,14.312,25.6
1996-08-28,0.759,8.452,6.375,15.384,21.3
1996-08-29,3.663,6.321,7.446,13.179,19.7
1996-08-30,22.042,8.62,7.75,16.464,19.4
1996-08-31,2.384,7.491,7.759,14.964,19.1
1996-09-01,0.0,7.502,6.973,14.42,25.5
1996-09-02,0.666,7.944,7.098,15.08,30.8
1996-09-03,9.683,8.062,7.214,15.321,49.1
1996-09-04,0.0,8.977,6.125,15.857,25.2
1996-09-05,13.261,8.409,6.536,15.312,19.7
1996-09-06,0.0,6.903,7.134,13.679,21.3
1996-09-07,0.0,7.771,4.938,13.384,25.4
1996-09-08,6.465,9.282,4.339,15.143,18.3
1996-09-09,15.613,8.647,7.429,16.232,26.7
1996-09-10,0.0,6.173,7.625,13.045,20.3
1996-09-11,0.0,8.09,7.018,15.188,17.9
1996-09-12,0.0,7.54,7.964,15.089,14.4
1996-09-13,0.0,6.597,7.089,13.196,13.3
1996-09-14,0.197,7.426,7.527,14.625,13.8
1996-09-15,0.0,5.79,8.027,12.839,14.3
1996-09-16,0.0,7.499,7.357,14.598,12.8
1996-09-17,0.0,7.135,5.938,13.116,18.2
1996-09-18,0.0,8.634,6.625,15.643,15.8
1996-09-19,1.769,7.846,8.071,15.545,15.2
1996-09-20,3.235,7.777,7.991,15.402,15.5
1996-09-21,1.225,6.08,8.161,13.33,19.4
1996-09-22,0.0,7.886,7.098,14.938,22.3
1996-09-23,0.0,8.947,6.071,15.696,14.9
1996-09-24,8.227,6.731,7.911,13.964,13.8
1996-09-25,0.0,7.312,7.393,14.375,12.5
1996-09-26,0.0,6.677,7.571,13.661,13.9
1996-09-27,0.0,6.724,7.17,13.42,15.8
1996-09-28,1.083,7.656,7.705,15.062,13.3
1996-09-29,0.0,7.095,7.732,14.339,15.5
1996-09-30,0.0,5.663,8.196,12.83,22.0
1996-10-01,0.0,6.228,8.464,13.741,33.4
1996-10-02,0.0,7.96,6.455,14.643,28.6
1996-10-03,0.0,7.92,6.652,14.714,21.1
1996-10-04,0.0,7.422,6.661,14.089,17.6
1996-10-05,0.775,8.194,5.759,14.554,23.9
1996-10-06,36.223,7.255,7.286,14.286,27.3
1996-10-07,0.0,6.454,7.777,13.589,29.0
1996-10-08,4.474,7.947,7.277,15.268,37.7
1996-10-09,10.827,6.429,6.714,12.795,27.3
1996-10-10,0.0,6.63,6.848,13.179,31.8
1996-10-11,11.287,7.941,7.107,15.188,29.0
1996-10-12,19.209,8.116,7.83,15.893,27.9
1996-10-13,0.0,6.392,6.902,12.938,28.6
1996-10-14,12.44,7.484,4.723,12.982,18.2
1996-10-15,30.137,7.484,5.152,13.268,60.4
1996-10-16,2.593,5.918,7.071,12.455,45.9
1996-10-17,0.0,6.731,6.812,13.357,50.3
1996-10-18,3.692,8.159,6.429,15.116,37.5
1996-10-19,0.0,8.356,4.991,14.473,22.6
1996-10-20,0.0,7.749,6.812,14.821,18.2
1996-10-21,0.0,6.796,7.098,13.714,19.1
1996-10-22,19.239,5.044,7.384,11.562,23.3
1996-10-23,0.0,6.585,7.295,13.607,23.9
1996-10-24,0.55,8.827,7.571,16.875,17.6
1996-10-25,2.328,8.025,6.866,15.312,22.9
1996-10-26,14.218,8.192,6.268,15.161,22.9
1996-10-27,5.689,6.473,8.286,14.17,17.3
1996-10-28,19.221,5.242,7.857,12.259,15.8
1996-10-29,3.217,6.53,8.125,14.179,44.9
1996-10-30,15.867,6.312,7.884,13.714,73.3
1996-10-31,6.961,6.567,8.17,14.286,35.3
1996-11-01,0.848,8.542,6.955,16.188,26.6
1996-11-02,0.0,7.476,7.277,14.92,21.3
1996-11-03,0.0,7.111,7.295,14.455,21.3
1996-11-04,0.0,6.912,7.027,13.982,17.6
1996-11-05,0.0,7.347,8.473,15.634,16.1
1996-11-06,0.0,7.136,8.062,15.054,14.3
1996-11-07,26.232,5.346,8.571,13.027,13.8
1996-11-08,0.0,6.671,7.991,14.438,13.8
1996-11-09,0.0,6.67,6.589,13.429,23.0
1996-11-10,6.128,7.566,7.571,15.384,34.3
1996-11-11,0.0,6.469,8.286,14.393,18.9
1996-11-12,2.323,7.296,8.232,15.5,25.9
1996-11-13,0.769,6.597,7.857,14.25,34.7
1996-11-14,26.018,4.754,8.536,12.33,26.9
1996-11-15,18.45,6.765,7.562,14.348,43.1
1996-11-16,7.172,6.58,6.509,13.348,29.0
1996-11-17,0.0,8.16,5.446,14.964,24.5
1996-11-18,0.552,8.441,5.812,15.643,20.6
1996-11-19,9.25,8.32,4.393,14.598,18.8
1996-11-20,0.0,7.875,4.598,14.062,19.1
1996-11-21,0.896,6.917,4.089,12.277,13.8
1996-11-22,25.262,8.594,4.982,15.393,13.8
1996-11-23,0.0,6.326,5.938,12.652,14.9
1996-11-24,0.0,6.567,5.357,12.616,14.9
1996-11-25,0.0,6.149,7.089,13.205,16.1
1996-11-26,14.087,8.132,7.67,16.491,17.3
1996-11-27,0.0,6.245,7.634,13.768,19.4
1996-11-28,5.461,7.917,6.982,15.777,20.7
1996-11-29,32.685,5.79,6.188,12.071,45.9
1996-11-30,0.0,7.271,6.804,14.705,27.9
1996-12-01,6.599,7.17,7.018,14.723,33.3
1996-12-02,0.0,7.648,6.5,15.062,38.3
1996-12-03,0.0,7.015,7.634,14.929,20.0
1996-12-04,1.708,6.398,7.473,13.92,18.8
1996-12-05,65.719,5.561,7.562,12.795,27.3
1996-12-06,17.053,6.019,7.188,13.188,38.7
1996-12-07,0.0,7.618,6.616,15.152,25.5
1996-12-08,7.225,6.718,5.911,13.312,19.4
1996-12-09,12.45,6.755,5.661,13.259,18.5
1996-12-10,0.0,7.784,6.259,15.161,17.9
1996-12-11,30.995,5.423,6.446,11.795,22.3
1996-12-12,0.0,5.441,7.884,12.911,26.5
1996-12-13,0.0,6.647,7.714,14.5,26.2
1996-12-14,0.0,6.005,7.902,13.723,38.3
1996-12-15,0.0,4.748,8.366,12.348,42.8
1996-12-16,0.0,5.823,7.92,13.482,29.3
1996-12-17,0.0,6.066,7.893,13.795,24.5
1996-12-18,0.0,6.37,6.58,13.304,19.4
1996-12-19,4.334,5.92,7.259,13.116,17.0
1996-12-20,0.0,7.698,5.179,14.375,24.9
1996-12-21,0.0,5.806,6.848,12.652,15.5
1996-12-22,17.585,5.746,7.973,13.384,14.9
1996-12-23,0.0,5.797,6.786,12.589,16.1
1996-12-24,0.0,6.971,7.902,15.089,13.8
1996-12-25,0.0,7.255,8.062,15.598,14.9
1996-12-26,0.0,7.616,6.893,15.33,11.5
1996-12-27,0.0,8.064,7.625,16.464,13.8
1996-12-28,0.0,5.268,8.232,12.92,12.3
1996-12-29,0.0,6.812,6.893,14.143,20.2
1996-12-30,0.0,6.811,6.946,14.17,26.5
1996-12-31,9.243,6.258,7.232,13.562,35.9
1997-01-01,0.0,5.922,6.696,12.696,39.2
1997-01-02,0.0,5.734,7.58,13.054,38.2
1997-01-03,0.0,7.519,7.027,15.241,24.8
1997-01-04,0.0,7.971,7.232,16.009,17.1
1997-01-05,0.0,5.446,7.232,12.375,18.5
1997-01-06,0.0,6.317,7.982,14.134,16.8
1997-01-07,8.698,6.422,6.696,13.348,20.7
1997-01-08,0.0,7.556,7.268,15.393,19.0
1997-01-09,0.0,6.845,7.214,14.33,17.9
1997-01-10,2.849,4.377,7.812,11.339,18.5
1997-01-11,0.0,6.894,7.5,14.58,23.8
1997-01-12,9.775,6.361,7.098,13.5,38.5
1997-01-13,61.704,6.445,7.205,13.696,35.3
1997-01-14,0.0,7.753,7.018,15.429,30.0
1997-01-15,8.134,5.821,7.804,13.205,22.5
1997-01-16,0.0,6.991,7.411,14.598,21.0
1997-01-17,3.068,6.17,7.491,13.473,21.0
1997-01-18,0.0,6.643,6.991,13.768,22.3
1997-01-19,1.593,6.969,7.786,14.777,24.4
1997-01-20,61.213,5.828,6.786,12.438,31.5
1997-01-21,0.0,5.953,6.58,12.438,46.1
1997-01-22,39.109,6.854,6.804,13.893,57.7
1997-01-23,0.936,6.424,6.812,13.259,54.4
1997-01-24,0.0,6.627,7.554,14.062,40.6
1997-01-25,0.0,5.915,7.089,12.723,39.2
1997-01-26,1.947,6.14,7.277,13.17,35.7
1997-01-27,0.0,6.674,7.08,13.75,27.7
1997-01-28,0.0,7.104,7.277,14.473,26.4
1997-01-29,0.0,7.355,7.098,14.696,23.2
1997-01-30,0.0,7.677,7.179,15.179,19.3
1997-01-31,0.0,7.118,7.098,14.321,22.9
1997-02-01,0.0,6.227,6.58,12.688,21.2
1997-02-02,1.4,6.171,6.027,12.205,19.8
1997-02-03,0.0,7.152,5.661,13.33,18.2
1997-02-04,14.377,6.424,7.446,13.518,17.7
1997-02-05,5.847,5.906,6.795,12.348,16.8
1997-02-06,0.0,7.351,6.196,13.946,19.3
1997-02-07,0.0,6.058,6.455,12.277,12.3
1997-02-08,27.314,4.786,7.705,11.527,13.5
1997-02-09,0.0,6.177,7.295,13.027,18.2
1997-02-10,4.54,6.565,7.482,13.688,21.0
1997-02-11,0.0,5.276,7.429,11.902,28.8
1997-02-12,0.0,6.164,7.857,13.393,31.5
1997-02-13,0.0,6.636,7.589,13.812,32.5
1997-02-14,0.0,6.615,7.705,13.857,26.4
1997-02-15,0.0,7.6,7.277,14.857,26.7
1997-02-16,6.432,6.181,8.223,13.625,25.1
1997-02-17,0.0,6.787,7.839,14.134,24.4
1997-02-18,15.162,5.881,7.839,12.929,32.9
1997-02-19,1.397,7.237,7.732,14.634,29.4
1997-02-20,0.0,8.527,5.911,15.152,21.0
1997-02-21,0.0,8.617,6.375,15.571,19.0
1997-02-22,0.0,5.844,8.768,13.545,12.8
1997-02-23,0.639,5.598,9.009,13.411,21.2
1997-02-24,0.161,6.963,8.232,14.562,21.3
1997-02-25,5.599,6.447,8.152,13.821,23.6
1997-02-26,0.0,7.401,8.339,15.205,24.1
1997-02-27,0.0,7.349,8.161,15.0,27.0
1997-02-28,0.0,6.882,7.777,14.071,24.4
1997-03-01,0.0,6.377,7.286,13.045,20.7
1997-03-02,64.247,9.393,6.616,16.679,18.5
1997-03-03,0.0,6.562,8.723,14.348,19.9
1997-03-04,0.0,7.284,8.196,14.875,50.5
1997-03-05,0.0,5.889,7.42,12.491,34.3
1997-03-06,0.0,7.682,6.009,13.884,23.8
1997-03-07,0.0,8.768,4.991,14.714,19.3
1997-03-08,0.0,8.214,5.107,14.009,23.8
1997-03-09,0.0,5.796,8.5,13.17,29.0
1997-03-10,0.742,6.465,9.384,14.67,17.4
1997-03-11,0.0,6.321,8.812,14.045,16.8
1997-03-12,20.862,8.211,8.92,16.536,18.5
1997-03-13,19.808,4.943,9.25,12.759,20.2
1997-03-14,21.367,8.995,7.411,16.536,27.8
1997-03-15,0.0,8.216,7.616,15.634,19.2
1997-03-16,0.0,6.218,8.973,14.018,18.6
1997-03-17,0.0,6.999,7.902,14.232,27.3
1997-03-18,0.0,6.142,8.562,13.634,46.1
1997-03-19,0.0,8.48,7.607,16.018,44.2
1997-03-20,0.0,7.505,7.125,14.33,30.5
1997-03-21,0.0,7.549,5.554,13.357,32.6
1997-03-22,0.0,10.067,4.902,16.411,22.3
1997-03-23,0.0,9.242,5.571,15.696,17.4
1997-03-24,0.0,9.054,5.286,15.241,15.7
1997-03-25,0.0,9.107,6.661,16.179,14.8
1997-03-26,0.0,7.672,7.973,15.134,14.7
1997-03-27,0.0,8.746,7.795,16.455,17.2
1997-03-28,0.0,9.462,5.107,15.696,16.1
1997-03-29,25.869,7.729,6.866,14.482,14.2
1997-03-30,0.0,5.989,7.491,12.625,16.1
1997-03-31,0.0,7.275,7.125,14.071,14.8
1997-04-01,0.0,7.135,6.946,13.75,15.9
1997-04-02,0.0,8.01,5.652,14.098,27.3
1997-04-03,0.0,6.609,7.973,13.786,32.7
1997-04-04,28.557,5.844,7.786,12.67,22.8
1997-04-05,0.0,6.758,7.911,13.955,17.9
1997-04-06,0.0,6.632,8.455,14.196,16.0
1997-04-07,11.939,8.021,8.116,15.786,16.1
1997-04-08,0.0,7.852,8.241,15.634,16.7
1997-04-09,0.0,7.087,8.188,14.607,19.6
1997-04-10,10.524,6.662,8.616,14.375,23.1
1997-04-11,0.0,6.267,8.589,13.857,41.6
1997-04-12,0.655,6.304,8.83,14.116,38.8
1997-04-13,6.711,7.595,8.929,15.812,36.9
1997-04-14,12.37,5.107,8.25,12.179,24.4
1997-04-15,10.816,7.26,7.634,14.509,21.1
1997-04-16,11.115,7.644,7.321,14.821,17.9
1997-04-17,0.0,5.48,8.446,12.812,16.6
1997-04-18,0.0,5.334,7.991,12.268,16.4
1997-04-19,0.0,5.574,7.929,12.554,18.0
1997-04-20,5.289,7.11,7.589,14.33,20.9
1997-04-21,0.0,4.647,8.036,11.5,50.7
1997-04-22,7.143,6.219,7.446,13.062,32.4
1997-04-23,13.492,4.745,7.17,10.938,34.7
1997-04-24,17.044,7.078,6.929,13.893,34.5
1997-04-25,9.694,5.688,6.589,11.759,51.4
1997-04-26,20.129,7.449,7.0,14.482,36.8
1997-04-27,2.616,7.194,7.902,14.732,39.9
1997-04-28,6.381,8.458,7.286,16.08,31.2
1997-04-29,0.0,7.568,7.152,14.768,25.4
1997-04-30,0.855,7.925,5.607,14.25,20.7
1997-05-01,2.532,6.492,7.214,13.357,19.3
1997-05-02,0.0,6.98,8.196,14.759,18.3
1997-05-03,0.0,7.025,8.348,14.938,33.9
1997-05-04,4.875,5.76,8.214,13.188,54.3
1997-05-05,0.0,5.808,8.25,13.268,117.9
1997-05-06,1.318,6.904,7.911,14.509,50.7
1997-05-07,0.0,6.703,7.652,14.054,42.4
1997-05-08,0.0,6.676,8.0,14.286,40.9
1997-05-09,7.236,6.018,8.161,13.518,30.1
1997-05-10,3.661,4.177,8.527,11.473,36.8
1997-05-11,15.334,4.542,8.179,11.634,30.1
1997-05-12,4.931,8.647,7.625,16.795,34.7
1997-05-13,2.49,6.649,8.473,14.652,43.7
1997-05-14,0.0,6.675,8.357,14.607,41.7
1997-05-15,0.804,6.079,7.812,13.411,68.3
1997-05-16,0.0,7.229,7.25,14.625,26.7
1997-05-17,0.0,6.991,7.866,14.732,22.8
1997-05-18,0.0,5.449,7.589,12.42,24.1
1997-05-19,15.3,6.952,7.152,14.214,24.8
1997-05-20,1.823,6.477,7.223,13.616,47.8
1997-05-21,0.0,7.524,7.393,15.205,41.0
1997-05-22,11.342,6.968,8.429,15.17,54.4
1997-05-23,0.0,6.392,8.875,14.714,36.8
1997-05-24,6.889,6.44,8.446,14.491,34.7
1997-05-25,5.715,6.131,8.562,14.152,23.9
1997-05-26,7.959,5.352,7.848,12.571,30.1
1997-05-27,3.838,6.441,8.107,14.295,31.5
1997-05-28,18.295,6.979,6.857,14.161,42.3
1997-05-29,0.0,6.647,7.616,14.232,67.9
1997-05-30,2.581,5.648,7.661,12.857,63.8
1997-05-31,8.685,7.057,7.839,14.973,42.5
1997-06-01,0.0,6.747,8.384,14.946,38.2
1997-06-02,0.0,6.663,7.562,14.259,36.2
1997-06-03,8.0,5.757,8.196,13.438,36.8
1997-06-04,36.654,4.581,8.545,12.17,49.3
1997-06-05,1.892,8.397,6.545,16.098,47.7
1997-06-06,5.491,5.987,7.071,12.991,49.4
1997-06-07,15.638,6.218,8.598,14.42,64.6
1997-06-08,13.012,6.475,7.312,13.866,52.8
1997-06-09,6.386,6.687,7.438,14.25,41.9
1997-06-10,0.0,7.136,5.911,13.866,37.9
1997-06-11,12.208,5.331,7.92,12.705,37.6
1997-06-12,0.0,4.765,8.455,12.357,36.6
1997-06-13,2.703,5.995,7.795,13.545,34.7
1997-06-14,0.0,6.606,6.875,13.768,32.2
1997-06-15,0.0,6.062,8.009,13.795,29.1
1997-06-16,1.753,6.331,8.795,14.75,29.2
1997-06-17,0.0,4.821,7.312,11.545,27.3
1997-06-18,13.375,6.573,7.321,14.045,33.2
1997-06-19,2.898,6.08,8.107,13.92,60.5
1997-06-20,2.459,5.406,8.42,13.205,49.0
1997-06-21,0.0,6.316,6.491,13.08,34.1
1997-06-22,4.667,6.561,7.643,14.268,28.9
1997-06-23,0.424,6.66,7.902,14.589,26.3
1997-06-24,11.515,6.13,8.902,14.571,37.2
1997-06-25,5.087,5.495,7.536,12.661,55.7
1997-06-26,3.315,6.869,6.393,13.848,72.5
1997-06-27,6.67,6.795,7.598,14.571,48.2
1997-06-28,0.575,7.164,6.688,14.482,34.2
1997-06-29,0.0,7.078,7.42,14.83,29.4
1997-06-30,0.0,6.635,7.562,14.312,30.1
1997-07-01,0.0,4.987,7.804,12.179,84.2
1997-07-02,0.0,6.5,6.884,13.607,42.2
1997-07-03,0.0,6.858,5.723,13.339,35.9
1997-07-04,0.0,7.176,6.598,14.402,41.5
1997-07-05,0.0,5.916,6.366,12.393,55.3
1997-07-06,0.0,5.302,8.161,12.857,103.8
1997-07-07,0.0,6.716,8.0,14.705,70.3
1997-07-08,4.251,6.358,7.027,13.491,62.0
1997-07-09,0.539,6.061,7.411,13.321,37.5
1997-07-10,0.0,7.104,6.973,14.518,42.8
1997-07-11,0.0,5.316,7.134,12.08,43.2
1997-07-12,0.0,6.014,8.375,13.982,48.3
1997-07-13,0.0,6.469,7.75,14.116,35.0
1997-07-14,0.0,6.515,6.545,13.348,33.0
1997-07-15,0.0,6.096,7.75,13.589,36.9
1997-07-16,0.0,7.125,6.723,14.312,43.7
1997-07-17,0.0,7.316,5.464,13.741,34.8
1997-07-18,0.0,6.706,7.902,14.509,31.8
1997-07-19,0.0,6.147,6.804,12.938,25.0
1997-07-20,0.0,5.674,6.161,11.777,25.4
1997-07-21,0.0,5.13,6.741,11.42,23.8
1997-07-22,0.0,5.974,7.143,12.92,25.8
1997-07-23,0.0,6.897,6.848,14.0,35.4
1997-07-24,0.0,6.895,7.625,14.536,48.3
1997-07-25,11.384,5.942,7.857,13.375,54.4
1997-07-26,0.0,6.399,7.536,13.759,35.8
1997-07-27,9.388,6.047,7.134,12.938,35.6
1997-07-28,17.034,4.474,7.786,11.304,27.5
1997-07-29,0.0,5.401,7.143,12.027,21.3
1997-07-30,0.407,6.985,6.607,13.857,19.0
1997-07-31,0.0,7.796,6.607,15.0,18.6
1997-08-01,0.0,8.206,5.348,14.777,19.4
1997-08-02,0.755,6.293,6.17,12.518,17.5
1997-08-03,0.0,7.182,5.866,13.589,16.6
1997-08-04,0.0,6.516,6.027,12.732,19.9
1997-08-05,0.211,7.861,4.884,13.893,24.0
1997-08-06,0.0,6.421,7.277,13.464,25.6
1997-08-07,14.678,6.28,7.705,13.562,26.1
1997-08-08,0.255,5.091,7.357,11.688,20.8
1997-08-09,4.893,5.654,6.866,12.071,39.2
1997-08-10,0.0,6.135,6.5,12.455,32.6
1997-08-11,4.473,8.854,3.616,14.473,23.1
1997-08-12,0.0,8.379,6.321,15.455,16.8
1997-08-13,3.561,6.646,6.554,13.152,16.2
1997-08-14,0.0,7.512,6.089,14.062,22.3
1997-08-15,0.0,8.173,6.518,15.241,21.9
1997-08-16,0.0,7.649,5.5,13.821,18.9
1997-08-17,0.0,7.382,5.955,13.741,24.7
1997-08-18,0.0,7.016,6.018,13.223,19.1
1997-08-19,0.0,7.032,5.688,13.027,16.6
1997-08-20,0.0,7.461,7.259,14.688,15.2
1997-08-21,0.0,8.628,5.714,15.286,14.2
1997-08-22,0.239,7.253,7.107,14.268,14.2
1997-08-23,0.0,7.453,5.482,13.438,14.0
1997-08-24,0.0,8.48,4.429,14.214,13.5
1997-08-25,0.0,9.284,5.616,16.089,12.8
1997-08-26,0.0,7.683,7.589,15.161,27.2
1997-08-27,0.0,5.978,7.607,12.866,23.6
1997-08-28,0.0,7.801,7.179,15.009,18.7
1997-08-29,0.0,8.377,6.589,15.384,15.8
1997-08-30,0.0,10.056,5.804,17.188,13.7
1997-08-31,0.0,7.827,5.527,13.902,12.7
1997-09-01,0.0,7.25,7.554,14.464,14.0
1997-09-02,0.0,6.142,7.964,13.295,15.0
1997-09-03,4.199,7.686,8.134,15.446,21.4
1997-09-04,0.0,9.286,6.527,16.536,21.2
1997-09-05,3.72,9.519,7.357,17.375,16.0
1997-09-06,6.693,7.85,8.5,15.875,24.8
1997-09-07,0.0,7.91,8.286,15.804,23.2
1997-09-08,0.0,7.179,8.286,14.848,21.2
1997-09-09,0.0,9.056,8.268,17.321,16.5
1997-09-10,0.577,6.828,8.964,14.884,16.3
1997-09-11,0.0,8.026,8.429,16.071,15.3
1997-09-12,0.0,6.663,8.67,14.455,15.3
1997-09-13,0.0,7.679,7.946,15.25,14.3
1997-09-14,2.558,8.423,7.375,15.857,13.5
1997-09-15,0.403,6.843,7.464,13.795,11.8
1997-09-16,1.836,6.833,7.518,13.821,13.3
1997-09-17,0.0,7.55,6.938,14.366,14.5
1997-09-18,0.0,8.564,6.509,15.464,12.3
1997-09-19,0.0,9.016,7.286,16.571,11.8
1997-09-20,1.003,7.347,8.107,14.92,10.8
1997-09-21,2.373,10.071,6.589,17.571,13.5
1997-09-22,0.0,7.573,7.25,14.616,15.0
1997-09-23,28.228,5.777,8.17,12.946,15.3
1997-09-24,0.0,6.974,8.429,14.705,25.1
1997-09-25,0.0,7.499,8.312,15.295,32.2
1997-09-26,0.0,7.1,8.705,15.036,28.3
1997-09-27,0.0,7.212,8.375,14.955,23.2
1997-09-28,7.03,6.229,8.348,13.67,25.4
1997-09-29,0.0,8.341,6.902,15.446,21.0
1997-09-30,0.0,8.093,6.554,14.902,15.3
1997-10-01,0.0,7.678,7.312,14.848,13.5
1997-10-02,0.818,7.614,8.205,15.375,12.3
1997-10-03,5.02,4.929,8.446,12.143,11.5
1997-10-04,0.0,8.439,7.741,16.188,12.0
1997-10-05,1.578,7.841,8.429,15.839,11.5
1997-10-06,0.0,7.418,6.0,13.616,10.8
1997-10-07,0.213,7.309,6.482,13.812,11.3
1997-10-08,2.183,7.594,6.723,14.366,11.3
1997-10-09,2.333,8.928,5.562,15.464,12.8
1997-10-10,4.862,9.893,7.5,18.018,11.3
1997-10-11,0.0,8.669,7.661,16.509,10.3
1997-10-12,0.0,8.727,7.5,16.473,9.9
1997-10-13,19.631,7.133,8.071,14.723,11.3
1997-10-14,17.522,7.693,7.821,15.33,10.8
1997-10-15,13.831,7.789,7.482,15.232,11.8
1997-10-16,13.456,5.04,7.741,11.812,13.3
1997-10-17,17.301,7.857,6.402,14.661,18.8
1997-10-18,9.764,7.543,6.857,14.509,53.4
1997-10-19,7.72,7.222,7.134,14.304,30.1
1997-10-20,0.0,8.953,6.562,16.312,18.5
1997-10-21,9.705,7.423,7.848,15.062,17.7
1997-10-22,0.0,8.042,7.089,15.411,16.0
1997-10-23,5.114,7.347,7.339,14.634,18.5
1997-10-24,0.27,7.879,8.732,16.33,18.8
1997-10-25,0.0,8.236,7.964,16.295,16.8
1997-10-26,0.0,8.533,7.295,16.286,11.3
1997-10-27,0.0,6.549,8.054,14.08,11.8
1997-10-28,0.0,7.372,8.545,15.562,11.8
1997-10-29,17.766,7.05,7.893,14.679,11.8
1997-10-30,0.0,7.347,8.661,15.634,16.8
1997-10-31,3.606,6.579,8.268,14.33,14.3
1997-11-01,0.0,4.354,8.973,12.071,16.4
1997-11-02,0.0,4.812,8.804,12.473,15.5
1997-11-03,0.743,5.052,8.929,12.893,13.5
1997-11-04,7.668,4.844,8.339,12.179,18.8
1997-11-05,0.0,6.844,8.741,15.107,14.5
1997-11-06,0.0,5.923,9.33,14.33,16.0
1997-11-07,1.251,5.075,8.955,12.991,14.4
1997-11-08,27.439,4.932,8.071,12.098,15.3
1997-11-09,0.0,5.243,8.268,12.67,16.5
1997-11-10,0.0,5.704,7.661,12.866,15.1
1997-11-11,2.264,6.885,7.929,14.688,21.9
1997-11-12,0.931,6.284,8.152,14.027,20.7
1997-11-13,39.091,5.804,7.67,13.009,22.4
1997-11-14,0.911,6.76,7.616,14.348,32.5
1997-11-15,10.982,6.751,7.036,13.929,36.3
1997-11-16,15.332,8.148,4.759,14.491,29.8
1997-11-17,5.691,7.745,7.321,15.571,24.4
1997-11-18,0.894,7.206,7.661,15.062,24.8
1997-11-19,4.061,9.325,6.045,17.062,24.2
1997-11-20,5.86,5.651,8.464,13.491,23.8
1997-11-21,1.069,7.443,8.018,15.679,28.3
1997-11-22,0.0,7.323,7.205,14.946,18.9
1997-11-23,0.0,6.145,6.83,12.982,15.3
1997-11-24,29.917,4.811,8.402,12.339,13.5
1997-11-25,1.48,5.603,8.571,13.554,12.7
1997-11-26,21.027,6.458,7.42,13.911,14.3
1997-11-27,0.0,8.186,7.812,16.661,17.0
1997-11-28,0.0,7.72,7.241,15.625,14.3
1997-11-29,0.0,5.279,8.018,12.696,15.0
1997-11-30,17.74,5.637,8.205,13.357,25.1
1997-12-01,13.212,6.877,8.509,15.304,26.2
1997-12-02,0.471,8.247,8.232,17.125,34.5
1997-12-03,0.0,8.23,6.741,16.089,24.3
1997-12-04,2.136,7.965,6.545,15.58,16.5
1997-12-05,0.0,7.205,7.214,14.911,14.0
1997-12-06,0.0,7.776,6.821,15.482,13.0
1997-12-07,0.0,7.384,8.018,15.732,12.0
1997-12-08,0.0,6.447,7.009,13.679,11.2
1997-12-09,0.0,8.319,5.929,15.723,10.5
1997-12-10,0.304,9.226,4.929,16.491,9.9
1997-12-11,0.0,6.533,6.723,13.616,9.4
1997-12-12,0.0,7.528,7.973,15.938,9.2
1997-12-13,0.0,8.634,7.143,16.991,9.0
1997-12-14,41.45,7.826,7.929,16.339,9.1
1997-12-15,1.0,6.049,8.312,14.098,10.5
1997-12-16,0.364,6.173,8.688,14.518,11.6
1997-12-17,0.0,7.481,7.607,15.625,10.3
1997-12-18,0.0,7.704,7.884,16.143,9.2
1997-12-19,5.425,7.747,7.17,15.741,8.5
1997-12-20,0.0,8.023,6.375,15.607,8.3
1997-12-21,0.0,8.231,4.866,14.982,8.2
1997-12-22,0.0,7.135,5.223,13.527,8.8
1997-12-23,0.0,6.889,6.536,14.027,8.3
1997-12-24,0.0,7.07,7.75,15.125,8.3
1997-12-25,0.0,7.645,7.321,15.661,8.5
1997-12-26,0.0,8.437,6.705,16.42,8.1
1997-12-27,0.0,7.72,6.607,15.286,7.6
1997-12-28,2.238,7.678,7.054,15.518,7.4
1997-12-29,0.0,8.174,6.902,16.134,7.2
1997-12-30,0.0,7.016,8.214,15.357,7.2
1997-12-31,0.437,7.721,8.304,16.402,7.5
1998-01-01,0.0,6.629,8.036,14.634,7.4
1998-01-02,0.0,8.392,6.893,16.42,8.07
1998-01-03,0.0,7.485,5.545,14.196,7.09
1998-01-04,0.0,6.76,7.795,14.643,7.4
1998-01-05,0.0,6.928,7.75,14.839,7.61
1998-01-06,2.538,8.17,8.348,17.0,7.4
1998-01-07,12.189,7.574,8.179,16.045,7.62
1998-01-08,21.565,6.469,8.893,15.009,10.72
1998-01-09,0.0,7.492,7.062,15.143,8.3
1998-01-10,0.0,6.287,8.973,14.786,8.53
1998-01-11,0.0,6.375,9.536,15.339,7.85
1998-01-12,0.0,6.583,9.402,15.5,7.4
1998-01-13,1.564,6.842,9.08,15.571,7.62
1998-01-14,0.0,6.495,7.598,14.0,7.17
1998-01-15,0.0,5.384,8.938,13.482,12.63
1998-01-16,0.0,7.681,8.384,16.205,8.36
1998-01-17,0.0,7.359,8.545,15.857,7.62
1998-01-18,0.0,7.686,7.884,15.866,7.17
1998-01-19,1.404,7.154,9.214,16.018,7.12
1998-01-20,1.239,6.727,9.241,15.446,7.65
1998-01-21,1.765,5.24,9.857,13.964,7.17
1998-01-22,1.233,8.428,7.598,16.652,6.72
1998-01-23,0.0,7.722,9.036,16.607,6.15
1998-01-24,0.0,8.138,6.723,15.607,5.62
1998-01-25,0.0,8.365,6.938,16.054,5.69
1998-01-26,0.0,8.105,6.696,15.509,5.45
1998-01-27,0.0,8.533,7.875,16.866,5.45
1998-01-28,0.0,8.343,7.607,16.411,5.45
1998-01-29,0.0,7.805,7.295,15.438,5.87
1998-01-30,0.0,8.088,7.946,16.232,5.62
1998-01-31,0.0,7.577,8.116,15.643,5.45
1998-02-01,0.0,6.891,9.812,15.911,5.45
1998-02-02,0.0,7.302,10.071,16.634,5.45
1998-02-03,0.303,7.947,9.179,16.812,5.62
1998-02-04,0.0,6.986,8.161,14.786,5.27
1998-02-05,1.809,7.695,9.366,16.58,5.36
1998-02-06,0.0,7.562,9.027,16.134,5.61
1998-02-07,7.284,8.648,9.732,18.107,5.96
1998-02-08,1.593,6.673,8.179,14.339,8.37
1998-02-09,18.652,6.618,9.036,14.902,29.73
1998-02-10,32.722,6.053,9.134,14.232,19.7
1998-02-11,18.461,5.355,9.438,13.554,18.56
1998-02-12,17.567,5.807,8.438,13.339,13.41
1998-02-13,0.0,8.007,8.304,16.152,11.26
1998-02-14,0.0,7.333,9.277,15.938,12.31
1998-02-15,0.0,7.334,8.741,15.536,18.12
1998-02-16,0.0,8.796,8.009,16.973,21.14
1998-02-17,0.0,10.273,6.795,18.179,13.43
1998-02-18,13.041,9.14,8.402,17.643,10.56
1998-02-19,0.0,7.147,8.366,14.938,8.73
1998-02-20,3.681,7.53,8.714,15.696,9.33
1998-02-21,0.0,7.242,9.259,15.696,8.07
1998-02-22,0.0,5.92,9.554,14.223,7.17
1998-02-23,0.0,8.647,7.741,16.464,6.72
1998-02-24,0.0,7.376,8.929,15.58,7.32
1998-02-25,0.0,6.868,8.616,14.705,7.3
1998-02-26,0.0,8.518,7.893,16.339,6.72
1998-02-27,0.0,8.26,8.607,16.482,6.3
1998-02-28,0.406,7.015,8.205,14.536,5.97
1998-03-01,0.0,7.549,8.545,15.491,5.8
1998-03-02,0.0,7.67,9.107,16.027,7.32
1998-03-03,1.245,6.943,8.92,14.973,6.5
1998-03-04,7.289,6.518,9.455,14.812,6.32
1998-03-05,2.165,5.581,9.036,13.321,6.15
1998-03-06,0.0,8.444,9.348,17.17,6.37
1998-03-07,0.0,5.302,9.482,13.339,7.12
1998-03-08,0.0,6.661,8.482,14.232,9.62
1998-03-09,0.0,10.026,7.384,17.893,11.99
1998-03-10,0.0,8.384,8.643,16.545,11.08
1998-03-11,4.456,10.303,7.402,18.304,9.65
1998-03-12,0.0,7.727,7.982,15.25,10.55
1998-03-13,0.0,6.596,9.08,14.58,8.75
1998-03-14,4.982,7.436,7.152,14.259,7.63
1998-03-15,7.358,6.766,8.955,14.679,10.8
1998-03-16,0.0,8.907,9.098,17.536,8.75
1998-03-17,0.19,5.657,9.232,13.518,8.07
1998-03-18,0.0,7.73,7.795,15.08,8.07
1998-03-19,0.0,7.976,7.312,15.107,8.3
1998-03-20,8.296,7.209,7.991,14.536,7.4
1998-03-21,0.0,7.872,8.071,15.473,7.4
1998-03-22,0.0,6.391,8.893,14.152,7.4
1998-03-23,0.706,6.216,9.152,14.143,8.52
1998-03-24,7.515,7.522,8.688,15.464,10.55
1998-03-25,12.91,9.03,9.491,17.946,10.77
1998-03-26,5.357,5.898,10.08,14.527,8.98
1998-03-27,24.39,7.645,8.991,15.83,9.42
1998-03-28,0.0,5.745,9.045,13.5,12.25
1998-03-29,35.853,5.37,9.571,13.482,59.65
1998-03-30,2.028,6.077,9.125,13.973,26.37
1998-03-31,18.715,6.5,9.554,14.83,41.91
1998-04-01,14.473,8.38,8.812,16.688,33.45
1998-04-02,5.113,5.331,9.562,13.429,32.83
1998-04-03,1.852,6.914,9.652,15.438,27.6
1998-04-04,9.235,7.743,9.107,16.089,68.18
1998-04-05,12.01,6.139,8.902,13.902,46.96
1998-04-06,3.863,5.371,9.562,13.491,32.5
1998-04-07,6.665,7.669,9.42,16.223,33.99
1998-04-08,8.743,6.4,9.071,14.375,32.72
1998-04-09,8.135,7.059,9.357,15.429,25.26
1998-04-10,3.075,8.427,8.741,16.741,17.1
1998-04-11,0.0,5.985,8.964,13.786,16.29
1998-04-12,2.164,5.356,8.857,12.973,18.38
1998-04-13,20.036,5.044,9.179,12.839,27.08
1998-04-14,2.164,7.981,8.83,16.286,33.62
1998-04-15,4.186,6.801,9.304,15.116,22.89
1998-04-16,0.0,7.245,9.929,16.134,26.72
1998-04-17,25.366,7.202,9.643,15.902,30.42
1998-04-18,8.412,5.791,9.482,14.009,26.54
1998-04-19,9.027,6.753,9.759,15.446,34.21
1998-04-20,12.042,6.942,9.446,15.455,60.69
1998-04-21,0.259,7.122,10.304,16.312,59.95
1998-04-22,7.603,5.969,9.464,14.25,48.81
1998-04-23,16.063,5.731,9.714,14.179,50.81
1998-04-24,7.231,4.834,9.562,12.973,43.33
1998-04-25,0.0,8.378,9.321,17.286,35.38
1998-04-26,7.283,5.692,8.839,13.455,23.26
1998-04-27,0.0,8.546,8.705,17.116,20.54
1998-04-28,0.0,7.532,9.259,16.188,25.3
1998-04-29,13.352,6.705,9.482,15.268,21.66
1998-04-30,5.937,5.665,9.661,14.116,18.09
1998-05-01,2.508,4.183,9.634,12.348,16.71
1998-05-02,26.764,6.853,9.259,15.366,29.9
1998-05-03,11.912,4.395,9.375,12.384,31.53
1998-05-04,27.479,3.713,9.027,11.357,51.83
1998-05-05,12.486,8.102,8.268,16.348,42.3
1998-05-06,18.942,5.028,9.616,13.384,33.75
1998-05-07,3.109,6.736,8.821,14.938,26.55
1998-05-08,1.096,6.793,8.946,15.116,35.46
1998-05-09,6.986,5.731,9.616,14.277,50.04
1998-05-10,4.111,5.579,8.902,13.527,40.45
1998-05-11,0.734,6.695,9.393,15.357,32.14
1998-05-12,1.354,5.437,9.027,13.482,32.4
1998-05-13,0.845,7.545,8.58,15.955,30.34
1998-05-14,0.0,6.358,8.688,14.429,20.59
1998-05-15,12.35,5.027,10.196,13.902,21.74
1998-05-16,4.083,5.234,9.518,13.634,19.63
1998-05-17,1.516,4.742,9.571,13.08,19.23
1998-05-18,3.375,5.642,9.036,13.812,30.94
1998-05-19,0.0,7.186,7.518,14.804,19.83
1998-05-20,0.0,8.062,8.562,16.741,15.54
1998-05-21,0.0,8.465,6.732,16.116,13.5
1998-05-22,0.0,5.441,8.089,12.839,12.5
1998-05-23,2.086,6.356,8.179,14.143,11.79
1998-05-24,5.325,5.987,9.607,14.75,17.5
1998-05-25,3.496,6.735,9.607,15.741,26.1
1998-05-26,0.0,5.699,9.723,14.473,31.42
1998-05-27,12.473,6.386,9.152,14.973,46.19
1998-05-28,13.526,5.772,9.304,14.268,42.19
1998-05-29,30.108,5.589,8.179,13.179,74.33
1998-05-30,3.189,7.081,8.089,15.214,50.71
1998-05-31,0.0,5.358,8.455,13.098,41.33
1998-06-01,15.313,5.695,8.223,13.375,62.69
1998-06-02,4.374,4.825,8.75,12.643,49.53
1998-06-03,2.832,4.087,8.545,11.562,68.8
1998-06-04,0.0,5.873,8.089,13.545,61.1
1998-06-05,0.0,5.867,8.286,13.688,53.24
1998-06-06,0.0,4.641,8.839,12.491,40.89
1998-06-07,0.0,5.179,8.848,13.205,28.14
1998-06-08,0.0,5.544,9.554,14.241,34.34
1998-06-09,0.0,6.702,8.795,15.241,51.81
1998-06-10,0.0,6.307,9.107,14.938,41.12
1998-06-11,0.0,6.905,7.598,14.696,29.3
1998-06-12,0.0,6.524,8.589,14.875,34.34
1998-06-13,0.0,6.12,8.67,14.366,31.0
1998-06-14,0.0,5.747,7.812,13.205,22.83
1998-06-15,8.29,3.888,8.429,11.25,39.11
1998-06-16,0.0,5.891,7.848,13.455,39.12
1998-06-17,0.0,5.971,7.598,13.393,32.23
1998-06-18,0.0,7.666,7.223,15.562,24.09
1998-06-19,2.469,5.839,7.571,13.179,20.29
1998-06-20,0.993,6.996,7.116,14.518,21.88
1998-06-21,5.98,4.737,7.75,11.804,38.67
1998-06-22,13.009,6.123,7.348,13.42,59.63
1998-06-23,9.622,5.488,7.179,12.384,41.8
1998-06-24,0.0,6.277,8.286,14.321,37.22
1998-06-25,0.0,5.878,7.786,13.393,26.83
1998-06-26,7.155,7.014,8.5,15.518,25.21
1998-06-27,0.0,5.892,8.58,14.009,50.36
1998-06-28,1.478,5.828,7.509,13.116,65.91
1998-06-29,4.597,5.982,7.527,13.348,63.9
1998-06-30,0.0,6.885,6.607,14.009,43.18
1998-07-01,0.0,6.322,5.58,12.446,25.79
1998-07-02,0.0,6.473,7.08,13.714,21.52
1998-07-03,0.0,6.824,7.714,14.67,36.45
1998-07-04,0.433,7.016,7.982,15.116,39.12
1998-07-05,0.0,5.906,8.062,13.625,38.76
1998-07-06,0.0,6.085,8.0,13.83,36.37
1998-07-07,0.0,6.285,7.929,14.027,34.73
1998-07-08,0.988,7.492,7.143,15.196,25.97
1998-07-09,25.588,6.21,7.571,13.652,40.87
1998-07-10,1.04,6.356,7.643,13.929,39.57
1998-07-11,0.0,5.527,7.884,12.929,42.08
1998-07-12,5.01,6.263,8.009,14.062,43.93
1998-07-13,0.0,7.169,7.562,14.991,62.71
1998-07-14,0.0,5.792,6.366,12.143,31.0
1998-07-15,0.0,7.895,6.089,15.036,24.14
1998-07-16,0.0,5.731,6.866,12.393,28.76
1998-07-17,0.895,5.329,7.696,12.482,51.35
1998-07-18,0.0,6.266,6.312,12.75,58.02
1998-07-19,35.8,5.393,6.812,11.875,59.28
1998-07-20,0.0,7.686,6.67,15.054,51.25
1998-07-21,0.0,7.334,6.464,14.384,35.44
1998-07-22,1.048,5.533,6.902,12.098,41.88
1998-07-23,0.0,7.372,6.911,14.705,54.06
1998-07-24,0.0,6.763,6.58,13.607,47.76
1998-07-25,0.0,6.275,7.304,13.402,55.43
1998-07-26,0.0,5.762,6.786,12.286,54.62
1998-07-27,0.0,7.926,5.973,14.83,37.35
1998-07-28,0.0,6.437,7.688,13.875,26.35
1998-07-29,1.524,5.62,7.83,12.848,23.21
1998-07-30,0.0,5.187,7.893,12.33,63.29
1998-07-31,0.0,6.477,7.045,13.429,38.16
1998-08-01,0.0,6.858,7.509,14.295,25.99
1998-08-02,0.0,6.656,7.393,13.92,13.75
1998-08-03,0.0,7.099,6.857,14.143,19.08
1998-08-04,0.0,7.633,6.607,14.723,17.59
1998-08-05,3.651,8.951,8.027,17.473,21.31
1998-08-06,20.278,5.675,8.089,13.045,38.02
1998-08-07,0.0,7.507,7.339,14.991,52.28
1998-08-08,0.0,6.809,7.098,13.839,36.88
1998-08-09,0.0,7.302,6.277,13.938,26.67
1998-08-10,0.0,8.325,6.625,15.607,20.4
1998-08-11,7.832,6.666,7.259,13.705,40.42
1998-08-12,0.0,7.783,6.295,14.598,31.34
1998-08-13,4.563,7.743,6.527,14.688,28.15
1998-08-14,0.0,9.198,5.438,16.018,26.59
1998-08-15,0.0,7.302,7.339,14.598,21.05
1998-08-16,0.0,7.083,7.786,14.607,21.57
1998-08-17,0.0,6.651,7.723,13.955,21.6
1998-08-18,0.0,8.447,6.616,15.652,20.79
1998-08-19,19.439,7.214,6.911,14.107,18.62
1998-08-20,0.0,7.827,7.643,15.464,17.81
1998-08-21,0.0,6.635,8.232,14.241,16.46
1998-08-22,0.0,6.039,8.375,13.58,17.01
1998-08-23,0.0,8.59,5.714,15.196,16.27
1998-08-24,0.0,8.125,7.196,15.5,15.0
1998-08-25,12.163,7.686,7.607,15.161,14.25
1998-08-26,0.0,6.181,7.759,13.259,16.98
1998-08-27,0.626,7.67,7.054,14.741,21.29
1998-08-28,0.0,7.131,6.848,13.848,20.42
1998-08-29,0.0,7.409,6.17,13.768,16.56
1998-08-30,7.662,6.474,6.705,12.848,20.54
1998-08-31,3.656,6.443,7.339,13.277,31.9
1998-09-01,0.0,6.647,7.384,13.554,19.41
1998-09-02,0.0,8.412,6.527,15.357,16.03
1998-09-03,9.473,6.839,8.036,14.25,14.25
1998-09-04,0.0,7.463,6.67,14.125,14.45
1998-09-05,0.0,7.798,5.571,13.848,17.93
1998-09-06,1.771,10.033,5.902,17.152,18.43
1998-09-07,1.73,9.103,6.625,16.321,14.75
1998-09-08,17.192,7.705,7.259,14.821,14.0
1998-09-09,0.0,7.952,7.402,15.277,21.93
1998-09-10,12.619,7.417,8.089,15.009,34.42
1998-09-11,0.0,8.597,6.25,15.366,30.49
1998-09-12,10.324,7.502,6.393,13.938,23.88
1998-09-13,0.818,6.776,7.946,14.062,28.66
1998-09-14,5.181,6.4,7.42,13.188,20.62
1998-09-15,0.0,5.771,7.357,12.321,17.9
1998-09-16,0.0,8.396,6.821,15.438,15.91
1998-09-17,0.0,9.173,7.009,16.607,14.98
1998-09-18,0.819,7.461,6.339,13.857,14.42
1998-09-19,15.76,6.746,7.357,13.58,18.6
1998-09-20,0.0,5.901,8.652,13.455,22.84
1998-09-21,5.164,6.559,7.938,13.768,17.07
1998-09-22,0.0,6.141,7.786,13.098,22.29
1998-09-23,3.158,6.392,7.723,13.384,22.33
1998-09-24,0.0,7.513,8.054,15.098,16.67
1998-09-25,0.0,7.718,7.58,15.045,14.08
1998-09-26,5.711,8.113,7.438,15.464,13.89
1998-09-27,0.0,7.77,7.018,14.75,14.15
1998-09-28,0.0,7.642,6.893,14.5,16.79
1998-09-29,9.703,9.111,6.643,16.321,15.1
1998-09-30,0.0,9.007,7.571,16.777,15.48
1998-10-01,4.756,9.88,5.232,16.509,17.87
1998-10-02,0.0,6.564,8.268,14.036,24.2
1998-10-03,0.0,6.535,7.652,13.545,23.13
1998-10-04,0.0,8.893,6.652,16.054,15.93
1998-10-05,2.323,8.724,8.196,16.866,14.93
1998-10-06,4.473,9.121,7.08,16.652,13.9
1998-10-07,8.52,5.898,8.446,13.366,21.83
1998-10-08,4.751,7.185,8.411,14.991,24.24
1998-10-09,5.033,6.311,8.589,13.991,21.11
1998-10-10,0.0,8.889,6.696,16.152,22.03
1998-10-11,0.0,9.732,6.768,17.339,16.16
1998-10-12,0.0,7.714,7.339,14.973,13.59
1998-10-13,0.0,7.55,6.205,13.982,12.89
1998-10-14,19.896,7.718,6.446,14.429,17.14
1998-10-15,2.654,6.148,8.08,13.455,22.64
1998-10-16,14.687,9.675,6.75,17.375,37.2
1998-10-17,1.439,7.097,7.643,14.438,37.49
1998-10-18,13.441,8.347,7.241,15.893,36.9
1998-10-19,4.966,5.945,8.268,13.393,37.9
1998-10-20,2.624,7.853,7.089,15.098,27.98
1998-10-21,28.167,6.315,8.25,13.875,27.98
1998-10-22,0.0,7.634,8.446,15.777,28.07
1998-10-23,2.41,5.888,8.429,13.455,26.1
1998-10-24,22.183,7.803,7.768,15.589,59.59
1998-10-25,10.249,5.98,7.018,12.571,43.51
1998-10-26,28.629,7.53,6.509,14.366,45.76
1998-10-27,0.0,6.866,5.991,13.089,36.5
1998-10-28,0.0,5.842,7.589,12.804,32.54
1998-10-29,0.0,5.09,8.554,12.625,31.55
1998-10-30,23.975,5.788,8.661,13.598,50.43
1998-10-31,0.0,6.045,9.045,14.241,33.53
1998-11-01,0.0,7.385,6.732,14.375,25.84
1998-11-02,0.0,7.525,7.723,15.277,20.61
1998-11-03,27.847,7.587,6.884,14.812,17.93
1998-11-04,24.045,6.734,8.411,14.723,16.33
1998-11-05,2.11,6.448,8.518,14.429,20.56
1998-11-06,37.876,6.532,7.696,13.955,32.93
1998-11-07,0.0,5.771,7.696,12.938,28.6
1998-11-08,0.0,7.206,6.438,14.08,23.29
1998-11-09,0.951,7.045,7.357,14.473,25.65
1998-11-10,1.838,7.304,7.357,14.848,30.08
1998-11-11,0.0,8.005,7.518,15.973,27.62
1998-11-12,0.0,6.262,7.062,13.214,22.69
1998-11-13,26.613,5.616,7.259,12.455,23.37
1998-11-14,9.664,5.099,7.964,12.304,33.91
1998-11-15,0.0,6.777,8.17,14.75,23.14
1998-11-16,0.0,6.733,8.893,15.232,23.19
1998-11-17,13.259,5.63,8.438,13.393,20.34
1998-11-18,0.0,6.862,9.357,15.759,19.3
1998-11-19,0.0,7.039,8.036,15.071,16.32
1998-11-20,14.778,6.624,7.607,14.196,17.67
1998-11-21,0.0,8.521,6.393,16.161,20.63
1998-11-22,23.4,5.755,7.83,13.17,49.09
1998-11-23,0.0,7.427,7.938,15.643,40.18
1998-11-24,0.0,6.707,8.527,15.027,23.14
1998-11-25,33.964,5.104,7.348,11.929,30.76
1998-11-26,0.0,5.414,7.732,12.688,20.86
1998-11-27,9.688,6.754,7.821,14.616,17.99
1998-11-28,0.0,4.229,7.661,11.018,19.6
1998-11-29,0.781,7.37,7.821,15.509,22.15
1998-11-30,0.0,7.273,7.196,14.964,29.01
1998-12-01,0.0,8.118,8.357,16.955,28.98
1998-12-02,25.28,7.192,7.616,15.161,36.01
1998-12-03,19.637,7.463,7.268,15.312,50.97
1998-12-04,0.415,8.695,6.375,16.571,44.53
1998-12-05,3.303,8.358,7.036,16.5,36.86
1998-12-06,43.347,6.843,6.161,13.67,27.43
1998-12-07,2.743,7.735,6.893,15.5,32.51
1998-12-08,0.471,6.973,7.0,14.473,37.97
1998-12-09,0.0,8.336,7.946,17.098,33.19
1998-12-10,0.0,6.443,7.911,14.321,41.46
1998-12-11,0.0,8.086,7.393,16.384,32.96
1998-12-12,1.634,7.163,7.232,14.902,25.06
1998-12-13,0.0,6.769,7.607,14.589,23.63
1998-12-14,0.0,6.959,8.607,15.589,25.55
1998-12-15,0.0,5.352,8.688,13.411,31.29
1998-12-16,0.0,6.633,7.589,14.411,37.26
1998-12-17,1.462,7.467,6.518,14.893,28.08
1998-12-18,16.388,7.594,6.786,15.25,25.95
1998-12-19,0.0,6.583,7.357,14.161,26.77
1998-12-20,0.732,7.023,6.312,14.062,20.73
1998-12-21,3.609,5.277,6.821,11.875,20.46
1998-12-22,3.263,8.195,5.17,15.143,17.65
1998-12-23,4.882,7.957,5.741,15.134,17.34
1998-12-24,2.991,5.454,7.17,12.393,16.52
1998-12-25,2.223,4.736,7.545,11.679,15.71
1998-12-26,0.0,6.607,6.562,13.607,15.75
1998-12-27,0.0,6.563,7.777,14.438,15.41
1998-12-28,0.0,6.711,7.188,14.205,15.77
1998-12-29,7.97,6.114,6.545,12.884,16.57
1998-12-30,9.19,7.837,6.268,15.241,15.67
1998-12-31,9.658,6.563,7.554,14.232,19.52
1999-01-01,0.0,8.687,6.473,16.625,20.5
1999-01-02,0.0,7.181,7.714,15.232,20.3
1999-01-03,0.0,6.97,7.902,15.036,20.8
1999-01-04,1.125,4.983,7.196,11.688,22.8
1999-01-05,42.89,5.868,8.045,13.562,24.0
1999-01-06,0.0,6.636,8.071,14.661,22.8
1999-01-07,0.0,6.404,8.196,14.411,18.4
1999-01-08,31.587,3.881,8.938,11.67,24.8
1999-01-09,0.0,6.154,7.991,13.902,33.8
1999-01-10,29.675,5.317,7.5,12.366,29.7
1999-01-11,41.534,4.074,7.741,10.884,63.9
1999-01-12,6.1,6.279,6.625,13.062,43.0
1999-01-13,3.101,6.307,7.0,13.357,39.8
1999-01-14,5.2,6.8,6.92,14.036,37.8
1999-01-15,0.0,6.456,7.607,13.982,29.1
1999-01-16,0.0,6.099,6.152,12.438,23.8
1999-01-17,0.0,8.269,5.866,15.411,22.7
1999-01-18,0.0,7.706,5.473,14.304,25.9
1999-01-19,29.524,7.264,6.384,14.232,23.2
1999-01-20,13.095,6.226,7.902,13.804,22.9
1999-01-21,15.313,5.604,7.982,13.0,23.6
1999-01-22,0.0,5.54,8.455,13.277,27.0
1999-01-23,0.0,6.029,6.75,12.652,35.2
1999-01-24,0.0,6.367,7.67,13.795,46.6
1999-01-25,0.0,5.772,7.786,13.036,38.9
1999-01-26,9.856,5.183,8.616,12.893,47.7
1999-01-27,5.797,7.054,7.741,14.75,39.6
1999-01-28,0.0,5.961,8.125,13.491,34.4
1999-01-29,0.0,6.173,7.786,13.527,34.6
1999-01-30,0.0,6.661,8.25,14.509,28.7
1999-01-31,0.0,7.808,6.848,15.125,24.1
1999-02-01,16.34,7.677,8.304,15.911,23.5
1999-02-02,17.063,6.295,7.438,13.393,24.9
1999-02-03,0.0,7.538,7.759,15.312,27.0
1999-02-04,2.614,5.344,8.0,12.5,46.5
1999-02-05,11.666,5.139,7.634,11.938,37.3
1999-02-06,1.041,6.044,7.75,13.223,33.6
1999-02-07,24.843,5.702,7.446,12.509,43.9
1999-02-08,0.0,7.183,6.705,14.0,36.0
1999-02-09,0.0,5.798,7.902,12.973,27.2
1999-02-10,6.026,4.095,8.509,11.33,27.9
1999-02-11,7.422,5.527,7.696,12.438,44.4
1999-02-12,0.0,6.615,6.938,13.33,31.9
1999-02-13,7.114,5.275,7.866,12.214,31.1
1999-02-14,0.0,5.831,7.009,12.304,26.5
1999-02-15,14.008,5.176,7.17,11.554,28.1
1999-02-16,0.0,6.46,7.545,13.518,37.0
1999-02-17,37.924,4.955,7.366,11.384,72.6
1999-02-18,14.777,6.392,7.0,13.009,59.4
1999-02-19,7.865,5.545,7.071,11.902,53.3
1999-02-20,25.748,4.136,7.0,10.045,81.3
1999-02-21,0.0,6.232,6.67,12.527,61.0
1999-02-22,30.576,5.982,7.411,12.696,71.1
1999-02-23,0.0,6.507,7.366,13.33,59.9
1999-02-24,27.502,8.001,6.75,14.946,104.4
1999-02-25,14.701,6.462,7.062,13.027,102.1
1999-02-26,0.0,7.826,7.295,15.027,67.9
1999-02-27,7.604,7.043,6.58,13.473,51.5
1999-02-28,24.755,6.452,7.402,13.259,50.4
1999-03-01,28.422,7.292,7.929,14.75,65.6
1999-03-02,1.703,5.82,7.196,12.259,60.6
1999-03-03,0.0,7.596,6.964,14.455,47.9
1999-03-04,0.381,6.982,6.562,13.321,43.9
1999-03-05,2.452,6.311,6.054,12.036,37.8
1999-03-06,11.083,9.165,5.589,15.661,34.3
1999-03-07,0.0,10.368,5.036,16.955,31.7
1999-03-08,1.675,8.974,5.241,15.161,31.1
1999-03-09,11.627,7.574,6.634,14.134,31.2
1999-03-10,0.0,5.205,7.027,11.268,30.5
1999-03-11,7.359,6.121,7.598,12.893,28.0
1999-03-12,5.254,5.247,8.054,12.143,26.4
1999-03-13,4.708,5.077,8.312,12.134,24.9
1999-03-14,0.0,8.032,7.393,15.232,24.8
1999-03-15,0.254,6.731,7.696,13.732,27.9
1999-03-16,0.93,7.162,7.473,14.143,29.9
1999-03-17,0.0,8.187,7.241,15.339,28.9
1999-03-18,23.925,6.062,7.598,12.804,43.4
1999-03-19,8.547,6.447,7.098,12.911,51.2
1999-03-20,17.486,8.318,7.545,15.723,62.9
1999-03-21,11.101,6.428,6.75,12.67,47.8
1999-03-22,2.603,7.43,7.232,14.321,37.9
1999-03-23,0.0,7.088,7.339,13.946,36.8
1999-03-24,0.617,7.438,6.964,14.143,34.9
1999-03-25,8.044,7.641,7.955,15.107,32.5
1999-03-26,2.11,7.449,7.991,14.893,32.0
1999-03-27,13.886,5.233,8.527,12.473,30.6
1999-03-28,9.596,7.548,8.152,15.143,36.9
1999-03-29,1.71,6.931,8.312,14.446,56.2
1999-03-30,1.504,7.95,7.464,15.17,45.3
1999-03-31,10.279,6.61,7.973,13.768,35.9
1999-04-01,23.378,7.544,7.75,14.848,31.6
1999-04-02,12.989,6.968,8.304,14.482,30.2
1999-04-03,6.702,4.654,8.098,11.464,30.3
1999-04-04,5.136,6.749,7.848,13.893,30.3
1999-04-05,15.121,6.714,6.866,13.143,52.9
1999-04-06,3.703,7.271,7.393,14.268,43.3
1999-04-07,4.925,6.365,7.902,13.438,37.4
1999-04-08,2.665,7.021,7.554,14.062,36.5
1999-04-09,28.038,5.475,7.866,12.304,43.2
1999-04-10,32.258,3.897,7.75,10.33,62.2
1999-04-11,0.0,6.79,6.848,13.286,73.8
1999-04-12,0.0,4.677,8.089,11.509,49.2
1999-04-13,0.0,6.61,7.848,13.786,46.4
1999-04-14,0.0,6.058,8.241,13.375,48.0
1999-04-15,0.0,6.442,6.938,12.92,54.4
1999-04-16,0.0,7.267,7.777,14.625,52.6
1999-04-17,0.0,8.888,5.857,15.554,41.3
1999-04-18,5.077,7.097,7.402,14.17,35.9
1999-04-19,0.0,4.807,7.884,11.562,33.6
1999-04-20,0.0,5.482,7.277,11.964,59.6
1999-04-21,0.0,5.72,6.696,11.839,55.8
1999-04-22,0.0,7.711,6.616,14.5,58.3
1999-04-23,3.441,6.018,7.991,13.214,68.4
1999-04-24,18.725,4.843,8.125,11.839,57.6
1999-04-25,0.0,6.101,7.295,12.83,47.9
1999-04-26,0.0,5.818,7.0,12.232,40.7
1999-04-27,11.168,3.939,7.152,9.964,58.3
1999-04-28,5.027,6.157,6.527,12.402,49.3
1999-04-29,0.0,6.012,7.259,12.723,46.4
1999-04-30,25.472,3.181,8.0,9.857,40.6
1999-05-01,0.0,6.14,7.339,13.0,42.2
1999-05-02,0.0,4.887,7.652,11.58,39.9
1999-05-03,14.62,4.655,7.339,11.045,43.3
1999-05-04,28.553,5.996,7.045,12.607,42.4
1999-05-05,1.682,6.014,7.277,12.804,39.0
1999-05-06,13.31,5.772,7.089,12.357,46.4
1999-05-07,7.546,5.967,8.036,13.339,40.9
1999-05-08,8.444,5.984,7.473,12.964,41.1
1999-05-09,1.882,5.465,7.304,12.134,39.6
1999-05-10,6.289,5.487,6.884,11.857,42.9
1999-05-11,22.033,4.884,7.188,11.321,44.1
1999-05-12,0.0,5.555,7.134,12.161,46.7
1999-05-13,14.079,4.39,7.223,10.723,61.8
1999-05-14,3.859,6.492,7.268,13.589,52.8
1999-05-15,0.0,5.324,8.286,12.777,45.7
1999-05-16,0.0,7.17,7.527,14.723,41.4
1999-05-17,0.0,6.012,6.455,12.357,35.9
1999-05-18,9.198,5.617,6.839,12.098,32.8
1999-05-19,0.108,5.776,7.393,12.741,34.1
1999-05-20,0.0,4.194,7.714,10.911,70.7
1999-05-21,0.0,6.133,6.929,12.938,51.4
1999-05-22,0.0,4.892,6.786,11.098,44.4
1999-05-23,0.0,6.663,8.304,14.679,41.6
1999-05-24,0.0,6.585,7.179,13.759,38.5
1999-05-25,0.0,6.936,5.777,13.304,34.0
1999-05-26,0.0,5.616,6.946,12.259,30.9
1999-05-27,0.0,6.542,6.054,12.955,28.5
1999-05-28,0.0,5.844,7.08,12.688,27.0
1999-05-29,0.0,5.682,8.277,13.375,49.5
1999-05-30,2.117,7.194,6.67,14.366,40.2
1999-05-31,0.0,6.602,6.821,13.616,33.7
1999-06-01,0.0,6.12,7.75,13.607,29.7
1999-06-02,1.567,6.725,7.205,14.089,53.2
1999-06-03,0.0,6.603,6.241,13.232,49.0
1999-06-04,0.0,4.416,8.143,11.634,35.9
1999-06-05,0.0,6.226,7.607,13.688,49.3
1999-06-06,0.0,6.261,7.205,13.455,45.0
1999-06-07,0.0,7.142,6.58,14.295,36.5
1999-06-08,32.115,5.717,7.464,12.911,56.6
1999-06-09,0.0,7.165,7.268,14.821,48.8
1999-06-10,15.567,7.081,7.098,14.598,44.2
1999-06-11,7.62,5.236,6.812,11.732,37.3
1999-06-12,0.0,6.338,7.589,13.893,34.3
1999-06-13,5.241,4.637,8.036,11.875,34.1
1999-06-14,0.0,5.24,7.348,12.161,43.4
1999-06-15,17.735,5.6,7.58,12.839,40.2
1999-06-16,1.768,6.302,6.232,12.866,38.7
1999-06-17,13.241,5.891,6.964,12.812,43.2
1999-06-18,0.0,5.272,7.455,12.286,33.7
1999-06-19,0.0,6.847,8.134,15.036,30.5
1999-06-20,0.0,6.113,8.116,13.982,41.0
1999-06-21,20.305,5.328,8.402,13.134,44.1
1999-06-22,0.0,6.22,7.661,13.821,43.7
1999-06-23,0.0,5.828,6.188,12.161,37.2
1999-06-24,0.0,6.265,7.107,13.455,33.0
1999-06-25,0.0,6.468,7.214,13.821,34.8
1999-06-26,13.52,6.115,7.393,13.438,34.8
1999-06-27,7.651,4.991,7.161,11.696,35.3
1999-06-28,5.882,6.113,7.33,13.402,44.8
1999-06-29,0.275,6.524,6.625,13.491,44.8
1999-06-30,0.0,5.636,7.491,12.804,36.5
1999-07-01,27.977,5.542,7.759,12.893,32.9
1999-07-02,0.0,6.673,6.982,13.929,33.4
1999-07-03,0.0,6.55,6.714,13.562,38.5
1999-07-04,0.599,7.431,6.58,14.768,40.6
1999-07-05,0.0,7.421,4.982,13.688,29.9
1999-07-06,16.359,6.259,7.17,13.464,27.0
1999-07-07,0.0,4.393,6.67,10.446,29.7
1999-07-08,0.0,6.821,5.134,12.875,34.4
1999-07-09,0.0,6.836,6.42,13.75,29.0
1999-07-10,0.0,8.396,3.768,14.393,25.2
1999-07-11,0.0,7.995,3.223,13.429,22.8
1999-07-12,0.0,7.551,5.277,14.018,21.5
1999-07-13,0.0,7.258,5.473,13.696,21.2
1999-07-14,0.0,8.483,5.393,15.473,21.0
1999-07-15,0.0,7.76,5.179,14.223,21.5
1999-07-16,0.546,7.198,6.696,14.393,22.9
1999-07-17,0.0,6.34,6.134,12.741,20.4
1999-07-18,0.0,7.282,7.304,14.911,19.6
1999-07-19,0.0,6.172,6.562,12.777,19.0
1999-07-20,0.0,7.029,7.446,14.616,18.5
1999-07-21,0.0,5.172,7.491,12.045,21.3
1999-07-22,0.0,6.84,5.795,13.179,22.3
1999-07-23,0.0,7.346,6.688,14.518,30.1
1999-07-24,0.0,6.703,6.795,13.67,49.5
1999-07-25,0.0,7.058,7.5,14.652,42.9
1999-07-26,0.0,7.955,6.009,14.92,34.3
1999-07-27,0.0,6.913,7.473,14.384,41.1
1999-07-28,0.0,6.947,7.366,14.348,60.6
1999-07-29,0.0,6.904,6.821,13.929,69.3
1999-07-30,0.0,6.123,6.58,12.607,53.1
1999-07-31,0.0,6.289,6.821,13.027,43.9
1999-08-01,0.0,4.776,6.964,11.018,53.7
1999-08-02,0.0,5.495,6.679,11.768,37.5
1999-08-03,0.0,6.192,6.777,12.804,30.1
1999-08-04,0.0,6.538,5.643,12.482,26.3
1999-08-05,0.0,7.998,6.027,14.83,23.6
1999-08-06,0.0,8.737,6.33,16.045,23.2
1999-08-07,0.0,7.571,7.134,14.938,23.3
1999-08-08,11.188,4.544,7.83,11.384,52.4
1999-08-09,0.0,5.134,7.438,11.795,61.3
1999-08-10,0.0,7.648,6.929,14.857,45.3
1999-08-11,0.0,7.312,6.312,13.955,28.5
1999-08-12,0.0,8.152,4.786,14.134,31.1
1999-08-13,0.0,8.241,6.679,15.464,37.3
1999-08-14,0.496,7.824,6.464,14.723,43.8
1999-08-15,0.0,5.987,6.688,12.321,55.4
1999-08-16,0.0,5.974,7.232,12.75,43.1
1999-08-17,0.0,9.423,4.589,15.777,35.4
1999-08-18,0.0,8.656,4.411,14.545,28.2
1999-08-19,0.0,8.649,6.018,15.527,24.8
1999-08-20,0.0,7.632,5.286,13.598,22.1
1999-08-21,0.0,6.316,7.357,13.17,21.2
1999-08-22,0.0,8.046,6.33,14.83,22.0
1999-08-23,0.0,8.419,7.018,15.804,22.4
1999-08-24,2.904,5.169,7.982,12.134,20.6
1999-08-25,0.0,7.569,7.705,15.062,20.1
1999-08-26,37.028,6.495,7.804,13.696,20.5
1999-08-27,0.0,6.174,7.821,13.268,21.8
1999-08-28,0.598,7.866,7.134,15.054,19.8
1999-08-29,0.0,8.684,6.527,15.768,20.7
1999-08-30,0.0,7.85,6.821,14.804,19.6
1999-08-31,0.0,8.455,6.027,15.098,19.0
1999-09-01,0.0,7.508,7.232,14.589,19.1
1999-09-02,6.008,6.872,7.277,13.777,28.3
1999-09-03,5.153,7.964,7.009,15.036,26.2
1999-09-04,0.0,6.789,7.866,14.054,24.4
1999-09-05,12.541,7.153,6.848,13.821,26.7
1999-09-06,0.0,7.634,6.161,14.0,28.0
1999-09-07,0.0,8.658,7.643,16.375,26.1
1999-09-08,13.425,8.607,7.241,16.036,29.6
1999-09-09,7.199,8.34,6.509,15.205,31.2
1999-09-10,21.827,7.669,6.768,14.464,42.5
1999-09-11,8.921,7.681,6.83,14.509,53.9
1999-09-12,12.774,8.057,7.0,15.125,34.0
1999-09-13,1.355,7.687,7.045,14.634,30.9
1999-09-14,14.046,5.923,6.866,12.179,37.5
1999-09-15,4.881,7.648,6.509,14.232,31.3
1999-09-16,7.238,8.557,7.009,15.812,27.7
1999-09-17,2.064,6.36,7.884,13.473,47.9
1999-09-18,3.54,7.056,6.571,13.446,43.9
1999-09-19,6.755,6.225,7.08,12.705,28.9
1999-09-20,3.816,6.896,7.902,14.179,25.5
1999-09-21,0.466,7.242,7.741,14.527,43.7
1999-09-22,8.284,6.272,6.964,12.67,33.1
1999-09-23,12.048,6.867,7.214,13.67,52.9
1999-09-24,1.994,8.144,6.58,14.946,39.3
1999-09-25,17.608,6.372,7.098,12.929,31.1
1999-09-26,7.819,7.331,6.438,13.759,34.4
1999-09-27,25.821,6.967,6.571,13.366,57.5
1999-09-28,1.417,4.761,7.018,10.786,48.5
1999-09-29,10.356,6.525,5.643,12.116,47.2
1999-09-30,0.409,7.8,5.759,13.964,38.5
1999-10-01,10.059,7.978,6.196,14.509,46.4
1999-10-02,22.144,6.249,5.973,11.982,41.8
1999-10-03,0.0,7.394,6.893,14.179,35.2
1999-10-04,0.0,6.477,7.304,13.277,36.2
1999-10-05,1.145,7.646,4.982,13.277,31.6
1999-10-06,9.101,5.51,6.348,11.259,27.3
1999-10-07,13.376,6.916,6.286,13.143,27.4
1999-10-08,0.0,6.292,7.0,12.821,24.5
1999-10-09,0.0,4.842,7.241,11.107,23.2
1999-10-10,2.626,7.89,7.232,15.134,25.0
1999-10-11,0.0,6.348,6.518,12.536,25.9
1999-10-12,21.94,6.966,6.598,13.446,28.5
1999-10-13,0.0,6.188,7.08,12.768,50.1
1999-10-14,0.0,6.944,6.366,13.295,46.6
1999-10-15,0.0,7.28,4.92,12.795,35.0
1999-10-16,0.0,6.638,7.054,13.366,28.0
1999-10-17,0.0,7.554,6.286,14.125,27.0
1999-10-18,0.0,7.059,6.518,13.607,29.6
1999-10-19,23.552,6.324,6.196,12.402,33.7
1999-10-20,0.0,6.563,6.714,13.071,27.2
1999-10-21,0.0,8.392,6.75,15.643,23.4
1999-10-22,0.0,5.828,8.357,13.321,21.8
1999-10-23,16.968,7.107,7.205,14.214,25.4
1999-10-24,0.0,8.456,7.634,16.384,40.6
1999-10-25,20.57,5.123,7.723,11.964,44.6
1999-10-26,0.0,6.926,7.089,13.92,38.2
1999-10-27,35.164,4.464,8.196,11.509,31.5
1999-10-28,23.312,5.541,7.348,12.25,43.1
1999-10-29,7.892,7.306,7.67,14.902,42.1
1999-10-30,21.549,6.422,6.661,12.982,75.7
1999-10-31,0.0,7.807,7.152,15.277,44.9
1999-11-01,0.0,7.694,6.929,14.973,33.0
1999-11-02,0.0,7.289,8.848,15.75,33.6
1999-11-03,30.777,7.136,8.223,15.107,40.7
1999-11-04,8.363,7.103,8.902,15.58,36.8
1999-11-05,0.0,6.434,8.277,14.223,34.2
1999-11-06,0.0,6.165,7.67,13.42,29.4
1999-11-07,9.541,5.044,7.625,11.893,26.0
1999-11-08,0.0,6.381,7.625,13.723,26.7
1999-11-09,0.0,7.068,8.116,15.018,26.7
1999-11-10,0.0,6.108,7.562,13.321,23.7
1999-11-11,19.577,5.836,8.786,13.893,22.7
1999-11-12,0.456,4.192,7.866,11.045,36.0
1999-11-13,0.0,6.678,7.688,14.241,34.4
1999-11-14,0.0,7.515,7.866,15.554,27.7
1999-11-15,14.491,5.69,7.598,12.848,25.5
1999-11-16,1.778,7.211,6.955,14.545,23.4
1999-11-17,0.0,6.136,7.054,13.071,26.9
1999-11-18,65.526,5.794,7.509,12.946,51.3
1999-11-19,1.914,5.6,7.009,12.339,49.9
1999-11-20,2.658,7.214,6.232,14.116,36.4
1999-11-21,11.069,7.318,7.277,15.0,28.7
1999-11-22,26.877,5.88,7.134,12.848,30.0
1999-11-23,19.88,6.924,7.0,14.25,36.5
1999-11-24,14.904,5.793,6.741,12.438,40.1
1999-11-25,6.356,5.11,6.464,11.277,41.6
1999-11-26,0.0,6.146,7.152,13.241,31.5
1999-11-27,0.0,5.758,5.83,11.768,39.9
1999-11-28,3.333,6.925,5.089,13.009,38.9
1999-11-29,0.0,8.157,5.152,14.938,30.9
1999-11-30,11.035,7.198,5.679,13.857,27.3
1999-12-01,0.0,5.991,7.679,13.473,46.1
1999-12-02,1.441,5.699,7.652,13.054,41.8
1999-12-03,8.616,6.248,7.455,13.688,44.6
1999-12-04,4.616,7.304,7.955,15.589,34.9
1999-12-05,65.9,6.665,8.116,14.768,32.9
1999-12-06,10.159,6.683,7.964,14.696,30.6
1999-12-07,0.0,6.358,7.955,14.241,31.2
1999-12-08,0.0,6.699,7.964,14.741,36.2
1999-12-09,0.0,6.667,8.0,14.723,31.4
1999-12-10,0.0,6.833,8.321,15.17,28.4
1999-12-11,0.0,6.954,7.804,14.991,27.7
1999-12-12,51.814,6.579,8.366,14.857,27.6
1999-12-13,0.0,6.117,8.125,14.045,36.3
1999-12-14,0.0,5.521,6.875,12.268,31.3
1999-12-15,0.0,6.063,8.116,13.938,27.8
1999-12-16,0.0,5.738,7.42,12.973,27.2
1999-12-17,23.501,5.921,8.062,13.723,26.9
1999-12-18,0.0,6.669,7.402,14.312,28.1
1999-12-19,14.923,7.18,6.375,14.357,26.0
1999-12-20,0.0,6.283,7.75,14.0,25.9
1999-12-21,20.301,6.959,7.875,15.071,24.0
1999-12-22,0.0,5.503,8.848,13.714,28.0
1999-12-23,0.0,6.067,6.83,13.027,25.4
1999-12-24,0.0,5.807,8.018,13.527,24.4
1999-12-25,0.0,6.37,7.554,14.018,31.1
1999-12-26,0.0,6.807,5.58,13.321,25.8
1999-12-27,0.0,7.836,5.554,14.795,24.1
1999-12-28,0.0,7.15,6.045,14.089,23.9
1999-12-29,0.0,8.251,4.643,14.839,23.5
1999-12-30,0.0,8.404,4.821,15.188,21.8
1999-12-31,0.0,8.592,4.929,15.518,20.7
2000-01-01,0.0,7.288,7.812,15.446,19.5
2000-01-02,0.0,6.83,7.812,14.795,19.6
2000-01-03,1.474,7.233,7.625,15.223,18.7
2000-01-04,1.73,6.537,7.277,13.955,20.6
2000-01-05,3.766,6.66,7.116,14.036,19.7
2000-01-06,5.872,6.462,6.973,13.634,18.8
2000-01-07,0.0,4.034,7.429,10.607,20.0
2000-01-08,3.982,6.94,6.58,14.071,26.9
2000-01-09,4.973,7.871,6.027,15.045,36.3
2000-01-10,0.203,6.933,7.036,14.321,35.9
2000-01-11,4.113,6.865,6.884,14.107,35.9
2000-01-12,0.0,7.195,6.473,14.295,33.7
2000-01-13,0.0,7.688,5.75,14.527,27.3
2000-01-14,0.0,8.052,5.973,15.188,23.1
2000-01-15,6.794,6.552,6.759,13.518,21.5
2000-01-16,9.28,6.348,7.241,13.554,23.5
2000-01-17,4.294,6.744,7.161,14.089,29.7
2000-01-18,0.0,6.97,7.509,14.607,37.6
2000-01-19,0.0,7.149,6.223,13.955,29.2
2000-01-20,0.0,5.687,7.848,13.036,25.5
2000-01-21,2.896,5.75,8.884,13.893,37.0
2000-01-22,0.0,6.668,8.179,14.589,34.0
2000-01-23,0.0,7.861,6.83,15.321,26.6
2000-01-24,0.0,7.515,7.125,15.009,22.6
2000-01-25,13.409,7.438,7.438,15.098,21.6
2000-01-26,0.0,6.319,7.75,13.786,21.3
2000-01-27,0.0,6.619,7.286,13.83,21.6
2000-01-28,66.338,8.11,5.911,15.0,21.2
2000-01-29,3.05,6.625,7.938,14.277,23.7
2000-01-30,4.481,6.414,7.411,13.607,24.0
2000-01-31,17.672,6.068,7.071,12.848,35.4
2000-02-01,0.0,6.66,6.839,13.509,35.0
2000-02-02,0.0,6.136,5.67,11.884,39.7
2000-02-03,0.0,7.526,7.304,14.982,35.0
2000-02-04,0.0,7.041,7.527,14.429,31.5
2000-02-05,0.0,7.553,6.214,14.277,26.6
2000-02-06,0.0,7.32,5.589,13.482,24.4
2000-02-07,0.0,8.986,4.125,14.955,22.8
2000-02-08,0.0,8.808,4.848,15.107,22.1
2000-02-09,0.0,9.09,4.357,15.214,21.6
2000-02-10,13.832,8.079,6.393,15.027,28.0
2000-02-11,0.0,7.837,7.571,15.464,22.4
2000-02-12,0.0,7.758,5.67,14.071,22.2
2000-02-13,0.0,9.226,3.982,15.089,21.8
2000-02-14,0.0,8.618,4.179,14.33,21.2
2000-02-15,0.0,6.211,6.857,12.67,21.5
2000-02-16,2.595,6.1,6.768,12.429,21.9
2000-02-17,50.669,4.834,5.196,9.527,26.4
2000-02-18,0.0,6.317,6.33,12.402,32.1
2000-02-19,4.267,6.381,6.411,12.545,32.3
2000-02-20,0.0,6.96,6.446,13.33,32.8
2000-02-21,16.306,7.095,5.884,13.161,34.7
2000-02-22,2.158,6.371,6.286,12.393,40.2
2000-02-23,0.0,7.834,6.92,14.83,37.4
2000-02-24,46.315,6.572,6.848,13.054,55.3
2000-02-25,0.0,6.808,7.741,14.018,59.0
2000-02-26,6.048,7.367,7.384,14.5,49.8
2000-02-27,5.887,7.176,7.598,14.357,56.0
2000-02-28,22.006,7.469,6.973,14.312,117.8
2000-02-29,11.687,7.407,7.161,14.357,58.1
2000-03-01,4.291,6.306,7.446,13.071,42.0
2000-03-02,14.525,5.331,8.152,12.348,40.9
2000-03-03,4.262,6.375,8.598,14.0,35.7
2000-03-04,0.12,7.439,6.661,14.018,40.6
2000-03-05,0.496,6.542,7.393,13.321,32.6
2000-03-06,14.033,6.661,7.268,13.357,30.8
2000-03-07,0.0,7.467,7.295,14.455,30.5
2000-03-08,7.424,7.027,6.955,13.616,31.9
2000-03-09,13.488,7.194,6.714,13.679,31.5
2000-03-10,0.0,7.554,6.705,14.17,48.2
2000-03-11,3.255,7.745,6.768,14.446,35.7
2000-03-12,0.0,6.181,6.893,12.455,29.0
2000-03-13,0.777,7.012,6.125,13.009,31.2
2000-03-14,0.0,7.034,6.821,13.491,28.0
2000-03-15,0.0,7.483,7.402,14.509,27.7
2000-03-16,0.0,9.048,6.054,15.705,25.4
2000-03-17,0.0,8.257,6.661,15.045,22.8
2000-03-18,0.0,8.272,6.384,14.875,21.5
2000-03-19,0.0,8.721,4.643,14.393,20.7
2000-03-20,0.642,6.826,6.393,12.911,28.4
2000-03-21,0.0,6.74,6.5,12.866,24.4
2000-03-22,0.869,6.144,7.241,12.634,22.8
2000-03-23,20.21,6.234,7.286,12.759,22.8
2000-03-24,17.793,7.859,6.839,14.643,39.2
2000-03-25,37.231,4.442,6.893,10.214,84.5
2000-03-26,0.0,6.225,7.134,12.679,53.1
2000-03-27,0.87,6.975,6.875,13.473,41.3
2000-03-28,53.024,6.055,6.893,12.268,64.2
2000-03-29,0.0,7.299,6.473,13.643,51.2
2000-03-30,0.0,7.315,6.67,13.768,44.1
2000-03-31,1.537,7.03,6.83,13.509,41.7
2000-04-01,1.362,6.855,7.705,13.92,42.2
2000-04-02,0.0,8.424,5.161,14.33,41.4
2000-04-03,17.222,5.118,7.679,11.679,37.3
2000-04-04,5.408,6.581,7.339,13.304,44.8
2000-04-05,1.819,5.077,7.054,11.161,45.1
2000-04-06,0.136,7.416,6.357,13.759,42.8
2000-04-07,4.789,5.558,8.116,12.616,40.3
2000-04-08,13.202,7.441,6.643,13.991,32.0
2000-04-09,4.596,8.698,6.179,15.411,39.2
2000-04-10,0.147,7.459,7.17,14.402,34.3
2000-04-11,4.616,6.525,7.259,13.25,29.8
2000-04-12,20.488,5.016,7.321,11.339,28.4
2000-04-13,2.525,7.393,6.723,14.045,45.8
2000-04-14,0.0,6.245,7.205,12.848,48.2
2000-04-15,0.761,7.009,7.214,13.893,44.9
2000-04-16,7.648,5.846,7.357,12.455,48.2
2000-04-17,17.763,5.033,7.562,11.571,60.2
2000-04-18,4.668,8.685,6.357,15.643,52.7
2000-04-19,8.199,7.223,7.446,14.384,58.6
2000-04-20,1.351,6.077,7.991,13.277,44.5
2000-04-21,10.071,6.613,7.607,13.705,32.9
2000-04-22,2.02,7.136,8.241,14.875,28.5
2000-04-23,6.435,5.503,8.205,12.732,46.9
2000-04-24,3.848,4.9,8.411,12.188,44.1
2000-04-25,0.0,6.489,7.402,13.429,47.4
2000-04-26,1.013,5.809,7.821,12.848,44.1
2000-04-27,12.733,7.343,7.348,14.589,41.7
2000-04-28,0.0,5.918,6.991,12.402,45.7
2000-04-29,0.0,6.079,7.696,13.17,58.7
2000-04-30,0.0,6.021,7.545,12.955,51.1
2000-05-01,0.99,5.56,9.054,13.527,39.6
2000-05-02,19.283,8.519,6.545,15.759,38.5
2000-05-03,1.504,6.45,8.893,14.562,36.4
2000-05-04,8.676,4.745,8.33,11.991,72.9
2000-05-05,0.0,6.309,8.107,13.83,58.2
2000-05-06,6.606,5.615,8.116,12.938,47.4
2000-05-07,11.691,6.222,8.286,13.857,41.7
2000-05-08,4.161,5.156,8.455,12.625,42.4
2000-05-09,2.339,5.763,7.536,12.75,36.4
2000-05-10,0.0,5.0,8.5,12.491,57.2
2000-05-11,0.0,6.181,8.482,14.0,45.7
2000-05-12,15.594,6.312,8.545,14.259,55.0
2000-05-13,3.333,6.415,8.357,14.25,45.3
2000-05-14,0.88,6.503,8.188,14.286,49.0
2000-05-15,4.235,4.71,8.205,11.938,48.6
2000-05-16,2.55,7.14,8.714,15.562,55.2
2000-05-17,10.357,6.312,8.312,14.152,47.8
2000-05-18,4.147,6.934,8.884,15.429,50.7
2000-05-19,20.491,5.182,8.134,12.518,56.6
2000-05-20,13.178,7.241,7.5,14.884,51.9
2000-05-21,7.391,5.764,7.652,12.982,41.7
2000-05-22,0.0,7.168,7.268,14.652,77.0
2000-05-23,0.0,5.752,7.938,13.188,59.9
2000-05-24,0.944,7.208,7.589,14.973,61.8
2000-05-25,0.0,5.773,8.464,13.625,50.7
2000-05-26,0.0,6.355,9.152,14.929,48.6
2000-05-27,0.0,6.014,8.759,14.188,57.0
2000-05-28,2.087,5.403,8.304,13.027,55.7
2000-05-29,0.0,5.72,7.857,13.125,55.6
2000-05-30,0.0,4.694,7.562,11.491,53.9
2000-05-31,0.0,5.834,7.688,13.179,62.8
2000-06-01,0.429,5.787,8.295,13.58,45.8
2000-06-02,4.339,6.673,7.482,14.223,55.8
2000-06-03,0.0,6.299,8.732,14.598,45.6
2000-06-04,10.399,6.139,8.339,14.107,50.3
2000-06-05,0.0,6.857,7.946,14.839,53.5
2000-06-06,0.0,6.745,8.75,15.268,28.8
2000-06-07,1.217,6.085,7.33,13.286,39.9
2000-06-08,3.41,5.538,7.643,12.795,39.9
2000-06-09,0.416,6.25,7.848,13.938,33.7
2000-06-10,2.642,6.02,7.83,13.607,40.9
2000-06-11,0.0,7.186,6.795,14.562,38.5
2000-06-12,0.0,5.979,8.134,13.759,34.0
2000-06-13,0.0,6.211,6.304,12.786,36.8
2000-06-14,0.0,7.282,8.152,15.634,35.3
2000-06-15,26.884,5.739,7.839,13.223,37.1
2000-06-16,2.538,6.54,8.384,14.768,85.4
2000-06-17,6.336,5.976,7.777,13.527,56.8
2000-06-18,0.724,6.52,7.393,14.027,49.0
2000-06-19,15.788,6.609,6.58,13.598,42.5
2000-06-20,0.0,6.339,7.527,13.857,39.5
2000-06-21,0.0,7.284,7.268,15.045,38.2
2000-06-22,0.0,6.688,7.339,14.232,46.1
2000-06-23,0.0,5.932,7.536,13.295,46.9
2000-06-24,19.133,4.934,7.518,11.893,57.3
2000-06-25,7.907,6.139,6.795,13.054,66.8
2000-06-26,0.874,5.99,7.679,13.473,41.7
2000-06-27,0.0,7.316,6.848,14.804,54.2
2000-06-28,0.0,7.256,5.714,13.955,41.7
2000-06-29,0.0,6.466,7.839,14.25,34.3
2000-06-30,0.0,6.976,7.17,14.509,30.6
2000-07-01,0.0,7.04,7.152,14.598,29.5
2000-07-02,0.0,7.125,7.607,15.009,28.3
2000-07-03,0.32,6.925,6.955,14.295,35.5
2000-07-04,0.0,7.117,7.759,15.107,39.5
2000-07-05,0.0,5.52,7.982,13.0,41.9
2000-07-06,0.0,6.195,7.045,13.268,39.3
2000-07-07,0.0,5.322,7.312,12.205,40.2
2000-07-08,0.0,7.17,7.402,14.902,34.0
2000-07-09,0.0,7.89,6.446,15.286,29.4
2000-07-10,0.0,7.92,6.75,15.536,26.5
2000-07-11,0.0,7.531,6.286,14.643,25.1
2000-07-12,0.0,7.188,6.679,14.402,25.2
2000-07-13,0.0,7.083,6.866,14.411,33.1
2000-07-14,0.0,5.947,7.205,12.991,41.8
2000-07-15,0.0,6.927,6.679,14.0,45.9
2000-07-16,0.0,8.271,4.464,14.536,42.9
2000-07-17,0.0,7.648,5.616,14.312,35.7
2000-07-18,0.0,8.429,7.054,16.384,35.5
2000-07-19,24.114,7.786,5.723,14.598,39.7
2000-07-20,12.538,7.841,5.366,14.429,38.2
2000-07-21,0.184,6.946,7.152,14.286,40.6
2000-07-22,8.656,7.21,6.366,14.134,44.0
2000-07-23,0.0,7.331,7.036,14.723,34.0
2000-07-24,1.825,6.583,6.679,13.402,30.8
2000-07-25,0.0,4.566,7.17,10.955,30.8
2000-07-26,0.0,6.353,7.884,13.911,41.0
2000-07-27,0.0,5.284,7.134,11.884,38.3
2000-07-28,0.0,6.942,6.723,13.884,39.7
2000-07-29,0.0,5.971,6.33,12.223,46.8
2000-07-30,0.0,7.071,5.098,12.938,45.9
2000-07-31,11.919,7.688,5.902,14.375,40.6
2000-08-01,0.915,6.87,7.393,14.205,35.2
2000-08-02,6.522,7.413,6.304,14.214,36.3
2000-08-03,9.576,6.942,7.045,14.062,47.8
2000-08-04,15.816,6.308,6.232,12.562,55.5
2000-08-05,0.0,7.829,4.357,13.491,47.5
2000-08-06,0.0,7.23,7.107,14.446,42.5
2000-08-07,0.81,6.739,6.696,13.473,36.3
2000-08-08,0.0,7.386,7.027,14.58,41.2
2000-08-09,0.0,6.487,6.652,13.036,43.2
2000-08-10,0.0,8.291,5.83,15.045,57.0
2000-08-11,1.894,7.97,4.929,13.982,49.5
2000-08-12,0.0,8.473,4.75,14.58,40.2
2000-08-13,0.0,8.519,4.321,14.357,32.9
2000-08-14,0.0,6.303,5.973,12.232,30.1
2000-08-15,0.0,8.091,5.161,14.232,29.8
2000-08-16,0.0,7.683,6.464,14.527,47.7
2000-08-17,0.0,7.769,5.643,14.071,54.5
2000-08-18,0.0,7.606,5.964,14.036,52.0
2000-08-19,0.0,8.709,5.982,15.58,51.9
2000-08-20,0.0,8.086,5.411,14.312,40.4
2000-08-21,0.0,8.412,5.071,14.545,35.0
2000-08-22,0.0,7.387,6.705,14.17,32.2
2000-08-23,0.0,7.181,6.902,14.0,32.9
2000-08-24,0.0,7.847,6.259,14.473,37.9
2000-08-25,0.0,8.242,6.875,15.455,71.2
2000-08-26,1.717,8.507,6.696,15.661,72.2
2000-08-27,0.0,7.555,6.857,14.455,43.9
2000-08-28,0.0,8.557,6.616,15.643,66.2
2000-08-29,0.0,8.509,6.911,15.777,52.0
2000-08-30,0.0,9.362,6.339,16.554,48.1
2000-08-31,32.129,7.304,7.696,14.652,37.0
2000-09-01,0.0,7.678,7.062,14.696,37.2
2000-09-02,0.0,8.767,6.339,15.705,34.8
2000-09-03,1.502,7.713,7.786,15.232,33.1
2000-09-04,19.977,5.79,7.009,12.098,58.2
2000-09-05,5.318,6.235,6.804,12.571,52.1
2000-09-06,13.386,7.631,7.696,15.062,47.9
2000-09-07,4.753,7.783,6.17,14.223,49.6
2000-09-08,0.181,8.497,5.991,15.116,41.6
2000-09-09,0.884,8.12,6.089,14.616,35.2
2000-09-10,14.508,6.27,7.125,12.821,35.4
2000-09-11,0.0,8.868,7.723,16.714,34.1
2000-09-12,0.447,7.9,7.5,15.268,33.3
2000-09-13,0.0,7.944,8.384,15.902,28.0
2000-09-14,5.1,7.331,7.527,14.5,28.5
2000-09-15,12.846,7.359,6.321,13.696,39.4
2000-09-16,0.0,8.369,6.214,15.018,31.1
2000-09-17,1.774,6.647,7.089,13.277,28.9
2000-09-18,0.0,6.158,7.393,12.848,29.7
2000-09-19,0.0,8.137,6.161,14.652,27.9
2000-09-20,7.598,6.761,6.982,13.339,26.8
2000-09-21,0.0,7.788,7.348,14.991,25.0
2000-09-22,10.083,6.753,6.955,13.312,32.2
2000-09-23,28.252,6.446,7.08,13.009,46.3
2000-09-24,1.55,7.566,7.536,14.857,47.7
2000-09-25,17.1,7.598,7.714,15.018,43.7
2000-09-26,6.915,5.816,7.786,12.705,49.9
2000-09-27,6.708,7.461,6.491,13.982,37.0
2000-09-28,9.991,6.07,7.223,12.625,52.3
2000-09-29,3.394,5.541,7.482,12.125,36.2
2000-09-30,1.796,7.165,7.223,14.116,35.5
2000-10-01,0.0,7.148,7.286,14.116,47.4
2000-10-02,0.0,6.938,6.759,13.464,37.7
2000-10-03,0.0,6.937,7.134,13.732,34.9
2000-10-04,0.0,7.023,7.304,13.991,37.4
2000-10-05,0.0,7.459,7.161,14.491,40.7
2000-10-06,0.0,7.431,6.589,14.045,31.6
2000-10-07,0.0,6.908,7.955,14.304,28.4
2000-10-08,6.657,6.711,8.143,14.188,27.4
2000-10-09,2.694,5.762,8.277,13.08,29.8
2000-10-10,0.0,6.899,7.536,14.027,36.3
2000-10-11,0.0,7.736,7.062,14.839,36.6
2000-10-12,0.0,7.74,6.054,14.161,28.7
2000-10-13,0.0,8.024,7.08,15.259,26.2
2000-10-14,0.0,7.433,6.795,14.259,26.0
2000-10-15,0.0,6.975,8.75,15.054,24.9
2000-10-16,0.0,6.821,7.589,14.0,26.9
2000-10-17,0.0,7.408,7.571,14.795,29.2
2000-10-18,1.076,6.838,7.509,13.991,25.1
2000-10-19,0.0,6.99,8.357,14.821,23.1
2000-10-20,0.0,7.756,7.438,15.223,23.9
2000-10-21,10.042,7.132,7.384,14.33,22.8
2000-10-22,3.67,5.813,7.143,12.411,23.5
2000-10-23,20.055,7.35,6.857,14.321,26.8
2000-10-24,2.291,5.759,7.652,12.723,39.4
2000-10-25,13.785,6.759,6.455,13.241,49.3
2000-10-26,38.809,6.974,5.545,12.946,45.9
2000-10-27,0.0,6.615,7.661,13.955,71.6
2000-10-28,0.0,8.518,8.098,16.857,50.1
2000-10-29,14.751,7.448,7.438,14.955,35.9
2000-10-30,12.194,6.367,7.25,13.33,33.9
2000-10-31,1.094,5.639,6.741,11.973,37.3
2000-11-01,22.724,5.365,8.366,12.848,47.9
2000-11-02,7.506,5.963,8.241,13.554,37.9
2000-11-03,0.0,7.593,8.009,15.625,39.0
2000-11-04,0.0,7.886,5.571,14.42,30.7
2000-11-05,22.655,7.02,7.875,14.75,31.5
2000-11-06,24.744,7.823,7.812,15.848,41.0
2000-11-07,2.484,5.316,8.402,12.866,41.2
2000-11-08,13.074,8.332,6.438,15.688,38.8
2000-11-09,0.0,7.896,6.25,14.964,36.9
2000-11-10,2.795,6.986,7.821,14.768,30.4
2000-11-11,25.823,5.604,8.08,13.045,32.1
2000-11-12,9.222,7.596,7.946,15.741,30.1
2000-11-13,0.0,7.577,6.812,14.946,27.2
2000-11-14,0.0,5.566,8.071,13.009,28.8
2000-11-15,0.0,6.166,7.848,13.679,32.2
2000-11-16,0.0,7.439,7.268,15.062,33.3
2000-11-17,24.274,5.005,7.938,12.241,29.8
2000-11-18,19.044,6.677,7.929,14.5,44.8
2000-11-19,10.826,6.991,7.616,14.732,56.5
2000-11-20,12.51,6.317,7.759,13.884,58.1
2000-11-21,0.0,8.125,6.705,15.777,42.9
2000-11-22,4.659,6.668,6.33,13.402,40.8
2000-11-23,0.805,6.299,6.661,13.098,35.9
2000-11-24,0.0,6.474,7.223,13.795,31.3
2000-11-25,0.0,6.13,8.393,14.143,41.3
2000-11-26,0.0,6.242,6.045,12.616,37.2
2000-11-27,4.405,5.51,7.92,12.955,29.4
2000-11-28,0.0,6.486,7.696,14.161,28.6
2000-11-29,0.0,5.115,8.027,12.5,30.7
2000-11-30,0.0,5.572,7.509,12.75,31.6
2000-12-01,0.0,7.996,8.473,16.884,30.6
2000-12-02,0.0,5.654,8.42,13.545,31.8
2000-12-03,0.0,7.347,7.929,15.598,31.4
2000-12-04,0.0,7.284,6.223,14.357,27.3
2000-12-05,3.525,8.013,7.429,16.259,25.9
2000-12-06,0.0,6.898,7.902,14.964,27.2
2000-12-07,0.0,6.101,8.339,14.161,33.6
2000-12-08,54.283,7.538,8.107,16.054,43.2
2000-12-09,0.0,7.174,7.438,15.045,36.2
2000-12-10,0.0,6.871,8.045,15.027,42.3
2000-12-11,25.567,7.141,7.562,15.107,38.4
2000-12-12,4.306,7.367,7.571,15.438,32.8
2000-12-13,2.463,7.662,6.964,15.464,31.3
2000-12-14,0.0,7.467,7.179,15.312,27.3
2000-12-15,0.0,6.943,6.491,14.107,26.4
2000-12-16,0.0,8.126,6.964,16.214,24.2
2000-12-17,0.0,7.29,5.179,13.759,23.1
2000-12-18,0.0,5.862,5.634,11.929,23.5
2000-12-19,0.0,6.239,6.982,13.402,27.1
2000-12-20,0.0,5.562,8.134,13.286,27.1
2000-12-21,0.0,6.268,7.723,13.964,21.8
2000-12-22,0.0,7.247,7.125,14.964,20.7
2000-12-23,0.0,6.757,7.696,14.634,18.8
2000-12-24,0.0,6.952,7.598,14.857,18.2
2000-12-25,0.0,5.774,8.777,14.045,21.0
2000-12-26,0.0,5.751,7.598,13.107,19.9
2000-12-27,0.0,6.325,8.607,14.679,22.5
2000-12-28,0.429,6.926,7.741,14.902,25.9
2000-12-29,37.047,4.446,8.107,11.732,39.4
2000-12-30,14.226,6.823,7.357,14.482,35.0
2000-12-31,0.0,7.122,7.08,14.723,39.5
2001-01-01,0.0,6.724,7.518,14.42,19.58
2001-01-02,0.0,7.15,6.848,14.571,23.13
2001-01-03,0.0,8.173,4.42,14.536,18.2
2001-01-04,5.176,9.009,4.821,16.036,19.02
2001-01-05,23.35,5.869,7.759,13.357,18.2
2001-01-06,0.0,6.811,7.188,14.295,16.27
2001-01-07,0.0,8.075,6.616,15.732,14.5
2001-01-08,0.0,8.38,5.795,15.652,19.03
2001-01-09,0.0,7.535,6.348,14.75,16.55
2001-01-10,0.0,6.253,7.402,13.58,16.83
2001-01-11,7.141,7.436,6.295,14.562,22.15
2001-01-12,0.0,7.469,6.438,14.67,22.16
2001-01-13,0.0,6.564,6.991,13.714,19.58
2001-01-14,0.0,7.68,5.964,14.643,17.93
2001-01-15,4.86,7.857,4.795,14.125,16.82
2001-01-16,0.0,7.133,5.991,13.804,16.55
2001-01-17,29.583,5.316,7.045,11.929,16.55
2001-01-18,0.0,5.844,6.705,12.411,16.55
2001-01-19,0.0,6.103,7.232,13.143,16.91
2001-01-20,0.0,6.151,7.277,13.241,17.1
2001-01-21,0.0,6.525,6.375,13.125,17.87
2001-01-22,13.394,8.44,3.964,14.402,16.94
2001-01-23,0.0,6.032,6.679,12.616,17.65
2001-01-24,0.0,6.289,6.286,12.67,20.16
2001-01-25,0.0,7.274,5.625,13.652,17.44
2001-01-26,0.0,7.15,5.0,13.027,16.55
2001-01-27,0.0,9.008,3.821,15.036,15.5
2001-01-28,0.0,8.546,5.357,15.277,15.0
2001-01-29,0.0,8.423,4.634,14.625,14.75
2001-01-30,0.0,9.196,3.214,14.893,14.25
2001-01-31,0.0,8.593,4.866,14.973,14.0
2001-02-01,0.0,7.552,4.911,13.455,14.0
2001-02-02,5.429,7.52,4.866,13.366,14.25
2001-02-03,31.135,6.602,6.973,13.455,17.51
2001-02-04,1.925,5.518,7.205,12.116,20.85
2001-02-05,0.0,7.918,5.009,13.991,17.07
2001-02-06,0.178,7.429,5.893,13.848,16.92
2001-02-07,2.411,7.462,5.839,13.839,19.79
2001-02-08,13.477,7.062,7.188,14.188,36.64
2001-02-09,3.302,6.94,7.241,14.027,40.09
2001-02-10,11.144,7.398,6.821,14.357,47.44
2001-02-11,0.0,7.993,5.875,14.554,29.2
2001-02-12,0.0,8.22,6.259,15.098,20.81
2001-02-13,0.0,8.538,5.491,15.018,17.93
2001-02-14,2.189,9.125,5.688,15.955,16.27
2001-02-15,0.169,8.546,6.777,15.812,15.25
2001-02-16,0.0,8.279,6.491,15.232,14.5
2001-02-17,0.0,7.955,6.821,14.982,14.0
2001-02-18,0.0,8.518,6.045,15.268,14.51
2001-02-19,0.0,7.271,7.321,14.375,14.27
2001-02-20,5.462,6.84,8.625,14.714,14.25
2001-02-21,2.295,5.748,6.777,11.911,18.5
2001-02-22,9.546,5.13,7.741,11.839,29.74
2001-02-23,2.661,6.853,7.125,13.634,48.17
2001-02-24,0.0,5.622,7.759,12.473,51.72
2001-02-25,0.0,6.987,7.679,14.179,34.01
2001-02-26,1.989,5.311,7.661,11.991,25.35
2001-02-27,0.0,7.798,7.509,15.161,40.11
2001-02-28,0.148,6.754,7.438,13.67,38.14
2001-03-01,0.0,7.352,6.125,13.562,35.68
2001-03-02,0.918,5.896,7.759,12.777,32.26
2001-03-03,8.424,8.117,7.366,15.438,31.71
2001-03-04,21.521,7.591,7.982,15.134,25.64
2001-03-05,1.68,7.019,6.973,13.634,23.39
2001-03-06,4.75,7.305,7.348,14.295,24.52
2001-03-07,1.258,7.659,7.152,14.616,20.95
2001-03-08,0.0,6.862,7.277,13.634,22.36
2001-03-09,0.0,7.301,7.08,14.062,26.86
2001-03-10,17.203,6.919,7.607,13.938,24.89
2001-03-11,0.0,7.642,7.759,14.991,21.72
2001-03-12,0.0,9.088,5.357,15.348,18.52
2001-03-13,0.0,9.13,5.134,15.259,16.55
2001-03-14,0.0,7.327,5.955,13.312,16.99
2001-03-15,34.945,7.661,7.312,14.679,19.75
2001-03-16,0.0,6.472,7.321,13.125,17.51
2001-03-17,0.296,5.701,7.446,12.214,21.02
2001-03-18,0.0,5.752,8.036,12.75,23.52
2001-03-19,6.123,5.256,7.848,12.0,23.5
2001-03-20,14.196,8.281,5.857,14.527,24.19
2001-03-21,20.179,5.269,7.482,11.705,30.73
2001-03-22,0.0,7.472,7.357,14.491,43.88
2001-03-23,0.0,7.577,6.929,14.33,52.5
2001-03-24,3.923,6.811,7.152,13.438,37.63
2001-03-25,0.0,7.499,6.821,14.116,32.67
2001-03-26,0.145,9.021,7.232,16.455,25.08
2001-03-27,6.935,7.453,6.991,14.179,21.24
2001-03-28,2.533,8.3,6.688,15.125,20.61
2001-03-29,5.14,5.769,8.116,12.812,23.99
2001-03-30,0.0,6.693,7.455,13.509,29.02
2001-03-31,4.356,8.317,6.357,14.929,22.82
2001-04-01,0.0,8.12,7.232,15.268,20.07
2001-04-02,0.0,7.648,6.42,14.089,18.44
2001-04-03,6.731,7.65,6.554,14.179,16.82
2001-04-04,0.0,8.614,6.036,15.152,16.0
2001-04-05,0.786,5.712,8.277,12.884,16.0
2001-04-06,10.453,6.83,8.223,14.286,15.75
2001-04-07,0.247,5.169,7.92,11.964,51.52
2001-04-08,0.0,7.714,7.205,14.714,34.61
2001-04-09,0.0,6.423,7.857,13.5,22.58
2001-04-10,0.0,7.267,7.5,14.348,19.03
2001-04-11,0.0,6.34,7.92,13.455,18.01
2001-04-12,0.0,6.949,8.223,14.482,17.59
2001-04-13,0.32,7.016,7.054,13.759,18.97
2001-04-14,0.0,6.61,7.259,13.339,18.91
2001-04-15,0.0,6.959,7.929,14.312,18.82
2001-04-16,0.0,5.915,8.107,13.098,27.89
2001-04-17,0.0,3.525,7.804,10.0,44.19
2001-04-18,5.608,7.506,7.509,14.768,33.51
2001-04-19,13.842,6.565,7.866,13.768,22.29
2001-04-20,1.09,7.285,7.946,14.795,19.71
2001-04-21,6.026,8.086,6.232,14.741,17.09
2001-04-22,16.606,7.661,6.259,14.179,16.92
2001-04-23,4.633,6.037,6.786,12.312,19.71
2001-04-24,3.42,7.169,7.545,14.438,17.79
2001-04-25,0.0,5.576,8.009,12.661,13.75
2001-04-26,0.0,7.046,8.571,15.027,18.75
2001-04-27,0.0,6.417,8.384,14.054,27.7
2001-04-28,0.0,7.505,8.527,15.616,24.2
2001-04-29,0.685,7.086,7.804,14.562,24.15
2001-04-30,11.396,7.639,8.179,15.589,20.95
2001-05-01,0.0,7.462,8.982,15.938,28.08
2001-05-02,0.536,6.033,9.205,14.259,17.92
2001-05-03,0.0,5.229,8.214,12.473,17.1
2001-05-04,0.0,6.813,8.312,14.634,20.95
2001-05-05,0.0,6.151,8.107,13.589,19.58
2001-05-06,1.337,6.956,8.973,15.321,24.75
2001-05-07,2.879,7.451,9.179,16.134,25.73
2001-05-08,22.301,4.207,9.134,12.009,27.35
2001-05-09,2.873,5.179,8.741,12.884,39.9
2001-05-10,11.836,6.595,8.884,14.875,48.19
2001-05-11,0.0,7.89,8.116,16.062,37.45
2001-05-12,0.0,7.331,8.429,15.518,28.7
2001-05-13,0.0,7.751,8.482,16.152,24.1
2001-05-14,7.149,6.851,7.777,14.42,20.95
2001-05-15,0.0,6.271,8.5,14.161,22.15
2001-05-16,4.888,6.306,7.857,13.759,22.15
2001-05-17,0.207,6.951,8.571,15.188,20.95
2001-05-18,1.515,6.632,9.384,15.357,19.3
2001-05-19,7.604,5.95,8.08,13.473,23.13
2001-05-20,4.203,7.65,7.848,15.679,38.5
2001-05-21,9.589,4.763,8.67,12.42,42.0
2001-05-22,1.75,5.98,7.616,13.196,40.95
2001-05-23,0.0,7.208,7.902,15.125,41.65
2001-05-24,16.472,6.979,6.473,13.821,41.3
2001-05-25,0.0,7.623,6.312,14.714,33.25
2001-05-26,28.113,4.964,8.304,12.402,32.2
2001-05-27,0.0,7.761,7.188,15.527,37.45
2001-05-28,0.0,6.511,7.821,14.205,61.35
2001-05-29,4.265,7.1,7.241,14.616,48.6
2001-05-30,0.0,7.068,6.036,13.759,42.0
2001-05-31,0.0,7.907,5.643,14.741,54.38
2001-06-01,0.0,7.168,6.589,14.286,41.3
2001-06-02,10.666,6.372,6.812,13.286,37.1
2001-06-03,37.219,6.186,6.098,12.562,89.6
2001-06-04,0.0,6.507,6.25,13.125,48.19
2001-06-05,0.0,6.249,6.571,12.973,41.3
2001-06-06,5.276,6.392,6.786,13.339,49.84
2001-06-07,0.0,6.453,7.634,14.054,38.5
2001-06-08,0.0,6.722,6.759,13.821,41.3
2001-06-09,0.0,6.341,7.089,13.509,44.89
2001-06-10,0.0,6.448,7.188,13.75,41.3
2001-06-11,0.0,4.883,7.527,11.786,54.79
2001-06-12,0.0,6.74,6.393,13.625,41.3
2001-06-13,0.0,6.18,6.741,13.054,40.6
2001-06-14,10.921,5.833,7.125,12.821,56.44
2001-06-15,0.0,5.751,7.83,13.232,37.8
2001-06-16,13.237,6.909,6.75,14.134,30.17
2001-06-17,1.699,7.05,7.152,14.607,25.73
2001-06-18,0.133,6.833,7.795,14.759,26.38
2001-06-19,0.0,5.515,7.839,12.938,26.7
2001-06-20,0.0,5.148,7.812,12.411,50.25
2001-06-21,0.0,6.305,6.589,13.143,69.69
2001-06-22,0.0,7.812,4.857,14.259,51.9
2001-06-23,0.0,5.511,4.402,10.42,38.5
2001-06-24,0.0,8.086,4.634,14.527,30.1
2001-06-25,0.0,7.352,5.589,14.018,28.0
2001-06-26,0.0,7.891,6.589,15.5,24.75
2001-06-27,0.0,6.717,7.473,14.366,23.45
2001-06-28,0.0,6.307,7.509,13.786,33.25
2001-06-29,0.0,5.855,7.902,13.438,45.3
2001-06-30,0.0,6.485,8.143,14.5,58.5
2001-07-01,0.0,5.651,8.607,13.696,39.9
2001-07-02,0.0,5.972,7.634,13.402,30.1
2001-07-03,0.0,7.042,7.732,15.0,23.13
2001-07-04,0.0,7.846,6.491,15.312,29.75
2001-07-05,2.743,7.298,6.732,14.67,39.9
2001-07-06,18.911,5.949,8.295,13.839,82.0
2001-07-07,0.0,6.441,8.482,14.652,53.8
2001-07-08,0.0,7.304,7.732,15.321,36.4
2001-07-09,0.155,5.645,6.536,12.089,40.6
2001-07-10,0.428,6.799,7.616,14.5,38.5
2001-07-11,1.739,6.989,7.562,14.741,41.3
2001-07-12,9.054,5.374,7.054,12.071,41.3
2001-07-13,0.223,5.913,6.268,12.268,42.66
2001-07-14,0.0,7.357,6.875,14.75,30.8
2001-07-15,4.16,6.943,5.554,13.277,37.1
2001-07-16,0.896,7.142,7.786,15.062,32.58
2001-07-17,2.141,8.034,6.536,15.491,40.6
2001-07-18,5.211,6.929,7.625,14.634,29.75
2001-07-19,3.746,6.352,8.67,14.562,24.42
2001-07-20,12.658,5.938,7.402,13.045,35.35
2001-07-21,0.0,5.599,7.241,12.429,29.75
2001-07-22,0.0,7.88,6.232,15.009,24.1
2001-07-23,0.0,6.929,6.036,13.509,32.55
2001-07-24,0.0,8.446,4.045,14.429,23.13
2001-07-25,0.0,9.519,4.045,16.009,19.3
2001-07-26,0.276,8.423,5.152,15.045,20.4
2001-07-27,0.0,7.884,6.786,15.295,23.45
2001-07-28,0.0,5.709,6.304,11.857,32.9
2001-07-29,0.0,7.857,5.804,14.58,30.8
2001-07-30,0.0,6.846,6.42,13.509,22.15
2001-07-31,0.0,6.569,6.759,13.339,33.6
2001-08-01,0.0,8.098,6.214,15.152,26.05
2001-08-02,0.0,6.446,7.527,13.723,23.13
2001-08-03,0.0,6.312,6.821,13.0,31.85
2001-08-04,0.0,7.254,6.071,13.804,27.02
2001-08-05,0.0,6.426,7.491,13.598,22.48
2001-08-06,0.0,7.7,5.884,14.304,19.58
2001-08-07,0.0,8.396,5.527,15.036,16.55
2001-08-08,5.726,6.944,6.884,13.875,17.1
2001-08-09,0.0,8.561,6.75,16.027,15.5
2001-08-10,0.0,6.86,6.0,13.107,19.85
2001-08-11,0.0,6.602,7.536,13.839,23.22
2001-08-12,0.0,8.61,6.107,15.634,22.15
2001-08-13,0.0,5.956,6.179,11.902,24.42
2001-08-14,0.969,7.704,6.304,14.446,19.58
2001-08-15,4.215,8.165,6.804,15.429,23.92
2001-08-16,0.0,7.603,7.143,14.839,23.83
2001-08-17,0.0,9.572,6.562,17.196,23.77
2001-08-18,0.0,6.012,7.125,12.625,30.1
2001-08-19,0.0,7.828,6.777,14.875,27.35
2001-08-20,0.0,8.693,7.866,16.777,27.35
2001-08-21,0.0,7.397,7.67,14.866,26.1
2001-08-22,0.0,6.77,8.259,14.438,53.05
2001-08-23,0.256,8.202,5.134,14.259,29.8
2001-08-24,0.0,7.701,5.357,13.688,22.15
2001-08-25,6.671,7.772,5.652,13.955,20.13
2001-08-26,0.0,8.368,6.312,15.223,20.95
2001-08-27,0.0,10.075,6.598,17.75,18.48
2001-08-28,0.0,8.932,7.0,16.42,18.48
2001-08-29,3.502,7.901,5.991,14.33,18.47
2001-08-30,0.0,7.847,6.402,14.5,14.25
2001-08-31,0.0,8.301,6.268,15.027,15.5
2001-09-01,0.0,8.021,6.152,14.571,11.27
2001-09-02,0.0,8.275,6.741,15.295,13.5
2001-09-03,0.0,9.152,6.5,16.33,20.4
2001-09-04,0.0,8.299,6.607,15.241,30.13
2001-09-05,0.0,8.653,6.973,15.938,34.35
2001-09-06,2.383,5.998,7.964,13.089,98.88
2001-09-07,0.0,8.737,4.964,14.75,54.38
2001-09-08,23.66,8.395,5.339,14.518,48.6
2001-09-09,4.02,9.161,6.554,16.339,35.0
2001-09-10,1.308,8.489,7.786,16.232,35.35
2001-09-11,0.0,8.443,6.929,15.607,33.6
2001-09-12,0.382,7.19,7.705,14.42,65.15
2001-09-13,18.892,7.742,7.402,14.982,53.55
2001-09-14,49.85,4.246,7.161,10.259,46.66
2001-09-15,0.399,8.038,6.616,14.848,46.13
2001-09-16,0.0,10.301,3.955,16.321,37.45
2001-09-17,0.0,7.434,7.357,14.509,32.2
2001-09-18,0.0,6.559,7.411,13.375,22.48
2001-09-19,2.73,6.57,7.107,13.179,23.77
2001-09-20,0.0,8.356,7.214,15.67,20.4
2001-09-21,0.0,6.979,7.991,14.339,22.15
2001-09-22,0.0,8.277,6.0,14.75,27.35
2001-09-23,0.358,7.467,7.929,14.955,24.75
2001-09-24,0.0,8.413,7.705,16.054,20.13
2001-09-25,0.0,8.545,6.741,15.616,17.1
2001-09-26,0.0,8.751,7.348,16.286,19.02
2001-09-27,13.119,6.535,8.116,13.875,29.4
2001-09-28,13.056,7.248,7.812,14.607,29.08
2001-09-29,0.0,8.133,8.277,16.089,26.05
2001-09-30,0.0,8.512,6.902,15.696,22.15
2001-12-12,0.0,6.678,9.232,15.616,18.28
2001-12-13,0.0,4.225,8.866,12.062,18.19
2001-12-14,0.0,7.834,5.562,14.83,16.66
2001-12-15,0.0,8.199,8.946,17.589,17.94
2001-12-16,0.0,6.099,8.938,14.625,19.07
2001-12-17,0.0,7.55,9.036,16.714,24.91
2001-12-18,21.808,7.488,8.08,15.973,30.89
2001-12-19,24.671,5.113,8.973,13.321,31.64
2001-12-20,0.0,6.674,8.714,15.232,28.61
2001-12-21,2.785,6.648,7.884,14.625,21.25
2001-12-22,0.0,6.821,8.527,15.348,24.54
2001-12-23,3.185,6.675,8.679,15.214,20.02
2001-12-24,31.242,4.482,9.08,12.562,24.36
2001-12-25,6.638,5.478,8.616,13.5,20.61
2001-12-26,0.0,7.153,6.946,14.688,20.96
2001-12-27,8.055,7.606,7.973,16.089,26.14
2001-12-28,0.0,7.23,7.973,15.491,22.59
2001-12-29,0.0,6.594,9.589,15.75,25.31
2001-12-30,0.0,7.502,8.161,16.0,25.49
2001-12-31,0.0,7.907,8.152,16.598,19.35
2002-01-01,0.0,8.432,5.696,15.768,16.8
2002-01-02,0.0,8.859,6.036,16.571,15.5
2002-01-03,2.169,8.64,6.723,16.661,15.2
2002-01-04,0.0,6.737,6.857,13.973,14.3
2002-01-05,0.0,9.156,5.116,16.429,13.8
2002-01-06,0.0,8.69,6.098,16.321,13.9
2002-01-07,1.326,6.974,7.438,14.679,13.3
2002-01-08,13.284,7.636,7.875,15.929,14.2
2002-01-09,2.103,7.307,7.616,15.277,16.9
2002-01-10,0.0,7.678,7.357,15.607,17.0
2002-01-11,0.0,8.073,6.839,15.821,15.2
2002-01-12,12.844,5.094,7.848,12.304,14.1
2002-01-13,5.352,4.989,8.312,12.527,15.7
2002-01-14,2.748,6.976,7.286,14.5,16.2
2002-01-15,0.0,8.028,5.705,14.973,15.8
2002-01-16,0.0,8.249,5.205,14.973,14.2
2002-01-17,1.039,8.339,6.384,15.821,13.5
2002-01-18,0.0,7.687,6.116,14.679,12.7
2002-01-19,0.0,8.386,5.393,15.232,12.5
2002-01-20,0.547,8.553,5.598,15.58,12.2
2002-01-21,13.589,6.511,7.205,13.679,12.9
2002-01-22,0.0,5.291,8.098,12.652,13.1
2002-01-23,1.85,6.51,7.723,14.018,13.0
2002-01-24,0.171,7.289,6.634,14.348,13.0
2002-01-25,1.398,6.958,8.062,14.848,13.2
2002-01-26,0.0,6.491,7.268,13.625,12.6
2002-01-27,0.0,6.766,7.089,13.866,12.3
2002-01-28,0.0,6.873,6.473,13.571,12.5
2002-01-29,0.0,8.587,7.67,16.795,12.8
2002-01-30,17.963,5.659,8.92,13.688,13.0
2002-01-31,8.592,6.947,7.652,14.464,13.0
2002-02-01,0.0,6.238,8.527,14.107,13.7
2002-02-02,0.0,5.829,7.777,12.991,13.4
2002-02-03,3.859,5.411,8.795,13.205,14.8
2002-02-04,14.514,6.954,6.821,13.857,23.6
2002-02-05,0.0,8.971,5.866,16.054,22.6
2002-02-06,4.126,8.927,5.643,15.839,15.9
2002-02-07,0.0,7.414,6.991,14.554,14.1
2002-02-08,0.0,8.727,5.179,15.205,14.6
2002-02-09,0.0,7.024,7.027,13.991,16.4
2002-02-10,0.0,7.851,5.857,14.339,17.1
2002-02-11,0.0,7.566,6.92,14.643,13.8
2002-02-12,0.0,7.69,7.33,15.071,12.7
2002-02-13,0.0,7.955,7.232,15.348,12.0
2002-02-14,0.0,8.623,6.438,15.741,11.2
2002-02-15,0.0,6.884,7.036,13.723,11.4
2002-02-16,0.0,7.755,6.277,14.393,10.8
2002-02-17,0.0,7.645,5.964,14.018,10.6
2002-02-18,0.0,7.714,6.589,14.509,10.6
2002-02-19,0.0,7.008,6.83,13.688,10.3
2002-02-20,0.0,8.363,6.929,15.58,10.1
2002-02-21,0.0,8.461,5.911,15.054,9.9
2002-02-22,0.0,7.812,7.045,14.902,9.9
2002-02-23,0.0,8.792,7.946,16.804,10.1
2002-02-24,0.0,8.757,7.75,16.607,9.9
2002-02-25,0.0,9.507,5.634,16.268,9.4
2002-02-26,0.0,8.174,6.58,15.027,9.6
2002-02-27,5.839,7.642,5.455,13.536,12.2
2002-02-28,31.445,8.488,6.339,15.277,16.8
2002-03-01,20.91,7.431,7.188,14.402,12.7
2002-03-02,0.0,8.204,5.839,14.545,10.9
2002-03-03,0.0,8.453,7.232,15.759,10.4
2002-03-04,0.978,7.308,6.705,13.857,10.9
2002-03-05,0.0,6.698,5.946,12.482,15.6
2002-03-06,0.0,7.919,6.366,14.446,12.3
2002-03-07,1.926,7.997,6.661,14.741,11.8
2002-03-08,0.0,7.881,7.196,14.92,11.9
2002-03-09,6.011,7.894,7.295,15.0,10.3
2002-03-10,0.0,8.736,4.732,14.473,9.9
2002-03-11,0.0,6.688,6.83,13.071,9.8
2002-03-12,0.0,5.833,6.562,11.75,9.6
2002-03-13,0.387,7.823,7.455,14.991,9.9
2002-03-14,1.631,7.774,7.902,15.232,10.0
2002-03-15,0.0,7.57,8.107,15.125,10.4
2002-03-16,9.547,7.15,7.786,14.321,13.3
2002-03-17,4.452,5.768,7.714,12.545,17.1
2002-03-18,6.816,8.032,7.375,15.205,16.6
2002-03-19,28.698,6.138,8.214,13.339,25.0
2002-03-20,5.335,9.077,7.625,16.768,33.1
2002-03-21,19.167,5.035,7.545,11.464,56.9
2002-03-22,0.0,8.232,7.5,15.554,30.3
2002-03-23,15.906,6.232,7.661,13.054,36.8
2002-03-24,0.0,7.01,7.375,13.848,28.9
2002-03-25,6.176,5.757,8.286,12.92,23.1
2002-03-26,2.386,7.894,7.295,14.982,17.6
2002-03-27,1.562,8.943,5.375,15.134,15.2
2002-03-28,7.277,6.815,8.955,14.777,17.3
2002-03-29,19.762,4.578,8.438,11.661,17.3
2002-03-30,0.0,6.448,7.732,13.42,42.8
2002-03-31,0.0,7.481,8.688,15.42,26.4
2002-04-01,0.0,7.035,9.027,15.107,18.7
2002-04-02,8.677,5.038,8.857,12.527,26.3
2002-04-03,5.203,6.988,8.348,14.58,37.1
2002-04-04,0.0,7.614,9.375,16.125,36.9
2002-04-05,0.0,8.588,7.804,16.286,34.8
2002-04-06,0.0,7.275,7.839,14.589,29.3
2002-04-07,25.696,5.287,7.232,11.58,28.1
2002-04-08,0.0,7.063,7.482,14.098,33.8
2002-04-09,27.337,7.627,6.384,14.089,57.1
2002-04-10,0.0,7.884,6.375,14.438,32.4
2002-04-11,3.309,9.677,5.134,16.125,25.1
2002-04-12,0.0,9.543,4.688,15.696,22.7
2002-04-13,1.309,8.418,5.991,14.955,18.8
2002-04-14,0.34,8.267,6.196,14.893,18.5
2002-04-15,14.564,7.452,7.598,14.741,19.5
2002-04-16,6.473,6.983,8.304,14.616,18.9
2002-04-17,0.167,7.263,8.402,15.071,17.7
2002-04-18,20.341,6.778,8.339,14.429,20.6
2002-04-19,0.414,6.493,7.875,13.688,25.0
2002-04-20,0.0,6.95,7.848,14.312,37.6
2002-04-21,6.351,6.181,8.652,13.902,39.7
2002-04-22,0.0,5.95,8.366,13.411,35.8
2002-04-23,0.0,7.482,7.991,15.143,31.7
2002-04-24,8.095,6.096,8.286,13.562,25.5
2002-04-25,29.109,4.754,8.161,11.786,25.4
2002-04-26,1.291,6.655,7.268,13.562,50.7
2002-04-27,5.956,5.976,7.83,13.089,58.3
2002-04-28,0.0,7.634,7.75,15.259,41.1
2002-04-29,22.577,7.001,7.911,14.527,50.4
2002-04-30,2.754,6.703,8.33,14.446,37.2
2002-05-01,5.165,5.978,8.777,13.848,29.7
2002-05-02,2.878,7.269,7.982,15.0,34.9
2002-05-03,0.0,6.538,9.089,14.821,28.0
2002-05-04,0.0,7.28,8.438,15.321,30.1
2002-05-05,0.0,6.829,8.42,14.75,30.8
2002-05-06,0.0,7.333,8.473,15.482,31.5
2002-05-07,2.779,7.961,8.152,16.125,33.3
2002-05-08,0.0,6.351,8.473,14.179,19.3
2002-05-09,0.0,7.07,8.652,15.286,18.8
2002-05-10,4.024,6.479,8.911,14.705,17.9
2002-05-11,6.389,5.9,9.009,14.045,19.0
2002-05-12,0.0,7.355,7.955,15.241,19.3
2002-05-13,0.0,7.028,7.839,14.714,29.3
2002-05-14,4.93,5.392,8.839,13.286,28.3
2002-05-15,5.61,7.136,8.571,15.411,25.9
2002-05-16,0.0,6.122,7.554,13.295,22.0
2002-05-17,17.548,6.196,9.366,14.741,37.7
2002-05-18,0.0,6.064,8.554,13.973,29.2
2002-05-19,2.11,6.46,8.911,14.777,34.0
2002-05-20,0.0,7.197,8.429,15.429,31.0
2002-05-21,19.733,5.896,8.455,13.705,27.7
2002-05-22,0.0,6.613,8.723,14.902,25.1
2002-05-23,7.024,5.52,8.295,13.116,20.7
2002-05-24,0.0,7.074,8.295,15.241,22.3
2002-05-25,14.089,5.503,8.661,13.384,18.7
2002-05-26,11.034,6.663,7.464,14.125,52.0
2002-05-27,6.298,6.672,8.473,14.866,51.9
2002-05-28,20.634,6.931,6.732,14.009,66.4
2002-05-29,2.227,6.373,7.0,13.402,48.3
2002-05-30,7.91,6.767,7.205,14.134,49.4
2002-05-31,9.609,3.886,7.643,10.545,66.8
2002-06-01,0.0,6.719,7.375,14.188,50.3
2002-06-02,2.231,6.252,7.893,13.911,37.8
2002-06-03,11.36,6.421,8.92,14.911,43.2
2002-06-04,17.59,5.246,6.545,11.5,49.5
2002-06-05,0.0,6.085,7.821,13.661,41.1
2002-06-06,30.415,5.511,6.875,12.152,70.6
2002-06-07,3.694,5.507,7.348,12.5,66.1
2002-06-08,0.0,7.316,7.036,14.893,48.2
2002-06-09,10.987,5.096,7.545,12.107,100.1
2002-06-10,0.0,5.98,6.848,12.848,50.3
2002-06-11,10.169,5.591,7.143,12.482,62.9
2002-06-12,0.0,6.582,7.536,14.188,71.1
2002-06-13,7.717,5.228,8.027,12.661,46.0
2002-06-14,0.0,7.183,6.92,14.643,39.7
2002-06-15,0.231,5.056,6.884,11.562,45.3
2002-06-16,0.0,6.216,7.58,13.723,43.6
2002-06-17,0.0,5.224,7.25,12.08,34.3
2002-06-18,0.0,6.797,6.955,14.125,35.7
2002-06-19,0.0,6.11,7.482,13.509,36.5
2002-06-20,0.0,5.894,7.893,13.5,31.6
2002-06-21,0.0,5.773,8.036,13.455,31.8
2002-06-22,0.0,4.976,7.839,12.196,28.1
2002-06-23,0.0,5.437,6.795,12.08,26.6
2002-06-24,0.0,6.632,6.304,13.446,36.9
2002-06-25,0.0,6.373,6.723,13.366,58.2
2002-06-26,0.0,6.279,6.911,13.357,49.3
2002-06-27,0.0,6.494,7.768,14.25,36.7
2002-06-28,0.0,8.009,6.393,15.527,28.6
2002-06-29,0.0,5.588,7.5,12.759,38.8
2002-06-30,0.0,7.198,7.589,15.125,47.9
2002-07-01,0.0,5.758,7.92,13.321,35.8
2002-07-02,0.0,6.237,8.098,14.116,45.5
2002-07-03,0.0,7.841,6.768,15.5,37.7
2002-07-04,0.0,7.499,8.545,16.188,29.4
2002-07-05,0.0,5.929,8.089,13.652,33.3
2002-07-06,27.372,4.619,7.598,11.491,41.0
2002-07-07,0.0,7.182,7.946,15.33,42.3
2002-07-08,0.186,6.707,8.768,15.232,34.3
2002-07-09,0.0,7.299,6.982,14.804,28.7
2002-07-10,0.0,7.506,8.161,15.911,23.1
2002-07-11,0.0,6.554,7.446,14.045,26.2
2002-07-12,0.0,6.684,8.25,14.786,25.3
2002-07-13,0.0,7.391,8.098,15.679,28.0
2002-07-14,0.0,6.818,8.045,14.812,29.6
2002-07-15,0.0,7.404,6.375,14.5,21.9
2002-07-16,0.0,7.65,6.848,15.17,21.7
2002-07-17,0.0,6.575,8.339,14.661,22.6
2002-07-18,29.858,6.403,7.848,14.062,52.2
2002-07-19,0.0,6.244,7.768,13.759,45.9
2002-07-20,5.021,7.072,7.196,14.509,35.5
2002-07-21,2.293,7.614,7.161,15.241,29.5
2002-07-22,0.0,8.016,7.0,15.705,28.7
2002-07-23,0.0,5.801,8.393,13.571,26.0
2002-07-24,0.0,6.462,8.205,14.348,24.4
2002-07-25,4.833,6.054,7.75,13.446,25.1
2002-07-26,0.0,6.515,7.134,13.607,36.1
2002-07-27,0.0,7.151,5.509,13.402,27.8
2002-07-28,0.0,5.962,5.634,11.741,19.9
2002-07-29,0.0,6.462,7.562,13.812,36.7
2002-07-30,0.0,8.92,4.839,15.527,29.1
2002-07-31,0.0,7.541,4.938,13.554,35.3
2002-08-01,1.249,6.675,6.205,13.116,36.2
2002-08-02,0.0,6.668,7.232,13.812,23.6
2002-08-03,0.0,6.957,4.982,12.67,20.4
2002-08-04,0.0,7.807,5.321,14.125,41.0
2002-08-05,0.0,7.957,5.955,14.741,40.1
2002-08-06,0.0,8.184,5.741,14.911,23.8
2002-08-07,0.172,7.569,5.589,13.911,20.4
2002-08-08,5.389,6.666,7.205,13.705,24.5
2002-08-09,0.0,6.139,7.179,12.964,31.1
2002-08-10,0.0,6.86,6.866,13.714,26.1
2002-08-11,0.0,6.703,7.089,13.652,22.9
2002-08-12,0.0,7.158,7.054,14.232,22.8
2002-08-13,0.0,6.967,6.223,13.375,25.5
2002-08-14,0.0,7.434,6.205,14.009,30.5
2002-08-15,0.0,7.784,7.795,15.58,44.6
2002-08-16,0.0,6.919,8.0,14.527,52.2
2002-08-17,0.0,7.827,6.259,14.562,35.3
2002-08-18,0.0,7.807,6.098,14.411,23.8
2002-08-19,0.0,7.568,5.821,13.875,20.8
2002-08-20,0.0,5.912,7.562,12.804,27.1
2002-08-21,0.0,7.637,6.714,14.545,37.6
2002-08-22,0.0,8.429,6.045,15.214,27.7
2002-08-23,0.0,7.472,7.411,14.777,30.5
2002-08-24,0.0,7.733,7.402,15.107,32.2
2002-08-25,0.0,7.736,7.491,15.152,32.2
2002-08-26,0.0,7.683,7.268,14.92,29.4
2002-08-27,2.193,6.997,8.312,14.732,23.8
2002-08-28,7.207,8.636,7.116,16.116,22.5
2002-08-29,15.62,6.805,8.062,14.277,20.1
2002-08-30,22.627,7.943,6.848,14.964,16.0
2002-08-31,0.0,9.132,7.58,17.054,17.9
2002-09-01,7.403,7.922,7.562,15.402,16.3
2002-09-02,9.077,6.796,7.705,14.0,17.4
2002-09-03,0.0,7.453,8.125,15.152,21.5
2002-09-04,0.0,8.49,7.304,15.955,17.4
2002-09-05,0.0,8.55,5.875,15.107,15.8
2002-09-06,0.0,7.946,7.232,15.152,16.3
2002-09-07,0.0,7.298,7.92,14.768,16.3
2002-09-08,0.0,9.394,5.661,16.116,15.3
2002-09-09,0.841,9.175,5.321,15.589,14.8
2002-09-10,0.0,7.329,6.438,13.75,14.3
2002-09-11,0.0,6.533,8.161,13.911,14.8
2002-09-12,0.0,8.438,7.196,15.759,17.1
2002-09-13,0.0,7.815,7.312,15.0,15.0
2002-09-14,1.457,7.88,7.554,15.232,14.3
2002-09-15,0.0,8.121,8.045,15.893,13.8
2002-09-16,0.0,7.683,8.009,15.286,13.3
2002-09-17,0.0,8.323,6.5,15.116,14.3
2002-09-18,0.0,7.806,7.071,14.83,14.8
2002-09-19,3.586,7.222,7.991,14.67,32.4
2002-09-20,0.0,8.554,6.491,15.455,23.1
2002-09-21,0.0,7.305,7.991,14.777,18.2
2002-09-22,0.0,10.547,4.536,16.982,16.3
2002-09-23,0.0,10.416,5.17,17.17,15.3
2002-09-24,16.493,8.573,6.955,15.768,15.5
2002-09-25,28.93,7.48,7.679,14.812,29.4
2002-09-26,1.547,7.081,7.848,14.411,23.5
2002-09-27,0.159,7.46,7.723,14.821,20.7
2002-09-28,0.0,7.101,8.062,14.598,66.6
2002-09-29,0.8,8.812,5.821,15.393,19.6
2002-09-30,0.0,9.615,4.607,15.768,17.9
2002-10-01,0.0,7.727,6.036,14.036,15.5
2002-10-02,0.0,8.372,5.554,14.616,14.3
2002-10-03,0.0,8.366,5.705,14.732,14.0
2002-10-04,0.0,7.835,6.616,14.589,11.7
2002-10-05,1.289,8.083,6.839,15.08,11.5
2002-10-06,0.0,7.541,7.429,14.759,11.8
2002-10-07,0.724,8.051,8.036,15.857,11.5
2002-10-08,0.0,7.541,7.375,14.732,11.7
2002-10-09,0.0,6.182,8.554,13.804,12.1
2002-10-10,4.181,7.915,7.589,15.411,12.0
2002-10-11,11.236,5.954,8.054,13.17,12.2
2002-10-12,1.976,6.761,7.741,14.009,16.2
2002-10-13,0.0,7.976,7.973,15.786,16.1
2002-10-14,0.0,9.512,6.277,16.786,13.1
2002-10-15,0.0,7.355,6.964,14.295,12.2
2002-10-16,0.0,9.193,7.732,17.321,12.3
2002-10-17,0.0,7.729,7.554,15.205,13.2
2002-10-18,0.0,6.759,7.188,13.661,16.6
2002-10-19,0.0,7.201,7.705,14.607,17.9
2002-10-20,18.437,7.751,8.25,15.759,18.5
2002-10-21,20.38,7.091,7.643,14.438,39.9
2002-10-22,8.958,5.401,7.714,12.277,32.7
2002-10-23,0.0,8.414,7.25,16.036,30.5
2002-10-24,15.883,8.333,7.536,16.125,47.0
2002-10-25,17.971,7.771,7.045,15.036,26.0
2002-10-26,9.446,8.543,6.527,15.804,19.9
2002-10-27,33.355,7.027,6.625,13.741,40.1
2002-10-28,2.272,6.966,7.955,14.616,35.6
2002-10-29,13.933,7.117,7.375,14.438,39.5
2002-10-30,21.15,4.841,7.786,11.688,71.8
2002-10-31,0.0,6.333,7.5,13.482,50.6
2002-11-01,0.0,7.068,6.384,13.696,36.2
2002-11-02,1.998,5.728,7.857,12.938,26.6
2002-11-03,5.631,5.959,6.821,12.518,24.9
2002-11-04,0.0,7.843,6.402,14.893,21.9
2002-11-05,57.412,6.398,6.884,13.152,24.4
2002-11-06,0.0,6.929,7.152,14.125,34.4
2002-11-07,8.925,6.464,7.777,13.955,28.0
2002-11-08,40.332,6.837,7.438,14.223,37.6
2002-11-09,2.022,6.638,7.304,13.866,42.8
2002-11-10,17.375,7.692,6.75,14.982,39.2
2002-11-11,0.0,6.919,6.589,13.786,30.6
2002-11-12,0.0,6.884,6.857,13.92,24.0
2002-11-13,0.0,6.465,7.652,13.929,21.7
2002-11-14,0.0,6.349,7.955,14.0,23.6
2002-11-15,0.0,6.965,7.384,14.455,23.4
2002-11-16,0.0,6.028,8.241,13.786,22.7
2002-11-17,0.0,7.476,6.777,14.804,26.1
2002-11-18,0.0,7.563,6.036,14.455,20.8
2002-11-19,0.0,7.28,7.071,14.759,19.0
2002-11-20,0.0,6.77,7.705,14.482,17.8
2002-11-21,0.0,5.736,8.812,13.866,16.8
2002-11-22,0.0,6.575,7.705,14.223,18.7
2002-11-23,0.0,7.917,5.893,14.938,16.3
2002-11-24,0.0,7.427,5.589,14.036,15.2
2002-11-25,0.0,7.487,7.036,15.098,15.0
2002-11-26,0.0,7.229,7.705,15.188,14.2
2002-11-27,0.0,6.637,8.402,14.848,14.2
2002-11-28,0.0,7.619,7.688,15.759,13.7
2002-11-29,0.0,5.938,9.098,14.438,13.2
2002-11-30,0.0,8.071,8.366,16.884,13.8
2002-12-01,0.0,7.293,7.866,15.438,12.5
2002-12-02,0.0,7.526,8.357,16.116,15.0
2002-12-03,0.0,6.873,9.214,15.804,12.0
2002-12-04,0.0,7.121,8.0,15.304,11.7
2002-12-05,0.335,7.634,7.938,16.009,13.1
2002-12-06,3.303,6.555,8.67,15.018,15.2
2002-12-07,1.506,7.49,8.312,16.08,13.4
2002-12-08,9.789,6.822,7.92,14.884,16.3
2002-12-09,18.16,5.961,8.455,14.071,18.9
2002-12-10,0.0,6.493,8.089,14.545,15.3
2002-12-11,0.0,6.289,9.509,15.286,14.4
2002-12-12,0.0,7.648,6.857,15.366,13.0
2002-12-13,1.434,7.15,7.893,15.339,12.4
2002-12-14,0.0,6.287,8.616,14.625,13.0
2002-12-15,44.607,5.344,9.071,13.696,28.1
2002-12-16,0.0,6.738,8.357,15.089,60.5
2002-12-17,27.843,4.824,7.75,11.964,67.1
2002-12-18,9.95,5.706,8.161,13.491,51.4
2002-12-19,11.927,7.608,7.214,15.571,49.0
2002-12-20,2.371,8.458,7.536,17.018,28.9
2002-12-21,0.0,7.008,8.054,15.259,26.9
2002-12-22,0.0,7.859,7.759,16.286,17.4
2002-12-23,0.0,8.051,6.795,15.929,14.3
2002-12-24,4.738,6.22,6.982,13.366,14.3
2002-12-25,0.0,7.663,7.893,16.08,14.0
2002-12-26,0.0,7.818,6.75,15.545,14.3
2002-12-27,0.0,7.4,6.786,14.946,13.5
2002-12-28,0.0,8.103,5.75,15.312,13.0
2002-12-29,0.0,6.474,8.518,14.821,13.5
2002-12-30,0.0,7.13,8.232,15.527,12.5
2002-12-31,6.299,6.617,8.705,15.134,14.0
2003-01-01,0.0,7.579,6.857,15.214,8.52
2003-01-02,0.0,6.911,6.58,14.045,8.07
2003-01-03,0.0,7.901,5.893,15.036,8.3
2003-01-04,0.0,7.414,6.375,14.625,8.52
2003-01-05,0.0,8.265,4.768,14.866,8.07
2003-01-06,0.0,7.98,6.0,15.205,8.52
2003-01-07,2.003,7.84,5.214,14.482,7.63
2003-01-08,0.0,7.912,6.393,15.33,7.4
2003-01-09,0.0,7.335,6.009,14.205,7.4
2003-01-10,0.155,8.541,6.366,16.205,7.63
2003-01-11,0.825,9.023,5.348,16.286,7.17
2003-01-12,4.239,7.79,6.25,15.0,6.95
2003-01-13,0.0,7.749,7.312,15.634,6.72
2003-01-14,9.222,8.502,7.062,16.536,7.18
2003-01-15,11.431,8.414,8.518,17.393,8.23
2003-01-16,0.0,7.985,7.518,16.062,8.28
2003-01-17,0.0,7.446,8.884,16.205,7.62
2003-01-18,0.0,7.634,8.0,15.866,10.12
2003-01-19,18.201,5.604,8.232,13.205,9.55
2003-01-20,6.468,8.147,6.652,15.679,41.78
2003-01-21,0.0,8.822,6.304,16.393,20.01
2003-01-22,0.0,9.038,5.643,16.268,15.13
2003-01-23,4.995,7.959,6.92,15.518,13.29
2003-01-24,2.829,7.155,7.339,14.652,12.62
2003-01-25,0.0,7.191,7.411,14.723,12.47
2003-01-26,0.0,8.988,4.58,15.473,11.75
2003-01-27,0.0,7.789,6.286,14.786,11.25
2003-01-28,0.0,9.065,4.741,15.67,11.0
2003-01-29,0.0,7.882,6.527,15.045,11.03
2003-01-30,7.031,7.403,7.357,14.893,11.25
2003-01-31,8.084,7.732,7.723,15.589,10.55
2003-02-01,7.684,7.057,7.036,14.161,12.3
2003-02-02,0.0,6.419,6.589,12.938,15.36
2003-02-03,0.0,6.27,7.152,13.125,13.99
2003-02-04,0.0,7.471,6.491,14.33,12.63
2003-02-05,0.0,7.51,7.375,14.955,12.75
2003-02-06,0.0,7.623,6.804,14.723,11.75
2003-02-07,0.0,7.193,8.688,15.42,11.25
2003-02-08,1.54,6.359,8.634,14.25,11.0
2003-02-09,2.727,6.924,7.5,14.17,10.77
2003-02-10,0.0,7.006,7.875,14.527,10.32
2003-02-11,0.0,7.28,8.616,15.429,10.81
2003-02-12,0.0,7.344,8.679,15.536,11.0
2003-02-13,9.135,5.386,9.348,13.509,11.24
2003-02-14,0.0,10.291,7.812,18.884,10.77
2003-02-15,15.288,7.138,7.08,14.089,11.21
2003-02-16,0.0,6.563,7.188,13.366,12.83
2003-02-17,0.0,6.851,8.17,14.464,13.2
2003-02-18,0.0,7.112,8.714,15.188,13.03
2003-02-19,25.525,8.023,7.652,15.625,19.26
2003-02-20,0.0,7.456,6.518,14.08,13.66
2003-02-21,0.0,8.435,6.991,15.714,21.66
2003-02-22,0.0,7.133,8.339,14.884,16.01
2003-02-23,0.0,7.261,7.134,14.179,13.8
2003-02-24,0.0,5.569,8.812,13.214,12.53
2003-02-25,0.0,7.378,8.491,15.268,11.61
2003-02-26,25.859,7.588,7.545,14.884,12.98
2003-02-27,0.0,8.393,7.973,16.259,15.02
2003-02-28,0.373,6.976,6.911,13.58,28.35
2003-03-01,4.639,6.457,6.161,12.357,24.75
2003-03-02,0.0,7.912,7.58,15.286,27.21
2003-03-03,0.0,8.108,7.027,15.17,21.71
2003-03-04,0.0,6.341,7.723,13.312,19.25
2003-03-05,0.0,6.465,6.679,12.696,19.07
2003-03-06,0.0,9.429,5.054,15.688,30.55
2003-03-07,0.0,8.587,5.92,15.054,22.21
2003-03-08,0.0,7.239,7.866,14.545,16.94
2003-03-09,0.0,8.183,8.304,16.098,15.5
2003-03-10,8.319,6.367,8.777,14.071,14.5
2003-03-11,0.0,8.192,8.625,16.312,12.89
2003-03-12,0.0,8.091,8.089,15.795,12.75
2003-03-13,2.917,8.352,8.857,16.652,12.25
2003-03-14,7.741,7.207,8.214,14.723,11.75
2003-03-15,20.878,6.739,7.277,13.464,12.49
2003-03-16,17.153,7.152,7.607,14.232,12.83
2003-03-17,19.619,6.732,7.107,13.321,21.75
2003-03-18,0.0,9.41,6.33,16.393,30.41
2003-03-19,21.742,5.362,8.116,12.339,25.95
2003-03-20,6.036,9.315,5.366,15.643,17.18
2003-03-21,14.088,9.041,5.902,15.625,14.72
2003-03-22,27.45,8.326,7.42,15.634,22.22
2003-03-23,2.004,6.903,7.955,14.107,25.27
2003-03-24,2.819,9.466,7.107,16.973,23.51
2003-03-25,0.0,5.946,7.911,12.857,28.82
2003-03-26,4.451,4.057,7.598,10.33,28.78
2003-03-27,0.0,6.877,8.018,14.152,32.98
2003-03-28,0.0,7.862,7.143,14.848,30.87
2003-03-29,0.0,6.108,8.518,13.536,25.56
2003-03-30,2.223,6.961,7.554,13.929,23.82
2003-03-31,0.0,7.331,7.696,14.527,27.72
2003-04-01,0.0,7.459,6.625,13.973,24.98
2003-04-02,0.0,7.179,5.848,13.045,19.28
2003-04-03,0.0,6.269,8.438,13.705,17.43
2003-04-04,1.213,7.681,8.75,15.759,18.8
2003-04-05,0.508,7.599,8.027,15.143,22.09
2003-04-06,0.0,7.043,8.027,14.402,20.41
2003-04-07,0.0,7.727,6.634,14.357,16.95
2003-04-08,28.219,6.763,8.58,14.473,15.25
2003-04-09,8.494,4.776,8.223,11.741,14.25
2003-04-10,0.436,7.309,7.393,14.366,27.32
2003-04-11,3.331,7.674,8.411,15.554,56.9
2003-04-12,1.612,5.124,8.893,12.696,26.32
2003-04-13,0.0,5.944,7.634,12.768,42.51
2003-04-14,8.481,6.041,7.545,12.83,29.57
2003-04-15,0.484,7.692,6.795,14.509,26.42
2003-04-16,18.951,8.785,7.304,16.348,27.42
2003-04-17,23.148,6.611,7.536,13.589,26.05
2003-04-18,10.677,8.837,6.643,16.018,31.38
2003-04-19,0.0,5.698,7.545,12.438,20.55
2003-04-20,0.0,7.232,7.741,14.58,36.96
2003-04-21,23.838,7.385,7.705,14.812,28.76
2003-04-22,34.599,5.611,7.688,12.42,85.56
2003-04-23,4.55,6.609,7.786,13.857,61.78
2003-04-24,0.0,5.274,8.098,12.339,63.85
2003-04-25,1.371,6.566,7.67,13.723,60.86
2003-04-26,0.0,7.592,7.0,14.67,71.96
2003-04-27,0.0,6.143,8.089,13.491,48.88
2003-04-28,0.0,6.663,8.312,14.339,32.18
2003-04-29,0.0,7.495,8.277,15.438,19.71
2003-04-30,0.0,6.623,8.17,14.223,11.15
2003-05-01,0.0,7.059,8.116,14.777,11.15
2003-05-02,2.208,8.057,6.902,15.321,12.61
2003-05-03,0.0,6.201,7.866,13.482,6.69
2003-05-04,0.259,6.671,8.821,14.795,8.26
2003-05-05,0.573,7.991,8.223,16.179,13.77
2003-05-06,2.091,5.868,8.554,13.589,20.49
2003-05-07,3.948,6.337,8.643,14.312,17.76
2003-05-08,4.297,7.364,7.964,15.188,28.77
2003-05-09,9.126,5.506,8.482,13.107,69.5
2003-05-10,1.405,7.045,7.938,14.777,84.52
2003-05-11,0.0,5.836,8.339,13.455,52.58
2003-05-12,0.0,7.789,8.741,16.375,57.17
2003-05-13,0.0,5.573,8.312,13.098,56.59
2003-05-14,0.0,6.707,8.366,14.67,58.47
2003-05-15,0.0,7.366,7.562,15.027,38.57
2003-05-16,0.0,5.993,8.321,13.705,56.32
2003-05-17,0.204,7.38,7.688,15.143,27.94
2003-05-18,8.641,6.435,8.821,14.67,69.41
2003-05-19,0.627,6.041,8.598,13.991,67.86
2003-05-20,0.0,6.176,8.929,14.429,78.43
2003-05-21,0.0,7.162,8.491,15.464,43.55
2003-05-22,10.937,6.88,8.339,14.982,24.58
2003-05-23,9.457,7.622,6.893,15.045,25.61
2003-05-24,10.042,6.795,9.08,15.429,38.66
2003-05-25,1.823,4.865,8.393,12.348,34.83
2003-05-26,0.219,6.642,7.902,14.375,23.66
2003-05-27,0.0,6.097,8.705,14.241,36.41
2003-05-28,1.802,5.84,7.661,13.152,32.92
2003-05-29,1.902,6.835,7.866,14.661,36.35
2003-05-30,24.992,5.836,8.214,13.545,32.1
2003-05-31,0.0,6.627,7.795,14.339,38.44
2003-06-01,1.654,6.507,7.714,14.107,43.53
2003-06-02,0.0,7.105,8.295,15.393,35.99
2003-06-03,1.715,7.149,7.536,14.929,39.42
2003-06-04,5.307,7.631,7.384,15.545,40.51
2003-06-05,34.468,5.989,7.973,13.616,50.61
2003-06-06,1.744,6.96,6.625,14.08,38.53
2003-06-07,8.947,5.525,7.964,13.0,49.97
2003-06-08,0.0,4.933,7.304,11.688,32.9
2003-06-09,0.0,5.926,6.804,12.696,27.72
2003-06-10,0.0,6.446,7.25,13.786,25.73
2003-06-11,3.882,5.681,7.723,13.036,22.8
2003-06-12,0.0,7.641,6.973,15.339,22.15
2003-06-13,22.258,5.898,6.732,12.625,22.8
2003-06-14,0.0,5.106,7.875,12.366,26.05
2003-06-15,4.612,5.398,7.768,12.705,30.45
2003-06-16,12.628,6.939,7.848,14.938,43.33
2003-06-17,14.066,4.964,7.777,12.107,36.75
2003-06-18,1.153,4.813,7.545,11.732,43.67
2003-06-19,1.71,5.393,8.286,13.116,39.2
2003-06-20,0.0,6.936,8.161,15.17,42.03
2003-06-21,5.232,6.311,7.107,13.518,30.45
2003-06-22,3.793,6.875,7.107,14.357,23.78
2003-06-23,0.0,5.643,7.679,12.982,23.45
2003-06-24,0.0,6.637,7.098,14.0,34.3
2003-06-25,0.513,5.613,6.223,11.857,28.48
2003-06-26,0.0,6.084,7.107,13.196,24.75
2003-06-27,0.0,6.062,5.67,12.134,23.13
2003-06-28,0.0,6.631,6.205,13.348,22.48
2003-06-29,0.0,6.069,7.589,13.536,26.38
2003-06-30,0.0,6.598,6.741,13.696,32.6
2003-07-01,0.0,7.155,6.893,14.598,27.4
2003-07-02,0.0,7.399,7.607,15.42,23.13
2003-07-03,0.0,5.59,8.143,13.25,22.48
2003-07-04,3.841,6.197,7.357,13.527,19.58
2003-07-05,0.0,7.605,7.304,15.491,22.15
2003-07-06,0.965,7.838,5.607,14.714,20.67
2003-07-07,0.0,7.334,5.839,14.089,19.58
2003-07-08,31.484,6.811,7.188,14.259,24.1
2003-07-09,0.0,5.427,6.679,11.875,24.77
2003-07-10,0.0,7.225,6.795,14.562,26.05
2003-07-11,0.0,6.38,6.214,12.92,24.1
2003-07-12,0.209,6.373,7.062,13.518,33.25
2003-07-13,0.0,6.088,6.464,12.661,39.9
2003-07-14,0.0,6.827,6.366,13.661,29.42
2003-07-15,0.0,8.087,5.018,14.634,34.65
2003-07-16,0.0,6.949,5.679,13.357,27.02
2003-07-17,0.0,5.335,6.679,11.723,37.8
2003-07-18,0.0,6.066,7.027,12.982,25.73
2003-07-19,0.0,6.955,5.384,13.134,27.35
2003-07-20,0.0,7.092,6.161,13.839,25.44
2003-07-21,0.0,6.439,6.58,13.179,24.21
2003-07-22,0.0,6.517,7.411,13.866,21.09
2003-07-23,0.0,5.224,7.884,12.455,24.59
2003-07-24,2.018,6.004,8.009,13.545,29.29
2003-07-25,0.0,6.23,8.384,14.134,40.26
2003-07-26,0.0,5.485,7.893,12.75,37.4
2003-07-27,0.0,6.163,7.982,13.714,35.42
2003-07-28,0.0,7.097,5.652,13.402,26.52
2003-07-29,1.975,6.575,7.92,14.205,21.83
2003-07-30,0.0,6.732,7.491,14.143,42.59
2003-07-31,0.0,6.283,7.527,13.536,59.47
2003-08-01,0.0,8.345,6.42,15.643,47.34
2003-08-02,0.682,7.034,7.527,14.527,41.04
2003-08-03,23.4,5.839,6.438,12.062,31.85
2003-08-04,0.0,7.901,6.071,14.741,28.77
2003-08-05,0.0,7.545,7.214,14.982,22.05
2003-08-06,0.0,8.463,6.795,15.973,18.94
2003-08-07,0.0,7.176,6.67,14.054,17.1
2003-08-08,0.0,8.305,5.759,15.054,16.83
2003-08-09,0.0,5.604,7.518,12.5,17.1
2003-08-10,0.0,7.41,7.366,14.83,26.05
2003-08-11,0.0,6.479,7.071,13.321,21.06
2003-08-12,0.0,7.893,5.527,14.241,17.08
2003-08-13,0.0,6.879,6.848,13.679,15.5
2003-08-14,0.0,6.903,7.812,14.393,15.25
2003-08-15,0.0,7.769,7.286,15.188,17.52
2003-08-16,0.0,7.83,5.536,14.098,18.77
2003-08-17,0.134,7.612,6.321,14.295,15.76
2003-08-18,0.0,7.289,6.92,14.25,15.0
2003-08-19,0.0,8.473,6.348,15.5,14.5
2003-08-20,2.086,6.756,7.812,14.116,13.5
2003-08-21,0.0,8.059,7.536,15.696,14.43
2003-08-22,5.169,6.815,8.152,14.411,16.89
2003-08-23,0.0,7.941,7.375,15.384,17.72
2003-08-24,0.0,7.372,7.536,14.705,16.26
2003-08-25,0.0,7.873,6.509,14.688,15.0
2003-08-26,0.0,6.866,7.116,13.732,14.26
2003-08-27,0.0,6.767,7.402,13.768,18.03
2003-08-28,0.0,6.463,7.964,13.768,26.0
2003-08-29,0.0,5.603,7.741,12.464,22.27
2003-08-30,0.0,6.701,6.75,13.196,21.08
2003-08-31,0.0,7.548,6.571,14.223,16.83
2003-09-01,0.0,8.143,5.571,14.375,14.5
2003-09-02,0.0,7.661,5.634,13.723,14.0
2003-09-03,0.0,8.176,5.866,14.598,13.5
2003-09-04,0.0,7.983,5.473,14.054,13.0
2003-09-05,0.0,7.722,7.446,15.0,13.0
2003-09-06,0.0,8.223,6.607,15.107,12.75
2003-09-07,20.377,7.664,6.804,14.455,30.83
2003-09-08,7.285,8.161,7.768,15.821,29.71
2003-09-09,13.503,6.784,7.643,13.893,31.17
2003-09-10,0.185,7.505,8.098,15.161,21.38
2003-09-11,0.0,6.779,7.545,13.812,18.62
2003-09-12,0.0,7.081,8.089,14.571,13.5
2003-09-13,0.0,7.85,7.0,14.839,15.0
2003-09-14,0.326,6.579,7.5,13.491,14.25
2003-09-15,0.0,7.029,6.536,13.393,13.5
2003-09-16,0.0,7.26,8.134,14.821,12.75
2003-09-17,0.0,5.893,7.17,12.33,13.4
2003-09-18,0.0,7.047,7.357,14.0,23.1
2003-09-19,0.707,7.634,7.562,14.938,24.58
2003-09-20,0.343,7.119,7.509,14.214,18.37
2003-09-21,0.0,6.254,7.866,13.33,14.72
2003-09-22,8.242,6.499,6.804,12.884,15.94
2003-09-23,1.987,7.03,5.946,12.982,17.87
2003-09-24,1.208,7.984,6.589,14.732,18.89
2003-09-25,0.0,10.214,7.045,18.071,15.19
2003-09-26,14.737,6.996,7.518,14.062,14.33
2003-09-27,8.759,8.458,7.268,15.866,13.61
2003-09-28,10.517,7.134,7.839,14.509,17.77
2003-09-29,10.843,7.875,8.241,15.75,30.12
2003-09-30,4.009,6.136,7.643,13.045,23.03
2003-10-01,5.181,5.859,8.241,13.134,38.62
2003-10-02,0.0,8.224,6.009,14.714,37.01
2003-10-03,0.0,7.934,6.571,14.705,21.02
2003-10-04,0.0,7.062,8.0,14.509,17.19
2003-10-05,9.876,7.197,7.857,14.58,15.75
2003-10-06,23.2,6.143,7.652,13.089,22.12
2003-10-07,0.505,7.295,7.58,14.598,23.62
2003-10-08,14.174,4.518,8.214,11.473,29.52
2003-10-09,0.505,5.812,8.17,13.062,32.54
2003-10-10,10.974,6.832,6.83,13.446,36.0
2003-10-11,1.094,7.844,7.161,15.062,33.7
2003-10-12,0.424,7.668,7.857,15.304,21.69
2003-10-13,23.553,6.23,8.17,13.634,21.44
2003-10-14,0.0,6.305,8.116,13.723,21.94
2003-10-15,0.0,6.859,7.491,13.973,20.58
2003-10-16,5.23,6.937,7.777,14.286,17.64
2003-10-17,0.812,7.148,7.795,14.598,17.94
2003-10-18,1.663,6.791,7.911,14.214,16.95
2003-10-19,0.0,9.092,6.607,16.518,20.73
2003-10-20,0.0,7.214,8.134,14.973,23.72
2003-10-21,20.168,6.191,7.938,13.473,43.63
2003-10-22,0.0,7.375,5.911,13.688,35.28
2003-10-23,1.45,8.718,7.107,16.366,25.48
2003-10-24,0.0,7.24,8.33,15.17,19.67
2003-10-25,0.0,8.369,6.982,15.848,18.66
2003-10-26,14.463,7.077,6.777,13.929,16.73
2003-10-27,19.723,6.148,7.705,13.304,22.44
2003-10-28,12.519,8.252,5.741,14.929,24.3
2003-10-29,43.307,4.661,7.464,11.188,34.38
2003-10-30,5.026,6.698,6.741,13.438,45.67
2003-10-31,0.348,5.2,6.045,10.839,40.55
2003-11-01,0.141,7.353,4.893,13.134,31.19
2003-11-02,1.378,9.745,3.232,15.679,26.73
2003-11-03,24.092,6.277,5.92,12.33,22.89
2003-11-04,0.0,9.462,5.259,16.491,19.47
2003-11-05,0.0,7.662,6.402,14.634,17.93
2003-11-06,0.0,6.852,7.554,14.286,16.87
2003-11-07,0.488,6.173,7.875,13.598,24.57
2003-11-08,0.899,6.635,7.866,14.259,34.64
2003-11-09,0.0,7.611,6.902,14.964,32.36
2003-11-10,27.032,6.623,8.375,14.643,27.77
2003-11-11,0.582,6.461,8.5,14.509,26.15
2003-11-12,33.376,7.095,7.607,14.759,29.44
2003-11-13,0.739,6.923,8.009,14.839,28.39
2003-11-14,0.445,6.954,9.116,15.67,21.67
2003-11-15,5.718,7.444,8.286,15.759,29.42
2003-11-16,3.399,6.559,8.0,14.33,23.63
2003-11-17,0.0,6.453,7.295,13.679,19.55
2003-11-18,0.0,8.785,5.955,16.188,17.1
2003-11-19,2.469,7.912,7.402,15.884,17.9
2003-11-20,11.549,8.353,7.036,16.295,20.41
2003-11-21,9.855,6.221,7.759,13.741,26.76
2003-11-22,20.759,4.388,8.214,11.634,30.71
2003-11-23,0.0,7.419,6.116,14.384,30.45
2003-11-24,24.137,7.285,7.562,15.17,30.84
2003-11-25,1.147,6.472,7.491,13.964,37.39
2003-11-26,0.925,7.101,7.33,14.768,34.44
2003-11-27,7.102,7.038,7.804,15.0,27.35
2003-11-28,15.312,6.438,8.223,14.438,25.67
2003-11-29,18.044,5.472,8.259,13.179,26.07
2003-11-30,7.894,6.789,7.964,14.804,33.41
2003-12-01,7.514,7.217,7.571,15.125,43.25
2003-12-02,23.344,6.048,8.411,14.107,66.82
2003-12-03,14.162,7.026,8.107,15.25,43.04
2003-12-04,0.468,7.815,6.955,15.634,32.02
2003-12-05,14.443,7.936,7.027,15.866,30.19
2003-12-06,26.114,7.801,5.768,14.848,35.75
2003-12-07,0.0,7.651,7.295,15.634,31.27
2003-12-08,0.0,7.505,7.652,15.67,22.93
2003-12-09,0.0,7.051,8.268,15.438,18.85
2003-12-10,0.0,7.083,8.589,15.705,15.76
2003-12-11,6.085,7.101,7.768,15.17,14.5
2003-12-12,0.0,6.076,7.241,13.321,13.5
2003-12-13,2.615,5.941,7.67,13.446,13.59
2003-12-14,17.145,6.081,6.929,13.098,13.83
2003-12-15,0.0,5.714,7.58,13.071,15.3
2003-12-16,0.0,7.772,5.804,14.875,13.5
2003-12-17,0.0,7.886,5.277,14.714,12.75
2003-12-18,2.213,6.201,6.768,13.188,12.66
2003-12-19,0.0,6.145,8.205,14.134,17.15
2003-12-20,0.0,6.695,8.5,15.134,24.48
2003-12-21,0.0,5.094,9.339,13.554,24.45
2003-12-22,1.659,7.062,8.214,15.438,19.59
2003-12-23,0.0,4.766,8.616,12.562,16.0
2003-12-24,0.0,7.258,8.402,15.866,14.82
2003-12-25,0.0,6.757,7.848,14.723,13.5
2003-12-26,9.397,6.235,8.384,14.366,15.29
2003-12-27,18.544,5.194,7.054,11.911,19.17
2003-12-28,8.097,6.677,7.527,14.42,18.14
2003-12-29,0.0,6.203,7.67,13.812,17.03
2003-12-30,8.428,7.75,7.58,15.955,14.54
2003-12-31,0.753,7.533,7.062,15.304,13.25
2004-01-01,0.0,6.761,7.982,14.821,12.0
2004-01-02,0.0,6.707,7.786,14.58,12.0
2004-01-03,0.0,7.694,7.241,15.625,11.5
2004-01-04,0.0,8.306,5.991,15.705,11.0
2004-01-05,0.649,7.221,8.116,15.536,11.4
2004-01-06,1.164,7.731,7.589,15.902,13.7
2004-01-07,0.0,6.185,7.893,13.866,14.5
2004-01-08,0.0,6.899,8.304,15.179,13.5
2004-01-09,1.274,6.41,8.0,14.259,13.5
2004-01-10,0.0,7.117,8.393,15.536,15.1
2004-01-11,4.624,7.289,8.455,15.812,13.9
2004-01-12,14.034,6.57,8.429,14.75,13.2
2004-01-13,11.202,7.906,8.143,16.429,12.0
2004-01-14,10.235,8.548,7.616,16.982,11.2
2004-01-15,11.627,8.912,7.027,17.089,11.4
2004-01-16,0.525,6.49,7.661,14.045,15.0
2004-01-17,67.99,5.933,7.304,13.009,19.8
2004-01-18,0.0,7.181,5.643,13.634,13.4
2004-01-19,0.0,8.77,5.286,15.75,11.2
2004-01-20,0.0,8.432,5.232,15.179,10.5
2004-01-21,0.0,6.723,8.286,14.768,12.0
2004-01-22,4.685,5.22,7.286,11.938,15.4
2004-01-23,0.0,6.861,7.312,14.268,13.5
2004-01-24,1.175,8.689,5.384,15.58,11.5
2004-01-25,0.0,9.489,4.875,16.42,10.1
2004-01-26,0.0,8.911,5.348,15.848,9.4
2004-01-27,0.0,9.585,3.777,15.875,9.2
2004-01-28,0.0,9.949,3.402,16.17,8.8
2004-01-29,0.0,9.923,2.652,15.688,8.8
2004-01-30,0.0,9.395,4.339,15.848,8.6
2004-01-31,0.0,8.207,6.982,15.768,9.0
2004-02-01,0.0,7.947,6.277,14.938,8.8
2004-02-02,0.0,8.77,6.375,16.134,8.3
2004-02-03,0.0,8.297,6.42,15.482,8.4
2004-02-04,0.0,8.925,5.991,16.089,7.4
2004-02-05,0.0,8.854,6.152,16.054,7.2
2004-02-06,0.0,8.334,4.5,14.241,6.5
2004-02-07,0.0,8.821,6.196,15.991,6.5
2004-02-08,0.0,7.416,7.205,14.67,7.4
2004-02-09,0.0,7.292,6.67,14.125,7.0
2004-02-10,0.0,9.055,6.054,16.152,6.5
2004-02-11,0.0,8.519,6.116,15.438,6.5
2004-02-12,0.0,8.821,6.17,15.884,6.5
2004-02-13,0.0,8.229,7.161,15.688,6.9
2004-02-14,0.0,8.055,7.205,15.455,7.5
2004-02-15,11.003,8.491,7.17,16.0,7.4
2004-02-16,0.0,8.99,6.241,16.071,6.9
2004-02-17,0.366,8.593,6.777,15.857,6.5
2004-02-18,0.0,8.485,7.589,16.214,6.5
2004-02-19,3.675,7.065,8.491,14.946,6.9
2004-02-20,12.157,6.147,7.839,13.259,7.9
2004-02-21,22.572,6.666,8.223,14.214,9.3
2004-02-22,0.45,6.208,7.491,13.045,12.4
2004-02-23,33.494,5.179,7.536,11.741,29.9
2004-02-24,0.832,8.672,7.045,16.071,27.4
2004-02-25,16.747,7.791,6.562,14.536,26.8
2004-02-26,0.0,10.37,5.893,17.616,22.1
2004-02-27,0.0,6.159,6.777,12.411,17.9
2004-02-28,0.0,7.173,6.946,13.875,22.8
2004-02-29,0.0,6.714,6.973,13.295,14.8
2004-03-01,0.0,7.638,7.741,15.054,11.4
2004-03-02,0.245,7.206,8.223,14.804,16.4
2004-03-03,0.0,6.779,7.732,13.866,31.0
2004-03-04,0.0,8.046,6.375,14.643,20.5
2004-03-05,0.0,7.549,7.679,14.848,15.3
2004-03-06,0.0,7.523,7.804,14.884,13.2
2004-03-07,0.453,6.519,8.83,14.375,12.0
2004-03-08,0.0,7.046,7.938,14.339,11.0
2004-03-09,0.0,6.279,8.214,13.554,10.1
2004-03-10,0.0,6.057,7.679,12.875,10.5
2004-03-11,10.458,5.835,7.777,12.661,15.0
2004-03-12,0.0,7.589,7.473,14.705,28.9
2004-03-13,0.0,8.443,6.661,15.295,18.6
2004-03-14,0.0,8.183,5.884,14.42,14.7
2004-03-15,0.768,9.132,7.223,16.571,12.5
2004-03-16,7.233,6.862,8.518,14.473,11.7
2004-03-17,0.0,7.948,5.723,13.991,10.8
2004-03-18,0.0,8.631,5.643,14.875,9.9
2004-03-19,0.0,8.544,6.473,15.277,9.0
2004-03-20,0.0,8.913,5.875,15.393,8.1
2004-03-21,3.239,7.942,7.223,14.964,7.6
2004-03-22,4.835,7.672,6.911,14.411,7.6
2004-03-23,0.0,6.819,8.562,14.482,7.7
2004-03-24,0.0,8.653,8.679,16.92,11.2
2004-03-25,17.806,6.423,8.589,13.973,10.9
2004-03-26,8.876,9.415,8.268,17.661,12.4
2004-03-27,14.565,9.485,8.339,17.786,17.3
2004-03-28,18.498,7.958,7.848,15.473,20.9
2004-03-29,1.35,9.698,7.107,17.259,14.9
2004-03-30,1.393,8.072,6.705,14.848,13.1
2004-03-31,0.0,9.53,6.875,16.902,12.9
2004-04-01,3.078,7.602,7.446,14.714,16.7
2004-04-02,2.702,6.974,8.277,14.482,21.4
2004-04-03,20.597,4.77,8.571,11.991,33.6
2004-04-04,0.0,8.215,7.268,15.438,30.2
2004-04-05,0.0,7.469,8.393,15.241,20.2
2004-04-06,16.689,9.597,6.482,16.786,15.0
2004-04-07,0.0,8.912,7.652,16.634,13.0
2004-04-08,0.0,6.539,8.866,14.384,11.4
2004-04-09,0.0,6.899,9.107,15.027,12.4
2004-04-10,0.0,7.077,7.964,14.438,28.0
2004-04-11,0.0,8.799,6.92,16.062,19.3
2004-04-12,16.345,9.324,7.58,17.205,29.0
2004-04-13,30.476,7.903,7.991,15.616,26.5
2004-04-14,21.961,5.906,8.018,13.018,49.3
2004-04-15,1.45,6.019,8.152,13.241,38.4
2004-04-16,0.609,6.562,7.232,13.295,50.5
2004-04-17,7.856,6.52,8.768,14.384,37.7
2004-04-18,25.24,6.788,7.768,13.991,30.8
2004-04-19,3.085,6.667,8.143,14.125,24.4
2004-04-20,0.0,5.782,9.089,13.714,23.6
2004-04-21,8.289,7.32,9.018,15.661,22.6
2004-04-22,21.811,4.935,8.188,11.991,19.0
2004-04-23,16.701,4.844,7.393,11.25,23.5
2004-04-24,0.81,7.082,7.58,14.357,28.7
2004-04-25,6.708,6.961,7.286,14.0,41.8
2004-04-26,6.181,8.493,6.241,15.411,32.5
2004-04-27,9.716,7.224,8.0,14.884,32.6
2004-04-28,5.819,8.009,7.366,15.527,35.3
2004-04-29,8.276,7.208,8.205,15.009,32.9
2004-04-30,1.285,6.569,9.196,14.911,22.1
2004-05-01,11.939,7.914,8.652,16.321,29.0
2004-05-02,0.0,7.828,8.946,16.42,32.5
2004-05-03,3.341,5.737,8.75,13.536,19.6
2004-05-04,6.924,5.524,8.964,13.438,42.4
2004-05-05,0.0,6.314,9.036,14.527,39.2
2004-05-06,0.08,7.053,9.473,15.83,34.3
2004-05-07,0.076,7.367,8.643,15.679,30.9
2004-05-08,0.0,4.963,9.723,13.402,37.1
2004-05-09,15.552,5.83,8.527,13.571,33.9
2004-05-10,5.301,6.3,8.277,14.009,30.8
2004-05-11,0.41,6.456,8.42,14.33,21.6
2004-05-12,0.0,6.89,9.098,15.429,17.9
2004-05-13,4.69,6.915,8.589,15.125,21.0
2004-05-14,0.079,6.377,9.411,15.018,18.2
2004-05-15,14.738,4.597,9.402,12.741,19.3
2004-05-16,6.646,6.928,8.125,14.83,21.8
2004-05-17,7.677,4.926,8.696,12.625,29.4
2004-05-18,2.94,5.896,8.062,13.393,122.3
2004-05-19,13.287,4.016,8.661,11.482,46.8
2004-05-20,0.519,6.149,7.768,13.562,35.7
2004-05-21,0.0,7.415,7.821,15.357,36.8
2004-05-22,11.997,6.027,8.143,13.714,28.7
2004-05-23,0.159,6.813,6.402,13.58,23.1
2004-05-24,0.0,7.369,7.116,14.866,28.0
2004-05-25,0.168,6.472,8.848,14.83,21.0
2004-05-26,0.413,5.87,7.777,13.241,19.9
2004-05-27,0.362,5.763,8.268,13.473,19.6
2004-05-28,1.12,6.553,7.357,13.911,53.5
2004-05-29,0.0,5.63,7.571,12.768,96.0
2004-05-30,0.0,6.803,7.616,14.464,39.5
2004-05-31,21.149,6.281,8.205,14.179,39.2
2004-06-01,10.83,5.242,7.179,11.973,24.1
2004-06-02,0.0,5.596,7.732,12.893,26.4
2004-06-03,0.0,6.104,7.991,13.795,66.1
2004-06-04,0.0,6.574,7.152,13.848,51.1
2004-06-05,4.721,5.133,7.723,12.25,44.5
2004-06-06,10.897,4.715,7.518,11.562,48.6
2004-06-07,0.0,6.41,6.759,13.393,37.8
2004-06-08,0.0,6.552,7.009,13.759,26.0
2004-06-09,0.0,6.093,6.652,12.839,21.8
2004-06-10,0.0,6.015,7.116,13.054,22.5
2004-06-11,0.0,6.477,5.045,12.312,23.1
2004-06-12,4.674,6.095,6.589,12.821,16.3
2004-06-13,0.0,5.266,7.848,12.58,34.5
2004-06-14,0.0,6.512,6.714,13.518,33.3
2004-06-15,0.0,5.804,6.554,12.375,28.1
2004-06-16,0.0,4.325,8.054,11.518,36.4
2004-06-17,3.316,4.511,7.598,11.366,30.5
2004-06-18,0.0,6.503,6.545,13.393,33.3
2004-06-19,0.157,5.913,6.982,12.839,31.2
2004-06-20,4.224,5.989,7.509,13.339,34.0
2004-06-21,0.0,5.587,8.009,13.143,36.1
2004-06-22,0.0,6.192,6.946,13.232,37.8
2004-06-23,7.131,7.077,5.857,13.786,21.0
2004-06-24,0.552,6.558,6.643,13.571,19.0
2004-06-25,2.757,6.656,6.411,13.527,19.0
2004-06-26,0.0,7.237,6.143,14.205,18.5
2004-06-27,2.77,6.496,5.357,12.571,19.3
2004-06-28,4.127,6.671,6.705,13.768,19.6
2004-06-29,0.0,6.713,7.277,14.214,21.2
2004-06-30,0.0,7.486,5.938,14.429,23.5
2004-07-01,0.764,6.458,6.545,13.304,32.2
2004-07-02,0.0,7.555,6.857,15.125,27.5
2004-07-03,0.0,7.693,6.438,15.045,19.3
2004-07-04,14.278,6.397,7.027,13.562,18.8
2004-07-05,0.0,5.632,8.107,13.259,20.1
2004-07-06,0.0,6.291,7.795,13.938,24.4
2004-07-07,0.0,6.773,6.402,13.634,30.1
2004-07-08,2.43,7.919,5.911,14.982,29.8
2004-07-09,21.052,7.24,7.062,14.768,36.8
2004-07-10,7.462,7.831,6.964,15.536,27.1
2004-07-11,0.661,6.388,7.839,14.062,22.1
2004-07-12,0.0,6.656,6.17,13.259,51.9
2004-07-13,0.0,6.817,6.009,13.375,40.6
2004-07-14,24.963,6.659,7.75,14.357,52.3
2004-07-15,0.0,6.084,6.446,12.598,40.4
2004-07-16,0.634,6.707,6.58,13.589,27.4
2004-07-17,0.0,5.73,6.429,12.089,22.5
2004-07-18,0.0,7.231,5.214,13.42,26.1
2004-07-19,0.0,6.84,5.366,12.929,21.0
2004-07-20,0.0,7.114,7.286,14.616,23.1
2004-07-21,2.4,6.882,6.598,13.795,23.1
2004-07-22,5.221,7.895,5.232,14.357,23.5
2004-07-23,0.208,7.885,6.295,15.009,22.5
2004-07-24,0.0,7.436,6.589,14.545,21.0
2004-07-25,14.441,6.685,6.054,13.098,41.4
2004-07-26,0.0,7.282,6.411,14.179,24.8
2004-07-27,1.826,5.331,8.312,12.839,43.2
2004-07-28,0.0,7.129,6.009,13.661,44.9
2004-07-29,0.0,7.348,6.839,14.527,32.2
2004-07-30,0.0,6.038,7.054,12.83,41.9
2004-07-31,0.0,5.714,6.607,12.054,74.9
2004-08-01,0.0,7.968,5.205,14.304,39.9
2004-08-02,0.0,7.553,4.598,13.286,26.4
2004-08-03,0.0,6.691,6.098,13.009,19.8
2004-08-04,0.0,6.656,6.982,13.571,19.6
2004-08-05,0.0,7.926,5.964,14.661,29.3
2004-08-06,0.0,6.51,6.027,12.67,29.8
2004-08-07,0.0,6.224,6.67,12.714,19.6
2004-08-08,0.0,6.922,5.804,13.107,21.8
2004-08-09,0.0,5.791,6.723,12.134,19.0
2004-08-10,0.0,7.105,5.232,12.929,20.4
2004-08-11,0.0,5.97,6.589,12.241,19.0
2004-08-12,0.0,7.387,6.152,13.929,17.4
2004-08-13,0.0,6.224,6.482,12.518,30.7
2004-08-14,0.0,6.967,5.955,13.161,26.0
2004-08-15,0.0,7.227,6.348,13.786,25.4
2004-08-16,0.0,9.029,5.955,16.054,23.5
2004-08-17,3.318,7.06,8.393,14.955,18.2
2004-08-18,0.984,7.523,7.643,15.045,17.7
2004-08-19,0.0,7.179,7.652,14.589,16.5
2004-08-20,0.0,8.171,6.759,15.304,41.3
2004-08-21,0.0,7.669,7.107,14.83,26.4
2004-08-22,0.0,8.241,6.866,15.455,19.9
2004-08-23,0.0,7.506,5.429,13.446,16.8
2004-08-24,0.0,7.454,6.902,14.357,16.3
2004-08-25,0.446,7.625,7.795,15.196,38.5
2004-08-26,0.0,8.146,6.179,14.812,37.1
2004-08-27,0.0,8.362,6.384,15.241,19.3
2004-08-28,2.1,7.887,7.955,15.616,17.4
2004-08-29,24.949,7.307,7.188,14.312,17.9
2004-08-30,0.0,7.358,6.607,13.973,22.1
2004-08-31,2.144,8.735,7.045,16.143,20.0
2004-09-01,0.0,9.535,4.58,15.696,17.9
2004-09-02,0.0,9.57,5.277,16.143,15.0
2004-09-03,0.0,8.047,5.643,14.241,17.9
2004-09-04,8.097,6.915,7.643,14.054,17.4
2004-09-05,3.971,6.833,7.268,13.67,17.4
2004-09-06,0.0,8.318,5.902,14.75,17.9
2004-09-07,0.815,6.602,6.625,12.875,16.9
2004-09-08,28.263,5.973,7.188,12.482,50.3
2004-09-09,16.492,6.875,6.991,13.536,45.5
2004-09-10,1.833,6.337,7.259,13.009,44.1
2004-09-11,0.0,6.5,7.464,13.357,27.8
2004-09-12,0.0,6.234,7.509,13.045,19.0
2004-09-13,0.0,7.837,5.652,13.92,16.8
2004-09-14,0.0,7.672,6.027,13.92,16.8
2004-09-15,0.0,8.855,5.509,15.223,16.9
2004-09-16,0.0,8.488,6.804,15.545,18.8
2004-09-17,0.0,8.45,5.446,14.616,14.3
2004-09-18,0.0,8.945,5.732,15.482,14.0
2004-09-19,3.627,9.006,5.277,15.277,14.0
2004-09-20,1.097,9.041,6.661,16.205,14.5
2004-09-21,6.182,8.636,7.42,16.134,18.2
2004-09-22,0.684,9.179,6.75,16.446,18.8
2004-09-23,0.0,7.495,7.902,14.955,17.9
2004-09-24,0.0,8.727,6.741,15.83,17.4
2004-09-25,1.341,8.914,7.384,16.509,16.8
2004-09-26,0.0,7.213,7.438,14.277,17.1
2004-09-27,4.437,7.312,7.304,14.312,17.4
2004-09-28,3.517,8.201,6.893,15.223,12.8
2004-09-29,3.092,8.602,7.241,15.982,15.3
2004-09-30,0.0,7.909,8.027,15.625,13.3
2004-10-01,0.864,7.841,7.268,15.027,12.5
2004-10-02,18.175,8.685,6.438,15.616,15.3
2004-10-03,0.0,7.607,8.321,15.429,11.5
2004-10-04,0.259,7.74,8.562,15.795,11.5
2004-10-05,0.0,7.492,7.321,14.607,20.1
2004-10-06,1.499,7.295,7.991,14.839,31.1
2004-10-07,0.0,5.549,7.866,12.464,34.7
2004-10-08,0.0,7.704,7.571,15.107,40.9
2004-10-09,28.099,8.916,8.402,17.339,32.9
2004-10-10,13.132,8.05,7.759,15.759,21.3
2004-10-11,0.0,9.407,6.402,16.661,30.8
2004-10-12,23.217,8.611,7.116,16.089,27.1
2004-10-13,1.317,9.119,7.179,16.804,24.8
2004-10-14,2.657,8.282,8.964,16.875,14.8
2004-10-15,0.334,8.678,7.643,16.527,11.8
2004-10-16,0.0,9.815,7.08,17.723,12.3
2004-10-17,22.889,8.874,7.723,16.875,12.8
2004-10-18,9.047,9.749,7.17,17.777,12.3
2004-10-19,18.054,7.867,6.518,14.714,25.1
2004-10-20,0.0,6.495,7.062,13.241,31.2
2004-10-21,11.287,5.999,7.339,12.786,51.5
2004-10-22,9.323,7.854,6.848,15.018,27.4
2004-10-23,21.925,5.045,7.875,11.964,25.8
2004-10-24,7.267,7.432,7.625,14.991,26.1
2004-10-25,3.209,8.429,6.946,15.92,37.5
2004-10-26,20.039,8.415,7.402,16.205,28.1
2004-10-27,14.004,7.64,6.179,14.339,33.3
2004-10-28,1.203,6.816,7.304,13.955,22.1
2004-10-29,4.61,6.965,7.25,14.143,27.4
2004-10-30,13.646,7.622,6.054,14.277,27.1
2004-10-31,0.0,7.794,6.58,14.893,25.4
2004-11-01,0.0,7.058,7.902,14.759,22.5
2004-11-02,4.136,5.65,8.804,13.536,17.9
2004-11-03,0.0,8.57,7.241,16.482,19.0
2004-11-04,11.098,7.183,7.661,14.795,18.2
2004-11-05,15.304,7.72,8.179,15.938,13.5
2004-11-06,0.0,5.778,7.607,12.875,29.8
2004-11-07,2.541,6.169,7.955,13.688,28.5
2004-11-08,0.0,5.882,8.161,13.446,37.8
2004-11-09,1.897,6.127,8.589,14.107,53.3
2004-11-10,33.957,6.138,7.92,13.634,27.7
2004-11-12,0.0,7.316,6.777,14.545,14.6
2004-11-13,6.18,7.174,8.098,15.223,13.5
2004-11-14,29.897,7.248,7.688,15.08,29.8
2004-11-15,21.782,7.248,7.875,15.223,30.5
2004-11-16,0.477,8.339,7.33,16.411,32.2
2004-11-17,5.793,7.701,7.652,15.723,44.1
2004-11-18,42.802,7.154,8.161,15.33,58.8
2004-11-19,4.269,7.012,8.009,15.045,38.5
2004-11-20,11.784,7.129,8.268,15.393,28.4
2004-11-21,0.298,8.225,8.188,16.911,26.0
2004-11-22,0.0,8.058,7.125,15.955,18.2
2004-11-23,0.0,9.694,4.411,16.696,17.1
2004-11-24,3.038,6.923,7.875,14.866,17.0
2004-11-25,43.913,6.301,7.134,13.455,15.5
2004-11-26,0.493,7.843,7.536,16.0,22.1
2004-11-27,0.0,7.964,6.696,15.643,24.9
2004-11-28,0.0,7.953,6.161,15.259,23.1
2004-11-29,0.0,7.657,7.152,15.473,18.2
2004-11-30,3.157,7.609,7.143,15.42,15.8
2004-12-01,21.972,6.124,9.107,14.732,14.1
2004-12-02,0.0,5.139,8.241,12.741,19.4
2004-12-03,0.0,6.872,7.536,14.643,20.8
2004-12-04,0.0,5.648,9.188,14.152,20.7
2004-12-05,0.0,5.588,9.134,14.027,25.2
2004-12-06,0.0,7.073,8.375,15.527,21.6
2004-12-07,2.206,6.738,7.179,14.223,17.0
2004-12-08,14.015,8.698,7.911,17.571,16.0
2004-12-09,0.0,6.532,7.375,14.071,15.0
2004-12-10,0.0,6.986,7.875,15.089,14.4
2004-12-11,16.385,6.206,8.741,14.598,24.0
2004-12-12,0.0,7.526,6.955,15.25,18.2
2004-12-13,0.0,5.945,8.295,13.92,17.9
2004-12-14,7.544,8.883,7.411,17.554,15.8
2004-12-15,14.56,5.263,8.33,13.018,21.8
2004-12-16,0.0,6.587,7.902,14.536,20.9
2004-12-17,18.439,4.98,8.83,13.045,16.8
2004-12-18,1.121,6.756,7.955,14.839,16.8
2004-12-19,1.121,7.486,7.625,15.652,20.2
2004-12-20,0.0,8.572,6.125,16.286,20.1
2004-12-21,0.0,7.264,8.196,15.723,17.4
2004-12-22,1.535,7.77,6.911,15.58,18.2
2004-12-23,18.61,7.649,6.857,15.366,19.8
2004-12-24,0.901,7.82,7.777,16.232,18.5
2004-12-25,0.224,8.012,7.625,16.393,18.5
2004-12-26,29.528,7.962,6.643,15.714,17.9
2004-12-27,0.0,7.548,6.857,15.214,17.9
2004-12-28,0.0,7.904,5.821,15.08,14.8
2004-12-29,0.0,7.151,6.768,14.536,15.8
2004-12-30,0.0,6.441,6.259,13.152,14.3
2004-12-31,0.0,7.658,7.08,15.473,17.4
2005-01-01,0.0,8.574,4.375,15.125,13.55
2005-01-02,0.0,7.672,6.143,14.875,12.5
2005-01-03,0.0,7.476,6.973,15.134,12.25
2005-01-04,1.655,6.944,7.973,15.018,11.5
2005-01-05,0.0,6.558,8.438,14.804,11.5
2005-01-06,0.0,5.474,8.946,13.688,10.77
2005-01-07,0.0,6.377,8.446,14.536,11.07
2005-01-08,0.0,8.465,7.438,16.821,12.74
2005-01-09,30.597,7.191,7.286,14.884,12.0
2005-01-10,7.458,8.246,7.42,16.473,11.96
2005-01-11,0.0,6.515,8.955,15.071,18.15
2005-01-12,0.0,8.439,8.812,17.643,15.47
2005-01-13,0.0,7.678,9.125,16.795,14.79
2005-01-14,25.985,6.831,7.536,14.464,16.16
2005-01-15,26.583,6.501,7.286,13.812,13.59
2005-01-16,2.797,7.37,8.045,15.58,19.33
2005-01-17,28.106,7.378,8.866,16.161,14.3
2005-01-18,0.0,8.773,6.286,16.384,12.69
2005-01-19,0.0,7.587,7.839,15.688,12.98
2005-01-20,0.0,6.656,8.393,14.786,12.5
2005-01-21,0.0,6.822,8.295,14.902,12.61
2005-01-22,0.0,6.983,7.893,14.821,18.09
2005-01-23,0.0,7.668,7.161,15.25,22.12
2005-01-24,0.0,7.54,6.411,14.545,18.18
2005-01-25,0.0,7.338,7.223,14.83,21.64
2005-01-26,0.338,8.194,6.375,15.455,17.62
2005-01-27,0.0,8.858,5.696,15.955,14.39
2005-01-28,0.0,8.045,7.107,15.679,12.73
2005-01-29,4.533,6.575,8.411,14.518,12.0
2005-01-30,0.0,7.187,6.991,14.357,10.33
2005-01-31,0.0,7.536,6.902,14.768,14.75
2005-02-01,0.0,6.641,7.866,14.179,12.0
2005-02-02,11.195,7.232,8.911,15.723,11.02
2005-02-03,10.397,6.936,8.241,14.812,10.77
2005-02-04,0.0,6.73,8.455,14.714,10.77
2005-02-05,0.0,5.893,9.134,14.071,13.0
2005-02-06,0.0,8.032,8.75,16.625,17.38
2005-02-07,0.0,9.191,8.92,18.268,14.0
2005-02-08,18.79,6.388,8.67,14.33,21.27
2005-02-09,2.476,8.472,8.938,17.286,40.25
2005-02-10,26.924,6.98,9.491,15.705,37.99
2005-02-11,0.0,5.273,9.116,13.223,30.8
2005-02-12,68.231,5.649,8.741,13.384,130.2
2005-02-13,0.0,9.133,7.438,17.134,41.61
2005-02-14,0.0,7.658,8.339,15.679,26.05
2005-02-15,0.0,8.355,5.232,14.58,19.02
2005-02-16,0.0,6.128,8.384,13.652,17.57
2005-02-17,0.295,7.597,7.902,15.259,25.78
2005-02-18,0.0,8.313,7.411,15.875,19.11
2005-02-19,0.0,8.334,6.741,15.438,16.16
2005-02-20,0.0,8.055,7.786,15.741,14.66
2005-02-21,0.0,8.277,7.696,15.955,14.0
2005-02-22,0.0,9.968,6.518,17.482,13.5
2005-02-23,0.0,8.399,7.83,16.196,12.75
2005-02-24,0.0,8.013,8.75,16.295,12.25
2005-02-25,0.0,9.833,6.214,17.062,12.0
2005-02-26,0.0,8.008,7.929,15.688,12.0
2005-02-27,0.206,8.343,8.295,16.375,12.0
2005-02-28,0.0,7.078,7.982,14.482,12.0
2005-03-01,0.0,9.307,7.339,16.991,12.0
2005-03-02,0.0,6.626,8.777,14.455,12.25
2005-03-03,0.0,7.212,9.348,15.598,12.61
2005-03-04,34.527,4.463,9.134,12.17,18.45
2005-03-05,0.0,8.946,8.464,17.25,19.38
2005-03-06,2.168,7.926,7.616,15.286,15.34
2005-03-07,9.338,5.615,8.67,13.071,14.79
2005-03-08,0.0,8.742,7.339,16.17,16.08
2005-03-09,0.431,8.114,5.946,14.393,14.37
2005-03-10,0.0,7.634,7.411,14.723,16.04
2005-03-11,0.0,9.206,7.562,16.92,16.65
2005-03-12,0.0,9.596,6.571,16.804,14.49
2005-03-13,0.0,10.239,7.304,18.098,13.93
2005-03-14,0.258,9.326,7.161,16.786,13.25
2005-03-15,0.0,7.723,7.598,14.946,12.75
2005-03-16,0.0,8.003,6.938,14.857,12.25
2005-03-17,12.043,9.084,8.107,17.062,12.36
2005-03-18,11.18,7.093,7.205,13.848,12.58
2005-03-19,3.306,7.571,7.366,14.598,12.5
2005-03-20,0.0,7.768,7.554,14.964,12.29
2005-03-21,1.092,9.06,6.098,15.759,17.64
2005-03-22,0.0,8.497,7.188,15.679,15.0
2005-03-23,9.155,7.155,6.946,13.732,13.5
2005-03-24,0.112,7.464,8.045,14.929,15.19
2005-03-25,0.0,8.883,6.821,15.938,20.72
2005-03-26,0.0,7.902,8.661,15.902,16.34
2005-03-27,0.0,8.872,8.223,16.893,14.08
2005-03-28,1.449,9.355,7.848,17.25,15.2
2005-03-29,1.676,8.082,7.205,15.143,16.38
2005-03-30,0.0,9.723,6.732,17.071,14.9
2005-03-31,36.031,7.056,7.652,14.125,14.6
2005-04-01,0.0,7.366,8.268,14.946,14.67
2005-04-02,0.0,8.051,8.196,15.821,13.27
2005-04-03,1.803,7.157,8.464,14.821,13.0
2005-04-04,20.602,7.081,9.179,15.286,20.13
2005-04-05,2.091,7.217,8.759,15.152,25.41
2005-04-06,2.282,5.885,8.973,13.634,35.3
2005-04-07,0.244,7.583,9.42,16.098,40.51
2005-04-08,0.0,7.14,9.223,15.42,45.25
2005-04-09,12.136,6.819,8.714,14.643,55.16
2005-04-10,3.832,7.138,8.161,14.652,41.25
2005-04-11,10.857,6.327,8.25,13.67,29.09
2005-04-12,0.0,8.187,7.598,15.661,28.15
2005-04-13,0.0,6.928,8.946,14.982,48.2
2005-04-14,0.0,6.526,8.536,14.179,34.31
2005-04-15,3.147,6.697,8.402,14.304,32.26
2005-04-16,0.0,6.971,8.58,14.812,38.73
2005-04-17,0.0,5.147,9.304,13.089,26.7
2005-04-18,21.004,7.229,8.42,15.018,36.22
2005-04-19,0.0,8.941,8.125,17.098,25.69
2005-04-20,0.699,6.746,10.0,15.58,25.8
2005-04-21,15.858,5.984,8.036,13.17,51.5
2005-04-22,4.743,7.975,7.92,15.723,36.18
2005-04-23,13.886,6.97,8.893,15.116,39.84
2005-04-24,9.803,8.393,7.08,15.786,45.42
2005-04-25,5.706,8.539,8.25,16.777,54.46
2005-04-26,16.841,7.83,7.875,15.58,61.68
2005-04-27,16.456,8.714,8.589,17.259,52.74
2005-04-28,0.189,7.724,8.429,15.839,33.47
2005-04-29,0.205,7.265,8.25,15.125,26.61
2005-04-30,0.561,6.74,7.58,13.929,21.87
2005-05-01,0.0,7.53,8.125,15.411,19.71
2005-05-02,0.0,7.79,7.536,15.357,18.04
2005-05-03,18.343,6.379,8.277,14.036,20.61
2005-05-04,9.385,6.126,8.982,14.25,28.02
2005-05-05,3.382,7.805,7.848,15.661,36.38
2005-05-06,0.912,7.933,8.33,16.179,32.79
2005-05-07,0.0,7.178,9.179,15.768,24.33
2005-05-08,4.832,7.197,9.223,15.839,19.55
2005-05-09,7.404,6.561,9.393,15.152,19.45
2005-05-10,0.0,6.271,9.045,14.554,29.47
2005-05-11,0.0,6.067,10.036,15.036,29.42
2005-05-12,11.272,7.161,9.196,15.848,32.99
2005-05-13,0.0,7.126,9.08,15.723,27.75
2005-05-14,16.971,4.142,8.902,11.804,30.21
2005-05-15,0.505,7.329,8.375,15.527,38.79
2005-05-16,10.899,5.822,9.062,14.045,54.7
2005-05-17,2.899,6.775,8.518,14.911,40.51
2005-05-18,4.679,7.798,8.045,15.991,42.42
2005-05-19,12.892,5.676,8.964,13.804,49.43
2005-05-20,1.71,8.082,7.527,16.08,30.99
2005-05-21,0.0,8.434,6.804,16.134,25.33
2005-05-22,9.324,6.6,7.5,14.018,26.27
2005-05-23,19.592,6.852,7.393,14.295,29.59
2005-05-24,0.0,8.563,5.232,15.357,28.31
2005-05-25,2.798,7.49,7.152,15.062,25.36
2005-05-26,0.7,6.477,8.25,14.402,20.96
2005-05-27,2.512,6.457,8.455,14.536,26.0
2005-05-28,9.419,6.052,7.527,13.304,30.89
2005-05-29,0.0,5.942,7.795,13.366,30.41
2005-05-30,0.0,5.763,8.634,13.75,24.29
2005-05-31,0.0,4.701,8.536,12.295,23.86
2005-06-01,0.0,6.251,8.009,13.982,26.89
2005-06-02,1.823,6.796,8.286,14.938,30.36
2005-06-03,1.369,6.726,8.545,15.054,27.86
2005-06-04,1.204,5.508,8.964,13.705,26.78
2005-06-05,0.0,6.46,8.571,14.732,35.82
2005-06-06,8.536,5.965,8.179,13.759,45.17
2005-06-07,1.95,5.042,8.429,12.696,35.52
2005-06-08,1.296,6.934,7.946,14.938,27.8
2005-06-09,7.018,4.829,8.67,12.625,28.06
2005-06-10,0.0,6.618,8.286,14.768,30.25
2005-06-11,9.609,6.933,8.125,15.089,26.98
2005-06-12,8.2,6.178,7.33,13.473,28.87
2005-06-13,0.0,7.067,7.893,15.134,22.88
2005-06-14,0.0,6.696,9.009,15.402,27.02
2005-06-15,0.0,6.571,8.679,15.009,17.92
2005-06-16,0.0,6.556,8.554,14.893,16.0
2005-06-17,0.0,6.61,8.679,15.054,15.75
2005-06-18,0.0,7.475,6.152,14.571,17.1
2005-06-19,0.0,7.816,6.777,15.491,18.31
2005-06-20,0.0,6.392,7.402,13.848,21.97
2005-06-21,0.61,6.121,7.929,13.848,33.72
2005-06-22,0.0,6.107,8.196,14.018,37.09
2005-06-23,6.279,6.411,5.795,12.741,31.75
2005-06-24,0.0,6.707,6.241,13.482,27.08
2005-06-25,1.012,6.62,7.205,14.036,23.45
2005-06-26,0.0,8.148,6.018,15.5,21.55
2005-06-27,0.0,6.538,7.929,14.42,20.51
2005-06-28,4.035,6.592,7.554,14.223,20.47
2005-06-29,3.474,5.262,6.786,11.777,56.06
2005-06-30,0.411,5.632,7.268,12.643,58.89
2005-07-01,0.0,6.982,6.625,14.143,37.85
2005-07-02,0.0,5.535,7.634,12.777,27.12
2005-07-03,0.0,8.263,4.786,14.857,23.49
2005-07-04,3.686,7.723,6.143,14.902,21.53
2005-07-05,0.175,8.63,6.446,16.429,26.57
2005-07-06,0.102,5.542,7.83,12.946,24.81
2005-07-07,0.0,6.443,6.571,13.304,27.46
2005-07-08,0.0,7.395,6.259,14.482,24.72
2005-07-09,0.0,6.335,7.054,13.455,22.53
2005-07-10,0.0,7.334,4.929,13.5,19.3
2005-07-11,0.0,7.65,4.179,13.491,17.37
2005-07-12,0.0,7.023,5.661,13.509,16.27
2005-07-13,0.0,6.94,7.634,14.679,15.75
2005-07-14,0.804,6.053,7.429,13.259,15.56
2005-07-15,23.258,8.249,6.17,15.607,17.33
2005-07-16,0.225,6.895,7.473,14.5,16.55
2005-07-17,7.894,7.54,8.768,16.286,20.02
2005-07-18,0.227,6.008,8.902,14.286,20.72
2005-07-19,8.352,5.866,9.018,14.188,20.77
2005-07-20,8.879,6.294,7.723,13.795,35.18
2005-07-21,0.0,6.879,6.679,13.866,39.66
2005-07-22,0.0,6.936,7.786,14.705,25.55
2005-07-23,0.0,8.788,5.446,15.821,25.43
2005-07-24,0.0,7.923,6.366,15.152,20.32
2005-07-25,0.0,6.449,7.786,14.009,27.57
2005-07-26,0.0,6.85,6.696,13.768,25.71
2005-07-27,0.0,6.181,7.893,13.679,20.67
2005-07-28,0.0,6.769,6.911,13.795,25.73
2005-07-29,0.0,6.302,7.58,13.598,20.13
2005-07-30,0.0,6.667,7.812,14.25,16.83
2005-07-31,0.0,7.038,7.071,14.241,15.75
2005-08-01,0.0,6.735,6.312,13.268,17.38
2005-08-02,0.0,7.159,7.25,14.491,17.92
2005-08-03,0.0,6.911,7.0,13.973,25.68
2005-08-04,0.0,7.085,7.196,14.357,31.67
2005-08-05,0.0,7.591,6.946,14.857,33.64
2005-08-06,0.0,7.386,6.777,14.455,23.27
2005-08-07,0.0,6.963,7.054,14.027,18.82
2005-08-08,0.0,7.397,6.652,14.375,22.26
2005-08-09,0.0,6.052,7.955,13.402,34.85
2005-08-10,0.0,6.601,7.188,13.571,29.62
2005-08-11,0.0,5.762,7.938,12.991,33.25
2005-08-12,0.0,7.823,5.938,14.411,28.77
2005-08-13,0.0,8.289,5.955,15.071,19.62
2005-08-14,0.0,7.282,7.125,14.42,20.7
2005-08-15,3.359,7.224,7.732,14.75,21.64
2005-08-16,0.8,5.9,7.973,13.152,25.16
2005-08-17,7.05,6.601,7.839,13.973,34.4
2005-08-18,0.0,7.717,5.545,13.911,30.01
2005-08-19,1.701,5.656,7.268,12.277,55.92
2005-08-20,0.0,7.185,6.08,13.491,41.76
2005-08-21,0.0,7.094,7.938,14.643,25.33
2005-08-22,0.0,7.927,6.625,14.857,22.21
2005-08-23,18.014,9.427,6.411,16.812,25.12
2005-08-24,19.764,7.879,5.875,14.304,37.01
2005-08-25,0.0,6.881,6.241,13.116,44.46
2005-08-26,0.0,7.244,7.223,14.277,25.08
2005-08-27,0.0,8.929,4.875,15.08,18.75
2005-08-28,0.0,8.167,6.214,14.848,16.55
2005-08-29,0.0,8.731,6.027,15.509,18.43
2005-08-30,0.0,9.527,5.938,16.518,16.04
2005-08-31,14.789,6.827,8.062,14.268,18.8
2005-09-01,0.0,9.059,6.312,16.098,17.26
2005-09-02,0.0,7.29,6.473,13.759,17.76
2005-09-03,12.963,7.496,6.83,14.277,26.08
2005-09-04,0.0,8.824,5.679,15.357,20.47
2005-09-05,0.0,7.957,6.366,14.589,16.46
2005-09-06,0.0,8.356,6.804,15.411,23.8
2005-09-07,0.0,7.457,7.446,14.643,22.89
2005-09-08,0.0,6.801,6.375,12.982,24.02
2005-09-09,0.0,7.134,6.482,13.527,22.15
2005-09-10,0.0,7.66,6.848,14.473,19.03
2005-09-11,0.0,7.49,6.241,13.839,16.28
2005-09-12,0.0,8.898,6.438,15.893,15.0
2005-09-13,0.0,7.547,5.607,13.464,14.0
2005-09-14,0.0,7.081,8.009,14.491,13.0
2005-09-15,0.0,6.859,8.348,14.446,18.04
2005-09-16,0.0,7.493,7.054,14.375,23.18
2005-09-17,0.0,9.367,5.545,15.946,16.28
2005-09-18,0.0,8.353,5.884,14.759,13.75
2005-09-19,0.0,7.077,7.268,13.982,12.76
2005-09-20,0.0,7.84,6.366,14.366,14.69
2005-09-21,0.0,9.566,5.67,16.304,14.48
2005-09-22,0.867,10.021,6.446,17.42,16.12
2005-09-23,18.131,6.624,7.625,13.625,14.8
2005-09-24,22.84,7.713,6.839,14.527,39.44
2005-09-25,7.613,9.391,5.402,15.955,24.56
2005-09-26,16.632,7.057,6.607,13.473,26.27
2005-09-27,7.015,6.644,7.777,13.812,27.15
2005-09-28,2.503,7.159,7.527,14.25,38.57
2005-09-29,8.883,8.586,5.268,14.732,40.71
2005-09-30,10.712,8.28,7.321,15.661,31.49
2005-10-01,0.0,6.173,8.571,13.768,29.77
2005-10-02,0.0,7.791,7.232,14.929,24.38
2005-10-03,2.664,9.174,7.625,17.08,21.84
2005-10-04,0.0,9.654,7.045,17.366,22.77
2005-10-05,3.998,9.3,6.902,16.804,33.45
2005-10-06,0.0,7.276,7.223,14.259,28.33
2005-10-07,0.0,6.612,7.759,13.75,27.74
2005-10-08,0.0,8.98,5.714,15.616,27.37
2005-10-09,16.955,5.92,7.027,12.312,23.23
2005-10-10,19.203,8.656,6.67,15.821,28.69
2005-10-11,14.167,7.633,6.946,14.625,42.31
2005-10-12,3.19,8.544,6.812,15.795,36.24
2005-10-13,29.297,7.851,6.857,14.875,25.9
2005-10-14,6.098,7.607,6.884,14.545,20.54
2005-10-15,16.833,8.497,6.036,15.268,21.19
2005-10-16,0.0,7.447,6.812,14.348,19.71
2005-10-17,24.255,7.801,7.571,15.348,36.28
2005-10-18,17.323,8.373,7.384,16.0,29.86
2005-10-19,10.227,6.889,8.125,14.509,22.96
2005-10-20,0.3,7.445,7.482,14.812,20.47
2005-10-21,14.319,8.856,6.607,16.223,25.86
2005-10-22,18.399,6.48,7.929,13.866,29.74
2005-10-23,4.874,7.243,7.071,14.33,37.51
2005-10-24,29.634,5.971,7.714,13.054,52.19
2005-10-25,12.903,6.001,7.661,13.036,55.52
2005-10-26,0.0,6.584,7.161,13.491,47.97
2005-10-27,0.0,6.775,7.795,14.241,31.11
2005-10-28,40.604,7.745,8.071,15.786,25.05
2005-10-29,3.312,8.323,7.277,16.036,23.02
2005-10-30,3.687,7.633,7.955,15.536,30.8
2005-10-31,1.012,7.278,8.545,15.509,26.27
2005-11-01,20.586,5.331,8.902,13.205,28.04
2005-11-02,0.0,7.535,8.027,15.518,28.45
2005-11-03,0.0,6.806,8.348,14.732,22.51
2005-11-04,4.971,6.564,8.411,14.473,21.97
2005-11-05,0.0,8.101,8.455,16.652,28.82
2005-11-06,5.114,7.518,8.455,15.83,25.74
2005-11-07,3.308,8.101,7.902,16.295,38.28
2005-11-08,0.0,7.079,7.643,14.705,29.66
2005-11-09,45.011,6.471,8.402,14.42,37.4
2005-11-10,2.281,6.512,8.152,14.277,36.26
2005-11-11,26.374,5.211,8.152,12.554,30.06
2005-11-12,4.106,5.784,6.554,12.143,43.37
2005-11-13,23.192,6.093,8.25,13.857,52.8
2005-11-14,5.589,6.785,7.804,14.482,46.68
2005-11-15,11.854,7.493,7.143,15.036,39.3
2005-11-16,0.0,7.368,7.545,15.143,32.87
2005-11-17,25.385,8.595,7.821,17.116,25.85
2005-11-18,0.0,7.904,8.562,16.652,24.22
2005-11-19,0.0,8.709,7.875,17.339,24.78
2005-11-20,8.856,8.268,8.0,16.804,21.24
2005-11-21,15.535,6.517,8.152,14.438,23.29
2005-11-22,36.035,6.18,8.152,14.009,59.9
2005-11-23,4.34,8.114,6.616,15.741,36.22
2005-11-24,0.0,8.086,6.982,15.938,28.53
2005-11-25,1.694,9.738,5.125,17.205,24.3
2005-11-26,0.0,7.958,5.268,14.67,24.8
2005-11-27,0.0,8.167,5.946,15.429,26.08
2005-11-28,0.0,8.21,6.679,15.946,23.37
2005-11-29,0.0,8.356,7.196,16.518,23.12
2005-11-30,0.0,6.707,8.205,14.83,22.15
2005-12-01,0.0,7.835,7.58,16.054,21.5
2005-12-02,0.0,8.134,6.08,15.509,21.66
2005-12-03,14.594,6.924,6.848,14.223,23.1
2005-12-04,32.53,6.489,6.866,13.616,22.15
2005-12-05,27.414,6.516,7.723,14.286,22.83
2005-12-06,33.171,6.927,7.375,14.634,30.45
2005-12-07,0.323,7.14,7.259,14.884,27.4
2005-12-08,0.436,5.655,7.67,13.018,29.38
2005-12-09,0.196,7.397,7.527,15.438,31.89
2005-12-10,0.0,7.753,8.062,16.304,26.73
2005-12-11,0.0,7.887,6.429,15.42,24.76
2005-12-12,0.0,6.616,8.304,14.866,24.26
2005-12-13,0.393,7.163,7.518,15.107,24.97
2005-12-14,31.971,6.509,7.777,14.348,24.1
2005-12-15,0.469,8.156,6.295,15.759,23.78
2005-12-16,2.881,6.954,7.83,15.027,26.35
2005-12-17,12.938,7.239,7.036,14.893,24.42
2005-12-18,0.0,7.009,7.018,14.554,23.8
2005-12-19,0.0,6.909,6.125,13.786,23.23
2005-12-20,0.869,6.792,6.741,14.036,23.12
2005-12-21,18.945,6.664,7.375,14.295,24.97
2005-12-22,0.814,6.084,7.491,13.527,29.37
2005-12-23,2.18,5.011,8.196,12.562,29.68
2005-12-24,0.405,5.288,8.0,12.786,29.07
2005-12-25,0.369,6.144,7.821,13.848,26.81
2005-12-26,0.496,6.416,7.42,13.946,25.49
2005-12-27,0.303,6.864,6.92,14.241,25.22
2005-12-28,0.0,8.155,5.393,15.161,24.1
2005-12-29,0.0,7.794,6.473,15.312,22.8
2005-12-30,0.0,8.05,4.786,14.607,21.82
2005-12-31,0.0,9.572,3.295,16.045,21.22
2006-01-01,0.0,8.296,4.607,14.857,14.04
2006-01-02,0.0,8.816,4.643,15.652,13.25
2006-01-03,11.81,6.396,6.786,13.42,19.39
2006-01-04,1.724,6.335,7.357,13.714,26.25
2006-01-05,1.822,7.027,7.652,14.938,32.79
2006-01-06,0.0,6.579,6.875,13.741,50.07
2006-01-07,1.47,6.394,7.196,13.688,57.24
2006-01-08,21.223,6.713,7.536,14.375,55.58
2006-01-09,0.0,6.906,6.589,13.973,39.34
2006-01-10,1.63,6.556,7.679,14.214,31.44
2006-01-11,22.125,7.852,7.982,16.268,28.88
2006-01-12,16.767,6.497,7.938,14.312,34.68
2006-01-13,0.0,8.014,7.062,15.857,30.55
2006-01-14,0.0,8.393,4.929,15.027,25.4
2006-01-15,27.812,6.045,8.116,13.768,27.0
2006-01-16,22.53,6.725,8.411,14.92,37.92
2006-01-17,1.466,6.382,7.562,13.795,29.16
2006-01-18,0.0,6.449,7.723,14.009,25.13
2006-01-19,0.0,7.326,5.643,13.839,26.36
2006-01-20,0.0,8.371,5.741,15.42,23.53
2006-01-21,0.0,7.135,6.848,14.357,22.8
2006-01-22,0.0,6.157,8.205,13.902,20.61
2006-01-23,0.0,5.754,8.812,13.804,19.35
2006-01-24,0.626,6.075,8.277,13.804,18.86
2006-01-25,0.0,6.891,8.036,14.759,18.2
2006-01-26,0.0,6.865,9.295,15.589,18.04
2006-01-27,11.598,4.344,9.741,12.741,18.2
2006-01-28,22.407,7.066,8.438,15.241,29.03
2006-01-29,0.0,7.016,8.205,14.991,25.26
2006-01-30,0.0,6.948,6.973,13.991,28.49
2006-01-31,1.335,5.756,8.795,13.679,26.9
2006-02-01,0.0,5.839,8.518,13.58,27.6
2006-02-02,1.749,6.871,7.804,14.446,29.62
2006-02-03,0.0,8.394,8.116,16.759,32.29
2006-02-04,5.612,6.833,8.688,15.018,26.81
2006-02-05,56.988,5.778,7.848,12.946,33.74
2006-02-06,21.189,6.833,8.009,14.455,31.14
2006-02-07,0.0,8.028,7.366,15.643,24.75
2006-02-08,1.543,6.947,8.366,14.857,23.04
2006-02-09,0.0,7.683,7.161,15.0,22.9
2006-02-10,2.654,6.967,8.295,14.795,19.51
2006-02-11,0.0,7.418,7.045,14.509,18.31
2006-02-12,0.0,7.004,8.241,14.759,17.51
2006-02-13,1.138,8.098,7.679,15.857,18.96
2006-02-14,0.0,8.295,6.25,15.179,19.03
2006-02-15,0.0,8.669,6.179,15.607,16.78
2006-02-16,0.0,9.092,6.786,16.562,15.67
2006-02-17,0.0,7.216,8.348,15.054,15.15
2006-02-18,0.0,8.221,8.857,16.768,14.73
2006-02-19,9.393,6.324,7.875,13.518,15.42
2006-02-20,9.075,6.866,7.027,13.625,15.27
2006-02-21,0.0,5.551,8.071,12.634,14.5
2006-02-22,0.512,6.417,7.571,13.384,14.33
2006-02-23,0.0,10.038,4.277,16.223,13.81
2006-02-24,0.0,9.846,5.339,16.554,13.38
2006-02-25,0.0,7.217,7.125,14.089,13.33
2006-02-26,0.0,7.215,7.589,14.393,13.0
2006-02-27,3.096,6.981,7.071,13.741,14.23
2006-02-28,12.133,8.431,7.25,15.804,16.62
2006-03-01,0.0,7.733,6.884,14.571,16.57
2006-03-02,0.0,8.224,7.402,15.562,15.19
2006-03-03,0.0,8.73,7.402,16.241,14.1
2006-03-04,15.998,8.511,8.759,16.866,13.65
2006-03-05,0.0,6.424,7.902,13.527,13.15
2006-03-06,7.476,5.779,9.027,13.58,13.85
2006-03-07,15.085,6.781,8.152,14.17,15.31
2006-03-08,7.901,6.869,7.839,14.08,19.91
2006-03-09,7.43,5.018,8.161,11.938,38.7
2006-03-10,11.39,7.785,8.018,15.402,58.35
2006-03-11,0.0,7.362,6.17,13.509,32.99
2006-03-12,10.479,8.009,5.714,14.107,25.33
2006-03-13,10.456,7.05,7.045,13.696,42.94
2006-03-14,2.233,7.481,8.286,15.125,28.8
2006-03-15,10.16,5.697,8.036,12.661,31.97
2006-03-16,22.719,6.4,7.741,13.339,25.7
2006-03-17,0.446,8.027,7.795,15.536,22.61
2006-03-18,4.46,8.069,6.759,14.875,28.5
2006-03-19,15.118,7.19,7.92,14.491,25.83
2006-03-20,0.0,8.472,7.607,15.964,24.91
2006-03-21,5.174,8.199,7.812,15.723,26.28
2006-03-22,0.173,5.684,8.134,12.705,28.22
2006-03-23,0.0,8.346,8.161,16.17,33.6
2006-03-24,15.872,5.37,7.67,11.964,37.36
2006-03-25,19.251,5.385,7.92,12.214,34.7
2006-03-26,13.411,7.299,7.589,14.402,41.85
2006-03-27,0.418,6.426,8.125,13.652,32.14
2006-03-28,0.0,6.782,8.089,14.098,46.21
2006-03-29,0.0,7.949,7.241,15.0,33.28
2006-03-30,0.0,7.487,8.366,15.17,24.86
2006-03-31,0.0,8.009,7.652,15.384,21.31
2006-04-01,1.698,7.836,6.973,14.696,19.51
2006-04-02,10.41,8.19,8.509,16.241,20.43
2006-04-03,0.0,8.293,8.062,16.071,19.23
2006-04-04,12.635,6.629,7.83,13.732,23.3
2006-04-05,18.163,5.42,8.223,12.509,42.8
2006-04-06,0.0,7.297,7.58,14.438,66.09
2006-04-07,21.445,5.759,7.92,12.696,52.41
2006-04-08,0.0,7.437,7.866,14.821,50.13
2006-04-09,0.0,8.016,6.384,14.598,32.02
2006-04-10,11.096,7.815,6.268,14.268,36.41
2006-04-11,28.424,7.595,7.92,15.107,41.06
2006-04-12,8.107,4.532,7.893,11.179,43.23
2006-04-13,32.751,6.545,7.893,13.741,70.6
2006-04-14,18.559,7.466,7.0,14.357,47.53
2006-04-15,0.0,8.352,7.08,15.598,36.4
2006-04-16,2.488,6.956,6.982,13.652,32.64
2006-04-17,4.247,5.941,8.902,13.741,33.83
2006-04-18,0.0,7.011,8.089,14.518,33.13
2006-04-19,11.421,7.084,6.804,13.714,36.75
2006-04-20,16.531,8.843,7.946,16.92,38.31
2006-04-21,1.086,6.482,7.946,13.759,35.85
2006-04-22,5.182,7.386,8.438,15.33,29.49
2006-04-23,3.379,4.457,8.795,11.938,31.25
2006-04-24,9.621,6.44,8.402,14.089,52.59
2006-04-25,1.398,7.026,8.17,14.696,40.1
2006-04-26,2.925,5.863,8.446,13.402,35.15
2006-04-27,29.639,5.854,8.009,13.071,54.12
2006-04-28,1.822,6.661,7.179,13.527,46.05
2006-04-29,7.846,7.109,8.17,14.875,45.17
2006-04-30,11.3,6.928,7.866,14.411,57.63
2006-05-01,3.851,6.782,8.625,14.795,44.2
2006-05-02,0.957,4.738,8.188,11.83,34.48
2006-05-03,1.328,5.65,9.045,13.643,39.49
2006-05-04,0.191,6.891,8.375,14.759,35.32
2006-05-05,9.012,5.752,8.616,13.473,33.64
2006-05-06,0.0,5.823,8.714,13.643,40.58
2006-05-07,3.151,6.234,8.527,14.054,31.41
2006-05-08,6.402,5.613,8.536,13.25,37.76
2006-05-09,6.377,5.448,8.625,13.125,44.46
2006-05-10,27.665,4.873,8.312,12.17,48.93
2006-05-11,7.077,5.127,8.08,12.321,52.47
2006-05-12,1.889,6.395,7.723,13.75,42.38
2006-05-13,0.0,5.611,8.116,12.991,32.02
2006-05-14,0.0,8.063,5.438,14.589,27.78
2006-05-15,0.0,7.27,6.205,13.955,25.35
2006-05-16,0.0,7.925,7.438,15.705,23.91
2006-05-17,18.705,7.356,8.446,15.625,23.15
2006-05-18,0.0,6.696,8.554,14.83,22.88
2006-05-19,0.0,6.632,7.759,14.188,22.8
2006-05-20,0.0,8.618,7.009,16.518,22.8
2006-05-21,4.085,8.096,7.491,16.107,22.69
2006-05-22,11.009,7.498,8.107,15.661,23.26
2006-05-23,0.0,8.46,4.08,14.473,22.15
2006-05-24,3.083,6.033,8.054,13.625,24.04
2006-05-25,0.0,6.778,8.25,14.821,50.04
2006-05-26,0.0,6.677,8.179,14.643,52.67
2006-05-27,0.0,7.0,7.295,14.464,45.27
2006-05-28,0.0,6.783,8.232,14.83,32.0
2006-05-29,12.067,5.692,7.304,12.661,35.99
2006-05-30,0.0,6.222,7.688,13.688,38.53
2006-05-31,0.0,6.681,8.5,14.92,39.07
2006-06-01,8.64,4.871,8.741,12.67,43.25
2006-06-02,23.542,6.112,7.821,13.67,44.76
2006-06-03,8.64,6.835,8.259,15.0,39.41
2006-06-04,8.47,7.017,8.795,15.652,36.14
2006-06-05,5.5,7.0,7.786,14.92,36.52
2006-06-06,38.384,6.233,8.223,14.152,75.03
2006-06-07,7.563,4.684,8.116,11.982,63.54
2006-06-08,0.437,5.388,8.143,12.964,54.78
2006-06-09,0.978,4.852,7.393,11.634,48.08
2006-06-10,8.712,6.113,8.232,14.027,48.84
2006-06-11,5.989,5.847,6.482,12.384,53.69
2006-06-12,8.555,6.321,7.17,13.562,58.35
2006-06-13,0.0,6.262,6.911,13.286,48.02
2006-06-14,0.0,7.006,6.509,14.107,39.84
2006-06-15,0.865,5.554,7.634,12.821,40.85
2006-06-16,0.0,5.784,7.723,13.223,48.46
2006-06-17,0.0,5.351,6.58,11.768,55.88
2006-06-18,0.0,5.85,7.348,13.036,52.24
2006-06-19,0.0,6.571,6.741,13.634,49.85
2006-06-20,0.35,6.585,7.143,13.955,47.84
2006-06-21,0.0,5.738,8.321,13.598,47.67
2006-06-22,0.0,7.486,8.027,15.857,69.76
2006-06-23,0.0,6.446,7.964,14.33,70.13
2006-06-24,0.0,6.872,6.741,14.08,37.8
2006-06-25,0.0,7.892,5.125,14.545,29.4
2006-06-26,0.0,7.737,6.089,14.92,24.1
2006-06-27,0.0,6.814,7.955,14.839,23.13
2006-06-28,0.0,5.775,8.92,14.107,25.1
2006-06-29,0.0,5.403,8.0,12.893,31.5
2006-06-30,0.0,6.209,8.045,14.036,32.9
2006-07-01,0.0,7.205,7.67,15.196,29.22
2006-07-02,0.0,6.051,9.116,14.607,28.16
2006-07-03,0.0,5.293,8.821,13.375,37.17
2006-07-04,0.0,4.371,7.991,11.491,52.44
2006-07-05,0.0,6.647,6.545,13.616,29.64
2006-07-06,0.0,6.932,6.402,13.902,28.0
2006-07-07,0.0,6.423,7.455,13.875,24.37
2006-07-08,0.0,6.905,6.679,14.045,24.1
2006-07-09,0.0,6.739,6.616,13.732,21.54
2006-07-10,0.0,7.282,5.991,14.107,19.71
2006-07-11,0.0,7.12,6.536,14.223,21.39
2006-07-12,0.0,6.838,7.036,14.152,23.02
2006-07-13,0.0,6.167,8.277,14.062,21.63
2006-07-14,0.0,7.315,7.375,15.045,24.07
2006-07-15,7.921,5.604,8.304,13.33,27.59
2006-07-16,0.0,6.211,8.054,13.938,30.09
2006-07-17,0.0,6.56,7.241,13.875,21.99
2006-07-18,0.0,5.497,8.241,13.089,20.03
2006-07-19,0.0,6.392,7.107,13.491,20.13
2006-07-20,0.0,7.538,5.848,14.295,19.32
2006-07-21,0.0,6.945,6.438,13.795,21.26
2006-07-22,16.094,6.857,6.839,13.938,22.56
2006-07-23,0.0,7.53,6.938,14.982,49.49
2006-07-24,0.0,7.224,6.259,14.036,40.1
2006-07-25,0.194,7.423,7.366,15.054,46.23
2006-07-26,0.778,7.813,6.562,15.045,32.79
2006-07-27,0.2,8.039,6.304,15.205,24.24
2006-07-28,36.324,4.497,6.768,10.536,61.69
2006-07-29,1.677,6.09,6.223,12.321,43.41
2006-07-30,0.0,7.419,5.536,13.768,39.85
2006-07-31,0.0,7.472,6.027,14.152,27.48
2006-08-01,0.0,6.012,6.75,12.571,21.64
2006-08-02,1.944,6.896,6.964,13.946,25.02
2006-08-03,0.0,7.818,4.455,13.607,24.85
2006-08-04,0.0,6.822,5.062,12.509,19.76
2006-08-05,0.0,6.783,6.429,13.357,18.34
2006-08-06,0.0,7.243,6.214,13.857,19.44
2006-08-07,0.0,6.648,6.554,13.232,18.57
2006-08-08,0.0,7.238,6.875,14.277,27.31
2006-08-09,0.212,7.722,7.089,15.089,31.32
2006-08-10,1.603,7.055,8.821,15.357,26.12
2006-08-11,14.712,6.141,8.527,13.92,24.57
2006-08-12,0.0,7.295,6.759,14.214,26.43
2006-08-13,0.0,8.265,5.616,14.839,24.37
2006-08-14,0.0,8.578,5.188,14.973,23.13
2006-08-15,0.271,7.499,6.75,14.455,22.15
2006-08-16,0.0,8.035,6.5,15.027,23.75
2006-08-17,0.0,6.995,6.955,13.866,30.42
2006-08-18,0.0,6.085,8.125,13.473,25.82
2006-08-19,0.0,7.423,7.902,15.089,22.1
2006-08-20,0.0,7.108,7.438,14.312,22.65
2006-08-21,8.762,7.132,7.545,14.429,31.89
2006-08-22,0.239,7.418,6.598,14.143,26.71
2006-08-23,0.0,8.253,6.366,15.134,23.57
2006-08-24,0.0,7.77,7.036,14.893,21.49
2006-08-25,0.672,6.45,7.054,13.098,20.95
2006-08-26,0.251,6.625,7.473,13.634,20.12
2006-08-27,6.418,6.995,6.884,13.696,19.93
2006-08-28,7.8,7.603,6.482,14.268,22.62
2006-08-29,4.007,8.745,6.08,15.562,22.24
2006-08-30,0.277,8.142,6.482,14.973,20.51
2006-08-31,0.0,9.484,6.625,16.902,19.57
2006-09-01,0.636,7.883,8.027,15.625,19.3
2006-09-02,0.0,9.215,6.598,16.5,18.75
2006-09-03,0.0,8.784,6.696,15.938,18.2
2006-09-04,0.0,8.05,8.241,15.982,18.2
2006-09-05,2.368,7.715,8.0,15.375,18.57
2006-09-06,0.0,7.084,7.116,13.911,19.11
2006-09-07,0.164,7.249,6.536,13.732,19.01
2006-09-08,0.0,7.099,7.357,14.071,18.47
2006-09-09,0.0,8.94,6.312,15.884,18.2
2006-09-10,0.0,7.951,7.125,15.054,17.92
2006-09-11,0.0,6.179,7.741,13.125,17.93
2006-09-12,0.0,8.39,6.777,15.411,18.2
2006-09-13,8.784,7.566,8.018,15.143,18.2
2006-09-14,1.939,8.568,7.027,15.804,17.92
2006-09-15,10.323,8.342,5.732,14.634,17.65
2006-09-16,0.0,8.343,7.786,16.0,17.65
2006-09-17,5.027,7.094,7.5,14.134,18.39
2006-09-18,1.234,5.704,7.723,12.491,22.05
2006-09-19,1.762,7.259,8.0,14.714,22.84
2006-09-20,0.0,9.192,5.357,15.58,20.64
2006-09-21,2.204,9.341,5.125,15.634,19.02
2006-09-22,4.657,9.864,6.991,17.527,20.22
2006-09-23,1.004,10.004,7.009,17.705,20.07
2006-09-24,5.639,7.248,7.089,14.089,19.68
2006-09-25,8.376,9.294,6.312,16.33,27.64
2006-09-26,0.0,7.621,7.134,14.598,29.31
2006-09-27,0.0,11.13,5.098,18.107,24.32
2006-09-28,0.0,10.029,5.634,16.911,20.38
2006-09-29,0.0,8.157,6.339,14.804,19.02
2006-09-30,0.13,8.849,6.661,15.964,18.49
2006-10-01,0.0,6.665,8.188,14.089,19.36
2006-10-02,0.726,7.481,8.929,15.688,19.9
2006-10-03,0.0,8.061,7.982,15.804,19.88
2006-10-04,0.0,8.187,8.554,16.366,19.38
2006-10-05,0.0,7.96,8.482,16.018,21.4
2006-10-06,0.0,8.391,7.732,16.089,19.35
2006-10-07,0.0,7.931,6.732,14.812,19.16
2006-10-08,6.102,8.904,6.804,16.196,19.82
2006-10-09,0.0,9.559,6.812,17.098,18.52
2006-10-10,0.0,9.456,7.562,17.464,18.06
2006-10-11,5.979,6.934,8.821,14.973,17.79
2006-10-12,22.277,5.512,8.259,12.759,18.91
2006-10-13,17.872,7.101,8.438,14.982,23.14
2006-10-14,10.749,6.433,8.509,14.134,31.17
2006-10-15,25.685,7.118,8.339,14.946,31.56
2006-10-16,0.0,7.657,7.223,14.902,29.26
2006-10-17,6.584,5.987,7.17,12.625,22.95
2006-10-18,9.879,9.029,6.357,16.259,22.4
2006-10-19,19.907,8.002,5.455,14.241,21.8
2006-10-20,1.044,7.525,7.393,14.884,22.07
2006-10-21,16.562,7.724,7.295,15.098,24.99
2006-10-22,3.692,7.761,8.134,15.75,23.68
2006-10-23,4.011,6.639,7.607,13.857,25.62
2006-10-24,0.0,9.656,5.839,16.893,28.22
2006-10-25,0.0,8.452,7.321,16.152,21.57
2006-10-26,8.245,8.262,7.402,15.964,20.62
2006-10-27,13.014,8.193,8.027,16.304,21.88
2006-10-28,2.605,7.659,7.17,15.018,20.21
2006-10-29,10.604,7.599,8.402,15.795,24.57
2006-10-30,43.715,7.421,7.214,14.75,27.37
2006-10-31,0.0,8.118,6.938,15.554,24.11
2006-11-01,39.176,7.24,8.25,15.295,27.17
2006-11-02,2.461,8.146,8.17,16.473,31.31
2006-11-03,0.58,7.709,8.884,16.357,25.37
2006-11-04,0.0,7.792,6.92,15.125,22.26
2006-11-05,2.168,6.346,8.777,14.455,21.24
2006-11-06,1.573,7.696,7.777,15.634,21.5
2006-11-07,1.794,6.909,7.473,14.312,22.32
2006-11-08,12.788,5.151,8.223,12.554,31.72
2006-11-09,2.231,7.517,7.696,15.393,38.68
2006-11-10,58.434,8.544,6.839,16.277,38.11
2006-11-11,0.0,7.825,7.652,15.795,28.02
2006-11-12,11.331,4.846,8.205,12.143,26.47
2006-11-13,0.639,7.626,7.054,15.161,29.76
2006-11-14,23.915,4.884,7.955,12.009,35.12
2006-11-15,31.689,4.659,7.491,11.348,32.43
2006-11-16,4.669,7.149,6.625,14.241,28.73
2006-11-17,0.0,6.255,7.179,13.357,26.42
2006-11-18,30.1,7.004,5.438,13.25,36.11
2006-11-19,25.95,7.705,5.804,14.545,34.45
2006-11-20,0.0,5.989,8.455,13.938,28.99
2006-11-21,0.0,7.2,8.116,15.366,28.72
2006-11-22,13.58,5.843,7.375,12.938,29.62
2006-11-23,0.0,7.206,7.179,14.759,27.34
2006-11-24,2.265,6.141,8.607,14.304,24.06
2006-11-25,4.157,5.972,8.545,14.027,23.53
2006-11-26,17.643,7.823,8.25,16.438,22.89
2006-11-27,0.0,6.502,8.036,14.411,22.64
2006-11-28,0.0,8.953,7.438,17.545,23.07
2006-11-29,1.484,7.273,7.438,15.125,23.23
2006-11-30,0.0,6.918,8.375,15.259,22.39
2006-12-01,4.741,8.361,6.598,16.152,21.22
2006-12-02,0.0,7.09,8.366,15.491,22.01
2006-12-03,0.0,7.73,7.491,15.866,21.43
2006-12-04,5.296,8.093,8.83,17.286,20.32
2006-12-05,13.977,6.45,8.446,14.688,22.54
2006-12-06,11.293,7.347,9.339,16.634,27.51
2006-12-07,11.401,5.635,8.777,13.83,35.57
2006-12-08,0.534,6.937,7.92,15.027,28.17
2006-12-09,24.16,5.014,9.196,13.321,30.51
2006-12-10,0.0,7.301,7.741,15.464,25.21
2006-12-11,5.942,7.143,7.205,14.857,22.72
2006-12-12,44.718,5.98,7.446,13.33,22.96
2006-12-13,0.0,6.158,8.848,14.634,22.47
2006-12-14,0.0,6.686,8.446,15.08,21.51
2006-12-15,0.0,6.723,7.732,14.607,21.23
2006-12-16,0.0,5.78,8.402,13.768,22.46
2006-12-17,0.0,7.866,5.777,15.0,21.77
2006-12-18,0.0,6.494,8.268,14.688,21.68
2006-12-19,14.804,6.274,8.491,14.518,22.15
2006-12-20,31.506,5.028,8.884,13.107,23.21
2006-12-21,20.18,6.597,7.964,14.607,25.77
2006-12-22,1.046,6.714,7.911,14.723,23.63
2006-12-23,0.0,6.478,7.688,14.223,22.2
2006-12-24,0.276,7.533,8.42,16.241,22.12
2006-12-25,0.0,7.746,7.696,16.045,21.24
2006-12-26,0.0,6.391,7.518,13.973,21.36
2006-12-27,0.0,6.195,7.884,13.938,20.95
2006-12-28,0.0,7.023,8.42,15.509,20.4
2006-12-29,0.0,6.136,8.571,14.375,20.12
2006-12-30,0.0,7.53,6.509,14.929,19.57
2006-12-31,0.0,7.122,6.018,13.982,19.02
2007-01-01,2.911,7.526,6.732,15.062,18.75
2007-01-02,1.433,6.673,7.821,14.562,18.47
2007-01-03,0.0,8.159,5.812,15.384,18.2
2007-01-04,0.0,7.446,5.33,13.982,17.92
2007-01-05,0.0,8.024,5.643,15.036,17.65
2007-01-06,0.0,7.995,6.08,15.277,17.65
2007-01-07,0.0,6.357,8.259,14.375,17.65
2007-01-08,0.0,6.161,8.83,14.509,17.86
2007-01-09,12.118,6.693,8.938,15.339,17.78
2007-01-10,0.0,7.146,9.143,16.089,18.09
2007-01-11,0.0,6.985,8.312,15.25,17.65
2007-01-12,0.0,9.01,8.473,18.214,17.39
2007-01-13,3.523,6.757,9.196,15.545,17.65
2007-01-14,12.444,6.709,8.509,14.991,17.65
2007-01-15,0.0,7.345,9.634,16.643,17.65
2007-01-16,0.0,7.49,8.929,16.33,17.65
2007-01-17,0.0,6.898,9.188,15.67,17.65
2007-01-18,9.099,8.853,8.652,18.027,17.75
2007-01-19,5.647,7.072,9.375,16.036,18.2
2007-01-20,0.0,8.03,8.616,16.804,18.64
2007-01-21,0.0,6.638,9.464,15.473,19.07
2007-01-22,0.0,7.394,9.464,16.491,19.27
2007-01-23,0.421,8.302,7.848,16.607,18.2
2007-01-24,0.0,7.168,8.429,15.402,17.92
2007-01-25,0.421,5.951,9.589,14.634,17.82
2007-01-26,29.737,6.329,8.946,14.634,18.99
2007-01-27,0.0,9.183,8.616,18.304,18.68
2007-01-28,0.0,9.327,6.982,17.411,16.28
2007-01-29,0.0,9.954,5.848,17.58,14.5
2007-01-30,0.0,8.449,6.205,15.616,13.5
2007-01-31,0.0,8.925,6.241,16.312,12.5
2007-02-01,4.483,10.25,6.089,18.062,11.5
2007-02-02,0.0,10.39,5.938,18.134,11.0
2007-02-03,0.0,10.643,5.821,18.393,11.0
2007-02-04,0.0,10.355,5.188,17.589,11.0
2007-02-05,0.0,10.371,6.071,18.116,11.0
2007-02-06,0.0,10.698,5.33,18.107,11.0
2007-02-07,0.0,9.669,4.562,16.179,10.77
2007-02-08,0.354,10.627,4.964,17.741,10.55
2007-02-09,0.0,8.991,6.152,16.134,10.58
2007-02-10,4.902,7.55,8.161,15.464,11.21
2007-02-11,0.0,9.667,7.009,17.58,10.77
2007-02-12,0.0,8.706,6.277,15.777,10.55
2007-02-13,2.097,10.677,6.089,18.357,10.33
2007-02-14,47.868,9.011,7.438,16.893,11.0
2007-02-15,0.429,8.306,7.241,15.786,11.46
2007-02-16,0.146,6.866,7.634,14.098,10.78
2007-02-17,0.172,7.594,7.884,15.25,11.45
2007-02-18,0.268,9.445,6.295,16.723,11.78
2007-02-19,0.162,8.093,6.911,15.232,12.8
2007-02-20,0.0,8.912,4.679,14.929,11.98
2007-02-21,0.0,8.612,6.179,15.429,11.9
2007-02-22,0.0,9.943,4.938,16.5,11.25
2007-02-23,0.0,9.814,5.0,16.33,10.77
2007-02-24,0.0,8.544,4.92,14.482,10.55
2007-02-25,0.348,7.065,7.277,14.0,10.55
2007-02-26,0.0,6.817,7.277,13.661,12.3
2007-02-27,0.0,9.157,5.554,15.688,13.01
2007-02-28,0.0,9.753,5.545,16.482,11.75
2007-03-01,0.0,9.402,6.018,16.277,11.25
2007-03-02,0.0,8.729,5.857,15.241,10.77
2007-03-03,0.0,8.739,6.464,15.652,10.32
2007-03-04,0.0,6.623,7.884,13.786,10.33
2007-03-05,0.0,7.17,7.259,14.045,11.13
2007-03-06,4.862,8.657,6.696,15.67,13.19
2007-03-07,12.334,7.402,8.491,15.205,13.5
2007-03-08,0.697,7.177,8.098,14.643,12.25
2007-03-09,0.0,8.026,7.339,15.205,14.05
2007-03-10,10.68,7.328,7.616,14.455,19.78
2007-03-11,6.419,8.191,7.33,15.384,17.25
2007-03-12,3.716,7.867,7.295,14.938,14.05
2007-03-13,3.349,8.916,6.045,15.527,13.26
2007-03-14,12.492,7.011,6.821,13.473,13.85
2007-03-15,2.761,7.987,5.902,14.161,13.25
2007-03-16,0.948,8.646,6.098,15.188,12.99
2007-03-17,25.591,8.588,7.473,16.009,13.74
2007-03-18,0.536,7.246,6.884,13.848,16.09
2007-03-19,1.207,6.64,8.205,13.964,15.55
2007-03-20,0.591,6.248,8.607,13.777,14.5
2007-03-21,15.361,6.664,8.393,14.116,14.0
2007-03-22,2.366,6.539,8.107,13.759,15.38
2007-03-23,17.468,6.577,7.83,13.607,20.8
2007-03-24,6.363,6.815,7.58,13.741,25.43
2007-03-25,24.829,4.51,7.991,11.188,20.48
2007-03-26,0.0,7.923,7.562,15.179,21.01
2007-03-27,0.0,7.868,7.946,15.384,19.33
2007-03-28,3.124,7.631,8.562,15.571,27.26
2007-03-29,0.0,6.928,8.321,14.464,33.96
2007-03-30,0.0,7.837,7.973,15.393,31.31
2007-03-31,0.0,7.655,7.911,15.098,29.18
2007-04-01,0.0,7.454,8.482,15.25,25.33
2007-04-02,1.511,5.574,9.25,13.482,24.55
2007-04-03,0.0,7.286,8.875,15.321,29.72
2007-04-04,34.661,7.272,7.518,14.339,31.6
2007-04-05,12.58,6.931,9.223,15.179,31.35
2007-04-06,18.253,6.371,7.946,13.527,38.72
2007-04-07,0.0,6.828,7.179,13.518,31.67
2007-04-08,1.617,7.626,7.58,14.884,28.33
2007-04-09,17.958,6.792,7.688,13.866,31.97
2007-04-10,0.0,9.116,6.268,16.027,27.23
2007-04-11,2.202,7.575,7.661,14.902,25.01
2007-04-12,0.0,7.996,8.482,16.036,23.13
2007-04-13,0.0,7.023,7.795,14.277,23.14
2007-04-14,13.222,6.155,8.17,13.42,23.91
2007-04-15,2.232,8.078,7.955,15.804,24.59
2007-04-16,0.0,5.558,8.152,12.661,23.67
2007-04-17,0.0,7.282,8.723,15.312,25.08
2007-04-18,7.568,7.275,8.205,14.938,26.13
2007-04-19,29.938,7.367,8.152,15.045,32.1
2007-04-20,7.571,4.529,7.795,11.17,37.61
2007-04-21,25.507,5.916,7.696,12.821,52.63
2007-04-22,5.277,6.298,6.786,12.688,40.06
2007-04-23,9.457,8.137,7.286,15.545,38.54
2007-04-24,0.0,7.407,7.982,15.045,34.21
2007-04-25,21.255,6.017,8.321,13.482,47.84
2007-04-26,15.409,6.924,8.188,14.598,43.18
2007-04-27,5.129,7.297,7.964,14.946,41.18
2007-04-28,6.041,5.768,8.295,13.161,35.48
2007-04-29,1.75,5.535,8.366,12.955,33.6
2007-04-30,0.0,6.202,7.884,13.446,36.09
2007-05-01,0.37,6.702,8.5,14.58,35.83
2007-05-02,0.0,7.67,8.179,15.67,35.15
2007-05-03,0.0,6.041,8.911,14.071,32.23
2007-05-04,0.0,6.248,9.134,14.509,31.46
2007-05-05,0.0,7.204,9.0,15.652,30.58
2007-05-06,0.674,6.832,9.045,15.196,28.03
2007-05-07,0.0,8.197,9.161,17.134,26.39
2007-05-08,14.645,5.709,9.259,13.955,30.79
2007-05-09,11.219,5.604,9.848,14.286,36.11
2007-05-10,1.976,5.411,8.83,13.277,31.62
2007-05-11,0.0,5.99,8.339,13.634,28.29
2007-05-12,0.0,5.858,7.652,12.955,27.88
2007-05-13,0.268,5.996,8.25,13.598,33.89
2007-05-14,0.0,6.816,8.357,14.795,32.14
2007-05-15,0.0,5.755,8.92,13.821,28.96
2007-05-16,2.331,6.652,8.33,14.571,27.84
2007-05-17,0.537,7.258,8.848,15.777,27.34
2007-05-18,27.263,4.741,8.518,12.241,28.31
2007-05-19,0.0,6.928,8.616,15.214,29.31
2007-05-20,0.0,6.448,9.286,15.062,30.04
2007-05-21,24.399,6.865,7.554,14.411,42.88
2007-05-22,14.626,7.314,6.92,14.616,46.02
2007-05-23,6.188,7.985,6.143,15.071,32.68
2007-05-24,0.399,6.504,8.295,14.455,28.8
2007-05-25,15.85,6.171,7.804,13.661,28.52
2007-05-26,4.021,6.302,7.777,13.848,28.4
2007-05-27,2.452,7.73,7.259,15.527,29.04
2007-05-28,29.888,6.336,7.652,13.804,31.72
2007-05-29,13.98,5.421,7.688,12.58,29.81
2007-05-30,11.06,5.18,7.607,12.196,37.43
2007-05-31,7.592,4.568,7.634,11.393,35.44
2007-06-01,3.271,6.585,7.607,14.161,35.2
2007-06-02,19.076,5.031,8.08,12.384,37.47
2007-06-03,7.223,5.704,8.241,13.42,39.79
2007-06-04,0.951,5.374,7.652,12.536,32.62
2007-06-05,21.756,5.833,7.348,12.955,31.51
2007-06-06,1.942,7.351,6.777,14.741,31.37
2007-06-07,0.0,5.811,8.312,13.67,32.35
2007-06-08,0.0,6.118,7.589,13.554,33.48
2007-06-09,0.0,6.406,6.92,13.464,37.59
2007-06-10,0.0,5.72,7.268,12.777,34.24
2007-06-11,0.0,5.633,7.857,13.116,32.49
2007-06-12,19.737,6.268,7.134,13.446,30.57
2007-06-13,2.169,6.933,5.75,13.464,29.11
2007-06-14,0.0,6.84,6.5,13.857,37.01
2007-06-15,0.0,6.628,6.955,13.848,38.4
2007-06-16,2.895,6.481,6.964,13.67,35.14
2007-06-17,2.33,6.138,7.196,13.321,38.1
2007-06-18,0.0,6.198,7.607,13.696,32.55
2007-06-19,0.0,5.668,8.107,13.348,29.76
2007-06-20,0.0,6.166,8.045,14.0,33.05
2007-06-21,0.0,7.492,5.804,14.384,31.79
2007-06-22,2.391,5.737,7.027,12.625,41.84
2007-06-23,3.478,5.52,7.402,12.607,42.6
2007-06-24,0.0,5.306,8.348,13.045,44.92
2007-06-25,0.0,5.238,7.973,12.661,51.35
2007-06-26,0.0,6.51,6.875,13.679,42.29
2007-06-27,0.0,6.002,8.08,13.786,45.95
2007-06-28,0.0,6.212,7.5,13.652,35.48
2007-06-29,0.0,5.581,7.179,12.545,30.6
2007-06-30,0.0,5.825,6.491,12.366,29.97
2007-07-01,0.0,5.88,6.304,12.33,31.88
2007-07-02,0.0,4.772,7.777,11.848,29.49
2007-07-03,0.0,6.387,6.866,13.438,27.46
2007-07-04,0.0,7.951,6.241,15.321,25.39
2007-07-05,0.0,7.695,6.286,14.955,24.1
2007-07-06,0.0,6.75,6.866,13.946,23.12
2007-07-07,0.0,6.678,7.054,13.955,22.96
2007-07-08,0.0,7.874,6.759,15.5,23.56
2007-07-09,17.183,6.365,7.214,13.616,27.97
2007-07-10,1.2,6.866,6.571,13.875,28.06
2007-07-11,0.0,5.636,8.616,13.607,27.55
2007-07-12,0.0,6.736,7.223,14.134,26.05
2007-07-13,0.0,7.131,8.607,15.652,29.5
2007-07-14,0.0,6.76,8.205,14.83,27.3
2007-07-15,0.0,7.332,7.866,15.402,27.69
2007-07-16,0.0,7.065,6.75,14.232,30.32
2007-07-17,14.384,8.531,6.634,16.268,37.24
2007-07-18,0.0,8.043,6.821,15.661,27.42
2007-07-19,0.0,6.969,6.723,14.036,25.17
2007-07-20,0.0,6.36,6.589,13.054,23.95
2007-07-21,0.823,6.248,7.232,13.366,26.12
2007-07-22,1.112,7.412,6.571,14.562,27.72
2007-07-23,36.183,7.014,6.357,13.83,35.09
2007-07-24,1.664,6.929,7.054,14.152,27.77
2007-07-25,2.087,7.321,7.08,14.696,28.4
2007-07-26,0.0,7.275,7.205,14.741,25.67
2007-07-27,0.0,5.964,7.848,13.339,25.26
2007-07-28,0.0,7.496,5.946,14.17,24.52
2007-07-29,0.0,6.922,6.518,13.732,22.48
2007-07-30,1.75,7.947,4.723,14.009,21.22
2007-07-31,0.0,8.146,4.741,14.295,20.55
2007-08-01,4.599,6.661,6.179,13.062,20.4
2007-08-02,0.0,6.383,7.964,13.938,20.56
2007-08-03,0.439,5.358,7.848,12.482,22.5
2007-08-04,0.0,6.904,8.214,14.804,26.92
2007-08-05,6.453,5.642,8.107,13.009,31.35
2007-08-06,0.0,6.999,7.116,14.125,25.64
2007-08-07,0.0,7.484,6.938,14.652,25.24
2007-08-08,0.0,6.419,7.518,13.58,31.57
2007-08-09,2.142,7.402,7.67,15.036,31.05
2007-08-10,0.0,7.243,6.214,13.786,24.25
2007-08-11,0.0,6.994,5.973,13.277,26.91
2007-08-12,0.0,7.679,7.321,15.143,28.34
2007-08-13,0.0,7.226,7.143,14.357,27.05
2007-08-14,0.0,7.583,6.277,14.259,24.34
2007-08-15,1.014,6.679,7.714,13.982,27.37
2007-08-16,0.0,7.95,7.384,15.509,27.37
2007-08-17,0.0,6.284,7.723,13.438,29.19
2007-08-18,0.0,6.74,7.491,13.884,28.28
2007-08-19,0.0,7.372,6.723,14.205,24.47
2007-08-20,0.0,6.06,8.339,13.589,23.59
2007-08-21,0.0,5.052,7.455,11.598,27.78
2007-08-22,0.0,6.809,6.83,13.464,29.33
2007-08-23,0.0,8.861,4.75,14.964,26.59
2007-08-24,0.0,8.238,7.241,15.661,24.26
2007-08-25,33.082,7.81,7.107,14.991,25.7
2007-08-26,0.0,8.213,5.821,14.732,30.19
2007-08-27,0.0,7.734,7.161,14.938,41.86
2007-08-28,0.0,7.672,7.562,15.089,31.67
2007-08-29,9.302,6.503,7.759,13.652,29.92
2007-08-30,41.838,7.133,6.866,13.857,32.14
2007-08-31,0.0,7.937,5.554,14.08,28.08
2007-09-01,0.0,6.073,6.768,12.339,24.72
2007-09-02,0.0,5.719,8.036,12.804,22.8
2007-09-03,0.0,7.15,6.179,13.366,21.68
2007-09-04,0.747,8.76,6.143,15.562,21.5
2007-09-05,0.0,8.002,7.598,15.482,21.77
2007-09-06,0.0,8.75,5.83,15.339,22.8
2007-09-07,0.0,6.732,7.286,13.554,21.14
2007-09-08,0.0,7.457,7.527,14.688,18.75
2007-09-09,0.0,6.277,8.018,13.482,17.1
2007-09-10,0.0,8.525,6.116,15.17,16.77
2007-09-11,0.0,7.642,7.562,14.938,17.86
2007-09-12,0.0,8.711,5.688,15.152,19.53
2007-09-13,3.474,7.771,6.482,14.384,19.67
2007-09-14,1.026,8.221,8.42,16.277,20.45
2007-09-15,7.482,6.402,8.17,13.732,22.05
2007-09-16,2.145,6.722,7.991,14.009,24.73
2007-09-17,0.0,7.878,6.375,14.438,23.58
2007-09-18,0.0,9.384,7.071,16.92,18.88
2007-09-19,1.883,7.804,8.25,15.598,17.65
2007-09-20,0.0,8.339,7.571,15.848,18.51
2007-09-21,1.073,8.891,6.554,15.929,19.48
2007-09-22,0.0,9.361,6.571,16.58,18.93
2007-09-23,10.312,9.093,7.009,16.491,17.37
2007-09-24,0.0,8.783,6.321,15.652,17.21
2007-09-25,0.473,6.845,8.196,14.312,19.9
2007-09-26,2.818,8.176,7.839,15.83,19.23
2007-09-27,3.64,7.548,7.027,14.438,18.72
2007-09-28,0.0,7.596,7.143,14.58,17.92
2007-09-29,0.0,6.427,7.759,13.491,17.92
2007-09-30,0.0,7.857,6.205,14.321,18.46
2007-10-01,3.704,6.308,7.857,13.393,18.47
2007-10-02,0.0,8.189,6.938,15.25,17.92
2007-10-03,0.0,8.982,7.018,16.393,18.22
2007-10-04,0.0,8.565,7.625,16.232,19.09
2007-10-05,5.844,7.758,6.143,14.196,19.99
2007-10-06,18.23,9.889,6.062,17.116,22.7
2007-10-07,2.088,7.828,5.973,14.188,24.32
2007-10-08,10.294,7.219,7.455,14.375,30.2
2007-10-09,41.035,4.403,7.679,10.902,43.47
2007-10-10,0.792,8.418,5.696,14.857,34.04
2007-10-11,8.563,7.679,6.0,14.045,27.61
2007-10-12,10.332,6.921,7.455,14.0,26.38
2007-10-13,0.0,7.591,7.295,14.812,26.18
2007-10-14,20.876,7.018,8.143,14.643,39.42
2007-10-15,35.674,7.457,7.741,14.973,43.16
2007-10-16,4.946,7.958,7.589,15.536,36.15
2007-10-17,18.658,7.532,8.223,15.429,29.45
2007-10-18,14.104,5.92,7.232,12.58,35.19
2007-10-19,11.116,6.264,7.545,13.268,45.95
2007-10-20,23.019,5.538,7.375,12.179,52.51
2007-10-21,0.27,6.953,6.777,13.696,41.64
2007-10-22,23.375,6.836,7.696,14.179,40.16
2007-10-23,0.0,8.051,7.286,15.571,37.25
2007-10-24,0.27,7.842,7.402,15.384,34.49
2007-10-25,20.059,7.137,7.438,14.455,34.11
2007-10-26,7.431,8.049,7.062,15.464,34.59
2007-10-27,16.667,7.254,7.393,14.58,34.99
2007-10-28,13.784,7.097,7.018,14.125,38.4
2007-10-29,6.919,6.73,7.214,13.804,38.87
2007-10-30,16.972,8.798,7.188,16.688,41.32
2007-10-31,16.409,6.172,7.554,13.286,36.84
2007-11-01,50.821,7.851,7.536,15.607,34.69
2007-11-02,0.0,6.761,7.964,14.42,38.79
2007-11-03,0.0,6.888,7.955,14.589,42.51
2007-11-04,44.414,6.696,8.027,14.402,42.99
2007-11-05,0.0,8.105,6.821,15.527,41.98
2007-11-06,8.392,7.957,7.589,15.875,34.65
2007-11-07,0.0,6.801,7.643,14.295,28.7
2007-11-08,3.751,7.269,8.17,15.339,30.8
2007-11-09,41.268,4.513,8.116,11.607,49.42
2007-11-10,0.0,6.044,7.116,12.92,41.49
2007-11-11,7.479,6.799,7.17,14.0,37.1
2007-11-12,18.651,6.874,6.062,13.393,36.75
2007-11-13,2.565,6.814,6.607,13.661,29.05
2007-11-14,0.0,8.696,8.241,17.509,30.8
2007-11-15,0.0,7.229,6.688,14.357,35.0
2007-11-16,1.592,6.63,9.018,15.188,34.65
2007-11-17,10.577,5.889,8.688,13.938,46.13
2007-11-18,1.203,5.64,8.009,13.107,32.9
2007-11-19,0.0,7.491,7.054,15.045,30.1
2007-11-20,0.0,8.541,5.098,15.33,24.75
2007-11-21,0.0,6.445,7.357,13.777,20.95
2007-11-22,0.0,8.103,8.339,16.839,21.23
2007-11-23,12.842,6.658,8.125,14.643,20.95
2007-11-24,0.0,7.077,7.839,15.062,27.67
2007-11-25,7.758,7.351,8.411,15.875,28.7
2007-11-26,0.0,7.893,7.188,15.812,27.67
2007-11-27,0.0,8.779,5.152,15.812,18.75
2007-11-28,2.118,7.334,6.884,14.812,17.38
2007-11-29,0.0,6.602,7.321,14.054,20.4
2007-11-30,0.0,5.13,8.107,12.571,23.45
2007-12-01,29.245,5.908,7.527,13.25,38.88
2007-12-02,0.0,6.381,7.304,13.795,28.38
2007-12-03,0.0,5.206,8.089,12.732,24.42
2007-12-04,0.32,7.855,4.902,14.402,26.38
2007-12-05,0.0,8.084,4.554,14.536,20.13
2007-12-06,0.0,8.697,5.393,15.946,18.48
2007-12-07,0.0,7.718,6.714,15.357,18.75
2007-12-08,24.461,7.511,7.277,15.429,20.13
2007-12-09,0.0,5.666,7.759,13.116,26.38
2007-12-10,0.0,5.815,7.723,13.286,43.36
2007-12-11,1.381,6.794,6.589,13.92,20.4
2007-12-12,14.166,5.99,8.027,13.786,19.58
2007-12-13,59.529,5.809,7.741,13.33,19.58
2007-12-14,15.309,6.408,7.705,14.17,24.75
2007-12-15,0.0,5.435,8.062,13.036,24.75
2007-12-16,3.822,6.235,7.705,13.911,33.25
2007-12-17,6.065,5.355,7.759,12.705,55.2
2007-12-18,25.949,7.041,6.527,14.259,43.36
2007-12-19,0.0,5.516,7.973,13.116,44.06
2007-12-20,0.0,5.951,8.036,13.741,39.55
2007-12-21,0.0,7.149,6.795,14.598,39.55
2007-12-22,27.225,7.135,6.866,14.625,31.5
2007-12-23,0.0,6.485,8.536,14.857,57.15
2007-12-24,1.154,7.036,8.366,15.509,47.78
2007-12-25,0.0,6.99,8.848,15.786,37.1
2007-12-26,16.609,5.516,8.402,13.375,38.5
2007-12-27,19.088,7.583,7.857,15.946,44.06
2007-12-28,0.0,7.458,8.107,15.929,40.6
2007-12-29,0.0,7.556,7.679,15.75,38.15
2007-12-30,0.0,8.564,5.482,15.83,30.45
2007-12-31,0.0,7.127,7.134,14.759,31.5
2008-01-01,0.0,8.04,4.938,14.696,26.04
2008-01-02,4.942,6.204,7.375,13.571,29.18
2008-01-03,18.549,5.857,7.964,13.518,33.33
2008-01-04,0.0,7.156,7.357,14.911,25.75
2008-01-05,0.0,5.758,8.866,14.054,32.73
2008-01-06,0.0,7.385,8.152,15.777,28.37
2008-01-07,0.0,7.095,6.929,14.482,26.08
2008-01-08,1.925,6.6,8.25,14.705,41.85
2008-01-09,33.647,4.259,8.134,11.438,38.79
2008-01-10,0.0,7.33,7.625,15.321,29.39
2008-01-11,0.0,6.616,7.527,14.188,26.79
2008-01-12,0.0,7.07,7.214,14.607,24.81
2008-01-13,0.0,7.106,7.286,14.696,22.94
2008-01-14,4.361,6.037,8.036,13.696,23.84
2008-01-15,0.0,6.858,7.402,14.384,23.1
2008-01-16,31.802,6.209,8.071,13.946,23.7
2008-01-17,0.0,5.835,7.839,13.259,24.68
2008-01-18,0.0,6.74,7.723,14.438,21.16
2008-01-19,0.0,6.965,5.098,12.929,20.22
2008-01-20,0.0,7.844,5.0,14.143,19.3
2008-01-21,0.0,6.349,7.312,13.527,18.45
2008-01-22,0.0,7.466,7.598,15.286,17.67
2008-01-23,0.0,7.774,7.339,15.536,17.01
2008-01-24,0.0,6.972,8.482,15.188,20.59
2008-01-25,0.0,7.57,8.768,16.205,24.22
2008-01-26,58.95,6.645,8.33,14.607,24.8
2008-01-27,0.0,6.037,7.955,13.509,30.82
2008-01-28,0.0,6.031,8.179,13.625,29.72
2008-01-29,4.965,6.715,7.723,14.241,33.54
2008-01-30,0.0,6.631,7.696,14.071,26.76
2008-01-31,0.0,6.289,7.902,13.75,24.78
2008-02-01,0.0,6.933,7.554,14.375,20.4
2008-02-02,0.0,7.977,6.125,14.884,18.27
2008-02-03,0.0,7.791,5.491,14.152,17.81
2008-02-04,0.0,7.48,5.875,13.92,16.85
2008-02-05,0.0,7.032,6.804,13.893,17.1
2008-02-06,0.0,6.454,6.902,13.161,16.6
2008-02-07,0.0,6.597,7.857,14.009,16.3
2008-02-08,0.0,7.34,7.062,14.473,16.23
2008-02-09,0.0,6.371,8.188,13.938,16.28
2008-02-10,1.654,5.717,8.446,13.241,21.86
2008-02-11,0.0,7.324,7.071,14.411,24.11
2008-02-12,0.0,7.8,7.75,15.518,26.19
2008-02-13,0.0,7.425,8.946,15.83,26.23
2008-02-14,0.0,6.315,8.884,14.321,33.69
2008-02-15,0.802,7.356,8.25,15.188,29.1
2008-02-16,14.284,6.14,7.812,13.268,27.9
2008-02-17,27.148,6.463,7.348,13.339,40.78
2008-02-18,36.136,8.823,7.804,16.866,43.91
2008-02-19,17.659,6.547,7.929,13.848,54.85
2008-02-20,0.663,6.027,8.062,13.259,67.58
2008-02-21,15.311,7.904,7.071,15.089,56.43
2008-02-22,0.0,7.799,7.33,15.098,49.21
2008-02-23,34.242,7.832,6.991,14.866,47.76
2008-02-24,0.0,7.023,7.634,14.188,34.48
2008-02-25,0.0,5.757,8.054,12.848,34.11
2008-02-26,8.867,7.18,6.759,13.804,26.71
2008-02-27,4.534,7.675,6.393,14.188,23.94
2008-02-28,13.482,6.043,7.116,12.518,24.17
2008-02-29,0.0,7.595,6.723,14.286,33.07
2008-03-01,0.0,9.093,5.491,15.536,25.6
2008-03-02,0.0,7.739,7.795,15.205,23.28
2008-03-03,0.0,7.241,7.5,14.312,24.29
2008-03-04,13.279,6.517,7.732,13.509,22.02
2008-03-05,22.404,8.106,6.509,14.804,36.16
2008-03-06,35.981,6.185,7.518,12.92,40.64
2008-03-07,2.766,8.356,7.0,15.491,41.35
2008-03-08,17.043,7.76,6.759,14.473,36.85
2008-03-09,0.355,7.47,6.804,14.107,30.08
2008-03-10,8.042,7.216,7.884,14.509,30.96
2008-03-11,12.767,6.943,7.884,14.188,36.67
2008-03-12,0.0,7.68,6.768,14.339,24.86
2008-03-13,26.348,5.986,7.152,12.366,58.07
2008-03-14,11.996,5.434,7.196,11.696,54.15
2008-03-15,5.665,7.812,6.312,14.223,69.34
2008-03-16,0.0,8.16,6.268,14.643,37.89
2008-03-17,5.246,6.662,7.473,13.455,37.25
2008-03-18,0.0,7.524,6.402,13.857,30.09
2008-03-19,0.0,7.066,7.375,13.911,24.81
2008-03-20,0.0,7.278,7.143,14.027,27.78
2008-03-21,2.572,7.767,7.357,14.848,27.45
2008-03-22,6.866,6.115,8.607,13.598,23.96
2008-03-23,0.0,7.447,8.25,15.045,22.37
2008-03-24,0.0,8.944,7.973,16.812,22.07
2008-03-25,0.0,7.712,8.518,15.589,21.66
2008-03-26,0.0,7.57,8.259,15.214,22.2
2008-03-27,0.282,7.121,8.902,15.116,19.94
2008-03-28,9.092,7.434,7.616,14.607,24.23
2008-03-29,32.894,7.367,7.973,14.75,30.65
2008-03-30,11.035,6.954,7.688,14.027,28.2
2008-03-31,15.937,5.673,7.839,12.491,39.58
2008-04-01,19.615,6.403,7.491,13.214,77.01
2008-04-02,0.0,8.515,6.518,15.366,41.42
2008-04-03,0.0,9.138,4.339,14.83,29.33
2008-04-04,0.0,8.606,4.598,14.232,24.8
2008-04-05,1.559,7.42,5.607,13.241,26.76
2008-04-06,0.0,7.792,6.509,14.375,28.29
2008-04-07,15.415,8.348,6.643,15.241,42.49
2008-04-08,0.0,9.168,6.027,15.991,28.06
2008-04-09,21.177,7.395,7.009,14.196,30.57
2008-04-10,0.0,6.407,7.545,13.277,34.22
2008-04-11,2.872,6.214,7.741,13.179,40.56
2008-04-12,0.0,6.271,7.688,13.214,32.65
2008-04-13,9.309,7.031,7.196,13.938,39.15
2008-04-14,0.0,7.425,7.241,14.482,33.23
2008-04-15,15.916,7.236,7.312,14.268,59.96
2008-04-16,5.892,7.178,8.179,14.804,42.65
2008-04-17,0.0,6.846,6.991,13.536,34.8
2008-04-18,8.396,7.085,7.277,14.071,28.49
2008-04-19,0.986,6.252,8.42,13.83,28.75
2008-04-20,0.0,7.159,8.071,14.732,27.09
2008-04-21,11.968,6.862,8.143,14.429,42.85
2008-04-22,0.0,7.991,7.777,15.679,32.75
2008-04-23,0.0,5.678,8.866,13.455,29.31
2008-04-24,33.959,6.567,7.768,13.821,47.31
2008-04-25,0.0,6.349,7.795,13.527,41.77
2008-04-26,34.498,6.648,7.839,13.991,91.43
2008-04-27,10.378,6.491,7.786,13.75,86.56
2008-04-28,0.0,8.561,7.75,16.545,59.01
2008-04-29,0.0,7.999,8.616,16.357,43.1
2008-04-30,11.194,9.007,7.625,17.098,41.88
2008-05-01,9.42,6.523,7.679,13.759,48.83
2008-05-02,28.62,6.463,7.652,13.652,75.87
2008-05-03,0.0,5.861,7.625,12.839,57.69
2008-05-04,1.331,5.858,7.527,12.795,56.57
2008-05-05,0.0,6.291,8.152,13.839,48.37
2008-05-06,0.0,6.531,8.67,14.545,51.49
2008-05-07,0.0,7.544,8.304,15.661,37.71
2008-05-08,7.996,6.263,8.705,14.259,33.86
2008-05-09,0.0,6.131,8.536,13.973,44.88
2008-05-10,0.0,7.239,7.571,14.795,42.71
2008-05-11,0.0,6.857,7.554,14.241,30.97
2008-05-12,0.0,6.677,7.67,14.098,28.91
2008-05-13,0.0,7.119,7.804,14.821,26.7
2008-05-14,0.0,6.899,8.929,15.321,25.24
2008-05-15,1.136,6.545,8.893,14.839,26.32
2008-05-16,0.0,6.063,8.634,14.027,30.4
2008-05-17,0.0,5.53,8.446,13.188,30.31
2008-05-18,16.433,7.341,7.795,15.214,39.79
2008-05-19,5.914,5.954,8.545,13.839,43.54
2008-05-20,21.718,5.078,8.33,12.545,53.37
2008-05-21,11.017,8.091,7.857,16.348,70.88
2008-05-22,18.043,5.778,7.705,13.009,61.35
2008-05-23,15.621,4.814,7.893,11.902,86.81
2008-05-24,5.712,6.312,7.741,13.804,61.38
2008-05-25,19.738,6.277,7.866,13.866,68.5
2008-05-26,0.921,6.477,7.634,14.009,74.51
2008-05-27,8.837,6.194,7.938,13.821,58.97
2008-05-28,27.161,4.508,8.402,11.964,60.14
2008-05-29,1.748,6.55,6.795,13.545,47.16
2008-05-30,0.32,6.524,6.116,13.045,43.91
2008-05-31,9.135,7.087,6.071,13.839,43.82
2008-06-01,0.0,6.596,7.884,14.384,49.29
2008-06-02,0.0,5.793,7.25,12.804,43.86
2008-06-03,6.951,5.723,7.384,12.795,47.12
2008-06-04,0.0,5.29,7.679,12.429,52.67
2008-06-05,0.0,6.159,7.705,13.67,53.44
2008-06-06,0.0,5.74,8.348,13.58,44.55
2008-06-07,0.0,6.615,7.866,14.455,58.29
2008-06-08,0.0,5.917,8.17,13.714,54.52
2008-06-09,0.0,7.043,7.884,15.062,54.48
2008-06-10,1.676,6.595,8.339,14.786,41.0
2008-06-11,5.555,6.602,6.982,13.83,37.46
2008-06-12,0.0,5.461,8.973,13.688,38.32
2008-06-13,0.0,6.711,8.991,15.411,30.57
2008-06-14,10.16,5.219,9.179,13.545,30.68
2008-06-15,0.0,6.956,7.607,14.795,38.54
2008-06-16,0.0,6.959,8.009,15.089,51.07
2008-06-17,27.59,5.902,8.973,14.312,59.43
2008-06-18,0.0,6.735,8.08,14.83,47.77
2008-06-19,0.876,8.4,7.295,16.679,49.23
2008-06-20,11.298,7.758,7.732,16.027,46.94
2008-06-21,0.0,6.654,8.286,14.848,43.52
2008-06-22,6.146,6.244,8.107,14.17,44.81
2008-06-23,0.0,6.713,7.562,14.42,49.98
2008-06-24,32.342,5.762,6.964,12.607,58.92
2008-06-25,0.0,5.577,7.491,12.759,53.94
2008-06-26,7.349,6.369,8.598,14.679,47.03
2008-06-27,0.554,6.881,7.741,14.786,40.12
2008-06-28,5.185,3.835,8.688,11.402,32.38
2008-06-29,0.0,4.801,7.295,11.527,39.49
2008-06-30,0.0,6.251,7.562,13.75,48.63
2008-07-01,0.0,5.439,8.473,13.295,47.7
2008-07-02,0.0,5.235,8.018,12.696,48.5
2008-07-03,0.0,5.26,8.179,12.821,46.41
2008-07-04,1.189,5.772,8.0,13.384,61.54
2008-07-05,0.0,5.305,7.429,12.295,53.12
2008-07-06,0.0,7.075,6.134,13.911,42.73
2008-07-07,0.0,6.284,8.116,14.152,35.06
2008-07-08,7.154,6.011,8.196,13.839,46.02
2008-07-09,0.271,5.636,7.866,13.089,80.33
2008-07-10,0.0,4.411,7.83,11.411,66.78
2008-07-11,0.0,6.069,7.241,13.205,61.13
2008-07-12,0.0,4.826,8.152,12.161,56.27
2008-07-13,0.0,6.29,7.438,13.625,48.19
2008-07-14,41.307,6.566,7.5,14.062,57.58
2008-07-15,0.706,5.649,7.812,13.009,55.91
2008-07-16,0.0,5.89,6.759,12.545,48.29
2008-07-17,0.0,6.655,7.027,13.821,36.49
2008-07-18,26.084,7.178,6.723,14.366,63.01
2008-07-19,23.348,5.781,8.152,13.411,52.36
2008-07-20,0.0,6.62,7.893,14.366,63.88
2008-07-21,0.0,7.069,7.134,14.455,56.53
2008-07-22,0.0,6.213,6.625,12.848,50.5
2008-07-23,0.0,8.047,5.75,14.92,38.84
2008-07-24,0.873,6.923,6.509,13.759,33.02
2008-07-25,0.0,8.581,7.134,16.554,33.66
2008-07-26,0.0,6.488,7.723,13.982,41.03
2008-07-27,0.0,6.948,7.973,14.777,44.6
2008-07-28,4.229,6.497,7.402,13.741,35.7
2008-07-29,0.0,7.007,6.75,13.982,49.57
2008-07-30,0.0,6.588,7.027,13.562,46.3
2008-07-31,9.455,8.704,5.42,15.527,37.22
2008-08-01,0.0,8.343,7.482,16.312,34.27
2008-08-02,15.456,6.866,8.152,14.714,41.19
2008-08-03,0.0,7.41,6.714,14.464,44.88
2008-08-04,0.0,7.012,7.071,14.134,35.29
2008-08-05,0.0,9.405,5.161,16.286,31.24
2008-08-06,0.0,6.316,7.107,13.179,29.61
2008-08-07,2.805,8.7,6.098,15.83,39.41
2008-08-08,0.0,8.095,5.473,14.545,30.51
2008-08-09,0.0,8.038,5.911,14.723,32.05
2008-08-10,0.0,6.724,7.804,14.17,30.45
2008-08-11,1.242,7.61,6.955,14.786,35.18
2008-08-12,1.204,8.909,4.795,15.232,36.06
2008-08-13,0.334,6.348,8.179,13.902,32.32
2008-08-14,3.303,6.401,7.741,13.634,33.19
2008-08-15,0.0,7.522,7.634,15.062,30.45
2008-08-16,0.148,8.139,6.259,14.991,28.9
2008-08-17,15.894,7.549,6.446,14.268,43.74
2008-08-18,12.845,6.68,7.866,14.071,35.64
2008-08-19,6.853,7.859,7.804,15.598,40.15
2008-08-20,0.0,6.836,8.054,14.375,37.64
2008-08-21,0.802,6.816,7.482,13.92,40.14
2008-08-22,1.452,7.265,7.83,14.768,36.37
2008-08-23,1.101,7.171,7.241,14.232,36.23
2008-08-24,14.39,6.501,8.036,13.884,56.46
2008-08-25,7.093,6.705,7.723,13.92,46.55
2008-08-26,0.0,7.056,7.714,14.375,28.66
2008-08-27,0.0,7.632,7.393,14.92,29.08
2008-08-28,0.0,8.967,6.464,16.089,31.27
2008-08-29,27.433,7.362,6.598,13.982,49.16
2008-08-30,8.894,6.691,8.116,14.17,46.63
2008-08-31,2.11,6.892,8.161,14.438,36.66
2008-09-01,0.0,7.916,7.679,15.455,40.42
2008-09-02,0.0,6.674,8.616,14.464,30.9
2008-09-03,10.426,6.217,7.723,13.196,26.6
2008-09-04,6.466,5.811,8.17,13.027,45.31
2008-09-05,27.865,8.207,8.232,16.179,63.25
2008-09-06,0.0,8.722,6.536,15.741,38.98
2008-09-07,0.0,6.905,7.188,13.723,27.82
2008-09-08,0.181,7.086,6.679,13.589,23.99
2008-09-09,1.204,6.891,7.339,13.804,22.83
2008-09-10,0.0,7.981,5.795,14.223,23.88
2008-09-11,0.0,8.175,5.902,14.545,26.2
2008-09-12,0.0,9.29,5.402,15.768,22.8
2008-09-13,0.0,8.432,6.25,15.116,19.69
2008-09-14,0.0,7.283,7.893,14.679,18.64
2008-09-15,1.232,7.593,7.464,14.786,20.51
2008-09-16,4.225,6.687,7.786,13.83,46.09
2008-09-17,1.652,6.505,7.848,13.634,58.57
2008-09-18,0.0,8.499,7.089,15.741,31.6
2008-09-19,9.191,6.742,7.375,13.616,25.13
2008-09-20,0.0,8.633,7.009,15.902,22.3
2008-09-21,0.0,8.38,8.375,16.473,20.56
2008-09-22,12.439,6.714,7.92,13.955,26.62
2008-09-23,2.614,8.189,6.509,14.938,34.0
2008-09-24,1.055,9.195,5.857,15.929,22.93
2008-09-25,6.674,7.42,7.446,14.571,26.06
2008-09-26,0.0,7.403,7.375,14.491,23.86
2008-09-27,0.0,7.256,7.723,14.536,20.93
2008-09-28,1.332,8.485,8.027,16.375,24.21
2008-09-29,8.764,8.367,7.33,15.777,25.13
2008-09-30,0.483,7.604,7.848,15.089,27.13
2008-10-01,12.765,7.477,7.884,14.955,22.76
2008-10-02,1.522,8.463,6.786,15.536,25.97
2008-10-03,1.177,9.374,5.58,16.036,23.08
2008-10-04,12.385,7.777,6.259,14.277,20.7
2008-10-05,3.629,7.266,7.179,14.223,21.19
2008-10-06,12.253,6.69,7.562,13.741,41.3
2008-10-07,13.545,6.192,6.848,12.571,34.81
2008-10-08,0.0,7.411,6.598,14.062,31.55
2008-10-09,0.0,7.099,6.312,13.429,25.54
2008-10-10,0.759,6.615,7.411,13.545,28.41
2008-10-11,16.11,7.681,6.116,14.125,36.07
2008-10-12,23.543,6.4,7.679,13.482,42.36
2008-10-13,0.0,7.709,6.464,14.438,36.58
2008-10-14,9.326,6.622,7.509,13.679,57.88
2008-10-15,1.305,7.168,6.723,13.884,30.54
2008-10-16,24.23,6.762,7.545,13.902,49.02
2008-10-17,1.156,7.133,8.67,15.214,32.58
2008-10-18,0.0,7.527,7.795,15.143,29.33
2008-10-19,0.0,7.268,7.527,14.589,26.04
2008-10-20,2.669,7.043,8.17,14.768,34.95
2008-10-21,0.0,7.463,8.241,15.402,24.18
2008-10-22,0.0,7.138,8.366,15.054,32.81
2008-10-23,0.0,8.411,8.268,16.723,34.53
2008-10-24,0.0,8.759,6.464,16.027,31.57
2008-10-25,0.688,7.517,6.911,14.607,26.15
2008-10-26,0.0,7.615,7.652,15.286,25.08
2008-10-27,17.871,8.813,7.509,16.848,25.2
2008-10-28,19.525,6.978,7.491,14.304,49.6
2008-10-29,0.0,7.776,7.714,15.598,68.2
2008-10-30,0.0,8.827,6.152,16.045,37.04
2008-10-31,10.959,9.036,6.545,16.625,28.23
2008-11-01,25.908,4.387,8.277,11.536,37.58
2008-11-02,11.429,7.103,7.661,14.705,54.36
2008-11-03,20.395,5.166,7.027,11.562,82.42
2008-11-04,1.011,6.251,6.67,12.83,55.74
2008-11-05,0.0,7.189,8.304,15.286,54.14
2008-11-06,0.0,7.442,6.786,14.598,36.77
2008-11-07,0.0,7.76,6.571,14.955,30.89
2008-11-08,16.017,6.146,7.696,13.491,27.01
2008-11-09,0.156,8.109,5.554,14.821,26.16
2008-11-10,7.929,8.129,6.107,15.214,26.04
2008-11-11,7.161,7.841,6.643,15.152,25.19
2008-11-12,11.31,7.22,7.509,14.884,30.28
2008-11-13,0.0,4.42,8.33,11.714,31.47
2008-11-14,0.0,5.863,7.92,13.295,59.02
2008-11-15,0.0,6.629,6.982,13.714,59.12
2008-11-16,0.298,5.973,8.116,13.634,46.37
2008-11-17,15.259,6.985,7.5,14.625,64.26
2008-11-18,31.597,6.878,6.804,14.0,55.75
2008-11-19,1.467,7.815,7.375,15.723,46.93
2008-11-20,23.05,5.67,8.75,13.759,50.11
2008-11-21,22.282,5.67,8.312,13.411,60.41
2008-11-22,0.0,6.901,8.607,15.348,53.68
2008-11-23,13.625,6.006,8.321,13.902,67.89
2008-11-24,0.0,7.356,8.946,16.25,45.94
2008-11-25,34.56,6.189,8.268,14.143,43.95
2008-11-26,37.379,4.483,8.848,12.348,57.36
2008-11-27,0.0,6.173,7.839,13.839,49.1
2008-11-28,15.267,7.705,7.277,15.625,35.75
2008-11-29,0.522,7.331,7.562,15.312,71.37
2008-11-30,0.0,6.77,8.67,15.259,41.3
2008-12-01,0.0,7.161,7.661,15.143,33.19
2008-12-02,116.046,6.379,7.429,13.866,85.81
2008-12-03,0.0,7.575,7.491,15.643,50.66
2008-12-04,28.173,8.038,5.545,15.071,44.17
2008-12-05,0.0,7.354,6.036,14.357,42.58
2008-12-06,0.0,7.29,7.196,15.027,37.86
2008-12-07,0.0,7.167,6.384,14.321,36.36
2008-12-08,6.655,7.266,7.205,15.054,35.96
2008-12-09,0.0,7.127,7.911,15.304,36.31
2008-12-10,0.0,7.856,6.134,15.205,32.2
2008-12-11,26.493,6.666,7.429,14.304,30.49
2008-12-12,1.752,6.661,7.473,14.321,30.81
2008-12-13,1.569,6.185,7.384,13.598,32.89
2008-12-14,61.696,7.228,6.25,14.375,38.93
2008-12-15,0.0,7.509,6.875,15.179,42.65
2008-12-16,2.691,6.919,7.527,14.759,49.03
2008-12-17,0.0,7.794,6.732,15.518,37.62
2008-12-18,0.0,6.617,8.098,14.714,34.11
2008-12-19,0.0,7.133,7.232,14.866,32.67
2008-12-20,0.0,6.048,7.938,13.812,34.28
2008-12-21,0.0,5.653,7.562,12.973,42.87
2008-12-22,0.0,6.977,7.964,15.152,38.47
2008-12-23,0.0,6.647,7.545,14.393,35.92
2008-12-24,0.0,7.62,6.446,15.054,30.8
2008-12-25,0.0,8.174,6.348,15.821,29.4
2008-12-26,0.0,6.945,7.75,14.938,28.7
2008-12-27,0.0,6.817,7.812,14.804,34.21
2008-12-28,0.0,7.138,8.027,15.411,29.97
2008-12-29,0.0,5.687,7.598,13.0,33.59
2008-12-30,0.0,7.671,6.509,15.143,30.96
2008-12-31,0.0,6.927,7.312,14.589,31.3
2009-01-01,0.0,7.884,7.33,15.973,28.41
2009-01-02,0.0,6.556,8.482,14.866,28.7
2009-01-03,0.0,7.121,8.384,15.58,28.7
2009-01-04,0.0,7.712,7.634,15.893,28.35
2009-01-05,7.427,6.954,7.616,14.786,28.0
2009-01-06,5.092,6.19,8.509,14.339,28.7
2009-01-07,0.0,7.118,7.964,15.259,32.26
2009-01-08,27.994,7.903,7.652,16.17,34.85
2009-01-09,0.0,5.828,7.67,13.179,36.31
2009-01-10,0.0,6.069,7.545,13.42,35.17
2009-01-11,0.0,6.545,8.295,14.625,29.06
2009-01-12,0.0,5.426,8.795,13.455,28.7
2009-01-13,0.0,6.304,7.911,13.991,28.55
2009-01-14,0.0,6.954,7.616,14.679,30.32
2009-01-15,0.0,6.686,7.759,14.402,27.74
2009-01-16,12.888,7.144,7.098,14.598,33.23
2009-01-17,3.91,5.971,7.714,13.366,41.07
2009-01-18,2.995,8.474,6.536,16.134,44.01
2009-01-19,15.635,4.997,8.714,12.777,33.66
2009-01-20,30.256,5.763,8.446,13.607,33.79
2009-01-21,0.0,6.816,7.089,14.027,35.64
2009-01-22,6.91,7.061,8.196,15.161,31.5
2009-01-23,38.756,7.277,8.161,15.429,42.79
2009-01-24,1.061,7.188,8.286,15.366,48.69
2009-01-25,1.972,6.811,7.696,14.438,49.68
2009-01-26,0.0,7.068,7.964,14.938,47.88
2009-01-27,0.0,8.044,6.062,15.018,38.15
2009-01-28,0.0,7.778,6.589,14.946,34.3
2009-01-29,0.0,6.983,7.848,14.688,32.24
2009-01-30,0.318,6.676,7.741,14.17,31.5
2009-01-31,28.96,6.077,7.661,13.295,30.46
2009-02-01,12.277,6.242,7.688,13.527,30.1
2009-02-02,0.0,6.614,7.83,14.089,29.4
2009-02-03,0.0,7.088,7.286,14.348,28.7
2009-02-04,0.0,7.506,7.116,14.795,27.67
2009-02-05,0.0,7.444,7.152,14.714,27.35
2009-02-06,0.0,6.649,7.661,13.982,26.7
2009-02-07,3.157,7.206,7.214,14.402,26.05
2009-02-08,0.0,8.027,7.75,15.893,25.4
2009-02-09,0.0,9.71,7.009,17.714,25.25
2009-02-10,0.0,6.637,7.92,14.089,25.73
2009-02-11,17.241,5.999,8.232,13.446,25.21
2009-02-12,8.364,6.201,8.357,13.804,37.52
2009-02-13,0.0,7.464,8.473,15.554,41.43
2009-02-14,32.547,4.439,8.652,11.804,43.15
2009-02-15,0.527,7.075,8.223,14.812,47.19
2009-02-16,36.42,7.256,7.679,14.688,45.42
2009-02-17,0.0,8.536,5.241,14.795,41.98
2009-02-18,0.0,7.34,6.562,13.982,38.85
2009-02-19,15.874,7.203,7.589,14.491,37.86
2009-02-20,0.0,7.438,6.295,13.92,32.08
2009-02-21,0.0,5.937,8.134,13.179,32.67
2009-02-22,0.0,7.933,7.598,15.411,30.8
2009-02-23,0.488,7.594,7.179,14.679,29.08
2009-02-24,13.572,6.767,7.857,14.045,28.35
2009-02-25,0.0,7.042,7.509,14.152,27.72
2009-02-26,12.317,9.576,5.652,16.357,33.22
2009-02-27,4.011,7.322,6.884,14.071,33.16
2009-02-28,0.98,7.09,8.054,14.554,28.03
2009-03-01,3.653,4.704,8.393,11.804,26.05
2009-03-02,0.0,8.061,7.562,15.482,25.07
2009-03-03,1.257,6.837,8.062,14.223,27.48
2009-03-04,0.0,6.554,8.446,14.134,43.68
2009-03-05,13.884,8.004,8.277,15.866,39.1
2009-03-06,11.568,6.911,7.982,14.214,29.72
2009-03-07,0.0,5.837,8.393,13.152,27.03
2009-03-08,0.0,7.184,6.982,13.866,25.08
2009-03-09,3.129,7.807,7.946,15.348,23.82
2009-03-10,0.0,7.715,7.464,14.893,22.88
2009-03-11,5.511,8.717,7.795,16.446,24.33
2009-03-12,16.204,8.379,7.679,15.893,27.87
2009-03-13,2.994,6.709,7.661,13.696,27.73
2009-03-14,0.0,8.087,7.446,15.366,26.71
2009-03-15,4.93,7.192,8.018,14.554,28.87
2009-03-16,0.679,6.553,8.42,14.045,25.73
2009-03-17,19.02,7.403,8.42,15.116,24.87
2009-03-18,0.0,5.877,8.098,12.946,29.43
2009-03-19,17.998,4.425,8.295,11.357,38.81
2009-03-20,0.0,6.338,8.42,13.768,37.32
2009-03-21,7.064,6.627,7.973,13.804,32.26
2009-03-22,12.289,6.637,8.554,14.223,32.48
2009-03-23,12.134,5.326,7.536,11.812,36.63
2009-03-24,4.46,7.717,6.357,14.116,36.9
2009-03-25,0.655,6.269,7.67,13.098,46.57
2009-03-26,0.0,6.366,8.286,13.723,41.38
2009-03-27,12.411,8.392,7.857,16.018,40.6
2009-03-28,7.076,7.886,7.786,15.304,39.48
2009-03-29,33.621,7.092,7.482,14.071,57.76
2009-03-30,7.143,9.746,6.804,17.152,40.51
2009-03-31,10.901,6.793,6.634,13.062,43.46
2009-04-01,16.261,7.092,7.786,14.286,54.67
2009-04-02,3.433,9.405,6.946,16.83,48.11
2009-04-03,0.637,9.553,4.661,15.589,34.74
2009-04-04,10.674,8.761,6.446,15.616,32.03
2009-04-05,0.0,8.409,7.571,15.893,30.16
2009-04-06,0.0,8.692,7.839,16.446,27.54
2009-04-07,2.289,7.52,8.214,15.196,26.55
2009-04-08,32.314,5.219,7.67,11.83,53.1
2009-04-09,0.0,6.964,7.58,14.036,42.17
2009-04-10,14.371,6.91,8.045,14.295,37.98
2009-04-11,1.516,6.71,8.295,14.214,36.6
2009-04-12,37.096,5.784,7.536,12.473,40.14
2009-04-13,3.288,6.773,7.527,13.768,39.78
2009-04-14,0.0,6.528,8.518,14.17,39.23
2009-04-15,3.908,5.99,7.991,13.08,41.27
2009-04-16,1.072,6.393,7.839,13.5,39.6
2009-04-17,0.0,7.212,8.839,15.312,35.7
2009-04-18,1.744,6.443,8.804,14.312,35.15
2009-04-19,9.852,6.947,8.259,14.58,33.25
2009-04-20,0.345,6.374,9.321,14.634,32.46
2009-04-21,7.306,5.299,8.848,12.946,51.67
2009-04-22,9.656,7.864,7.705,15.429,44.72
2009-04-23,0.0,7.418,7.598,14.759,36.84
2009-04-24,0.0,7.424,8.179,15.188,34.45
2009-04-25,0.101,8.595,8.518,17.018,32.87
2009-04-26,0.552,6.642,8.554,14.482,31.62
2009-04-27,1.175,6.309,8.732,14.196,31.41
2009-04-28,0.0,5.249,9.509,13.491,31.85
2009-04-29,0.0,7.588,9.089,16.134,35.2
2009-04-30,9.082,6.015,8.696,13.821,42.33
2009-05-01,0.0,5.99,8.312,13.491,41.17
2009-05-02,18.846,6.18,8.607,13.955,47.26
2009-05-03,10.362,6.443,7.714,13.67,53.25
2009-05-04,35.851,6.149,8.232,13.732,52.14
2009-05-05,4.333,8.371,6.482,15.554,45.65
2009-05-06,0.0,8.172,6.438,15.259,43.48
2009-05-07,4.222,8.499,7.393,16.357,45.86
2009-05-08,3.126,7.736,8.268,15.893,45.04
2009-05-09,2.24,6.661,9.188,15.134,40.54
2009-05-10,3.541,7.675,8.455,15.991,36.08
2009-05-11,8.699,6.199,8.491,14.018,35.61
2009-05-12,0.0,7.353,7.946,15.205,35.17
2009-05-13,1.148,6.345,8.259,14.08,37.97
2009-05-14,0.0,6.794,7.866,14.42,36.52
2009-05-15,0.0,6.968,8.08,14.821,33.13
2009-05-16,0.469,8.152,8.196,16.554,31.65
2009-05-17,3.931,7.283,7.875,15.143,32.75
2009-05-18,3.876,7.181,7.661,14.875,32.17
2009-05-19,5.013,5.972,7.786,13.304,30.86
2009-05-20,0.0,5.374,9.179,13.571,31.38
2009-05-21,0.0,6.295,8.491,14.286,36.82
2009-05-22,0.0,6.606,8.562,14.759,33.83
2009-05-23,0.0,7.293,7.429,14.92,32.17
2009-05-24,0.0,7.23,7.027,14.571,30.54
2009-05-25,0.0,7.629,8.018,15.839,31.03
2009-05-26,0.0,7.636,7.25,15.33,30.89
2009-05-27,4.012,6.491,8.58,14.661,32.05
2009-05-28,0.677,8.536,7.304,16.679,32.05
2009-05-29,4.64,6.776,8.33,14.92,38.15
2009-05-30,0.0,8.072,7.562,16.205,36.49
2009-05-31,3.768,6.877,8.107,14.911,34.83
2009-06-01,0.0,6.921,7.58,14.616,30.48
2009-06-02,0.0,7.735,7.277,15.589,28.5
2009-06-03,0.0,5.957,8.259,13.777,27.62
2009-06-04,0.0,5.553,8.768,13.634,30.9
2009-06-05,0.0,5.842,7.991,13.429,37.69
2009-06-06,0.0,5.188,8.661,13.071,56.23
2009-06-07,0.0,6.278,8.107,14.152,46.41
2009-06-08,0.0,5.485,8.062,13.018,50.56
2009-06-09,0.0,7.646,6.938,15.312,43.24
2009-06-10,22.546,5.317,8.92,13.464,40.22
2009-06-11,0.822,6.273,8.116,14.17,52.98
2009-06-12,10.935,5.298,8.223,12.893,55.4
2009-06-13,14.476,4.947,7.259,11.688,44.74
2009-06-14,0.0,6.923,7.464,14.634,43.61
2009-06-15,6.361,7.857,7.152,15.804,38.15
2009-06-16,10.382,7.167,7.83,15.25,35.12
2009-06-17,0.0,7.155,6.42,14.277,35.57
2009-06-18,0.714,4.724,8.848,12.643,35.54
2009-06-19,0.0,7.447,8.402,16.054,33.95
2009-06-20,5.98,6.494,8.866,15.045,30.86
2009-06-21,0.0,7.632,7.902,15.964,30.25
2009-06-22,6.125,5.151,7.759,12.366,38.77
2009-06-23,0.0,6.538,7.152,13.902,42.67
2009-06-24,0.0,6.39,7.777,14.116,36.69
2009-06-25,0.259,6.185,6.08,12.616,32.4
2009-06-26,0.0,6.604,8.107,14.661,29.37
2009-06-27,0.0,5.276,7.679,12.482,31.67
2009-06-28,0.0,6.977,7.607,14.83,32.9
2009-06-29,0.0,7.049,7.768,15.045,29.08
2009-06-30,14.179,5.332,8.839,13.438,32.37
2009-07-01,0.0,6.235,7.045,13.348,44.42
2009-07-02,0.0,7.064,7.161,14.634,54.51
2009-07-03,0.0,7.292,6.33,14.393,55.01
2009-07-04,0.0,7.764,6.821,15.402,51.67
2009-07-05,0.0,7.026,8.179,15.268,42.61
2009-07-06,0.0,6.0,7.054,12.991,35.53
2009-07-07,0.0,7.146,7.384,14.857,35.79
2009-07-08,0.0,5.234,7.366,12.143,40.42
2009-07-09,0.0,7.302,7.83,15.384,44.32
2009-07-10,0.0,7.39,7.545,15.304,39.98
2009-07-11,0.0,7.953,6.134,15.179,38.21
2009-07-12,0.0,7.442,6.92,14.955,32.72
2009-07-13,0.0,7.761,7.232,15.598,27.72
2009-07-14,0.0,7.035,7.438,14.705,26.26
2009-07-15,0.0,7.116,6.938,14.464,43.39
2009-07-16,0.0,7.561,6.991,15.116,44.95
2009-07-17,0.0,8.552,6.652,16.321,33.16
2009-07-18,0.0,6.557,8.062,14.411,32.02
2009-07-19,0.0,7.71,7.098,15.375,40.84
2009-07-20,13.933,6.691,6.964,13.795,44.36
2009-07-21,0.0,8.185,7.08,16.018,41.47
2009-07-22,21.916,8.24,8.554,17.062,57.9
2009-07-23,24.772,8.862,6.491,16.571,44.68
2009-07-24,0.0,7.015,8.393,15.214,37.3
2009-07-25,0.0,7.388,7.188,14.884,34.04
2009-07-26,0.0,8.263,6.554,15.714,33.16
2009-07-27,0.0,8.178,7.42,16.143,29.08
2009-07-28,0.0,7.189,8.714,15.634,42.83
2009-07-29,0.0,5.705,7.732,12.92,37.25
2009-07-30,0.0,7.095,6.857,14.17,34.94
2009-07-31,0.0,8.237,6.062,15.277,33.08
2009-08-01,0.0,7.203,7.589,14.821,29.63
2009-08-02,0.0,7.851,8.188,16.098,29.62
2009-08-03,0.785,7.524,7.938,15.464,25.4
2009-08-04,0.0,7.865,8.259,16.143,27.81
2009-08-05,0.0,6.733,8.366,14.67,44.6
2009-08-06,0.905,5.873,8.295,13.455,54.51
2009-08-07,0.0,6.484,8.08,14.107,49.43
2009-08-08,0.0,6.86,7.491,14.188,35.76
2009-08-09,0.0,7.169,7.92,14.893,50.78
2009-08-10,0.0,7.568,7.214,14.92,39.78
2009-08-11,1.335,7.271,7.045,14.402,42.43
2009-08-12,0.0,7.407,7.768,15.054,37.49
2009-08-13,0.0,7.633,7.723,15.321,32.23
2009-08-14,0.0,8.056,6.777,15.259,33.25
2009-08-15,0.0,9.081,6.598,16.554,34.98
2009-08-16,1.443,8.683,7.179,16.357,27.73
2009-08-17,28.667,7.207,7.571,14.58,27.66
2009-08-18,0.0,8.207,9.196,17.045,27.54
2009-08-19,0.807,8.361,8.75,16.911,26.51
2009-08-20,0.0,8.184,9.125,16.911,25.07
2009-08-21,4.89,8.592,8.241,16.875,24.56
2009-08-22,0.0,8.764,8.598,17.312,25.62
2009-08-23,0.0,8.739,7.795,16.732,25.84
2009-08-24,18.367,7.645,9.17,16.205,36.28
2009-08-25,0.0,6.361,9.312,14.67,40.14
2009-08-26,0.0,5.623,8.375,12.991,37.55
2009-08-27,0.0,8.297,7.518,15.911,34.95
2009-08-28,0.0,7.446,7.759,14.92,31.0
2009-08-29,0.254,7.033,8.312,14.732,32.26
2009-08-30,1.752,8.678,7.17,16.143,32.58
2009-08-31,0.0,8.539,6.116,15.268,29.74
2009-09-01,0.0,9.23,6.304,16.321,25.1
2009-09-02,0.0,8.964,6.946,16.384,22.56
2009-09-03,0.0,6.594,9.455,14.973,21.26
2009-09-04,13.519,7.382,7.821,14.804,21.76
2009-09-05,0.108,9.319,6.777,16.723,37.62
2009-09-06,0.0,10.674,5.312,17.661,27.09
2009-09-07,0.0,8.374,7.393,15.83,22.69
2009-09-08,0.0,9.568,7.429,17.429,25.26
2009-09-09,0.0,7.911,8.848,16.205,23.07
2009-09-10,0.0,7.567,8.08,15.196,22.56
2009-09-11,0.0,9.46,5.821,16.277,20.93
2009-09-12,0.0,10.111,7.777,18.375,19.74
2009-09-13,0.0,9.94,5.991,17.027,17.44
2009-09-14,0.0,9.168,7.464,16.893,16.57
2009-09-15,5.098,8.624,7.205,15.973,17.12
2009-09-16,3.675,6.215,8.321,13.607,18.65
2009-09-17,7.77,7.284,8.152,14.893,26.19
2009-09-18,0.0,8.659,7.491,16.223,22.68
2009-09-19,0.0,8.474,7.277,15.839,19.28
2009-09-20,6.86,8.24,6.598,15.089,17.79
2009-09-21,3.734,8.529,7.625,16.143,18.47
2009-09-22,0.0,7.994,8.232,15.848,18.73
2009-09-23,0.0,8.723,7.366,16.223,19.33
2009-09-24,0.0,9.745,6.688,17.179,17.65
2009-09-25,0.0,8.879,6.518,15.902,17.1
2009-09-26,6.112,9.888,6.312,17.161,16.55
2009-09-27,0.0,8.696,7.08,16.036,16.0
2009-09-28,0.0,7.475,7.964,14.991,16.28
2009-09-29,0.0,7.422,7.768,14.786,18.19
2009-09-30,0.0,8.214,6.875,15.241,19.95
2009-10-01,0.0,8.867,6.08,15.625,18.2
2009-10-02,0.0,8.813,8.384,17.062,16.55
2009-10-03,3.707,6.939,8.866,14.982,16.0
2009-10-04,5.135,7.333,9.277,15.777,16.0
2009-10-05,0.486,8.356,8.232,16.384,16.94
2009-10-06,0.0,9.632,6.982,17.277,16.27
2009-10-07,0.0,7.985,8.955,16.402,15.75
2009-10-08,0.0,6.448,8.795,14.312,15.75
2009-10-09,0.0,9.133,6.455,16.286,17.48
2009-10-10,0.0,10.724,6.33,18.393,15.76
2009-10-11,14.179,7.897,7.357,15.223,15.75
2009-10-12,3.47,7.371,8.393,15.295,19.09
2009-10-13,0.418,6.982,8.009,14.491,27.03
2009-10-14,3.417,5.168,8.491,12.509,38.12
2009-10-15,42.574,6.379,7.741,13.536,31.57
2009-10-16,0.0,9.262,5.286,15.866,23.91
2009-10-17,0.0,8.522,6.348,15.491,20.68
2009-10-18,5.856,8.378,8.188,16.518,19.64
2009-10-19,43.395,8.36,8.018,16.411,27.81
2009-10-20,0.609,6.009,8.839,13.902,31.9
2009-10-21,6.072,9.699,6.875,17.554,27.05
2009-10-22,12.33,7.616,8.312,15.661,24.32
2009-10-23,5.854,7.751,8.616,16.089,19.48
2009-10-24,18.04,7.832,8.464,16.089,21.19
2009-10-25,12.601,7.114,8.527,15.205,21.16
2009-10-26,0.0,7.476,6.955,14.589,18.3
2009-10-27,0.0,7.693,6.902,14.857,16.55
2009-10-28,0.0,7.323,7.786,14.973,15.75
2009-10-29,0.0,9.232,7.25,17.277,15.5
2009-10-30,0.78,6.876,8.911,15.214,15.5
2009-10-31,6.989,7.028,8.795,15.33,18.75
2009-11-01,0.0,6.935,7.821,14.545,22.94
2009-11-02,0.422,7.642,7.071,15.027,18.51
2009-11-03,1.226,8.463,8.366,17.062,21.02
2009-11-04,0.0,8.392,7.571,16.438,18.48
2009-11-05,15.565,8.005,8.188,16.321,21.1
2009-11-06,32.019,8.022,6.982,15.545,26.73
2009-11-07,3.343,8.828,6.741,16.562,23.83
2009-11-08,10.16,8.28,8.991,17.321,26.4
2009-11-09,12.089,9.447,7.071,17.696,32.95
2009-11-10,0.0,8.548,7.938,16.982,22.82
2009-11-11,0.0,7.623,7.83,15.634,20.05
2009-11-12,0.0,8.104,8.518,16.795,19.3
2009-11-13,0.0,6.689,8.741,15.0,19.3
2009-11-14,0.0,8.002,7.134,15.768,19.0
2009-11-15,1.231,8.199,7.554,16.312,19.05
2009-11-16,1.658,7.812,8.33,16.33,19.89
2009-11-17,27.144,7.423,8.143,15.652,25.34
2009-11-18,24.694,7.311,9.402,16.411,21.82
2009-11-19,0.0,8.223,8.393,17.018,19.94
2009-11-20,0.0,5.952,9.402,14.58,19.03
2009-11-21,0.0,5.631,9.607,14.348,19.85
2009-11-22,0.0,7.306,10.0,16.893,19.58
2009-11-23,0.798,6.589,9.464,15.509,19.58
2009-11-24,0.0,7.489,7.562,15.429,18.48
2009-11-25,0.0,8.453,7.464,16.768,17.99
2009-11-26,4.514,7.504,7.75,15.616,17.44
2009-11-27,0.0,7.05,8.75,15.652,16.62
2009-11-28,19.046,7.44,8.866,16.321,17.24
2009-11-29,10.448,6.365,8.67,14.688,19.53
2009-11-30,0.0,6.999,8.964,15.786,23.72
2009-12-01,0.0,7.217,8.205,15.58,18.31
2009-12-02,0.0,8.411,7.089,16.554,19.68
2009-12-03,0.0,7.698,7.58,15.848,16.55
2009-12-04,3.626,8.104,7.205,16.188,15.5
2009-12-05,15.416,7.66,8.116,16.17,15.0
2009-12-06,0.68,8.888,7.321,17.438,15.04
2009-12-07,0.0,7.704,6.839,15.402,15.72
2009-12-08,0.0,7.703,7.196,15.625,14.75
2009-12-09,0.0,7.949,6.438,15.5,14.75
2009-12-10,0.0,7.897,6.955,15.768,15.71
2009-12-11,0.626,8.398,6.348,16.134,15.88
2009-12-12,7.445,7.65,7.545,15.804,15.5
2009-12-13,0.0,7.527,7.554,15.643,14.75
2009-12-14,0.0,8.621,7.152,16.973,14.25
2009-12-15,0.0,8.053,6.295,15.589,14.0
2009-12-16,0.0,8.445,6.741,16.455,14.0
2009-12-17,0.0,7.84,8.312,16.598,13.75
2009-12-18,0.904,6.317,9.062,14.982,13.91
2009-12-19,27.755,4.702,8.366,12.268,16.82
2009-12-20,11.125,6.006,8.554,14.188,21.76
2009-12-21,0.0,6.595,8.741,15.152,20.15
2009-12-22,0.0,7.876,7.571,16.17,20.06
2009-12-23,0.0,6.274,9.295,15.107,16.94
2009-12-24,0.0,6.949,8.098,15.196,15.67
2009-12-25,0.0,7.985,8.357,16.857,16.27
2009-12-26,0.0,6.554,8.286,14.75,17.89
2009-12-27,24.192,7.582,8.295,16.25,17.99
2009-12-28,0.0,7.89,6.723,15.634,17.57
2009-12-29,0.0,8.931,5.036,16.116,15.97
2009-12-30,0.0,8.269,6.295,15.902,15.25
2009-12-31,0.0,8.219,6.83,16.134,15.2
2010-01-01,0.0,8.994,5.554,16.491,14.67
2010-01-02,0.0,9.216,4.196,16.0,14.31
2010-01-03,0.0,8.681,5.446,15.929,13.98
2010-01-04,0.0,8.925,5.304,16.188,13.73
2010-01-05,0.0,9.444,5.116,16.839,13.5
2010-01-06,0.0,9.012,4.929,16.08,13.5
2010-01-07,0.0,8.663,6.08,16.25,13.5
2010-01-08,0.0,7.139,7.75,15.107,13.4
2010-01-09,0.0,8.04,6.768,15.741,13.25
2010-01-10,0.0,8.509,6.598,16.33,13.27
2010-01-11,0.0,8.483,6.768,16.384,14.38
2010-01-12,0.0,9.215,7.089,17.607,13.08
2010-01-13,0.0,8.55,5.955,15.929,13.19
2010-01-14,0.0,9.336,4.955,16.438,12.94
2010-01-15,0.0,7.449,6.643,14.714,13.0
2010-01-16,0.0,7.745,7.348,15.616,13.0
2010-01-17,0.0,7.726,7.955,15.973,13.0
2010-01-18,0.0,7.793,7.509,15.75,12.85
2010-01-19,0.0,6.83,8.268,14.911,12.73
2010-01-20,0.0,8.065,6.464,15.438,12.56
2010-01-21,0.0,8.625,6.634,16.321,12.5
2010-01-22,0.0,8.616,5.768,15.732,12.44
2010-01-23,0.0,8.441,7.107,16.321,12.46
2010-01-24,0.0,6.977,8.688,15.33,13.15
2010-01-25,33.399,6.748,8.143,14.607,13.77
2010-01-26,17.23,8.163,7.196,15.938,19.33
2010-01-27,4.87,7.147,8.866,15.661,23.03
2010-01-28,5.407,7.732,8.643,16.295,18.3
2010-01-29,2.66,8.344,7.116,16.062,15.35
2010-01-30,0.0,7.401,8.902,15.964,14.33
2010-01-31,0.0,8.43,8.321,16.946,13.63
2010-02-01,0.0,8.632,6.196,15.839,12.75
2010-02-02,0.0,8.287,7.893,16.438,12.5
2010-02-03,0.0,9.935,8.179,18.875,12.5
2010-02-04,0.0,9.871,7.643,18.42,12.25
2010-02-05,17.844,8.907,8.08,17.33,11.75
2010-02-06,20.931,5.626,8.92,13.554,12.32
2010-02-07,0.0,9.151,8.33,17.848,13.07
2010-02-08,0.0,8.096,6.634,15.214,12.25
2010-02-09,0.0,8.258,8.062,16.411,13.94
2010-02-10,0.0,7.954,7.884,15.812,16.35
2010-02-11,0.0,7.902,8.786,16.366,17.87
2010-02-12,0.0,9.154,8.616,17.893,14.75
2010-02-13,0.0,9.297,6.911,16.973,13.25
2010-02-14,22.779,7.061,8.75,15.179,12.75
2010-02-15,0.0,10.812,8.125,19.759,12.5
2010-02-16,1.39,7.619,9.232,16.214,13.13
2010-02-17,0.0,9.545,9.062,18.625,12.25
2010-02-18,0.0,8.314,6.375,15.196,12.0
2010-02-19,0.0,6.873,9.67,15.545,12.25
2010-02-20,0.0,7.202,10.134,16.286,12.75
2010-02-21,0.0,8.568,9.812,17.768,13.95
2010-02-22,3.862,11.247,8.643,20.518,14.42
2010-02-23,21.598,5.545,9.973,14.098,13.54
2010-02-24,4.863,10.239,7.696,18.571,13.47
2010-02-25,6.828,10.564,7.571,18.902,14.76
2010-02-26,16.568,5.49,8.607,12.929,30.94
2010-02-27,1.398,8.77,8.0,16.723,27.89
2010-02-28,0.0,8.4,8.58,16.661,18.46
2010-03-01,0.0,8.353,7.821,16.036,15.29
2010-03-02,12.384,7.294,8.42,15.045,14.25
2010-03-03,0.663,6.244,8.143,13.482,15.08
2010-03-04,0.0,9.323,6.455,16.42,23.82
2010-03-05,0.0,7.576,8.821,15.67,17.64
2010-03-06,0.0,7.755,8.554,15.696,17.95
2010-03-07,0.418,8.06,9.054,16.446,19.69
2010-03-08,0.879,10.088,8.875,18.946,18.64
2010-03-09,13.748,8.383,9.473,17.134,18.7
2010-03-10,0.0,8.092,9.777,16.964,25.08
2010-03-11,17.44,10.44,9.152,19.554,28.99
2010-03-12,0.0,9.715,7.83,17.732,24.44
2010-03-13,3.627,10.454,9.062,19.509,18.27
2010-03-14,1.908,9.517,7.786,17.438,16.26
2010-03-15,1.435,10.19,6.446,17.491,15.02
2010-03-16,12.717,7.325,8.295,14.938,15.89
2010-03-17,4.04,5.816,9.089,13.643,14.67
2010-03-18,0.701,7.843,8.429,15.696,17.65
2010-03-19,0.0,9.026,8.679,17.384,17.83
2010-03-20,4.132,7.541,8.982,15.696,19.32
2010-03-21,0.0,9.011,8.357,17.125,28.57
2010-03-22,0.0,9.446,7.75,17.304,23.55
2010-03-23,0.0,10.017,7.179,17.714,17.76
2010-03-24,1.613,9.084,9.268,17.821,15.48
2010-03-25,0.0,10.294,7.071,17.973,14.27
2010-03-26,14.423,5.865,9.491,13.982,14.75
2010-03-27,0.0,7.951,9.027,16.214,15.0
2010-03-28,0.0,7.769,8.795,15.821,14.5
2010-03-29,0.0,7.755,8.518,15.616,13.73
2010-03-30,0.961,6.268,9.884,14.768,13.71
2010-03-31,0.766,7.4,8.866,15.438,14.08
2010-04-01,0.0,8.939,8.268,17.0,15.37
2010-04-02,9.877,9.548,7.964,17.616,15.96
2010-04-03,17.751,7.204,8.911,15.232,16.76
2010-04-04,2.525,8.398,9.42,17.116,15.35
2010-04-05,1.652,8.675,9.116,17.286,34.46
2010-04-06,8.363,5.442,9.188,13.277,30.34
2010-04-07,0.0,8.122,8.616,16.241,31.08
2010-04-08,37.617,6.513,8.884,14.384,63.07
2010-04-09,15.467,5.208,9.491,13.286,49.85
2010-04-10,0.0,7.106,9.384,15.527,47.76
2010-04-11,2.682,7.102,8.705,15.027,49.7
2010-04-12,7.864,8.085,8.062,15.875,55.11
2010-04-13,13.889,5.29,8.786,12.821,41.5
2010-04-14,29.413,7.406,8.17,15.062,61.76
2010-04-15,0.0,6.397,8.741,14.179,57.96
2010-04-16,0.0,7.569,7.75,15.009,34.3
2010-04-17,3.505,8.01,8.759,16.286,27.35
2010-04-18,1.457,8.418,7.42,15.938,25.4
2010-04-19,30.276,4.053,9.286,11.848,55.76
2010-04-20,4.7,8.846,6.652,16.054,49.87
2010-04-21,0.0,9.444,8.554,18.098,32.2
2010-04-22,0.618,7.679,10.259,16.991,33.95
2010-04-23,0.0,8.988,8.098,17.232,22.8
2010-04-24,0.0,6.461,9.339,14.795,48.19
2010-04-25,0.0,7.166,10.062,16.223,49.84
2010-04-26,1.141,5.541,9.777,14.045,52.58
2010-04-27,0.0,6.895,9.17,15.259,48.7
2010-04-28,33.054,6.83,9.312,15.312,49.7
2010-04-29,15.803,6.638,8.75,14.634,70.68
2010-04-30,14.834,6.609,8.491,14.438,44.81
2010-05-01,0.0,6.274,9.268,14.598,37.8
2010-05-02,4.696,7.441,9.089,15.973,38.32
2010-05-03,31.328,5.677,8.812,13.5,42.15
2010-05-04,10.103,6.194,8.723,14.134,41.23
2010-05-05,15.019,7.133,8.562,15.259,44.87
2010-05-06,14.54,6.656,8.705,14.732,50.94
2010-05-07,0.0,6.979,8.634,15.116,38.5
2010-05-08,0.419,6.201,10.348,15.42,32.55
2010-05-09,0.0,6.369,10.107,15.455,33.95
2010-05-10,0.0,6.091,10.491,15.402,36.75
2010-05-11,0.0,5.106,10.098,13.902,41.94
2010-05-12,8.085,6.031,8.571,13.884,34.3
2010-05-13,0.0,6.687,9.321,15.312,30.1
2010-05-14,0.1,7.392,9.688,16.518,32.55
2010-05-15,0.0,7.031,10.241,16.455,24.1
2010-05-16,0.0,6.691,10.598,16.295,27.02
2010-05-17,2.401,8.318,10.17,18.161,24.1
2010-05-18,6.334,7.451,10.527,17.259,25.73
2010-05-19,0.0,6.877,9.893,16.045,36.05
2010-05-20,0.0,7.936,9.946,17.518,34.65
2010-05-21,17.135,7.748,9.607,17.045,40.55
2010-05-22,15.108,5.548,9.143,13.786,54.2
2010-05-23,1.588,5.85,9.75,14.661,32.55
2010-05-24,0.924,8.05,7.902,16.339,30.45
2010-05-25,15.204,8.124,8.679,17.0,30.1
2010-05-26,5.818,5.669,8.804,13.75,51.09
2010-05-27,7.106,5.289,9.402,13.705,46.13
2010-05-28,0.0,7.403,7.554,15.223,36.4
2010-05-29,1.021,8.493,7.857,17.018,28.7
2010-05-30,8.934,7.693,8.527,16.357,38.4
2010-05-31,22.542,6.251,8.812,14.571,35.0
2010-06-01,14.904,6.839,9.036,15.554,41.96
2010-06-02,25.036,6.258,8.884,14.652,41.3
2010-06-03,16.832,5.196,8.277,12.759,63.2
2010-06-04,0.0,6.073,8.116,13.839,46.34
2010-06-05,0.0,6.6,8.464,14.848,40.72
2010-06-06,0.0,5.606,8.598,13.589,32.2
2010-06-07,5.845,7.714,7.33,15.643,27.02
2010-06-08,0.0,6.263,8.402,14.33,25.4
2010-06-09,0.0,4.58,9.205,12.75,33.95
2010-06-10,0.0,5.836,8.116,13.562,28.7
2010-06-11,0.0,5.065,7.625,12.152,38.15
2010-06-12,0.0,5.857,8.116,13.589,42.6
2010-06-13,0.0,7.657,6.795,15.241,42.13
2010-06-14,0.0,6.655,7.75,14.446,42.03
2010-06-15,4.957,5.791,7.902,13.33,41.3
2010-06-16,21.845,5.373,8.75,13.42,41.14
2010-06-17,1.264,7.146,8.607,15.768,46.95
2010-06-18,0.0,5.382,9.143,13.732,46.95
2010-06-19,0.0,6.294,8.438,14.446,41.43
2010-06-20,32.406,3.507,8.188,10.607,65.73
2010-06-21,1.11,6.627,6.286,13.411,46.69
2010-06-22,11.742,5.617,8.054,13.259,39.9
2010-06-23,0.0,6.608,8.786,15.143,33.25
2010-06-24,0.0,6.359,9.009,14.955,29.05
2010-06-25,0.0,6.12,9.054,14.679,24.1
2010-06-26,0.0,5.479,8.679,13.527,22.15
2010-06-27,0.0,5.786,8.75,13.991,25.08
2010-06-28,0.0,6.153,7.83,13.804,32.64
2010-06-29,0.0,6.306,8.089,14.223,35.03
2010-06-30,0.0,6.701,7.5,14.339,36.5
2010-07-01,0.0,6.343,8.134,14.286,45.12
2010-07-02,10.124,6.39,8.277,14.473,38.87
2010-07-03,0.0,6.783,8.393,15.089,33.07
2010-07-04,20.414,4.658,8.929,12.634,42.04
2010-07-05,11.655,7.014,7.188,14.571,42.3
2010-07-06,26.243,6.184,8.455,14.295,49.15
2010-07-07,21.982,5.94,7.955,13.571,60.21
2010-07-08,0.0,5.566,8.17,13.196,45.34
2010-07-09,17.212,6.988,8.33,15.295,57.68
2010-07-10,0.0,6.779,9.384,15.759,44.59
2010-07-11,5.884,5.663,9.214,14.107,45.41
2010-07-12,0.562,7.097,7.795,15.071,41.46
2010-07-13,35.776,6.944,7.884,14.902,41.44
2010-07-14,1.748,7.097,8.027,15.205,40.22
2010-07-15,5.752,5.505,7.634,12.67,37.02
2010-07-16,25.966,4.759,7.83,11.812,74.97
2010-07-17,2.674,4.695,7.75,11.661,69.74
2010-07-18,0.0,5.73,8.268,13.446,52.8
2010-07-19,0.0,6.736,7.866,14.527,46.85
2010-07-20,0.0,7.357,5.839,14.018,35.29
2010-07-21,0.0,7.695,6.652,15.036,33.78
2010-07-22,0.0,6.873,7.929,14.714,30.71
2010-07-23,0.0,6.217,6.366,12.67,26.29
2010-07-24,0.0,5.562,8.348,13.214,29.05
2010-07-25,0.0,7.367,6.652,14.491,42.15
2010-07-26,0.0,5.731,8.214,13.33,50.66
2010-07-27,0.0,5.756,7.991,13.196,59.75
2010-07-28,0.898,6.388,7.312,13.527,41.68
2010-07-29,0.0,6.247,7.143,13.205,33.42
2010-07-30,0.0,6.817,7.545,14.259,35.51
2010-07-31,10.402,7.905,8.0,16.107,29.49
2010-08-01,12.559,6.83,7.661,14.357,33.28
2010-08-02,5.84,6.815,7.723,14.375,34.5
2010-08-03,0.183,4.558,8.393,11.875,35.36
2010-08-04,0.0,6.293,7.071,13.152,41.93
2010-08-05,0.0,7.409,5.777,13.839,30.33
2010-08-06,0.0,6.514,7.545,13.804,30.13
2010-08-07,0.0,7.251,6.054,13.759,30.32
2010-08-08,0.0,6.903,7.134,13.982,36.57
2010-08-09,0.0,7.839,7.759,15.696,32.14
2010-08-10,0.0,6.762,6.464,13.304,25.16
2010-08-11,0.0,6.489,6.58,13.0,22.31
2010-08-12,0.0,8.154,5.429,14.554,21.04
2010-08-13,0.0,6.57,6.759,13.214,28.61
2010-08-14,0.0,5.44,6.616,11.545,44.2
2010-08-15,0.0,7.228,6.527,13.938,33.89
2010-08-16,0.0,7.868,6.25,14.625,31.86
2010-08-17,0.0,7.593,6.33,14.295,24.32
2010-08-18,0.586,7.335,6.054,13.723,21.16
2010-08-19,0.0,7.183,6.955,14.107,20.61
2010-08-20,0.0,6.519,7.714,13.75,19.96
2010-08-21,0.0,6.299,7.312,13.125,18.52
2010-08-22,0.0,7.304,7.071,14.312,18.48
2010-08-23,0.0,8.313,6.286,15.179,17.42
2010-08-24,0.0,8.192,6.92,15.411,16.94
2010-08-25,0.0,6.518,8.821,14.473,17.67
2010-08-26,1.639,7.082,8.5,14.982,20.74
2010-08-27,3.152,7.251,7.589,14.545,24.72
2010-08-28,15.715,7.281,7.884,14.777,26.02
2010-08-29,0.68,7.24,7.107,14.179,29.43
2010-08-30,0.0,8.282,6.839,15.42,26.18
2010-08-31,8.402,7.224,7.08,14.107,22.42
2010-09-01,3.845,8.606,7.688,16.429,28.97
2010-09-02,28.106,6.564,8.366,14.161,65.35
2010-09-03,0.0,7.306,7.17,14.268,38.34
2010-09-04,0.397,8.613,7.848,16.473,27.59
2010-09-05,0.0,8.957,6.857,16.304,25.4
2010-09-06,0.0,5.703,8.402,13.071,23.54
2010-09-07,0.0,5.894,7.75,12.804,27.94
2010-09-08,1.459,6.139,8.089,13.366,49.53
2010-09-09,2.824,7.141,8.455,14.92,30.7
2010-09-10,0.0,8.876,7.821,16.777,26.48
2010-09-11,0.078,7.966,6.714,14.795,22.64
2010-09-12,0.0,8.08,7.804,15.688,18.89
2010-09-13,0.0,7.397,8.027,14.938,17.12
2010-09-14,0.343,8.414,7.83,16.152,16.48
2010-09-15,1.599,7.947,6.598,14.688,16.44
2010-09-16,7.343,8.442,8.098,16.348,16.62
2010-09-17,0.0,9.094,6.054,15.902,17.49
2010-09-18,1.574,8.538,7.321,15.955,15.84
2010-09-19,2.707,7.678,7.17,14.696,15.21
2010-09-20,0.0,6.262,6.893,12.616,15.69
2010-09-21,0.0,7.302,6.75,13.92,16.1
2010-09-22,10.438,7.803,8.411,15.714,15.13
2010-09-23,7.389,5.701,8.241,12.902,16.36
2010-09-24,8.234,8.322,7.795,16.009,16.85
2010-09-25,0.0,7.622,7.804,15.089,18.5
2010-09-26,1.822,7.493,7.08,14.42,19.69
2010-09-27,5.174,7.056,6.821,13.634,21.1
2010-09-28,2.156,8.029,7.438,15.393,21.35
2010-09-29,4.532,8.424,7.42,15.911,26.53
2010-09-30,11.371,6.784,7.554,13.804,27.72
2010-10-01,0.0,9.397,6.884,16.875,20.28
2010-10-02,15.947,7.253,7.116,14.143,21.74
2010-10-03,3.205,9.019,5.902,15.759,19.65
2010-10-04,24.654,6.275,7.42,13.089,26.49
2010-10-05,4.597,8.068,6.991,15.188,28.22
2010-10-06,6.085,7.438,8.589,15.455,23.06
2010-10-07,0.195,8.303,8.259,16.357,20.61
2010-10-08,0.0,7.546,9.071,15.964,22.74
2010-10-09,0.0,5.966,8.777,13.705,20.54
2010-10-10,0.0,7.692,8.58,15.804,19.44
2010-10-11,4.005,7.785,6.768,14.696,17.05
2010-10-12,0.0,8.4,5.866,14.973,16.55
2010-10-13,0.0,8.739,6.562,15.884,16.33
2010-10-14,0.0,9.037,6.062,16.0,16.28
2010-10-15,2.087,6.47,8.214,13.973,16.87
2010-10-16,0.0,7.022,8.527,14.955,19.51
2010-10-17,0.915,6.281,8.741,14.125,22.95
2010-10-18,16.243,7.733,7.804,15.42,19.45
2010-10-19,19.48,7.496,7.402,14.848,40.92
2010-10-20,15.48,6.566,7.17,13.438,31.07
2010-10-21,0.0,7.525,6.911,14.571,23.03
2010-10-22,35.118,7.725,6.723,14.732,21.85
2010-10-23,0.0,7.896,7.036,15.188,21.71
2010-10-24,1.886,9.053,8.232,17.598,18.77
2010-10-25,10.723,6.961,7.723,14.411,22.54
2010-10-26,17.337,7.782,6.438,14.67,49.89
2010-10-27,4.443,8.008,8.705,16.545,34.48
2010-10-28,11.047,7.777,8.384,16.009,35.71
2010-10-29,5.571,7.417,8.152,15.393,29.25
2010-10-30,25.164,6.356,8.562,14.268,36.09
2010-10-31,25.498,8.457,7.893,16.67,38.11
2010-11-01,23.182,5.875,8.312,13.455,47.19
2010-11-02,5.303,7.967,8.688,16.562,33.6
2010-11-03,34.547,6.328,8.589,14.277,39.5
2010-11-04,6.161,8.243,7.884,16.429,37.28
2010-11-05,11.061,8.309,8.268,16.804,31.99
2010-11-06,44.108,5.17,8.804,12.973,41.25
2010-11-07,0.39,4.933,8.286,12.277,33.1
2010-11-08,5.209,7.782,6.938,15.223,34.1
2010-11-09,0.0,8.231,6.67,15.705,28.78
2010-11-10,14.212,7.465,7.625,15.25,63.43
2010-11-11,10.79,6.586,7.705,14.116,73.3
2010-11-12,1.999,6.242,7.286,13.321,43.56
2010-11-13,26.971,5.592,8.0,12.991,40.79
2010-11-14,32.635,6.017,8.304,13.795,48.05
2010-11-15,9.263,6.794,7.795,14.509,50.07
2010-11-16,2.238,6.667,8.473,14.839,61.5
2010-11-17,30.622,5.964,7.643,13.286,83.96
2010-11-18,0.0,7.097,7.571,14.83,49.1
2010-11-19,17.763,7.444,7.955,15.598,43.55
2010-11-20,3.843,7.465,7.134,15.071,48.43
2010-11-21,0.0,6.39,7.768,14.0,42.5
2010-11-22,5.113,8.161,6.661,15.795,40.63
2010-11-23,0.0,6.822,7.964,14.759,37.1
2010-11-24,0.501,7.576,7.902,15.804,35.09
2010-11-25,34.756,7.377,7.821,15.473,39.45
2010-11-26,0.0,7.004,7.438,14.67,42.04
2010-11-27,13.736,6.315,7.902,14.054,34.68
2010-11-28,24.258,7.128,7.25,14.75,36.98
2010-11-29,9.139,7.476,7.929,15.759,35.29
2010-11-30,1.634,7.148,6.554,14.348,33.57
2010-12-01,10.192,6.42,8.938,14.982,28.67
2010-12-02,0.462,5.88,8.196,13.688,27.0
2010-12-03,24.88,5.942,8.33,13.92,34.85
2010-12-04,33.01,5.401,8.554,13.357,40.54
2010-12-05,22.615,6.422,7.304,13.848,54.08
2010-12-06,0.0,7.168,7.652,15.152,40.35
2010-12-07,1.201,6.153,9.107,14.777,34.45
2010-12-08,0.0,6.771,7.286,14.339,30.83
2010-12-09,0.0,6.957,7.866,15.009,29.43
2010-12-10,0.0,6.823,7.688,14.714,28.6
2010-12-11,5.882,6.748,7.991,14.804,25.95
2010-12-12,0.0,7.288,7.955,15.571,24.4
2010-12-13,8.481,6.79,9.286,15.821,25.92
2010-12-14,16.135,7.397,8.375,16.054,32.2
2010-12-15,32.404,5.739,7.455,13.009,28.36
2010-12-16,26.972,6.835,8.152,15.089,50.47
2010-12-17,8.326,7.212,6.42,14.473,36.26
2010-12-18,18.786,5.39,7.911,12.857,29.11
2010-12-19,2.894,7.351,7.161,15.161,26.19
2010-12-20,0.434,6.425,8.161,14.5,30.13
2010-12-21,0.0,6.957,6.848,14.348,29.93
2010-12-22,0.0,6.114,7.223,13.393,26.0
2010-12-23,0.0,5.813,7.223,12.946,32.68
2010-12-24,0.0,6.593,7.679,14.411,33.02
2010-12-25,0.0,6.354,7.393,13.821,28.16
2010-12-26,17.472,5.923,8.125,13.75,30.28
2010-12-27,0.0,6.751,8.089,14.875,28.01
2010-12-28,0.0,6.913,7.812,14.938,25.54
2010-12-29,0.0,7.156,7.964,15.366,24.8
2010-12-30,0.0,7.73,7.616,15.982,23.37
2010-12-31,0.654,9.641,5.339,17.339,21.16
2011-01-01,0.0,8.786,5.482,16.134,17.75
2011-01-02,0.0,9.232,5.268,16.652,18.05
2011-01-03,0.0,6.642,7.42,14.214,19.62
2011-01-04,15.812,6.51,7.786,14.286,21.21
2011-01-05,5.346,7.212,7.384,15.027,23.87
2011-01-06,0.0,7.936,6.196,15.277,20.36
2011-01-07,21.547,6.377,7.125,13.598,18.31
2011-01-08,3.997,7.684,6.955,15.375,19.11
2011-01-09,0.0,5.246,8.768,13.232,35.58
2011-01-10,0.0,6.553,8.643,14.902,53.25
2011-01-11,0.134,7.871,7.286,15.83,27.34
2011-01-12,0.0,7.976,6.804,15.643,22.09
2011-01-13,0.0,7.089,8.134,15.259,19.76
2011-01-14,0.0,8.686,7.562,17.125,17.5
2011-01-15,0.0,8.874,6.58,16.759,16.87
2011-01-16,6.975,7.382,8.009,15.545,16.24
2011-01-17,9.309,8.143,6.777,15.795,15.82
2011-01-18,0.0,8.791,5.786,16.098,14.77
2011-01-19,0.0,7.661,6.652,14.964,14.05
2011-01-20,0.0,8.869,6.384,16.536,13.96
2011-01-21,0.0,8.383,5.491,15.259,13.11
2011-01-22,2.732,8.262,7.312,16.214,13.11
2011-01-23,0.0,9.515,6.393,17.429,12.64
2011-01-24,0.0,7.526,6.688,14.705,12.22
2011-01-25,0.0,8.554,5.393,15.357,12.16
2011-01-26,0.0,7.814,7.545,15.661,12.66
2011-01-27,3.891,6.866,8.393,14.964,13.37
2011-01-28,8.711,7.963,7.696,15.938,14.07
2011-01-29,4.875,8.654,7.768,16.973,14.22
2011-01-30,1.71,7.973,7.223,15.607,12.18
2011-01-31,0.0,8.284,5.839,15.143,12.36
2011-02-01,0.0,5.999,7.902,13.33,12.44
2011-02-02,0.0,7.827,7.598,15.598,12.42
2011-02-03,0.0,8.115,6.205,15.071,12.14
2011-02-04,0.0,7.108,8.518,15.214,11.65
2011-02-05,14.253,7.464,7.911,15.277,11.61
2011-02-06,12.418,7.309,8.768,15.652,11.45
2011-02-07,11.958,5.455,8.027,12.634,12.62
2011-02-08,17.366,6.771,7.438,13.973,13.35
2011-02-09,0.0,5.164,7.75,12.036,18.37
2011-02-10,4.478,6.937,7.982,14.545,22.4
2011-02-11,1.828,6.601,8.116,14.17,18.8
2011-02-12,6.499,6.464,8.625,14.348,22.12
2011-02-13,14.858,6.297,8.509,14.027,22.4
2011-02-14,15.264,7.743,7.768,15.42,37.0
2011-02-15,3.374,8.01,8.134,16.009,25.82
2011-02-16,19.117,5.968,8.232,13.366,18.09
2011-02-17,20.517,6.737,8.821,14.795,17.65
2011-02-18,7.392,8.764,6.366,15.821,20.95
2011-02-19,1.323,8.349,7.634,16.054,38.22
2011-02-20,3.654,9.422,6.741,16.929,21.55
2011-02-21,0.29,7.986,5.821,14.339,17.82
2011-02-22,0.0,7.016,7.304,14.0,15.97
2011-02-23,0.302,6.77,7.67,13.938,16.94
2011-02-24,16.545,5.023,8.366,12.188,21.16
2011-02-25,21.293,8.13,7.527,15.634,50.02
2011-02-26,1.074,8.261,6.804,15.286,30.72
2011-02-27,13.73,7.776,7.179,14.884,22.15
2011-02-28,7.871,8.97,7.795,16.884,24.99
2011-03-01,33.646,7.696,7.759,15.161,20.83
2011-03-02,0.0,7.023,8.196,14.571,31.42
2011-03-03,9.453,7.686,7.679,15.089,27.6
2011-03-04,0.0,8.784,6.616,15.839,25.38
2011-03-05,0.0,6.611,7.036,13.196,32.03
2011-03-06,0.595,5.71,7.438,12.241,36.62
2011-03-07,0.0,8.211,6.152,14.696,53.16
2011-03-08,9.975,6.459,7.812,13.491,35.93
2011-03-09,24.324,6.849,7.679,13.902,47.6
2011-03-10,21.335,7.255,7.125,14.062,40.54
2011-03-11,1.864,9.339,5.0,15.5,28.58
2011-03-12,7.289,8.092,6.902,15.018,23.55
2011-03-13,0.0,9.479,7.125,16.991,20.43
2011-03-14,0.0,9.179,5.973,15.875,18.5
2011-03-15,0.0,9.003,5.982,15.616,17.41
2011-03-16,0.0,8.359,7.482,15.723,17.49
2011-03-17,7.385,9.029,6.536,15.991,17.9
2011-03-18,7.123,7.561,7.875,14.929,16.65
2011-03-19,4.274,6.515,9.009,14.429,18.85
2011-03-20,16.933,5.935,8.5,13.312,23.06
2011-03-21,39.094,6.27,7.804,13.205,42.12
2011-03-22,0.0,6.962,7.938,14.188,45.27
2011-03-23,1.797,6.926,8.232,14.393,66.81
2011-03-24,0.597,8.829,7.536,16.393,50.88
2011-03-25,9.883,7.516,8.464,15.295,63.13
2011-03-26,0.363,6.356,8.562,13.893,78.79
2011-03-27,3.083,9.069,7.92,16.938,51.47
2011-03-28,0.463,6.951,8.196,14.366,40.16
2011-03-29,9.353,8.622,8.062,16.464,28.62
2011-03-30,0.0,7.41,7.821,14.696,24.31
2011-03-31,2.733,7.806,8.616,15.777,22.03
2011-04-01,14.511,7.761,8.179,15.411,22.76
2011-04-02,12.099,6.474,8.339,13.875,23.26
2011-04-03,0.0,7.919,6.804,14.705,23.49
2011-04-04,15.872,7.347,8.036,14.795,29.1
2011-04-05,0.43,7.163,8.384,14.812,35.02
2011-04-06,18.113,6.811,7.438,13.688,70.46
2011-04-07,16.85,7.551,8.429,15.384,43.72
2011-04-08,3.997,8.238,8.607,16.42,38.69
2011-04-09,24.216,6.002,8.536,13.473,74.53
2011-04-10,27.858,5.854,7.982,12.893,116.0
2011-04-11,6.078,6.562,8.375,14.098,76.69
2011-04-12,32.887,5.822,8.045,12.92,89.77
2011-04-13,9.414,6.646,7.393,13.482,77.21
2011-04-14,18.1,7.752,7.473,15.045,56.4
2011-04-15,12.738,4.246,8.188,11.116,68.89
2011-04-16,0.0,6.482,7.545,13.411,84.1
2011-04-17,37.114,6.551,7.491,13.482,87.53
2011-04-18,5.413,6.89,7.732,14.125,72.91
2011-04-19,25.883,5.388,8.134,12.491,62.31
2011-04-21,3.939,7.024,8.205,14.696,103.6
2011-04-22,20.021,6.552,7.938,13.857,72.85
2011-04-23,0.0,6.145,8.17,13.518,68.96
2011-04-24,0.507,7.448,8.161,15.241,86.13
2011-04-25,0.0,6.709,9.018,14.893,59.89
2011-04-26,0.0,9.117,7.545,17.107,60.62
2011-04-27,15.694,6.648,8.143,14.17,69.84
2011-04-28,26.638,7.539,7.25,14.768,53.57
2011-04-29,10.833,9.559,8.179,18.17,56.24
2011-04-30,0.0,9.479,6.357,16.938,47.84
2011-05-01,12.733,6.851,9.134,15.25,45.07
2011-05-02,0.0,6.696,9.304,15.17,45.54
2011-05-03,5.776,3.81,9.777,12.098,62.02
2011-05-04,0.459,5.447,8.875,13.268,68.47
2011-05-05,0.0,5.987,8.902,13.982,54.42
2011-05-06,0.0,6.665,9.42,15.268,45.74
2011-05-07,0.0,6.079,9.964,14.938,42.86
2011-05-08,2.364,5.639,9.705,14.214,95.25
2011-05-09,0.0,7.201,9.491,16.071,53.62
2011-05-10,1.646,6.534,9.08,14.902,46.79
2011-05-11,0.0,6.174,10.036,15.152,38.64
2011-05-12,0.0,7.309,9.929,16.554,37.99
2011-05-13,31.331,4.59,9.616,12.911,79.65
2011-05-14,12.691,5.298,8.527,12.938,78.06
2011-05-15,3.865,7.812,8.438,16.259,61.16
2011-05-16,24.572,6.567,8.634,14.696,49.18
2011-05-17,13.646,8.008,7.205,15.714,47.34
2011-05-18,5.376,8.464,7.179,16.366,41.12
2011-05-19,9.828,4.852,7.625,11.679,37.82
2011-05-20,0.0,8.628,6.75,16.348,34.81
2011-05-21,19.12,7.779,7.036,15.339,49.92
2011-05-22,8.248,6.637,8.375,14.67,56.58
2011-05-23,1.306,7.33,8.509,15.732,51.84
2011-05-24,0.0,6.74,8.554,14.964,45.43
2011-05-25,8.333,7.555,8.768,16.259,51.15
2011-05-26,22.11,4.697,9.509,13.045,62.61
2011-05-27,0.0,7.144,8.509,15.536,75.29
2011-05-28,0.0,5.99,8.295,13.812,55.71
2011-05-29,0.0,5.616,8.67,13.598,76.95
2011-05-30,0.0,5.987,9.027,14.366,92.86
2011-05-31,0.0,6.48,8.929,14.964,94.32
2011-06-01,0.0,6.694,8.964,15.286,61.78
2011-06-02,6.406,5.192,9.009,13.312,64.79
2011-06-03,18.327,6.083,8.893,14.438,69.71
2011-06-04,23.05,4.022,8.938,11.848,56.86
2011-06-05,0.0,5.421,8.259,13.071,46.81
2011-06-06,0.0,8.35,7.545,16.696,41.91
2011-06-07,0.651,6.728,8.607,15.125,42.12
2011-06-08,0.0,6.73,8.259,14.884,37.98
2011-06-09,0.0,6.459,10.062,15.839,34.77
2011-06-10,0.0,6.791,9.223,15.679,34.07
2011-06-11,0.0,5.773,9.571,14.58,38.88
2011-06-12,0.0,7.011,9.089,15.911,39.01
2011-06-13,0.0,6.935,8.723,15.554,56.79
2011-06-14,0.0,4.54,9.411,12.884,75.72
2011-06-15,1.028,5.836,8.482,13.839,90.38
2011-06-16,27.011,6.388,7.955,14.223,56.66
2011-06-17,0.0,6.664,8.339,14.893,36.84
2011-06-18,0.0,5.018,8.455,12.723,43.47
2011-06-19,0.0,7.078,8.67,15.732,45.99
2011-06-20,3.588,7.412,8.107,15.795,38.56
2011-06-21,0.0,6.269,9.098,14.902,32.61
2011-06-22,0.0,7.125,7.536,15.0,29.82
2011-06-23,0.0,5.384,9.027,13.67,29.17
2011-06-24,4.096,6.683,8.134,14.804,35.1
2011-06-25,7.31,6.143,7.732,13.732,51.8
2011-06-26,0.0,5.516,8.223,13.214,39.11
2011-06-27,6.702,5.853,8.491,13.875,82.78
2011-06-28,0.0,8.571,5.214,15.625,42.04
2011-06-29,0.0,7.863,6.589,15.429,28.81
2011-06-30,11.305,6.724,8.027,14.741,27.05
2011-07-01,10.716,6.53,8.205,14.625,32.71
2011-07-02,0.0,6.401,8.982,15.0,31.48
2011-07-03,0.0,7.392,7.438,15.286,24.89
2011-07-04,0.887,6.389,8.241,14.42,24.19
2011-07-05,0.0,7.228,7.804,15.286,25.24
2011-07-06,6.011,5.974,7.286,13.143,31.08
2011-07-07,0.0,5.608,7.571,12.812,54.65
2011-07-08,0.0,7.76,5.982,14.848,43.2
2011-07-09,0.0,6.33,6.857,13.312,40.32
2011-07-10,0.0,6.654,8.259,14.759,38.68
2011-07-11,0.0,7.397,7.411,15.214,52.93
2011-07-12,0.0,7.517,7.232,15.25,49.56
2011-07-13,0.56,7.222,6.795,14.527,49.11
2011-07-14,2.811,7.423,6.384,14.527,48.9
2011-07-15,26.989,6.307,7.116,13.42,44.39
2011-07-16,0.178,7.393,7.464,15.205,46.76
2011-07-17,0.0,6.305,8.179,14.152,41.34
2011-07-18,0.0,7.168,7.134,14.634,44.43
2011-07-19,0.0,6.713,8.696,15.08,50.14
2011-07-20,0.0,7.322,6.357,14.295,42.6
2011-07-21,0.0,6.002,7.688,13.339,38.92
2011-07-22,0.0,7.741,7.188,15.446,34.77
2011-07-23,0.0,6.783,7.929,14.589,46.09
2011-07-24,0.0,6.824,8.5,15.036,43.76
2011-07-25,0.0,5.047,8.893,12.973,46.88
2011-07-26,0.0,6.657,7.589,14.116,44.2
2011-07-27,0.0,6.634,8.08,14.446,42.16
2011-07-28,2.281,6.834,8.268,14.821,48.38
2011-07-29,16.974,7.221,7.08,14.554,44.62
2011-07-30,7.265,5.851,7.83,13.179,52.97
2011-07-31,18.275,8.681,5.75,15.723,73.17
2011-08-01,9.193,8.628,7.607,16.839,51.19
2011-08-02,0.0,7.761,8.652,16.312,40.85
2011-08-03,7.889,6.705,8.384,14.652,38.45
2011-08-04,0.0,6.368,8.366,14.188,37.04
2011-08-05,0.0,6.927,9.107,15.473,35.19
2011-08-06,0.0,8.85,5.589,15.768,33.93
2011-08-07,0.0,7.944,5.134,14.134,33.12
2011-08-08,0.0,8.417,6.277,15.545,32.3
2011-08-09,0.0,7.156,6.58,13.938,31.48
2011-08-10,0.0,7.481,7.241,14.83,37.94
2011-08-11,0.0,7.674,6.804,14.786,34.78
2011-08-12,0.0,7.401,6.214,13.991,31.48
2011-08-13,0.0,6.894,7.75,14.321,31.48
2011-08-14,0.0,8.32,7.768,16.286,30.67
2011-08-15,0.0,7.048,7.938,14.652,30.79
2011-08-16,0.0,8.19,7.929,16.179,34.35
2011-08-17,0.0,9.174,6.393,16.527,32.78
2011-08-18,4.359,8.692,7.812,16.75,31.48
2011-08-19,3.415,8.348,7.411,16.0,31.08
2011-08-20,9.865,8.71,7.045,16.259,33.07
2011-08-21,0.0,8.828,6.161,15.866,34.38
2011-08-22,2.164,6.786,8.062,14.312,35.15
2011-08-23,3.496,8.201,6.875,15.411,31.79
2011-08-24,0.0,7.165,7.152,14.152,35.63
2011-08-25,0.0,8.139,7.652,15.804,31.65
2011-08-26,14.543,7.344,9.062,15.732,24.54
2011-08-27,0.0,8.106,6.652,15.062,18.82
2011-08-28,0.0,7.849,7.42,15.214,16.48
2011-08-29,0.511,7.353,7.536,14.607,14.73
2011-08-30,0.0,9.821,6.286,17.161,13.43
2011-08-31,2.688,6.812,7.634,13.946,14.73
2011-09-01,0.129,8.337,5.473,14.562,17.06
2011-09-02,0.0,9.546,4.607,15.714,19.4
2011-09-03,0.0,7.009,5.991,13.054,20.05
2011-09-04,0.0,8.259,5.42,14.393,20.1
2011-09-05,0.0,10.019,4.58,16.339,21.39
2011-09-06,0.0,7.557,6.071,13.83,18.24
2011-09-07,0.0,8.825,5.955,15.509,18.53
2011-09-08,0.0,8.472,6.973,15.652,19.7
2011-09-09,17.605,7.477,6.866,14.25,23.49
2011-09-10,4.422,9.367,6.402,16.518,16.77
2011-09-11,13.873,6.152,8.5,13.688,18.24
2011-09-12,0.0,6.151,7.902,13.232,22.09
2011-09-13,0.0,8.389,6.562,15.277,20.05
2011-09-14,0.0,8.153,5.929,14.527,22.44
2011-09-15,0.0,8.452,6.911,15.58,23.49
2011-09-16,0.0,8.108,7.027,15.17,21.51
2011-09-17,0.0,8.1,7.42,15.438,26.7
2011-09-18,0.555,8.156,7.5,15.554,36.57
2011-09-19,8.657,8.287,7.875,15.991,37.51
2011-09-20,0.0,8.366,8.188,16.295,31.48
2011-09-21,0.0,6.698,7.179,13.384,26.64
2011-09-22,0.0,9.451,6.616,16.723,24.89
2011-09-23,0.0,9.311,7.973,17.411,21.39
2011-09-24,12.16,8.004,8.554,16.098,19.4
2011-09-25,7.903,6.594,8.812,14.491,19.4
2011-09-26,0.846,7.304,8.616,15.223,19.81
2011-09-27,0.0,8.725,6.875,15.929,31.08
2011-09-28,12.297,7.848,6.902,14.759,29.44
2011-09-29,0.0,9.079,5.107,15.304,23.14
2011-09-30,0.0,8.763,7.973,16.705,20.69
2011-10-01,0.0,8.093,7.875,15.75,31.08
2011-10-02,15.012,7.693,8.25,15.491,28.62
2011-10-03,5.339,8.798,7.152,16.223,23.49
2011-10-04,21.65,5.727,8.018,12.804,32.71
2011-10-05,16.419,6.782,7.938,14.143,33.53
2011-10-06,9.204,6.042,8.312,13.446,29.03
2011-10-07,0.681,8.702,9.152,17.509,23.84
2011-10-08,0.0,6.103,9.161,14.17,22.09
2011-10-09,0.0,8.184,8.643,16.491,33.12
2011-10-10,30.527,9.146,8.455,17.661,45.68
2011-10-11,12.917,8.463,7.304,15.973,40.79
2011-10-12,17.413,7.4,8.5,15.402,48.5
2011-10-13,8.91,8.629,7.696,16.5,53.57
2011-10-14,6.382,7.995,6.955,15.143,45.02
2011-10-15,36.604,8.15,8.188,16.214,43.61
2011-10-16,27.153,6.826,8.107,14.411,53.01
2011-10-17,9.294,6.712,7.786,14.062,58.65
2011-10-18,19.481,7.22,7.25,14.366,75.69
2011-10-19,4.806,8.577,6.134,15.5,37.28
2011-10-20,4.158,7.4,6.268,13.955,30.26
2011-10-21,1.006,8.412,5.875,15.125,31.08
2011-10-22,0.702,8.455,6.884,15.848,26.64
2011-10-23,0.288,8.118,6.679,15.259,22.09
2011-10-24,25.343,7.344,7.143,14.518,32.71
2011-10-25,0.698,8.793,6.714,16.259,29.44
2011-10-26,0.0,7.553,7.411,15.0,25.94
2011-10-27,0.873,8.24,7.402,15.955,23.14
2011-10-28,7.169,5.865,9.0,13.929,22.44
2011-10-29,0.0,7.516,7.473,15.054,23.49
2011-10-30,20.819,6.025,7.884,13.312,28.22
2011-10-31,0.0,7.494,6.786,14.58,26.76
2011-11-01,0.0,8.645,6.661,16.134,27.81
2011-11-02,0.0,8.419,8.054,16.732,25.24
2011-11-03,6.149,8.132,7.795,16.179,25.94
2011-11-04,10.621,6.502,8.723,14.643,26.64
2011-11-05,6.299,7.596,7.473,15.259,24.54
2011-11-06,10.189,6.607,8.545,14.67,23.49
2011-11-07,0.319,8.506,9.036,17.652,26.29
2011-11-08,51.923,5.407,8.241,12.857,30.67
2011-11-09,0.0,7.249,8.518,15.571,34.34
2011-11-10,9.592,8.2,7.116,15.973,46.43
2011-11-11,15.127,7.058,7.75,14.777,55.83
2011-11-12,62.227,6.28,8.295,14.134,110.5
2011-11-13,10.618,6.872,7.955,14.75,118.6
2011-11-14,0.0,8.192,6.08,15.366,46.43
2011-11-15,3.966,8.748,6.92,16.688,51.32
2011-11-16,12.402,7.256,7.205,14.759,39.85
2011-11-17,53.44,7.836,7.277,15.705,43.61
2011-11-18,14.059,8.012,7.384,16.018,31.08
2011-11-19,0.0,7.393,7.402,15.143,37.51
2011-11-20,12.252,7.002,7.554,14.696,44.55
2011-11-21,6.624,7.747,6.768,15.25,34.34
2011-11-22,15.479,8.036,7.152,15.955,39.85
2011-11-23,0.0,7.866,6.036,15.0,39.39
2011-11-24,21.176,6.669,7.768,14.455,50.19
2011-11-25,0.0,8.031,6.848,15.768,39.39
2011-11-26,4.687,8.043,7.902,16.482,36.1
2011-11-27,11.718,7.049,8.071,15.205,38.45
2011-11-28,7.583,7.556,7.054,15.25,39.85
2011-11-29,36.372,6.404,8.134,14.366,42.67
2011-11-30,11.16,6.917,8.054,15.045,43.61
2011-12-01,65.108,5.81,8.598,13.893,55.83
2011-12-02,0.373,6.11,7.982,13.857,39.85
2011-12-03,1.776,6.08,8.384,14.107,63.16
2011-12-04,0.38,5.525,8.455,13.402,70.42
2011-12-05,14.524,6.79,8.018,14.875,68.92
2011-12-06,0.625,6.832,8.0,14.938,97.57
2011-12-07,13.323,6.522,7.946,14.455,110.2
2011-12-08,0.289,5.758,8.402,13.732,86.42
2011-12-09,14.56,7.715,7.321,15.777,46.24
2011-12-10,4.417,8.374,7.259,16.679,53.01
2011-12-11,0.0,7.575,7.42,15.625,54.7
2011-12-12,66.107,6.693,7.375,14.312,51.32
2011-12-13,1.562,6.494,8.116,14.571,43.8
2011-12-14,10.851,5.788,8.464,13.83,41.26
2011-12-15,0.354,6.258,7.991,14.134,40.32
2011-12-16,0.302,6.672,8.062,14.759,45.02
2011-12-17,0.0,7.182,8.438,15.768,41.26
2011-12-18,14.766,6.487,8.045,14.5,41.73
2011-12-19,3.251,4.944,8.75,12.902,43.14
2011-12-20,0.0,7.501,7.964,15.929,47.37
2011-12-21,0.0,5.819,9.071,14.321,40.32
2011-12-22,0.0,8.296,6.554,16.152,36.1
2011-12-23,0.0,8.173,6.33,15.812,33.53
2011-12-24,0.0,6.912,8.455,15.384,29.44
2011-12-25,0.0,7.344,8.089,15.75,27.81
2011-12-26,0.419,6.889,7.938,14.973,33.53
2011-12-27,0.0,6.707,8.545,15.152,29.44
2011-12-28,0.0,6.773,9.625,16.018,27.4
2011-12-29,0.276,6.795,9.045,15.634,29.03
2011-12-30,0.0,6.981,8.723,15.643,26.64
2011-12-31,0.0,7.811,8.688,16.786,24.89
2012-01-01,0.0,8.764,6.241,16.589,22.44
2012-01-02,17.85,8.166,6.848,16.054,21.74
2012-01-03,6.787,7.197,8.75,15.938,23.14
2012-01-04,61.791,8.631,8.643,17.92,64.85
2012-01-05,0.0,4.576,8.884,12.473,39.39
2012-01-06,12.593,6.889,8.098,15.027,41.26
2012-01-07,0.0,6.631,7.982,14.562,34.81
2012-01-08,0.0,5.98,7.839,13.536,32.71
2012-01-09,0.0,6.695,8.589,15.062,32.71
2012-01-10,1.339,8.032,7.964,16.509,29.44
2012-01-11,0.398,8.552,6.83,16.536,26.64
2012-01-12,5.145,7.3,8.241,15.661,24.89
2012-01-13,14.902,6.165,8.911,14.527,23.84
2012-01-14,0.0,6.496,7.92,14.25,22.44
2012-01-15,0.151,6.96,8.732,15.464,21.74
2012-01-16,16.462,7.151,7.152,14.634,21.04
2012-01-17,0.0,8.54,8.071,17.223,22.09
2012-01-18,14.65,6.968,7.009,14.241,23.14
2012-01-19,9.085,5.951,7.893,13.446,24.89
2012-01-20,27.636,5.495,8.625,13.375,27.81
2012-01-21,11.255,6.219,7.929,13.795,30.26
2012-01-22,4.431,6.042,8.536,14.018,43.52
2012-01-23,0.0,5.937,7.607,13.152,59.21
2012-01-24,0.0,6.171,7.607,13.446,39.39
2012-01-25,0.0,8.029,7.598,16.045,37.98
2012-01-26,0.0,8.163,5.366,14.768,40.79
2012-01-27,0.0,6.953,8.473,15.107,33.53
2012-01-28,0.0,7.608,7.848,15.562,30.26
2012-01-29,0.0,7.845,7.545,15.67,25.24
2012-01-30,0.0,6.958,7.911,14.688,26.64
2012-01-31,2.895,7.478,6.848,14.652,23.84
2012-02-01,0.0,7.047,7.661,14.589,26.64
2012-02-02,0.0,7.605,8.098,15.634,26.29
2012-02-03,4.75,8.12,8.393,16.571,27.69
2012-02-04,0.0,7.438,8.75,15.83,26.29
2012-02-05,6.857,5.986,8.196,13.473,25.24
2012-02-06,2.638,5.051,8.625,12.616,29.85
2012-02-07,3.499,7.734,7.518,15.321,56.96
2012-02-08,34.678,5.696,7.42,12.473,73.35
2012-02-09,2.44,7.961,7.009,15.295,76.4
2012-02-10,0.0,8.264,7.036,15.723,49.06
2012-02-11,7.775,7.689,7.232,15.018,48.5
2012-02-12,0.0,8.391,6.92,15.759,42.67
2012-02-13,7.362,8.277,7.17,15.723,31.48
2012-02-14,3.097,8.548,7.196,16.134,26.64
2012-02-15,0.0,9.592,4.304,15.777,23.84
2012-02-16,0.0,9.266,5.339,15.911,23.14
2012-02-17,0.0,7.684,7.652,15.205,23.49
2012-02-18,0.0,8.502,5.777,15.071,21.74
2012-02-19,0.171,7.955,5.107,13.866,21.04
2012-02-20,0.176,8.398,5.089,14.473,21.04
2012-02-21,0.0,8.767,5.625,15.286,20.34
2012-02-22,0.0,7.357,5.616,13.321,22.44
2012-02-23,0.0,7.596,5.911,13.821,20.69
2012-02-24,0.0,8.517,5.554,14.848,24.89
2012-02-25,5.939,7.249,6.723,13.866,27.81
2012-02-26,6.107,7.738,6.491,14.366,25.24
2012-02-27,0.0,7.681,6.375,14.223,26.7
2012-02-28,3.291,6.547,7.125,13.161,23.14
2012-02-29,6.113,7.232,6.866,13.893,22.79
2012-03-01,1.993,6.866,6.83,13.384,24.54
2012-03-02,0.0,6.566,5.804,12.223,27.81
2012-03-03,0.0,5.986,7.982,13.036,47.37
2012-03-04,0.754,8.78,8.036,16.732,49.06
2012-03-05,0.0,6.85,8.205,14.286,36.1
2012-03-06,0.0,6.677,7.696,13.679,34.4
2012-03-07,0.0,7.706,7.589,14.964,24.54
2012-03-08,0.0,6.058,7.723,12.902,23.84
2012-03-09,12.395,4.326,8.536,11.438,27.81
2012-03-10,21.408,5.413,7.821,12.17,31.08
2012-03-11,0.0,6.218,8.304,13.536,46.24
2012-03-12,0.0,5.729,8.464,13.036,53.01
2012-03-13,18.172,7.59,7.893,15.009,39.85
2012-03-14,0.245,6.179,6.67,12.268,30.26
2012-03-15,0.0,7.519,7.857,14.875,25.59
2012-03-16,0.0,5.655,9.0,13.375,28.63
2012-03-17,2.677,7.092,8.054,14.446,69.75
2012-03-18,11.637,9.377,6.723,16.589,42.67
2012-03-19,18.74,5.404,8.0,12.286,39.85
2012-03-20,1.807,8.346,7.839,16.0,37.04
2012-03-21,6.442,8.005,8.188,15.75,36.16
2012-03-22,13.574,4.469,8.062,11.205,33.53
2012-03-23,13.528,8.241,5.777,14.429,32.3
2012-03-24,15.407,6.22,7.848,13.17,27.46
2012-03-25,0.0,7.686,8.134,15.304,43.8
2012-03-26,3.622,6.157,7.786,13.045,50.19
2012-03-27,22.945,7.724,7.518,14.911,35.69
2012-03-28,0.0,8.464,7.857,16.134,49.06
2012-03-29,0.0,8.397,7.429,15.741,33.93
2012-03-30,0.0,5.692,9.821,14.062,34.53
2012-03-31,9.416,7.266,8.991,15.375,63.16
2012-04-01,6.245,7.648,8.357,15.411,45.68
2012-04-02,0.0,7.06,8.777,14.955,40.42
2012-04-03,0.0,6.854,8.679,14.625,32.3
2012-04-04,1.548,7.056,8.268,14.598,33.53
2012-04-05,14.948,8.118,8.027,15.83,35.81
2012-04-06,1.7,8.427,7.054,15.625,46.24
2012-04-07,22.387,5.249,8.25,12.33,38.45
2012-04-08,1.1,5.877,8.375,13.188,48.5
2012-04-09,6.109,6.544,8.312,14.036,49.06
2012-04-10,26.294,8.841,7.232,16.321,65.98
2012-04-11,8.832,7.308,5.759,13.259,59.78
2012-04-12,24.254,4.743,7.045,10.786,58.09
2012-04-13,8.705,7.888,6.92,14.866,63.16
2012-04-14,2.625,8.437,5.955,14.982,57.52
2012-04-15,12.179,7.693,7.205,14.777,64.85
2012-04-16,18.554,6.182,7.705,13.152,62.03
2012-04-17,0.0,7.898,7.768,15.482,56.39
2012-04-18,33.296,7.257,8.214,14.982,76.46
2012-04-19,14.112,5.875,8.036,13.027,65.15
2012-04-20,0.802,7.198,7.732,14.562,54.7
2012-04-24,0.0,7.729,8.098,15.589,48.5
2012-04-25,0.0,7.272,7.634,14.652,43.99
2012-04-26,0.0,5.457,8.518,12.929,53.1
2012-04-27,0.0,8.0,8.312,16.125,55.27
2012-04-28,7.641,5.245,8.196,12.438,54.7
2012-04-29,21.236,8.356,8.393,16.732,48.5
2012-04-30,4.042,6.95,7.679,14.312,40.79
2012-05-01,17.892,6.024,8.268,13.536,38.45
2012-05-02,6.57,7.116,7.777,14.643,38.92
2012-05-03,0.0,6.76,8.571,14.75,39.85
2012-05-04,0.0,7.335,7.634,14.866,41.26
2012-05-05,1.47,6.5,8.438,14.33,45.68
2012-05-06,0.0,6.583,8.607,14.589,41.73
2012-05-07,7.47,6.093,8.5,13.893,36.57
2012-05-08,0.646,6.305,7.92,13.741,31.08
2012-05-09,0.0,6.242,8.366,13.982,27.4
2012-05-10,0.0,7.706,6.804,14.902,33.53
2012-05-11,0.0,7.949,8.143,16.179,32.3
2012-05-12,0.0,7.052,8.812,15.438,41.26
2012-05-13,1.916,6.702,8.732,14.92,58.96
2012-05-14,0.0,6.718,8.411,14.714,37.28
2012-05-15,0.0,7.799,8.804,16.491,31.65
2012-05-16,0.0,7.074,8.188,15.08,25.42
2012-05-17,0.0,7.054,8.58,15.339,29.44
2012-05-18,0.239,8.039,8.625,16.714,26.11
2012-05-19,16.789,5.528,8.786,13.473,41.44
2012-05-20,0.0,7.964,8.42,16.527,38.94
2012-05-21,0.4,6.99,8.42,15.205,34.75
2012-05-22,2.01,6.932,8.714,15.339,49.13
2012-05-23,0.0,7.575,6.946,15.009,31.87
2012-05-24,0.0,6.891,7.938,14.75,28.95
2012-05-25,0.0,8.054,7.125,15.848,24.82
2012-05-26,0.428,5.967,8.259,13.714,24.51
2012-05-27,0.0,7.002,7.705,14.786,20.93
2012-05-28,0.0,6.02,7.518,13.259,19.18
2012-05-29,0.0,6.494,8.464,14.643,26.05
2012-05-30,0.0,6.346,8.554,14.482,24.47
2012-05-31,7.444,6.706,7.571,14.304,20.5
2012-06-01,0.0,5.943,8.527,13.946,19.11
2012-06-02,0.0,6.925,8.286,15.143,33.21
2012-06-03,0.216,6.802,8.214,14.92,26.95
2012-06-04,1.61,8.525,6.518,16.259,20.78
2012-06-05,8.082,6.495,9.688,15.571,21.09
2012-06-06,0.0,7.621,6.768,15.116,18.99
2012-06-07,0.0,7.219,8.054,15.438,16.66
2012-06-08,0.167,6.318,8.679,14.616,24.16
2012-06-09,0.0,6.457,8.161,14.455,28.39
2012-06-10,0.0,5.873,8.554,13.938,89.57
2012-06-11,0.0,6.406,8.5,14.625,50.74
2012-06-12,0.0,7.005,6.893,14.339,31.24
2012-06-13,0.0,5.942,7.946,13.58,26.88
2012-06-14,0.158,7.151,8.071,15.393,25.93
2012-06-15,0.0,6.705,8.509,15.062,22.64
2012-06-16,20.733,6.509,7.089,13.759,19.43
2012-06-17,2.539,7.47,7.393,15.375,20.43
2012-06-18,2.458,8.551,7.491,17.009,18.53
2012-06-19,1.222,8.385,7.991,17.089,20.59
2012-06-20,0.0,7.508,5.884,14.438,17.92
2012-06-21,2.786,7.414,6.893,14.955,17.69
2012-06-22,0.0,8.543,5.33,15.634,16.85
2012-06-23,2.114,6.277,5.384,12.259,15.55
2012-06-24,0.0,7.609,6.393,14.911,12.95
2012-06-25,0.468,5.834,7.188,12.884,12.63
2012-06-26,2.181,6.656,7.259,14.107,15.43
2012-06-27,0.0,6.742,6.0,13.366,18.21
2012-06-28,0.0,7.476,6.777,14.973,22.83
2012-06-29,0.0,7.325,5.92,14.179,19.63
2012-06-30,0.0,6.273,7.411,13.652,24.54
2012-07-01,0.0,6.135,7.545,13.554,25.94
2012-07-02,0.0,6.692,7.259,14.134,27.4
2012-07-03,0.0,7.322,6.482,14.518,29.85
2012-07-04,0.0,7.543,6.875,15.107,26.64
2012-07-05,0.0,6.733,7.446,14.304,24.89
2012-07-06,1.078,7.887,6.214,15.152,34.87
2012-07-07,0.896,7.936,7.866,16.321,29.03
2012-07-08,0.0,6.543,8.607,14.857,25.94
2012-07-09,0.0,7.731,8.125,16.161,30.67
2012-07-10,0.415,6.961,7.214,14.446,31.48
2012-07-11,0.0,6.444,8.196,14.393,28.62
2012-07-12,0.0,7.937,8.277,16.545,30.67
2012-07-13,1.916,5.334,8.804,13.33,23.49
2012-07-14,10.0,5.745,7.982,13.232,28.22
2012-07-15,0.0,5.68,6.75,12.241,29.85
2012-07-16,0.0,8.012,6.277,15.277,36.57
2012-07-17,5.125,6.943,8.188,15.036,33.93
2012-07-18,7.09,6.695,8.125,14.634,29.85
2012-07-19,0.0,5.537,7.714,12.723,26.99
2012-07-20,2.108,7.54,5.679,14.143,24.89
2012-07-21,0.0,8.96,5.312,15.991,25.59
2012-07-22,0.0,6.882,7.268,14.25,23.49
2012-07-23,0.0,7.135,6.286,13.92,21.74
2012-07-24,1.381,6.187,7.589,13.482,48.12
2012-07-25,0.0,8.499,5.661,15.473,23.31
2012-07-26,0.0,7.31,6.42,14.223,21.74
2012-07-27,0.0,7.055,7.205,14.402,21.74
2012-07-28,0.0,5.79,8.5,13.58,31.08
2012-07-29,0.0,7.337,6.571,14.33,29.03
2012-07-30,1.267,6.901,6.929,13.929,42.2
2012-07-31,3.209,6.063,8.304,13.75,31.08
2012-08-01,0.0,6.966,7.196,14.196,51.32
2012-08-02,0.0,9.305,5.098,16.161,44.17
2012-08-03,0.0,8.492,6.179,15.634,27.46
2012-08-04,0.0,7.155,7.741,14.786,23.49
2012-08-05,2.819,5.557,7.973,12.786,22.79
2012-08-06,0.0,8.679,5.598,15.5,22.79
2012-08-07,0.0,8.818,6.973,16.545,18.14
2012-08-08,0.0,9.034,6.634,16.607,16.89
2012-08-09,0.0,7.347,6.027,13.83,16.16
2012-08-10,0.0,7.457,6.589,14.348,15.87
2012-08-11,0.0,7.731,7.625,15.402,17.97
2012-08-12,0.638,8.104,7.027,15.5,17.14
2012-08-13,21.498,4.522,8.17,11.554,17.41
2012-08-14,3.935,6.771,7.25,13.812,28.89
2012-08-15,0.0,8.484,7.786,16.482,32.93
2012-08-16,0.0,8.642,5.902,15.455,24.63
2012-08-17,0.0,5.874,7.08,12.411,29.43
2012-08-18,0.563,7.407,7.134,14.527,40.57
2012-08-19,0.0,7.895,6.955,15.062,23.85
2012-08-20,0.0,8.954,5.589,15.643,16.41
2012-08-21,0.0,7.136,7.946,14.679,13.55
2012-08-22,0.0,7.128,7.0,14.0,11.98
2012-08-23,0.0,7.754,7.455,15.152,11.03
2012-08-24,0.0,8.086,7.652,15.714,10.46
2012-08-25,0.0,6.033,7.446,12.821,9.885
2012-08-26,2.616,6.156,8.152,13.5,19.34
2012-08-27,0.0,6.079,8.295,13.5,35.21
2012-08-28,0.0,7.775,7.795,15.384,22.74
2012-08-29,0.0,6.843,8.018,14.286,21.0
2012-08-30,0.0,7.875,6.33,14.491,40.58
2012-08-31,0.0,7.314,5.83,13.366,27.66
2012-09-01,0.0,6.711,5.661,12.402,22.56
2012-09-02,0.0,7.879,5.482,13.92,16.24
2012-09-03,0.0,7.274,7.009,14.098,21.74
2012-09-04,0.0,6.694,7.089,13.357,15.6
2012-09-05,0.0,6.579,8.045,13.902,13.67
2012-09-06,0.0,7.211,6.696,13.786,12.95
2012-09-07,0.0,9.159,6.241,16.125,18.53
2012-09-08,0.0,8.795,6.018,15.491,25.24
2012-09-09,0.0,8.665,6.67,15.714,19.99
2012-09-10,0.0,8.695,5.786,15.188,22.2
2012-09-11,0.0,8.34,5.482,14.5,18.53
2012-09-12,0.0,7.255,7.062,14.054,14.42
2012-09-13,0.0,6.0,6.893,12.295,11.77
2012-09-14,0.0,8.125,6.339,14.759,12.72
2012-09-15,0.0,8.868,5.625,15.304,22.79
2012-09-16,0.0,9.081,5.17,15.295,18.82
2012-09-17,0.0,7.032,7.321,13.92,24.07
2012-09-18,3.621,8.528,7.375,15.964,17.07
2012-09-19,0.0,9.518,5.741,16.277,13.67
2012-09-20,0.452,7.536,7.036,14.393,17.07
2012-09-21,0.0,8.756,6.571,15.759,13.54
2012-09-22,0.0,7.182,8.75,15.152,13.67
2012-09-23,0.0,7.002,7.491,14.0,11.77
2012-09-24,0.291,8.369,6.991,15.5,21.15
2012-09-25,0.296,7.525,7.911,15.018,14.14
2012-09-26,0.0,7.769,8.241,15.571,18.1
2012-09-27,0.611,6.991,7.705,14.188,12.95
2012-09-28,14.153,6.805,7.67,13.893,16.59
2012-09-29,1.86,8.582,6.205,15.33,12.72
2012-09-30,18.1,5.665,8.42,13.0,15.19
2012-10-01,0.0,7.583,6.357,14.054,15.95
2012-10-02,0.0,9.096,6.071,15.938,12.45
2012-10-03,0.0,10.042,5.339,16.786,11.2
2012-10-04,0.0,7.886,8.536,15.955,11.01
2012-10-05,30.926,8.139,8.116,16.036,23.44
2012-10-06,17.707,5.851,8.857,13.643,32.51
2012-10-07,3.097,6.411,8.911,14.384,41.73
2012-10-08,1.852,6.528,9.188,14.723,51.35
2012-10-09,0.0,9.206,6.464,16.429,34.18
2012-10-10,1.631,10.277,4.768,16.902,19.89
2012-10-11,0.241,8.49,6.223,15.33,16.0
2012-10-12,14.302,8.423,5.839,14.991,21.63
2012-10-13,11.691,7.636,8.42,15.661,42.01
2012-10-14,12.77,5.692,8.009,12.821,28.61
2012-10-15,14.423,8.002,7.625,15.625,27.19
2012-10-16,24.193,5.498,7.982,12.58,40.56
2012-10-17,0.0,6.797,8.188,14.429,34.01
2012-10-18,14.491,6.388,7.446,13.357,71.79
2012-10-19,23.442,6.03,7.83,13.161,82.15
2012-10-20,0.0,8.211,7.375,15.839,48.72
2012-10-21,4.457,8.841,6.179,15.938,31.55
2012-10-22,27.893,6.662,6.759,13.277,25.1
2012-10-23,0.0,9.996,6.384,17.696,20.86
2012-10-24,11.886,5.675,8.679,13.411,18.66
2012-10-25,0.0,6.862,7.884,14.393,26.69
2012-10-26,0.266,7.312,6.161,13.839,17.75
2012-10-27,0.0,8.063,7.188,15.589,14.72
2012-10-28,0.0,8.143,6.098,14.991,13.2
2012-10-29,0.0,7.483,8.134,15.438,12.25
2012-10-30,2.859,6.594,8.071,14.232,12.91
2012-10-31,0.0,7.901,7.268,15.482,13.14
2012-11-01,0.0,7.376,6.893,14.5,19.85
2012-11-02,0.0,8.572,6.179,15.759,13.82
2012-11-03,6.676,9.095,7.723,17.518,17.37
2012-11-04,17.394,6.384,7.991,13.929,14.66
2012-11-05,0.0,6.197,8.402,13.991,13.19
2012-11-06,0.0,8.108,7.42,15.973,13.28
2012-11-07,0.0,9.226,5.696,16.464,12.78
2012-11-08,14.189,7.816,6.92,15.241,14.02
2012-11-09,0.748,7.312,6.955,14.562,13.69
2012-11-10,0.377,8.631,6.777,16.348,12.34
2012-11-11,42.852,7.013,6.714,14.0,11.35
2012-11-12,2.207,7.324,7.027,14.679,10.92
2012-11-13,0.0,6.785,8.571,15.036,13.86
2012-11-14,5.041,6.396,8.464,14.429,26.05
2012-11-15,0.0,6.421,7.152,13.545,24.6
2012-11-16,0.0,8.634,8.348,17.509,19.95
2012-11-17,0.0,7.428,7.679,15.348,17.97
2012-11-18,7.997,6.266,8.268,14.179,25.06
2012-11-19,0.0,7.291,7.938,15.357,24.07
2012-11-20,0.0,8.021,7.339,16.027,23.85
2012-11-21,0.0,7.447,7.259,15.17,14.81
2012-11-22,35.189,6.796,7.205,14.196,14.19
2012-11-23,0.0,6.428,9.08,15.045,14.0
2012-11-24,0.0,8.588,6.625,16.438,13.19
2012-11-25,0.0,8.477,7.116,16.589,12.72
2012-11-26,0.0,7.501,6.58,14.83,11.6
2012-11-27,0.0,7.204,7.955,15.339,11.32
2012-11-28,0.0,6.959,7.402,14.625,10.71
2012-11-29,1.073,6.27,9.562,15.232,12.39
2012-11-30,44.874,6.381,8.357,14.5,14.57
2012-12-01,13.606,6.346,8.982,14.938,17.1
2012-12-02,0.0,6.957,8.295,15.286,16.0
2012-12-03,67.463,8.176,8.491,17.196,13.75
2012-12-04,0.0,8.035,6.295,15.536,14.35
2012-12-05,0.0,8.117,7.188,16.232,17.57
2012-12-06,12.808,8.597,7.116,16.902,19.69
2012-12-07,0.0,7.45,8.018,15.839,17.41
2012-12-08,0.0,6.958,8.196,15.259,14.7
2012-12-09,0.0,7.15,7.973,15.384,14.38
2012-12-10,0.0,7.916,6.741,15.688,13.15
2012-12-11,0.0,8.643,5.607,16.036,12.26
2012-12-12,0.0,8.351,5.705,15.67,12.0
2012-12-13,13.387,5.742,6.705,12.446,12.14
2012-12-14,0.564,6.508,7.161,13.893,11.67
2012-12-15,0.0,6.42,7.795,14.223,11.92
2012-12-16,23.851,6.727,7.089,14.179,13.46
2012-12-17,0.0,6.106,7.188,13.339,19.09
2012-12-18,0.0,6.979,8.071,15.259,31.98
2012-12-19,0.0,7.45,7.25,15.366,29.26
2012-12-20,0.0,7.233,7.009,14.857,19.07
2012-12-21,0.0,7.617,6.839,15.295,16.21
2012-12-22,0.0,7.269,6.223,14.366,16.04
2012-12-23,13.046,5.21,8.027,12.705,21.05
2012-12-24,26.975,6.35,8.0,14.259,23.14
2012-12-25,4.58,6.991,8.107,15.268,17.55
2012-12-26,2.946,8.854,7.732,17.696,19.18
2012-12-27,21.536,5.953,9.25,14.634,42.38
2012-12-28,0.0,7.072,8.42,15.571,37.11
2012-12-29,0.0,8.111,6.125,15.554,21.54
2012-12-30,0.0,8.298,5.795,15.616,16.26
2012-12-31,0.0,7.855,5.652,14.839,13.77
2013-01-01,0.0,8.724,5.911,16.304,15.59
2013-01-02,0.0,8.144,5.33,15.062,13.67
2013-01-03,0.0,7.87,6.554,15.429,12.48
2013-01-04,0.0,7.301,6.857,14.768,12.24
2013-01-05,0.0,6.944,7.545,14.723,11.77
2013-01-06,0.0,7.744,5.875,14.777,11.29
2013-01-07,0.0,8.427,6.277,16.027,12.24
2013-01-08,0.0,8.853,4.598,15.616,10.58
2013-01-09,0.0,7.405,5.768,14.17,10.34
2013-01-10,0.0,7.945,6.58,15.482,10.34
2013-01-11,0.0,8.417,5.795,15.643,10.34
2013-01-12,46.894,7.141,6.973,14.536,10.34
2013-01-13,25.562,6.554,8.277,14.607,10.34
2013-01-14,13.749,6.364,8.946,14.875,11.94
2013-01-15,3.993,7.02,8.179,15.17,10.92
2013-01-16,0.0,7.423,8.098,15.679,10.34
2013-01-17,0.0,6.705,8.964,15.304,11.41
2013-01-18,0.0,4.851,8.759,12.634,11.16
2013-01-19,0.0,7.768,7.232,15.518,10.58
2013-01-20,0.0,7.726,6.768,15.143,10.34
2013-01-21,0.0,6.676,9.643,15.67,10.1
2013-01-22,0.0,7.616,9.384,16.75,10.34
2013-01-23,0.0,7.162,8.571,15.518,9.865
2013-01-24,20.678,5.882,9.223,14.259,10.25
2013-01-25,3.683,7.356,8.902,16.027,12.52
2013-01-26,0.0,8.027,8.482,16.607,12.47
2013-01-27,0.0,7.966,7.482,15.83,11.53
2013-01-28,0.0,7.723,7.571,15.545,10.58
2013-01-29,0.0,9.382,5.848,16.759,10.34
2013-01-30,0.0,8.33,6.964,15.946,9.627
2013-01-31,0.0,7.862,7.179,15.402,9.39
2013-02-01,0.0,7.048,8.625,15.268,9.627
2013-02-02,12.665,6.578,8.366,14.438,10.23
2013-02-03,2.906,6.678,8.295,14.509,10.12
2013-02-04,21.364,7.882,7.723,15.759,10.6
2013-02-05,24.018,6.5,7.911,13.964,16.13
2013-02-06,9.48,6.489,8.268,14.188,14.86
2013-02-07,12.783,8.432,8.018,16.652,13.34
2013-02-08,6.377,6.195,7.991,13.562,13.11
2013-02-09,41.439,6.989,8.188,14.786,27.81
2013-02-10,9.796,5.97,8.018,13.268,32.25
2013-02-11,17.456,6.687,7.518,13.857,42.23
2013-02-12,20.234,4.338,7.973,11.134,35.22
2013-02-13,0.0,6.793,7.402,13.884,36.22
2013-02-14,0.0,6.614,7.045,13.357,35.87
2013-02-15,0.0,6.084,8.33,13.58,31.89
2013-02-16,0.0,6.871,6.491,13.286,36.1
2013-02-17,0.0,5.326,7.232,11.768,38.92
2013-02-18,0.0,6.002,8.143,13.312,31.48
2013-02-19,0.0,7.654,7.062,14.714,29.03
2013-02-20,0.0,7.139,7.554,14.348,19.4
2013-02-21,0.0,7.774,8.188,15.643,17.94
2013-02-22,0.0,7.196,7.982,14.688,17.94
2013-02-23,0.0,7.17,7.955,14.625,19.4
2013-02-24,0.0,6.912,8.571,14.732,21.04
2013-02-25,0.0,7.465,7.429,14.634,18.82
2013-02-26,0.0,6.908,7.946,14.241,23.14
2013-02-27,0.0,7.02,9.223,15.339,32.3
2013-02-28,0.0,7.162,8.884,15.241,39.39
2013-03-01,6.316,8.023,8.509,16.098,40.98
2013-03-02,0.94,7.91,8.223,15.732,40.32
2013-03-03,0.186,6.191,8.688,13.857,36.28
2013-03-04,7.341,4.114,9.259,11.848,44.27
2013-03-05,1.916,7.208,7.045,13.955,29.03
2013-03-06,0.911,7.276,9.241,15.58,21.04
2013-03-07,0.0,7.994,8.188,15.777,17.94
2013-03-08,6.019,7.857,7.661,15.214,19.11
2013-03-09,0.159,4.428,9.795,12.607,22.44
2013-03-10,0.686,7.446,8.045,14.929,23.49
2013-03-11,0.0,7.32,8.402,15.0,28.62
2013-03-12,5.623,7.925,8.848,16.098,50.19
2013-03-13,0.0,7.485,8.214,15.062,38.92
2013-03-14,0.0,7.132,8.402,14.75,56.39
2013-03-15,0.0,3.846,8.991,11.295,17.65
2013-03-16,14.877,7.388,7.554,14.518,18.82
2013-03-17,3.262,7.096,9.33,15.402,34.93
2013-03-18,7.754,7.444,8.116,14.946,37.98
2013-03-19,42.382,8.742,7.973,16.562,32.3
2013-03-20,5.755,8.074,9.179,16.518,57.52
2013-03-21,17.058,4.431,8.848,11.812,58.09
2013-03-22,18.14,6.285,8.357,13.625,42.67
2013-03-23,12.605,7.554,7.67,14.804,37.04
2013-03-24,0.0,7.893,8.045,15.464,29.03
2013-03-25,0.0,9.776,7.688,17.75,31.08
2013-03-26,7.685,6.944,7.5,13.848,25.59
2013-03-27,0.0,9.06,6.911,16.277,22.09
2013-03-28,9.678,6.613,7.884,13.714,21.04
2013-03-29,0.0,6.853,7.652,13.83,18.82
2013-03-30,0.0,6.414,8.777,14.134,12.0
2013-03-31,0.0,7.772,9.33,16.259,12.0
2013-04-01,3.309,5.585,9.455,13.652,12.95
2013-04-02,5.062,6.762,8.062,14.045,11.53
2013-04-03,0.0,7.338,7.554,14.438,11.05
2013-04-04,13.363,6.908,7.982,14.179,9.865
2013-04-05,0.0,7.56,8.089,15.107,12.24
2013-04-06,0.0,8.916,8.009,16.866,11.05
2013-04-07,2.367,6.632,9.357,14.857,16.19
2013-04-08,15.203,6.852,8.312,14.366,14.65
2013-04-09,0.0,6.722,8.768,14.545,12.72
2013-04-10,0.0,7.924,8.902,16.205,11.29
2013-04-11,0.089,8.561,7.973,16.411,11.29
2013-04-12,0.294,8.744,8.562,17.062,9.02
2013-04-13,6.114,7.652,9.545,16.339,8.835
2013-04-14,6.57,5.938,9.848,14.446,10.58
2013-04-15,0.0,6.134,9.545,14.446,18.58
2013-04-16,0.0,7.844,9.598,16.643,42.19
2013-04-17,3.458,7.928,9.036,16.375,56.96
2013-04-18,31.326,6.908,8.786,14.884,55.27
2013-04-19,16.58,4.974,8.509,12.25,41.73
2013-04-20,0.0,5.627,8.152,12.812,46.43
2013-04-21,0.427,6.869,8.036,14.339,38.92
2013-04-22,17.816,7.31,7.884,14.866,72.03
2013-04-23,5.561,6.618,8.312,14.223,37.98
2013-04-24,0.0,7.633,7.804,15.214,23.14
2013-04-25,0.0,7.834,8.339,15.866,17.94
2013-04-26,0.0,9.038,6.384,16.232,19.7
2013-04-27,0.0,8.837,7.0,16.384,20.1
2013-04-28,0.0,7.389,6.955,14.357,20.28
2013-04-29,3.856,6.53,8.143,14.08,21.1
2013-04-30,0.617,7.729,8.098,15.643,17.65
2013-05-01,0.0,6.486,8.83,14.527,21.74
2013-05-02,16.093,6.191,8.616,13.991,19.4
2013-05-03,13.007,6.684,8.759,14.804,18.82
2013-05-04,6.598,8.334,8.009,16.5,23.49
2013-05-05,9.688,6.646,7.982,14.188,21.04
2013-05-06,0.0,6.941,8.446,14.92,21.1
2013-05-08,0.0,7.322,8.125,15.241,58.65
2013-05-09,0.0,5.947,8.777,13.884,46.81
2013-05-10,0.0,6.983,8.732,15.214,37.51
2013-05-11,3.988,5.977,8.277,13.571,40.32
2013-05-12,0.0,6.831,7.893,14.455,39.85
2013-05-13,0.0,6.298,8.67,14.321,37.04
2013-05-14,0.0,6.338,9.688,15.134,33.93
2013-05-15,1.183,5.13,9.196,13.223,35.16
2013-05-16,0.0,6.717,8.768,15.0,39.85
2013-05-17,9.873,5.026,8.652,12.696,39.85
2013-05-18,0.0,6.103,8.964,14.33,38.45
2013-05-19,4.983,5.264,9.714,13.848,40.32
2013-05-20,0.0,6.014,9.339,14.545,49.06
2013-05-21,0.0,5.279,8.964,13.295,45.68
2013-05-22,0.0,6.225,8.875,14.5,49.63
2013-05-23,21.071,5.998,8.393,13.839,56.96
2013-05-24,0.275,6.326,8.375,14.277,50.19
2013-05-25,0.0,6.552,8.946,15.0,53.01
2013-05-26,18.065,5.282,8.661,13.107,37.75
2013-05-27,4.184,7.552,7.946,15.714,36.63
2013-05-28,1.967,6.022,7.589,13.312,25.24
2013-05-29,3.18,7.655,6.857,15.152,24.54
2013-05-30,4.753,6.752,7.33,14.17,31.98
2013-05-31,6.501,6.005,8.357,13.884,64.99
2013-06-01,0.0,6.697,7.866,14.491,38.74
2013-06-02,21.419,5.882,8.562,13.884,64.27
2013-06-03,0.828,6.339,7.67,13.884,33.74
2013-06-04,0.183,5.919,7.464,13.152,28.66
2013-06-05,4.108,6.085,8.562,14.188,30.56
2013-06-06,8.494,7.03,5.161,13.179,25.94
2013-06-07,0.0,6.068,8.062,13.821,31.98
2013-06-08,0.0,5.804,8.116,13.491,48.48
2013-06-09,0.0,6.854,7.339,14.411,47.1
2013-06-10,0.0,6.71,6.071,13.339,32.03
2013-06-11,0.0,6.621,8.027,14.58,33.71
2013-06-12,0.0,5.969,7.821,13.518,37.43
2013-06-13,0.0,7.562,7.786,15.777,37.55
2013-06-14,0.0,6.078,8.17,13.929,28.12
2013-06-15,2.609,6.984,7.911,15.036,33.67
2013-06-16,0.0,6.184,9.929,15.393,34.1
2013-06-17,0.0,7.048,7.304,14.705,26.02
2013-06-18,0.0,7.792,8.527,16.625,26.65
2013-06-19,0.0,6.63,9.161,15.446,29.58
2013-06-20,0.328,6.253,8.259,14.268,34.26
2013-06-21,0.0,6.848,6.161,13.643,17.56
2013-06-22,0.0,7.275,6.688,14.625,16.48
2013-06-23,0.0,7.082,7.688,15.027,14.2
2013-06-24,14.861,6.512,9.027,15.188,12.72
2013-06-25,0.0,7.264,7.875,15.429,12.71
2013-06-26,0.0,8.753,8.321,17.848,12.48
2013-06-27,0.0,6.815,8.286,15.071,11.29
2013-06-28,8.918,7.215,7.804,15.277,11.29
2013-06-29,0.0,7.092,7.062,14.607,11.29
2013-06-30,22.047,5.829,6.893,12.643,13.13
2013-07-01,6.757,6.07,8.259,14.0,15.87
2013-07-02,0.0,6.191,7.134,13.33,25.12
2013-07-03,0.0,8.342,5.116,15.161,35.07
2013-07-04,1.103,7.22,6.83,14.589,26.82
2013-07-05,22.319,6.57,6.661,13.554,29.58
2013-07-06,0.0,7.04,8.08,15.232,39.3
2013-07-07,0.0,7.588,6.446,14.857,31.59
2013-07-08,0.0,8.024,7.562,16.25,35.17
2013-07-09,0.0,6.375,7.036,13.5,41.86
2013-07-10,0.0,5.358,7.714,12.562,76.81
2013-07-11,0.0,7.02,7.411,14.688,76.26
2013-07-12,0.0,7.232,6.661,14.464,38.92
2013-07-13,3.33,7.342,7.33,15.062,35.93
2013-07-14,0.0,7.835,6.705,15.348,29.03
2013-07-15,0.964,5.695,8.0,13.205,27.81
2013-07-16,0.0,6.203,7.339,13.438,62.6
2013-07-17,0.0,6.03,8.83,14.268,67.19
2013-07-18,1.123,6.088,7.509,13.357,60.34
2013-07-19,0.0,7.011,6.795,14.17,33.53
2013-07-20,0.142,6.857,7.768,14.607,28.22
2013-07-21,0.0,6.163,8.241,13.955,30.67
2013-07-22,0.0,7.52,7.161,15.089,22.79
2013-07-23,1.013,6.686,7.518,14.152,35.65
2013-07-24,0.0,7.145,7.705,14.911,31.89
2013-07-25,0.0,7.188,6.991,14.482,25.94
2013-07-26,10.134,6.416,7.402,13.661,19.46
2013-07-27,0.0,7.551,6.161,14.429,15.31
2013-07-28,0.0,7.477,5.429,13.795,18.82
2013-07-29,0.0,6.628,6.312,13.152,19.7
2013-07-30,0.0,7.176,5.036,13.071,21.39
2013-07-31,0.0,7.234,6.75,14.277,19.4
2013-08-01,0.0,6.589,6.482,13.179,19.11
2013-08-02,0.0,6.538,7.705,13.982,18.53
2013-08-03,0.0,8.055,8.179,16.384,42.23
2013-08-04,0.0,7.889,6.259,14.839,42.67
2013-08-05,0.0,8.112,6.089,15.027,40.79
2013-08-06,0.0,7.021,8.304,14.991,31.89
2013-08-07,0.0,7.326,7.125,14.58,30.26
2013-08-08,24.437,6.941,7.348,14.179,40.32
2013-08-09,0.0,8.249,7.812,16.295,43.14
2013-08-10,21.129,6.357,8.429,14.143,47.37
2013-08-11,5.489,5.43,8.08,12.652,50.19
2013-08-12,0.0,6.659,8.143,14.33,55.83
2013-08-13,19.495,6.921,8.33,14.786,56.96
2013-08-14,12.151,7.758,8.643,16.134,46.24
2013-08-15,0.0,5.659,8.964,13.625,40.32
2013-08-16,0.0,7.008,8.205,14.812,42.2
2013-08-17,0.232,5.855,8.5,13.473,37.51
2013-08-18,0.0,6.304,7.911,13.607,47.0
2013-08-19,0.0,6.156,8.884,14.125,33.12
2013-08-20,0.0,5.725,7.786,12.759,32.04
2013-08-21,0.0,7.37,8.527,15.429,32.57
2013-08-22,0.0,8.164,6.455,15.089,31.49
2013-08-23,0.0,8.125,5.277,14.25,21.26
2013-08-24,0.324,6.824,7.054,13.607,20.06
2013-08-25,3.091,7.739,6.509,14.509,22.1
2013-08-26,0.0,6.36,8.107,13.759,27.16
2013-08-27,0.0,7.891,4.946,13.652,33.86
2013-08-28,0.0,6.044,7.973,13.232,24.74
2013-08-29,0.0,6.154,7.536,13.045,38.7
2013-08-30,0.0,8.336,5.25,14.473,32.88
2013-08-31,0.0,7.996,6.188,14.571,22.95
2013-09-01,0.0,8.266,6.705,15.268,21.09
2013-09-02,0.0,9.811,5.643,16.705,17.21
2013-09-03,0.0,9.233,6.018,16.134,14.8
2013-09-04,11.983,7.162,6.759,13.786,13.79
2013-09-05,5.13,7.154,7.902,14.562,14.9
2013-09-06,2.549,6.235,7.304,12.902,12.72
2013-09-07,0.0,7.465,8.205,15.17,12.71
2013-09-08,5.07,6.718,7.455,13.643,15.15
2013-09-09,0.0,7.808,6.973,14.777,19.93
2013-09-10,7.671,6.467,7.964,13.688,34.47
2013-09-11,0.0,6.389,8.643,14.062,38.96
2013-09-12,0.0,8.9,6.482,15.893,37.24
2013-09-13,5.835,8.728,6.688,15.821,33.11
2013-09-14,16.103,7.045,7.902,14.384,24.08
2013-09-15,0.0,6.374,8.304,13.786,26.95
2013-09-16,0.0,8.859,6.991,16.17,45.91
2013-09-17,1.474,7.148,7.411,14.161,21.82
2013-09-18,2.723,7.726,7.616,15.071,34.16
2013-09-19,3.167,5.559,8.741,13.107,59.15
2013-09-20,4.929,7.136,6.973,13.83,41.62
2013-09-21,0.0,10.01,5.786,16.982,24.23
2013-09-22,0.0,8.701,6.562,15.679,29.85
2013-09-23,0.0,7.738,8.634,15.795,37.58
2013-09-24,0.0,6.909,8.134,14.357,39.35
2013-09-25,0.0,8.818,6.321,15.705,31.76
2013-09-26,0.0,8.035,8.0,15.75,24.6
2013-09-27,0.0,6.994,8.964,15.071,19.89
2013-09-28,1.367,6.592,8.455,14.196,18.65
2013-09-29,19.462,6.747,8.036,14.116,26.48
2013-09-30,0.0,7.718,8.277,15.527,23.49
2013-10-01,0.0,9.603,4.92,15.946,20.94
2013-10-02,12.552,9.801,6.804,17.375,18.74
2013-10-03,0.0,7.047,8.464,14.804,16.14
2013-10-04,15.04,7.798,8.107,15.545,59.16
2013-10-05,1.651,7.492,7.696,14.857,30.72
2013-10-06,0.0,9.624,5.777,16.518,24.41
2013-10-07,0.0,7.729,6.33,14.268,25.65
2013-10-08,0.0,8.424,6.946,15.634,21.74
2013-10-09,0.0,8.114,6.143,14.679,18.85
2013-10-10,0.0,6.464,7.205,13.161,17.28
2013-10-11,0.712,7.787,7.455,15.125,20.67
2013-10-12,0.0,7.434,8.25,15.232,18.58
2013-10-13,36.214,6.691,8.616,14.554,22.57
2013-10-14,4.792,6.234,8.384,13.812,43.86
2013-10-15,0.0,8.753,7.643,16.625,34.37
2013-10-16,19.667,6.461,7.25,13.304,23.46
2013-10-17,5.181,6.955,7.839,14.384,21.05
2013-10-18,0.0,9.181,6.518,16.527,18.32
2013-10-19,0.0,9.361,7.071,17.161,16.47
2013-10-20,0.0,8.904,6.625,16.241,15.55
2013-10-21,13.814,9.156,7.679,17.304,15.04
2013-10-22,5.677,8.778,7.223,16.545,20.99
2013-10-23,4.442,8.957,7.42,16.902,28.43
2013-10-24,23.432,7.482,8.795,15.839,32.08
2013-10-25,0.0,7.281,8.661,15.482,26.33
2013-10-26,0.0,8.362,6.884,15.741,21.26
2013-10-27,0.0,7.634,6.804,14.696,22.07
2013-10-28,0.0,9.636,7.616,18.045,26.06
2013-10-29,12.172,7.427,8.464,15.571,30.67
2013-10-30,18.775,6.878,7.991,14.536,32.71
2013-10-31,43.678,5.677,8.723,13.527,35.16
2013-11-01,0.0,6.646,7.821,14.134,25.13
2013-11-02,0.0,8.016,6.634,15.25,18.81
2013-11-03,1.659,7.552,6.652,14.607,16.1
2013-11-04,114.057,5.133,7.634,12.018,49.84
2013-11-05,2.342,6.747,6.973,13.741,30.21
2013-11-06,0.0,8.748,5.643,15.741,27.54
2013-11-07,1.407,7.154,7.946,15.0,22.87
2013-11-08,5.74,7.28,7.375,14.812,19.55
2013-11-09,1.169,8.671,7.571,16.938,20.35
2013-11-10,4.832,6.72,7.018,13.812,16.91
2013-11-11,0.255,7.519,8.179,15.723,14.87
2013-11-12,0.0,7.076,8.027,15.009,13.02
2013-11-13,0.0,6.176,8.741,14.304,14.8
2013-11-14,8.66,6.917,8.518,15.188,16.26
2013-11-15,0.0,6.533,9.071,15.045,17.42
2013-11-16,0.0,7.289,9.107,16.116,15.03
2013-11-17,8.105,6.752,7.429,14.205,15.42
2013-11-18,5.402,6.615,8.982,15.161,15.54
2013-11-19,18.965,7.368,7.143,14.964,25.49
2013-11-20,14.98,6.607,6.946,13.723,24.42
2013-11-21,12.986,7.028,7.571,14.759,20.81
2013-11-22,26.641,6.495,7.036,13.634,17.5
2013-11-23,0.0,6.879,7.107,14.25,15.42
2013-11-24,31.773,5.083,7.768,12.205,17.38
2013-11-25,0.0,7.106,7.33,14.75,21.09
2013-11-26,2.616,7.466,6.955,15.009,19.79
2013-11-27,0.0,8.062,7.0,15.938,25.61
2013-11-28,0.0,7.293,7.312,15.071,22.64
2013-11-29,0.0,5.587,7.875,13.027,30.95
2013-11-30,0.0,7.201,5.866,13.964,44.12
2013-12-01,6.289,6.8,7.661,14.616,44.08
2013-12-02,11.574,4.356,8.955,12.259,61.75
2013-12-03,0.0,7.105,8.42,15.598,64.75
2013-12-04,41.893,6.401,8.152,14.402,51.74
2013-12-05,0.0,6.839,8.768,15.473,36.18
2013-12-06,0.0,6.824,8.696,15.393,27.91
2013-12-07,31.116,6.99,7.982,15.17,22.32
2013-12-08,0.0,6.168,8.018,14.018,19.96
2013-12-09,0.0,6.193,7.554,13.723,20.92
2013-12-10,0.0,6.943,7.589,14.83,24.42
2013-12-11,0.0,7.232,6.696,14.652,25.11
2013-12-12,24.873,8.745,8.33,17.929,18.82
2013-12-13,6.013,6.643,8.777,15.277,17.77
2013-12-14,12.711,7.084,8.348,15.562,16.77
2013-12-15,0.0,8.125,6.536,15.866,14.73
2013-12-16,0.0,6.556,8.232,14.723,14.43
2013-12-17,3.933,7.233,8.75,16.08,15.12
2013-12-18,0.0,5.986,9.17,14.634,16.49
2013-12-19,0.0,7.054,9.196,16.152,26.96
2013-12-20,9.377,7.731,9.223,17.161,28.62
2013-12-21,11.226,6.62,9.393,15.679,35.1
2013-12-22,9.671,5.791,9.357,14.571,58.5
2013-12-23,9.569,3.442,8.83,11.107,81.89
2013-12-24,0.0,7.012,7.875,15.152,46.86
2013-12-25,0.0,7.572,6.366,14.955,28.49
2013-12-26,0.0,7.794,6.777,15.554,24.59
2013-12-27,0.0,6.743,6.607,13.848,19.96
2013-12-28,0.0,7.587,6.839,15.25,17.07
2013-12-29,0.0,8.339,6.232,15.964,15.31
2013-12-30,0.0,8.473,6.473,16.295,14.17
2013-12-31,0.0,7.366,6.866,14.911,13.43
2014-01-01,0.0,7.895,6.723,15.58,12.72
2014-01-02,0.0,7.487,6.464,14.795,12.0
2014-01-03,0.0,7.366,8.357,15.911,11.77
2014-01-04,0.0,7.043,8.268,15.366,11.77
2014-01-05,0.0,6.443,9.223,15.205,12.17
2014-01-06,0.0,5.014,9.714,13.696,16.5
2014-01-07,64.168,5.387,8.107,12.955,41.79
2014-01-08,0.0,6.625,8.196,14.696,42.8
2014-01-09,0.0,5.189,7.893,12.473,43.21
2014-01-10,0.0,4.974,7.911,12.188,31.76
2014-01-11,0.0,5.755,8.92,14.045,27.93
2014-01-12,1.052,7.042,7.589,14.839,28.62
2014-01-13,0.0,7.125,8.241,15.393,23.84
2014-01-14,0.0,6.768,8.491,15.045,22.09
2014-01-15,0.0,6.663,9.125,15.357,21.04
2014-01-16,2.974,6.948,9.134,15.741,20.69
2014-01-17,0.0,6.268,8.964,14.679,24.54
2014-01-18,0.0,5.73,8.598,13.661,24.89
2014-01-19,0.0,6.387,8.884,14.741,22.44
2014-01-20,0.0,6.229,9.107,14.688,21.04
2014-01-21,9.016,6.839,8.33,14.938,19.11
2014-01-22,0.0,7.251,8.866,15.902,15.9
2014-01-23,0.871,7.94,7.848,16.116,14.43
2014-01-24,0.0,8.749,6.268,16.214,15.07
2014-01-25,0.0,9.164,5.821,16.509,15.6
2014-01-26,28.765,6.684,8.205,14.58,16.77
2014-01-27,0.0,6.807,8.098,14.643,16.77
2014-01-28,0.0,6.969,8.312,15.009,16.19
2014-01-29,1.779,6.957,8.179,14.866,19.7
2014-01-30,0.0,6.548,8.411,14.482,19.76
2014-01-31,0.0,7.229,8.071,15.143,18.24
2014-02-01,0.0,7.473,7.652,15.161,14.73
2014-02-02,0.0,6.144,8.018,13.58,14.43
2014-02-03,1.256,8.619,5.696,15.455,16.77
2014-02-04,5.183,8.227,5.946,15.045,16.19
2014-02-05,3.751,5.759,7.839,12.911,23.49
2014-02-06,15.61,6.695,7.143,13.679,15.6
2014-02-07,0.425,7.254,6.705,14.125,13.96
2014-02-08,0.0,7.1,7.179,14.205,13.9
2014-02-09,0.0,6.467,8.143,14.018,17.36
2014-02-10,0.0,6.37,8.696,14.277,14.43
2014-02-11,0.0,6.214,8.33,13.795,12.48
2014-02-12,0.0,6.86,7.955,14.357,12.0
2014-02-13,3.338,6.687,7.857,14.045,11.77
2014-02-14,28.841,9.528,5.92,16.688,11.53
2014-02-15,0.0,7.072,7.241,14.107,12.0
2014-02-16,0.417,7.531,6.857,14.464,12.0
2014-02-17,0.0,8.14,6.607,15.098,10.34
2014-02-18,26.373,7.669,7.366,14.973,11.05
2014-02-19,0.0,6.958,8.384,14.741,11.53
2014-02-20,1.524,7.926,8.232,15.893,12.48
2014-02-21,8.304,5.888,9.42,14.107,14.43
2014-02-22,1.622,7.162,8.214,14.83,26.82
2014-02-23,0.0,7.2,8.232,14.884,19.7
2014-02-24,3.071,5.947,9.312,14.054,14.43
2014-02-25,5.043,6.764,9.446,15.179,15.6
2014-02-26,0.0,6.282,8.804,14.098,15.02
2014-02-27,10.311,4.623,9.393,12.562,15.31
2014-02-28,10.311,8.27,7.705,15.911,43.2
2014-03-01,14.582,7.648,8.125,15.348,104.0
2014-03-02,0.9,6.473,9.196,14.571,66.32
2014-03-03,25.95,7.311,8.009,14.804,51.93
2014-03-04,5.636,6.723,8.357,14.295,48.85
2014-03-05,0.52,5.572,8.991,13.295,49.23
2014-03-06,0.0,6.867,8.58,14.607,33.73
2014-03-07,13.492,6.895,8.223,14.366,23.81
2014-03-08,13.745,6.933,7.982,14.241,30.13
2014-03-09,27.3,6.495,8.714,14.205,37.88
2014-03-10,21.466,7.566,8.009,15.089,75.7
2014-03-11,22.618,7.882,7.946,15.446,70.07
2014-03-12,5.82,8.67,8.902,17.143,65.92
2014-03-13,6.135,5.817,8.134,12.893,57.82
2014-03-14,23.829,6.411,8.277,13.732,59.21
2014-03-15,16.768,6.914,8.036,14.241,50.33
2014-03-16,0.966,6.847,8.0,14.098,43.87
2014-03-17,1.638,9.577,8.116,17.741,27.6
2014-03-18,0.0,6.915,8.286,14.384,23.87
2014-03-19,0.0,8.38,7.268,15.607,23.79
2014-03-20,0.0,7.962,9.348,16.473,27.84
2014-03-21,0.674,8.194,8.473,16.152,22.79
2014-03-22,4.305,7.701,7.438,14.804,20.21
2014-03-23,7.955,6.274,8.786,13.938,18.94
2014-03-24,0.472,7.591,8.312,15.268,19.74
2014-03-25,1.782,7.383,8.562,15.196,19.33
2014-03-26,19.627,5.971,8.402,13.286,23.76
2014-03-27,7.8,6.785,7.286,13.491,22.61
2014-03-28,0.0,8.73,6.804,15.768,19.29
2014-03-29,0.0,8.431,6.866,15.384,18.14
2014-03-30,1.502,7.679,6.312,14.009,17.11
2014-03-31,0.0,8.412,6.098,14.875,16.04
2014-04-01,0.0,8.095,6.58,14.786,12.72
2014-04-02,11.048,7.652,6.625,14.214,12.24
2014-04-03,0.0,4.699,8.991,12.232,12.26
2014-04-04,0.0,8.744,8.116,16.696,16.67
2014-04-05,0.0,7.296,8.634,15.17,17.78
2014-04-06,0.0,7.573,8.759,15.625,16.58
2014-04-07,0.0,6.957,9.196,15.161,31.6
2014-04-08,0.0,6.775,7.688,13.812,33.44
2014-04-09,0.0,8.002,7.036,15.009,40.26
2014-04-10,0.0,7.171,6.938,13.83,22.47
2014-04-11,0.0,7.062,8.089,14.518,17.22
2014-04-12,0.0,6.96,7.545,14.0,16.42
2014-04-13,0.0,8.433,5.0,14.312,24.01
2014-04-14,0.0,7.943,7.241,15.125,22.53
2014-04-15,0.0,7.216,8.554,15.089,21.59
2014-04-16,0.0,6.708,8.0,14.054,22.55
2014-04-17,2.471,7.368,7.857,14.83,30.91
2014-04-18,5.269,7.724,7.446,15.027,29.95
2014-04-19,0.0,6.233,8.527,13.839,28.13
2014-04-20,5.276,6.433,9.08,14.518,38.99
2014-04-21,0.0,6.893,8.652,14.795,33.72
2014-04-22,1.225,5.896,8.393,13.348,32.7
2014-04-23,1.738,8.263,8.42,16.464,34.43
2014-04-24,43.392,4.989,8.232,12.116,84.16
2014-04-25,0.0,9.305,6.089,16.411,51.86
2014-04-26,0.0,6.686,8.339,14.384,33.49
2014-04-27,3.043,7.499,8.393,15.5,37.28
2014-04-28,0.0,8.426,8.455,16.812,29.48
2014-04-29,25.314,6.765,8.482,14.625,94.07
2014-04-30,0.0,7.41,8.429,15.429,55.06
2014-05-01,0.0,7.237,8.857,15.527,30.56
2014-05-02,3.362,6.835,8.571,14.804,27.11
2014-05-03,20.383,7.146,9.027,15.58,28.4
2014-05-04,0.0,7.407,8.509,15.554,22.09
2014-05-05,0.429,6.428,9.089,14.679,18.65
2014-05-06,7.342,6.938,8.223,14.732,19.12
2014-05-07,8.214,6.956,8.054,14.679,21.78
2014-05-08,1.482,5.441,9.089,13.473,20.82
2014-05-09,39.05,5.9,9.134,14.125,73.41
2014-05-10,4.21,6.406,8.714,14.482,54.17
2014-05-11,0.57,6.35,8.518,14.259,48.06
2014-05-12,3.311,6.017,8.411,13.759,49.07
2014-05-13,0.0,6.561,8.098,14.25,35.63
2014-05-14,6.223,5.75,9.821,14.482,31.48
2014-05-15,2.509,6.949,8.688,15.232,33.12
2014-05-16,0.439,7.452,9.116,16.223,41.73
2014-05-17,9.247,5.32,8.955,13.295,39.39
2014-05-18,0.0,6.831,8.411,14.92,30.67
2014-05-19,0.0,5.63,8.821,13.634,37.04
2014-05-20,0.908,7.1,8.625,15.455,38.45
2014-05-21,0.0,7.221,7.795,15.062,36.1
2014-05-22,27.39,9.143,8.045,17.982,27.81
2014-05-23,3.394,7.274,7.402,14.893,31.08
2014-05-24,0.623,7.206,8.036,15.232,27.46
2014-05-25,0.0,7.4,7.482,15.134,25.24
2014-05-26,0.0,6.644,7.527,14.107,29.85
2014-05-27,16.561,5.838,8.527,13.759,36.1
2014-05-28,0.0,6.062,8.116,13.759,31.48
2014-05-29,3.103,5.212,9.08,13.357,31.89
2014-05-30,8.273,6.168,8.562,14.259,31.08
2014-05-31,1.264,5.997,9.42,14.661,33.93
2014-06-01,5.644,6.848,8.75,15.339,53.01
2014-06-02,0.285,6.677,8.679,15.071,53.01
2014-06-03,12.97,7.535,8.661,16.241,39.39
2014-06-04,11.624,5.972,9.741,14.92,35.53
2014-06-05,0.0,6.643,8.384,14.812,29.85
2014-06-06,0.0,6.964,7.991,15.036,80.31
2014-06-07,3.316,5.84,9.009,14.188,62.03
2014-06-08,0.0,6.727,8.509,15.062,80.86
2014-06-09,0.0,7.095,7.75,15.045,75.49
2014-06-10,18.14,7.05,8.009,15.188,83.11
2014-06-11,0.0,7.419,7.071,15.062,56.96
2014-06-12,0.0,6.55,8.554,14.857,28.27
2014-06-13,0.0,7.273,8.598,15.92,24.89
2014-06-14,0.0,6.95,7.714,14.857,24.12
2014-06-15,0.0,6.517,8.429,14.759,41.01
2014-06-16,0.0,5.742,8.179,13.473,29.34
2014-06-17,0.0,5.262,7.955,12.652,30.42
2014-06-18,0.0,6.204,7.768,13.83,39.8
2014-06-19,0.0,4.363,7.295,10.973,42.17
2014-06-20,0.0,6.025,6.464,12.67,35.08
2014-06-21,0.0,6.982,5.866,13.643,29.7
2014-06-22,0.0,7.126,6.839,14.527,34.15
2014-06-23,0.0,7.009,7.384,14.714,30.22
2014-06-24,1.914,6.519,8.188,14.598,26.59
2014-06-25,6.628,5.677,7.902,13.196,43.19
2014-06-26,0.0,6.734,8.089,14.812,44.58
2014-06-27,0.0,7.037,7.571,14.875,32.2
2014-06-28,0.0,7.219,6.625,14.527,29.53
2014-06-29,1.485,6.865,8.857,15.571,36.17
2014-06-30,13.061,6.59,7.705,14.33,29.87
2014-07-01,0.0,6.921,8.438,15.312,26.32
2014-07-02,0.0,5.558,8.929,13.812,30.25
2014-07-03,2.217,6.998,7.5,14.759,33.6
2014-07-04,0.0,7.145,7.241,14.786,26.58
2014-07-05,0.0,6.538,8.312,14.661,26.64
2014-07-06,0.0,7.028,8.795,15.688,28.88
2014-07-07,0.0,7.932,6.759,15.598,32.85
2014-07-08,3.014,7.04,7.705,14.946,49.75
2014-07-09,0.0,6.151,7.804,13.732,40.47
2014-07-10,13.105,5.777,7.143,12.714,32.89
2014-07-11,4.846,6.03,7.723,13.5,55.9
2014-07-12,3.669,6.779,7.723,14.554,44.55
2014-07-13,0.451,6.338,7.554,13.821,48.08
2014-07-14,0.0,7.513,7.545,15.455,47.5
2014-07-15,0.0,5.093,8.161,12.527,45.18
2014-07-16,0.0,6.189,8.223,14.036,36.71
2014-07-17,0.0,6.727,6.92,13.866,30.84
2014-07-18,1.289,6.81,7.723,14.554,31.52
2014-07-19,0.0,7.096,6.491,14.071,29.87
2014-07-20,0.0,6.447,7.554,13.884,26.99
2014-07-21,4.017,7.875,6.83,15.402,27.74
2014-07-22,1.002,7.149,7.321,14.688,27.75
2014-07-23,0.0,8.009,7.634,16.107,25.94
2014-07-24,0.0,8.482,6.777,16.223,22.09
2014-07-25,0.0,8.055,6.375,15.312,23.14
2014-07-26,0.0,8.409,6.429,15.857,20.34
2014-07-27,0.0,7.221,7.509,14.848,19.11
2014-07-28,0.0,7.535,6.393,14.527,20.69
2014-07-29,0.0,7.764,6.42,14.866,19.11
2014-07-30,2.177,6.491,6.464,13.08,18.53
2014-07-31,0.0,7.673,6.607,14.83,18.24
2014-08-01,0.0,7.839,5.643,14.42,18.53
2014-08-02,3.618,6.31,7.018,13.143,19.11
2014-08-03,0.174,7.943,5.982,14.759,17.94
2014-08-04,0.0,7.648,6.009,14.321,22.44
2014-08-05,3.32,6.613,6.839,13.429,20.4
2014-08-06,2.43,6.194,7.732,13.473,21.39
2014-08-07,0.0,6.742,6.679,13.446,39.85
2014-08-08,0.0,6.584,7.027,13.464,38.92
2014-08-09,12.336,6.536,7.696,13.866,69.2
2014-08-10,0.0,8.439,5.821,15.25,53.57
2014-08-11,0.0,7.627,7.982,15.527,49.63
2014-08-12,0.0,7.025,6.991,14.0,51.32
2014-08-13,0.0,7.47,7.17,14.732,40.98
2014-08-14,0.71,7.111,7.25,14.286,62.11
2014-08-15,0.0,7.951,6.92,15.214,28.22
2014-08-16,0.0,8.172,7.107,15.616,26.57
2014-08-17,0.0,6.673,7.786,14.045,31.4
2014-08-18,0.184,5.03,7.911,11.964,32.14
2014-08-19,0.0,5.38,7.5,12.062,32.03
2014-08-20,0.0,6.861,5.134,12.411,25.62
2014-08-21,0.0,7.81,5.643,14.071,21.54
2014-08-22,0.0,8.337,5.179,14.509,19.59
2014-08-23,2.786,8.019,6.205,14.705,19.1
2014-08-24,1.426,6.844,8.946,15.0,19.05
2014-08-25,6.719,6.343,7.679,13.402,19.29
2014-08-26,7.494,7.165,7.089,14.089,24.99
2014-08-27,3.53,7.552,6.545,14.232,31.76
2014-08-28,0.359,7.989,6.562,14.839,30.01
2014-08-29,0.0,7.67,6.955,14.661,36.38
2014-08-30,0.0,9.926,5.527,16.848,27.15
2014-08-31,0.0,9.556,4.911,15.946,21.23
2014-09-01,0.0,8.305,6.83,15.402,19.26
2014-09-02,0.0,7.624,6.018,13.92,19.12
2014-09-03,0.0,8.372,7.429,15.884,18.62
2014-09-04,9.203,7.263,8.411,15.071,23.57
2014-09-05,0.0,7.25,6.357,13.616,20.92
2014-09-06,0.0,7.632,6.054,13.929,18.89
2014-09-07,0.0,6.407,7.705,13.429,18.64
2014-09-08,0.0,6.735,7.759,13.884,27.56
2014-09-09,0.0,9.19,5.464,15.688,31.9
2014-09-10,0.0,8.749,6.045,15.429,22.41
2014-09-11,0.0,8.95,7.679,16.759,20.98
2014-09-12,2.184,6.974,9.196,15.223,24.82
2014-09-13,0.0,7.269,7.562,14.446,24.41
2014-09-14,0.0,7.395,7.839,14.786,26.97
2014-09-15,0.0,7.914,7.134,14.982,30.85
2014-09-16,0.0,8.706,6.429,15.598,24.22
2014-09-17,0.0,8.891,6.196,15.688,23.4
2014-09-18,1.829,7.982,7.723,15.491,29.27
2014-09-19,1.059,10.8,7.134,18.875,26.69
2014-09-20,33.566,5.997,8.143,13.205,34.86
2014-09-21,0.684,7.086,8.402,14.786,29.82
2014-09-22,13.09,6.245,7.527,13.036,23.34
2014-09-23,0.0,9.562,5.955,16.491,23.43
2014-09-24,0.601,8.177,7.902,15.857,18.19
2014-09-25,0.0,7.89,7.929,15.5,15.19
2014-09-26,0.0,9.152,6.634,16.339,14.41
2014-09-27,0.0,6.917,9.429,15.339,16.4
2014-09-28,0.0,6.394,8.759,14.161,14.16
2014-09-29,0.0,8.652,7.045,15.946,12.22
2014-09-30,0.0,9.575,5.214,16.062,11.77
2014-10-01,0.0,8.886,6.161,15.705,10.93
2014-10-02,0.0,6.98,7.214,13.812,9.677
2014-10-03,0.0,7.089,6.955,13.804,28.09
2014-10-04,0.0,7.393,9.027,15.652,35.11
2014-10-05,0.0,8.619,7.607,16.286,28.69
2014-10-06,14.358,8.008,8.562,16.152,22.57
2014-10-07,0.0,7.173,9.054,15.411,14.68
2014-10-08,28.038,5.33,8.125,12.384,25.08
2014-10-09,31.886,5.497,7.455,12.134,72.66
2014-10-10,0.0,6.219,8.491,13.857,60.77
2014-10-11,0.0,6.151,8.125,13.482,60.86
2014-10-12,0.0,6.582,8.768,14.509,52.54
2014-10-13,0.0,6.038,8.411,13.536,37.8
2014-10-14,0.0,7.06,8.509,14.946,26.75
2014-10-15,0.0,7.576,7.705,15.107,26.22
2014-10-16,0.0,7.281,8.098,14.964,23.02
2014-10-17,0.0,8.351,7.411,15.946,18.19
2014-10-18,25.015,7.371,7.955,15.009,15.93
2014-10-19,0.0,6.761,8.143,14.357,15.65
2014-10-20,0.0,6.408,8.134,13.893,17.64
2014-10-21,12.902,8.417,7.938,16.455,20.34
2014-10-22,0.0,6.159,9.08,14.286,16.11
2014-10-23,13.289,8.73,6.92,16.25,34.48
2014-10-24,0.0,8.416,7.875,16.446,29.7
2014-10-25,5.071,6.461,8.83,14.518,23.66
2014-10-26,0.678,5.607,7.83,12.705,31.74
2014-10-27,0.0,7.349,7.688,14.938,33.58
2014-10-28,1.855,8.548,7.902,16.732,25.31
2014-10-29,18.55,7.538,7.25,14.929,38.77
2014-10-30,30.798,7.696,8.348,15.911,40.72
2014-10-31,7.107,7.789,7.786,15.652,38.95
2014-11-01,0.0,7.248,7.911,15.0,28.62
2014-11-02,21.567,7.131,7.152,14.348,26.7
2014-11-03,0.0,7.788,7.089,15.232,24.54
2014-11-04,1.956,6.73,8.777,14.955,32.3
2014-11-05,2.689,6.621,8.625,14.75,38.45
2014-11-06,2.773,8.077,8.473,16.652,38.45
2014-11-07,34.695,7.807,7.911,15.902,31.08
2014-11-08,0.0,6.729,8.652,14.946,37.51
2014-11-09,18.344,8.239,8.571,16.964,30.67
2014-11-10,60.989,7.808,8.223,16.179,37.98
2014-11-11,37.864,6.747,8.321,14.75,48.68
2014-11-12,13.626,5.452,8.482,13.152,32.3
2014-11-13,0.209,7.4,8.241,15.679,26.29
2014-11-14,2.346,7.042,8.259,15.188,36.1
2014-11-15,2.653,7.94,6.312,15.161,32.3
2014-11-16,0.0,6.339,6.562,13.0,27.81
2014-11-17,0.0,6.279,9.205,14.839,29.85
2014-11-18,0.0,8.011,7.009,15.732,21.39
2014-11-19,15.124,5.427,9.116,13.67,18.24
2014-11-20,0.0,7.199,7.768,15.143,27.72
2014-11-21,7.316,6.473,8.205,14.429,23.55
2014-11-22,3.162,6.634,8.196,14.67,25.14
2014-11-23,0.0,7.573,7.384,15.429,24.25
2014-11-24,0.0,7.578,8.92,16.491,22.12
2014-11-25,0.473,7.227,9.205,16.241,17.65
2014-11-26,0.0,6.006,7.848,13.571,16.48
2014-11-27,2.904,6.658,7.991,14.58,16.68
2014-11-28,0.0,6.752,8.696,15.241,20.83
2014-11-29,0.0,7.782,7.545,15.911,17.65
2014-11-30,0.0,6.896,9.714,16.196,14.75
2014-12-01,0.0,7.112,8.705,15.768,14.72
2014-12-02,0.0,6.787,7.491,14.455,18.21
2014-12-03,0.0,8.197,6.67,15.973,14.2
2014-12-04,0.0,6.372,8.705,14.75,12.72
2014-12-05,0.0,6.429,8.839,14.955,12.24
2014-12-06,3.502,6.184,8.089,14.062,12.06
2014-12-07,18.909,6.798,8.179,15.027,12.16
2014-12-08,0.0,7.661,8.5,16.491,11.59
2014-12-09,53.721,4.771,9.018,12.884,15.34
2014-12-10,0.0,7.47,8.17,15.991,15.85
2014-12-11,0.0,5.602,7.902,13.152,30.63
2014-12-12,0.0,7.9,7.652,16.259,81.37
2014-12-13,31.711,6.613,6.911,13.875,43.31
2014-12-14,0.0,7.345,6.991,15.054,34.57
2014-12-15,0.0,7.562,7.027,15.384,28.35
2014-12-16,0.0,7.265,8.232,15.741,32.21
2014-12-17,11.277,6.614,6.929,13.92,31.0
2014-12-18,2.36,8.42,6.902,16.562,28.52
2014-12-19,1.408,8.033,6.411,15.67,22.82
2014-12-20,0.0,7.56,7.482,15.67,17.83
2014-12-21,9.581,7.974,6.321,15.509,16.87
2014-12-22,2.911,7.878,6.973,15.795,15.41
2014-12-23,0.0,8.516,5.571,15.839,16.96
2014-12-24,0.0,7.786,6.411,15.286,15.37
2014-12-25,2.253,6.84,7.107,14.348,14.96
2014-12-26,0.0,7.351,7.223,15.17,14.2
2014-12-27,0.0,7.542,7.277,15.464,12.72
2014-12-28,0.0,7.064,7.107,14.661,11.77
2014-12-29,0.0,8.555,6.134,16.223,11.29
2014-12-30,0.0,8.032,6.268,15.518,12.09
2014-12-31,0.0,8.015,6.911,15.911,11.53
2015-01-01,0.0,8.002,6.241,15.446,11.05
2015-01-02,0.0,8.095,5.812,15.295,10.58
2015-01-03,0.0,8.905,5.089,16.045,9.627
2015-01-04,0.0,8.499,5.205,15.5,8.465
2015-01-05,0.0,8.151,6.268,15.643,9.205
2015-01-06,0.0,8.57,5.018,15.464,9.205
2015-01-07,0.0,7.746,4.696,14.0,9.205
2015-01-08,0.0,6.954,6.286,13.839,8.835
2015-01-09,0.0,5.975,9.0,14.384,8.465
2015-01-10,0.0,7.058,7.5,14.786,8.095
2015-01-11,0.0,6.775,7.143,14.143,7.91
2015-01-12,0.0,7.714,7.054,15.42,7.725
2015-01-13,0.0,8.644,6.473,16.375,7.355
2015-01-14,1.695,7.479,8.152,15.804,7.17
2015-01-15,55.213,7.67,8.804,16.518,7.17
2015-01-16,12.132,7.102,7.473,14.75,6.8
2015-01-17,6.59,7.166,7.25,14.714,23.84
2015-01-18,18.659,6.427,7.839,14.071,38.44
2015-01-19,5.0,6.4,7.241,13.58,31.07
2015-01-20,13.311,5.941,8.232,13.634,32.7
2015-01-21,1.159,5.507,8.223,13.062,34.46
2015-01-22,24.477,5.335,8.607,13.116,35.62
2015-01-23,0.0,6.657,7.938,14.384,17.36
2015-01-24,9.28,5.913,8.214,13.536,16.19
2015-01-25,0.0,7.104,7.304,14.527,15.31
2015-01-26,0.0,7.671,7.277,15.286,15.31
2015-01-27,0.0,6.823,8.054,14.67,16.77
2015-01-28,0.0,6.927,7.875,14.643,15.9
2015-01-29,0.0,6.971,7.125,14.152,15.9
2015-01-30,0.0,7.169,7.804,14.884,18.53
2015-01-31,0.0,5.673,9.375,14.054,20.4
2015-02-01,0.0,6.925,8.929,15.348,48.5
2015-02-02,0.0,7.401,8.179,15.429,46.24
2015-02-03,12.164,5.415,9.509,13.786,54.14
2015-02-04,0.0,7.044,9.116,15.589,35.34
2015-02-05,0.0,6.896,9.33,15.509,26.64
2015-02-06,38.614,6.263,7.911,13.625,20.34
2015-02-07,13.181,6.57,6.848,13.241,20.1
2015-02-08,3.81,5.816,7.893,12.991,26.29
2015-02-09,0.0,6.501,7.67,13.732,69.69
2015-02-10,3.715,6.265,7.696,13.429,82.46
2015-02-11,0.0,6.679,8.152,14.295,56.96
2015-02-12,4.361,7.191,8.634,15.295,25.15
2015-02-13,0.0,7.576,9.366,16.33,33.12
2015-02-14,19.117,5.759,9.321,13.938,26.97
2015-02-15,22.161,7.554,9.25,16.188,19.45
2015-02-16,0.0,7.639,8.357,15.634,15.34
2015-02-17,0.0,9.882,5.705,16.955,12.24
2015-02-18,1.43,9.597,6.241,16.875,10.34
2015-02-19,0.0,6.922,8.955,15.08,10.66
2015-02-20,0.0,8.201,9.33,17.018,11.53
2015-02-21,0.0,8.833,6.009,15.643,9.02
2015-02-22,0.0,7.891,7.75,15.491,8.943
2015-02-23,0.674,7.232,7.473,14.366,8.095
2015-02-24,0.0,7.122,7.259,14.062,7.448
2015-02-25,0.0,7.046,7.366,14.045,7.995
2015-02-26,0.0,8.305,8.33,16.366,7.54
2015-02-27,2.487,7.89,7.5,15.232,7.278
2015-02-28,0.0,7.416,7.268,14.411,7.748
2015-03-01,3.615,9.129,7.554,16.902,7.91
2015-03-02,29.006,8.369,7.536,15.893,16.69
2015-03-03,20.41,6.063,8.634,13.643,12.23
2015-03-04,28.47,6.16,9.0,14.027,32.24
2015-03-05,7.653,7.488,8.295,15.196,17.77
2015-03-06,0.0,5.873,9.152,13.768,11.39
2015-03-07,0.0,6.795,8.857,14.696,9.627
2015-03-08,0.0,6.041,9.018,13.875,9.29
2015-03-09,0.0,7.167,8.821,15.143,8.835
2015-03-10,0.0,7.375,9.705,16.045,9.905
2015-03-11,0.0,7.011,9.741,15.607,19.63
2015-03-12,0.565,6.746,9.188,14.83,15.87
2015-03-13,4.55,6.484,8.625,14.089,11.06
2015-03-14,12.312,7.093,8.92,15.098,13.22
2015-03-15,0.0,9.498,8.42,17.857,11.56
2015-03-16,0.15,7.617,7.946,15.045,9.865
2015-03-17,1.639,7.211,7.67,14.312,9.69
2015-03-18,13.91,5.347,8.348,12.464,44.37
2015-03-19,0.108,6.232,8.009,13.321,28.35
2015-03-20,4.389,6.279,8.259,13.545,59.51
2015-03-21,5.341,7.181,7.866,14.464,60.59
2015-03-22,0.0,8.305,5.804,14.536,30.75
2015-03-23,2.539,8.208,6.304,14.714,23.24
2015-03-24,2.113,7.873,7.884,15.348,23.78
2015-03-25,9.331,7.671,7.312,14.679,16.69
2015-03-26,0.0,8.411,8.848,16.75,13.53
2015-03-27,0.0,8.016,8.366,15.857,12.0
2015-03-28,0.0,6.882,8.241,14.304,10.81
2015-03-29,29.297,5.733,8.607,13.17,14.64
2015-03-30,0.0,7.285,7.991,14.696,29.17
2015-03-31,0.0,7.675,8.482,15.545,20.39
2015-04-01,8.164,8.218,8.205,16.054,22.63
2015-04-02,0.0,6.854,8.857,14.75,17.45
2015-04-03,3.634,6.478,8.812,14.259,15.16
2015-04-04,2.738,7.841,8.455,15.768,23.82
2015-04-05,7.71,7.049,7.893,14.33,45.15
2015-04-06,0.0,8.842,8.384,17.027,28.34
2015-04-07,2.512,6.594,8.982,14.554,19.7
2015-04-08,0.0,5.443,8.929,13.098,19.8
2015-04-09,0.0,8.71,8.152,16.723,16.09
2015-04-10,0.0,8.544,9.161,17.196,15.08
2015-04-11,0.0,6.472,9.214,14.598,12.7
2015-04-12,0.0,7.748,8.67,15.848,13.91
2015-04-13,0.0,7.893,9.098,16.33,13.19
2015-04-14,5.667,7.034,9.089,15.232,11.64
2015-04-15,0.0,7.622,8.089,15.295,10.82
2015-04-16,36.597,7.514,8.107,15.188,15.9
2015-04-17,13.063,6.819,7.884,14.116,40.64
2015-04-18,12.949,7.2,7.616,14.455,44.64
2015-04-19,0.0,6.554,8.536,14.277,33.06
2015-04-20,7.183,8.356,8.732,16.795,35.28
2015-04-21,14.907,6.886,8.116,14.42,61.47
2015-04-22,0.0,6.144,8.598,13.812,37.97
2015-04-23,0.0,6.986,9.179,15.348,53.01
2015-04-24,0.0,5.859,9.821,14.411,44.93
2015-04-25,0.0,5.904,8.92,13.786,60.91
2015-04-26,0.0,7.07,8.83,15.241,71.14
2015-04-27,0.0,8.333,7.723,16.17,47.37
2015-04-28,0.0,6.501,8.179,14.045,38.91
2015-04-29,0.0,7.563,7.411,14.929,56.96
2015-04-30,5.037,7.268,7.625,14.67,34.87
2015-05-01,2.564,6.074,9.107,14.205,31.07
2015-05-02,7.415,8.373,6.848,15.714,24.89
2015-05-03,0.906,6.888,9.125,15.295,19.7
2015-05-04,0.0,8.391,6.973,15.857,23.84
2015-05-05,0.0,7.137,7.705,14.634,24.19
2015-05-06,5.687,7.855,6.839,15.062,24.54
2015-05-07,0.0,7.74,6.875,14.929,24.89
2015-05-08,0.0,6.176,8.92,14.312,24.31
2015-05-09,0.0,6.079,9.482,14.598,21.74
2015-05-10,0.0,7.213,8.295,15.241,28.04
2015-05-11,6.382,6.651,8.839,14.875,58.09
2015-05-12,0.0,7.498,7.411,15.045,37.97
2015-05-13,0.0,6.676,9.42,15.366,31.07
2015-05-14,0.808,5.365,9.125,13.473,27.4
2015-05-15,24.441,7.128,7.732,14.786,19.4
2015-05-16,0.223,7.776,8.152,16.0,30.66
2015-05-17,9.483,6.407,9.348,15.018,35.68
2015-05-18,0.0,5.682,9.768,14.438,30.66
2015-05-19,0.0,6.855,8.955,15.348,37.5
2015-05-20,0.0,7.665,8.116,15.893,50.19
2015-05-21,1.641,6.106,9.464,14.75,70.74
2015-05-22,0.674,7.128,8.955,15.75,63.4
2015-05-23,0.0,7.605,7.741,15.589,42.11
2015-05-24,0.0,7.833,7.304,15.616,25.59
2015-05-25,0.0,5.665,8.946,13.821,21.74
2015-05-26,0.0,6.146,8.741,14.304,18.82
2015-05-27,0.0,5.992,9.339,14.562,16.77
2015-05-28,0.0,5.923,8.875,14.143,21.39
2015-05-29,0.993,5.252,8.598,13.054,66.63
2015-05-30,0.0,6.945,6.714,14.018,42.67
2015-05-31,0.0,6.76,8.036,14.688,34.77
2015-06-01,0.0,5.951,8.777,14.134,37.97
2015-06-02,0.0,7.122,7.125,14.589,36.56
2015-06-03,0.136,6.731,7.491,14.304,40.32
2015-06-04,0.311,6.179,8.696,14.411,49.63
2015-06-05,4.04,6.041,7.857,13.607,37.97
2015-06-06,1.148,6.47,9.08,15.098,27.86
2015-06-07,0.815,7.317,6.884,14.741,24.89
2015-06-08,0.516,6.588,8.679,15.018,42.11
2015-06-09,1.987,6.678,7.295,14.116,74.31
2015-06-10,13.024,6.838,8.705,15.375,54.7
2015-06-11,5.598,5.768,8.554,13.786,50.75
2015-06-12,0.0,7.204,8.304,15.616,32.7
2015-06-13,0.0,6.023,7.098,13.08,30.66
2015-06-14,0.225,8.66,5.83,16.089,28.21
2015-06-15,0.0,6.556,8.491,14.839,31.48
2015-06-16,0.0,7.484,8.161,15.946,33.52
2015-06-17,0.0,7.133,8.491,15.652,32.29
2015-06-18,0.0,7.148,8.071,15.402,33.93
2015-06-19,0.0,5.92,8.223,13.777,51.26
2015-06-20,0.0,6.194,8.429,14.304,128.4
2015-06-21,0.0,6.524,7.938,14.42,51.32
2015-06-22,0.0,5.898,7.705,13.384,61.47
2015-06-23,1.017,5.401,8.741,13.482,39.85
2015-06-24,0.579,6.452,8.509,14.75,34.74
2015-06-25,0.0,6.305,7.188,13.562,37.97
2015-06-26,0.27,4.798,8.527,12.5,50.38
2015-06-27,1.665,4.531,8.991,12.509,50.19
2015-06-28,0.0,5.921,7.688,13.402,39.38
2015-06-29,0.0,7.424,6.92,15.009,67.92
2015-06-30,0.0,7.462,6.991,15.098,45.02
2015-07-01,1.552,8.286,6.982,16.312,41.26
2015-07-02,2.352,7.738,8.134,16.259,32.29
2015-07-03,2.815,7.702,6.393,15.027,25.59
2015-07-04,0.763,7.203,8.062,15.438,25.59
2015-07-05,11.115,7.175,8.58,15.759,31.07
2015-07-06,2.378,7.224,7.438,15.036,33.52
2015-07-07,5.402,7.665,8.5,16.375,30.25
2015-07-08,0.366,7.852,8.205,16.429,33.93
2015-07-09,0.0,7.937,6.714,15.545,30.66
2015-07-10,0.0,6.139,7.795,13.732,47.34
2015-07-11,0.0,6.078,8.821,14.366,78.59
2015-07-12,0.0,6.009,9.205,14.562,55.83
2015-07-13,0.0,7.964,6.938,15.688,31.07
2015-07-14,0.0,7.89,7.92,16.232,21.39
2015-07-15,0.0,7.538,7.089,15.152,32.29
2015-07-16,0.0,7.204,7.848,15.188,20.69
2015-07-17,0.0,7.848,6.473,15.161,19.11
2015-07-18,0.0,7.106,7.857,15.045,24.89
2015-07-19,0.0,6.939,7.964,14.848,29.85
2015-07-20,0.0,6.607,7.893,14.312,31.07
2015-07-21,0.0,7.719,8.562,16.348,29.85
2015-07-22,0.482,5.371,8.875,13.393,38.91
2015-07-23,0.0,7.384,6.946,14.75,76.78
2015-07-24,0.0,8.357,5.062,14.92,55.83
2015-07-25,0.0,7.456,6.25,14.357,44.08
2015-07-26,0.0,7.278,6.795,14.438,40.79
2015-07-27,0.477,6.787,7.964,14.58,40.79
2015-07-28,0.0,6.858,8.161,14.786,37.03
2015-07-29,0.0,6.731,7.777,14.321,75.42
2015-07-30,0.499,6.453,7.938,14.089,80.93
2015-07-31,0.0,7.195,7.741,14.911,52.45
2015-08-01,0.0,7.851,6.634,15.071,41.73
2015-08-02,0.0,7.684,7.973,15.741,17.94
2015-08-03,0.0,8.399,6.777,15.929,19.7
2015-08-04,0.0,7.967,7.83,16.0,22.79
2015-08-05,0.0,6.483,8.357,14.321,38.91
2015-08-06,0.0,9.116,6.518,16.705,33.52
2015-08-07,12.38,6.117,7.83,13.411,30.25
2015-08-08,0.269,6.692,8.339,14.554,23.14
2015-08-09,14.264,7.239,8.473,15.366,18.24
2015-08-10,0.0,7.752,7.286,15.232,14.14
2015-08-11,0.0,7.385,7.839,15.089,12.24
2015-08-12,0.0,8.214,7.116,15.732,12.95
2015-08-13,0.0,7.713,7.786,15.473,12.48
2015-08-14,0.18,6.724,8.464,14.625,11.77
2015-08-15,0.0,7.341,7.643,14.848,107.0
2015-08-16,0.0,6.763,7.598,14.009,57.52
2015-08-17,0.0,8.624,6.982,16.134,101.3
2015-08-18,0.0,8.7,6.804,16.098,55.83
2015-08-19,0.0,8.584,6.58,15.786,29.03
2015-08-20,0.0,7.596,8.0,15.357,24.89
2015-08-21,0.0,6.884,8.027,14.42,23.49
2015-08-22,0.0,8.042,7.554,15.652,27.81
2015-08-23,0.0,9.185,6.75,16.67,25.94
2015-08-24,0.0,6.285,9.223,14.482,22.44
2015-08-25,0.0,7.081,7.946,14.571,34.17
2015-08-26,1.207,8.097,7.116,15.366,31.07
2015-08-27,0.0,8.009,7.67,15.607,28.21
2015-08-28,0.0,6.747,9.42,15.196,20.33
2015-08-29,0.0,7.241,7.83,14.67,19.4
2015-08-30,0.0,8.56,5.107,14.661,18.89
2015-08-31,0.0,7.024,8.018,14.518,24.47
2015-09-01,0.0,7.049,8.223,14.679,22.53
2015-09-02,0.0,7.421,6.312,13.83,20.01
2015-09-03,0.902,7.822,6.679,14.625,19.11
2015-09-04,0.0,8.655,6.304,15.518,18.23
2015-09-05,0.0,8.404,7.036,15.634,17.06
2015-09-06,2.603,7.909,7.179,15.071,16.63
2015-09-07,0.0,8.165,8.938,16.598,17.93
2015-09-08,0.0,9.884,6.089,17.018,17.7
2015-09-09,0.11,7.74,7.714,15.17,17.6
2015-09-10,1.639,8.38,7.438,15.83,18.23
2015-09-11,0.0,7.398,7.955,14.884,18.04
2015-09-12,0.0,9.973,5.705,16.893,22.25
2015-09-13,0.0,10.072,4.554,16.321,17.35
2015-09-14,0.0,9.609,5.402,16.188,16.19
2015-09-15,0.0,9.039,5.67,15.571,15.6
2015-09-16,0.0,8.792,7.107,16.143,15.02
2015-09-17,0.0,9.805,7.366,17.643,14.43
2015-09-18,0.859,8.2,8.821,16.5,15.02
2015-09-19,11.355,7.132,8.821,15.125,12.95
2015-09-20,0.117,6.479,8.955,14.402,12.48
2015-09-21,0.0,8.859,7.795,16.679,15.6
2015-09-22,0.743,8.292,9.348,16.991,15.6
2015-09-23,0.0,8.328,7.75,15.955,15.31
2015-09-24,0.0,9.648,6.098,16.67,12.48
2015-09-25,0.0,8.959,5.732,15.509,13.67
2015-09-26,0.0,8.908,6.518,15.929,11.05
2015-09-27,0.0,8.92,7.161,16.375,14.25
2015-09-28,0.0,9.993,6.482,17.384,15.31
2015-09-29,5.222,8.252,8.125,16.116,13.59
2015-09-30,13.744,8.315,8.402,16.42,11.05
2015-10-01,2.022,5.922,9.018,13.795,12.48
2015-10-02,0.0,8.17,8.688,16.42,11.53
2015-10-03,0.0,6.546,8.812,14.42,13.67
2015-10-04,0.0,8.671,8.589,17.045,12.0
2015-10-05,0.0,8.745,7.161,16.188,12.48
2015-10-06,0.0,9.288,6.616,16.58,12.95
2015-10-07,0.0,8.367,7.321,15.795,11.53
2015-10-08,0.0,7.852,7.982,15.554,12.48
2015-10-09,0.0,9.366,7.705,17.402,11.53
2015-10-10,0.0,7.844,8.045,15.598,11.53
2015-10-11,0.0,8.902,8.598,17.402,16.19
2015-10-12,12.363,5.891,9.232,13.982,17.36
2015-10-13,0.795,7.753,8.357,15.759,26.11
2015-10-14,26.741,6.883,8.25,14.536,60.34
2015-10-15,13.745,6.877,9.214,15.232,72.43
2015-10-16,0.0,5.8,8.777,13.545,57.52
2015-10-17,0.0,7.422,8.768,15.67,41.73
2015-10-18,0.866,5.574,9.241,13.634,33.93
2015-10-19,1.755,9.023,7.17,16.741,32.29
2015-10-20,0.0,8.708,7.509,16.536,27.81
2015-10-21,0.0,8.696,6.286,15.732,25.65
2015-10-22,0.0,7.784,8.071,15.679,23.14
2015-10-23,0.0,6.742,9.348,15.223,23.14
2015-10-24,8.335,7.673,8.107,15.571,21.39
2015-10-25,0.0,7.213,8.661,15.375,25.94
2015-10-26,35.883,6.729,8.339,14.509,29.03
2015-10-27,0.0,6.001,8.92,14.0,30.66
2015-10-28,0.0,9.745,7.036,17.821,32.29
2015-10-29,0.0,8.552,6.554,15.83,33.11
2015-10-30,0.0,9.376,7.071,17.33,33.11
2015-10-31,0.361,7.639,7.92,15.509,36.56
2015-11-01,4.031,5.995,9.018,14.107,32.29
2015-11-02,6.944,4.927,8.545,12.438,35.62
2015-11-03,0.0,6.751,7.518,14.089,37.97
2015-11-04,0.0,6.996,7.545,14.473,33.52
2015-11-05,17.27,5.637,8.295,13.188,39.85
2015-11-06,0.299,8.716,8.5,17.527,52.45
2015-11-07,1.301,4.044,8.723,11.527,47.37
2015-11-08,2.107,6.817,8.518,14.964,39.85
2015-11-09,0.054,6.85,8.893,15.286,36.09
2015-11-10,11.497,7.728,7.759,15.705,29.03
2015-11-11,0.0,7.38,7.634,15.143,23.84
2015-11-12,0.0,6.644,8.92,15.062,24.54
2015-11-13,1.956,7.035,8.589,15.366,31.48
2015-11-14,0.0,7.457,9.411,16.545,31.07
2015-11-15,35.688,6.613,9.518,15.5,23.49
2015-11-16,7.83,6.458,9.402,15.205,22.79
2015-11-17,28.191,4.709,9.009,12.661,20.69
2015-11-18,0.0,6.182,8.795,14.438,21.74
2015-11-19,0.0,7.381,8.232,15.679,25.94
2015-11-20,0.0,6.883,8.83,15.429,23.14
2015-11-21,9.965,6.195,7.768,13.705,26.35
2015-11-22,0.0,6.986,9.018,15.732,29.44
2015-11-23,0.0,7.429,7.295,15.152,29.44
2015-11-24,0.0,7.359,8.045,15.598,30.66
2015-11-25,2.638,9.06,7.205,17.5,19.76
2015-11-26,0.0,7.252,8.062,15.446,15.6
2015-11-27,0.0,7.212,7.402,14.955,14.43
2015-11-28,0.0,6.67,9.054,15.393,11.77
2015-11-29,5.71,7.163,9.152,16.143,9.628
2015-11-30,0.0,7.08,9.723,16.464,14.64
2015-12-01,0.403,5.187,9.875,14.045,10.1
2015-12-02,0.0,5.93,9.554,14.768,9.205
2015-12-03,0.0,7.228,6.161,14.214,8.835
2015-12-04,32.182,5.619,8.652,13.688,8.835
2015-12-05,0.0,7.391,7.0,15.018,9.628
2015-12-06,0.0,7.344,6.366,14.536,9.68
2015-12-07,0.908,7.032,8.071,15.25,8.465
2015-12-08,0.313,6.962,8.393,15.384,8.835
2015-12-09,0.32,7.319,8.054,15.661,8.835
2015-12-10,41.859,7.418,7.429,15.393,7.355
2015-12-11,0.0,7.742,6.027,14.946,7.355
2015-12-12,0.0,9.451,4.571,16.616,7.725
2015-12-13,0.0,7.679,6.607,15.214,6.615
2015-12-14,0.686,7.616,8.455,16.375,5.875
2015-12-15,19.391,6.486,8.205,14.598,6.06
2015-12-16,0.0,6.582,9.107,15.402,6.245
2015-12-17,12.404,4.648,9.366,13.009,8.095
2015-12-18,0.688,7.075,8.598,15.732,8.28
2015-12-19,4.854,6.841,9.411,16.0,8.835
2015-12-20,0.0,7.124,7.045,14.714,29.85
2015-12-21,0.287,8.393,5.384,15.536,14.25
2015-12-22,0.0,8.714,5.812,16.277,8.465
2015-12-23,0.294,8.611,6.527,16.562,6.985
2015-12-24,0.0,8.251,6.759,16.179,6.615
2015-12-25,20.409,7.762,5.795,14.83,6.43
2015-12-26,0.0,7.976,6.312,15.464,5.555
2015-12-27,0.209,7.668,7.42,15.732,5.875
2015-12-28,0.0,7.317,8.018,15.625,6.8
2015-12-29,0.0,8.054,7.902,16.607,6.615
2015-12-30,0.0,7.519,7.688,15.696,6.615
2015-12-31,0.834,7.106,8.759,15.83,6.985
2016-01-01,0.0,6.718,9.116,15.527,9.743
2016-01-02,26.663,5.386,9.652,14.134,9.598
2016-01-03,0.0,7.428,8.357,15.964,9.903
2016-01-04,6.846,5.603,9.482,14.277,9.991
2016-01-05,4.912,7.126,9.152,16.071,10.829
2016-01-06,0.429,5.797,8.571,13.83,13.817
2016-01-07,21.791,8.645,9.232,18.268,12.895
2016-01-08,3.259,6.961,9.839,16.375,12.607
2016-01-09,21.349,7.791,9.152,16.991,17.304
2016-01-10,3.279,7.812,9.0,16.929,15.834
2016-01-11,0.997,7.119,8.607,15.661,15.537
2016-01-12,0.0,7.787,8.741,16.661,13.845
2016-01-13,0.0,8.983,8.009,17.848,12.621
2016-01-14,0.0,10.561,5.464,18.545,11.169
2016-01-15,0.0,9.691,5.643,17.366,9.947
2016-01-16,0.0,9.647,7.223,18.232,8.965
2016-01-17,0.0,9.338,6.92,17.571,8.825
2016-01-18,0.0,10.667,6.652,19.304,9.363
2016-01-19,0.0,10.347,4.982,17.848,9.118
2016-01-20,0.0,8.381,6.893,16.134,9.249
2016-01-21,0.0,6.826,8.25,14.857,9.402
2016-01-22,0.0,8.484,8.929,17.598,9.293
2016-01-23,0.0,9.921,9.955,20.232,9.729
2016-01-24,0.0,7.62,9.938,17.08,9.925
2016-01-25,0.0,7.486,9.143,16.348,11.692
2016-01-26,0.0,9.616,6.946,17.804,9.193
2016-01-27,0.312,10.178,7.625,19.0,8.297
2016-01-28,0.0,10.139,6.411,18.17,8.242
2016-01-29,0.0,9.499,6.786,17.5,8.604
2016-01-30,0.0,8.859,6.571,16.438,10.371
2016-01-31,0.0,10.803,5.446,18.464,10.231
2016-02-01,0.0,9.426,6.571,17.196,8.809
2016-02-02,0.0,9.437,6.67,17.232,8.006
2016-02-03,0.0,9.581,6.911,17.571,8.208
2016-02-04,4.373,8.891,6.696,16.429,8.36
2016-02-05,13.77,6.098,8.384,13.759,11.829
2016-02-06,0.0,7.963,7.804,15.857,16.22
2016-02-07,0.0,7.055,8.482,15.062,15.062
2016-02-08,0.0,5.819,9.83,14.491,15.859
2016-02-09,0.0,7.228,9.179,15.768,21.402
2016-02-10,0.0,6.621,9.42,15.134,18.63
2016-02-11,0.0,7.824,8.973,16.366,31.062
2016-02-12,0.0,6.363,8.196,13.866,24.331
2016-02-13,42.218,7.065,9.036,15.384,18.47
2016-02-14,0.0,8.135,10.143,17.562,15.596
2016-02-15,0.0,7.444,9.009,15.839,12.732
2016-02-16,0.0,6.989,9.83,15.821,11.046
2016-02-17,0.0,8.57,9.946,17.929,10.296
2016-02-18,0.0,7.358,9.295,15.884,10.121
2016-02-19,0.0,8.543,8.58,16.92,11.876
2016-02-20,0.0,7.019,9.705,15.723,13.682
2016-02-21,0.0,6.948,10.295,16.08,13.607
2016-02-22,0.0,8.549,10.027,17.92,13.667
2016-02-23,1.024,8.762,9.929,18.107,14.498
2016-02-24,0.0,8.804,9.277,17.705,12.984
2016-02-25,2.256,6.918,8.438,14.634,13.162
2016-02-26,16.436,7.658,8.911,15.938,13.043
2016-02-27,0.0,8.532,8.634,16.875,12.194
2016-02-28,0.0,7.563,10.67,17.045,11.169
2016-02-29,0.0,7.347,9.911,16.196,9.947
2016-03-01,8.146,6.699,10.429,15.777,9.096
2016-03-02,13.443,4.669,10.232,13.259,10.819
2016-03-03,0.0,6.522,9.652,14.964,20.2
2016-03-04,1.701,6.214,9.661,14.589,19.822
2016-03-05,0.0,7.643,7.723,14.973,32.397
2016-03-06,0.193,8.707,6.402,15.536,21.219
2016-03-07,11.841,6.989,8.375,14.571,16.537
2016-03-08,10.833,8.49,8.312,16.509,12.628
2016-03-09,3.737,7.536,8.036,15.027,14.007
2016-03-10,1.847,8.323,7.946,15.991,18.023
2016-03-11,3.668,9.65,8.232,17.929,30.149
2016-03-12,0.0,9.664,9.75,18.955,34.739
2016-03-13,10.698,7.549,8.938,15.741,31.96
2016-03-14,0.0,9.301,9.402,18.286,26.643
2016-03-15,9.217,7.034,9.804,15.643,22.828
2016-03-16,0.0,8.103,10.295,17.339,24.718
2016-03-17,0.619,6.994,10.232,15.929,25.693
2016-03-18,2.395,6.719,9.536,15.062,71.141
2016-03-19,0.0,7.155,9.634,15.661,52.604
2016-03-20,3.635,8.202,10.304,17.455,56.339
2016-03-21,0.647,6.158,8.473,13.545,44.793
2016-03-22,0.0,6.954,8.232,14.384,53.676
2016-03-23,0.0,7.776,8.571,15.705,69.976
2016-03-24,0.0,8.927,6.5,15.804,55.081
2016-03-25,0.0,7.59,9.438,16.062,41.008
2016-03-26,0.0,8.683,6.625,15.571,33.9
2016-03-27,0.0,8.68,8.848,17.027,27.044
2016-03-28,0.0,7.121,9.607,15.625,28.962
2016-03-29,12.332,8.328,9.312,16.964,32.755
2016-03-30,29.092,7.349,10.661,16.714,35.469
2016-03-31,11.489,6.924,9.312,15.161,40.53
2016-04-01,0.0,5.802,10.0,14.33,40.214
2016-04-02,12.461,5.626,9.25,13.554,42.033
2016-04-03,0.0,8.589,9.304,17.304,40.104
2016-04-04,11.889,4.984,8.848,12.482,38.553
2016-04-05,0.0,8.518,8.973,17.018,35.413
2016-04-06,0.0,8.43,9.571,17.312,43.876
2016-04-07,3.473,7.88,10.491,17.277,41.916
2016-04-08,0.0,6.358,10.438,15.357,40.39
2016-04-09,31.322,6.303,9.071,14.277,64.525
2016-04-10,0.0,7.37,9.705,16.107,57.77
2016-04-11,0.0,8.047,9.098,16.545,68.668
2016-04-12,33.139,3.675,9.25,11.402,82.278
2016-04-13,0.577,6.414,8.723,14.188,73.259
2016-04-14,6.12,8.837,7.991,16.866,62.073
2016-04-15,2.41,8.961,9.509,18.045,45.414
2016-04-16,13.496,8.299,9.821,17.42,40.349
2016-04-17,0.0,5.589,10.134,14.286,34.382
2016-04-18,0.0,5.871,10.17,14.643,48.608
2016-04-19,0.0,7.082,8.964,15.268,44.076
2016-04-20,0.0,6.776,9.768,15.473,58.983
2016-04-21,0.0,7.733,9.545,16.562,51.286
2016-04-22,24.175,5.851,10.304,14.768,59.112
2016-04-23,0.669,6.824,9.446,15.321,43.513
2016-04-24,7.478,6.157,8.393,13.696,40.977
2016-04-25,0.0,7.058,7.768,14.446,40.691
2016-04-26,5.357,7.247,7.973,14.848,36.526
2016-04-27,28.256,8.439,8.696,16.982,35.198
2016-04-28,13.585,5.338,8.911,13.107,35.454
2016-04-29,8.086,7.425,9.134,15.982,43.715
2016-04-30,4.78,4.802,9.188,12.696,52.908
2016-05-01,6.967,5.85,8.938,13.83,47.423
2016-05-02,1.438,6.938,8.875,15.17,41.852
2016-05-03,3.437,5.681,9.286,13.875,38.931
2016-05-04,8.196,8.221,8.911,16.955,38.155
2016-05-05,2.324,6.326,9.438,14.83,44.036
2016-05-06,4.477,7.22,8.902,15.634,49.489
2016-05-07,28.58,6.451,9.009,14.723,48.232
2016-05-08,16.589,8.498,8.232,16.973,45.086
2016-05-09,24.057,6.657,9.205,15.134,79.521
2016-05-10,10.978,5.989,8.911,14.125,58.518
2016-05-11,7.642,7.331,9.125,16.027,82.501
2016-05-12,0.346,7.426,8.643,15.812,55.951
2016-05-13,0.0,4.403,9.705,12.759,40.672
2016-05-14,7.735,6.16,9.339,14.67,37.67
2016-05-15,0.548,6.925,9.598,15.875,49.931
2016-05-16,0.0,7.544,8.491,15.929,55.516
2016-05-17,0.0,7.903,8.554,16.482,53.608
2016-05-18,0.0,6.466,9.616,15.312,71.912
2016-05-19,0.0,6.541,9.295,15.205,89.176
2016-05-20,0.0,6.455,8.821,14.723,64.821
2016-05-21,0.0,7.366,8.446,15.732,49.524
2016-05-22,0.0,6.797,10.018,16.089,56.433
2016-05-23,0.0,6.358,9.786,15.348,46.119
2016-05-24,0.0,5.0,10.0,13.812,47.106
2016-05-25,0.0,6.637,9.616,15.616,47.065
2016-05-26,21.678,4.755,8.929,12.652,31.057
2016-05-27,0.0,8.0,7.08,15.777,38.204
2016-05-28,0.0,5.115,9.295,13.42,39.849
2016-05-29,3.052,5.305,9.062,13.491,49.994
2016-05-30,17.304,6.929,9.143,15.732,38.13
2016-05-31,18.187,7.014,7.955,15.027,41.046
2016-06-01,8.231,7.686,8.241,16.17,45.485
2016-06-02,0.0,6.267,9.188,14.884,45.156
2016-06-03,0.0,7.405,7.768,15.464,51.663
2016-06-04,3.346,7.967,8.027,16.464,54.131
2016-06-05,0.0,8.722,6.071,16.286,39.431
2016-06-06,3.134,6.988,7.107,14.429,44.646
2016-06-07,0.0,7.123,7.339,14.804,40.977
2016-06-08,28.7,7.184,7.911,15.295,62.123
2016-06-09,0.0,6.501,7.098,13.759,37.502
2016-06-10,0.0,6.398,7.312,13.75,28.707
2016-06-11,4.539,6.31,7.607,13.848,25.396
2016-06-12,0.0,6.317,7.92,14.089,24.521
2016-06-13,0.0,4.898,8.598,12.67,28.341
2016-06-14,0.0,6.642,7.554,14.295,64.379
2016-06-15,0.0,5.643,8.152,13.321,61.932
2016-06-16,0.0,6.546,7.366,14.045,62.561
2016-06-17,0.0,6.344,7.232,13.67,70.936
2016-06-18,0.0,6.604,7.446,14.179,66.802
2016-06-19,3.614,5.556,8.652,13.607,74.154
2016-06-20,0.475,6.014,8.232,13.911,87.243
2016-06-21,0.0,6.624,7.946,14.571,76.96
2016-06-22,0.0,7.012,8.196,15.304,64.644
2016-06-23,0.0,6.174,8.464,14.304,61.862
2016-06-24,4.372,6.967,7.857,15.0,64.855
2016-06-25,0.19,6.611,8.393,14.857,93.764
2016-06-26,0.0,6.165,7.812,13.83,68.614
2016-06-27,0.0,7.469,7.759,15.661,62.425
2016-06-28,3.756,6.482,8.339,14.643,61.58
2016-06-29,0.0,7.045,8.339,15.429,55.446
2016-06-30,0.0,5.51,8.562,13.473,48.726
2016-07-01,17.894,5.395,8.491,13.241,74.604
2016-07-02,0.0,6.611,8.679,15.054,60.898
2016-07-03,0.0,6.09,8.616,14.295,45.438
2016-07-04,0.0,6.295,8.732,14.643,41.446
2016-07-05,0.0,7.023,8.375,15.411,55.329
2016-07-06,13.359,5.51,6.955,12.241,52.767
2016-07-07,0.623,7.36,7.786,15.464,41.729
2016-07-08,0.0,6.181,9.205,14.804,42.232
2016-07-09,0.0,7.898,5.893,14.964,35.142
2016-07-10,0.0,6.311,7.741,13.893,36.483
2016-07-11,0.0,8.117,6.973,15.946,40.01
2016-07-12,0.253,8.494,6.938,16.455,36.96
2016-07-13,0.0,8.031,7.259,16.0,41.873
2016-07-14,0.0,7.615,7.491,15.536,37.487
2016-07-15,0.352,6.749,7.875,14.545,27.022
2016-07-16,6.868,7.664,7.009,15.268,25.09
2016-07-17,12.047,6.305,8.607,14.446,25.221
2016-07-18,0.0,6.817,6.786,13.884,21.988
2016-07-19,0.0,6.451,8.08,14.241,20.613
2016-07-20,16.219,6.144,7.875,13.679,26.866
2016-07-21,0.0,5.855,8.062,13.42,36.301
2016-07-22,0.0,6.471,6.536,13.17,40.061
2016-07-23,0.0,8.997,5.634,16.214,36.483
2016-07-24,0.0,7.687,6.759,15.027,34.499
2016-07-25,2.749,5.231,7.982,12.464,39.012
2016-07-26,0.0,8.036,6.893,15.589,41.329
2016-07-27,0.0,6.375,7.562,13.688,41.529
2016-07-28,0.756,6.583,6.973,13.545,46.248
2016-07-29,0.0,6.812,7.634,14.321,42.033
2016-07-30,0.0,6.52,7.652,13.929,40.319
2016-07-31,0.0,5.942,8.107,13.455,33.324
2016-08-01,0.0,7.165,6.812,14.205,33.922
2016-08-02,0.0,5.416,7.83,12.536,31.879
2016-08-03,0.0,5.631,7.804,12.777,31.113
2016-08-04,0.0,5.878,8.634,13.714,32.448
2016-08-05,0.0,8.163,6.277,15.214,27.934
2016-08-06,0.0,8.357,7.196,16.071,26.096
2016-08-07,0.0,6.308,8.652,14.259,26.446
2016-08-08,0.0,7.154,7.42,14.509,25.046
2016-08-09,0.0,7.595,7.625,15.25,27.103
2016-08-10,0.0,7.071,7.955,14.75,26.235
2016-08-11,0.0,6.959,8.42,14.92,29.669
2016-08-12,0.0,8.011,5.964,14.67,31.077
2016-08-13,0.0,6.887,6.902,13.714,30.53
2016-08-14,0.0,8.652,6.214,15.705,27.628
2016-08-15,0.0,7.992,7.929,15.92,25.571
2016-08-16,0.0,7.33,7.473,14.679,25.25
2016-08-17,7.444,7.352,8.116,15.152,31.478
2016-08-18,0.0,7.585,8.062,15.411,30.982
2016-08-19,0.0,7.04,7.571,14.312,28.605
2016-08-20,0.0,8.1,5.482,14.366,25.44
2016-08-21,0.0,7.448,5.473,13.438,26.928
2016-08-22,0.0,6.736,7.241,13.652,25.702
2016-08-23,0.0,8.82,5.554,15.393,29.699
2016-08-24,0.0,8.495,6.036,15.214,22.44
2016-08-25,0.0,8.653,7.152,16.17,19.334
2016-08-26,0.0,7.752,6.902,14.759,18.164
2016-08-27,0.0,8.617,6.679,15.777,18.968
2016-08-28,0.0,9.057,6.08,15.982,17.908
2016-08-29,16.677,8.109,7.089,15.321,19.663
2016-08-30,21.763,6.367,8.643,14.098,19.151
2016-08-31,0.0,7.577,7.089,14.571,17.958
2016-09-01,10.559,7.533,8.473,15.491,16.699
2016-09-02,0.0,9.446,6.312,16.625,18.244
2016-09-03,0.0,10.17,5.652,17.188,19.882
2016-09-04,0.0,8.171,8.375,16.241,19.809
2016-09-05,0.0,8.265,7.777,15.946,18.287
2016-09-06,0.0,7.613,8.348,15.464,16.772
2016-09-07,0.0,6.156,7.464,12.911,20.108
2016-09-08,0.0,9.361,5.438,15.911,19.37
2016-09-09,0.0,7.191,9.009,15.366,17.188
2016-09-10,13.067,6.018,8.562,13.545,22.071
2016-09-11,0.0,6.677,7.911,13.893,56.264
2016-09-12,0.0,7.02,8.232,14.562,48.279
2016-09-13,0.0,8.757,8.054,16.732,39.211
2016-09-14,49.169,6.213,7.857,13.277,33.003
2016-09-15,27.265,7.763,7.438,14.991,29.494
2016-09-16,0.0,9.731,6.116,16.804,27.321
2016-09-17,0.0,8.517,7.179,15.821,24.412
2016-09-18,0.0,8.342,7.598,15.875,32.77
2016-09-19,2.003,6.389,7.982,13.607,45.838
2016-09-20,0.602,7.982,7.339,15.214,49.407
2016-09-21,7.391,8.148,6.795,15.08,39.544
2016-09-22,0.0,7.768,7.429,14.982,32.084
2016-09-23,0.0,7.615,8.438,15.491,33.521
2016-09-24,7.548,6.519,7.866,13.679,31.42
2016-09-25,4.044,7.971,6.83,14.875,37.37
2016-09-26,0.0,7.885,7.25,15.027,40.796
2016-09-27,2.281,8.428,7.277,15.786,33.595
2016-09-28,0.4,8.237,6.812,15.223,31.011
2016-09-29,0.0,8.928,6.991,16.268,29.793
2016-09-30,3.235,7.933,7.491,15.277,26.404
2016-10-01,5.034,7.168,8.196,14.777,40.615
2016-10-02,28.538,6.699,8.58,14.491,43.421
2016-10-03,6.09,6.439,8.205,13.857,34.128
2016-10-04,2.418,9.584,8.339,18.107,34.075
2016-10-05,38.284,7.399,8.571,15.384,35.073
2016-10-06,1.246,8.859,9.527,17.982,53.821
2016-10-07,31.374,6.692,7.607,13.768,47.574
2016-10-08,8.551,7.4,8.768,15.554,53.073
2016-10-09,12.316,7.766,7.33,15.062,48.972
2016-10-10,0.0,7.559,7.973,15.214,42.268
2016-10-11,0.0,6.979,9.205,15.33,39.944
2016-10-12,6.0,6.542,8.857,14.527,35.454
2016-10-13,0.0,10.298,7.429,18.58,35.454
2016-10-14,30.761,8.212,9.134,16.955,39.035
2016-10-15,1.784,6.762,8.268,14.429,34.966
2016-10-16,0.0,9.696,6.812,17.411,35.352
2016-10-17,0.0,8.087,8.429,16.321,35.541
2016-10-18,4.599,5.961,8.848,13.821,22.578
2016-10-19,0.0,7.464,8.402,15.482,19.59
2016-10-20,0.0,7.657,8.17,15.598,23.955
2016-10-21,0.0,8.144,6.839,15.366,23.872
2016-10-22,14.875,6.867,8.232,14.58,37.565
2016-10-23,7.848,9.294,8.92,18.339,39.627
2016-10-24,1.075,8.146,7.286,15.723,34.33
2016-10-25,20.114,5.677,8.08,12.946,33.156
2016-10-26,13.345,8.381,7.188,16.036,33.769
2016-10-27,0.0,9.533,6.375,17.143,29.48
2016-10-28,18.619,7.237,7.875,14.955,35.388
2016-10-29,9.772,6.503,8.188,14.179,33.258
2016-10-30,0.0,8.085,7.429,15.83,35.913
2016-10-31,2.049,9.841,7.089,18.098,35.249
2016-11-01,29.266,7.548,7.938,15.455,38.067
2016-11-02,0.0,6.278,8.955,14.482,40.977
2016-11-03,0.0,7.224,8.812,15.661,42.867
2016-11-04,1.417,6.537,8.589,14.616,47.328
2016-11-05,0.503,6.583,8.161,14.357,50.418
2016-11-06,0.499,6.641,8.116,14.393,41.13
2016-11-07,0.0,8.314,7.964,16.643,45.848
2016-11-08,11.265,7.308,7.054,14.625,48.138
2016-11-09,10.212,8.967,8.741,18.098,56.786
2016-11-10,6.338,6.973,7.911,14.759,53.326
2016-11-11,30.204,3.484,8.786,10.991,76.644
2016-11-12,0.0,8.709,5.821,15.911,50.89
2016-11-13,0.0,8.125,8.107,16.571,31.13
2016-11-14,26.631,5.201,8.955,13.205,28.328
2016-11-15,18.98,7.433,8.223,15.741,24.652
2016-11-16,0.0,7.198,7.759,15.098,31.748
2016-11-17,0.0,7.163,7.58,14.92,31.828
2016-11-18,3.999,6.506,8.491,14.67,36.076
2016-11-19,39.254,5.937,8.375,13.812,29.613
2016-11-20,0.0,7.137,8.696,15.688,31.143
2016-11-21,0.0,9.896,5.089,17.393,26.855
2016-11-22,0.0,10.61,3.366,17.446,29.655
2016-11-23,0.428,7.861,5.545,14.679,26.184
2016-11-24,0.571,7.095,7.75,15.027,28.546
2016-11-25,30.869,5.455,7.866,12.812,25.571
2016-11-26,19.578,7.36,7.634,15.339,24.302
2016-11-27,17.709,5.864,8.304,13.714,28.116
2016-11-28,7.054,7.494,9.589,16.955,35.775
2016-11-29,18.233,5.883,8.821,14.179,31.981
2016-11-30,0.0,7.011,8.955,15.812,29.837
2016-12-01,13.075,5.328,9.143,13.661,25.702
2016-12-02,0.266,4.758,8.866,12.696,27.453
2016-12-03,4.219,3.709,8.857,11.411,24.346
2016-12-04,0.0,6.774,7.973,14.83,27.978
2016-12-05,0.0,7.29,7.509,15.25,23.879
2016-12-06,0.0,7.577,7.938,15.973,24.527
2016-12-07,1.236,7.215,7.589,15.196,23.023
2016-12-08,0.0,7.658,6.589,15.161,24.215
2016-12-09,3.582,7.028,7.634,14.964,24.076
2016-12-10,0.0,8.063,8.723,17.214,20.613
2016-12-11,0.0,7.704,6.777,15.384,22.186
2016-12-12,29.82,7.23,7.75,15.348,20.248
2016-12-13,5.718,7.215,6.973,14.786,19.955
2016-12-14,0.0,8.948,4.589,15.893,23.252
2016-12-15,2.677,7.705,6.286,15.071,26.446
2016-12-16,0.0,6.382,8.295,14.545,28.422
2016-12-17,0.0,6.496,7.348,14.036,23.36
2016-12-18,0.0,6.794,8.036,14.92,28.298
2016-12-19,4.427,6.994,6.67,14.286,25.09
2016-12-20,41.033,5.278,7.518,12.393,22.58
2016-12-21,37.993,4.988,7.741,12.205,21.3
2016-12-22,0.0,7.044,8.08,15.33,25.695
2016-12-23,0.0,7.145,6.33,14.268,36.735
2016-12-24,0.0,6.241,8.384,14.384,36.25
2016-12-25,9.204,7.529,8.375,16.205,28.328
2016-12-26,0.0,7.697,7.58,15.902,28.896
2016-12-27,16.982,6.813,7.938,14.884,35.104
2016-12-28,0.0,8.084,7.42,16.366,40.472
2016-12-29,0.0,6.415,8.679,14.812,37.236
2016-12-30,12.714,5.038,9.571,13.652,45.432
2016-12-31,16.457,4.633,9.08,12.732,49.407
2017-01-01,6.617,7.275,7.83,15.42,59.347
2017-01-02,2.69,7.215,7.589,15.17,55.587
2017-01-03,0.0,8.587,5.723,15.955,42.351
2017-01-04,5.372,7.969,7.688,16.312,43.677
2017-01-05,19.986,5.415,8.196,13.071,42.584
2017-01-06,0.0,6.34,8.196,14.33,37.055
2017-01-07,0.0,6.619,8.571,14.964,59.801
2017-01-08,2.463,4.722,8.866,12.634,58.548
2017-01-09,35.234,7.243,7.152,14.839,65.88
2017-01-10,17.65,6.117,8.536,14.214,61.65
2017-01-11,0.0,5.569,7.741,12.875,59.606
2017-01-12,0.0,7.257,8.277,15.607,43.449
2017-01-13,0.0,6.672,8.821,15.161,41.337
2017-01-14,18.504,6.286,7.75,13.866,42.327
2017-01-15,0.0,6.762,7.857,14.571,42.033
2017-01-16,0.0,7.039,8.464,15.393,48.08
2017-01-17,1.427,7.298,8.214,15.571,51.78
2017-01-18,0.0,5.114,7.688,12.143,47.023
2017-01-19,3.867,6.759,8.321,14.848,50.194
2017-01-20,21.374,6.319,7.732,13.804,73.172
2017-01-21,14.516,6.122,7.902,13.661,61.131
2017-01-22,0.0,9.197,5.134,16.214,56.645
2017-01-23,0.0,10.245,3.062,16.545,52.391
2017-01-24,0.0,10.02,3.366,16.33,41.29
2017-01-25,0.0,8.06,6.741,15.518,32.252
2017-01-26,0.0,7.1,6.911,14.241,27.628
2017-01-27,0.0,6.342,8.232,14.125,26.534
2017-01-28,0.0,5.842,8.696,13.804,29.677
2017-01-29,0.0,6.107,8.688,14.116,31.128
2017-01-30,0.0,6.976,8.786,15.339,28.116
2017-01-31,6.329,6.908,8.304,14.875,25.878
2017-02-01,0.0,7.483,6.839,14.616,25.265
2017-02-02,0.0,8.072,6.929,15.5,28.196
2017-02-03,0.0,7.385,7.482,14.884,25.703
2017-02-04,0.0,7.461,7.402,14.929,23.559
2017-02-05,0.0,9.869,6.223,17.509,24.528
2017-02-06,0.0,10.346,5.732,17.866,21.103
2017-02-07,0.0,8.106,6.795,15.366,20.248
2017-02-08,0.0,9.594,6.214,17.054,19.663
2017-02-09,0.0,8.967,8.098,17.366,17.026
2017-02-10,1.032,7.597,6.402,14.348,15.478
2017-02-11,3.255,8.608,7.518,16.473,14.617
2017-02-12,0.0,7.31,7.893,14.946,14.943
2017-02-13,1.246,7.927,8.562,16.241,14.735
2017-02-14,0.0,7.515,8.438,15.571,14.142
2017-02-15,0.0,10.303,5.268,17.339,14.023
2017-02-16,0.0,9.009,6.527,16.295,14.023
2017-02-17,1.952,8.038,7.054,15.286,14.443
2017-02-18,0.0,9.253,6.071,16.304,21.808
2017-02-19,0.0,9.134,6.384,16.304,36.124
2017-02-20,21.982,8.268,7.438,15.812,41.329
2017-02-21,12.524,10.484,5.982,17.902,48.913
2017-02-22,36.913,6.566,7.304,13.393,62.946
2017-02-23,0.0,8.457,6.054,15.107,72.417
2017-02-24,5.906,7.362,6.339,13.786,64.329
2017-02-25,0.0,7.459,7.036,14.366,60.804
2017-02-26,13.683,5.192,7.616,11.795,53.061
2017-02-27,4.894,6.852,6.893,13.438,41.316
2017-02-28,0.0,7.122,7.929,14.5,35.689
2017-03-01,0.0,7.829,6.5,14.455,58.25
2017-03-02,0.391,7.803,7.375,15.018,49.818
2017-03-03,17.518,7.552,8.598,15.509,44.264
2017-03-04,0.0,8.042,6.455,14.679,41.528
2017-03-05,0.0,7.923,8.554,15.946,39.376
2017-03-06,0.469,6.976,9.277,15.25,48.234
2017-03-07,14.016,6.252,8.161,13.518,69.777
2017-03-08,29.851,5.163,8.304,12.259,80.267
2017-03-09,0.0,7.506,8.268,15.188,73.322
2017-03-10,7.221,6.612,8.75,14.366,72.161
2017-03-11,13.978,7.668,7.714,14.982,75.341
2017-03-12,19.077,4.624,7.848,11.214,61.276
2017-03-13,5.513,8.231,7.375,15.518,62.496
2017-03-14,21.602,9.0,6.911,16.232,63.495
2017-03-15,17.794,5.202,8.125,12.116,48.831
2017-03-16,0.0,8.699,8.384,16.795,52.626
2017-03-17,0.0,7.228,8.839,15.179,42.065
2017-03-18,1.154,9.409,6.071,16.205,38.551
2017-03-19,20.37,6.738,7.116,13.295,63.871
2017-03-20,11.711,6.133,9.143,14.062,63.906
2017-03-21,20.739,7.667,6.607,14.196,54.107
2017-03-22,0.0,6.625,8.973,14.527,50.875
2017-03-23,0.755,8.317,8.125,16.107,47.568
2017-03-24,34.845,5.194,8.366,12.295,70.658
2017-03-25,5.368,7.743,9.018,15.991,75.482
2017-03-26,23.542,5.237,8.857,12.741,63.266
2017-03-27,12.983,7.926,8.205,15.643,62.426
2017-03-28,27.951,7.961,8.375,15.795,59.182
2017-03-29,14.096,6.544,8.866,14.348,57.138
2017-03-30,15.899,6.464,8.268,13.83,51.663
2017-03-31,23.081,6.125,9.089,14.0,47.047
2017-04-01,7.008,6.912,8.929,14.875,60.064
2017-04-02,0.418,8.295,8.705,16.491,63.977
2017-04-03,0.0,7.687,8.688,15.696,60.169
2017-04-04,0.0,10.194,6.795,17.768,54.964
2017-04-05,0.0,10.093,5.821,17.045,45.555
2017-04-06,2.056,8.239,7.598,15.696,39.019
2017-04-07,0.0,8.727,8.089,16.688,42.475
2017-04-08,1.132,8.566,7.67,16.205,41.153
2017-04-09,30.85,7.414,6.179,13.679,55.587
2017-04-10,1.483,7.321,7.598,14.5,61.45
2017-04-11,3.991,5.932,9.045,13.795,73.241
2017-04-12,2.506,5.118,8.054,12.018,85.892
2017-04-13,1.042,7.684,8.688,15.777,77.524
2017-04-14,26.749,5.109,9.527,13.196,69.221
2017-04-15,9.22,7.221,8.009,14.723,68.484
2017-04-16,25.784,7.689,8.571,15.732,75.004
2017-04-17,0.0,6.562,9.062,14.652,66.385
2017-04-18,6.386,7.112,9.062,15.348,59.817
2017-04-19,21.736,7.071,8.67,15.036,63.728
2017-04-20,18.74,4.843,9.0,12.536,59.459
2017-04-21,38.303,7.319,8.125,15.027,56.569
2017-04-22,0.0,9.507,5.857,16.491,70.426
2017-04-23,0.0,9.903,8.518,18.723,64.074
2017-04-24,8.726,6.545,9.259,14.821,74.105
2017-04-25,5.316,7.222,8.759,15.375,62.966
2017-04-26,14.697,5.795,8.902,13.652,66.585
2017-04-27,0.0,8.854,7.143,16.491,67.149
2017-04-28,3.734,6.088,7.741,13.17,68.7
2017-04-29,0.0,5.706,9.321,13.92,59.676
2017-04-30,5.35,5.448,8.982,13.312,61.321
2017-05-01,0.0,7.765,7.893,15.571,44.969
2017-05-02,2.198,7.357,8.58,15.527,41.212
2017-05-03,0.0,6.776,9.071,15.143,43.325
2017-05-04,0.918,7.477,9.116,16.08,51.075
2017-05-05,2.774,7.569,8.375,15.705,64.4
2017-05-06,29.27,6.263,8.714,14.223,68.153
2017-05-07,8.872,6.346,9.214,14.705,67.263
2017-05-08,28.949,5.958,9.062,14.116,73.146
2017-05-09,3.69,7.609,8.839,16.188,85.359
2017-05-10,30.118,8.301,6.902,15.812,118.903
2017-05-11,17.454,6.752,9.152,15.268,163.263
2017-05-12,12.536,7.517,8.893,16.134,111.75
2017-05-13,38.786,6.895,8.348,14.884,130.167
2017-05-15,0.297,7.186,8.018,15.098,158.75
2017-05-16,21.174,7.526,8.357,15.804,119.257
2017-05-17,0.0,7.667,9.107,16.545,68.743
2017-05-18,0.95,8.59,9.482,18.054,52.956
2017-05-19,3.205,8.179,7.652,16.286,41.778
2017-05-20,0.892,6.967,9.161,15.652,35.259
2017-05-21,0.0,7.203,8.92,15.804,31.515
2017-05-22,43.484,3.618,9.518,11.777,27.307
2017-05-23,0.0,8.07,6.277,15.277,24.039
2017-05-24,0.0,7.601,7.661,15.545,19.94
2017-05-25,0.0,7.508,9.125,16.446,18.544
2017-05-26,0.0,8.256,7.295,16.259,25.184
2017-05-27,0.0,7.698,8.134,16.036,22.119
2017-05-28,0.0,7.228,8.741,15.812,21.308
2017-05-29,0.0,6.98,6.625,13.991,18.712
2017-05-30,0.0,7.58,7.723,15.634,18.404
2017-05-31,0.0,7.253,7.866,15.259,15.512
2017-06-01,0.0,6.544,8.955,15.071,14.112
2017-06-02,0.0,7.527,9.036,16.491,18.569
2017-06-03,0.0,7.269,8.312,15.634,67.675
2017-06-04,3.658,5.648,8.973,13.902,52.418
2017-06-05,0.585,7.502,9.652,16.911,35.484
2017-06-06,0.0,8.237,6.946,16.125,27.591
2017-06-07,0.0,5.958,8.062,13.652,34.463
2017-06-08,11.834,7.221,7.83,15.277,39.703
2017-06-09,15.376,7.718,8.562,16.5,35.147
2017-06-10,8.774,7.246,9.411,16.429,37.756
2017-06-11,3.348,5.763,9.312,14.33,37.141
2017-06-12,27.899,5.688,8.429,13.589,44.05
2017-06-13,22.094,4.464,8.75,12.223,83.278
2017-06-14,0.0,6.357,7.732,14.045,61.295
2017-06-15,0.0,6.232,7.143,13.455,42.945
2017-06-16,0.0,7.769,8.652,16.67,33.508
2017-06-17,18.873,7.279,6.027,14.205,39.293
2017-06-18,0.0,7.722,7.661,15.946,37.264
2017-06-19,12.699,7.654,7.839,15.991,39.474
2017-06-20,13.717,6.307,8.75,14.732,40.977
2017-06-21,7.765,5.913,7.411,13.17,97.631
2017-06-22,0.0,6.01,8.143,13.857,66.925
2017-06-23,0.0,8.071,7.348,16.25,46.26
2017-06-24,0.237,6.7,6.634,13.759,40.002
2017-06-25,0.0,5.755,9.429,14.464,35.403
2017-06-26,2.345,6.513,8.205,14.589,35.403
2017-06-27,0.0,7.122,7.277,14.821,37.044
2017-06-28,0.85,7.327,7.509,15.259,40.112
2017-06-29,0.0,6.756,7.696,14.562,37.169
2017-06-30,0.0,5.811,9.0,14.196,35.709
2017-07-01,2.294,7.018,7.768,15.009,37.861
2017-07-02,5.251,6.442,8.152,14.455,35.354
2017-07-03,0.0,6.115,8.732,14.402,42.467
2017-07-04,0.0,5.909,9.393,14.616,49.033
2017-07-05,0.0,7.925,5.938,15.054,47.601
2017-07-06,0.0,6.283,7.768,13.902,58.407
2017-07-07,0.0,6.323,8.402,14.429,62.214
2017-07-08,0.0,6.191,7.589,13.67,59.746
2017-07-09,0.0,5.852,8.562,13.902,61.297
2017-07-10,0.0,4.597,9.232,12.75,62.285
2017-07-11,0.0,4.803,8.009,12.045,60.663
2017-07-12,1.302,5.414,7.839,12.741,67.995
2017-07-13,0.0,7.626,5.795,14.455,61.26
2017-07-14,0.0,7.995,6.384,15.357,72.249
2017-07-15,0.0,8.307,6.268,15.732,45.625
2017-07-16,0.0,8.691,6.152,16.232,32.969
2017-07-17,10.991,7.594,8.321,16.054,41.581
2017-07-18,7.797,6.913,8.348,15.125,40.39
2017-07-19,0.0,5.97,8.857,14.223,42.797
2017-07-20,0.0,7.24,6.357,14.188,50.535
2017-07-21,0.0,8.736,4.509,15.196,45.872
2017-07-22,0.0,7.083,6.045,13.741,43.031
2017-07-23,0.0,8.736,5.58,15.821,39.979
2017-07-24,0.0,6.647,8.179,14.562,42.444
2017-07-25,6.456,5.945,8.804,14.08,40.226
2017-07-26,0.0,6.868,7.804,14.58,53.99
2017-07-27,0.0,6.005,7.893,13.446,43.536
2017-07-28,0.0,6.516,8.33,14.446,37.858
2017-07-29,0.0,5.846,7.25,12.741,53.272
2017-07-30,0.324,5.71,6.205,11.768,65.246
2017-07-31,0.0,7.402,6.205,14.161,60.522
2017-08-01,0.0,8.333,5.402,14.973,45.614
2017-08-02,0.0,9.078,5.652,16.196,38.711
2017-08-03,0.0,8.94,6.348,16.429,35.155
2017-08-04,1.473,4.998,8.5,12.491,34.279
2017-08-07,0.0,7.128,7.848,14.804,39.412
2017-08-08,0.0,8.215,7.393,15.982,39.548
2017-08-09,1.755,5.884,8.205,13.357,33.631
2017-08-10,0.0,8.157,7.268,15.786,37.501
2017-08-11,0.0,7.845,7.946,15.795,36.066
2017-08-12,21.061,7.545,6.661,14.491,28.328
2017-08-13,0.0,8.67,8.17,17.045,22.002
2017-08-14,0.0,10.161,6.223,17.839,20.577
2017-08-15,1.867,7.827,7.08,15.116,19.59
2017-08-16,0.0,7.669,8.089,15.58,19.443
2017-08-17,0.0,7.572,8.688,15.893,22.967
2017-08-18,6.024,8.846,7.634,16.821,21.973
2017-08-19,22.783,6.27,7.67,13.366,24.718
2017-08-20,13.711,8.254,7.446,15.902,24.127
2017-08-21,0.8,7.187,8.634,15.277,25.09
2017-08-22,4.657,6.802,7.482,13.92,26.84
2017-08-23,0.0,8.672,5.473,15.134,25.221
2017-08-24,0.0,8.333,5.527,14.705,27.102
2017-08-25,0.0,6.297,8.625,14.045,28.852
2017-08-26,0.0,8.114,7.598,15.723,28.459
2017-08-27,0.0,8.238,8.705,16.634,25.877
2017-08-28,0.0,9.07,7.821,17.152,29.721
2017-08-29,0.0,6.826,7.259,13.723,32.773
2017-08-30,0.0,7.504,7.812,15.0,57.449
2017-08-31,0.0,6.739,7.705,13.902,41.874
2017-09-01,0.0,9.711,5.67,16.607,29.669
2017-09-02,0.0,7.317,6.393,13.759,24.959
2017-09-03,2.227,8.705,6.92,15.991,24.521
2017-09-04,0.0,9.311,6.938,16.804,22.573
2017-09-05,0.0,9.065,6.402,16.134,21.71
2017-09-06,0.0,8.596,7.107,15.955,19.078
2017-09-07,0.0,8.42,6.75,15.455,18.953
2017-09-08,0.0,7.399,7.045,14.25,24.528
2017-09-09,43.061,6.757,8.643,14.545,34.033
2017-09-10,4.403,8.346,8.473,16.491,41.745
2017-09-11,8.832,8.754,8.223,16.875,26.659
2017-09-12,0.0,8.825,6.741,15.964,18.778
2017-09-13,2.981,8.167,8.5,16.277,18.018
2017-09-14,0.0,8.057,8.518,16.125,17.798
2017-09-15,0.0,6.427,9.42,14.696,22.112
2017-09-16,0.0,7.369,8.804,15.429,22.88
2017-09-17,0.5,6.635,8.973,14.625,27.052
2017-09-18,1.864,7.312,7.446,14.393,31.427
2017-09-19,0.0,8.93,8.232,17.071,25.046
2017-09-20,0.0,8.258,8.366,16.259,19.297
2017-09-21,0.0,9.989,7.58,18.045,18.273
2017-09-22,0.0,8.836,8.286,16.973,22.198
2017-09-23,15.225,8.335,9.045,16.848,34.871
2017-09-24,10.087,8.616,7.866,16.429,40.061
2017-09-25,0.0,7.472,8.205,15.134,39.392
2017-09-26,0.0,8.68,6.58,15.661,43.978
2017-09-27,0.0,9.875,6.438,17.205,38.139
2017-09-28,1.089,6.304,9.259,14.429,50.264
2017-09-29,0.0,8.112,8.67,16.312,50.041
2017-09-30,0.0,4.894,9.018,12.545,44.851
2017-10-01,0.0,7.858,8.384,15.795,41.681
2017-10-02,5.903,8.124,7.0,15.205,41.975
2017-10-03,39.277,8.13,6.312,14.777,39.056
2017-10-04,19.603,5.473,8.393,12.795,36.169
2017-10-05,0.0,5.54,8.348,12.821,34.075
2017-10-06,0.0,6.933,8.116,14.429,31.223
2017-10-07,10.158,7.103,7.214,14.027,28.809
2017-10-08,0.0,10.675,5.295,17.723,26.096
2017-10-09,1.043,7.952,6.554,14.741,23.478
2017-10-10,10.532,8.181,7.08,15.429,22.12
2017-10-11,2.193,5.976,8.616,13.607,20.467
2017-10-12,0.0,9.45,6.312,16.67,19.736
2017-10-13,0.0,6.725,7.5,13.759,22.967
2017-10-14,0.0,8.021,7.277,15.366,22.266
2017-10-15,11.289,6.668,8.518,14.455,23.187
2017-10-16,0.0,7.904,8.214,15.875,21.498
2017-10-17,0.0,8.397,7.286,15.946,23.201
2017-10-18,5.227,7.861,7.321,15.259,23.69
2017-10-19,0.195,7.739,7.804,15.411,23.113
2017-10-20,0.0,7.667,7.946,15.429,19.882
2017-10-21,0.0,7.574,9.545,16.446,18.054
2017-10-22,11.34,5.206,9.714,13.607,17.506
2017-10-23,0.434,7.095,8.25,14.929,18.602
2017-10-24,18.384,4.933,8.179,12.045,19.041
2017-10-25,0.0,7.295,8.696,15.536,18.566
2017-10-26,4.849,6.346,7.321,13.277,24.228
2017-10-27,0.0,10.686,7.366,19.295,35.061
2017-10-28,52.499,5.691,7.321,12.402,38.466
2017-10-29,13.164,4.422,8.429,11.688,27.796
2017-10-30,13.099,8.35,6.741,15.759,34.61
2017-10-31,0.315,8.345,7.625,16.321,45.26
2017-11-01,0.0,8.537,5.295,15.107,38.362
2017-11-02,16.471,9.081,5.723,16.17,28.737
2017-11-03,12.45,7.816,7.0,15.223,33.28
2017-11-04,30.04,6.438,8.045,14.054,33.791
2017-11-05,0.0,8.009,6.25,15.027,40.576
2017-11-06,0.0,8.518,6.214,15.768,34.667
2017-11-07,2.993,6.694,8.312,14.616,29.407
2017-11-08,25.063,7.228,7.884,15.045,27.015
2017-11-09,5.705,6.78,8.321,14.768,27.803
2017-11-10,0.0,6.813,8.866,15.223,23.011
2017-11-11,17.291,6.855,8.598,15.089,24.461
2017-11-12,0.0,6.777,7.839,14.455,35.776
2017-11-13,0.0,7.329,8.098,15.42,46.77
2017-11-14,12.102,6.56,7.991,14.295,43.219
2017-11-15,39.701,6.406,7.777,13.964,40.538
2017-11-16,0.0,6.912,8.116,14.92,34.938
2017-11-17,0.0,7.545,8.455,16.062,42.02
2017-11-18,19.25,7.922,7.759,16.152,38.652
2017-11-19,0.74,6.087,8.375,13.982,34.432
2017-11-20,9.002,6.771,8.509,15.062,31.223
2017-11-21,32.527,8.09,7.571,16.277,28.481
2017-11-22,0.0,8.189,6.786,15.92,28.692
2017-11-23,0.0,7.337,7.062,14.875,29.947
2017-11-24,0.683,7.273,6.259,14.259,31.872
2017-11-25,6.734,6.808,7.08,14.134,31.522
2017-11-26,0.0,7.513,8.67,16.259,34.974
2017-11-27,0.0,7.488,7.723,15.598,39.497
2017-11-28,7.682,7.474,8.375,16.009,34.994
2017-11-29,0.0,7.273,7.571,15.196,30.363
2017-11-30,0.0,8.498,7.125,16.67,28.723
2017-12-01,16.22,6.234,9.902,15.429,40.146
2017-12-02,4.092,6.655,9.0,15.348,34.608
2017-12-03,0.836,8.72,6.464,16.625,35.607
2017-12-04,0.0,6.199,8.652,14.473,37.037
2017-12-05,0.0,8.254,7.205,16.429,34.637
2017-12-06,0.0,8.008,6.598,15.67,32.441
2017-12-07,0.0,8.589,6.411,16.411,28.736
2017-12-08,0.0,7.619,6.741,15.196,27.715
2017-12-09,0.0,8.481,5.0,15.402,27.146
2017-12-10,0.0,7.258,6.196,14.348,26.621
2017-12-11,1.966,5.704,8.83,13.982,27.015
2017-12-12,1.61,5.618,8.598,13.714,23.872
2017-12-13,0.0,8.995,4.554,15.973,22.039
2017-12-14,0.0,8.214,6.357,15.893,20.277
2017-12-15,0.0,8.113,6.741,15.973,29.64
2017-12-16,0.0,7.823,6.464,15.393,35.849
2017-12-17,0.0,9.202,7.089,17.821,41.553
2017-12-18,0.0,8.782,6.098,16.58,68.093
2017-12-19,0.0,8.786,6.214,16.652,57.659
2017-12-20,0.0,8.147,7.098,16.268,52.979
2017-12-21,0.0,7.327,7.205,15.125,42.62
2017-12-22,0.0,6.456,8.982,15.125,41.74
2017-12-23,0.0,7.027,7.696,15.027,43.09
2017-12-24,0.0,6.405,7.634,14.071,41.27
2017-12-25,0.0,8.267,7.241,16.518,35.382
2017-12-26,0.0,5.756,7.875,13.339,30.771
2017-12-27,0.0,6.859,7.545,14.661,28.167
2017-12-28,0.0,6.836,7.179,14.348,27.715
2017-12-29,74.326,5.944,7.616,13.366,25.571
2017-12-30,77.955,6.335,7.545,13.884,24.959
2017-12-31,4.497,5.869,7.723,13.348,23.865
2018-01-01,21.507,4.475,7.812,11.5,24.229
2018-01-02,0.0,7.133,7.804,15.223,20.577
2018-01-03,0.0,8.066,7.625,16.438,20.065
2018-01-04,0.593,7.714,7.589,15.902,18.091
2018-01-05,11.448,7.462,7.607,15.5,18.127
2018-01-06,26.748,6.532,6.08,13.107,19.699
2018-01-07,0.0,7.38,6.616,14.688,20.065
2018-01-08,19.873,7.937,5.643,14.893,19.992
2018-01-09,0.0,6.043,6.938,12.964,20.248
2018-01-10,33.604,7.384,7.589,15.366,23.412
2018-01-11,0.0,7.437,7.179,15.134,27.146
2018-01-12,0.0,6.585,7.241,13.938,30.975
2018-01-13,0.0,7.094,7.125,14.589,34.389
2018-01-14,0.0,6.244,7.759,13.786,26.84
2018-01-15,4.836,7.083,6.071,13.795,29.881
2018-01-16,6.929,7.123,7.268,14.679,27.737
2018-01-17,0.0,6.442,7.839,14.098,27.263
2018-01-18,0.0,5.528,7.438,12.5,35.22
2018-01-19,0.0,6.671,7.589,14.196,33.638
2018-01-20,0.0,6.717,7.804,14.402,24.018
2018-01-21,0.0,6.313,7.741,13.777,24.259
2018-01-22,0.0,6.353,7.661,13.777,24.696
2018-01-23,14.17,7.837,6.652,15.161,25.353
2018-01-24,0.0,8.057,4.625,14.17,23.259
2018-01-25,0.078,7.304,5.83,13.812,27.46
2018-01-26,16.402,7.252,6.089,13.893,26.796
2018-01-27,0.0,6.836,6.696,13.688,25.134
2018-01-28,3.517,7.076,8.375,15.196,23.274
2018-01-29,0.0,7.388,9.161,16.143,21.016
2018-01-30,0.629,6.064,8.911,14.179,19.407
2018-01-31,0.0,8.391,7.768,16.545,16.537
2018-02-01,0.0,7.82,7.759,15.714,15.893
2018-02-02,21.817,9.333,8.161,18.054,16.078
2018-02-03,9.921,5.487,8.688,13.241,18.28
2018-02-04,1.727,7.425,8.277,15.509,19.297
2018-02-05,7.89,8.155,9.179,17.08,21.272
2018-02-06,10.716,6.995,8.938,15.348,20.869
2018-02-07,2.611,7.875,7.75,15.679,23.318
2018-02-08,0.0,8.33,8.491,16.786,24.222
2018-02-09,0.232,7.977,6.973,15.259,22.083
2018-02-10,0.0,6.752,8.384,14.545,20.833
2018-02-11,0.0,7.852,7.018,15.08,23.237
2018-02-12,0.0,7.511,7.411,14.875,24.193
2018-02-13,0.0,8.402,6.652,15.562,22.141
2018-02-14,0.685,6.961,7.982,14.491,22.039
2018-02-15,2.912,6.677,8.402,14.411,20.358
2018-02-16,2.131,8.148,9.062,16.821,19.882
2018-02-17,0.0,6.601,9.295,14.938,21.564
2018-02-18,32.459,6.639,8.598,14.482,19.443
2018-02-19,6.523,7.302,7.607,14.634,19.736
2018-02-20,13.616,7.028,7.634,14.277,20.65
2018-02-21,0.0,6.792,7.58,13.884,21.418
2018-02-22,1.884,5.066,7.804,11.821,19.882
2018-02-23,0.474,6.358,7.67,13.366,20.504
2018-02-24,0.0,7.034,6.768,13.625,19.955
2018-02-25,0.0,7.392,6.652,14.027,20.679
2018-02-26,0.0,7.957,6.589,14.732,25.921
2018-02-27,0.0,10.064,5.223,16.75,27.693
2018-02-28,0.0,9.332,5.277,15.768,21.242
2018-03-01,0.0,9.278,4.866,15.411,19.224
2018-03-02,0.0,4.436,8.446,11.527,18.2
2018-03-03,26.485,6.623,8.652,14.393,19.261
2018-03-04,0.0,5.904,9.286,13.946,19.157
2018-03-05,3.28,7.684,6.339,14.125,26.402
2018-03-06,0.0,8.067,7.491,15.402,26.578
2018-03-07,0.0,6.752,7.857,13.902,22.587
2018-03-08,0.0,7.443,6.929,14.161,20.76
2018-03-09,0.413,7.672,7.83,15.089,20.833
2018-03-10,0.0,9.061,5.312,15.304,20.65
2018-03-11,0.0,9.979,5.982,16.964,20.102
2018-03-12,0.0,9.531,6.188,16.455,19.114
2018-03-13,0.0,7.999,7.304,15.116,18.785
2018-03-14,0.0,9.655,6.107,16.571,21.535
2018-03-15,0.0,7.706,6.991,14.527,24.667
2018-03-16,14.703,7.738,6.527,14.223,26.424
2018-03-17,0.0,8.131,6.795,14.938,21.827
2018-03-18,0.0,9.871,6.92,17.375,20.906
2018-03-19,7.025,8.342,6.241,14.866,19.626
2018-03-20,0.181,8.593,8.009,16.393,20.767
2018-03-21,0.0,7.864,8.125,15.5,23.004
2018-03-22,3.226,7.958,8.214,15.661,20.723
2018-03-23,12.995,7.859,7.429,15.009,20.358
2018-03-24,21.202,6.8,6.241,12.768,20.621
2018-03-25,0.0,9.001,7.018,16.268,23.077
2018-03-26,0.0,7.469,9.277,15.821,21.381
2018-03-27,0.679,7.989,8.955,16.268,19.464
2018-03-28,14.912,6.626,8.688,14.348,33.433
2018-03-29,17.562,5.15,8.938,12.714,32.373
2018-06-01,45.822,4.628,9.125,12.688,56.01
2018-06-02,0.0,6.855,7.768,14.661,54.812
2018-06-03,0.997,7.639,7.58,15.661,57.984
2018-06-04,0.0,5.547,9.179,13.946,69.976
2018-06-05,0.0,6.797,7.973,14.759,59.828
2018-06-06,5.621,6.255,8.616,14.464,58.971
2018-06-07,0.0,7.135,7.455,14.902,62.518
2018-06-08,0.0,6.769,8.0,14.768,77.707
2018-06-09,0.0,6.52,9.098,15.214,79.703
2018-06-10,0.716,7.323,9.527,16.643,72.541
2018-06-11,5.658,7.031,8.455,15.473,70.279
2018-06-12,13.152,7.099,8.312,15.473,89.691
2018-06-13,1.014,7.944,7.062,15.839,82.941
2018-06-14,0.884,6.219,8.357,14.286,91.795
2018-06-15,0.0,6.312,7.759,13.991,82.5
2018-06-16,0.0,6.795,7.973,14.821,70.117
2018-06-17,0.0,6.081,7.991,13.848,56.997
2018-06-18,0.0,6.296,7.839,14.018,45.731
2018-06-19,0.0,5.837,7.518,13.143,43.735
2018-06-20,0.0,7.227,6.571,14.5,40.374
2018-06-21,0.0,6.241,6.696,13.134,48.149
2018-06-22,0.0,6.947,6.42,13.964,62.214
2018-06-23,0.0,6.664,8.723,15.188,51.992
2018-06-24,0.0,6.99,7.786,14.982,51.85
2018-06-25,0.0,6.48,7.741,14.214,61.157
2018-06-26,0.0,6.827,6.839,14.089,55.446
2018-06-27,0.0,7.428,7.411,15.33,55.323
2018-06-28,11.264,7.063,6.955,14.5,111.749
2018-06-29,0.0,6.633,7.973,14.589,65.518
2018-06-30,5.606,6.576,6.857,13.723,67.307
2018-07-01,0.821,7.823,6.455,15.277,57.914
2018-07-02,0.0,6.708,8.036,14.723,50.84
2018-07-03,7.405,6.208,7.25,13.455,49.638
2018-07-04,2.26,7.126,7.536,14.991,66.196
2018-07-05,4.649,6.775,8.5,15.143,46.507
2018-07-06,0.0,6.647,6.911,13.83,39.27
2018-07-07,0.0,6.17,8.679,14.438,34.82
2018-07-08,0.0,7.183,8.482,15.679,44.17
2018-07-09,8.345,5.097,8.589,12.911,65.422
2018-07-10,6.272,6.64,7.946,14.545,59.676
2018-07-11,0.17,7.32,7.027,14.866,51.992
2018-07-12,0.0,7.661,7.482,15.652,49.15
2018-07-13,0.889,6.379,7.955,14.152,61.133
2018-07-14,0.0,8.034,8.161,16.607,60.403
2018-07-15,0.0,5.693,8.018,13.205,84.905
2018-07-16,0.0,7.03,6.536,14.036,73.737
2018-07-17,0.0,6.992,8.777,15.545,64.535
2018-07-18,1.668,7.324,8.036,15.464,68.804
2018-07-19,0.0,6.977,8.598,15.375,54.412
2018-07-20,0.0,7.277,8.554,15.732,42.444
2018-07-21,0.0,7.284,8.795,15.911,45.262
2018-07-22,2.474,6.094,9.384,14.732,52.861
2018-07-23,0.0,8.301,7.58,16.482,46.975
2018-07-24,0.0,5.051,8.25,12.473,46.917
2018-07-25,0.0,6.638,8.152,14.518,64.482
2018-07-26,5.517,5.992,8.83,14.125,61.015
2018-07-27,6.53,5.73,8.125,13.241,71.977
2018-07-28,0.0,7.263,7.527,14.92,68.413
2018-07-29,0.0,7.436,7.857,15.366,71.68
2018-07-30,4.391,6.734,7.241,13.946,78.124
2018-07-31,13.686,7.057,7.232,14.393,81.677
2018-08-01,0.451,7.218,7.179,14.562,81.58
2018-08-02,1.626,6.721,7.875,14.33,73.395
2018-08-03,0.0,8.324,6.491,15.616,44.242
2018-08-04,0.843,7.881,7.17,15.438,50.605
2018-08-05,0.0,6.33,7.982,13.857,68.495
2018-08-06,0.0,7.14,7.277,14.438,57.854
2018-08-07,7.096,7.922,5.634,14.446,53.379
2018-08-08,0.129,7.602,7.268,15.045,39.34
2018-08-09,1.363,5.183,8.589,12.75,29.087
2018-08-10,0.0,7.789,7.286,15.304,28.94
2018-08-11,0.0,9.422,4.071,15.58,26.052
2018-08-12,0.0,6.526,6.321,12.839,26.49
2018-08-13,0.0,7.707,7.214,15.08,23.442
2018-08-14,4.261,6.306,7.536,13.375,21.973
2018-08-15,0.165,6.493,7.455,13.562,25.899
2018-08-16,0.014,9.238,5.473,16.071,26.271
2018-08-17,11.849,7.778,6.045,14.348,23.515
2018-08-18,3.203,7.066,6.795,13.83,23.223
2018-08-19,0.366,7.026,6.884,13.83,21.601
2018-08-20,1.292,8.031,7.143,15.393,21.9
2018-08-21,0.0,7.534,7.312,14.812,23.872
2018-08-22,0.0,7.556,7.455,14.92,23.311
2018-08-23,0.0,9.002,7.232,16.732,22.156
2018-08-24,0.0,7.564,8.366,15.545,21.089
2018-08-25,0.0,7.812,6.277,14.446,21.652
2018-08-26,0.0,7.375,8.0,15.009,23.164
2018-08-27,0.143,5.811,7.848,12.839,24.41
2018-08-28,0.0,7.974,6.973,15.098,40.491
2018-08-29,0.0,6.974,7.554,14.134,37.315
2018-08-30,0.0,7.92,6.438,14.643,34.637
2018-08-31,0.0,8.245,7.054,15.482,32.849
2018-09-01,0.0,7.899,8.33,15.866,34.279
2018-09-02,0.091,8.533,7.482,16.152,33.411
2018-09-03,2.315,7.968,7.589,15.438,34.177
2018-09-04,0.0,6.396,8.92,14.33,34.323
2018-09-05,0.0,6.462,8.223,13.902,20.443
2018-09-06,0.0,7.578,6.446,14.107,20.357
2018-09-07,0.095,8.463,6.33,15.25,20.723
2018-09-08,0.0,6.743,7.875,13.982,18.237
2018-09-09,0.0,8.158,6.304,14.795,19.626
2018-09-10,0.0,8.463,7.321,15.875,17.835
2018-09-11,0.0,7.241,8.045,14.741,17.213
2018-09-12,0.0,9.718,6.929,17.295,18.529
2018-09-13,3.759,8.305,7.214,15.545,23.663
2018-09-14,40.686,7.121,7.821,14.438,74.019
2018-09-15,23.656,6.368,7.054,12.884,71.549
2018-09-16,10.537,5.881,7.911,12.902,79.052
2018-09-17,0.0,10.022,5.357,16.75,66.086
2018-09-18,3.356,7.651,7.616,14.973,47.422
2018-09-19,0.0,7.338,7.071,14.17,40.584
2018-09-20,0.0,9.314,6.143,16.25,29.859
2018-09-21,0.643,8.444,6.205,15.107,26.709
2018-09-22,0.0,8.334,6.929,15.429,22.573
2018-09-23,0.0,7.789,6.866,14.634,21.82
2018-09-24,0.0,8.416,7.384,15.848,23.781
2018-09-25,0.0,6.625,6.777,13.009,17.462
2018-09-26,0.0,8.338,7.214,15.625,18.242
2018-09-27,6.008,7.714,8.054,15.357,15.283
2018-09-28,4.437,8.94,7.027,16.312,16.464
2018-09-29,0.0,9.003,8.955,17.679,18.573
2018-09-30,0.0,8.059,8.848,16.366,19.443
2018-10-01,10.26,7.414,8.071,14.982,19.261
2018-10-02,20.118,10.282,8.527,19.125,20.467
2018-10-03,1.521,8.244,8.179,16.205,23.507
2018-10-04,7.076,6.332,8.036,13.58,21.715
2018-10-05,8.53,5.94,8.009,13.08,35.702
2018-10-06,12.959,6.192,8.42,13.741,27.894
2018-10-07,0.0,8.476,7.045,15.821,50.457
2018-10-08,5.527,6.646,7.161,13.384,42.344
2018-10-09,19.954,8.608,7.732,16.464,36.325
2018-10-10,8.45,6.77,9.0,14.929,53.966
2018-10-11,61.487,5.541,7.777,12.464,37.446
2018-10-12,0.0,7.387,7.589,14.741,34.688
2018-10-13,20.971,8.579,6.134,15.42,35.826
2018-10-14,0.701,9.023,5.982,15.938,38.726
2018-10-15,14.324,6.797,7.812,14.116,40.39
2018-10-16,6.763,8.708,9.348,17.75,45.837
2018-10-17,1.504,7.48,8.027,15.205,53.237
2018-10-18,1.241,7.855,6.741,14.857,44.114
2018-10-19,14.885,8.331,8.0,16.366,24.712
2018-10-20,18.619,7.54,7.973,15.304,21.871
2018-10-21,7.566,7.515,7.223,14.759,20.358
2018-10-22,0.0,8.628,7.205,16.304,18.529
2018-10-23,0.436,8.416,7.0,15.884,19.553
2018-10-24,0.0,8.255,7.67,16.116,19.297
2018-10-25,3.523,6.673,8.295,14.429,21.233
2018-10-26,0.0,7.737,8.929,16.304,36.596
2018-10-27,39.047,6.214,8.589,14.036,33.084
2018-10-28,6.335,8.554,6.804,16.009,40.219
2018-10-29,0.0,6.847,8.286,14.688,29.817
2018-10-30,0.0,6.96,7.286,14.152,23.097
2018-10-31,0.0,7.851,7.741,15.705,19.626
2018-11-01,0.392,6.715,9.688,15.571,19.992
2018-11-02,0.778,8.171,6.884,15.616,18.895
2018-11-03,4.211,8.569,7.598,16.661,21.593
2018-11-04,8.73,6.437,7.0,13.286,29.272
2018-11-05,38.122,5.69,8.696,13.562,63.161
2018-11-06,0.0,6.899,7.795,14.527,44.382
2018-11-07,2.218,7.833,8.384,16.259,39.298
2018-11-08,0.0,7.418,8.795,15.973,34.55
2018-11-09,35.619,6.098,8.625,14.089,30.508
2018-11-10,0.0,7.538,8.455,15.973,28.291
2018-11-11,0.827,6.648,8.384,14.661,26.053
2018-11-12,1.489,5.805,9.643,14.491,25.309
2018-11-13,0.0,7.243,8.098,15.295,23.828
2018-11-14,0.0,8.756,6.295,16.277,24.222
2018-11-15,8.315,9.448,6.429,17.375,26.869
2018-11-16,3.962,7.448,7.339,15.107,33.959
2018-11-17,0.566,8.384,9.098,17.67,39.806
2018-11-18,1.179,8.835,8.652,18.0,34.135
2018-11-19,54.438,8.013,8.17,16.536,28.226
2018-11-20,2.817,7.838,8.045,16.205,25.49
2018-11-21,11.195,5.372,7.946,12.705,26.103
2018-11-22,1.266,7.819,7.839,16.098,26.104
2018-11-23,0.0,7.524,8.446,16.08,30.939
2018-11-24,0.234,7.944,6.67,15.518,48.104
2018-11-25,14.535,7.12,8.348,15.455,41.829
2018-11-26,10.112,5.053,9.786,13.768,34.243
2018-11-27,20.561,6.011,8.509,14.098,31.828
2018-11-28,21.599,6.02,9.116,14.545,31.887
2018-11-29,0.0,7.879,8.089,16.42,28.16
2018-11-30,19.61,7.188,7.321,14.92,25.221
2018-12-01,42.611,7.614,7.223,15.473,32.471
2018-12-02,8.461,8.382,7.616,16.875,38.473
2018-12-03,0.0,8.765,7.893,17.589,34.345
2018-12-04,0.0,8.131,6.125,15.536,29.268
2018-12-05,1.076,5.721,8.759,13.92,24.609
2018-12-06,1.176,6.529,7.312,14.0,23.493
2018-12-07,0.0,6.907,8.25,15.214,21.249
2018-12-08,0.0,5.701,8.768,13.893,22.588
2018-12-09,0.0,6.896,8.107,15.098,24.302
2018-12-10,0.0,6.908,7.491,14.688,22.388
2018-12-11,0.0,6.24,7.295,13.589,22.221
2018-12-12,0.0,5.94,9.0,14.42,31.15
2018-12-13,1.098,6.166,8.045,14.036,33.922
2018-12-14,0.88,5.525,7.875,13.018,30.822
2018-12-15,0.0,8.555,5.759,16.018,21.161
2018-12-16,0.0,8.244,5.643,15.482,19.699
2018-12-17,0.235,7.827,6.205,15.205,18.383
2018-12-18,1.874,7.666,6.911,15.42,21.71
2018-12-19,0.0,6.529,7.955,14.491,20.504
2018-12-20,0.0,7.636,7.089,15.491,21.14
2018-12-21,13.132,7.781,6.179,15.134,24.681
2018-12-22,0.0,7.29,6.58,14.661,21.264
2018-12-23,0.0,7.215,4.411,13.116,15.868
2018-12-24,2.887,7.468,8.446,16.179,13.192
2018-12-25,0.033,7.551,7.089,15.366,13.815
2018-12-26,0.0,8.315,5.464,15.446,20.631
2018-12-27,2.477,7.072,6.893,14.518,29.297
2018-12-28,0.0,7.75,6.902,15.518,26.672
2018-12-29,0.0,8.283,5.268,15.268,25.542
2018-12-30,0.769,7.696,6.116,14.902,21.71
2018-12-31,0.0,7.948,5.866,15.116,18.712
2019-01-01,0.0,7.916,5.848,15.054,18.111
2019-01-02,0.0,8.342,5.152,15.25,15.617
2019-01-03,0.0,8.418,5.241,15.411,14.112
2019-01-04,0.0,8.298,7.062,16.375,17.268
2019-01-05,0.0,9.379,6.732,17.732,18.712
2019-01-06,5.651,8.276,7.455,16.58,20.357
2019-01-07,13.34,7.475,7.107,15.17,22.821
2019-01-08,24.677,8.032,7.705,16.366,23.777
2019-01-09,0.0,6.838,7.196,14.312,23.74
2019-01-10,0.0,7.13,7.268,14.75,19.919
2019-01-11,0.0,7.83,7.482,15.929,19.443
2019-01-12,0.0,7.362,6.652,14.679,16.332
2019-01-13,0.0,5.713,8.241,13.429,15.863
2019-01-14,3.597,5.001,8.634,12.759,17.49
2019-01-15,0.0,6.976,8.491,15.348,20.175
2019-01-16,2.053,5.419,9.527,13.991,23.077
2019-01-17,0.435,6.449,7.188,13.634,22.243
2019-01-18,0.0,6.222,7.688,13.661,31.23
2019-01-19,0.0,7.098,8.098,15.17,29.101
2019-01-20,0.0,6.587,8.08,14.438,26.322
2019-01-21,0.0,5.954,9.107,14.304,22.105
2019-01-22,0.0,7.073,7.643,14.777,17.766
2019-01-23,0.0,6.896,7.33,14.286,13.518
2019-01-24,0.0,8.394,6.607,15.92,12.576
2019-01-25,0.0,7.274,8.125,15.321,12.89
2019-01-26,0.0,8.57,7.554,16.759,13.717
2019-01-27,0.0,8.167,8.089,16.5,18.753
2019-01-28,25.007,5.63,9.473,14.098,19.955
2019-01-29,28.32,6.368,7.964,13.929,22.259
2019-01-30,0.0,7.457,8.821,16.009,19.439
2019-01-31,0.0,7.717,7.866,15.661,13.875
2019-02-01,10.709,5.119,9.67,13.589,21.107
2019-02-02,0.0,7.939,8.848,16.643,24.353
2019-02-03,0.0,6.16,9.232,14.509,30.917
2019-02-04,0.264,7.513,7.848,15.312,33.178
2019-02-05,0.86,6.744,10.036,15.866,24.178
2019-02-06,43.005,6.962,9.339,15.625,20.737
2019-02-07,0.956,6.276,8.946,14.384,22.405
2019-02-08,1.372,6.7,8.509,14.634,19.75
2019-02-09,0.0,7.548,8.482,15.741,18.461
2019-02-10,0.0,6.99,7.911,14.536,13.537
2019-02-11,0.0,9.168,9.232,18.384,15.21
2019-02-12,0.0,6.858,9.08,15.179,15.082
2019-02-13,0.0,8.632,7.33,16.33,17.789
2019-02-14,0.489,7.052,8.321,14.848,17.474
2019-02-15,0.0,8.5,6.848,15.804,14.749
2019-02-16,2.117,8.535,7.536,16.295,14.082
2019-02-17,19.503,6.353,9.643,14.875,14.082
2019-02-18,0.173,6.592,8.696,14.491,14.527
2019-02-19,23.013,6.616,9.821,15.357,14.468
2019-02-20,0.24,8.541,9.009,17.25,14.082
2019-02-21,5.748,7.862,9.911,16.973,14.557
2019-02-22,0.0,7.879,8.902,16.241,15.359
2019-02-23,0.661,6.383,9.768,14.946,15.681
2019-02-24,0.262,6.353,8.018,13.589,20.92
2019-02-25,0.0,8.632,8.759,17.107,17.641
2019-02-26,0.095,6.082,8.277,13.438,22.11
2019-02-27,0.309,6.641,8.652,14.411,21.052
2019-02-28,0.0,7.146,9.188,15.446,20.833
2019-03-01,0.0,7.715,8.714,15.83,21.198
2019-03-02,2.034,7.305,6.527,13.777,22.617
2019-03-03,0.0,6.41,7.286,13.116,25.804
2019-03-04,15.653,8.72,7.366,16.205,28.678
2019-03-05,7.696,6.914,8.83,14.839,19.762
2019-03-06,7.247,8.073,8.946,16.411,16.784
2019-03-07,5.106,6.483,8.795,14.241,15.448
2019-03-08,3.913,5.868,9.509,14.036,16.167
2019-03-09,0.0,7.146,9.527,15.643,18.733
2019-03-10,0.114,6.647,9.08,14.679,20.978
2019-03-11,0.149,6.727,9.464,15.071,28.152
2019-03-12,14.652,6.539,8.768,14.268,21.555
2019-03-13,0.0,9.655,8.438,18.08,20.036
2019-03-14,10.734,6.644,7.991,13.83,24.302
2019-03-15,18.756,6.841,8.589,14.554,22.47
2019-03-16,0.0,7.057,8.554,14.759,20.796
2019-03-17,1.023,5.803,9.545,13.946,22.156
2019-03-18,0.0,7.569,9.009,15.732,24.66
2019-03-19,2.901,4.903,9.393,12.777,25.921
2019-03-20,12.023,5.112,8.607,12.393,24.521
2019-03-21,0.0,7.041,8.625,14.812,27.329
2019-03-22,31.686,6.614,8.955,14.536,31.34
2019-03-23,14.437,7.316,8.411,15.018,23.01
2019-03-24,0.433,5.873,9.071,13.67,20.906
2019-03-25,5.243,10.332,6.554,17.741,20.028
2019-03-26,2.448,8.048,8.768,16.196,24.207
2019-03-27,0.0,9.818,8.938,18.607,26.359
2019-03-28,16.135,7.996,9.821,16.857,30.69
2019-03-29,12.463,5.29,8.938,12.884,33.623
2019-03-30,28.49,7.424,9.402,15.875,28.503
2019-03-31,0.0,6.266,10.598,15.33,25.63
2019-04-01,1.362,6.526,9.652,14.929,30.559
2019-04-02,38.312,6.504,8.384,13.964,32.492
2019-04-03,0.0,7.107,7.402,14.009,31.529
2019-04-04,2.35,6.866,8.812,14.75,32.063
2019-04-05,21.746,6.307,9.705,14.732,43.959
2019-04-06,24.942,7.239,8.911,15.304,59.559
2019-04-07,0.0,7.197,8.259,14.786,41.752
2019-04-08,0.0,7.606,7.312,14.688,46.614
2019-04-09,0.0,7.935,7.473,15.205,40.625
2019-04-10,5.969,9.404,8.116,17.643,44.733
2019-04-11,3.503,7.585,8.938,15.821,40.978
2019-04-12,7.498,7.122,8.821,15.134,61.698
2019-04-13,4.755,6.552,9.179,14.661,50.735
2019-04-14,9.638,7.486,7.938,14.982,42.503
2019-04-15,24.387,5.472,8.759,13.045,49.677
2019-04-16,1.72,7.024,8.589,14.893,51.487
2019-04-17,6.937,6.989,9.304,15.348,41.036
2019-04-18,5.056,7.718,8.768,15.955,40.625
2019-04-19,5.314,6.074,8.857,13.884,38.492
2019-04-20,0.0,7.829,8.723,16.098,56.629
2019-04-21,6.53,7.05,8.634,15.018,54.177
2019-04-22,8.888,6.173,8.759,13.982,52.485
2019-04-23,6.26,7.281,8.402,15.161,42.374
2019-04-24,16.45,6.034,8.232,13.446,44.087
2019-04-25,8.061,7.295,8.616,15.357,38.002
2019-04-26,0.456,7.052,9.732,15.866,35.607
2019-04-27,7.35,6.091,9.875,14.768,39.188
2019-04-28,0.505,7.468,9.339,16.152,39.364
2019-04-29,13.577,6.644,9.339,15.098,32.821
2019-04-30,0.703,7.779,8.393,15.911,30.654
2019-05-01,0.329,8.498,8.018,16.643,33.973
2019-05-02,0.051,7.779,7.384,15.241,33.442
2019-05-03,0.051,6.006,8.518,13.705,42.344
2019-05-04,0.0,7.116,9.143,15.625,50.135
2019-05-05,0.81,7.648,8.304,15.759,56.057
2019-05-06,0.262,6.336,9.589,14.964,44.472
2019-05-07,1.13,6.546,9.812,15.411,38.331
2019-05-08,1.075,6.532,8.295,14.312,46.555
2019-05-09,14.844,5.116,9.045,13.027,55.657
2019-05-10,3.25,6.296,9.286,14.732,59.394
2019-05-11,0.0,7.186,9.527,16.107,59.335
2019-05-12,4.141,7.731,8.893,16.402,71.95
2019-05-13,3.474,6.183,8.116,13.759,69.649
2019-05-14,14.591,6.063,9.098,14.366,100.068
2019-05-15,0.0,5.989,8.438,13.786,66.685
2019-05-16,0.382,5.793,9.045,13.964,69.069
2019-05-17,0.0,6.074,9.25,14.509,59.617
2019-05-18,0.0,6.067,8.438,13.902,49.481
2019-05-19,32.302,5.385,8.848,13.357,88.278
2019-05-20,17.286,6.783,8.161,14.696,80.007
2019-05-21,0.0,7.773,7.982,15.964,71.988
2019-05-22,0.0,6.779,8.616,15.027,72.7
2019-05-23,28.413,5.673,9.5,14.25,77.055
2019-05-24,0.0,7.237,8.259,15.455,71.212
2019-05-25,6.773,5.972,8.554,13.92,66.466
2019-05-26,25.859,6.408,8.875,14.759,96.293
2019-05-27,8.246,7.738,8.116,16.08,64.291
2019-05-28,3.761,6.339,8.964,14.759,45.497
2019-05-29,9.616,7.008,8.062,15.054,47.893
2019-05-30,2.066,6.557,9.107,15.188,59.405
2019-05-31,24.391,6.231,8.643,14.384,136.58
2019-06-01,11.024,6.036,8.312,13.92,49.298
2019-06-02,1.994,8.471,7.464,16.777,44.263
2019-06-03,0.967,5.752,9.018,14.071,46.8
2019-06-04,0.0,6.62,8.545,14.911,65.927
2019-06-05,0.0,5.85,8.875,14.098,61.556
2019-06-06,5.174,5.095,8.92,13.143,46.354
2019-06-07,8.381,5.779,8.589,13.804,50.112
2019-06-08,0.0,6.803,7.018,14.134,58.76
2019-06-09,0.0,6.655,7.777,14.446,51.216
2019-06-10,3.433,6.408,8.054,14.312,70.249
2019-06-11,2.541,7.009,8.607,15.554,100.891
2019-06-12,2.34,6.545,8.955,15.17,72.088
2019-06-13,2.365,6.449,9.312,15.286,56.362
2019-06-14,2.287,6.868,10.071,16.42,66.092
2019-06-15,0.32,6.835,8.518,15.232,52.203
2019-06-16,0.0,6.112,8.679,14.384,62.284
2019-06-17,0.0,5.646,8.223,13.42,63.765
2019-06-18,0.0,5.361,8.991,13.616,57.008
2019-06-19,19.45,5.402,8.83,13.527,72.02
2019-06-20,0.0,6.011,8.429,14.089,66.829
2019-06-21,15.759,6.001,8.955,14.446,74.917
2019-06-22,0.165,4.844,8.661,12.67,88.913
2019-06-23,0.0,4.437,9.071,12.491,77.429
2019-06-24,3.229,7.408,7.509,15.393,59.817
2019-06-25,0.0,6.909,8.089,15.062,51.78
2019-06-26,0.0,7.259,6.589,14.554,67.019
2019-06-27,0.0,7.763,7.634,15.964,78.878
2019-06-28,0.0,6.263,8.393,14.384,69.761
2019-06-29,0.0,6.612,7.607,14.295,56.503
2019-06-30,0.196,7.641,7.812,15.929,60.934
2019-07-01,0.205,6.568,7.696,14.304,42.469
2019-07-02,0.0,7.046,7.804,15.062,46.004
2019-07-03,0.0,9.764,6.536,18.152,55.799
2019-07-04,19.716,8.506,7.089,16.67,53.743
2019-07-05,2.667,7.618,8.812,16.545,43.466
2019-07-06,0.0,8.273,6.589,16.0,41.27
2019-07-07,0.0,7.151,6.982,14.607,41.728
2019-07-08,2.01,6.68,7.705,14.429,48.447
2019-07-09,0.0,7.273,5.679,13.893,32.875
2019-07-10,0.0,6.696,7.393,14.214,29.057
2019-07-12,0.0,7.799,7.536,15.866,26.257
2019-07-13,0.0,7.347,7.446,15.161,30.392
2019-07-14,1.589,7.42,8.062,15.67,74.743
2019-07-15,0.0,7.097,7.634,14.884,68.945
2019-07-16,0.242,6.39,6.821,13.339,55.543
2019-07-17,1.721,7.986,6.83,15.634,37.055
2019-07-18,0.0,7.6,6.554,14.857,26.271
2019-07-19,0.0,7.82,7.366,15.732,19.143
2019-07-20,0.0,7.361,7.795,15.348,17.338
2019-07-21,0.0,8.016,8.562,16.768,26.095
2019-07-22,0.0,6.977,8.33,15.161,31.522
2019-07-23,3.112,6.163,7.991,13.759,23.185
2019-07-24,0.0,7.948,7.804,16.098,23.054
2019-07-25,6.219,6.609,8.295,14.58,20.482
2019-07-26,0.532,6.524,7.098,13.625,23.259
2019-07-27,3.3,7.319,7.839,15.223,41.043
2019-07-28,0.989,6.483,7.384,13.741,32.822
2019-07-29,0.0,7.089,8.0,14.973,27.278
2019-07-30,0.0,7.459,6.634,14.554,24.966
2019-07-31,0.0,7.843,6.036,14.679,31.325
2019-08-01,0.0,8.31,6.357,15.554,19.785
2019-08-02,0.0,6.961,7.705,14.554,17.739
2019-08-03,0.0,6.785,7.357,14.045,16.699
2019-08-04,6.083,6.627,8.384,14.554,19.487
2019-08-05,0.0,6.554,7.482,13.795,20.504
2019-08-06,0.0,8.293,5.179,14.696,19.794
2019-08-07,0.0,8.631,5.938,15.634,23.653
2019-08-08,0.0,8.031,8.018,16.152,20.979
2019-08-09,5.087,7.797,7.5,15.455,20.138
2019-08-10,0.0,7.577,6.393,14.393,18.493
2019-08-11,0.0,6.948,7.688,14.411,21.417
2019-08-12,0.0,8.214,6.768,15.509,25.49
2019-08-13,0.0,6.808,8.545,14.804,21.548
2019-08-14,0.836,6.3,7.759,13.545,23.484
2019-08-15,0.0,7.204,6.527,13.893,19.846
2019-08-16,0.0,7.444,6.616,14.277,19.553
2019-08-17,0.0,8.814,6.027,15.795,23.543
2019-08-18,0.0,8.194,7.75,16.036,21.46
2019-08-19,0.0,7.703,5.857,14.08,30.617
2019-08-20,0.0,8.362,6.429,15.384,26.796
2019-08-21,0.0,8.584,6.92,15.982,23.134
2019-08-22,0.0,9.018,5.161,15.455,27.467
2019-08-23,0.0,8.925,5.911,15.812,28.036
2019-08-24,0.0,7.803,6.562,14.652,31.099
2019-08-27,0.0,7.657,6.009,14.027,27.481
2019-08-28,6.773,6.882,7.402,13.929,20.401
2019-08-29,0.0,8.139,6.321,14.875,19.597
2019-08-30,0.0,9.407,6.018,16.411,16.517
2019-08-31,0.0,7.635,7.812,15.188,17.373
2019-09-01,0.0,6.993,8.107,14.518,17.373
2019-09-02,0.105,8.47,7.661,16.17,16.174
2019-09-03,0.0,8.987,7.348,16.661,18.301
2019-09-04,4.162,7.938,7.375,15.25,16.508
2019-09-05,0.0,8.011,7.955,15.732,15.774
2019-09-06,2.382,7.097,7.607,14.268,16.368
2019-09-07,0.0,8.541,6.982,15.768,15.745
2019-09-08,0.0,8.795,7.732,16.598,15.745
2019-09-09,0.0,8.108,6.366,14.768,15.745
2019-09-10,0.0,8.797,7.232,16.277,15.863
2019-09-11,0.0,8.205,8.295,16.188,15.537
2019-09-12,0.0,8.632,8.036,16.58,15.982
2019-09-13,1.688,7.64,8.134,15.33,16.398
2019-09-14,0.0,6.843,7.973,14.179,15.982
2019-09-15,0.713,7.544,7.866,15.0,15.923
2019-09-16,0.0,8.411,8.554,16.607,15.567
2019-09-17,0.0,8.191,7.25,15.429,17.492
2019-09-18,11.584,6.942,8.741,14.812,16.284
2019-09-19,8.588,7.714,8.732,15.821,17.848
2019-09-20,41.619,6.295,7.839,13.339,17.403
2019-09-21,0.0,8.027,7.518,15.393,16.553
2019-09-22,1.223,9.348,6.42,16.455,17.593
2019-09-23,4.563,8.039,6.839,14.964,17.439
2019-09-24,0.0,7.357,8.036,14.875,16.494
2019-09-25,0.0,7.599,7.688,14.946,16.042
2019-09-26,0.741,8.72,8.098,16.714,16.843
2019-09-27,0.494,8.027,8.741,16.259,16.606
2019-09-28,0.0,9.887,8.411,18.464,16.042
2019-09-29,29.434,8.188,5.929,14.58,17.41
2019-09-30,0.0,9.424,8.107,17.679,18.639
2019-10-01,7.218,9.624,6.661,17.08,20.357
2019-10-02,1.807,7.828,8.304,15.723,21.95
2019-10-03,29.744,6.549,7.42,13.411,30.106
2019-10-04,0.0,8.244,6.161,14.839,38.813
2019-10-05,0.869,7.98,7.321,15.259,35.249
2019-10-06,11.337,7.607,7.554,14.92,33.36
2019-10-07,0.487,8.192,7.071,15.384,37.7
2019-10-08,5.917,6.341,8.321,13.821,35.417
2019-10-09,0.0,7.631,6.33,14.143,27.409
2019-10-10,0.0,6.096,8.946,13.982,22.361
2019-10-11,0.264,7.26,8.009,14.812,18.712
2019-10-12,1.148,6.887,7.812,14.179,17.446
2019-10-13,21.265,6.948,8.268,14.607,16.048
2019-10-14,0.468,7.707,6.964,14.723,15.448
2019-10-15,0.0,8.108,6.054,14.696,14.617
2019-10-16,0.0,7.84,7.821,15.527,15.507
2019-10-17,0.0,9.052,6.955,16.634,17.855
2019-10-18,0.0,6.417,8.107,13.839,18.615
2019-10-19,27.212,7.054,7.518,14.312,38.82
2019-10-20,14.299,6.325,8.098,13.75,39.247
2019-10-21,6.618,7.308,7.411,14.58,33.9
2019-10-22,2.443,7.537,6.116,14.027,33.406
2019-10-23,8.533,6.82,7.366,13.911,43.149
2019-10-24,12.774,7.71,8.509,15.946,52.764
2019-10-25,14.942,6.945,8.161,14.688,33.444
2019-10-26,0.0,7.616,8.312,15.705,30.617
2019-10-27,0.0,7.234,7.402,14.571,27.905
2019-10-28,0.0,8.261,7.464,16.027,25.921
2019-10-29,6.931,7.519,7.759,15.223,27.773
2019-10-30,0.0,7.696,6.277,14.491,30.617
2019-10-31,2.461,8.025,6.634,15.205,32.719
2019-11-01,0.0,8.412,6.464,15.688,38.165
2019-11-02,21.488,7.263,7.696,14.893,31.755
2019-11-03,9.015,7.01,8.482,15.098,26.927
2019-11-04,7.967,7.961,8.402,16.366,31.208
2019-11-05,4.638,7.675,8.295,15.902,33.637
2019-11-06,0.553,7.404,8.393,15.625,27.562
2019-11-07,0.593,8.479,8.518,17.214,23.697
2019-11-08,0.0,7.881,9.045,16.759,38.046
2019-11-09,9.47,6.042,9.536,14.714,47.105
2019-11-10,10.723,8.012,7.536,15.964,37.164
2019-11-11,9.062,6.484,9.277,15.134,34.141
2019-11-12,25.437,5.0,8.652,12.723,27.569
2019-11-13,18.213,5.761,8.321,13.446,25.615
2019-11-14,7.335,7.765,7.786,15.875,23.34
2019-11-15,5.194,7.184,8.393,15.5,42.62
2019-11-16,33.114,8.111,8.268,16.723,41.329
2019-11-17,0.0,8.099,8.304,16.714,37.162
2019-11-18,2.995,6.909,8.562,15.259,33.894
2019-11-19,0.0,7.834,6.571,15.205,39.117
2019-11-20,24.567,7.293,6.179,14.179,40.319
2019-11-21,0.0,8.013,7.205,15.938,31.26
2019-11-22,2.107,8.132,7.768,16.491,27.496
2019-11-23,0.0,8.182,6.795,15.938,27.562
2019-11-24,0.0,7.518,6.884,15.036,33.267
2019-11-25,0.0,8.303,7.375,16.509,41.14
2019-11-26,0.0,6.746,8.321,14.946,36.49
2019-11-27,3.133,7.147,8.018,15.304,33.003
2019-11-28,0.0,6.494,7.777,14.223,32.169
2019-11-30,2.574,7.856,6.902,15.607,27.327
2019-12-01,0.836,6.669,8.589,15.089,37.458
2019-12-02,10.822,6.4,8.67,14.759,39.65
2019-12-03,0.0,6.58,7.902,14.455,35.104
2019-12-04,0.774,8.752,7.929,17.607,31.449
2019-12-05,11.632,7.791,7.08,15.67,26.133
2019-12-06,2.641,7.853,7.223,15.839,22.959
2019-12-07,21.774,7.298,5.598,13.991,27.168
2019-12-08,0.396,7.669,6.964,15.446,21.271
2019-12-09,0.0,8.078,7.196,16.196,20.43
2019-12-10,0.0,7.645,7.536,15.777,30.304
2019-12-11,3.401,7.173,7.054,14.768,28.422
2019-12-12,0.808,5.272,8.393,13.062,25.542
2019-12-13,0.0,6.216,8.196,14.214,22.607
2019-12-14,8.025,5.0,8.562,12.83,39.21
2019-12-15,35.702,6.294,8.768,14.759,43.443
2019-12-16,19.154,6.299,9.214,15.071,56.457
2019-12-17,2.14,6.068,8.107,13.946,38.834
2019-12-18,0.0,7.094,8.205,15.464,33.36
2019-12-19,0.0,7.586,7.161,15.482,32.492
2019-12-20,0.0,7.014,7.625,14.964,29.312
2019-12-21,0.0,6.774,8.357,15.143,25.834
2019-12-22,0.0,7.842,7.679,16.214,24.922
2019-12-23,0.0,7.483,9.071,16.643,21.483
2019-12-24,0.0,6.901,8.17,15.161,19.992
2019-12-25,0.0,7.804,9.25,17.196,20.811
2019-12-26,0.0,7.036,8.884,15.857,26.454
2019-12-27,0.0,5.915,9.312,14.634,35.251
2019-12-28,0.0,7.287,7.357,15.134,42.115
2019-12-29,0.503,8.507,7.071,16.723,40.273
2019-12-30,28.499,6.968,8.393,15.384,50.935
2019-12-31,35.591,6.214,8.554,14.455,42.668
2020-01-01,36.668,7.025,8.795,15.759,35.265
2020-01-02,1.561,7.246,8.688,15.973,39.28
2020-01-03,0.0,9.19,6.875,17.571,27.164
2020-01-04,0.0,9.646,5.875,17.625,25.352
2020-01-05,0.0,8.952,7.259,17.429,26.278
2020-01-06,0.0,8.395,7.027,16.464,22.047
2020-01-07,0.0,10.343,3.732,17.348,19.992
2020-01-08,0.0,10.147,4.893,17.723,17.3
2020-01-09,0.0,8.701,5.75,16.08,15.804
2020-01-10,0.0,9.405,5.196,16.759,15.626
2020-01-11,0.0,8.669,5.125,15.607,15.092
2020-01-12,0.0,7.656,7.527,15.661,15.626
2020-01-13,0.0,8.11,7.098,16.009,15.229
2020-01-14,0.0,8.002,7.089,15.83,21.196
2020-01-15,0.0,7.97,6.491,15.375,23.456
2020-01-16,0.0,6.835,7.491,14.411,20.482
2020-01-17,0.0,8.195,8.071,16.741,18.018
2020-01-18,0.0,8.967,7.83,17.652,16.672
2020-01-19,0.0,8.009,8.062,16.411,15.507
2020-01-20,0.857,6.055,9.509,14.741,17.666
2020-01-21,25.516,6.131,8.795,14.286,15.934
2020-01-22,0.449,5.351,9.286,13.661,15.121
2020-01-23,0.0,8.909,5.741,16.17,15.923
2020-01-24,8.403,8.076,7.509,16.062,16.055
2020-01-25,12.759,7.955,8.277,16.375,18.507
2020-01-26,1.212,7.874,8.946,16.705,19.663
2020-01-27,0.0,8.041,7.607,16.0,18.031
2020-01-28,0.0,9.439,7.018,17.598,16.338
2020-01-29,0.0,8.949,7.143,16.964,14.29
2020-01-30,0.0,8.627,5.777,15.625,15.774
2020-01-31,0.0,8.139,8.036,16.366,15.656
2020-02-01,0.0,7.467,8.018,15.42,17.38
2020-02-02,1.813,7.857,7.446,15.545,18.127
2020-02-03,8.09,7.74,7.955,15.723,18.866
2020-02-04,0.0,10.442,6.098,18.268,22.784
2020-02-05,0.0,10.963,6.009,18.911,19.37
2020-02-06,0.0,10.369,5.661,17.848,17.826
2020-02-07,0.0,9.829,5.107,16.723,15.811
2020-02-08,0.0,9.143,8.241,17.741,14.913
2020-02-09,3.619,9.548,6.411,17.089,15.448
2020-02-10,0.0,8.322,6.929,15.723,15.952
2020-02-11,0.0,10.618,6.036,18.304,17.172
2020-02-12,0.0,8.684,6.652,15.973,17.798
2020-02-13,0.0,8.803,7.429,16.634,19.261
2020-02-14,0.0,7.345,7.929,14.964,21.966
2020-02-15,0.0,7.866,8.25,15.866,24.28
2020-02-16,0.0,7.082,9.071,15.393,25.046
2020-02-17,0.0,7.797,8.179,15.705,22.361
2020-02-18,0.0,9.255,6.812,16.759,19.151
2020-02-19,0.0,8.113,7.143,15.402,20.211
2020-02-20,18.202,7.784,8.545,15.893,18.383
2020-02-21,28.233,9.592,7.643,17.696,16.672
2020-02-22,0.403,6.475,7.938,13.714,15.418
2020-02-23,0.0,7.463,8.67,15.536,14.142
2020-02-24,27.56,6.897,9.616,15.518,14.587
2020-02-25,4.859,8.373,6.598,15.321,15.477
2020-02-26,23.006,5.968,9.0,13.839,15.27
2020-02-27,0.0,7.661,8.911,15.911,14.706
2020-02-28,0.0,9.089,7.223,16.661,14.527
2020-02-29,0.0,8.765,7.116,16.161,16.227
2020-03-01,0.354,9.388,9.339,18.455,28.352
2020-03-02,0.0,6.895,9.58,15.375,20.102
2020-03-03,0.0,7.57,9.009,15.821,19.261
2020-03-04,0.0,7.811,8.884,16.036,19.114
2020-03-05,0.0,8.316,8.009,16.071,17.483
2020-03-06,5.846,7.671,8.438,15.509,15.953
2020-03-08,0.0,8.696,8.027,16.589,23.69
2020-03-09,0.0,8.301,9.009,16.741,24.273
2020-03-10,9.131,8.399,9.295,17.036,18.273
2020-03-11,31.631,10.68,9.223,19.929,16.834
2020-03-12,5.907,7.907,7.116,14.902,17.385
2020-03-13,9.477,8.334,9.116,16.804,19.267
2020-03-14,1.629,6.947,8.607,14.661,43.867
2020-03-15,0.0,7.889,7.634,15.188,38.645
2020-03-16,0.0,8.924,7.357,16.375,27.132
2020-03-17,0.0,8.574,6.714,15.464,33.171
2020-03-18,3.208,9.172,7.893,17.045,29.713
2020-03-19,0.0,8.844,7.804,16.562,26.534
2020-03-20,5.809,5.979,9.205,13.911,25.834
2020-03-21,0.0,9.597,7.304,17.259,26.096
2020-03-22,0.0,10.443,3.857,16.312,24.127
2020-03-23,0.0,8.042,6.688,14.75,26.796
2020-03-24,0.0,6.585,8.304,14.009,24.171
2020-03-25,0.0,8.94,8.259,17.018,23.237
2020-03-26,0.0,8.895,6.375,15.705,17.762
2020-03-27,22.666,8.649,6.982,15.75,17.725
2020-03-28,0.332,9.074,7.33,16.598,18.091
2020-03-29,0.0,7.364,8.723,15.268,19.187
2020-03-30,0.0,6.671,8.982,14.598,19.407
2020-03-31,0.0,9.544,9.0,18.295,18.237
2020-04-01,0.88,7.258,8.277,14.839,20.357
2020-04-02,6.425,7.924,9.509,16.607,29.818
2020-04-03,0.0,6.701,9.321,14.902,22.278
2020-04-04,0.0,7.032,10.045,15.848,20.394
2020-04-05,0.768,7.322,9.25,15.634,20.467
2020-04-06,21.233,7.162,10.161,16.107,20.906
2020-04-07,1.987,7.747,9.464,16.366,21.016
2020-04-08,2.495,7.226,8.214,14.804,23.42
2020-04-09,5.387,7.472,9.848,16.295,22.609
2020-04-10,0.0,7.828,9.25,16.321,22.455
2020-04-11,4.082,6.3,9.661,14.705,23.215
2020-04-12,33.627,5.425,10.089,14.018,29.014
2020-04-13,0.0,8.469,8.571,16.714,37.409
2020-04-14,15.017,6.815,8.321,14.402,43.104
2020-04-15,1.243,7.197,8.795,15.259,28.605
2020-04-16,0.0,9.757,7.554,17.848,25.353
2020-04-17,0.0,6.362,7.821,13.482,24.74
2020-04-18,0.0,6.901,8.179,14.455,31.522
2020-04-19,0.0,6.821,8.312,14.446,27.642
2020-04-20,0.0,8.46,7.205,15.884,29.217
2020-04-21,0.0,6.847,7.973,14.25,24.551
2020-04-22,0.0,8.302,7.232,15.714,34.914
2020-04-23,5.267,6.674,8.268,14.25,31.982
2020-04-24,0.0,7.474,8.268,15.33,35.716
2020-04-25,0.0,7.643,7.312,14.946,28.51
2020-04-26,0.0,7.338,8.946,15.652,30.129
2020-04-27,7.456,8.186,7.554,15.875,28.05
2020-04-28,1.69,7.785,9.125,16.402,30.319
2020-04-29,28.67,7.81,8.973,16.339,28.736
2020-04-30,0.0,8.026,9.411,16.955,30.623
2020-05-01,6.372,6.557,9.991,15.527,50.004
2020-05-02,0.0,6.609,10.839,16.214,45.422
2020-05-03,0.0,7.041,9.58,15.839,34.82
2020-05-04,0.0,7.919,9.92,17.241,36.986
2020-05-05,5.467,7.334,8.652,15.589,35.001
2020-05-06,0.0,7.848,8.652,16.295,31.18
2020-05-07,10.972,5.661,9.589,14.134,56.235
2020-05-08,0.0,5.91,9.455,14.375,56.01
2020-05-09,0.0,6.594,9.75,15.5,45.308
2020-05-10,0.0,7.44,8.955,16.018,35.04
2020-05-11,0.0,6.996,9.304,15.67,31.325
2020-05-12,4.264,6.699,8.795,14.938,35.442
2020-05-13,13.203,5.783,8.786,13.759,44.475
2020-05-14,0.0,8.064,7.054,15.652,53.237
2020-05-15,0.0,6.928,10.295,16.384,43.137
2020-05-16,0.0,6.117,9.58,14.821,39.474
2020-05-17,0.0,6.884,9.67,15.893,34.966
2020-05-18,0.0,7.296,9.223,16.143,31.369
2020-05-19,0.0,6.085,8.848,14.241,38.269
2020-05-20,0.0,7.479,8.375,15.804,42.844
2020-05-21,0.313,7.992,8.768,16.804,57.444
2020-05-22,1.095,7.041,9.304,15.893,43.548
2020-05-23,0.477,7.208,7.866,15.116,35.959
2020-05-24,2.007,5.412,9.152,13.634,40.533
2020-05-25,0.569,7.952,9.714,17.464,55.305
2020-05-26,0.0,5.505,9.768,14.259,51.077
2020-05-27,0.0,5.331,9.018,13.464,42.416
2020-05-28,4.225,7.96,7.616,16.071,36.136
2020-05-29,17.059,7.598,7.875,15.75,61.462
2020-05-30,25.198,5.778,7.982,13.295,45.614
2020-05-31,7.359,7.373,7.688,15.33,35.402
2020-06-01,6.19,6.136,9.071,14.616,47.027
2020-06-02,10.484,7.712,8.83,16.616,42.62
2020-06-03,9.441,4.237,8.625,11.804,37.593
2020-06-04,18.982,7.33,7.652,15.295,33.258
2020-06-05,5.959,7.042,8.786,15.67,31.434
2020-06-06,10.316,5.51,8.062,13.045,29.219
2020-06-07,0.0,8.734,6.812,16.795,39.837
2020-06-08,0.0,7.329,6.777,14.732,39.264
2020-06-09,0.0,7.509,7.661,15.571,40.567
2020-06-10,0.0,7.124,6.679,14.348,57.538
2020-06-11,1.137,7.294,6.152,14.286,51.21
2020-06-12,3.477,6.608,8.589,14.991,35.142
2020-06-13,3.875,8.103,6.848,15.946,33.084
2020-06-14,10.816,4.856,9.625,13.455,39.446
2020-06-15,1.31,5.742,8.571,13.804,34.432
2020-06-16,0.0,6.886,7.286,14.455,31.831
2020-06-17,0.0,5.658,8.312,13.491,58.676
2020-06-18,0.0,6.309,9.295,15.098,51.122
2020-06-19,38.972,7.121,8.321,15.536,42.972
2020-06-20,0.0,6.464,8.491,14.741,39.012
2020-06-21,0.0,6.957,8.893,15.75,33.36
2020-06-22,0.0,6.451,8.241,14.545,28.605
2020-06-23,0.0,7.8,8.482,16.607,27.365
2020-06-24,0.0,8.744,7.714,17.446,30.931
2020-06-25,0.337,7.357,8.045,15.67,30.194
2020-06-26,0.0,6.474,8.036,14.411,36.22
2020-06-27,0.0,6.579,7.688,14.295,40.575
2020-06-28,1.479,7.421,8.098,15.812,56.105
2020-06-29,1.374,6.809,8.804,15.429,40.79
2020-06-30,0.189,6.042,9.67,14.991,41.776
2020-07-01,8.146,6.431,8.571,14.696,57.068
2020-07-02,48.706,6.576,8.768,15.071,52.626
2020-07-03,0.0,6.521,8.875,15.045,50.664
2020-07-04,11.662,6.485,8.17,14.491,61.196
2020-07-07,0.0,6.25,8.045,14.062,158.75
2020-07-08,0.0,7.605,8.036,15.946,146.25
2020-07-09,0.0,5.943,9.0,14.321,67.399
2020-07-10,0.0,6.16,8.0,13.866,78.732
2020-07-11,6.219,7.301,7.929,15.411,72.607
2020-07-12,0.0,7.01,8.089,15.116,62.995
2020-07-13,1.53,6.522,7.518,14.0,70.496
2020-07-14,13.398,6.585,8.223,14.598,66.514
2020-07-15,0.0,6.851,6.598,13.821,69.329
2020-07-16,0.564,6.533,7.821,14.214,75.341
2020-07-17,0.686,7.779,6.705,15.232,58.364
2020-07-18,0.227,8.823,5.616,16.036,47.586
2020-07-19,0.443,7.213,6.75,14.384,45.21
2020-07-20,0.764,7.12,8.295,15.321,40.267
2020-07-21,0.0,7.717,7.562,15.652,45.591
2020-07-22,0.0,7.416,8.714,16.0,67.624
2020-07-23,29.21,6.794,8.491,14.973,49.758
2020-07-24,32.36,5.665,8.625,13.554,44.733
2020-07-25,16.382,4.088,7.973,11.009,43.266
2020-07-26,0.0,6.234,8.464,14.161,40.706
2020-07-27,0.0,6.914,9.125,15.554,35.571
2020-07-28,0.0,7.752,7.616,15.643,39.226
2020-07-29,1.114,7.309,8.482,15.607,50.913
2020-07-30,0.0,6.554,8.839,14.839,46.331
2020-07-31,0.0,7.238,8.241,15.304,37.169
2020-08-01,0.0,8.524,5.571,15.348,33.564
2020-08-02,0.0,9.396,4.893,16.179,31.347
2020-08-03,0.0,7.299,5.929,13.777,30.851
2020-08-04,0.0,6.849,6.188,13.295,25.571
2020-08-05,0.0,6.244,6.589,12.714,24.229
2020-08-06,0.0,6.064,7.464,13.062,24.622
2020-08-07,0.0,5.101,8.152,12.312,36.074
2020-08-08,0.0,6.572,8.393,14.429,38.777
2020-08-09,0.0,7.449,6.741,14.438,34.075
2020-08-10,0.0,8.537,6.705,15.938,34.897
2020-08-11,0.0,8.487,7.598,16.411,34.652
2020-08-12,4.674,9.566,8.429,18.429,30.873
2020-08-13,7.884,7.664,9.188,16.384,34.953
2020-08-14,1.349,8.304,9.304,17.286,43.075
2020-08-15,8.115,7.599,8.491,15.768,60.24
2020-08-16,10.614,7.565,8.196,15.5,47.788
2020-08-17,10.579,7.608,7.295,14.929,39.063
2020-08-18,0.0,8.194,8.205,16.312,34.432
2020-08-19,2.805,7.153,8.679,15.259,29.144
2020-08-20,0.686,8.003,7.902,15.848,26.302
2020-08-21,3.946,7.539,8.143,15.357,37.481
2020-08-22,11.827,7.167,8.366,15.018,35.922
2020-08-23,0.881,8.596,7.295,16.196,33.507
2020-08-24,9.162,7.779,7.384,15.125,33.325
2020-08-25,1.878,8.447,6.357,15.348,42.675
2020-08-26,0.0,8.844,7.938,16.92,53.613
2020-08-27,0.0,6.313,8.455,13.911,42.053
2020-08-28,0.0,8.309,8.295,16.411,33.988
2020-08-29,16.946,8.405,7.312,15.875,27.482
2020-08-30,28.081,5.658,7.795,12.58,29.35
2020-08-31,0.0,8.111,6.116,14.688,37.812
2020-09-01,0.0,7.565,7.152,14.607,33.338
2020-09-02,0.0,6.355,7.473,13.196,26.592
2020-09-03,0.0,8.39,6.08,15.0,23.704
2020-09-04,0.0,6.688,8.429,14.33,24.491
2020-09-05,0.0,8.578,8.089,16.571,28.825
2020-09-06,0.0,8.731,6.321,15.598,41.706
2020-09-07,0.0,9.325,6.089,16.259,34.07
2020-09-08,18.22,6.549,7.625,13.536,30.275
2020-09-09,0.0,7.408,5.92,13.5,27.241
2020-09-10,0.0,7.101,7.714,14.321,28.999
2020-09-11,0.0,8.285,7.643,15.839,24.709
2020-09-12,0.0,8.048,7.304,15.286,26.228
2020-09-13,0.0,7.583,6.679,14.25,26.191
2020-09-14,0.0,8.432,6.536,15.295,24.397
2020-09-15,0.0,8.857,7.08,16.196,24.317
2020-09-16,0.933,9.066,6.884,16.366,22.572
2020-09-17,27.052,8.959,6.723,16.134,26.935
2020-09-18,8.792,10.389,6.893,18.188,24.302
2020-09-19,18.414,8.154,7.027,15.268,26.446
2020-09-20,13.946,6.839,8.714,14.714,25.746
2020-09-21,0.0,7.916,8.464,15.902,31.967
2020-09-22,0.0,9.485,7.009,17.036,25.856
2020-09-23,0.0,6.891,7.161,13.643,30.647
2020-09-24,0.0,7.45,8.071,15.045,31.602
2020-09-25,7.297,9.086,6.286,16.036,26.629
2020-09-26,0.0,7.596,6.848,14.375,23.741
2020-09-27,0.406,9.691,6.866,17.241,24.09
2020-09-28,0.406,9.356,7.062,16.938,27.409
2020-09-29,0.0,7.804,7.304,14.973,26.453
2020-09-30,0.0,6.466,8.366,13.973,22.885
2020-10-01,0.0,8.491,7.25,15.866,35.896
2020-10-02,0.0,9.092,6.179,16.0,27.993
2020-10-03,0.0,8.153,8.08,16.0,32.102
2020-10-04,0.0,5.264,8.375,12.491,42.373
2020-10-05,0.0,7.52,7.134,14.509,35.031
2020-10-06,0.167,8.654,6.812,15.857,26.826
2020-10-07,0.0,7.955,6.536,14.732,34.435
2020-10-08,0.0,7.26,7.429,14.42,41.347
2020-10-09,0.0,8.473,7.527,16.116,28.139
2020-10-10,0.0,10.226,6.045,17.58,20.613
2020-10-11,0.0,9.383,5.812,16.268,20.796
2020-10-12,0.0,8.959,6.643,16.214,19.882
2020-10-13,0.0,7.516,6.911,14.429,20.138
2020-10-14,0.0,8.584,7.536,16.312,20.723
2020-10-15,0.0,7.978,8.143,15.911,19.334
2020-10-16,0.0,6.833,8.973,15.018,20.211
2020-10-17,0.0,7.52,7.214,14.688,19.297
2020-10-18,11.466,8.787,7.607,16.688,20.035
2020-10-19,40.264,6.339,9.0,14.411,17.604
2020-10-20,0.0,8.145,8.223,16.259,25.068
2020-10-21,27.699,7.478,8.179,15.357,20.75
2020-10-22,0.0,8.168,7.812,16.054,19.919
2020-10-23,0.479,8.615,7.214,16.304,22.383
2020-10-24,0.0,9.123,7.196,16.982,22.908
2020-10-25,0.576,9.501,7.527,17.75,20.102
2020-10-26,4.87,9.374,8.143,17.982,22.186
2020-10-27,7.377,9.07,7.179,16.955,23.017
2020-10-28,26.84,7.6,7.839,15.42,23.274
2020-10-29,4.47,8.719,7.455,16.723,21.169
2020-10-30,14.454,7.872,7.705,15.723,23.163
2020-10-31,3.918,6.05,8.268,13.661,27.671
2020-11-01,2.91,7.336,9.116,16.054,23.967
2020-11-02,1.217,9.472,7.688,17.991,23.003
2020-11-03,0.0,9.883,5.375,17.152,32.872
2020-11-04,0.0,9.286,5.875,16.616,30.756
2020-11-05,28.17,6.64,9.018,15.054,30.771
2020-11-06,7.125,8.274,7.286,16.107,34.505
2020-11-07,17.383,7.558,8.161,15.723,35.257
2020-11-08,0.814,6.852,8.143,14.732,23.864
2020-11-09,0.0,7.871,8.67,16.509,20.943
2020-11-10,0.404,7.011,8.393,15.17,20.65
2020-11-11,24.643,8.054,7.116,15.795,21.893
2020-11-12,0.0,8.204,6.946,15.911,18.529
2020-11-13,39.166,6.804,7.973,14.634,18.017
2020-11-14,11.482,7.293,8.705,15.848,25.979
2020-11-15,7.058,6.451,8.402,14.464,30.501
2020-11-16,34.124,6.515,8.357,14.545,39.715
2020-11-17,5.444,5.037,8.25,12.491,31.715
2020-11-18,0.0,8.137,8.205,16.75,29.261
2020-11-19,0.0,7.353,7.634,15.223,25.09
2020-11-20,0.47,6.488,7.455,13.929,22.556
2020-11-21,14.11,7.706,7.848,15.911,22.113
2020-11-22,0.191,7.975,6.321,15.33,19.443
2020-11-23,5.095,6.537,8.232,14.562,18.42
2020-11-24,0.0,6.805,8.473,15.107,24.407
2020-11-25,3.065,7.485,7.411,15.357,25.046
2020-11-26,13.353,7.725,8.312,16.339,23.2
2020-11-27,0.969,5.864,8.062,13.518,21.125
2020-11-28,6.865,6.788,8.536,15.179,23.383
2020-11-29,21.134,6.822,8.473,15.188,21.103
2020-11-30,0.0,6.835,9.036,15.616,19.83
2020-12-01,0.0,6.589,8.625,14.991,26.81
2020-12-02,74.894,6.75,8.5,15.134,24.74
2020-12-03,1.737,8.134,8.536,17.134,21.615
2020-12-04,0.0,7.475,8.259,16.009,20.65
2020-12-05,0.0,7.582,8.152,16.098,18.785
2020-12-06,0.0,7.386,7.205,15.179,18.017
2020-12-07,0.0,7.445,6.67,14.893,21.432
2020-12-08,6.537,6.452,8.071,14.438,23.566
2020-12-09,2.445,7.506,7.688,15.688,22.222
2020-12-10,0.0,7.977,6.812,15.786,24.667
2020-12-11,1.715,7.489,7.545,15.571,27.729
2020-12-12,1.796,7.958,6.0,15.277,22.916
2020-12-13,1.472,7.484,7.286,15.402,24.448
2020-12-14,0.0,9.151,5.679,16.83,21.234
2020-12-15,0.0,6.985,7.214,14.625,19.224
2020-12-16,2.025,7.913,6.759,15.696,17.981
2020-12-17,0.0,8.094,7.321,16.33,17.579
2020-12-18,0.0,6.623,7.634,14.384,21.6
2020-12-19,0.0,7.972,7.634,16.357,28.277
2020-12-20,0.0,6.688,6.857,13.938,31.777
2020-12-21,0.0,7.684,7.134,15.58,31.558
2020-12-22,0.0,7.381,6.5,14.723,25.827
2020-12-23,0.0,8.289,6.732,16.223,22.916
2020-12-24,0.685,8.441,6.777,16.482,30.654
2020-12-25,67.109,6.688,8.045,14.759,33.615
2020-12-26,52.847,5.271,7.661,12.491,39.601
2020-12-27,4.886,7.523,6.652,15.045,29.044
2020-12-28,5.0,6.905,7.125,14.411,24.74
2020-12-29,1.8,7.277,7.42,15.17,22.295
2020-12-30,0.0,7.979,6.277,15.446,18.785
2020-12-31,0.0,7.71,6.536,15.196,20.467
2021-01-01,0.0,7.711,7.616,15.902,20.774
2021-01-02,0.943,7.729,6.821,15.384,26.271
2021-01-03,1.25,6.851,7.911,14.857,35.086
2021-01-04,0.0,6.39,7.634,14.0,67.836
2021-01-05,2.339,5.382,7.848,12.732,66.368
2021-01-06,0.0,6.483,7.902,14.312,70.144
2021-01-07,0.0,7.778,7.196,15.67,56.151
2021-01-08,0.0,6.678,6.143,13.357,43.208
2021-01-09,0.0,6.243,7.875,13.911,39.65
2021-01-10,0.0,7.397,7.116,15.045,35.922
2021-01-11,2.872,6.903,7.652,14.679,30.899
2021-01-12,29.247,8.093,7.536,16.277,78.631
2021-01-13,0.0,9.028,6.17,16.75,61.059
2021-01-14,0.0,8.442,6.946,16.366,48.749
2021-01-15,0.0,9.211,7.018,17.518,44.087
2021-01-16,0.522,9.933,5.259,17.455,36.983
2021-01-17,0.289,8.758,5.384,15.786,29.634
2021-01-18,0.345,8.225,6.196,15.509,38.738
2021-01-19,0.0,9.169,6.598,17.134,39.239
2021-01-20,0.0,8.697,6.384,16.277,35.469
2021-01-21,0.0,8.451,6.357,15.866,32.798
2021-01-22,0.0,7.605,7.455,15.366,28.568
2021-01-23,0.0,7.502,8.152,15.705,23.317
2021-01-24,1.499,7.913,7.125,15.562,23.448
2021-01-25,0.0,6.681,7.902,14.339,29.133
2021-01-26,27.205,7.773,6.902,15.17,65.477
2021-01-27,1.279,9.168,7.17,17.295,51.133
2021-01-28,1.627,8.855,6.179,16.223,41.008
2021-01-29,0.0,10.063,5.295,17.393,34.228
2021-01-30,0.0,7.671,7.438,15.312,31.449
2021-01-31,0.0,9.225,4.304,15.536,27.336
2021-02-01,0.0,8.147,7.277,15.83,33.659
2021-02-02,0.0,7.648,8.009,15.616,30.063
2021-02-03,0.0,8.188,7.714,16.143,28.196
2021-02-04,1.612,6.74,7.304,13.848,26.49
2021-02-05,0.0,7.454,8.027,15.321,24.784
2021-02-06,0.0,8.349,7.67,16.295,22.207
2021-02-07,0.0,9.718,6.893,17.679,20.467
2021-02-08,4.405,7.172,8.08,14.938,19.882
2021-02-09,11.43,7.844,7.589,15.509,19.281
2021-02-10,16.412,6.873,7.946,14.411,38.065
2021-02-11,13.393,6.944,8.179,14.652,59.888
2021-02-12,0.0,8.594,7.759,16.616,52.908
2021-02-13,0.0,7.899,8.268,15.982,46.283
2021-02-14,0.0,6.06,8.598,13.768,37.307
2021-02-15,25.072,7.322,7.42,14.58,57.538
2021-02-16,1.475,7.602,7.062,14.688,57.208
2021-02-17,0.0,6.646,7.786,13.902,56.01
2021-02-18,0.0,5.417,8.304,12.688,46.965
2021-02-19,34.929,5.744,8.5,13.25,40.883
2021-02-20,14.04,7.827,6.33,14.5,45.133
2021-02-21,5.579,7.185,6.259,13.536,40.664
2021-02-24,0.0,6.507,7.116,13.161,25.673
2021-02-25,0.0,7.242,8.393,15.027,25.198
2021-02-26,0.0,7.51,8.446,15.411,22.981
2021-02-27,0.469,6.643,9.036,14.732,36.37
2021-02-28,0.0,7.189,8.527,15.036,33.554
2021-03-01,22.849,6.354,8.241,13.777,44.061
2021-03-02,2.87,6.057,7.696,12.946,58.243
2021-03-03,0.0,5.987,8.027,13.116,56.071
2021-03-04,3.198,4.605,8.125,11.455,52.192
2021-03-05,10.487,5.976,7.768,12.866,43.148
2021-03-06,0.0,6.754,8.071,14.098,39.91
2021-03-07,0.0,6.362,8.723,14.054,39.733
2021-03-08,23.844,4.38,8.259,11.277,44.067
2021-03-09,0.0,7.233,8.062,14.67,37.077
2021-03-10,14.625,5.36,6.679,11.196,42.783
2021-03-11,15.279,5.055,7.768,11.688,36.112
2021-03-12,7.683,6.276,6.982,12.688,28.765
2021-03-13,7.392,5.794,7.652,12.527,32.113
2021-03-14,0.403,8.795,7.277,16.179,40.267
2021-03-15,15.173,5.688,6.089,11.179,35.857
2021-03-16,21.794,7.03,7.098,13.696,34.266
2021-03-17,4.29,8.437,7.036,15.536,40.392
2021-03-18,13.602,5.799,7.866,12.67,52.039
2021-03-19,10.68,6.023,8.232,13.205,48.42
2021-03-20,3.264,6.112,7.679,12.938,46.083
2021-03-21,8.517,8.444,6.411,15.125,41.078
2021-03-22,0.854,5.04,7.652,11.554,45.872
2021-03-23,0.0,7.31,7.839,14.571,87.772
2021-03-24,17.498,7.324,8.366,14.991,47.199
2021-03-25,0.0,9.011,7.143,16.357,44.146
2021-03-26,5.016,9.015,7.214,16.402,45.907
2021-03-27,1.066,6.989,7.857,14.205,54.953
2021-03-28,17.655,7.506,8.446,15.277,48.491
2021-03-29,0.0,7.05,9.214,15.259,63.295
2021-03-30,0.0,6.901,7.688,13.946,65.246
2021-03-31,0.192,8.266,7.848,15.848,54.811
2021-04-01,12.407,5.791,8.589,13.196,66.884
2021-04-02,12.272,6.585,8.58,14.205,60.696
2021-04-03,8.145,6.987,9.036,15.062,59.606
2021-04-04,18.213,6.704,7.312,13.455,55.093
2021-04-05,0.0,7.473,7.509,14.598,61.227
2021-04-06,0.772,5.084,8.598,12.393,46.917
2021-04-07,10.902,5.895,8.036,12.938,44.968
2021-04-08,0.0,7.395,8.545,15.241,43.137
2021-04-09,0.533,6.067,8.509,13.536,50.018
2021-04-10,0.257,8.37,6.973,15.482,63.299
2021-04-11,2.392,7.793,8.955,16.098,74.905
2021-04-12,24.83,5.703,7.679,12.509,96.957
2021-04-13,0.0,8.008,5.893,14.295,81.506
2021-04-14,17.058,7.733,8.134,15.464,68.993
2021-04-15,0.0,6.363,8.938,14.286,60.24
2021-04-16,0.75,8.611,6.982,15.884,58.877
2021-04-17,12.384,6.345,8.393,13.866,43.638
2021-04-18,0.0,8.906,7.232,16.473,35.76
2021-04-19,23.365,7.696,8.464,15.705,50.111
2021-04-20,0.0,8.613,5.714,15.107,45.931
2021-04-21,0.0,8.03,6.366,14.723,61.119
2021-04-22,0.0,9.707,7.259,17.652,68.012
2021-04-23,0.0,6.592,8.214,14.107,64.893
2021-04-24,0.0,7.259,6.857,14.036,61.015
2021-04-25,20.028,7.096,7.527,14.339,56.574
2021-04-26,6.71,6.707,8.705,14.661,44.44
2021-04-27,11.161,5.828,7.875,12.92,44.029
2021-04-28,18.57,6.355,7.545,13.384,42.107
2021-04-29,2.294,4.338,8.268,11.375,37.43
2021-04-30,22.269,4.421,7.848,11.17,50.264
2021-05-01,0.0,7.758,7.17,15.062,47.915
2021-05-02,34.418,6.402,8.42,14.143,74.483
2021-05-03,6.327,6.917,7.616,14.286,64.823
2021-05-04,0.0,8.301,5.911,15.071,63.976
2021-05-05,0.691,7.716,6.705,14.777,66.515
2021-05-06,16.39,7.337,7.821,15.018,54.412
2021-05-07,15.42,8.138,7.929,16.196,54.836
2021-05-08,14.288,6.905,7.562,14.286,64.27
2021-05-09,1.265,5.006,8.946,12.821,69.976
2021-05-10,1.934,4.889,8.634,12.446,65.257
2021-05-11,0.0,6.641,8.893,14.911,72.043
2021-05-12,0.0,7.093,9.018,15.616,73.449
2021-05-13,0.0,7.203,8.696,15.554,52.709
2021-05-14,10.563,6.581,9.92,15.643,53.965
2021-05-15,1.606,6.671,9.446,15.411,65.669
2021-05-16,11.341,7.156,9.688,16.241,56.314
2021-05-17,14.987,3.875,9.705,12.188,75.499
2021-05-18,0.0,5.994,8.67,13.982,73.72
2021-05-19,0.0,6.697,8.688,14.938,62.775
2021-05-20,0.0,7.13,9.536,16.143,56.222
2021-05-21,0.0,7.173,9.545,16.214,60.517
2021-05-22,23.081,6.226,9.804,15.161,78.248
2021-05-23,0.0,6.553,9.009,15.027,90.041
2021-05-24,0.0,7.408,9.527,16.589,56.866
2021-05-25,0.0,6.939,9.455,15.902,46.624
2021-05-26,0.0,6.727,8.893,15.214,67.642
2021-05-27,0.0,6.202,9.455,14.929,74.983
2021-05-28,2.115,7.276,7.759,15.179,61.515
2021-05-29,6.785,6.371,7.384,13.679,66.531
2021-05-30,1.215,7.852,8.625,16.643,52.802
2021-05-31,5.026,5.668,8.777,13.732,42.703
2021-06-01,6.169,6.882,8.446,15.17,57.197
2021-06-02,0.0,7.163,8.045,15.295,69.553
2021-06-03,0.125,6.482,9.607,15.473,57.49
2021-06-04,3.089,6.427,9.188,15.125,70.865
2021-06-05,11.758,7.289,7.75,15.295,88.045
2021-06-06,0.117,5.991,8.732,14.188,64.319
2021-06-07,1.843,5.73,8.955,14.009,54.847
2021-06-08,9.038,5.601,8.366,13.429,43.642
2021-06-09,0.0,6.681,7.777,14.482,38.813
2021-06-10,11.236,6.135,7.741,13.714,33.646
2021-06-11,0.17,6.41,8.027,14.286,47.659
2021-06-12,0.0,7.784,8.714,16.723,66.441
2021-06-13,18.468,4.162,8.473,11.643,86.505
2021-06-14,14.661,7.486,8.768,16.348,77.574
2021-06-15,10.755,4.914,8.071,12.268,68.762
2021-06-16,13.966,6.844,7.312,14.446,50.725
2021-06-17,5.313,6.431,8.107,14.402,62.003
2021-06-18,0.0,6.724,8.589,15.179,69.553
2021-06-19,0.0,7.495,9.116,16.616,61.873
2021-06-20,0.0,6.489,7.982,14.402,69.298
2021-06-21,0.0,7.088,7.911,15.205,59.318
2021-06-22,0.0,7.394,6.446,14.661,47.575
2021-06-23,0.0,5.916,8.027,13.625,41.681
2021-06-24,1.052,7.005,8.009,15.152,45.25
2021-06-25,16.385,5.955,6.304,12.429,61.151
2021-06-26,0.0,6.753,7.795,14.634,70.003
2021-06-27,8.795,6.876,7.589,14.679,64.15
2021-06-28,3.176,6.527,6.696,13.545,64.37
2021-06-29,1.004,6.246,6.938,13.312,38.64
2021-06-30,0.287,5.945,6.705,12.732,32.499
2021-07-01,0.0,6.319,6.295,12.938,21.826
2021-07-02,0.0,6.642,6.902,13.83,24.31
2021-07-03,0.0,7.617,5.295,14.223,35.899
2021-07-04,0.0,8.082,3.839,14.009,38.828
2021-07-05,0.0,7.139,5.652,13.723,33.718
2021-07-06,0.0,7.49,5.116,13.893,30.763
2021-07-07,0.0,6.841,7.321,14.384,28.517
2021-07-08,0.0,7.565,6.777,15.071,30.53
2021-07-09,0.0,6.061,8.125,13.875,35.249
2021-07-10,0.0,6.149,8.366,14.143,50.809
2021-07-11,0.0,6.899,8.286,15.125,59.394
2021-07-12,0.0,5.931,8.089,13.616,51.287
2021-07-13,0.0,6.56,7.5,14.08,55.869
2021-07-14,0.0,6.278,8.277,14.223,66.726
2021-07-15,0.0,7.959,7.777,16.223,55.093
2021-07-16,0.0,7.089,7.464,14.75,59.747
2021-07-17,0.0,5.995,8.723,14.125,44.382
2021-07-18,0.0,6.813,8.393,15.027,39.979
2021-07-19,0.0,5.813,8.75,13.929,37.529
2021-07-20,0.0,7.278,7.562,15.08,33.922
2021-07-21,0.0,6.114,7.009,13.036,32.354
2021-07-22,1.337,6.618,8.143,14.545,54.047
2021-07-23,0.0,6.016,8.554,13.982,48.89
2021-07-24,0.886,6.55,7.393,13.875,45.437
2021-07-25,0.341,5.705,7.661,12.893,39.027
2021-07-26,2.613,6.845,7.893,14.607,28.394
2021-07-27,27.355,6.544,8.25,14.455,21.893
2021-07-28,5.508,6.718,8.161,14.625,27.247
2021-07-29,0.0,7.031,8.259,15.098,38.885
2021-07-30,0.0,6.454,7.83,14.018,59.535
2021-07-31,0.0,8.236,8.027,16.589,55.516
2021-08-01,0.0,6.513,7.08,13.5,61.72
2021-08-02,0.754,6.301,6.973,13.134,62.848
2021-08-03,0.0,6.049,6.411,12.348,66.617
2021-08-04,0.0,7.255,4.911,13.054,78.49
2021-08-05,0.0,7.747,4.205,13.321,43.794
2021-08-06,0.0,7.537,4.634,13.25,41.34
2021-08-07,0.0,9.019,5.955,16.214,38.839
2021-08-08,1.486,8.361,5.982,15.268,49.514
2021-08-09,26.348,6.797,8.357,14.714,50.216
2021-08-10,0.519,6.789,8.634,14.875,36.615
2021-08-11,0.0,8.131,7.286,15.75,33.564
2021-08-12,0.0,6.76,7.438,13.938,30.661
2021-08-13,0.27,7.126,6.839,14.027,28.247
2021-08-14,1.522,7.112,8.179,14.929,27.197
2021-08-15,33.346,7.337,7.75,14.92,27.732
2021-08-16,2.271,6.942,7.741,14.366,89.357
2021-08-17,0.0,6.489,8.125,14.036,83.5
2021-08-18,1.276,7.57,8.598,15.786,63.411
2021-08-19,16.322,6.045,9.188,14.205,55.305
2021-08-20,0.0,6.64,8.58,14.509,48.725
2021-08-21,14.844,6.987,7.723,14.366,42.855
2021-08-22,0.0,8.272,8.232,16.42,36.659
2021-08-23,0.0,7.266,7.321,14.42,31.551
2021-08-24,17.086,7.687,8.268,15.643,26.796
2021-08-25,0.706,7.399,8.732,15.58,24.652
2021-08-26,20.072,8.845,8.777,17.518,26.497
2021-08-27,4.681,7.933,8.277,15.938,22.747
2021-08-28,19.282,8.065,8.875,16.518,57.537
2021-08-29,8.262,5.851,8.714,13.527,85.744
2021-08-30,0.0,6.215,8.554,13.857,89.204
2021-08-31,0.0,6.277,8.357,13.768,60.425
2021-09-01,3.393,6.693,8.482,14.411,43.936
2021-09-02,0.0,8.797,7.196,16.304,40.831
2021-09-03,14.133,7.929,6.518,14.67,34.251
2021-09-04,0.591,9.228,7.17,16.857,30.909
2021-09-05,0.0,8.684,6.402,15.634,30.936
2021-09-06,13.154,6.278,8.589,13.911,78.407
2021-09-07,0.0,7.555,7.509,14.821,90.497
2021-09-08,0.0,7.571,8.036,15.179,71.875
2021-09-09,0.0,8.638,7.42,16.196,62.426
2021-09-10,0.0,7.451,7.018,14.312,69.396
2021-09-11,0.0,7.388,7.964,14.884,80.766
2021-09-12,0.0,6.044,7.902,13.089,66.912
2021-09-13,0.0,9.706,6.071,16.75,54.224
2021-09-14,0.0,9.243,6.42,16.321,44.346
2021-09-15,11.057,8.535,6.277,15.277,40.742
2021-09-16,0.0,7.217,6.545,13.67,39.005
2021-09-17,0.0,9.264,6.125,16.179,34.432
2021-09-18,0.0,9.525,5.732,16.277,53.477
2021-09-19,0.0,9.432,6.018,16.312,65.132
2021-09-20,0.0,9.361,8.125,17.58,72.13
2021-09-21,0.0,7.261,8.562,15.116,68.528
2021-09-22,0.0,6.345,8.92,14.223,62.051
2021-09-23,0.0,6.583,8.25,14.018,67.774
2021-09-24,0.0,6.427,8.598,14.071,54.953
2021-09-25,0.123,5.255,8.911,12.875,43.313
2021-09-26,0.0,9.228,7.17,16.795,38.116
2021-09-27,0.0,9.375,5.759,16.098,49.299
2021-09-28,0.287,7.912,7.705,15.393,76.231
2021-09-29,0.0,7.498,8.42,15.375,65.576
2021-09-30,18.065,5.94,7.875,12.938,60.31
2021-10-01,0.0,7.912,7.625,15.366,63.412
2021-10-02,0.0,8.147,8.17,16.062,62.778
2021-10-03,9.091,8.801,7.33,16.366,57.984
2021-10-04,0.0,8.973,8.241,17.205,60.707
2021-10-05,6.111,6.84,8.884,14.848,73.095
2021-10-06,4.474,7.219,9.045,15.482,58.337
2021-10-07,32.137,8.33,8.759,16.714,61.288
2021-10-08,0.0,8.782,6.955,16.134,79.072
2021-10-09,22.787,6.174,8.821,14.0,65.76
2021-10-10,0.0,7.578,8.009,15.268,42.879
2021-10-11,10.418,5.855,8.33,13.277,39.862
2021-10-12,3.975,8.393,8.223,16.509,41.681
2021-10-13,0.0,8.079,8.464,16.268,38.178
2021-10-14,20.174,7.895,8.0,15.723,32.39
2021-10-15,40.505,9.997,8.214,18.705,43.12
2021-10-16,43.707,8.701,5.893,15.482,63.389
2021-10-17,7.15,6.485,7.973,13.848,65.316
2021-10-18,0.0,8.77,6.036,15.661,54.953
2021-10-19,0.0,7.405,6.67,14.179,58.407
2021-10-20,0.0,8.339,7.536,16.071,57.843
2021-10-21,19.023,5.848,8.125,13.152,45.743
2021-10-22,6.93,6.888,8.643,14.92,36.929
2021-10-23,10.062,7.068,8.375,14.991,30.53
2021-10-24,0.543,8.183,6.911,15.509,26.891
2021-10-25,0.0,7.353,7.509,14.759,48.399
2021-10-26,5.167,6.816,7.768,14.259,69.14
2021-10-27,12.477,6.679,8.268,14.446,63.022
2021-10-28,5.196,6.699,7.652,14.054,67.232
2021-10-29,5.279,6.264,8.009,13.705,79.034
2021-10-30,0.0,7.109,7.286,14.339,88.045
2021-10-31,7.596,6.333,7.107,13.179,70.42
2021-11-01,0.356,8.108,6.455,15.259,78.688
2021-11-02,1.077,7.767,8.438,16.125,67.852
2021-11-03,24.141,7.036,8.08,14.875,60.446
2021-11-04,2.781,6.583,7.777,14.045,64.997
2021-11-05,0.0,7.455,8.071,15.455,50.3
2021-11-06,0.0,7.662,7.571,15.438,40.237
2021-11-07,0.0,8.033,5.821,14.83,35.249
2021-11-08,39.889,6.649,7.018,13.643,33.156
2021-11-09,0.0,6.747,7.759,14.33,29.903
2021-11-10,9.555,6.219,8.205,13.929,45.939
2021-11-11,6.992,7.342,8.5,15.705,51.334
2021-11-12,28.084,5.953,8.991,14.196,43.883
2021-11-13,0.747,5.403,8.607,13.196,49.591
2021-11-14,0.0,7.005,8.241,15.089,55.27
2021-11-15,0.0,6.446,8.839,14.759,43.407
2021-11-16,0.0,6.258,8.821,14.509,37.271
2021-11-17,0.0,7.949,7.5,15.973,35.862
2021-11-18,0.0,6.107,7.455,13.339,31.325
2021-11-19,1.649,5.571,7.357,12.545,28.896
2021-11-20,17.488,5.961,8.312,13.786,26.403
2021-11-21,0.0,7.063,8.509,15.446,25.593
2021-11-22,2.405,6.819,7.509,14.42,48.409
2021-11-23,20.012,4.921,8.009,12.179,57.702
2021-11-24,0.0,5.495,8.429,13.304,48.725
2021-11-25,58.433,5.462,8.107,13.018,44.499
2021-11-26,0.0,6.447,8.429,14.625,58.372
2021-11-27,27.932,6.829,8.312,15.054,43.008
2021-11-28,4.159,6.896,7.179,14.366,38.637
2021-11-29,3.585,7.348,7.304,15.116,36.023
2021-11-30,13.411,5.905,8.277,13.777,31.802
2021-12-01,1.955,6.728,7.607,14.455,44.824
2021-12-02,0.0,8.035,6.384,15.545,41.447
2021-12-03,0.0,7.74,7.679,15.982,36.957
2021-12-04,16.255,6.99,7.625,14.866,33.58
2021-12-05,4.41,6.666,7.893,14.589,53.362
2021-12-06,0.0,6.908,7.893,14.946,48.408
2021-12-07,2.975,7.79,7.571,16.018,40.069
2021-12-08,0.0,7.734,6.455,15.188,50.605
2021-12-09,33.666,6.349,7.232,13.696,55.834
2021-12-10,28.406,6.095,7.545,13.589,43.618
2021-12-11,52.23,4.083,9.223,12.179,36.454
2021-12-12,0.0,4.539,9.143,12.705,49.792
2021-12-13,0.0,5.977,7.696,13.527,56.856
2021-12-14,0.0,6.843,7.589,14.679,45.778
2021-12-15,0.586,7.309,6.589,14.679,41.388
2021-12-16,0.0,7.306,7.062,15.018,36.965
2021-12-17,0.0,7.244,8.384,15.821,39.916
2021-12-18,0.0,5.755,9.509,14.571,45.427
2021-12-19,0.0,7.861,9.295,17.339,51.9
2021-12-20,0.0,7.801,6.786,15.545,52.555
2021-12-21,0.0,6.62,8.429,14.955,54.079
2021-12-22,0.0,6.75,10.018,16.321,33.38
2021-12-23,0.0,6.447,9.241,15.312,31.522
2021-12-24,0.0,8.36,9.08,17.875,30.041
2021-12-25,0.0,6.51,8.955,15.179,30.617
2021-12-26,3.835,6.618,9.616,15.795,28.036
2021-12-27,0.0,7.17,6.964,14.714,26.14
2021-12-28,3.327,7.084,6.696,14.42,24.39
2021-12-29,0.305,5.786,8.027,13.464,23.165
2022-01-01,0.0,5.546,9.366,14.143,24.27
2022-01-02,0.0,6.156,9.098,14.75,23.229
2022-01-03,5.111,6.1,8.25,14.036,28.743
2022-01-04,1.724,5.484,7.839,12.866,27.542
2022-01-05,0.0,5.171,8.098,12.625,39.109
2022-01-06,8.449,4.832,8.366,12.411,52.027
2022-01-07,0.0,5.168,7.902,12.455,62.952
2022-01-08,0.0,7.158,7.643,15.08,67.941
2022-01-09,0.0,7.4,6.339,14.545,61.579
2022-01-10,0.0,6.457,8.366,14.598,63.271
2022-01-11,0.0,5.904,8.295,13.75,68.134
2022-01-12,0.0,6.651,8.375,14.839,86.939
2022-01-13,5.876,4.721,8.339,12.17,75.353
2022-01-14,0.634,5.106,7.554,12.071,72.309
2022-01-15,22.228,6.622,6.696,13.554,46.377
2022-01-16,17.4,6.528,7.205,13.768,37.644
2022-01-17,1.353,6.136,6.214,12.491,29.4
2022-01-18,0.0,7.135,5.768,13.652,22.718
2022-01-19,0.0,7.598,6.429,14.75,20.65
2022-01-20,0.0,6.067,8.777,14.232,22.234
2022-01-21,0.0,7.144,7.196,14.571,25.162
2022-01-22,0.0,6.705,7.777,14.339,22.506
2022-01-23,2.31,6.726,6.536,13.491,18.361
2022-01-24,0.0,8.149,9.304,17.393,19.297
2022-01-25,6.754,4.998,8.714,12.723,21.089
2022-01-26,40.919,6.121,7.848,13.545,26.066
2022-01-27,0.0,5.302,9.027,13.321,30.574
2022-01-28,0.0,8.646,6.17,15.929,27.496
2022-01-29,0.0,7.835,7.429,15.589,24.324
2022-01-30,2.677,7.289,7.42,14.812,21.825
2022-01-31,0.0,6.211,7.75,13.527,32.864
2022-02-01,6.92,7.03,7.036,14.134,24.901
2022-02-02,0.0,6.425,7.955,13.946,23.362
2022-02-03,0.0,7.174,8.054,15.009,19.48
2022-02-04,1.528,7.69,7.25,15.143,20.358
2022-02-05,12.682,6.085,7.598,13.17,19.903
2022-02-06,1.695,5.459,8.759,13.232,30.086
2022-02-07,0.0,4.981,8.679,12.536,41.919
2022-02-08,55.694,3.36,8.705,10.714,55.729
2022-02-09,0.86,7.094,6.982,14.062,41.776
2022-02-10,2.158,8.146,7.402,15.804,36.337
2022-02-11,14.239,7.218,7.812,14.759,28.021
2022-02-12,0.0,7.369,8.143,15.214,26.257
2022-02-13,0.0,6.211,8.964,14.241,36.915
2022-02-14,30.891,4.942,8.812,12.536,44.345
2022-02-15,3.215,6.534,8.366,14.205,46.435
2022-02-16,4.204,6.6,8.205,14.152,48.492
2022-02-17,0.0,6.932,8.33,14.67,43.86
2022-02-18,21.127,5.658,7.795,12.589,37.601
2022-02-19,18.009,7.068,7.018,13.875,51.995
2022-02-20,25.378,5.91,7.643,12.812,49.489
2022-02-21,0.0,5.259,7.911,12.143,46.084
2022-02-22,0.0,7.783,6.741,14.643,61.063
2022-02-23,0.0,6.877,8.527,14.679,67.854
2022-02-24,23.897,6.274,7.92,13.438,66.374
2022-02-25,0.0,5.292,8.482,12.598,51.087
2022-02-26,0.0,5.894,8.634,13.482,45.672
2022-02-27,0.95,5.247,8.661,12.679,43.971
2022-02-28,5.726,6.334,8.509,13.938,56.292
2022-06-01,3.217,6.636,6.92,13.759,44.327
2022-06-02,14.316,5.897,7.58,13.179,59.465
2022-06-03,2.503,4.923,7.366,11.696,55.934
2022-06-04,11.859,6.423,7.429,13.83,68.522
2022-06-05,39.723,6.789,7.946,14.732,67.546
2022-06-06,18.188,8.086,7.009,15.973,76.22
2022-06-07,56.148,6.219,7.893,13.911,65.522
2022-06-08,0.381,6.284,6.723,13.152,63.299
2022-06-09,0.0,6.396,7.589,13.955,80.837
2022-06-10,0.0,7.639,7.482,15.652,73.362
2022-06-11,5.888,5.418,8.411,13.223,65.81
2022-06-12,0.809,5.674,7.857,13.161,63.413
2022-06-13,3.258,3.978,8.018,11.027,53.754
2022-06-14,0.0,6.054,7.304,13.268,69.862
2022-06-15,0.0,7.52,5.938,14.491,63.548
2022-06-16,0.202,6.637,6.821,13.777,59.763
2022-06-17,3.21,7.37,6.812,14.839,65.853
2022-06-18,4.958,7.334,6.67,14.714,53.754
2022-06-19,30.473,6.361,7.509,13.902,64.47
2022-06-20,28.52,5.535,8.321,13.312,61.932
2022-06-21,18.388,7.396,7.223,15.188,61.932
2022-06-22,0.0,5.861,8.411,13.83,68.532
2022-06-23,1.505,3.824,8.188,10.973,57.695
2022-06-24,0.0,7.021,6.723,14.295,43.35
2022-06-25,25.002,5.74,7.777,13.205,69.134
2022-06-26,0.0,4.303,7.634,11.125,68.685
2022-06-27,0.0,6.79,7.411,14.411,63.179
2022-06-28,0.0,6.416,7.509,13.938,55.587
2022-06-29,9.837,6.643,8.188,14.759,45.468
2022-06-30,4.023,5.789,8.857,14.062,37.443
2022-07-01,0.0,6.336,8.143,14.277,58.09
2022-07-02,0.0,5.828,9.018,14.232,66.726
2022-07-03,0.0,6.756,9.196,15.625,59.676
2022-07-04,0.0,6.474,8.83,14.964,61.368
2022-07-05,0.0,6.771,7.938,14.75,50.864
2022-07-06,0.0,7.159,8.446,15.634,41.008
2022-07-07,0.0,7.747,6.295,15.027,35.055
2022-07-08,0.0,5.662,7.795,13.071,44.016
2022-07-09,0.0,6.447,8.955,15.0,36.85
2022-07-10,0.0,6.269,7.857,13.929,35.381
2022-07-11,0.0,6.317,8.768,14.652,69.581
2022-07-12,0.0,8.018,6.938,15.786,68.234
2022-07-13,11.737,7.631,8.027,15.964,60.945
2022-07-14,0.0,6.924,7.857,14.812,51.04
2022-07-15,6.211,7.259,7.527,15.08,42.679
2022-07-16,0.0,7.605,7.562,15.562,40.589
2022-07-17,7.13,4.711,9.116,12.768,51.38
2022-07-18,6.891,4.895,8.277,12.321,69.633
2022-07-19,0.0,7.353,6.679,14.58,58.454
2022-07-20,0.0,5.053,7.5,11.929,43.395
2022-07-21,0.0,6.457,7.277,13.67,49.128
2022-07-22,0.0,7.817,7.116,15.473,65.034
2022-07-23,13.127,5.551,8.518,13.33,62.702
2022-07-24,0.0,6.987,8.554,15.295,68.452
2022-07-25,18.147,5.98,8.723,14.054,58.83
2022-07-26,0.0,5.702,9.188,14.018,52.344
2022-07-27,54.887,5.479,8.527,13.223,67.888
2022-07-28,0.938,5.856,8.098,13.375,62.702
2022-07-29,3.338,8.071,8.009,16.357,59.535
2022-07-30,0.964,8.214,8.598,16.946,49.972
2022-07-31,6.288,6.475,8.777,14.679,42.751
2022-08-01,0.984,7.398,8.83,15.946,61.545
2022-08-02,15.822,5.953,8.438,13.732,63.412
2022-08-03,0.0,7.013,8.536,15.196,63.695
2022-08-04,3.132,7.149,7.634,14.732,57.632
2022-08-05,0.375,5.443,8.339,12.92,54.953
2022-08-06,5.156,6.915,7.83,14.518,51.357
2022-08-07,0.0,7.885,7.705,15.759,62.778
2022-08-08,0.0,9.393,6.911,17.33,53.096
2022-08-09,3.159,6.8,7.795,14.312,42.111
2022-08-10,0.269,6.606,9.295,15.125,34.192
2022-08-11,0.0,8.222,6.179,15.161,29.786
2022-08-12,0.0,7.561,6.527,14.42,31.201
2022-08-13,0.0,6.32,7.036,13.036,28.153
2022-08-14,0.812,6.328,7.795,13.607,37.876
2022-08-15,13.949,7.488,8.027,15.312,48.944
2022-08-16,0.0,8.628,6.446,15.821,44.896
2022-08-17,3.772,8.275,6.661,15.438,33.188
2022-08-18,2.872,9.163,7.67,17.286,28.05
2022-08-19,1.737,8.443,7.688,16.339,31.201
2022-08-20,4.305,5.915,7.107,12.491,30.263
2022-09-01,0.0,9.042,5.5,15.58,61.65
2022-09-02,10.454,6.984,8.295,14.643,66.162
2022-09-03,0.627,6.739,8.964,14.812,64.823
2022-09-04,0.0,6.861,7.723,14.054,56.574
2022-09-05,0.0,6.801,6.491,13.089,50.511
2022-09-06,0.0,5.629,8.205,12.812,43.1
2022-09-07,0.0,8.475,6.179,15.161,34.792
2022-09-08,0.0,9.568,6.5,16.848,33.156
2022-09-09,0.0,8.154,7.089,15.33,28.823
2022-09-10,0.0,7.301,6.696,13.893,28.546
2022-09-11,0.0,8.812,6.321,15.696,24.696
2022-09-12,0.0,10.638,5.116,17.446,35.425
2022-09-13,32.321,8.622,6.036,15.232,41.513
2022-09-14,0.0,8.464,7.018,15.67,50.77
2022-09-15,20.944,8.565,7.366,16.036,52.978
2022-09-16,35.421,6.796,8.134,14.214,63.624
2022-09-17,0.0,7.404,7.259,14.384,53.965
2022-09-18,0.0,8.377,7.902,16.116,59.676
2022-09-19,0.0,9.166,6.304,16.143,51.992
2022-09-20,36.578,8.327,6.911,15.429,45.891
2022-09-21,21.915,6.318,7.25,12.955,35.252
2022-09-22,1.668,8.671,5.839,15.214,33.567
2022-09-23,3.464,8.129,6.929,15.143,41.653
2022-09-24,13.453,7.242,7.277,14.196,35.316
2022-09-25,3.835,8.134,7.33,15.429,34.8
2022-09-26,5.944,7.931,8.045,15.643,57.263
2022-09-27,0.112,9.067,6.679,16.268,51.992
2022-09-28,7.659,6.913,8.232,14.473,40.186
2022-09-29,7.257,8.394,7.545,15.938,31.07
2022-09-30,4.187,6.115,8.08,13.321,25.048
2022-10-01,16.328,6.517,7.527,13.464,38.972
2022-10-02,0.0,6.478,6.911,12.955,50.022
2022-10-03,0.0,7.706,7.589,15.071,63.245
2022-10-04,0.323,7.216,7.884,14.616,75.297
2022-10-05,19.607,7.226,6.446,13.643,64.221
2022-10-06,11.528,8.546,8.107,16.598,66.021
2022-10-07,0.539,7.653,7.509,14.964,57.561
2022-10-08,15.373,5.328,8.045,12.348,42.716
2022-10-09,0.0,6.757,7.688,13.911,34.564
2022-10-10,0.0,6.528,8.482,14.196,28.328
2022-10-11,0.0,7.219,6.491,13.714,23.018
2022-10-12,0.315,7.792,5.652,13.955,22.067
2022-10-13,2.174,6.855,7.08,13.634,32.063
2022-10-14,20.175,7.803,7.259,15.071,46.761
2022-10-15,23.876,6.671,8.188,14.232,47.246
2022-10-16,0.0,7.089,8.527,15.036,59.159
2022-10-17,0.0,6.509,8.152,13.982,47.257
2022-10-18,43.388,6.445,7.768,13.643,39.922
2022-10-19,10.808,6.313,7.964,13.661,35.871
2022-10-20,12.013,5.345,7.312,11.875,33.237
2022-10-21,0.0,8.416,8.375,16.786,32.011
2022-10-22,3.792,7.153,8.643,15.268,26.074
2022-10-23,21.39,6.178,8.562,13.964,21.262
2022-10-24,17.983,6.406,8.938,14.545,36.935
2022-10-25,16.633,6.771,8.598,14.759,51.663
2022-10-26,72.649,4.151,9.25,12.027,59.794
2022-10-27,13.415,6.952,8.455,14.955,43.079
2022-10-28,30.655,6.448,8.277,14.152,41.097
2022-10-29,67.059,7.014,8.045,14.786,33.36
2022-10-30,0.0,7.741,8.58,16.161,30.123
2022-10-31,0.0,9.565,4.696,16.223,40.383
2022-11-01,0.0,8.548,7.098,16.277,52.392
2022-11-02,38.493,5.425,7.893,12.571,45.696
2022-11-03,0.0,6.506,6.893,13.304,40.464
2022-11-04,0.0,6.57,7.92,14.116,35.768
2022-11-05,2.585,5.792,8.491,13.527,32.032
2022-11-06,29.501,6.622,8.062,14.33,39.694
2022-11-07,15.549,7.811,6.295,14.795,51.029
2022-11-08,21.576,6.703,7.804,14.286,42.996
2022-11-09,22.564,6.957,7.884,14.723,37.352
2022-11-10,23.079,5.914,7.955,13.357,38.354
2022-11-11,0.0,6.204,8.027,13.795,35.831
2022-11-12,16.736,5.386,7.759,12.482,28.794
2022-11-13,1.997,7.648,5.795,14.357,25.746
2022-11-14,0.0,8.296,8.554,17.125,22.741
2022-11-15,0.0,6.483,8.58,14.634,27.183
2022-11-16,8.892,5.362,9.759,14.054,37.571
2022-11-17,4.328,5.548,8.884,13.634,50.525
2022-11-18,0.751,5.54,9.214,13.884,63.689
2022-11-19,19.274,7.419,7.688,15.357,75.156
2022-11-20,0.0,5.637,9.143,13.973,64.552
2022-11-21,6.429,6.601,8.786,15.036,50.687
2022-11-22,0.0,5.849,8.973,14.152,43.215
2022-11-23,0.0,6.487,7.714,14.125,36.245
2022-11-24,0.0,6.631,6.634,13.58,48.115
2022-11-25,0.0,7.271,8.027,15.5,54.952
2022-11-26,0.0,6.05,9.473,14.812,53.084
2022-11-27,27.739,5.923,8.375,13.848,42.703
2022-11-28,1.774,6.126,7.768,13.696,36.984
2022-11-29,52.754,5.517,8.554,13.455,26.621
2022-11-30,10.394,5.833,7.875,13.42,33.381
2022-12-01,21.171,5.671,8.982,13.991,51.745
2022-12-02,9.28,7.214,8.464,15.768,46.06
2022-12-03,0.823,6.505,7.312,13.946,39.591
2022-12-04,25.143,4.769,8.232,12.223,37.909
2022-12-05,0.0,6.2,8.134,14.134,38.28
2022-12-06,0.695,5.917,7.259,13.089,56.911
2022-12-07,3.841,5.342,7.759,12.634,49.853
2022-12-08,0.0,6.253,7.804,13.973,44.205
2022-12-09,4.904,5.983,8.545,14.152,39.239
2022-12-10,0.0,6.498,8.232,14.643,35.352
2022-12-11,1.425,5.473,8.938,13.732,32.441
2022-12-12,1.304,6.099,8.071,13.946,29.611
2022-12-13,0.0,6.455,7.527,14.08,26.446
2022-12-14,3.379,6.148,8.438,14.295,22.836
2022-12-15,0.0,7.492,6.161,14.679,21.637
2022-12-16,0.0,7.97,6.723,15.759,31.97
2022-12-17,0.578,7.39,7.205,15.223,40.508
2022-12-18,4.619,6.533,6.304,13.33,53.308
2022-12-19,0.0,8.047,5.714,15.232,55.657
2022-12-20,1.186,7.399,7.893,15.688,63.131
2022-12-21,14.617,7.834,7.107,15.795,57.702
2022-12-22,0.0,6.94,8.259,15.286,50.84
2022-12-23,1.686,7.846,7.509,16.08,43.231
2022-12-24,2.642,5.725,8.393,13.661,41.27
2022-12-25,20.939,7.227,6.554,14.545,44.638
2022-12-26,0.555,5.017,8.348,12.661,73.97
2022-12-27,0.555,6.717,7.446,14.375,64.08
2022-12-28,0.555,7.715,6.75,15.357,56.01
2022-12-29,0.555,8.362,5.562,15.58,50.934
2022-12-30,1.152,8.838,4.768,15.795,45.667
2022-12-31,12.647,6.403,7.188,13.732,35.167
