fecha,Precipitacion,ETP_,Temperatura_minima,Temperatura_maxima,Caudal
1981-01-01,2.936,8.699,14.845,22.541,131.6
1981-01-02,3.86,10.711,12.28,23.413,105.4
1981-01-03,1.137,10.167,13.842,23.72,100.4
1981-01-04,0.0,10.027,13.402,23.228,87.6
1981-01-05,0.0,8.699,13.655,21.66,83.2
1981-01-06,1.249,9.698,13.272,22.679,78.2
1981-01-07,0.0,8.585,13.057,21.057,75.1
1981-01-08,1.545,7.752,13.266,20.106,75.2
1981-01-09,0.599,8.438,14.133,21.592,65.6
1981-01-10,0.493,10.065,13.818,23.473,62.7
1981-01-11,20.487,9.347,13.122,22.046,59.8
1981-01-12,1.364,8.627,13.842,21.625,56.8
1981-01-13,0.0,9.486,13.902,22.731,63.3
1981-01-14,0.0,8.964,14.921,22.764,56.8
1981-01-15,0.237,9.303,13.5,22.188,52.4
1981-01-16,0.276,9.864,12.984,22.543,50.2
1981-01-17,0.0,9.785,13.606,22.853,48.9
1981-01-18,0.0,10.255,13.688,23.484,47.3
1981-01-19,0.0,10.442,13.772,23.793,46.2
1981-01-20,0.0,9.91,12.671,22.345,44.7
1981-01-21,2.636,9.108,14.024,22.223,43.8
1981-01-22,2.686,9.522,13.571,22.405,42.6
1981-01-23,0.011,9.324,13.995,22.448,41.5
1981-01-24,0.0,9.196,13.424,21.886,40.5
1981-01-25,0.0,8.673,14.535,21.992,39.5
1981-01-26,0.0,11.071,12.541,23.606,38.5
1981-01-27,0.947,10.163,13.421,22.984,38.4
1981-01-28,0.0,10.186,13.481,23.035,38.7
1981-01-29,0.0,8.316,14.655,21.554,39.3
1981-01-30,0.0,10.094,12.31,22.087,37.4
1981-01-31,10.482,8.051,15.321,21.66,37.7
1981-02-01,9.477,7.175,14.886,20.304,47.7
1981-02-02,3.304,8.759,14.696,22.014,46.1
1981-02-03,9.292,7.78,14.141,20.413,39.7
1981-02-04,7.731,7.74,15.024,21.038,49.2
1981-02-05,3.013,8.468,13.307,20.609,39.2
1981-02-06,0.931,8.165,14.837,21.307,50.3
1981-02-07,5.919,8.767,13.685,21.204,38.6
1981-02-08,3.429,9.255,14.147,22.114,36.7
1981-02-09,0.293,7.81,15.402,21.288,38.6
1981-02-10,10.502,10.502,13.617,23.207,53.2
1981-02-11,0.901,9.624,13.625,22.122,38.4
1981-02-12,25.613,6.362,14.976,19.283,54.2
1981-02-13,0.0,7.912,14.965,21.024,44.0
1981-02-14,0.0,6.321,15.769,19.88,52.7
1981-02-15,0.0,8.482,15.378,21.935,53.9
1981-02-16,0.0,9.203,16.451,23.546,45.2
1981-02-17,1.529,8.629,14.842,21.655,57.3
1981-02-18,10.41,8.535,14.764,21.514,44.0
1981-02-19,12.142,7.321,15.293,20.505,60.5
1981-02-20,11.297,7.595,15.277,20.777,127.5
1981-02-21,3.181,10.85,12.372,22.562,69.0
1981-02-22,2.55,8.498,15.261,21.791,56.0
1981-02-23,12.816,6.998,14.774,19.726,64.4
1981-02-24,10.281,8.452,15.261,21.685,64.8
1981-02-25,0.0,8.848,14.715,21.704,53.4
1981-02-26,0.0,8.637,15.622,22.139,48.4
1981-02-27,0.059,10.206,15.13,23.557,43.1
1981-02-28,0.118,9.539,15.875,23.299,40.5
1981-03-01,0.274,11.651,14.649,24.878,38.5
1981-03-02,20.552,9.524,15.793,23.179,37.5
1981-03-03,17.67,10.367,15.13,23.685,47.7
1981-03-04,0.276,11.438,14.696,24.63,37.1
1981-03-05,7.224,9.049,14.78,21.932,35.0
1981-03-06,11.923,6.28,15.802,19.658,142.4
1981-03-07,5.25,8.637,15.755,22.111,72.1
1981-03-08,14.204,7.441,16.109,21.144,77.3
1981-03-09,16.594,7.509,15.745,20.91,71.3
1981-03-10,29.684,6.547,16.035,20.106,168.2
1981-03-11,10.559,9.595,15.03,22.628,116.9
1981-03-12,11.684,8.568,14.677,21.196,83.2
1981-03-13,11.028,8.918,15.28,22.046,79.9
1981-03-14,0.331,9.079,15.609,22.457,74.8
1981-03-15,7.329,10.156,15.304,23.427,129.9
1981-03-16,0.0,9.526,15.856,23.098,86.2
1981-03-17,6.092,9.146,15.144,22.144,70.2
1981-03-18,0.115,10.861,14.715,23.807,112.6
1981-03-19,2.379,10.106,13.261,21.899,73.2
1981-03-20,5.125,10.402,14.674,23.226,70.1
1981-03-21,3.97,10.669,15.092,23.859,72.0
1981-03-22,11.434,9.21,15.432,22.418,80.4
1981-03-23,1.667,10.602,14.236,23.149,74.1
1981-03-24,0.085,10.476,14.038,22.878,62.3
1981-03-25,1.846,11.904,13.076,23.875,64.4
1981-03-26,5.715,8.832,14.201,21.098,80.8
1981-03-27,0.173,10.306,14.163,22.742,72.6
1981-03-28,1.208,11.708,13.378,23.872,69.5
1981-03-29,11.124,10.052,13.495,21.997,58.2
1981-03-30,5.193,9.525,15.274,22.639,46.2
1981-03-31,5.365,10.01,14.592,22.717,41.8
1981-04-01,0.0,11.571,13.285,23.636,37.7
1981-04-02,7.099,9.361,13.562,21.226,49.4
1981-04-03,14.305,9.226,14.541,21.799,59.8
1981-04-04,1.675,8.464,15.253,21.511,58.3
1981-04-05,14.725,4.71,15.772,18.13,88.0
1981-04-06,1.701,8.918,15.549,22.171,98.6
1981-04-07,6.049,7.988,15.497,21.168,74.5
1981-04-08,3.523,8.089,15.402,21.163,67.9
1981-04-09,14.936,8.593,15.932,22.16,69.7
1981-04-10,0.0,11.37,14.75,24.435,62.6
1981-04-11,13.826,7.933,16.432,21.823,56.4
1981-04-12,23.361,6.429,16.62,20.457,58.5
1981-04-13,1.228,8.072,15.954,21.63,72.1
1981-04-14,6.222,7.656,15.878,21.122,88.0
1981-04-15,10.241,8.957,15.372,22.147,109.2
1981-04-16,5.995,7.253,16.149,20.897,142.4
1981-04-17,11.335,9.368,15.47,22.712,121.5
1981-04-18,18.297,8.123,14.541,20.641,121.4
1981-04-19,46.659,5.451,14.978,18.117,329.6
1981-04-20,2.622,9.441,14.451,22.076,199.1
1981-04-21,0.198,11.433,14.753,24.652,141.1
1981-04-22,15.609,8.929,15.432,22.209,175.7
1981-04-23,11.67,8.456,15.378,21.688,163.7
1981-04-24,18.927,7.696,16.054,21.372,206.0
1981-04-25,1.184,10.004,15.728,23.739,153.1
1981-04-26,27.162,7.339,16.462,21.397,131.8
1981-04-27,27.017,6.311,15.995,19.902,169.9
1981-04-28,0.22,7.258,15.103,20.174,258.7
1981-04-29,0.579,8.629,14.875,21.546,202.4
1981-04-30,11.426,10.49,14.321,23.353,205.3
1981-05-01,7.406,8.593,14.587,21.329,248.0
1981-05-02,8.498,9.916,14.166,22.584,199.7
1981-05-03,14.876,8.755,14.641,21.571,332.2
1981-05-04,5.696,7.302,15.13,20.345,240.8
1981-05-05,18.167,8.068,14.478,20.693,286.9
1981-05-06,24.997,7.034,14.728,19.693,258.3
1981-05-07,0.782,10.135,14.215,22.954,225.5
1981-05-08,14.125,6.115,14.451,18.478,234.1
1981-05-09,0.529,8.15,14.375,20.745,212.1
1981-05-10,2.33,9.821,14.035,22.489,178.9
1981-05-11,15.342,9.343,15.101,22.736,259.4
1981-05-12,1.665,9.585,14.707,22.734,211.2
1981-05-13,0.885,9.536,15.443,23.212,180.5
1981-05-14,20.902,6.453,16.364,20.508,251.6
1981-05-15,9.776,8.741,15.546,22.413,188.0
1981-05-16,17.478,5.778,16.057,19.582,230.0
1981-05-17,3.006,7.272,15.533,20.745,202.6
1981-05-18,5.748,8.321,15.283,21.747,170.9
1981-05-19,0.392,8.895,15.117,22.304,155.0
1981-05-20,2.422,12.644,13.378,25.707,139.6
1981-05-21,2.3,9.889,16.527,24.533,128.2
1981-05-22,6.914,9.341,15.693,23.312,127.5
1981-05-23,29.561,7.654,15.405,21.144,146.9
1981-05-24,17.973,7.747,15.842,21.579,161.8
1981-05-25,9.175,5.971,15.668,19.503,222.2
1981-05-26,9.769,9.31,15.948,23.481,169.4
1981-05-27,19.143,7.172,14.834,20.152,150.5
1981-05-28,5.93,8.787,15.057,22.236,156.8
1981-05-29,14.138,7.605,15.924,21.543,157.8
1981-05-30,8.906,8.494,15.198,22.019,207.8
1981-05-31,16.286,9.081,15.543,22.965,242.2
1981-06-01,14.513,7.281,16.348,21.538,199.4
1981-06-02,7.821,9.163,14.731,22.508,270.4
1981-06-03,0.0,10.31,15.674,24.59,188.6
1981-06-04,0.0,10.192,14.133,23.394,170.3
1981-06-05,0.0,10.163,15.728,24.481,144.5
1981-06-06,2.396,8.456,15.701,22.448,136.6
1981-06-07,7.271,6.185,15.948,20.109,204.0
1981-06-08,5.155,7.467,15.141,20.859,145.0
1981-06-09,20.418,7.166,15.198,20.541,216.8
1981-06-10,7.533,8.686,14.655,21.929,193.7
1981-06-11,6.219,8.76,15.19,22.443,141.7
1981-06-12,7.243,7.946,15.024,21.345,154.9
1981-06-13,6.567,6.982,15.943,20.927,135.9
1981-06-14,0.062,8.562,14.698,21.845,123.7
1981-06-15,4.588,7.971,15.307,21.609,129.0
1981-06-16,7.61,9.207,12.883,21.353,141.8
1981-06-17,9.313,9.156,14.87,22.712,125.5
1981-06-18,11.635,6.387,15.242,19.674,144.9
1981-06-19,0.0,9.801,14.296,23.106,133.0
1981-06-20,2.349,8.665,15.185,22.345,116.9
1981-06-21,2.657,8.636,14.03,21.47,106.8
1981-06-22,4.195,8.799,14.033,21.666,118.0
1981-06-23,13.109,8.783,14.128,21.715,130.8
1981-06-24,5.647,9.248,14.459,22.541,114.5
1981-06-25,1.626,8.245,14.576,21.37,98.3
1981-06-26,0.0,9.544,14.486,22.935,90.7
1981-06-27,0.116,8.175,14.201,21.022,87.7
1981-06-28,1.761,8.449,15.128,22.065,85.1
1981-06-29,9.318,8.014,14.117,20.793,90.8
1981-06-30,21.001,6.488,14.522,19.231,139.3
1981-07-01,6.164,8.761,15.155,22.438,122.1
1981-07-02,5.513,9.775,14.535,23.239,128.4
1981-07-03,12.526,9.031,15.633,23.103,103.3
1981-07-04,1.347,9.046,14.389,22.226,103.5
1981-07-05,0.0,9.56,14.473,22.927,104.3
1981-07-06,4.213,8.711,14.967,22.223,99.4
1981-07-07,3.734,9.624,14.606,23.071,87.3
1981-07-08,8.448,10.178,15.28,24.215,84.7
1981-07-09,5.315,8.654,13.921,21.356,85.4
1981-07-10,2.617,8.75,14.552,21.938,97.0
1981-07-11,0.577,8.944,15.497,22.861,127.1
1981-07-12,0.756,8.299,15.019,21.717,87.8
1981-07-13,0.082,9.522,15.133,23.293,79.3
1981-07-14,0.393,9.704,13.462,22.304,75.7
1981-07-15,0.0,8.834,14.962,22.291,72.7
1981-07-16,0.884,8.929,14.614,22.158,73.3
1981-07-17,18.032,6.979,14.516,19.774,143.9
1981-07-18,0.17,9.074,15.261,22.785,121.6
1981-07-19,0.0,9.633,14.856,23.158,77.1
1981-07-20,15.7,9.216,14.772,22.562,83.1
1981-07-21,0.0,10.665,13.068,23.19,97.4
1981-07-22,0.0,10.448,14.473,23.864,77.1
1981-07-23,0.0,10.624,15.207,24.552,62.5
1981-07-24,0.0,10.792,14.25,24.095,64.7
1981-07-25,0.0,11.048,14.41,24.5,61.6
1981-07-26,0.0,10.728,13.359,23.378,58.9
1981-07-27,0.0,11.708,14.304,25.201,57.5
1981-07-28,0.249,10.067,14.821,23.522,55.6
1981-07-29,0.061,11.265,13.438,24.043,54.5
1981-07-30,0.0,10.488,15.611,24.56,53.7
1981-07-31,0.0,11.109,15.22,25.038,51.4
1981-08-01,0.0,10.029,15.302,23.772,51.0
1981-08-02,4.333,8.305,15.13,21.625,48.9
1981-08-03,0.202,11.054,14.568,24.478,48.3
1981-08-04,0.0,10.689,15.147,24.408,47.3
1981-08-05,0.067,11.399,15.595,25.56,45.7
1981-08-06,0.576,9.747,15.519,23.541,44.7
1981-08-07,9.461,10.136,13.179,22.329,53.9
1981-08-08,1.881,10.09,15.182,23.655,73.2
1981-08-09,11.119,10.077,15.416,23.802,50.2
1981-08-10,0.0,10.352,15.288,24.03,47.2
1981-08-11,2.46,9.409,15.446,23.022,43.6
1981-08-12,13.06,6.677,15.856,20.277,46.4
1981-08-13,1.719,6.904,15.62,20.34,56.3
1981-08-14,3.922,10.246,14.435,23.261,43.9
1981-08-15,0.0,10.128,14.082,22.832,40.9
1981-08-16,0.0,10.967,13.655,23.546,39.5
1981-08-17,1.823,8.068,14.625,20.818,42.8
1981-08-18,12.798,9.416,14.062,21.962,49.7
1981-08-19,0.0,10.652,14.519,23.734,44.4
1981-08-20,0.0,11.004,14.367,24.043,39.0
1981-08-21,1.54,9.434,13.957,21.875,36.9
1981-08-22,16.147,8.424,13.568,20.364,55.2
1981-08-23,7.113,7.266,14.935,20.098,60.9
1981-08-24,5.74,10.617,14.543,23.63,56.4
1981-08-25,15.04,6.975,14.908,19.715,54.3
1981-08-26,0.0,8.883,13.984,21.19,49.6
1981-08-27,0.525,8.547,14.894,21.476,42.0
1981-08-28,0.0,9.64,13.959,22.043,39.5
1981-08-29,0.109,11.269,11.791,22.527,37.5
1981-08-30,23.999,9.073,13.989,21.383,45.8
1981-08-31,9.327,7.515,13.984,19.549,50.7
1981-09-01,3.498,7.365,13.823,19.245,95.2
1981-09-02,0.974,8.416,14.016,20.592,80.7
1981-09-03,4.296,8.2,14.068,20.372,72.3
1981-09-04,8.03,9.829,13.432,21.848,51.5
1981-09-05,1.629,9.298,13.774,21.438,46.5
1981-09-06,13.341,9.426,14.592,22.171,42.6
1981-09-07,8.399,9.425,14.13,21.859,41.6
1981-09-08,0.0,9.123,14.88,22.049,42.0
1981-09-09,11.544,10.544,13.916,23.008,48.5
1981-09-10,0.0,9.936,14.128,22.418,43.2
1981-09-11,2.942,7.801,13.959,19.826,90.4
1981-09-12,2.03,10.44,12.753,22.065,69.8
1981-09-13,0.868,9.222,13.432,21.095,59.8
1981-09-14,1.29,10.241,13.902,22.641,49.1
1981-09-15,16.208,8.424,15.136,21.421,57.3
1981-09-16,2.671,10.291,14.476,23.073,60.3
1981-09-17,1.331,10.137,13.524,22.239,42.0
1981-09-18,0.0,10.777,14.264,23.511,39.1
1981-09-19,3.051,8.002,13.913,20.005,37.3
1981-09-20,0.0,10.082,14.114,22.595,40.7
1981-09-21,2.557,9.84,15.179,23.06,37.4
1981-09-22,0.794,11.338,13.821,23.861,34.0
1981-09-23,0.482,12.229,13.772,24.918,31.5
1981-09-24,0.0,10.848,15.09,24.193,29.6
1981-09-25,2.679,9.75,14.87,22.755,28.1
1981-09-26,0.0,10.077,15.207,23.424,28.3
1981-09-27,1.667,10.296,14.31,23.022,27.9
1981-09-28,5.166,9.302,15.312,22.595,30.9
1981-09-29,1.503,10.314,14.304,23.065,27.8
1981-09-30,4.444,10.83,14.856,24.087,27.1
1981-10-01,18.486,9.238,14.09,21.644,29.1
1981-10-02,0.0,9.396,13.769,21.62,31.6
1981-10-03,0.629,8.255,13.696,20.245,27.6
1981-10-04,7.018,8.672,13.75,20.75,44.9
1981-10-05,4.266,9.91,14.312,22.63,45.2
1981-10-06,5.929,8.887,14.41,21.552,32.6
1981-10-07,22.546,6.953,14.87,19.731,38.7
1981-10-08,5.673,7.831,13.122,19.383,43.9
1981-10-09,1.985,8.119,14.323,20.611,36.7
1981-10-10,11.012,6.968,15.155,20.003,56.0
1981-10-11,1.734,7.712,14.291,20.168,51.6
1981-10-12,6.533,8.448,14.293,20.992,48.2
1981-10-13,5.831,8.956,13.84,21.302,54.6
1981-10-14,5.093,9.938,13.568,22.285,83.7
1981-10-15,16.854,7.106,15.424,20.408,87.7
1981-10-16,0.0,8.362,15.076,21.524,71.8
1981-10-17,0.0,9.23,14.668,22.266,49.9
1981-10-18,6.668,8.651,14.598,21.565,50.1
1981-10-19,13.583,8.985,12.995,20.821,77.0
1981-10-20,0.0,10.406,13.905,23.204,44.3
1981-10-21,0.943,10.391,13.527,22.935,37.6
1981-10-22,15.338,7.406,15.12,20.565,45.6
1981-10-23,1.915,6.776,15.715,20.332,72.7
1981-10-24,24.466,7.595,15.062,20.731,124.7
1981-10-25,8.485,9.751,14.12,22.639,93.7
1981-10-26,14.134,7.466,15.34,20.848,75.9
1981-10-27,11.676,7.68,14.519,20.47,88.6
1981-10-28,9.274,7.666,14.842,20.728,83.0
1981-10-29,3.424,9.113,14.554,22.242,100.1
1981-10-30,41.772,6.216,15.076,19.296,177.2
1981-10-31,11.486,7.736,14.685,20.726,149.3
1981-11-01,6.976,7.231,14.842,20.261,196.5
1981-11-02,0.0,9.606,13.837,22.41,118.3
1981-11-03,0.0,10.49,13.584,23.372,95.0
1981-11-04,0.0,8.357,14.497,21.451,90.1
1981-11-05,6.557,8.562,15.101,22.136,142.8
1981-11-06,7.48,10.04,13.416,22.799,84.2
1981-11-07,19.593,8.555,14.812,21.948,87.3
1981-11-08,15.611,8.087,14.837,21.429,125.8
1981-11-09,12.843,8.52,15.062,22.136,192.8
1981-11-10,13.911,7.303,14.91,20.538,102.5
1981-11-11,8.118,9.286,13.897,22.245,126.6
1981-11-12,21.497,8.198,15.337,21.976,215.2
1981-11-13,11.6,6.778,15.861,20.742,211.3
1981-11-14,10.715,6.38,15.772,20.217,196.9
1981-11-15,2.54,7.507,14.791,20.774,178.3
1981-11-16,39.617,7.712,15.209,21.361,156.2
1981-11-17,2.706,8.095,15.277,21.878,169.1
1981-11-18,13.282,6.399,14.565,19.34,142.0
1981-11-19,1.115,8.487,14.812,22.052,162.6
1981-11-20,17.803,6.335,14.954,19.557,228.0
1981-11-21,19.467,7.011,14.62,20.141,283.7
1981-11-22,0.127,7.397,14.731,20.696,212.0
1981-11-23,2.01,8.199,14.856,21.783,181.5
1981-11-24,8.987,8.631,13.989,21.715,177.2
1981-11-25,18.374,7.513,14.079,20.37,198.5
1981-11-26,2.245,8.82,13.53,21.647,140.0
1981-11-27,12.06,8.411,14.62,21.916,131.0
1981-11-28,8.178,7.944,14.745,21.451,154.6
1981-11-29,22.667,7.092,13.533,19.481,338.2
1981-11-30,0.0,7.176,14.057,19.989,270.5
1981-12-01,12.766,7.811,15.201,21.679,184.9
1981-12-02,10.024,8.914,13.88,22.122,160.8
1981-12-03,6.08,8.605,14.318,22.033,137.9
1981-12-04,15.274,9.857,12.655,22.533,127.7
1981-12-05,5.01,6.188,15.774,20.188,160.6
1981-12-06,13.37,6.745,15.312,20.478,360.4
1981-12-07,0.588,7.569,15.527,21.647,180.7
1981-12-08,0.0,8.653,15.807,23.215,147.6
1981-12-09,1.779,9.264,14.101,22.783,134.0
1981-12-10,6.8,8.047,14.622,21.587,130.5
1981-12-11,1.063,6.413,14.834,19.772,117.3
1981-12-12,8.176,8.646,13.774,21.736,109.9
1981-12-13,0.197,8.427,14.842,22.245,100.3
1981-12-14,2.25,7.965,14.707,21.557,97.9
1981-12-15,0.0,8.907,14.391,22.592,94.9
1981-12-16,0.167,10.304,14.011,24.125,87.7
1981-12-17,0.0,9.624,13.696,23.011,82.1
1981-12-18,0.44,7.807,14.155,21.005,82.9
1981-12-19,0.0,8.549,14.886,22.478,95.6
1981-12-20,25.689,7.305,14.899,20.927,104.7
1981-12-21,6.43,6.426,14.943,19.851,136.0
1981-12-22,10.213,7.132,15.071,20.788,144.9
1981-12-23,0.0,8.919,15.035,23.019,99.5
1981-12-24,0.0,8.393,14.832,22.198,85.1
1981-12-25,7.632,7.788,14.562,21.247,84.0
1981-12-26,1.979,8.136,14.785,21.818,114.8
1981-12-27,0.0,7.713,15.53,21.842,82.0
1981-12-28,0.0,10.088,12.791,22.962,74.7
1981-12-29,28.71,5.804,14.87,19.014,70.5
1981-12-30,11.517,8.576,13.859,21.704,73.2
1981-12-31,0.0,6.478,15.291,20.177,99.2
1982-01-01,14.047,8.473,14.247,21.834,107.8
1982-01-02,5.004,7.158,14.402,20.272,170.3
1982-01-03,36.527,7.051,15.503,20.978,247.1
1982-01-04,25.498,6.061,15.302,19.644,320.3
1982-01-05,0.798,6.682,14.905,20.049,380.2
1982-01-06,0.0,6.172,14.905,19.41,347.8
1982-01-07,0.98,6.218,15.014,19.568,355.4
1982-01-08,0.0,8.276,13.28,20.804,408.5
1982-01-09,0.0,8.832,13.747,21.837,288.5
1982-01-10,7.229,8.307,14.557,21.728,266.8
1982-01-11,0.0,9.827,14.217,23.448,229.2
1982-01-12,0.0,10.221,12.296,22.628,203.5
1982-01-13,0.0,9.874,13.337,22.848,182.7
1982-01-14,0.0,9.233,13.639,22.217,160.1
1982-01-15,0.0,9.684,13.938,22.986,158.6
1982-01-16,0.0,10.522,12.677,23.223,140.3
1982-01-17,0.407,8.462,14.166,21.568,130.8
1982-01-18,0.0,9.245,14.37,22.668,124.7
1982-01-19,0.0,11.43,13.921,25.133,118.2
1982-01-20,0.0,10.69,13.413,23.851,113.7
1982-01-21,0.0,12.276,12.022,24.989,109.8
1982-01-22,0.0,9.615,13.571,22.503,104.6
1982-01-23,0.0,10.612,13.315,23.598,100.9
1982-01-24,0.0,9.535,13.465,22.321,97.1
1982-01-25,0.0,8.793,13.997,21.677,93.0
1982-01-26,9.346,8.672,15.166,22.383,92.6
1982-01-27,0.0,7.04,14.918,20.228,129.6
1982-01-28,2.94,6.1,15.777,19.864,100.9
1982-01-29,25.305,7.219,13.799,19.568,102.3
1982-01-30,45.679,8.493,14.53,21.606,94.0
1982-01-31,3.46,8.59,13.668,21.087,88.2
1982-02-01,7.777,9.2,14.095,22.16,87.7
1982-02-02,8.034,8.597,13.87,21.236,86.7
1982-02-03,0.0,9.797,14.872,23.408,101.6
1982-02-04,0.0,8.565,14.935,21.943,88.7
1982-02-05,4.985,7.682,15.307,21.111,97.4
1982-02-06,6.091,7.488,14.715,20.432,98.8
1982-02-07,14.257,8.649,15.141,22.09,136.2
1982-02-08,0.978,9.707,14.826,23.133,111.0
1982-02-09,6.894,9.694,15.418,23.53,92.4
1982-02-10,15.693,8.395,15.13,21.731,94.2
1982-02-11,15.938,9.365,15.728,23.291,103.7
1982-02-12,13.259,6.978,16.649,21.321,103.8
1982-02-13,0.525,9.381,14.976,22.736,108.5
1982-02-14,1.004,8.742,15.88,22.666,111.3
1982-02-15,22.8,8.16,16.223,22.201,219.2
1982-02-16,0.0,8.629,16.03,22.557,176.8
1982-02-17,0.0,8.901,15.117,22.171,143.2
1982-02-18,0.0,9.676,15.538,23.37,148.3
1982-02-19,0.326,6.961,15.913,20.647,149.0
1982-02-20,9.05,6.606,15.818,20.139,164.4
1982-02-21,1.874,8.833,15.875,22.582,165.1
1982-02-22,2.958,8.596,16.038,22.484,130.5
1982-02-23,1.68,8.583,15.742,22.207,117.9
1982-02-24,7.094,10.074,14.848,23.25,124.1
1982-02-25,2.457,9.933,15.995,23.899,102.1
1982-02-26,5.193,10.181,14.829,23.367,97.6
1982-02-27,2.718,8.467,15.954,22.226,91.5
1982-02-28,9.318,9.005,15.114,22.139,100.3
1982-03-01,5.873,7.934,15.889,21.579,111.3
1982-03-02,3.943,7.487,15.486,20.709,142.7
1982-03-03,30.993,10.825,15.144,24.226,192.5
1982-03-04,0.0,8.457,15.212,21.562,127.4
1982-03-05,0.0,9.521,15.47,22.951,132.9
1982-03-06,0.0,10.037,14.457,22.802,114.2
1982-03-07,3.253,12.291,13.557,24.845,116.3
1982-03-08,6.603,8.53,14.842,21.329,105.5
1982-03-09,4.479,10.962,12.815,22.709,132.3
1982-03-10,0.0,8.778,15.875,22.345,93.3
1982-03-11,1.551,8.57,15.277,21.625,93.2
1982-03-12,1.36,6.987,16.492,20.918,92.8
1982-03-13,7.554,9.833,14.37,22.418,94.7
1982-03-14,19.941,7.882,15.587,21.106,102.6
1982-03-15,3.468,9.41,16.247,23.31,89.5
1982-03-16,10.583,8.217,16.073,21.84,136.8
1982-03-17,8.319,9.889,15.668,23.375,127.5
1982-03-18,0.982,8.361,16.122,21.984,129.1
1982-03-19,8.06,7.725,16.508,21.652,118.5
1982-03-20,1.434,8.847,15.682,22.223,107.2
1982-03-21,7.402,9.481,15.978,23.111,108.6
1982-03-22,0.066,9.081,15.136,22.033,92.7
1982-03-23,9.66,10.38,14.772,23.258,94.7
1982-03-24,8.364,8.944,15.758,22.37,97.2
1982-03-25,0.273,9.841,15.554,23.207,92.9
1982-03-26,15.99,6.51,17.087,20.87,84.4
1982-03-27,5.657,9.403,15.473,22.658,81.8
1982-03-28,0.0,9.032,15.94,22.584,99.0
1982-03-29,0.108,7.864,16.421,21.72,85.6
1982-03-30,10.16,9.853,14.639,22.568,82.0
1982-03-31,0.0,9.548,15.329,22.723,83.9
1982-04-01,1.836,8.882,15.902,22.391,82.6
1982-04-02,13.737,8.591,14.774,21.228,82.5
1982-04-03,15.654,7.271,16.122,20.87,82.2
1982-04-04,12.601,6.087,16.122,19.677,112.1
1982-04-05,8.236,8.293,15.614,21.562,120.0
1982-04-06,9.493,7.337,15.084,20.079,92.6
1982-04-07,2.987,9.471,14.981,22.356,99.8
1982-04-08,20.11,7.522,15.234,20.397,121.7
1982-04-09,10.64,6.768,15.742,20.038,102.3
1982-04-10,0.729,7.165,15.31,20.117,98.7
1982-04-11,4.802,8.538,15.084,21.454,103.4
1982-04-12,21.744,7.463,15.041,20.228,266.6
1982-04-13,0.0,9.631,15.212,22.785,166.9
1982-04-14,2.368,9.911,15.383,23.223,133.1
1982-04-15,4.358,10.829,14.97,23.989,115.7
1982-04-16,0.0,8.826,16.582,22.927,102.6
1982-04-17,23.834,6.684,16.071,20.269,252.7
1982-04-18,0.0,8.499,15.152,21.505,241.5
1982-04-19,20.308,8.189,15.995,21.796,264.0
1982-04-20,22.498,8.646,16.353,22.595,208.7
1982-04-21,2.437,8.061,15.266,21.106,168.0
1982-04-22,0.748,9.961,14.715,22.91,150.5
1982-04-23,3.095,8.395,15.092,21.399,148.6
1982-04-24,15.282,9.176,15.408,22.492,174.6
1982-04-25,0.0,9.671,15.734,23.321,120.7
1982-04-26,17.256,9.455,15.285,22.774,138.0
1982-04-27,2.583,10.663,14.899,23.921,168.0
1982-04-28,45.346,6.711,14.932,19.418,154.1
1982-04-29,0.478,9.871,13.957,22.326,190.2
1982-04-30,10.8,8.455,15.22,21.652,201.6
1982-05-01,6.483,9.567,14.739,22.579,207.5
1982-05-02,20.757,9.335,14.761,22.304,178.3
1982-05-03,1.231,9.574,15.136,22.897,179.6
1982-05-04,6.163,9.508,15.054,22.769,227.9
1982-05-05,13.524,9.162,15.375,22.62,162.8
1982-05-06,1.44,9.495,15.062,22.818,135.3
1982-05-07,10.085,8.411,15.755,22.092,150.5
1982-05-08,5.073,8.39,15.63,21.995,133.5
1982-05-09,6.911,7.498,15.299,20.701,131.2
1982-05-10,7.761,7.437,14.78,20.288,118.6
1982-05-11,0.069,9.475,14.783,22.668,106.6
1982-05-12,6.614,10.369,14.978,23.889,127.1
1982-05-13,8.7,9.515,14.462,22.5,113.7
1982-05-14,4.34,8.883,15.44,22.492,123.8
1982-05-15,9.926,7.794,15.348,21.166,109.8
1982-05-16,2.747,8.929,15.364,22.495,113.6
1982-05-17,17.0,8.538,15.633,22.285,122.0
1982-05-18,28.076,7.297,15.245,20.549,125.0
1982-05-19,7.826,6.584,15.043,19.62,143.7
1982-05-20,4.368,8.375,14.938,21.633,117.5
1982-05-21,23.188,8.082,15.174,21.416,249.8
1982-05-22,4.554,6.104,15.951,19.924,176.2
1982-05-23,2.971,7.815,14.535,20.628,205.6
1982-05-24,3.569,8.429,14.31,21.253,167.2
1982-05-25,27.015,6.792,15.212,20.043,140.6
1982-05-26,0.663,7.837,14.641,20.793,216.4
1982-05-27,6.051,6.941,16.054,20.88,139.2
1982-05-28,6.99,8.105,14.391,20.913,135.0
1982-05-29,7.366,7.087,15.092,20.283,138.5
1982-05-30,0.0,9.712,14.552,23.03,126.1
1982-05-31,5.395,8.835,15.552,22.69,110.7
1982-06-01,3.185,9.051,15.72,23.071,111.4
1982-06-02,0.492,9.139,16.103,23.5,102.3
1982-06-03,2.226,9.278,15.332,23.106,95.9
1982-06-04,8.592,8.79,14.636,22.024,85.5
1982-06-05,0.511,7.919,15.785,21.842,79.4
1982-06-06,10.909,9.547,14.647,22.951,79.5
1982-06-07,1.752,8.24,15.402,21.938,77.5
1982-06-08,2.422,9.386,14.595,22.753,78.0
1982-06-09,0.0,9.04,14.236,22.076,77.5
1982-06-10,8.434,8.81,14.905,22.283,81.1
1982-06-11,1.036,8.699,15.606,22.679,84.5
1982-06-12,7.378,6.996,15.571,20.647,86.1
1982-06-13,1.128,9.728,14.617,23.215,86.0
1982-06-14,6.179,8.768,14.573,21.995,84.4
1982-06-15,0.662,9.76,13.584,22.554,84.4
1982-06-16,0.0,9.84,13.927,22.897,84.9
1982-06-17,0.0,8.752,15.076,22.375,83.9
1982-06-18,1.558,9.236,14.082,22.247,81.1
1982-06-19,5.955,9.599,14.832,23.228,77.5
1982-06-20,7.829,9.055,12.658,21.014,76.5
1982-06-21,2.242,9.92,13.109,22.44,73.0
1982-06-22,3.74,9.342,14.332,22.571,73.5
1982-06-23,0.0,9.158,15.318,23.054,66.5
1982-06-24,3.694,8.292,14.989,21.755,61.7
1982-06-25,2.545,9.762,14.348,23.098,61.0
1982-06-26,0.34,9.832,14.149,23.062,64.6
1982-06-27,1.258,8.956,14.897,22.473,58.8
1982-06-28,0.792,9.401,15.481,23.462,56.4
1982-06-29,0.0,9.801,15.041,23.625,52.4
1982-06-30,2.429,9.812,15.438,23.902,51.2
1982-07-01,1.525,9.932,15.967,24.438,52.4
1982-07-02,4.067,8.903,15.291,22.712,52.0
1982-07-03,2.66,9.88,15.296,23.913,51.2
1982-07-04,0.0,8.505,15.391,22.312,51.2
1982-07-05,0.784,10.607,14.688,24.361,61.5
1982-07-06,2.358,9.498,14.66,22.954,51.6
1982-07-07,0.511,10.066,14.342,23.424,50.9
1982-07-08,4.687,9.054,14.639,22.38,49.9
1982-07-09,2.229,10.76,13.75,23.889,50.0
1982-07-10,1.682,11.994,13.068,24.981,49.0
1982-07-11,1.538,8.658,14.179,21.541,51.3
1982-07-12,5.814,8.792,14.054,21.595,53.1
1982-07-13,4.016,9.884,14.851,23.522,50.8
1982-07-14,0.117,10.535,15.845,24.992,46.8
1982-07-15,1.23,11.259,15.962,25.948,45.2
1982-07-16,0.0,9.346,15.84,23.541,43.6
1982-07-17,0.0,11.117,14.467,24.742,42.9
1982-07-18,0.0,8.736,14.698,21.943,41.9
1982-07-19,0.0,9.57,14.592,22.867,41.2
1982-07-20,1.305,8.956,14.72,22.223,40.5
1982-07-21,0.443,11.532,13.296,24.413,40.5
1982-07-22,0.171,10.104,14.723,23.576,39.1
1982-07-23,5.141,9.77,15.546,23.747,37.6
1982-07-24,0.0,9.897,15.478,23.832,36.7
1982-07-25,0.097,11.228,13.622,24.185,36.0
1982-07-26,1.538,8.672,14.916,21.997,36.8
1982-07-27,3.792,7.452,14.981,20.573,38.6
1982-07-28,3.985,8.187,14.595,21.136,44.5
1982-07-29,3.802,8.565,14.728,21.66,44.5
1982-07-30,0.0,9.988,15.073,23.601,40.2
1982-07-31,0.0,11.159,14.554,24.625,42.6
1982-08-01,0.0,10.587,13.201,23.008,36.9
1982-08-02,2.196,10.303,14.707,23.682,36.7
1982-08-03,0.0,10.577,14.337,23.742,36.2
1982-08-04,0.0,11.005,14.486,24.34,34.7
1982-08-05,0.0,12.021,12.984,24.587,32.9
1982-08-06,0.0,9.786,14.052,22.554,32.1
1982-08-07,0.833,10.007,13.383,22.329,32.8
1982-08-08,3.603,8.958,14.073,21.541,35.1
1982-08-09,0.0,12.688,12.932,25.291,33.6
1982-08-10,3.157,10.414,15.416,24.201,32.1
1982-08-11,3.329,12.629,14.451,26.166,31.4
1982-08-12,0.0,10.216,16.212,24.503,30.0
1982-08-13,0.0,11.461,14.307,24.636,30.0
1982-08-14,0.0,10.444,13.948,23.141,30.0
1982-08-15,0.0,12.789,13.688,25.802,30.0
1982-08-16,0.541,10.143,15.573,23.902,30.0
1982-08-17,0.0,12.008,14.386,25.274,30.0
1982-08-18,1.561,10.313,15.655,24.136,28.0
1982-08-19,0.0,9.796,14.965,23.014,22.8
1982-08-20,0.158,8.926,14.908,21.946,25.7
1982-08-21,1.856,10.188,14.663,23.25,26.5
1982-08-22,0.0,12.574,15.003,26.285,25.5
1982-08-23,0.0,10.905,15.37,24.601,26.0
1982-08-24,0.0,11.154,15.323,24.815,25.5
1982-08-25,1.254,10.229,15.943,24.188,25.3
1982-08-26,0.065,11.42,14.212,24.34,25.0
1982-08-27,0.041,11.648,16.038,25.834,24.7
1982-08-28,2.619,10.032,16.111,24.022,24.4
1982-08-29,0.0,11.653,15.34,25.342,23.8
1982-08-30,0.707,10.561,14.81,23.698,23.8
1982-08-31,2.972,11.13,13.829,23.671,23.8
1982-09-01,0.533,11.793,14.69,25.038,24.4
1982-09-02,0.0,11.637,15.549,25.438,24.7
1982-09-03,0.0,11.342,15.663,25.16,23.8
1982-09-04,0.737,9.778,15.247,23.054,23.5
1982-09-05,0.0,10.169,15.698,23.829,23.2
1982-09-06,0.064,11.174,15.136,24.592,22.9
1982-09-07,3.755,11.541,15.389,25.179,22.7
1982-09-08,0.0,11.172,15.13,24.579,22.9
1982-09-09,5.856,10.53,14.519,23.399,23.2
1982-09-10,7.543,9.717,14.179,22.212,25.0
1982-09-11,8.682,8.002,16.019,21.66,30.8
1982-09-12,5.03,11.045,15.519,24.707,28.7
1982-09-13,4.153,9.709,15.095,22.864,25.8
1982-09-14,8.546,9.026,15.465,22.34,26.8
1982-09-15,0.551,7.206,14.511,19.641,27.4
1982-09-16,25.716,7.221,15.535,20.421,26.9
1982-09-17,6.107,6.802,14.603,19.236,42.5
1982-09-18,1.787,9.466,15.293,22.731,40.8
1982-09-19,25.88,6.007,15.78,19.353,49.7
1982-09-20,0.145,8.15,15.486,21.378,37.0
1982-09-21,7.738,10.561,15.34,24.019,36.9
1982-09-22,0.0,10.112,14.595,22.992,27.8
1982-09-23,0.327,11.153,12.734,22.948,25.6
1982-09-24,11.494,7.882,14.432,20.296,32.4
1982-09-25,10.673,7.232,14.647,19.772,43.6
1982-09-26,3.484,8.415,14.446,20.897,48.2
1982-09-27,4.547,10.155,14.524,23.016,35.1
1982-09-28,16.362,7.553,13.728,19.429,46.5
1982-09-29,2.302,9.225,15.353,22.562,39.3
1982-09-30,6.26,9.677,14.163,22.228,42.9
1982-10-01,0.367,6.829,14.541,19.264,33.0
1982-10-02,2.851,8.676,13.715,20.736,31.6
1982-10-03,31.11,6.23,14.736,18.783,59.0
1982-10-04,3.77,8.134,14.068,20.383,52.8
1982-10-05,14.705,9.189,14.008,21.598,63.4
1982-10-06,8.143,10.21,13.345,22.364,51.1
1982-10-07,16.606,8.252,14.489,20.899,45.7
1982-10-08,4.01,7.743,15.114,20.772,55.7
1982-10-09,2.586,9.228,14.329,21.897,56.5
1982-10-10,7.939,7.174,15.777,20.655,64.1
1982-10-11,0.654,8.555,15.033,21.625,56.3
1982-10-12,16.318,8.254,13.815,20.427,70.6
1982-10-13,0.171,8.461,13.196,20.198,49.5
1982-10-14,19.086,8.548,13.397,20.47,41.3
1982-10-15,12.626,8.79,13.799,21.054,58.0
1982-10-16,1.896,8.256,12.508,19.519,50.3
1982-10-17,11.59,6.759,14.082,18.943,44.6
1982-10-18,5.716,7.64,13.891,19.807,40.6
1982-10-19,11.313,7.503,14.334,20.022,45.0
1982-10-20,19.807,5.236,14.897,18.046,86.6
1982-10-21,2.007,7.496,14.386,20.035,57.1
1982-10-22,15.378,7.587,14.674,20.457,74.7
1982-10-23,19.982,6.078,15.114,19.098,89.5
1982-10-24,16.551,7.16,14.068,19.47,119.5
1982-10-25,18.142,5.666,14.951,18.543,189.8
1982-10-26,4.57,8.166,14.56,21.079,125.7
1982-10-27,13.04,7.33,14.163,19.783,90.8
1982-10-28,0.204,7.111,14.495,19.777,78.6
1982-10-29,3.863,8.434,13.394,20.598,63.5
1982-10-30,0.236,8.474,13.948,21.033,59.3
1982-10-31,9.859,8.171,13.715,20.519,53.8
1982-11-01,32.335,7.661,14.337,20.405,70.7
1982-11-02,28.822,6.957,14.413,19.647,130.9
1982-11-03,4.858,5.17,14.549,17.785,157.9
1982-11-04,1.094,9.286,13.084,21.524,168.5
1982-11-05,0.0,8.234,14.12,20.959,136.6
1982-11-06,0.0,7.931,15.204,21.429,107.6
1982-11-07,9.539,8.902,14.878,22.386,105.4
1982-11-08,3.381,7.716,15.141,21.174,95.4
1982-11-09,6.302,10.992,12.802,23.66,82.7
1982-11-10,7.561,7.31,14.842,20.497,82.9
1982-11-11,0.627,6.184,13.889,18.462,84.2
1982-11-12,2.788,7.096,15.364,20.671,159.7
1982-11-13,1.294,9.213,14.462,22.582,108.8
1982-11-14,4.12,9.316,14.696,22.886,90.1
1982-11-15,26.693,7.446,15.071,20.891,79.6
1982-11-16,20.138,7.924,14.72,21.226,86.0
1982-11-17,5.906,7.087,14.454,20.016,73.5
1982-11-18,10.324,6.7,14.212,19.372,68.5
1982-11-19,2.66,8.256,14.772,21.707,76.1
1982-11-20,22.748,5.483,15.022,18.679,75.2
1982-11-21,15.249,7.209,14.693,20.413,115.4
1982-11-22,0.099,6.58,14.617,19.601,90.2
1982-11-23,0.0,8.198,14.693,21.633,80.0
1982-11-24,0.0,8.078,14.008,21.005,79.5
1982-11-25,8.951,6.505,14.402,19.378,72.4
1982-11-26,19.393,7.621,13.875,20.405,73.2
1982-11-27,6.066,9.371,13.226,22.158,82.8
1982-11-28,1.604,9.002,14.139,22.323,85.3
1982-11-29,0.0,10.232,12.832,23.073,89.1
1982-11-30,0.0,9.072,14.467,22.679,70.3
1982-12-01,2.363,7.717,14.785,21.22,65.5
1982-12-02,7.867,7.834,15.394,21.832,63.9
1982-12-03,0.262,8.763,13.09,21.334,69.1
1982-12-04,18.914,5.586,14.723,18.628,66.8
1982-12-05,9.618,8.466,13.788,21.508,63.1
1982-12-06,9.829,8.117,15.867,22.541,71.0
1982-12-07,8.897,7.037,15.88,21.277,68.1
1982-12-08,7.499,7.144,15.348,21.008,99.6
1982-12-09,17.316,5.574,14.818,18.728,132.7
1982-12-10,3.014,7.506,16.22,22.103,87.9
1982-12-11,14.911,7.863,14.851,21.5,80.3
1982-12-12,4.593,6.629,15.88,20.818,78.5
1982-12-13,3.819,7.392,15.715,21.606,90.4
1982-12-14,0.0,8.256,14.326,21.644,64.0
1982-12-15,0.0,9.775,14.133,23.516,65.0
1982-12-16,0.0,9.137,13.565,22.28,81.7
1982-12-17,1.652,7.345,15.492,21.389,72.6
1982-12-18,0.219,7.03,15.193,20.764,71.5
1982-12-19,0.217,7.957,15.345,22.008,71.0
1982-12-20,10.135,8.625,15.492,22.973,77.0
1982-12-21,0.244,9.396,13.84,22.818,69.2
1982-12-22,17.74,6.666,15.109,20.258,107.3
1982-12-23,1.436,9.101,14.788,23.076,93.4
1982-12-24,11.099,9.454,14.878,23.587,88.4
1982-12-25,12.518,8.376,14.973,22.264,132.4
1982-12-26,0.0,9.313,14.043,22.802,91.4
1982-12-27,11.775,6.452,15.261,20.128,142.8
1982-12-28,2.638,8.471,15.394,22.688,147.2
1982-12-29,13.039,8.166,14.351,21.522,107.7
1982-12-30,0.114,9.192,14.519,22.938,95.3
1982-12-31,0.0,9.554,14.78,23.587,85.1
1983-01-01,0.0,9.707,14.715,23.742,77.7
1983-01-02,1.926,8.274,15.367,22.389,73.6
1983-01-03,17.94,9.282,15.84,23.976,88.1
1983-01-04,1.044,7.642,16.255,22.239,75.6
1983-01-05,0.0,6.391,15.457,20.141,70.2
1983-01-06,0.076,7.268,15.024,20.859,68.5
1983-01-07,0.076,7.035,15.266,20.755,64.3
1983-01-08,0.0,7.043,13.709,19.552,62.5
1983-01-09,0.117,7.831,15.024,21.495,59.2
1983-01-10,0.42,7.641,16.008,22.024,56.9
1983-01-11,2.459,8.289,15.052,22.046,57.1
1983-01-12,6.142,8.062,15.014,21.766,55.4
1983-01-13,4.572,9.7,13.19,22.516,55.1
1983-01-14,0.212,9.447,14.997,23.424,52.9
1983-01-15,0.438,9.075,16.204,23.821,50.3
1983-01-16,3.787,9.325,16.264,24.171,48.6
1983-01-17,0.0,8.089,14.543,21.378,48.1
1983-01-18,0.0,10.332,13.19,23.258,45.9
1983-01-19,0.0,8.49,15.677,22.666,44.3
1983-01-20,0.0,9.0,14.91,22.698,43.5
1983-01-21,0.0,8.703,15.774,22.951,42.7
1983-01-22,0.0,9.143,15.677,23.408,41.5
1983-01-23,0.426,9.506,15.685,23.829,40.4
1983-01-24,0.0,10.254,13.992,23.571,39.3
1983-01-25,0.0,8.315,15.492,22.253,38.5
1983-01-26,0.344,9.206,14.976,22.899,38.3
1983-01-27,7.967,6.735,16.239,20.954,40.5
1983-01-28,3.414,8.025,15.318,21.682,42.2
1983-01-29,1.907,8.826,15.022,22.397,42.0
1983-01-30,7.264,8.559,14.807,21.872,39.2
1983-01-31,0.0,8.788,15.736,22.826,57.3
1983-02-01,0.0,8.408,15.72,22.361,56.4
1983-02-02,0.0,8.52,15.677,22.432,42.7
1983-02-03,0.0,8.963,15.535,22.851,40.8
1983-02-04,0.0,8.635,15.617,22.486,39.6
1983-02-05,0.0,8.161,15.592,21.976,42.6
1983-02-06,0.199,6.487,14.948,19.492,46.4
1983-02-07,0.0,8.77,15.823,22.75,46.5
1983-02-08,5.906,8.906,15.351,22.538,70.3
1983-02-09,50.346,9.876,14.484,23.082,54.7
1983-02-10,2.383,10.17,14.815,23.63,47.5
1983-02-11,0.0,10.592,15.364,24.533,46.1
1983-02-12,0.0,10.186,14.739,23.568,41.7
1983-02-13,0.0,9.788,14.378,22.837,38.7
1983-02-14,0.0,9.69,14.147,22.541,36.6
1983-02-15,0.0,11.787,13.704,24.742,35.5
1983-02-16,2.701,9.942,15.611,23.818,34.1
1983-02-17,0.658,11.313,14.766,24.84,33.1
1983-02-18,0.0,8.221,14.62,21.016,32.6
1983-02-19,5.937,9.229,15.223,22.641,32.6
1983-02-20,9.689,9.507,14.394,22.321,32.8
1983-02-21,0.172,9.613,15.451,23.193,29.9
1983-02-22,0.0,8.318,15.38,21.639,29.9
1983-02-23,0.0,9.575,15.111,22.867,29.2
1983-02-24,0.0,8.602,14.935,21.603,29.6
1983-02-25,0.216,8.819,15.957,22.595,28.4
1983-02-26,0.0,10.056,15.076,23.353,28.0
1983-02-27,0.0,10.771,14.462,23.755,27.3
1983-02-28,0.0,11.066,14.535,24.117,26.6
1983-03-01,6.678,8.334,15.579,21.69,27.6
1983-03-02,14.455,11.034,15.514,24.758,29.5
1983-03-03,2.729,8.177,16.098,21.959,32.9
1983-03-04,2.6,7.952,16.481,21.959,32.8
1983-03-05,0.558,9.28,14.125,21.688,39.8
1983-03-06,20.177,7.54,16.304,21.348,28.0
1983-03-07,2.755,6.81,16.562,20.793,32.8
1983-03-08,14.663,7.362,15.753,20.734,34.0
1983-03-09,12.297,6.727,16.462,20.614,60.0
1983-03-10,2.703,6.079,15.823,19.438,54.5
1983-03-11,7.648,8.402,16.448,22.337,62.7
1983-03-12,1.607,9.019,15.359,22.209,59.6
1983-03-13,0.0,11.387,13.799,23.821,43.0
1983-03-14,2.889,7.897,16.152,21.562,31.4
1983-03-15,0.0,9.958,14.185,22.386,30.1
1983-03-16,0.663,9.554,16.06,23.38,30.0
1983-03-17,16.508,6.818,15.88,20.293,29.0
1983-03-18,0.554,11.815,13.864,24.361,42.8
1983-03-19,0.0,10.702,15.293,24.016,30.4
1983-03-20,0.0,11.598,15.457,25.149,29.0
1983-03-21,0.0,11.196,14.125,23.764,28.2
1983-03-22,0.0,12.077,14.913,25.34,25.5
1983-03-23,0.472,9.783,15.332,22.978,25.5
1983-03-24,8.812,10.369,12.989,21.992,25.0
1983-03-25,17.065,6.082,16.136,19.69,25.7
1983-03-26,9.152,9.356,15.59,22.693,67.8
1983-03-27,17.168,6.442,16.166,20.019,74.3
1983-03-28,18.374,10.53,15.041,23.609,77.4
1983-03-29,6.393,9.827,15.071,22.856,57.6
1983-03-30,14.798,11.081,14.712,24.038,41.3
1983-03-31,0.256,10.14,15.378,23.41,28.8
1983-04-01,0.37,9.985,15.478,23.351,60.1
1983-04-02,0.0,9.959,15.549,23.353,57.9
1983-04-03,5.559,7.917,16.473,21.845,60.5
1983-04-04,21.872,8.629,15.812,22.06,59.4
1983-04-05,6.524,10.87,15.261,24.215,47.3
1983-04-06,9.707,7.547,15.984,21.038,75.0
1983-04-07,3.616,6.374,15.916,19.796,134.9
1983-04-08,8.353,8.711,15.87,22.198,134.7
1983-04-09,38.514,6.485,16.707,20.552,143.1
1983-04-10,14.54,7.585,16.179,21.247,145.9
1983-04-11,24.543,7.93,15.318,20.948,141.4
1983-04-12,14.131,9.558,15.791,23.117,115.2
1983-04-13,0.491,6.746,17.076,21.111,153.6
1983-04-14,4.352,8.099,15.133,20.997,185.2
1983-04-15,10.496,10.109,15.932,23.905,144.5
1983-04-16,25.444,8.258,15.899,21.799,153.5
1983-04-17,2.277,8.761,14.935,21.639,130.0
1983-04-18,23.519,7.007,15.337,20.041,179.2
1983-04-19,1.085,8.613,15.552,21.935,191.7
1983-04-20,0.0,11.295,14.935,24.579,114.6
1983-04-21,20.404,7.134,14.647,19.614,137.6
1983-04-22,13.607,9.414,16.136,23.345,134.7
1983-04-23,1.047,11.071,14.005,23.739,110.0
1983-04-24,10.805,7.732,16.207,21.592,141.7
1983-04-25,0.0,9.902,14.486,22.731,110.1
1983-04-26,12.248,7.796,16.06,21.522,104.7
1983-04-27,3.18,8.367,15.696,21.886,107.7
1983-04-28,19.387,6.998,16.272,20.845,111.9
1983-04-29,4.077,7.318,15.946,20.913,104.9
1983-04-30,19.628,9.66,14.609,22.538,148.9
1983-05-01,16.09,9.628,15.478,23.177,154.6
1983-05-02,6.281,8.866,16.125,22.788,108.6
1983-05-03,3.739,9.896,15.734,23.717,97.1
1983-05-04,4.07,9.264,15.337,22.728,97.1
1983-05-05,2.478,10.701,15.524,24.524,95.5
1983-05-06,4.483,9.395,16.37,23.652,89.6
1983-05-07,7.774,7.417,15.872,21.065,90.5
1983-05-08,2.564,11.301,14.932,24.875,88.7
1983-05-09,0.0,11.148,15.353,25.027,88.0
1983-05-10,3.155,11.62,14.655,25.109,77.9
1983-05-11,8.868,10.388,15.543,24.261,77.4
1983-05-12,1.535,10.091,14.951,23.516,75.7
1983-05-13,8.791,9.24,15.986,23.28,72.1
1983-05-14,13.35,9.988,15.345,23.688,68.5
1983-05-15,13.105,9.873,15.552,23.728,63.5
1983-05-16,14.953,5.946,16.954,20.516,143.6
1983-05-17,10.947,8.303,15.717,22.068,125.0
1983-05-18,19.15,6.347,15.87,20.016,269.4
1983-05-19,2.77,8.061,16.323,22.239,135.2
1983-05-20,6.004,9.759,14.633,22.997,136.0
1983-05-21,8.559,8.93,15.315,22.505,137.9
1983-05-22,0.982,8.628,15.826,22.573,169.7
1983-05-23,2.212,9.907,15.511,23.845,132.3
1983-05-24,18.433,9.747,15.682,23.793,120.3
1983-05-25,3.701,9.546,16.549,24.193,118.5
1983-05-26,11.455,9.415,15.682,23.427,134.0
1983-05-27,16.522,8.493,16.22,22.791,123.4
1983-05-28,10.645,7.34,16.402,21.606,143.2
1983-05-29,15.475,8.164,16.076,22.299,220.5
1983-05-30,0.654,7.636,15.258,21.106,152.5
1983-05-31,0.0,10.633,13.633,23.573,127.0
1983-06-01,2.668,7.828,14.717,20.883,115.4
1983-06-02,1.915,7.854,15.334,21.402,114.2
1983-06-03,10.584,7.798,14.948,21.084,115.5
1983-06-04,6.972,5.523,15.114,18.693,122.4
1983-06-05,12.869,7.141,15.378,20.644,173.8
1983-06-06,0.576,5.8,15.845,19.609,123.3
1983-06-07,1.833,8.645,15.076,22.217,112.2
1983-06-08,27.053,5.178,15.446,18.549,144.2
1983-06-09,0.0,8.964,12.027,20.424,135.3
1983-06-10,0.0,7.886,13.796,20.337,113.1
1983-06-11,4.333,7.957,14.851,21.236,108.3
1983-06-12,0.081,11.091,13.22,23.976,103.4
1983-06-13,1.229,9.748,14.995,23.527,91.0
1983-06-14,1.791,9.586,15.014,23.342,84.7
1983-06-15,0.0,9.925,14.323,23.255,85.7
1983-06-16,0.575,9.671,14.649,23.177,82.9
1983-06-17,0.433,6.394,15.149,19.644,76.8
1983-06-18,1.262,9.852,13.054,22.31,79.2
1983-06-19,0.163,10.486,12.802,22.943,77.5
1983-06-20,7.643,8.425,15.413,22.215,75.2
1983-06-21,2.239,8.631,15.005,22.155,72.0
1983-06-22,0.0,10.092,13.992,23.261,69.7
1983-06-23,3.936,9.265,13.53,21.883,69.3
1983-06-24,0.0,7.759,13.992,20.375,65.3
1983-06-25,0.0,11.451,11.647,23.473,63.5
1983-06-26,0.064,9.638,14.905,23.334,61.7
1983-06-27,0.0,9.879,14.503,23.361,59.5
1983-06-28,0.0,9.148,13.766,21.918,59.0
1983-06-29,0.0,8.632,13.37,20.978,58.1
1983-06-30,0.461,8.308,14.465,21.402,56.8
1983-07-01,0.083,8.002,15.505,21.791,55.0
1983-07-02,0.0,10.009,15.272,24.035,54.6
1983-07-03,0.09,11.415,14.647,25.359,54.3
1983-07-04,0.0,8.191,15.97,22.367,55.6
1983-07-05,3.047,7.261,15.707,21.065,54.6
1983-07-06,0.0,9.282,14.22,22.389,53.2
1983-07-07,0.0,9.318,14.856,22.872,52.5
1983-07-08,6.915,9.853,13.201,22.353,59.9
1983-07-09,16.171,5.746,15.774,19.432,68.5
1983-07-10,5.081,8.881,14.647,22.166,61.4
1983-07-11,0.0,9.842,14.726,23.432,60.3
1983-07-12,5.862,10.315,14.929,24.111,54.6
1983-07-13,0.0,12.212,13.527,25.516,48.7
1983-07-14,0.0,10.562,13.924,23.704,48.0
1983-07-15,1.747,9.238,15.049,22.837,47.2
1983-07-16,0.094,9.862,14.291,23.068,47.6
1983-07-17,0.45,10.569,15.361,24.666,46.8
1983-07-18,0.0,10.864,15.054,24.804,46.8
1983-07-19,2.418,8.439,14.935,21.745,42.8
1983-07-20,0.0,7.703,14.927,20.864,42.8
1983-07-21,5.273,7.746,15.307,21.201,41.2
1983-07-22,7.261,5.735,15.345,19.03,44.7
1983-07-23,0.631,5.251,15.571,18.723,48.4
1983-07-24,0.0,9.394,14.913,22.818,42.5
1983-07-25,0.0,10.38,14.641,23.845,40.0
1983-07-26,0.0,9.062,15.367,22.766,37.9
1983-07-27,3.018,9.191,13.557,21.568,37.2
1983-07-28,0.0,7.317,15.391,20.717,36.5
1983-07-29,0.236,9.341,15.37,23.052,35.8
1983-07-30,7.153,7.83,15.568,21.429,46.9
1983-07-31,1.622,9.322,14.88,22.66,40.8
1983-08-01,10.331,7.786,14.905,20.88,39.3
1983-08-02,0.158,7.848,14.785,20.81,42.7
1983-08-03,0.0,8.027,13.747,20.236,42.4
1983-08-04,0.039,10.68,13.872,23.533,37.5
1983-08-05,1.389,7.58,14.408,20.196,36.8
1983-08-06,0.0,7.001,15.09,20.098,39.3
1983-08-07,0.181,8.65,14.082,21.171,36.5
1983-08-08,0.0,9.293,14.144,21.981,34.8
1983-08-09,0.0,9.562,14.943,22.856,32.7
1983-08-10,4.481,8.339,15.486,21.823,31.3
1983-08-11,0.0,9.53,14.016,22.13,30.5
1983-08-12,1.245,9.299,13.87,21.728,30.1
1983-08-13,0.0,11.92,14.391,25.242,30.9
1983-08-14,3.133,11.164,15.611,25.152,29.6
1983-08-15,0.0,9.324,15.535,22.943,27.7
1983-08-16,0.102,11.128,15.144,24.745,27.4
1983-08-17,1.681,10.144,15.522,23.859,27.4
1983-08-18,6.223,7.557,15.046,20.511,27.1
1983-08-19,0.067,8.315,15.639,21.81,28.6
1983-08-20,0.0,11.061,13.851,23.745,27.6
1983-08-21,1.386,10.801,14.09,23.598,29.5
1983-08-22,1.493,8.158,15.63,21.63,29.1
1983-08-23,2.666,9.897,15.595,23.538,26.7
1983-08-24,1.489,7.538,15.552,20.872,26.9
1983-08-25,2.534,10.347,14.791,23.481,28.2
1983-08-26,5.475,10.495,15.31,24.011,29.2
1983-08-27,4.659,11.043,13.454,23.391,27.9
1983-08-28,4.222,6.747,15.359,19.864,35.0
1983-08-29,9.299,8.721,14.772,21.568,35.3
1983-08-30,0.0,8.139,14.484,20.663,32.4
1983-08-31,0.0,11.96,13.117,24.223,29.7
1983-09-01,2.557,10.311,14.707,23.348,28.6
1983-09-02,13.717,8.685,14.443,21.231,30.7
1983-09-03,17.13,9.851,15.209,23.155,29.2
1983-09-04,2.076,7.865,15.098,20.815,28.4
1983-09-05,0.132,9.922,15.193,23.204,26.7
1983-09-06,12.689,6.221,15.098,19.071,38.1
1983-09-07,1.558,7.201,14.951,19.962,37.9
1983-09-08,2.444,8.587,14.777,21.37,33.4
1983-09-09,5.487,10.137,13.978,22.546,31.1
1983-09-10,2.586,7.158,13.587,18.807,33.5
1983-09-11,0.514,9.24,13.41,21.098,46.3
1983-09-12,0.0,7.597,14.658,20.139,33.0
1983-09-13,0.058,8.901,14.353,21.38,30.2
1983-09-14,7.211,10.092,14.223,22.693,29.0
1983-09-15,0.0,9.956,14.557,22.753,28.0
1983-09-16,1.537,6.988,14.788,19.573,29.8
1983-09-17,5.77,9.156,15.011,22.193,27.6
1983-09-18,1.753,8.052,14.929,20.878,27.8
1983-09-19,0.0,11.277,12.503,22.918,26.7
1983-09-20,2.73,9.315,13.38,21.177,25.7
1983-09-21,6.388,9.05,13.851,21.22,25.0
1983-09-22,1.35,7.966,14.332,20.348,37.5
1983-09-23,0.0,11.935,13.087,24.152,33.7
1983-09-24,0.0,9.262,14.011,21.598,27.6
1983-09-25,0.0,11.37,15.111,24.826,25.6
1983-09-26,1.632,11.086,14.959,24.405,25.5
1983-09-27,0.225,8.951,14.948,21.932,23.8
1983-09-28,9.329,10.651,13.929,23.188,24.5
1983-09-29,0.0,11.694,13.832,24.386,25.6
1983-09-30,0.163,9.192,14.378,21.812,23.7
1983-10-01,0.0,9.099,13.962,21.416,23.2
1983-10-02,3.532,8.962,14.234,21.443,23.2
1983-10-03,5.721,9.33,14.674,22.217,24.6
1983-10-04,5.64,7.368,15.082,20.283,25.4
1983-10-05,6.754,9.626,15.356,23.068,26.5
1983-10-06,0.193,9.478,15.943,23.351,25.1
1983-10-07,7.261,10.84,12.984,22.891,22.9
1983-10-08,0.0,8.63,13.658,20.709,22.7
1983-10-09,9.854,7.543,12.894,18.872,26.2
1983-10-10,1.9,9.661,13.609,21.954,24.1
1983-10-11,12.557,7.372,13.402,19.065,22.6
1983-10-12,4.214,7.234,14.323,19.639,24.0
1983-10-13,16.194,6.099,14.242,18.31,41.3
1983-10-14,13.797,8.918,13.989,21.359,47.4
1983-10-15,5.623,6.038,13.75,17.853,35.4
1983-10-16,0.312,7.808,13.663,19.802,77.2
1983-10-17,0.0,9.247,12.897,21.003,71.4
1983-10-18,0.0,11.48,12.856,23.772,41.2
1983-10-19,13.875,7.505,15.188,20.658,34.9
1983-10-20,23.34,7.283,14.522,19.921,48.5
1983-10-21,4.088,8.707,12.951,20.443,59.2
1983-10-22,0.803,7.572,14.785,20.476,41.8
1983-10-23,5.19,9.453,12.929,21.394,40.2
1983-10-24,1.678,7.885,14.092,20.342,43.4
1983-10-25,23.145,6.831,14.293,19.266,37.1
1983-10-26,12.733,8.603,13.543,20.832,53.4
1983-10-27,8.747,7.502,14.171,20.005,49.9
1983-10-28,18.065,7.701,14.34,20.372,50.7
1983-10-29,16.318,4.428,14.693,17.177,81.3
1983-10-30,8.517,6.794,14.633,19.573,72.8
1983-10-31,0.999,7.217,14.293,19.788,71.7
1983-11-01,0.0,7.405,14.853,20.467,76.2
1983-11-02,7.299,8.313,15.12,21.769,60.7
1983-11-03,4.808,6.956,15.492,20.47,53.0
1983-11-04,6.695,8.146,14.81,21.389,45.6
1983-11-05,4.31,9.104,14.889,22.639,44.4
1983-11-06,1.935,10.027,14.09,23.226,40.7
1983-11-07,0.0,9.956,13.995,23.098,38.5
1983-11-08,20.75,7.535,13.886,20.027,37.3
1983-11-09,0.159,6.576,14.446,19.323,34.0
1983-11-10,4.024,7.275,13.617,19.519,35.1
1983-11-11,6.308,7.914,14.207,20.766,40.2
1983-11-12,3.368,8.067,14.152,20.902,42.6
1983-11-13,3.66,9.928,13.389,22.777,38.1
1983-11-14,20.644,9.144,13.454,21.81,76.6
1983-11-15,4.068,7.972,14.147,20.853,46.8
1983-11-16,3.955,8.614,13.812,21.435,45.9
1983-11-17,5.251,8.246,13.125,20.492,45.6
1983-11-18,7.635,8.987,13.94,22.011,42.5
1983-11-19,0.0,8.948,14.402,22.312,37.0
1983-11-20,6.239,8.927,14.736,22.543,34.7
1983-11-21,3.201,7.313,15.133,20.878,35.1
1983-11-22,7.788,8.178,15.171,21.989,35.4
1983-11-23,9.332,8.548,13.188,21.003,33.8
1983-11-24,19.6,9.313,13.285,22.087,48.8
1983-11-25,0.0,8.169,13.432,20.715,36.8
1983-11-26,1.015,7.444,13.807,20.09,48.5
1983-11-27,7.87,7.296,13.533,19.736,41.8
1983-11-28,26.343,6.02,14.34,18.802,54.5
1983-11-29,6.915,4.863,13.951,17.196,67.5
1983-11-30,15.972,4.91,14.745,17.88,67.5
1983-12-01,0.863,7.451,14.554,20.698,76.5
1983-12-02,19.115,8.888,13.641,21.889,69.1
1983-12-03,15.836,7.536,14.149,20.579,74.3
1983-12-04,3.303,7.756,14.59,21.182,124.7
1983-12-05,1.755,6.822,14.625,20.038,101.7
1983-12-06,3.142,6.434,13.726,18.837,120.9
1983-12-07,13.169,5.169,14.446,17.921,149.8
1983-12-08,0.0,9.381,13.712,22.66,131.9
1983-12-09,8.662,8.001,14.446,21.405,105.3
1983-12-10,11.473,6.771,13.997,19.527,146.1
1983-12-11,10.4,6.703,13.549,19.062,109.3
1983-12-12,6.95,6.84,13.552,19.264,119.7
1983-12-13,4.529,9.408,13.679,22.688,115.5
1983-12-14,0.658,8.074,13.81,21.038,89.2
1983-12-15,2.6,8.568,14.636,22.283,86.8
1983-12-16,0.663,6.425,13.938,19.092,79.0
1983-12-17,17.343,6.868,15.095,20.538,96.2
1983-12-18,0.0,8.92,13.723,22.095,83.5
1983-12-19,2.21,8.841,14.97,22.88,111.7
1983-12-20,23.496,7.411,14.185,20.454,105.0
1983-12-21,3.226,9.575,13.842,23.027,94.1
1983-12-22,6.503,7.676,13.565,20.367,88.4
1983-12-23,14.456,7.533,12.913,19.679,101.6
1983-12-24,2.36,8.043,13.217,20.573,80.7
1983-12-25,1.756,9.723,13.114,22.701,92.2
1983-12-26,37.473,8.036,13.139,20.5,75.5
1983-12-27,0.0,7.373,13.342,19.774,84.7
1983-12-28,0.0,9.779,13.826,23.264,69.4
1983-12-29,3.836,8.906,14.147,22.353,65.2
1983-12-30,18.355,6.702,14.861,20.076,88.2
1983-12-31,2.13,7.822,14.34,21.071,125.6
1984-01-01,22.465,5.688,13.821,18.011,148.0
1984-01-02,31.116,9.106,14.25,22.611,155.4
1984-01-03,0.0,7.49,14.527,20.755,148.5
1984-01-04,6.783,8.938,13.935,22.163,162.7
1984-01-05,6.072,6.898,14.91,20.307,135.9
1984-01-06,1.736,7.229,13.87,19.902,174.4
1984-01-07,8.09,4.599,14.791,17.606,195.3
1984-01-08,0.573,6.44,13.451,18.592,258.0
1984-01-09,0.0,8.162,13.783,21.008,220.7
1984-01-10,0.0,7.111,14.696,20.361,190.3
1984-01-11,0.217,8.94,14.06,22.171,172.9
1984-01-12,0.0,9.296,14.258,22.745,156.4
1984-01-13,0.0,10.343,13.603,23.644,130.8
1984-01-14,0.114,7.993,13.878,20.774,117.0
1984-01-15,7.383,9.585,13.318,22.459,105.3
1984-01-16,1.05,8.6,12.761,20.747,99.3
1984-01-17,4.091,8.548,13.435,21.111,101.2
1984-01-18,3.518,6.502,14.236,19.207,95.4
1984-01-19,11.764,10.31,13.793,23.611,87.6
1984-01-20,20.863,8.444,13.649,21.101,103.9
1984-01-21,17.391,7.364,13.538,19.62,88.4
1984-01-22,2.237,7.464,13.071,19.383,99.9
1984-01-23,0.42,8.774,13.204,21.144,86.1
1984-01-24,0.705,8.085,13.663,20.584,87.6
1984-01-25,11.498,9.306,14.223,22.495,82.9
1984-01-26,3.45,9.969,14.318,23.38,85.7
1984-01-27,6.64,5.673,14.467,18.31,81.6
1984-01-28,21.26,7.694,14.315,20.519,112.0
1984-01-29,0.0,8.552,13.655,21.068,95.7
1984-01-30,1.432,10.723,13.168,23.459,82.2
1984-01-31,0.0,9.188,13.726,21.872,80.0
1984-02-01,0.705,9.594,13.674,22.351,73.9
1984-02-02,19.816,8.677,14.78,21.978,81.1
1984-02-03,0.0,8.037,14.758,21.163,78.4
1984-02-04,2.894,7.349,13.918,19.693,75.8
1984-02-05,23.368,6.125,14.666,18.87,169.9
1984-02-06,6.705,6.458,14.359,18.984,138.5
1984-02-07,17.103,5.458,14.429,17.929,133.3
1984-02-08,3.993,6.89,14.451,19.522,113.9
1984-02-09,0.0,7.137,13.66,19.182,153.5
1984-02-10,0.0,7.134,13.158,18.821,111.0
1984-02-11,11.632,8.04,13.427,20.043,98.4
1984-02-12,1.362,10.764,13.372,23.323,89.4
1984-02-13,28.477,7.964,14.492,20.709,89.8
1984-02-14,3.118,8.556,13.758,20.872,111.8
1984-02-15,1.388,7.617,14.285,20.103,97.6
1984-02-16,1.586,8.068,14.557,20.845,112.0
1984-02-17,0.0,7.801,14.818,20.712,140.5
1984-02-18,0.0,8.25,13.413,20.163,129.3
1984-02-19,29.238,8.178,13.883,20.394,112.9
1984-02-20,0.0,6.341,15.024,19.215,106.0
1984-02-21,13.428,7.798,14.5,20.394,99.5
1984-02-22,4.73,7.648,14.628,20.321,94.8
1984-02-23,0.399,8.621,15.226,21.889,94.7
1984-02-24,7.583,7.502,14.364,19.899,88.4
1984-02-25,3.917,6.254,13.658,17.97,102.7
1984-02-26,8.916,7.585,15.204,20.636,110.6
1984-02-27,2.753,10.033,14.582,22.997,104.7
1984-02-28,2.633,10.777,12.856,22.644,90.5
1984-02-29,3.758,9.525,13.356,21.47,89.6
1984-03-01,1.789,6.888,15.011,19.66,101.4
1984-03-02,0.261,7.218,13.34,18.728,95.7
1984-03-03,0.309,7.371,14.128,19.565,81.4
1984-03-04,0.0,8.904,13.886,21.057,75.8
1984-03-05,18.076,7.566,14.09,19.693,74.8
1984-03-06,9.132,10.086,14.649,22.984,71.2
1984-03-07,9.484,10.913,13.351,23.076,108.0
1984-03-08,7.08,8.127,14.845,20.87,75.3
1984-03-09,0.0,10.02,14.266,22.595,75.8
1984-03-10,0.0,10.061,14.133,22.549,82.8
1984-03-11,0.0,9.32,13.747,21.386,71.5
1984-03-12,0.0,9.837,13.522,21.807,61.6
1984-03-13,0.0,9.526,13.948,21.736,58.0
1984-03-14,0.0,11.682,13.171,23.747,56.1
1984-03-15,0.0,11.121,14.155,23.769,57.4
1984-03-16,0.0,6.947,14.405,19.207,56.5
1984-03-17,2.842,10.105,14.514,22.807,83.3
1984-03-18,0.0,7.914,14.359,20.158,93.1
1984-03-19,0.0,8.453,14.391,20.764,81.0
1984-03-20,0.0,8.886,14.978,21.685,63.3
1984-03-21,0.0,7.901,15.139,20.742,61.4
1984-03-22,0.0,9.528,13.804,21.59,64.6
1984-03-23,9.856,6.796,15.647,20.046,92.1
1984-03-24,1.121,8.165,15.005,20.984,64.5
1984-03-25,17.473,9.841,14.06,22.136,60.8
1984-03-26,7.217,9.726,14.557,22.348,58.1
1984-03-27,0.181,10.82,14.234,23.405,82.8
1984-03-28,3.694,9.414,15.204,22.508,66.5
1984-03-29,15.886,8.546,14.856,21.253,70.4
1984-03-30,49.382,7.135,15.535,20.255,97.7
1984-03-31,8.868,10.781,14.554,23.584,90.4
1984-04-01,12.414,7.264,15.005,19.94,211.9
1984-04-02,9.167,9.224,14.685,21.87,164.6
1984-04-03,3.296,10.335,13.41,22.272,105.7
1984-04-04,0.0,11.431,14.329,24.207,93.2
1984-04-05,1.056,10.659,14.011,23.098,89.6
1984-04-06,0.986,9.909,13.954,22.212,80.3
1984-04-07,1.443,11.421,11.859,22.546,81.4
1984-04-08,1.381,7.94,13.707,19.712,72.7
1984-04-09,23.977,9.922,14.087,22.323,98.5
1984-04-10,0.0,8.305,14.921,21.111,73.9
1984-04-11,8.07,7.348,14.427,19.674,118.7
1984-04-12,9.951,7.785,14.255,19.989,76.0
1984-04-13,3.163,7.556,14.144,19.652,70.1
1984-04-14,10.892,8.713,13.899,20.84,87.9
1984-04-15,8.355,8.982,14.954,21.959,110.1
1984-04-16,3.966,6.945,14.582,19.383,93.9
1984-04-17,0.0,7.179,14.421,19.495,80.6
1984-04-18,0.0,12.778,13.302,25.264,70.9
1984-04-19,0.0,10.772,14.359,23.579,66.4
1984-04-20,5.556,9.513,13.603,21.584,64.4
1984-04-21,3.36,8.528,14.332,20.986,64.0
1984-04-22,3.718,7.076,14.293,19.318,79.3
1984-04-23,5.093,7.737,14.916,20.557,101.1
1984-04-24,14.242,8.131,15.174,21.198,96.4
1984-04-25,17.55,6.993,15.389,20.16,96.2
1984-04-26,29.588,5.153,15.514,18.391,123.3
1984-04-27,33.718,8.102,14.416,20.601,161.2
1984-04-28,10.664,8.934,14.715,21.815,124.0
1984-04-29,4.594,7.227,14.239,19.47,248.4
1984-04-30,0.466,10.624,13.91,23.25,156.0
1984-05-01,0.711,8.635,14.473,21.274,156.3
1984-05-02,3.246,9.306,13.946,21.723,166.3
1984-05-03,2.631,7.443,14.519,19.976,179.7
1984-05-04,3.685,11.742,13.109,24.155,123.4
1984-05-05,10.175,11.144,13.935,24.005,108.8
1984-05-06,0.0,8.751,14.293,21.375,98.5
1984-05-07,3.05,8.747,13.766,21.011,93.2
1984-05-08,8.675,6.736,13.304,18.332,94.6
1984-05-09,16.652,5.512,15.486,18.75,114.6
1984-05-10,6.687,10.259,14.519,23.38,95.6
1984-05-11,12.425,8.827,14.236,21.484,144.8
1984-05-12,6.921,8.496,12.769,20.038,112.8
1984-05-13,12.088,8.055,13.451,19.995,150.4
1984-05-14,0.352,6.947,13.965,19.098,143.5
1984-05-15,4.112,8.697,14.435,21.527,169.9
1984-05-16,11.18,8.45,12.891,20.141,147.2
1984-05-17,8.953,9.535,14.019,22.299,142.3
1984-05-18,10.264,10.179,13.503,22.736,125.5
1984-05-19,3.718,8.241,14.304,20.984,169.0
1984-05-20,5.191,9.706,13.552,22.193,115.8
1984-05-21,19.161,7.736,14.63,20.614,124.5
1984-05-22,0.0,8.23,14.867,21.41,127.9
1984-05-23,3.276,6.743,14.057,19.073,114.5
1984-05-24,0.0,8.857,13.652,21.315,112.7
1984-05-25,15.878,6.226,14.723,19.033,159.6
1984-05-26,19.058,6.656,13.707,18.693,211.9
1984-05-27,16.844,7.058,13.489,18.984,199.6
1984-05-28,14.296,6.772,13.935,19.038,198.8
1984-05-29,0.0,8.092,13.929,20.601,158.8
1984-05-30,0.256,10.211,14.038,23.296,142.1
1984-05-31,12.763,8.907,13.688,21.427,139.3
1984-06-01,14.946,7.698,14.152,20.329,168.1
1984-06-02,0.209,7.285,14.91,20.44,162.2
1984-06-03,0.941,6.381,14.062,18.723,134.2
1984-06-04,10.12,6.37,14.16,18.802,154.6
1984-06-05,0.0,8.1,13.606,20.451,130.6
1984-06-06,5.31,8.777,13.927,21.527,124.3
1984-06-07,3.014,6.385,14.274,18.891,232.5
1984-06-08,4.389,7.066,14.75,20.073,172.4
1984-06-09,4.588,8.992,13.514,21.505,143.4
1984-06-10,16.97,8.664,13.84,21.329,129.3
1984-06-11,7.004,8.769,13.818,21.47,150.6
1984-06-12,4.64,7.98,13.326,20.125,128.7
1984-06-13,1.5,7.606,13.16,19.535,117.1
1984-06-14,5.313,8.094,14.049,20.807,131.2
1984-06-15,12.57,7.832,14.035,20.465,167.5
1984-06-16,3.632,9.229,14.117,22.269,109.6
1984-06-17,7.521,9.472,13.946,22.467,104.5
1984-06-18,8.077,5.857,14.59,18.609,100.0
1984-06-19,4.467,8.619,14.147,21.522,99.0
1984-06-20,0.0,9.661,14.38,22.992,93.8
1984-06-21,1.92,9.806,13.446,22.552,99.9
1984-06-22,6.859,7.209,13.47,19.299,98.1
1984-06-23,8.971,7.333,13.832,19.739,101.9
1984-06-24,7.37,6.699,14.663,19.601,86.6
1984-06-25,1.904,7.965,13.918,20.568,85.3
1984-06-26,6.667,7.77,13.163,19.772,87.0
1984-06-27,19.603,6.755,14.266,19.356,92.2
1984-06-28,2.886,8.988,14.171,22.005,91.9
1984-06-29,14.2,8.436,13.622,20.932,117.6
1984-06-30,4.063,8.425,14.09,21.261,98.4
1984-07-01,9.103,8.34,14.283,21.296,118.4
1984-07-02,10.107,7.653,13.851,20.117,127.6
1984-07-03,2.405,9.152,14.046,22.12,85.7
1984-07-04,19.332,7.893,14.467,20.853,118.7
1984-07-05,15.914,6.027,14.25,18.565,195.7
1984-07-06,5.702,7.858,13.636,20.201,136.6
1984-07-07,1.636,8.806,14.234,21.796,103.7
1984-07-08,6.487,6.935,15.095,20.19,97.7
1984-07-09,5.838,8.946,13.758,21.614,95.8
1984-07-10,9.569,7.975,13.125,19.918,128.4
1984-07-11,0.035,9.277,12.758,21.291,93.6
1984-07-12,0.0,7.898,13.63,20.188,95.6
1984-07-13,0.0,6.875,13.62,18.946,86.6
1984-07-14,17.52,7.538,14.592,20.465,90.9
1984-07-15,0.203,7.42,13.902,19.793,94.5
1984-07-16,3.34,9.146,13.807,21.823,102.9
1984-07-17,0.0,9.984,13.332,22.53,79.1
1984-07-18,0.772,8.307,14.125,20.986,72.2
1984-07-19,2.329,8.755,15.019,22.193,71.3
1984-07-20,2.223,8.47,13.372,20.647,75.5
1984-07-21,0.0,10.042,12.731,22.144,77.5
1984-07-22,0.0,7.942,13.133,19.802,70.9
1984-07-23,0.0,8.622,13.231,20.698,66.0
1984-07-24,0.0,9.166,13.043,21.201,65.6
1984-07-25,0.0,7.461,14.739,20.399,64.7
1984-07-26,1.4,8.391,14.565,21.348,63.9
1984-07-27,0.0,12.269,13.516,25.361,72.6
1984-07-28,0.0,8.906,14.891,22.179,64.2
1984-07-29,0.0,10.132,14.255,23.174,63.8
1984-07-30,0.0,9.768,14.391,22.821,62.9
1984-07-31,13.983,7.814,13.707,19.981,62.2
1984-08-01,0.0,8.668,13.394,20.78,64.4
1984-08-02,0.0,8.812,12.899,20.557,83.6
1984-08-03,10.233,8.655,13.894,21.052,70.8
1984-08-04,3.493,9.973,13.728,22.552,110.4
1984-08-05,0.092,8.511,14.011,20.962,70.8
1984-08-06,2.164,9.191,14.603,22.193,62.8
1984-08-07,0.0,10.501,14.617,23.769,68.9
1984-08-08,0.0,9.106,14.625,22.079,62.8
1984-08-09,0.768,8.078,13.584,20.06,70.6
1984-08-10,1.543,8.997,14.125,21.56,61.5
1984-08-11,0.291,9.069,14.136,21.666,55.1
1984-08-12,5.685,8.97,14.565,21.851,47.5
1984-08-13,1.328,8.705,15.427,22.133,46.9
1984-08-14,7.265,9.053,15.462,22.56,62.2
1984-08-15,4.635,10.939,14.465,24.079,50.3
1984-08-16,0.0,10.529,14.418,23.549,46.9
1984-08-17,1.521,9.719,14.519,22.647,48.7
1984-08-18,21.067,6.58,14.598,19.087,104.9
1984-08-19,4.652,7.32,13.799,19.25,75.2
1984-08-20,28.629,8.207,13.348,19.959,70.8
1984-08-21,0.856,10.458,13.253,22.595,67.0
1984-08-22,34.789,7.491,13.959,19.56,188.0
1984-08-23,0.0,8.976,12.19,20.024,96.0
1984-08-24,0.0,10.391,13.832,22.867,77.8
1984-08-25,1.348,10.705,13.562,23.043,64.9
1984-08-26,1.258,8.528,15.03,21.527,61.8
1984-08-27,9.309,11.047,13.348,23.288,65.0
1984-08-28,1.944,9.264,14.285,21.812,60.5
1984-08-29,2.015,8.395,14.027,20.609,55.1
1984-08-30,0.0,10.285,14.19,22.938,47.5
1984-08-31,0.789,9.604,13.69,21.766,44.8
1984-09-01,0.0,9.976,14.321,22.655,44.8
1984-09-02,0.0,10.501,14.348,23.277,42.7
1984-09-03,7.87,10.389,13.283,22.391,41.6
1984-09-04,3.601,9.306,13.576,21.318,40.0
1984-09-05,0.331,9.234,14.19,21.685,40.0
1984-09-06,2.577,10.568,13.264,22.573,53.9
1984-09-07,4.291,8.175,14.726,20.832,62.1
1984-09-08,1.916,9.919,14.418,22.636,48.9
1984-09-09,14.571,8.73,13.014,20.204,80.6
1984-09-10,18.144,8.235,14.117,20.443,58.0
1984-09-11,1.05,8.022,13.519,19.742,60.1
1984-09-12,0.423,8.712,15.065,21.693,52.5
1984-09-13,21.532,9.455,13.519,21.429,55.6
1984-09-14,8.81,9.161,14.459,21.788,150.4
1984-09-15,9.175,9.995,13.601,22.117,92.2
1984-09-16,0.38,9.451,12.087,20.41,64.4
1984-09-17,24.096,8.513,12.899,19.842,59.5
1984-09-18,4.021,8.888,13.53,20.799,58.0
1984-09-19,7.881,6.257,13.87,18.079,159.8
1984-09-20,8.327,7.987,12.312,18.793,117.5
1984-09-21,11.544,9.487,14.408,22.109,133.5
1984-09-22,4.981,8.347,14.399,20.812,125.8
1984-09-23,5.233,7.655,13.622,19.446,106.1
1984-09-24,12.187,9.957,11.774,20.859,111.5
1984-09-25,2.577,12.197,11.927,23.709,102.0
1984-09-26,0.4,11.57,12.19,23.122,87.7
1984-09-27,15.496,11.402,12.402,23.084,112.2
1984-09-28,5.16,10.943,13.774,23.44,99.1
1984-09-29,8.141,10.511,13.603,22.826,91.0
1984-09-30,6.143,9.217,14.804,22.144,75.1
1984-10-01,11.303,9.077,14.592,21.851,82.1
1984-10-02,7.565,9.034,13.976,21.353,79.0
1984-10-03,8.205,8.247,13.497,20.065,81.3
1984-10-04,3.481,8.028,14.236,20.38,78.3
1984-10-05,1.931,10.066,12.12,21.329,94.8
1984-10-06,23.133,8.744,13.5,20.688,92.1
1984-10-07,1.524,8.216,14.117,20.562,79.8
1984-10-08,2.717,8.642,13.397,20.522,91.1
1984-10-09,2.808,9.97,12.698,21.663,125.4
1984-10-10,0.0,9.913,13.601,22.22,80.3
1984-10-11,10.426,8.805,14.158,21.307,77.3
1984-10-12,1.997,10.553,13.28,22.807,70.1
1984-10-13,17.174,8.15,14.217,20.617,108.6
1984-10-14,0.0,6.262,13.872,18.215,75.5
1984-10-15,20.084,8.501,14.28,21.139,189.0
1984-10-16,18.973,7.594,14.304,20.084,100.2
1984-10-17,14.651,8.658,12.802,20.247,108.0
1984-10-18,15.071,7.358,14.079,19.658,180.0
1984-10-19,2.012,8.379,14.185,20.929,186.8
1984-10-20,7.586,7.475,14.935,20.497,205.3
1984-10-21,15.168,7.134,14.446,19.712,122.5
1984-10-22,0.0,9.298,14.087,22.068,133.1
1984-10-23,25.227,5.179,15.204,18.231,134.1
1984-10-24,0.0,5.523,13.788,17.438,130.4
1984-10-25,2.709,8.072,14.951,21.242,177.7
1984-10-26,15.982,7.056,15.03,20.171,157.9
1984-10-27,25.141,5.431,15.182,18.584,160.2
1984-10-28,49.456,5.239,14.652,17.875,362.5
1984-10-29,13.792,6.9,13.731,19.0,453.4
1984-10-30,17.101,7.81,14.375,20.592,603.1
1984-10-31,0.0,7.929,14.579,20.91,391.2
1984-11-01,2.577,7.123,14.185,19.66,635.4
1984-11-02,0.0,9.674,13.552,22.342,470.7
1984-11-03,0.0,11.422,12.068,23.609,355.2
1984-11-04,2.633,10.371,12.799,22.723,273.6
1984-11-05,18.711,7.496,14.356,20.283,279.4
1984-11-06,8.321,4.224,14.603,16.913,413.4
1984-11-07,7.821,6.031,12.951,17.478,521.2
1984-11-08,4.499,8.193,11.791,19.318,330.5
1984-11-09,13.268,11.166,10.832,22.625,256.1
1984-11-10,2.006,9.706,13.389,22.418,222.0
1984-11-11,2.906,7.331,13.995,19.913,222.7
1984-11-12,24.931,7.876,13.595,20.291,361.9
1984-11-13,9.405,6.931,13.682,19.204,310.8
1984-11-14,3.85,7.668,13.128,19.723,229.7
1984-11-15,6.333,9.639,11.948,21.481,194.8
1984-11-16,20.779,9.721,13.576,22.72,177.2
1984-11-17,0.0,7.517,13.59,19.995,184.5
1984-11-18,4.203,8.554,13.886,21.476,171.9
1984-11-19,0.0,7.877,14.812,21.332,142.2
1984-11-20,0.444,7.768,13.948,20.549,156.1
1984-11-21,0.0,7.126,14.293,20.014,131.0
1984-11-22,0.207,10.421,13.084,23.413,125.8
1984-11-23,65.502,5.415,15.071,18.707,175.7
1984-11-24,1.853,8.441,14.071,21.527,146.2
1984-11-25,7.964,7.881,14.679,21.293,165.3
1984-11-26,4.408,7.45,14.361,20.541,329.4
1984-11-27,7.598,7.796,14.076,20.783,330.8
1984-11-28,2.457,8.035,14.25,21.207,351.8
1984-11-29,25.282,9.406,12.527,21.761,250.3
1984-11-30,5.747,8.679,13.791,21.712,204.0
1984-12-01,2.842,9.088,14.052,22.446,177.7
1984-12-02,1.017,10.056,13.467,23.318,156.1
1984-12-03,12.669,8.18,13.44,20.878,143.8
1984-12-04,3.003,8.801,13.747,21.902,136.4
1984-12-05,0.0,9.36,12.962,22.084,127.3
1984-12-06,0.0,9.67,13.152,22.63,116.5
1984-12-07,32.248,8.912,13.16,21.674,112.8
1984-12-08,4.284,8.381,13.894,21.495,109.1
1984-12-09,0.0,7.1,14.929,20.636,190.1
1984-12-10,0.0,7.97,15.867,22.405,144.8
1984-12-11,0.0,7.94,15.315,21.943,144.7
1984-12-12,2.286,7.528,15.12,21.302,215.9
1984-12-13,0.0,8.491,15.239,22.649,162.9
1984-12-14,1.032,8.397,15.636,22.793,129.0
1984-12-15,4.227,9.58,14.209,23.302,133.9
1984-12-16,1.516,7.205,15.204,21.022,123.9
1984-12-17,0.0,8.068,14.198,21.345,129.0
1984-12-18,15.736,7.454,15.003,21.136,132.9
1984-12-19,35.736,6.231,14.633,19.345,166.4
1984-12-20,0.0,9.127,13.978,22.557,151.7
1984-12-21,8.124,9.342,13.193,22.277,113.9
1984-12-22,2.3,6.823,14.543,20.054,111.7
1984-12-23,10.163,6.632,14.359,19.63,110.9
1984-12-24,0.151,7.829,13.761,20.663,139.8
1984-12-25,0.417,7.828,13.163,20.239,108.0
1984-12-26,0.675,10.076,14.891,24.367,100.7
1984-12-27,0.0,8.704,14.87,22.595,95.3
1984-12-28,5.358,9.009,14.957,23.041,89.7
1984-12-29,10.252,10.7,12.353,23.492,92.3
1984-12-30,8.869,8.875,14.19,22.307,85.0
1984-12-31,0.0,9.149,14.062,22.571,93.7
1985-01-01,0.0,7.397,14.062,20.337,102.1
1985-01-02,0.379,10.172,13.628,23.606,99.9
1985-01-03,0.0,9.218,13.918,22.519,90.0
1985-01-04,2.096,7.366,14.821,20.856,90.8
1985-01-05,27.215,7.229,15.837,21.432,152.5
1985-01-06,0.0,6.771,15.334,20.533,164.2
1985-01-07,0.0,8.84,14.693,22.552,129.1
1985-01-08,0.821,7.742,16.062,22.201,112.0
1985-01-09,2.902,6.647,15.291,20.285,151.8
1985-01-10,0.0,9.023,14.622,22.688,113.1
1985-01-11,0.0,10.572,12.701,23.389,104.5
1985-01-12,0.0,9.61,14.56,23.413,98.9
1985-01-13,0.134,7.401,15.416,21.253,94.4
1985-01-14,0.266,8.62,14.174,21.812,107.9
1985-01-15,0.15,8.272,14.234,21.41,112.9
1985-01-16,3.509,8.445,13.63,21.168,104.8
1985-01-17,7.408,8.198,13.935,21.046,92.8
1985-01-18,1.758,7.145,13.861,19.709,88.6
1985-01-19,0.0,8.2,13.87,20.984,85.6
1985-01-20,0.0,8.878,14.027,21.929,82.8
1985-01-21,17.701,6.805,14.465,19.652,102.0
1985-01-22,5.906,7.772,14.842,21.12,126.9
1985-01-23,60.605,6.148,14.361,18.826,243.5
1985-01-24,0.0,9.063,13.141,21.486,154.1
1985-01-25,3.364,7.78,13.736,20.242,136.0
1985-01-26,2.112,8.595,12.978,20.701,132.2
1985-01-27,0.247,8.207,13.413,20.546,196.6
1985-01-28,0.0,7.124,14.024,19.611,166.9
1985-01-29,0.0,6.674,14.391,19.353,136.0
1985-01-30,0.0,8.762,14.296,21.818,120.1
1985-01-31,0.0,9.768,11.766,21.291,110.2
1985-02-01,0.0,10.315,13.579,23.188,105.8
1985-02-02,0.062,8.898,12.832,20.845,97.7
1985-02-03,0.051,9.137,12.427,20.856,92.0
1985-02-04,0.0,10.209,12.264,22.095,87.5
1985-02-05,0.0,10.961,12.658,23.288,84.0
1985-02-06,0.0,9.962,12.25,21.728,81.5
1985-02-07,0.0,9.86,14.041,22.802,79.0
1985-02-08,0.0,9.381,14.791,22.723,76.5
1985-02-09,0.0,6.554,14.304,19.005,76.6
1985-02-10,0.0,8.605,13.965,21.136,73.5
1985-02-11,0.332,10.554,14.103,23.587,70.5
1985-02-12,5.563,7.943,13.818,20.188,68.9
1985-02-13,5.134,10.148,13.62,22.723,70.5
1985-02-14,0.301,10.552,13.584,23.155,65.9
1985-02-15,0.0,8.079,13.704,20.223,64.3
1985-02-16,1.063,11.416,12.432,23.413,62.5
1985-02-17,0.0,10.906,13.905,23.745,61.1
1985-02-18,0.0,8.391,14.068,20.802,59.3
1985-02-19,0.0,8.119,14.785,20.997,57.5
1985-02-20,0.0,10.863,12.413,22.639,59.0
1985-02-21,0.0,9.092,14.003,21.543,57.2
1985-02-22,0.583,9.456,13.073,21.285,55.0
1985-02-23,16.816,8.034,14.293,20.492,59.1
1985-02-24,10.807,8.179,13.731,20.247,72.2
1985-02-25,0.143,8.779,15.079,21.875,53.3
1985-02-26,0.0,7.861,14.302,20.234,51.4
1985-02-27,0.0,8.892,15.215,22.114,50.7
1985-02-28,0.0,12.147,12.554,24.13,49.8
1985-03-01,0.0,10.471,14.41,23.329,49.0
1985-03-02,0.0,11.253,14.541,24.348,48.2
1985-03-03,3.404,10.233,14.587,23.136,48.1
1985-03-04,0.176,11.059,14.068,23.766,48.2
1985-03-05,14.328,9.554,13.91,21.837,48.2
1985-03-06,3.953,8.917,14.679,21.66,61.0
1985-03-07,0.0,9.279,15.242,22.486,54.9
1985-03-08,0.0,8.102,14.399,20.484,52.0
1985-03-09,6.662,10.381,15.677,24.027,50.1
1985-03-10,26.947,8.844,15.883,22.424,73.2
1985-03-11,0.0,10.359,15.215,23.636,57.8
1985-03-12,2.134,9.994,16.41,24.071,55.0
1985-03-13,0.0,9.381,16.174,23.198,49.1
1985-03-14,0.0,9.589,15.636,23.003,47.7
1985-03-15,0.0,10.228,16.584,24.421,45.8
1985-03-16,0.0,8.913,16.894,23.212,44.5
1985-03-17,0.0,10.709,15.579,24.247,47.8
1985-03-18,0.0,9.442,16.109,23.201,44.1
1985-03-19,0.889,10.025,15.312,23.247,61.6
1985-03-20,0.0,5.718,15.745,19.0,107.2
1985-03-21,0.0,12.071,12.0,23.389,79.5
1985-03-22,0.0,10.544,14.53,23.269,53.4
1985-03-23,0.0,10.451,13.647,22.56,48.1
1985-03-24,0.0,10.865,13.861,23.204,46.5
1985-03-25,0.0,11.111,14.405,23.848,44.1
1985-03-26,2.406,9.829,15.872,23.416,43.7
1985-03-27,0.0,10.41,15.861,24.073,43.8
1985-03-28,1.496,10.093,15.122,23.177,41.8
1985-03-29,48.233,7.432,16.617,21.478,59.6
1985-03-30,0.0,8.075,16.432,21.976,55.2
1985-03-31,52.924,7.399,15.568,20.549,145.2
1985-04-01,17.576,7.918,14.804,20.476,123.2
1985-04-02,8.628,9.073,15.084,21.978,109.2
1985-04-03,2.289,10.069,15.375,23.329,96.3
1985-04-04,0.0,9.025,14.467,21.481,92.0
1985-04-05,3.501,10.11,14.633,22.875,73.9
1985-04-06,17.678,9.294,14.812,22.076,88.6
1985-04-07,3.863,10.634,13.598,22.78,74.5
1985-04-08,5.644,6.066,15.065,18.777,76.0
1985-04-09,5.049,7.43,14.587,19.867,73.6
1985-04-10,3.959,7.977,13.234,19.459,71.0
1985-04-11,0.406,9.98,13.94,22.285,68.1
1985-04-12,4.916,8.903,15.024,21.81,62.1
1985-04-13,1.936,10.407,14.815,23.418,60.0
1985-04-14,2.904,10.96,13.636,23.247,55.6
1985-04-15,0.373,9.993,14.28,22.565,51.7
1985-04-16,0.0,10.668,14.293,23.356,50.6
1985-04-17,1.798,11.112,14.024,23.712,49.1
1985-04-18,0.0,9.185,14.709,21.957,48.4
1985-04-19,0.591,9.596,16.217,23.568,48.0
1985-04-20,25.995,6.483,15.174,19.348,55.4
1985-04-21,0.0,8.514,14.378,20.986,74.1
1985-04-22,24.61,7.209,14.913,19.927,61.4
1985-04-23,0.468,10.639,14.554,23.592,78.0
1985-04-24,35.875,7.727,15.231,20.734,129.3
1985-04-25,6.781,7.718,14.859,20.448,105.7
1985-04-26,8.563,9.713,14.28,22.334,276.1
1985-04-27,2.956,7.68,14.546,20.19,187.3
1985-04-28,0.944,10.198,14.174,22.87,167.0
1985-04-29,0.0,10.517,14.188,23.269,114.8
1985-04-30,7.288,9.352,14.753,22.307,103.5
1985-05-01,0.0,10.633,13.886,23.231,133.0
1985-05-02,0.0,12.004,13.318,24.535,100.1
1985-05-03,0.0,8.943,14.147,21.418,90.7
1985-05-04,9.045,8.654,14.929,21.717,85.1
1985-05-05,0.15,8.762,14.503,21.516,82.7
1985-05-06,32.512,5.852,15.405,19.033,76.1
1985-05-07,7.576,7.814,14.965,20.799,71.5
1985-05-08,10.812,6.967,15.897,20.644,74.4
1985-05-09,0.494,8.225,14.802,21.163,95.7
1985-05-10,4.52,6.924,14.101,19.158,79.0
1985-05-11,21.548,6.965,14.674,19.63,166.2
1985-05-12,2.084,8.417,14.704,21.351,123.7
1985-05-13,3.728,7.246,14.902,20.158,122.7
1985-05-14,6.528,8.467,14.421,21.242,109.0
1985-05-15,10.115,6.165,14.94,19.005,117.4
1985-05-16,9.345,7.577,14.742,20.459,121.5
1985-05-17,10.718,5.815,15.375,19.016,109.4
1985-05-18,9.28,8.902,14.155,21.614,118.6
1985-05-19,2.042,8.842,14.981,22.158,107.0
1985-05-20,0.0,10.571,13.698,23.386,92.3
1985-05-21,0.0,9.927,13.812,22.668,84.5
1985-05-22,2.319,8.862,13.957,21.478,84.6
1985-05-23,1.445,9.369,14.921,22.815,81.1
1985-05-24,5.869,7.987,14.519,20.842,77.1
1985-05-25,1.753,9.742,14.274,22.834,78.8
1985-05-26,2.959,8.67,14.386,21.595,77.5
1985-05-27,0.0,7.775,14.486,20.62,69.3
1985-05-28,7.709,7.948,15.413,21.511,66.2
1985-05-29,0.678,8.998,15.019,22.5,65.7
1985-05-30,0.0,8.457,15.109,21.908,65.5
1985-05-31,3.47,7.72,15.016,20.981,66.8
1985-06-01,3.299,5.422,15.188,18.584,96.8
1985-06-02,30.534,4.196,15.065,17.283,123.0
1985-06-03,1.493,6.95,14.245,19.505,113.5
1985-06-04,2.966,6.96,14.492,19.707,85.0
1985-06-05,0.0,8.633,13.875,21.288,72.1
1985-06-06,6.066,8.782,13.378,21.101,68.4
1985-06-07,0.0,9.07,14.448,22.242,70.1
1985-06-08,2.34,9.475,13.332,21.965,66.2
1985-06-09,3.896,8.8,14.47,21.924,63.7
1985-06-10,0.0,10.402,12.69,22.726,67.5
1985-06-11,0.0,9.552,13.652,22.296,64.2
1985-06-12,0.681,7.578,13.171,19.505,62.2
1985-06-13,0.625,9.436,13.236,21.899,57.0
1985-06-14,0.0,10.665,14.34,24.196,54.3
1985-06-15,0.0,8.475,14.791,21.812,51.9
1985-06-16,0.0,9.974,14.859,23.715,49.8
1985-06-17,0.0,10.347,14.495,23.929,48.0
1985-06-18,0.0,8.983,13.932,21.81,47.1
1985-06-19,1.708,9.273,13.859,22.128,46.4
1985-06-20,2.304,8.634,14.182,21.576,45.3
1985-06-21,3.298,8.685,14.742,22.038,44.6
1985-06-22,0.057,10.32,13.731,23.37,43.7
1985-06-23,3.424,10.308,14.31,23.755,42.4
1985-06-24,0.0,10.685,14.519,24.367,42.0
1985-06-25,2.319,8.994,14.978,22.614,38.9
1985-06-26,2.775,7.462,14.628,20.478,39.2
1985-06-27,0.0,10.387,14.375,23.889,40.4
1985-06-28,0.0,8.75,14.033,21.617,43.2
1985-06-29,0.804,4.987,14.372,17.497,43.8
1985-06-30,3.592,5.576,13.84,17.693,47.0
1985-07-01,0.369,10.674,12.443,22.965,44.7
1985-07-02,0.232,9.321,13.609,22.019,42.6
1985-07-03,1.835,8.746,14.696,22.065,39.7
1985-07-04,5.032,7.395,14.052,19.951,39.0
1985-07-05,0.0,8.741,13.921,21.495,37.6
1985-07-06,0.0,8.157,14.307,21.043,36.7
1985-07-07,0.0,7.379,14.315,20.101,35.3
1985-07-08,2.829,9.424,13.745,22.215,36.1
1985-07-09,0.882,9.599,13.465,22.255,35.9
1985-07-10,3.636,9.582,13.12,21.948,34.8
1985-07-11,0.0,10.23,13.774,23.223,34.2
1985-07-12,0.0,9.528,13.957,22.459,33.0
1985-07-13,0.413,9.098,13.573,21.625,32.1
1985-07-14,0.0,7.873,14.158,20.552,31.8
1985-07-15,0.0,8.588,13.943,21.234,32.1
1985-07-16,0.0,10.075,13.644,22.886,31.9
1985-07-17,0.0,10.334,13.478,23.079,32.1
1985-07-18,0.0,7.428,13.701,19.644,32.0
1985-07-19,0.0,9.308,13.932,22.095,30.7
1985-07-20,0.094,8.347,13.299,20.427,30.9
1985-07-21,6.383,8.826,13.913,21.454,30.4
1985-07-22,0.807,9.102,13.247,21.323,35.3
1985-07-23,3.556,9.52,12.334,21.22,31.4
1985-07-24,3.996,8.196,13.639,20.457,32.8
1985-07-25,20.203,6.447,13.696,18.421,53.3
1985-07-26,5.508,10.101,14.12,23.128,44.6
1985-07-27,3.21,7.218,13.91,19.457,48.2
1985-07-28,5.621,10.626,13.72,23.465,40.5
1985-07-29,2.633,7.175,14.747,20.022,36.0
1985-07-30,10.31,9.374,14.274,22.304,36.1
1985-07-31,6.837,7.14,14.698,19.935,36.3
1985-08-01,9.941,8.915,14.073,21.546,40.1
1985-08-02,0.0,9.06,13.448,21.258,34.4
1985-08-03,0.0,8.766,13.878,21.198,30.1
1985-08-04,0.0,10.114,13.429,22.508,28.6
1985-08-05,0.0,9.991,13.057,22.095,28.1
1985-08-06,23.589,8.786,14.133,21.391,39.9
1985-08-07,0.971,6.235,14.133,18.543,38.2
1985-08-08,21.06,5.435,14.139,17.576,46.7
1985-08-09,0.0,8.429,14.084,20.929,61.9
1985-08-10,4.394,8.535,13.584,20.636,49.3
1985-08-11,0.0,10.792,13.304,23.188,45.4
1985-08-12,0.271,10.297,13.413,22.614,37.1
1985-08-13,3.371,7.692,14.63,20.399,33.6
1985-08-14,7.392,9.416,13.791,21.818,35.8
1985-08-15,14.962,9.773,14.065,22.416,48.1
1985-08-16,0.0,7.556,14.334,19.989,40.6
1985-08-17,6.815,8.761,13.332,20.658,38.1
1985-08-18,9.894,7.847,13.783,19.897,41.4
1985-08-19,0.947,8.906,14.601,21.753,48.2
1985-08-20,6.822,6.696,14.946,19.508,45.5
1985-08-21,22.453,7.443,14.258,19.758,51.2
1985-08-22,6.452,9.108,14.011,21.484,45.9
1985-08-23,0.0,9.335,14.584,22.152,41.4
1985-08-24,0.0,10.227,13.935,22.766,36.8
1985-08-25,0.0,9.124,13.125,20.864,36.5
1985-08-26,15.057,7.027,13.976,19.06,75.0
1985-08-27,0.0,8.32,12.742,19.592,71.3
1985-08-28,2.803,9.873,14.022,22.337,54.2
1985-08-29,2.638,8.282,13.421,20.024,48.8
1985-08-30,0.764,10.5,12.97,22.353,43.9
1985-08-31,0.0,10.34,13.152,22.293,40.7
1985-09-01,0.239,11.616,13.541,24.073,38.7
1985-09-02,0.0,8.595,13.807,20.636,35.6
1985-09-03,0.0,8.457,14.81,21.253,35.5
1985-09-04,2.727,9.894,14.079,22.383,34.7
1985-09-05,2.747,10.188,14.057,22.715,33.1
1985-09-06,11.381,9.188,13.707,21.264,33.4
1985-09-07,0.0,9.694,14.087,22.16,38.4
1985-09-08,4.41,9.632,13.168,21.41,37.3
1985-09-09,13.166,8.041,14.902,20.821,55.0
1985-09-10,0.486,8.123,13.984,20.209,50.6
1985-09-11,2.421,9.972,14.204,22.522,46.7
1985-09-12,11.676,8.218,15.03,21.087,52.5
1985-09-13,4.803,6.925,15.043,19.717,63.4
1985-09-14,4.213,9.328,14.535,22.008,55.0
1985-09-15,8.671,9.091,14.807,21.967,51.5
1985-09-16,0.82,9.125,14.242,21.568,51.3
1985-09-17,0.0,11.102,13.677,23.505,42.6
1985-09-18,0.0,12.0,10.916,22.772,40.7
1985-09-19,10.604,9.541,14.429,22.19,46.2
1985-09-20,2.765,9.57,14.378,22.193,41.9
1985-09-21,0.532,9.25,15.334,22.53,37.4
1985-09-22,26.229,9.086,14.451,21.688,39.9
1985-09-23,0.377,9.995,13.989,22.443,38.9
1985-09-24,6.243,9.412,14.981,22.47,45.0
1985-09-25,14.857,6.806,14.728,19.364,63.3
1985-09-26,12.498,8.124,15.174,21.185,71.7
1985-09-27,11.65,5.307,14.707,17.821,60.9
1985-09-28,12.507,8.327,14.117,20.582,59.7
1985-09-29,0.331,9.007,14.386,21.579,59.7
1985-09-30,9.885,7.982,14.495,20.478,76.8
1985-10-01,21.463,7.45,14.432,19.842,63.1
1985-10-02,5.517,8.428,13.84,20.519,97.1
1985-10-03,5.568,7.515,14.747,20.201,82.1
1985-10-04,6.468,8.063,15.386,21.307,67.7
1985-10-05,3.491,7.549,14.622,20.185,80.0
1985-10-06,0.0,7.395,14.171,19.696,91.4
1985-10-07,6.163,10.761,12.848,22.679,79.1
1985-10-08,9.672,8.267,13.557,20.188,69.8
1985-10-09,14.6,8.982,13.755,21.207,88.5
1985-10-10,11.738,8.529,14.0,20.872,113.7
1985-10-11,9.798,10.372,13.679,22.812,109.1
1985-10-12,2.225,10.274,13.715,22.747,78.6
1985-10-13,0.205,10.726,13.133,22.921,65.6
1985-10-14,2.053,9.362,14.565,22.304,59.4
1985-10-15,4.741,10.455,13.821,23.114,55.6
1985-10-16,3.973,10.142,13.818,22.745,54.0
1985-10-17,30.593,8.113,14.62,20.935,109.7
1985-10-18,0.264,8.765,14.188,21.375,69.8
1985-10-19,11.4,8.382,14.647,21.31,79.1
1985-10-20,2.664,7.888,14.22,20.38,126.9
1985-10-21,4.429,9.532,13.932,22.147,131.5
1985-10-22,0.791,8.194,13.938,20.592,105.1
1985-10-23,3.228,9.739,13.514,22.177,119.7
1985-10-24,10.188,6.709,14.367,19.19,289.7
1985-10-25,32.27,8.877,13.84,21.359,231.2
1985-10-26,3.669,9.026,15.28,22.601,160.2
1985-10-27,3.515,7.808,14.636,20.709,131.6
1985-10-28,17.608,7.862,13.75,20.128,244.2
1985-10-29,31.96,7.349,14.579,20.149,324.2
1985-10-30,10.908,5.567,14.302,17.927,302.3
1985-10-31,0.0,9.041,13.47,21.413,258.3
1985-11-01,0.0,8.604,11.258,19.334,178.4
1985-11-02,1.704,11.547,10.913,22.978,142.0
1985-11-03,0.0,10.796,11.859,22.622,121.9
1985-11-04,0.0,9.669,13.217,22.103,112.4
1985-11-05,5.38,7.716,15.465,21.367,155.1
1985-11-06,0.0,6.995,14.209,19.601,143.3
1985-11-07,0.0,8.476,13.821,21.111,122.5
1985-11-08,0.0,9.806,12.367,21.802,108.7
1985-11-09,3.114,10.28,12.826,22.753,102.2
1985-11-10,0.141,8.985,13.856,21.834,94.1
1985-11-11,1.923,9.623,13.962,22.755,88.9
1985-11-12,35.886,5.635,14.274,18.144,91.7
1985-11-13,0.169,4.437,14.16,16.81,153.7
1985-11-14,34.193,3.891,13.81,15.916,179.9
1985-11-15,0.0,8.033,13.334,20.31,238.2
1985-11-16,0.0,6.746,14.413,19.565,179.2
1985-11-17,0.0,8.588,13.832,21.408,148.2
1985-11-18,0.0,6.856,13.861,19.304,127.1
1985-11-19,13.211,6.744,13.435,18.837,115.4
1985-11-20,23.506,9.1,12.307,21.073,116.1
1985-11-21,1.612,7.77,14.56,21.003,131.8
1985-11-22,26.995,7.581,14.359,20.611,118.6
1985-11-23,3.108,5.632,14.821,18.69,139.1
1985-11-24,0.559,8.832,14.185,22.092,107.3
1985-11-25,0.523,8.551,13.889,21.514,100.2
1985-11-26,0.0,8.366,13.905,21.304,109.1
1985-11-27,0.0,8.533,14.019,21.636,101.3
1985-11-28,0.0,8.45,14.997,22.28,105.4
1985-11-29,2.548,9.765,14.073,23.291,102.1
1985-11-30,32.853,6.92,12.685,18.622,133.5
1985-12-01,0.0,9.388,13.649,22.557,102.9
1985-12-02,54.42,4.899,14.538,17.72,94.3
1985-12-03,0.0,10.284,13.041,23.321,97.1
1985-12-04,5.277,6.347,15.337,20.003,93.9
1985-12-05,13.547,6.518,15.054,20.024,124.9
1985-12-06,15.658,7.496,14.557,20.807,164.2
1985-12-07,13.259,4.891,15.068,18.22,150.8
1985-12-08,0.611,7.974,13.416,20.625,137.3
1985-12-09,5.976,6.08,14.443,19.035,121.4
1985-12-10,0.581,8.056,14.293,21.342,108.6
1985-12-11,0.188,10.296,14.755,24.606,99.7
1985-12-12,10.002,7.333,14.649,20.742,94.0
1985-12-13,0.959,7.802,13.777,20.685,90.5
1985-12-14,6.893,8.414,13.538,21.315,86.2
1985-12-15,0.0,8.304,14.038,21.505,79.8
1985-12-16,4.218,8.911,12.429,21.182,77.3
1985-12-17,0.0,9.691,12.658,22.408,73.0
1985-12-18,0.0,9.122,13.177,21.992,70.7
1985-12-19,0.0,7.921,13.655,20.736,67.5
1985-12-20,0.267,9.649,12.253,22.095,65.8
1985-12-21,0.0,8.937,12.356,21.174,69.2
1985-12-22,0.0,9.86,13.951,23.495,64.6
1985-12-23,0.0,8.703,14.72,22.535,62.1
1985-12-24,0.0,10.92,11.867,23.562,59.3
1985-12-25,4.378,9.369,14.272,23.079,59.7
1985-12-26,0.0,9.411,14.582,23.321,59.2
1985-12-27,0.0,8.366,14.552,21.957,56.8
1985-12-28,0.0,5.368,13.688,17.59,80.6
1985-12-29,0.0,6.638,14.149,19.418,291.8
1985-12-30,0.0,8.956,13.573,21.976,208.5
1985-12-31,0.0,9.389,14.022,22.851,123.9
1986-01-01,0.0,9.321,13.312,22.272,102.1
1986-01-02,0.0,9.488,13.959,22.916,89.1
1986-01-03,0.959,10.002,13.802,23.489,82.6
1986-01-04,11.329,7.84,12.935,20.035,107.5
1986-01-05,4.1,6.841,14.057,19.611,106.9
1986-01-06,5.976,8.522,13.951,21.603,80.6
1986-01-07,2.064,7.932,13.435,20.505,70.1
1986-01-08,0.0,9.244,13.785,22.432,66.8
1986-01-09,0.0,9.462,13.927,22.799,64.2
1986-01-10,0.0,8.329,15.106,22.155,62.2
1986-01-11,0.0,10.42,13.467,23.671,61.1
1986-01-12,0.0,9.644,14.264,23.204,59.4
1986-01-13,2.169,10.015,13.66,23.274,56.5
1986-01-14,4.508,8.978,14.557,22.546,55.1
1986-01-15,7.919,9.141,14.571,22.742,64.1
1986-01-16,29.385,6.741,14.5,19.723,70.7
1986-01-17,0.0,7.401,15.641,21.372,69.3
1986-01-18,14.68,7.015,15.109,20.473,101.9
1986-01-19,1.518,6.926,15.783,20.872,200.1
1986-01-20,4.251,7.282,14.745,20.459,163.0
1986-01-21,0.0,8.122,14.774,21.484,119.5
1986-01-22,0.0,7.755,14.182,20.587,97.0
1986-01-23,0.201,8.232,14.239,21.193,88.4
1986-01-24,22.607,6.499,14.668,19.443,136.0
1986-01-25,1.411,7.305,14.56,20.293,89.4
1986-01-26,1.785,6.908,14.503,19.747,83.4
1986-01-27,37.574,5.322,15.652,18.908,142.3
1986-01-28,0.0,9.149,12.264,20.856,90.6
1986-01-29,0.0,10.42,13.682,23.438,77.6
1986-01-30,0.0,8.174,14.215,21.016,73.3
1986-01-31,7.957,7.067,13.628,19.217,116.2
1986-02-01,9.242,9.661,14.886,23.247,96.5
1986-02-02,0.0,8.348,14.424,21.299,80.6
1986-02-03,0.681,8.172,14.842,21.372,81.8
1986-02-04,0.0,6.406,15.332,19.69,167.1
1986-02-05,0.0,8.27,14.875,21.492,164.4
1986-02-06,0.0,8.91,14.429,21.916,126.3
1986-02-07,0.0,9.074,14.848,22.408,108.0
1986-02-08,0.0,10.502,12.679,22.636,96.6
1986-02-09,0.0,8.188,14.872,21.356,87.7
1986-02-10,0.0,7.932,14.997,21.087,120.5
1986-02-11,0.165,9.037,14.383,21.951,90.9
1986-02-12,1.425,9.227,13.94,21.861,88.3
1986-02-13,2.156,5.872,14.614,18.497,129.1
1986-02-14,21.084,6.534,14.649,19.198,97.2
1986-02-15,10.508,6.512,15.177,19.595,133.3
1986-02-16,0.076,6.158,14.984,19.041,119.0
1986-02-17,6.821,5.268,15.005,18.12,235.5
1986-02-18,4.856,8.113,14.986,21.155,215.1
1986-02-19,32.827,10.601,13.293,22.886,167.9
1986-02-20,19.885,10.866,13.717,23.484,126.9
1986-02-21,0.506,10.669,13.823,23.285,114.2
1986-02-22,14.501,10.343,13.943,22.965,119.0
1986-02-23,16.189,7.957,14.386,20.467,120.8
1986-02-24,21.221,9.891,13.848,22.356,124.8
1986-02-25,18.277,5.932,14.663,18.418,156.8
1986-02-26,0.0,8.526,13.418,20.34,118.7
1986-02-27,8.853,6.957,14.101,19.016,132.3
1986-02-28,8.502,9.026,12.378,20.155,246.9
1986-03-01,15.595,7.458,13.601,19.217,194.4
1986-03-02,2.365,5.729,13.413,17.152,151.5
1986-03-03,7.675,8.07,13.731,19.965,174.3
1986-03-04,3.684,8.507,14.677,21.215,179.0
1986-03-05,0.0,9.919,14.508,22.712,162.6
1986-03-06,0.397,9.023,14.212,21.421,136.9
1986-03-07,9.709,8.482,13.378,20.188,127.6
1986-03-08,0.0,9.33,13.149,21.016,117.5
1986-03-09,0.0,10.668,13.144,22.582,107.9
1986-03-10,0.527,9.502,14.22,21.965,114.6
1986-03-11,6.899,7.748,14.535,20.182,167.6
1986-03-12,1.242,8.479,13.821,20.446,163.4
1986-03-13,5.112,5.774,14.622,18.133,180.5
1986-03-14,32.016,10.234,12.818,21.788,146.6
1986-03-15,6.329,9.405,14.321,21.845,130.3
1986-03-16,4.091,8.171,14.269,20.397,182.2
1986-03-17,4.161,8.537,14.076,20.663,153.1
1986-03-18,2.598,9.909,14.06,22.223,124.0
1986-03-19,0.0,8.246,14.91,20.967,112.5
1986-03-20,8.564,8.57,13.899,20.557,107.0
1986-03-21,0.0,10.056,13.109,21.709,102.9
1986-03-22,3.99,8.452,13.924,20.462,100.4
1986-03-23,0.0,11.234,13.084,23.133,103.9
1986-03-24,8.503,9.888,14.81,22.712,94.0
1986-03-25,10.924,8.235,15.0,21.008,106.0
1986-03-26,1.029,8.332,14.88,21.022,87.0
1986-03-27,0.498,7.736,15.033,20.462,86.7
1986-03-28,4.252,7.985,15.101,20.804,91.3
1986-03-29,2.512,9.522,15.318,22.671,105.5
1986-03-30,33.317,9.392,15.272,22.497,86.0
1986-03-31,6.403,7.853,15.69,21.144,86.0
1986-04-01,3.281,8.644,14.568,21.155,93.3
1986-04-02,5.082,7.652,15.332,20.622,86.1
1986-04-03,3.29,11.452,13.685,23.764,81.0
1986-04-04,14.793,8.424,14.932,21.174,76.5
1986-04-05,10.168,6.512,14.97,19.158,102.8
1986-04-06,0.0,8.962,14.859,21.728,87.0
1986-04-07,11.195,6.886,14.557,19.177,150.5
1986-04-08,0.0,7.406,14.707,19.864,111.1
1986-04-09,24.771,9.551,14.397,22.068,136.4
1986-04-10,0.399,8.113,15.448,21.255,99.7
1986-04-11,0.427,10.179,14.375,22.807,87.5
1986-04-12,0.31,8.149,15.891,21.628,83.5
1986-04-13,10.379,8.979,14.25,21.332,83.9
1986-04-14,17.196,7.766,14.932,20.497,81.1
1986-04-15,0.885,10.148,14.207,22.69,80.9
1986-04-16,10.508,9.803,15.06,22.899,79.6
1986-04-17,31.063,6.843,15.008,19.584,107.7
1986-04-18,1.541,9.197,14.913,22.139,120.8
1986-04-19,27.846,6.392,15.274,19.378,307.6
1986-04-20,8.016,7.901,14.663,20.459,146.6
1986-04-21,9.11,8.192,14.853,20.967,200.6
1986-04-22,0.243,7.213,15.12,20.106,140.7
1986-04-23,21.537,9.189,15.671,22.712,123.0
1986-04-24,6.688,6.821,15.533,19.997,109.0
1986-04-25,14.72,8.133,14.201,20.486,153.8
1986-04-26,12.842,8.769,14.519,21.44,168.1
1986-04-27,0.0,8.287,14.804,21.084,119.4
1986-04-28,4.648,6.704,15.587,19.943,102.9
1986-04-29,2.021,7.574,15.878,21.125,98.0
1986-04-30,2.371,9.089,14.511,21.851,104.7
1986-05-01,0.195,11.049,14.897,24.448,101.0
1986-05-02,15.206,9.487,14.701,22.473,87.9
1986-05-03,9.461,7.273,15.071,20.236,82.5
1986-05-04,8.168,8.006,14.503,20.647,113.5
1986-05-05,12.89,9.088,14.386,21.807,158.8
1986-05-06,0.791,9.38,14.916,22.541,130.5
1986-05-07,0.131,9.809,14.891,23.071,98.9
1986-05-08,12.225,9.374,15.245,22.823,117.4
1986-05-09,0.0,8.893,15.098,22.16,100.2
1986-05-10,13.372,6.88,16.185,20.742,90.1
1986-05-11,0.0,10.118,14.658,23.315,99.0
1986-05-12,9.68,7.38,15.245,20.584,83.4
1986-05-13,2.091,9.313,15.348,22.875,80.0
1986-05-14,0.0,10.142,15.736,24.171,88.7
1986-05-15,6.585,8.654,15.304,22.092,79.3
1986-05-16,1.154,11.613,13.878,24.693,76.2
1986-05-17,2.83,10.026,13.022,22.166,75.1
1986-05-18,1.608,9.78,14.043,22.606,81.0
1986-05-19,17.966,9.828,15.217,23.505,78.3
1986-05-20,1.002,9.004,14.918,22.283,71.3
1986-05-21,17.873,6.222,15.606,19.668,68.6
1986-05-22,9.689,6.783,15.557,20.261,69.0
1986-05-23,26.072,7.32,15.345,20.736,171.6
1986-05-24,0.083,7.852,14.826,20.954,88.5
1986-05-25,8.021,6.797,14.967,19.837,91.8
1986-05-26,1.568,4.505,14.918,17.427,138.8
1986-05-27,1.96,4.98,14.549,17.557,123.9
1986-05-28,3.6,6.681,14.628,19.432,115.8
1986-05-29,14.415,9.676,13.149,21.978,92.6
1986-05-30,11.919,8.908,13.568,21.312,82.3
1986-05-31,7.503,8.841,14.391,21.834,78.0
1986-06-01,12.329,7.505,13.592,19.644,154.3
1986-06-02,11.344,6.109,13.924,18.247,102.2
1986-06-03,0.0,9.11,12.913,21.166,103.3
1986-06-04,1.055,9.091,13.467,21.584,86.6
1986-06-05,0.0,7.625,13.315,19.63,106.0
1986-06-06,5.22,6.47,14.633,19.304,92.0
1986-06-07,0.748,8.404,14.016,21.12,89.2
1986-06-08,0.186,7.216,14.274,19.864,83.1
1986-06-09,18.474,8.908,13.562,21.432,97.2
1986-06-10,0.0,9.822,14.13,22.978,82.8
1986-06-11,6.146,8.151,14.402,21.125,78.1
1986-06-12,7.962,9.079,14.109,22.06,79.1
1986-06-13,4.714,7.683,14.046,20.312,96.9
1986-06-14,0.0,7.826,14.065,20.484,105.5
1986-06-15,0.829,8.569,13.592,21.038,70.6
1986-06-16,0.0,9.937,14.397,23.348,68.2
1986-06-17,0.0,9.889,13.94,22.984,65.3
1986-06-18,0.575,9.033,14.734,22.47,63.2
1986-06-19,0.0,9.452,15.111,23.258,61.4
1986-06-20,8.085,8.915,15.603,22.938,60.8
1986-06-21,3.894,7.977,15.188,21.508,65.5
1986-06-22,1.904,7.118,15.41,20.688,74.0
1986-06-23,15.058,6.31,15.81,20.139,65.9
1986-06-24,0.0,7.975,15.207,21.53,85.9
1986-06-25,0.187,8.743,14.139,21.69,68.7
1986-06-26,5.911,9.934,14.764,23.614,58.0
1986-06-27,0.174,7.744,15.114,21.212,55.6
1986-06-28,0.0,8.025,14.405,21.03,57.2
1986-06-29,2.36,6.408,14.111,18.859,92.2
1986-06-30,16.505,5.681,15.12,18.929,87.5
1986-07-01,0.0,7.28,15.098,20.63,84.5
1986-07-02,0.572,9.701,13.674,22.527,66.4
1986-07-03,1.305,8.697,14.644,21.973,62.9
1986-07-04,7.497,8.581,14.003,21.367,59.5
1986-07-05,0.0,8.491,14.405,21.554,57.9
1986-07-06,1.669,7.143,14.443,19.916,57.0
1986-07-07,8.523,7.674,14.304,20.429,56.5
1986-07-08,0.0,9.71,14.204,22.864,70.2
1986-07-09,0.0,10.556,14.09,23.853,53.6
1986-07-10,0.0,9.515,14.497,22.837,50.1
1986-07-11,2.713,8.957,14.957,22.473,49.3
1986-07-12,0.0,8.012,14.81,21.207,48.9
1986-07-13,0.055,9.882,14.891,23.56,47.5
1986-07-14,0.0,9.796,14.954,23.465,45.3
1986-07-15,3.701,8.993,15.427,22.826,44.5
1986-07-16,0.0,7.661,14.139,20.272,44.1
1986-07-17,0.268,6.47,14.726,19.34,46.0
1986-07-18,0.0,8.8,14.69,22.027,47.3
1986-07-19,0.0,10.8,12.88,23.231,46.4
1986-07-20,0.0,9.405,14.179,22.378,42.5
1986-07-21,0.996,8.128,14.473,21.019,41.6
1986-07-22,8.297,8.421,14.995,21.728,40.6
1986-07-23,0.0,11.014,15.13,24.948,49.3
1986-07-24,0.0,10.937,14.212,24.231,45.5
1986-07-25,0.275,10.132,14.568,23.47,40.1
1986-07-26,0.0,10.27,13.823,23.12,37.9
1986-07-27,0.289,8.449,14.916,21.666,36.9
1986-07-28,0.0,9.889,14.663,23.204,37.3
1986-07-29,0.0,10.636,14.291,23.853,35.7
1986-07-30,0.0,10.103,13.655,22.736,34.7
1986-07-31,0.0,10.116,14.712,23.465,34.3
1986-08-01,0.0,10.158,14.562,23.408,34.1
1986-08-02,0.0,10.567,14.832,24.071,33.4
1986-08-03,0.21,8.871,14.652,21.878,32.7
1986-08-04,1.236,9.069,14.745,22.201,32.8
1986-08-05,1.798,10.544,14.812,23.992,32.8
1986-08-06,0.0,10.055,15.875,24.139,32.0
1986-08-07,0.0,10.291,15.09,23.864,30.6
1986-08-08,0.0,9.252,14.533,22.193,29.9
1986-08-09,0.0,12.279,14.321,25.679,29.4
1986-08-10,0.0,11.449,15.179,25.242,28.4
1986-08-11,14.839,9.512,14.649,22.546,28.9
1986-08-12,2.244,7.95,15.101,21.046,29.1
1986-08-13,9.348,6.281,15.207,19.315,34.9
1986-08-14,2.674,9.04,15.212,22.375,34.6
1986-08-15,0.0,9.86,13.489,22.101,31.8
1986-08-16,9.958,8.841,14.19,21.383,31.6
1986-08-17,2.955,9.341,13.285,21.318,36.8
1986-08-18,7.27,8.14,14.954,21.103,51.9
1986-08-19,0.0,9.844,12.783,21.53,45.6
1986-08-20,9.081,8.35,13.22,20.038,35.3
1986-08-21,0.0,8.022,14.261,20.413,43.0
1986-08-22,6.993,10.346,13.552,22.658,35.0
1986-08-23,0.0,11.387,12.704,23.332,33.2
1986-08-24,18.978,9.158,13.94,21.492,52.8
1986-08-25,3.281,8.003,14.889,20.875,42.1
1986-08-26,0.0,10.296,14.288,23.073,34.5
1986-08-27,5.052,10.337,14.402,23.19,33.6
1986-08-28,10.267,9.865,14.359,22.576,34.6
1986-08-29,0.0,10.047,13.601,22.255,32.4
1986-08-30,1.11,9.481,13.87,21.758,31.0
1986-08-31,0.0,8.757,14.149,21.125,32.1
1986-09-01,3.559,8.203,13.997,20.372,33.3
1986-09-02,5.036,8.348,13.41,20.095,39.2
1986-09-03,0.0,10.264,12.739,21.872,34.1
1986-09-04,1.646,7.899,14.516,20.375,32.2
1986-09-05,0.0,11.132,13.726,23.603,34.6
1986-09-06,0.0,11.452,14.87,24.755,31.7
1986-09-07,2.027,11.245,15.361,24.832,29.9
1986-09-08,0.184,12.347,14.804,25.764,29.0
1986-09-09,0.603,12.583,13.883,25.389,27.5
1986-09-10,0.085,10.076,15.177,23.351,26.9
1986-09-11,0.182,8.888,15.179,21.978,27.1
1986-09-12,1.021,7.995,14.764,20.655,28.8
1986-09-13,8.29,9.13,14.516,21.769,33.3
1986-09-14,10.895,9.149,15.071,22.196,30.2
1986-09-15,0.114,11.356,14.829,24.603,27.8
1986-09-16,0.0,9.654,13.769,21.823,26.7
1986-09-17,2.955,10.826,14.239,23.568,25.1
1986-09-18,0.432,10.528,14.628,23.478,25.2
1986-09-19,6.013,10.627,14.424,23.454,33.9
1986-09-20,18.552,9.696,14.856,22.679,38.4
1986-09-21,9.824,8.932,15.147,22.005,37.6
1986-09-22,0.0,9.776,15.255,23.049,33.2
1986-09-23,10.624,6.545,15.027,19.315,31.3
1986-09-24,4.393,8.711,15.302,21.878,32.9
1986-09-25,19.874,7.064,15.318,20.133,50.1
1986-09-26,5.285,8.926,14.834,21.834,36.1
1986-09-27,18.501,6.495,15.272,19.454,40.2
1986-09-28,0.278,7.139,15.856,20.609,39.8
1986-09-29,18.254,7.902,14.954,20.712,52.6
1986-09-30,2.783,9.911,14.171,22.484,39.5
1986-10-01,11.509,7.56,15.655,20.932,36.9
1986-10-02,20.283,7.231,13.867,19.16,51.0
1986-10-03,0.035,6.886,14.663,19.416,46.8
1986-10-04,5.052,7.816,14.682,20.459,37.2
1986-10-05,4.792,8.585,14.408,21.16,42.6
1986-10-06,16.922,8.784,13.995,21.092,37.6
1986-10-07,19.038,7.206,15.049,20.092,82.8
1986-10-08,27.285,9.058,15.008,22.168,78.3
1986-10-09,20.652,8.6,14.375,21.201,200.3
1986-10-10,1.738,7.227,15.386,20.438,91.4
1986-10-11,28.494,5.515,15.136,18.41,75.7
1986-10-12,3.929,9.568,14.296,22.312,71.3
1986-10-13,23.405,7.42,14.986,20.342,87.9
1986-10-14,0.0,5.434,14.791,18.049,175.2
1986-10-15,0.0,8.073,13.204,19.78,193.3
1986-10-16,0.0,8.768,14.807,21.793,138.1
1986-10-17,0.0,9.605,13.951,22.204,97.8
1986-10-18,7.93,6.511,15.323,19.674,145.8
1986-10-19,20.174,9.423,14.565,22.478,210.9
1986-10-20,43.206,6.845,14.709,19.611,194.3
1986-10-21,2.513,7.633,15.253,20.91,122.6
1986-10-22,13.424,8.804,14.91,22.016,150.2
1986-10-23,13.137,9.834,13.351,22.163,102.0
1986-10-24,6.794,7.999,13.774,20.245,110.2
1986-10-25,23.913,6.327,14.769,19.122,156.6
1986-10-26,8.361,7.101,14.198,19.497,116.8
1986-10-27,4.059,6.227,14.375,18.688,200.0
1986-10-28,17.212,7.498,13.495,19.489,173.6
1986-10-29,32.522,7.477,13.962,19.807,128.7
1986-10-30,0.11,9.903,14.106,22.927,152.7
1986-10-31,10.621,8.236,14.5,21.179,129.0
1986-11-01,8.957,9.03,13.69,21.601,139.8
1986-11-02,0.559,8.192,13.701,20.592,110.6
1986-11-03,13.46,7.296,14.446,20.084,167.8
1986-11-04,8.804,8.544,14.541,21.647,123.7
1986-11-05,11.208,8.852,14.193,21.777,112.8
1986-11-06,1.488,9.4,13.905,22.293,97.6
1986-11-07,25.03,7.589,14.312,20.386,95.5
1986-11-08,6.989,7.194,14.861,20.353,135.6
1986-11-09,3.228,7.335,14.196,20.03,139.7
1986-11-10,2.534,9.495,14.353,22.802,144.3
1986-11-11,0.696,9.04,15.258,22.91,93.1
1986-11-12,2.066,8.06,16.03,22.337,86.9
1986-11-13,19.341,7.95,14.973,21.399,110.3
1986-11-14,0.926,8.55,14.329,21.712,86.6
1986-11-15,4.1,9.345,13.552,22.174,85.4
1986-11-16,0.0,9.745,13.527,22.698,75.9
1986-11-17,1.237,9.235,14.03,22.378,72.0
1986-11-18,23.302,8.053,14.253,21.09,78.8
1986-11-19,14.132,7.956,13.557,20.47,70.6
1986-11-20,0.0,7.45,14.94,20.897,74.4
1986-11-21,6.711,9.145,12.761,21.465,79.2
1986-11-22,8.444,7.007,15.438,20.761,74.7
1986-11-23,8.104,6.32,13.878,18.742,81.6
1986-11-24,2.304,8.621,14.772,22.25,189.1
1986-11-25,16.38,8.909,15.016,22.788,109.3
1986-11-26,2.453,8.716,14.53,22.226,92.3
1986-11-27,9.213,7.189,14.821,20.538,156.6
1986-11-28,0.0,7.967,14.753,21.459,151.9
1986-11-29,0.0,9.11,14.584,22.791,95.7
1986-11-30,0.0,8.503,14.565,22.052,85.0
1986-12-01,0.0,9.094,13.304,21.894,83.8
1986-12-02,0.0,8.88,14.005,22.152,78.1
1986-12-03,0.0,6.882,15.207,20.557,83.1
1986-12-04,0.0,8.845,14.38,22.386,74.4
1986-12-05,0.0,8.207,14.72,21.837,69.0
1986-12-06,1.78,7.524,15.53,21.568,69.1
1986-12-07,0.0,7.47,15.204,21.302,68.7
1986-12-08,6.388,7.571,15.438,21.606,79.4
1986-12-09,12.91,8.779,14.639,22.533,70.4
1986-12-10,3.682,7.772,16.128,22.389,65.0
1986-12-11,9.694,8.351,15.277,22.467,61.5
1986-12-12,0.426,8.641,14.704,22.435,60.2
1986-12-13,14.495,7.556,13.742,20.329,70.3
1986-12-14,0.882,9.439,12.207,21.742,67.0
1986-12-15,0.0,7.649,13.921,20.584,67.6
1986-12-16,0.0,8.01,15.614,22.264,66.3
1986-12-17,0.0,9.938,13.405,23.226,64.6
1986-12-18,0.0,10.232,14.166,24.13,58.3
1986-12-19,0.0,10.09,13.264,23.342,54.4
1986-12-20,0.0,7.298,15.201,21.092,52.0
1986-12-21,0.0,10.224,14.027,24.008,50.6
1986-12-22,0.729,7.905,15.772,22.291,50.1
1986-12-23,7.18,7.242,14.514,20.535,48.7
1986-12-24,5.307,7.5,14.353,20.69,48.1
1986-12-25,0.086,8.338,13.976,21.495,46.2
1986-12-26,0.0,8.525,15.043,22.522,45.1
1986-12-27,0.0,7.727,13.88,20.649,43.9
1986-12-28,0.0,7.218,15.486,21.212,45.1
1986-12-29,0.0,9.075,14.465,22.807,44.1
1986-12-30,0.658,8.777,14.207,22.196,42.3
1986-12-31,14.416,8.508,14.443,22.041,41.5
1987-01-01,2.436,9.71,13.19,22.707,55.8
1987-01-02,0.0,10.302,12.465,22.992,54.6
1987-01-03,0.0,9.857,13.345,22.981,48.0
1987-01-04,7.145,9.189,13.505,22.201,50.4
1987-01-05,14.106,8.63,12.986,21.095,50.0
1987-01-06,0.0,7.82,15.242,21.717,46.1
1987-01-07,5.044,6.696,15.75,20.698,59.4
1987-01-08,0.0,9.043,15.171,23.128,63.3
1987-01-09,0.0,6.985,15.666,20.973,49.5
1987-01-10,0.0,8.466,15.688,22.772,48.5
1987-01-11,0.0,9.283,14.084,22.644,45.7
1987-01-12,0.0,10.774,13.182,23.97,44.0
1987-01-13,0.0,10.845,14.639,25.003,42.5
1987-01-14,0.0,10.182,14.462,24.008,41.1
1987-01-15,0.0,10.343,14.416,24.155,39.9
1987-01-16,0.0,9.163,14.386,22.601,39.2
1987-01-17,0.0,10.319,15.459,24.804,38.5
1987-01-18,0.0,10.563,15.524,25.147,38.6
1987-01-19,25.044,8.059,14.481,21.242,40.1
1987-01-20,0.0,8.869,15.296,22.848,41.3
1987-01-21,17.227,7.857,14.967,21.332,41.3
1987-01-22,8.92,7.544,15.296,21.198,41.8
1987-01-23,0.687,8.894,14.579,22.302,59.0
1987-01-24,0.0,10.189,14.163,23.579,44.7
1987-01-25,0.0,9.466,14.041,22.587,39.1
1987-01-26,0.0,8.532,14.701,21.87,37.4
1987-01-27,0.0,9.247,14.367,22.511,36.8
1987-01-28,0.0,9.484,15.527,23.573,36.6
1987-01-29,0.0,10.824,15.188,24.967,35.0
1987-01-30,0.0,9.69,15.405,23.712,33.8
1987-01-31,3.654,7.917,15.549,21.679,33.1
1987-02-01,0.561,9.477,15.614,23.568,33.3
1987-02-02,0.0,10.499,15.601,24.774,32.2
1987-02-03,6.771,7.892,16.174,22.111,30.9
1987-02-04,0.0,9.877,15.027,23.562,30.5
1987-02-05,1.754,11.448,13.929,24.715,29.8
1987-02-06,9.28,9.302,14.812,22.658,31.3
1987-02-07,2.111,9.227,14.693,22.457,33.0
1987-02-08,1.814,8.366,14.223,21.065,33.3
1987-02-09,0.793,10.259,14.899,23.815,31.5
1987-02-10,0.0,10.526,15.641,24.628,29.2
1987-02-11,1.455,8.116,16.291,22.266,28.9
1987-02-12,9.6,7.975,14.758,20.943,30.4
1987-02-13,12.584,8.335,14.807,21.37,69.8
1987-02-14,3.449,5.698,14.736,18.334,34.8
1987-02-15,1.113,10.159,13.981,22.908,38.3
1987-02-16,0.0,10.643,14.435,23.793,32.7
1987-02-17,2.505,10.079,14.198,22.921,30.9
1987-02-18,0.0,8.778,15.641,22.44,31.4
1987-02-19,3.494,9.294,15.707,23.071,29.1
1987-02-20,0.902,10.142,15.109,23.592,30.2
1987-02-21,0.0,10.349,14.905,23.69,29.1
1987-02-22,0.0,10.341,15.011,23.717,26.9
1987-02-23,0.0,10.877,15.726,24.818,25.6
1987-02-24,0.998,11.377,15.204,25.022,25.5
1987-02-25,0.0,10.31,16.576,24.736,24.5
1987-02-26,0.0,11.172,15.679,25.084,23.5
1987-02-27,0.159,10.054,16.976,24.696,23.1
1987-02-28,1.739,9.12,16.454,23.277,23.4
1987-03-01,9.738,8.229,16.03,21.954,22.9
1987-03-02,14.362,9.41,14.59,22.198,23.2
1987-03-03,4.271,8.588,15.182,21.668,23.1
1987-03-04,15.687,9.226,13.951,21.47,36.3
1987-03-05,0.0,10.039,15.81,23.747,37.6
1987-03-06,12.688,7.93,15.462,21.133,59.8
1987-03-07,0.125,9.554,15.755,23.141,42.2
1987-03-08,27.524,6.92,15.185,19.812,70.1
1987-03-09,0.0,8.063,14.405,20.446,58.3
1987-03-10,0.0,9.591,14.087,21.932,78.8
1987-03-11,0.0,9.792,13.497,21.793,50.6
1987-03-12,1.901,8.857,14.242,21.242,41.7
1987-03-13,14.691,9.176,15.497,22.503,52.0
1987-03-14,9.954,8.592,15.019,21.47,70.2
1987-03-15,0.0,9.351,14.717,22.071,52.4
1987-03-16,6.244,8.531,14.323,20.87,46.2
1987-03-17,1.913,9.665,14.87,22.543,48.1
1987-03-18,0.0,8.961,15.005,21.832,42.9
1987-03-19,3.597,11.47,13.174,23.465,37.1
1987-03-20,0.075,12.002,14.424,24.913,34.7
1987-03-21,2.295,7.385,16.503,21.302,32.8
1987-03-22,0.421,10.003,15.44,23.307,32.1
1987-03-23,10.018,9.863,15.584,23.253,29.8
1987-03-24,1.421,10.769,14.424,23.478,29.5
1987-03-25,0.0,13.054,12.318,24.777,28.3
1987-03-26,1.17,11.22,14.41,23.984,30.2
1987-03-27,1.271,10.139,14.88,23.087,29.7
1987-03-28,6.911,10.119,15.448,23.473,30.6
1987-03-29,8.847,9.499,15.989,23.139,30.0
1987-03-30,11.398,8.213,15.995,21.755,40.8
1987-03-31,19.451,8.925,15.875,22.432,60.2
1987-04-01,25.793,7.914,16.019,21.492,42.0
1987-04-02,8.564,7.412,15.584,20.587,75.2
1987-04-03,3.723,5.173,15.22,17.997,80.7
1987-04-04,4.256,9.635,15.095,22.655,59.9
1987-04-05,4.985,8.759,13.668,20.606,93.0
1987-04-06,9.582,10.913,13.978,23.348,59.8
1987-04-07,7.541,11.378,14.486,24.242,51.4
1987-04-08,1.199,6.969,16.277,20.679,45.2
1987-04-09,9.034,8.984,15.497,22.269,59.4
1987-04-10,1.135,9.782,13.674,21.845,40.9
1987-04-11,0.0,9.552,15.076,22.62,38.5
1987-04-12,0.0,9.82,15.552,23.226,37.4
1987-04-13,3.781,8.332,16.402,22.288,34.1
1987-04-14,0.121,11.258,13.185,23.266,31.3
1987-04-15,2.619,11.046,14.166,23.72,31.9
1987-04-16,1.864,9.876,14.918,22.935,30.4
1987-04-17,0.257,10.848,14.894,24.008,29.6
1987-04-18,0.085,10.637,15.785,24.397,28.9
1987-04-19,3.154,9.382,15.707,22.91,28.0
1987-04-20,5.373,10.753,15.405,24.304,27.5
1987-04-21,21.623,9.421,15.003,22.467,26.9
1987-04-22,3.612,9.34,15.639,22.872,26.3
1987-04-23,9.411,9.314,15.53,22.772,31.4
1987-04-24,10.147,7.157,15.954,20.734,28.8
1987-04-25,3.707,7.458,15.421,20.655,70.3
1987-04-26,10.12,7.135,14.918,19.924,57.8
1987-04-27,35.89,8.402,14.527,21.035,43.2
1987-04-28,8.915,6.67,15.446,19.804,136.7
1987-04-29,0.827,8.398,15.236,21.582,86.0
1987-04-30,6.392,7.524,14.41,19.967,117.0
1987-05-01,3.634,5.687,15.033,18.495,74.3
1987-05-02,7.458,9.422,14.312,22.101,65.9
1987-05-03,10.572,9.864,14.549,22.853,97.7
1987-05-04,5.952,7.95,14.533,20.582,94.2
1987-05-05,18.885,8.589,14.541,21.348,98.9
1987-05-06,0.0,8.519,14.454,21.201,116.5
1987-05-07,0.0,8.335,14.992,21.399,76.2
1987-05-08,0.0,8.201,14.916,21.196,66.4
1987-05-09,0.0,9.833,14.255,22.671,57.2
1987-05-10,0.0,8.349,14.707,21.228,54.8
1987-05-11,0.0,10.351,15.236,24.008,50.8
1987-05-12,2.379,9.434,15.424,23.087,47.1
1987-05-13,8.452,10.444,14.84,23.87,47.6
1987-05-14,14.123,9.214,15.193,22.682,46.8
1987-05-15,7.42,8.782,15.94,22.753,46.4
1987-05-16,6.547,6.587,15.584,20.033,72.6
1987-05-17,25.294,8.662,14.522,21.552,123.1
1987-05-18,0.0,10.678,14.337,23.889,79.7
1987-05-19,0.838,10.105,14.736,23.484,63.7
1987-05-20,14.875,7.053,16.092,20.989,58.3
1987-05-21,7.117,8.261,15.351,21.769,77.1
1987-05-22,5.195,7.198,15.457,20.63,94.4
1987-05-23,26.6,7.59,15.318,20.967,201.8
1987-05-24,7.54,8.337,14.394,21.136,281.3
1987-05-25,14.255,9.728,14.889,23.204,147.1
1987-05-26,16.046,9.924,15.31,23.772,107.0
1987-05-27,6.785,9.205,14.897,22.62,124.1
1987-05-28,1.148,10.495,14.495,23.943,102.2
1987-05-29,0.0,10.67,14.56,24.207,80.6
1987-05-30,0.0,10.959,15.198,25.008,70.4
1987-05-31,1.141,9.444,15.033,23.06,65.6
1987-06-01,0.0,7.733,14.91,20.894,65.4
1987-06-02,1.978,7.244,15.323,20.677,65.1
1987-06-03,3.101,6.578,14.908,19.595,63.9
1987-06-04,4.848,5.764,15.467,19.242,65.6
1987-06-05,9.288,5.733,15.19,18.943,59.3
1987-06-06,6.697,8.662,14.416,21.693,66.4
1987-06-07,4.388,8.989,15.943,23.231,54.1
1987-06-08,0.546,10.202,14.492,23.677,55.4
1987-06-09,1.576,9.108,15.402,22.97,54.6
1987-06-10,0.0,9.13,15.424,23.046,50.2
1987-06-11,3.492,8.524,15.709,22.533,47.6
1987-06-12,1.029,10.092,15.005,23.935,52.5
1987-06-13,6.718,8.24,15.062,21.726,44.3
1987-06-14,5.843,6.641,15.228,19.989,44.0
1987-06-15,1.91,9.209,15.117,22.962,47.9
1987-06-16,2.457,9.838,14.965,23.617,44.8
1987-06-17,1.381,9.961,15.217,23.924,38.1
1987-06-18,0.0,9.684,14.082,22.802,35.3
1987-06-19,0.901,9.822,15.141,23.742,37.3
1987-06-20,3.103,8.873,14.902,22.389,48.2
1987-06-21,0.0,9.975,14.516,23.492,37.3
1987-06-22,0.0,9.764,14.927,23.511,34.8
1987-06-23,2.135,7.436,16.098,21.606,34.3
1987-06-24,10.621,7.069,15.864,21.0,37.8
1987-06-25,0.0,8.487,15.307,22.239,37.9
1987-06-26,0.055,9.651,15.413,23.709,36.0
1987-06-27,0.0,10.561,14.962,24.505,34.8
1987-06-28,0.0,10.527,15.372,24.764,33.0
1987-06-29,0.0,7.462,15.755,21.348,32.3
1987-06-30,3.855,8.671,15.774,22.802,29.7
1987-07-01,6.976,7.155,16.367,21.489,33.3
1987-07-02,6.612,9.716,14.867,23.394,32.3
1987-07-03,5.727,7.959,15.793,21.94,34.8
1987-07-04,1.236,8.968,14.989,22.535,32.3
1987-07-05,2.589,8.861,15.101,22.511,34.8
1987-07-06,0.0,10.074,15.899,24.535,34.8
1987-07-07,0.091,9.187,15.03,22.826,36.0
1987-07-08,2.197,9.746,14.242,22.965,33.5
1987-07-09,2.767,9.22,16.062,23.625,29.7
1987-07-10,4.662,8.835,15.19,22.478,31.3
1987-07-11,2.907,8.812,15.875,22.959,33.5
1987-07-12,0.202,8.983,15.625,23.003,33.5
1987-07-13,0.0,10.154,15.312,24.185,31.0
1987-07-14,0.0,8.848,16.035,23.125,30.5
1987-07-15,2.806,8.766,14.467,21.823,33.5
1987-07-16,0.0,10.395,15.562,24.609,29.7
1987-07-17,10.427,7.833,14.647,20.821,27.9
1987-07-18,0.452,7.691,15.038,20.981,48.8
1987-07-19,4.276,10.514,14.198,23.75,32.8
1987-07-20,6.017,9.981,15.033,23.677,30.2
1987-07-21,0.0,9.901,15.981,24.272,28.8
1987-07-22,6.589,8.236,15.28,21.747,26.7
1987-07-23,0.483,10.216,14.41,23.486,26.5
1987-07-24,11.978,7.683,15.682,21.405,32.3
1987-07-25,2.625,7.851,15.658,21.565,33.5
1987-07-26,16.499,7.865,15.783,21.652,54.1
1987-07-27,2.085,8.793,14.938,22.114,38.6
1987-07-28,1.801,8.249,14.935,21.459,34.8
1987-07-29,5.326,9.053,15.041,22.492,40.0
1987-07-30,20.844,7.948,15.679,21.66,66.1
1987-07-31,14.673,8.271,15.908,22.155,55.7
1987-08-01,15.858,5.59,15.207,18.66,101.4
1987-08-02,1.355,7.836,15.084,21.041,85.8
1987-08-03,6.164,9.177,13.603,21.524,59.9
1987-08-04,1.421,9.523,14.72,22.728,53.9
1987-08-05,0.365,10.561,13.348,22.995,51.1
1987-08-06,0.059,8.726,14.492,21.587,44.3
1987-08-07,5.976,10.336,14.364,23.386,40.0
1987-08-08,10.25,9.087,14.033,21.625,34.3
1987-08-09,3.814,11.037,13.821,23.845,33.8
1987-08-10,0.841,8.963,14.228,21.622,37.8
1987-08-11,0.434,8.863,15.041,22.076,55.0
1987-08-12,9.569,8.026,14.897,20.992,37.3
1987-08-13,2.651,9.928,15.079,23.315,53.4
1987-08-14,0.0,10.443,15.375,24.12,40.0
1987-08-15,0.0,9.64,16.495,24.019,33.8
1987-08-16,0.523,9.657,15.889,23.565,29.8
1987-08-17,3.41,9.795,14.253,22.527,28.8
1987-08-18,1.482,10.771,13.766,23.337,26.9
1987-08-19,0.243,10.394,15.389,24.019,28.3
1987-08-20,0.0,9.905,16.163,24.003,26.9
1987-08-21,0.0,10.792,15.234,24.367,26.9
1987-08-22,0.032,9.164,14.894,22.209,25.8
1987-08-23,0.0,11.228,15.19,24.821,25.6
1987-08-24,4.053,11.044,16.141,25.25,22.8
1987-08-25,0.111,10.022,16.144,24.084,21.3
1987-08-26,0.19,10.199,15.514,23.823,19.8
1987-08-27,3.915,8.92,15.595,22.416,21.5
1987-08-28,2.18,9.604,14.337,22.264,21.5
1987-08-29,3.827,11.055,13.717,23.538,21.5
1987-08-30,0.98,9.302,15.367,22.655,22.8
1987-08-31,2.231,9.721,15.25,23.041,23.2
1987-09-01,0.0,8.561,15.527,21.927,22.8
1987-09-02,0.0,10.805,14.0,23.432,22.8
1987-09-03,7.536,8.208,15.253,21.34,23.2
1987-09-04,5.609,8.864,14.641,21.595,23.7
1987-09-05,14.787,5.709,15.568,18.957,32.3
1987-09-06,1.238,9.932,13.997,22.353,37.3
1987-09-07,4.104,10.522,13.242,22.514,38.4
1987-09-08,18.137,8.183,15.174,21.171,32.8
1987-09-09,0.056,9.737,15.611,23.269,26.5
1987-09-10,0.614,9.523,13.755,21.693,28.1
1987-09-11,0.0,10.782,13.196,22.791,29.0
1987-09-12,0.368,11.564,14.538,24.628,26.3
1987-09-13,0.0,9.388,15.307,22.647,27.6
1987-09-14,29.933,9.141,15.136,22.25,45.6
1987-09-15,1.262,10.041,15.158,23.264,49.6
1987-09-16,0.0,10.864,15.405,24.41,33.5
1987-09-17,0.896,9.612,16.019,23.443,25.1
1987-09-18,0.0,12.553,13.035,24.802,26.0
1987-09-19,0.0,11.513,14.204,24.345,22.8
1987-09-20,23.14,8.96,14.796,21.791,29.7
1987-09-21,6.362,9.476,14.277,22.035,38.5
1987-09-22,0.793,9.821,14.196,22.359,34.3
1987-09-23,6.599,8.703,14.666,21.41,34.0
1987-09-24,4.427,10.166,14.41,22.938,32.3
1987-09-25,8.755,7.498,15.837,20.965,35.3
1987-09-26,2.713,9.646,14.655,22.527,36.8
1987-09-27,0.759,12.305,13.212,24.707,31.0
1987-09-28,12.495,9.253,15.951,23.014,26.9
1987-09-29,22.837,11.254,13.799,23.812,45.0
1987-09-30,15.407,4.531,16.158,18.367,147.6
1987-10-01,4.68,10.558,13.78,22.997,77.7
1987-10-02,6.83,8.822,15.614,22.307,60.8
1987-10-03,7.922,7.486,14.508,19.989,73.4
1987-10-04,10.089,8.741,15.247,21.967,77.6
1987-10-05,7.667,8.012,15.495,21.332,73.0
1987-10-06,4.451,8.42,15.726,21.965,72.5
1987-10-07,18.591,8.309,15.584,21.736,61.6
1987-10-08,6.252,7.592,15.655,21.008,54.8
1987-10-09,0.843,5.848,15.397,18.992,101.9
1987-10-10,2.025,9.769,15.022,23.052,79.0
1987-10-11,6.285,6.548,15.005,19.41,64.6
1987-10-12,7.06,11.041,13.19,23.353,54.8
1987-10-13,4.284,9.23,15.092,22.503,56.6
1987-10-14,8.261,7.747,16.174,21.644,62.5
1987-10-15,7.089,8.577,16.133,22.584,53.0
1987-10-16,10.993,8.309,15.812,22.043,71.8
1987-10-17,7.641,7.314,15.644,20.788,150.1
1987-10-18,9.911,5.199,16.56,19.383,117.7
1987-10-19,7.24,8.379,15.027,21.533,86.5
1987-10-20,10.49,7.79,15.707,21.391,83.2
1987-10-21,4.196,7.611,14.815,20.587,73.4
1987-10-22,3.26,8.383,14.671,21.34,66.9
1987-10-23,7.306,7.671,15.636,21.28,61.5
1987-10-24,9.203,7.913,15.326,21.356,70.0
1987-10-25,9.867,9.547,14.168,22.424,87.1
1987-10-26,1.009,7.265,15.842,21.011,69.2
1987-10-27,5.183,4.844,15.755,18.427,83.9
1987-10-28,61.843,4.904,15.473,18.25,264.7
1987-10-29,0.103,9.099,14.617,22.269,182.5
1987-10-30,3.116,7.166,15.09,20.372,181.9
1987-10-31,0.478,5.863,15.543,19.348,156.0
1987-11-01,20.136,7.743,15.378,21.315,153.5
1987-11-02,1.855,8.284,14.829,21.516,124.4
1987-11-03,5.737,7.595,15.633,21.337,206.0
1987-11-04,2.276,7.64,15.217,21.103,169.9
1987-11-05,2.379,8.894,15.109,22.549,132.8
1987-11-06,3.278,7.311,15.497,20.957,112.0
1987-11-07,8.337,9.29,15.125,23.052,108.1
1987-11-08,0.524,10.117,11.959,21.924,103.1
1987-11-09,0.117,10.577,14.125,24.003,85.7
1987-11-10,0.0,9.914,14.141,23.179,79.2
1987-11-11,1.532,9.668,14.755,23.34,72.9
1987-11-12,0.0,7.966,14.663,21.201,69.6
1987-11-13,18.884,8.332,14.22,21.348,72.8
1987-11-14,0.0,8.167,15.217,21.899,72.1
1987-11-15,11.934,7.777,15.356,21.522,100.7
1987-11-16,0.81,8.735,15.149,22.576,78.2
1987-11-17,0.366,10.197,14.595,24.005,67.4
1987-11-18,52.449,6.616,15.826,20.595,63.5
1987-11-19,0.506,6.483,15.489,20.166,134.1
1987-11-20,0.915,8.499,14.315,21.709,192.4
1987-11-21,16.692,5.738,15.291,19.155,417.7
1987-11-22,0.0,8.195,15.959,22.568,188.0
1987-11-23,0.0,9.548,14.948,23.519,133.0
1987-11-24,1.241,8.842,14.682,22.478,114.7
1987-11-25,20.561,7.06,15.554,20.959,155.9
1987-11-26,0.0,7.349,14.511,20.497,121.7
1987-11-27,15.091,7.696,15.038,21.348,165.2
1987-11-28,0.0,9.282,14.261,22.772,126.4
1987-11-29,0.0,10.549,14.723,24.747,103.8
1987-11-30,30.927,6.17,16.337,20.565,196.9
1987-12-01,0.0,8.034,15.571,22.193,245.4
1987-12-02,18.479,5.772,15.736,19.679,266.9
1987-12-03,0.0,7.291,15.043,20.918,227.2
1987-12-04,25.954,9.41,14.361,23.101,181.7
1987-12-05,28.129,8.187,15.891,22.652,249.2
1987-12-06,2.171,8.428,15.269,22.489,225.3
1987-12-07,7.229,6.54,16.478,21.166,176.3
1987-12-08,11.956,9.599,14.951,23.818,158.1
1987-12-09,0.0,9.176,13.78,22.448,137.8
1987-12-10,0.0,8.056,14.875,21.796,122.5
1987-12-11,0.0,9.653,15.095,23.989,116.7
1987-12-12,0.0,9.315,15.505,23.859,105.6
1987-12-13,0.0,8.573,15.707,23.054,101.2
1987-12-14,1.59,8.167,15.891,22.696,97.5
1987-12-15,0.226,10.702,13.584,24.367,89.9
1987-12-16,0.0,11.145,13.747,25.06,87.9
1987-12-17,0.0,11.723,13.467,25.639,83.3
1987-12-18,0.0,10.296,13.94,24.068,79.8
1987-12-19,0.0,9.442,15.073,23.715,75.9
1987-12-20,0.092,8.934,16.098,23.815,75.8
1987-12-21,0.0,8.643,15.478,22.989,73.4
1987-12-22,0.0,8.515,15.524,22.875,69.4
1987-12-23,0.0,10.001,15.068,24.432,67.2
1987-12-24,0.0,8.9,14.658,22.731,64.4
1987-12-25,0.0,9.998,14.924,24.351,62.0
1987-12-26,0.0,8.968,14.948,23.035,60.7
1987-12-27,0.0,8.556,14.614,22.236,58.0
1987-12-28,0.0,7.824,15.342,21.859,60.1
1987-12-29,3.216,7.352,15.481,21.353,63.1
1987-12-30,0.0,5.844,15.571,19.668,66.8
1987-12-31,0.0,8.454,14.41,21.924,56.7
1988-01-01,0.0,7.299,15.413,21.22,61.8
1988-01-02,0.0,8.166,14.533,21.636,59.2
1988-01-03,0.0,7.298,14.932,20.856,59.2
1988-01-04,0.0,6.253,15.582,20.095,57.2
1988-01-05,0.165,7.069,15.084,20.698,55.1
1988-01-06,1.812,8.284,14.617,21.848,55.4
1988-01-07,0.0,8.234,14.193,21.435,57.1
1988-01-08,0.0,8.904,14.177,22.258,54.1
1988-01-09,0.068,7.663,14.723,21.098,52.0
1988-01-10,0.314,7.739,14.451,20.976,51.0
1988-01-11,10.024,7.965,14.943,21.628,50.2
1988-01-12,0.22,8.39,14.668,21.916,48.7
1988-01-13,0.0,7.892,14.5,21.166,48.0
1988-01-14,0.929,8.452,14.818,22.09,49.6
1988-01-15,3.483,8.194,15.856,22.519,50.0
1988-01-16,19.679,8.028,15.283,21.891,60.9
1988-01-17,0.097,8.488,14.796,22.054,53.4
1988-01-18,0.0,8.443,15.144,22.204,67.1
1988-01-19,2.186,8.183,15.785,22.375,57.2
1988-01-20,0.0,8.001,15.774,22.139,52.1
1988-01-21,1.083,9.796,14.155,23.168,50.0
1988-01-22,4.354,9.789,13.312,22.601,46.5
1988-01-23,0.184,10.715,13.842,24.087,46.8
1988-01-24,0.0,9.124,14.47,22.473,44.2
1988-01-25,0.0,10.577,13.405,23.554,43.5
1988-01-26,0.0,10.488,13.514,23.497,42.7
1988-01-27,0.0,8.499,14.484,21.649,41.2
1988-01-28,0.998,10.297,14.448,23.823,41.7
1988-01-29,22.96,8.249,14.31,21.179,44.6
1988-01-30,1.77,9.918,15.052,23.75,45.1
1988-01-31,0.259,9.959,14.367,23.269,42.2
1988-02-01,0.0,10.445,14.951,24.269,40.5
1988-02-02,13.015,9.174,14.514,22.359,39.4
1988-02-03,0.583,10.012,13.878,22.957,39.5
1988-02-04,2.756,5.881,15.959,19.682,57.0
1988-02-05,0.55,7.915,15.66,21.69,41.2
1988-02-06,0.0,9.855,15.171,23.603,39.0
1988-02-07,0.0,9.53,14.918,22.995,37.0
1988-02-08,5.959,10.232,15.421,24.179,36.0
1988-02-09,26.592,7.254,15.152,20.432,42.5
1988-02-10,0.0,7.438,14.878,20.459,41.9
1988-02-11,9.435,6.13,15.818,19.731,56.8
1988-02-12,0.0,8.767,16.073,22.853,57.7
1988-02-13,0.0,8.253,16.196,22.348,49.8
1988-02-14,0.0,8.164,14.644,21.068,44.1
1988-02-15,0.0,9.728,14.826,22.997,37.9
1988-02-16,2.574,10.596,14.446,23.766,36.2
1988-02-17,3.013,10.786,14.524,24.022,35.3
1988-02-18,0.0,11.536,13.837,24.47,33.8
1988-02-19,0.0,11.205,13.837,24.022,33.5
1988-02-20,0.0,11.279,15.465,25.198,32.9
1988-02-21,0.0,9.463,15.639,23.179,32.0
1988-02-22,0.0,8.798,15.16,22.027,31.7
1988-02-23,0.0,9.729,15.701,23.478,31.7
1988-02-24,25.541,8.095,16.916,22.579,34.2
1988-02-25,0.0,8.478,16.625,22.747,37.4
1988-02-26,18.987,6.808,16.601,20.91,70.9
1988-02-27,1.836,7.066,15.503,20.274,65.9
1988-02-28,7.399,8.993,15.582,22.47,92.6
1988-02-29,0.302,10.008,16.082,23.965,49.3
1988-03-01,2.731,10.224,15.761,23.967,41.5
1988-03-02,0.819,11.654,14.734,24.902,38.6
1988-03-03,0.025,11.326,15.16,24.812,38.9
1988-03-04,0.0,11.376,14.111,24.136,35.3
1988-03-05,0.0,11.146,14.383,24.057,33.8
1988-03-06,0.0,11.291,13.462,23.584,33.5
1988-03-07,0.0,10.573,14.59,23.514,32.6
1988-03-08,0.0,10.374,14.557,23.212,32.0
1988-03-09,3.711,5.55,15.723,18.853,199.1
1988-03-10,54.665,9.601,15.649,23.076,272.4
1988-03-11,1.182,10.13,14.337,22.723,117.6
1988-03-12,0.567,10.298,15.103,23.503,84.3
1988-03-13,1.262,8.841,13.916,20.924,59.3
1988-03-14,1.183,12.27,13.082,24.383,63.4
1988-03-15,1.521,10.499,13.693,22.679,55.8
1988-03-16,3.568,9.18,13.337,20.875,50.0
1988-03-17,0.0,9.622,13.568,21.549,47.7
1988-03-18,0.0,10.344,15.038,23.402,45.0
1988-03-19,0.0,12.505,15.03,25.921,42.4
1988-03-20,0.0,11.495,15.53,25.101,40.2
1988-03-21,0.0,10.505,16.226,24.473,37.8
1988-03-22,0.0,11.104,14.668,24.033,37.9
1988-03-23,0.0,11.395,14.601,24.34,37.0
1988-03-24,0.0,11.407,15.046,24.671,36.2
1988-03-25,0.0,12.059,15.345,25.601,35.0
1988-03-26,0.0,10.063,15.304,23.28,34.6
1988-03-27,0.0,8.911,15.231,21.948,34.6
1988-03-28,0.0,10.143,13.658,22.212,34.2
1988-03-29,1.177,8.057,16.481,21.965,34.3
1988-03-30,8.398,10.624,15.12,23.785,36.3
1988-03-31,8.574,9.531,14.709,22.264,38.0
1988-04-01,0.514,9.176,14.921,21.992,36.6
1988-04-02,0.0,8.637,14.554,21.114,34.7
1988-04-03,19.791,7.368,15.774,20.674,37.3
1988-04-04,23.428,8.345,15.495,21.495,67.3
1988-04-05,13.42,10.243,14.592,23.0,49.7
1988-04-06,9.95,6.127,15.88,19.489,105.0
1988-04-07,10.218,7.594,15.16,20.495,69.1
1988-04-08,9.851,10.841,14.902,23.913,46.2
1988-04-09,2.023,8.235,16.177,21.94,42.6
1988-04-10,11.958,5.966,16.342,19.769,58.0
1988-04-11,10.065,6.247,16.027,19.764,93.7
1988-04-12,8.604,7.709,15.304,20.758,63.4
1988-04-13,6.984,5.943,15.845,19.34,229.5
1988-04-14,7.794,9.107,15.443,22.394,112.4
1988-04-15,7.175,6.596,15.639,19.864,95.7
1988-04-16,0.0,8.171,13.812,20.16,90.8
1988-04-17,0.0,8.853,14.321,21.28,108.8
1988-04-18,4.421,9.179,14.848,22.079,100.8
1988-04-19,0.0,9.764,14.53,22.549,78.7
1988-04-20,30.503,9.663,15.09,22.829,67.5
1988-04-21,13.818,8.108,14.595,20.75,102.3
1988-04-22,8.543,7.714,15.666,21.065,83.7
1988-04-23,6.888,8.433,15.84,22.033,90.8
1988-04-24,0.522,9.736,14.397,22.467,67.5
1988-04-25,2.967,9.368,15.06,22.535,120.1
1988-04-26,10.832,8.503,14.755,21.304,76.3
1988-04-27,0.0,6.759,15.584,20.152,97.2
1988-04-28,0.0,8.646,15.318,21.932,78.7
1988-04-29,35.927,9.164,14.986,22.293,110.9
1988-04-30,2.366,8.506,15.258,21.715,98.5
1988-05-01,0.401,7.873,15.552,21.236,82.3
1988-05-02,0.0,9.466,14.764,22.473,81.6
1988-05-03,0.0,8.473,15.315,21.758,80.5
1988-05-04,15.573,7.277,14.97,20.204,78.0
1988-05-05,0.0,9.542,14.63,22.552,71.2
1988-05-06,1.532,8.969,15.014,22.188,64.9
1988-05-07,6.201,8.878,15.677,22.592,73.1
1988-05-08,8.692,8.573,14.886,21.633,66.1
1988-05-09,3.415,9.16,15.022,22.429,68.0
1988-05-10,4.785,7.812,15.764,21.486,60.3
1988-05-11,5.991,9.039,14.918,22.234,85.2
1988-05-12,11.486,9.174,15.054,22.522,70.9
1988-05-13,1.385,8.968,15.068,22.315,67.8
1988-05-14,16.727,7.082,14.978,20.087,75.9
1988-05-15,0.0,9.255,14.812,22.492,76.6
1988-05-16,0.0,9.618,14.391,22.62,65.8
1988-05-17,0.0,8.441,15.408,21.986,54.8
1988-05-18,10.971,7.262,15.179,20.519,52.4
1988-05-19,0.388,7.147,14.742,20.005,51.7
1988-05-20,3.942,8.894,14.264,21.731,72.1
1988-05-21,0.0,8.337,14.766,21.462,61.3
1988-05-22,0.0,9.32,14.658,22.552,57.9
1988-05-23,0.0,8.512,15.405,22.133,51.7
1988-05-24,0.561,9.545,14.965,23.082,51.9
1988-05-25,10.362,7.919,16.386,22.209,50.0
1988-05-26,30.217,6.67,16.019,20.592,68.4
1988-05-27,27.242,8.699,15.052,22.177,88.7
1988-05-28,7.763,7.495,14.764,20.541,183.3
1988-05-29,0.0,8.808,15.16,22.359,95.1
1988-05-30,1.391,9.893,13.851,22.78,182.1
1988-05-31,0.591,7.314,14.448,20.084,95.8
1988-06-01,7.774,6.307,14.649,19.101,92.3
1988-06-02,0.986,7.554,15.092,20.87,111.3
1988-06-03,14.777,9.333,13.174,21.62,99.9
1988-06-04,0.543,7.834,15.046,21.16,85.9
1988-06-05,0.0,10.18,14.72,23.785,73.4
1988-06-06,4.321,8.812,15.046,22.367,71.6
1988-06-07,2.959,9.868,13.565,22.644,70.2
1988-06-08,0.259,8.095,14.992,21.492,64.7
1988-06-09,1.214,7.994,14.22,20.769,64.7
1988-06-10,2.43,9.221,15.435,23.177,63.9
1988-06-11,1.957,6.907,15.66,20.641,83.5
1988-06-12,2.708,8.062,14.457,21.068,79.1
1988-06-13,2.504,8.389,14.261,21.34,71.7
1988-06-14,3.736,8.71,13.962,21.511,69.2
1988-06-15,3.231,8.878,14.587,22.209,66.4
1988-06-16,0.0,8.339,12.655,20.117,66.8
1988-06-17,22.619,7.806,14.962,21.166,92.5
1988-06-18,3.018,5.439,14.742,18.304,92.9
1988-06-19,4.202,6.35,14.611,19.174,107.3
1988-06-20,5.663,6.862,13.796,19.174,87.7
1988-06-21,0.0,8.499,13.125,20.641,73.4
1988-06-22,17.687,8.741,13.212,21.016,67.8
1988-06-23,18.164,8.387,13.951,21.128,139.1
1988-06-24,1.721,6.865,14.435,19.641,100.0
1988-06-25,2.106,6.895,13.679,19.114,169.4
1988-06-26,5.412,8.714,13.755,21.397,156.6
1988-06-27,4.812,9.916,12.454,22.016,114.8
1988-06-28,0.987,8.77,14.231,21.788,115.3
1988-06-29,0.485,7.133,13.78,19.424,85.5
1988-06-30,2.435,8.544,14.524,21.72,97.2
1988-07-01,8.969,8.555,14.56,21.742,88.7
1988-07-02,2.614,7.437,13.636,19.701,83.0
1988-07-03,16.552,5.964,14.899,18.978,92.7
1988-07-04,27.047,6.982,14.72,19.97,129.4
1988-07-05,0.0,6.95,14.818,19.992,139.7
1988-07-06,0.144,6.996,13.951,19.372,164.7
1988-07-07,0.0,7.385,13.766,19.693,121.6
1988-07-08,0.0,9.625,14.307,22.853,105.3
1988-07-09,0.0,9.818,14.125,22.94,96.5
1988-07-10,0.0,10.189,14.149,23.41,96.3
1988-07-11,0.0,9.738,14.147,22.864,93.2
1988-07-12,0.0,9.757,13.94,22.704,94.0
1988-07-13,0.0,9.619,14.793,23.139,96.0
1988-07-14,0.0,9.52,13.467,22.065,91.9
1988-07-15,0.722,9.353,13.446,21.826,78.6
1988-07-16,0.0,8.357,14.084,21.041,74.2
1988-07-17,0.0,8.102,14.228,20.84,71.6
1988-07-18,3.671,8.898,14.245,21.807,71.2
1988-07-19,0.49,8.199,14.457,21.092,73.7
1988-07-20,3.429,8.151,14.524,21.084,71.3
1988-07-21,2.178,8.941,15.22,22.552,66.3
1988-07-22,4.553,8.386,15.394,22.011,66.8
1988-07-23,1.491,8.825,15.269,22.427,65.9
1988-07-24,2.508,8.908,15.861,22.938,65.3
1988-07-25,1.048,9.584,14.853,23.022,66.4
1988-07-26,2.314,9.316,15.397,23.084,88.3
1988-07-27,0.816,9.464,14.087,22.293,79.4
1988-07-28,0.0,11.734,13.41,24.636,61.3
1988-07-29,1.555,9.26,14.579,22.367,61.3
1988-07-30,22.706,8.813,14.755,21.986,79.5
1988-07-31,2.164,9.877,14.755,23.231,75.8
1988-08-01,0.446,9.803,14.647,23.049,72.8
1988-08-02,5.291,7.812,15.356,21.245,76.7
1988-08-03,4.362,10.467,14.274,23.549,71.0
1988-08-04,4.676,10.142,14.655,23.405,65.5
1988-08-05,0.0,9.938,15.489,23.723,58.6
1988-08-06,0.757,9.342,15.962,23.389,54.2
1988-08-07,0.103,7.748,14.174,20.19,52.7
1988-08-08,17.026,8.559,14.761,21.582,59.6
1988-08-09,1.847,9.249,15.546,22.924,59.8
1988-08-10,1.902,9.976,14.389,22.91,56.2
1988-08-11,0.0,8.778,14.715,21.717,54.2
1988-08-12,0.0,9.769,12.766,21.522,54.9
1988-08-13,0.0,9.216,13.552,21.383,53.1
1988-08-14,0.0,9.196,14.065,21.709,51.1
1988-08-15,0.0,8.961,14.921,22.076,49.5
1988-08-16,2.87,9.862,13.489,22.106,51.1
1988-08-17,9.788,7.47,14.842,20.296,66.7
1988-08-18,20.759,10.695,14.853,24.011,56.4
1988-08-19,0.84,9.967,14.057,22.598,53.7
1988-08-20,16.507,7.176,14.465,19.633,115.0
1988-08-21,5.048,6.487,14.954,19.242,83.0
1988-08-22,0.521,7.809,14.867,20.592,116.6
1988-08-23,0.354,11.213,13.837,23.864,83.0
1988-08-24,19.111,9.06,14.815,21.997,70.3
1988-08-25,3.677,8.343,14.114,20.663,61.3
1988-08-26,3.526,8.071,14.63,20.728,57.2
1988-08-27,0.379,7.025,15.139,19.957,106.5
1988-08-28,0.424,9.584,15.147,22.834,77.1
1988-08-29,5.338,9.081,14.742,21.935,69.2
1988-08-30,10.694,6.803,15.125,19.804,106.9
1988-08-31,39.081,5.453,14.886,18.071,153.4
1988-09-01,11.507,11.001,13.66,23.41,133.8
1988-09-02,5.037,9.285,13.774,21.443,102.1
1988-09-03,7.744,7.796,14.826,20.495,100.9
1988-09-04,3.281,9.957,14.149,22.492,92.0
1988-09-05,0.26,8.331,15.285,21.435,80.4
1988-09-06,0.0,11.322,13.834,23.894,82.6
1988-09-07,0.372,8.104,14.269,20.41,79.0
1988-09-08,13.668,8.997,14.082,21.323,79.1
1988-09-09,0.0,7.876,13.497,19.587,71.0
1988-09-10,4.658,7.573,14.535,20.0,129.3
1988-09-11,0.0,5.648,15.201,18.541,111.0
1988-09-12,11.361,7.622,15.351,20.685,240.1
1988-09-13,1.091,9.111,14.943,22.033,222.5
1988-09-14,56.736,7.723,15.098,20.614,186.4
1988-09-15,6.867,8.664,14.538,21.231,152.0
1988-09-16,0.0,10.376,13.745,22.712,141.2
1988-09-17,18.734,10.24,12.052,21.348,120.0
1988-09-18,0.0,7.545,15.56,20.81,141.3
1988-09-19,0.0,7.674,14.649,20.217,208.8
1988-09-20,0.0,8.941,15.342,22.166,125.5
1988-09-21,0.0,8.824,14.432,21.405,121.7
1988-09-22,0.0,9.826,14.318,22.467,103.5
1988-09-23,1.67,10.033,14.291,22.739,96.4
1988-09-24,0.0,9.536,15.364,22.889,103.0
1988-09-25,0.682,10.409,13.59,22.647,92.6
1988-09-26,0.0,8.281,15.432,21.543,85.2
1988-09-27,0.0,10.654,14.372,23.53,85.2
1988-09-28,0.0,9.665,14.315,22.321,77.0
1988-09-29,9.756,9.749,14.473,22.53,86.0
1988-09-30,23.23,6.524,15.155,19.462,161.4
1988-10-01,11.028,8.531,13.943,20.715,137.7
1988-10-02,7.6,6.688,14.94,19.446,187.7
1988-10-03,4.687,8.904,14.266,21.421,154.5
1988-10-04,7.265,7.86,14.973,20.78,121.8
1988-10-05,6.25,8.203,15.25,21.364,111.6
1988-10-06,3.678,8.943,14.149,21.446,110.5
1988-10-07,14.857,8.198,14.815,21.035,174.4
1988-10-08,5.134,7.329,15.226,20.386,131.9
1988-10-09,7.1,8.419,15.389,21.755,113.6
1988-10-10,0.457,10.746,12.519,22.522,103.3
1988-10-11,9.85,9.433,13.818,21.832,107.6
1988-10-12,3.493,7.656,13.375,19.408,122.0
1988-10-13,0.688,7.252,14.69,19.995,135.0
1988-10-14,0.0,7.892,14.769,20.745,191.6
1988-10-15,35.554,7.516,14.53,20.117,260.4
1988-10-16,2.21,9.789,12.962,21.715,190.8
1988-10-17,0.785,9.351,14.299,22.147,184.8
1988-10-18,27.118,7.971,14.894,20.962,312.8
1988-10-19,0.0,10.279,14.579,23.508,215.1
1988-10-20,0.0,9.369,13.579,21.707,173.4
1988-10-21,16.904,9.313,15.323,22.916,164.6
1988-10-22,6.184,8.715,15.182,22.125,146.9
1988-10-23,0.0,10.719,13.296,23.277,124.5
1988-10-24,0.941,9.136,13.649,21.59,118.2
1988-10-25,1.77,8.437,14.057,21.027,149.9
1988-10-26,0.0,10.167,14.087,23.196,116.6
1988-10-27,6.411,7.974,13.707,20.217,118.1
1988-10-28,26.58,8.527,14.0,21.144,114.3
1988-10-29,0.881,7.524,14.174,20.073,121.7
1988-10-30,4.068,8.014,14.826,21.171,190.3
1988-10-31,16.599,9.026,14.193,21.935,196.5
1988-11-01,20.987,7.149,14.413,19.867,160.2
1988-11-02,15.971,6.9,15.261,20.293,205.9
1988-11-03,27.931,8.005,14.851,21.242,159.3
1988-11-04,0.0,9.714,14.293,22.938,132.8
1988-11-05,0.0,8.806,14.038,21.677,123.0
1988-11-06,6.79,7.71,14.443,20.666,163.2
1988-11-07,11.365,8.451,14.503,21.598,145.9
1988-11-08,15.967,8.688,14.709,22.076,196.8
1988-11-09,12.323,6.647,15.283,20.087,180.0
1988-11-10,6.281,7.27,15.114,20.688,175.5
1988-11-11,4.293,6.678,14.736,19.717,221.4
1988-11-12,0.0,7.749,15.582,21.644,156.3
1988-11-13,39.662,7.088,14.592,20.117,296.7
1988-11-14,0.0,6.442,15.291,19.929,281.0
1988-11-15,12.846,6.112,15.019,19.323,353.9
1988-11-16,11.78,6.123,15.446,19.69,408.0
1988-11-17,6.496,7.051,15.582,20.87,410.9
1988-11-18,28.352,8.135,15.049,21.769,288.4
1988-11-19,3.863,7.215,14.75,20.432,254.9
1988-11-20,5.487,7.519,15.073,21.06,310.1
1988-11-21,3.012,5.688,14.976,18.883,332.7
1988-11-22,10.304,7.341,15.152,20.954,524.4
1988-11-23,0.0,8.558,14.424,21.913,387.1
1988-11-24,46.186,7.389,14.543,20.573,338.6
1988-11-25,0.0,7.953,15.005,21.63,298.3
1988-11-26,4.713,8.514,13.356,21.152,385.2
1988-11-27,0.0,8.506,14.75,22.174,267.2
1988-11-28,20.335,6.671,15.179,20.245,236.8
1988-11-29,11.414,5.441,14.59,18.361,307.7
1988-11-30,21.229,7.554,14.652,20.908,309.2
1988-12-01,22.437,6.422,15.242,20.022,359.4
1988-12-02,0.958,6.163,15.139,19.611,356.9
1988-12-03,4.088,7.192,13.688,19.753,432.7
1988-12-04,3.307,7.198,14.321,20.236,397.9
1988-12-05,29.758,6.21,14.897,19.516,431.1
1988-12-06,2.379,8.678,14.484,22.255,402.1
1988-12-07,5.386,5.991,14.826,19.193,349.4
1988-12-08,11.405,6.9,13.948,19.633,396.2
1988-12-09,6.717,8.015,15.103,21.897,300.8
1988-12-10,5.744,10.091,13.016,23.133,259.7
1988-12-11,4.172,10.065,13.981,23.769,235.2
1988-12-12,0.0,10.109,13.755,23.693,209.5
1988-12-13,6.398,7.818,13.973,20.859,205.2
1988-12-14,9.818,7.569,13.802,20.399,192.7
1988-12-15,0.0,8.71,14.679,22.489,176.4
1988-12-16,4.551,9.519,13.315,22.639,168.8
1988-12-17,10.953,8.277,13.383,21.049,169.1
1988-12-18,0.0,7.34,14.769,20.812,176.9
1988-12-19,0.0,8.738,13.111,21.408,223.8
1988-12-20,0.0,8.475,13.834,21.601,151.1
1988-12-21,0.0,9.584,12.234,21.978,137.8
1988-12-22,14.01,7.161,14.019,20.052,145.2
1988-12-23,13.018,6.67,14.59,19.856,154.2
1988-12-24,6.566,7.382,14.696,20.81,137.0
1988-12-25,1.319,6.514,14.266,19.429,177.2
1988-12-26,1.048,6.396,15.122,19.976,167.4
1988-12-27,3.463,8.216,13.587,21.06,150.7
1988-12-28,7.826,7.252,13.698,19.902,177.0
1988-12-29,7.933,6.773,14.109,19.603,235.8
1988-12-30,17.191,5.731,14.59,18.731,182.0
1988-12-31,25.953,6.17,14.541,19.139,213.0
1989-01-01,19.494,6.048,14.834,19.28,212.4
1989-01-02,4.69,4.75,14.995,18.019,214.5
1989-01-03,6.158,8.111,14.312,21.408,155.0
1989-01-04,7.054,6.774,14.826,20.141,174.1
1989-01-05,7.786,4.889,15.166,18.228,219.8
1989-01-06,0.0,6.426,13.978,19.014,149.0
1989-01-07,10.325,6.228,14.408,19.106,138.0
1989-01-08,0.0,7.547,13.823,20.261,182.5
1989-01-09,0.0,8.95,14.277,22.361,141.4
1989-01-10,15.432,8.04,14.791,21.576,149.8
1989-01-11,0.0,8.342,14.641,21.821,163.3
1989-01-12,0.0,7.536,14.052,20.34,130.2
1989-01-13,1.25,7.517,13.78,20.141,130.7
1989-01-14,3.924,7.09,14.239,19.916,139.5
1989-01-15,7.097,9.715,13.598,22.793,145.3
1989-01-16,4.023,9.276,14.785,23.043,134.0
1989-01-17,1.97,8.465,14.959,22.125,117.4
1989-01-18,0.0,8.852,15.035,22.668,107.9
1989-01-19,8.09,9.264,14.383,22.677,100.4
1989-01-20,1.185,9.969,13.457,22.905,107.2
1989-01-21,9.993,8.124,15.117,21.764,104.0
1989-01-22,0.437,7.186,15.253,20.709,98.3
1989-01-23,6.046,9.708,13.769,22.736,98.6
1989-01-24,0.067,9.437,12.731,21.649,94.5
1989-01-25,0.0,9.872,12.497,22.054,92.3
1989-01-26,0.0,7.709,13.837,20.226,88.6
1989-01-27,18.562,6.661,15.731,20.432,124.6
1989-01-28,7.349,5.766,15.052,18.878,118.0
1989-01-29,6.084,8.976,14.976,22.554,106.6
1989-01-30,2.826,7.045,14.891,20.152,105.6
1989-01-31,12.849,7.871,15.092,21.272,106.8
1989-02-01,5.391,8.621,14.092,21.448,132.8
1989-02-02,0.928,7.784,15.106,21.16,91.5
1989-02-03,9.576,7.373,14.728,20.359,120.9
1989-02-04,16.712,7.73,14.951,20.921,204.8
1989-02-05,0.0,7.047,14.179,19.489,119.9
1989-02-06,0.0,9.641,13.745,22.31,103.7
1989-02-07,4.241,7.254,14.34,19.845,108.0
1989-02-08,14.768,7.786,13.875,20.106,101.9
1989-02-09,13.791,8.614,14.204,21.326,105.1
1989-02-10,3.483,6.862,15.008,19.878,115.2
1989-02-11,0.0,7.164,14.81,20.046,164.5
1989-02-12,0.0,9.346,14.223,22.196,134.9
1989-02-13,0.0,9.151,14.226,21.924,103.0
1989-02-14,0.0,8.496,14.38,21.28,93.2
1989-02-15,21.989,10.06,14.318,23.041,131.4
1989-02-16,8.804,8.811,14.576,21.72,102.8
1989-02-17,0.206,9.609,14.217,22.37,110.8
1989-02-18,0.0,10.07,13.755,22.568,98.3
1989-02-19,0.0,7.84,14.25,20.321,98.5
1989-02-20,0.131,10.146,14.245,23.003,88.0
1989-02-21,0.0,9.043,14.315,21.717,85.6
1989-02-22,8.344,9.085,13.943,21.503,86.8
1989-02-23,17.751,5.946,14.973,18.774,92.6
1989-02-24,0.0,9.934,13.236,21.959,98.3
1989-02-25,0.0,8.732,14.188,21.174,90.8
1989-02-26,1.505,7.945,14.139,20.188,111.2
1989-02-27,1.62,10.513,14.212,23.261,90.0
1989-02-28,1.935,9.433,14.804,22.405,80.6
1989-03-01,0.0,9.169,14.829,22.103,72.8
1989-03-02,0.868,10.946,12.527,22.584,68.4
1989-03-03,0.868,7.479,14.625,20.016,70.3
1989-03-04,10.734,9.905,14.068,22.389,76.8
1989-03-05,16.153,9.183,13.804,21.337,150.1
1989-03-06,13.756,8.391,14.685,21.057,78.2
1989-03-07,10.374,8.1,14.552,20.62,121.0
1989-03-08,7.429,7.608,14.457,19.981,109.6
1989-03-09,9.407,9.432,14.649,22.193,109.0
1989-03-10,1.746,9.232,14.641,21.938,83.8
1989-03-11,13.263,7.813,15.011,20.617,105.7
1989-03-12,8.839,7.538,15.785,20.943,122.4
1989-03-13,16.741,7.154,15.073,19.943,105.2
1989-03-14,17.427,7.102,15.707,20.361,183.5
1989-03-15,12.122,8.141,14.851,20.826,149.5
1989-03-16,6.888,6.316,15.114,19.06,229.6
1989-03-17,5.886,5.246,15.182,18.092,130.7
1989-03-18,0.798,7.439,14.389,19.649,124.6
1989-03-19,0.332,5.531,14.253,17.557,108.5
1989-03-20,3.424,7.087,13.641,18.663,114.0
1989-03-21,2.436,7.154,14.323,19.253,114.7
1989-03-22,3.255,7.866,13.834,19.668,109.9
1989-03-23,5.475,8.442,13.457,20.079,120.2
1989-03-24,4.676,9.201,13.791,21.174,121.1
1989-03-25,3.801,9.438,12.87,20.796,97.8
1989-03-26,1.784,8.345,14.027,20.34,94.5
1989-03-27,5.05,7.394,14.215,19.427,92.6
1989-03-28,11.975,7.081,14.293,19.179,134.2
1989-03-29,10.501,9.118,13.41,20.802,109.9
1989-03-30,1.077,9.081,13.111,20.552,87.5
1989-03-31,1.839,10.005,13.168,21.685,85.0
1989-04-01,5.119,9.569,13.962,21.745,85.9
1989-04-02,5.562,9.151,14.253,21.489,102.0
1989-04-03,13.276,8.601,15.052,21.443,85.2
1989-04-04,0.0,9.631,14.008,21.878,80.3
1989-04-05,1.15,9.266,15.541,22.579,81.1
1989-04-06,4.655,9.553,14.288,21.986,78.6
1989-04-07,0.105,9.896,14.457,22.495,76.6
1989-04-08,0.0,8.198,15.008,20.973,73.6
1989-04-09,8.493,7.379,15.94,20.832,70.8
1989-04-10,0.874,8.053,13.739,19.894,71.9
1989-04-11,2.868,10.678,13.28,22.644,65.9
1989-04-12,5.28,9.648,14.071,21.981,63.0
1989-04-13,1.879,10.769,13.807,23.122,63.5
1989-04-14,4.989,8.763,14.899,21.584,69.3
1989-04-15,1.693,8.03,14.666,20.652,77.3
1989-04-16,0.0,10.067,14.247,22.639,73.2
1989-04-17,0.551,9.539,14.579,22.261,63.5
1989-04-18,5.951,10.321,13.136,22.182,60.1
1989-04-19,0.0,10.102,14.924,23.196,64.1
1989-04-20,0.0,8.938,15.109,21.978,59.4
1989-04-21,4.724,10.479,13.321,22.533,57.7
1989-04-22,5.715,10.427,15.416,23.965,55.4
1989-04-23,0.047,9.141,15.269,22.353,53.1
1989-04-24,0.85,9.316,15.052,22.429,64.7
1989-04-25,12.744,9.671,14.745,22.639,61.6
1989-04-26,11.878,8.108,14.432,20.617,61.8
1989-04-27,5.26,8.264,15.378,21.538,90.4
1989-04-28,12.965,9.066,15.315,22.375,102.5
1989-04-29,16.352,7.426,14.747,20.122,71.1
1989-04-30,7.546,7.511,15.565,20.878,108.8
1989-05-01,9.912,5.769,15.823,19.28,93.7
1989-05-02,6.773,9.142,13.793,21.391,185.5
1989-05-03,14.937,8.288,14.707,21.087,98.8
1989-05-04,20.987,9.221,13.986,21.663,114.7
1989-05-05,6.897,9.398,13.478,21.53,121.2
1989-05-06,5.937,7.544,14.079,19.796,69.1
1989-05-07,12.466,8.003,15.261,21.209,107.2
1989-05-08,9.25,6.753,15.182,19.777,113.7
1989-05-09,6.711,8.262,14.399,20.883,121.6
1989-05-10,8.337,7.141,14.693,19.84,118.0
1989-05-11,12.155,10.416,13.658,22.978,114.5
1989-05-12,7.14,8.724,14.872,21.834,97.1
1989-05-13,7.323,6.274,14.815,19.038,142.8
1989-05-14,2.192,8.645,14.332,21.383,128.2
1989-05-15,0.272,8.507,14.889,21.633,106.8
1989-05-16,0.343,8.0,14.552,20.818,98.7
1989-05-17,0.149,9.262,15.06,22.677,84.5
1989-05-18,1.705,8.762,15.329,22.293,76.9
1989-05-19,5.761,8.481,15.66,22.258,77.7
1989-05-20,0.74,10.111,15.348,23.943,73.2
1989-05-21,0.0,9.639,14.851,23.022,68.9
1989-05-22,0.218,8.474,15.511,22.144,68.0
1989-05-23,3.51,7.412,15.476,20.91,66.4
1989-05-24,2.602,7.408,14.938,20.505,71.5
1989-05-25,9.952,7.005,15.236,20.288,73.6
1989-05-26,4.401,8.49,14.894,21.747,73.9
1989-05-27,0.746,9.505,14.774,22.913,70.5
1989-05-28,3.277,7.325,14.796,20.334,85.5
1989-05-29,9.539,9.264,14.359,22.337,66.6
1989-05-30,3.641,8.936,14.758,22.245,61.5
1989-05-31,0.562,8.007,14.997,21.304,58.9
1989-06-01,0.277,7.825,14.465,20.696,67.6
1989-06-02,8.062,8.18,14.88,21.451,79.4
1989-06-03,4.384,7.663,14.198,20.321,62.3
1989-06-04,6.155,8.39,14.872,21.701,57.2
1989-06-05,6.811,8.03,13.429,20.193,60.4
1989-06-06,20.226,8.337,15.266,21.973,65.2
1989-06-07,0.25,8.55,14.109,21.359,66.5
1989-06-08,1.758,7.885,14.658,20.997,60.7
1989-06-09,0.064,7.705,14.853,20.913,57.0
1989-06-10,2.121,8.046,15.144,21.546,58.8
1989-06-11,5.098,7.141,14.359,19.851,64.6
1989-06-12,13.574,9.504,14.296,22.72,78.7
1989-06-13,1.707,8.758,14.742,22.117,62.9
1989-06-14,0.0,10.513,13.793,23.622,59.9
1989-06-15,4.048,7.826,15.092,21.264,59.3
1989-06-16,1.566,8.857,14.736,22.247,54.1
1989-06-17,0.0,8.311,15.647,22.258,46.9
1989-06-18,2.492,7.324,15.209,20.777,49.3
1989-06-19,10.905,6.989,14.076,19.535,56.3
1989-06-20,4.694,8.519,14.688,21.851,59.7
1989-06-21,1.386,9.022,14.155,22.049,52.8
1989-06-22,5.619,7.722,15.31,21.342,51.6
1989-06-23,6.887,7.044,13.571,19.182,77.3
1989-06-24,4.813,7.382,14.538,20.321,60.8
1989-06-25,5.81,6.399,13.973,18.726,56.5
1989-06-26,8.248,8.382,13.688,20.913,56.8
1989-06-27,4.632,7.372,13.674,19.698,83.2
1989-06-28,0.68,9.442,13.155,21.891,61.6
1989-06-29,0.0,10.073,13.177,22.704,53.7
1989-06-30,0.868,9.353,13.715,22.158,53.2
1989-07-01,1.432,8.896,14.323,22.011,54.5
1989-07-02,1.54,8.829,14.707,22.19,50.7
1989-07-03,0.755,9.093,14.818,22.592,48.5
1989-07-04,0.0,8.115,13.603,20.508,46.8
1989-07-05,2.032,7.561,15.342,21.128,47.3
1989-07-06,6.97,8.417,14.677,21.647,47.0
1989-07-07,0.0,8.621,14.052,21.421,50.6
1989-07-08,0.05,9.75,13.731,22.614,53.6
1989-07-09,0.0,9.267,13.788,22.024,48.6
1989-07-10,0.478,11.084,12.554,23.497,46.2
1989-07-11,0.0,10.491,13.938,23.647,44.3
1989-07-12,0.0,11.259,14.082,24.701,42.4
1989-07-13,0.0,10.323,14.467,23.785,40.3
1989-07-14,0.0,9.524,15.511,23.538,40.2
1989-07-15,0.0,12.059,14.598,25.986,38.9
1989-07-16,1.663,10.503,15.546,24.696,37.6
1989-07-17,0.0,10.235,14.938,23.957,43.1
1989-07-18,0.0,10.793,14.446,24.304,40.6
1989-07-19,0.233,7.97,15.799,21.872,36.7
1989-07-20,10.392,9.772,14.068,22.755,43.2
1989-07-21,2.687,9.22,14.549,22.438,47.9
1989-07-22,19.032,8.463,14.432,21.386,41.4
1989-07-23,0.0,8.926,13.731,21.454,43.7
1989-07-24,0.362,7.803,13.791,20.136,45.4
1989-07-25,12.039,9.295,14.443,22.375,52.9
1989-07-26,9.37,5.464,14.943,18.345,80.0
1989-07-27,6.648,9.365,15.027,22.889,55.0
1989-07-28,3.403,10.728,12.098,22.519,44.4
1989-07-29,0.381,10.518,12.761,22.679,40.1
1989-07-30,0.264,10.27,14.207,23.334,43.6
1989-07-31,2.891,10.525,14.302,23.723,39.7
1989-08-01,3.478,9.464,14.875,22.799,39.9
1989-08-02,0.0,10.166,14.177,23.141,38.0
1989-08-03,0.0,10.276,13.236,22.628,35.7
1989-08-04,0.0,10.848,13.035,23.177,38.2
1989-08-05,0.103,10.225,13.484,22.671,34.5
1989-08-06,0.233,9.781,13.802,22.315,34.2
1989-08-07,0.0,10.752,13.041,23.005,34.5
1989-08-08,3.5,9.732,13.274,21.88,34.2
1989-08-09,0.0,10.092,14.226,22.973,33.9
1989-08-10,6.657,9.055,14.851,22.179,36.2
1989-08-11,2.608,9.46,14.701,22.53,34.7
1989-08-12,1.434,10.812,14.196,23.785,34.5
1989-08-13,1.581,9.095,14.364,21.829,34.2
1989-08-14,0.911,8.971,13.595,21.122,33.9
1989-08-15,2.29,9.579,14.606,22.56,33.6
1989-08-16,9.492,8.223,15.095,21.318,33.6
1989-08-17,1.017,9.662,14.688,22.693,33.6
1989-08-18,0.0,9.019,14.818,22.011,33.6
1989-08-19,1.069,10.758,12.946,22.769,33.6
1989-08-20,0.9,9.331,13.261,21.266,33.6
1989-08-21,14.717,10.174,13.44,22.37,33.6
1989-08-22,2.299,10.587,13.899,23.182,37.2
1989-08-23,0.074,9.351,14.894,22.424,33.9
1989-08-24,7.347,8.054,14.098,20.31,37.4
1989-08-25,0.0,10.413,14.421,23.312,33.6
1989-08-26,3.736,9.869,14.19,22.505,34.9
1989-08-27,4.447,10.169,13.188,22.111,33.0
1989-08-28,1.5,9.819,13.978,22.239,33.6
1989-08-29,8.775,7.443,15.095,20.367,34.3
1989-08-30,17.501,8.056,14.31,20.454,72.7
1989-08-31,6.896,8.866,13.864,21.019,49.0
1989-09-01,0.174,11.107,13.633,23.538,39.8
1989-09-02,0.84,11.043,13.658,23.44,34.5
1989-09-03,8.868,10.222,13.141,22.103,34.7
1989-09-04,14.477,9.033,14.848,21.954,58.3
1989-09-05,18.335,6.597,15.47,19.717,83.3
1989-09-06,8.91,6.919,15.731,20.253,80.8
1989-09-07,3.011,9.133,15.378,22.462,62.4
1989-09-08,2.567,9.379,13.935,21.644,50.6
1989-09-09,2.852,8.877,15.109,21.967,47.2
1989-09-10,3.47,8.303,13.889,20.342,41.6
1989-09-11,9.345,9.744,14.177,22.212,36.9
1989-09-12,6.391,10.694,14.0,23.231,49.7
1989-09-13,0.481,10.038,13.818,22.345,43.8
1989-09-14,2.482,9.738,14.549,22.503,38.4
1989-09-15,0.0,9.199,14.041,21.489,34.5
1989-09-16,1.356,9.515,14.633,22.302,33.3
1989-09-17,0.0,9.799,14.78,22.742,33.7
1989-09-18,0.083,9.398,13.427,21.302,41.9
1989-09-19,5.671,9.685,14.698,22.571,38.2
1989-09-20,14.196,7.671,15.443,20.91,40.5
1989-09-21,6.677,8.415,15.274,21.535,44.5
1989-09-22,13.889,7.36,15.054,20.19,98.3
1989-09-23,13.438,10.298,15.188,23.609,64.4
1989-09-24,0.0,8.358,14.008,20.546,47.2
1989-09-25,8.197,9.671,13.054,21.386,46.5
1989-09-26,2.227,8.557,13.446,20.345,55.6
1989-09-27,5.989,6.824,15.391,19.899,45.1
1989-09-28,6.202,6.993,15.851,20.467,58.6
1989-09-29,12.077,8.959,14.935,21.921,50.7
1989-09-30,0.04,10.225,13.66,22.508,39.7
1989-10-01,2.433,10.097,13.641,22.351,36.1
1989-10-02,1.662,8.671,14.299,21.155,35.4
1989-10-03,5.709,7.742,14.177,20.038,40.4
1989-10-04,8.538,7.995,13.239,19.576,44.0
1989-10-05,10.05,8.841,14.158,21.272,59.5
1989-10-06,0.0,11.015,13.644,23.535,46.5
1989-10-07,0.927,11.544,12.043,23.117,40.9
1989-10-08,8.763,10.706,12.168,22.171,39.6
1989-10-09,14.767,8.593,13.641,20.682,43.1
1989-10-10,20.463,7.407,13.31,19.082,43.6
1989-10-11,13.362,5.318,14.592,17.793,125.8
1989-10-12,6.083,6.063,15.065,18.984,96.8
1989-10-13,9.306,7.649,14.446,20.204,74.0
1989-10-14,6.084,5.997,15.25,19.06,122.0
1989-10-15,9.761,6.855,14.72,19.565,85.7
1989-10-16,8.813,10.109,14.274,23.03,85.4
1989-10-17,9.86,7.452,15.149,20.579,62.2
1989-10-18,0.468,8.312,15.177,21.592,57.9
1989-10-19,2.696,8.404,14.804,21.405,60.8
1989-10-20,2.683,9.499,14.603,22.601,58.9
1989-10-21,1.76,9.584,13.37,21.823,53.2
1989-10-22,6.919,8.947,13.685,21.291,67.1
1989-10-23,15.776,7.952,15.255,21.348,58.1
1989-10-24,8.621,7.905,15.103,21.152,107.5
1989-10-25,18.908,7.568,15.185,20.807,71.3
1989-10-26,9.235,6.865,16.125,20.796,60.0
1989-10-27,12.83,6.453,15.889,20.198,58.2
1989-10-28,9.443,6.88,16.06,20.804,73.4
1989-10-29,17.315,7.693,14.473,20.484,61.9
1989-10-30,16.071,7.745,15.91,21.668,63.6
1989-10-31,13.536,7.713,16.141,21.821,166.2
1989-11-01,5.939,4.588,15.155,17.693,220.8
1989-11-02,5.06,8.349,14.424,21.318,118.8
1989-11-03,9.868,7.099,15.546,20.726,107.2
1989-11-04,19.006,5.522,15.236,18.769,123.5
1989-11-05,3.744,7.704,14.927,20.986,99.4
1989-11-06,2.789,8.347,14.959,21.772,86.9
1989-11-07,18.435,5.975,15.497,19.459,237.4
1989-11-08,12.022,7.977,14.386,20.897,215.9
1989-11-09,3.324,8.135,14.668,21.321,162.6
1989-11-10,3.696,7.991,14.62,21.117,142.0
1989-11-11,2.418,4.779,14.826,17.688,197.7
1989-11-12,0.035,6.957,14.614,19.932,140.1
1989-11-13,4.237,7.826,14.277,20.758,109.6
1989-11-14,2.332,8.103,15.332,21.899,97.7
1989-11-15,4.258,9.018,14.973,22.769,93.0
1989-11-16,9.402,9.481,14.951,23.364,99.2
1989-11-17,6.175,8.377,14.908,21.965,122.9
1989-11-18,4.032,8.652,15.291,22.606,90.2
1989-11-19,0.993,9.734,15.649,24.209,79.7
1989-11-20,13.004,8.862,16.182,23.546,80.9
1989-11-21,8.944,6.492,15.293,20.038,147.0
1989-11-22,2.215,8.222,14.783,21.78,98.9
1989-11-23,2.76,7.782,15.541,21.772,87.8
1989-11-24,3.377,8.324,15.315,22.302,94.2
1989-11-25,4.089,7.498,15.617,21.549,82.5
1989-11-26,18.113,8.819,14.188,22.147,70.5
1989-11-27,9.196,9.27,13.016,21.899,66.3
1989-11-28,0.55,8.689,14.19,21.984,62.5
1989-11-29,5.495,8.525,14.144,21.783,74.4
1989-11-30,6.096,7.799,14.924,21.457,87.8
1989-12-01,2.016,6.525,16.592,21.207,116.9
1989-12-02,6.26,5.23,15.609,18.984,234.8
1989-12-03,8.78,8.567,15.052,22.503,129.8
1989-12-04,8.291,6.583,15.818,20.647,179.4
1989-12-05,22.805,7.356,15.524,21.361,150.8
1989-12-06,14.53,8.498,15.234,22.592,131.1
1989-12-07,0.0,9.093,14.573,22.891,108.3
1989-12-08,0.0,9.858,13.799,23.353,95.4
1989-12-09,1.005,9.521,14.261,23.255,115.3
1989-12-10,8.783,6.628,16.473,21.269,107.2
1989-12-11,3.818,7.324,16.054,21.766,101.9
1989-12-12,1.511,8.233,15.652,22.587,99.0
1989-12-13,3.594,8.901,14.247,22.451,91.5
1989-12-14,0.784,8.64,15.378,22.913,81.7
1989-12-15,0.0,10.789,13.527,24.451,76.1
1989-12-16,0.0,9.344,14.688,23.334,69.8
1989-12-17,0.0,9.168,14.761,23.168,68.1
1989-12-18,5.253,10.444,14.495,24.655,65.1
1989-12-19,0.0,10.817,12.832,24.041,60.9
1989-12-20,0.0,9.373,13.046,22.231,58.6
1989-12-21,0.0,8.188,13.345,20.853,58.3
1989-12-22,2.995,10.291,13.549,23.81,58.5
1989-12-23,5.644,8.335,14.508,21.924,56.3
1989-12-24,8.771,7.036,15.092,20.698,55.6
1989-12-25,5.668,7.269,14.995,20.891,59.1
1989-12-26,8.34,6.121,16.451,20.717,106.5
1989-12-27,9.712,7.129,15.938,21.443,97.5
1989-12-28,8.518,7.099,15.636,21.174,96.1
1989-12-29,2.729,8.556,14.88,22.391,124.2
1989-12-30,0.055,9.219,13.389,22.204,94.6
1989-12-31,2.886,7.95,14.34,21.266,86.4
1990-01-01,0.0,7.553,14.111,20.562,103.0
1990-01-02,0.0,8.813,14.014,22.079,92.8
1990-01-03,0.0,7.617,14.519,20.948,84.7
1990-01-04,5.504,7.789,13.598,20.451,79.1
1990-01-05,11.042,6.493,14.226,19.288,79.2
1990-01-06,2.956,7.466,14.454,20.652,75.4
1990-01-07,7.813,6.888,14.503,19.943,89.4
1990-01-08,11.519,5.58,15.133,18.908,95.9
1990-01-09,15.664,8.417,15.283,22.413,92.1
1990-01-10,3.53,6.612,14.698,19.772,112.7
1990-01-11,3.05,6.926,14.671,20.092,90.0
1990-01-12,4.003,7.548,14.785,20.932,111.2
1990-01-13,0.0,8.326,13.655,21.065,110.7
1990-01-14,5.373,8.109,14.098,21.076,82.1
1990-01-15,0.0,7.535,15.082,21.101,73.1
1990-01-16,0.0,9.869,13.97,23.217,67.6
1990-01-17,0.0,9.038,14.66,22.614,58.2
1990-01-18,0.0,7.833,14.826,21.258,63.1
1990-01-19,1.746,7.364,15.09,20.853,62.4
1990-01-20,1.476,10.258,14.204,23.793,73.2
1990-01-21,0.0,9.2,15.179,23.13,62.8
1990-01-22,9.959,8.208,14.989,21.731,61.3
1990-01-23,1.531,9.855,14.495,23.405,56.4
1990-01-24,1.649,10.755,13.652,23.946,54.1
1990-01-25,0.0,9.951,15.489,24.185,50.9
1990-01-26,7.631,6.148,15.391,19.579,48.3
1990-01-27,4.372,8.821,15.25,22.587,51.5
1990-01-28,0.663,10.571,14.489,24.201,46.9
1990-01-29,0.0,10.406,14.59,24.038,46.9
1990-01-30,0.193,8.897,14.13,21.826,45.6
1990-01-31,0.0,9.751,15.622,23.918,44.4
1990-03-01,0.193,8.901,14.253,21.361,136.5
1990-03-02,4.575,7.831,14.921,20.63,124.1
1990-03-03,0.0,6.484,14.095,18.524,116.8
1990-03-04,6.335,7.864,13.823,19.859,117.8
1990-03-05,1.434,8.507,14.573,21.103,93.2
1990-03-06,0.0,9.231,14.851,22.12,87.1
1990-03-07,4.66,9.223,15.696,22.731,89.2
1990-03-08,0.0,11.284,14.128,23.986,76.3
1990-03-09,0.718,10.968,15.598,24.62,66.3
1990-03-10,4.609,9.985,16.872,24.389,64.8
1990-03-11,3.862,9.795,15.111,22.889,60.1
1990-03-12,0.0,10.947,16.66,25.304,58.2
1990-03-13,6.801,11.661,15.209,25.098,55.5
1990-03-14,4.567,9.42,15.758,22.913,52.5
1990-03-15,5.978,9.471,15.171,22.533,53.3
1990-03-16,0.0,9.616,16.141,23.405,60.9
1990-03-17,18.336,9.685,15.418,22.986,52.5
1990-03-18,11.875,6.039,15.864,19.413,79.5
1990-03-19,0.524,9.93,14.872,22.837,57.9
1990-03-20,0.679,8.637,16.38,22.514,55.8
1990-03-21,19.706,6.81,15.715,20.054,53.4
1990-03-22,0.347,11.234,14.726,24.239,76.5
1990-03-23,3.537,8.085,15.524,21.253,51.8
1990-03-24,9.476,7.257,16.092,20.837,103.2
1990-03-25,17.891,7.506,15.307,20.47,71.2
1990-03-26,14.529,6.004,15.625,19.144,84.0
1990-03-27,9.837,10.855,14.201,23.405,168.3
1990-03-28,9.341,9.841,15.818,23.37,82.2
1990-03-29,0.0,11.453,15.062,24.682,79.9
1990-03-30,1.673,11.372,15.489,24.913,63.3
1990-03-31,10.158,8.674,16.228,22.416,71.8
1990-04-01,10.155,6.698,15.56,19.78,110.7
1990-04-02,7.331,9.136,14.842,21.908,106.6
1990-04-03,1.609,8.865,15.511,22.087,79.9
1990-04-04,2.073,6.309,15.356,19.25,87.2
1990-04-05,9.368,9.075,14.133,21.359,124.2
1990-04-06,0.821,8.079,15.149,20.948,86.1
1990-04-07,8.685,10.218,15.296,23.481,82.8
1990-04-08,0.233,10.554,14.005,22.959,72.1
1990-04-09,0.18,11.734,14.114,24.413,66.3
1990-04-10,0.0,9.982,15.0,23.011,63.1
1990-04-11,0.574,9.027,15.677,22.435,62.2
1990-04-12,6.346,8.921,16.043,22.59,61.1
1990-04-13,7.603,7.881,16.448,21.856,64.5
1990-04-14,9.009,8.477,14.761,21.188,69.5
1990-04-15,14.487,9.496,15.103,22.595,75.7
1990-04-16,16.041,7.44,15.617,20.693,124.2
1990-04-17,2.258,8.969,14.826,21.769,77.8
1990-04-18,1.109,8.356,15.198,21.413,92.6
1990-04-19,9.468,9.739,16.049,23.562,92.4
1990-04-20,13.218,7.692,15.997,21.315,82.3
1990-04-21,15.568,6.895,16.136,20.56,139.2
1990-04-22,9.26,8.114,15.109,21.084,139.5
1990-04-23,20.764,8.216,15.766,21.701,165.0
1990-04-24,12.81,6.761,15.698,20.111,118.9
1990-04-25,7.349,6.539,14.962,19.277,150.6
1990-04-26,9.039,6.988,15.53,20.236,154.9
1990-04-27,16.179,9.028,15.166,22.245,193.7
1990-04-28,20.209,6.372,15.774,19.791,193.6
1990-04-29,5.638,7.767,14.929,20.59,180.2
1990-04-30,12.024,7.55,13.989,19.658,135.7
1990-05-01,17.231,7.07,15.185,20.041,148.3
1990-05-02,4.017,10.518,13.94,23.144,157.1
1990-05-03,1.802,7.757,15.149,20.799,155.4
1990-05-04,2.797,6.884,15.361,20.038,174.3
1990-05-05,6.023,7.89,16.016,21.666,186.4
1990-05-06,7.031,7.844,14.992,20.823,153.5
1990-05-07,2.831,9.177,15.899,23.054,133.0
1990-05-08,7.545,9.012,14.622,21.929,124.7
1990-05-09,0.0,8.349,15.565,21.905,111.0
1990-05-10,0.0,9.595,14.777,22.804,108.6
1990-05-11,3.513,9.403,15.356,22.986,103.0
1990-05-12,1.386,6.071,15.948,19.731,101.9
1990-05-13,6.428,8.271,15.117,21.533,92.9
1990-05-14,6.804,8.076,15.755,21.818,120.0
1990-05-15,4.0,9.254,15.226,22.791,92.5
1990-05-16,2.112,10.585,15.033,24.239,85.7
1990-05-17,2.275,10.261,14.062,23.155,80.1
1990-05-18,0.173,9.476,14.883,22.812,76.5
1990-05-19,0.0,9.314,16.209,23.611,72.6
1990-05-20,1.836,9.114,16.139,23.337,70.7
1990-05-21,5.222,9.335,15.728,23.312,70.3
1990-05-22,2.951,9.349,15.717,23.332,65.2
1990-05-23,1.801,9.926,15.149,23.628,79.4
1990-05-24,0.496,8.586,14.861,21.832,81.1
1990-05-25,4.336,8.724,15.66,22.598,79.4
1990-05-26,0.227,8.801,15.557,22.614,68.9
1990-05-27,0.176,8.701,14.554,21.812,66.3
1990-05-28,9.955,8.847,14.935,22.253,68.1
1990-05-29,14.323,7.905,14.72,20.97,92.9
1990-05-30,3.618,8.618,15.038,22.046,73.5
1990-05-31,1.666,8.527,13.834,21.103,61.2
1990-06-01,0.865,8.206,14.707,21.38,67.1
1990-06-02,1.525,9.91,13.503,22.582,64.2
1990-06-03,0.0,8.503,14.962,21.902,57.7
1990-06-04,1.906,7.21,14.772,20.25,64.7
1990-06-05,0.899,7.184,15.565,20.851,66.0
1990-06-06,0.0,9.678,15.973,24.079,55.0
1990-06-07,0.708,10.331,14.31,23.709,51.9
1990-06-08,9.611,9.337,14.878,22.889,50.0
1990-06-09,7.1,7.564,15.198,21.0,50.4
1990-06-10,10.872,6.354,15.226,19.685,58.1
1990-06-11,16.186,7.252,15.095,20.579,72.2
1990-06-12,0.264,8.892,15.209,22.622,57.0
1990-06-13,0.222,9.45,14.386,22.728,54.3
1990-06-14,13.044,8.625,15.386,22.427,69.4
1990-06-15,12.327,7.161,14.486,19.989,83.4
1990-06-16,6.748,6.901,14.565,19.747,78.2
1990-06-17,0.936,8.691,14.264,21.674,62.9
1990-06-18,0.0,8.588,14.459,21.726,59.6
1990-06-19,0.0,8.666,14.696,21.976,52.1
1990-06-20,0.124,10.388,15.427,24.625,48.2
1990-06-21,0.0,9.041,16.139,23.489,45.2
1990-06-22,1.454,8.812,15.41,22.704,44.0
1990-06-23,4.111,7.836,15.321,21.459,44.5
1990-06-24,4.114,7.746,15.386,21.399,47.9
1990-06-25,5.615,8.852,14.606,22.158,48.7
1990-06-26,0.491,8.893,14.34,22.005,45.4
1990-06-27,3.518,7.019,15.571,20.701,42.1
1990-06-28,0.208,9.604,14.796,23.215,41.2
1990-06-29,0.101,10.011,15.234,24.024,40.0
1990-06-30,1.113,7.563,14.848,20.783,38.8
1990-07-01,1.706,8.761,14.753,22.168,34.8
1990-07-02,2.892,9.488,14.397,22.777,32.8
1990-07-03,1.196,8.726,15.435,22.584,31.6
1990-07-04,0.492,8.603,14.883,22.027,30.0
1990-07-05,11.014,8.165,15.141,21.682,28.9
1990-07-06,2.646,9.815,14.935,23.557,31.8
1990-07-07,0.505,9.47,14.533,22.821,30.1
1990-07-08,3.382,8.963,14.283,22.016,32.5
1990-07-09,18.597,10.423,13.361,23.201,38.9
1990-07-10,11.827,6.875,14.745,19.859,56.9
1990-07-11,0.094,8.759,15.546,22.671,57.5
1990-07-12,4.97,9.249,14.516,22.476,35.0
1990-07-13,4.387,8.473,14.367,21.438,39.4
1990-07-14,0.271,7.379,15.785,21.25,33.7
1990-07-15,0.243,8.706,15.19,22.323,34.8
1990-07-16,1.349,8.213,14.832,21.454,34.8
1990-07-17,6.033,7.73,15.514,21.386,36.4
1990-07-18,9.248,8.629,14.201,21.495,42.0
1990-07-19,3.894,9.377,13.715,22.033,49.4
1990-07-20,0.0,9.856,13.777,22.652,48.1
1990-07-21,5.464,8.845,14.207,21.717,48.0
1990-07-22,2.065,9.987,13.717,22.734,63.5
1990-07-23,1.544,8.428,15.019,21.777,38.8
1990-07-24,0.446,10.318,14.177,23.446,38.0
1990-07-25,0.0,10.958,14.247,24.293,38.0
1990-07-26,0.395,9.764,15.201,23.478,36.4
1990-07-27,2.686,10.65,14.035,23.72,32.7
1990-07-28,0.0,10.22,14.715,23.62,28.1
1990-07-29,0.0,10.106,15.918,24.353,22.5
1990-07-30,0.708,9.935,13.962,22.717,25.6
1990-07-31,0.0,10.72,14.899,24.315,31.0
1990-08-01,0.0,9.83,13.992,22.601,21.8
1990-08-02,0.0,9.647,14.75,22.921,20.9
1990-08-03,0.652,9.347,15.318,22.938,25.6
1990-08-04,0.784,8.972,14.601,21.967,21.5
1990-08-05,0.0,10.114,14.935,23.56,20.5
1990-08-06,0.0,11.093,14.315,24.296,19.9
1990-08-07,0.33,10.231,15.361,23.967,19.8
1990-08-08,0.0,9.715,15.552,23.503,19.5
1990-08-09,0.0,10.46,15.332,24.185,20.5
1990-08-10,0.547,8.516,15.038,21.69,25.3
1990-08-11,0.0,10.246,14.622,23.429,24.7
1990-08-12,0.0,9.395,14.698,22.44,25.5
1990-08-13,0.0,8.096,15.649,21.66,24.2
1990-08-14,2.103,8.797,14.851,21.842,24.8
1990-08-15,2.725,9.296,14.367,22.084,26.3
1990-08-16,0.0,8.723,15.929,22.557,25.4
1990-08-17,0.0,11.269,14.535,24.514,25.0
1990-08-18,8.831,10.294,14.451,23.245,24.8
1990-08-19,0.392,9.433,16.209,23.522,23.7
1990-08-20,0.0,9.862,15.098,23.193,22.9
1990-08-21,0.0,10.37,15.796,24.264,22.3
1990-08-22,1.933,9.765,15.587,23.421,20.5
1990-08-23,0.0,9.969,15.136,23.321,20.5
1990-08-24,0.279,11.297,14.106,24.147,19.8
1990-08-25,0.25,9.752,14.595,22.652,21.7
1990-08-26,19.141,9.381,13.462,21.38,21.6
1990-08-27,4.372,9.498,14.704,22.427,28.4
1990-08-28,8.466,6.887,15.736,20.272,27.1
1990-08-29,0.733,7.472,15.302,20.56,26.2
1990-08-30,0.0,9.427,14.408,22.101,25.5
1990-08-31,5.44,9.889,13.962,22.315,27.0
1990-09-01,5.432,10.183,14.204,22.829,25.0
1990-09-02,7.058,9.235,14.663,22.038,21.5
1990-09-03,0.066,10.365,13.973,22.845,23.4
1990-09-04,0.461,11.692,14.636,24.878,23.4
1990-09-05,0.694,9.423,16.133,23.326,23.4
1990-09-06,2.67,9.776,15.166,23.005,18.5
1990-09-07,3.973,10.12,14.31,22.785,20.7
1990-09-08,1.271,10.469,14.639,23.432,17.9
1990-09-09,4.699,9.697,13.962,22.035,16.3
1990-09-10,0.031,10.695,14.144,23.34,18.4
1990-09-11,3.563,8.898,14.755,21.677,17.4
1990-09-12,9.845,8.655,14.856,21.476,22.5
1990-09-13,1.026,10.429,14.489,23.266,19.9
1990-09-14,2.663,7.958,15.918,21.522,17.9
1990-09-15,2.15,10.395,14.424,23.171,18.2
1990-09-16,0.0,11.859,13.351,24.185,19.0
1990-09-17,0.0,11.098,14.435,24.016,18.2
1990-09-18,1.184,10.261,14.647,23.179,27.3
1990-09-19,10.104,9.119,13.769,21.212,28.0
1990-09-20,5.99,8.803,14.889,21.69,18.7
1990-09-21,3.99,9.755,14.889,22.788,23.1
1990-09-22,20.713,7.934,15.003,20.793,24.5
1990-09-23,13.029,9.327,15.147,22.495,22.0
1990-09-24,1.097,11.819,14.046,24.633,25.3
1990-09-25,0.817,9.906,14.179,22.462,23.4
1990-09-26,9.008,9.392,13.467,21.326,24.0
1990-09-27,10.995,8.287,15.207,21.351,24.6
1990-09-28,9.124,8.358,14.802,21.141,24.2
1990-09-29,1.076,9.996,14.285,22.668,23.7
1990-09-30,2.933,9.761,12.78,21.332,23.4
1990-10-01,4.447,6.268,14.959,18.981,27.3
1990-10-02,12.237,7.53,14.413,19.967,72.9
1990-10-03,10.244,9.196,14.394,21.842,48.1
1990-10-04,5.078,9.056,14.723,21.921,33.7
1990-10-05,24.807,6.286,15.062,19.084,57.3
1990-10-06,1.176,8.465,15.438,21.796,56.6
1990-10-07,17.056,7.132,15.75,20.62,37.2
1990-10-08,4.656,6.987,15.378,20.139,77.4
1990-10-09,11.42,8.741,15.236,22.008,60.5
1990-10-10,19.739,8.848,13.859,21.12,87.1
1990-10-11,0.0,7.028,15.084,19.984,69.3
1990-10-12,27.566,7.391,14.902,20.247,155.9
1990-10-13,7.201,7.539,15.747,21.079,113.1
1990-10-14,4.743,9.003,14.247,21.649,83.5
1990-10-15,9.061,9.41,13.943,21.965,96.0
1990-10-16,0.0,9.442,14.024,22.054,63.8
1990-10-17,0.0,9.211,14.723,22.288,96.9
1990-10-18,6.702,9.125,15.171,22.56,80.3
1990-10-19,32.318,8.611,15.353,22.046,133.1
1990-10-20,13.112,6.587,15.16,19.658,142.6
1990-10-21,16.368,8.428,14.91,21.576,81.0
1990-10-22,21.867,5.991,14.799,18.764,104.2
1990-10-23,1.368,6.092,14.802,18.853,85.9
1990-10-24,3.421,7.935,14.321,20.554,74.8
1990-10-25,0.727,7.871,15.082,21.079,69.8
1990-10-26,1.003,8.3,14.677,21.285,127.9
1990-10-27,0.0,9.475,15.0,23.008,73.2
1990-10-28,2.226,8.676,14.304,21.511,67.7
1990-10-29,11.807,7.353,14.872,20.397,68.5
1990-10-30,0.0,7.782,14.079,20.288,70.3
1990-10-31,11.868,8.181,14.079,20.821,73.3
1990-11-01,6.565,6.91,14.736,19.851,88.5
1990-11-02,15.716,7.695,14.242,20.399,68.9
1990-11-03,4.603,7.815,15.707,21.668,78.4
1990-11-04,6.506,6.792,14.541,19.573,167.1
1990-11-05,6.795,7.102,15.065,20.372,125.9
1990-11-06,0.0,8.312,14.774,21.595,91.2
1990-11-07,0.0,10.103,14.424,23.562,68.6
1990-11-08,3.945,9.239,14.981,22.935,64.6
1990-11-09,10.059,9.068,14.75,22.557,70.3
1990-11-10,1.057,7.04,14.666,20.057,66.6
1990-11-11,3.476,8.249,14.633,21.484,65.5
1990-11-12,9.593,6.514,14.603,19.402,61.8
1990-11-13,0.0,8.3,14.924,21.807,60.3
1990-11-14,0.064,9.058,14.535,22.484,58.7
1990-11-15,3.589,7.349,14.723,20.543,57.6
1990-11-16,2.219,8.166,14.715,21.527,56.2
1990-11-17,7.874,8.138,15.258,21.932,95.6
1990-11-18,13.503,5.154,15.359,18.562,60.7
1990-11-19,2.357,8.342,15.043,22.0,60.3
1990-11-20,20.417,7.238,15.772,21.266,57.6
1990-11-21,1.63,6.266,15.5,19.932,77.4
1990-11-22,8.234,6.476,15.16,19.924,91.9
1990-11-23,15.303,8.269,14.274,21.432,57.8
1990-11-24,3.597,6.696,15.927,20.769,147.4
1990-11-25,7.82,9.463,14.582,23.185,98.2
1990-11-26,11.599,7.938,16.223,22.503,70.5
1990-11-27,2.825,9.204,13.682,22.288,77.5
1990-11-28,6.255,7.438,15.557,21.473,64.1
1990-11-29,3.223,7.806,14.636,21.22,64.4
1990-11-30,2.634,7.62,14.981,21.253,86.9
1990-12-01,1.539,9.419,14.274,23.024,66.0
1990-12-02,7.457,8.387,16.008,22.992,69.0
1990-12-03,41.839,7.216,15.155,20.894,178.2
1990-12-04,2.086,4.923,15.818,18.851,108.6
1990-12-05,39.225,5.878,14.908,19.084,332.0
1990-12-06,11.423,4.785,14.601,17.682,324.6
1990-12-07,0.762,8.971,12.742,21.405,247.7
1990-12-08,7.083,7.84,12.478,19.72,199.2
1990-12-09,1.436,8.752,12.946,21.28,197.1
1990-12-10,0.0,7.215,13.75,19.853,152.5
1990-12-11,0.0,7.074,14.198,20.03,127.8
1990-12-12,0.0,9.546,13.413,22.688,115.4
1990-12-13,0.0,9.597,14.226,23.315,100.8
1990-12-14,7.826,8.232,15.459,22.457,92.8
1990-12-15,0.0,10.559,13.704,24.234,89.1
1990-12-16,0.0,8.521,15.932,23.185,80.7
1990-12-17,0.936,8.679,15.323,22.943,76.0
1990-12-18,1.351,8.754,14.918,22.709,75.1
1990-12-19,9.468,7.408,14.981,21.057,71.6
1990-12-20,0.307,9.242,15.367,23.682,64.1
1990-12-21,0.0,9.035,14.902,23.079,61.6
1990-12-22,14.139,9.154,14.049,22.622,57.7
1990-12-23,0.0,9.493,13.943,23.014,59.2
1990-12-24,0.0,7.379,15.462,21.421,66.6
1990-12-25,0.0,6.901,15.188,20.609,92.2
1990-12-26,1.301,7.518,15.562,21.63,63.0
1990-12-27,26.128,6.748,15.549,20.723,64.6
1990-12-28,5.051,7.039,14.416,20.168,61.2
1990-12-29,6.186,8.182,14.288,21.514,72.2
1990-12-30,0.579,7.22,14.052,20.09,79.2
1990-12-31,0.44,8.063,14.283,21.359,76.6
1991-01-01,2.618,7.686,15.378,21.674,75.8
1991-01-02,4.587,8.082,15.755,22.41,89.1
1991-01-03,0.0,7.577,16.264,22.196,92.9
1991-01-04,0.0,7.88,15.989,22.34,95.5
1991-01-05,0.0,8.563,15.823,23.082,80.5
1991-01-06,0.487,8.405,15.38,22.552,68.2
1991-01-07,0.242,8.573,14.606,22.163,71.4
1991-01-08,0.0,9.618,14.698,23.546,61.5
1991-01-09,4.008,9.402,14.505,23.098,57.2
1991-01-10,1.77,10.079,13.872,23.549,54.7
1991-01-11,6.111,7.591,16.185,22.087,52.7
1991-01-12,8.627,6.948,16.103,21.239,94.0
1991-01-13,12.041,8.214,15.049,21.965,92.3
1991-01-14,2.868,8.161,15.546,22.239,124.7
1991-01-15,7.937,7.146,15.073,20.625,118.0
1991-01-16,4.326,9.109,14.19,22.399,108.4
1991-01-17,11.116,8.548,15.204,22.413,89.8
1991-01-18,0.0,9.139,15.815,23.576,80.0
1991-01-19,1.562,9.426,14.736,23.158,82.8
1991-01-20,4.178,8.568,14.598,21.946,71.7
1991-01-21,4.814,9.465,14.774,23.193,68.1
1991-01-22,0.0,9.867,14.674,23.59,61.0
1991-01-23,0.0,10.999,12.693,23.677,56.8
1991-01-24,0.0,10.411,14.957,24.421,51.9
1991-01-25,0.19,10.389,14.916,24.353,50.0
1991-01-26,0.0,11.344,14.179,25.03,47.3
1991-01-27,0.0,9.236,15.31,23.155,46.0
1991-01-28,0.037,9.847,15.147,23.78,44.0
1991-01-29,2.07,10.588,14.495,24.217,42.4
1991-01-30,3.043,10.008,14.429,23.418,41.6
1991-01-31,1.923,8.948,14.785,22.348,40.8
1991-02-01,0.0,10.237,14.337,23.603,39.6
1991-02-02,1.154,9.185,15.288,22.978,40.2
1991-02-03,10.083,6.499,15.527,19.973,69.1
1991-02-04,0.0,8.769,14.342,21.731,51.6
1991-02-05,0.0,9.232,14.603,22.443,40.6
1991-02-06,0.0,9.856,15.041,23.495,41.0
1991-02-07,0.0,9.938,14.774,23.378,38.1
1991-02-08,0.0,8.999,14.94,22.375,36.8
1991-02-09,0.0,10.222,14.614,23.579,36.4
1991-02-10,0.0,11.219,14.845,24.927,36.1
1991-02-11,1.013,9.824,14.742,23.136,33.2
1991-02-12,15.388,8.993,15.503,22.701,31.3
1991-02-13,4.018,8.025,15.761,21.734,32.1
1991-02-14,0.0,7.559,16.584,21.883,36.9
1991-02-15,0.0,9.017,14.864,22.168,34.0
1991-02-16,13.527,8.391,14.872,21.44,30.7
1991-02-17,2.13,9.432,15.508,23.092,29.3
1991-02-18,0.0,9.351,14.845,22.492,36.1
1991-02-19,2.714,7.621,16.065,21.451,37.2
1991-02-20,9.88,8.146,16.397,22.264,37.5
1991-02-21,0.0,9.457,16.503,23.807,34.3
1991-02-22,0.0,10.826,15.027,24.318,32.1
1991-02-23,0.0,10.754,16.014,24.902,28.9
1991-02-24,0.0,9.99,17.008,24.723,29.6
1991-02-25,0.0,11.324,16.147,25.611,28.5
1991-02-26,4.005,8.257,16.951,22.734,28.5
1991-02-27,6.124,10.208,14.484,23.101,28.4
1991-02-28,12.566,8.995,15.739,22.603,27.3
1991-03-01,21.781,7.446,15.421,20.636,29.6
1991-03-02,5.005,6.333,15.894,19.834,29.1
1991-03-03,0.446,10.523,15.228,23.924,106.8
1991-03-04,9.321,9.387,16.226,23.329,83.7
1991-03-05,13.57,9.41,15.361,22.736,82.3
1991-03-06,3.15,9.786,16.207,23.747,58.6
1991-03-07,19.05,6.711,16.62,20.75,136.0
1991-03-08,5.849,10.006,15.59,23.535,157.4
1991-03-09,3.6,8.278,16.429,22.207,88.6
1991-03-10,15.011,7.743,15.084,20.609,105.1
1991-03-11,1.569,8.2,16.579,22.236,80.0
1991-03-12,14.099,7.838,16.239,21.573,76.6
1991-03-13,6.959,9.274,16.304,23.198,66.4
1991-03-14,13.296,8.292,16.103,21.973,96.2
1991-03-15,4.084,10.387,14.856,23.367,115.6
1991-03-16,5.714,11.049,14.761,24.084,73.8
1991-03-17,2.206,10.63,15.764,24.293,71.1
1991-03-18,0.0,10.784,15.861,24.535,65.1
1991-03-19,0.0,12.163,14.095,24.932,53.1
1991-03-20,0.0,11.309,15.046,24.56,48.2
1991-03-21,0.0,12.001,14.174,24.75,106.9
1991-03-22,0.952,9.527,15.755,23.016,43.3
1991-03-23,1.932,10.797,14.546,23.603,44.0
1991-03-24,28.387,6.816,15.812,20.155,73.2
1991-03-25,6.144,8.681,16.367,22.56,104.6
1991-03-26,24.3,6.719,16.068,20.236,267.8
1991-03-27,7.827,8.25,15.378,21.288,267.6
1991-03-28,2.444,6.759,15.092,19.448,159.0
1991-03-29,0.0,10.383,14.505,23.06,176.8
1991-03-30,0.311,10.565,14.853,23.497,119.6
1991-03-31,7.01,8.887,15.674,22.217,146.7
1991-04-01,0.0,7.937,14.834,20.533,133.4
1991-04-02,0.0,9.727,15.114,22.758,131.2
1991-04-03,3.684,10.273,14.057,22.606,111.6
1991-04-04,1.928,10.492,14.905,23.503,96.0
1991-04-05,6.135,10.148,14.451,22.777,90.8
1991-04-06,0.549,9.871,13.834,22.008,86.3
1991-04-07,3.762,10.167,15.204,23.356,82.2
1991-04-08,19.761,7.207,15.959,20.674,85.9
1991-04-09,18.684,7.967,15.674,21.261,148.0
1991-04-10,6.749,7.645,15.826,21.041,170.8
1991-04-11,18.476,8.834,15.476,22.057,114.1
1991-04-12,8.239,8.297,15.587,21.56,116.1
1991-04-13,1.442,5.263,15.731,18.573,108.4
1991-04-14,3.981,9.648,14.668,22.405,100.1
1991-04-15,4.898,9.039,14.943,21.897,179.5
1991-04-16,5.303,10.384,15.027,23.527,125.9
1991-04-17,9.085,7.854,15.815,21.291,103.4
1991-04-18,5.551,10.644,14.505,23.524,92.3
1991-04-19,2.29,9.006,15.712,22.508,129.6
1991-04-20,0.379,8.426,16.288,22.318,102.2
1991-04-21,9.683,9.625,15.44,23.022,94.3
1991-04-22,4.332,10.624,14.788,23.717,81.8
1991-04-23,1.501,9.209,15.598,22.685,83.6
1991-04-24,0.861,9.315,15.978,23.139,78.2
1991-04-25,2.267,8.606,16.003,22.342,67.4
1991-04-26,8.679,9.744,13.867,22.114,65.6
1991-04-27,2.056,6.984,15.921,20.587,72.0
1991-04-28,7.31,8.363,15.905,22.052,75.0
1991-04-29,4.79,9.03,16.103,22.973,72.8
1991-04-30,4.381,9.233,14.671,22.125,70.0
1991-05-01,5.81,8.787,16.16,22.769,108.3
1991-05-02,4.013,7.66,16.399,21.66,67.8
1991-05-03,16.201,8.206,15.386,21.53,71.9
1991-05-04,0.408,8.946,15.872,22.715,83.2
1991-05-05,0.0,8.196,15.886,21.883,82.1
1991-05-06,0.565,10.138,15.951,24.198,68.2
1991-05-07,0.096,8.255,14.617,21.043,66.5
1991-05-08,0.391,9.726,15.457,23.408,68.0
1991-05-09,13.013,8.356,16.038,22.266,60.6
1991-05-10,3.121,8.959,15.625,22.647,61.4
1991-05-11,4.723,10.862,14.734,24.261,59.5
1991-05-12,4.852,9.27,14.992,22.59,60.9
1991-05-13,6.558,10.681,15.622,24.685,60.2
1991-05-14,1.033,9.022,16.103,23.136,51.8
1991-05-15,5.057,8.583,16.34,22.832,53.1
1991-05-16,24.71,7.535,16.592,21.878,58.2
1991-05-17,6.672,5.139,16.011,18.962,100.5
1991-05-18,1.751,7.801,15.084,20.984,130.4
1991-05-19,9.568,7.184,15.535,20.625,129.9
1991-05-20,18.732,7.539,15.63,21.141,192.9
1991-05-21,27.729,7.845,15.087,21.087,183.4
1991-05-22,3.839,6.893,15.264,20.163,149.9
1991-05-23,0.0,7.618,14.864,20.688,115.6
1991-05-24,0.633,4.944,15.133,17.965,203.0
1991-05-25,0.0,10.457,14.125,23.614,114.3
1991-05-26,1.197,10.115,14.171,23.19,91.8
1991-05-27,3.875,8.994,15.522,22.845,94.9
1991-05-28,10.622,9.774,14.188,22.826,80.1
1991-05-29,5.868,8.915,15.688,22.88,71.5
1991-05-30,4.636,7.33,15.601,20.995,70.5
1991-05-31,0.187,8.207,15.166,21.693,70.1
1991-06-01,5.015,8.244,15.595,22.068,77.0
1991-06-02,0.659,8.089,15.592,21.872,67.4
1991-06-03,8.509,6.884,16.242,21.003,100.6
1991-06-04,2.312,9.281,14.908,22.81,78.4
1991-06-05,14.248,8.157,15.424,21.837,81.3
1991-06-06,1.818,7.172,14.774,20.19,63.3
1991-06-07,3.287,8.805,14.997,22.307,58.0
1991-06-08,0.063,8.319,15.701,22.261,55.0
1991-06-09,0.0,10.338,15.264,24.405,52.3
1991-06-10,0.255,9.501,15.652,23.647,50.5
1991-06-11,0.596,11.027,15.954,25.734,52.0
1991-06-12,0.0,10.392,15.19,24.443,48.7
1991-06-13,3.817,8.164,16.098,22.408,43.9
1991-06-14,9.695,7.123,15.899,21.092,46.6
1991-06-15,1.138,6.786,15.424,20.277,48.7
1991-06-16,3.704,5.63,15.821,19.386,53.0
1991-06-17,6.212,8.408,15.283,22.09,52.5
1991-06-18,6.022,9.177,15.571,23.245,46.0
1991-06-19,0.51,7.492,14.755,20.603,49.9
1991-06-20,0.647,9.104,14.927,22.707,43.8
1991-06-21,4.766,8.107,15.582,21.976,46.8
1991-06-22,6.758,8.209,15.429,21.989,46.7
1991-06-23,4.161,7.596,15.674,21.473,47.6
1991-06-24,5.933,7.713,15.0,21.079,56.0
1991-06-25,3.124,9.486,14.753,23.052,49.3
1991-06-26,6.009,9.047,13.769,21.804,44.6
1991-06-27,5.05,7.322,14.53,20.299,62.1
1991-06-28,13.01,8.255,14.821,21.598,80.8
1991-06-29,0.262,8.345,14.671,21.571,53.8
1991-06-30,0.0,9.41,14.155,22.519,51.5
1991-07-01,2.567,8.453,15.728,22.5,51.6
1991-07-02,0.968,9.879,15.128,23.772,56.8
1991-07-03,0.155,7.961,15.524,21.755,47.7
1991-07-04,16.287,7.295,15.508,20.935,43.8
1991-07-05,10.867,8.23,15.114,21.734,54.5
1991-07-06,3.925,8.137,14.457,21.19,64.4
1991-07-07,7.504,6.848,15.057,20.092,53.0
1991-07-08,4.907,9.199,14.182,22.239,54.8
1991-07-09,0.045,8.738,14.603,21.957,44.8
1991-07-10,5.714,9.069,15.31,22.864,40.8
1991-07-11,4.11,7.225,15.505,20.821,39.2
1991-07-12,3.788,7.975,15.674,21.826,37.2
1991-07-13,0.0,8.37,14.421,21.361,36.8
1991-07-14,0.336,10.283,14.288,23.584,34.0
1991-07-15,1.417,10.043,15.476,24.117,32.4
1991-07-16,0.0,9.518,15.731,23.668,31.6
1991-07-17,0.0,9.949,14.245,23.114,33.0
1991-07-18,3.825,9.521,15.375,23.397,33.1
1991-07-19,0.0,9.878,16.174,24.375,31.6
1991-07-20,0.0,7.356,15.12,20.606,29.7
1991-07-21,0.0,8.303,14.508,21.25,28.8
1991-07-22,1.491,9.339,14.685,22.625,27.9
1991-07-23,0.0,9.144,14.848,22.481,27.8
1991-07-24,0.0,8.091,14.81,21.188,27.0
1991-07-25,0.259,9.938,15.133,23.63,29.1
1991-07-26,0.431,8.175,15.617,21.897,28.7
1991-07-27,0.0,6.883,15.788,20.562,27.8
1991-07-28,0.0,8.05,14.571,20.938,27.7
1991-07-29,3.954,8.616,14.614,21.633,26.4
1991-07-30,11.079,7.629,14.649,20.524,28.5
1991-07-31,14.147,6.878,14.938,19.845,62.9
1991-08-01,13.714,6.624,14.533,19.236,74.0
1991-08-02,3.471,10.493,13.717,23.212,58.6
1991-08-03,4.207,10.524,14.264,23.609,51.5
1991-08-04,0.0,10.603,14.155,23.647,40.8
1991-08-05,0.882,7.464,15.054,20.552,32.0
1991-08-06,0.0,9.727,14.408,22.696,29.2
1991-08-07,0.9,9.01,15.348,22.524,28.2
1991-08-08,12.621,8.161,15.03,21.31,48.3
1991-08-09,0.0,7.489,14.209,19.921,49.8
1991-08-10,3.69,9.806,14.457,22.783,43.2
1991-08-11,0.0,10.013,15.372,23.655,38.8
1991-08-12,0.11,10.611,14.345,23.641,32.0
1991-08-13,1.068,10.205,14.663,23.348,28.9
1991-08-14,0.0,10.047,15.576,23.812,27.3
1991-08-15,0.0,10.506,14.772,23.758,27.4
1991-08-16,0.0,8.26,15.889,22.019,28.3
1991-08-17,0.0,9.517,14.655,22.495,28.7
1991-08-18,0.101,8.508,14.707,21.342,28.2
1991-08-19,0.196,9.75,14.538,22.66,26.2
1991-08-20,2.398,11.003,14.071,23.807,27.0
1991-08-21,2.03,9.419,14.644,22.321,25.1
1991-08-22,0.0,10.435,14.527,23.429,24.2
1991-08-23,0.0,10.623,14.451,23.592,23.7
1991-08-24,0.0,8.804,14.921,21.799,23.4
1991-08-25,0.0,10.889,14.421,23.878,22.3
1991-08-26,0.052,9.621,13.429,21.655,21.8
1991-08-27,2.978,9.927,13.304,21.929,21.2
1991-08-28,0.0,9.125,15.989,22.924,21.2
1991-08-29,1.404,7.943,14.872,20.758,20.9
1991-08-30,0.064,9.074,15.81,22.736,19.8
1991-08-31,0.0,9.501,15.511,22.997,19.0
1991-09-01,2.515,10.238,15.201,23.603,18.5
1991-09-02,0.0,12.028,14.082,24.916,18.2
1991-09-03,2.429,9.613,14.209,22.133,18.4
1991-09-04,0.0,8.023,15.383,21.19,18.8
1991-09-05,0.459,10.09,15.065,23.293,18.3
1991-09-06,0.649,10.168,15.302,23.541,18.2
1991-09-07,1.859,11.197,15.174,24.647,17.9
1991-09-08,0.039,11.103,14.905,24.353,17.9
1991-09-09,1.297,11.553,16.022,25.639,18.4
1991-09-10,1.024,10.695,15.761,24.454,18.2
1991-09-11,3.532,10.556,16.245,24.649,17.9
1991-09-12,0.0,11.546,15.269,25.111,17.9
1991-09-13,0.0,10.143,15.516,23.671,17.9
1991-09-14,3.589,11.053,14.34,23.886,17.9
1991-09-15,15.932,8.124,15.245,21.209,18.2
1991-09-16,12.942,6.882,15.598,20.128,34.6
1991-09-17,17.376,8.339,15.054,21.296,31.3
1991-09-18,5.446,8.759,15.367,21.973,24.4
1991-09-19,6.222,8.569,15.111,21.603,22.6
1991-09-20,4.849,7.019,15.546,20.217,27.4
1991-09-21,2.498,7.649,15.193,20.639,47.8
1991-09-22,13.252,8.259,15.63,21.63,32.1
1991-09-23,4.765,8.946,14.432,21.53,80.2
1991-09-24,14.9,7.127,15.66,20.44,47.3
1991-09-25,12.093,8.903,14.818,21.761,51.0
1991-09-26,22.369,7.748,14.253,20.022,46.1
1991-09-27,1.475,10.641,13.878,23.128,32.8
1991-09-28,4.955,10.441,14.899,23.628,31.2
1991-09-29,0.688,9.723,14.293,22.372,33.1
1991-09-30,5.208,9.457,15.348,22.834,32.0
1991-10-01,11.946,8.332,14.043,20.573,62.1
1991-10-02,2.977,9.141,14.348,21.755,43.0
1991-10-03,2.629,10.075,14.405,22.894,37.8
1991-10-04,8.993,9.125,14.535,21.905,33.6
1991-10-05,0.0,10.258,12.677,21.951,32.0
1991-10-06,3.188,10.045,13.25,22.09,36.6
1991-10-07,11.23,9.782,14.266,22.476,61.5
1991-10-08,24.624,9.053,13.758,21.247,109.7
1991-10-09,4.799,6.846,14.731,19.462,122.3
1991-10-10,1.62,8.408,14.611,21.147,65.8
1991-10-11,1.924,9.205,13.924,21.606,56.9
1991-10-12,0.256,9.461,12.878,21.185,49.2
1991-10-13,7.981,9.928,14.204,22.712,44.6
1991-10-14,0.713,9.502,13.804,21.921,43.8
1991-10-15,9.441,10.411,12.062,21.853,57.4
1991-10-16,4.219,9.867,13.913,22.451,37.8
1991-10-17,2.501,8.844,15.024,22.071,31.6
1991-10-18,1.956,7.144,14.584,19.802,29.3
1991-10-19,0.035,8.713,13.889,21.101,29.1
1991-10-20,0.0,10.446,12.859,22.546,28.3
1991-10-21,0.0,11.351,13.707,24.245,23.4
1991-10-22,0.189,10.354,13.261,22.734,23.4
1991-10-23,0.386,10.194,13.864,22.959,22.3
1991-10-24,5.528,9.816,12.967,21.883,20.8
1991-10-25,5.148,6.476,15.486,19.891,19.9
1991-10-26,8.826,7.083,14.125,19.457,23.4
1991-10-27,11.342,7.622,13.315,19.503,35.6
1991-10-28,2.135,8.044,13.454,20.12,37.7
1991-10-29,0.996,10.422,13.182,22.924,43.8
1991-10-30,11.951,8.605,13.995,21.217,30.8
1991-10-31,2.949,6.966,14.957,20.065,28.7
1991-11-01,7.689,9.52,13.312,21.924,26.9
1991-11-02,6.579,9.105,14.364,22.166,26.7
1991-11-03,0.626,7.499,13.856,19.905,28.4
1991-11-04,0.852,5.507,15.266,18.745,28.0
1991-11-05,8.88,7.903,14.603,20.932,27.2
1991-11-06,11.428,6.858,15.554,20.47,29.2
1991-11-07,3.398,7.617,14.842,20.793,52.3
1991-11-08,13.355,5.918,14.383,18.497,69.8
1991-11-09,12.387,6.32,14.647,19.204,107.8
1991-11-10,4.01,7.071,14.766,20.149,122.6
1991-11-11,6.648,8.739,14.28,21.823,82.3
1991-11-12,14.204,7.327,14.508,20.291,93.4
1991-11-13,18.822,4.648,15.087,17.818,130.8
1991-11-14,8.356,5.662,14.628,18.5,178.6
1991-11-15,16.81,6.656,14.562,19.611,233.0
1991-11-16,2.317,6.114,14.598,18.962,238.5
1991-11-17,0.239,6.186,15.505,19.81,143.4
1991-11-18,0.0,8.926,14.041,22.005,118.3
1991-11-19,12.875,8.706,12.883,20.932,99.5
1991-11-20,0.0,9.562,13.601,22.571,90.2
1991-11-21,2.161,7.706,14.185,20.679,88.8
1991-11-22,0.0,7.739,14.87,21.209,82.1
1991-11-23,1.294,8.189,15.016,21.87,59.9
1991-11-24,6.343,6.011,15.997,20.098,54.3
1991-11-25,37.63,5.328,15.549,18.986,172.8
1991-11-26,10.439,5.53,15.467,19.185,105.9
1991-11-27,0.035,8.827,14.902,22.647,74.9
1991-11-28,0.128,6.796,14.78,20.024,69.2
1991-11-29,0.12,6.327,14.883,19.573,72.9
1991-11-30,0.35,6.622,14.889,19.967,60.1
1991-12-01,0.209,7.642,15.117,21.37,58.5
1991-12-02,5.114,9.213,15.098,23.356,56.4
1991-12-03,5.17,5.863,15.791,19.842,72.6
1991-12-04,20.071,9.156,14.611,22.938,66.5
1991-12-05,7.445,6.57,15.519,20.41,97.4
1991-12-06,0.679,8.93,14.872,22.859,79.5
1991-12-07,0.0,6.478,16.614,21.193,63.3
1991-12-08,4.082,8.26,15.815,22.747,61.1
1991-12-09,10.791,6.031,15.533,19.826,78.7
1991-12-10,0.602,7.795,15.397,21.845,160.6
1991-12-11,0.0,8.931,14.465,22.609,82.3
1991-12-12,1.333,8.941,14.467,22.639,73.7
1991-12-13,20.954,8.353,15.0,22.253,123.8
1991-12-14,10.956,5.587,15.826,19.584,87.8
1991-12-15,12.87,5.713,16.514,20.277,199.4
1991-12-16,0.0,6.276,15.791,20.31,197.3
1991-12-17,25.42,5.351,15.323,18.891,222.0
1991-12-18,0.541,8.682,13.823,21.823,185.5
1991-12-19,1.851,8.445,14.639,22.12,143.5
1991-12-20,0.086,7.59,14.573,20.981,118.0
1991-12-21,0.0,7.843,14.94,21.571,103.5
1991-12-22,0.0,7.454,14.5,20.777,114.3
1991-12-23,0.0,7.868,15.603,22.098,103.0
1991-12-24,0.0,7.366,15.421,21.326,90.3
1991-12-25,0.0,7.718,13.546,20.375,80.3
1991-12-26,0.167,8.622,12.552,20.851,72.4
1991-12-27,0.0,8.018,14.13,21.19,66.3
1991-12-28,0.495,8.152,13.943,21.215,65.5
1991-12-29,28.166,7.478,14.921,21.098,170.5
1991-12-30,0.0,9.538,13.758,22.886,88.7
1991-12-31,0.0,9.787,13.916,23.321,71.6
1992-01-01,0.0,7.581,13.641,20.226,63.6
1992-01-02,0.0,8.379,14.223,21.671,60.4
1992-01-03,0.328,8.609,14.321,22.033,64.5
1992-01-04,0.0,8.352,14.152,21.552,58.8
1992-01-05,15.584,7.921,14.622,21.359,54.6
1992-01-06,12.758,7.224,14.606,20.467,56.5
1992-01-07,3.821,7.969,14.416,21.261,57.9
1992-01-08,0.0,8.74,13.78,21.747,56.3
1992-01-09,0.0,8.474,14.274,21.761,49.3
1992-01-10,0.0,8.987,13.726,22.008,46.5
1992-01-11,0.101,10.01,13.011,22.861,44.0
1992-01-12,0.0,9.067,13.527,21.943,44.9
1992-01-13,8.564,8.026,14.739,21.484,46.8
1992-01-14,14.389,7.076,16.269,21.476,41.6
1992-01-15,0.0,5.897,15.872,19.856,98.0
1992-01-16,0.0,7.749,14.853,21.16,82.3
1992-01-17,0.0,9.509,14.367,23.022,57.4
1992-01-18,0.0,9.714,14.522,23.378,48.5
1992-01-19,0.0,9.352,14.796,23.106,44.1
1992-01-20,0.0,10.751,14.693,24.772,41.5
1992-01-21,0.0,9.803,15.035,23.766,40.1
1992-01-22,0.0,10.032,14.552,23.712,38.8
1992-01-23,0.0,10.531,12.658,23.065,36.4
1992-01-24,8.29,8.096,14.75,21.418,36.6
1992-01-25,12.312,7.984,15.69,21.946,64.3
1992-01-26,0.0,7.801,14.299,20.663,39.7
1992-01-27,5.03,5.506,15.13,18.701,35.8
1992-01-28,8.661,6.606,15.242,19.976,38.7
1992-01-29,0.0,7.557,14.405,20.394,81.0
1992-01-30,0.22,8.608,15.239,22.272,54.2
1992-01-31,0.0,7.913,14.679,21.005,55.8
1992-02-01,5.034,7.596,14.405,20.383,47.2
1992-02-02,0.0,11.415,11.818,23.375,42.3
1992-02-03,0.0,10.482,14.13,23.701,39.6
1992-02-04,0.0,9.118,14.609,22.359,37.2
1992-02-05,0.0,8.91,15.582,22.802,35.6
1992-02-06,0.0,8.643,15.916,22.742,34.1
1992-02-07,0.0,8.922,14.473,21.948,33.4
1992-02-08,0.0,8.047,15.147,21.418,33.1
1992-02-09,4.604,7.005,14.707,19.864,33.1
1992-02-10,17.706,7.038,14.728,19.872,50.7
1992-02-11,27.163,6.435,15.082,19.443,47.7
1992-02-12,2.477,5.302,14.802,18.035,131.8
1992-02-13,0.0,8.351,14.179,20.902,66.7
1992-02-14,0.0,10.557,14.052,23.481,51.0
1992-02-15,0.0,11.383,13.217,23.913,43.0
1992-02-16,0.0,7.645,14.867,20.557,40.2
1992-02-17,8.447,9.064,15.158,22.446,39.8
1992-02-18,0.713,8.139,14.872,21.09,39.1
1992-02-19,0.0,8.448,15.082,21.617,34.6
1992-02-20,17.799,7.222,15.141,20.28,42.8
1992-02-21,7.286,7.214,15.204,20.274,43.2
1992-02-22,6.642,9.829,15.163,23.212,52.7
1992-02-23,0.571,9.072,15.571,22.663,38.2
1992-02-24,0.962,8.536,15.111,21.666,35.2
1992-02-25,0.0,10.236,15.628,23.965,31.2
1992-02-26,0.0,8.567,15.897,22.253,29.8
1992-02-27,3.138,9.81,14.353,22.562,30.2
1992-02-28,1.377,10.913,14.359,23.842,30.3
1992-02-29,7.432,8.944,15.117,22.06,29.5
1992-03-01,3.782,10.594,14.19,23.304,61.2
1992-03-02,5.082,9.201,14.728,22.03,34.3
1992-03-03,0.031,12.49,13.726,25.217,27.6
1992-03-04,3.469,7.685,16.389,21.576,25.9
1992-03-05,2.384,9.387,15.853,23.024,28.4
1992-03-06,1.728,11.16,14.582,24.166,25.7
1992-03-07,22.822,9.103,15.068,22.109,41.4
1992-03-08,0.0,9.319,15.568,22.742,33.1
1992-03-09,0.0,9.288,15.266,22.462,26.3
1992-03-10,0.0,11.252,15.579,24.899,25.7
1992-03-11,0.0,9.891,16.614,24.122,26.3
1992-03-12,7.164,8.813,16.47,22.815,27.1
1992-03-13,0.0,9.82,16.204,23.709,25.4
1992-03-14,1.721,8.04,16.005,21.633,27.0
1992-03-15,17.024,7.412,15.94,20.954,32.1
1992-03-16,5.872,9.969,15.073,23.03,31.5
1992-03-17,0.0,11.353,15.312,24.774,39.5
1992-03-18,0.0,10.242,14.908,23.215,26.7
1992-03-19,0.0,10.111,16.293,24.082,23.9
1992-03-20,8.604,8.971,15.777,22.427,23.5
1992-03-21,12.238,5.891,15.435,18.916,36.8
1992-03-22,0.0,10.556,13.859,22.821,26.8
1992-03-23,0.0,11.223,14.916,24.337,22.5
1992-03-24,0.0,9.402,14.889,22.236,21.5
1992-03-25,1.047,9.999,13.799,22.147,20.6
1992-03-26,0.364,10.371,14.853,23.315,33.4
1992-03-27,0.0,10.523,15.079,23.62,25.6
1992-03-28,0.083,10.565,16.109,24.416,22.6
1992-03-29,1.119,10.876,15.565,24.389,21.1
1992-03-30,11.847,7.924,15.166,20.812,30.5
1992-03-31,14.605,7.412,15.478,20.522,41.0
1992-04-01,0.0,8.612,14.087,20.742,29.2
1992-04-02,0.313,9.107,14.402,21.543,24.9
1992-04-03,0.0,10.266,14.837,23.198,22.5
1992-04-04,0.0,9.532,14.802,22.329,20.1
1992-04-05,18.859,9.323,14.06,21.56,22.5
1992-04-06,4.105,10.791,14.777,23.774,26.5
1992-04-07,1.364,8.576,14.772,21.223,24.2
1992-04-08,0.0,11.777,15.231,25.226,24.4
1992-04-09,0.091,9.589,15.519,22.913,21.9
1992-04-10,7.314,9.413,15.932,23.049,20.8
1992-04-11,6.489,6.281,14.984,18.957,20.5
1992-04-12,9.116,6.523,15.364,19.497,30.7
1992-04-13,1.478,8.601,14.807,21.361,24.5
1992-04-14,10.705,9.034,14.62,21.704,27.1
1992-04-15,10.833,8.528,13.867,20.543,27.3
1992-04-16,6.726,5.83,15.516,19.022,28.6
1992-04-17,14.859,6.024,15.484,19.158,24.5
1992-04-18,6.219,6.607,14.859,19.22,25.5
1992-04-19,18.246,7.645,15.171,20.573,90.2
1992-04-20,2.397,10.999,14.734,24.125,54.9
1992-04-21,15.347,8.493,15.978,22.141,44.4
1992-04-22,0.659,7.607,15.755,21.033,44.7
1992-04-23,3.853,8.552,16.008,22.28,44.0
1992-04-24,5.843,5.601,16.117,19.312,34.3
1992-04-25,6.331,7.903,15.568,21.277,38.1
1992-04-26,4.462,5.128,16.236,19.027,36.1
1992-04-27,5.716,7.896,15.837,21.473,39.8
1992-04-28,2.919,6.842,15.747,20.296,31.5
1992-04-29,6.618,4.882,15.641,18.285,28.8
1992-04-30,0.821,6.951,15.639,20.315,28.2
1992-05-01,2.191,8.612,14.462,21.285,27.9
1992-05-02,1.527,9.71,14.242,22.44,27.3
1992-05-03,9.521,6.949,14.522,19.446,26.0
1992-05-04,2.83,7.128,15.34,20.266,27.7
1992-05-05,3.672,9.856,13.576,22.188,26.3
1992-05-06,3.55,7.011,14.815,19.793,29.8
1992-05-07,6.032,8.68,14.579,21.516,30.9
1992-05-08,0.0,7.464,15.027,20.484,32.7
1992-05-09,7.501,8.95,14.024,21.467,29.9
1992-05-10,0.0,10.133,14.535,23.255,24.6
1992-05-11,8.81,9.937,15.704,23.883,23.0
1992-05-12,9.266,9.146,15.258,22.628,24.3
1992-05-13,0.439,9.004,14.851,22.185,23.6
1992-05-14,3.865,9.442,15.438,23.152,24.7
1992-05-15,8.56,10.267,14.962,23.802,28.1
1992-05-16,7.923,6.665,15.503,20.041,32.4
1992-05-17,3.808,8.386,15.788,22.236,28.4
1992-05-18,1.874,9.308,15.087,22.788,23.2
1992-05-19,13.327,8.547,16.269,22.774,41.3
1992-05-20,0.0,9.04,14.649,22.177,28.2
1992-05-21,7.423,8.442,15.28,21.938,27.9
1992-05-22,7.233,6.097,15.663,19.639,26.9
1992-05-23,1.12,5.751,15.72,19.304,23.8
1992-05-24,2.613,8.35,15.579,22.062,23.6
1992-05-25,0.0,11.007,13.72,24.011,23.2
1992-05-26,4.916,9.364,13.834,22.065,21.0
1992-05-27,15.306,9.66,13.196,21.986,24.5
1992-05-28,11.673,7.719,15.204,21.141,24.8
1992-05-29,10.526,6.812,13.712,18.913,39.1
1992-05-30,0.406,9.327,14.101,22.245,34.2
1992-05-31,3.646,8.027,15.587,21.81,43.7
1992-06-01,4.58,8.42,15.761,22.413,47.7
1992-06-02,4.757,8.4,14.84,21.677,32.1
1992-06-03,5.369,7.229,15.332,20.764,83.6
1992-06-04,9.386,8.687,14.625,21.897,52.3
1992-06-05,0.072,9.366,13.693,22.065,38.1
1992-06-06,6.009,9.203,13.527,21.753,36.9
1992-06-07,0.121,8.109,13.274,20.198,36.8
1992-06-08,2.983,9.04,13.815,21.783,28.8
1992-06-09,0.383,8.955,15.269,22.715,28.4
1992-06-10,2.618,9.381,14.63,22.799,25.7
1992-06-11,1.14,9.55,15.486,23.614,25.4
1992-06-12,0.0,7.721,15.927,21.761,27.9
1992-06-13,0.684,9.766,15.321,23.766,24.2
1992-06-14,0.0,8.833,15.538,22.804,23.1
1992-06-15,0.0,11.03,15.497,25.467,21.8
1992-06-16,0.0,9.464,15.016,23.188,21.2
1992-06-17,0.0,10.203,14.389,23.674,21.2
1992-06-18,1.699,8.5,14.519,21.655,21.2
1992-06-19,10.072,7.692,14.88,20.959,23.7
1992-06-20,16.519,8.229,14.783,21.557,45.3
1992-06-21,0.191,10.516,15.41,24.764,28.4
1992-06-22,0.0,9.921,16.497,24.834,21.5
1992-06-23,0.0,10.691,14.889,24.641,18.5
1992-06-24,0.0,8.973,14.769,22.435,17.3
1992-06-25,0.0,9.235,15.122,23.011,17.9
1992-06-26,0.875,8.326,14.215,21.215,16.8
1992-06-27,5.694,8.14,14.261,21.033,15.7
1992-06-28,2.56,7.868,14.435,20.829,15.7
1992-06-29,0.0,10.085,14.53,23.625,17.4
1992-06-30,4.321,9.545,14.505,22.935,16.8
1992-07-01,2.448,10.252,14.91,24.076,16.3
1992-07-02,0.0,9.409,14.095,22.454,15.0
1992-07-03,1.597,6.495,16.041,20.454,14.2
1992-07-04,0.0,8.462,14.796,21.783,13.5
1992-07-05,0.0,9.565,14.938,23.242,13.5
1992-07-06,0.0,7.742,14.462,20.658,13.5
1992-07-07,0.0,8.831,14.465,21.986,13.5
1992-07-08,3.426,9.552,14.688,23.014,13.5
1992-07-09,6.944,8.652,14.538,21.799,13.5
1992-07-10,4.929,8.905,14.856,22.337,11.5
1992-07-11,2.538,8.736,12.807,20.647,12.9
1992-07-12,1.603,8.152,13.315,20.283,9.0
1992-07-13,41.159,5.149,14.614,17.834,10.8
1992-07-14,0.0,8.542,14.136,21.315,11.3
1992-07-15,2.015,8.384,13.546,20.707,10.4
1992-07-16,3.771,9.317,14.079,22.247,10.4
1992-07-17,0.0,9.004,14.595,22.209,18.4
1992-07-18,0.0,12.003,13.774,25.345,19.0
1992-07-19,0.0,11.115,14.291,24.562,19.0
1992-07-20,0.0,11.261,14.274,24.712,19.0
1992-07-21,5.03,6.236,15.508,19.677,101.1
1992-07-22,0.0,9.502,14.31,22.571,18.5
1992-07-23,0.0,10.014,14.28,23.128,20.6
1992-07-24,0.0,10.01,15.505,24.005,24.3
1992-07-25,0.0,8.203,14.524,21.122,18.6
1992-07-26,0.0,8.032,14.53,20.916,18.5
1992-07-27,0.0,9.242,14.875,22.59,18.5
1992-07-28,0.0,10.131,14.383,23.307,18.5
1992-07-29,0.0,8.399,14.508,21.332,18.5
1992-07-30,0.0,7.743,13.989,20.111,17.6
1992-07-31,0.0,9.574,14.28,22.527,16.5
1992-10-01,17.113,9.213,13.019,20.859,22.1
1992-10-02,5.359,8.133,14.103,20.383,22.1
1992-10-03,9.773,8.329,14.052,20.584,21.3
1992-10-04,0.687,7.987,13.742,19.978,23.2
1992-10-05,3.697,8.269,12.883,19.693,21.3
1992-10-06,0.0,8.783,14.582,21.549,30.3
1992-10-07,6.196,9.912,14.163,22.582,23.3
1992-10-08,3.73,8.92,12.97,20.557,25.4
1992-10-09,3.946,11.028,12.995,23.163,24.7
1992-10-10,11.831,8.167,14.242,20.63,24.5
1992-10-11,5.671,9.07,14.239,21.682,31.5
1992-10-12,25.319,6.459,14.418,18.842,43.9
1992-10-13,0.0,10.219,13.516,22.571,45.0
1992-10-14,0.046,10.945,12.818,23.014,30.0
1992-10-15,0.0,11.466,13.334,24.027,25.4
1992-10-16,7.47,9.511,14.198,22.261,24.5
1992-10-17,0.252,10.259,14.41,23.321,24.5
1992-10-18,10.355,9.482,14.054,22.16,25.8
1992-10-19,2.229,7.83,15.283,21.144,28.0
1992-10-20,4.772,8.262,14.655,21.182,26.7
1992-10-21,18.883,8.682,15.179,22.084,25.4
1992-10-22,4.628,7.4,14.617,20.182,24.5
1992-10-23,1.32,7.488,14.584,20.307,27.1
1992-10-24,0.0,6.353,15.405,19.693,35.3
1992-10-25,4.136,9.475,14.462,22.552,44.6
1992-10-26,2.323,9.103,14.144,21.921,35.5
1992-10-27,0.0,8.852,13.995,21.541,21.0
1992-10-28,7.528,8.511,14.913,21.81,20.6
1992-10-29,17.149,9.065,14.826,22.408,33.6
1992-10-30,0.171,7.859,14.788,20.97,33.3
1992-10-31,0.0,10.039,13.774,22.902,28.8
1992-11-01,0.443,9.091,14.755,22.438,31.0
1992-11-02,26.978,8.346,14.351,21.285,48.5
1992-11-03,0.0,8.821,14.527,22.011,36.4
1992-11-04,13.593,7.984,14.106,20.704,30.9
1992-11-05,7.11,10.099,12.041,21.905,50.7
1992-11-06,12.095,6.413,14.454,19.079,82.9
1992-11-07,0.998,8.967,14.595,22.274,65.3
1992-11-08,1.219,9.262,14.492,22.59,44.5
1992-11-09,9.393,8.536,14.91,22.008,37.3
1992-11-10,1.759,8.512,14.62,21.804,52.1
1992-11-11,2.239,8.44,14.791,21.861,51.8
1992-11-12,15.916,7.917,14.698,21.177,56.0
1992-11-13,27.231,5.724,15.356,19.182,80.1
1992-11-14,1.276,7.516,15.408,21.226,67.8
1992-11-15,1.979,6.825,15.315,20.353,92.2
1992-11-16,0.095,7.519,14.788,20.783,76.6
1992-11-17,11.341,6.111,15.003,19.315,111.2
1992-11-18,9.368,6.568,15.234,20.062,84.7
1992-11-19,0.0,8.354,14.671,21.774,62.9
1992-11-20,9.387,8.823,15.114,22.709,52.8
1992-11-21,33.469,8.181,14.152,21.239,63.5
1992-11-22,0.864,8.717,13.924,21.758,103.4
1992-11-23,21.14,8.177,14.481,21.484,116.9
1992-11-24,3.316,7.172,14.845,20.549,143.5
1992-11-25,5.325,6.722,14.878,20.038,135.1
1992-11-26,2.871,7.812,15.068,21.492,98.1
1992-11-27,4.893,5.553,15.351,19.06,134.9
1992-11-28,5.302,6.866,14.334,19.799,153.9
1992-11-29,17.924,6.618,14.758,19.861,139.5
1992-11-30,13.041,7.854,14.383,21.06,133.1
1992-12-01,9.805,8.281,15.223,22.258,122.8
1992-12-02,26.036,8.295,15.008,22.109,152.8
1992-12-03,0.0,8.481,15.329,22.601,172.2
1992-12-04,11.491,6.908,15.554,20.878,149.7
1992-12-05,10.786,6.764,15.832,20.905,155.1
1992-12-06,27.218,7.049,14.848,20.478,166.4
1992-12-07,0.0,8.101,15.082,21.976,141.1
1992-12-08,0.358,8.548,15.12,22.582,109.1
1992-12-09,9.57,5.908,15.747,19.91,148.7
1992-12-10,0.0,6.816,15.247,20.527,238.6
1992-12-11,0.0,7.221,15.416,21.147,177.5
1992-12-12,16.616,5.229,16.236,19.53,162.8
1992-12-13,3.502,7.308,14.845,20.834,160.2
1992-12-14,0.605,9.498,14.207,23.163,126.3
1992-12-15,4.059,8.745,14.842,22.652,106.3
1992-12-16,0.536,8.118,15.511,22.372,103.3
1992-12-17,4.27,7.345,16.348,22.022,94.2
1992-12-18,0.431,8.16,14.677,21.802,84.2
1992-12-19,4.362,8.035,14.391,21.457,75.0
1992-12-20,2.054,9.183,14.383,22.891,78.8
1992-12-21,1.807,7.803,15.579,22.049,67.4
1992-12-22,2.662,8.33,15.34,22.511,64.5
1992-12-23,0.0,9.967,14.168,23.764,60.3
1992-12-24,4.885,8.832,13.149,21.565,55.0
1992-12-25,0.0,9.363,14.685,23.332,52.7
1992-12-26,0.301,8.677,14.524,22.359,50.5
1992-12-27,0.0,9.501,14.337,23.264,48.2
1992-12-28,0.0,8.88,14.307,22.416,47.3
1992-12-29,22.492,7.572,15.609,21.723,65.8
1992-12-30,4.254,8.915,14.495,22.595,55.0
1992-12-31,13.982,6.045,15.707,19.965,61.4
1993-01-01,0.0,9.209,14.201,22.753,60.1
1993-01-02,2.363,7.726,14.889,21.34,48.2
1993-01-03,7.053,9.22,15.109,23.37,48.9
1993-01-04,10.359,7.358,15.359,21.242,44.8
1993-01-05,11.938,7.314,15.054,20.943,51.5
1993-01-06,15.359,6.502,14.834,19.785,86.0
1993-01-07,6.766,4.996,14.87,18.079,61.2
1993-01-08,0.0,7.635,14.372,20.758,115.8
1993-01-09,3.559,9.494,14.28,23.054,113.2
1993-01-10,0.0,9.306,14.405,22.902,75.9
1993-01-11,7.814,8.25,15.166,22.136,65.0
1993-01-12,9.219,8.979,14.041,22.25,71.1
1993-01-13,0.393,6.932,15.522,20.753,66.5
1993-01-14,0.0,6.789,15.677,20.69,97.9
1993-01-15,2.097,5.645,15.63,19.359,92.5
1993-01-16,0.0,7.47,14.427,20.527,204.7
1993-01-17,3.642,7.32,13.592,19.679,184.2
1993-01-18,0.0,9.554,13.514,22.451,134.2
1993-01-19,6.285,9.131,14.133,22.332,108.4
1993-01-20,4.18,9.416,14.041,22.617,100.5
1993-01-21,2.566,8.988,14.851,22.649,94.2
1993-01-22,1.438,9.349,14.247,22.641,99.4
1993-01-23,0.461,8.993,14.201,22.149,80.9
1993-01-24,0.0,9.118,15.239,23.038,72.8
1993-01-25,1.355,9.272,14.546,22.69,67.4
1993-01-26,2.98,10.154,13.595,23.109,61.2
1993-01-27,5.323,9.138,14.486,22.429,57.6
1993-01-28,3.609,9.462,13.981,22.459,56.3
1993-01-29,9.706,9.073,15.234,22.848,51.4
1993-01-30,3.574,8.749,14.37,21.81,53.4
1993-01-31,9.015,8.25,14.649,21.391,65.5
1993-02-01,5.686,9.389,15.082,23.095,71.1
1993-02-02,0.0,6.931,15.864,20.766,100.2
1993-02-03,0.435,6.365,15.054,19.478,157.7
1993-02-04,0.0,8.042,15.378,21.628,120.9
1993-02-05,22.459,9.847,13.834,22.663,83.8
1993-02-06,0.0,8.942,14.769,22.209,82.2
1993-02-07,0.0,6.975,15.147,20.185,80.2
1993-02-08,0.0,8.085,15.245,21.508,69.4
1993-02-09,15.92,8.33,15.049,21.622,61.5
1993-02-10,1.125,9.873,14.486,23.052,59.8
1993-02-11,9.891,8.506,14.503,21.394,55.2
1993-02-12,10.321,9.184,14.753,22.351,64.5
1993-02-13,1.454,9.638,15.717,23.584,53.1
1993-02-14,0.0,10.422,14.166,23.391,50.1
1993-02-15,0.0,11.087,13.978,24.071,47.5
1993-02-16,0.0,10.264,14.709,23.541,44.5
1993-02-17,0.0,7.536,14.878,20.459,43.0
1993-02-18,0.856,7.622,14.541,20.258,63.7
1993-02-19,0.0,9.012,14.304,21.696,57.0
1993-02-20,0.0,9.47,14.533,22.375,46.7
1993-02-21,0.0,10.664,14.44,23.717,41.5
1993-02-22,0.0,10.254,15.125,23.693,40.0
1993-02-23,0.12,10.2,14.454,23.152,38.8
1993-02-24,22.701,8.985,14.636,21.812,45.9
1993-02-25,8.314,8.557,15.361,21.851,43.8
1993-02-26,0.066,5.981,15.916,19.546,42.3
1993-02-27,8.487,10.24,14.177,22.946,41.4
1993-02-28,8.844,9.36,14.628,22.198,38.7
1993-03-01,4.492,8.783,13.948,21.035,38.1
1993-03-02,11.047,9.329,13.984,21.666,42.7
1993-03-03,6.476,8.014,15.082,20.981,36.8
1993-03-04,3.375,5.923,14.114,17.929,36.2
1993-03-05,0.0,8.939,13.921,21.13,40.3
1993-03-06,1.728,8.607,14.226,20.978,40.8
1993-03-07,3.403,9.715,13.823,21.938,38.0
1993-03-08,0.206,7.848,16.062,21.508,35.8
1993-03-09,7.703,6.468,15.516,19.603,37.4
1993-03-10,4.982,10.083,14.655,22.938,35.0
1993-03-11,7.701,9.443,14.562,22.079,33.9
1993-03-12,0.102,10.319,15.378,23.685,32.7
1993-03-13,0.0,11.275,15.492,24.88,29.7
1993-03-14,9.404,9.255,15.261,22.367,28.4
1993-03-15,0.451,8.991,15.932,22.573,28.4
1993-03-16,11.868,8.69,13.476,20.413,40.5
1993-03-17,6.659,8.387,15.565,21.641,42.7
1993-03-18,7.21,7.882,15.011,20.614,91.8
1993-03-19,0.521,11.291,14.027,23.799,45.0
1993-03-20,8.478,8.244,15.793,21.644,40.7
1993-03-21,4.233,7.755,15.44,20.818,46.0
1993-03-22,0.0,9.38,15.63,22.761,38.5
1993-03-23,23.76,6.688,15.5,19.726,53.3
1993-03-24,6.955,7.927,15.41,20.992,66.5
1993-03-25,19.799,7.467,15.573,20.625,154.6
1993-03-26,12.4,8.839,15.361,21.946,102.2
1993-03-27,21.432,6.826,14.255,18.891,148.7
1993-03-28,4.653,7.329,14.003,19.234,125.2
1993-03-29,0.302,9.88,13.802,21.989,105.3
1993-03-30,11.957,8.529,14.658,21.068,122.7
1993-03-31,4.804,7.839,15.78,21.16,91.9
1993-04-01,4.217,8.839,14.389,21.228,80.2
1993-04-02,6.353,9.575,14.636,22.253,72.6
1993-04-03,3.865,7.968,15.552,21.198,69.0
1993-04-04,3.331,9.377,14.636,22.049,58.0
1993-04-05,19.83,7.442,15.535,20.584,86.8
1993-04-06,8.228,7.084,15.486,20.212,128.2
1993-04-07,3.632,8.14,14.834,20.807,85.0
1993-04-08,13.031,7.48,15.128,20.326,178.9
1993-04-09,1.819,9.645,15.258,22.785,98.8
1993-04-10,18.594,7.977,14.611,20.446,90.4
1993-04-11,2.534,10.083,14.402,22.712,78.6
1993-04-12,11.485,9.093,15.16,22.152,84.9
1993-04-13,14.178,7.28,15.81,20.644,68.7
1993-04-14,8.131,7.76,15.668,21.038,110.0
1993-04-15,3.981,9.83,15.443,23.177,88.9
1993-04-16,5.962,7.724,15.139,20.625,91.2
1993-04-17,21.111,8.786,15.745,22.285,101.2
1993-04-18,8.429,7.294,15.603,20.538,162.4
1993-04-19,6.674,9.237,14.981,22.215,157.5
1993-04-20,6.58,9.303,14.899,22.258,114.2
1993-04-21,7.951,9.637,15.758,23.274,124.0
1993-04-22,9.69,8.425,15.035,21.38,120.8
1993-04-23,18.001,6.223,15.932,19.707,102.3
1993-04-24,3.497,8.795,15.682,22.28,95.8
1993-04-25,2.575,10.79,14.685,23.894,85.8
1993-04-26,23.692,6.121,16.155,19.842,161.6
1993-04-27,1.37,7.623,15.495,20.883,124.4
1993-04-28,21.7,5.781,15.992,19.337,201.5
1993-04-29,1.161,9.185,15.285,22.486,125.7
1993-04-30,4.67,10.276,15.103,23.633,153.2
1993-05-01,25.377,7.469,15.505,20.742,127.7
1993-05-02,8.486,8.049,15.568,21.462,128.6
1993-05-03,8.425,8.719,15.245,21.995,167.5
1993-05-04,9.991,9.211,15.011,22.386,124.4
1993-05-05,16.419,8.141,16.908,22.633,231.9
1993-05-06,1.84,8.646,16.092,22.592,153.5
1993-05-07,13.147,8.634,16.149,22.628,182.1
1993-05-08,0.185,9.236,16.541,23.628,128.9
1993-05-09,5.93,7.798,16.149,21.72,128.2
1993-05-10,15.471,9.216,15.261,22.663,177.5
1993-05-11,2.01,10.303,15.043,23.802,121.4
1993-05-12,12.886,9.196,16.057,23.266,112.8
1993-05-13,6.425,6.171,15.851,19.783,127.5
1993-05-14,0.0,7.346,15.0,20.399,158.5
1993-05-15,4.837,9.125,15.845,23.068,136.5
1993-05-16,7.163,8.956,14.88,22.177,114.0
1993-05-17,8.763,9.393,15.72,23.329,111.1
1993-05-18,3.382,9.842,14.334,22.856,112.9
1993-05-19,0.0,9.758,15.37,23.522,115.2
1993-05-20,15.418,9.297,14.946,22.701,133.0
1993-05-21,21.622,6.919,15.53,20.41,160.7
1993-05-22,0.0,9.335,14.674,22.546,112.9
1993-05-23,18.193,7.309,15.046,20.473,165.3
1993-05-24,8.252,7.66,15.511,21.258,125.1
1993-05-25,11.542,7.021,15.144,20.22,190.9
1993-05-26,3.362,8.689,15.084,22.103,311.4
1993-05-27,6.1,8.742,15.78,22.712,184.9
1993-05-28,2.206,6.754,15.774,20.448,153.1
1993-05-29,13.213,7.31,15.647,20.986,155.7
1993-05-30,0.0,8.494,14.552,21.56,133.3
1993-05-31,4.005,10.125,14.258,23.367,121.6
1993-06-01,0.0,9.722,15.644,23.84,115.5
1993-06-02,0.343,11.87,15.016,26.035,105.4
1993-06-03,0.0,10.425,15.334,24.508,97.8
1993-06-04,0.0,9.742,15.09,23.5,93.3
1993-06-05,0.189,9.113,15.391,22.976,88.3
1993-06-06,1.495,9.681,14.603,23.079,84.1
1993-06-07,0.66,8.986,15.103,22.601,80.3
1993-06-08,2.573,8.364,15.133,21.886,76.7
1993-06-09,5.306,9.227,14.951,22.818,73.7
1993-06-10,0.678,8.625,15.541,22.516,72.2
1993-06-11,12.893,7.671,15.356,21.247,69.7
1993-06-12,0.08,8.981,15.027,22.584,70.3
1993-06-13,0.64,8.894,14.891,22.38,75.5
1993-06-14,0.0,9.302,14.851,22.875,81.0
1993-06-15,1.939,8.604,14.37,21.668,70.8
1993-06-16,3.707,8.01,14.924,21.34,67.0
1993-06-17,2.331,9.908,14.649,23.481,63.5
1993-06-18,2.783,8.775,15.546,22.745,61.9
1993-06-19,15.69,8.581,15.527,22.503,81.7
1993-06-20,12.685,5.862,15.429,19.321,73.1
1993-06-21,9.423,9.367,14.533,22.731,97.0
1993-06-22,1.66,9.729,13.769,22.679,63.6
1993-06-23,3.064,7.928,14.731,21.117,65.4
1993-06-24,1.096,8.309,14.459,21.383,56.1
1993-06-25,2.014,6.759,14.527,19.573,53.4
1993-06-26,0.515,4.797,14.989,17.864,53.6
1993-06-27,2.229,6.203,14.427,18.878,53.6
1993-06-28,3.051,8.414,14.207,21.359,64.3
1993-06-29,3.683,7.81,14.353,20.696,55.7
1993-06-30,6.803,7.704,14.476,20.658,52.7
1993-07-01,1.771,8.864,14.5,22.095,62.8
1993-07-02,4.074,7.274,15.285,20.81,49.8
1993-07-03,0.08,10.189,13.707,23.188,52.3
1993-07-04,9.011,7.782,15.274,21.321,50.9
1993-07-05,2.253,8.894,15.329,22.712,49.8
1993-07-06,0.0,9.293,14.141,22.351,46.0
1993-07-07,0.0,10.605,12.75,23.016,44.9
1993-07-08,10.597,8.987,15.397,22.848,42.1
1993-07-09,0.833,8.081,14.91,21.405,43.6
1993-07-10,16.912,7.563,15.984,21.617,68.7
1993-07-11,0.04,8.482,15.033,21.948,49.0
1993-07-12,2.311,10.033,15.266,24.003,47.7
1993-07-13,2.166,9.642,15.905,23.962,41.1
1993-07-14,1.535,8.282,15.326,21.905,44.4
1993-07-15,1.689,9.367,14.454,22.576,45.5
1993-07-16,0.0,8.825,14.348,21.826,44.0
1993-07-17,0.0,10.754,13.878,23.889,39.6
1993-07-18,0.0,10.595,14.997,24.435,36.2
1993-07-19,0.51,9.999,15.375,23.948,35.1
1993-07-20,4.029,9.141,15.609,23.065,34.8
1993-07-21,0.164,7.655,14.764,20.696,35.7
1993-07-22,0.093,8.95,14.065,21.69,38.4
1993-07-23,2.877,7.985,14.617,20.938,37.0
1993-07-24,4.634,7.374,14.579,20.174,36.7
1993-07-25,2.012,8.492,14.633,21.541,36.3
1993-07-26,1.227,8.893,14.212,21.709,27.0
1993-07-27,0.0,9.62,14.245,22.595,25.1
1993-07-28,0.0,10.408,14.902,24.033,24.5
1993-07-29,6.065,10.21,16.0,24.53,24.5
1993-07-30,0.0,10.051,14.011,22.897,24.5
1993-07-31,1.632,9.916,15.976,24.133,24.5
1993-08-01,0.098,11.358,13.954,24.44,24.5
1993-08-02,0.775,10.71,13.981,23.682,24.5
1993-08-03,0.107,10.732,15.236,24.527,24.5
1993-08-04,0.294,11.751,14.935,25.533,24.2
1993-08-05,0.084,10.575,15.19,24.274,23.9
1993-08-06,3.011,11.511,14.853,25.168,23.9
1993-08-07,1.973,10.705,14.652,24.052,23.3
1993-08-08,1.552,9.123,14.098,21.734,23.5
1993-08-09,6.276,8.391,15.582,21.981,32.5
1993-08-10,0.336,8.96,15.682,22.688,27.5
1993-08-11,0.337,9.258,15.245,22.709,21.3
1993-08-12,10.175,9.866,15.668,23.701,23.3
1993-08-13,0.122,10.263,15.231,23.815,23.2
1993-08-14,7.639,10.4,15.065,23.883,23.2
1993-08-15,0.669,7.723,15.916,21.429,23.2
1993-08-16,9.486,8.541,14.976,21.647,34.9
1993-08-17,0.481,8.79,15.06,21.943,28.9
1993-08-18,2.591,8.103,15.375,21.408,28.8
1993-08-19,0.0,10.808,14.117,23.639,27.5
1993-08-20,0.057,11.04,14.832,24.394,25.8
1993-08-21,0.714,12.932,14.329,26.302,23.6
1993-08-22,3.332,9.33,15.755,23.03,23.3
1993-08-23,4.329,9.143,13.967,21.492,24.3
1993-08-24,8.073,9.382,13.78,21.655,25.7
1993-08-25,0.0,7.145,14.704,19.758,24.4
1993-08-26,0.057,8.111,14.959,21.035,23.1
1993-08-27,0.0,9.872,13.728,22.149,23.8
1993-08-28,8.485,8.285,14.516,20.851,27.8
1993-08-29,0.0,10.095,14.579,22.992,23.7
1993-08-30,3.35,9.609,14.576,22.429,21.8
1993-08-31,0.315,10.37,13.136,22.307,20.6
1993-09-01,14.564,9.125,13.829,21.288,23.4
1993-09-02,3.697,7.172,14.595,19.641,23.2
1993-09-03,0.764,9.134,14.163,21.549,20.2
1993-09-04,9.612,8.357,13.837,20.391,20.2
1993-09-05,9.313,6.628,14.878,19.291,21.3
1993-09-06,15.807,6.497,14.557,18.875,36.3
1993-09-07,0.0,5.201,14.962,17.954,32.3
1993-09-08,0.0,11.14,12.663,22.864,23.4
1993-09-09,14.962,8.753,14.516,21.364,31.8
1993-09-10,1.57,7.74,15.356,20.81,29.3
1993-09-11,0.101,9.654,14.924,22.685,24.1
1993-09-12,5.589,9.479,14.188,21.948,23.8
1993-09-13,11.113,8.848,15.552,22.201,39.7
1993-09-14,19.313,9.493,15.495,22.897,76.9
1993-09-15,9.909,6.409,15.446,19.505,50.2
1993-09-16,2.537,7.791,14.962,20.614,40.7
1993-09-17,7.751,10.917,14.628,23.943,37.0
1993-09-18,2.031,8.253,15.753,21.717,33.5
1993-09-19,0.488,9.849,14.845,22.872,35.5
1993-09-20,0.088,10.833,13.777,23.255,30.3
1993-09-21,3.951,11.449,14.606,24.568,30.0
1993-09-22,0.0,9.404,14.043,21.761,29.4
1993-09-23,9.235,6.396,15.677,19.709,29.7
1993-09-24,8.943,7.56,14.764,20.226,29.7
1993-09-25,0.0,10.765,13.796,23.209,38.1
1993-09-26,9.184,8.441,15.823,21.981,32.4
1993-09-27,10.603,9.728,15.867,23.484,32.9
1993-09-28,18.14,8.559,15.81,22.12,38.7
1993-09-29,15.689,7.587,14.948,20.372,135.6
1993-09-30,0.0,7.253,14.807,19.916,62.9
1993-10-01,3.903,7.765,13.606,19.579,42.6
1993-10-02,0.136,9.082,13.457,21.03,36.9
1993-10-03,6.67,8.236,13.723,20.245,36.5
1993-10-04,3.319,9.472,13.054,21.236,39.7
1993-10-05,0.768,10.238,13.41,22.394,31.7
1993-10-06,0.213,8.781,13.459,20.717,30.0
1993-10-07,1.502,9.939,13.079,21.829,30.4
1993-10-08,4.962,9.692,12.826,21.356,31.0
1993-10-09,1.534,9.248,13.766,21.522,31.4
1993-10-10,6.979,10.63,13.565,23.06,31.0
1993-10-11,6.299,8.231,14.592,20.965,31.0
1993-10-12,3.835,8.572,14.663,21.424,31.0
1993-10-13,1.907,8.203,13.932,20.438,31.0
1993-10-14,6.826,8.77,13.837,21.062,25.6
1993-10-15,5.807,8.347,14.758,21.291,28.7
1993-10-16,10.797,8.069,14.348,20.633,46.5
1993-10-17,6.995,8.67,14.332,21.342,60.2
1993-10-18,5.1,8.253,15.106,21.47,48.2
1993-10-19,7.245,8.527,14.899,21.622,79.4
1993-10-20,8.966,8.772,14.446,21.603,75.6
1993-10-21,3.892,7.718,14.399,20.353,62.0
1993-10-22,2.932,8.739,14.66,21.764,48.6
1993-10-23,6.536,7.489,15.576,21.033,39.7
1993-10-24,4.349,9.156,14.337,22.054,40.0
1993-10-25,2.599,8.122,15.245,21.522,35.9
1993-10-26,20.491,6.012,14.878,18.856,33.5
1993-10-27,8.844,6.305,15.06,19.389,30.6
1993-10-28,4.495,7.934,14.416,20.723,29.5
1993-10-29,2.847,5.831,15.709,19.432,45.8
1993-10-30,4.491,8.161,13.927,20.658,64.9
1993-10-31,12.713,6.849,13.864,19.06,59.5
1993-11-01,0.166,8.806,14.019,21.516,115.8
1993-11-02,1.237,8.535,14.573,21.609,131.9
1993-11-03,30.067,7.836,14.128,20.486,127.9
1993-11-04,9.225,5.915,14.864,18.861,118.6
1993-11-05,10.704,7.979,14.332,20.842,100.2
1993-11-06,0.195,8.962,12.826,20.981,79.0
1993-11-07,26.983,5.957,14.413,18.56,71.4
1993-11-08,0.0,9.34,13.141,21.72,63.3
1993-11-09,12.889,6.874,15.601,20.576,56.4
1993-11-10,13.417,9.551,13.076,22.008,58.8
1993-11-11,17.198,6.581,15.712,20.345,120.4
1993-11-12,0.399,7.934,15.101,21.481,110.2
1993-11-13,9.251,7.245,15.424,20.927,96.7
1993-11-14,35.233,6.423,15.712,20.236,208.6
1993-11-15,9.431,7.126,14.565,20.149,174.2
1993-11-16,5.103,7.9,14.185,20.799,182.9
1993-11-17,0.0,8.712,14.726,22.201,138.7
1993-11-18,0.0,8.884,15.674,23.144,103.0
1993-11-19,1.912,8.413,15.136,22.168,88.6
1993-11-20,12.648,6.186,15.655,19.938,153.9
1993-11-21,7.98,8.526,14.951,22.217,102.4
1993-11-22,5.72,7.899,14.386,21.057,87.4
1993-11-23,6.471,7.409,14.742,20.742,150.9
1993-11-24,2.672,8.307,14.698,21.799,99.2
1993-11-25,15.976,6.273,14.106,18.875,127.2
1993-11-26,6.477,9.258,14.198,22.668,163.5
1993-11-27,0.387,8.023,15.09,21.78,142.2
1993-11-28,36.888,4.817,15.579,18.541,181.6
1993-11-29,17.11,7.544,14.717,20.927,447.0
1993-11-30,13.863,7.792,14.524,21.09,319.0
1993-12-01,9.611,7.933,15.785,22.236,243.7
1993-12-02,0.672,5.917,16.837,20.734,217.2
1993-12-03,19.397,5.954,15.938,20.052,307.0
1993-12-04,0.744,8.226,15.008,22.035,231.4
1993-12-05,0.814,8.001,15.394,22.076,179.8
1993-12-06,2.663,8.354,15.321,22.448,156.5
1993-12-07,6.131,7.739,15.848,22.106,149.4
1993-12-08,9.666,9.083,15.024,23.179,128.3
1993-12-09,6.81,8.164,16.052,22.799,114.0
1993-12-10,3.619,6.914,15.69,21.0,134.6
1993-12-11,5.741,5.437,15.247,18.992,149.3
1993-12-12,4.743,7.061,15.655,21.188,129.7
1993-12-13,21.418,7.249,15.495,21.255,142.3
1993-12-14,6.705,7.646,14.883,21.318,135.0
1993-12-15,9.983,4.58,16.459,19.068,217.8
1993-12-16,6.887,6.494,15.766,20.59,173.2
1993-12-17,19.874,5.611,14.929,18.905,218.3
1993-12-18,8.039,7.342,13.986,20.242,293.9
1993-12-19,0.0,6.518,14.848,19.878,150.6
1993-12-20,0.0,8.875,14.69,22.693,146.2
1993-12-21,0.0,7.712,15.293,21.709,138.4
1993-12-22,0.0,7.974,14.125,21.155,114.2
1993-12-23,5.092,8.154,14.014,21.307,130.7
1993-12-24,0.0,10.361,13.109,23.571,109.5
1993-12-25,0.034,8.284,13.745,21.288,119.0
1993-12-26,3.983,6.999,14.875,20.503,138.5
1993-12-27,0.781,7.915,14.035,20.989,84.0
1993-12-28,0.504,8.148,13.552,20.932,85.5
1993-12-29,2.846,7.264,13.921,20.062,95.6
1993-12-30,13.365,7.316,13.747,20.016,116.2
1993-12-31,0.0,7.724,13.793,20.584,87.0
1994-01-01,0.0,8.73,13.519,21.658,87.5
1994-01-02,0.0,8.913,13.133,21.63,83.6
1994-01-03,13.281,7.438,13.715,20.125,75.7
1994-01-04,1.001,7.239,14.011,20.03,84.0
1994-01-05,0.306,5.709,14.383,18.492,93.5
1994-01-06,0.0,7.432,14.321,20.489,83.0
1994-01-07,11.379,6.425,14.372,19.31,90.2
1994-01-08,29.203,6.789,14.965,20.247,100.1
1994-01-09,0.38,7.363,14.293,20.402,108.8
1994-01-10,0.0,8.235,14.913,21.902,95.2
1994-01-11,13.204,7.499,14.954,21.019,94.6
1994-01-12,0.0,8.146,15.5,22.207,94.6
1994-01-13,0.0,8.476,14.984,22.236,94.6
1994-01-14,29.057,8.348,13.943,21.304,93.5
1994-01-15,1.878,7.348,15.234,20.997,221.0
1994-01-16,1.188,7.443,15.418,21.239,95.9
1994-01-17,0.653,7.33,14.312,20.245,93.0
1994-01-18,5.792,8.875,13.927,21.889,92.4
1994-01-19,0.0,8.467,13.81,21.288,100.5
1994-01-20,0.0,9.612,13.22,22.293,92.4
1994-01-21,0.0,9.619,13.688,22.614,86.0
1994-01-22,0.0,9.923,12.807,22.397,82.0
1994-01-23,0.0,9.734,14.557,23.356,80.2
1994-01-24,0.0,6.698,14.63,19.652,74.4
1994-01-25,0.0,9.842,13.693,22.829,70.8
1994-01-26,0.0,9.74,13.753,22.698,68.1
1994-01-27,0.0,9.552,13.704,22.405,65.9
1994-01-28,0.0,6.999,14.995,20.231,63.6
1994-01-29,15.237,9.622,14.109,22.728,75.3
1994-01-30,33.934,6.286,15.114,19.481,109.9
1994-01-31,4.382,4.675,15.438,18.052,169.8
1994-02-01,0.0,7.864,15.215,21.31,314.2
1994-02-02,2.132,9.223,13.921,21.997,140.4
1994-02-03,9.596,7.876,14.984,21.12,120.8
1994-02-04,1.748,7.28,15.492,20.832,106.6
1994-02-05,6.736,7.786,15.106,21.098,105.5
1994-02-06,6.649,7.292,15.345,20.709,165.9
1994-02-07,0.0,10.277,14.168,23.378,103.9
1994-02-08,0.0,9.703,14.421,22.818,87.1
1994-02-09,0.235,8.848,14.872,22.109,78.5
1994-02-10,2.855,8.633,15.054,21.981,78.9
1994-02-11,0.0,7.855,13.486,19.845,70.8
1994-02-12,0.304,8.039,13.712,20.212,69.0
1994-02-13,1.818,7.898,13.696,20.003,66.7
1994-02-14,15.701,7.131,15.03,20.149,69.5
1994-02-15,0.0,5.766,15.549,19.174,64.9
1994-02-16,0.0,8.718,15.03,21.94,59.2
1994-02-17,1.704,8.054,14.709,20.894,59.2
1994-02-18,0.0,7.712,15.12,20.834,61.9
1994-02-19,0.033,8.895,14.609,21.772,55.2
1994-02-20,15.804,7.85,15.793,21.462,54.8
1994-02-21,11.244,8.871,15.261,22.201,69.5
1994-02-22,0.537,9.323,15.527,22.913,66.6
1994-02-23,30.011,6.744,15.97,20.345,58.4
1994-02-24,1.572,7.162,16.361,21.117,69.3
1994-02-25,9.024,5.312,16.003,18.959,103.2
1994-02-26,7.213,6.658,15.81,20.098,102.6
1994-02-27,7.792,7.502,14.196,19.755,100.4
1994-02-28,4.593,9.043,15.639,22.584,91.5
1994-03-01,2.014,10.143,14.948,23.342,98.5
1994-03-02,1.709,9.329,15.582,22.832,92.0
1994-03-03,19.983,8.93,15.633,22.467,147.3
1994-03-04,14.393,7.478,15.041,20.321,169.9
1994-03-05,0.157,5.946,15.943,19.443,104.9
1994-03-06,0.069,7.944,15.198,20.959,90.7
1994-03-07,10.14,9.52,14.364,22.092,79.8
1994-03-08,0.0,9.849,14.69,22.728,70.8
1994-03-09,1.185,9.437,15.492,22.812,68.8
1994-03-10,3.732,8.861,15.239,21.962,71.5
1994-03-11,9.786,10.037,13.647,22.149,74.7
1994-03-12,17.736,8.503,14.823,21.215,79.3
1994-03-13,15.92,6.676,15.508,19.774,242.6
1994-03-14,5.156,7.334,15.106,20.147,149.5
1994-03-15,0.88,8.001,15.408,21.087,146.9
1994-03-16,2.086,9.217,15.035,22.158,106.1
1994-03-17,1.281,7.781,15.435,20.886,96.9
1994-03-18,0.0,8.068,14.837,20.696,93.1
1994-03-19,4.663,7.602,15.212,20.497,86.4
1994-03-20,14.253,8.252,14.804,20.935,98.0
1994-03-21,4.454,9.478,14.872,22.315,111.5
1994-03-22,22.904,8.165,16.13,21.791,114.5
1994-03-23,6.082,8.958,15.399,22.117,97.1
1994-03-24,4.453,10.643,16.09,24.473,146.8
1994-03-25,0.0,11.289,14.595,24.179,82.9
1994-03-26,9.702,8.903,16.272,22.731,79.8
1994-03-27,14.879,6.58,16.402,20.399,84.0
1994-03-28,16.901,6.615,16.535,20.549,139.2
1994-03-29,11.667,4.837,16.071,18.457,175.8
1994-03-30,5.599,8.442,15.75,21.791,134.3
1994-03-31,24.455,5.664,15.628,18.853,370.5
1994-04-01,1.27,8.906,15.03,21.769,180.3
1994-04-02,31.044,6.266,15.057,18.973,487.8
1994-04-03,0.0,9.223,15.114,22.209,307.3
1994-04-04,0.831,10.263,13.307,22.101,180.5
1994-04-05,16.111,9.783,14.421,22.345,169.7
1994-04-06,6.399,7.241,15.307,20.19,194.7
1994-04-07,2.195,9.146,15.255,22.253,197.6
1994-04-08,11.199,6.639,15.864,20.022,143.2
1994-04-09,2.207,8.98,14.736,21.682,135.1
1994-04-10,4.704,8.332,15.772,21.742,146.5
1994-04-11,7.596,8.824,15.082,21.764,119.2
1994-04-12,18.51,7.234,13.976,19.139,220.3
1994-04-13,5.641,7.911,15.37,20.984,139.8
1994-04-14,10.409,8.621,15.799,22.065,216.8
1994-04-15,1.321,10.739,14.688,23.712,125.5
1994-04-16,4.124,11.04,14.897,24.201,108.3
1994-04-17,3.747,9.327,15.783,22.883,133.5
1994-04-18,16.277,8.272,15.451,21.478,99.9
1994-04-19,9.092,7.802,15.207,20.777,141.1
1994-04-20,7.16,8.948,14.848,21.785,167.2
1994-04-21,0.0,8.591,13.704,20.601,93.2
1994-04-22,0.425,10.675,14.894,23.856,87.7
1994-04-23,2.909,11.178,13.91,23.788,78.0
1994-04-24,0.399,10.873,15.046,24.242,80.2
1994-04-25,24.152,9.729,15.079,22.946,72.0
1994-04-26,17.491,5.564,16.215,19.315,102.0
1994-04-27,1.782,5.772,14.565,18.19,81.3
1994-04-28,2.213,8.529,14.957,21.476,97.9
1994-04-29,18.771,7.055,15.628,20.364,175.0
1994-04-30,9.21,8.005,15.269,21.128,245.0
1994-05-01,4.867,8.918,14.576,21.674,217.4
1994-05-02,1.201,10.241,14.715,23.348,166.0
1994-05-03,5.452,9.693,15.435,23.269,118.3
1994-05-04,7.441,9.332,14.965,22.503,123.6
1994-05-05,0.0,8.9,15.375,22.312,99.3
1994-05-06,4.701,6.274,15.106,19.174,101.4
1994-05-07,0.0,9.754,15.215,23.231,103.9
1994-05-08,14.224,5.853,15.628,19.247,117.7
1994-05-09,8.134,8.073,15.326,21.38,87.5
1994-05-10,2.734,8.857,14.978,22.03,85.2
1994-05-11,16.531,8.548,14.818,21.546,88.1
1994-05-12,3.604,9.041,14.978,22.274,81.3
1994-05-13,6.753,9.198,15.731,23.03,80.6
1994-05-14,11.655,7.705,15.179,20.91,80.6
1994-05-15,3.197,9.531,15.924,23.603,88.5
1994-05-16,11.01,8.329,15.337,21.788,90.6
1994-05-17,3.27,6.446,15.514,19.837,81.1
1994-05-18,6.281,5.81,15.848,19.443,96.6
1994-05-19,0.932,7.33,15.223,20.595,87.9
1994-05-20,9.354,10.027,14.728,23.372,109.1
1994-05-21,1.865,7.462,16.473,21.72,81.5
1994-05-22,1.449,8.768,15.897,22.769,78.8
1994-05-23,27.213,7.42,15.041,20.609,82.4
1994-05-24,11.384,6.845,15.217,20.125,86.5
1994-05-25,1.784,6.397,15.658,19.989,91.1
1994-05-26,3.754,6.309,15.171,19.476,192.6
1994-05-27,1.732,8.265,15.293,21.791,119.1
1994-05-28,7.908,10.704,13.293,23.351,163.1
1994-05-29,19.378,8.689,14.764,21.91,92.8
1994-05-30,3.539,8.664,15.228,22.277,94.0
1994-05-31,3.317,7.946,15.179,21.391,127.2
1994-06-01,0.0,8.492,15.497,22.31,80.0
1994-06-02,4.14,7.854,15.261,21.332,75.3
1994-06-03,4.15,7.296,16.231,21.457,86.3
1994-06-04,17.698,8.033,15.465,21.742,89.8
1994-06-05,6.975,8.898,15.351,22.682,79.3
1994-06-06,4.271,8.673,14.53,21.826,81.6
1994-06-07,0.747,8.754,15.177,22.394,73.9
1994-06-08,0.0,8.818,15.136,22.454,68.4
1994-06-09,0.0,10.456,15.027,24.378,62.7
1994-06-10,0.0,9.654,15.905,24.03,60.6
1994-06-11,1.447,9.364,14.66,22.799,56.5
1994-06-12,1.04,7.565,15.168,21.016,56.2
1994-06-13,0.075,9.663,14.527,23.087,55.8
1994-06-14,4.976,8.689,14.728,22.019,53.9
1994-06-15,5.03,8.697,15.745,22.785,58.7
1994-06-16,0.0,10.132,15.443,24.318,52.0
1994-06-17,2.353,8.852,14.894,22.37,50.4
1994-06-18,2.384,7.838,14.185,20.595,48.5
1994-06-19,0.0,8.858,14.745,22.264,48.4
1994-06-20,0.355,6.433,14.473,19.163,45.5
1994-06-21,4.115,4.421,14.948,17.467,44.2
1994-06-22,4.157,7.39,13.924,19.908,47.6
1994-06-23,12.114,7.566,14.383,20.424,48.5
1994-06-24,0.483,8.375,14.25,21.329,46.2
1994-06-25,1.187,10.054,13.448,22.861,42.2
1994-06-26,6.676,8.901,14.508,22.149,48.0
1994-06-27,3.141,7.057,13.807,19.353,44.2
1994-06-28,0.757,9.074,13.872,21.916,43.4
1994-06-29,0.0,9.586,14.019,22.655,43.4
1994-06-30,0.0,8.99,13.272,21.367,45.5
1994-07-01,0.141,9.219,13.533,21.845,43.0
1994-07-02,0.0,10.669,13.06,23.334,39.3
1994-07-03,14.112,6.203,15.443,19.693,40.5
1994-07-04,9.875,8.258,14.916,21.663,43.5
1994-07-05,5.885,7.783,14.272,20.576,60.6
1994-07-06,0.417,9.322,13.473,21.905,56.9
1994-07-07,4.896,8.567,14.356,21.565,45.8
1994-07-08,0.0,8.138,14.622,21.25,41.1
1994-07-09,0.0,7.819,15.628,21.63,39.3
1994-07-10,0.0,11.048,15.486,25.402,39.0
1994-07-11,4.447,9.443,15.53,23.454,39.5
1994-07-12,0.0,7.969,15.62,21.742,46.0
1994-07-13,0.0,8.498,15.465,22.285,40.2
1994-07-14,0.0,8.855,15.193,22.5,39.0
1994-07-15,0.0,8.32,15.508,22.079,35.4
1994-07-16,0.0,8.209,15.462,21.908,34.2
1994-07-17,0.101,8.458,15.076,21.886,34.2
1994-07-18,0.0,8.816,14.894,22.185,34.2
1994-07-19,0.0,8.311,14.576,21.353,30.2
1994-07-20,6.255,7.452,14.671,20.372,29.6
1994-07-21,7.515,7.74,13.908,20.158,34.8
1994-07-22,6.302,7.644,14.092,20.182,36.5
1994-07-23,0.196,8.742,14.065,21.451,36.6
1994-07-24,0.0,7.172,14.747,20.098,35.4
1994-07-25,0.593,8.563,14.253,21.334,33.4
1994-07-26,2.481,10.873,14.139,24.084,31.8
1994-07-27,0.879,10.05,13.856,22.84,31.8
1994-07-28,0.25,9.734,13.109,21.913,31.2
1994-07-29,0.0,9.199,14.408,22.171,30.6
1994-07-30,0.0,10.837,13.957,23.842,30.6
1994-07-31,4.814,10.279,14.663,23.644,30.3
1994-08-01,1.525,9.781,14.424,22.859,30.0
1994-08-02,0.067,10.59,13.647,23.283,29.7
1994-08-03,9.653,9.298,13.943,21.878,30.8
1994-08-04,0.0,11.218,15.054,24.984,31.0
1994-08-05,3.875,8.347,15.288,21.753,30.0
1994-08-06,7.219,6.518,14.543,19.062,31.2
1994-08-07,2.505,7.375,15.413,20.701,32.7
1994-08-08,10.972,9.108,14.446,21.97,33.5
1994-08-09,0.347,11.052,14.288,24.185,30.0
1994-08-10,5.417,8.81,14.334,21.508,30.0
1994-08-11,8.008,10.659,13.834,23.351,31.1
1994-08-12,1.475,8.773,14.829,21.78,30.0
1994-08-13,0.0,10.172,13.97,22.853,30.0
1994-08-14,0.0,9.61,14.359,22.421,30.6
1994-08-15,0.0,9.244,14.908,22.402,29.4
1994-08-16,0.0,10.916,13.875,23.633,28.5
1994-08-17,0.0,10.657,13.774,23.247,28.5
1994-08-18,0.0,9.867,14.179,22.573,28.5
1994-08-19,0.611,9.843,14.592,22.837,28.2
1994-08-20,0.0,9.676,14.451,22.503,23.0
1994-08-21,0.0,10.903,14.087,23.709,21.7
1994-08-22,0.0,9.294,13.946,21.658,23.0
1994-08-23,4.785,7.79,14.693,20.522,23.7
1994-08-24,0.0,8.742,13.307,20.538,33.4
1994-08-25,7.611,9.034,14.514,21.761,27.0
1994-08-26,0.0,10.059,14.37,22.834,24.3
1994-08-27,0.0,10.602,14.707,23.698,23.0
1994-08-28,0.0,10.142,15.217,23.541,23.0
1994-08-29,0.0,8.36,14.715,21.082,23.0
1994-08-30,2.094,9.467,14.397,22.136,23.0
1994-08-31,11.583,9.384,14.361,22.011,24.0
1994-09-01,0.465,8.457,15.193,21.571,25.1
1994-09-02,0.0,9.507,13.902,21.799,25.3
1994-09-03,7.022,7.723,15.179,20.688,23.0
1994-09-04,0.0,10.948,14.198,23.707,22.9
1994-09-05,0.389,11.398,15.418,25.057,22.6
1994-09-06,0.0,9.547,14.984,22.611,22.5
1994-09-07,0.0,10.106,15.182,23.394,21.4
1994-09-08,4.148,10.959,14.378,23.823,20.7
1994-09-09,1.402,10.332,14.848,23.413,20.2
1994-09-10,0.728,8.927,14.829,21.766,20.2
1994-09-11,1.52,10.514,15.236,23.899,19.6
1994-09-12,4.57,10.864,15.807,24.698,19.0
1994-09-13,0.0,10.841,15.084,24.158,19.0
1994-09-14,0.713,9.84,15.351,23.19,19.0
1994-09-15,12.986,10.19,14.348,22.886,19.0
1994-09-16,6.882,8.744,13.978,20.908,27.0
1994-09-17,0.491,9.095,15.302,22.283,23.4
1994-09-18,1.684,10.189,15.641,23.823,21.2
1994-09-19,0.0,9.907,15.87,23.663,19.0
1994-09-20,0.796,9.578,15.022,22.663,19.5
1994-09-21,23.162,9.129,14.84,22.038,21.9
1994-09-22,1.122,8.145,14.916,20.94,22.2
1994-09-23,12.873,8.161,15.47,21.399,22.5
1994-09-24,1.309,5.734,16.139,19.408,25.9
1994-09-25,4.693,10.732,14.497,23.652,39.7
1994-09-26,3.131,8.245,15.527,21.538,39.5
1994-09-27,4.173,8.621,14.663,21.323,42.8
1994-09-28,14.173,8.338,14.465,20.848,32.2
1994-09-29,0.101,8.238,14.954,21.188,33.9
1994-09-30,14.294,7.426,15.304,20.473,31.2
1994-10-01,4.708,8.925,13.812,21.095,29.4
1994-10-02,0.133,8.756,13.421,20.598,29.4
1994-10-03,10.349,8.457,14.092,20.747,29.4
1994-10-04,6.232,9.399,13.957,21.769,29.4
1994-10-05,0.0,11.122,13.821,23.766,29.4
1994-10-06,11.132,8.077,14.005,20.312,32.5
1994-10-07,15.585,6.916,14.323,19.231,35.5
1994-10-08,0.0,7.361,14.772,20.082,38.6
1994-10-09,17.639,7.413,14.867,20.193,93.1
1994-10-10,5.441,9.841,13.53,22.065,64.2
1994-10-11,8.34,9.335,14.617,22.264,57.5
1994-10-12,20.766,9.025,14.269,21.633,73.4
1994-10-13,20.331,4.803,15.408,17.995,177.9
1994-10-14,2.934,7.81,14.753,20.603,91.5
1994-10-15,3.163,10.15,14.016,22.872,65.9
1994-10-16,2.258,9.59,13.679,22.022,53.6
1994-10-17,19.775,8.717,14.943,21.861,51.3
1994-10-18,49.124,3.623,14.503,16.136,356.1
1994-10-19,2.302,6.154,13.476,17.818,276.5
1994-10-20,5.743,9.741,13.141,21.842,142.4
1994-10-21,0.0,11.244,13.345,23.87,85.4
1994-10-22,0.0,10.45,14.636,23.802,70.8
1994-10-23,16.691,7.833,14.027,20.28,98.6
1994-10-24,5.627,7.818,14.818,20.821,243.8
1994-10-25,10.69,6.669,15.166,19.821,138.7
1994-10-26,2.723,9.637,14.451,22.761,88.0
1994-10-27,1.54,9.601,14.495,22.788,69.2
1994-10-28,1.33,10.127,14.505,23.446,57.2
1994-10-29,12.632,9.339,15.052,22.891,55.3
1994-10-30,0.0,10.938,12.932,23.41,48.8
1994-10-31,15.304,7.986,15.345,21.524,45.1
1994-11-01,13.975,8.187,15.435,21.864,60.7
1994-11-02,1.966,8.798,15.024,22.269,45.4
1994-11-03,15.552,6.848,15.448,20.361,90.5
1994-11-04,10.43,7.552,15.318,21.054,89.7
1994-11-05,40.476,4.863,14.829,17.69,333.6
1994-11-06,15.722,9.189,13.408,21.668,133.6
1994-11-07,4.059,8.969,14.057,21.867,88.4
1994-11-08,5.743,8.081,14.671,21.293,95.7
1994-11-09,8.651,8.462,14.592,21.696,75.8
1994-11-10,7.39,9.81,14.168,23.09,86.5
1994-11-11,12.795,8.208,14.81,21.554,82.5
1994-11-12,1.641,9.378,13.549,22.141,72.0
1994-11-13,0.0,8.156,15.207,21.867,58.7
1994-11-14,7.887,8.289,15.027,21.899,59.1
1994-11-15,3.402,8.617,14.492,21.935,58.5
1994-11-16,4.979,10.042,13.424,22.995,49.5
1994-11-17,1.69,9.338,14.106,22.614,62.1
1994-11-18,5.676,8.547,15.024,22.293,52.9
1994-11-19,16.825,7.612,15.198,21.264,58.4
1994-11-20,9.862,7.129,14.671,20.291,58.6
1994-11-21,13.516,7.415,14.69,20.674,92.6
1994-11-22,1.867,6.337,15.22,19.812,94.5
1994-11-23,16.152,5.664,15.065,18.924,130.0
1994-11-24,18.067,6.988,14.622,20.114,167.3
1994-11-25,23.868,6.1,15.062,19.429,277.4
1994-11-26,15.296,7.729,14.486,20.927,201.4
1994-11-27,11.12,7.335,14.636,20.576,145.9
1994-11-28,2.398,6.791,14.682,19.976,341.7
1994-11-29,1.151,9.132,13.522,22.106,217.5
1994-11-30,5.249,7.912,13.693,20.66,146.7
1994-12-01,28.96,6.872,14.954,20.312,129.9
1994-12-02,1.429,7.86,14.997,21.568,143.8
1994-12-03,0.81,7.448,15.193,21.19,110.3
1994-12-04,1.285,8.528,14.812,22.291,101.8
1994-12-05,0.888,9.9,13.807,23.37,91.1
1994-12-06,1.434,9.171,14.924,23.231,81.5
1994-12-07,0.0,8.471,14.783,22.223,75.3
1994-12-08,0.052,7.009,15.307,20.826,74.4
1994-12-09,0.0,9.77,14.549,23.742,70.8
1994-12-10,3.562,9.347,15.296,23.728,64.5
1994-12-11,0.13,8.321,15.799,22.818,64.5
1994-12-12,0.0,9.179,13.905,22.543,61.4
1994-12-13,8.63,8.855,14.386,22.465,55.2
1994-12-14,8.48,8.193,14.408,21.647,55.2
1994-12-15,0.042,8.405,15.886,23.008,55.2
1994-12-16,0.0,8.527,14.758,22.323,49.8
1994-12-17,0.0,9.927,13.524,23.304,47.5
1994-12-18,0.0,8.452,15.158,22.505,46.4
1994-12-19,10.08,7.23,15.418,21.207,46.8
1994-12-20,2.017,6.52,15.821,20.663,90.6
1994-12-21,3.03,7.651,15.454,21.747,54.4
1994-12-22,0.423,7.955,15.853,22.399,51.8
1994-12-23,32.668,6.975,15.609,21.03,54.4
1994-12-24,0.0,7.675,14.875,21.312,50.3
1994-12-25,0.0,6.974,14.334,20.046,72.5
1994-12-26,0.0,8.125,14.78,21.785,84.8
1994-12-27,0.0,7.21,14.755,20.639,63.1
1994-12-28,0.0,8.887,14.408,22.503,60.8
1994-12-29,0.0,7.279,15.707,21.443,52.1
1994-12-30,0.0,9.89,15.326,24.429,48.8
1994-12-31,0.0,8.598,14.353,22.098,45.1
1995-01-01,0.0,7.827,14.715,21.345,47.1
1995-01-02,0.319,10.69,14.307,24.75,40.2
1995-01-03,0.0,10.292,14.856,24.584,40.2
1995-01-04,0.0,8.236,14.709,21.848,40.4
1995-01-05,0.568,10.847,13.364,24.307,33.6
1995-01-06,0.0,10.235,13.842,23.793,33.6
1995-01-07,0.0,10.977,13.842,24.764,33.6
1995-01-08,2.653,9.305,14.818,23.274,33.6
1995-01-09,8.567,10.181,13.799,23.636,33.6
1995-01-10,2.178,7.15,14.177,20.003,33.6
1995-01-11,0.0,8.711,14.242,22.043,33.6
1995-01-12,0.0,8.003,14.913,21.573,33.6
1995-01-13,0.368,8.33,14.609,21.769,42.3
1995-01-14,0.872,10.758,13.766,24.274,39.0
1995-01-15,0.0,10.196,14.269,23.861,34.2
1995-01-16,0.0,9.742,13.957,23.054,32.4
1995-01-17,0.0,9.716,14.886,23.625,31.8
1995-01-18,0.0,10.05,15.541,24.503,31.5
1995-01-19,4.064,9.433,15.451,23.663,32.6
1995-01-20,4.018,7.684,15.728,21.712,31.4
1995-01-21,0.916,8.701,13.889,21.565,27.0
1995-01-22,4.474,7.655,14.856,20.959,27.0
1995-01-23,4.601,11.143,13.25,24.22,27.0
1995-01-24,1.45,8.425,14.125,21.334,27.0
1995-01-25,0.093,10.371,14.826,24.247,27.0
1995-01-26,0.0,9.094,15.438,23.098,27.0
1995-01-27,0.77,10.347,15.595,24.72,27.0
1995-01-28,0.779,9.267,15.573,23.356,27.0
1995-01-29,0.0,11.267,13.872,24.655,27.0
1995-01-30,1.049,10.188,14.454,23.663,30.7
1995-01-31,5.96,9.174,14.457,22.421,33.6
1995-02-01,0.09,9.143,14.405,22.342,27.0
1995-02-02,0.0,10.917,13.69,23.989,27.0
1995-02-03,0.0,11.508,14.193,25.052,27.0
1995-02-04,0.0,9.314,13.886,22.084,27.0
1995-02-05,20.002,7.609,15.617,21.274,28.6
1995-02-06,6.018,9.45,15.552,23.361,29.8
1995-02-07,0.22,12.167,13.136,25.046,27.6
1995-02-08,0.0,11.293,14.709,25.005,21.4
1995-02-09,0.0,10.832,14.519,24.269,21.8
1995-02-10,0.0,11.146,13.655,24.043,22.2
1995-02-11,0.0,12.235,13.323,25.158,21.8
1995-02-12,0.0,11.075,13.323,23.693,21.4
1995-02-13,0.0,11.599,14.228,24.908,21.4
1995-02-14,0.0,11.322,14.565,24.772,21.4
1995-02-15,0.0,12.66,13.918,25.967,21.4
1995-02-16,0.0,11.499,14.658,25.011,21.4
1995-02-17,0.0,11.488,13.886,24.448,21.4
1995-02-18,0.0,11.004,13.796,23.777,20.6
1995-02-19,0.0,11.148,14.348,24.283,20.2
1995-02-20,31.185,9.181,15.337,22.652,21.0
1995-02-21,0.0,5.001,15.712,18.418,38.1
1995-02-22,0.0,10.736,14.478,23.802,50.5
1995-02-23,0.0,11.948,13.065,24.304,31.4
1995-02-24,0.0,10.46,14.139,23.234,33.6
1995-02-25,0.0,9.695,14.81,22.78,24.6
1995-02-26,0.104,7.795,14.168,20.12,25.0
1995-02-27,2.263,11.223,14.114,24.057,23.8
1995-02-28,0.384,9.936,14.06,22.465,23.8
1995-03-01,0.0,10.94,14.677,24.062,23.4
1995-03-02,0.0,10.125,15.579,23.753,22.2
1995-03-03,0.0,10.84,15.304,24.334,23.8
1995-03-04,7.896,8.506,16.397,22.503,24.6
1995-03-05,0.475,10.336,15.019,23.522,24.2
1995-03-06,1.671,10.416,15.543,23.984,25.0
1995-03-07,0.735,8.083,15.774,21.522,24.6
1995-03-08,4.17,9.744,15.405,23.12,24.2
1995-03-09,21.769,7.953,15.932,21.505,56.1
1995-03-10,16.034,8.866,15.546,22.204,39.0
1995-03-11,8.338,7.171,16.109,20.799,52.6
1995-03-12,1.222,9.523,15.329,22.747,39.4
1995-03-13,0.0,11.629,14.598,24.666,27.0
1995-03-14,0.0,11.807,13.231,23.978,25.0
1995-03-15,0.0,11.79,13.283,23.976,23.0
1995-03-16,0.0,11.049,13.255,23.065,21.8
1995-03-17,3.362,12.041,12.891,23.978,21.4
1995-03-18,2.043,10.269,14.595,23.014,20.6
1995-03-19,1.12,9.802,15.927,23.514,20.2
1995-03-20,21.664,10.449,15.25,23.72,21.0
1995-03-21,6.728,8.723,14.041,20.84,24.2
1995-03-22,10.019,9.534,14.88,22.408,36.2
1995-03-23,17.694,6.384,15.641,19.552,42.6
1995-03-24,11.82,9.561,15.348,22.736,47.0
1995-03-25,2.059,8.868,15.014,21.72,69.1
1995-03-26,3.186,11.167,14.522,23.981,47.1
1995-03-27,12.024,11.904,14.332,24.739,64.5
1995-03-28,2.969,9.487,14.755,22.223,46.8
1995-03-29,11.513,8.43,15.821,21.851,50.6
1995-03-30,3.962,9.101,15.647,22.476,37.3
1995-03-31,0.0,10.585,15.69,24.149,29.7
1995-04-01,14.417,9.325,15.302,22.47,33.0
1995-04-02,7.578,10.393,13.207,22.242,63.2
1995-04-03,3.529,12.559,12.769,24.481,37.2
1995-04-04,0.0,9.643,15.315,22.821,33.4
1995-04-05,0.376,9.177,15.878,22.731,30.9
1995-04-06,0.222,11.56,14.715,24.636,30.2
1995-04-07,11.164,8.961,15.728,22.44,50.4
1995-04-08,3.341,9.893,15.465,23.264,45.9
1995-04-09,0.279,9.263,15.209,22.367,89.0
1995-04-10,10.915,9.788,15.457,23.141,50.2
1995-04-11,1.394,10.394,15.182,23.66,44.2
1995-04-12,10.377,9.276,15.592,22.671,46.3
1995-04-13,0.159,11.244,14.731,24.312,45.5
1995-04-14,4.687,5.288,16.269,19.062,64.8
1995-04-15,0.079,9.573,14.364,22.098,137.8
1995-04-16,8.017,10.046,16.057,23.889,64.0
1995-04-17,33.795,6.423,16.198,20.12,130.6
1995-04-18,0.42,8.684,15.168,21.709,79.9
1995-04-19,1.793,8.499,14.954,21.351,98.1
1995-04-20,17.849,7.429,14.995,20.234,99.1
1995-04-21,13.425,7.999,15.242,21.03,203.4
1995-04-22,7.79,5.891,15.367,18.94,122.3
1995-04-23,7.174,10.886,14.079,23.56,87.1
1995-04-24,9.5,9.676,15.462,23.139,89.0
1995-04-25,2.519,10.488,15.315,23.984,86.2
1995-04-26,7.8,8.33,14.497,20.891,99.1
1995-04-27,19.331,8.496,16.106,22.315,281.1
1995-04-28,19.87,9.483,15.171,22.75,132.3
1995-04-29,27.707,7.491,15.815,21.033,199.1
1995-04-30,8.409,9.193,14.995,22.323,112.0
1995-05-01,12.935,9.594,14.533,22.457,344.7
1995-05-02,12.335,9.737,14.34,22.492,174.4
1995-05-03,4.013,10.189,14.617,23.269,113.0
1995-05-04,5.564,8.519,15.524,21.995,100.3
1995-05-05,7.358,10.533,13.87,23.207,101.7
1995-05-06,11.03,9.03,15.264,22.391,124.1
1995-05-07,17.95,8.904,15.179,22.228,407.5
1995-05-08,0.0,10.376,14.141,23.212,215.3
1995-05-09,5.218,8.722,15.965,22.609,222.0
1995-05-10,10.831,9.675,15.432,23.351,169.1
1995-05-11,1.01,9.734,14.97,23.092,111.0
1995-05-12,2.433,8.52,16.81,23.073,87.2
1995-05-13,8.155,7.636,15.704,21.245,85.3
1995-05-14,9.998,7.178,15.582,20.666,80.9
1995-05-15,2.797,10.057,15.671,24.054,72.0
1995-05-16,14.337,6.377,15.609,19.832,72.3
1995-05-17,0.0,8.933,15.177,22.37,70.2
1995-05-18,3.981,7.324,15.272,20.606,59.6
1995-05-19,0.0,6.757,15.065,19.834,56.0
1995-05-20,0.082,10.074,13.837,22.859,53.2
1995-05-21,1.316,9.615,15.293,23.334,52.0
1995-05-22,2.245,8.166,14.731,21.196,51.3
1995-05-23,3.098,9.956,13.663,22.614,49.9
1995-05-24,14.615,7.128,13.59,19.133,53.2
1995-05-25,7.054,7.988,14.97,21.196,56.7
1995-05-26,2.322,7.921,15.022,21.171,49.9
1995-05-27,4.231,8.299,15.557,22.038,54.6
1995-05-28,2.792,9.298,15.633,23.277,49.2
1995-05-29,4.021,8.305,15.883,22.323,50.1
1995-05-30,14.525,9.431,15.155,23.128,67.2
1995-05-31,7.025,9.965,15.168,23.793,51.8
1995-06-01,15.467,8.563,14.75,21.796,51.3
1995-06-02,0.253,6.209,15.076,19.348,54.9
1995-06-03,0.438,8.941,14.622,22.196,59.5
1995-06-04,1.15,10.231,14.772,23.894,53.5
1995-06-05,14.222,6.974,15.492,20.53,72.0
1995-06-06,0.339,8.049,15.432,21.739,124.7
1995-06-07,17.408,8.086,15.182,21.592,137.5
1995-06-08,6.486,8.244,14.272,21.098,125.4
1995-06-09,0.13,6.845,14.467,19.622,77.3
1995-06-10,1.474,11.373,13.745,24.649,65.4
1995-06-11,3.773,10.463,15.454,24.709,61.1
1995-06-12,6.093,9.339,15.421,23.34,52.8
1995-06-13,8.95,9.301,15.149,23.082,52.0
1995-06-14,6.562,9.161,14.69,22.56,63.7
1995-06-15,5.587,7.823,15.155,21.299,91.8
1995-06-16,0.0,6.668,15.087,19.932,60.4
1995-06-17,4.265,8.273,15.345,22.03,57.6
1995-06-18,10.65,8.859,15.307,22.693,75.2
1995-06-19,0.536,7.766,15.622,21.603,55.2
1995-06-20,5.398,9.217,15.008,22.891,55.2
1995-06-21,3.005,9.439,15.541,23.557,47.1
1995-06-22,0.389,9.634,15.065,23.457,47.1
1995-06-23,3.421,10.013,14.171,23.304,55.2
1995-06-24,16.078,4.813,15.003,17.861,88.9
1995-06-25,3.35,9.139,14.723,22.609,47.1
1995-06-26,1.003,9.205,13.91,22.106,47.1
1995-06-27,6.232,9.409,15.44,23.457,47.1
1995-06-28,0.0,8.355,14.989,21.834,40.2
1995-06-29,1.66,8.171,15.386,21.94,45.2
1995-06-30,0.195,9.435,15.101,23.255,47.1
1995-07-01,0.0,9.709,14.668,23.261,40.2
1995-07-02,0.0,10.819,14.902,24.802,40.2
1995-07-03,10.367,8.498,14.97,21.978,40.2
1995-07-04,0.263,7.999,15.193,21.557,40.2
1995-07-05,2.65,6.261,15.212,19.541,40.2
1995-07-06,0.216,5.824,15.321,19.188,40.2
1995-07-07,7.11,9.195,13.421,21.704,44.8
1995-07-08,0.0,9.063,14.31,22.182,40.2
1995-07-09,3.815,8.635,14.307,21.62,40.2
1995-07-10,0.696,9.796,13.984,22.807,40.2
1995-07-11,0.181,8.067,15.239,21.617,40.2
1995-07-12,2.833,9.954,14.848,23.611,40.2
1995-07-13,2.163,9.397,14.878,22.959,40.2
1995-07-14,3.61,7.666,14.353,20.457,35.8
1995-07-15,1.285,10.892,13.573,23.87,33.6
1995-07-16,14.228,8.592,15.06,22.084,33.6
1995-07-17,11.039,7.929,15.538,21.655,47.1
1995-07-18,2.766,8.532,15.204,22.106,47.1
1995-07-19,0.0,8.006,15.535,21.723,40.2
1995-07-20,6.193,7.852,15.266,21.34,40.2
1995-07-21,21.347,7.155,15.372,20.598,61.4
1995-07-22,0.0,8.831,15.356,22.533,40.2
1995-07-23,1.453,8.301,14.228,21.052,47.1
1995-07-24,0.365,7.829,15.179,21.215,55.2
1995-07-25,5.021,9.285,15.264,22.989,55.2
1995-07-26,11.573,6.789,15.212,20.016,55.6
1995-07-27,0.0,5.804,14.698,18.522,42.5
1995-07-28,0.0,6.608,14.535,19.261,78.2
1995-07-29,0.205,8.773,14.856,21.997,47.1
1995-07-30,12.819,11.028,13.603,23.859,47.1
1995-07-31,23.33,9.598,14.337,22.595,74.4
1995-08-01,17.514,8.193,13.834,20.497,49.8
1995-08-02,3.47,7.155,14.476,19.793,75.9
1995-08-03,0.182,8.095,13.986,20.516,93.9
1995-08-04,13.989,8.501,13.796,20.856,58.3
1995-08-05,0.505,9.238,14.573,22.261,54.4
1995-08-06,0.0,9.966,14.168,22.823,49.6
1995-08-07,0.0,11.807,14.405,25.207,45.0
1995-08-08,1.876,9.531,13.967,22.109,40.2
1995-08-09,0.0,9.653,14.408,22.606,46.7
1995-08-10,0.0,8.862,15.356,22.356,41.4
1995-08-11,2.596,6.552,15.266,19.644,69.2
1995-08-12,0.0,8.328,14.416,20.989,48.9
1995-08-13,4.648,9.51,13.804,21.921,42.5
1995-08-14,1.152,9.169,15.049,22.432,41.5
1995-08-15,9.988,8.52,14.614,21.345,49.5
1995-08-16,0.536,8.354,14.245,20.856,53.9
1995-08-17,0.302,8.609,14.497,21.326,47.1
1995-08-18,7.607,8.767,15.073,21.908,56.2
1995-08-19,0.24,9.947,14.674,22.995,52.9
1995-08-20,15.229,9.104,15.318,22.495,40.2
1995-08-21,2.771,10.029,14.223,22.761,40.2
1995-08-22,0.554,10.955,14.065,23.739,40.2
1995-08-23,16.168,9.411,14.951,22.56,33.6
1995-08-24,0.0,10.228,14.179,22.918,33.6
1995-08-25,1.871,9.361,14.628,22.201,33.6
1995-08-26,0.0,9.645,13.783,21.932,33.6
1995-08-27,0.5,9.708,15.516,23.247,33.6
1995-08-28,2.139,9.837,15.399,23.299,33.6
1995-08-29,0.0,9.659,15.429,23.122,33.6
1995-08-30,0.0,12.503,14.215,25.598,33.6
1995-08-31,0.0,11.28,14.22,24.114,33.6
1995-09-01,0.718,11.122,13.522,23.448,27.0
1995-09-02,0.0,10.639,14.856,23.796,30.4
1995-09-03,0.0,11.631,15.082,25.101,29.6
1995-09-04,0.0,10.683,15.174,24.071,27.0
1995-09-05,0.0,8.934,14.788,21.758,27.0
1995-09-06,0.0,11.119,13.715,23.582,27.0
1995-09-07,0.0,8.523,15.019,21.473,27.0
1995-09-08,0.0,8.111,15.09,21.06,32.5
1995-09-09,0.0,7.435,14.965,20.204,28.2
1995-09-10,4.537,9.987,15.255,23.312,28.2
1995-09-11,6.468,9.525,14.598,22.312,30.6
1995-09-12,7.68,7.143,14.046,19.201,30.4
1995-09-13,5.229,8.464,14.973,21.359,47.1
1995-09-14,18.349,5.899,15.655,19.185,41.0
1995-09-15,0.0,7.563,14.812,20.236,30.6
1995-09-16,10.805,7.512,14.832,20.179,37.2
1995-09-17,5.696,9.608,13.359,21.484,47.1
1995-09-18,7.252,7.838,14.685,20.446,33.6
1995-09-19,0.0,11.712,13.91,24.394,33.6
1995-09-20,1.305,10.295,14.715,23.283,33.6
1995-09-21,1.734,10.183,14.736,23.193,33.6
1995-09-22,7.428,8.64,15.88,22.269,40.2
1995-09-23,9.319,10.26,15.125,23.527,33.6
1995-09-24,0.0,10.754,14.486,23.688,27.0
1995-09-25,3.907,9.073,15.443,22.427,27.0
1995-09-26,11.041,10.875,14.973,24.19,27.0
1995-09-27,0.0,10.844,14.576,23.913,27.0
1995-09-28,4.319,12.368,12.682,24.457,25.3
1995-09-29,10.49,9.18,15.014,22.296,38.0
1995-09-30,10.827,8.788,14.312,21.291,35.8
1995-10-01,7.28,7.44,14.886,20.204,42.6
1995-10-02,1.937,10.804,14.698,23.946,27.0
1995-10-03,0.118,10.861,14.312,23.753,23.0
1995-10-04,0.95,11.221,13.698,23.799,23.8
1995-10-05,12.28,6.942,15.799,20.454,28.9
1995-10-06,0.119,9.531,14.568,22.405,26.4
1995-10-07,4.109,7.85,15.462,21.185,25.4
1995-10-08,10.688,7.529,14.291,19.897,25.6
1995-10-09,44.346,5.014,15.565,18.302,63.3
1995-10-10,0.7,5.0,14.94,17.742,76.3
1995-10-11,2.122,6.986,14.035,19.09,229.3
1995-10-12,5.554,9.634,13.149,21.576,129.0
1995-10-13,7.452,10.168,14.671,23.329,73.4
1995-10-14,12.047,9.297,14.69,22.283,84.7
1995-10-15,0.327,9.433,14.647,22.465,58.1
1995-10-16,15.251,8.157,15.06,21.318,48.0
1995-10-17,0.751,8.011,15.03,21.098,49.2
1995-10-18,10.241,5.714,15.038,18.647,50.4
1995-10-19,9.543,6.791,14.609,19.405,88.6
1995-10-20,3.591,7.678,14.413,20.277,57.9
1995-10-21,3.255,8.283,14.057,20.739,86.6
1995-10-22,6.855,6.058,14.905,18.918,61.5
1995-10-23,0.209,7.582,14.62,20.402,67.5
1995-10-24,18.326,10.398,13.386,22.932,62.0
1995-10-25,1.35,7.359,14.402,19.984,57.6
1995-10-26,0.537,7.023,14.927,19.992,52.9
1995-10-27,5.959,5.627,15.53,18.984,56.2
1995-10-28,12.374,8.439,13.734,20.812,62.2
1995-10-29,3.786,6.622,14.372,19.196,65.2
1995-10-30,10.114,8.832,13.022,20.84,50.7
1995-10-31,3.559,5.394,14.745,18.155,60.2
1995-11-01,0.5,6.126,14.109,18.424,48.8
1995-11-02,5.269,8.432,13.878,21.008,50.2
1995-11-03,0.0,6.133,14.698,18.962,78.5
1995-11-04,8.694,7.817,13.606,20.054,53.4
1995-11-05,22.767,6.385,14.087,18.783,68.3
1995-11-06,12.354,9.304,14.467,22.584,47.6
1995-11-07,22.207,5.055,14.734,17.88,60.0
1995-11-08,2.262,7.123,13.59,19.299,101.2
1995-11-09,1.877,8.399,14.19,21.334,67.8
1995-11-10,0.0,6.591,13.929,18.94,66.3
1995-11-11,0.0,7.128,14.321,19.897,67.5
1995-11-12,0.0,5.846,14.179,18.332,120.9
1995-11-13,23.668,5.937,14.236,18.448,214.2
1995-11-14,6.984,8.171,13.788,20.834,88.2
1995-11-15,3.506,8.949,14.486,22.31,120.1
1995-11-16,5.956,8.853,14.236,22.052,73.5
1995-11-17,14.048,6.52,14.927,19.761,66.3
1995-11-18,2.361,6.816,13.799,19.22,69.6
1995-11-19,6.484,7.5,14.644,20.712,67.5
1995-11-20,0.778,9.468,14.34,22.965,85.3
1995-11-21,30.903,6.178,14.777,19.266,72.7
1995-11-22,3.785,8.446,14.22,21.606,90.0
1995-11-23,0.0,10.854,13.451,24.19,67.2
1995-11-24,7.921,8.984,15.003,22.91,57.6
1995-11-25,2.438,6.562,15.543,20.367,115.2
1995-11-26,2.164,8.139,14.549,21.505,147.8
1995-11-27,0.0,10.102,14.057,23.715,192.7
1995-11-28,0.0,8.222,14.954,21.929,106.0
1995-11-29,0.0,8.229,14.052,21.307,84.0
1995-11-30,0.0,10.387,13.53,23.774,80.3
1995-12-01,0.0,9.685,15.372,24.13,79.0
1995-12-02,0.425,8.182,14.875,21.886,79.2
1995-12-03,7.711,8.357,15.375,22.465,85.0
1995-12-04,27.73,6.297,15.611,20.182,322.3
1995-12-05,0.0,9.151,14.508,22.853,224.8
1995-12-06,1.786,9.144,14.467,22.832,125.1
1995-12-07,10.552,5.77,15.386,19.378,213.2
1995-12-08,0.0,9.315,14.712,23.261,157.4
1995-12-09,0.0,7.27,14.704,20.647,107.9
1995-12-10,15.867,5.411,14.845,18.622,107.4
1995-12-11,15.311,6.944,14.685,20.247,243.3
1995-12-12,2.292,8.756,13.88,21.976,212.4
1995-12-13,6.474,7.433,15.345,21.389,125.5
1995-12-14,8.16,6.974,15.057,20.606,198.3
1995-12-15,10.681,8.365,14.486,21.929,144.2
1995-12-16,0.582,7.609,14.883,21.274,121.8
1995-12-17,6.194,7.762,15.128,21.62,134.4
1995-12-18,8.611,8.363,14.47,21.899,143.4
1995-12-19,24.764,8.481,15.636,22.891,88.6
1995-12-20,13.815,7.754,15.068,21.606,253.3
1995-12-21,5.035,6.951,13.951,19.72,140.5
1995-12-22,0.0,8.634,13.584,21.622,119.0
1995-12-23,0.773,7.895,14.508,21.329,93.5
1995-12-24,0.925,7.806,14.486,21.209,86.7
1995-12-25,0.0,5.301,15.337,18.905,79.2
1995-12-26,0.0,7.125,13.897,19.897,80.4
1995-12-27,0.602,7.077,14.087,19.984,71.7
1995-12-28,1.641,7.941,14.179,21.171,67.8
1995-12-29,4.621,8.121,14.337,21.511,74.1
1995-12-30,0.0,9.047,13.872,22.34,63.0
1995-12-31,0.0,9.85,13.986,23.451,59.5
1996-01-01,0.0,8.752,12.258,20.81,73.9
1996-01-02,0.0,9.369,13.505,22.495,71.9
1996-01-03,0.0,9.295,14.158,22.804,69.7
1996-01-04,6.223,9.249,14.008,22.647,65.2
1996-01-08,0.0,8.757,13.12,21.351,60.4
1996-01-09,0.303,7.666,14.185,20.693,56.7
1996-01-10,3.99,9.744,13.448,22.807,55.1
1996-01-11,2.724,9.274,14.049,22.595,57.2
1996-01-12,0.0,6.893,14.514,19.943,54.8
1996-01-13,18.293,8.478,14.223,21.674,83.7
1996-01-14,8.1,7.719,14.516,20.897,95.1
1996-01-15,6.112,8.414,14.921,22.068,82.3
1996-01-16,9.434,8.904,13.834,21.891,65.2
1996-01-17,11.64,6.846,14.236,19.617,113.3
1996-01-18,23.844,7.018,13.932,19.535,195.4
1996-01-19,1.051,8.36,13.793,21.092,154.0
1996-01-20,0.0,8.226,12.685,20.117,166.0
1996-01-21,0.304,6.141,14.435,18.861,145.4
1996-01-22,13.402,6.458,14.084,18.913,189.0
1996-01-23,13.85,8.323,14.106,21.207,156.3
1996-01-24,0.0,8.524,14.09,21.435,130.3
1996-01-25,12.075,6.379,15.087,19.603,178.6
1996-01-26,0.862,9.893,14.609,23.481,213.4
1996-01-27,5.264,10.018,13.818,23.084,139.4
1996-01-28,2.222,9.339,14.761,22.864,140.3
1996-01-29,0.93,8.371,14.674,21.609,216.8
1996-01-30,12.067,9.824,13.22,22.356,183.8
1996-01-31,14.262,6.546,14.168,19.022,136.4
1996-02-01,0.539,7.1,13.636,19.264,115.8
1996-02-02,0.0,8.14,14.264,20.973,186.7
1996-02-03,2.008,8.401,14.011,21.068,92.0
1996-02-04,22.025,9.543,14.402,22.707,99.7
1996-02-05,14.382,5.27,14.745,17.989,134.1
1996-02-06,1.083,6.604,14.236,19.016,166.4
1996-02-07,8.638,6.779,14.976,19.796,198.1
1996-02-08,0.0,7.467,14.753,20.44,186.2
1996-02-09,3.657,9.892,14.125,22.842,140.2
1996-02-10,16.591,8.312,13.584,20.492,126.1
1996-02-11,4.52,8.554,14.633,21.527,111.2
1996-02-12,0.0,10.193,14.402,23.334,99.0
1996-02-13,1.567,8.662,14.489,21.514,89.8
1996-02-14,2.245,8.01,14.293,20.59,83.2
1996-02-15,2.275,7.998,14.978,21.095,83.5
1996-02-16,0.354,9.235,14.136,21.897,78.1
1996-02-17,21.367,8.35,13.723,20.524,123.0
1996-02-18,3.339,8.252,15.397,21.63,103.8
1996-02-19,1.59,10.507,14.543,23.647,97.2
1996-02-20,5.488,10.812,14.109,23.698,95.3
1996-02-21,0.343,9.023,14.057,21.527,79.0
1996-02-22,21.997,7.388,14.274,19.761,126.9
1996-02-23,0.132,9.399,15.562,23.008,137.4
1996-02-24,0.096,9.642,14.935,22.832,128.6
1996-02-25,0.0,11.445,13.109,23.693,82.7
1996-02-26,0.694,9.926,15.69,23.641,75.2
1996-02-27,9.882,8.953,14.332,21.505,85.2
1996-02-28,2.627,9.014,15.09,22.13,79.7
1996-02-29,5.644,8.151,14.75,20.908,91.8
1996-03-01,0.0,8.906,15.91,22.628,113.0
1996-03-02,29.28,7.291,16.008,20.954,184.9
1996-03-03,0.0,9.891,15.38,23.299,131.9
1996-03-04,1.471,8.678,15.318,21.845,102.6
1996-03-05,3.958,6.716,15.818,20.111,110.6
1996-03-06,29.163,8.206,15.769,21.644,413.5
1996-03-07,4.033,7.665,15.503,20.832,362.4
1996-03-08,0.0,6.455,15.66,19.698,318.6
1996-03-09,0.0,8.524,14.766,21.236,190.7
1996-03-10,36.655,6.749,15.372,19.753,258.9
1996-03-11,3.678,3.842,15.78,17.467,309.0
1996-03-12,0.0,8.551,14.584,21.109,263.1
1996-03-13,2.671,9.71,14.386,22.277,264.2
1996-03-14,0.0,8.211,14.908,20.943,238.7
1996-03-15,11.119,6.153,15.467,19.188,407.3
1996-03-16,0.0,7.481,14.345,19.679,641.7
1996-03-17,1.755,7.544,15.005,20.293,554.2
1996-03-18,5.839,11.54,13.995,24.101,351.3
1996-03-19,8.56,9.508,13.606,21.416,266.6
1996-03-20,0.0,9.47,13.571,21.383,216.8
1996-03-21,0.636,8.376,14.707,20.935,257.1
1996-03-22,9.431,7.735,14.277,19.88,193.8
1996-03-23,7.678,8.634,14.524,21.073,182.0
1996-03-24,3.06,9.77,13.258,21.457,173.9
1996-03-25,19.643,8.502,14.946,21.272,165.9
1996-03-26,11.184,8.303,14.766,20.88,233.2
1996-03-27,7.247,9.08,14.318,21.443,140.6
1996-03-28,4.579,10.653,13.345,22.582,130.7
1996-03-29,7.389,8.39,15.177,21.323,122.0
1996-03-30,6.19,10.109,13.353,21.948,129.4
1996-03-31,6.295,8.912,15.073,21.799,131.9
1996-04-01,4.855,8.842,14.88,21.576,144.4
1996-04-02,0.0,7.678,15.014,20.391,110.2
1996-04-03,36.058,5.428,15.073,18.16,239.9
1996-04-04,0.152,9.745,14.196,22.125,142.1
1996-04-05,6.584,7.246,15.038,19.989,151.1
1996-04-06,1.495,7.971,15.484,21.114,134.4
1996-04-07,21.361,7.849,14.94,20.571,147.4
1996-04-08,6.74,8.243,14.859,20.938,170.1
1996-04-09,3.563,8.367,13.639,20.163,151.2
1996-04-10,3.761,8.276,14.0,20.367,135.8
1996-04-11,3.916,8.494,13.891,20.505,116.5
1996-04-12,20.299,7.392,14.764,19.943,142.9
1996-04-13,2.799,8.649,14.024,20.815,118.0
1996-04-14,9.111,7.359,13.897,19.28,163.6
1996-04-15,0.089,8.091,14.451,20.492,162.1
1996-04-16,0.0,7.624,14.397,20.014,118.8
1996-04-17,6.11,9.7,13.274,21.543,130.0
1996-04-18,0.303,8.88,13.66,20.861,110.2
1996-04-19,19.901,7.645,14.141,19.807,149.3
1996-04-20,0.39,8.688,14.204,21.03,127.6
1996-04-21,2.723,8.31,14.386,20.75,120.5
1996-04-22,8.99,9.075,14.283,21.549,122.0
1996-04-23,5.118,7.307,14.543,19.745,134.7
1996-04-24,20.898,5.39,14.927,18.071,119.6
1996-04-25,0.0,7.578,14.516,20.082,111.0
1996-04-26,0.416,8.246,14.791,21.041,102.8
1996-04-27,3.77,8.274,13.799,20.321,95.4
1996-04-28,6.349,6.54,14.323,18.791,101.3
1996-04-29,4.303,6.822,14.872,19.576,108.9
1996-04-30,9.374,5.221,15.258,18.204,118.6
1996-05-01,5.583,6.169,14.965,18.913,101.4
1996-05-02,0.0,9.355,13.973,21.793,87.2
1996-05-03,3.231,8.554,14.549,21.302,84.6
1996-05-04,5.7,8.001,15.03,21.003,90.6
1996-05-05,12.893,8.245,14.818,21.147,122.8
1996-05-06,23.102,7.25,14.946,20.103,99.2
1996-05-07,4.287,6.401,15.065,19.304,101.3
1996-05-08,6.764,7.882,14.891,20.818,122.1
1996-05-09,3.463,6.061,15.611,19.424,113.4
1996-05-10,0.0,7.761,15.601,21.291,115.9
1996-05-11,6.818,7.408,15.372,20.701,88.7
1996-05-12,20.38,5.166,15.524,18.446,202.2
1996-05-13,11.343,5.411,14.766,18.139,154.2
1996-05-14,15.73,8.276,14.416,20.992,175.0
1996-05-15,16.07,8.421,14.261,21.071,122.1
1996-05-16,15.524,8.206,15.109,21.484,181.4
1996-05-17,1.743,8.746,15.31,22.261,154.6
1996-05-18,0.364,9.991,15.188,23.682,127.2
1996-05-19,19.547,8.04,14.323,20.734,200.3
1996-05-20,11.644,6.098,14.758,18.886,177.6
1996-05-21,0.0,10.214,13.755,22.989,144.3
1996-05-22,6.44,11.836,12.978,24.535,118.9
1996-05-23,14.567,7.064,14.359,19.688,169.3
1996-05-24,1.163,7.058,14.723,19.938,171.1
1996-05-25,15.967,7.983,13.481,20.076,164.3
1996-05-26,15.38,6.052,14.826,18.948,222.3
1996-05-27,4.813,8.839,13.84,21.416,148.6
1996-05-28,15.849,7.963,15.084,21.302,143.3
1996-05-29,13.51,7.042,13.595,19.122,241.4
1996-05-30,4.916,6.719,14.364,19.342,192.1
1996-05-31,4.356,8.6,14.462,21.639,212.7
1996-06-01,3.499,7.903,14.644,20.938,209.6
1996-06-02,19.198,5.091,15.204,18.274,265.1
1996-06-03,1.383,6.49,14.842,19.459,184.2
1996-06-04,12.58,7.2,14.772,20.204,235.6
1996-06-05,2.789,7.395,14.492,20.239,158.5
1996-06-06,0.972,9.187,13.391,21.633,134.6
1996-06-07,4.413,9.859,14.209,23.071,120.6
1996-06-08,0.0,8.18,14.266,21.049,112.7
1996-06-09,0.0,11.063,14.03,24.467,106.1
1996-06-10,0.0,11.222,13.899,24.587,103.6
1996-06-11,4.687,9.056,13.864,21.856,102.4
1996-06-12,3.071,9.843,13.63,22.679,103.1
1996-06-13,4.982,7.421,14.87,20.62,96.2
1996-06-14,6.925,8.197,14.603,21.364,103.4
1996-06-15,3.16,7.078,15.476,20.704,130.9
1996-06-16,4.181,7.923,14.924,21.255,109.6
1996-06-17,3.143,7.206,15.293,20.788,119.6
1996-06-18,0.0,7.224,14.557,20.188,97.8
1996-06-19,3.192,9.333,13.924,22.269,90.9
1996-06-20,13.059,6.752,14.842,19.834,96.4
1996-06-21,0.0,7.372,14.918,20.641,86.0
1996-06-22,5.664,8.553,14.677,21.832,82.1
1996-06-23,0.0,7.185,15.217,20.62,79.4
1996-06-24,4.135,7.159,14.459,19.984,77.5
1996-06-25,27.806,4.085,15.06,17.212,172.8
1996-06-26,7.083,7.506,13.72,19.878,136.7
1996-06-27,10.497,7.17,14.188,19.796,131.6
1996-06-28,14.924,4.835,14.462,17.438,125.9
1996-06-29,1.533,7.387,13.769,19.731,128.2
1996-06-30,26.131,5.363,14.549,18.024,235.0
1996-07-01,16.596,7.379,13.943,19.894,194.7
1996-07-02,1.939,6.317,14.155,18.807,144.6
1996-07-03,1.932,8.163,13.834,20.734,109.9
1996-07-04,0.0,9.316,13.867,22.204,98.0
1996-07-05,0.0,8.318,13.878,20.924,89.1
1996-07-06,0.282,7.814,14.671,20.935,94.1
1996-07-07,0.373,5.473,14.258,17.905,156.6
1996-07-08,2.512,9.864,12.72,22.052,114.6
1996-07-09,3.608,8.991,12.424,20.704,116.8
1996-07-10,20.658,8.29,14.068,20.995,103.2
1996-07-11,0.418,9.181,15.065,22.812,111.0
1996-07-12,4.246,9.897,14.818,23.505,97.5
1996-07-13,0.0,10.172,14.144,23.356,84.6
1996-07-14,0.0,9.102,14.908,22.601,81.1
1996-07-15,0.462,10.197,15.193,24.103,78.4
1996-07-16,0.0,9.458,14.832,22.935,76.0
1996-07-17,0.0,8.438,15.234,21.984,79.9
1996-07-18,0.0,8.409,15.141,21.88,76.2
1996-07-19,0.0,10.225,14.927,23.927,73.2
1996-07-20,4.134,8.64,16.054,22.832,72.9
1996-07-21,0.324,10.329,14.785,23.897,72.7
1996-07-22,1.974,9.887,15.573,23.905,73.5
1996-07-23,12.001,10.93,14.337,24.31,70.9
1996-07-24,0.0,10.813,13.614,23.668,70.4
1996-07-25,2.949,11.78,14.003,25.098,69.4
1996-07-26,9.802,8.097,13.929,20.495,70.1
1996-07-27,3.751,10.193,14.965,23.766,75.8
1996-07-28,1.677,9.629,14.88,23.024,72.8
1996-07-29,0.0,8.019,15.285,21.416,70.0
1996-07-30,1.215,7.71,15.481,21.196,58.5
1996-07-31,0.0,10.573,15.258,24.405,54.3
1996-08-01,0.0,9.102,15.552,22.851,54.0
1996-08-02,1.447,8.503,14.565,21.391,53.3
1996-08-03,0.094,10.261,14.128,23.201,60.8
1996-08-04,2.91,10.567,15.114,24.236,56.4
1996-08-05,0.0,10.337,15.402,24.144,50.6
1996-08-06,6.167,8.653,15.924,22.554,53.6
1996-08-07,4.214,7.381,15.505,20.804,58.0
1996-08-08,0.0,10.444,14.234,23.416,49.9
1996-08-09,0.0,10.287,13.261,22.524,47.3
1996-08-10,12.834,7.59,14.326,20.057,58.8
1996-08-11,0.0,10.247,13.644,22.726,56.4
1996-08-12,0.0,11.208,13.921,24.062,47.3
1996-08-13,0.0,10.257,12.701,22.068,44.6
1996-08-14,0.0,10.01,14.72,23.158,43.5
1996-08-15,2.006,8.746,13.935,21.068,44.3
1996-08-16,0.0,9.57,14.587,22.503,43.1
1996-08-17,1.151,11.611,13.633,24.296,41.3
1996-08-18,0.0,9.938,13.845,22.421,39.0
1996-08-19,1.778,9.987,13.829,22.424,41.6
1996-08-20,0.361,11.402,12.562,23.269,42.9
1996-08-21,2.121,11.055,13.897,23.726,42.2
1996-08-22,5.766,9.268,14.745,22.201,42.3
1996-08-23,2.617,8.371,15.182,21.484,41.6
1996-08-24,10.921,9.853,14.704,22.856,41.3
1996-08-25,11.465,7.776,15.052,20.761,54.9
1996-08-26,3.572,7.304,15.69,20.688,56.5
1996-08-27,2.333,7.316,15.28,20.367,70.9
1996-08-28,0.902,12.849,12.285,24.788,58.2
1996-08-29,1.303,9.368,13.53,21.364,45.3
1996-08-30,19.966,9.694,15.375,23.092,54.1
1996-08-31,11.912,9.727,13.929,22.084,46.5
1996-09-01,0.349,9.839,15.062,23.046,49.2
1996-09-02,3.463,8.942,15.397,22.255,44.0
1996-09-03,6.445,8.822,15.082,21.861,49.9
1996-09-04,4.072,10.363,13.913,22.823,49.4
1996-09-05,6.804,9.426,14.826,22.351,42.6
1996-09-06,7.271,8.996,14.633,21.704,38.8
1996-09-07,1.651,10.163,13.918,22.565,41.9
1996-09-08,2.579,10.056,13.408,22.092,42.7
1996-09-09,3.291,10.66,14.478,23.533,38.1
1996-09-10,1.174,9.345,14.772,22.19,43.4
1996-09-11,1.001,13.389,12.247,25.315,39.9
1996-09-12,5.104,11.471,14.277,24.342,34.4
1996-09-13,0.0,9.844,15.201,23.071,33.5
1996-09-14,0.301,9.771,15.647,23.321,28.4
1996-09-15,2.856,8.878,15.845,22.462,28.0
1996-09-16,0.0,10.871,14.802,23.997,27.5
1996-09-17,0.32,9.274,14.484,21.899,28.0
1996-09-18,6.573,10.885,15.255,24.34,27.6
1996-09-19,10.419,10.969,14.383,23.818,40.5
1996-09-20,13.375,9.652,15.736,23.291,47.4
1996-09-21,6.277,10.208,15.658,23.859,35.7
1996-09-22,0.0,10.681,15.856,24.538,38.3
1996-09-23,0.0,11.196,13.519,23.533,31.9
1996-09-24,15.568,7.728,14.832,20.465,35.7
1996-09-25,1.616,10.235,15.481,23.774,34.2
1996-09-26,8.856,9.772,15.215,23.071,34.2
1996-09-27,5.814,8.321,14.804,21.103,33.5
1996-09-28,4.701,9.334,14.804,22.304,46.5
1996-09-29,7.753,9.805,15.144,23.057,47.7
1996-09-30,3.905,7.69,15.533,20.989,41.3
1996-10-01,20.408,7.492,14.878,20.25,29.8
1996-10-02,0.0,9.847,14.467,22.696,29.8
1996-10-03,2.638,8.932,14.938,21.973,49.2
1996-10-04,15.702,7.64,14.666,20.291,48.8
1996-10-05,1.957,10.342,14.168,23.057,73.5
1996-10-06,22.925,9.386,14.731,22.356,50.4
1996-10-07,16.748,7.324,14.872,20.101,74.0
1996-10-08,6.785,8.992,13.296,20.872,62.1
1996-10-09,19.764,7.879,14.351,20.348,64.9
1996-10-10,5.263,7.794,13.951,19.989,59.3
1996-10-11,11.811,9.434,14.451,22.266,69.6
1996-10-12,2.768,10.312,14.304,23.228,117.3
1996-10-13,2.034,8.085,14.283,20.573,79.2
1996-10-14,0.0,8.683,14.171,21.193,96.9
1996-10-15,32.278,9.264,15.027,22.546,215.2
1996-10-16,5.717,5.336,15.106,18.332,179.8
1996-10-17,0.694,8.853,14.886,22.016,121.2
1996-10-18,0.0,9.376,13.986,22.022,102.7
1996-10-19,0.0,9.648,13.861,22.242,77.8
1996-10-20,4.833,9.583,14.641,22.747,74.3
1996-10-21,0.0,7.705,14.198,20.223,64.7
1996-10-22,8.054,7.555,14.905,20.571,60.7
1996-10-23,5.81,8.996,14.489,21.978,87.3
1996-10-24,0.0,10.179,14.171,23.223,58.5
1996-10-25,14.144,10.858,12.66,23.046,77.0
1996-10-26,1.7,11.809,12.826,24.364,58.0
1996-10-27,9.789,9.63,14.443,22.796,62.0
1996-10-28,12.254,6.925,14.511,19.639,111.7
1996-10-29,17.959,7.729,15.397,21.245,175.5
1996-10-30,8.433,9.295,15.024,22.837,126.3
1996-10-31,7.299,9.565,14.845,23.098,84.4
1996-11-01,0.0,9.556,14.171,22.625,77.5
1996-11-02,20.292,9.565,14.747,23.073,159.6
1996-11-03,3.392,8.88,14.332,21.948,96.7
1996-11-04,5.647,9.646,14.304,22.872,82.9
1996-11-05,0.0,10.768,14.807,24.644,70.0
1996-11-06,0.0,9.77,15.318,23.777,69.5
1996-11-07,21.474,7.261,14.94,20.489,64.9
1996-11-08,0.0,7.314,14.745,20.421,58.8
1996-11-09,6.222,7.083,14.274,19.804,107.5
1996-11-10,0.0,10.394,14.429,24.03,101.2
1996-11-11,0.33,9.576,14.149,22.793,64.1
1996-11-12,0.0,10.237,14.416,23.867,60.1
1996-11-13,13.114,9.354,14.185,22.614,60.9
1996-11-14,11.177,5.934,15.318,19.359,114.8
1996-11-15,16.949,7.666,14.84,21.022,145.1
1996-11-16,21.193,8.174,13.747,20.837,121.1
1996-11-17,0.0,10.294,12.867,22.97,86.8
1996-11-18,0.0,9.36,13.087,21.91,83.2
1996-11-19,0.455,10.335,10.913,21.788,86.3
1996-11-20,0.0,9.575,11.989,21.5,70.9
1996-11-21,0.0,7.779,11.872,19.035,63.6
1996-11-22,11.499,9.609,12.989,22.255,58.8
1996-11-23,0.097,6.809,13.533,19.092,58.0
1996-11-24,1.07,7.647,13.462,20.073,56.4
1996-11-25,0.0,7.39,13.913,20.103,54.5
1996-11-26,0.531,8.95,14.609,22.617,51.8
1996-11-27,0.0,7.332,13.986,20.101,48.8
1996-11-28,13.022,8.651,14.685,22.37,60.2
1996-11-29,41.969,6.242,14.658,19.372,151.7
1996-11-30,0.0,8.182,14.329,21.495,95.5
1996-12-01,21.001,8.225,13.497,20.94,161.8
1996-12-02,0.0,9.686,14.584,23.62,73.3
1996-12-03,10.955,7.608,14.595,20.986,79.0
1996-12-04,11.079,6.369,14.87,19.671,94.3
1996-12-05,3.491,8.065,14.435,21.462,158.4
1996-12-06,4.954,7.661,14.712,21.141,218.5
1996-12-07,7.661,9.655,14.082,23.264,131.7
1996-12-08,10.285,7.526,13.72,20.242,111.4
1996-12-09,10.301,6.815,14.171,19.717,156.1
1996-12-10,0.0,9.257,14.106,22.764,126.9
1996-12-11,7.79,5.912,14.323,18.728,107.5
1996-12-12,0.0,7.09,14.03,19.981,109.8
1996-12-13,0.0,8.192,14.84,21.951,90.9
1996-12-14,0.0,9.761,14.405,23.655,80.2
1996-12-15,10.836,8.166,15.75,22.576,74.2
1996-12-16,0.0,8.53,14.62,22.228,71.2
1996-12-17,1.077,10.152,14.062,23.948,68.4
1996-12-18,1.302,9.449,14.802,23.538,63.6
1996-12-19,5.04,7.669,14.739,21.223,61.7
1996-12-20,0.0,10.624,12.997,23.867,56.7
1996-12-21,0.0,8.065,14.541,21.554,54.0
1996-12-22,11.496,8.793,14.133,22.188,54.0
1996-12-23,0.0,9.394,12.571,21.905,53.3
1996-12-24,0.0,9.562,13.91,23.065,51.0
1996-12-25,0.0,9.884,14.886,24.149,52.3
1996-12-26,22.46,9.084,14.478,22.823,50.0
1996-12-27,0.0,8.741,14.418,22.356,48.8
1996-12-28,0.0,6.95,15.63,21.014,49.3
1996-12-29,0.0,9.244,15.011,23.378,67.9
1996-12-30,0.0,8.865,14.592,22.609,100.4
1996-12-31,0.0,8.01,14.845,21.668,92.0
1997-01-01,0.57,7.388,14.519,20.633,86.3
1997-01-02,0.0,6.659,14.761,19.935,128.2
1997-01-03,0.0,8.507,15.185,22.519,83.5
1997-01-04,0.0,8.659,15.584,23.005,86.9
1997-01-05,0.0,7.143,14.628,20.41,88.7
1997-01-06,0.0,8.288,15.886,22.742,92.8
1997-01-07,15.449,7.597,14.723,21.008,102.4
1997-01-08,0.0,9.622,14.342,23.31,97.3
1997-01-09,0.0,8.11,14.171,21.274,70.6
1997-01-10,0.0,6.125,15.511,19.837,91.1
1997-01-11,0.0,8.251,15.37,22.28,108.3
1997-01-12,1.72,9.015,15.0,22.921,88.5
1997-01-13,30.481,7.864,15.049,21.516,145.4
1997-01-14,0.749,10.408,13.938,23.938,89.7
1997-01-15,1.182,6.758,15.253,20.323,80.5
1997-01-16,7.247,7.863,14.603,21.168,123.2
1997-01-17,17.785,6.799,15.027,20.209,162.0
1997-01-18,0.0,7.456,14.535,20.587,236.7
1997-01-19,11.671,8.612,14.37,21.872,172.8
1997-01-20,3.797,8.916,14.601,22.375,239.9
1997-01-21,10.044,6.68,15.584,20.416,252.1
1997-01-22,0.0,9.155,14.204,22.378,252.0
1997-01-23,5.166,8.748,14.943,22.351,256.7
1997-01-24,39.355,8.618,15.312,22.446,411.5
1997-01-25,0.0,8.159,14.44,21.217,220.3
1997-01-26,34.712,8.478,13.951,21.245,425.6
1997-01-27,15.326,9.362,14.215,22.519,494.1
1997-01-28,0.0,9.185,15.489,23.19,255.6
1997-01-29,0.0,9.647,14.158,22.815,210.5
1997-01-30,2.319,9.744,14.921,23.435,185.0
1997-01-31,0.0,9.587,14.473,22.891,215.3
1997-02-01,4.179,6.474,14.698,19.326,258.6
1997-02-02,0.0,7.74,13.908,20.158,230.2
1997-02-03,0.109,9.001,13.168,21.19,176.4
1997-02-04,17.546,9.403,13.543,21.916,163.7
1997-02-05,9.359,8.027,14.668,21.052,178.6
1997-02-06,2.946,8.318,14.228,21.06,185.2
1997-02-07,3.178,7.85,14.636,20.818,151.1
1997-02-08,13.281,8.269,15.543,21.951,149.3
1997-02-09,7.295,9.54,13.886,22.228,143.4
1997-02-10,4.906,8.422,14.848,21.571,129.6
1997-02-11,0.657,6.687,14.543,19.296,117.7
1997-02-12,0.984,9.467,14.867,22.796,118.4
1997-02-13,9.002,10.081,14.177,23.014,109.7
1997-02-14,0.259,9.178,15.106,22.56,99.0
1997-02-15,12.083,10.652,14.981,24.212,93.5
1997-02-16,8.701,7.556,15.495,20.959,112.8
1997-02-17,1.607,7.48,16.147,21.378,140.2
1997-02-18,0.0,9.453,15.16,22.87,124.9
1997-02-19,0.0,11.57,14.03,24.584,98.6
1997-02-20,0.0,10.804,15.168,24.432,92.0
1997-02-21,0.0,11.785,14.688,25.247,88.0
1997-02-22,0.141,9.044,16.508,23.318,80.5
1997-02-23,6.715,9.092,16.421,23.28,85.9
1997-02-24,1.148,10.153,15.829,24.054,80.2
1997-02-25,10.527,9.191,14.864,22.207,77.2
1997-02-26,0.0,10.847,15.095,24.296,70.6
1997-02-27,0.0,10.685,16.024,24.736,70.0
1997-02-28,0.0,9.584,15.234,22.867,70.0
1997-03-01,19.125,7.942,15.867,21.497,73.6
1997-03-02,33.993,10.232,14.745,23.326,83.2
1997-03-03,0.323,9.043,16.008,22.815,89.2
1997-03-04,0.0,10.877,14.848,24.079,88.7
1997-03-05,0.0,8.616,15.573,21.962,108.3
1997-03-06,0.0,10.164,14.902,23.247,76.9
1997-03-07,0.0,11.928,14.245,24.861,65.5
1997-03-08,0.0,11.442,14.981,24.764,61.5
1997-03-09,0.118,10.172,16.668,24.5,63.3
1997-03-10,3.288,10.649,16.75,25.082,60.9
1997-03-11,0.375,9.848,16.758,24.168,59.0
1997-03-12,17.889,11.929,16.38,26.25,62.9
1997-03-13,7.025,6.533,15.644,19.693,81.8
1997-03-14,1.164,11.167,15.723,24.916,74.1
1997-03-15,15.234,11.87,15.522,25.538,59.3
1997-03-16,6.061,8.292,16.693,22.413,75.6
1997-03-17,25.137,7.03,16.511,20.965,263.3
1997-03-18,3.817,6.268,16.63,20.253,161.8
1997-03-19,15.103,9.723,15.293,22.88,246.9
1997-03-20,0.0,10.712,14.921,23.774,168.0
1997-03-21,0.0,9.207,14.443,21.677,147.4
1997-03-22,0.0,11.818,14.139,24.516,143.9
1997-03-23,0.0,11.335,13.883,23.745,102.2
1997-03-24,0.0,11.059,13.674,23.288,101.8
1997-03-25,0.0,11.94,14.486,24.902,85.0
1997-03-26,0.0,9.175,15.78,22.658,86.3
1997-03-27,0.0,11.04,14.745,23.984,89.3
1997-03-28,0.0,9.549,14.948,22.413,77.5
1997-03-29,2.193,10.082,15.098,23.136,77.2
1997-03-30,7.477,8.934,15.429,22.073,77.7
1997-03-31,18.244,8.681,15.109,21.579,101.0
1997-04-01,5.139,8.943,14.739,21.614,127.6
1997-04-02,0.0,12.463,12.658,24.299,100.7
1997-04-03,0.705,10.524,15.774,24.16,87.4
1997-04-04,19.637,8.55,15.473,21.736,97.1
1997-04-05,0.0,10.114,14.709,22.91,78.1
1997-04-06,3.61,10.902,14.948,23.997,92.1
1997-04-07,12.81,11.255,14.465,24.076,132.3
1997-04-08,12.271,9.579,14.845,22.421,82.9
1997-04-09,0.643,9.821,15.484,23.174,75.4
1997-04-10,3.24,9.378,15.823,22.954,75.4
1997-04-11,5.519,9.304,15.829,22.848,94.7
1997-04-12,1.412,11.499,14.658,24.53,74.1
1997-04-13,12.637,10.473,15.598,24.016,76.9
1997-04-14,11.657,7.112,15.239,20.024,85.6
1997-04-15,3.589,10.15,15.141,23.361,76.0
1997-04-16,8.926,9.774,13.967,22.09,91.6
1997-04-17,13.463,9.332,13.731,21.386,82.3
1997-04-18,10.317,7.258,14.959,20.024,84.6
1997-04-19,0.497,6.61,14.78,19.226,83.8
1997-04-20,19.56,7.026,14.851,19.671,141.2
1997-04-21,8.301,5.404,14.973,18.114,107.0
1997-04-22,7.711,4.877,15.182,17.823,119.2
1997-04-23,7.896,6.993,14.734,19.576,100.5
1997-04-24,16.195,8.166,14.223,20.465,125.6
1997-04-25,6.854,8.202,13.861,20.288,118.2
1997-04-26,0.0,9.356,14.712,22.266,95.4
1997-04-27,8.524,8.877,15.226,22.128,192.7
1997-04-28,0.0,9.174,15.024,22.304,113.6
1997-04-29,1.493,11.223,14.976,24.668,96.2
1997-04-30,2.491,10.804,14.842,24.092,75.9
1997-05-01,0.0,10.639,15.011,24.038,71.4
1997-05-02,9.967,9.809,15.932,23.736,68.0
1997-05-03,0.0,11.676,15.345,25.514,64.2
1997-05-04,2.82,10.41,15.56,24.198,64.2
1997-05-05,0.0,11.078,15.141,24.72,66.5
1997-05-06,12.861,10.924,14.345,23.984,64.3
1997-05-07,9.064,9.602,14.793,22.739,66.7
1997-05-08,0.0,11.47,14.323,24.658,68.3
1997-05-09,9.829,9.707,14.935,23.003,61.2
1997-05-10,14.31,6.506,15.894,20.122,70.1
1997-05-11,16.341,6.28,14.315,18.625,176.4
1997-05-12,2.949,10.712,14.242,23.774,93.7
1997-05-13,9.391,9.702,15.603,23.538,112.0
1997-05-14,8.05,10.069,13.361,22.416,93.5
1997-05-15,1.599,10.515,13.22,22.886,97.3
1997-05-16,0.56,10.493,13.348,22.94,65.8
1997-05-17,0.0,11.464,12.647,23.712,64.5
1997-05-18,0.579,9.973,13.755,22.598,60.8
1997-05-19,11.128,10.779,13.432,23.413,59.3
1997-05-20,0.127,8.248,15.476,21.826,57.3
1997-05-21,1.632,10.216,14.742,23.668,55.1
1997-05-22,12.48,9.267,14.864,22.63,63.9
1997-05-23,0.074,10.865,15.068,24.72,55.6
1997-05-24,4.811,10.415,14.489,23.769,52.5
1997-05-25,11.985,9.059,14.845,22.378,60.6
1997-05-26,8.767,7.044,15.005,20.155,64.1
1997-05-27,1.026,8.25,15.236,21.715,98.5
1997-05-28,16.168,9.853,14.802,23.342,61.8
1997-05-29,2.645,10.883,13.845,23.981,54.5
1997-05-30,7.395,7.797,14.742,20.859,60.4
1997-05-31,7.951,9.07,14.655,22.375,69.3
1997-06-01,11.806,9.932,14.62,23.38,52.1
1997-06-02,9.619,10.052,13.359,22.66,51.0
1997-06-03,6.885,8.569,15.78,22.576,52.3
1997-06-04,17.811,6.479,15.541,20.0,138.3
1997-06-05,0.338,9.506,14.092,22.554,97.7
1997-06-06,11.682,6.416,14.568,19.168,65.6
1997-06-07,14.963,7.032,15.685,20.791,204.9
1997-06-08,18.826,7.837,14.587,20.867,171.1
1997-06-09,2.613,10.002,13.927,23.052,120.8
1997-06-10,1.421,9.371,14.413,22.641,118.4
1997-06-11,5.845,9.6,13.054,21.951,127.8
1997-06-12,5.974,7.653,14.66,20.709,108.0
1997-06-13,2.63,8.592,14.231,21.535,91.8
1997-06-14,1.571,9.219,14.946,22.834,76.7
1997-06-15,0.0,8.672,14.274,21.682,70.5
1997-06-16,3.009,9.36,15.114,23.125,69.7
1997-06-17,5.981,6.212,14.948,19.266,69.7
1997-06-18,10.755,8.505,14.497,21.652,75.5
1997-06-19,8.518,7.313,14.954,20.562,112.7
1997-06-20,0.657,7.994,15.337,21.685,77.4
1997-06-21,2.512,7.047,14.467,19.88,74.4
1997-06-22,0.059,9.979,14.016,23.158,62.8
1997-06-23,1.018,10.509,14.777,24.337,61.0
1997-06-24,15.072,8.911,15.19,22.649,62.0
1997-06-25,3.309,6.088,14.315,18.641,63.6
1997-06-26,0.773,6.908,14.84,19.984,69.8
1997-06-27,1.865,8.182,14.932,21.606,59.4
1997-06-28,4.572,9.944,14.359,23.353,58.4
1997-06-29,0.157,10.897,13.973,24.28,55.9
1997-06-30,5.305,10.402,13.622,23.394,72.0
1997-07-01,3.715,8.054,16.095,22.288,54.5
1997-07-02,0.0,10.222,14.951,24.092,59.9
1997-07-03,0.0,8.573,15.674,22.598,49.5
1997-07-04,0.0,9.089,15.804,23.293,46.5
1997-07-05,0.0,8.882,15.302,22.666,48.5
1997-07-06,0.151,7.317,16.845,22.014,44.5
1997-07-07,1.703,9.668,16.212,24.269,39.5
1997-07-08,0.399,8.838,15.495,22.747,45.5
1997-07-09,5.717,9.042,15.364,22.889,42.5
1997-07-10,0.305,8.053,16.201,22.372,41.0
1997-07-11,0.0,9.654,15.568,23.761,39.0
1997-07-12,0.0,10.077,16.188,24.69,37.5
1997-07-13,0.0,9.993,15.351,23.992,38.5
1997-07-14,0.0,10.342,15.622,24.601,36.1
1997-07-15,0.0,9.295,16.179,23.75,34.2
1997-07-16,0.538,9.654,15.867,23.938,35.3
1997-07-17,0.0,8.322,14.823,21.587,43.0
1997-07-18,0.0,11.045,16.47,25.984,33.5
1997-07-19,0.0,9.099,16.527,23.712,31.7
1997-07-20,0.0,10.002,15.217,23.815,32.6
1997-07-21,0.269,9.553,15.207,23.266,31.1
1997-07-22,0.366,8.886,15.658,22.788,31.3
1997-07-23,0.0,11.24,16.364,26.076,31.1
1997-07-24,0.166,11.944,16.149,26.753,30.8
1997-07-25,6.427,9.724,17.014,24.717,28.4
1997-07-26,1.686,11.231,15.864,25.671,28.0
1997-07-27,10.05,10.005,15.845,24.201,28.0
1997-07-28,0.0,6.294,16.312,20.378,28.0
1997-07-29,0.343,6.416,16.166,20.386,28.0
1997-07-30,2.952,8.65,15.22,22.122,28.0
1997-07-31,1.317,9.513,15.753,23.514,28.0
1997-08-01,0.878,10.216,14.951,23.753,26.5
1997-08-02,4.474,9.104,14.312,21.932,26.2
1997-08-03,0.0,10.583,14.38,23.764,26.7
1997-08-04,0.262,10.13,15.016,23.639,26.6
1997-08-05,0.557,12.034,14.886,25.848,26.7
1997-08-06,0.237,9.096,15.992,23.09,25.5
1997-08-07,5.561,9.321,16.149,23.459,25.0
1997-08-08,0.036,8.751,15.318,22.155,24.8
1997-08-09,2.343,9.776,15.193,23.28,24.3
1997-08-10,0.48,10.184,15.755,24.144,23.3
1997-08-11,4.047,11.367,13.383,23.938,28.0
1997-08-12,2.427,10.407,15.484,24.201,25.7
1997-08-13,1.856,8.704,14.717,21.622,24.3
1997-08-14,0.349,10.091,14.666,23.226,26.0
1997-08-15,0.0,11.413,14.351,24.582,26.4
1997-08-16,0.0,9.406,14.639,22.359,26.2
1997-08-17,0.418,9.61,14.606,22.554,23.1
1997-08-18,1.044,8.531,14.435,21.16,24.4
1997-08-19,0.0,9.028,14.845,22.035,22.6
1997-08-20,0.0,11.037,15.223,24.647,22.0
1997-08-21,0.0,11.671,14.745,25.071,23.2
1997-08-22,0.0,10.132,14.652,23.163,23.7
1997-08-23,0.0,9.969,14.962,23.196,23.5
1997-08-24,0.0,10.362,14.329,23.185,23.7
1997-08-25,0.116,13.599,14.511,27.152,24.2
1997-08-26,3.929,12.025,16.196,26.394,24.1
1997-08-27,8.742,8.735,15.897,22.424,23.2
1997-08-28,0.31,12.47,15.269,26.269,23.6
1997-08-29,0.0,11.388,15.239,24.995,23.5
1997-08-30,0.0,11.644,13.802,24.334,23.5
1997-08-31,1.651,9.861,14.128,22.38,23.5
1997-09-01,0.652,10.116,14.397,22.878,23.5
1997-09-02,0.058,7.534,15.753,20.976,23.1
1997-09-03,0.214,8.722,15.533,22.103,24.2
1997-09-04,12.636,10.663,14.799,23.81,23.6
1997-09-05,13.519,11.575,14.97,24.981,23.3
1997-09-06,16.097,9.42,15.66,22.978,36.4
1997-09-07,0.0,8.773,15.329,22.005,25.5
1997-09-08,16.869,8.281,16.141,22.065,33.9
1997-09-09,6.934,8.971,16.467,23.049,32.4
1997-09-10,4.333,10.978,15.277,24.443,25.4
1997-09-11,1.338,11.827,14.679,25.024,23.8
1997-09-12,0.981,10.105,15.766,23.791,23.4
1997-09-13,0.64,10.284,16.228,24.34,23.5
1997-09-14,2.46,9.47,15.943,23.228,23.5
1997-09-15,2.183,9.114,15.815,22.704,23.5
1997-09-16,7.887,9.784,16.872,24.234,23.6
1997-09-17,0.0,10.053,16.114,24.005,23.2
1997-09-18,1.004,10.793,15.054,24.087,23.2
1997-09-19,5.832,8.499,16.177,22.299,23.2
1997-09-20,0.761,8.198,15.582,21.552,23.3
1997-09-21,3.547,9.28,14.427,21.954,23.2
1997-09-22,33.876,8.419,15.435,21.679,25.0
1997-09-23,4.043,6.362,15.562,19.552,25.0
1997-09-24,2.171,10.411,15.356,23.853,39.7
1997-09-25,0.26,11.457,14.861,24.766,33.5
1997-09-26,1.505,8.788,16.095,22.606,29.8
1997-09-27,4.102,8.985,15.837,22.628,26.0
1997-09-28,10.762,10.55,15.864,24.443,23.0
1997-09-29,0.0,11.028,13.989,23.696,23.0
1997-09-30,0.0,11.408,14.41,24.446,22.0
1997-10-01,2.828,7.8,15.378,20.997,22.0
1997-10-02,5.615,9.129,14.736,22.027,22.0
1997-10-03,10.602,5.828,15.774,19.226,24.6
1997-10-04,0.679,10.519,14.72,23.649,23.2
1997-10-05,9.989,9.119,14.728,22.041,23.2
1997-10-06,0.0,8.655,14.56,21.386,24.3
1997-10-07,0.0,11.772,13.158,24.109,22.8
1997-10-08,4.195,10.148,15.579,23.878,23.2
1997-10-09,8.604,10.197,14.12,22.916,23.2
1997-10-10,11.383,9.362,15.465,22.927,22.6
1997-10-11,5.966,10.419,15.25,23.995,24.0
1997-10-12,2.901,9.741,15.296,23.25,44.3
1997-10-13,18.315,8.521,15.079,21.696,48.0
1997-10-14,0.508,11.125,14.141,24.114,38.7
1997-10-15,8.251,9.523,14.53,22.492,30.6
1997-10-16,4.245,8.361,14.323,20.94,27.1
1997-10-17,22.514,8.032,13.989,20.321,25.8
1997-10-18,9.977,9.344,14.88,22.584,28.6
1997-10-19,7.522,9.656,13.774,22.16,30.4
1997-10-20,0.584,11.097,13.764,23.959,26.9
1997-10-21,0.823,6.271,15.764,19.81,29.0
1997-10-22,3.431,8.254,15.014,21.476,68.4
1997-10-23,0.0,10.455,14.576,23.785,37.8
1997-10-24,8.005,11.388,15.13,25.318,29.5
1997-10-25,0.0,11.083,15.109,24.954,27.2
1997-10-26,0.0,9.981,15.033,23.603,26.2
1997-10-27,1.313,8.359,15.348,21.897,26.4
1997-10-28,11.543,8.823,15.614,22.677,26.4
1997-10-29,1.005,8.674,14.959,22.024,26.6
1997-10-30,5.39,8.934,15.579,22.799,25.8
1997-10-31,9.911,7.401,14.242,20.011,25.8
1997-11-01,0.936,6.067,14.984,19.076,25.8
1997-11-02,3.547,8.703,15.168,22.255,24.0
1997-11-03,15.972,7.701,14.853,20.851,29.6
1997-11-04,9.624,7.088,14.717,20.073,29.8
1997-11-05,7.235,9.401,15.125,23.136,34.6
1997-11-06,21.34,9.107,15.182,22.861,27.5
1997-11-07,14.535,6.086,15.929,19.916,26.0
1997-11-08,22.639,5.648,15.992,19.524,67.0
1997-11-09,7.071,6.242,15.179,19.527,121.7
1997-11-10,0.892,5.667,15.046,18.799,101.2
1997-11-11,2.546,8.939,14.965,22.59,82.1
1997-11-12,21.183,7.49,15.136,21.005,74.7
1997-11-13,5.01,7.382,13.834,19.883,199.1
1997-11-14,18.368,5.612,14.625,18.438,245.6
1997-11-15,2.55,8.442,13.576,20.997,220.4
1997-11-16,0.144,10.911,12.639,23.595,167.7
1997-11-17,3.848,8.194,15.19,21.918,106.7
1997-11-18,12.61,9.118,14.389,22.516,59.7
1997-11-19,9.265,9.032,13.826,22.043,49.0
1997-11-20,14.445,5.283,15.076,18.543,81.4
1997-11-21,2.36,10.162,13.492,23.272,56.7
1997-11-22,0.675,8.735,14.359,22.062,42.5
1997-11-23,0.0,8.17,14.97,21.837,39.0
1997-11-24,16.814,6.193,14.747,19.304,49.8
1997-11-25,22.47,6.748,15.63,20.636,147.4
1997-11-26,5.092,7.312,14.226,20.242,178.0
1997-11-27,1.257,8.339,14.038,21.421,128.4
1997-11-28,1.627,11.274,13.095,24.598,93.0
1997-11-29,1.362,8.981,13.329,21.745,80.0
1997-11-30,19.076,6.422,14.739,19.62,136.2
1997-12-01,6.367,7.883,15.834,22.22,89.5
1997-12-02,35.981,8.236,15.478,22.416,107.6
1997-12-03,4.65,9.336,15.448,23.774,91.6
1997-12-04,2.61,9.485,14.573,23.337,75.8
1997-12-05,0.0,9.87,15.891,24.777,58.3
1997-12-06,0.0,10.937,15.984,26.201,44.5
1997-12-07,0.0,9.306,16.337,24.391,39.5
1997-12-08,0.0,9.086,15.117,23.239,35.3
1997-12-09,0.0,10.571,14.704,24.905,34.6
1997-12-10,0.079,11.28,13.041,24.742,33.5
1997-12-11,0.0,8.747,14.418,22.342,34.2
1997-12-12,3.83,9.966,15.041,24.375,30.6
1997-12-13,0.0,11.292,13.992,25.402,29.1
1997-12-14,2.063,9.838,14.812,24.073,28.0
1997-12-15,5.805,9.923,14.889,24.212,35.3
1997-12-16,0.095,8.021,16.28,22.802,31.3
1997-12-17,0.0,8.65,15.543,23.071,29.6
1997-12-18,0.0,10.393,14.193,24.367,27.1
1997-12-19,0.0,10.212,13.701,23.791,26.2
1997-12-20,3.26,9.955,14.293,23.851,25.6
1997-12-21,0.094,10.89,13.951,24.842,25.0
1997-12-22,0.0,9.863,13.774,23.356,24.6
1997-12-23,0.0,11.079,15.386,26.041,24.3
1997-12-24,0.0,10.633,15.739,25.696,24.1
1997-12-25,0.0,10.685,16.005,25.948,23.6
1997-12-26,0.891,11.072,15.655,26.198,23.2
1997-12-27,0.0,10.67,14.747,25.071,23.2
1997-12-28,0.066,10.359,15.168,24.938,22.9
1997-12-29,0.0,11.719,14.06,25.954,22.9
1997-12-30,3.183,10.844,13.929,24.712,22.8
1997-12-31,0.0,9.461,15.829,24.234,22.9
1998-01-01,4.329,8.818,14.973,22.783,22.6
1998-01-02,0.0,12.044,14.389,26.538,22.8
1998-01-03,0.0,10.564,15.666,25.481,22.9
1998-01-04,0.0,11.461,16.503,27.163,22.9
1998-01-05,0.0,11.052,15.976,26.288,22.7
1998-01-06,12.291,9.029,16.236,23.929,22.6
1998-01-07,7.85,7.202,16.19,21.677,22.9
1998-01-08,0.0,8.74,16.264,23.522,25.3
1998-01-09,0.0,10.62,15.087,25.087,23.1
1998-01-10,0.0,10.716,15.076,25.158,22.9
1998-01-11,0.0,8.798,15.671,23.13,22.6
1998-01-12,10.543,9.605,16.182,24.524,22.6
1998-01-13,1.026,10.262,16.174,25.304,22.6
1998-01-14,8.752,8.164,15.215,21.986,22.6
1998-01-15,1.971,8.356,15.524,22.432,24.0
1998-01-16,0.0,10.813,15.418,25.413,22.6
1998-01-17,0.0,10.929,15.448,25.571,22.9
1998-01-18,0.758,10.255,15.557,24.777,22.6
1998-01-19,0.0,11.532,14.891,25.902,23.5
1998-01-20,0.0,11.186,15.454,25.823,22.6
1998-01-21,0.0,9.479,16.106,24.125,22.2
1998-01-22,0.0,11.353,14.712,25.497,22.0
1998-01-23,0.0,10.738,16.486,25.908,22.0
1998-01-24,0.0,10.463,15.573,24.921,22.0
1998-01-25,0.0,10.586,15.166,24.769,22.6
1998-01-26,0.0,11.263,14.334,25.033,22.0
1998-01-27,0.0,11.56,14.995,25.818,22.0
1998-01-28,0.197,10.196,16.174,24.935,20.3
1998-01-29,0.0,10.853,15.728,25.375,19.0
1998-01-30,3.004,10.481,16.136,25.19,18.8
1998-01-31,0.0,10.738,16.209,25.5,18.8
1998-02-01,0.0,11.814,15.44,26.269,18.8
1998-02-02,1.357,10.363,17.641,26.046,18.4
1998-02-03,13.104,7.997,16.829,22.693,18.4
1998-02-04,0.434,8.284,15.478,21.976,21.9
1998-02-05,9.444,10.172,15.758,24.427,19.2
1998-02-06,0.0,6.81,16.799,21.386,19.5
1998-02-07,0.548,7.955,17.014,22.739,19.5
1998-02-08,43.02,6.442,16.785,20.973,34.2
1998-02-09,3.181,7.278,16.804,21.807,44.5
1998-02-10,14.036,7.613,17.114,22.413,25.2
1998-02-11,12.032,8.093,16.285,22.283,24.0
1998-02-12,10.437,9.096,14.894,22.348,21.1
1998-02-13,4.564,11.131,15.837,25.416,20.7
1998-02-14,4.599,8.933,16.046,22.984,22.5
1998-02-15,2.155,8.97,15.5,22.611,24.2
1998-02-16,0.65,13.783,14.679,27.742,22.9
1998-02-17,0.0,13.224,15.954,27.902,20.7
1998-02-18,3.619,11.349,16.954,26.364,20.0
1998-02-19,0.0,9.695,15.429,23.318,19.1
1998-02-20,0.0,11.015,16.057,25.31,18.4
1998-02-21,0.112,10.397,16.386,24.826,18.2
1998-02-22,0.0,7.471,16.53,21.682,18.0
1998-02-23,0.0,9.157,16.598,23.527,18.0
1998-02-24,0.0,10.581,15.812,24.549,18.0
1998-02-25,0.0,9.853,15.304,23.31,18.0
1998-02-26,1.936,10.26,15.821,24.125,18.0
1998-02-27,0.0,10.534,16.022,24.636,18.0
1998-02-28,0.0,9.813,14.723,22.796,18.0
1998-03-01,3.505,9.379,15.245,22.652,18.0
1998-03-02,6.37,9.275,15.098,22.446,19.2
1998-03-03,0.0,11.166,15.753,25.052,21.1
1998-03-04,0.443,11.66,16.715,26.272,18.4
1998-03-05,5.175,10.464,15.443,23.967,18.4
1998-03-06,0.0,9.35,16.658,23.595,18.1
1998-03-07,2.342,8.017,16.043,21.652,18.1
1998-03-08,2.756,7.633,16.31,21.495,21.7
1998-03-09,15.816,10.45,15.562,24.019,22.3
1998-03-10,7.067,10.501,14.731,23.476,23.4
1998-03-11,11.79,11.164,15.655,24.91,24.4
1998-03-12,0.0,12.136,15.81,26.079,23.8
1998-03-13,0.0,11.532,16.188,25.644,22.7
1998-03-14,0.327,9.334,15.565,22.698,22.9
1998-03-15,0.443,10.068,15.082,23.182,24.2
1998-03-16,1.804,10.206,16.443,24.364,19.6
1998-03-17,5.151,8.917,15.519,22.193,19.2
1998-03-18,0.128,12.238,14.448,25.217,19.6
1998-03-19,3.47,10.374,16.231,24.329,19.7
1998-03-20,10.049,10.469,16.13,24.342,20.0
1998-03-21,9.66,7.522,16.057,21.087,21.7
1998-03-22,0.36,8.668,15.891,22.158,30.6
1998-03-23,26.531,8.227,15.236,21.177,36.6
1998-03-24,0.135,9.144,16.614,23.236,28.2
1998-03-25,1.771,11.114,16.688,25.432,26.9
1998-03-26,21.183,8.469,17.326,23.022,32.4
1998-03-27,26.357,9.24,16.399,23.163,42.4
1998-03-28,9.872,8.379,16.62,22.418,84.4
1998-03-29,1.146,7.744,16.785,21.891,66.3
1998-03-30,20.838,6.785,17.035,21.106,92.1
1998-03-31,5.42,8.622,17.389,23.258,185.6
1998-04-01,10.853,11.35,15.799,25.095,97.7
1998-04-02,3.486,8.647,16.188,22.37,85.5
1998-04-03,9.854,10.094,15.739,23.639,97.1
1998-04-04,13.91,9.775,15.465,23.103,77.4
1998-04-05,4.901,8.24,16.236,21.962,56.3
1998-04-06,10.103,7.473,16.033,21.008,77.4
1998-04-07,6.051,9.421,16.603,23.592,131.9
1998-04-08,4.016,7.362,15.848,20.742,53.1
1998-04-09,4.22,9.671,16.033,23.416,37.9
1998-04-10,2.892,12.03,14.674,25.177,33.1
1998-04-11,16.85,7.269,16.954,21.538,79.8
1998-04-12,1.354,9.251,15.935,22.883,79.0
1998-04-13,8.837,6.922,16.37,20.747,57.0
1998-04-14,15.596,9.343,16.299,23.277,91.0
1998-04-15,9.628,10.243,16.421,24.372,67.4
1998-04-16,12.588,9.085,17.114,23.671,70.6
1998-04-17,14.226,8.772,17.041,23.239,96.1
1998-04-18,2.896,7.844,17.101,22.299,70.1
1998-04-19,7.666,6.485,16.31,20.329,75.0
1998-04-20,8.373,8.78,16.861,23.147,111.6
1998-04-21,4.044,9.281,16.842,23.688,66.3
1998-04-22,1.488,8.884,16.742,23.198,58.3
1998-04-23,19.872,9.022,16.084,22.842,51.5
1998-04-24,9.827,7.872,16.076,21.568,41.5
1998-04-25,2.084,9.592,16.334,23.709,39.0
1998-04-26,20.409,6.645,16.565,20.764,92.4
1998-04-27,1.333,8.947,16.285,23.003,69.7
1998-04-28,4.05,6.996,16.918,21.413,44.0
1998-04-29,1.149,10.295,16.073,24.372,75.8
1998-04-30,6.809,8.476,15.549,21.908,41.5
1998-05-01,7.137,8.524,16.024,22.334,83.6
1998-05-02,25.327,9.275,16.285,23.405,82.6
1998-05-03,10.633,4.702,17.101,19.378,304.2
1998-05-04,22.248,5.146,15.997,18.791,410.8
1998-05-05,7.343,8.329,15.435,21.698,206.7
1998-05-06,9.186,7.069,16.579,21.201,175.4
1998-05-07,2.876,10.283,16.416,24.701,146.2
1998-05-08,2.319,9.973,16.802,24.633,139.8
1998-05-09,8.7,8.172,17.155,22.891,120.2
1998-05-10,0.683,10.172,14.943,23.557,88.9
1998-05-11,5.294,9.611,15.707,23.486,87.4
1998-05-12,6.258,7.223,16.204,21.177,105.7
1998-05-13,0.157,10.813,16.647,25.582,68.7
1998-05-14,0.0,11.142,15.144,24.927,54.0
1998-05-15,15.16,9.741,15.851,23.766,46.5
1998-05-16,0.934,10.114,15.34,23.864,46.0
1998-05-17,10.731,8.347,16.492,22.666,42.8
1998-05-18,2.769,9.44,17.193,24.435,43.7
1998-05-19,1.149,9.675,16.992,24.611,45.7
1998-05-20,0.0,11.515,16.193,26.22,35.2
1998-05-21,0.0,10.905,16.891,26.008,33.1
1998-05-22,0.209,7.88,16.935,22.549,32.8
1998-05-23,3.96,8.35,17.457,23.516,30.4
1998-05-24,8.381,8.723,16.954,23.554,30.4
1998-05-25,15.266,8.149,16.87,22.856,31.9
1998-05-26,25.234,8.026,16.261,22.258,88.8
1998-05-27,2.617,8.382,16.073,22.554,118.4
1998-05-28,20.25,6.242,16.266,20.302,152.2
1998-05-29,26.349,5.162,15.535,18.611,247.4
1998-05-30,1.651,7.973,15.288,21.476,116.3
1998-05-31,6.955,6.621,15.323,19.959,90.6
1998-06-01,12.417,8.387,13.663,20.774,184.6
1998-06-02,1.432,8.97,14.429,22.062,139.3
1998-06-03,11.907,9.542,15.541,23.56,94.1
1998-06-04,0.0,9.967,15.59,24.16,81.7
1998-06-05,0.0,9.918,15.033,23.712,70.6
1998-06-06,1.14,6.6,15.899,20.454,70.0
1998-06-07,0.725,7.494,15.84,21.389,62.0
1998-06-08,5.409,8.517,15.995,22.747,62.0
1998-06-09,1.542,8.548,15.641,22.519,63.6
1998-06-10,4.518,8.879,15.755,22.995,56.1
1998-06-11,1.347,10.893,13.957,24.196,47.5
1998-06-12,0.0,10.987,14.962,25.0,41.5
1998-06-13,0.817,10.05,16.128,24.698,38.3
1998-06-14,1.092,7.78,15.09,21.207,37.2
1998-06-15,17.546,6.594,15.168,19.891,63.4
1998-06-16,1.608,7.918,15.75,21.875,53.0
1998-06-17,0.0,8.827,15.0,22.421,41.5
1998-06-18,0.0,10.045,14.793,23.772,36.1
1998-06-19,0.0,8.917,15.326,22.758,33.5
1998-06-20,2.243,8.229,15.565,22.128,32.0
1998-06-21,5.254,6.173,15.296,19.546,38.9
1998-06-22,7.111,7.73,14.886,21.035,35.0
1998-06-23,0.316,7.479,15.296,21.049,37.9
1998-06-24,3.944,8.131,15.701,22.106,33.5
1998-06-25,0.0,9.067,15.997,23.429,30.6
1998-06-26,1.692,9.755,15.832,24.144,27.8
1998-06-27,4.974,8.24,16.217,22.609,28.5
1998-06-28,2.375,7.544,14.698,20.649,28.4
1998-06-29,6.495,7.582,14.796,20.796,34.0
1998-06-30,1.276,9.259,14.601,22.666,30.6
1998-07-01,0.291,10.119,15.5,24.342,27.0
1998-07-02,0.0,9.773,16.087,24.332,25.6
1998-07-03,0.0,9.194,16.141,23.671,25.0
1998-07-04,13.008,7.328,15.375,20.916,53.3
1998-07-05,26.97,7.325,15.193,20.802,77.5
1998-07-06,0.0,7.783,15.688,21.652,75.1
1998-07-07,11.083,6.634,14.69,19.543,59.3
1998-07-08,4.366,8.916,15.101,22.584,40.4
1998-07-09,8.961,7.977,15.098,21.438,59.8
1998-07-10,0.239,8.837,15.793,22.948,39.0
1998-07-11,4.125,8.391,15.872,22.495,33.9
1998-07-12,0.0,10.462,15.56,24.734,33.9
1998-07-13,1.304,9.675,15.603,23.81,27.8
1998-07-14,0.0,8.396,14.63,21.533,28.4
1998-07-15,0.0,9.01,15.188,22.69,26.2
1998-07-16,0.0,7.197,15.31,20.636,26.4
1998-07-17,0.0,7.503,15.171,20.883,33.1
1998-07-18,1.958,7.099,14.799,20.09,34.2
1998-07-19,16.394,6.762,14.367,19.34,51.7
1998-07-20,6.817,10.656,14.739,24.315,38.3
1998-07-21,0.0,10.938,14.981,24.799,29.5
1998-07-22,3.36,6.635,15.989,20.476,28.0
1998-07-23,0.0,9.23,14.639,22.462,31.3
1998-07-24,2.09,7.96,15.304,21.438,27.2
1998-07-25,0.948,7.926,15.413,21.47,26.4
1998-07-26,0.0,7.979,14.951,21.155,26.2
1998-07-27,1.52,10.88,13.929,23.948,26.4
1998-07-28,1.286,8.993,16.008,23.114,25.4
1998-07-29,4.569,8.019,15.688,21.734,28.0
1998-07-30,4.486,8.395,16.087,22.457,26.2
1998-07-31,7.736,8.802,14.16,21.505,27.2
1998-08-01,0.0,10.598,14.992,24.234,27.2
1998-08-02,1.931,10.265,14.66,23.584,25.0
1998-08-03,0.0,8.582,15.356,22.079,24.2
1998-08-04,0.0,8.324,15.535,21.929,23.2
1998-08-05,17.212,8.333,15.788,22.125,23.0
1998-08-06,23.615,6.546,15.356,19.788,24.8
1998-08-07,1.214,8.278,15.405,21.747,29.5
1998-08-08,1.876,7.257,14.579,19.927,41.2
1998-08-09,0.253,8.874,13.921,21.31,27.4
1998-08-10,1.134,11.41,12.685,23.543,23.6
1998-08-11,16.257,10.084,14.033,22.804,22.8
1998-08-12,0.0,9.905,15.394,23.557,23.2
1998-08-13,0.575,9.635,14.598,22.647,23.8
1998-08-14,0.0,10.006,13.766,22.489,24.8
1998-08-15,9.488,8.378,14.872,21.416,29.8
1998-08-16,0.958,9.838,14.948,23.13,32.0
1998-08-17,1.637,9.196,15.272,22.595,26.4
1998-08-18,0.0,10.086,15.008,23.424,24.8
1998-08-19,13.903,8.686,14.342,21.326,26.1
1998-08-20,0.88,8.646,14.777,21.579,46.8
1998-08-21,7.592,9.69,15.389,23.223,39.5
1998-08-22,0.905,8.691,15.299,21.962,26.8
1998-08-23,0.0,10.324,14.856,23.533,24.8
1998-08-24,0.0,11.609,14.071,24.495,24.4
1998-08-25,7.187,7.516,15.264,20.614,26.6
1998-08-26,11.865,9.611,15.062,22.81,38.6
1998-08-27,2.461,10.357,15.106,23.685,27.4
1998-08-28,0.0,8.739,15.049,21.791,25.4
1998-08-29,0.0,9.408,14.114,21.861,23.6
1998-08-30,2.676,9.653,14.997,22.774,22.8
1998-08-31,0.0,9.365,15.035,22.489,22.2
1998-09-01,0.266,9.566,14.951,22.655,22.5
1998-09-02,0.0,10.966,13.946,23.598,24.0
1998-09-03,19.034,7.539,16.133,21.266,37.7
1998-09-04,0.0,7.606,14.774,20.269,26.6
1998-09-05,0.939,9.633,13.943,21.976,22.6
1998-09-06,0.0,12.412,13.046,24.674,22.0
1998-09-07,4.686,10.805,14.467,23.723,21.1
1998-09-08,12.204,8.03,14.72,20.723,21.2
1998-09-09,0.0,8.486,15.552,21.848,27.2
1998-09-10,7.413,8.885,15.304,22.12,33.5
1998-09-11,15.264,9.886,14.416,22.592,22.6
1998-09-12,4.946,8.106,14.337,20.524,28.2
1998-09-13,9.296,7.809,15.351,20.886,99.8
1998-09-14,8.643,10.317,14.579,23.19,39.6
1998-09-15,7.131,7.204,14.829,19.845,50.5
1998-09-16,5.912,11.82,13.72,24.383,33.5
1998-09-17,1.775,10.879,14.753,23.978,29.6
1998-09-18,0.0,8.94,14.467,21.508,40.3
1998-09-19,14.468,9.981,12.91,21.625,32.0
1998-09-20,0.562,9.087,15.709,22.614,33.9
1998-09-21,0.893,9.529,15.139,22.685,28.4
1998-09-22,14.85,7.504,15.609,20.793,28.0
1998-09-23,19.05,7.66,15.027,20.492,104.9
1998-09-24,13.85,11.195,15.495,24.891,61.5
1998-09-25,0.0,9.53,15.421,22.938,42.0
1998-09-26,14.52,9.38,14.932,22.389,54.6
1998-09-27,0.296,9.169,15.549,22.622,58.8
1998-09-28,0.0,8.82,14.166,21.212,45.5
1998-09-29,0.0,11.449,14.207,24.361,38.6
1998-09-30,3.283,10.752,16.424,25.084,32.6
1998-10-01,0.957,11.613,14.812,24.989,28.4
1998-10-02,19.465,7.727,15.91,21.315,29.8
1998-10-03,6.677,8.688,14.929,21.647,26.4
1998-10-04,0.0,9.592,14.253,22.242,33.1
1998-10-05,1.376,9.19,15.418,22.633,25.6
1998-10-06,12.169,8.404,15.473,21.818,79.5
1998-10-07,2.36,9.057,14.611,21.878,44.9
1998-10-08,1.022,10.262,14.951,23.557,55.9
1998-10-09,9.545,9.122,15.69,22.791,33.5
1998-10-10,0.091,11.496,14.198,24.546,30.6
1998-10-11,2.084,11.545,14.304,24.688,26.6
1998-10-12,13.374,8.217,15.155,21.391,25.4
1998-10-13,0.0,7.072,14.44,19.568,26.4
1998-10-14,8.371,8.637,13.704,20.807,29.1
1998-10-15,0.0,7.871,14.546,20.53,32.8
1998-10-16,14.999,8.984,14.598,21.929,53.8
1998-10-17,4.939,8.25,14.617,21.065,43.5
1998-10-18,2.922,8.042,15.024,21.166,67.1
1998-10-19,17.132,8.331,13.777,20.582,49.0
1998-10-20,3.453,9.341,13.785,21.823,81.2
1998-10-21,23.125,8.966,14.826,22.136,53.6
1998-10-22,29.54,9.549,14.617,22.707,79.0
1998-10-23,2.195,6.909,15.101,19.997,109.3
1998-10-24,19.206,5.185,15.073,18.212,216.2
1998-10-25,13.708,5.9,14.777,18.674,243.6
1998-10-26,0.515,8.06,13.823,20.408,366.4
1998-10-27,0.0,10.181,12.443,22.082,142.7
1998-10-28,2.915,7.433,14.997,20.573,112.4
1998-10-29,6.003,7.318,15.163,20.611,114.1
1998-10-30,30.063,7.11,15.486,20.644,156.8
1998-10-31,2.047,7.976,15.09,21.337,121.7
1998-11-01,4.34,8.071,14.959,21.408,137.3
1998-11-02,1.083,9.481,14.342,22.644,117.1
1998-11-03,8.121,8.55,15.103,22.106,88.5
1998-11-04,1.671,6.734,16.06,20.723,97.6
1998-11-05,11.841,7.302,16.299,21.573,79.6
1998-11-06,12.824,8.218,14.573,21.34,92.3
1998-11-07,28.902,6.717,14.595,19.611,131.8
1998-11-08,5.02,8.091,13.367,20.337,79.0
1998-11-09,2.455,8.447,14.166,21.378,86.8
1998-11-10,16.025,7.431,15.22,20.976,296.0
1998-11-11,0.0,8.906,13.739,21.663,156.4
1998-11-12,9.105,5.79,14.082,18.149,109.3
1998-11-13,5.402,7.224,14.418,20.09,113.1
1998-11-14,5.954,7.2,14.497,20.149,139.8
1998-11-15,9.24,8.437,15.812,22.685,170.2
1998-11-16,4.631,8.583,15.698,22.788,164.5
1998-11-17,9.294,7.163,15.09,20.625,113.8
1998-11-18,3.601,8.31,15.891,22.658,109.6
1998-11-19,10.615,7.234,15.53,21.092,94.6
1998-11-20,10.783,6.854,15.101,20.291,111.8
1998-11-21,6.763,9.067,14.155,22.342,129.4
1998-11-22,14.151,6.014,14.668,18.995,277.9
1998-11-23,0.0,8.734,14.821,22.405,150.5
1998-11-24,1.272,8.502,16.095,23.084,149.1
1998-11-25,34.079,5.712,14.87,18.834,346.6
1998-11-26,4.339,7.057,15.062,20.546,191.0
1998-11-27,6.567,8.299,14.44,21.63,215.9
1998-11-28,0.662,5.219,15.622,18.932,416.9
1998-11-29,5.804,8.812,14.875,22.63,482.1
1998-11-30,4.573,7.868,15.054,21.582,322.5
1998-12-01,2.563,9.271,15.177,23.473,301.7
1998-12-02,10.653,7.526,15.519,21.541,297.4
1998-12-03,3.053,8.898,15.541,23.272,414.7
1998-12-04,3.223,9.221,15.19,23.465,260.0
1998-12-05,23.012,9.502,15.427,24.014,216.9
1998-12-06,9.561,7.612,15.288,21.549,290.9
1998-12-07,3.872,7.728,15.527,21.834,235.7
1998-12-08,0.0,8.681,15.084,22.715,166.8
1998-12-09,0.695,7.951,16.274,22.707,152.8
1998-12-10,0.0,6.706,16.242,21.207,139.0
1998-12-11,0.758,8.149,15.587,22.454,128.3
1998-12-12,10.571,7.071,15.875,21.37,153.2
1998-12-13,2.376,7.517,15.492,21.636,140.2
1998-12-14,0.0,9.125,15.663,23.777,123.5
1998-12-15,7.535,7.439,15.905,21.804,115.6
1998-12-16,16.366,7.351,14.864,20.902,101.9
1998-12-17,3.824,7.57,15.247,21.497,89.1
1998-12-18,0.0,9.13,14.807,23.133,102.7
1998-12-19,10.867,9.747,14.549,23.772,105.0
1998-12-20,0.532,8.383,14.476,21.946,89.8
1998-12-21,8.042,6.561,14.467,19.617,111.2
1998-12-22,8.718,8.502,15.418,22.753,102.3
1998-12-23,7.446,9.127,15.383,23.533,102.3
1998-12-24,0.751,8.523,15.125,22.568,80.8
1998-12-25,0.698,6.669,14.579,19.861,89.1
1998-12-26,4.63,8.346,14.511,21.929,89.3
1998-12-27,5.819,8.488,14.764,22.253,154.0
1998-12-28,6.53,8.29,15.674,22.655,101.2
1998-12-29,15.295,7.845,14.886,21.492,122.7
1998-12-30,4.18,9.126,14.168,22.63,108.5
1998-12-31,9.308,9.084,15.285,23.367,97.1
1999-01-01,0.753,10.105,13.647,23.549,92.0
1999-01-02,0.0,8.764,15.005,22.758,89.1
1999-01-03,9.852,8.336,15.726,22.726,82.0
1999-01-04,5.404,6.103,15.916,20.188,124.6
1999-01-05,4.066,6.558,15.609,20.457,263.7
1999-01-06,0.0,8.631,15.579,22.951,210.9
1999-01-07,0.0,8.681,16.06,23.345,176.2
1999-01-08,14.158,6.415,16.106,20.644,212.5
1999-01-09,19.199,6.976,15.462,20.842,263.3
1999-01-10,8.248,7.302,15.043,20.88,265.2
1999-01-11,17.338,4.073,15.734,17.916,418.5
1999-01-12,0.675,7.918,14.345,21.054,258.8
1999-01-13,6.917,8.032,14.177,21.092,290.3
1999-01-14,0.0,8.2,14.041,21.141,229.4
1999-01-15,0.0,8.35,14.701,21.804,218.5
1999-01-16,0.0,7.663,13.976,20.394,175.0
1999-01-17,0.0,9.613,13.31,22.413,160.1
1999-01-18,0.0,9.291,14.158,22.579,139.4
1999-01-19,0.17,9.396,14.707,23.087,140.3
1999-01-20,8.398,8.78,15.049,22.554,124.6
1999-01-21,0.0,8.473,15.198,22.25,116.9
1999-01-22,8.035,8.177,15.014,21.736,115.1
1999-01-23,11.33,7.654,14.761,20.886,109.3
1999-01-24,13.285,8.024,14.37,21.052,108.8
1999-01-25,0.0,7.267,15.402,20.938,99.2
1999-01-26,3.909,6.38,15.166,19.712,99.1
1999-01-27,9.993,9.743,15.052,23.601,159.2
1999-01-28,21.728,8.417,15.071,21.954,212.3
1999-01-29,0.0,8.301,14.519,21.375,195.0
1999-01-30,0.0,9.317,15.299,23.19,135.2
1999-01-31,0.0,10.386,14.13,23.66,115.9
1999-02-01,7.375,9.165,15.188,22.878,106.5
1999-02-02,3.024,7.762,16.323,22.068,108.1
1999-02-03,13.218,8.65,15.438,22.421,110.1
1999-02-04,6.616,7.529,15.916,21.427,194.5
1999-02-05,5.893,7.6,14.565,20.465,117.7
1999-02-06,4.481,7.178,15.59,20.815,166.0
1999-02-07,5.482,8.073,15.421,21.658,234.4
1999-02-08,0.0,10.699,14.326,23.992,179.4
1999-02-09,0.0,9.796,15.283,23.535,167.3
1999-02-10,19.108,6.097,16.329,20.12,120.7
1999-02-11,1.483,7.96,14.622,20.837,112.3
1999-02-12,13.792,6.568,14.913,19.448,106.5
1999-02-13,13.039,6.491,14.731,19.239,129.3
1999-02-14,2.461,7.229,14.503,19.845,103.4
1999-02-15,5.834,6.095,14.666,18.758,102.2
1999-02-16,7.357,8.313,15.207,21.609,140.2
1999-02-17,10.147,6.772,15.163,19.799,199.1
1999-02-18,6.274,8.76,14.647,21.668,220.4
1999-02-19,20.045,7.626,14.766,20.429,223.8
1999-02-20,32.702,5.96,14.283,18.182,324.2
1999-02-21,3.117,7.456,14.016,19.628,222.2
1999-02-22,46.1,7.711,14.957,20.625,371.6
1999-02-23,0.357,8.327,15.37,21.636,356.1
1999-02-24,15.402,6.264,15.543,19.565,427.9
1999-02-25,13.888,8.844,15.024,21.981,571.2
1999-02-26,4.774,9.036,15.226,22.304,291.9
1999-02-27,2.168,8.677,15.079,21.772,681.8
1999-02-28,11.251,8.305,14.177,20.644,401.3
1999-03-01,10.124,8.087,15.204,21.136,516.6
1999-03-02,0.0,7.989,14.082,20.168,391.3
1999-03-03,0.0,10.042,14.668,22.995,308.7
1999-03-04,9.805,9.117,15.095,22.236,302.8
1999-03-05,0.0,10.218,12.94,21.932,249.0
1999-03-06,4.77,12.274,13.576,24.851,219.0
1999-03-07,10.291,11.126,14.245,23.948,224.3
1999-03-08,0.29,11.002,13.878,23.508,209.0
1999-03-09,8.897,9.166,14.837,22.03,310.1
1999-03-10,7.23,7.141,15.117,20.008,241.0
1999-03-11,1.023,10.625,14.375,23.337,189.8
1999-03-12,0.476,10.624,14.647,23.505,161.0
1999-03-13,23.489,8.645,15.272,21.688,148.7
1999-03-14,0.0,10.636,14.443,23.391,136.9
1999-03-15,1.851,9.744,14.084,22.087,160.4
1999-03-16,26.77,7.223,15.087,20.052,254.2
1999-03-17,0.551,9.61,14.87,22.497,172.6
1999-03-18,19.869,7.576,14.465,19.899,355.4
1999-03-19,3.105,6.73,14.47,19.016,210.9
1999-03-20,3.108,9.432,15.315,22.603,359.0
1999-03-21,0.941,6.951,15.076,19.728,260.3
1999-03-22,0.623,8.745,15.079,21.636,220.0
1999-03-23,2.057,10.282,14.196,22.755,187.1
1999-03-24,7.151,10.45,13.709,22.59,162.3
1999-03-25,8.147,10.662,13.948,23.008,157.7
1999-03-26,5.304,10.758,14.81,23.701,147.9
1999-03-27,15.824,7.607,16.709,21.647,138.1
1999-03-28,12.79,9.117,16.003,22.761,142.2
1999-03-29,5.936,7.792,15.682,21.071,169.0
1999-03-30,2.557,10.921,14.391,23.628,147.5
1999-03-31,0.713,10.356,15.011,23.394,159.6
1999-04-01,9.757,10.387,14.302,22.938,132.4
1999-04-02,0.464,10.366,15.361,23.658,133.0
1999-04-03,25.412,7.964,15.239,20.867,182.4
1999-04-04,4.479,9.358,14.818,22.133,129.8
1999-04-05,8.348,9.71,14.505,22.302,209.9
1999-04-06,0.0,9.647,14.546,22.299,141.6
1999-04-07,18.736,9.298,15.332,22.459,203.3
1999-04-08,22.303,8.847,15.293,21.948,270.0
1999-04-09,11.846,7.899,15.552,21.071,203.3
1999-04-10,14.481,6.89,15.851,20.258,221.5
1999-04-11,2.946,8.597,15.041,21.486,304.9
1999-04-12,1.414,6.638,15.375,19.674,216.5
1999-04-13,19.954,7.9,15.905,21.38,262.1
1999-04-14,0.365,9.337,15.274,22.516,192.4
1999-04-15,14.194,7.679,15.144,20.557,206.8
1999-04-16,1.817,10.066,15.546,23.568,161.0
1999-04-17,0.0,11.143,15.851,25.046,139.8
1999-04-18,4.649,10.205,16.353,24.321,131.1
1999-04-19,0.0,7.921,15.538,21.174,125.3
1999-04-20,0.0,8.411,14.495,20.927,120.6
1999-04-21,0.0,8.848,14.465,21.41,116.4
1999-04-22,0.0,11.576,14.438,24.62,112.9
1999-04-23,30.027,8.842,15.864,22.497,118.9
1999-04-24,13.352,6.044,15.802,19.473,125.6
1999-04-25,11.009,8.825,15.128,21.948,212.6
1999-04-26,7.187,6.799,15.446,19.918,147.1
1999-04-27,7.511,5.108,15.28,18.149,198.5
1999-04-28,3.618,7.45,14.492,19.943,139.9
1999-04-29,0.081,5.991,15.128,18.918,124.7
1999-04-30,30.91,5.317,15.125,18.198,236.1
1999-05-01,3.39,8.761,14.329,21.315,158.8
1999-05-02,4.887,6.465,14.736,19.09,150.5
1999-05-03,0.0,6.912,14.408,19.323,136.1
1999-05-04,12.837,6.674,14.258,18.959,172.6
1999-05-05,13.57,8.155,13.386,19.967,137.7
1999-05-06,0.633,6.719,14.174,18.981,182.2
1999-05-07,18.35,7.947,14.014,20.258,268.4
1999-05-08,12.459,7.684,14.565,20.351,192.3
1999-05-09,10.284,9.783,13.948,22.378,190.6
1999-05-10,17.923,6.653,14.543,19.171,317.6
1999-05-11,17.847,7.871,14.003,20.13,195.4
1999-05-12,0.0,9.069,14.158,21.723,178.1
1999-05-13,13.833,6.657,14.427,19.155,231.6
1999-05-14,0.0,9.644,13.861,22.236,173.5
1999-05-15,0.0,8.065,14.519,20.845,150.7
1999-05-16,2.215,10.96,13.962,23.97,140.6
1999-05-17,0.0,8.693,13.47,20.861,129.2
1999-05-18,2.821,8.944,13.171,20.935,124.7
1999-05-19,1.552,10.217,14.236,23.28,118.0
1999-05-20,2.161,8.496,15.478,22.122,120.3
1999-05-21,6.492,9.487,14.889,22.872,115.2
1999-05-22,0.572,8.511,14.315,21.299,110.6
1999-05-23,0.145,10.728,14.859,24.402,111.1
1999-05-24,0.0,10.206,14.37,23.459,104.7
1999-05-25,0.0,9.364,14.495,22.538,103.3
1999-05-26,0.0,7.853,12.943,19.508,100.3
1999-05-27,0.0,9.058,14.28,21.992,95.5
1999-05-28,0.0,7.981,15.361,21.516,93.2
1999-05-29,4.813,8.367,15.935,22.418,93.2
1999-05-30,10.691,9.938,14.601,23.342,96.0
1999-05-31,0.306,10.968,14.351,24.462,94.1
1999-06-01,8.884,9.354,14.63,22.679,97.5
1999-06-02,19.45,8.166,15.087,21.595,102.6
1999-06-03,0.772,8.676,15.285,22.359,95.6
1999-06-04,6.206,5.445,15.508,18.935,93.9
1999-06-05,0.0,8.149,14.639,21.285,114.6
1999-06-06,0.0,8.768,14.166,21.677,105.9
1999-06-07,5.052,9.439,14.117,22.489,98.6
1999-06-08,26.1,8.206,13.913,20.799,159.8
1999-06-09,0.0,9.577,14.378,22.88,144.7
1999-06-10,2.8,9.712,13.614,22.47,145.0
1999-06-11,17.748,6.707,13.788,18.908,143.1
1999-06-12,0.51,8.769,14.234,21.766,95.5
1999-06-13,8.672,6.684,15.101,19.927,152.2
1999-06-14,5.227,8.068,14.185,20.872,167.3
1999-06-15,0.792,7.956,14.367,20.883,125.0
1999-06-16,5.989,6.878,13.872,19.226,135.6
1999-06-17,0.0,6.619,13.927,18.976,131.3
1999-06-18,16.327,5.25,15.022,18.383,195.4
1999-06-19,0.0,8.81,14.698,22.182,124.4
1999-06-20,4.614,8.6,15.277,22.367,108.7
1999-06-21,17.391,6.824,15.147,20.16,108.0
1999-06-22,0.758,7.986,14.872,21.332,106.4
1999-06-23,4.053,7.816,14.149,20.573,97.3
1999-06-24,0.0,8.305,13.897,20.986,96.7
1999-06-25,0.774,9.196,13.921,22.098,100.6
1999-06-26,11.41,7.26,14.516,20.177,104.1
1999-06-27,15.48,6.476,13.745,18.663,141.4
1999-06-28,12.22,7.012,14.245,19.709,155.0
1999-06-29,0.0,9.073,13.696,21.78,123.4
1999-06-30,3.643,10.15,13.12,22.753,106.7
1999-07-01,14.332,7.522,14.652,20.573,107.7
1999-07-02,0.0,9.114,14.299,22.255,108.4
1999-07-03,3.136,8.175,14.378,21.163,131.5
1999-07-04,6.102,9.302,14.688,22.764,92.6
1999-07-05,0.518,10.774,12.155,22.88,90.4
1999-07-06,0.353,9.388,14.538,22.75,117.1
1999-07-07,5.904,7.679,14.188,20.38,109.1
1999-07-08,0.094,9.022,14.332,22.114,111.8
1999-07-09,0.491,10.657,13.774,23.774,83.6
1999-07-10,0.0,10.328,13.688,23.315,81.1
1999-07-11,0.0,9.82,13.859,22.766,74.7
1999-07-12,0.0,8.91,15.386,22.728,75.5
1999-07-13,0.163,10.089,14.655,23.63,76.4
1999-07-14,0.0,11.166,14.364,24.753,74.2
1999-07-15,0.0,10.365,14.647,23.967,72.5
1999-07-16,0.037,8.813,15.864,22.948,70.6
1999-07-17,0.887,7.907,15.212,21.364,67.6
1999-07-18,0.071,9.427,15.117,23.09,64.8
1999-07-19,4.334,8.479,14.524,21.497,68.7
1999-07-20,7.292,10.226,13.663,23.019,80.3
1999-07-21,4.657,7.993,15.217,21.408,70.9
1999-07-22,0.409,10.536,14.489,23.948,70.9
1999-07-23,2.066,9.197,14.69,22.457,68.1
1999-07-24,0.0,9.932,14.698,23.351,72.5
1999-07-25,0.749,10.848,15.201,24.793,72.0
1999-07-26,1.929,11.03,14.573,24.576,70.8
1999-07-27,0.914,9.256,16.098,23.524,74.2
1999-07-28,0.157,9.613,15.522,23.527,72.5
1999-07-29,0.0,9.664,15.326,23.399,73.1
1999-07-30,0.0,8.278,14.546,21.155,69.8
1999-07-31,4.558,10.197,14.62,23.492,72.5
1999-08-01,1.212,8.95,13.864,21.438,69.2
1999-08-02,1.383,9.107,14.272,21.916,67.0
1999-08-03,4.356,8.212,14.87,21.31,66.5
1999-08-04,0.0,8.883,13.997,21.435,61.5
1999-08-05,0.225,9.568,14.443,22.587,63.2
1999-08-06,0.0,9.621,15.147,23.152,59.9
1999-08-07,16.842,10.374,14.101,23.253,78.3
1999-08-08,2.937,5.131,15.747,18.663,59.9
1999-08-09,2.905,9.227,15.103,22.565,61.8
1999-08-10,0.0,10.555,14.59,23.802,67.0
1999-08-11,0.0,10.679,14.264,23.704,64.8
1999-08-12,0.052,9.083,14.832,22.185,62.6
1999-08-13,0.555,9.457,13.758,21.842,60.4
1999-08-14,7.765,8.898,15.079,22.128,71.7
1999-08-15,13.579,9.283,14.236,21.927,69.8
1999-08-16,0.0,10.194,15.84,24.171,67.6
1999-08-17,0.0,11.437,14.497,24.698,61.5
1999-08-18,0.192,9.687,14.465,22.568,59.9
1999-08-19,3.121,11.39,13.603,23.997,58.2
1999-08-20,0.0,9.511,13.951,21.946,56.6
1999-08-21,14.572,7.537,15.375,20.761,57.4
1999-08-22,2.628,10.204,13.516,22.467,60.4
1999-08-23,0.068,11.182,13.606,23.679,63.2
1999-08-24,12.758,7.153,14.992,19.957,69.8
1999-08-25,8.979,7.821,14.606,20.443,60.7
1999-08-26,3.962,7.989,15.128,20.995,67.8
1999-08-27,8.105,8.529,14.204,20.921,66.5
1999-08-28,7.916,8.284,15.617,21.726,62.1
1999-08-29,5.06,10.863,14.288,23.704,68.1
1999-08-30,3.509,8.966,15.769,22.557,63.7
1999-08-31,0.0,9.584,14.155,22.082,58.7
1999-09-01,5.382,9.468,15.076,22.614,58.3
1999-09-02,2.921,8.373,14.549,20.959,91.4
1999-09-03,3.834,10.461,14.932,23.647,62.8
1999-09-04,1.519,8.168,15.636,21.568,60.4
1999-09-05,10.588,7.411,15.068,20.255,62.1
1999-09-06,0.0,8.835,13.552,20.736,57.7
1999-09-07,5.239,9.885,15.209,23.179,63.0
1999-09-08,26.864,9.58,14.508,22.321,84.8
1999-09-09,9.794,9.147,14.815,22.038,66.0
1999-09-10,1.751,7.633,14.486,20.082,104.7
1999-09-11,10.392,9.136,14.527,21.799,75.3
1999-09-12,18.149,7.437,14.918,20.185,128.5
1999-09-13,3.743,9.63,13.872,21.897,107.2
1999-09-14,22.878,7.801,14.603,20.315,186.8
1999-09-15,0.0,9.141,13.94,21.348,102.0
1999-09-16,11.354,9.658,15.568,23.136,87.7
1999-09-17,17.967,7.502,15.549,20.755,135.2
1999-09-18,1.097,10.256,14.122,22.812,96.0
1999-09-19,0.0,9.383,13.924,21.633,72.0
1999-09-20,0.64,9.414,14.459,22.079,87.6
1999-09-21,1.705,10.322,14.389,23.082,98.0
1999-09-22,32.216,9.084,13.133,20.709,94.9
1999-09-23,6.597,6.196,15.024,18.921,73.3
1999-09-24,2.031,9.739,14.046,22.177,86.0
1999-09-25,9.024,7.427,15.204,20.424,138.0
1999-09-26,1.583,8.748,14.625,21.459,208.8
1999-09-27,15.525,8.253,14.652,20.905,237.4
1999-09-28,6.144,4.616,14.872,17.321,235.1
1999-09-29,29.147,6.758,14.014,18.758,251.2
1999-09-30,4.157,9.632,15.011,22.774,159.0
1999-10-01,0.91,8.761,14.416,21.364,178.1
1999-10-02,0.83,8.689,13.291,20.446,133.8
1999-10-03,7.822,9.624,13.584,21.777,130.6
1999-10-04,20.03,9.602,14.443,22.383,172.4
1999-10-05,13.544,10.812,13.59,23.226,128.8
1999-10-06,14.674,8.445,14.22,20.859,185.3
1999-10-07,0.626,9.465,14.198,22.065,160.2
1999-10-08,8.562,9.968,13.698,22.304,130.3
1999-10-09,4.701,8.213,13.94,20.405,121.6
1999-10-10,4.564,9.962,13.967,22.571,133.7
1999-10-11,4.947,6.797,14.247,19.082,122.1
1999-10-12,5.819,9.578,13.383,21.717,122.4
1999-10-13,9.872,8.686,13.946,21.054,107.9
1999-10-14,0.0,9.155,14.829,22.247,98.9
1999-10-15,3.316,8.083,13.302,19.861,111.9
1999-10-16,12.748,6.572,14.932,19.435,132.1
1999-10-17,5.674,9.271,13.318,21.345,104.2
1999-10-18,4.442,9.821,14.084,22.565,110.7
1999-10-19,0.0,7.771,14.323,20.34,130.4
1999-10-20,4.635,9.039,14.522,21.989,96.5
1999-10-21,9.717,9.968,14.886,23.413,114.9
1999-10-22,15.403,7.263,15.215,20.47,115.0
1999-10-23,7.511,7.439,15.272,20.734,119.6
1999-10-24,4.329,9.996,14.394,23.117,108.5
1999-10-25,3.843,7.706,14.421,20.397,142.4
1999-10-26,0.24,9.297,14.5,22.372,151.5
1999-10-27,7.028,8.164,14.891,21.329,257.2
1999-10-28,44.326,5.74,15.019,18.717,483.9
1999-10-29,0.0,7.802,14.943,20.984,403.0
1999-10-30,39.036,6.23,14.334,18.734,639.7
1999-10-31,0.0,10.239,13.323,22.815,404.3
1999-11-01,3.765,9.627,13.438,22.188,267.5
1999-11-02,11.622,8.158,15.818,22.128,221.7
1999-11-03,29.475,8.379,15.13,21.889,366.9
1999-11-04,3.793,8.655,15.465,22.481,301.9
1999-11-05,0.458,8.678,15.372,22.467,292.0
1999-11-06,26.612,8.129,14.065,20.845,214.3
1999-11-07,8.461,4.53,14.851,17.402,319.1
1999-11-08,5.221,9.478,13.247,21.965,309.9
1999-11-09,0.0,8.116,15.587,22.011,267.7
1999-11-10,0.285,8.226,14.546,21.367,199.1
1999-11-11,14.0,7.964,15.47,21.81,221.3
1999-11-12,4.572,4.668,15.128,17.842,202.4
1999-11-13,15.601,7.446,14.791,20.658,241.9
1999-11-14,0.0,8.549,15.448,22.505,214.7
1999-11-15,11.63,6.546,15.236,19.97,196.2
1999-11-16,0.0,9.088,14.329,22.383,209.8
1999-11-17,1.756,7.473,14.625,20.617,207.8
1999-11-18,31.924,6.648,15.242,20.133,491.7
1999-11-19,6.113,6.115,15.065,19.416,378.4
1999-11-20,2.75,6.799,14.524,19.777,315.7
1999-11-21,7.691,8.02,14.666,21.383,476.1
1999-11-22,28.343,5.75,14.989,18.948,490.7
1999-11-23,14.541,8.528,13.864,21.462,536.8
1999-11-24,9.011,5.729,13.962,18.103,576.2
1999-11-25,14.883,5.457,14.31,18.084,493.2
1999-11-26,0.537,7.969,14.565,21.312,460.6
1999-11-27,9.086,7.823,12.951,19.927,428.9
1999-11-28,0.0,7.857,13.274,20.236,324.8
1999-11-29,0.0,10.093,12.576,22.734,334.9
1999-11-30,15.776,8.794,13.103,21.408,291.5
1999-12-01,12.684,5.898,15.323,19.457,295.1
1999-12-02,0.0,7.138,15.421,20.97,274.9
1999-12-03,2.196,6.956,15.451,20.842,253.9
1999-12-04,17.337,8.123,15.269,22.133,209.9
1999-12-05,23.119,7.23,15.424,21.16,307.5
1999-12-06,0.0,8.639,14.88,22.5,242.2
1999-12-07,7.276,8.349,15.351,22.489,223.0
1999-12-08,0.0,8.566,14.84,22.383,191.7
1999-12-09,0.0,8.889,16.179,23.766,173.2
1999-12-10,24.034,7.345,15.739,21.606,191.4
1999-12-11,3.601,8.682,14.796,22.543,170.3
1999-12-12,11.315,6.046,15.859,20.166,174.9
1999-12-13,30.786,7.469,15.696,21.717,284.6
1999-12-14,0.0,6.644,14.179,19.503,222.9
1999-12-15,28.984,7.282,15.861,21.592,372.7
1999-12-16,2.305,6.312,15.538,20.215,264.9
1999-12-17,0.0,6.972,15.886,21.261,214.3
1999-12-18,0.0,7.082,15.326,20.959,330.0
1999-12-19,0.0,8.6,14.307,22.101,225.8
1999-12-20,14.548,7.757,14.802,21.427,206.6
1999-12-21,0.0,7.643,15.56,21.84,220.5
1999-12-22,11.332,7.73,15.796,22.084,286.8
1999-12-23,0.0,8.622,13.954,21.867,431.7
1999-12-24,1.013,6.964,15.37,20.812,342.3
1999-12-25,13.656,7.474,14.726,20.954,672.6
1999-12-26,0.0,9.056,13.535,22.111,318.9
1999-12-27,0.0,9.573,13.283,22.62,250.0
1999-12-28,0.0,9.16,13.514,22.234,218.3
1999-12-29,0.0,9.438,14.062,22.967,191.1
1999-12-30,0.0,9.99,13.302,23.193,174.2
1999-12-31,0.0,8.854,14.617,22.625,162.4
2000-01-01,0.0,8.556,15.736,23.024,154.9
2000-01-02,0.0,7.238,15.348,21.101,162.5
2000-01-03,0.438,7.375,15.092,21.054,215.6
2000-01-04,0.0,8.056,14.291,21.283,192.4
2000-01-05,3.574,7.165,14.856,20.603,166.8
2000-01-06,27.222,7.396,14.516,20.601,195.5
2000-01-07,3.154,4.001,15.639,17.728,389.0
2000-01-08,0.0,6.931,14.391,19.916,472.4
2000-01-09,0.0,8.239,13.595,20.943,326.6
2000-01-10,4.091,7.01,15.079,20.541,260.8
2000-01-11,0.0,7.999,14.962,21.655,282.7
2000-01-12,4.103,8.185,15.201,22.043,221.0
2000-01-13,0.0,9.705,13.72,22.899,192.8
2000-01-14,0.0,10.145,13.614,23.394,171.3
2000-01-15,7.464,7.569,14.802,21.0,179.1
2000-01-16,0.0,7.182,14.948,20.568,172.6
2000-01-17,5.124,8.54,14.168,21.633,202.7
2000-01-18,6.38,8.024,15.462,21.959,196.3
2000-01-19,0.0,9.847,13.818,23.041,164.6
2000-01-20,0.0,8.777,14.886,22.405,145.8
2000-01-21,0.0,8.373,15.59,22.408,135.7
2000-01-22,0.0,9.894,15.356,24.087,130.1
2000-01-23,0.0,9.326,15.511,23.486,124.4
2000-01-24,0.0,8.922,14.617,22.329,123.0
2000-01-25,26.065,9.672,14.53,23.179,133.8
2000-01-26,36.277,7.833,14.655,20.997,158.5
2000-01-27,31.785,9.786,14.812,23.47,135.0
2000-01-28,2.828,8.42,14.829,21.812,125.9
2000-01-29,0.719,7.071,15.111,20.372,216.3
2000-01-30,0.0,8.873,14.601,22.13,239.6
2000-01-31,0.0,8.804,14.62,22.033,189.3
2000-02-01,2.286,7.044,15.106,20.353,164.4
2000-02-02,1.598,7.138,14.584,20.0,138.6
2000-02-03,9.167,8.888,14.679,22.139,130.5
2000-02-04,5.32,9.185,14.663,22.5,125.6
2000-02-05,0.526,10.108,14.06,23.155,118.2
2000-02-06,0.0,9.663,13.821,22.405,113.6
2000-02-07,0.0,10.35,14.152,23.486,106.5
2000-02-08,0.0,11.515,12.649,23.899,98.4
2000-02-09,11.286,11.725,12.201,23.856,109.8
2000-02-10,2.605,10.888,14.516,24.31,104.6
2000-02-11,1.198,10.548,14.764,24.084,102.3
2000-02-12,16.602,10.421,14.182,23.505,123.2
2000-02-13,0.0,10.691,13.94,23.587,109.4
2000-02-14,0.0,10.63,13.128,22.938,94.9
2000-02-15,2.534,10.233,13.535,22.704,111.0
2000-02-16,1.322,8.534,14.101,21.073,118.8
2000-02-17,17.886,6.318,13.929,18.318,184.3
2000-02-18,5.34,8.894,14.641,21.793,160.8
2000-02-19,0.256,8.086,14.375,20.639,136.9
2000-02-20,39.7,8.124,13.954,20.397,180.4
2000-02-21,16.213,7.897,14.633,20.614,166.0
2000-02-22,8.985,6.869,14.655,19.478,327.9
2000-02-23,0.336,7.529,14.894,20.399,209.8
2000-02-24,22.576,7.016,15.755,20.484,283.1
2000-02-25,10.422,7.955,15.375,21.204,370.8
2000-02-26,1.721,8.159,15.397,21.432,365.0
2000-02-27,3.554,7.983,15.136,21.027,481.6
2000-02-28,2.587,9.278,15.204,22.514,374.8
2000-02-29,2.112,8.582,15.046,21.609,236.4
2000-03-01,3.867,9.559,14.538,22.332,266.3
2000-03-02,6.859,8.361,15.103,21.345,188.8
2000-03-03,3.839,9.915,15.065,23.101,188.9
2000-03-04,13.919,9.913,13.424,21.927,158.9
2000-03-05,0.929,9.497,15.413,22.848,142.9
2000-03-06,3.804,8.826,14.932,21.726,158.2
2000-03-07,6.97,9.192,14.796,22.043,225.3
2000-03-08,18.587,8.698,15.016,21.649,280.8
2000-03-09,0.22,8.609,15.859,22.171,255.2
2000-03-10,0.0,10.117,14.416,22.802,210.6
2000-03-11,3.697,10.379,14.568,23.209,152.5
2000-03-12,2.73,8.12,14.875,20.897,158.0
2000-03-13,10.765,9.358,14.617,22.046,229.2
2000-03-14,17.115,9.124,14.717,21.842,159.2
2000-03-15,0.0,11.206,14.527,24.079,150.1
2000-03-16,1.687,10.468,15.052,23.614,125.3
2000-03-17,0.0,10.305,14.69,23.166,153.8
2000-03-18,0.0,9.649,14.821,22.497,166.1
2000-03-19,0.224,9.615,14.323,22.111,279.1
2000-03-20,0.0,9.599,14.043,21.853,190.0
2000-03-21,0.408,9.099,14.739,21.783,128.5
2000-03-22,15.004,9.471,15.046,22.413,135.8
2000-03-23,16.75,8.111,15.234,21.114,158.5
2000-03-24,4.455,10.498,15.114,23.647,162.3
2000-03-25,16.308,5.834,15.255,18.679,200.9
2000-03-26,3.078,9.205,15.332,22.337,178.2
2000-03-27,0.853,10.391,15.019,23.435,192.8
2000-03-28,26.692,10.481,13.587,22.527,147.1
2000-03-29,3.721,11.139,14.505,23.938,138.9
2000-03-30,12.174,8.982,14.91,21.785,128.5
2000-03-31,2.084,10.554,14.109,23.027,131.3
2000-04-01,5.582,10.485,13.799,22.696,116.4
2000-04-02,0.0,11.896,13.261,24.027,119.1
2000-04-03,19.112,8.598,14.158,20.788,116.1
2000-04-04,0.315,9.564,13.598,21.505,142.5
2000-04-05,0.0,7.404,14.508,19.726,154.3
2000-04-06,0.715,9.283,15.111,22.283,150.6
2000-04-07,5.726,9.185,15.351,22.37,136.1
2000-04-08,10.027,10.236,15.117,23.375,139.1
2000-04-09,9.678,11.516,14.171,24.209,108.8
2000-04-10,9.823,9.824,14.837,22.717,113.3
2000-04-11,6.253,8.341,14.429,20.755,107.1
2000-04-12,29.025,5.986,15.402,19.0,120.3
2000-04-13,4.051,8.936,14.299,21.323,141.4
2000-04-14,12.763,9.242,13.959,21.473,185.2
2000-04-15,1.14,10.401,14.217,23.019,151.6
2000-04-16,12.4,9.77,13.158,21.503,141.1
2000-04-17,20.818,6.104,15.182,18.957,332.2
2000-04-18,0.0,10.298,14.997,23.478,151.9
2000-04-19,3.169,8.348,15.351,21.522,164.1
2000-04-20,2.099,7.705,14.772,20.378,127.7
2000-04-21,20.467,7.685,15.12,20.614,134.3
2000-04-22,3.559,8.951,15.264,22.19,118.1
2000-04-23,9.872,6.575,15.503,19.785,129.8
2000-04-24,5.329,6.197,15.891,19.677,116.6
2000-04-25,0.0,8.6,15.321,21.861,113.8
2000-04-26,15.293,7.879,15.473,21.152,125.2
2000-04-27,2.911,9.345,14.954,22.446,103.6
2000-04-28,0.0,10.313,14.796,23.457,105.0
2000-04-29,5.686,7.768,15.351,20.97,157.0
2000-04-30,8.381,9.016,14.609,21.853,115.7
2000-05-01,15.775,8.729,14.924,21.761,146.0
2000-05-02,1.81,10.753,13.723,23.323,112.3
2000-05-03,6.397,8.778,15.872,22.533,95.1
2000-05-04,20.492,7.424,15.234,20.565,96.3
2000-05-05,4.713,7.657,15.37,20.932,127.0
2000-05-06,14.852,7.904,15.19,21.098,262.7
2000-05-07,0.0,8.607,15.579,22.19,164.4
2000-05-08,16.527,7.327,15.315,20.546,265.7
2000-05-09,1.076,8.72,14.516,21.562,214.0
2000-05-10,4.696,8.353,15.052,21.527,124.5
2000-05-11,0.0,9.346,15.375,22.94,108.9
2000-05-12,8.071,8.632,15.84,22.489,116.8
2000-05-13,2.986,8.164,14.383,20.837,119.4
2000-05-14,9.689,7.457,15.378,20.853,112.1
2000-05-15,11.121,7.138,15.109,20.239,109.2
2000-05-16,0.524,9.647,15.592,23.573,102.7
2000-05-17,15.905,6.532,15.62,20.022,125.5
2000-05-18,0.089,8.745,15.72,22.606,114.6
2000-05-19,48.164,5.522,15.399,18.802,649.5
2000-05-20,0.0,7.667,14.644,20.552,296.7
2000-05-21,5.4,7.397,15.095,20.571,257.3
2000-05-22,12.85,8.939,15.269,22.527,185.3
2000-05-23,16.614,9.498,15.065,23.06,253.1
2000-05-24,0.62,10.145,15.071,23.87,189.9
2000-05-25,0.316,9.673,14.715,23.057,165.5
2000-05-26,1.376,10.065,15.082,23.799,155.0
2000-05-27,0.0,7.436,15.739,21.209,137.3
2000-05-28,31.133,7.559,15.356,21.054,147.5
2000-05-29,4.444,8.025,15.326,21.59,179.4
2000-05-30,6.301,6.309,14.984,19.375,267.2
2000-05-31,0.734,8.036,14.821,21.253,193.9
2000-06-01,9.822,8.17,14.842,21.427,186.4
2000-06-02,2.744,8.986,14.799,22.408,157.8
2000-06-03,1.979,10.131,14.981,23.894,135.1
2000-06-04,3.221,9.207,14.78,22.636,137.1
2000-06-05,1.763,9.413,14.769,22.889,129.2
2000-06-06,2.041,7.749,15.829,21.717,131.2
2000-06-07,4.405,7.514,14.679,20.571,227.8
2000-06-08,10.468,7.523,14.935,20.731,159.2
2000-06-09,5.449,8.692,15.128,22.291,127.3
2000-06-10,9.272,9.537,14.791,23.092,127.3
2000-06-11,1.737,9.515,15.212,23.359,117.1
2000-06-12,0.066,8.551,14.592,21.761,111.1
2000-06-13,5.22,8.11,14.41,21.095,117.3
2000-06-14,0.626,8.541,15.25,22.255,103.6
2000-06-15,13.958,8.652,14.489,21.861,126.5
2000-06-16,1.043,7.605,15.179,21.103,132.1
2000-06-17,8.426,7.066,15.111,20.397,166.7
2000-06-18,17.433,7.681,14.717,20.807,126.0
2000-06-19,3.285,8.609,15.0,22.158,109.4
2000-06-20,2.039,9.432,14.193,22.587,113.2
2000-06-21,3.988,9.489,14.247,22.696,119.9
2000-06-22,3.266,8.56,14.688,21.889,161.3
2000-06-23,18.062,6.392,14.533,19.168,173.2
2000-06-24,18.335,6.366,14.283,18.948,277.2
2000-06-25,9.917,8.191,14.533,21.302,182.4
2000-06-26,0.0,10.159,14.304,23.59,137.0
2000-06-27,0.0,10.296,13.951,23.5,120.3
2000-06-28,5.053,9.525,13.989,22.546,110.3
2000-06-29,0.071,9.924,14.891,23.685,107.1
2000-06-30,4.618,9.514,14.875,23.141,118.3
2000-07-01,0.114,9.621,14.929,23.321,99.5
2000-07-02,0.195,8.612,15.851,22.774,104.1
2000-07-03,3.08,8.582,15.193,22.234,94.1
2000-07-04,0.0,8.256,15.728,22.258,91.6
2000-07-05,6.362,8.694,15.359,22.481,92.8
2000-07-06,5.892,8.243,14.976,21.639,92.0
2000-07-07,1.196,8.406,14.261,21.307,96.8
2000-07-08,0.0,10.208,14.954,24.008,88.1
2000-07-09,5.38,10.431,14.731,24.122,80.8
2000-07-10,0.121,9.68,14.37,22.938,73.6
2000-07-11,1.956,10.308,14.193,23.601,68.7
2000-07-12,0.0,9.449,15.516,23.457,68.1
2000-07-13,0.164,9.916,15.413,23.959,68.4
2000-07-14,0.118,9.246,15.427,23.147,65.3
2000-07-15,0.042,8.67,15.783,22.723,67.0
2000-07-16,0.0,10.392,14.565,23.908,65.9
2000-07-17,1.932,8.689,15.003,22.128,65.9
2000-07-18,26.701,9.047,14.391,22.117,84.9
2000-07-19,0.272,9.666,13.918,22.5,96.6
2000-07-20,5.776,9.018,14.378,22.046,100.3
2000-07-21,4.681,7.635,14.717,20.625,184.6
2000-07-22,3.715,10.073,14.25,23.223,97.7
2000-07-23,0.0,10.179,14.848,23.75,81.9
2000-07-24,0.0,9.78,15.476,23.696,73.6
2000-07-25,7.604,7.75,14.788,20.764,65.9
2000-07-26,0.333,9.956,15.5,23.899,64.8
2000-07-27,2.293,10.005,14.804,23.446,73.1
2000-07-28,7.22,10.007,14.133,22.986,74.7
2000-07-29,0.0,9.176,14.908,22.519,64.8
2000-07-30,3.403,9.64,13.505,22.079,67.0
2000-07-31,0.695,9.915,14.198,22.875,67.6
2000-08-01,3.051,9.492,14.293,22.416,62.6
2000-08-02,2.939,8.655,14.413,21.486,68.7
2000-08-03,2.371,10.418,13.274,22.804,61.0
2000-08-04,9.214,7.446,14.832,20.364,83.9
2000-08-05,0.0,8.955,13.957,21.492,65.9
2000-08-06,1.383,9.358,14.391,22.277,63.2
2000-08-07,1.283,9.902,13.736,22.418,56.6
2000-08-08,5.767,9.947,14.478,22.986,65.4
2000-08-09,0.0,8.557,15.149,21.812,56.6
2000-08-10,7.151,10.286,15.101,23.81,56.6
2000-08-11,5.658,10.265,14.693,23.476,56.1
2000-08-12,0.0,11.727,13.587,24.47,53.5
2000-08-13,0.0,10.317,14.592,23.448,48.8
2000-08-14,0.0,10.481,13.598,22.913,50.9
2000-08-15,0.0,11.922,12.59,24.005,49.3
2000-08-16,0.11,9.834,15.266,23.291,48.8
2000-08-17,0.0,10.301,14.253,23.144,51.9
2000-08-18,1.695,9.835,14.802,22.943,49.8
2000-08-19,0.378,10.361,14.649,23.476,47.3
2000-08-20,0.0,11.187,14.117,24.06,44.2
2000-08-21,0.0,10.732,15.082,24.168,45.8
2000-08-22,0.0,11.585,14.399,24.688,43.7
2000-08-23,0.227,10.399,14.198,23.109,42.2
2000-08-24,0.739,10.043,15.378,23.541,41.2
2000-08-25,13.358,8.678,15.046,21.72,45.8
2000-08-26,11.493,9.994,15.56,23.625,49.3
2000-08-27,0.0,10.693,14.649,23.761,47.8
2000-08-28,0.0,9.494,14.954,22.576,43.2
2000-08-29,0.452,10.069,14.041,22.59,65.3
2000-08-30,0.0,10.081,15.334,23.522,63.7
2000-08-31,22.939,9.248,14.391,21.867,58.2
2000-09-01,1.973,8.835,15.285,22.049,56.6
2000-09-02,9.782,8.458,15.644,21.891,56.6
2000-09-03,1.311,9.56,15.174,22.783,55.0
2000-09-04,27.639,7.077,14.201,19.266,108.2
2000-09-05,2.192,7.424,14.522,19.837,94.8
2000-09-06,5.525,9.872,14.467,22.598,67.2
2000-09-07,24.963,9.518,13.927,21.807,236.8
2000-09-08,0.334,11.224,13.09,23.258,102.0
2000-09-09,4.0,8.214,15.546,21.546,84.7
2000-09-10,16.715,6.444,15.043,19.201,126.3
2000-09-11,0.156,9.901,14.535,22.698,91.3
2000-09-12,0.0,12.044,12.845,24.079,74.4
2000-09-13,0.298,10.752,15.516,24.386,67.6
2000-09-14,0.0,8.896,14.535,21.541,70.3
2000-09-15,4.68,8.01,15.264,21.073,72.5
2000-09-16,0.13,10.683,14.193,23.378,63.7
2000-09-17,10.829,9.88,13.168,21.674,58.8
2000-09-18,0.0,8.702,13.736,20.707,59.3
2000-09-19,6.878,11.009,14.307,23.834,57.1
2000-09-20,4.886,7.959,14.88,20.715,62.1
2000-09-21,0.0,10.703,14.054,23.288,59.9
2000-09-22,13.665,9.845,14.345,22.497,51.9
2000-09-23,7.772,9.778,13.766,22.022,113.7
2000-09-24,6.72,8.678,15.147,21.723,205.4
2000-09-25,17.883,10.492,14.709,23.522,111.0
2000-09-26,4.398,8.902,14.533,21.549,108.0
2000-09-27,7.913,7.513,15.546,20.772,89.3
2000-09-28,4.557,7.436,15.098,20.397,102.5
2000-09-29,30.877,6.869,14.938,19.655,96.0
2000-09-30,8.078,8.688,14.666,21.459,126.0
2000-10-01,2.906,9.053,14.745,21.935,134.7
2000-10-02,5.117,9.447,13.432,21.459,146.6
2000-10-03,12.692,9.1,14.12,21.554,107.1
2000-10-04,10.578,9.037,14.185,21.5,104.7
2000-10-05,0.0,10.053,13.753,22.443,97.8
2000-10-06,2.179,9.726,13.41,21.837,80.8
2000-10-07,1.754,10.224,13.823,22.726,78.5
2000-10-08,6.446,9.319,14.272,21.967,76.9
2000-10-09,0.212,8.805,14.37,21.443,66.5
2000-10-10,1.388,10.442,14.717,23.639,63.7
2000-10-11,5.526,9.164,15.071,22.389,59.9
2000-10-12,0.0,8.936,14.345,21.636,56.1
2000-10-13,0.111,9.309,15.122,22.658,55.6
2000-10-14,6.021,8.961,15.454,22.503,53.0
2000-10-15,4.016,9.154,13.992,21.66,49.3
2000-10-16,1.942,9.534,15.027,22.891,73.2
2000-10-17,3.79,10.719,14.264,23.785,55.1
2000-10-18,7.444,11.277,13.834,24.196,51.9
2000-10-19,6.901,10.095,14.88,23.503,49.8
2000-10-20,2.164,10.349,13.408,22.81,48.6
2000-10-21,13.543,8.758,14.592,21.774,62.1
2000-10-22,14.587,7.54,15.37,20.935,74.2
2000-10-23,6.048,6.899,15.318,20.168,64.3
2000-10-24,12.685,5.612,15.19,18.682,87.6
2000-10-25,9.368,7.96,14.796,20.984,131.1
2000-10-26,6.093,8.764,14.524,21.777,85.8
2000-10-27,6.726,8.265,15.114,21.622,73.6
2000-10-28,6.479,9.482,15.204,23.204,85.4
2000-10-29,12.571,8.782,14.052,21.549,65.3
2000-10-30,12.61,7.001,15.345,20.397,127.2
2000-10-31,6.204,7.399,14.557,20.228,92.7
2000-11-01,40.316,6.057,15.959,19.872,121.1
2000-11-02,15.95,5.884,15.554,19.383,212.5
2000-11-03,1.431,9.912,14.337,23.185,179.0
2000-11-04,4.778,7.351,15.101,20.66,111.1
2000-11-05,5.656,9.429,14.929,23.052,165.5
2000-11-06,25.696,8.708,15.543,22.639,334.4
2000-11-07,0.852,5.839,15.56,19.405,440.3
2000-11-08,10.263,8.669,14.024,21.549,347.4
2000-11-09,1.852,10.044,13.837,23.16,298.9
2000-11-10,6.665,8.275,15.106,21.867,203.7
2000-11-11,9.837,5.742,15.215,19.035,357.9
2000-11-12,3.735,9.885,14.323,23.332,296.1
2000-11-13,0.0,9.071,13.856,22.016,200.0
2000-11-14,6.79,7.578,15.312,21.234,259.4
2000-11-15,0.0,7.249,14.31,20.09,277.7
2000-11-16,0.0,7.696,14.913,21.147,214.3
2000-11-17,7.559,4.697,15.37,18.106,175.3
2000-11-18,31.103,7.887,14.696,21.234,176.2
2000-11-19,14.741,8.77,14.913,22.505,237.0
2000-11-20,5.87,8.5,14.658,22.033,329.3
2000-11-21,0.0,10.739,13.674,24.188,174.1
2000-11-22,12.755,9.621,13.728,22.785,139.8
2000-11-23,0.0,9.046,13.772,22.095,139.7
2000-11-24,0.0,9.451,13.948,22.753,132.4
2000-11-25,0.14,8.193,15.861,22.562,118.3
2000-11-26,0.0,9.968,12.957,22.769,123.1
2000-11-27,10.867,8.606,13.22,21.182,107.6
2000-11-28,0.231,8.838,13.47,21.693,101.2
2000-11-29,3.142,6.932,14.514,20.027,108.2
2000-11-30,0.11,7.572,13.266,19.894,96.6
2000-12-01,0.0,10.068,15.188,24.503,90.4
2000-12-02,2.914,9.075,14.641,22.864,87.0
2000-12-03,3.858,8.715,14.671,22.511,93.8
2000-12-04,0.0,9.095,14.234,22.636,94.9
2000-12-05,0.699,9.19,15.236,23.481,83.0
2000-12-06,0.268,8.408,15.022,22.364,81.9
2000-12-07,0.73,6.341,15.269,20.03,85.3
2000-12-08,4.771,9.266,14.573,23.106,79.7
2000-12-09,0.0,9.471,15.079,23.736,67.6
2000-12-10,13.259,9.172,15.595,23.726,69.8
2000-12-11,21.451,9.179,14.94,23.291,70.3
2000-12-12,0.0,8.961,15.171,23.179,70.3
2000-12-13,0.0,11.032,13.34,24.633,67.0
2000-12-14,0.19,8.197,13.788,21.245,70.6
2000-12-15,0.872,9.242,13.734,22.533,84.7
2000-12-16,0.0,5.744,15.247,19.293,87.7
2000-12-17,0.227,8.399,14.552,22.003,105.9
2000-12-18,0.318,7.535,14.834,21.101,129.9
2000-12-19,0.655,7.367,15.054,21.071,200.3
2000-12-20,12.495,7.379,15.429,21.38,236.9
2000-12-21,0.0,9.741,14.258,23.527,134.8
2000-12-22,0.0,10.496,13.88,24.285,110.3
2000-12-23,3.797,9.908,14.617,23.997,95.5
2000-12-24,4.084,8.882,14.927,22.878,88.1
2000-12-25,3.581,7.542,15.399,21.562,84.7
2000-12-26,0.0,9.762,13.81,23.242,85.3
2000-12-27,9.01,7.844,14.701,21.394,87.4
2000-12-28,0.132,8.412,14.734,22.163,101.7
2000-12-29,47.662,6.857,13.886,19.552,157.3
2000-12-30,1.035,8.531,14.807,22.299,107.4
2000-12-31,0.773,8.482,14.611,22.111,87.0
2001-01-01,1.807,8.817,14.864,22.726,81.9
2001-01-02,1.678,10.36,13.329,23.644,81.3
2001-01-03,0.0,10.165,12.668,22.94,74.7
2001-01-04,1.659,10.452,12.962,23.527,73.6
2001-01-05,0.0,8.042,15.258,21.984,80.8
2001-01-06,4.686,8.848,15.247,23.011,78.0
2001-01-07,0.0,9.712,14.606,23.606,69.8
2001-01-08,0.0,10.591,13.633,24.087,66.5
2001-01-09,14.286,10.661,12.375,23.318,69.2
2001-01-10,1.903,8.656,14.125,21.883,130.1
2001-01-11,0.0,9.464,14.484,23.171,85.3
2001-01-12,0.83,10.099,13.524,23.315,73.1
2001-01-13,9.177,9.249,13.655,22.261,68.7
2001-01-14,0.519,10.431,13.75,23.837,65.4
2001-01-15,0.568,10.399,13.802,23.812,66.5
2001-01-16,2.567,10.12,13.288,23.09,61.0
2001-01-17,33.727,6.983,14.171,19.707,115.6
2001-01-18,0.855,8.159,13.986,21.014,71.4
2001-01-19,0.076,7.948,14.688,21.291,64.8
2001-01-20,1.235,7.948,14.144,20.851,123.2
2001-01-21,0.0,9.3,13.897,22.361,81.9
2001-01-22,6.392,9.18,12.514,21.242,88.3
2001-01-23,15.754,7.998,13.438,20.348,118.0
2001-01-24,0.407,9.117,14.087,22.212,89.6
2001-01-25,0.0,10.368,13.696,23.478,70.8
2001-01-26,0.0,8.79,14.486,22.024,64.8
2001-01-27,0.0,10.079,13.315,22.807,64.8
2001-01-28,0.0,10.987,13.109,23.796,58.8
2001-01-29,0.0,9.403,14.386,22.666,58.8
2001-01-30,0.116,11.873,11.793,24.065,56.1
2001-01-31,0.0,11.031,12.984,23.704,55.0
2001-02-01,0.584,8.98,14.356,22.071,51.9
2001-02-02,10.071,9.008,14.12,21.894,50.9
2001-02-03,4.969,9.157,14.092,22.041,78.1
2001-02-04,10.849,8.585,14.685,21.761,62.6
2001-02-05,0.0,10.773,14.041,23.957,57.7
2001-02-06,0.0,11.408,14.109,24.755,54.0
2001-02-07,0.692,10.367,15.003,24.068,48.8
2001-02-08,6.745,10.829,14.625,24.329,49.8
2001-02-09,0.028,10.678,14.288,23.891,47.8
2001-02-10,11.146,11.673,13.658,24.674,50.9
2001-02-11,0.331,11.892,13.076,24.535,47.8
2001-02-12,0.047,12.29,13.579,25.329,45.3
2001-02-13,0.384,12.716,13.967,26.076,43.2
2001-02-14,13.004,11.598,14.935,25.367,42.7
2001-02-15,0.0,10.486,15.541,24.405,44.2
2001-02-16,23.802,9.733,15.576,23.527,42.7
2001-02-17,0.0,10.284,15.117,23.829,45.8
2001-02-18,0.243,11.009,14.364,24.16,43.7
2001-02-19,0.355,11.672,13.764,24.53,44.2
2001-02-20,15.506,10.058,14.644,23.166,48.5
2001-02-21,23.39,7.579,16.024,21.342,114.2
2001-02-22,0.0,7.749,15.774,21.351,84.9
2001-02-23,4.792,8.592,15.391,21.951,120.3
2001-02-24,0.0,9.563,14.663,22.56,79.3
2001-02-25,0.0,10.161,14.231,22.916,60.4
2001-02-26,1.624,5.425,15.033,18.264,57.1
2001-02-27,0.0,9.17,15.198,22.418,110.3
2001-02-28,0.0,8.682,16.095,22.522,79.0
2001-03-01,0.0,9.789,14.652,22.69,81.0
2001-03-02,0.323,9.981,14.693,22.924,70.0
2001-03-03,0.944,11.112,14.938,24.451,62.5
2001-03-04,0.292,7.034,15.312,20.052,72.3
2001-03-05,23.09,8.092,14.405,20.508,100.0
2001-03-06,13.705,9.722,14.432,22.383,80.8
2001-03-07,0.781,9.267,15.209,22.44,66.6
2001-03-08,4.591,9.249,14.804,22.09,64.3
2001-03-09,15.95,9.819,15.832,23.484,69.1
2001-03-10,3.853,9.684,14.31,22.215,83.0
2001-03-11,0.0,10.783,14.981,23.981,117.6
2001-03-12,0.0,11.845,13.87,24.446,79.1
2001-03-13,0.0,12.201,13.886,24.867,68.1
2001-03-14,18.976,7.984,15.34,21.046,68.7
2001-03-15,2.887,9.597,15.326,22.815,67.3
2001-03-16,11.565,8.066,15.087,20.91,111.2
2001-03-17,0.27,7.978,15.247,20.918,127.3
2001-03-18,13.359,7.718,15.204,20.658,91.6
2001-03-19,10.3,8.583,15.149,21.522,90.4
2001-03-20,2.153,11.629,13.878,24.139,90.4
2001-03-21,11.713,6.236,15.766,19.568,212.1
2001-03-22,2.989,9.315,14.56,21.905,114.4
2001-03-23,8.473,8.696,14.353,21.033,124.6
2001-03-24,4.796,10.016,13.688,22.06,91.7
2001-03-25,1.91,8.676,15.147,21.606,82.4
2001-03-26,4.689,9.938,14.207,22.386,77.5
2001-03-27,2.232,10.414,13.793,22.622,72.5
2001-03-28,0.572,12.207,13.777,24.701,70.7
2001-03-29,10.357,8.809,15.5,22.027,99.3
2001-03-30,1.36,10.891,13.696,23.12,87.4
2001-03-31,5.053,11.819,13.685,24.188,68.1
2001-04-01,5.741,12.205,12.625,23.948,63.2
2001-04-02,0.0,11.514,13.652,23.815,60.4
2001-04-03,1.228,10.829,13.832,23.136,56.6
2001-04-04,0.0,10.962,14.44,23.723,58.8
2001-04-05,1.989,9.359,15.158,22.38,56.6
2001-04-06,4.309,10.458,15.576,23.946,57.7
2001-04-07,12.397,7.705,16.312,21.443,59.3
2001-04-08,0.331,10.449,15.348,23.793,65.3
2001-04-09,1.849,8.65,15.842,22.149,65.3
2001-04-10,2.365,11.023,14.234,23.671,58.2
2001-04-11,0.183,9.102,15.342,22.258,54.5
2001-04-12,12.584,10.483,13.981,22.886,62.6
2001-04-13,0.813,9.011,14.826,21.812,60.0
2001-04-14,14.702,8.776,14.976,21.658,58.0
2001-04-15,9.305,9.953,15.103,23.101,65.1
2001-04-16,5.005,9.545,15.136,22.649,70.3
2001-04-17,10.277,5.666,15.489,18.734,73.6
2001-04-18,0.448,10.963,14.405,23.837,66.0
2001-04-19,21.516,7.552,15.255,20.562,92.3
2001-04-20,3.276,10.719,14.87,23.905,72.8
2001-04-21,0.402,11.647,14.13,24.47,60.4
2001-04-22,12.908,8.795,14.261,21.245,70.7
2001-04-23,3.655,6.31,14.793,18.935,80.6
2001-04-24,2.76,10.274,14.37,23.057,61.0
2001-04-25,0.343,9.927,14.791,22.986,63.4
2001-04-26,0.02,11.097,16.098,25.253,56.1
2001-04-27,0.0,11.458,15.56,25.302,54.0
2001-04-28,2.735,10.062,15.924,23.959,49.3
2001-04-29,12.433,8.965,15.663,22.53,50.4
2001-04-30,0.173,8.921,15.94,22.726,47.8
2001-05-01,0.0,9.527,15.834,23.337,54.5
2001-05-02,6.092,8.918,15.976,22.796,87.7
2001-05-03,12.404,7.53,15.062,20.478,85.6
2001-05-04,9.879,8.684,15.236,21.959,70.7
2001-05-05,8.796,8.991,15.223,22.321,71.8
2001-05-06,4.144,9.316,15.75,23.13,68.8
2001-05-07,7.152,9.174,15.796,22.97,61.5
2001-05-08,28.224,5.298,16.334,19.253,99.5
2001-05-09,4.301,8.268,15.766,21.943,125.0
2001-05-10,4.216,7.959,16.614,22.25,76.2
2001-05-11,0.0,10.934,15.03,24.562,65.4
2001-05-12,0.508,10.318,15.579,24.226,58.5
2001-05-13,15.628,9.135,15.562,22.856,81.3
2001-05-14,0.254,9.932,14.81,23.264,84.3
2001-05-15,3.805,8.693,15.916,22.636,73.0
2001-05-16,6.743,8.436,15.47,22.022,81.0
2001-05-17,0.311,10.793,14.842,24.38,63.7
2001-05-18,0.501,9.608,16.114,23.867,56.6
2001-05-19,14.821,7.631,15.497,21.147,57.2
2001-05-20,5.996,8.301,15.53,21.965,63.2
2001-05-21,16.975,7.008,15.242,20.242,63.2
2001-05-22,0.0,9.317,14.092,22.128,64.3
2001-05-23,7.723,9.811,14.424,23.003,59.2
2001-05-24,2.507,8.239,13.788,20.644,86.1
2001-05-25,0.252,10.154,13.359,22.685,71.7
2001-05-26,10.524,6.029,15.079,19.111,73.1
2001-05-27,3.481,8.17,14.736,21.296,87.3
2001-05-28,10.796,8.46,15.147,21.957,71.6
2001-05-29,0.847,9.281,15.22,22.97,70.9
2001-05-30,4.176,9.233,14.693,22.546,84.7
2001-05-31,4.533,9.042,15.489,22.913,69.2
2001-06-01,1.5,7.837,15.084,21.207,104.4
2001-06-02,6.593,7.19,14.215,19.78,138.3
2001-06-03,16.855,7.326,13.511,19.408,113.0
2001-06-04,2.229,9.902,13.579,22.647,79.7
2001-06-05,0.417,9.296,13.639,21.94,75.3
2001-06-06,7.913,9.469,13.772,22.264,84.6
2001-06-07,1.087,10.59,13.139,23.245,62.6
2001-06-08,0.485,9.968,14.062,23.092,61.5
2001-06-09,1.026,8.315,15.872,22.408,61.0
2001-06-10,0.285,9.576,14.992,23.274,57.7
2001-06-11,1.137,8.018,14.72,21.188,56.6
2001-06-12,5.605,8.637,14.405,21.726,69.2
2001-06-13,9.224,8.871,13.636,21.462,70.3
2001-06-14,3.429,9.683,13.796,22.609,63.2
2001-06-15,1.857,9.063,14.87,22.59,58.2
2001-06-16,5.433,9.589,14.674,23.109,57.7
2001-06-17,5.026,9.354,14.37,22.601,55.0
2001-06-18,2.766,9.509,14.508,22.891,59.9
2001-06-19,0.116,8.369,15.057,21.894,58.8
2001-06-20,0.106,8.564,15.492,22.462,54.5
2001-06-21,4.703,9.774,14.302,23.109,55.6
2001-06-22,0.0,10.75,13.867,24.016,53.5
2001-06-23,0.0,7.26,13.851,19.649,49.8
2001-06-24,0.0,9.987,14.095,23.209,47.8
2001-06-25,0.0,9.943,15.266,23.97,45.8
2001-06-26,0.0,11.42,15.253,25.774,43.2
2001-06-27,2.854,11.172,15.402,25.579,41.7
2001-06-28,0.0,9.91,14.69,23.527,40.3
2001-06-29,6.419,7.444,15.644,21.25,39.8
2001-06-30,0.172,9.541,15.402,23.573,41.7
2001-07-01,0.246,9.614,15.427,23.679,41.2
2001-07-02,0.0,10.12,15.109,24.054,41.2
2001-07-03,0.0,9.35,16.598,24.196,40.7
2001-07-04,7.795,9.544,16.524,24.356,39.3
2001-07-05,0.04,10.692,15.071,24.728,38.9
2001-07-06,10.096,8.232,15.764,22.231,39.8
2001-07-07,0.737,9.303,15.872,23.601,38.9
2001-07-08,4.85,10.139,15.679,24.454,39.8
2001-07-09,2.391,6.535,15.56,20.092,41.2
2001-07-10,9.257,9.323,15.533,23.356,42.2
2001-07-11,10.415,9.474,14.486,22.788,52.4
2001-07-12,2.022,7.918,15.473,21.606,41.2
2001-07-13,1.566,7.898,14.549,20.861,41.2
2001-07-14,0.193,9.98,14.264,23.193,39.8
2001-07-15,5.628,7.942,14.677,21.049,41.2
2001-07-16,0.0,10.43,14.546,23.951,39.3
2001-07-17,2.652,10.274,14.258,23.552,43.2
2001-07-18,9.269,10.873,14.462,24.399,45.3
2001-07-19,7.836,7.627,15.408,21.16,41.2
2001-07-20,1.403,8.364,15.011,21.726,38.9
2001-07-21,4.936,8.058,15.152,21.462,43.7
2001-07-22,5.31,8.862,14.541,21.981,42.2
2001-07-23,1.108,9.278,14.75,22.592,51.4
2001-07-24,0.0,11.875,12.671,24.394,41.2
2001-07-25,0.0,11.178,13.837,24.283,37.5
2001-07-26,0.362,8.376,14.943,21.652,34.2
2001-07-27,0.084,11.402,12.992,23.962,35.6
2001-07-28,9.374,8.11,13.886,20.484,37.0
2001-07-29,0.0,10.712,13.837,23.636,38.9
2001-07-30,2.929,9.503,13.658,21.981,43.7
2001-07-31,1.308,9.401,15.139,22.921,36.5
2001-08-01,0.119,10.067,15.891,24.245,34.2
2001-08-02,0.073,9.94,15.22,23.582,34.2
2001-08-03,0.0,9.706,14.34,22.677,33.1
2001-08-04,2.155,9.761,14.364,22.745,33.5
2001-08-05,0.0,9.533,14.685,22.693,32.3
2001-08-06,0.0,9.659,15.413,23.356,32.7
2001-08-07,0.0,10.808,15.543,24.783,32.0
2001-08-08,0.0,10.963,15.215,24.734,31.2
2001-08-09,0.0,11.842,14.424,25.247,31.6
2001-08-10,0.0,10.155,14.465,23.198,30.5
2001-08-11,0.0,10.531,15.753,24.543,29.7
2001-08-12,0.0,10.859,15.804,24.957,28.6
2001-08-13,0.497,7.328,16.092,21.122,30.5
2001-08-14,0.0,10.676,15.076,24.193,29.7
2001-08-15,0.029,10.755,15.245,24.383,28.6
2001-08-16,0.0,11.309,15.103,24.932,29.0
2001-08-17,0.0,11.489,15.587,25.478,27.9
2001-08-18,0.088,9.294,16.196,23.345,28.6
2001-08-19,0.0,10.89,16.06,25.087,27.6
2001-08-20,0.0,11.824,15.851,26.0,27.2
2001-08-21,0.0,11.558,15.938,25.742,26.6
2001-08-22,13.131,9.311,16.505,23.554,27.2
2001-08-23,0.618,9.566,14.307,22.234,26.9
2001-08-24,0.0,9.421,13.709,21.628,26.9
2001-08-25,3.366,8.941,14.274,21.459,27.2
2001-08-26,1.112,10.609,13.682,23.016,28.6
2001-08-27,7.725,12.382,13.804,25.204,26.6
2001-08-28,0.454,11.32,14.747,24.557,26.6
2001-08-29,0.215,11.359,14.758,24.611,25.6
2001-08-30,0.0,10.054,14.587,22.943,26.2
2001-08-31,0.542,10.793,14.965,24.079,24.5
2001-09-01,5.275,9.674,15.446,23.111,24.2
2001-09-02,0.0,9.429,14.435,22.09,23.5
2001-09-03,0.946,11.182,14.87,24.465,24.2
2001-09-04,0.159,9.608,15.649,23.177,23.5
2001-09-05,0.0,11.131,15.109,24.535,23.5
2001-09-06,14.541,9.819,15.584,23.375,22.5
2001-09-07,0.898,10.473,12.573,22.022,22.5
2001-09-08,3.623,10.067,13.408,22.09,25.9
2001-09-09,1.469,11.602,13.701,24.141,31.6
2001-09-10,5.557,10.035,14.253,22.639,26.6
2001-09-11,1.023,10.337,14.375,23.101,30.1
2001-09-12,24.148,8.256,15.266,21.375,39.4
2001-09-13,2.492,9.572,14.774,22.457,46.3
2001-09-14,26.703,6.42,14.579,18.791,68.1
2001-09-15,0.0,8.515,15.269,21.62,55.6
2001-09-16,2.713,13.955,10.549,24.984,39.9
2001-09-17,1.543,12.074,13.571,24.606,40.3
2001-09-18,23.706,9.805,14.326,22.418,48.3
2001-09-19,4.903,8.322,14.606,20.913,84.9
2001-09-20,14.382,9.771,14.688,22.663,56.7
2001-09-21,7.145,9.626,14.712,22.516,42.2
2001-09-22,3.841,11.471,14.027,24.217,43.7
2001-09-23,7.796,9.808,15.087,23.005,46.3
2001-09-24,4.548,10.375,15.261,23.78,46.8
2001-09-25,0.104,11.976,13.073,24.19,34.2
2001-09-26,0.0,10.394,14.693,23.424,33.9
2001-09-27,15.61,7.209,15.416,20.359,36.5
2001-09-28,7.466,9.87,15.462,23.361,49.9
2001-09-29,0.343,10.754,14.62,23.81,40.7
2001-09-30,1.041,10.478,14.467,23.375,39.8
2001-10-01,0.0,11.705,13.367,24.139,40.7
2001-10-02,0.0,11.188,14.652,24.37,38.4
2001-10-03,1.519,9.232,15.019,22.334,37.0
2001-10-04,0.0,10.315,14.864,23.481,36.1
2001-10-05,9.762,9.584,14.503,22.413,37.5
2001-10-06,7.726,10.123,14.576,23.103,34.7
2001-10-07,2.351,7.536,14.484,20.03,36.1
2001-10-08,0.39,9.447,14.948,22.609,31.2
2001-10-09,2.772,8.614,14.802,21.543,29.7
2001-10-10,10.82,9.174,13.454,21.228,37.9
2001-10-11,5.646,10.0,14.682,23.092,35.1
2001-10-12,0.0,11.79,14.761,25.312,34.7
2001-10-13,4.032,10.504,15.88,24.579,32.7
2001-10-14,10.136,9.876,14.995,23.217,31.6
2001-10-15,5.133,7.781,15.973,21.568,36.1
2001-10-16,18.622,7.012,15.533,20.386,36.1
2001-10-17,2.063,8.188,15.049,21.318,64.6
2001-10-18,5.308,8.808,14.37,21.56,70.3
2001-10-19,1.037,11.313,15.326,25.25,55.6
2001-10-20,6.257,10.153,15.554,24.065,43.2
2001-10-21,5.374,8.17,14.883,21.283,52.4
2001-10-22,1.089,7.697,15.147,20.929,55.3
2001-10-23,11.509,8.025,15.022,21.231,135.9
2001-10-24,19.377,8.797,14.527,21.774,119.2
2001-10-25,0.0,11.166,15.193,25.111,95.0
2001-10-26,2.089,10.532,14.446,23.832,58.2
2001-10-27,23.366,6.437,15.057,19.478,100.3
2001-10-28,0.0,10.466,14.579,23.899,68.1
2001-10-29,1.741,9.927,15.704,24.046,58.8
2001-10-30,2.899,6.753,16.307,20.875,88.1
2001-10-31,16.83,7.713,15.196,21.079,93.0
2001-11-01,6.897,8.156,14.041,20.761,104.0
2001-11-02,0.0,6.539,14.533,19.226,166.3
2001-11-03,0.0,11.208,12.522,23.579,115.6
2001-11-04,0.0,9.886,13.948,22.894,81.3
2001-11-05,0.0,10.458,14.332,23.916,67.6
2001-11-06,0.657,9.104,15.524,23.101,59.9
2001-11-07,0.0,10.103,15.41,24.274,57.7
2001-11-08,3.638,9.562,14.995,23.321,54.0
2001-11-09,2.024,9.233,14.122,22.326,47.8
2001-11-10,0.0,9.423,13.492,22.114,42.7
2001-11-11,6.534,8.629,15.685,22.745,40.3
2001-11-12,2.236,8.128,15.462,22.043,48.3
2001-11-13,11.221,9.098,14.565,22.56,52.4
2001-11-14,25.28,6.663,15.633,20.435,78.7
2001-11-15,12.646,6.609,15.312,20.114,70.8
2001-11-16,2.479,10.313,14.293,23.935,55.0
2001-11-17,5.239,9.695,14.655,23.427,49.3
2001-11-18,15.382,9.511,14.171,22.878,51.4
2001-11-19,1.978,9.39,14.981,23.334,61.0
2001-11-20,1.348,8.481,14.785,22.043,59.9
2001-11-21,6.006,6.823,15.524,20.644,76.7
2001-11-22,7.762,7.559,15.332,21.34,101.7
2001-11-23,0.0,8.966,14.894,22.78,59.9
2001-11-24,4.79,8.934,14.818,22.736,56.6
2001-11-25,14.072,8.208,14.198,21.367,59.3
2001-11-26,10.599,5.959,15.726,19.837,131.4
2001-11-27,3.222,7.748,14.75,21.185,158.3
2001-11-28,20.678,7.744,15.641,21.883,191.6
2001-11-29,22.793,6.43,15.06,19.867,246.9
2001-11-30,6.187,8.416,15.25,22.418,217.7
2001-12-01,15.265,5.463,15.889,19.454,342.7
2001-12-02,0.0,8.342,15.427,22.5,399.2
2001-12-03,0.0,10.096,14.644,24.163,265.3
2001-12-04,0.0,9.672,13.976,23.174,202.9
2001-12-05,0.0,10.081,14.163,23.87,154.2
2001-12-06,0.0,9.636,14.554,23.554,116.1
2001-12-07,9.559,9.016,15.223,23.274,112.3
2001-12-08,17.15,8.624,15.519,22.997,125.7
2001-12-09,20.71,7.717,15.435,21.799,312.6
2001-12-10,0.0,9.022,15.677,23.598,162.7
2001-12-11,0.0,9.278,16.228,24.334,122.2
2001-12-12,1.799,9.985,15.332,24.59,109.4
2001-12-13,26.263,4.742,16.011,18.834,184.2
2001-12-14,0.0,9.03,14.812,22.986,124.1
2001-12-15,0.0,8.724,16.848,24.109,107.6
2001-12-16,0.0,8.823,16.179,23.739,101.8
2001-12-17,1.501,8.334,16.44,23.342,100.1
2001-12-18,25.448,6.946,16.158,21.451,175.2
2001-12-19,8.369,7.066,16.34,21.704,117.9
2001-12-20,4.46,9.425,15.758,24.196,98.9
2001-12-21,7.874,7.181,15.753,21.44,106.5
2001-12-22,2.92,9.411,15.5,23.978,119.1
2001-12-23,0.0,9.216,16.427,24.399,95.5
2001-12-24,13.875,5.83,16.935,20.796,93.8
2001-12-25,0.059,8.666,15.234,22.861,95.5
2001-12-26,11.75,8.409,14.196,21.758,87.5
2001-12-27,0.0,8.384,15.834,22.91,107.7
2001-12-28,0.0,9.892,14.098,23.595,80.8
2001-12-29,2.773,8.75,16.658,23.981,80.3
2001-12-30,11.121,8.619,15.796,23.19,116.0
2001-12-31,0.0,9.621,15.557,24.299,74.7
2002-01-01,0.0,9.242,15.484,23.742,76.9
2002-01-02,0.0,10.592,15.106,25.188,78.0
2002-01-03,0.076,9.079,14.337,22.701,75.3
2002-01-04,0.0,8.581,14.913,22.451,64.3
2002-01-05,0.0,10.728,13.948,24.519,59.3
2002-01-06,0.0,10.304,13.997,24.0,58.2
2002-01-07,0.25,8.901,15.345,23.133,66.5
2002-01-08,7.437,8.984,14.81,22.812,177.0
2002-01-09,0.0,9.015,15.432,23.296,109.4
2002-01-10,0.0,10.063,14.231,23.764,96.1
2002-01-11,0.0,10.038,14.473,23.891,87.0
2002-01-12,0.0,7.938,14.938,21.56,74.2
2002-01-13,4.481,7.317,15.511,21.231,79.2
2002-01-14,0.0,8.798,14.535,22.315,95.8
2002-01-15,0.0,10.262,12.894,23.043,78.0
2002-01-16,0.0,10.305,14.179,23.935,65.4
2002-01-17,2.742,10.606,13.709,23.995,67.0
2002-01-18,0.0,9.624,13.848,22.796,62.6
2002-01-19,0.0,9.512,14.503,23.106,59.3
2002-01-20,6.089,9.827,14.226,23.293,57.1
2002-01-21,9.58,9.259,14.435,22.69,61.0
2002-01-22,0.029,9.339,14.97,23.128,56.1
2002-01-23,0.0,10.354,15.448,24.707,54.0
2002-01-24,8.085,10.063,16.046,24.747,51.9
2002-01-25,0.0,9.929,15.793,24.38,55.6
2002-01-26,0.349,8.586,15.573,22.565,54.5
2002-01-27,0.0,10.538,14.785,24.386,51.9
2002-01-28,0.445,10.669,16.003,25.38,49.8
2002-01-29,0.0,10.344,15.984,24.935,49.8
2002-01-30,17.7,8.806,15.867,22.962,53.5
2002-01-31,9.199,9.927,15.133,23.783,48.3
2002-02-01,0.082,10.484,15.448,24.666,48.3
2002-02-02,0.0,9.389,15.503,23.337,46.8
2002-02-03,20.08,9.026,15.351,22.772,44.7
2002-02-04,9.423,7.815,15.394,21.37,59.3
2002-02-05,0.0,10.606,14.959,24.375,49.3
2002-02-06,0.0,9.954,15.997,24.307,45.3
2002-02-07,0.0,9.024,15.818,23.027,42.7
2002-02-08,0.0,9.209,15.158,22.783,40.7
2002-02-09,0.0,7.028,15.543,20.549,44.7
2002-02-10,0.0,9.154,14.215,22.019,41.7
2002-02-11,0.254,10.137,14.688,23.492,43.2
2002-02-12,7.849,11.16,14.478,24.552,40.3
2002-02-13,7.835,10.2,14.815,23.639,47.8
2002-02-14,2.413,10.667,14.043,23.655,42.7
2002-02-15,0.0,10.059,14.37,23.071,41.7
2002-02-16,0.0,10.456,15.378,24.258,44.2
2002-02-17,0.0,10.344,15.715,24.334,42.3
2002-02-18,0.21,10.554,15.88,24.666,38.9
2002-02-19,9.762,9.615,15.701,23.427,37.9
2002-02-20,0.0,10.69,15.416,24.476,36.1
2002-02-21,1.359,10.773,14.916,24.198,34.2
2002-02-22,4.112,9.772,16.25,23.97,33.8
2002-02-23,0.0,10.417,15.576,24.207,33.1
2002-02-24,0.0,11.223,15.815,25.291,34.8
2002-02-25,0.0,11.438,15.554,25.351,32.0
2002-02-26,1.101,10.006,15.611,23.701,32.3
2002-02-27,0.862,8.662,15.312,21.94,34.7
2002-02-28,0.472,10.262,15.489,23.899,38.4
2002-03-01,2.981,11.329,14.378,24.323,36.5
2002-03-02,0.381,10.571,15.916,24.505,34.2
2002-03-03,8.343,10.897,15.375,24.473,33.1
2002-03-04,1.563,10.746,14.318,23.552,32.3
2002-03-05,0.356,10.063,14.438,22.802,30.8
2002-03-06,0.837,10.204,14.47,23.033,31.0
2002-03-07,8.332,10.615,14.84,23.731,30.1
2002-03-08,1.417,11.085,14.943,24.304,30.5
2002-03-09,0.15,12.051,14.584,25.19,29.7
2002-03-10,0.0,11.338,13.783,23.796,28.6
2002-03-11,0.246,10.556,14.418,23.307,27.9
2002-03-12,3.993,7.894,15.179,20.818,27.6
2002-03-13,4.118,10.618,15.916,24.405,31.9
2002-03-14,11.596,8.9,15.557,22.215,42.0
2002-03-15,1.723,9.225,14.179,21.565,43.2
2002-03-16,1.048,10.068,15.212,23.261,36.5
2002-03-17,15.268,9.142,13.954,21.245,37.5
2002-03-18,2.906,9.658,15.12,22.712,37.9
2002-03-19,26.847,7.98,15.783,21.329,45.3
2002-03-20,9.243,9.023,16.008,22.677,54.6
2002-03-21,15.001,5.534,15.929,19.008,78.2
2002-03-22,3.37,11.334,15.652,24.984,56.7
2002-03-23,5.502,9.774,14.609,22.451,54.5
2002-03-24,1.062,11.612,14.812,24.712,56.1
2002-03-25,9.768,11.097,14.568,23.927,55.6
2002-03-26,3.205,11.931,13.927,24.462,48.3
2002-03-27,15.263,10.691,13.978,23.087,47.8
2002-03-28,14.629,10.249,14.916,23.196,82.2
2002-03-29,6.949,5.28,16.255,19.041,101.2
2002-03-30,3.778,10.547,15.351,23.829,88.7
2002-03-31,3.075,11.914,16.209,26.016,55.0
2002-04-01,4.35,10.952,16.049,24.815,51.9
2002-04-02,35.918,6.973,15.603,20.095,54.5
2002-04-03,3.169,9.453,15.609,22.823,56.2
2002-04-04,8.628,10.603,16.071,24.448,59.9
2002-04-05,12.679,11.208,14.375,23.951,76.7
2002-04-06,14.077,10.77,14.361,23.438,119.3
2002-04-07,29.58,6.084,15.503,19.128,185.9
2002-04-08,0.737,8.344,15.666,21.66,104.2
2002-04-09,23.68,8.782,14.935,21.582,193.7
2002-04-10,9.354,9.283,14.688,21.973,171.0
2002-04-11,12.606,9.544,14.802,22.361,221.5
2002-04-12,1.044,11.035,13.867,23.467,147.4
2002-04-13,0.14,9.794,15.057,22.859,118.0
2002-04-14,0.608,11.014,14.435,23.864,107.1
2002-04-15,0.088,11.306,14.149,24.011,93.8
2002-04-16,4.851,10.59,15.351,24.016,83.0
2002-04-17,3.958,10.361,14.978,23.486,83.9
2002-04-18,31.5,7.849,16.283,21.693,99.5
2002-04-19,4.751,9.045,15.587,22.446,111.0
2002-04-20,3.966,9.22,15.579,22.639,142.4
2002-04-21,11.865,7.893,15.226,20.935,124.1
2002-04-22,0.0,8.949,15.75,22.519,83.6
2002-04-23,0.442,9.758,15.492,23.258,89.8
2002-04-24,29.691,8.66,16.272,22.62,145.4
2002-04-25,25.771,5.873,16.033,19.481,353.6
2002-04-26,0.278,7.533,15.91,21.12,195.4
2002-04-27,7.776,7.746,15.549,21.057,229.0
2002-04-28,0.457,8.342,15.745,21.902,185.1
2002-04-29,12.031,11.022,14.609,24.196,254.7
2002-04-30,18.587,9.034,15.976,22.864,161.2
2002-05-01,3.227,9.331,15.448,22.823,129.8
2002-05-02,0.099,9.988,15.66,23.742,114.1
2002-05-03,5.625,9.603,15.473,23.198,106.5
2002-05-04,0.0,11.145,14.967,24.658,103.0
2002-05-05,0.0,11.39,14.842,24.859,93.8
2002-05-06,0.0,11.817,15.258,25.666,84.1
2002-05-07,0.067,11.513,15.073,25.196,79.7
2002-05-08,5.495,10.474,15.668,24.402,74.7
2002-05-09,1.75,11.605,15.408,25.579,69.8
2002-05-10,2.805,10.95,16.603,25.649,69.8
2002-05-11,5.986,10.328,15.652,24.28,65.3
2002-05-12,0.0,11.802,15.611,26.016,61.5
2002-05-13,0.438,11.644,14.967,25.397,59.9
2002-05-14,6.496,9.645,16.288,23.967,56.6
2002-05-15,0.907,8.947,16.323,23.217,59.9
2002-05-16,12.217,7.037,15.438,20.372,54.0
2002-05-17,23.605,7.668,16.997,22.351,60.4
2002-05-18,4.125,8.612,16.114,22.734,64.8
2002-05-19,11.685,8.951,15.421,22.611,69.8
2002-05-20,8.255,9.466,15.522,23.332,58.2
2002-05-21,15.869,6.88,15.62,20.44,165.0
2002-05-22,1.226,7.369,16.223,21.44,77.8
2002-05-23,5.217,8.435,14.962,21.707,66.5
2002-05-24,6.879,10.782,15.258,24.753,84.8
2002-05-25,10.292,7.325,14.682,20.207,100.8
2002-05-26,0.049,7.435,13.867,19.704,128.1
2002-05-27,9.842,9.188,15.535,23.082,81.3
2002-05-28,16.406,7.496,14.348,20.198,128.2
2002-05-29,0.041,8.499,14.321,21.361,115.6
2002-05-30,0.0,9.371,14.87,22.872,83.0
2002-05-31,10.17,6.633,14.758,19.508,79.7
2002-06-01,3.27,9.668,13.647,22.378,75.3
2002-06-02,2.638,7.432,15.03,20.715,92.1
2002-06-03,3.999,8.233,15.492,21.989,79.7
2002-06-04,10.265,7.006,14.484,19.777,83.0
2002-06-05,9.667,7.554,14.562,20.546,79.1
2002-06-06,6.118,7.367,14.457,20.217,199.8
2002-06-07,19.846,7.609,14.302,20.342,181.5
2002-06-08,0.532,9.892,14.043,22.981,135.1
2002-06-09,26.43,8.693,13.274,20.929,131.1
2002-06-10,0.0,10.618,14.014,23.889,115.4
2002-06-11,5.413,9.067,14.736,22.459,101.2
2002-06-12,0.0,9.155,15.014,22.815,108.2
2002-06-13,0.855,7.932,14.541,20.962,96.0
2002-06-14,1.544,10.27,14.092,23.568,90.4
2002-06-15,5.701,8.448,14.533,21.584,82.4
2002-06-16,0.171,10.005,14.649,23.598,83.0
2002-06-17,2.15,8.834,15.443,22.747,72.5
2002-06-18,1.923,10.693,14.084,24.079,82.6
2002-06-19,0.0,10.334,15.603,24.69,72.0
2002-06-20,0.261,9.863,15.592,24.111,67.6
2002-06-21,0.0,10.099,15.215,24.133,65.3
2002-06-22,0.0,9.818,15.774,24.166,62.1
2002-06-23,0.0,10.385,15.685,24.804,61.0
2002-06-24,0.0,10.36,15.144,24.413,78.1
2002-06-25,0.0,10.285,15.478,24.552,69.8
2002-06-26,0.0,10.494,15.375,24.723,71.4
2002-06-27,0.063,10.017,16.31,24.81,61.5
2002-06-28,1.378,10.533,14.799,24.386,57.1
2002-06-29,1.008,9.416,14.91,23.035,54.0
2002-06-30,5.92,10.168,16.068,24.821,58.2
2002-07-01,0.0,10.355,16.508,25.329,54.0
2002-07-02,0.0,10.739,16.258,25.62,50.9
2002-07-03,0.0,10.952,15.522,25.383,54.5
2002-07-04,1.392,8.866,17.269,24.171,55.6
2002-07-05,15.529,7.226,16.13,21.353,70.4
2002-07-06,7.865,6.496,15.924,20.38,97.8
2002-07-07,0.321,9.774,15.128,23.614,70.8
2002-07-08,0.0,10.69,16.011,25.359,57.1
2002-07-09,0.0,11.423,14.927,25.505,54.0
2002-07-10,4.22,9.697,16.489,24.503,49.3
2002-07-11,1.7,8.708,15.492,22.562,55.0
2002-07-12,6.796,10.104,16.212,24.766,58.8
2002-07-13,0.0,10.847,16.128,25.584,51.4
2002-07-14,0.333,10.072,15.853,24.462,48.8
2002-07-15,0.835,10.504,14.476,24.003,44.7
2002-07-16,1.884,9.15,15.473,23.043,47.8
2002-07-17,2.995,9.616,16.125,24.065,41.7
2002-07-18,17.557,8.553,15.174,22.101,45.8
2002-07-19,2.511,9.809,15.329,23.696,51.4
2002-07-20,1.899,9.178,15.465,23.043,48.0
2002-07-21,7.966,9.065,15.356,22.826,57.1
2002-07-22,0.0,9.573,15.329,23.391,44.7
2002-07-23,2.499,9.052,15.44,22.837,40.3
2002-07-24,0.0,9.618,14.899,23.098,38.9
2002-07-25,0.064,8.892,15.565,22.698,36.1
2002-07-26,0.0,10.712,15.655,24.94,35.6
2002-07-27,0.0,10.1,15.217,23.867,41.2
2002-07-28,0.052,7.69,14.908,20.747,41.2
2002-07-29,0.0,9.752,15.823,23.848,39.8
2002-07-30,0.0,11.618,14.111,24.927,38.4
2002-07-31,3.24,8.841,14.772,22.005,37.0
2002-08-01,0.0,9.968,14.342,23.019,37.0
2002-08-02,0.0,10.743,15.095,24.476,35.6
2002-08-03,0.0,9.869,14.606,23.06,34.2
2002-08-04,0.0,10.093,13.954,22.864,33.1
2002-08-05,0.0,10.313,14.932,23.802,34.2
2002-08-06,0.0,12.308,13.78,25.408,33.1
2002-08-07,0.0,10.804,14.12,23.785,32.7
2002-08-08,0.196,10.369,14.957,23.832,32.0
2002-08-09,5.113,9.067,15.114,22.394,33.1
2002-08-10,0.0,11.107,15.204,24.851,32.7
2002-08-11,0.0,9.6,15.698,23.418,34.2
2002-08-12,0.0,10.491,15.38,24.223,33.5
2002-08-13,0.0,11.385,15.288,25.198,32.0
2002-08-14,0.0,11.842,15.272,25.709,30.8
2002-08-15,0.0,11.702,16.307,26.239,29.7
2002-08-16,1.951,9.716,16.674,24.19,30.5
2002-08-17,0.0,12.009,15.122,25.761,31.6
2002-08-18,0.0,11.202,15.177,24.842,30.1
2002-08-19,2.235,9.787,14.891,22.965,28.6
2002-08-20,0.0,8.59,15.829,22.261,28.6
2002-08-21,0.0,12.035,16.022,26.351,29.7
2002-08-22,0.0,11.468,15.56,25.375,30.1
2002-08-23,3.419,11.478,13.59,24.024,27.6
2002-08-24,1.551,12.219,14.457,25.476,28.3
2002-08-25,0.517,11.049,15.834,25.035,27.9
2002-08-26,9.456,10.115,13.908,22.573,29.3
2002-08-27,7.87,8.297,15.576,21.715,31.2
2002-08-28,8.88,10.837,14.908,24.12,32.7
2002-08-29,19.66,7.674,15.696,21.092,53.4
2002-08-30,0.926,9.441,14.503,22.209,55.6
2002-08-31,0.0,10.135,15.291,23.557,35.2
2002-09-01,5.298,10.11,14.462,22.927,30.5
2002-09-02,0.493,11.375,13.394,23.679,49.7
2002-09-03,0.128,10.44,15.658,24.139,33.6
2002-09-04,9.918,11.494,15.736,25.402,29.3
2002-09-05,0.253,11.129,14.685,24.245,27.6
2002-09-06,0.328,10.67,15.712,24.424,26.9
2002-09-07,1.143,10.554,15.345,24.046,27.2
2002-09-08,0.0,12.309,14.851,25.734,26.6
2002-09-09,0.552,11.682,14.478,24.742,26.6
2002-09-10,4.581,9.795,15.139,22.992,26.9
2002-09-11,4.103,10.825,14.804,23.938,27.6
2002-09-12,3.885,11.434,14.56,24.511,30.1
2002-09-13,4.782,12.498,13.688,25.163,27.6
2002-09-14,3.386,11.134,13.886,23.668,26.9
2002-09-15,1.061,11.069,15.084,24.448,27.6
2002-09-16,1.36,9.944,15.674,23.565,29.0
2002-09-17,0.0,9.269,14.774,22.141,27.2
2002-09-18,6.213,9.625,14.69,22.476,27.2
2002-09-19,6.722,10.223,15.283,23.62,29.7
2002-09-20,0.0,11.405,13.927,24.06,27.9
2002-09-21,3.926,10.571,16.158,24.628,26.6
2002-09-22,0.358,12.241,14.318,25.312,30.1
2002-09-23,20.813,11.712,14.785,25.014,26.9
2002-09-24,6.17,9.576,15.003,22.696,37.5
2002-09-25,11.821,8.35,14.764,21.136,38.9
2002-09-26,13.787,7.105,15.644,20.402,103.1
2002-09-27,5.17,11.05,15.367,24.649,70.3
2002-09-28,31.069,8.952,14.723,21.747,102.9
2002-09-29,3.722,11.159,13.723,23.674,56.7
2002-09-30,0.333,12.882,12.111,24.726,44.7
2002-10-01,0.0,9.74,14.421,22.505,37.9
2002-10-02,0.0,12.616,12.242,24.511,33.1
2002-10-03,1.473,12.237,13.663,24.951,29.3
2002-10-04,0.0,11.157,14.995,24.592,27.9
2002-10-05,10.59,11.019,14.617,24.179,27.6
2002-10-06,1.442,9.702,15.592,23.332,27.6
2002-10-07,17.971,8.36,15.451,21.736,28.6
2002-10-08,3.408,10.357,14.592,23.432,38.4
2002-10-09,3.121,9.594,14.562,22.495,32.0
2002-10-10,0.314,9.822,14.905,23.027,29.0
2002-10-11,21.953,8.891,14.492,21.625,31.2
2002-10-12,0.988,10.387,14.236,23.264,34.0
2002-10-13,0.627,11.336,14.579,24.658,27.9
2002-10-14,0.336,12.228,12.872,24.639,23.5
2002-10-15,0.324,9.388,14.418,22.261,23.5
2002-10-16,0.0,9.46,14.924,22.734,23.5
2002-10-17,8.841,7.681,14.644,20.435,27.6
2002-10-18,5.297,8.624,14.546,21.489,30.8
2002-10-19,6.292,10.223,14.853,23.62,31.6
2002-10-20,13.895,11.102,13.554,23.812,35.7
2002-10-21,11.145,9.368,14.022,22.035,52.6
2002-10-22,16.55,6.426,14.818,19.231,78.7
2002-10-23,0.63,9.228,14.56,22.302,62.6
2002-10-24,26.268,9.412,14.198,22.274,126.6
2002-10-25,3.855,10.141,14.486,23.38,96.5
2002-10-26,6.029,7.23,15.179,20.5,74.2
2002-10-27,40.774,6.974,14.761,19.851,188.3
2002-10-28,3.009,9.513,14.918,22.989,109.7
2002-10-29,6.943,8.287,14.679,21.334,90.4
2002-10-30,25.402,6.728,14.845,19.647,235.4
2002-10-31,0.0,8.678,14.698,21.864,137.6
2002-11-01,17.84,8.556,14.196,21.383,223.6
2002-11-02,20.475,7.026,15.084,20.285,147.0
2002-11-03,8.261,5.944,15.264,19.198,229.2
2002-11-04,2.937,9.792,14.272,23.043,143.0
2002-11-05,17.925,9.076,14.668,22.435,214.1
2002-11-06,2.338,8.787,14.508,21.992,265.2
2002-11-07,19.568,7.635,14.707,20.78,187.1
2002-11-08,14.956,6.751,14.668,19.709,204.1
2002-11-09,0.0,9.037,14.062,22.011,166.1
2002-11-10,4.973,10.866,12.88,23.56,129.2
2002-11-11,0.788,9.579,13.84,22.571,117.5
2002-11-12,2.462,8.65,14.905,22.22,99.5
2002-11-13,16.696,8.326,13.932,21.133,121.2
2002-11-14,10.703,8.164,14.427,21.285,199.9
2002-11-15,4.107,9.586,14.413,23.079,110.0
2002-11-16,1.159,9.957,14.791,23.807,93.8
2002-11-17,9.899,8.606,15.147,22.408,83.0
2002-11-18,1.966,9.426,13.296,22.149,89.8
2002-11-19,0.0,9.147,14.492,22.658,76.4
2002-11-20,0.0,10.252,14.427,24.019,70.3
2002-11-21,0.061,9.282,15.266,23.394,65.9
2002-11-22,0.752,9.794,14.329,23.405,63.7
2002-11-23,0.0,9.328,15.185,23.438,63.2
2002-11-24,0.0,9.222,14.63,22.927,62.1
2002-11-25,0.0,10.38,14.546,24.351,58.2
2002-11-26,0.0,9.679,15.709,24.291,55.6
2002-11-27,0.0,8.643,16.228,23.389,54.5
2002-11-28,1.137,9.317,15.109,23.424,51.9
2002-11-29,10.076,9.419,14.617,23.228,54.5
2002-11-30,0.418,9.231,14.872,23.196,56.6
2002-12-01,0.0,10.451,15.033,24.875,52.4
2002-12-02,0.0,9.831,16.125,24.853,48.8
2002-12-03,5.981,8.486,16.633,23.573,47.3
2002-12-04,2.658,10.312,14.524,24.378,47.3
2002-12-05,1.153,10.26,15.014,24.66,56.6
2002-12-06,12.564,7.738,15.394,21.772,56.6
2002-12-07,1.876,9.314,15.0,23.462,53.5
2002-12-08,1.383,7.605,15.832,21.94,59.6
2002-12-09,2.432,7.929,15.649,22.196,61.5
2002-12-10,0.263,10.193,14.986,24.592,56.6
2002-12-11,4.953,8.543,16.152,23.353,58.0
2002-12-12,0.065,9.276,15.429,23.734,53.5
2002-12-13,1.85,9.539,16.136,24.59,48.8
2002-12-14,19.295,7.09,16.465,21.845,48.8
2002-12-15,35.12,3.761,16.717,18.541,127.1
2002-12-16,1.962,7.768,15.25,21.728,150.9
2002-12-17,15.328,6.234,15.5,20.054,174.6
2002-12-18,6.584,8.238,15.508,22.522,146.6
2002-12-19,6.773,8.924,15.223,23.158,103.8
2002-12-20,11.328,9.223,14.37,22.959,89.8
2002-12-21,1.142,7.796,15.527,21.967,102.5
2002-12-22,0.0,10.158,13.929,23.864,81.3
2002-12-23,0.127,10.436,14.144,24.378,73.1
2002-12-24,1.222,8.85,15.182,23.027,67.6
2002-12-25,0.535,10.257,15.16,24.845,62.6
2002-12-26,0.0,10.772,13.916,24.652,63.2
2002-12-27,0.0,10.234,14.095,24.065,56.6
2002-12-28,0.0,9.482,14.435,23.304,53.5
2002-12-29,0.0,9.447,15.261,23.84,48.8
2002-12-30,4.574,8.05,15.859,22.511,57.2
2002-12-31,1.134,9.627,15.671,24.337,56.6
2003-01-01,0.0,10.506,15.198,25.12,50.9
2003-01-02,0.0,10.646,15.038,25.185,44.2
2003-01-03,6.837,9.484,13.761,22.788,41.2
2003-01-04,0.203,10.069,15.011,24.399,41.2
2003-01-05,0.998,9.111,15.399,23.432,41.2
2003-01-06,0.0,9.861,15.332,24.321,41.2
2003-01-07,0.469,11.512,13.731,25.367,39.8
2003-01-08,0.0,10.547,15.304,25.149,39.8
2003-01-09,0.0,10.184,15.038,24.478,38.4
2003-01-10,0.0,10.792,15.726,25.712,37.0
2003-01-11,0.0,11.457,14.236,25.557,34.2
2003-01-12,0.994,10.742,14.981,25.111,34.2
2003-01-13,0.0,10.246,15.345,24.712,34.2
2003-01-14,4.134,10.529,14.989,24.815,34.2
2003-01-15,4.384,9.198,15.418,23.432,34.2
2003-01-16,0.0,10.818,14.921,25.084,34.2
2003-01-17,0.0,10.242,15.78,24.938,33.1
2003-01-18,6.459,10.008,14.959,24.046,36.1
2003-01-19,6.204,6.939,16.079,21.128,37.9
2003-01-20,0.365,9.848,14.152,23.245,95.0
2003-01-21,0.106,9.719,14.492,23.323,42.7
2003-01-22,0.289,10.046,14.101,23.448,37.0
2003-01-23,0.0,9.519,14.505,23.003,36.5
2003-01-24,0.0,10.067,14.943,23.976,29.7
2003-01-25,0.124,9.812,15.41,23.981,28.6
2003-01-26,0.0,10.736,13.658,23.918,28.6
2003-01-27,0.0,10.455,13.742,23.587,30.5
2003-01-28,0.0,11.967,13.272,25.174,30.8
2003-01-29,0.0,11.097,15.209,25.337,30.5
2003-01-30,0.0,10.565,15.63,24.948,28.6
2003-01-31,23.144,9.638,15.378,23.617,29.3
2003-02-01,0.0,9.582,15.011,23.274,32.0
2003-02-02,0.0,8.772,14.698,22.008,27.6
2003-02-03,0.205,10.713,15.087,24.636,27.6
2003-02-04,0.0,11.268,15.815,25.804,26.6
2003-02-05,0.0,10.56,16.75,25.595,25.6
2003-02-06,0.0,10.875,16.024,25.421,25.6
2003-02-07,1.534,10.964,16.462,25.807,25.6
2003-02-08,1.795,8.522,16.152,22.679,25.6
2003-02-09,0.0,10.432,15.038,24.12,25.2
2003-02-10,11.804,10.18,14.326,23.307,24.5
2003-02-11,1.857,9.786,15.772,23.832,24.5
2003-02-12,0.0,10.718,15.253,24.543,24.5
2003-02-13,15.38,8.141,16.34,22.307,24.5
2003-02-14,1.891,10.888,14.916,24.484,27.6
2003-02-15,15.551,8.117,16.19,22.147,35.3
2003-02-16,0.0,7.462,16.291,21.524,53.5
2003-02-17,0.877,8.92,16.614,23.364,58.0
2003-02-18,2.31,9.079,15.704,22.864,59.3
2003-02-19,14.508,10.378,14.652,23.582,44.2
2003-02-20,0.565,9.679,14.897,22.916,42.7
2003-02-21,0.0,10.671,16.234,25.003,39.1
2003-02-22,0.0,11.129,15.66,25.103,36.8
2003-02-23,0.0,10.662,15.014,24.087,30.1
2003-02-24,0.431,9.593,16.114,23.601,29.0
2003-02-25,20.168,11.049,16.106,25.272,28.6
2003-02-26,20.247,7.714,15.913,21.334,40.9
2003-02-27,0.0,8.654,15.438,22.052,34.2
2003-02-28,2.829,8.69,15.579,22.13,54.6
2003-03-01,7.215,10.223,14.677,23.228,39.3
2003-03-02,0.0,9.642,16.054,23.541,38.4
2003-03-03,0.0,10.601,14.995,23.875,37.0
2003-03-04,1.498,9.387,15.704,22.948,33.2
2003-03-05,0.0,10.318,15.497,23.861,30.5
2003-03-06,0.0,12.406,14.899,25.87,27.6
2003-03-07,0.0,11.605,14.372,24.549,27.6
2003-03-08,0.0,11.207,15.696,24.981,27.6
2003-03-09,0.195,12.195,15.688,26.098,27.6
2003-03-10,10.981,9.941,15.921,23.677,26.4
2003-03-11,0.0,10.12,15.043,23.236,25.9
2003-03-12,0.0,11.913,14.984,25.258,25.6
2003-03-13,11.508,9.474,16.834,23.821,28.3
2003-03-14,25.335,8.897,15.929,22.489,74.4
2003-03-15,25.08,8.448,16.486,22.438,65.8
2003-03-16,0.0,8.493,15.745,21.897,82.1
2003-03-17,3.764,9.12,15.709,22.538,69.1
2003-03-18,1.832,11.544,15.476,25.106,50.1
2003-03-19,27.356,6.601,15.897,19.951,71.3
2003-03-20,1.037,10.413,14.796,23.351,82.1
2003-03-21,17.42,11.464,13.946,23.981,66.5
2003-03-22,12.705,11.721,14.804,24.837,58.2
2003-03-23,3.956,10.705,15.084,23.859,62.1
2003-03-24,0.06,11.912,14.845,25.082,130.2
2003-03-25,0.251,8.064,15.353,21.098,60.4
2003-03-26,0.287,7.239,15.601,20.361,73.1
2003-03-27,0.192,9.581,16.024,23.231,105.7
2003-03-28,2.881,8.555,15.288,21.576,92.3
2003-03-29,15.508,8.965,15.63,22.291,80.0
2003-03-30,7.158,8.921,14.859,21.701,68.1
2003-03-31,5.26,11.984,14.443,24.899,88.0
2003-04-01,0.0,11.422,14.155,24.024,59.9
2003-04-02,0.0,11.142,15.38,24.557,51.4
2003-04-03,1.691,9.124,16.348,23.011,47.3
2003-04-04,4.087,8.814,16.285,22.658,43.7
2003-04-05,0.088,10.442,15.685,24.003,41.2
2003-04-06,1.967,12.081,15.054,25.429,39.3
2003-04-07,2.71,11.522,15.791,25.318,37.0
2003-04-08,17.818,7.746,16.408,21.587,37.0
2003-04-09,19.127,6.501,16.046,20.019,72.7
2003-04-10,8.782,9.969,15.223,23.149,154.5
2003-04-11,0.0,10.393,15.905,24.13,73.1
2003-04-12,6.957,6.556,16.443,20.438,65.4
2003-04-13,16.997,7.691,15.758,21.082,64.8
2003-04-14,4.757,8.921,15.56,22.253,94.0
2003-04-15,25.128,8.51,15.304,21.606,107.7
2003-04-16,9.924,10.559,15.073,23.791,114.0
2003-04-17,14.154,9.208,15.668,22.666,104.3
2003-04-18,14.751,10.938,15.095,24.274,151.7
2003-04-19,4.624,6.854,16.307,20.677,206.6
2003-04-20,0.998,10.304,15.557,23.905,140.6
2003-04-21,25.058,8.213,15.938,21.845,177.6
2003-04-22,15.444,7.72,15.984,21.321,354.0
2003-04-23,3.663,9.463,15.826,23.149,173.7
2003-04-24,8.506,8.685,15.723,22.207,132.0
2003-04-25,17.827,9.285,15.304,22.609,137.6
2003-04-26,0.0,10.478,15.049,23.796,108.5
2003-04-27,6.654,9.353,15.424,22.788,104.7
2003-04-28,4.08,10.371,16.429,24.693,98.1
2003-04-29,0.0,8.647,15.255,21.88,91.5
2003-04-30,0.098,10.007,14.674,23.035,90.9
2003-05-01,0.045,11.512,15.31,25.264,72.0
2003-05-02,3.821,11.753,14.386,24.929,64.8
2003-05-03,1.591,9.619,15.008,22.867,64.8
2003-05-04,12.524,9.665,15.28,23.128,63.2
2003-05-05,1.348,9.207,16.274,23.37,62.6
2003-05-06,1.459,8.815,15.704,22.484,61.5
2003-05-07,3.956,9.618,15.541,23.296,61.5
2003-05-08,15.837,8.997,15.144,22.321,61.5
2003-05-09,5.715,8.923,15.568,22.524,93.8
2003-05-10,6.038,10.662,14.508,23.864,81.9
2003-05-11,1.479,8.265,15.427,21.709,60.4
2003-05-12,1.651,10.049,15.41,23.804,68.7
2003-05-13,7.198,10.201,14.658,23.451,77.7
2003-05-14,5.332,9.579,15.851,23.611,64.8
2003-05-15,2.11,10.094,15.413,23.894,64.3
2003-05-16,0.0,9.477,16.375,23.889,55.6
2003-05-17,0.12,9.529,16.31,23.927,53.5
2003-05-18,3.283,7.671,16.234,21.774,54.3
2003-05-19,27.102,7.562,15.764,21.307,161.2
2003-05-20,5.222,10.265,15.59,24.299,66.5
2003-05-21,11.082,10.989,15.902,25.408,57.1
2003-05-22,2.415,8.742,15.215,22.258,104.7
2003-05-23,2.032,10.462,14.785,24.024,61.5
2003-05-24,9.661,10.124,14.829,23.649,60.4
2003-05-25,7.422,7.212,14.984,20.307,56.6
2003-05-26,4.075,8.637,15.511,22.421,59.3
2003-05-27,0.0,8.188,15.149,21.595,73.1
2003-05-28,0.688,9.792,14.761,23.264,60.0
2003-05-29,5.485,10.417,15.647,24.658,51.9
2003-05-30,6.702,10.641,14.315,24.005,51.9
2003-05-31,3.398,8.889,15.342,22.617,50.4
2003-06-01,0.409,8.931,15.166,22.557,55.2
2003-06-02,11.142,8.446,15.136,21.962,154.2
2003-06-03,2.156,8.088,15.511,21.842,110.9
2003-06-04,1.559,9.768,14.717,23.264,103.0
2003-06-05,39.391,6.131,15.66,19.734,136.1
2003-06-06,3.771,8.983,14.223,21.957,118.8
2003-06-07,9.143,9.704,14.323,22.935,90.4
2003-06-08,0.312,8.859,13.995,21.66,100.2
2003-06-09,9.748,8.001,15.921,22.101,70.0
2003-06-10,0.085,10.186,14.511,23.701,74.7
2003-06-11,14.241,7.907,14.761,21.111,68.1
2003-06-12,0.062,8.415,14.372,21.47,93.2
2003-06-13,14.36,7.36,14.84,20.549,154.6
2003-06-14,1.789,6.033,15.495,19.595,93.8
2003-06-15,4.137,7.302,14.823,20.467,128.5
2003-06-16,0.78,9.212,14.649,22.636,89.8
2003-06-17,16.717,7.027,14.652,20.011,153.7
2003-06-18,9.741,5.158,14.927,18.133,98.3
2003-06-19,0.129,8.43,14.408,21.476,111.7
2003-06-20,6.582,9.655,14.679,23.204,88.7
2003-06-21,5.728,8.278,14.957,21.72,76.4
2003-06-22,5.096,8.984,14.188,22.038,80.2
2003-06-23,0.374,9.56,13.84,22.495,79.7
2003-06-24,2.411,9.36,14.625,22.81,81.3
2003-06-25,1.927,8.87,12.777,20.864,65.9
2003-06-26,0.0,9.942,14.628,23.519,61.5
2003-06-27,0.0,8.196,14.223,21.057,57.7
2003-06-28,4.572,10.117,12.902,22.552,59.9
2003-06-29,0.0,9.418,14.207,22.573,55.6
2003-06-30,1.066,8.188,14.986,21.622,70.9
2003-07-01,7.229,9.01,14.177,22.062,83.6
2003-07-02,0.272,11.16,14.948,25.234,56.1
2003-07-03,6.255,8.946,15.726,23.095,50.9
2003-07-04,0.064,8.962,15.168,22.679,48.8
2003-07-05,2.29,9.193,14.636,22.587,47.8
2003-07-06,2.018,9.798,14.014,22.899,56.6
2003-07-07,6.522,8.845,14.609,22.128,48.8
2003-07-08,6.445,7.686,14.707,20.807,78.3
2003-07-09,0.225,6.133,15.334,19.524,70.9
2003-07-10,7.185,9.878,14.427,23.242,54.0
2003-07-11,4.566,9.888,13.807,22.81,48.8
2003-07-12,2.247,9.7,15.524,23.791,61.0
2003-07-13,0.049,10.225,15.421,24.326,55.0
2003-07-14,0.171,11.838,13.465,25.003,55.0
2003-07-15,0.0,11.118,13.929,24.386,47.8
2003-07-16,0.768,9.29,15.269,23.062,43.7
2003-07-17,2.302,9.942,15.098,23.696,41.2
2003-07-18,0.0,10.644,14.997,24.489,37.5
2003-07-19,0.0,11.215,14.549,24.864,45.3
2003-07-20,0.0,10.782,15.397,24.905,38.4
2003-07-21,0.987,10.44,15.334,24.432,37.0
2003-07-22,5.118,9.812,15.916,24.073,37.0
2003-07-23,1.103,9.173,16.299,23.617,37.0
2003-07-24,0.052,10.877,15.511,25.046,35.6
2003-07-25,0.6,9.195,16.101,23.448,34.2
2003-07-26,0.0,9.1,15.815,23.128,34.2
2003-07-27,0.207,10.207,15.815,24.429,36.1
2003-07-28,0.531,10.491,15.535,24.557,36.5
2003-07-29,0.228,9.579,16.443,24.106,35.6
2003-07-30,2.847,8.777,16.44,23.174,34.2
2003-07-31,8.336,10.248,15.652,24.312,34.2
2003-08-01,0.665,10.179,14.842,23.641,36.5
2003-08-02,0.046,8.293,15.448,21.856,43.7
2003-08-03,20.717,7.885,14.788,20.853,56.1
2003-08-04,0.0,9.897,14.679,23.152,45.8
2003-08-05,0.311,9.883,15.277,23.527,38.4
2003-08-06,0.756,10.637,15.484,24.568,34.2
2003-08-07,2.252,9.879,14.913,23.22,34.2
2003-08-08,1.784,8.838,14.022,21.351,33.5
2003-08-09,5.805,10.046,13.826,22.639,32.0
2003-08-10,0.0,11.094,15.321,24.94,39.3
2003-08-11,0.0,10.794,14.348,23.889,34.2
2003-08-12,0.029,10.961,15.12,24.617,33.1
2003-08-13,1.243,10.116,15.353,23.745,30.8
2003-08-14,2.855,11.067,15.693,25.09,28.6
2003-08-15,2.441,9.492,14.731,22.552,28.6
2003-08-16,0.098,10.253,14.497,23.274,28.6
2003-08-17,0.55,10.769,15.285,24.424,28.6
2003-08-18,2.393,11.824,14.03,24.81,28.6
2003-08-19,1.243,12.02,14.5,25.348,27.6
2003-08-20,7.33,8.14,15.166,21.28,27.6
2003-08-21,7.143,10.741,15.035,24.155,27.6
2003-08-22,10.523,9.035,15.981,22.851,50.7
2003-08-23,8.71,10.508,15.185,24.0,46.3
2003-08-24,7.53,9.682,14.571,22.546,33.1
2003-08-25,0.0,10.729,15.598,24.492,31.2
2003-08-26,0.042,10.957,15.133,24.416,28.6
2003-08-27,2.332,9.637,15.082,22.837,28.6
2003-08-28,3.321,10.53,15.853,24.421,27.6
2003-08-29,0.244,10.092,15.568,23.717,27.6
2003-08-30,0.0,10.433,15.402,24.005,27.6
2003-08-31,0.0,11.45,14.88,24.802,27.6
2003-09-01,0.183,10.618,15.356,24.144,27.2
2003-09-02,0.0,11.558,14.19,24.429,25.6
2003-09-03,0.0,12.432,14.812,25.878,25.6
2003-09-04,1.534,11.194,15.247,24.736,24.5
2003-09-05,5.799,11.472,14.745,24.677,23.5
2003-09-06,7.982,9.912,14.647,22.791,23.5
2003-09-07,9.208,7.883,14.459,20.345,36.5
2003-09-08,0.218,11.422,14.614,24.527,35.5
2003-09-09,10.938,8.506,16.25,22.356,27.6
2003-09-10,5.212,10.423,15.832,24.217,31.2
2003-09-11,6.085,10.847,15.065,24.163,39.8
2003-09-12,0.816,10.896,14.562,23.875,30.8
2003-09-13,4.663,10.662,15.351,24.136,29.3
2003-09-14,0.076,10.341,16.503,24.601,26.6
2003-09-15,0.0,10.305,15.111,23.562,25.6
2003-09-16,0.0,11.711,14.182,24.557,24.5
2003-09-17,0.818,10.268,13.649,22.462,24.2
2003-09-18,2.053,9.836,14.601,22.66,24.5
2003-09-19,10.958,10.384,14.916,23.533,34.2
2003-09-20,15.85,9.116,15.359,22.397,40.1
2003-09-21,0.409,9.371,15.068,22.457,45.0
2003-09-22,7.698,9.406,14.579,22.144,40.3
2003-09-23,0.945,8.416,14.853,21.217,28.6
2003-09-24,2.846,11.109,14.046,23.799,28.6
2003-09-25,2.778,11.173,14.408,24.128,28.3
2003-09-26,6.868,8.333,15.065,21.28,25.6
2003-09-27,11.227,9.856,14.636,22.739,27.6
2003-09-28,0.957,9.328,15.09,22.476,70.9
2003-09-29,0.0,9.324,15.655,22.878,64.8
2003-09-30,17.651,7.635,15.679,21.052,56.3
2003-10-01,1.913,8.979,15.299,22.25,37.7
2003-10-02,0.674,11.32,13.97,24.073,30.5
2003-10-03,8.534,10.494,14.418,23.421,28.6
2003-10-04,1.824,10.087,14.068,22.688,31.2
2003-10-05,26.656,9.111,15.47,22.582,34.8
2003-10-06,26.221,5.768,15.829,19.255,45.3
2003-10-07,16.944,8.989,14.899,22.016,69.8
2003-10-08,9.77,6.665,15.168,19.639,77.9
2003-10-09,0.274,7.033,15.75,20.514,103.9
2003-10-10,2.838,7.946,14.717,20.72,114.4
2003-10-11,0.661,11.657,14.209,24.747,95.3
2003-10-12,1.339,9.069,15.717,22.788,57.7
2003-10-13,22.98,7.505,15.734,21.024,56.6
2003-10-14,11.649,6.912,14.745,19.571,74.7
2003-10-15,1.644,9.013,14.864,22.106,68.1
2003-10-16,16.907,9.016,14.984,22.207,106.0
2003-10-17,0.0,9.554,14.957,22.837,92.1
2003-10-18,13.25,9.425,15.326,22.986,109.7
2003-10-19,11.872,9.292,16.149,23.467,86.6
2003-10-20,11.545,7.988,15.53,21.546,134.6
2003-10-21,18.85,8.173,15.435,21.66,106.6
2003-10-22,1.779,8.811,14.144,21.476,106.7
2003-10-23,0.0,12.216,13.082,24.962,67.0
2003-10-24,0.325,10.959,14.193,24.166,61.5
2003-10-25,0.097,10.779,13.872,23.766,60.7
2003-10-26,13.993,6.76,15.454,20.196,85.3
2003-10-27,32.191,7.493,14.715,20.418,104.2
2003-10-28,0.301,8.714,14.611,21.783,78.9
2003-10-29,14.03,5.952,15.188,19.065,180.8
2003-10-30,20.68,8.77,14.315,21.652,357.0
2003-10-31,6.758,6.753,15.416,20.147,241.2
2003-11-01,0.0,7.306,14.351,20.0,207.7
2003-11-02,0.0,10.301,14.174,23.533,128.4
2003-11-03,15.775,7.536,14.438,20.334,107.1
2003-11-04,0.0,10.789,12.31,22.94,97.8
2003-11-05,0.694,10.653,12.927,23.198,88.7
2003-11-06,6.142,9.477,13.851,22.364,77.2
2003-11-07,11.263,8.139,14.052,20.859,103.1
2003-11-08,0.127,7.667,15.103,21.111,84.1
2003-11-09,0.0,9.61,14.114,22.793,79.6
2003-11-10,19.689,7.599,15.296,21.236,97.8
2003-11-11,10.056,6.877,15.236,20.364,109.9
2003-11-12,10.155,7.25,15.068,20.647,109.4
2003-11-13,0.089,10.566,13.304,23.511,81.9
2003-11-14,5.377,8.188,15.103,21.812,116.9
2003-11-15,4.243,8.92,15.242,22.878,73.6
2003-11-16,0.375,9.0,15.111,22.848,87.8
2003-11-17,0.0,7.588,14.372,20.579,75.3
2003-11-18,6.778,8.5,13.929,21.429,67.6
2003-11-19,3.886,10.46,14.62,24.399,64.8
2003-11-20,17.881,9.262,14.334,22.709,89.3
2003-11-21,1.213,8.544,15.152,22.416,125.0
2003-11-22,26.153,4.594,15.66,18.337,83.0
2003-11-23,0.0,8.255,14.391,21.516,81.9
2003-11-24,10.838,7.785,15.158,21.519,216.1
2003-11-25,12.032,7.983,15.136,21.758,146.8
2003-11-26,1.326,9.744,14.742,23.693,149.2
2003-11-27,13.727,10.083,14.715,24.12,108.9
2003-11-28,2.295,8.382,15.071,22.231,87.5
2003-11-29,21.912,6.535,14.457,19.543,250.4
2003-11-30,0.0,7.201,15.312,21.008,135.1
2003-12-01,1.021,8.144,15.351,22.204,82.2
2003-12-02,59.363,6.784,15.84,20.905,264.6
2003-12-03,11.394,6.05,15.622,19.891,235.2
2003-12-04,0.0,9.804,14.87,23.957,208.7
2003-12-05,1.424,9.547,15.272,23.921,157.7
2003-12-06,13.083,8.044,14.902,21.774,155.1
2003-12-07,0.0,7.999,15.69,22.315,153.5
2003-12-08,0.0,9.733,14.06,23.383,126.0
2003-12-09,0.0,10.213,14.938,24.59,111.3
2003-12-10,6.406,9.763,14.842,23.954,97.7
2003-12-11,1.02,8.484,14.851,22.351,94.8
2003-12-12,9.135,7.772,15.424,21.861,109.9
2003-12-13,0.365,9.001,14.753,22.924,101.4
2003-12-14,17.108,7.555,14.859,21.198,93.7
2003-12-15,0.0,9.438,13.576,22.677,85.7
2003-12-16,0.0,10.154,14.296,24.109,78.9
2003-12-17,0.0,10.056,14.329,24.005,74.1
2003-12-18,7.757,8.461,15.625,22.861,73.1
2003-12-19,0.42,7.002,16.174,21.516,73.1
2003-12-20,4.073,9.13,15.296,23.467,75.2
2003-12-21,20.914,8.758,15.908,23.448,64.8
2003-12-22,6.953,9.141,15.701,23.777,63.7
2003-12-23,0.0,9.595,15.31,24.079,63.2
2003-12-24,0.017,9.503,15.587,24.158,62.1
2003-12-25,4.173,7.193,15.272,21.022,67.6
2003-12-26,43.917,8.44,15.188,22.524,86.3
2003-12-27,0.662,5.809,14.94,19.106,120.2
2003-12-28,0.724,7.815,15.245,21.761,101.2
2003-12-29,0.0,8.137,15.508,22.334,93.2
2003-12-30,0.0,9.113,15.283,23.389,76.4
2003-12-31,0.0,10.463,13.853,24.16,76.9
2004-01-01,0.0,11.061,15.342,25.929,64.8
2004-01-02,0.0,10.239,16.386,25.582,64.8
2004-01-03,0.0,9.338,16.606,24.62,64.8
2004-01-04,0.0,9.675,14.837,23.769,63.2
2004-01-05,23.723,8.181,15.424,22.342,62.1
2004-01-06,0.0,8.037,15.024,21.823,79.4
2004-01-07,13.474,8.006,15.603,22.193,129.9
2004-01-08,4.684,7.139,15.783,21.28,108.8
2004-01-09,7.371,7.354,15.804,21.56,143.2
2004-01-10,0.965,7.488,16.033,21.861,99.6
2004-01-11,0.373,7.714,16.622,22.598,84.3
2004-01-12,23.328,8.801,15.62,23.098,76.4
2004-01-13,0.292,9.796,16.038,24.641,67.6
2004-01-14,4.639,9.5,16.188,24.353,64.8
2004-01-15,6.53,9.502,15.856,24.109,86.4
2004-01-16,9.652,8.607,14.932,22.304,100.7
2004-01-17,0.467,7.754,15.255,21.484,95.4
2004-01-18,0.0,7.604,14.125,20.397,91.9
2004-01-19,0.151,9.87,13.929,23.155,77.5
2004-01-20,0.286,9.838,13.503,22.783,70.3
2004-01-21,0.409,7.349,16.152,21.658,64.8
2004-01-22,0.99,7.087,14.505,20.024,169.8
2004-01-23,0.0,8.604,14.342,21.745,169.6
2004-01-24,15.091,11.159,13.614,24.462,117.4
2004-01-25,3.681,10.933,13.337,23.989,94.2
2004-01-26,0.161,11.247,13.291,24.342,86.6
2004-01-27,0.0,11.012,13.386,24.073,80.2
2004-01-28,0.0,11.463,13.22,24.511,71.4
2004-01-29,0.0,11.246,13.166,24.179,67.6
2004-01-30,0.0,11.036,12.446,23.416,64.8
2004-01-31,0.0,10.857,13.625,23.948,63.2
2004-02-01,0.0,11.23,13.565,24.337,68.1
2004-02-02,0.0,11.572,13.929,24.978,56.6
2004-02-03,0.0,10.44,14.614,23.995,55.6
2004-02-04,0.0,11.701,13.962,25.101,52.4
2004-02-05,0.0,11.092,14.508,24.688,50.4
2004-02-06,0.0,11.473,12.867,24.06,48.8
2004-02-07,0.0,11.324,14.027,24.598,48.8
2004-02-08,0.0,10.65,13.965,23.677,48.8
2004-02-09,0.0,10.14,14.875,23.671,45.8
2004-02-10,3.152,11.43,14.378,24.883,44.2
2004-02-11,0.986,11.234,14.747,24.867,48.8
2004-02-12,2.375,11.237,15.101,25.079,48.8
2004-02-13,8.29,10.455,15.06,24.103,45.8
2004-02-14,0.0,11.13,13.872,24.09,44.2
2004-02-15,0.984,11.093,15.19,24.905,41.2
2004-02-16,3.097,11.69,14.614,25.201,43.7
2004-02-17,0.0,11.88,13.793,24.859,41.7
2004-02-18,2.971,10.707,15.128,24.348,45.3
2004-02-19,7.354,9.718,15.247,23.223,48.8
2004-02-20,4.769,7.706,15.073,20.755,47.3
2004-02-21,0.0,8.206,16.054,22.052,46.3
2004-02-22,44.564,7.686,15.418,20.959,52.4
2004-02-23,1.391,4.857,15.516,18.092,94.1
2004-02-24,0.0,11.367,13.946,24.177,85.6
2004-02-25,1.176,8.418,15.103,21.476,54.0
2004-02-26,1.48,11.149,14.929,24.554,53.5
2004-02-27,0.0,9.551,14.652,22.451,48.8
2004-03-01,3.113,8.577,16.101,22.361,45.3
2004-03-02,0.0,8.923,16.323,22.932,41.2
2004-03-03,3.39,10.16,15.644,23.799,39.8
2004-03-04,0.0,11.694,14.34,24.652,36.1
2004-03-05,11.359,10.892,14.886,24.084,34.2
2004-03-06,2.341,9.591,14.913,22.568,44.7
2004-03-07,0.0,8.122,16.386,22.071,47.8
2004-03-08,0.0,11.634,14.274,24.5,41.2
2004-03-09,0.0,10.912,14.812,24.011,37.9
2004-03-10,0.0,7.352,17.239,21.889,35.6
2004-03-11,0.068,6.798,17.019,21.128,34.9
2004-03-12,0.0,11.164,15.522,24.753,34.2
2004-03-13,0.0,11.77,15.217,25.236,33.5
2004-03-14,0.0,11.942,14.927,25.228,33.1
2004-03-15,0.061,10.558,15.932,24.334,32.0
2004-03-16,2.221,10.057,16.212,23.976,30.8
2004-03-17,0.0,10.422,14.78,23.321,30.8
2004-03-18,0.181,11.461,14.821,24.56,30.8
2004-03-19,0.0,10.494,15.435,23.875,30.8
2004-03-20,0.0,11.222,13.432,23.323,28.6
2004-03-21,17.702,9.416,15.902,22.992,28.6
2004-03-22,3.406,11.234,13.848,23.628,28.6
2004-03-23,1.146,11.223,15.245,24.543,28.6
2004-03-24,0.0,10.833,16.736,25.16,28.6
2004-03-25,22.658,8.103,17.207,22.59,32.1
2004-03-26,10.854,8.864,16.405,22.764,91.8
2004-03-27,8.336,11.315,15.141,24.611,77.5
2004-03-28,4.405,10.853,15.704,24.446,93.9
2004-03-29,3.873,10.01,15.957,23.668,78.0
2004-03-30,0.0,11.395,15.707,25.054,47.8
2004-03-31,0.0,11.386,15.516,24.943,45.8
2004-04-01,9.761,9.934,15.19,23.065,37.7
2004-04-02,2.417,9.65,14.823,22.495,42.8
2004-04-03,34.629,5.709,16.122,19.283,108.4
2004-04-04,0.0,10.301,15.701,23.851,79.0
2004-04-05,0.872,12.982,13.981,25.788,45.8
2004-04-06,1.848,11.067,15.603,24.663,38.4
2004-04-07,0.0,11.191,15.47,24.712,37.0
2004-04-08,11.765,9.518,16.663,23.698,38.4
2004-04-09,1.687,9.642,16.791,23.973,39.8
2004-04-10,0.0,8.411,16.299,22.269,41.2
2004-04-11,0.0,9.047,15.378,22.307,42.3
2004-04-12,2.266,11.572,14.94,24.823,36.8
2004-04-13,43.739,7.819,15.878,21.288,43.1
2004-04-14,11.034,6.641,16.587,20.693,42.8
2004-04-15,2.487,5.785,15.777,19.128,148.1
2004-04-16,5.715,8.33,14.845,21.052,129.6
2004-04-17,8.7,8.588,16.668,22.774,104.2
2004-04-18,11.185,9.135,15.035,22.128,98.2
2004-04-19,0.0,9.477,15.204,22.679,65.1
2004-04-20,18.887,6.977,16.269,20.799,73.1
2004-04-21,18.068,9.314,15.473,22.728,113.6
2004-04-22,9.657,4.925,16.383,18.878,80.6
2004-04-23,13.764,5.659,15.149,18.524,108.1
2004-04-24,1.724,8.761,15.5,22.103,70.8
2004-04-26,0.0,10.484,13.666,22.829,111.6
2004-04-27,4.729,9.594,14.954,22.742,72.0
2004-04-28,5.564,9.819,15.03,23.062,65.4
2004-04-29,3.241,10.148,14.978,23.424,63.2
2004-04-30,11.544,9.462,14.514,22.296,64.3
2004-05-01,8.657,9.293,14.511,22.128,68.7
2004-05-02,5.464,10.072,15.519,23.761,61.2
2004-05-03,13.556,7.728,15.834,21.34,131.5
2004-05-04,14.271,6.855,16.149,20.668,88.5
2004-05-05,5.416,7.855,15.883,21.552,74.4
2004-05-06,7.648,10.195,15.663,24.046,73.1
2004-05-07,0.852,10.417,14.489,23.492,68.9
2004-05-08,3.124,9.697,15.731,23.541,72.8
2004-05-09,6.708,7.544,16.204,21.495,56.6
2004-05-10,0.219,7.955,15.508,21.402,52.2
2004-05-11,5.555,8.885,16.19,23.008,48.8
2004-05-12,2.73,7.717,16.402,21.875,62.5
2004-05-13,5.513,10.12,15.671,24.057,133.6
2004-05-14,2.592,10.573,16.193,25.0,47.3
2004-05-15,15.592,5.555,16.492,19.69,48.3
2004-05-16,1.183,8.933,14.103,21.59,53.5
2004-05-17,18.021,6.75,15.796,20.424,51.9
2004-05-18,11.373,7.173,15.897,20.929,136.0
2004-05-19,29.5,6.257,15.312,19.495,116.8
2004-05-20,7.952,8.513,14.78,21.652,153.0
2004-05-21,11.104,8.914,14.948,22.264,111.2
2004-05-22,9.606,6.056,15.272,19.234,199.9
2004-05-23,0.0,9.07,14.016,21.769,109.7
2004-05-24,0.681,10.38,13.774,23.264,95.8
2004-05-25,8.412,8.899,14.223,21.761,98.0
2004-05-26,7.977,9.162,13.386,21.476,109.2
2004-05-27,5.588,7.4,14.929,20.524,72.5
2004-05-28,4.962,6.555,15.198,19.842,110.6
2004-05-29,1.263,7.34,14.861,20.465,91.7
2004-05-30,0.763,10.067,13.418,22.712,64.8
2004-05-31,15.883,9.698,14.446,22.935,73.1
2004-06-01,15.607,9.408,13.812,22.177,66.5
2004-06-02,2.869,8.692,14.674,21.913,59.9
2004-06-03,0.345,9.405,14.978,23.003,59.9
2004-06-04,2.025,7.739,15.296,21.277,59.9
2004-06-05,10.126,6.106,14.628,18.894,69.5
2004-06-06,9.424,6.381,14.769,19.288,72.5
2004-06-07,0.0,9.932,13.636,22.747,63.4
2004-06-08,0.785,9.312,14.394,22.527,60.7
2004-06-09,4.076,8.211,14.024,20.905,59.3
2004-06-10,0.306,8.447,14.095,21.283,54.5
2004-06-11,0.0,9.922,13.304,22.549,51.9
2004-06-12,0.0,8.304,15.264,21.951,47.3
2004-06-13,0.0,8.801,15.136,22.451,45.0
2004-06-14,1.273,8.54,14.894,21.984,42.7
2004-06-15,0.139,9.42,13.87,22.31,42.2
2004-06-16,0.0,9.475,15.361,23.435,40.5
2004-06-17,6.889,8.586,14.565,21.793,40.5
2004-06-18,0.0,10.085,15.03,23.978,39.1
2004-06-19,0.0,9.051,14.989,22.696,38.6
2004-06-20,0.218,7.585,15.446,21.293,37.7
2004-06-21,0.172,8.914,15.098,22.603,37.7
2004-06-22,0.0,10.069,15.005,23.954,37.2
2004-06-23,0.214,10.562,14.467,24.193,35.6
2004-06-24,1.834,9.609,14.497,23.022,34.2
2004-06-25,0.0,7.818,14.103,20.511,34.2
2004-06-26,0.041,8.73,14.28,21.769,33.5
2004-06-27,2.146,8.955,14.217,22.003,33.1
2004-06-28,0.0,8.058,15.367,21.764,33.1
2004-06-29,5.455,7.985,14.543,21.079,33.1
2004-06-30,0.034,7.147,15.141,20.527,33.1
2004-07-01,1.906,8.726,13.495,21.193,33.1
2004-07-02,1.005,9.383,15.06,23.103,33.1
2004-07-03,6.611,9.121,14.03,22.041,47.6
2004-07-04,5.492,6.827,15.168,20.155,33.8
2004-07-05,0.35,7.422,15.698,21.269,33.1
2004-07-06,3.786,8.434,14.611,21.617,33.1
2004-07-07,0.206,7.829,14.611,20.878,33.1
2004-07-08,3.306,8.004,14.005,20.649,37.7
2004-07-09,8.995,9.054,14.413,22.234,57.5
2004-07-10,10.359,8.485,14.215,21.367,37.9
2004-07-11,10.623,8.634,14.649,21.859,34.2
2004-07-12,1.595,7.889,15.318,21.473,33.8
2004-07-13,4.872,6.637,15.062,19.829,31.4
2004-07-14,1.565,7.09,14.856,20.158,31.4
2004-07-15,0.0,8.114,14.758,21.302,31.4
2004-07-16,0.96,8.831,14.622,22.019,28.6
2004-07-17,0.352,8.222,14.503,21.168,28.6
2004-07-18,1.571,9.044,14.446,22.149,28.6
2004-07-19,3.048,8.283,14.53,21.277,28.6
2004-07-20,0.056,9.724,14.671,23.092,28.6
2004-07-21,9.641,9.78,14.731,23.193,28.6
2004-07-22,5.498,8.807,14.592,21.908,28.6
2004-07-23,0.819,8.415,13.799,20.856,28.6
2004-07-24,1.335,8.987,13.568,21.359,28.6
2004-07-25,3.808,9.466,13.09,21.587,28.6
2004-07-26,6.814,9.003,14.682,22.182,28.6
2004-07-27,0.18,8.555,14.728,21.655,31.0
2004-07-28,1.227,9.066,14.603,22.163,31.4
2004-07-29,6.295,9.35,13.908,21.984,31.4
2004-07-30,12.06,8.701,14.891,21.878,31.4
2004-07-31,0.0,9.457,14.579,22.554,31.4
2004-08-01,0.722,11.468,14.011,24.622,31.4
2004-08-02,0.0,9.908,13.389,22.269,33.3
2004-08-03,0.0,8.001,14.565,20.791,34.2
2004-08-04,0.0,9.364,14.438,22.299,34.2
2004-08-05,0.149,9.185,14.519,22.155,32.3
2004-08-06,0.315,7.982,15.16,21.201,28.6
2004-08-07,0.0,10.38,14.53,23.535,28.6
2004-08-08,0.0,11.208,13.864,24.062,28.6
2004-08-09,0.0,9.663,14.182,22.408,26.1
2004-08-10,0.0,10.562,13.709,23.166,26.1
2004-08-11,0.0,8.824,15.639,22.478,26.1
2004-08-12,0.0,9.475,15.147,22.845,24.4
2004-08-13,0.0,9.864,14.421,22.753,23.5
2004-08-14,1.476,9.14,14.88,22.236,22.5
2004-08-15,0.092,9.968,15.12,23.375,21.5
2004-08-16,0.22,11.32,15.709,25.367,21.0
2004-08-17,0.0,8.791,16.217,22.81,21.0
2004-08-18,13.851,10.395,15.429,24.041,21.0
2004-08-22,0.883,11.003,15.91,25.057,21.0
2004-08-26,0.0,8.765,15.614,22.274,21.0
2004-08-27,5.578,9.0,15.38,22.342,21.0
2004-08-28,9.585,9.495,14.731,22.421,21.0
2004-08-29,3.888,10.236,14.88,23.383,22.5
2004-08-30,0.543,10.237,14.856,23.348,22.5
2004-08-31,1.937,9.54,15.973,23.359,22.5
2004-09-01,0.791,11.656,13.065,23.791,23.5
2004-09-02,0.239,12.855,14.391,26.101,24.2
2004-09-03,9.479,10.033,14.152,22.584,24.5
2004-09-04,13.774,8.414,15.832,21.989,24.5
2004-09-05,9.981,8.841,15.758,22.386,37.0
2004-09-06,13.969,9.433,14.416,22.087,32.8
2004-09-07,16.84,7.235,15.326,20.299,28.8
2004-09-08,6.418,6.392,14.791,18.935,78.1
2004-09-09,0.329,8.584,14.924,21.457,59.7
2004-09-10,8.164,8.532,15.239,21.601,89.3
2004-09-11,9.607,8.503,15.361,21.674,73.4
2004-09-12,0.775,10.621,14.731,23.655,44.7
2004-09-13,0.0,10.514,14.141,23.12,37.7
2004-09-14,18.97,8.695,14.511,21.299,48.3
2004-09-15,0.053,10.321,13.5,22.429,37.1
2004-09-16,11.246,11.87,12.649,23.745,41.4
2004-09-17,0.168,10.647,13.679,22.962,31.6
2004-09-18,0.0,10.552,15.168,23.897,29.7
2004-09-19,4.77,9.018,14.408,21.595,42.3
2004-09-20,0.443,8.337,14.788,21.084,30.8
2004-09-21,8.328,9.573,13.927,21.894,31.2
2004-09-22,0.403,12.122,12.587,24.03,35.6
2004-09-23,0.0,10.846,14.603,23.837,30.8
2004-09-24,7.891,10.024,15.022,23.201,37.9
2004-09-25,6.086,9.658,14.663,22.554,32.3
2004-09-26,0.165,9.876,14.967,23.005,33.5
2004-09-27,21.001,8.527,15.424,21.807,30.5
2004-09-28,0.104,9.653,14.054,22.111,29.7
2004-09-29,9.977,8.288,14.62,20.97,106.4
2004-09-30,6.16,9.282,15.111,22.467,117.7
2004-10-01,15.599,8.059,14.326,20.47,38.9
2004-10-02,0.087,10.11,14.601,23.092,33.1
2004-10-03,11.263,9.989,14.155,22.611,33.1
2004-10-04,1.689,8.873,14.742,21.747,33.1
2004-10-05,1.072,9.192,14.264,21.793,37.9
2004-10-06,19.589,9.084,15.095,22.258,83.7
2004-10-07,9.488,5.727,15.495,18.929,47.3
2004-10-08,5.794,8.643,14.891,21.603,65.9
2004-10-09,7.755,10.518,15.44,24.228,58.2
2004-10-10,19.871,8.791,14.666,21.652,102.7
2004-10-11,1.104,10.212,13.321,22.443,61.5
2004-10-12,32.355,9.224,14.685,22.228,205.3
2004-10-13,0.0,11.341,14.598,24.707,107.7
2004-10-14,3.495,9.553,15.818,23.484,63.7
2004-10-15,5.544,10.596,14.527,23.785,49.3
2004-10-16,5.697,10.989,14.226,24.076,45.8
2004-10-17,20.17,9.122,14.367,21.959,45.8
2004-10-18,0.0,7.737,15.0,20.807,45.8
2004-10-19,4.293,8.036,14.834,21.125,43.2
2004-10-20,12.449,8.683,15.217,22.09,97.7
2004-10-21,19.854,7.11,14.753,19.91,230.2
2004-10-22,0.0,8.298,14.84,21.389,109.0
2004-10-23,7.654,6.037,15.486,19.364,112.4
2004-10-24,7.597,9.854,14.345,22.916,115.1
2004-10-25,4.786,10.124,13.709,22.848,75.3
2004-10-26,10.439,9.238,14.976,22.69,71.4
2004-10-27,12.6,8.837,14.41,21.815,98.3
2004-10-28,8.974,8.165,14.446,21.03,130.4
2004-10-29,5.501,8.816,14.668,21.984,109.6
2004-10-30,3.552,9.967,14.171,23.052,73.1
2004-10-31,0.567,8.607,14.886,21.91,73.1
2004-11-01,1.401,11.021,13.674,24.095,64.8
2004-11-02,20.823,8.511,15.043,21.989,90.1
2004-11-03,7.106,9.755,14.682,23.25,63.7
2004-11-04,7.022,8.625,15.696,22.641,88.7
2004-11-05,20.599,9.002,15.587,23.054,146.3
2004-11-06,0.0,6.971,15.693,20.753,102.5
2004-11-07,3.958,8.752,15.524,22.696,92.8
2004-11-08,38.392,7.559,15.386,21.204,145.3
2004-11-09,3.38,7.643,15.951,21.747,146.3
2004-11-10,3.093,7.771,15.136,21.288,161.5
2004-11-11,0.0,10.278,14.299,23.799,115.1
2004-11-12,1.005,7.487,16.098,21.701,164.7
2004-11-13,0.0,7.96,15.957,22.185,246.4
2004-11-14,16.357,7.84,15.351,21.584,327.3
2004-11-15,1.865,9.481,14.462,22.995,209.6
2004-11-16,18.8,8.696,14.802,22.272,174.9
2004-11-17,8.536,7.452,15.943,21.652,185.9
2004-11-18,21.66,9.27,15.209,23.283,209.9
2004-11-19,6.893,7.622,15.788,21.764,151.6
2004-11-20,20.194,8.124,15.158,21.905,231.5
2004-11-21,0.0,8.984,14.717,22.647,129.8
2004-11-22,0.0,11.423,13.747,25.12,105.3
2004-11-23,17.245,10.56,12.522,23.242,93.2
2004-11-24,7.205,9.52,13.321,22.405,82.4
2004-11-25,6.541,7.563,14.758,20.967,91.5
2004-11-26,33.047,8.165,14.489,21.557,269.7
2004-11-27,0.0,8.062,14.671,21.571,150.4
2004-11-28,5.438,10.079,14.12,23.75,173.7
2004-11-29,0.0,8.026,15.962,22.503,110.8
2004-11-30,0.093,9.414,15.196,23.682,95.5
2004-12-01,7.943,6.515,16.277,20.967,98.1
2004-12-02,4.667,6.146,15.758,20.139,120.6
2004-12-03,0.0,7.777,15.742,22.068,101.4
2004-12-04,4.049,8.888,15.144,22.995,80.8
2004-12-05,0.098,6.942,16.386,21.541,76.4
2004-12-06,18.977,9.23,15.497,23.701,82.0
2004-12-07,3.385,7.973,15.283,21.986,83.5
2004-12-08,6.936,7.304,15.679,21.524,151.2
2004-12-09,3.601,9.459,13.935,22.924,111.3
2004-12-10,0.0,8.807,16.057,23.601,111.0
2004-12-11,8.091,6.617,16.318,21.212,152.4
2004-12-12,1.402,7.412,16.236,22.054,134.5
2004-12-13,0.588,8.006,16.209,22.712,128.2
2004-12-14,3.46,9.917,14.709,24.087,99.0
2004-12-15,35.335,4.995,16.198,19.285,154.3
2004-12-16,0.691,8.167,15.332,22.291,124.5
2004-12-17,10.277,5.437,14.965,18.693,139.1
2004-12-18,0.0,8.533,15.22,22.679,166.5
2004-12-19,0.0,7.642,15.728,21.954,121.1
2004-12-20,0.0,10.279,14.448,24.389,98.9
2004-12-21,0.204,9.594,14.785,23.72,90.1
2004-12-22,3.905,9.376,14.848,23.486,84.1
2004-12-23,3.218,9.728,13.897,23.255,81.3
2004-12-24,0.549,9.562,14.66,23.579,80.8
2004-12-25,3.606,9.122,15.272,23.418,80.8
2004-12-26,16.903,9.896,13.962,23.503,112.8
2004-12-27,0.216,9.263,14.812,23.277,103.9
2004-12-28,0.0,8.76,14.641,22.489,150.5
2004-12-29,0.0,9.479,14.024,22.976,140.4
2004-12-30,0.0,8.295,15.09,22.196,99.5
2004-12-31,0.0,9.218,14.152,22.723,89.8
2005-01-01,0.0,9.717,13.576,22.995,82.4
2005-01-02,0.0,10.447,13.065,23.59,77.5
2005-01-03,4.714,9.73,14.264,23.446,68.1
2005-01-04,1.013,9.57,14.291,23.264,62.6
2005-01-05,0.569,8.923,15.793,23.473,64.8
2005-01-06,0.654,9.25,15.302,23.53,64.8
2005-01-07,3.573,9.417,16.196,24.351,64.8
2005-01-08,11.553,8.241,16.329,23.035,64.8
2005-01-09,10.348,8.663,14.957,22.489,64.8
2005-01-10,0.0,8.982,14.927,22.878,62.6
2005-01-11,0.0,9.357,15.723,23.889,59.9
2005-01-12,1.492,9.051,15.997,23.715,61.0
2005-01-13,0.0,9.731,15.834,24.413,54.5
2005-01-14,3.241,8.531,14.818,22.209,51.9
2005-01-15,32.323,7.425,15.709,21.508,74.7
2005-01-16,0.118,7.997,16.582,22.791,64.8
2005-01-17,1.094,6.856,16.416,21.323,64.4
2005-01-18,0.0,8.843,15.329,22.837,72.0
2005-01-19,0.0,8.963,15.829,23.342,119.6
2005-01-20,0.0,6.972,15.209,20.459,140.0
2005-01-21,9.049,8.135,15.924,22.397,198.7
2005-01-22,2.302,8.618,15.87,22.894,127.8
2005-01-23,0.847,9.845,14.897,23.693,122.1
2005-01-24,2.202,8.113,14.022,20.905,138.5
2005-01-25,0.0,10.038,14.747,23.783,99.5
2005-01-26,0.0,10.794,14.443,24.5,83.6
2005-01-27,0.0,10.728,14.826,24.674,76.6
2005-01-28,0.0,9.908,15.766,24.28,71.4
2005-01-29,9.667,9.076,15.736,23.223,73.1
2005-01-30,21.574,8.459,15.315,22.147,141.6
2005-01-31,0.0,10.013,15.402,24.073,78.5
2005-02-01,0.226,8.533,15.204,22.144,65.3
2005-02-02,2.488,9.87,15.489,23.932,64.8
2005-02-03,2.528,8.99,15.889,23.141,70.8
2005-02-04,0.914,9.862,15.391,23.791,59.9
2005-02-05,3.673,9.502,16.696,24.264,50.4
2005-02-06,0.0,10.148,16.84,25.13,50.4
2005-02-07,0.544,9.251,17.13,24.293,50.4
2005-02-08,20.552,8.274,16.522,22.736,69.2
2005-02-09,7.737,8.567,16.731,23.155,121.8
2005-02-10,4.025,7.118,16.247,21.185,109.0
2005-02-11,29.954,7.811,17.125,22.641,149.0
2005-02-12,32.769,6.767,16.932,21.296,167.1
2005-02-13,2.952,10.834,15.584,24.891,123.6
2005-02-14,0.0,9.815,16.595,24.432,83.0
2005-02-15,0.0,9.83,15.011,23.293,72.0
2005-02-16,0.0,7.763,15.965,21.565,63.2
2005-02-17,0.0,8.702,16.562,23.046,61.5
2005-02-18,0.0,12.217,14.66,25.81,56.6
2005-02-19,0.0,9.993,15.087,23.435,56.6
2005-02-20,0.286,10.825,15.073,24.394,56.6
2005-02-21,0.0,9.765,15.929,23.742,53.5
2005-02-22,0.0,11.217,15.924,25.405,50.4
2005-02-23,0.0,10.669,15.505,24.443,48.8
2005-02-24,0.0,10.767,15.976,24.889,44.2
2005-02-25,0.0,13.195,15.304,27.253,42.2
2005-02-26,0.0,10.337,15.446,23.957,41.2
2005-02-27,2.904,10.789,15.747,24.679,39.8
2005-02-28,2.568,8.099,16.035,21.856,40.3
2005-03-01,0.0,10.924,15.274,24.476,50.9
2005-03-02,0.0,8.682,16.962,23.177,42.2
2005-03-03,5.915,9.664,16.174,23.647,37.0
2005-03-04,26.507,5.499,16.867,19.859,136.2
2005-03-05,0.0,9.172,16.285,23.185,83.6
2005-03-06,0.205,9.359,15.609,22.91,68.7
2005-03-07,26.155,9.197,16.149,23.033,147.2
2005-03-08,2.556,8.745,16.128,22.595,120.9
2005-03-09,2.426,11.032,15.106,24.418,122.9
2005-03-10,8.372,11.382,15.44,25.016,98.3
2005-03-11,0.0,11.204,15.128,24.552,77.5
2005-03-12,0.0,11.639,15.351,25.19,64.8
2005-03-13,5.639,12.365,15.606,26.215,62.1
2005-03-14,0.0,12.053,14.413,25.022,53.5
2005-03-15,3.223,11.457,15.348,24.951,49.8
2005-03-16,0.0,11.048,15.144,24.332,47.3
2005-03-17,13.648,11.205,15.277,24.592,47.3
2005-03-18,13.18,9.561,15.247,22.674,64.8
2005-03-19,2.423,10.99,14.728,23.954,64.8
2005-03-20,7.856,10.815,14.717,23.739,64.8
2005-03-21,8.714,10.279,14.679,23.109,63.2
2005-03-22,0.098,11.236,14.568,24.106,48.3
2005-03-23,0.0,10.092,16.201,23.97,44.2
2005-03-24,1.747,8.845,16.079,22.486,44.2
2005-03-25,0.0,10.438,14.405,23.087,44.2
2005-03-26,0.652,11.14,13.962,23.579,78.1
2005-03-27,1.944,9.307,14.938,22.196,132.1
2005-03-28,0.0,9.897,15.329,23.144,74.2
2005-03-29,20.363,8.534,15.304,21.66,73.1
2005-03-30,1.058,11.029,15.283,24.416,69.8
2005-03-31,1.594,9.933,15.068,22.973,55.0
2005-04-01,3.229,9.587,15.231,22.728,64.8
2005-04-02,12.389,9.325,14.932,22.174,64.8
2005-04-03,2.307,10.159,14.34,22.712,72.0
2005-04-04,0.0,10.309,16.215,24.22,58.5
2005-04-05,3.353,9.545,16.386,23.495,51.9
2005-04-06,7.094,7.807,16.155,21.443,50.9
2005-04-07,3.085,9.404,16.56,23.511,45.3
2005-04-08,9.374,9.334,16.158,23.111,50.4
2005-04-09,6.693,9.14,16.777,23.386,49.3
2005-04-10,5.01,10.001,15.389,23.318,48.8
2005-04-11,16.998,7.652,15.834,21.071,86.5
2005-04-12,0.0,7.834,15.076,20.677,54.0
2005-04-13,1.758,11.194,15.546,24.804,62.1
2005-04-14,9.261,10.773,15.462,24.274,45.8
2005-04-15,0.501,8.497,16.796,22.742,41.7
2005-04-16,0.027,10.953,15.628,24.628,41.2
2005-04-17,1.454,6.96,16.389,20.793,41.2
2005-04-18,8.216,9.487,15.033,22.562,38.4
2005-04-19,3.11,11.358,15.111,24.766,38.4
2005-04-20,12.291,7.988,16.166,21.793,70.3
2005-04-21,26.824,7.198,16.005,20.791,103.0
2005-04-22,3.457,8.565,15.853,22.147,50.9
2005-04-23,9.139,8.468,16.924,22.861,59.9
2005-04-24,3.22,9.222,16.318,23.231,103.1
2005-04-25,0.935,10.626,15.639,24.375,124.5
2005-04-26,8.397,10.083,14.875,23.215,62.6
2005-04-27,11.96,10.286,14.625,23.264,56.1
2005-04-28,2.973,10.719,15.878,24.72,50.4
2005-04-29,0.987,8.402,16.649,22.679,84.1
2005-04-30,1.178,9.108,14.87,22.149,104.3
2005-05-01,8.988,10.135,15.361,23.688,76.4
2005-05-02,8.668,10.486,14.527,23.522,202.3
2005-05-03,18.827,8.973,15.704,22.62,166.3
2005-05-04,7.087,9.427,15.484,22.989,145.8
2005-05-05,5.077,8.3,15.973,22.095,115.4
2005-05-06,4.289,8.86,15.668,22.533,137.3
2005-05-07,0.362,10.531,15.465,24.329,76.2
2005-05-08,10.741,9.954,15.245,23.5,64.8
2005-05-09,8.213,8.945,15.783,22.726,128.6
2005-05-10,4.883,9.835,15.734,23.717,115.6
2005-05-11,7.93,9.794,17.255,24.815,64.3
2005-05-12,0.0,10.247,16.402,24.742,59.9
2005-05-13,1.845,10.222,16.427,24.739,61.0
2005-05-14,38.467,6.185,16.076,19.97,197.7
2005-05-15,0.0,8.94,15.671,22.726,165.0
2005-05-16,9.318,7.385,16.101,21.288,317.5
2005-05-17,11.186,7.626,15.603,21.188,149.4
2005-05-18,0.055,8.119,15.554,21.726,163.9
2005-05-19,9.098,7.859,16.16,21.878,140.3
2005-05-20,0.0,11.829,15.274,25.965,93.2
2005-05-21,1.801,10.576,15.492,24.641,81.3
2005-05-22,3.123,8.098,15.932,22.033,81.3
2005-05-23,21.571,6.36,15.489,19.755,172.8
2005-05-24,0.0,10.57,13.386,23.217,105.9
2005-05-25,2.915,9.294,15.264,22.986,90.9
2005-05-26,2.026,9.59,14.065,22.462,94.3
2005-05-27,10.564,9.531,15.212,23.247,81.9
2005-05-28,5.904,10.385,14.606,23.853,76.4
2005-05-29,0.179,10.691,14.163,23.94,73.1
2005-05-30,0.447,10.807,14.443,24.291,68.1
2005-05-31,6.205,8.893,15.861,22.989,76.4
2005-06-01,2.637,9.33,15.304,23.144,64.8
2005-06-02,0.977,7.769,15.524,21.476,77.5
2005-06-03,8.355,8.082,15.601,21.867,64.8
2005-06-04,6.045,7.976,16.274,22.291,73.1
2005-06-05,15.614,9.436,15.359,23.342,134.6
2005-06-06,7.448,8.652,15.394,22.446,151.9
2005-06-07,10.544,7.184,15.568,20.864,163.8
2005-06-08,1.175,9.721,15.027,23.503,117.9
2005-06-09,16.003,7.674,15.976,21.736,106.0
2005-06-10,2.415,9.302,14.84,22.834,75.8
2005-06-11,7.719,8.015,15.492,21.777,125.5
2005-06-12,6.617,8.898,15.337,22.704,104.6
2005-06-13,0.0,10.726,14.91,24.671,64.8
2005-06-14,1.48,8.889,16.196,23.367,64.8
2005-06-15,8.729,9.305,16.005,23.745,67.6
2005-06-16,0.035,10.155,16.454,25.082,56.6
2005-06-17,2.686,9.56,15.712,23.823,53.5
2005-06-18,0.0,9.878,14.989,23.704,48.8
2005-06-19,0.369,9.107,15.641,23.226,48.8
2005-06-20,8.123,8.951,14.269,22.043,48.8
2005-06-21,0.752,9.773,14.416,23.16,56.7
2005-06-22,1.98,8.152,15.704,22.166,48.8
2005-06-23,4.286,9.289,14.617,22.731,48.8
2005-06-24,0.15,10.659,14.318,24.209,46.3
2005-06-25,0.117,9.755,15.114,23.66,44.2
2005-06-26,0.0,9.254,15.253,23.114,44.2
2005-06-27,7.853,8.311,15.231,21.962,45.8
2005-06-28,0.785,8.116,15.644,22.054,48.8
2005-06-29,12.354,6.594,14.481,19.359,45.8
2005-06-30,0.0,7.277,14.628,20.304,53.0
2005-07-01,0.0,10.211,14.562,23.799,44.2
2005-07-02,5.222,8.81,14.731,22.182,41.7
2005-07-03,0.0,11.235,12.989,24.0,41.7
2005-07-04,1.505,10.076,13.628,22.978,42.7
2005-07-05,0.132,10.011,14.587,23.546,46.3
2005-07-06,15.463,9.29,14.766,22.75,65.9
2005-07-07,4.068,10.886,14.443,24.511,70.3
2005-07-08,0.0,11.525,14.489,25.351,46.8
2005-07-09,1.726,10.674,14.122,24.019,44.7
2005-07-10,2.594,11.181,15.217,25.389,38.5
2005-07-11,0.0,10.569,14.927,24.446,35.6
2005-07-12,1.466,8.59,15.736,22.622,35.6
2005-07-13,1.788,9.16,14.497,22.394,33.8
2005-07-14,13.182,6.809,15.726,20.56,32.0
2005-07-15,1.638,8.13,14.628,21.234,53.5
2005-07-16,2.611,9.265,14.78,22.696,42.7
2005-07-17,7.84,9.287,15.655,23.321,57.2
2005-07-18,4.894,9.534,15.293,23.337,46.8
2005-07-19,5.987,8.907,15.128,22.427,51.4
2005-07-20,4.113,9.355,15.519,23.296,52.4
2005-07-21,0.0,9.604,14.696,22.978,40.3
2005-07-22,0.319,9.74,15.598,23.747,37.0
2005-07-23,4.495,11.395,14.266,24.851,36.1
2005-07-24,0.0,10.461,15.75,24.715,35.6
2005-07-25,0.0,10.558,16.209,25.141,33.8
2005-07-26,0.0,11.426,15.682,25.799,32.0
2005-07-27,0.0,11.365,16.022,25.938,32.0
2005-07-28,2.081,9.564,16.429,24.082,32.0
2005-07-29,0.0,10.357,16.788,25.272,32.0
2005-07-30,0.565,8.284,16.562,22.712,30.3
2005-07-31,0.0,10.849,15.204,24.712,29.5
2005-08-01,0.212,9.508,15.196,23.087,28.6
2005-08-02,0.126,10.184,15.652,24.198,28.6
2005-08-03,0.0,10.201,15.179,23.87,27.9
2005-08-04,0.0,9.339,15.712,23.204,26.6
2005-08-05,0.236,8.297,15.815,22.095,25.9
2005-08-06,0.0,10.614,15.734,24.704,25.6
2005-08-07,0.338,10.476,15.755,24.533,25.6
2005-08-08,4.133,9.402,15.467,23.06,25.6
2005-08-09,1.395,10.989,15.06,24.62,25.6
2005-08-10,0.487,9.809,15.644,23.647,24.5
2005-08-11,2.374,8.884,15.351,22.321,21.5
2005-08-12,0.0,10.301,14.769,23.579,21.5
2005-08-13,4.296,8.825,15.723,22.543,21.5
2005-08-14,4.038,8.439,15.312,21.807,28.0
2005-08-15,0.288,8.114,15.788,21.788,27.6
2005-08-16,6.517,10.079,14.66,23.177,31.6
2005-08-17,8.327,8.228,15.408,21.579,30.8
2005-08-18,0.151,10.335,13.462,22.636,30.5
2005-08-19,8.457,9.62,14.81,22.674,28.6
2005-08-20,0.0,11.036,14.625,24.231,27.2
2005-08-21,4.076,8.222,15.728,21.772,24.5
2005-08-22,8.216,8.083,15.524,21.462,23.5
2005-08-23,6.51,9.553,14.69,22.505,27.6
2005-08-24,14.523,8.023,13.598,19.916,35.1
2005-08-25,0.0,10.734,13.296,22.91,37.0
2005-08-26,1.688,9.149,14.345,21.764,28.6
2005-08-27,2.352,11.4,11.704,22.658,29.4
2005-08-28,1.003,9.493,14.046,21.932,33.1
2005-08-29,0.0,9.425,14.641,22.266,32.0
2005-08-30,4.264,10.939,13.774,23.448,26.6
2005-08-31,3.392,9.937,14.326,22.63,25.9
2005-09-01,1.483,10.5,14.522,23.44,30.1
2005-09-02,1.091,9.434,14.13,21.867,25.6
2005-09-03,8.163,10.038,14.22,22.674,25.6
2005-09-04,0.049,10.996,14.418,23.902,27.2
2005-09-05,11.626,9.498,16.231,23.465,27.6
2005-09-06,0.141,10.607,14.136,23.236,26.6
2005-09-07,3.022,9.811,15.88,23.541,25.6
2005-09-08,0.043,9.993,15.397,23.402,24.9
2005-09-09,0.048,10.479,14.652,23.435,24.2
2005-09-10,3.082,9.248,16.046,23.03,23.2
2005-09-11,0.579,9.092,15.769,22.649,19.8
2005-09-12,0.0,10.317,14.495,23.128,19.7
2005-09-13,0.691,10.605,13.076,22.486,21.5
2005-09-14,0.0,10.13,14.448,22.861,22.5
2005-09-15,0.0,9.698,15.255,22.948,23.5
2005-09-16,0.0,10.766,15.766,24.538,21.3
2005-09-17,0.0,11.428,15.035,24.815,19.7
2005-09-18,0.0,12.273,14.44,25.402,18.6
2005-09-19,0.774,9.781,16.573,24.038,18.0
2005-09-20,0.86,10.2,15.103,23.467,18.0
2005-09-21,3.871,10.349,14.878,23.484,18.0
2005-09-22,0.19,8.839,14.845,21.728,18.0
2005-09-23,39.885,7.03,15.783,20.451,42.1
2005-09-24,2.97,8.757,15.06,21.821,37.0
2005-09-25,3.197,11.319,13.337,23.557,38.4
2005-09-26,8.191,8.545,13.639,20.489,54.0
2005-09-27,6.426,8.835,14.981,21.804,48.8
2005-09-28,15.683,9.398,15.106,22.568,63.7
2005-09-29,8.249,9.333,13.223,21.147,50.4
2005-09-30,4.321,10.118,15.802,23.908,39.8
2005-10-01,24.412,6.314,15.345,19.326,35.6
2005-10-02,0.897,10.75,13.209,22.87,57.7
2005-10-03,0.298,10.051,14.06,22.641,39.8
2005-10-04,16.066,9.561,15.014,22.758,49.1
2005-10-05,2.377,11.519,12.753,23.541,39.8
2005-10-06,0.929,9.72,14.12,22.291,37.5
2005-10-07,0.269,8.891,15.095,22.065,45.3
2005-10-08,0.265,9.981,14.128,22.666,39.3
2005-10-09,35.601,7.072,14.864,19.851,37.0
2005-10-10,9.393,9.348,14.302,22.024,168.9
2005-10-11,10.417,10.45,14.984,23.84,85.8
2005-10-12,1.801,10.144,15.196,23.633,63.7
2005-10-13,19.641,8.88,15.503,22.413,107.3
2005-10-14,12.318,9.655,15.269,23.152,76.4
2005-10-15,6.552,7.796,14.878,20.723,166.0
2005-10-16,0.0,9.204,15.071,22.492,91.5
2005-10-17,5.215,8.739,15.334,22.171,188.0
2005-10-18,16.133,9.401,14.027,22.022,113.2
2005-10-19,3.296,9.776,13.957,22.438,85.8
2005-10-20,17.494,8.095,13.587,20.185,82.5
2005-10-21,15.307,10.579,14.614,23.918,102.6
2005-10-22,16.671,8.504,15.299,21.951,108.5
2005-10-23,14.593,7.119,15.872,20.845,119.0
2005-10-24,31.334,6.886,14.954,19.878,317.0
2005-10-25,12.692,7.885,14.948,21.014,456.8
2005-10-26,18.018,8.317,14.19,20.976,325.9
2005-10-27,0.465,8.887,15.94,22.951,244.0
2005-10-28,6.321,5.62,15.709,19.158,168.1
2005-10-29,5.467,9.095,15.136,22.655,329.1
2005-10-30,4.968,7.549,15.334,21.043,254.0
2005-10-31,3.744,7.851,16.071,21.946,229.0
2005-11-01,23.552,7.002,15.457,20.514,195.5
2005-11-02,5.181,7.623,15.538,21.31,276.7
2005-11-03,0.077,8.338,15.155,21.856,168.1
2005-11-04,12.81,8.29,14.736,21.511,134.9
2005-11-05,2.517,7.59,15.674,21.476,135.8
2005-11-06,7.592,9.605,14.258,22.804,115.8
2005-11-07,2.752,8.859,14.973,22.435,134.9
2005-11-08,3.341,9.861,12.56,22.008,125.3
2005-11-09,18.818,7.161,15.565,20.935,177.1
2005-11-10,29.285,7.462,15.66,21.337,164.1
2005-11-11,9.109,4.83,16.171,18.905,177.5
2005-11-12,0.0,7.877,15.351,21.606,148.3
2005-11-13,13.967,6.193,16.253,20.348,115.8
2005-11-14,2.025,8.016,14.196,20.932,153.7
2005-11-15,19.513,8.063,15.304,21.837,160.0
2005-11-16,16.44,8.374,15.272,22.223,201.7
2005-11-17,6.604,7.705,14.503,20.826,205.7
2005-11-18,0.481,6.707,16.098,20.91,182.5
2005-11-19,2.785,8.507,15.671,22.685,300.0
2005-11-20,7.213,9.122,15.038,23.033,229.0
2005-11-21,18.307,7.522,15.87,21.693,229.0
2005-11-22,41.261,6.91,15.19,20.443,432.9
2005-11-23,0.591,7.568,13.957,20.326,581.7
2005-11-24,0.0,9.112,14.924,22.976,384.3
2005-11-25,0.0,10.304,13.685,23.666,337.0
2005-11-26,1.599,7.219,15.916,21.435,319.1
2005-11-27,0.0,8.701,14.495,22.207,267.3
2005-11-28,0.0,9.868,14.508,23.745,267.3
2005-11-29,0.0,9.275,14.484,22.967,235.3
2005-11-30,8.506,8.533,15.022,22.389,210.2
2005-12-01,0.0,9.289,14.264,22.842,235.3
2005-12-02,0.284,9.502,14.139,23.03,243.8
2005-12-03,0.0,9.966,14.497,23.902,230.3
2005-12-04,9.466,7.426,15.543,21.516,249.1
2005-12-05,2.486,6.402,15.171,19.951,337.3
2005-12-06,0.0,7.659,14.978,21.326,426.2
2005-12-07,0.0,8.74,14.891,22.647,256.3
2005-12-08,1.593,7.349,15.31,21.226,332.0
2005-12-09,6.925,9.084,14.647,22.91,351.5
2005-12-10,0.0,9.279,15.505,23.807,224.3
2005-12-11,0.0,8.88,15.234,23.12,191.0
2005-12-12,64.541,7.29,15.639,21.429,282.3
2005-12-13,2.106,9.201,14.701,23.163,191.0
2005-12-14,29.622,7.076,15.565,21.139,239.6
2005-12-15,4.031,9.255,14.438,23.022,287.6
2005-12-16,4.604,8.86,15.296,23.122,262.0
2005-12-17,4.839,8.47,15.318,22.652,200.5
2005-12-18,0.0,8.92,14.582,22.712,195.8
2005-12-19,0.079,7.502,14.065,20.533,188.2
2005-12-20,4.934,8.417,14.698,22.141,205.2
2005-12-21,14.044,7.387,15.071,21.133,205.2
2005-12-22,11.652,6.723,14.989,20.277,207.5
2005-12-23,5.471,6.745,15.75,20.897,185.4
2005-12-24,4.965,6.651,15.962,20.97,213.2
2005-12-25,0.297,8.145,13.976,21.315,222.3
2005-12-26,0.092,8.481,14.986,22.446,255.2
2005-12-27,2.708,8.716,14.731,22.543,195.1
2005-12-28,0.0,9.146,13.261,22.079,168.9
2005-12-29,0.095,9.026,14.247,22.573,189.2
2005-12-30,0.129,8.755,14.302,22.231,184.4
2005-12-31,0.0,10.785,12.549,23.742,161.0
2006-01-01,0.0,9.6,13.717,22.959,149.6
2006-01-02,0.0,9.369,13.454,22.457,140.5
2006-01-03,2.419,6.511,15.386,20.272,138.0
2006-01-04,0.481,6.566,14.688,19.758,301.2
2006-01-05,0.0,6.964,14.696,20.242,409.1
2006-01-06,0.0,6.487,14.997,19.908,451.2
2006-01-07,0.0,6.481,14.739,19.655,426.5
2006-01-08,0.0,7.146,14.932,20.633,322.2
2006-01-09,2.779,9.944,13.438,23.076,280.9
2006-01-10,13.031,9.435,14.399,23.082,328.4
2006-01-11,25.104,7.481,16.111,21.965,339.8
2006-01-12,2.65,8.737,15.905,23.223,262.0
2006-01-13,0.301,10.226,14.579,24.133,205.5
2006-01-14,0.192,10.135,13.383,23.212,172.5
2006-01-15,27.981,7.985,15.079,21.644,191.0
2006-01-16,2.971,7.047,15.94,21.209,220.3
2006-01-17,0.0,9.07,14.185,22.323,200.8
2006-01-18,10.296,9.268,14.709,22.932,178.8
2006-01-19,0.0,8.321,14.505,21.592,161.0
2006-01-20,0.0,9.888,13.832,23.068,150.4
2006-01-21,0.0,8.479,14.424,21.698,135.5
2006-01-22,0.0,10.33,14.168,23.826,125.6
2006-01-23,0.0,7.962,15.965,22.168,124.1
2006-01-24,2.213,8.126,14.285,21.095,117.1
2006-01-25,0.229,10.066,14.918,23.916,113.3
2006-01-26,0.0,8.383,16.136,22.755,110.2
2006-01-27,50.195,6.909,16.293,21.139,102.5
2006-01-28,12.35,8.203,15.682,22.163,107.1
2006-01-29,3.868,8.397,13.935,21.087,186.3
2006-01-30,0.0,10.04,14.109,23.239,128.9
2006-01-31,3.264,7.858,15.552,21.617,107.9
2006-02-01,0.0,7.644,15.557,21.408,127.8
2006-02-02,4.805,8.118,14.929,21.427,126.4
2006-02-03,0.0,7.747,16.149,21.932,121.0
2006-02-04,4.788,6.954,14.992,20.141,138.8
2006-02-05,32.522,7.703,15.136,21.003,204.8
2006-02-06,19.522,8.15,15.087,21.514,216.3
2006-02-07,0.0,9.971,14.823,23.481,138.0
2006-02-08,0.0,8.447,16.212,22.639,124.9
2006-02-09,0.0,9.79,14.41,22.938,113.3
2006-02-10,0.0,10.566,14.856,24.147,103.3
2006-02-11,0.0,10.266,15.217,24.014,94.65
2006-02-12,0.0,10.317,15.019,23.91,91.8
2006-02-13,0.115,11.099,14.321,24.367,101.8
2006-02-14,0.0,10.247,15.356,24.011,94.65
2006-02-15,0.0,10.666,14.125,23.644,89.66
2006-02-16,0.0,11.625,14.071,24.769,87.52
2006-02-17,0.0,10.144,15.166,23.701,87.52
2006-02-18,3.442,10.493,15.16,24.073,81.1
2006-02-19,1.553,9.741,15.715,23.562,78.43
2006-02-20,8.862,10.736,14.804,24.098,77.1
2006-02-21,4.371,8.723,15.285,22.052,84.05
2006-02-22,4.732,10.306,14.253,23.152,94.65
2006-02-23,0.0,10.635,14.709,23.87,68.67
2006-02-24,0.0,10.604,14.783,23.837,65.46
2006-02-25,0.098,9.693,14.739,22.715,61.7
2006-02-26,1.038,7.825,16.747,22.12,61.7
2006-02-27,9.458,8.619,14.688,21.418,96.94
2006-02-28,0.0,10.291,14.88,23.448,75.1
2006-03-01,3.179,10.97,14.321,23.856,70.01
2006-03-02,12.23,11.386,14.443,24.408,79.1
2006-03-03,0.0,9.782,15.481,23.272,64.83
2006-03-04,0.617,10.333,15.179,23.674,62.33
2006-03-05,0.411,9.646,15.285,22.913,61.7
2006-03-06,33.938,7.428,16.576,21.492,68.84
2006-03-07,11.667,7.119,16.008,20.734,89.71
2006-03-08,4.614,7.351,15.777,20.739,89.66
2006-03-09,4.664,8.796,15.685,22.255,124.6
2006-03-10,0.561,9.111,15.606,22.505,116.6
2006-03-11,8.471,9.273,13.274,21.0,93.23
2006-03-12,17.445,10.236,13.652,22.413,104.0
2006-03-13,0.263,9.74,14.929,22.707,195.1
2006-03-14,5.941,9.38,16.179,23.228,138.8
2006-03-15,13.698,7.071,16.228,20.766,190.1
2006-03-16,7.055,9.001,15.0,21.88,160.1
2006-03-17,11.468,7.55,15.935,21.022,179.8
2006-03-18,2.549,8.036,15.223,20.981,187.9
2006-03-19,4.64,9.237,15.114,22.247,165.4
2006-03-20,14.816,8.712,14.761,21.383,198.4
2006-03-21,4.79,9.737,14.337,22.231,138.0
2006-03-22,15.862,8.246,15.53,21.429,209.7
2006-03-23,1.71,8.787,15.402,21.951,166.8
2006-03-24,19.231,5.898,15.864,19.242,334.6
2006-03-25,12.69,6.947,15.416,19.929,189.2
2006-03-26,2.61,10.691,14.94,23.726,148.7
2006-03-27,0.79,9.196,15.076,22.136,153.3
2006-03-28,0.0,9.796,15.296,22.962,148.9
2006-03-29,1.887,10.779,15.579,24.291,114.1
2006-03-30,10.96,10.63,15.28,23.905,103.3
2006-03-31,0.0,9.484,13.47,21.291,123.3
2006-04-01,2.591,10.428,14.454,23.125,129.8
2006-04-02,13.539,8.804,15.693,22.239,213.5
2006-04-03,2.37,9.454,14.636,22.141,113.3
2006-04-04,21.13,7.764,15.101,20.535,150.7
2006-04-05,10.741,7.426,16.163,21.033,148.3
2006-04-06,0.207,9.722,15.179,22.823,220.6
2006-04-07,6.423,7.241,15.087,20.035,168.1
2006-04-08,3.835,8.357,15.723,21.766,174.3
2006-04-09,9.209,8.657,14.902,21.47,216.1
2006-04-10,11.709,9.825,14.516,22.484,152.2
2006-04-11,1.931,9.739,15.481,23.101,133.0
2006-04-12,23.155,5.338,16.035,18.886,345.5
2006-04-13,6.779,8.254,15.272,21.302,224.9
2006-04-14,17.716,8.241,14.764,20.861,316.1
2006-04-15,2.427,10.713,14.832,23.755,217.3
2006-04-16,0.07,9.226,15.242,22.359,169.8
2006-04-17,3.021,8.244,16.182,22.008,162.8
2006-04-18,8.569,8.974,15.864,22.603,152.2
2006-04-19,8.247,9.894,14.633,22.736,214.9
2006-04-20,18.836,9.689,15.318,22.984,154.8
2006-04-21,6.456,10.13,14.818,23.152,162.8
2006-04-22,0.0,10.402,15.595,24.043,143.0
2006-04-23,6.62,6.86,16.712,21.027,147.9
2006-04-24,14.333,8.955,16.321,22.954,142.1
2006-04-25,13.573,8.951,15.043,22.033,200.7
2006-04-26,1.56,6.829,15.796,20.291,321.6
2006-04-27,15.818,7.33,15.802,20.785,226.6
2006-04-28,0.856,9.261,14.94,22.296,162.8
2006-04-29,27.006,8.191,16.207,22.065,191.1
2006-04-30,9.332,6.822,16.016,20.484,342.4
2006-05-01,7.832,9.028,15.69,22.63,277.7
2006-05-02,13.005,8.821,14.764,21.723,279.2
2006-05-03,4.109,10.047,16.351,24.318,221.3
2006-05-04,4.441,8.688,15.921,22.495,251.2
2006-05-05,22.156,6.988,15.568,20.315,346.7
2006-05-06,4.913,8.734,15.421,22.163,259.8
2006-05-07,10.413,8.937,15.897,22.774,204.3
2006-05-08,15.251,8.865,15.755,22.622,342.7
2006-05-09,19.755,7.199,16.13,21.041,328.8
2006-05-10,18.019,7.945,16.06,21.807,260.3
2006-05-11,8.807,8.253,15.231,21.524,237.9
2006-05-12,11.901,8.523,15.258,21.88,296.4
2006-05-13,5.182,9.504,15.361,23.117,226.3
2006-05-14,5.185,11.055,14.266,24.269,211.3
2006-05-15,0.0,9.714,15.636,23.639,172.5
2006-05-16,5.174,9.565,15.647,23.467,166.3
2006-05-17,29.581,8.587,15.522,22.288,316.9
2006-05-18,2.319,9.986,15.245,23.717,179.9
2006-05-19,13.461,7.099,15.258,20.361,324.5
2006-05-20,3.941,9.28,14.188,22.122,186.3
2006-05-21,6.952,9.656,13.72,22.245,216.2
2006-05-22,4.268,10.967,13.614,23.823,177.0
2006-05-23,0.0,10.286,14.636,23.739,150.5
2006-05-24,1.119,8.051,16.101,22.168,138.8
2006-05-25,0.374,9.991,15.37,23.91,135.5
2006-05-26,0.052,8.875,15.535,22.696,128.9
2006-05-27,0.635,8.316,15.454,22.033,121.0
2006-05-28,4.581,9.104,14.611,22.307,115.6
2006-05-29,5.781,7.076,14.777,20.095,125.7
2006-05-30,2.151,9.42,14.022,22.293,116.4
2006-05-31,7.85,9.805,14.66,23.223,139.0
2006-06-01,4.087,7.431,15.269,20.859,109.4
2006-06-02,25.056,7.542,14.677,20.571,145.0
2006-06-03,26.336,9.051,14.432,22.196,251.2
2006-06-04,4.255,8.234,15.25,21.81,130.6
2006-06-05,23.227,7.397,14.878,20.568,324.7
2006-06-06,29.487,6.877,14.995,20.043,284.0
2006-06-07,5.414,5.416,15.122,18.628,283.8
2006-06-08,13.183,7.887,14.315,20.736,286.2
2006-06-09,0.725,6.73,14.793,19.742,334.9
2006-06-10,2.07,7.783,14.698,20.916,303.8
2006-06-11,8.002,8.194,13.484,20.5,205.3
2006-06-12,0.347,8.881,13.546,21.408,190.1
2006-06-13,1.107,9.708,14.13,22.851,168.9
2006-06-14,4.199,9.063,14.541,22.359,241.3
2006-06-15,12.809,8.929,14.739,22.323,224.3
2006-06-16,1.138,8.484,14.908,21.943,180.7
2006-06-17,0.0,8.875,14.976,22.448,157.5
2006-06-18,0.0,9.016,14.59,22.337,143.0
2006-06-19,0.0,9.771,14.796,23.435,140.5
2006-06-20,4.222,8.249,15.883,22.386,147.9
2006-06-21,0.636,7.616,15.467,21.307,132.3
2006-06-22,0.0,9.685,15.035,23.508,118.7
2006-06-23,3.719,8.744,15.541,22.739,122.5
2006-06-24,0.0,9.623,15.106,23.467,118.7
2006-06-25,1.399,9.628,14.44,22.997,110.2
2006-06-26,0.0,10.13,15.448,24.332,102.5
2006-06-27,0.16,8.485,17.09,23.565,96.08
2006-06-28,0.597,9.907,15.66,24.179,91.8
2006-06-29,0.0,11.027,15.103,25.182,89.66
2006-06-30,0.0,10.945,16.122,25.78,87.52
2006-07-01,0.0,10.523,16.785,25.723,87.52
2006-07-02,2.743,9.723,16.897,24.845,87.52
2006-07-03,0.425,9.681,16.223,24.288,85.38
2006-07-04,2.989,8.834,16.503,23.497,82.53
2006-07-05,0.084,9.402,16.413,24.106,81.1
2006-07-06,0.0,9.955,15.938,24.424,78.43
2006-07-07,0.0,8.833,17.182,24.011,73.1
2006-07-08,0.0,8.835,16.826,23.742,69.85
2006-07-09,0.385,9.288,16.304,23.859,67.34
2006-07-10,0.0,9.766,15.641,23.946,64.83
2006-07-11,0.0,9.522,15.554,23.59,63.58
2006-07-12,0.048,9.583,15.736,23.799,62.95
2006-07-13,8.991,8.265,16.72,22.986,61.7
2006-07-14,0.779,9.185,16.557,23.921,61.7
2006-07-15,1.741,9.565,15.707,23.709,61.7
2006-07-16,0.73,9.526,15.652,23.625,59.96
2006-07-17,0.528,9.925,15.63,24.079,59.38
2006-07-18,0.284,9.637,16.549,24.367,58.8
2006-07-19,3.537,10.435,16.071,24.967,58.22
2006-07-20,0.0,9.239,15.677,23.264,55.9
2006-07-21,0.627,10.159,16.035,24.573,53.0
2006-07-22,11.635,6.668,15.734,20.312,52.46
2006-07-23,0.513,8.996,15.399,22.723,51.38
2006-07-24,1.061,7.76,15.842,21.606,49.76
2006-07-25,0.245,7.996,16.201,22.144,49.76
2006-07-26,11.13,7.935,14.832,21.068,49.76
2006-07-27,8.874,8.418,14.478,21.378,66.09
2006-07-28,16.738,5.614,14.755,18.296,108.7
2006-07-29,0.0,8.595,14.285,21.345,97.17
2006-07-30,0.0,10.902,14.03,23.976,62.37
2006-07-31,0.0,10.447,14.367,23.658,54.74
2006-08-01,0.087,9.624,15.655,23.522,50.84
2006-08-02,0.0,10.181,15.611,24.155,48.14
2006-08-03,0.0,10.246,15.084,23.859,47.6
2006-08-04,0.0,9.673,15.255,23.288,44.9
2006-08-05,0.0,10.302,15.402,24.103,44.9
2006-08-06,0.502,10.589,15.095,24.231,43.4
2006-08-07,0.0,7.927,15.704,21.543,43.4
2006-08-08,0.054,8.399,16.082,22.345,41.9
2006-08-09,0.741,9.922,14.908,23.25,41.9
2006-08-10,3.488,11.307,15.348,25.185,43.94
2006-08-11,9.15,8.13,16.168,22.082,43.4
2006-08-12,0.0,10.921,14.812,24.34,39.9
2006-08-13,0.0,11.452,15.242,25.245,37.4
2006-08-14,0.0,11.261,14.88,24.764,36.55
2006-08-15,2.733,8.342,16.16,22.285,34.84
2006-08-16,0.523,9.135,14.853,22.231,47.06
2006-08-17,0.922,8.848,15.486,22.345,42.9
2006-08-18,5.449,7.453,16.177,21.326,57.73
2006-08-19,0.146,10.2,15.071,23.59,64.21
2006-08-20,0.335,10.239,14.965,23.538,57.1
2006-08-21,9.058,10.394,14.758,23.552,39.9
2006-08-22,0.0,10.105,15.527,23.772,37.62
2006-08-23,0.0,10.102,15.851,24.0,35.69
2006-08-24,2.606,9.461,15.253,22.799,40.12
2006-08-25,4.221,8.022,14.739,20.78,37.55
2006-08-26,11.492,8.645,15.408,21.973,61.93
2006-08-27,0.886,8.87,14.709,21.709,53.62
2006-08-28,1.376,9.412,14.424,22.101,42.4
2006-08-29,0.0,10.579,14.677,23.639,38.33
2006-08-30,7.115,10.588,14.177,23.28,64.19
2006-08-31,0.103,11.269,14.092,24.038,37.9
2006-09-01,3.951,9.261,14.234,21.75,40.4
2006-09-02,0.0,11.164,14.489,24.179,37.12
2006-09-03,4.48,10.022,14.929,23.16,37.76
2006-09-04,1.995,8.747,15.397,22.038,50.34
2006-09-05,6.059,10.907,14.484,23.87,36.26
2006-09-06,0.83,10.924,13.853,23.402,34.56
2006-09-07,5.311,8.65,15.106,21.677,33.42
2006-09-08,2.086,9.221,15.147,22.34,36.55
2006-09-09,1.783,9.818,15.062,22.967,35.69
2006-09-10,0.125,10.907,14.804,24.049,41.4
2006-09-11,3.489,8.785,14.878,21.641,32.56
2006-09-12,0.307,8.431,15.932,22.071,31.22
2006-09-13,13.581,9.98,14.28,22.576,39.4
2006-09-14,2.399,10.552,14.234,23.234,35.69
2006-09-15,1.679,9.681,13.984,22.024,35.69
2006-09-16,6.814,9.319,15.245,22.53,39.9
2006-09-17,5.806,8.442,14.766,21.166,43.71
2006-09-18,5.66,7.584,15.196,20.516,36.26
2006-09-19,0.0,9.765,14.261,22.318,34.27
2006-09-20,0.0,10.587,14.177,23.261,31.43
2006-09-21,0.384,11.419,13.872,24.038,30.94
2006-09-22,2.522,11.649,14.103,24.446,29.46
2006-09-23,3.229,12.001,14.696,25.283,29.46
2006-09-24,12.893,9.411,14.639,22.209,29.87
2006-09-25,5.055,11.828,14.351,24.872,30.28
2006-09-26,5.893,10.552,14.829,23.707,29.26
2006-09-27,0.0,12.026,14.177,24.997,28.23
2006-09-28,0.0,12.036,13.516,24.587,28.23
2006-09-29,0.669,10.134,14.946,23.302,28.23
2006-09-30,1.523,9.202,16.122,23.095,28.23
2006-10-01,4.607,10.319,14.312,23.098,28.85
2006-10-02,6.655,8.159,15.12,21.19,28.44
2006-10-03,9.992,9.825,14.946,22.995,31.18
2006-10-04,11.054,9.268,15.63,22.84,30.98
2006-10-05,0.0,9.905,16.092,23.927,29.26
2006-10-06,0.105,9.878,16.125,23.935,29.46
2006-10-07,4.875,10.297,15.152,23.72,30.69
2006-10-08,0.0,10.098,14.989,23.397,30.69
2006-10-09,0.712,9.372,14.304,22.076,30.08
2006-10-10,15.416,11.168,14.853,24.584,31.22
2006-10-11,28.494,6.791,14.261,19.068,39.59
2006-10-12,0.998,9.383,14.399,22.158,47.6
2006-10-13,11.89,7.343,15.383,20.571,50.5
2006-10-14,28.597,7.027,15.943,20.698,136.8
2006-10-15,1.192,7.234,15.307,20.421,130.9
2006-10-16,0.761,8.824,14.261,21.462,121.8
2006-10-17,4.157,7.727,14.171,20.098,105.0
2006-10-18,0.245,10.766,13.902,23.584,109.4
2006-10-19,2.647,7.643,14.88,20.587,107.3
2006-10-20,0.309,9.024,15.489,22.666,90.51
2006-10-21,0.427,10.864,14.649,24.274,66.09
2006-10-22,6.516,9.358,15.337,22.997,55.9
2006-10-23,0.549,8.372,14.413,21.158,55.32
2006-10-24,0.608,10.478,14.168,23.571,59.38
2006-10-25,0.0,9.933,14.785,23.353,55.9
2006-10-26,11.823,9.334,14.785,22.666,50.84
2006-10-27,0.121,10.436,14.633,23.891,45.98
2006-10-28,37.446,7.134,15.91,20.989,82.27
2006-10-29,2.994,8.969,15.177,22.541,69.89
2006-10-30,11.084,5.331,15.636,18.889,166.8
2006-10-31,6.098,8.282,15.272,21.845,143.5
2006-11-01,1.765,6.441,16.185,20.459,156.7
2006-11-02,0.0,9.035,15.228,22.712,181.2
2006-11-03,2.064,9.61,15.715,23.774,158.5
2006-11-04,0.135,10.945,13.88,24.201,117.9
2006-11-05,26.208,7.797,14.712,20.927,107.9
2006-11-06,1.049,7.837,15.465,21.546,110.1
2006-11-07,21.796,7.415,15.478,21.098,202.6
2006-11-08,9.888,6.187,15.736,19.886,228.0
2006-11-09,7.788,8.523,14.829,21.938,291.9
2006-11-10,26.457,9.314,14.861,22.948,191.0
2006-11-11,6.38,8.337,15.38,22.168,161.9
2006-11-12,32.208,6.792,14.462,19.658,176.1
2006-11-13,7.862,7.219,14.497,20.185,170.0
2006-11-14,1.738,6.36,14.696,19.329,183.2
2006-11-15,5.729,7.306,14.674,20.421,255.3
2006-11-16,9.955,8.442,14.264,21.522,242.5
2006-11-17,9.601,7.757,14.663,20.981,190.1
2006-11-18,3.478,8.616,13.644,21.334,180.7
2006-11-19,0.0,10.237,12.47,22.668,160.6
2006-11-20,7.854,7.727,14.579,20.932,201.9
2006-11-21,23.336,9.725,13.995,23.079,199.0
2006-11-22,1.616,8.278,14.739,21.785,135.5
2006-11-23,0.446,8.706,14.136,21.927,115.6
2006-11-24,7.42,7.317,15.277,21.038,124.1
2006-11-25,0.115,7.744,15.457,21.701,118.7
2006-11-26,12.984,8.22,14.606,21.69,125.7
2006-11-27,4.847,7.902,14.647,21.304,117.9
2006-11-28,0.0,7.945,14.984,21.655,103.3
2006-11-29,6.008,6.589,15.668,20.579,96.08
2006-11-30,0.0,9.005,14.91,22.932,96.08
2006-12-01,0.1,9.614,14.087,23.152,91.8
2006-12-02,8.209,7.554,15.28,21.424,95.37
2006-12-03,5.299,8.56,15.076,22.527,121.1
2006-12-04,0.091,9.055,15.967,23.796,101.8
2006-12-05,11.697,6.926,17.136,22.147,123.8
2006-12-06,3.828,8.219,16.524,23.22,132.4
2006-12-07,34.467,5.751,15.747,19.712,387.5
2006-12-08,4.788,8.536,15.052,22.527,263.1
2006-12-09,18.588,5.714,16.255,20.079,336.2
2006-12-10,2.448,8.888,15.41,23.217,241.2
2006-12-11,0.065,7.751,15.584,21.948,168.2
2006-12-12,40.851,7.002,14.935,20.538,263.4
2006-12-13,0.0,6.53,15.826,20.685,200.5
2006-12-14,0.48,6.881,15.804,21.06,312.0
2006-12-15,0.0,9.152,15.247,23.462,247.0
2006-12-16,0.0,7.649,14.927,21.337,208.2
2006-12-17,1.581,9.704,14.057,23.356,191.0
2006-12-18,0.817,9.342,14.5,23.19,176.1
2006-12-19,14.533,7.606,15.769,21.921,192.0
2006-12-20,6.32,5.588,15.886,19.671,209.7
2006-12-21,6.266,7.285,15.688,21.473,279.3
2006-12-22,0.318,8.267,15.217,22.318,189.2
2006-12-23,1.83,8.665,15.378,22.935,169.8
2006-12-24,12.646,8.372,15.663,22.777,172.5
2006-12-25,6.927,8.539,14.223,21.943,176.1
2006-12-26,1.458,6.323,14.715,19.562,180.2
2006-12-27,6.31,8.049,14.511,21.505,183.7
2006-12-28,0.0,8.713,15.386,23.005,138.0
2006-12-29,0.0,10.502,14.478,24.628,119.4
2006-12-30,1.513,10.044,14.177,23.853,111.0
2006-12-31,0.574,9.442,14.408,23.201,107.1
2007-01-01,1.594,9.592,15.361,24.049,102.5
2007-01-02,0.096,8.675,15.277,22.823,98.22
2007-01-03,1.534,10.372,15.046,24.823,96.08
2007-01-04,4.284,8.463,15.027,22.378,95.37
2007-01-05,0.052,9.128,14.685,22.954,91.8
2007-01-06,2.117,9.472,15.236,23.75,91.09
2007-01-07,6.088,8.877,15.647,23.302,87.52
2007-01-08,2.264,8.914,15.834,23.459,84.67
2007-01-09,6.011,7.632,16.399,22.296,81.1
2007-01-10,5.037,8.66,16.516,23.601,97.51
2007-01-11,0.0,10.335,14.622,24.351,86.81
2007-01-12,0.0,9.908,15.299,24.258,82.53
2007-01-13,6.864,9.338,16.772,24.592,81.1
2007-01-14,0.798,8.795,16.929,24.043,93.23
2007-01-15,0.573,9.613,17.09,25.144,83.24
2007-01-16,2.424,10.195,15.688,24.823,81.1
2007-01-17,0.0,9.195,15.53,23.459,86.81
2007-01-18,8.565,9.674,15.416,23.948,92.51
2007-01-19,3.539,7.657,16.402,22.209,96.08
2007-01-20,0.146,9.069,15.454,23.19,112.6
2007-01-21,1.074,9.836,15.726,24.31,99.65
2007-01-22,5.841,9.457,15.929,23.957,97.51
2007-01-23,2.991,10.284,14.902,24.242,92.51
2007-01-24,0.0,10.138,15.236,24.274,88.95
2007-01-25,10.933,7.171,15.807,21.125,85.38
2007-01-26,11.805,6.654,16.62,21.163,175.0
2007-01-27,0.0,8.601,16.011,22.918,100.4
2007-01-28,0.0,10.208,15.647,24.598,97.51
2007-01-29,0.0,11.755,14.095,25.413,88.23
2007-01-30,0.0,9.83,15.571,24.014,77.1
2007-01-31,0.0,10.183,15.443,24.329,75.1
2007-02-01,0.085,11.759,15.155,26.035,72.43
2007-02-02,0.0,12.437,15.266,26.943,68.59
2007-02-03,0.0,12.963,14.44,27.024,65.46
2007-02-04,0.0,11.944,13.755,25.312,64.83
2007-02-05,0.0,11.835,14.56,25.658,62.95
2007-02-06,0.0,11.078,14.008,24.37,61.41
2007-02-07,0.0,10.577,13.614,23.413,56.48
2007-02-08,0.0,12.368,13.889,25.785,53.0
2007-02-09,0.549,11.018,14.035,24.188,50.3
2007-02-10,2.503,9.949,15.264,23.677,45.44
2007-02-11,1.682,10.742,14.856,24.329,41.9
2007-02-12,2.481,10.875,13.717,23.682,39.9
2007-02-13,0.06,12.23,15.117,26.261,38.9
2007-02-14,28.36,9.42,16.231,23.715,37.9
2007-02-15,9.649,8.254,15.139,21.503,50.3
2007-02-16,1.926,7.211,15.459,20.582,49.76
2007-02-17,1.287,9.103,15.484,22.69,74.43
2007-02-18,0.689,9.19,14.174,21.84,83.95
2007-02-19,5.586,8.43,15.443,21.872,111.2
2007-02-20,0.269,10.021,14.198,22.815,103.7
2007-02-21,2.586,11.25,13.418,23.755,97.95
2007-02-22,0.0,12.948,12.565,25.277,78.48
2007-02-23,0.0,12.101,14.198,25.264,64.88
2007-02-24,0.0,12.869,13.329,25.611,58.22
2007-02-25,0.0,8.235,16.685,22.508,57.06
2007-02-26,0.393,9.82,16.087,23.818,51.42
2007-02-27,0.0,12.524,13.921,25.486,40.4
2007-02-28,0.0,11.696,15.128,25.304,38.9
2007-03-01,4.824,10.944,15.921,24.967,37.12
2007-03-02,4.022,11.362,15.242,24.954,35.69
2007-03-03,0.0,11.124,16.427,25.473,35.41
2007-03-04,8.823,8.814,16.122,22.628,40.4
2007-03-05,1.588,8.355,15.174,21.429,44.94
2007-03-06,8.043,9.593,14.802,22.519,41.4
2007-03-07,7.754,9.816,14.927,22.853,65.07
2007-03-08,3.881,8.977,15.31,22.166,79.67
2007-03-09,5.104,9.345,15.967,23.049,63.41
2007-03-10,7.036,8.749,15.916,22.351,67.34
2007-03-11,8.7,9.486,15.34,22.726,64.83
2007-03-12,3.706,10.139,15.81,23.81,63.39
2007-03-13,2.46,9.536,14.921,22.476,47.6
2007-03-14,5.762,8.704,15.921,22.315,42.4
2007-03-15,12.191,8.821,15.707,22.231,44.74
2007-03-16,11.981,8.885,15.149,21.886,71.77
2007-03-17,3.533,8.732,14.929,21.557,92.56
2007-03-18,10.244,8.605,15.666,21.938,77.77
2007-03-19,0.578,8.809,16.451,22.739,74.43
2007-03-20,8.341,9.468,16.003,23.111,62.95
2007-03-21,5.835,9.507,15.867,23.082,66.62
2007-03-22,16.274,6.582,16.302,20.31,154.9
2007-03-23,0.0,9.632,15.288,22.777,124.2
2007-03-24,11.098,9.187,16.041,22.848,126.4
2007-03-25,10.648,6.849,16.277,20.541,121.2
2007-03-26,0.0,9.79,15.614,23.188,75.77
2007-03-27,7.257,5.465,16.913,19.747,93.23
2007-03-28,11.48,8.619,15.962,22.168,108.1
2007-03-29,11.607,10.045,15.209,23.207,183.7
2007-03-30,4.597,8.227,15.951,21.734,116.4
2007-03-31,10.665,7.814,16.293,21.573,145.1
2007-04-01,2.151,9.772,16.158,23.587,100.5
2007-04-02,10.283,6.987,16.277,20.701,133.8
2007-04-03,3.531,7.991,16.435,21.918,114.8
2007-04-04,25.266,7.798,15.462,20.897,227.3
2007-04-05,18.836,8.167,16.38,21.978,208.9
2007-04-06,3.39,10.025,15.742,23.53,148.4
2007-04-07,10.658,10.918,15.198,24.204,135.5
2007-04-08,11.01,6.874,15.614,20.095,151.7
2007-04-09,9.275,8.056,14.913,20.815,146.1
2007-04-10,5.936,9.534,14.516,22.174,112.5
2007-04-11,0.0,11.763,13.883,24.323,156.6
2007-04-12,0.0,11.467,13.609,23.793,120.3
2007-04-13,5.256,11.208,13.897,23.682,101.2
2007-04-14,2.476,8.191,15.924,21.753,93.23
2007-04-15,13.795,10.286,14.473,23.054,128.5
2007-04-16,11.587,8.06,15.587,21.372,104.2
2007-04-17,0.0,9.593,15.139,22.734,96.08
2007-04-18,15.471,8.213,15.174,21.228,101.1
2007-04-19,3.224,8.25,15.649,21.628,170.5
2007-04-20,25.896,5.896,15.611,19.13,270.0
2007-04-21,0.762,7.672,15.247,20.677,279.8
2007-04-22,8.195,9.816,14.655,22.682,205.2
2007-04-23,11.177,8.706,14.908,21.625,198.1
2007-04-24,1.483,9.53,14.78,22.484,213.0
2007-04-25,31.255,6.603,15.848,20.06,364.0
2007-04-26,0.0,8.409,15.538,21.785,273.3
2007-04-27,24.261,8.88,15.008,21.962,370.3
2007-04-28,2.651,9.165,14.774,22.114,220.6
2007-04-29,8.478,8.046,14.663,20.753,263.4
2007-04-30,4.881,9.827,14.965,23.046,197.7
2007-05-01,5.639,7.663,15.639,21.133,284.8
2007-05-02,9.466,9.303,15.082,22.56,240.3
2007-05-03,0.465,8.151,15.601,21.609,183.6
2007-05-04,0.937,7.844,16.226,21.761,164.5
2007-05-05,2.391,10.454,15.361,24.128,152.2
2007-05-06,3.778,9.557,14.802,22.682,138.0
2007-05-07,12.83,7.752,16.304,21.823,312.1
2007-05-08,18.747,6.989,16.519,21.139,201.4
2007-05-09,3.18,8.063,15.938,21.821,177.0
2007-05-10,12.726,8.631,16.033,22.568,159.2
2007-05-11,1.287,10.598,15.723,24.639,141.3
2007-05-12,4.385,8.596,16.022,22.56,124.8
2007-05-13,2.546,8.812,15.946,22.777,121.0
2007-05-14,0.0,9.815,14.772,23.076,116.4
2007-05-15,1.519,9.236,15.753,23.13,114.8
2007-05-16,15.343,8.315,16.158,22.391,132.2
2007-05-17,5.024,7.487,16.486,21.783,147.1
2007-05-18,31.51,5.396,15.872,19.084,159.3
2007-05-19,0.812,8.03,15.837,21.848,159.4
2007-05-20,1.173,7.027,15.812,20.739,128.1
2007-05-21,12.283,6.207,15.878,19.883,328.8
2007-05-22,12.679,9.257,14.875,22.579,398.2
2007-05-23,0.885,8.976,15.201,22.514,176.3
2007-05-24,1.287,7.912,15.603,21.601,177.0
2007-05-25,25.308,6.772,14.715,19.677,175.2
2007-05-26,20.385,7.056,14.995,20.166,313.2
2007-05-27,5.947,9.415,14.416,22.535,175.5
2007-05-28,11.205,8.059,15.014,21.372,327.0
2007-05-29,19.551,6.524,14.989,19.584,465.1
2007-05-30,0.0,8.654,14.685,21.837,253.4
2007-05-31,19.036,7.319,14.535,20.152,240.8
2007-06-01,0.132,7.229,14.611,20.133,274.2
2007-06-02,12.342,6.113,15.429,19.516,300.2
2007-06-03,0.0,7.672,14.889,20.856,208.2
2007-06-04,0.059,9.55,14.37,22.753,188.2
2007-06-05,9.199,8.15,14.5,21.144,203.0
2007-06-06,0.061,9.816,13.647,22.628,199.5
2007-06-07,3.419,8.116,15.56,21.954,177.1
2007-06-08,6.411,8.262,14.628,21.438,156.6
2007-06-09,19.711,8.982,14.984,22.557,168.1
2007-06-10,2.819,9.42,14.391,22.66,196.1
2007-06-11,0.0,7.301,15.973,21.326,151.3
2007-06-12,1.599,9.074,15.391,22.976,140.5
2007-06-13,0.0,9.689,13.416,22.337,132.2
2007-06-14,0.089,7.923,15.041,21.356,124.8
2007-06-15,0.0,9.106,14.508,22.383,115.6
2007-06-16,0.0,8.702,14.226,21.682,106.3
2007-06-17,0.275,8.254,15.389,22.014,104.0
2007-06-18,0.0,8.89,14.986,22.481,101.1
2007-06-19,0.0,8.911,15.745,23.054,96.08
2007-06-20,0.938,8.284,15.739,22.302,93.23
2007-06-21,3.95,8.95,14.264,22.071,101.1
2007-06-22,0.079,4.927,15.78,18.625,96.08
2007-06-23,2.29,7.315,15.432,20.97,97.51
2007-06-24,0.0,8.224,15.421,22.019,88.95
2007-06-25,0.0,8.702,15.677,22.774,86.81
2007-06-26,4.143,8.643,15.255,22.408,88.23
2007-06-27,0.717,9.156,15.185,22.948,90.37
2007-06-28,1.791,9.774,15.326,23.791,89.66
2007-06-29,5.872,7.777,15.886,21.84,83.95
2007-06-30,0.0,8.827,15.272,22.609,91.09
2007-07-01,0.0,9.957,16.802,25.071,75.1
2007-07-02,0.0,9.796,16.538,24.701,65.46
2007-07-03,0.0,10.835,14.704,24.666,62.95
2007-07-04,0.0,11.913,14.497,25.872,60.54
2007-07-05,0.205,10.685,15.242,24.84,57.64
2007-07-06,0.149,9.545,15.514,23.641,54.74
2007-07-07,0.0,8.681,15.712,22.723,53.0
2007-07-08,7.048,8.699,15.543,22.62,55.9
2007-07-09,34.447,8.196,15.353,21.875,141.5
2007-07-10,2.98,9.25,15.413,23.163,84.67
2007-07-11,0.0,8.918,16.03,23.217,82.31
2007-07-12,0.0,9.879,15.09,23.668,59.38
2007-07-13,1.342,8.992,16.158,23.375,64.92
2007-07-14,0.152,10.332,14.394,23.72,69.22
2007-07-15,1.026,8.562,14.889,21.902,66.71
2007-07-16,6.352,8.649,15.772,22.677,78.57
2007-07-17,12.266,7.874,15.503,21.552,74.43
2007-07-18,0.0,8.287,14.611,21.38,93.23
2007-07-19,0.0,9.028,14.712,22.326,77.1
2007-07-20,6.753,8.085,14.239,20.837,67.97
2007-07-21,0.0,7.399,14.758,20.429,62.47
2007-07-22,0.522,7.297,15.429,20.81,81.86
2007-07-23,11.662,6.944,14.72,19.842,137.7
2007-07-24,3.282,8.605,15.312,22.198,86.9
2007-07-25,0.261,9.281,13.543,21.734,57.64
2007-07-26,0.0,10.421,14.497,23.766,50.84
2007-07-27,20.316,8.94,14.095,21.639,56.65
2007-07-28,0.0,10.706,14.533,24.111,88.95
2007-07-29,0.46,11.094,14.989,24.867,63.63
2007-07-30,0.228,10.53,14.003,23.5,56.19
2007-07-31,0.0,10.324,14.625,23.677,50.3
2007-08-01,3.722,9.446,14.837,22.734,44.94
2007-08-02,0.022,10.076,15.236,23.774,41.9
2007-08-03,3.948,8.649,15.514,22.277,40.4
2007-08-04,0.0,9.103,16.149,23.277,40.9
2007-08-05,4.035,8.596,15.641,22.288,43.4
2007-08-06,0.0,9.049,14.957,22.318,44.4
2007-08-07,0.0,9.298,14.524,22.326,42.9
2007-08-08,0.355,8.253,15.147,21.508,40.4
2007-08-09,0.0,9.427,14.592,22.454,38.4
2007-08-10,0.0,8.999,15.155,22.378,36.55
2007-08-11,1.601,8.672,15.266,22.035,37.12
2007-08-12,0.0,9.969,14.946,23.323,35.41
2007-08-13,1.218,8.722,16.367,22.91,42.4
2007-08-14,9.427,8.653,15.052,21.818,46.02
2007-08-15,0.569,8.658,14.88,21.693,40.4
2007-08-16,1.168,9.334,15.359,22.81,49.76
2007-08-17,18.497,8.813,15.057,21.992,77.77
2007-08-18,0.75,8.929,14.516,21.726,62.37
2007-08-19,0.0,10.433,13.826,22.981,53.04
2007-08-20,7.0,8.309,15.361,21.598,45.48
2007-08-21,0.489,9.273,15.158,22.527,39.9
2007-08-22,0.0,8.794,14.932,21.845,37.12
2007-08-23,0.0,9.813,14.024,22.332,36.83
2007-08-24,0.0,8.12,14.296,20.568,55.9
2007-08-25,30.505,6.734,14.707,19.332,105.6
2007-08-26,0.347,7.941,14.696,20.652,182.7
2007-08-27,4.82,8.65,15.103,21.72,114.4
2007-08-28,0.232,9.237,15.13,22.427,64.35
2007-08-29,6.327,7.12,16.236,20.951,129.8
2007-08-30,22.408,8.437,15.106,21.467,112.8
2007-08-31,0.055,10.858,14.008,23.478,63.63
2007-09-01,0.0,9.061,14.723,21.878,46.52
2007-09-02,0.0,8.966,15.579,22.402,59.38
2007-09-03,2.552,9.292,15.03,22.367,65.05
2007-09-04,0.0,9.739,14.44,22.454,46.02
2007-09-05,0.277,9.88,15.201,23.149,39.4
2007-09-06,0.0,10.251,14.742,23.272,37.26
2007-09-07,0.898,10.747,14.266,23.481,36.26
2007-09-08,6.793,11.1,14.144,23.823,40.9
2007-09-09,6.922,9.125,15.033,22.13,41.9
2007-09-10,1.032,10.568,14.671,23.562,41.4
2007-09-11,5.207,9.104,15.641,22.554,38.9
2007-09-12,0.101,10.183,15.247,23.524,35.69
2007-09-13,5.284,9.126,15.057,22.185,33.99
2007-09-14,2.063,9.783,15.625,23.364,34.56
2007-09-15,17.251,7.698,15.332,20.829,68.81
2007-09-16,1.483,8.52,14.946,21.394,66.3
2007-09-17,0.0,10.92,13.59,23.242,43.9
2007-09-18,0.0,11.08,14.424,23.973,42.4
2007-09-19,7.138,10.575,13.976,23.065,37.33
2007-09-20,10.828,10.773,14.209,23.505,56.88
2007-09-21,7.766,9.787,15.155,23.0,35.98
2007-09-22,0.41,11.512,14.337,24.454,34.56
2007-09-23,12.301,9.317,14.951,22.323,33.7
2007-09-24,1.464,9.316,14.375,21.929,33.7
2007-09-25,1.729,9.9,14.144,22.418,33.99
2007-09-26,4.346,10.247,14.56,23.158,52.0
2007-09-27,0.113,8.912,14.812,21.774,56.48
2007-09-28,5.8,11.429,14.546,24.535,38.9
2007-09-29,0.655,9.34,15.671,22.91,35.41
2007-09-30,6.21,10.517,14.736,23.601,38.76
2007-10-01,1.271,7.211,14.921,19.984,57.06
2007-10-02,0.0,11.422,13.514,23.867,49.76
2007-10-03,10.246,11.105,13.595,23.549,39.9
2007-10-04,12.009,9.86,12.908,21.584,36.26
2007-10-05,7.375,8.202,14.326,20.644,50.96
2007-10-06,2.223,8.999,14.511,21.707,38.4
2007-10-07,13.22,7.874,14.478,20.391,35.69
2007-10-08,3.433,8.144,14.693,20.916,57.64
2007-10-09,27.658,5.215,15.207,18.188,166.8
2007-10-10,0.0,9.641,13.342,21.755,109.6
2007-10-11,6.32,9.082,13.731,21.348,71.52
2007-10-12,6.426,7.283,14.253,19.622,283.1
2007-10-13,0.0,9.537,14.677,22.571,121.8
2007-10-14,12.699,6.731,15.592,20.095,134.5
2007-10-15,34.181,7.547,14.707,20.326,293.1
2007-10-16,8.078,9.321,13.872,21.796,291.0
2007-10-17,6.413,9.902,14.793,23.155,165.4
2007-10-18,31.183,5.661,15.56,19.016,183.7
2007-10-19,6.859,7.899,14.777,20.802,206.4
2007-10-20,6.026,6.634,14.514,19.193,317.7
2007-10-21,7.636,7.152,14.693,19.927,283.3
2007-10-22,30.286,9.044,15.068,22.399,581.4
2007-10-23,4.304,8.973,15.451,22.636,246.2
2007-10-24,0.0,8.766,14.228,21.478,182.6
2007-10-25,0.0,9.152,15.057,22.582,153.1
2007-10-26,3.914,8.398,15.731,22.201,138.0
2007-10-27,19.794,7.324,15.53,20.848,198.6
2007-10-28,0.741,6.943,14.859,19.894,155.9
2007-10-29,0.639,8.019,14.821,21.128,383.5
2007-10-30,37.692,5.902,14.804,18.761,361.3
2007-10-31,5.609,7.861,14.641,20.87,295.4
2007-11-01,36.085,6.881,14.848,19.902,374.8
2007-11-02,0.0,8.006,15.049,21.345,371.9
2007-11-10,0.0,7.846,13.701,20.277,240.6
2007-11-11,1.565,8.669,14.223,21.704,247.0
2007-11-12,0.0,9.705,13.875,22.78,240.6
2007-11-13,3.334,7.981,13.503,20.38,233.6
2007-11-14,0.0,7.67,15.421,21.47,192.0
2007-11-15,0.0,10.049,13.476,23.014,177.0
2007-11-16,4.851,7.735,15.549,21.652,163.6
2007-11-17,12.891,7.512,15.361,21.223,153.9
2007-11-18,0.101,8.445,15.046,22.152,146.3
2007-11-19,0.0,9.993,14.495,23.717,135.5
2007-11-20,0.0,9.794,13.611,22.891,128.1
2007-11-21,2.476,9.45,13.834,22.614,124.8
2007-11-22,0.783,7.787,15.5,21.793,131.4
2007-11-23,32.95,6.372,15.688,20.25,164.7
2007-11-24,0.215,7.417,14.508,20.598,168.4
2007-11-25,0.98,9.215,15.266,23.37,153.1
2007-11-26,0.0,9.137,14.97,23.076,145.4
2007-11-27,5.172,8.456,14.402,21.842,115.6
2007-11-28,0.0,8.01,14.543,21.402,153.3
2007-11-29,23.185,6.593,14.837,19.905,249.9
2007-11-30,1.993,6.765,15.514,20.598,223.1
2008-02-01,0.0,7.907,14.918,21.16,159.2
2008-02-02,0.0,8.724,13.91,21.386,170.7
2008-02-03,0.0,8.814,14.12,21.628,139.7
2008-02-04,0.0,9.704,14.323,22.842,128.1
2008-02-05,0.0,10.896,13.329,23.644,121.0
2008-02-06,0.0,9.254,14.402,22.323,114.1
2008-02-07,0.0,9.912,14.799,23.367,107.1
2008-02-08,0.0,11.112,14.06,24.315,98.93
2008-02-09,5.281,9.196,15.44,22.951,96.08
2008-02-10,4.039,8.27,15.568,21.908,92.51
2008-02-11,0.0,9.324,14.867,22.63,116.2
2008-02-12,0.0,9.733,15.136,23.299,109.9
2008-02-13,8.954,9.18,16.019,23.269,129.5
2008-02-14,6.531,9.518,15.28,23.098,92.57
2008-02-15,2.064,10.373,15.209,24.068,88.95
2008-02-16,16.34,7.966,15.288,21.264,93.23
2008-02-17,9.099,8.4,14.807,21.383,154.5
2008-02-18,21.352,8.43,15.508,21.954,183.6
2008-02-19,36.09,6.989,14.785,19.742,390.7
2008-02-20,6.496,7.176,15.592,20.557,318.6
2008-02-21,19.769,7.141,15.823,20.688,445.4
2008-02-22,0.0,8.061,15.087,21.136,440.0
2008-02-23,0.0,10.171,14.772,23.323,341.0
2008-02-24,0.0,9.859,14.954,23.084,234.6
2008-02-25,0.0,9.443,14.641,22.353,197.7
2008-02-26,0.0,9.901,14.492,22.78,169.8
2008-02-27,0.318,9.316,14.323,21.965,169.8
2008-02-28,0.0,7.322,14.908,20.155,185.4
2008-02-29,0.0,11.478,13.726,24.054,151.3
2008-03-01,1.737,10.87,14.326,23.747,134.7
2008-03-02,7.062,10.142,15.595,23.799,184.5
2008-03-03,0.214,10.068,15.098,23.332,142.1
2008-03-04,7.468,9.25,14.799,22.141,167.2
2008-03-05,21.578,9.257,14.908,22.22,151.3
2008-03-06,7.0,5.997,14.361,18.188,296.5
2008-03-07,9.357,9.671,13.745,21.796,342.7
2008-03-08,0.698,8.667,15.046,21.617,279.7
2008-03-09,0.0,10.189,14.052,22.622,289.9
2008-03-10,0.0,7.487,16.024,21.024,350.8
2008-03-11,0.0,8.656,15.247,21.712,535.6
2008-03-12,1.292,9.281,14.285,21.698,313.2
2008-03-13,24.128,5.528,15.679,18.807,413.4
2008-03-14,0.555,5.938,15.323,18.859,234.9
2008-03-15,0.972,10.072,14.383,22.666,232.7
2008-03-16,0.0,10.267,14.065,22.677,198.6
2008-03-17,18.639,10.351,13.986,22.715,303.6
2008-03-18,0.0,10.146,13.91,22.421,184.5
2008-03-19,0.0,10.178,14.462,22.832,168.1
2008-03-20,0.178,10.682,14.565,23.484,160.1
2008-03-21,4.11,9.54,14.492,22.092,150.5
2008-03-22,3.55,10.103,14.796,22.965,154.9
2008-03-23,9.324,9.496,14.886,22.364,166.8
2008-03-24,1.055,9.751,15.155,22.832,138.0
2008-03-25,3.755,9.824,14.538,22.451,128.9
2008-03-26,0.151,11.856,13.253,23.932,170.4
2008-03-27,2.503,9.507,15.038,22.476,123.3
2008-03-28,11.831,9.071,15.736,22.5,139.7
2008-03-29,9.051,7.88,16.043,21.495,177.0
2008-03-30,26.081,8.053,15.837,21.495,205.4
2008-03-31,9.0,6.185,15.443,19.226,310.3
2008-04-01,1.482,7.985,14.78,20.535,308.1
2008-04-02,0.0,10.941,13.413,22.989,345.9
2008-04-03,0.0,11.021,13.038,22.848,246.9
2008-04-04,0.0,11.975,12.416,23.573,170.7
2008-04-05,6.222,11.104,11.481,21.918,160.1
2008-04-06,12.312,10.393,13.361,22.323,160.1
2008-04-07,20.196,7.511,14.891,20.198,165.8
2008-04-08,11.891,11.362,14.079,23.976,206.8
2008-04-09,21.552,7.529,15.427,20.625,243.1
2008-04-10,0.0,8.364,14.97,21.198,277.4
2008-04-11,23.278,7.35,15.011,20.087,483.7
2008-04-12,1.633,8.553,14.37,20.946,273.1
2008-04-13,8.026,6.236,14.992,18.91,396.3
2008-04-14,7.736,8.042,14.864,20.747,275.6
2008-04-15,1.656,8.815,15.141,21.864,240.2
2008-04-16,3.5,9.542,15.182,22.696,176.2
2008-04-17,1.724,11.313,13.921,23.878,160.1
2008-04-18,4.781,10.78,15.226,24.177,147.9
2008-04-19,4.428,10.09,15.595,23.658,140.5
2008-04-20,16.344,9.831,14.973,22.935,134.7
2008-04-21,27.24,7.848,16.084,21.606,274.2
2008-04-22,10.693,9.971,15.435,23.459,288.0
2008-04-23,9.538,7.147,15.546,20.402,150.5
2008-04-24,7.656,8.79,15.31,22.003,223.4
2008-04-25,3.336,7.074,15.753,20.47,171.5
2008-04-26,9.13,8.473,15.041,21.484,277.4
2008-04-27,4.446,6.516,15.535,19.747,262.5
2008-04-28,0.088,8.685,15.068,21.78,191.0
2008-04-29,5.899,10.665,14.56,23.753,143.0
2008-04-30,2.318,9.319,15.511,22.924,138.8
2008-05-01,7.617,7.62,14.986,20.538,216.1
2008-05-02,14.143,9.414,14.973,22.576,352.2
2008-05-03,4.026,8.864,14.383,21.535,289.6
2008-05-04,21.669,8.159,15.337,21.421,503.9
2008-05-05,7.315,8.796,15.209,22.087,331.5
2008-05-06,2.259,8.787,16.277,22.902,211.3
2008-05-07,0.528,10.551,14.242,23.503,176.1
2008-05-08,8.609,8.749,15.516,22.291,179.9
2008-05-09,2.395,9.076,15.193,22.459,158.0
2008-05-10,0.072,9.69,14.136,22.465,144.6
2008-05-11,0.631,9.192,14.046,21.802,138.8
2008-05-12,0.0,9.857,14.321,22.793,127.3
2008-05-13,1.788,9.994,14.228,22.927,123.3
2008-05-14,1.967,9.219,15.226,22.728,122.9
2008-05-15,0.0,9.785,14.807,23.147,129.8
2008-05-16,17.533,8.193,14.984,21.397,146.3
2008-05-17,12.731,6.357,15.84,20.046,254.6
2008-05-18,1.324,8.473,15.144,21.851,241.8
2008-05-19,7.15,7.072,15.832,20.823,264.3
2008-05-20,38.186,6.637,15.337,19.948,324.5
2008-05-21,14.381,7.403,14.78,20.364,743.5
2008-05-22,11.375,7.694,15.011,20.886,387.4
2008-05-23,20.569,7.172,15.041,20.315,488.6
2008-05-24,10.223,7.283,15.073,20.497,511.1
2008-05-25,13.25,7.522,15.177,20.807,666.4
2008-05-26,2.733,8.452,14.606,21.476,431.6
2008-05-27,24.939,7.321,14.989,20.459,744.4
2008-05-28,21.203,6.661,15.236,19.908,856.5
2008-05-29,4.509,7.144,15.364,20.584,570.4
2008-05-30,4.143,9.482,14.065,22.413,413.0
2008-05-31,7.04,9.53,14.505,22.802,418.4
2008-06-01,2.573,9.335,14.269,22.405,317.9
2008-06-02,13.36,9.098,14.557,22.315,326.4
2008-06-03,10.814,7.76,14.465,20.636,544.9
2008-06-04,0.0,8.755,13.883,21.44,476.3
2008-06-05,6.037,8.38,14.535,21.478,296.5
2008-06-06,3.411,8.824,14.94,22.302,220.3
2008-06-07,18.031,7.787,14.891,21.038,276.3
2008-06-08,10.33,8.239,14.519,21.312,284.5
2008-06-09,0.133,8.416,13.938,21.117,227.8
2008-06-10,3.221,8.43,14.701,21.674,195.8
2008-06-11,0.963,7.45,15.179,20.91,176.0
2008-06-12,0.184,9.541,13.639,22.299,170.7
2008-06-13,0.489,10.337,14.198,23.685,179.8
2008-06-14,19.732,8.399,14.038,21.152,171.7
2008-06-15,0.0,9.136,14.212,22.234,186.7
2008-06-16,0.323,8.708,15.552,22.671,161.0
2008-06-17,12.062,6.794,15.5,20.378,154.9
2008-06-18,0.816,8.815,13.91,21.617,152.3
2008-06-19,3.614,8.563,15.082,22.198,163.6
2008-06-20,6.407,9.738,14.274,23.022,150.1
2008-06-21,0.448,7.614,14.992,20.965,135.5
2008-06-22,7.324,7.682,14.918,20.989,178.8
2008-06-23,17.322,8.098,14.625,21.285,290.4
2008-06-24,3.677,7.42,14.557,20.408,165.5
2008-06-25,3.142,8.348,14.579,21.522,198.5
2008-06-26,3.277,9.532,14.332,22.785,243.5
2008-06-27,14.61,10.019,13.321,22.704,202.6
2008-06-28,6.824,7.44,15.326,20.981,137.2
2008-06-29,2.073,9.87,14.715,23.451,139.7
2008-06-30,0.0,8.384,15.394,22.168,124.8
2008-07-01,3.365,8.059,15.973,22.22,127.3
2008-07-02,10.574,8.071,15.288,21.698,170.0
2008-07-03,0.715,7.734,16.06,21.921,130.6
2008-07-04,12.14,8.406,15.245,22.071,145.4
2008-07-05,3.021,7.382,15.372,20.989,165.4
2008-07-06,3.048,7.812,15.446,21.503,189.2
2008-07-07,0.729,8.645,15.424,22.462,123.5
2008-07-08,6.487,7.45,15.052,20.758,131.0
2008-07-09,9.869,7.831,15.106,21.253,130.6
2008-07-10,7.296,6.886,15.524,20.486,118.7
2008-07-11,0.0,9.224,14.698,22.628,114.1
2008-07-12,0.0,7.671,15.818,21.59,114.8
2008-07-13,0.0,7.219,15.149,20.582,145.6
2008-07-14,7.836,8.358,14.976,21.764,176.4
2008-07-15,6.318,7.232,15.0,20.418,143.8
2008-07-16,3.064,8.272,14.524,21.269,128.9
2008-07-17,0.0,8.506,14.739,21.723,121.8
2008-07-18,9.946,9.385,14.258,22.389,168.8
2008-07-19,11.914,8.967,14.793,22.264,144.7
2008-07-20,0.0,8.747,15.88,22.834,116.4
2008-07-21,1.367,9.017,15.511,22.834,100.5
2008-07-22,4.05,8.921,15.299,22.565,91.8
2008-07-23,3.31,11.36,13.679,24.402,91.8
2008-07-24,0.141,9.038,15.823,23.09,88.95
2008-07-25,0.173,9.861,15.071,23.492,88.95
2008-07-26,3.177,8.941,15.557,22.726,103.3
2008-07-27,0.036,9.369,14.75,22.652,97.51
2008-07-28,7.871,9.75,13.918,22.481,95.37
2008-07-29,0.556,9.102,15.587,22.91,99.65
2008-07-30,0.856,8.032,15.467,21.606,93.23
2008-07-31,9.468,8.821,14.307,21.641,83.95
2008-08-01,1.24,9.538,14.804,22.826,72.43
2008-08-02,12.828,8.948,14.394,21.807,95.01
2008-08-03,0.067,9.447,14.804,22.688,91.8
2008-08-04,4.547,9.206,15.671,23.014,86.81
2008-08-05,1.788,9.947,14.774,23.264,84.09
2008-08-06,9.057,8.29,15.367,21.696,68.59
2008-08-07,4.385,12.083,14.307,25.454,84.05
2008-08-08,0.0,9.494,15.37,23.09,68.59
2008-08-09,0.0,9.321,14.891,22.543,66.09
2008-08-10,2.112,7.152,15.902,20.829,75.1
2008-08-11,8.31,7.56,14.796,20.438,104.3
2008-08-12,0.0,9.868,14.209,22.647,76.43
2008-08-13,3.523,8.717,14.427,21.424,79.77
2008-08-14,12.395,8.339,15.19,21.568,79.77
2008-08-15,3.791,9.736,14.47,22.644,78.43
2008-08-16,20.424,6.584,15.416,19.889,114.8
2008-08-17,1.942,7.908,14.571,20.606,117.9
2008-08-18,0.058,7.764,15.136,20.826,92.51
2008-08-19,3.483,7.673,15.079,20.66,83.95
2008-08-20,5.244,9.385,14.082,21.899,84.76
2008-08-21,8.615,8.86,14.239,21.389,116.8
2008-08-22,1.773,7.192,15.111,20.223,107.9
2008-08-23,10.163,9.292,14.935,22.359,152.4
2008-08-24,12.486,8.402,15.296,21.571,117.1
2008-08-25,1.03,9.028,14.954,22.027,119.5
2008-08-26,0.774,9.32,14.758,22.261,96.79
2008-08-27,0.0,10.408,14.098,23.046,93.23
2008-08-28,21.367,8.361,14.492,20.951,282.4
2008-08-29,0.516,8.076,14.951,20.951,141.2
2008-08-30,19.187,9.511,15.033,22.647,132.6
2008-08-31,0.655,9.11,15.41,22.462,98.22
2008-09-01,0.536,9.672,14.807,22.671,105.6
2008-09-02,14.842,8.406,15.894,22.027,95.37
2008-09-03,8.251,5.943,15.766,19.302,420.9
2008-09-04,8.052,7.833,15.516,21.082,273.7
2008-09-05,0.225,8.939,15.459,22.242,152.3
2008-09-06,0.194,10.76,14.345,23.568,120.2
2008-09-07,6.5,9.327,15.378,22.63,117.9
2008-09-08,7.242,9.663,14.63,22.467,106.9
2008-09-09,0.0,8.961,15.666,22.41,96.08
2008-09-10,0.0,9.277,15.082,22.372,91.09
2008-09-11,0.0,11.47,13.609,23.872,86.81
2008-09-12,1.439,12.025,13.288,24.321,81.81
2008-09-13,2.449,11.072,14.446,23.995,85.74
2008-09-14,0.0,9.221,15.258,22.416,87.52
2008-09-15,12.278,8.442,15.38,21.652,83.24
2008-09-16,4.928,9.063,14.973,22.038,83.24
2008-09-17,9.332,7.922,15.788,21.418,91.09
2008-09-18,3.638,10.193,14.864,23.261,75.77
2008-09-19,5.18,6.726,14.595,19.152,95.37
2008-09-20,3.16,9.086,14.462,21.717,73.77
2008-09-21,0.109,9.569,15.217,22.834,103.4
2008-09-22,11.74,8.275,14.073,20.454,76.43
2008-09-23,10.025,7.834,14.644,20.432,82.71
2008-09-24,0.144,10.919,13.34,23.109,84.27
2008-09-25,3.15,10.371,14.848,23.467,64.83
2008-09-26,0.186,10.939,13.774,23.405,61.12
2008-09-27,2.684,8.759,14.606,21.454,91.09
2008-09-28,7.688,9.758,14.416,22.511,79.81
2008-09-29,14.005,8.983,15.318,22.28,68.67
2008-09-30,0.451,9.789,15.049,23.016,57.64
2008-10-01,19.119,8.003,14.965,20.924,57.64
2008-10-02,2.333,9.514,14.196,22.117,75.77
2008-10-03,3.719,8.058,14.329,20.546,92.51
2008-10-04,0.45,8.652,13.826,20.856,74.43
2008-10-05,4.154,8.118,14.688,20.834,81.15
2008-10-06,17.278,8.575,14.793,21.438,98.93
2008-10-07,15.321,7.258,13.353,18.853,133.7
2008-10-08,0.0,10.658,13.755,23.201,101.8
2008-10-09,0.529,9.333,14.345,22.06,94.65
2008-10-10,0.511,6.524,14.356,18.886,96.08
2008-10-11,0.0,9.83,14.158,22.508,121.4
2008-10-12,28.538,7.571,14.932,20.473,219.6
2008-10-13,0.0,8.891,14.761,21.878,149.7
2008-10-14,16.815,8.689,14.753,21.63,153.7
2008-10-15,2.45,10.364,13.22,22.579,117.9
2008-10-16,3.686,9.028,14.429,21.87,201.8
2008-10-17,13.949,8.806,14.853,21.897,102.7
2008-10-18,1.24,9.005,14.413,21.845,170.5
2008-10-19,9.494,10.43,13.008,22.62,175.4
2008-10-20,6.018,9.499,13.867,22.095,106.3
2008-10-21,0.172,8.782,14.715,21.88,97.51
2008-10-22,1.702,8.941,14.473,21.902,98.45
2008-10-23,5.24,9.646,14.826,23.008,106.4
2008-10-24,1.171,9.151,13.818,21.739,86.09
2008-10-25,1.379,9.961,13.299,22.353,84.67
2008-10-26,1.979,10.108,14.193,23.174,82.53
2008-10-27,19.802,7.738,15.516,21.397,91.09
2008-10-28,8.13,8.671,15.019,22.062,180.9
2008-10-29,13.182,8.0,15.75,21.886,112.5
2008-10-30,0.395,10.654,13.601,23.546,147.5
2008-10-31,5.104,8.779,14.073,21.579,97.51
2008-11-01,3.237,5.595,15.106,18.685,223.8
2008-11-02,13.331,8.369,14.56,21.454,316.2
2008-11-03,24.164,8.255,14.736,21.432,166.6
2008-11-04,4.894,6.456,14.163,18.905,171.8
2008-11-05,0.0,7.054,14.976,20.337,127.6
2008-11-06,12.599,9.929,14.707,23.562,120.3
2008-11-07,1.002,9.546,14.348,22.84,102.6
2008-11-08,8.429,7.823,14.239,20.649,309.1
2008-11-09,1.147,10.444,13.041,23.117,196.9
2008-11-10,0.0,10.501,13.951,23.823,121.9
2008-11-11,1.248,10.45,13.867,23.753,107.1
2008-11-12,0.0,8.132,15.12,21.772,153.1
2008-11-13,24.301,4.304,15.63,17.943,321.5
2008-11-14,0.0,5.785,15.41,19.28,543.4
2008-11-15,2.189,6.833,14.658,19.856,681.4
2008-11-16,2.76,6.907,15.467,20.59,814.5
2008-11-17,13.801,7.446,14.628,20.622,506.3
2008-11-18,7.156,7.47,15.231,21.082,367.8
2008-11-19,17.202,8.021,15.774,22.212,383.7
2008-11-20,29.346,4.973,15.918,18.897,789.9
2008-11-21,2.431,7.943,15.302,21.758,514.7
2008-11-22,5.153,8.207,15.957,22.63,597.1
2008-11-23,34.167,8.099,16.337,22.78,600.9
2008-11-24,18.023,6.945,15.565,20.87,464.5
2008-11-25,63.096,6.342,15.891,20.416,583.3
2008-11-27,0.0,7.202,14.573,20.364,799.7
2008-11-28,0.0,8.311,15.56,22.492,566.0
2008-11-29,3.178,7.47,15.34,21.332,887.1
2008-11-30,0.0,8.308,15.073,22.171,471.7
2008-12-01,10.491,6.89,16.057,21.245,805.4
2008-12-02,0.0,8.247,15.315,22.315,599.5
2008-12-03,33.258,8.631,15.592,23.03,608.0
2008-12-05,0.0,9.65,13.796,23.052,490.6
2008-12-06,0.0,9.125,15.038,23.264,387.4
2008-12-07,3.478,8.343,14.429,21.823,388.7
2008-12-08,18.487,8.518,14.853,22.337,326.3
2008-12-09,0.0,9.611,14.196,23.288,300.2
2008-12-10,1.031,8.848,14.5,22.524,257.9
2008-12-11,31.964,8.25,14.707,21.935,248.4
2008-12-12,18.843,7.714,15.234,21.633,271.4
2008-12-13,1.721,8.941,13.62,22.035,257.9
2008-12-14,7.729,7.395,15.533,21.484,223.8
2008-12-15,0.148,8.202,15.198,22.231,295.3
2008-12-16,39.264,8.035,15.505,22.277,494.4
2008-12-17,0.0,9.433,13.948,22.91,333.6
2008-12-18,0.0,7.972,15.071,21.853,246.0
2008-12-19,0.0,7.041,15.217,20.802,302.6
2008-12-20,1.413,7.899,15.364,21.97,574.2
2008-12-21,0.0,5.996,15.245,19.571,644.6
2008-12-22,0.0,7.641,15.307,21.598,551.6
2008-12-23,0.0,7.152,15.622,21.277,466.8
2008-12-24,0.0,8.336,15.19,22.397,344.7
2008-12-25,3.231,8.723,14.897,22.693,303.6
2008-12-26,1.867,7.928,15.092,21.796,378.5
2008-12-27,0.519,8.488,15.024,22.438,489.9
2008-12-28,0.0,8.655,15.549,23.024,331.4
2008-12-29,0.0,7.353,15.611,21.454,357.3
2008-12-30,0.0,8.61,14.041,21.859,356.4
2008-12-31,0.0,9.93,14.269,23.734,262.0
2009-01-01,0.0,9.663,15.098,23.97,222.3
2009-01-02,0.0,8.99,15.269,23.223,226.4
2009-01-03,1.303,9.069,15.329,23.337,205.5
2009-01-04,0.0,9.271,14.821,23.261,175.2
2009-01-05,3.309,9.556,14.774,23.538,191.0
2009-01-06,3.54,8.237,15.758,22.611,208.4
2009-01-07,15.6,8.588,15.141,22.562,187.3
2009-01-08,0.863,7.184,15.196,20.897,197.8
2009-01-09,0.584,8.028,14.647,21.486,207.7
2009-01-10,0.0,8.196,14.652,21.696,154.8
2009-01-11,0.0,7.831,15.266,21.698,144.6
2009-01-12,1.438,7.57,15.489,21.535,140.5
2009-01-13,5.788,7.24,15.598,21.207,143.0
2009-01-14,1.306,9.636,14.065,23.016,140.5
2009-01-15,1.22,8.453,15.052,22.25,171.1
2009-01-16,1.052,7.803,14.633,21.117,206.0
2009-01-17,11.0,6.937,15.353,20.571,238.3
2009-01-18,2.328,9.235,14.315,22.592,226.8
2009-01-19,14.851,5.416,16.492,19.802,154.8
2009-01-20,17.716,7.883,15.606,21.867,257.5
2009-01-21,0.496,8.499,14.688,21.924,165.4
2009-01-22,1.863,8.236,15.095,21.897,181.6
2009-01-23,36.171,7.516,15.666,21.432,161.9
2009-01-24,2.397,8.14,15.943,22.37,168.9
2009-01-25,0.0,6.913,14.894,20.109,382.9
2009-01-26,0.0,8.994,15.332,22.891,234.6
2009-01-27,2.344,9.721,14.008,22.823,198.7
2009-01-28,2.117,9.931,14.69,23.538,168.9
2009-01-29,1.467,8.477,15.484,22.329,192.9
2009-01-30,26.344,7.811,15.872,21.853,325.8
2009-01-31,11.749,7.399,15.144,20.772,156.6
2009-02-01,13.257,8.221,14.913,21.527,155.7
2009-02-02,0.417,8.773,15.141,22.348,142.1
2009-02-03,1.398,9.854,14.293,23.043,157.5
2009-02-04,0.869,9.972,14.082,23.014,123.5
2009-02-05,0.0,10.805,14.418,24.255,114.8
2009-02-06,0.472,9.384,15.761,23.438,117.9
2009-02-07,6.926,8.474,15.38,22.076,120.2
2009-02-08,12.717,7.935,16.236,22.128,207.5
2009-02-09,3.109,8.98,14.946,22.37,124.1
2009-02-10,12.735,9.124,14.851,22.413,199.4
2009-02-11,1.118,8.38,15.408,21.916,117.9
2009-02-12,17.114,8.223,15.446,21.755,149.7
2009-02-13,10.547,7.798,15.617,21.38,120.3
2009-02-14,11.206,7.589,15.84,21.283,232.9
2009-02-15,3.736,7.57,15.402,20.94,213.1
2009-02-16,0.31,8.448,15.633,22.076,199.5
2009-02-17,2.112,9.78,15.147,23.266,230.0
2009-02-18,0.0,10.085,14.967,23.446,167.2
2009-02-19,1.174,9.798,14.886,23.082,180.5
2009-02-20,0.088,10.248,14.212,23.068,133.2
2009-02-21,0.153,9.648,13.826,22.071,135.5
2009-02-22,5.526,9.252,15.364,22.726,128.9
2009-02-23,0.961,9.904,14.435,22.788,121.0
2009-02-24,7.406,9.594,14.774,22.677,155.8
2009-02-25,11.165,8.948,15.166,22.226,118.7
2009-02-26,0.551,10.136,14.495,23.09,142.2
2009-02-27,3.841,9.706,14.598,22.582,119.4
2009-02-28,4.493,10.545,14.158,23.226,178.7
2009-03-01,9.629,8.219,14.954,21.098,113.3
2009-03-02,2.803,9.21,15.568,22.726,118.7
2009-03-03,5.647,7.966,16.223,21.821,144.9
2009-03-04,0.305,9.117,16.092,22.943,114.1
2009-03-05,6.253,10.858,15.065,24.158,112.5
2009-03-06,0.995,9.778,14.788,22.696,106.3
2009-03-07,25.108,8.197,16.416,22.147,143.8
2009-03-08,0.83,9.754,15.196,22.948,125.1
2009-03-09,5.879,10.094,14.666,22.965,112.5
2009-03-10,1.132,11.652,14.38,24.59,133.9
2009-03-11,0.0,11.194,15.467,24.791,113.3
2009-03-12,0.214,10.675,15.28,24.049,101.1
2009-03-13,0.09,9.579,15.416,22.872,103.7
2009-03-14,1.152,10.595,15.66,24.179,91.8
2009-03-15,5.462,9.541,15.715,23.019,91.8
2009-03-16,8.545,8.663,15.66,22.011,94.65
2009-03-17,16.174,7.453,15.94,21.019,104.1
2009-03-18,2.093,8.622,15.965,22.201,160.3
2009-03-19,5.801,7.692,15.394,20.709,154.4
2009-03-20,0.0,7.76,16.128,21.372,126.1
2009-03-21,5.93,7.921,15.571,21.125,104.0
2009-03-22,6.903,8.695,16.16,22.397,111.7
2009-03-23,28.315,7.838,15.856,21.228,335.4
2009-03-24,2.803,8.654,15.704,22.043,144.8
2009-03-25,10.527,8.183,16.09,21.78,191.0
2009-03-26,5.557,8.468,16.549,22.438,236.6
2009-03-27,7.483,9.676,15.946,23.307,217.6
2009-03-28,14.387,8.673,15.321,21.753,284.9
2009-03-29,19.638,8.302,15.465,21.473,352.1
2009-03-30,2.727,10.986,14.87,24.024,177.3
2009-03-31,17.221,7.171,15.63,20.446,349.7
2009-04-01,7.859,8.588,15.207,21.584,477.2
2009-04-02,14.774,9.321,15.185,22.353,488.1
2009-04-03,1.516,10.618,14.688,23.476,249.6
2009-04-04,6.369,10.188,15.326,23.446,315.8
2009-04-05,0.115,12.027,14.745,25.174,211.2
2009-04-06,0.0,10.394,15.198,23.609,189.2
2009-04-07,0.0,10.258,14.94,23.269,180.8
2009-04-08,32.376,6.786,15.856,20.193,427.1
2009-04-09,0.0,9.312,14.97,22.236,207.5
2009-04-10,7.32,9.516,14.595,22.174,202.4
2009-04-11,14.98,8.568,15.22,21.59,196.8
2009-04-12,15.943,7.931,15.253,20.889,212.3
2009-04-13,6.895,8.801,15.554,22.141,231.9
2009-04-14,2.8,7.536,15.807,20.935,236.9
2009-04-15,7.344,8.894,15.549,22.209,328.9
2009-04-16,2.683,10.947,14.084,23.546,266.3
2009-04-17,4.551,11.149,14.054,23.764,181.6
2009-04-18,0.98,10.34,14.815,23.351,169.8
2009-04-19,13.559,10.772,14.207,23.459,156.6
2009-04-20,0.862,9.527,15.535,22.965,138.0
2009-04-21,15.645,8.201,16.679,22.356,153.9
2009-04-22,0.424,8.882,15.995,22.611,135.5
2009-04-23,1.706,8.4,15.791,21.981,125.7
2009-04-24,4.161,9.075,16.193,23.0,154.0
2009-04-25,2.99,10.182,15.149,23.516,166.2
2009-04-26,1.193,8.599,15.812,22.22,116.4
2009-04-27,3.499,11.05,14.875,24.356,107.9
2009-04-28,8.438,8.371,16.584,22.546,107.1
2009-04-29,3.371,8.883,16.158,22.81,116.4
2009-04-30,14.897,6.655,16.065,20.372,300.1
2009-05-01,1.404,9.078,15.598,22.628,143.0
2009-05-02,40.505,9.48,14.332,22.196,307.7
2009-05-03,9.713,6.7,15.269,19.766,654.8
2009-05-04,10.438,8.06,15.296,21.266,677.0
2009-05-05,0.659,11.385,14.582,24.701,300.3
2009-05-06,7.819,11.108,15.255,24.818,331.7
2009-05-07,3.535,10.234,15.266,23.829,205.3
2009-05-08,5.464,10.911,14.041,23.807,237.2
2009-05-09,0.074,10.431,14.929,23.859,181.6
2009-05-10,9.299,10.206,15.815,24.242,168.1
2009-05-11,16.284,8.798,15.5,22.375,161.0
2009-05-12,6.964,10.813,14.234,23.921,147.2
2009-05-13,6.483,7.855,15.791,21.557,196.7
2009-05-14,1.411,9.489,14.965,22.829,150.5
2009-05-15,2.501,9.971,14.226,22.897,159.2
2009-05-16,1.734,10.945,14.139,24.049,159.2
2009-05-17,6.368,8.704,16.03,22.755,171.4
2009-05-18,0.739,9.594,15.69,23.538,144.6
2009-05-19,6.17,8.964,15.791,22.927,160.2
2009-05-20,1.952,9.248,16.193,23.533,128.1
2009-05-21,1.75,8.339,15.739,22.149,119.4
2009-05-22,3.032,8.905,15.367,22.56,114.8
2009-05-23,1.407,9.4,15.228,23.041,114.8
2009-05-24,6.145,9.556,15.207,23.247,117.9
2009-05-25,3.675,9.641,14.103,22.579,115.6
2009-05-26,0.0,10.71,14.106,23.902,107.9
2009-05-27,1.003,9.299,14.63,22.56,96.79
2009-05-28,4.662,9.662,14.155,22.674,93.23
2009-05-29,6.503,6.86,16.155,20.929,125.8
2009-05-30,4.868,9.406,15.149,23.125,115.7
2009-05-31,13.772,8.787,14.639,21.981,126.5
2009-06-01,0.334,10.223,15.092,24.065,91.8
2009-06-02,0.0,10.986,14.899,24.875,88.95
2009-06-03,0.05,10.033,15.554,24.177,83.24
2009-06-04,9.014,8.728,16.943,23.671,81.1
2009-06-05,29.459,6.08,16.337,20.266,245.9
2009-06-06,0.0,9.513,15.72,23.723,203.3
2009-06-07,0.071,9.844,14.848,23.495,115.6
2009-06-08,16.93,9.216,14.878,22.742,180.0
2009-06-09,2.874,10.355,14.75,24.071,121.8
2009-06-10,23.701,6.647,15.851,20.457,152.4
2009-06-11,1.586,9.094,15.291,22.902,113.3
2009-06-12,3.361,8.879,15.484,22.788,124.9
2009-06-13,12.756,7.053,14.533,19.924,140.9
2009-06-14,2.605,6.451,15.296,19.87,121.8
2009-06-15,5.28,9.507,13.527,22.201,131.5
2009-06-16,1.182,8.783,15.473,22.698,96.08
2009-06-17,0.547,9.892,14.889,23.652,90.37
2009-06-18,7.917,8.318,15.747,22.348,80.43
2009-06-19,0.122,9.006,15.427,22.943,77.1
2009-06-20,6.344,8.148,15.924,22.302,77.1
2009-06-21,5.973,9.039,15.177,22.826,82.09
2009-06-22,21.265,6.069,15.522,19.636,231.9
2009-06-23,1.061,8.045,15.166,21.587,113.0
2009-06-24,3.896,8.839,14.269,21.908,91.8
2009-06-25,1.069,9.005,14.052,21.946,133.1
2009-06-26,1.31,10.223,14.815,23.997,84.67
2009-06-27,0.0,8.33,15.698,22.318,81.1
2009-06-28,0.033,8.949,14.658,22.318,77.1
2009-06-29,0.252,9.083,15.815,23.315,71.1
2009-06-30,11.205,7.232,15.204,20.658,105.3
2009-07-01,0.0,9.524,15.098,23.321,75.77
2009-07-02,20.921,7.87,16.255,22.207,85.38
2009-07-03,1.455,7.643,15.899,21.671,71.1
2009-07-04,1.091,8.799,15.527,22.772,66.71
2009-07-05,2.735,8.791,15.671,22.84,90.37
2009-07-06,0.095,8.749,14.59,21.981,85.38
2009-07-07,0.0,10.34,15.356,24.484,83.95
2009-07-08,3.285,6.866,16.372,21.128,81.15
2009-07-09,0.109,9.233,15.913,23.527,79.1
2009-07-10,1.161,8.913,15.655,22.951,107.3
2009-07-11,0.092,8.521,15.644,22.476,83.24
2009-07-12,0.0,10.214,15.342,24.274,75.1
2009-07-13,1.306,10.798,14.633,24.492,75.1
2009-07-14,0.0,9.825,15.913,24.166,73.1
2009-07-15,0.0,9.73,15.562,23.812,71.1
2009-07-16,0.0,10.314,15.696,24.611,70.47
2009-07-17,0.03,10.062,16.432,24.823,71.1
2009-07-18,0.0,9.905,15.44,23.883,67.34
2009-07-19,0.526,11.017,15.405,25.22,67.34
2009-07-20,9.061,7.455,16.09,21.505,67.34
2009-07-21,5.206,9.843,14.62,23.242,69.22
2009-07-22,1.477,8.829,15.783,22.845,68.59
2009-07-23,4.169,9.826,15.117,23.524,65.46
2009-07-24,0.0,9.397,16.291,23.845,64.21
2009-07-25,0.266,9.393,16.334,23.872,61.7
2009-07-26,0.0,9.839,16.527,24.516,59.38
2009-07-27,0.0,10.622,16.147,25.141,51.92
2009-07-28,0.0,11.306,15.899,25.777,48.68
2009-07-29,2.419,9.114,16.734,23.766,48.68
2009-07-30,0.0,9.528,16.704,24.253,50.84
2009-07-31,0.0,9.679,15.812,23.75,49.76
2009-08-01,0.0,9.766,16.565,24.372,48.14
2009-08-02,0.063,11.423,15.709,25.707,46.52
2009-08-03,0.0,11.379,15.853,25.736,44.9
2009-08-04,0.0,10.358,16.688,25.114,44.9
2009-08-05,2.14,8.802,16.375,23.076,43.4
2009-08-06,5.701,8.052,15.712,21.712,38.9
2009-08-07,7.028,8.473,14.946,21.601,37.4
2009-08-08,2.758,8.97,15.519,22.576,37.4
2009-08-09,0.0,10.449,14.69,23.739,37.4
2009-08-10,0.0,10.737,15.228,24.451,39.4
2009-08-11,1.311,10.608,15.476,24.435,38.9
2009-08-12,0.0,10.902,15.44,24.761,36.83
2009-08-13,0.0,9.928,16.014,24.016,34.84
2009-08-14,4.927,10.084,15.777,23.995,33.99
2009-08-15,0.379,9.394,15.875,23.283,39.12
2009-08-16,3.154,9.634,14.772,22.745,34.56
2009-08-17,14.777,8.876,15.807,22.639,33.99
2009-08-18,0.222,9.45,16.016,23.427,33.13
2009-08-19,0.0,9.514,15.78,23.321,35.41
2009-08-20,6.077,7.962,16.06,21.826,33.99
2009-08-21,0.77,9.401,15.011,22.649,35.12
2009-08-22,0.0,9.166,15.226,22.473,36.55
2009-08-23,14.121,10.123,15.217,23.562,98.19
2009-08-24,3.532,9.998,15.666,23.72,62.42
2009-08-25,2.996,9.773,16.299,23.902,50.3
2009-08-26,5.65,8.386,16.467,22.484,45.98
2009-08-27,0.0,11.024,15.296,24.609,46.52
2009-08-28,0.0,9.816,15.899,23.652,40.4
2009-08-29,1.212,9.577,15.53,23.092,37.4
2009-08-30,8.931,9.232,15.679,22.812,44.4
2009-08-31,4.323,10.626,14.834,23.793,53.35
2009-09-01,0.032,10.111,15.323,23.554,44.48
2009-09-02,0.0,11.069,16.014,25.101,33.99
2009-09-03,1.329,10.187,16.177,24.22,33.13
2009-09-04,9.272,8.691,16.188,22.543,33.13
2009-09-05,2.201,11.479,16.454,25.872,32.28
2009-09-06,0.0,11.959,16.043,26.166,32.28
2009-09-07,0.0,9.588,16.147,23.514,31.43
2009-09-08,0.933,11.181,15.068,24.552,33.42
2009-09-09,0.662,7.992,17.005,22.443,32.85
2009-09-10,0.984,9.981,16.283,24.057,32.28
2009-09-11,0.0,9.487,15.315,22.788,31.43
2009-09-12,5.728,8.998,15.682,22.516,31.71
2009-09-13,0.0,11.349,14.312,24.245,32.85
2009-09-14,0.0,10.963,14.853,24.136,32.28
2009-09-15,19.772,9.748,14.997,22.87,42.9
2009-09-16,2.905,7.216,16.264,20.986,33.42
2009-09-17,8.749,8.739,16.076,22.467,32.56
2009-09-18,9.273,11.2,15.291,24.753,35.69
2009-09-19,2.543,11.566,14.726,24.769,32.56
2009-09-20,0.353,11.878,13.337,24.19,31.43
2009-09-21,2.592,10.863,15.984,24.832,30.69
2009-09-22,6.112,9.113,15.399,22.416,30.69
2009-09-23,0.0,11.225,15.046,24.62,30.08
2009-09-24,0.0,12.263,16.31,26.677,29.46
2009-09-25,0.0,10.243,15.97,24.158,29.46
2009-09-26,0.906,10.475,16.109,24.497,29.46
2009-09-27,1.333,10.29,15.389,23.802,28.85
2009-09-28,0.0,10.619,16.438,24.921,28.85
2009-09-29,0.0,11.298,16.166,25.516,28.85
2009-09-30,0.0,12.218,15.5,26.136,27.92
2009-10-01,5.25,10.603,15.549,24.299,27.92
2009-10-02,3.039,10.589,15.815,24.492,27.92
2009-10-03,11.126,8.359,16.217,22.25,29.05
2009-10-04,5.12,11.007,15.935,25.065,28.85
2009-10-05,8.22,9.497,14.978,22.641,29.46
2009-10-06,0.0,10.341,15.052,23.712,28.85
2009-10-07,14.062,8.447,16.688,22.75,27.92
2009-10-08,1.424,9.8,16.299,23.986,27.92
2009-10-09,0.0,11.006,14.802,24.359,27.31
2009-10-10,0.0,11.085,14.071,23.976,27.31
2009-10-11,19.276,7.7,15.524,21.114,27.31
2009-10-12,0.774,8.61,15.386,22.005,42.4
2009-10-13,17.844,6.623,15.856,20.204,33.42
2009-10-14,0.513,5.332,16.019,19.033,52.58
2009-10-15,15.209,8.859,14.772,21.87,132.4
2009-10-16,0.0,11.956,13.416,24.69,62.37
2009-10-17,3.979,11.254,12.37,23.158,45.23
2009-10-18,6.757,10.208,13.204,22.438,32.85
2009-10-19,25.211,9.31,15.079,22.701,66.11
2009-10-20,1.608,7.747,15.995,21.584,117.9
2009-10-21,0.251,11.585,14.53,25.071,84.67
2009-10-22,2.202,10.051,16.359,24.538,77.77
2009-10-23,0.0,9.53,17.06,24.446,76.43
2009-10-24,15.083,7.851,16.62,22.226,57.06
2009-10-25,3.315,9.284,15.535,23.092,81.95
2009-10-26,0.92,9.934,14.049,22.842,56.48
2009-10-27,35.866,7.935,15.011,21.171,47.6
2009-10-28,1.109,8.842,15.378,22.541,65.46
2009-10-29,0.498,9.487,14.72,22.845,57.06
2009-10-30,4.326,6.911,15.818,20.709,73.61
2009-10-31,1.755,8.371,15.791,22.299,96.79
2009-11-01,12.055,6.372,15.533,19.851,160.8
2009-11-02,17.136,8.162,15.557,21.916,196.2
2009-11-03,3.576,8.351,15.938,22.44,224.9
2009-11-04,3.417,9.139,15.435,23.019,158.3
2009-11-05,11.697,8.278,16.035,22.459,185.9
2009-11-06,17.95,8.42,15.068,21.946,154.2
2009-11-07,0.0,9.683,14.296,22.929,156.2
2009-11-08,0.718,7.163,16.144,21.345,129.7
2009-11-09,2.859,10.232,15.323,24.429,171.4
2009-11-10,11.386,10.142,15.003,24.092,113.3
2009-11-11,9.712,10.032,14.87,23.897,130.7
2009-11-12,14.779,9.147,15.12,22.989,120.2
2009-11-13,2.067,7.143,15.745,21.082,141.9
2009-11-14,0.407,9.247,14.978,23.033,99.65
2009-11-15,8.259,9.378,15.562,23.644,103.0
2009-11-16,1.145,10.966,13.356,24.133,93.23
2009-11-17,2.436,9.531,14.628,23.212,82.53
2009-11-18,9.744,7.962,16.761,22.872,96.79
2009-11-19,0.0,9.643,15.777,24.155,85.38
2009-11-20,0.327,9.99,15.677,24.552,76.43
2009-11-21,0.957,9.237,15.78,23.69,62.95
2009-11-22,10.908,8.355,16.342,23.068,57.06
2009-11-23,2.772,8.454,16.38,23.226,52.46
2009-11-24,3.573,9.072,14.677,22.777,49.22
2009-11-25,7.584,8.798,14.973,22.663,70.51
2009-11-26,2.453,9.899,15.75,24.603,58.22
2009-11-27,15.855,9.37,15.592,23.842,71.18
2009-11-28,4.362,7.661,16.158,22.201,101.8
2009-11-29,0.941,7.403,16.22,21.946,114.1
2009-11-30,0.0,7.492,16.375,22.177,75.77
2009-12-01,5.048,9.436,15.057,23.606,72.43
2009-12-02,0.171,10.123,15.152,24.557,69.22
2009-12-03,0.943,9.943,15.465,24.552,67.34
2009-12-04,5.625,10.373,14.78,24.641,66.09
2009-12-05,0.689,9.484,15.554,24.065,61.7
2009-12-06,2.177,8.497,16.147,23.277,66.71
2009-12-07,0.0,9.673,15.603,24.359,58.22
2009-12-08,6.673,9.052,14.579,22.856,54.16
2009-12-09,0.0,8.698,14.326,22.234,52.46
2009-12-10,3.082,8.54,14.891,22.438,51.38
2009-12-11,0.0,9.104,15.435,23.53,51.92
2009-12-12,5.799,7.526,15.935,21.943,55.32
2009-12-13,0.0,9.501,14.916,23.688,51.92
2009-12-14,0.0,10.058,15.041,24.497,48.14
2009-12-15,0.0,9.607,14.769,23.726,44.9
2009-12-16,0.0,8.815,15.446,23.209,44.9
2009-12-17,0.0,9.417,15.508,24.005,43.4
2009-12-18,17.089,6.588,16.049,20.938,41.9
2009-12-19,7.2,5.836,15.821,19.883,44.48
2009-12-20,14.611,7.473,15.832,21.821,222.6
2009-12-21,12.594,6.588,16.024,20.924,110.2
2009-12-22,0.938,7.306,15.53,21.375,102.6
2009-12-23,0.0,8.383,16.139,23.155,86.85
2009-12-24,0.626,10.293,14.834,24.652,71.1
2009-12-25,9.871,8.312,15.633,22.674,74.77
2009-12-26,5.682,7.953,15.035,21.78,145.3
2009-12-27,17.739,8.245,15.582,22.568,77.77
2009-12-28,0.0,9.631,13.889,23.117,80.43
2009-12-29,0.0,10.362,13.364,23.734,81.1
2009-12-30,0.0,10.189,14.78,24.451,79.77
2009-12-31,0.0,10.662,14.345,24.761,74.43
2010-01-01,0.0,11.038,13.565,24.726,70.47
2010-01-02,0.0,10.448,14.122,24.315,66.09
2010-01-03,0.0,11.468,13.658,25.337,62.95
2010-01-04,0.0,11.438,13.424,25.133,59.38
2010-01-05,0.0,10.582,13.467,24.043,57.64
2010-01-06,0.0,10.323,14.054,24.049,58.22
2010-01-07,0.0,10.587,15.052,25.038,56.48
2010-01-08,0.0,8.966,16.62,24.114,56.48
2010-01-09,0.0,9.48,15.859,24.166,54.74
2010-01-10,0.0,9.435,15.484,23.837,53.0
2010-01-11,0.038,10.268,15.114,24.625,53.0
2010-01-12,0.0,10.653,14.856,24.902,52.46
2010-01-13,0.0,11.197,14.416,25.296,47.6
2010-01-14,0.0,10.291,14.951,24.497,45.98
2010-01-15,0.0,10.529,14.927,24.745,43.4
2010-01-16,0.0,9.881,16.582,25.062,43.4
2010-01-17,0.0,10.589,15.712,25.304,42.9
2010-01-18,0.0,10.823,15.043,25.12,40.4
2010-01-19,0.0,9.706,16.033,24.397,38.9
2010-01-20,0.0,11.049,15.951,25.984,37.9
2010-01-21,0.0,11.708,15.269,26.34,37.12
2010-01-22,13.951,10.33,15.774,24.935,36.55
2010-01-23,0.654,10.694,14.312,24.375,36.55
2010-01-24,3.441,9.217,16.758,24.269,36.55
2010-01-25,9.768,8.264,16.25,22.712,36.55
2010-01-26,0.689,8.352,15.774,22.465,35.69
2010-01-27,1.99,9.118,16.25,23.704,35.27
2010-01-28,16.462,9.649,14.652,23.155,34.84
2010-01-29,1.78,10.483,14.318,23.976,33.99
2010-01-30,0.0,10.74,15.617,25.16,33.99
2010-01-31,0.0,11.634,16.027,26.503,33.42
2010-02-01,0.0,12.775,16.345,28.076,32.28
2010-02-02,0.0,12.004,17.201,27.693,32.28
2010-02-03,0.0,12.187,16.274,27.247,31.43
2010-02-04,0.0,11.618,17.269,27.215,31.43
2010-02-05,2.079,9.434,16.568,24.152,30.69
2010-02-06,23.601,7.775,17.033,22.573,37.4
2010-02-07,0.0,9.948,15.633,24.019,36.26
2010-02-08,0.0,10.423,15.236,24.296,33.13
2010-02-09,6.385,7.923,16.769,22.505,35.41
2010-02-10,0.0,10.519,15.552,24.584,37.62
2010-02-11,0.022,10.134,16.562,24.818,34.27
2010-02-12,0.0,11.17,16.726,26.136,33.13
2010-02-13,0.0,10.986,15.872,25.304,32.28
2010-02-14,13.907,6.698,16.976,21.299,31.71
2010-02-15,0.0,10.376,15.875,24.53,30.69
2010-02-16,3.599,9.692,16.674,24.291,30.69
2010-02-17,0.0,11.159,16.188,25.617,30.69
2010-02-18,0.0,11.898,15.793,26.196,29.46
2010-02-19,0.0,7.943,18.438,23.685,29.46
2010-02-20,4.251,7.711,18.361,23.364,29.46
2010-02-21,8.715,10.093,17.293,25.103,29.46
2010-02-22,1.454,11.291,15.88,25.47,42.63
2010-02-23,16.283,6.804,17.693,21.87,33.99
2010-02-24,1.789,10.516,15.139,23.997,33.13
2010-02-25,11.213,10.666,15.796,24.647,32.28
2010-02-26,5.589,7.118,16.546,21.209,31.18
2010-02-27,0.0,10.933,14.921,24.296,29.87
2010-02-28,0.0,11.877,15.459,25.731,29.46
2010-03-01,1.008,11.303,16.277,25.609,28.95
2010-03-02,8.07,8.833,16.609,23.043,28.85
2010-03-03,1.283,8.818,15.595,22.247,28.64
2010-03-04,0.0,11.212,14.766,24.41,29.77
2010-03-05,0.0,10.812,16.432,25.084,29.46
2010-03-06,1.767,10.181,17.185,24.924,28.85
2010-03-07,9.056,11.286,16.302,25.508,28.85
2010-03-08,0.0,11.4,15.647,25.168,28.85
2010-03-09,9.703,10.358,16.486,24.565,28.23
2010-03-10,17.402,10.652,16.696,25.057,28.23
2010-03-11,15.615,10.794,15.391,24.264,32.54
2010-03-12,0.0,11.423,15.12,24.793,29.87
2010-03-13,0.07,11.4,15.084,24.723,29.46
2010-03-14,1.803,11.676,15.361,25.239,29.46
2010-03-15,0.0,12.588,14.688,25.834,28.85
2010-03-16,2.185,10.831,16.342,24.927,28.85
2010-03-17,11.603,8.458,16.538,22.465,48.55
2010-03-18,8.449,8.147,16.416,22.073,71.3
2010-03-19,0.222,10.005,16.728,24.277,42.53
2010-03-20,7.392,10.801,15.579,24.315,30.18
2010-03-21,0.622,10.463,17.065,25.035,29.46
2010-03-22,0.0,12.523,13.894,25.163,36.77
2010-03-23,0.0,12.6,15.226,26.149,29.46
2010-03-24,0.0,11.597,16.723,26.03,29.46
2010-03-25,0.0,12.345,14.997,25.696,29.46
2010-03-26,9.394,9.699,15.997,23.375,29.46
2010-03-27,1.344,10.82,16.052,24.66,36.97
2010-03-28,3.644,10.081,15.728,23.59,29.46
2010-03-29,1.001,10.679,14.698,23.557,28.85
2010-03-30,10.115,8.081,17.315,22.636,28.85
2010-03-31,2.551,8.047,17.269,22.633,28.85
2010-04-01,3.943,10.97,15.008,24.114,28.85
2010-04-02,4.994,11.415,15.552,25.016,28.85
2010-04-03,18.324,9.286,16.978,23.663,74.59
2010-04-04,15.935,9.234,17.087,23.698,59.38
2010-04-05,15.354,9.546,16.579,23.677,49.22
2010-04-06,21.868,6.201,16.894,20.44,69.97
2010-04-07,15.046,9.532,16.383,23.476,128.6
2010-04-08,14.107,9.413,16.291,23.302,81.33
2010-04-09,15.526,8.15,17.342,22.753,59.38
2010-04-10,8.089,8.675,17.003,23.101,58.8
2010-04-11,30.887,7.075,16.47,20.967,130.1
2010-04-12,11.566,10.172,14.88,23.149,101.6
2010-04-13,9.582,8.411,15.851,21.897,90.02
2010-04-14,17.723,9.784,16.106,23.63,91.72
2010-04-15,1.514,8.67,16.443,22.647,180.9
2010-04-16,0.121,7.655,16.351,21.484,128.5
2010-04-17,4.612,9.823,16.182,23.758,81.1
2010-04-18,5.147,11.443,15.09,24.842,71.77
2010-04-19,21.391,5.712,16.84,19.962,73.85
2010-04-20,0.0,10.795,15.41,24.353,91.8
2010-04-21,0.0,11.369,16.109,25.543,67.34
2010-04-22,9.464,10.69,17.345,25.63,58.22
2010-04-23,0.0,11.074,16.451,25.465,52.46
2010-04-24,0.0,9.664,17.212,24.424,49.76
2010-04-25,2.579,8.08,17.829,23.258,44.9
2010-04-26,26.356,6.739,16.543,20.837,110.1
2010-04-27,5.262,8.473,16.774,22.826,123.3
2010-04-28,22.966,6.644,17.277,21.34,117.9
2010-04-29,2.705,7.106,16.438,21.139,301.4
2010-04-30,4.135,8.96,16.296,23.019,166.6
2010-05-01,2.714,7.717,15.772,21.291,121.8
2010-05-02,3.942,9.101,16.128,23.106,112.5
2010-05-03,23.383,6.501,16.519,20.576,201.1
2010-05-04,4.098,7.263,16.106,21.035,416.8
2010-05-05,12.166,9.094,16.424,23.348,228.5
2010-05-06,6.095,9.129,16.011,23.073,206.3
2010-05-07,0.0,10.912,15.552,24.837,154.2
2010-05-08,1.483,9.589,16.834,24.231,123.3
2010-05-09,0.0,9.633,16.674,24.168,117.9
2010-05-10,8.524,8.935,17.133,23.769,114.1
2010-05-11,1.683,8.401,16.72,22.845,114.1
2010-05-12,13.996,7.086,17.024,21.674,106.3
2010-05-13,0.862,10.834,16.024,25.19,77.1
2010-05-14,0.032,10.497,16.853,25.383,70.47
2010-05-15,1.552,10.182,16.758,24.973,71.1
2010-05-16,0.0,9.798,16.848,24.592,71.1
2010-05-17,6.208,10.341,16.25,24.821,67.97
2010-05-18,6.866,9.873,16.332,24.34,61.7
2010-05-19,7.221,10.818,15.065,24.565,59.96
2010-05-20,19.313,9.409,17.073,24.435,79.77
2010-05-21,16.274,7.137,16.712,21.584,167.4
2010-05-22,12.576,8.243,15.587,21.94,98.93
2010-05-23,1.001,7.222,16.927,21.867,73.1
2010-05-24,9.122,10.195,15.443,24.179,79.1
2010-05-25,0.714,10.558,15.924,24.973,77.77
2010-05-26,3.538,6.429,16.609,20.777,174.8
2010-05-27,15.873,5.93,16.321,20.011,136.5
2010-05-28,0.0,10.323,14.633,23.81,126.7
2010-05-29,0.581,10.998,15.755,25.429,86.09
2010-05-30,7.947,9.286,16.69,24.071,78.43
2010-05-31,16.723,7.826,16.731,22.448,109.4
2010-06-01,8.474,8.367,16.236,22.701,115.6
2010-06-02,0.952,7.51,15.546,21.196,121.3
2010-06-03,13.506,7.356,15.285,20.793,196.7
2010-06-04,0.0,9.353,14.94,22.948,127.6
2010-06-05,0.784,10.701,15.236,24.783,95.37
2010-06-06,0.0,9.844,15.554,23.973,86.45
2010-06-07,0.749,9.542,15.685,23.734,71.1
2010-06-08,8.01,9.997,14.606,23.535,72.43
2010-06-09,0.709,9.025,16.076,23.408,71.1
2010-06-10,1.457,8.648,15.989,22.929,77.77
2010-06-11,0.0,9.763,14.59,23.236,71.1
2010-06-12,5.856,9.61,15.826,23.973,71.1
2010-06-13,0.0,9.716,14.826,23.38,71.1
2010-06-14,2.231,8.319,14.91,21.75,71.1
2010-06-15,1.617,7.458,15.663,21.28,138.5
2010-06-16,1.252,6.061,16.073,20.114,84.76
2010-06-17,4.043,9.223,15.655,23.386,73.1
2010-06-18,3.148,7.669,16.117,21.897,71.1
2010-06-19,2.56,7.391,15.457,21.073,100.5
2010-06-20,47.82,4.812,15.149,17.984,365.3
2010-06-21,0.0,8.749,13.821,21.465,196.7
2010-06-22,2.614,9.062,14.571,22.372,225.6
2010-06-23,0.446,9.711,15.56,23.916,123.3
2010-06-24,22.312,9.072,15.438,23.035,107.9
2010-06-25,0.0,8.992,15.764,23.188,96.08
2010-06-26,15.538,9.657,15.856,24.049,102.5
2010-06-27,5.022,8.124,16.06,22.405,178.0
2010-06-28,0.0,9.179,14.856,22.747,114.1
2010-06-29,9.386,8.956,16.198,23.457,93.23
2010-06-30,0.36,8.634,14.679,21.973,115.6
2010-07-01,0.177,8.305,15.478,22.141,96.79
2010-07-02,12.273,8.373,15.467,22.223,179.8
2010-07-03,1.578,9.97,15.28,24.035,124.8
2010-07-04,18.535,7.134,16.185,21.302,121.8
2010-07-05,4.005,7.475,15.739,21.38,126.4
2010-07-06,19.325,8.266,16.171,22.582,206.3
2010-07-07,6.099,7.236,16.038,21.285,208.3
2010-07-08,6.712,8.227,15.356,21.908,197.7
2010-07-09,7.633,8.607,15.978,22.832,176.1
2010-07-10,3.49,8.918,16.617,23.671,142.1
2010-07-11,20.981,6.107,16.302,20.274,177.0
2010-07-12,0.0,7.976,15.201,21.508,195.1
2010-07-13,4.909,8.459,15.522,22.293,200.8
2010-07-14,15.025,7.948,16.19,22.242,186.5
2010-07-15,28.348,5.699,16.098,19.671,343.1
2010-07-16,13.521,5.602,15.285,18.864,382.7
2010-07-17,0.235,8.452,15.598,22.274,316.7
2010-07-18,12.47,8.448,16.198,22.715,256.9
2010-07-19,0.317,9.679,16.054,24.076,200.5
2010-07-20,0.0,9.019,15.459,22.834,181.6
2010-07-21,0.0,9.564,15.25,23.34,181.9
2010-07-22,0.0,10.891,14.188,24.198,153.9
2010-07-23,2.878,9.372,15.0,22.883,147.1
2010-07-24,1.5,9.713,16.046,24.011,138.0
2010-07-25,0.087,10.028,14.918,23.601,133.0
2010-07-26,18.791,7.857,16.0,21.818,124.1
2010-07-27,12.355,8.393,15.562,22.079,115.2
2010-07-28,2.76,9.537,15.274,23.234,126.4
2010-07-29,0.0,8.3,15.603,22.019,117.9
2010-07-30,0.101,8.766,14.06,21.408,133.0
2010-07-31,21.035,7.332,16.12,21.312,218.3
2010-08-01,7.989,8.127,15.345,21.609,184.6
2010-08-02,1.487,9.451,14.853,22.793,138.0
2010-08-03,1.182,6.999,15.649,20.519,151.0
2010-08-04,8.213,10.62,15.185,24.332,167.6
2010-08-05,0.0,10.691,15.204,24.448,132.2
2010-08-06,2.497,9.386,16.598,23.929,122.5
2010-08-07,0.0,9.202,14.514,22.155,117.9
2010-08-08,0.053,8.883,16.527,23.296,166.3
2010-08-09,0.0,10.703,15.954,24.924,122.5
2010-08-10,0.0,8.92,16.356,23.149,113.3
2010-08-11,0.0,9.782,16.198,24.014,102.6
2010-08-12,2.219,9.006,15.63,22.693,91.09
2010-08-13,0.0,9.448,15.734,23.28,177.0
2010-08-14,0.125,8.962,14.707,21.913,113.3
2010-08-15,15.357,9.897,15.046,23.25,108.7
2010-08-16,2.4,10.521,14.484,23.606,157.6
2010-08-17,0.0,9.883,14.758,23.003,113.3
2010-08-18,13.245,7.811,15.209,20.965,114.1
2010-08-19,0.369,8.295,15.707,21.856,104.9
2010-08-20,2.593,10.276,14.965,23.584,120.2
2010-08-21,0.0,10.248,14.886,23.484,103.3
2010-08-22,0.271,9.888,15.788,23.698,93.23
2010-08-23,0.0,9.544,16.147,23.576,81.1
2010-08-24,0.0,9.22,15.378,22.63,79.1
2010-08-25,0.228,8.901,15.788,22.557,77.1
2010-08-26,2.265,8.816,15.394,22.158,82.88
2010-08-27,2.472,9.824,14.78,22.872,222.3
2010-08-28,33.786,8.724,15.59,22.177,95.37
2010-08-29,8.944,8.214,16.293,22.13,87.52
2010-08-30,0.0,10.631,15.065,23.978,81.1
2010-08-31,8.009,7.814,15.25,20.88,91.13
2010-09-01,15.273,8.418,16.125,22.223,202.4
2010-09-02,9.247,7.551,16.03,21.215,166.3
2010-09-03,0.16,8.022,16.052,21.712,148.9
2010-09-04,3.313,9.406,14.72,22.274,135.5
2010-09-05,13.017,9.763,15.087,22.954,128.3
2010-09-06,5.769,8.826,15.541,22.207,99.65
2010-09-07,5.477,6.875,15.747,20.255,93.94
2010-09-08,0.081,7.946,15.342,21.062,96.79
2010-09-09,0.0,9.411,15.685,22.935,105.6
2010-09-10,0.213,10.29,14.954,23.446,97.51
2010-09-11,0.766,10.129,15.951,23.957,81.1
2010-09-12,6.061,10.69,15.682,24.424,96.79
2010-09-13,0.0,8.684,16.288,22.595,91.8
2010-09-14,1.766,10.545,14.658,23.519,88.23
2010-09-15,0.252,11.205,13.239,23.307,86.81
2010-09-16,0.545,10.111,15.158,23.378,89.66
2010-09-17,0.675,9.362,14.883,22.323,79.1
2010-09-18,0.0,10.871,15.185,24.288,86.14
2010-09-19,1.449,9.786,14.951,22.864,71.1
2010-09-20,29.193,6.663,15.209,19.571,87.52
2010-09-21,5.931,8.94,15.255,22.095,112.5
2010-09-22,15.963,7.323,16.462,21.302,96.08
2010-09-23,4.52,7.96,15.562,21.242,88.95
2010-09-24,11.156,8.256,15.13,21.285,199.1
2010-09-25,1.775,8.068,15.818,21.603,111.7
2010-09-26,4.21,8.675,14.736,21.465,102.5
2010-09-27,23.863,6.926,15.685,20.288,114.8
2010-09-28,0.62,9.031,15.774,22.658,116.4
2010-09-29,0.753,10.426,16.049,24.446,238.8
2010-09-30,12.864,10.698,13.122,22.693,120.2
2010-10-01,0.218,10.919,13.88,23.522,174.0
2010-10-02,13.165,8.519,14.454,21.09,162.8
2010-10-03,1.393,9.782,14.565,22.633,119.8
2010-10-04,34.618,6.337,15.598,19.611,277.5
2010-10-05,4.849,9.419,15.125,22.685,181.7
2010-10-06,14.766,7.47,15.989,21.109,379.1
2010-10-07,2.243,10.342,16.065,24.44,280.9
2010-10-08,1.338,9.299,14.938,22.446,261.5
2010-10-09,0.749,9.223,15.288,22.614,158.3
2010-10-10,8.619,11.876,14.728,25.351,132.2
2010-10-11,0.0,10.783,15.543,24.628,129.7
2010-10-12,0.0,10.59,15.565,24.446,118.7
2010-10-13,0.596,10.74,15.019,24.247,114.1
2010-10-14,4.355,9.205,15.538,22.861,111.0
2010-10-15,15.568,8.27,13.834,20.486,129.7
2010-10-16,8.419,8.503,15.424,21.97,124.9
2010-10-17,1.475,8.176,15.342,21.552,114.8
2010-10-18,10.211,8.25,15.375,21.674,145.0
2010-10-19,10.767,9.56,14.804,22.791,124.9
2010-10-20,13.579,6.995,15.709,20.511,225.9
2010-10-21,1.504,9.112,14.389,21.986,124.9
2010-10-22,23.062,7.613,15.535,21.141,228.7
2010-10-23,27.86,8.334,14.649,21.318,191.0
2010-10-24,2.165,8.899,14.78,22.087,197.7
2010-10-25,0.823,8.668,15.207,22.117,206.3
2010-10-26,0.689,8.404,15.571,22.128,351.0
2010-10-27,10.195,7.29,16.06,21.293,211.2
2010-10-28,10.744,8.475,15.378,22.09,489.6
2010-10-29,12.15,8.093,14.913,21.285,410.5
2010-10-30,24.829,7.292,16.046,21.253,451.8
2010-10-31,28.234,9.643,15.293,23.451,372.2
2010-11-01,25.521,7.137,15.704,20.864,482.9
2010-11-02,3.061,8.179,15.595,22.0,377.4
2010-11-03,9.838,6.815,16.046,20.769,539.3
2010-11-04,5.308,8.823,15.84,22.951,341.2
2010-11-05,2.93,8.652,15.886,22.791,262.0
2010-11-06,80.036,6.398,16.087,20.41,376.6
2010-11-07,1.525,6.903,15.97,20.859,452.6
2010-11-08,0.983,8.224,15.389,21.965,406.9
2010-11-09,1.803,9.289,14.788,22.851,348.3
2010-11-10,3.278,7.554,15.397,21.239,742.7
2010-11-11,29.561,6.604,15.122,19.954,563.8
2010-11-12,5.385,7.804,14.481,20.883,440.4
2010-11-13,6.899,6.452,15.158,19.812,591.9
2010-11-14,44.198,7.866,14.995,21.326,511.9
2010-11-15,13.044,7.299,14.891,20.609,472.5
2010-11-16,0.5,7.433,15.522,21.272,523.1
2010-11-17,71.412,5.741,15.117,19.027,880.2
2010-11-18,2.933,8.043,14.318,21.117,653.7
2010-11-19,0.286,7.694,15.003,21.236,545.8
2010-11-20,4.927,9.266,13.562,22.152,703.3
2010-11-21,0.519,7.756,15.071,21.391,517.6
2010-11-22,8.124,8.707,14.802,22.37,548.7
2010-11-23,5.311,7.564,15.511,21.5,522.0
2010-11-24,8.335,6.873,15.649,20.802,487.8
2010-11-25,20.254,8.564,14.693,22.174,523.3
2010-11-26,0.0,8.518,15.299,22.549,488.7
2010-11-27,7.364,7.292,15.204,20.978,564.4
2010-11-28,14.9,7.023,15.228,20.707,640.7
2010-11-29,15.188,7.553,16.147,22.087,381.1
2010-11-30,2.61,8.663,14.321,22.073,372.2
2010-12-01,11.415,7.056,16.592,21.818,566.7
2010-12-02,7.932,6.129,15.818,20.155,604.3
2010-12-03,26.097,6.02,15.736,19.935,580.7
2010-12-04,31.918,5.237,16.076,19.378,796.0
2010-12-05,0.448,8.588,14.984,22.489,589.6
2010-12-06,0.0,9.679,15.027,23.978,484.4
2010-12-07,12.889,7.735,15.913,22.185,429.0
2010-12-08,0.0,7.257,15.628,21.402,435.1
2010-12-09,14.537,8.527,15.424,22.821,377.4
2010-12-10,1.812,8.642,14.867,22.533,414.1
2010-12-11,0.0,7.797,16.367,22.601,306.4
2010-12-12,0.0,7.82,16.163,22.478,290.2
2010-12-13,37.264,6.726,16.337,21.318,673.1
2010-12-14,14.576,8.24,15.492,22.489,400.9
2010-12-15,22.035,6.641,15.47,20.527,554.4
2010-12-16,27.635,7.566,15.323,21.552,748.4
2010-12-17,4.362,8.126,14.891,21.932,436.3
2010-12-18,16.381,6.648,16.372,21.234,639.9
2010-12-19,1.632,8.106,14.72,21.755,537.6
2010-12-20,0.455,6.53,15.467,20.424,609.4
2010-12-21,0.0,8.129,14.992,21.973,460.2
2010-12-22,0.0,7.937,15.323,21.986,376.0
2010-12-23,0.0,7.895,15.043,21.736,337.1
2010-12-24,8.486,7.107,15.293,20.965,314.3
2010-12-25,0.0,9.458,14.182,23.106,267.3
2010-12-26,8.623,6.858,15.215,20.573,270.2
2010-12-27,0.0,7.639,15.351,21.649,232.3
2010-12-28,0.563,8.89,14.641,22.677,240.6
2010-12-29,1.255,9.289,15.427,23.777,238.6
2010-12-30,0.0,10.221,14.413,24.247,208.2
2010-12-31,0.0,9.943,14.731,24.122,212.7
2011-01-01,0.0,10.083,14.671,24.217,191.0
2011-01-02,0.0,9.664,14.5,23.543,179.7
2011-01-03,0.052,7.441,15.454,21.429,169.8
2011-01-04,6.439,7.131,14.938,20.671,358.8
2011-01-05,1.024,8.587,15.266,22.671,298.6
2011-01-06,0.0,8.749,14.465,22.299,214.2
2011-01-07,1.65,8.321,14.198,21.584,208.2
2011-01-08,0.765,8.43,15.043,22.288,218.2
2011-01-09,21.349,7.822,15.992,22.204,203.3
2011-01-10,5.106,8.685,14.818,22.41,181.6
2011-01-11,0.426,9.989,15.641,24.62,168.9
2011-01-12,2.734,9.976,15.223,24.293,155.7
2011-01-13,1.741,8.864,15.209,22.899,149.6
2011-01-14,0.0,8.667,15.386,22.758,141.3
2011-01-15,0.144,10.309,14.359,24.101,133.9
2011-01-16,1.526,9.156,14.484,22.717,127.3
2011-01-17,3.52,9.986,15.989,24.769,125.6
2011-01-18,0.13,9.866,14.804,23.769,121.0
2011-01-19,0.155,10.554,15.139,24.878,114.1
2011-01-20,0.0,10.498,14.427,24.266,113.3
2011-01-21,2.544,9.252,14.815,22.965,108.7
2011-01-22,0.153,9.626,15.304,23.728,102.5
2011-01-23,0.0,10.659,15.427,25.095,100.4
2011-01-24,0.0,9.764,14.614,23.38,93.94
2011-01-25,0.346,10.155,13.674,23.207,93.94
2011-01-26,0.043,9.883,14.163,23.201,91.09
2011-01-27,16.2,8.555,14.777,21.948,91.09
2011-01-28,8.679,9.357,14.834,22.959,91.8
2011-01-29,1.235,10.859,13.989,24.215,95.37
2011-01-30,0.203,9.652,14.812,23.245,93.94
2011-01-31,0.0,10.234,14.315,23.606,84.67
2011-02-01,0.0,9.648,14.359,22.87,79.1
2011-02-02,0.0,10.046,16.019,24.511,77.1
2011-02-03,0.0,10.929,14.541,24.533,76.43
2011-02-04,13.297,9.767,15.315,23.625,74.43
2011-02-05,6.549,8.231,15.633,22.073,88.95
2011-02-06,2.588,8.787,16.231,23.101,71.1
2011-02-07,1.612,5.165,16.397,19.312,137.5
2011-02-08,10.174,7.596,15.736,21.312,161.0
2011-02-09,1.687,7.668,16.356,21.867,223.3
2011-02-10,15.187,8.527,15.459,22.128,155.1
2011-02-11,2.426,8.115,15.957,22.027,148.3
2011-02-12,10.141,9.118,15.929,23.12,126.7
2011-02-13,12.56,8.283,16.967,22.959,90.37
2011-02-14,20.58,8.554,15.807,22.361,222.1
2011-02-15,0.778,8.591,15.421,22.128,133.9
2011-02-16,28.574,5.735,16.28,19.707,184.7
2011-02-17,11.109,7.115,16.19,21.024,191.0
2011-02-18,3.448,8.927,15.87,22.75,160.1
2011-02-19,6.074,9.814,16.266,24.052,222.3
2011-02-20,0.134,10.092,16.09,24.242,187.4
2011-02-21,0.0,10.376,15.696,24.253,154.1
2011-02-22,0.114,9.89,15.761,23.72,137.2
2011-02-23,29.627,8.306,16.804,22.701,164.5
2011-02-24,5.046,4.88,16.633,19.136,444.9
2011-02-25,18.226,9.141,15.497,22.614,232.9
2011-02-26,3.624,11.67,13.413,24.149,214.5
2011-02-27,17.266,9.257,14.929,22.296,205.2
2011-02-28,0.318,9.702,14.386,22.438,197.8
2011-03-01,36.523,7.428,16.149,21.19,538.3
2011-03-02,0.0,7.285,15.552,20.533,534.8
2011-03-03,0.0,9.256,15.715,22.84,337.3
2011-03-04,0.0,10.245,15.576,23.832,327.5
2011-03-05,5.577,8.899,15.283,22.065,397.8
2011-03-06,0.0,7.385,15.329,20.424,326.0
2011-03-07,0.0,10.212,14.823,23.226,237.6
2011-03-08,8.847,8.38,15.872,21.924,219.2
2011-03-09,17.294,8.213,15.582,21.524,419.7
2011-03-10,20.969,7.314,15.609,20.533,530.7
2011-03-11,0.0,9.585,14.818,22.467,274.4
2011-03-12,0.0,9.746,15.913,23.41,223.3
2011-03-13,0.0,9.047,16.022,22.742,204.3
2011-03-14,0.0,10.413,15.38,23.766,199.5
2011-03-15,0.0,10.141,15.723,23.72,181.6
2011-03-16,0.0,9.673,15.875,23.315,173.4
2011-03-17,0.0,10.343,15.109,23.514,163.6
2011-03-18,0.061,9.17,16.223,23.0,161.0
2011-03-19,14.244,9.385,15.402,22.609,158.3
2011-03-20,9.824,7.007,15.679,20.285,257.9
2011-03-21,27.427,8.486,15.693,21.807,205.2
2011-03-22,0.0,9.075,15.139,22.027,240.6
2011-03-23,2.091,9.142,16.024,22.761,309.7
2011-03-24,1.697,10.447,15.668,23.986,295.9
2011-03-25,7.554,9.706,15.418,22.957,270.2
2011-03-26,0.908,9.049,15.774,22.478,215.2
2011-03-27,1.854,11.087,15.704,24.731,202.4
2011-03-28,13.915,8.931,15.894,22.435,201.4
2011-03-29,3.747,10.331,15.207,23.524,194.8
2011-03-30,1.191,11.309,14.764,24.351,179.7
2011-03-31,6.494,11.806,15.005,25.087,198.6
2011-04-01,1.599,10.97,15.486,24.465,179.8
2011-04-02,21.088,10.823,15.003,23.924,188.4
2011-04-03,1.597,10.408,14.5,23.117,169.8
2011-04-04,14.189,8.35,16.323,22.182,212.2
2011-04-05,1.078,8.35,15.508,21.56,197.7
2011-04-06,10.985,8.311,15.777,21.709,280.2
2011-04-07,9.342,7.839,15.986,21.405,358.8
2011-04-08,4.37,10.229,15.5,23.652,353.8
2011-04-09,35.005,8.458,14.823,21.147,320.1
2011-04-10,33.824,7.296,15.204,20.163,649.2
2011-04-11,10.303,9.292,15.592,22.671,489.7
2011-04-12,16.212,9.113,15.332,22.28,521.9
2011-04-13,5.258,9.403,15.255,22.546,574.7
2011-04-14,15.326,9.551,15.481,22.897,479.0
2011-04-15,8.84,6.657,16.068,20.204,414.4
2011-04-16,10.263,7.277,15.726,20.647,491.3
2011-04-17,32.747,7.584,15.918,21.068,423.4
2011-04-18,8.323,8.198,14.992,21.06,365.9
2011-04-19,26.352,8.738,15.446,22.0,512.1
2011-04-20,0.654,7.962,16.043,21.622,649.8
2011-04-21,5.587,8.918,15.834,22.519,805.7
2011-04-23,12.05,9.574,15.261,22.88,600.2
2011-04-24,1.489,9.986,15.522,23.554,542.0
2011-04-25,10.212,7.411,15.927,20.986,473.6
2011-04-26,6.359,9.832,15.736,23.573,376.0
2011-04-27,14.237,9.667,15.247,23.022,386.1
2011-04-28,16.787,8.939,15.636,22.462,570.1
2011-04-29,5.509,10.586,15.723,24.44,433.6
2011-04-30,6.719,11.254,16.212,25.609,436.7
2011-05-01,6.459,10.313,16.359,24.611,362.2
2011-05-02,4.583,10.103,16.147,24.228,355.9
2011-05-03,13.559,6.562,16.671,20.731,301.2
2011-05-04,4.534,9.153,16.451,23.399,289.9
2011-05-05,4.394,8.753,16.459,22.967,250.2
2011-05-06,0.201,10.478,16.057,24.663,223.3
2011-05-07,0.0,9.69,17.008,24.47,203.5
2011-05-08,3.546,9.273,16.413,23.568,172.5
2011-05-09,6.032,9.787,17.087,24.685,172.2
2011-05-10,0.054,10.463,16.454,24.992,192.0
2011-05-11,20.211,8.734,16.549,23.082,171.6
2011-05-12,2.055,8.823,16.97,23.584,199.7
2011-05-13,17.647,6.892,16.75,21.247,422.5
2011-05-15,0.571,8.952,15.921,22.924,400.9
2011-05-16,7.8,9.115,16.405,23.481,368.5
2011-05-17,8.494,9.786,15.649,23.72,336.1
2011-05-18,0.182,9.069,15.655,22.886,301.2
2011-05-19,7.451,7.764,15.149,20.967,289.0
2011-05-20,1.109,9.521,14.829,22.859,250.2
2011-05-21,2.761,7.895,15.734,21.655,222.3
2011-05-22,13.679,8.499,15.628,22.28,210.2
2011-05-23,0.0,8.616,15.902,22.652,213.2
2011-05-24,0.0,8.988,15.769,22.997,204.3
2011-05-25,23.986,9.116,15.932,23.293,349.6
2011-05-26,5.302,8.495,15.726,22.361,205.3
2011-05-27,0.044,10.29,15.185,24.152,186.3
2011-05-28,0.0,8.263,16.228,22.549,202.4
2011-05-29,2.123,9.02,16.016,23.269,176.0
2011-05-30,0.0,8.679,16.701,23.405,167.2
2011-05-31,0.431,9.007,17.019,24.038,164.5
2011-06-01,3.516,8.115,16.375,22.538,153.9
2011-06-02,15.385,6.366,15.783,20.114,494.2
2011-06-03,14.666,7.687,15.734,21.535,301.6
2011-06-04,18.54,6.237,16.111,20.215,348.0
2011-06-05,0.0,9.536,15.606,23.628,259.2
2011-06-06,1.922,8.844,16.611,23.576,207.2
2011-06-07,8.041,7.511,16.323,21.812,196.7
2011-06-08,0.238,10.136,15.258,24.152,185.4
2011-06-09,0.034,9.91,16.315,24.633,174.3
2011-06-10,0.0,9.703,15.978,24.147,166.3
2011-06-11,0.384,9.154,16.28,23.709,173.4
2011-06-12,0.194,10.261,16.948,25.514,160.1
2011-06-13,0.0,9.815,16.617,24.755,147.9
2011-06-14,10.909,8.112,16.701,22.788,148.3
2011-06-15,0.146,8.952,15.541,22.951,147.1
2011-06-16,1.663,8.483,15.288,22.226,139.7
2011-06-17,3.348,8.508,16.111,22.878,135.5
2011-06-18,2.935,7.35,15.739,21.228,130.6
2011-06-19,0.0,7.9,16.09,22.149,124.1
2011-06-20,3.187,8.616,15.359,22.459,154.2
2011-06-21,1.437,9.762,15.25,23.761,127.3
2011-06-22,0.058,9.455,15.022,23.212,117.1
2011-06-23,8.675,7.686,15.418,21.38,124.8
2011-06-24,0.469,9.34,15.649,23.538,143.0
2011-06-25,18.305,6.706,15.522,20.329,158.1
2011-06-26,3.088,8.352,15.391,22.144,138.0
2011-06-27,6.433,7.641,15.872,21.636,122.5
2011-06-28,1.287,10.07,14.198,23.397,114.1
2011-06-29,9.319,9.499,14.905,23.168,124.1
2011-06-30,3.255,8.44,15.125,22.043,138.0
2011-07-01,13.084,10.456,14.932,24.345,208.8
2011-07-02,3.036,8.35,15.655,22.304,125.6
2011-07-03,0.0,10.778,14.764,24.652,132.2
2011-07-04,1.464,8.223,16.361,22.709,114.1
2011-07-05,0.044,10.416,15.467,24.671,121.8
2011-07-06,9.277,8.972,15.201,22.693,114.1
2011-07-07,0.0,9.45,15.312,23.361,117.9
2011-07-08,0.0,10.634,15.777,25.122,100.4
2011-07-09,0.0,9.256,16.443,23.932,91.8
2011-07-10,0.091,9.538,16.375,24.215,81.1
2011-07-11,0.0,9.523,15.986,23.924,81.1
2011-07-12,2.606,8.922,16.609,23.66,83.95
2011-07-13,20.892,7.54,15.897,21.524,116.5
2011-07-14,7.717,7.252,15.122,20.609,95.37
2011-07-15,16.338,7.716,14.94,20.924,174.8
2011-07-16,2.383,9.305,15.22,23.033,158.6
2011-07-17,0.938,8.812,15.516,22.663,108.7
2011-07-18,2.503,9.594,15.467,23.565,138.6
2011-07-19,0.157,9.566,16.258,24.073,114.1
2011-07-20,1.551,9.95,15.992,24.318,94.65
2011-07-21,5.41,9.045,16.44,23.571,81.1
2011-07-22,0.047,9.871,16.546,24.609,77.1
2011-07-23,0.128,9.92,16.758,24.799,75.1
2011-07-24,0.0,9.336,16.427,23.88,71.1
2011-07-25,0.0,9.718,17.024,24.739,71.1
2011-07-26,0.081,10.282,15.769,24.492,71.1
2011-07-27,4.924,9.346,16.929,24.22,71.1
2011-07-28,22.597,7.236,15.848,21.0,71.1
2011-07-29,11.654,7.444,15.242,20.761,124.0
2011-07-30,10.179,7.718,15.981,21.611,236.9
2011-07-31,0.521,9.811,15.043,23.345,133.9
2011-08-01,0.373,10.543,14.193,23.625,114.1
2011-08-02,1.581,10.149,15.505,24.068,91.8
2011-08-03,7.872,9.126,16.111,23.283,81.1
2011-08-04,0.168,10.387,15.394,24.22,106.6
2011-08-05,0.0,11.21,16.345,25.848,74.43
2011-08-06,0.0,12.325,14.742,26.079,71.1
2011-08-07,0.0,10.388,15.791,24.462,71.1
2011-08-08,0.0,10.739,15.986,25.008,66.71
2011-08-09,0.0,10.204,15.755,24.193,61.7
2011-08-10,0.071,11.318,15.527,25.351,61.7
2011-08-11,0.0,9.792,16.177,23.997,61.7
2011-08-12,0.789,8.77,15.44,22.255,61.7
2011-08-13,1.666,9.671,15.541,23.386,61.7
2011-08-14,0.0,10.525,13.962,23.242,71.1
2011-08-15,11.447,8.864,15.864,22.685,71.1
2011-08-16,4.271,8.926,15.399,22.389,71.1
2011-08-17,0.195,10.184,14.709,23.334,67.97
2011-08-18,1.885,10.142,15.802,24.057,60.54
2011-08-19,7.036,10.515,13.894,23.139,61.7
2011-08-20,0.469,10.046,15.188,23.467,64.83
2011-08-21,0.102,9.76,14.625,22.747,81.1
2011-08-22,5.432,10.021,15.052,23.329,71.1
2011-08-23,3.251,9.935,15.049,23.25,64.83
2011-08-24,13.646,7.868,15.639,21.283,115.2
2011-08-25,0.075,11.57,14.307,24.603,77.77
2011-08-26,0.0,11.07,15.929,25.117,71.1
2011-08-27,0.0,10.251,15.478,23.845,61.7
2011-08-28,10.833,8.936,15.859,22.639,81.33
2011-08-29,7.36,9.346,15.595,22.88,65.46
2011-08-30,0.0,12.225,15.174,25.916,57.64
2011-08-31,0.0,10.177,16.75,24.636,53.0
2011-09-01,0.0,11.185,15.766,25.082,53.0
2011-09-02,0.0,11.138,14.867,24.421,50.3
2011-09-03,0.0,9.351,15.046,22.451,44.9
2011-09-04,0.0,9.773,14.992,22.883,44.9
2011-09-05,0.0,11.102,15.163,24.552,44.9
2011-09-06,1.57,9.277,15.34,22.565,44.9
2011-09-07,0.172,9.571,14.78,22.481,44.9
2011-09-08,0.0,7.854,14.53,20.405,50.84
2011-09-09,1.071,7.999,15.231,21.024,67.97
2011-09-10,27.578,10.401,14.804,23.44,100.5
2011-09-11,15.437,9.18,15.424,22.481,157.1
2011-09-12,4.689,9.368,16.851,23.758,76.43
2011-09-13,0.263,10.514,15.815,24.315,71.1
2011-09-14,0.0,12.087,13.69,24.663,71.1
2011-09-15,1.44,10.223,14.894,23.321,63.58
2011-09-16,4.135,9.336,14.829,22.253,61.79
2011-09-17,3.531,9.447,15.443,22.812,71.1
2011-09-18,3.714,9.439,14.486,22.122,69.22
2011-09-19,9.035,9.854,15.076,23.003,77.77
2011-09-20,8.001,9.98,15.429,23.405,67.34
2011-09-21,2.023,9.43,15.285,22.682,58.22
2011-09-22,1.481,10.203,15.962,24.073,56.48
2011-09-23,3.352,11.712,13.601,24.204,56.48
2011-09-24,15.551,10.821,15.31,24.315,86.09
2011-09-25,7.532,10.311,16.285,24.462,67.34
2011-09-26,4.636,10.784,16.207,24.921,60.54
2011-09-27,0.0,11.225,15.133,24.709,53.62
2011-09-28,5.129,9.725,16.321,23.812,48.14
2011-09-29,7.869,10.784,14.09,23.451,49.76
2011-09-30,3.792,10.665,15.34,24.22,99.73
2011-10-01,29.471,8.262,15.611,21.717,70.53
2011-10-02,8.783,8.327,16.179,22.217,71.1
2011-10-03,7.915,8.195,15.432,21.519,71.4
2011-10-04,2.629,6.491,15.867,20.014,246.7
2011-10-05,5.24,9.02,14.587,21.783,171.6
2011-10-06,17.578,8.192,16.595,22.38,209.9
2011-10-07,7.016,9.808,16.402,24.065,121.5
2011-10-08,26.937,7.274,16.527,21.345,277.2
2011-10-09,1.095,9.673,15.788,23.495,138.0
2011-10-10,9.459,7.279,15.783,20.837,177.3
2011-10-11,1.212,8.442,15.682,22.049,148.3
2011-10-12,5.958,7.5,15.921,21.168,378.5
2011-10-13,21.7,9.729,14.935,22.973,209.0
2011-10-14,13.576,7.03,16.095,20.829,180.0
2011-10-15,23.072,7.442,15.082,20.476,413.4
2011-10-16,19.036,6.445,15.0,19.337,370.3
2011-10-17,2.215,6.264,14.766,18.959,397.6
2011-10-18,37.842,6.589,14.326,18.938,828.4
2011-10-19,3.652,9.733,13.717,22.22,531.3
2011-10-20,13.266,6.844,14.864,19.666,302.1
2011-10-21,0.211,9.151,13.611,21.473,235.8
2011-10-22,0.0,10.384,14.079,23.315,208.2
2011-10-23,0.0,8.983,14.696,22.095,182.6
2011-10-24,10.791,9.187,14.891,22.492,167.6
2011-10-25,0.658,9.408,14.16,22.277,166.3
2011-10-26,0.0,10.118,15.304,23.967,184.4
2011-10-27,0.0,10.109,15.245,23.951,159.7
2011-10-28,25.404,6.953,16.312,21.084,185.8
2011-10-29,0.0,7.936,15.696,21.742,293.2
2011-10-30,36.453,6.911,15.679,20.554,195.3
2011-10-31,0.851,9.355,14.677,22.696,159.7
2011-11-01,0.0,10.258,14.644,23.785,135.5
2011-11-02,0.519,11.181,14.516,24.861,134.3
2011-11-03,16.55,7.59,16.587,22.103,130.6
2011-11-04,0.665,8.149,17.166,23.166,153.5
2011-11-05,6.374,8.652,15.796,22.742,195.3
2011-11-06,6.288,5.915,16.568,20.28,123.3
2011-11-07,25.739,8.954,16.25,23.47,115.2
2012-01-01,0.0,11.587,14.071,25.772,175.0
2012-01-02,32.458,7.51,15.78,21.788,173.8
2012-01-03,7.673,8.092,16.492,23.003,181.3
2012-01-04,9.808,7.326,16.364,21.981,203.0
2012-01-05,0.313,5.582,16.22,19.861,223.9
2012-01-06,0.385,7.738,15.91,22.103,269.5
2012-01-07,0.0,8.354,15.467,22.508,220.3
2012-01-08,0.0,8.566,15.59,22.848,200.0
2012-01-09,0.297,9.325,15.701,23.872,201.6
2012-01-10,1.137,10.221,14.935,24.478,177.5
2012-01-11,0.569,9.59,15.543,24.073,173.8
2012-01-12,0.547,8.823,16.098,23.478,158.8
2012-01-13,6.027,8.543,16.571,23.473,155.0
2012-01-14,0.211,8.076,16.361,22.758,153.8
2012-01-15,1.086,8.748,15.734,23.09,150.0
2012-01-16,3.252,9.5,14.538,23.152,150.0
2012-01-17,15.676,8.814,15.073,22.652,147.4
2012-01-18,17.322,7.879,15.81,22.016,206.8
2012-01-19,23.345,7.461,16.003,21.663,233.9
2012-01-20,11.763,7.28,16.527,21.845,255.0
2012-01-21,10.118,7.258,16.087,21.481,196.9
2012-01-22,23.48,6.724,16.312,21.062,298.9
2012-01-23,6.531,7.11,15.378,20.742,311.2
2012-01-24,12.565,5.958,15.625,19.636,324.0
2012-01-25,0.0,8.472,15.302,22.288,472.7
2012-01-26,0.0,9.345,15.204,23.258,264.8
2012-01-27,0.0,8.453,15.674,22.511,238.3
2012-01-28,0.0,8.873,15.769,23.073,203.0
2012-01-29,13.757,10.104,14.628,23.693,205.4
2012-01-30,0.0,8.024,15.255,21.617,209.4
2012-01-31,0.124,9.926,14.875,23.647,215.6
2012-02-01,0.0,10.091,15.049,23.91,175.0
2012-02-02,0.0,9.678,16.054,24.166,175.0
2012-02-03,0.0,10.033,15.073,23.834,162.5
2012-02-04,0.0,9.888,16.391,24.576,146.1
2012-02-05,0.0,8.939,15.783,22.962,137.0
2012-02-06,14.54,6.765,16.663,21.16,149.8
2012-02-07,0.155,9.512,15.451,23.361,166.3
2012-02-08,14.443,7.456,15.125,20.677,175.0
2012-02-09,12.286,9.464,15.323,23.196,175.0
2012-02-10,12.256,7.084,16.125,21.079,165.0
2012-02-11,0.953,9.104,15.633,22.984,150.0
2012-02-12,0.0,9.268,15.56,23.09,147.4
2012-02-13,0.0,9.712,14.728,23.016,140.9
2012-02-14,0.0,10.492,14.829,23.951,137.0
2012-02-15,0.0,11.104,14.255,24.285,135.7
2012-02-16,0.0,9.953,14.304,22.921,129.2
2012-02-17,0.0,10.076,15.383,23.769,139.6
2012-02-18,0.0,8.802,14.658,21.753,150.0
2012-02-19,0.0,10.078,13.451,22.391,140.9
2012-02-20,0.0,10.504,14.149,23.367,137.0
2012-02-21,0.0,11.298,13.807,24.082,129.2
2012-02-22,0.0,10.367,13.679,22.826,116.2
2012-02-23,0.0,10.655,14.215,23.533,111.0
2012-02-24,0.0,9.615,15.448,23.158,104.5
2012-02-25,9.233,8.849,15.016,21.957,98.0
2012-02-26,0.594,9.017,14.989,22.136,117.5
2012-02-27,6.679,10.841,14.37,23.788,117.5
2012-02-28,24.089,8.949,15.149,22.106,126.6
2012-02-29,3.784,9.176,14.505,21.886,143.5
2012-03-01,8.35,10.236,14.652,23.201,130.5
2012-03-02,0.0,9.806,15.155,23.043,111.0
2012-03-03,0.325,9.309,16.073,23.139,98.0
2012-03-04,7.525,9.748,15.905,23.505,94.0
2012-03-05,1.349,10.56,14.511,23.435,130.5
2012-03-06,6.135,9.367,15.34,22.66,117.5
2012-03-07,0.0,9.753,15.005,22.81,147.0
2012-03-08,0.0,10.45,15.628,24.041,91.0
2012-03-09,9.968,9.673,15.951,23.372,80.0
2012-03-10,8.986,8.198,15.492,21.364,124.0
2012-03-11,0.0,9.798,15.413,23.109,88.0
2012-03-12,0.688,10.351,14.793,23.277,78.0
2012-03-13,11.067,10.331,15.829,23.989,156.0
2012-03-14,9.345,9.178,15.462,22.432,93.0
2012-03-15,0.0,10.807,15.443,24.264,77.3
2012-03-16,6.52,9.741,15.511,23.079,73.8
2012-03-17,7.459,8.158,15.535,21.351,102.1
2012-03-18,1.262,10.882,14.959,24.0,76.6
2012-03-19,26.06,6.599,15.62,19.78,291.0
2012-03-20,0.0,8.945,15.478,22.171,124.0
2012-03-21,1.307,9.131,16.038,22.788,120.1
2012-03-22,27.754,6.725,15.62,19.861,156.3
2012-03-23,3.484,10.252,15.188,23.429,175.0
2012-03-24,17.993,9.327,15.663,22.709,202.5
2012-03-25,0.0,10.291,15.959,24.024,156.3
2012-03-26,7.084,6.173,16.41,20.027,248.0
2012-03-27,0.2,10.498,15.609,23.965,183.9
2012-03-28,2.687,9.859,15.72,23.34,150.0
2012-03-29,0.039,11.181,15.16,24.438,150.0
2012-03-30,8.785,8.709,16.587,22.712,133.1
2012-03-31,0.0,10.651,16.647,24.913,111.0
2012-04-01,11.444,8.807,16.359,22.668,105.8
2012-04-02,0.155,10.431,15.266,23.698,98.0
2012-04-03,4.416,10.393,15.274,23.649,98.0
2012-04-04,16.258,9.347,14.94,22.245,99.5
2012-04-05,6.9,6.835,15.889,20.245,88.0
2012-04-06,13.122,9.815,15.0,22.823,208.2
2012-04-07,31.409,5.632,16.082,19.212,311.6
2012-04-08,10.813,7.77,15.91,21.217,149.8
2012-04-09,6.495,7.937,16.011,21.473,365.6
2012-04-10,9.809,9.371,15.685,22.823,234.0
2012-04-11,6.034,9.262,15.356,22.473,263.0
2012-04-12,41.209,5.951,15.704,19.207,432.2
2012-04-13,0.82,9.98,14.693,22.818,263.0
2012-04-14,6.758,9.182,14.25,21.617,220.3
2012-04-15,2.661,8.997,15.462,22.293,264.1
2012-04-16,20.955,10.138,14.179,22.677,208.0
2012-04-17,6.057,6.96,15.992,20.489,218.9
2012-04-18,15.579,7.3,15.812,20.72,168.8
2012-04-19,8.964,8.554,16.049,22.234,322.0
2012-04-20,9.055,9.33,14.734,22.149,213.5
2012-04-21,17.957,7.537,15.467,20.715,270.9
2012-04-22,3.182,8.275,16.117,22.014,220.5
2012-04-23,1.92,10.393,14.649,23.391,193.8
2012-04-24,11.649,10.18,13.707,22.489,207.3
2012-04-25,0.387,11.346,14.486,24.44,187.5
2012-04-26,2.464,9.717,14.788,22.72,175.0
2012-04-27,7.561,10.916,15.386,24.606,187.5
2012-04-28,25.873,6.853,15.231,19.88,255.0
2012-04-29,0.0,8.741,16.024,22.584,193.8
2012-04-30,15.512,9.571,14.655,22.511,175.0
2012-05-01,9.675,8.758,15.337,22.095,214.3
2012-05-02,0.0,9.598,14.995,22.81,175.0
2012-05-03,4.41,10.985,15.198,24.62,175.0
2012-05-04,18.954,8.701,15.489,22.207,181.3
2012-05-05,20.611,8.556,15.913,22.37,235.3
2012-05-06,6.731,9.649,15.818,23.568,194.3
2012-05-07,26.727,7.998,16.291,22.041,263.0
2012-05-08,2.762,10.645,15.12,24.226,264.1
2012-05-09,11.612,8.609,16.128,22.668,201.0
2012-05-10,3.218,10.394,14.535,23.584,201.0
2012-05-11,0.701,8.647,15.495,22.242,175.0
2012-05-12,9.545,8.695,15.783,22.514,207.3
2012-05-13,3.35,8.768,15.549,22.413,162.5
2012-05-14,3.837,8.642,15.802,22.5,160.0
2012-05-15,0.361,10.355,15.951,24.636,156.3
2012-05-16,7.725,10.384,15.005,23.997,147.4
2012-05-17,1.725,9.781,15.693,23.772,150.0
2012-05-18,11.26,10.457,14.481,23.745,167.3
2012-05-19,6.545,6.72,16.296,20.799,175.0
2012-05-20,0.0,7.447,15.918,21.332,187.5
2012-05-21,0.137,9.112,14.997,22.541,166.3
2012-05-22,16.451,7.893,15.943,21.848,194.3
2012-05-23,4.719,8.807,16.242,23.109,150.0
2012-05-24,3.812,9.665,16.043,23.976,135.7
2012-05-25,0.327,9.546,14.299,22.582,126.6
2012-05-26,0.517,10.216,14.712,23.728,146.1
2012-05-27,0.41,10.934,15.011,24.818,137.0
2012-05-28,0.707,9.174,16.033,23.446,129.2
2012-05-29,0.022,9.97,16.114,24.451,117.5
2012-05-30,1.61,9.093,16.095,23.41,104.5
2012-05-31,0.939,10.161,15.304,24.139,97.0
2012-06-01,0.0,9.129,15.995,23.427,92.0
2012-06-02,0.095,9.5,16.082,23.913,95.0
2012-06-03,3.712,9.033,14.484,22.193,98.0
2012-06-04,2.121,9.982,15.168,23.867,98.0
2012-06-05,8.925,9.678,15.573,23.783,95.0
2012-06-06,0.0,11.11,14.247,24.639,88.0
2012-06-07,0.0,10.268,15.565,24.497,88.0
2012-06-08,13.739,8.559,16.399,23.082,88.0
2012-06-09,0.25,9.852,15.728,24.128,88.0
2012-06-10,0.0,10.306,16.106,24.959,88.0
2012-06-11,2.42,8.156,16.587,22.793,85.0
2012-06-12,4.514,7.956,15.769,21.94,82.0
2012-06-13,8.003,8.964,15.12,22.663,88.0
2012-06-14,0.0,9.453,15.495,23.53,87.0
2012-06-15,0.744,8.893,15.152,22.598,78.0
2012-06-16,14.605,8.202,13.981,20.861,83.0
2012-06-17,0.434,9.488,13.796,22.375,78.0
2012-06-18,6.581,9.951,14.832,23.674,78.0
2012-06-19,1.304,10.205,14.579,23.796,77.3
2012-06-20,0.227,10.709,14.489,24.378,72.4
2012-06-21,8.889,7.828,15.592,21.69,88.0
2012-06-22,0.984,11.318,13.516,24.527,71.0
2012-06-23,3.903,8.898,14.114,21.875,66.1
2012-06-24,0.709,9.398,15.236,23.302,64.0
2012-06-25,0.468,8.579,14.435,21.704,64.0
2012-06-26,0.582,8.294,14.832,21.652,63.6
2012-06-27,0.833,10.017,14.432,23.478,65.4
2012-06-28,0.287,8.962,15.168,22.698,63.6
2012-06-29,7.251,8.439,15.141,22.038,62.4
2012-06-30,0.544,8.341,14.929,21.772,70.3
2012-07-01,1.161,9.16,14.815,22.644,64.0
2012-07-02,0.0,10.314,15.457,24.541,68.9
2012-07-03,2.442,9.343,14.609,22.742,64.0
2012-07-04,0.0,9.189,15.511,23.212,64.0
2012-07-05,5.789,8.501,15.802,22.592,63.2
2012-07-06,2.886,9.72,15.166,23.603,63.2
2012-07-07,0.0,9.731,16.054,24.255,63.2
2012-07-08,0.0,9.914,16.484,24.75,62.8
2012-07-09,0.078,9.737,16.073,24.25,61.6
2012-07-10,2.454,9.373,15.967,23.701,60.0
2012-07-11,5.478,7.672,16.177,21.88,66.9
2012-07-12,7.717,8.401,15.511,22.264,74.5
2012-07-13,18.844,7.074,15.351,20.486,83.0
2012-07-14,0.0,9.141,14.389,22.234,67.5
2012-07-15,1.372,8.34,14.606,21.397,64.0
2012-07-16,0.471,10.582,14.723,24.245,63.6
2012-07-17,0.0,10.191,15.079,23.97,61.2
2012-07-18,3.526,11.264,16.062,25.965,60.0
2012-07-19,0.366,10.294,15.641,24.484,60.0
2012-07-20,7.607,9.142,16.158,23.511,59.5
2012-07-21,0.0,10.542,15.497,24.674,57.5
2012-07-22,0.0,10.385,15.978,24.788,56.0
2012-07-23,0.0,9.167,15.633,23.09,57.25
2012-07-24,2.252,9.619,15.508,23.511,55.0
2012-07-25,0.0,11.756,15.071,25.796,55.0
2012-07-26,0.0,10.94,15.429,25.027,55.0
2012-07-27,5.028,9.945,15.769,24.049,53.6
2012-07-28,3.685,8.656,16.812,23.302,52.2
2012-07-29,0.575,8.933,15.842,22.897,50.8
2012-07-30,3.575,7.09,16.062,21.003,50.8
2012-07-31,0.0,10.417,15.421,24.34,57.0
2012-08-01,0.786,9.772,15.34,23.481,55.0
2012-08-02,0.0,10.374,14.432,23.552,55.3
2012-08-03,0.0,8.472,14.851,21.62,54.3
2012-08-04,10.342,9.674,14.571,22.766,52.2
2012-08-05,15.474,10.556,14.389,23.671,56.1
2012-08-06,0.0,11.393,14.345,24.671,55.0
2012-08-07,0.0,9.911,15.41,23.644,55.0
2012-08-08,0.0,10.614,15.47,24.492,53.6
2012-08-09,2.048,10.311,15.918,24.416,49.4
2012-08-10,0.0,9.295,16.386,23.584,48.0
2012-08-11,6.591,9.098,15.918,23.003,48.0
2012-08-12,0.594,8.301,15.913,22.095,48.0
2012-08-13,3.022,7.509,15.549,20.905,53.6
2012-08-14,9.816,9.284,15.522,22.864,62.0
2012-08-15,0.249,9.958,15.367,23.568,57.5
2012-08-16,0.0,9.363,15.508,22.935,52.2
2012-08-17,6.275,6.755,15.788,20.28,52.2
2012-08-18,5.951,10.259,15.024,23.611,50.8
2012-08-19,0.0,10.015,15.166,23.429,48.0
2012-08-20,0.282,9.816,13.72,22.13,48.0
2012-08-21,0.227,9.724,15.671,23.424,48.0
2012-08-22,1.839,9.081,15.293,22.413,48.0
2012-08-23,6.361,10.123,14.967,23.356,52.2
2012-08-24,0.0,8.988,15.196,22.258,55.0
2012-08-25,8.187,10.372,14.921,23.582,58.0
2012-08-26,0.0,10.608,15.647,24.37,55.5
2012-08-27,0.244,9.668,15.87,23.44,52.2
2012-08-28,0.0,11.83,15.459,25.649,51.5
2012-08-29,4.513,9.997,15.848,23.791,48.0
2012-08-30,0.107,10.069,15.416,23.557,48.0
2012-08-31,0.0,9.878,15.277,23.234,46.4
2012-09-01,0.0,9.732,14.97,22.853,46.4
2012-09-02,0.0,9.931,15.098,23.149,43.2
2012-09-03,0.0,10.296,15.011,23.508,41.6
2012-09-04,0.0,9.278,15.658,22.821,40.0
2012-09-05,0.0,9.92,15.345,23.315,40.0
2012-09-06,0.0,11.492,13.774,24.027,39.4
2012-09-07,0.033,12.245,15.247,25.924,37.6
2012-09-08,3.869,11.514,14.943,24.842,36.4
2012-09-09,0.0,12.051,15.117,25.592,36.4
2012-09-10,0.122,10.998,15.625,24.736,35.2
2012-09-11,0.0,10.132,15.524,23.655,34.0
2012-09-12,5.558,9.213,15.837,22.856,33.53
2012-09-13,0.0,10.181,16.125,24.139,33.07
2012-09-14,0.0,11.866,14.576,25.033,31.67
2012-09-15,0.0,11.784,14.457,24.845,29.33
2012-09-16,0.186,10.84,14.788,23.959,29.33
2012-09-17,11.454,9.419,15.236,22.636,29.33
2012-09-18,1.361,11.313,14.788,24.543,28.87
2012-09-19,1.706,13.042,13.745,25.848,27.47
2012-09-20,0.049,8.973,15.486,22.302,27.47
2012-09-21,1.335,11.831,15.079,25.323,27.47
2012-09-22,1.778,9.029,15.125,22.122,27.47
2012-09-23,12.169,7.979,15.524,21.269,26.47
2012-09-24,8.222,9.226,14.747,22.109,26.47
2012-09-25,9.45,8.963,16.076,22.761,58.1
2012-09-26,0.485,10.614,15.196,24.014,41.6
2012-09-27,1.471,10.632,14.568,23.609,34.0
2012-09-28,7.35,10.384,14.361,23.177,33.07
2012-09-29,0.0,11.015,14.976,24.364,33.07
2012-09-30,9.26,8.599,16.758,22.94,34.0
2012-10-01,6.317,9.092,15.207,22.307,34.0
2012-10-02,4.16,9.595,14.611,22.459,34.0
2012-10-03,6.905,11.205,13.378,23.56,33.07
2012-10-04,8.109,10.216,13.685,22.554,33.07
2012-10-05,17.164,8.287,15.538,21.72,36.53
2012-10-06,10.78,7.863,16.239,21.736,93.2
2012-10-07,16.623,8.613,16.231,22.571,92.4
2012-10-08,3.551,8.292,15.894,21.995,65.5
2012-10-09,0.257,9.996,15.095,23.383,48.0
2012-10-10,12.606,11.4,13.587,24.038,47.2
2012-10-11,8.034,10.293,14.375,23.261,43.2
2012-10-12,0.399,10.153,14.459,23.166,62.0
2012-10-13,32.609,8.406,15.832,22.149,55.0
2012-10-14,10.082,6.151,15.932,19.758,69.0
2012-10-15,6.32,9.202,15.049,22.5,67.5
2012-10-16,30.773,4.443,16.321,18.47,86.7
2012-10-17,6.564,7.255,15.921,20.962,168.8
2012-10-18,17.256,6.553,15.677,20.022,149.0
2012-10-19,18.803,7.42,14.984,20.427,168.8
2012-10-20,0.366,10.635,14.372,23.812,93.0
2012-10-21,1.276,11.245,14.658,24.764,99.5
2012-10-22,3.047,5.696,15.712,19.198,83.0
2012-10-23,0.0,11.014,13.459,23.734,112.5
2012-10-24,9.636,7.616,16.06,21.59,83.0
2012-10-25,28.275,9.059,15.082,22.524,124.0
2012-10-26,4.126,9.114,14.043,21.853,89.0
2012-10-27,0.0,10.94,14.141,24.182,67.5
2012-10-28,0.0,11.329,14.688,25.062,61.6
2012-10-29,9.104,10.264,14.133,23.394,60.8
2012-10-30,6.807,7.836,15.144,21.212,67.5
2012-10-31,0.078,8.573,15.372,22.288,107.4
2012-11-01,3.65,10.04,14.769,23.652,67.5
2012-11-02,2.395,8.909,14.921,22.399,62.0
2012-11-03,26.956,9.672,14.307,22.889,74.5
2012-11-04,0.973,9.474,14.59,22.851,61.6
2012-11-05,18.837,7.989,15.212,21.541,70.3
2012-11-06,0.0,8.996,14.981,22.609,62.0
2012-11-07,0.0,9.699,13.753,22.644,55.0
2012-11-08,0.109,9.516,14.788,23.136,55.0
2012-11-09,2.161,8.881,15.296,22.739,55.0
2012-11-10,0.979,10.194,14.701,23.976,48.0
2012-11-11,60.803,7.007,14.707,20.09,59.5
2012-11-12,0.483,8.62,13.78,21.397,58.5
2012-11-13,7.646,7.404,16.304,21.81,55.0
2012-11-14,1.235,7.547,15.938,21.677,65.5
2012-11-15,20.612,6.121,16.239,20.348,329.3
2012-11-16,0.0,8.651,15.519,22.742,130.5
2012-11-17,0.665,7.758,15.899,21.965,99.5
2012-11-18,0.701,5.757,15.935,19.723,97.1
2012-11-19,0.658,8.651,15.408,22.698,95.0
2012-11-20,21.1,9.162,15.462,23.405,75.9
2012-11-21,19.189,7.389,15.622,21.416,71.0
2012-11-22,6.037,7.471,15.239,21.209,110.1
2012-11-23,1.472,8.837,16.106,23.5,87.0
2012-11-24,0.467,9.668,15.478,24.106,75.2
2012-11-25,0.331,10.03,14.747,24.092,71.0
2012-11-26,2.942,9.235,14.391,22.829,71.0
2012-11-27,0.259,9.168,15.378,23.462,69.6
2012-11-28,0.685,8.134,15.207,22.084,124.4
2012-11-29,0.0,7.521,15.802,21.761,127.9
2012-11-30,7.989,7.523,14.861,21.038,168.8
2012-12-01,0.749,7.549,15.918,21.886,190.2
2012-12-02,0.979,7.991,15.872,22.375,148.4
2012-12-03,1.749,9.3,15.103,23.481,183.8
2012-12-04,8.943,9.264,14.946,23.31,112.3
2012-12-05,0.377,7.583,15.543,21.677,130.5
2012-12-06,3.144,8.704,15.245,22.861,136.8
2012-12-07,0.0,9.608,15.552,24.228,117.5
2012-12-08,0.0,9.687,15.399,24.239,104.5
2012-12-09,0.0,9.464,16.027,24.41,83.0
2012-12-10,0.0,9.633,15.155,24.005,74.5
2012-12-11,2.644,10.003,14.302,23.91,71.0
2012-12-12,8.433,8.23,15.084,22.258,84.5
2012-12-13,31.443,5.681,15.432,19.364,175.0
2012-12-14,3.316,6.733,15.427,20.595,156.3
2012-12-15,9.979,8.147,16.019,22.739,298.9
2012-12-16,6.962,9.104,15.163,23.356,208.0
2012-12-17,26.874,7.459,15.234,21.353,178.8
2012-12-18,0.267,7.827,15.484,21.962,317.8
2012-12-19,0.0,8.526,14.704,22.285,216.3
2012-12-20,0.0,9.796,14.073,23.519,162.5
2012-12-21,0.427,8.63,15.5,23.008,149.8
2012-12-22,0.0,9.953,14.601,24.06,139.6
2012-12-23,10.158,7.612,15.793,21.905,116.2
2012-12-24,21.562,7.606,15.261,21.543,98.0
2012-12-25,1.359,8.635,14.859,22.527,97.0
2012-12-26,2.44,8.855,15.549,23.285,95.0
2012-12-27,7.957,8.49,16.269,23.367,92.0
2012-12-28,0.259,9.139,15.247,23.424,88.0
2012-12-29,0.077,9.762,15.16,24.168,86.0
2012-12-30,0.527,8.583,15.473,22.861,78.0
2012-12-31,0.0,10.183,13.883,23.796,74.5
2013-01-01,0.0,9.898,14.188,23.63,67.5
2013-01-02,0.0,10.42,14.454,24.484,67.5
2013-01-03,0.164,9.71,14.793,23.788,64.5
2013-01-04,6.489,10.38,14.573,24.478,60.0
2013-01-05,0.0,10.495,15.062,24.954,59.6
2013-01-06,0.0,10.616,14.875,24.965,58.8
2013-01-07,0.0,10.404,14.851,24.674,59.2
2013-01-08,0.0,11.523,14.818,26.062,60.0
2013-01-09,0.0,11.033,14.793,25.408,59.6
2013-01-10,0.0,10.012,16.826,25.516,59.2
2013-01-11,0.0,10.472,15.247,24.973,58.0
2013-01-12,10.189,8.262,15.016,22.011,58.0
2013-01-13,19.228,7.643,16.742,22.543,58.0
2013-01-14,0.264,7.619,16.503,22.312,58.0
2013-01-15,1.009,8.667,15.647,22.916,58.0
2013-01-16,0.0,8.586,16.307,23.321,58.6
2013-01-17,0.0,7.992,17.432,23.408,61.88
2013-01-18,0.0,7.531,16.967,22.549,63.0
2013-01-19,0.0,9.343,14.842,23.109,60.0
2013-01-20,0.0,9.753,15.315,23.943,58.6
2013-01-21,0.144,10.001,16.592,25.136,57.4
2013-01-22,0.0,8.969,16.454,23.78,56.8
2013-01-23,0.104,8.699,16.171,23.207,56.95
2013-01-24,12.575,7.87,16.538,22.511,57.7
2013-01-25,0.0,7.421,17.005,22.342,63.95
2013-01-26,0.335,9.872,15.579,24.166,63.75
2013-01-27,0.0,11.112,15.046,25.291,58.0
2013-01-28,0.0,9.524,16.766,24.535,58.0
2013-01-29,0.0,11.364,14.734,25.348,58.0
2013-01-30,0.0,10.851,15.478,25.182,58.0
2013-01-31,0.0,9.768,15.81,24.068,56.8
2013-02-01,1.322,7.995,16.231,22.293,56.8
2013-02-02,0.0,5.942,16.557,20.359,65.9
2013-02-03,0.0,9.612,15.78,23.793,63.75
2013-02-04,10.07,8.741,15.834,22.842,82.9
2013-02-05,64.318,7.07,16.095,21.122,124.9
2013-02-06,11.168,8.1,16.128,22.253,92.5
2013-02-07,2.308,9.424,15.918,23.617,74.25
2013-02-08,4.574,7.17,16.25,21.302,67.5
2013-02-09,12.583,6.345,16.601,20.66,181.3
2013-02-10,21.083,6.121,16.033,19.962,136.0
2013-02-11,23.09,7.577,15.932,21.408,126.4
2013-02-12,3.862,5.939,15.894,19.598,137.5
2013-02-13,0.601,9.393,15.22,22.929,223.8
2013-02-14,7.079,7.342,14.91,20.288,160.5
2013-02-15,0.0,9.082,15.383,22.647,141.6
2013-02-16,0.0,9.931,14.641,23.084,108.5
2013-02-17,0.188,7.835,14.88,20.78,100.4
2013-02-18,0.0,7.978,15.679,21.546,102.1
2013-02-19,0.0,10.242,15.394,23.932,87.0
2013-02-20,2.023,10.417,15.28,24.019,84.0
2013-02-21,13.056,8.801,16.66,23.198,77.0
2013-02-22,0.0,10.066,15.111,23.457,74.25
2013-02-23,0.0,9.65,16.144,23.723,69.0
2013-02-24,10.804,7.372,16.622,21.573,72.75
2013-02-25,0.0,9.958,15.318,23.418,67.5
2013-02-26,5.205,9.667,15.562,23.272,67.5
2013-02-27,0.706,9.788,15.144,23.06,64.5
2013-02-28,4.373,8.425,16.785,22.772,72.75
2013-03-01,0.486,7.825,16.872,22.236,77.0
2013-03-02,8.012,9.412,16.685,23.75,66.75
2013-03-03,6.128,8.786,16.606,23.005,63.0
2013-03-04,0.0,9.006,16.269,22.932,60.0
2013-03-05,0.48,9.848,16.764,24.242,59.6
2013-03-06,11.589,10.017,16.019,23.872,59.8
2013-03-07,25.511,10.372,16.16,24.361,93.0
2013-03-08,2.131,10.803,15.56,24.424,74.25
2013-03-09,0.0,8.807,17.198,23.38,64.5
2013-03-10,0.0,10.009,15.845,23.685,58.4
2013-03-11,0.445,10.333,15.587,23.867,57.4
2013-03-12,0.0,9.146,16.47,23.212,74.5
2013-03-13,18.077,9.114,16.207,22.97,61.5
2013-03-14,5.272,7.797,16.668,21.905,59.4
2013-03-15,35.13,5.633,16.726,19.761,135.3
2013-03-16,0.0,10.97,15.595,24.535,135.9
2013-03-17,8.969,7.946,17.103,22.364,89.0
2013-03-18,28.267,9.585,15.614,23.005,232.5
2013-03-19,12.871,8.526,16.495,22.503,137.2
2013-03-20,8.35,10.173,15.853,23.815,82.25
2013-03-21,5.779,5.362,16.902,19.671,246.6
2013-03-22,11.605,7.952,15.891,21.418,185.8
2013-03-23,16.267,9.285,15.717,22.723,116.7
2013-03-24,0.176,10.777,15.114,23.986,87.0
2013-03-25,1.584,10.693,14.087,23.128,113.7
2013-03-26,1.585,9.394,14.818,22.133,92.8
2013-03-27,2.065,11.866,14.764,24.981,87.0
2013-03-28,4.526,9.909,16.0,23.617,83.0
2013-03-29,0.0,10.198,14.742,23.019,76.25
2013-03-30,0.0,10.225,15.875,23.867,72.75
2013-03-31,5.957,10.947,16.274,24.981,70.5
2013-04-01,5.542,9.084,16.332,22.929,69.0
2013-04-02,7.747,7.77,15.739,21.087,72.0
2013-04-03,4.382,10.01,15.318,23.245,88.0
2013-04-04,0.165,10.447,15.726,24.038,76.25
2013-04-05,2.411,9.828,15.747,23.359,63.75
2013-04-06,0.092,11.916,14.81,25.109,59.2
2013-04-07,8.218,9.804,16.264,23.698,59.2
2013-04-08,12.227,9.62,15.774,23.155,66.75
2013-04-09,0.297,9.797,16.427,23.853,61.5
2013-04-10,0.585,10.104,15.09,23.209,59.2
2013-04-11,14.495,10.92,15.391,24.402,93.0
2013-04-12,1.18,10.011,15.91,23.734,70.5
2013-04-13,6.359,10.716,15.87,24.516,62.25
2013-04-14,8.538,8.875,15.88,22.416,59.2
2013-04-15,0.695,8.485,16.685,22.633,66.75
2013-04-16,0.739,10.703,14.807,23.753,66.75
2013-04-17,7.705,10.354,14.954,23.451,70.5
2013-04-18,14.549,10.134,14.842,23.136,109.8
2013-04-19,12.907,8.7,15.742,22.163,125.0
2013-04-20,10.506,8.346,15.652,21.707,103.1
2013-04-21,6.685,7.417,15.878,20.894,177.9
2013-04-22,9.887,8.758,15.927,22.405,122.4
2013-04-23,3.255,8.915,15.364,22.188,123.0
2013-04-24,1.776,9.201,15.614,22.717,120.8
2013-04-25,11.312,9.496,15.677,23.122,105.8
2013-04-26,7.32,10.151,14.473,23.052,102.4
2013-04-27,4.781,9.921,14.853,23.046,97.4
2013-04-28,5.816,9.17,15.438,22.584,153.6
2013-04-29,19.34,7.689,15.63,21.098,94.35
2013-04-30,6.107,9.339,15.81,23.062,160.1
2013-05-01,10.292,6.868,16.277,20.758,100.4
2013-05-02,3.988,8.218,16.022,22.008,136.0
2013-05-03,23.939,10.354,15.747,24.228,192.8
2013-05-04,0.0,11.064,15.092,24.639,115.3
2013-05-05,23.441,7.693,15.929,21.372,282.5
2013-05-06,0.113,9.587,15.736,23.389,167.1
2013-05-07,4.816,7.457,15.533,20.796,162.2
2013-05-08,0.087,10.083,15.361,23.745,103.1
2013-05-09,9.024,8.21,15.527,21.677,126.0
2013-05-10,2.683,9.071,15.576,22.769,123.6
2013-05-11,0.0,9.163,15.291,22.649,94.0
2013-05-12,0.192,10.407,14.842,23.821,89.0
2013-05-13,4.892,8.807,16.054,22.834,86.0
2013-05-14,11.106,9.262,16.231,23.497,118.1
2013-05-15,6.357,7.1,15.299,20.353,164.3
2013-05-16,3.383,8.306,15.799,22.12,179.0
2013-05-17,31.525,7.403,15.541,20.878,150.6
2013-05-18,0.0,10.115,15.571,24.082,136.0
2013-05-19,0.654,8.758,15.851,22.685,105.8
2013-05-20,2.75,9.086,15.655,22.957,92.0
2013-05-21,28.754,6.728,16.147,20.704,330.6
2013-05-22,0.192,7.183,16.266,21.266,187.5
2013-05-23,13.87,7.793,15.614,21.446,255.3
2013-05-24,8.522,8.235,16.128,22.378,169.5
2013-05-25,0.123,9.522,15.568,23.476,169.5
2013-05-26,20.595,7.816,15.44,21.356,145.8
2013-05-27,5.027,8.547,15.299,22.177,145.8
2013-05-28,7.849,7.736,16.038,21.772,162.9
2013-05-29,4.641,7.597,15.12,20.916,173.5
2013-05-30,0.427,9.136,14.639,22.402,141.6
2013-05-31,22.186,5.468,15.883,19.215,216.8
2013-06-01,0.0,9.526,13.682,22.264,180.0
2013-06-02,13.17,9.322,14.886,22.818,168.0
2013-06-03,0.607,10.557,14.353,23.959,127.6
2013-06-04,0.532,9.607,16.095,24.049,131.8
2013-06-05,2.781,9.374,14.851,22.891,117.9
2013-06-06,0.0,9.129,15.103,22.788,107.1
2013-06-07,0.179,8.787,15.649,22.796,94.35
2013-06-08,0.0,9.637,16.09,24.136,89.0
2013-06-09,0.464,10.27,15.772,24.69,85.0
2013-06-10,0.036,9.031,15.56,23.022,81.0
2013-06-11,2.439,9.01,14.908,22.53,77.0
2013-06-12,14.362,9.3,15.37,23.253,83.0
2013-06-13,0.0,8.594,15.875,22.791,86.0
2013-06-14,6.601,8.603,15.397,22.44,87.0
2013-06-15,0.0,10.304,14.772,24.076,116.8
2013-06-16,0.031,9.098,16.285,23.696,90.0
2013-06-17,0.0,11.098,13.774,24.378,79.0
2013-06-18,0.981,9.233,15.283,23.122,75.0
2013-06-19,10.445,9.07,15.451,23.033,72.0
2013-06-20,0.549,9.388,15.908,23.753,70.5
2013-06-21,0.0,8.898,15.375,22.78,67.5
2013-06-22,1.203,9.408,15.943,23.818,66.75
2013-06-23,0.0,9.259,15.905,23.606,63.0
2013-06-24,5.101,9.116,14.927,22.709,63.0
2013-06-25,5.404,10.523,14.196,23.957,77.25
2013-06-26,1.952,9.431,15.989,23.886,69.0
2013-06-27,8.275,9.13,14.965,22.764,65.25
2013-06-28,15.734,8.23,14.837,21.571,69.75
2013-06-29,0.0,9.515,13.562,22.266,64.5
2013-06-30,1.566,7.966,14.326,20.853,60.0
2013-07-01,9.725,7.728,15.891,21.777,59.2
2013-07-02,1.55,8.61,15.386,22.451,80.75
2013-07-03,0.0,9.196,14.106,22.215,65.25
2013-07-04,0.0,10.026,13.973,23.163,62.25
2013-07-05,7.982,8.833,13.918,21.617,59.6
2013-07-06,0.03,10.349,15.402,24.524,58.8
2013-07-07,0.0,10.455,14.255,23.864,58.0
2013-07-08,0.0,9.906,16.008,24.418,58.0
2013-07-09,3.484,9.056,15.481,22.989,57.4
2013-07-10,1.269,9.138,16.054,23.478,57.4
2013-07-11,0.0,9.605,15.611,23.745,56.5
2013-07-12,0.0,8.958,15.598,22.927,56.2
2013-07-13,0.0,8.993,15.103,22.622,55.6
2013-07-14,0.0,10.122,14.902,23.834,55.3
2013-07-15,3.2,9.035,15.562,22.962,55.0
2013-07-16,0.489,9.8,15.671,23.935,55.0
2013-07-17,0.925,9.471,16.946,24.495,54.0
2013-07-18,4.648,8.6,16.38,23.049,53.0
2013-07-19,2.023,7.423,16.049,21.429,53.0
2013-07-20,0.672,9.842,15.019,23.495,51.0
2013-07-21,0.91,9.224,15.802,23.321,51.0
2013-07-22,2.956,9.34,15.497,23.231,49.0
2013-07-23,7.73,9.83,14.72,23.223,56.5
2013-07-24,0.0,10.787,15.992,25.283,57.4
2013-07-25,0.0,11.209,15.628,25.511,56.8
2013-07-26,8.219,8.81,16.212,23.073,56.8
2013-07-27,0.0,10.435,15.63,24.562,56.2
2013-07-28,0.258,10.369,15.769,24.56,55.9
2013-07-29,0.0,10.673,15.443,24.677,55.0
2013-07-30,0.0,10.048,14.671,23.375,55.0
2013-07-31,0.0,10.039,15.302,23.799,53.0
2013-08-01,1.381,7.937,15.72,21.663,52.0
2013-08-02,1.47,9.694,15.56,23.546,51.0
2013-08-03,0.223,10.756,15.856,24.992,50.0
2013-08-04,0.0,10.361,15.337,24.152,48.0
2013-08-05,0.128,10.266,15.47,24.12,45.5
2013-08-06,0.0,9.629,16.182,23.859,41.5
2013-08-07,14.17,8.721,15.519,22.321,40.0
2013-08-08,1.841,8.526,14.728,21.522,48.1
2013-08-09,17.127,8.962,15.497,22.56,62.0
2013-08-10,4.827,7.546,15.228,20.715,50.0
2013-08-11,0.82,8.879,15.226,22.231,45.0
2013-08-12,6.536,8.879,15.649,22.519,65.05
2013-08-13,14.578,7.228,16.359,21.242,57.9
2013-08-14,10.794,10.339,15.87,24.356,56.5
2013-08-15,0.0,10.646,15.424,24.359,58.6
2013-08-16,3.325,10.906,15.318,24.62,56.8
2013-08-17,5.39,9.001,16.079,22.94,50.0
2013-08-18,4.31,8.671,15.946,22.473,56.5
2013-08-19,2.388,8.888,15.935,22.723,52.0
2013-08-20,0.0,10.098,16.446,24.44,49.0
2013-08-21,0.232,9.689,16.12,23.726,45.0
2013-08-22,1.227,8.822,15.897,22.562,43.0
2013-08-23,0.574,9.215,15.533,22.723,40.0
2013-08-24,10.022,8.515,13.75,20.571,48.9
2013-08-25,2.098,9.873,13.859,22.261,55.3
2013-08-26,9.21,8.815,15.614,22.315,57.8
2013-08-27,0.0,9.966,14.921,23.122,52.0
2013-08-28,0.07,11.444,15.348,25.117,46.0
2013-08-29,0.0,9.193,16.201,23.136,42.0
2013-08-30,0.0,10.817,15.041,24.185,40.0
2013-08-31,0.046,10.261,15.389,23.766,37.0
2013-09-01,0.059,9.652,15.834,23.391,36.0
2013-09-02,0.055,11.081,13.125,23.141,35.0
2013-09-03,12.274,9.613,14.033,22.076,58.5
2013-09-04,2.603,8.815,14.098,21.141,45.5
2013-09-05,4.984,10.221,15.177,23.538,41.5
2013-09-06,11.978,8.77,15.601,22.168,43.0
2013-09-07,0.0,9.518,15.59,23.027,40.0
2013-09-08,8.814,8.104,15.818,21.603,39.0
2013-09-09,0.909,9.493,15.897,23.228,35.5
2013-09-10,14.572,9.509,14.69,22.337,71.25
2013-09-11,2.704,9.153,15.389,22.448,54.9
2013-09-12,2.654,9.501,14.837,22.44,46.0
2013-09-13,5.766,10.396,15.0,23.584,51.0
2013-09-14,2.07,9.132,15.473,22.484,44.5
2013-09-15,4.812,9.622,15.837,23.291,42.0
2013-09-16,0.905,10.846,15.364,24.364,40.0
2013-09-17,5.228,8.349,16.386,22.31,37.5
2013-09-18,7.106,9.19,15.005,22.217,40.5
2013-09-19,0.43,7.981,15.908,21.535,38.0
2013-09-20,0.173,9.769,15.845,23.481,37.5
2013-09-21,0.0,12.673,14.011,25.622,37.0
2013-09-22,0.0,11.568,15.19,25.12,36.5
2013-09-23,0.068,10.752,17.076,25.489,36.5
2013-09-24,0.764,9.203,16.717,23.519,37.0
2013-09-25,2.802,9.667,16.101,23.579,36.5
2013-09-26,0.504,11.04,15.755,24.886,35.0
2013-09-27,7.489,9.08,15.668,22.617,35.0
2013-09-28,22.918,7.007,15.962,20.584,66.75
2013-09-29,14.471,8.056,16.247,21.916,56.8
2013-09-30,0.939,8.175,16.027,21.905,57.1
2013-10-01,0.315,10.021,14.177,22.66,56.5
2013-10-02,0.0,10.728,14.522,23.747,51.0
2013-10-03,0.471,8.752,15.193,21.924,47.0
2013-10-04,8.587,9.696,15.079,22.943,45.0
2013-10-05,7.488,10.47,15.995,24.511,47.5
2013-10-06,0.0,11.426,13.924,24.204,38.0
2013-10-07,0.0,9.795,14.584,22.742,39.0
2013-10-08,0.0,8.996,15.728,22.652,37.0
2013-10-09,0.0,9.723,15.171,23.098,36.0
2013-10-10,14.214,8.493,14.913,21.505,39.5
2013-10-11,10.465,8.113,15.204,21.293,52.75
2013-10-12,0.861,7.095,16.076,20.867,51.0
2013-10-13,24.883,7.531,15.345,20.753,51.0
2013-10-14,25.95,5.302,15.622,18.698,59.8
2013-10-15,1.316,8.339,14.976,21.446,78.25
2013-10-16,23.394,8.194,14.394,20.826,80.0
2013-10-17,7.997,8.9,15.12,22.212,77.0
2013-10-18,0.0,11.307,14.141,24.413,59.4
2013-10-19,3.346,10.813,13.315,23.302,56.5
2013-10-20,0.154,10.645,13.41,23.179,55.3
2013-10-21,10.913,8.559,14.918,21.72,72.5
2013-10-22,4.026,7.857,15.291,21.228,115.5
2013-10-23,8.203,9.382,15.16,22.918,76.75
2013-10-24,25.241,8.658,15.421,22.258,66.0
2013-10-25,0.313,10.998,14.312,24.293,72.0
2013-10-26,0.0,10.688,13.601,23.467,62.25
2013-10-27,1.334,7.903,14.071,20.435,58.0
2013-10-28,1.001,9.267,15.299,22.954,62.25
2013-10-29,5.248,8.617,15.068,22.038,66.55
2013-10-30,30.072,9.084,14.465,22.174,73.5
2013-10-31,25.107,5.913,15.802,19.587,233.8
2013-11-01,0.0,7.067,15.223,20.364,194.4
2013-11-02,0.301,9.539,14.715,22.948,137.5
2013-11-03,0.0,8.435,14.851,21.717,87.0
2013-11-04,43.245,5.598,15.546,19.065,157.3
2013-11-05,10.183,8.313,14.519,21.383,156.1
2013-11-06,20.255,8.358,14.736,21.639,125.2
2013-11-07,10.327,7.149,15.543,20.799,214.0
2013-11-08,5.588,10.073,14.913,23.872,97.05
2013-11-09,0.0,8.964,15.443,22.932,83.0
2013-11-10,8.962,7.998,14.793,21.291,144.3
2013-11-11,5.84,9.481,14.514,22.943,86.0
2013-11-12,5.34,8.908,15.864,23.223,74.0
2013-11-13,0.0,9.275,15.0,23.079,73.75
2013-11-14,5.201,8.465,15.139,22.196,66.75
2013-11-15,0.709,9.386,15.486,23.573,86.0
2013-11-16,0.0,9.959,15.22,24.13,66.75
2013-11-17,28.47,10.142,14.141,23.633,88.7
2013-11-18,3.63,7.997,15.87,22.215,78.0
2013-11-19,29.216,6.322,15.796,20.217,327.3
2013-11-20,3.45,8.264,15.503,22.285,162.1
2013-11-21,13.562,8.409,14.967,22.111,156.1
2013-11-22,10.638,7.843,15.125,21.527,236.3
2013-11-23,7.108,8.352,14.014,21.375,162.0
2013-11-24,15.115,5.865,15.62,19.622,166.5
2013-11-25,5.508,8.132,14.459,21.435,170.0
2013-11-26,1.217,7.834,14.812,21.323,156.1
2013-11-27,21.583,7.422,15.391,21.272,348.4
2013-11-28,0.0,8.096,15.446,22.141,229.5
2013-11-29,6.917,6.809,16.383,21.332,427.3
2013-11-30,20.342,7.241,15.853,21.432,365.8
2013-12-01,3.042,8.364,15.418,22.495,451.5
2013-12-02,7.891,6.067,16.454,20.579,307.7
2013-12-03,23.929,7.514,15.573,21.636,573.6
2013-12-04,6.504,9.414,15.06,23.587,400.3
2013-12-05,11.586,8.088,15.535,22.283,295.5
2013-12-06,7.57,8.708,15.215,22.832,239.5
2013-12-07,13.571,7.665,14.832,21.264,232.5
2013-12-08,0.299,6.088,15.989,20.28,271.0
2013-12-09,3.079,7.319,15.864,21.628,236.0
2013-12-10,0.0,8.195,15.062,22.109,172.5
2013-12-11,0.0,9.995,14.59,24.079,160.5
2013-12-12,0.441,9.274,15.158,23.549,148.6
2013-12-13,20.245,7.105,16.057,21.541,147.3
2013-12-14,1.499,8.273,15.511,22.552,153.3
2013-12-15,0.0,9.556,14.761,23.649,129.0
2013-12-16,12.24,9.329,16.035,24.285,120.7
2013-12-17,17.442,9.312,15.465,23.856,116.6
2013-12-18,16.587,7.351,16.014,21.832,166.5
2013-12-19,7.596,7.11,16.565,21.954,269.3
2013-12-20,8.534,6.831,16.185,21.321,218.0
2013-12-21,0.0,6.777,17.606,22.367,227.3
2013-12-22,1.785,8.047,16.622,23.087,260.5
2013-12-23,68.406,4.871,15.986,18.984,604.5
2013-12-24,0.0,6.607,15.473,20.495,395.9
2013-12-25,0.0,8.976,15.378,23.334,328.8
2013-12-26,0.0,9.077,15.682,23.668,248.3
2013-12-27,0.0,10.299,14.41,24.348,194.3
2013-12-28,0.0,10.504,14.736,24.842,177.5
2013-12-29,0.0,10.848,15.182,25.568,160.5
2013-12-30,0.095,8.525,15.421,22.764,154.5
2013-12-31,1.055,9.431,14.932,23.56,160.5
2014-01-01,0.0,9.124,15.451,23.535,148.7
2014-01-02,0.0,8.703,14.649,22.402,133.1
2014-01-03,0.0,9.576,14.962,23.758,124.4
2014-01-04,0.0,9.832,15.535,24.457,109.1
2014-01-05,0.0,9.667,15.226,24.019,102.2
2014-01-06,23.194,6.013,16.497,20.573,156.2
2014-01-07,22.427,6.687,15.647,20.62,207.8
2014-01-08,0.235,7.164,16.402,21.799,130.5
2014-01-09,4.174,6.57,15.641,20.473,158.8
2014-01-10,0.0,7.361,14.959,20.875,161.3
2014-01-11,5.615,8.589,16.239,23.318,144.8
2014-01-12,6.892,9.029,15.016,22.946,170.0
2014-01-13,0.0,9.686,14.935,23.709,128.4
2014-01-14,0.0,10.203,15.163,24.519,103.3
2014-01-15,0.0,9.931,15.318,24.25,109.1
2014-01-16,0.556,10.04,15.291,24.34,98.7
2014-01-17,0.0,9.584,15.853,24.158,95.25
2014-01-18,0.0,8.954,16.095,23.543,88.35
2014-01-19,6.575,8.495,16.891,23.573,84.9
2014-01-20,6.107,10.065,15.014,24.122,82.6
2014-01-21,20.692,8.359,15.011,22.003,87.2
2014-01-22,4.168,8.044,16.902,23.016,106.2
2014-01-23,2.416,10.266,14.793,24.152,98.7
2014-01-24,0.15,10.473,14.783,24.38,84.9
2014-01-25,2.487,8.888,15.625,23.014,75.9
2014-01-26,0.0,5.911,16.628,20.361,119.4
2014-01-27,0.0,9.217,15.731,23.418,110.2
2014-01-28,0.0,8.547,15.742,22.614,89.5
2014-01-29,4.017,9.352,15.688,23.549,79.15
2014-01-30,8.304,7.135,16.092,21.201,76.6
2014-01-31,0.0,9.966,15.742,24.266,97.55
2014-02-01,0.0,11.016,15.571,25.399,81.45
2014-02-02,0.486,8.06,15.03,21.459,73.8
2014-02-03,0.0,9.617,14.571,22.951,73.8
2014-02-04,5.967,9.655,14.489,22.921,77.3
2014-02-05,12.185,6.02,16.391,20.174,92.0
2014-02-06,0.36,9.56,14.386,22.658,98.7
2014-02-07,1.037,8.855,15.856,22.878,83.75
2014-02-08,1.688,9.363,15.628,23.285,77.3
2014-02-09,7.296,9.149,15.318,22.829,92.95
2014-02-10,2.46,9.794,15.212,23.457,76.6
2014-02-11,14.176,8.503,16.16,22.647,73.8
2014-02-12,0.161,10.376,15.052,23.995,74.5
2014-02-13,2.375,9.003,15.274,22.53,71.0
2014-02-14,1.763,9.24,15.071,22.611,104.4
2014-02-15,0.0,10.112,15.323,23.818,82.6
2014-02-16,3.395,10.255,14.832,23.611,84.2
2014-02-17,15.743,9.339,14.514,22.307,71.7
2014-02-18,10.614,9.173,15.788,22.995,96.4
2014-02-19,20.116,7.829,16.383,21.927,110.2
2014-02-20,2.742,8.803,15.932,22.655,88.35
2014-02-21,14.588,7.134,16.812,21.522,128.5
2014-02-22,2.417,9.15,15.291,22.554,113.7
2014-02-23,5.296,8.615,16.128,22.549,97.55
2014-02-24,8.613,9.399,16.467,23.66,121.5
2014-02-25,12.809,7.793,16.75,22.076,103.3
2014-02-26,0.058,8.447,16.617,22.677,131.4
2014-02-27,9.953,6.879,16.647,21.06,94.1
2014-02-28,16.913,8.498,15.777,22.092,152.7
2014-03-01,22.314,7.111,16.514,21.12,237.9
2014-03-02,9.893,8.183,16.261,22.065,317.6
2014-03-03,2.37,7.236,16.329,21.101,199.9
2014-03-04,9.27,9.27,16.304,23.25,263.0
2014-03-05,5.07,7.225,17.158,21.72,208.9
2014-03-06,2.673,9.246,15.908,22.916,208.6
2014-03-07,0.42,9.096,15.986,22.834,161.3
2014-03-08,28.865,6.886,16.571,20.891,336.7
2014-03-09,9.852,6.649,16.359,20.503,176.3
2014-03-10,25.917,9.279,15.549,22.693,375.8
2014-03-11,2.069,9.077,16.041,22.802,239.9
2014-03-12,1.411,8.57,16.141,22.364,180.0
2014-03-13,12.419,9.936,15.329,23.204,206.1
2014-03-14,1.079,9.557,15.598,22.94,167.5
2014-03-15,11.755,9.451,16.06,23.209,158.8
2014-03-16,8.897,9.462,15.848,23.057,233.9
2014-03-17,3.302,9.563,16.117,23.345,176.3
2014-03-18,13.397,8.542,16.655,22.62,170.0
2014-03-19,0.069,10.904,15.761,24.565,140.9
2014-03-20,0.0,9.801,16.832,24.133,126.6
2014-03-21,0.826,9.718,17.25,24.323,124.0
2014-03-22,1.439,10.027,16.842,24.399,117.1
2014-03-23,2.972,8.185,16.932,22.435,104.4
2014-03-24,10.071,8.695,15.019,21.511,102.2
2014-03-25,10.866,8.966,15.258,22.033,180.5
2014-03-26,6.0,7.718,16.073,21.264,153.8
2014-03-27,4.167,10.392,15.196,23.56,161.3
2014-03-28,0.0,11.508,15.236,24.88,105.6
2014-03-29,1.709,11.358,15.057,24.587,97.55
2014-03-30,9.032,9.493,15.321,22.655,87.2
2014-03-31,0.0,10.321,15.649,23.848,102.1
2014-04-01,0.0,11.631,14.785,24.712,88.35
2014-04-02,0.0,10.583,15.568,24.062,76.6
2014-04-03,6.092,8.766,16.133,22.44,75.2
2014-04-04,7.072,11.005,15.815,24.715,102.2
2014-04-05,10.118,11.506,15.25,24.891,102.1
2014-04-06,5.832,11.127,16.217,25.182,86.05
2014-04-07,1.613,10.031,16.609,24.228,76.6
2014-04-08,0.0,8.508,16.753,22.668,73.8
2014-04-09,0.0,9.692,15.503,23.024,72.4
2014-04-10,15.91,9.924,15.149,23.046,102.1
2014-04-11,2.894,9.916,15.861,23.579,75.2
2014-04-12,7.538,9.608,15.723,23.122,71.0
2014-04-13,0.0,11.653,13.954,24.258,69.6
2014-04-14,6.304,10.514,15.489,24.0,66.8
2014-04-15,2.677,7.817,15.418,20.927,71.0
2014-04-16,3.314,9.354,15.913,23.016,129.4
2014-04-17,2.39,8.218,15.144,21.163,79.6
2014-04-18,9.458,10.198,13.886,22.524,73.1
2014-04-19,7.95,10.347,14.554,23.188,89.5
2014-04-20,17.381,10.515,14.924,23.655,144.6
2014-04-21,2.104,9.273,15.848,22.954,138.7
2014-04-22,15.713,6.523,16.671,20.625,117.4
2014-04-23,7.425,8.61,16.399,22.625,82.6
2014-04-24,25.923,6.585,16.22,20.337,135.1
2014-04-25,0.0,10.879,14.848,24.122,130.2
2014-04-26,14.962,7.349,15.693,20.78,156.2
2014-04-27,1.499,9.993,15.552,23.614,133.1
2014-04-28,13.731,9.935,15.641,23.62,97.55
2014-04-29,16.512,8.64,16.065,22.465,134.1
2014-04-30,0.051,8.336,16.397,22.446,106.8
2014-05-01,24.284,8.334,15.845,22.003,170.0
2014-05-02,1.427,7.076,16.201,20.916,130.9
2014-05-03,13.836,8.955,15.715,22.636,172.5
2014-05-04,1.59,8.368,15.185,21.587,133.4
2014-05-05,4.308,9.563,15.524,23.215,105.6
2014-05-06,17.058,9.329,14.761,22.394,128.8
2014-05-07,13.35,6.956,15.204,20.014,144.8
2014-05-08,9.666,6.553,16.633,20.796,132.6
2014-05-09,15.482,7.411,15.696,20.908,304.3
2014-05-10,6.017,8.671,15.913,22.505,282.1
2014-05-11,0.259,7.549,16.128,21.438,331.0
2014-05-12,0.639,9.794,15.821,23.755,279.1
2014-05-13,7.494,10.75,15.53,24.704,264.5
2014-05-14,13.601,8.486,16.133,22.524,176.3
2014-05-15,0.424,9.399,15.655,23.266,154.9
2014-05-16,0.546,8.504,15.902,22.424,165.0
2014-05-17,10.285,7.368,16.196,21.405,167.5
2014-05-18,0.708,8.539,16.53,22.948,147.3
2014-05-19,1.818,8.99,15.897,22.995,119.6
2014-05-20,13.974,7.316,16.198,21.37,102.1
2014-05-21,0.0,9.691,14.649,22.97,144.6
2014-05-22,2.081,11.151,15.364,25.239,113.7
2014-05-23,24.99,8.37,15.359,21.976,263.7
2014-05-24,0.179,9.399,15.652,23.361,118.4
2014-05-25,4.446,9.663,14.56,22.916,97.55
2014-05-26,2.648,9.271,15.565,23.196,102.1
2014-05-27,21.93,8.706,15.269,22.293,96.4
2014-05-28,5.049,9.374,15.155,23.033,94.45
2014-05-29,25.031,6.751,16.302,20.921,148.9
2014-05-30,1.258,8.538,14.954,21.905,178.2
2014-05-31,2.587,8.196,16.111,22.38,98.7
2014-06-01,2.654,9.14,15.223,22.845,97.55
2014-06-02,4.722,7.524,15.804,21.389,90.65
2014-06-03,0.046,9.823,15.087,23.628,97.55
2014-06-04,5.377,8.385,16.592,22.992,91.8
2014-06-05,0.878,9.84,16.038,24.329,87.2
2014-06-06,1.963,8.961,16.519,23.628,83.75
2014-06-07,9.168,7.337,16.5,21.758,90.65
2014-06-08,2.127,8.372,16.052,22.636,103.3
2014-06-09,0.0,9.189,15.609,23.266,94.1
2014-06-10,0.0,9.539,15.302,23.454,86.05
2014-06-11,5.183,10.04,15.601,24.285,78.0
2014-06-12,0.601,9.154,15.66,23.25,77.3
2014-06-13,5.27,9.684,15.674,23.94,73.8
2014-06-14,1.195,9.354,16.005,23.769,71.0
2014-06-15,1.595,9.863,15.5,24.005,88.35
2014-06-16,0.0,9.789,16.359,24.576,75.9
2014-06-17,0.096,9.161,16.209,23.685,72.4
2014-06-18,6.686,8.492,16.312,23.0,71.0
2014-06-19,0.022,9.617,16.106,24.163,74.5
2014-06-20,0.0,9.375,15.533,23.454,71.0
2014-06-21,0.0,9.415,15.326,23.383,71.0
2014-06-22,3.146,8.833,16.367,23.427,71.0
2014-06-23,0.0,8.861,16.41,23.503,71.0
2014-06-24,5.445,7.21,16.196,21.451,70.3
2014-06-25,9.352,5.664,16.356,19.91,85.1
2014-06-26,0.589,8.249,16.005,22.484,101.0
2014-06-27,0.0,8.819,15.0,22.427,73.8
2014-06-28,0.667,9.769,14.902,23.514,69.6
2014-06-29,1.118,8.659,16.022,22.957,68.2
2014-06-30,9.291,8.333,15.079,21.851,68.2
2014-07-01,0.848,9.441,16.299,24.09,67.5
2014-07-02,3.009,9.183,16.166,23.688,83.75
2014-07-03,0.445,9.951,15.995,24.495,72.4
2014-07-04,2.085,8.856,16.28,23.389,73.8
2014-07-05,7.622,10.15,16.13,24.815,69.6
2014-07-06,0.0,8.404,16.774,23.22,66.8
2014-07-07,0.0,9.252,16.38,23.91,65.4
2014-07-08,2.645,9.02,16.209,23.5,63.6
2014-07-09,0.0,9.453,16.035,23.87,63.0
2014-07-10,5.302,9.036,16.166,23.451,61.6
2014-07-11,1.679,9.697,15.837,23.997,60.0
2014-07-12,6.108,10.556,16.163,25.247,59.5
2014-07-13,0.0,10.175,16.209,24.821,59.0
2014-07-14,0.0,10.532,15.823,24.984,59.0
2014-07-15,0.0,9.317,16.492,23.981,63.2
2014-07-16,0.0,9.972,16.435,24.731,61.6
2014-07-17,0.0,9.382,16.587,24.12,60.0
2014-07-18,0.025,8.825,16.312,23.272,59.0
2014-07-19,0.0,10.903,16.416,25.783,57.0
2014-07-20,0.0,9.725,15.799,23.921,55.0
2014-07-21,0.82,10.111,15.791,24.372,54.3
2014-07-22,0.0,10.492,16.163,25.079,53.6
2014-07-23,0.114,10.586,16.508,25.432,52.2
2014-07-24,0.0,10.508,16.207,25.111,52.2
2014-07-25,0.0,10.384,16.302,25.011,51.5
2014-07-26,0.0,10.067,15.562,24.092,49.4
2014-07-27,0.183,9.252,15.927,23.394,49.4
2014-07-28,0.0,11.992,15.011,25.997,48.7
2014-07-29,0.084,10.481,15.236,24.31,47.2
2014-07-30,0.0,10.52,15.976,24.861,45.6
2014-07-31,0.0,11.185,15.44,25.258,44.0
2014-08-01,0.0,10.719,14.625,24.136,40.0
2014-08-02,1.616,7.877,15.592,21.462,39.4
2014-08-03,0.103,9.127,15.769,23.046,38.8
2014-08-04,0.0,10.231,14.764,23.603,38.8
2014-08-05,4.518,8.969,14.976,22.223,38.2
2014-08-06,0.07,8.316,15.918,22.171,37.0
2014-08-07,0.941,9.948,14.682,23.16,35.2
2014-08-08,0.452,9.332,15.062,22.704,34.0
2014-08-09,0.0,8.239,16.177,22.269,34.0
2014-08-10,0.0,9.961,14.522,23.03,48.7
2014-08-11,0.0,9.696,15.467,23.37,44.0
2014-08-12,8.547,9.197,14.853,22.315,41.6
2014-08-13,0.608,10.27,15.402,23.986,40.0
2014-08-14,2.955,9.732,16.024,23.755,38.8
2014-08-15,0.0,11.608,15.649,25.693,37.6
2014-08-16,0.0,10.631,15.66,24.535,36.4
2014-08-17,0.103,9.749,16.171,23.864,35.8
2014-08-18,0.38,10.139,15.935,24.122,34.0
2014-08-19,0.364,9.613,16.182,23.698,34.0
2014-08-20,0.33,10.925,15.166,24.481,33.53
2014-08-21,0.415,10.562,15.753,24.459,33.07
2014-08-22,0.0,9.816,14.269,22.541,32.6
2014-08-23,1.772,8.17,15.658,21.715,31.67
2014-08-24,0.0,10.287,15.696,24.09,31.2
2014-08-25,14.133,8.178,15.41,21.454,30.73
2014-08-26,6.363,8.755,15.576,22.212,29.33
2014-08-27,8.169,7.862,16.245,21.761,44.8
2014-08-28,1.494,9.665,14.812,22.696,34.13
2014-08-29,0.0,10.565,15.609,24.302,32.13
2014-08-30,0.0,12.567,14.742,26.041,31.67
2014-08-31,0.0,11.95,14.674,25.247,30.73
2014-09-01,0.042,11.66,15.503,25.448,29.33
2014-09-02,3.024,8.413,15.875,22.016,29.33
2014-09-03,6.713,10.121,15.511,23.674,31.67
2014-09-04,9.056,10.519,15.902,24.41,32.6
2014-09-05,0.0,10.592,15.302,24.071,29.8
2014-09-06,0.0,10.29,16.024,24.22,31.67
2014-09-07,0.862,9.317,16.027,23.101,34.0
2014-09-08,0.0,9.238,16.497,23.359,33.53
2014-09-09,0.0,10.817,15.342,24.342,33.07
2014-09-10,1.714,9.301,15.375,22.611,32.6
2014-09-11,3.687,8.164,16.084,21.938,32.13
2014-09-12,14.418,7.601,17.057,22.052,54.8
2014-09-13,2.029,9.647,15.796,23.304,54.1
2014-09-14,5.158,7.181,16.427,21.117,37.6
2014-09-15,5.301,9.023,15.644,22.492,35.2
2014-09-16,0.0,10.012,15.726,23.685,34.0
2014-09-17,2.408,10.411,14.274,23.111,33.53
2014-09-18,14.886,7.549,16.174,21.31,65.5
2014-09-19,5.483,7.803,15.321,20.913,53.25
2014-09-20,25.034,8.375,15.818,21.878,56.0
2014-09-21,11.336,9.731,15.543,23.198,56.0
2014-09-22,3.422,7.235,15.014,20.024,54.6
2014-09-23,6.715,10.299,15.024,23.511,55.3
2014-09-24,0.721,11.044,13.929,23.641,48.7
2014-09-25,8.761,9.232,15.87,22.927,49.3
2014-09-26,5.1,9.865,14.859,22.973,48.7
2014-09-27,0.0,11.009,14.682,24.117,43.2
2014-09-28,1.4,10.043,15.168,23.34,37.6
2014-09-29,0.0,10.432,16.516,24.78,35.2
2014-09-30,0.0,12.319,14.53,25.601,34.0
2014-10-01,0.0,10.544,15.505,24.207,34.0
2014-10-02,8.872,9.084,15.812,22.75,33.3
2014-10-03,0.0,8.25,15.764,21.804,33.07
2014-10-04,3.856,9.961,15.302,23.41,32.6
2014-10-05,7.997,8.153,15.516,21.552,31.9
2014-10-06,18.476,8.198,15.562,21.625,31.43
2014-10-07,22.977,8.53,16.068,22.372,56.9
2014-10-08,24.401,6.806,15.649,20.19,104.8
2014-10-09,4.86,5.655,15.503,18.845,166.1
2014-10-10,1.19,7.584,15.929,21.215,127.8
2014-10-11,10.387,7.744,15.97,21.451,123.4
2014-10-12,5.551,10.726,14.334,23.712,92.95
2014-10-13,8.244,8.811,14.905,21.894,64.9
2014-10-14,0.0,9.631,15.152,23.062,59.4
2014-10-15,0.688,9.324,15.674,23.087,50.8
2014-10-16,5.485,9.336,15.785,23.193,45.6
2014-10-17,6.768,8.531,15.438,22.03,52.9
2014-10-18,20.778,7.841,15.432,21.283,113.0
2014-10-19,0.325,8.336,15.973,22.209,74.5
2014-10-20,20.436,8.159,15.038,21.329,80.75
2014-10-21,0.313,9.469,14.774,22.693,68.8
2014-10-22,24.14,8.118,15.742,21.853,58.5
2014-10-23,16.522,9.62,15.304,23.321,73.1
2014-10-24,1.908,8.96,14.853,22.204,62.0
2014-10-25,4.565,7.794,15.149,21.082,112.5
2014-10-26,9.627,5.365,15.78,18.938,229.9
2014-10-27,0.582,9.857,15.217,23.576,206.9
2014-10-28,4.046,9.14,15.448,22.908,89.7
2014-10-29,5.891,9.266,15.429,23.079,97.55
2014-10-30,11.844,9.509,15.492,23.427,82.6
2014-10-31,11.844,7.921,15.524,21.573,120.6
2014-11-01,4.093,10.147,14.576,23.59,86.95
2014-11-02,7.49,8.709,15.332,22.397,95.25
2014-11-03,0.0,10.222,14.793,23.875,73.8
2014-11-04,25.001,8.067,15.367,21.734,83.95
2014-11-05,2.877,7.537,16.405,21.894,95.25
2014-11-06,24.35,9.733,16.152,24.323,150.1
2014-11-07,4.276,9.994,16.062,24.571,182.5
2014-11-08,10.108,7.985,16.272,22.337,123.8
2014-11-09,6.665,8.523,16.141,22.902,111.4
2014-11-10,2.163,6.512,15.717,20.312,119.6
2014-11-11,22.957,6.918,16.16,21.122,120.0
2014-11-12,22.598,5.143,15.696,18.788,248.0
2014-11-13,0.23,8.673,14.927,22.258,266.2
2014-11-14,5.817,8.599,15.22,22.386,231.6
2014-11-15,0.0,9.347,14.122,22.568,185.0
2014-11-16,18.552,8.655,14.592,22.057,172.5
2014-11-17,0.23,8.636,15.568,22.769,125.6
2014-11-18,4.381,9.283,14.603,22.902,157.4
2014-11-19,3.326,6.151,16.158,20.326,150.8
2014-11-20,2.028,8.305,15.318,22.19,101.0
2014-11-21,2.68,7.53,15.603,21.495,94.1
2014-11-22,3.953,7.762,15.47,21.682,152.3
2014-11-23,9.545,9.657,15.367,23.951,139.5
2014-11-24,0.0,8.863,15.823,23.351,106.8
2014-11-25,5.13,7.955,15.598,22.082,96.4
2014-11-26,0.0,6.56,14.728,19.766,130.5
2014-11-27,0.0,9.284,14.856,23.177,193.8
2014-11-28,0.0,9.593,15.188,23.834,133.3
2014-11-29,0.0,9.991,15.136,24.329,106.8
2014-11-30,14.285,8.535,15.864,23.046,97.55
2014-12-01,6.417,8.776,16.59,23.872,94.1
2014-12-02,3.295,9.041,16.163,23.905,82.6
2014-12-03,0.241,9.453,15.228,23.75,75.2
2014-12-04,0.0,9.67,15.057,23.932,74.5
2014-12-05,11.421,7.383,16.071,21.859,76.6
2014-12-06,2.465,6.792,16.215,21.236,79.6
2014-12-07,20.213,7.979,15.731,22.288,94.1
2014-12-08,16.61,9.165,16.098,24.043,133.3
2014-12-09,29.671,6.668,16.416,21.261,169.9
2014-12-10,2.375,7.697,16.095,22.258,164.9
2014-12-11,26.166,6.899,15.144,20.562,273.2
2014-12-12,2.825,8.541,15.332,22.753,181.3
2014-12-13,11.662,5.95,15.62,19.864,272.9
2014-12-14,0.0,8.152,15.25,22.188,220.6
2014-12-15,0.983,9.857,13.962,23.473,173.8
2014-12-16,0.0,9.865,14.853,24.114,164.9
2014-12-17,0.0,8.064,14.943,21.853,218.9
2014-12-18,5.312,9.434,14.747,23.489,163.8
2014-12-19,0.0,9.28,14.745,23.288,143.5
2014-12-20,0.542,9.243,15.448,23.755,133.1
2014-12-21,0.396,8.622,16.073,23.424,127.9
2014-12-22,8.275,9.542,15.562,24.193,127.1
2014-12-23,0.0,10.412,15.351,25.188,109.1
2014-12-24,0.0,9.633,15.13,24.011,102.1
2014-12-25,0.564,9.11,15.731,23.747,90.65
2014-12-26,0.0,10.395,15.133,24.965,84.9
2014-12-27,0.0,8.882,16.777,24.25,79.6
2014-12-28,0.0,8.69,15.454,23.016,72.4
2014-12-29,0.0,10.15,15.038,24.573,68.9
2014-12-30,0.0,9.728,14.356,23.549,66.1
2014-12-31,0.0,9.868,15.69,24.647,64.0
2015-01-01,0.0,10.959,14.636,25.315,60.4
2015-01-02,0.0,10.59,15.44,25.37,60.0
2015-01-03,0.0,11.087,15.288,25.908,59.5
2015-01-04,0.0,11.267,14.747,25.766,59.0
2015-01-05,0.0,10.125,15.136,24.538,58.5
2015-01-06,0.0,11.349,14.329,25.549,57.0
2015-01-07,0.0,11.011,14.304,25.09,56.5
2015-01-08,0.0,9.292,15.546,23.717,55.0
2015-01-09,3.072,9.456,15.927,24.168,56.0
2015-01-10,0.584,9.783,16.005,24.63,56.0
2015-01-11,0.0,10.526,14.913,24.769,55.5
2015-01-12,0.0,9.563,15.872,24.228,55.0
2015-01-13,0.0,9.156,15.81,23.663,53.95
2015-01-14,7.929,9.395,15.674,23.848,53.6
2015-01-15,26.881,8.464,15.913,22.853,57.2
2015-01-16,0.9,8.782,14.976,22.56,60.0
2015-01-17,16.964,7.847,14.13,20.764,59.9
2015-01-18,3.906,8.779,15.443,22.861,67.5
2015-01-19,4.722,8.508,15.533,22.568,60.0
2015-01-20,5.189,6.955,16.003,21.103,60.3
2015-01-21,1.083,5.579,15.726,19.315,65.6
2015-01-22,32.673,6.766,16.057,20.905,83.7
2015-01-23,0.0,7.528,15.622,21.448,67.5
2015-01-24,4.695,8.683,14.897,22.236,63.6
2015-01-25,0.0,9.864,14.951,23.726,62.0
2015-01-26,0.653,9.438,14.908,23.152,60.0
2015-01-27,5.382,8.848,15.054,22.508,60.0
2015-01-28,0.592,9.889,14.802,23.584,60.2
2015-01-29,0.0,11.276,14.997,25.399,53.6
2015-01-30,0.0,10.0,15.283,24.014,57.5
2015-01-31,0.041,7.765,16.41,22.174,59.0
2015-02-01,0.8,8.545,16.823,23.342,56.0
2015-02-02,2.556,9.025,16.062,23.326,50.8
2015-02-03,3.437,8.526,16.239,22.851,50.1
2015-02-04,0.0,9.594,16.103,23.995,48.6
2015-02-05,3.322,7.93,16.758,22.546,49.4
2015-02-06,27.142,7.596,15.486,21.152,54.6
2015-02-07,24.909,8.312,15.226,21.777,65.2
2015-02-08,9.251,7.43,16.451,21.685,72.4
2015-02-09,0.437,7.298,15.948,21.133,103.3
2015-02-10,0.0,7.038,15.853,20.753,85.8
2015-02-11,0.0,8.912,16.405,23.274,78.65
2015-02-12,0.0,10.754,15.462,24.742,69.6
2015-02-13,0.0,10.367,16.753,25.163,59.5
2015-02-14,5.603,10.993,15.12,24.72,58.0
2015-02-15,0.376,10.286,15.973,24.47,57.0
2015-02-16,13.151,10.753,15.837,24.921,58.0
2015-02-17,0.0,10.744,15.402,24.601,55.5
2015-02-18,12.623,10.464,15.562,24.356,64.0
2015-02-19,0.0,8.267,16.666,22.601,55.5
2015-02-20,0.0,8.55,15.891,22.342,53.6
2015-02-21,0.0,10.649,15.337,24.337,60.4
2015-02-22,0.0,11.686,14.84,25.201,55.5
2015-02-23,5.322,10.329,15.321,23.891,53.6
2015-02-24,13.148,10.479,14.285,23.351,55.3
2015-02-25,0.438,9.756,15.269,23.174,58.0
2015-02-26,0.04,10.656,15.644,24.476,47.2
2015-02-27,0.021,10.157,15.367,23.682,44.8
2015-02-28,0.298,10.388,15.361,23.91,43.2
2015-03-01,10.5,11.393,14.772,24.663,41.6
2015-03-02,9.144,10.859,15.326,24.405,48.8
2015-03-03,0.208,9.428,16.12,23.321,47.2
2015-03-04,1.892,9.209,16.41,23.28,52.2
2015-03-05,3.483,9.965,15.978,23.807,47.2
2015-03-06,30.878,7.95,16.329,21.845,53.6
2015-03-07,4.489,9.212,16.481,23.302,60.3
2015-03-08,31.061,11.585,16.12,25.693,48.7
2015-03-09,0.0,10.522,16.5,24.772,44.8
2015-03-10,0.0,10.187,17.91,25.421,43.2
2015-03-11,0.0,9.562,17.802,24.696,43.2
2015-03-12,6.018,10.228,15.88,23.946,41.6
2015-03-13,11.252,9.574,15.649,23.041,40.8
2015-03-14,10.056,6.957,17.027,21.337,40.0
2015-03-15,0.0,10.103,16.533,24.274,45.6
2015-03-16,1.879,7.731,17.011,22.101,50.1
2015-03-17,0.0,7.133,17.052,21.535,47.2
2015-03-18,52.321,5.577,16.859,19.834,73.25
2015-03-19,2.182,7.143,16.351,20.883,67.0
2015-03-20,2.417,7.943,16.062,21.522,70.55
2015-03-21,9.848,9.227,16.082,22.921,84.85
2015-03-22,0.0,10.844,15.041,23.984,81.4
2015-03-23,17.45,11.006,15.196,24.274,63.6
2015-03-24,31.052,10.658,16.389,24.758,75.2
2015-03-25,42.517,10.597,15.188,23.804,68.9
2015-03-26,9.118,9.069,16.136,22.81,66.1
2015-03-27,0.0,11.957,14.878,25.168,54.6
2015-03-28,11.598,9.246,15.679,22.679,48.7
2015-03-29,51.943,7.354,16.383,21.152,208.2
2015-03-30,5.227,8.762,15.0,21.592,142.9
2015-03-31,2.801,10.661,15.935,24.405,96.6
2015-04-01,1.073,10.262,15.049,23.329,80.25
2015-04-02,1.484,8.877,16.166,22.611,69.6
2015-04-03,3.951,8.426,14.989,21.209,68.9
2015-04-04,0.409,7.59,16.065,21.144,66.8
2015-04-05,16.852,9.67,15.212,22.796,106.7
2015-04-06,0.135,10.896,16.014,24.758,61.6
2015-04-07,4.049,10.612,15.793,24.25,65.0
2015-04-08,13.81,9.255,15.571,22.595,77.7
2015-04-09,0.0,10.202,16.226,24.149,61.2
2015-04-10,0.0,10.263,16.071,24.109,57.5
2015-04-11,33.591,7.726,15.753,21.049,102.1
2015-04-12,0.0,10.479,15.261,23.785,60.7
2015-04-13,0.0,9.477,16.084,23.239,57.0
2015-04-14,11.864,8.703,15.576,22.041,90.6
2015-04-15,24.251,8.305,15.891,21.859,177.5
2015-04-16,12.273,8.51,15.848,22.024,206.7
2015-04-17,14.394,7.402,15.663,20.666,239.2
2015-04-18,4.027,10.172,15.723,23.815,108.5
2015-04-19,7.212,7.975,15.38,21.092,152.2
2015-04-20,4.331,9.572,16.003,23.375,98.7
2015-04-21,12.879,8.882,15.916,22.543,134.4
2015-04-22,0.0,9.265,15.758,22.897,91.8
2015-04-23,2.18,10.576,15.272,24.014,79.15
2015-04-24,3.492,10.687,15.198,24.103,74.5
2015-04-25,10.08,8.434,15.886,22.052,70.3
2015-04-26,0.0,10.782,15.986,24.804,65.4
2015-04-27,0.0,10.823,16.41,25.168,64.7
2015-04-28,0.318,10.16,15.834,23.989,66.8
2015-04-29,0.0,9.613,16.079,23.59,64.0
2015-04-30,9.018,8.46,16.28,22.457,63.6
2015-05-01,6.424,8.107,16.109,21.962,68.2
2015-05-02,12.511,9.848,14.625,22.864,69.6
2015-05-03,15.445,8.784,15.677,22.391,69.6
2015-05-04,4.299,10.789,14.62,24.011,69.6
2015-05-05,1.405,11.471,13.579,24.125,66.1
2015-05-06,0.446,10.122,14.454,23.103,64.0
2015-05-07,2.23,11.406,14.791,24.883,62.0
2015-05-08,2.607,9.641,16.296,23.875,57.0
2015-05-09,1.65,9.502,16.614,24.005,53.6
2015-05-10,1.774,9.663,16.891,24.383,50.8
2015-05-11,2.119,9.894,17.353,25.005,45.6
2015-05-12,0.034,10.693,16.109,25.043,43.2
2015-05-13,8.657,8.178,17.622,23.318,49.7
2015-05-14,4.812,7.476,17.603,22.552,52.9
2015-05-15,18.993,8.539,16.008,22.505,58.9
2015-05-16,2.606,9.433,15.918,23.497,52.2
2015-05-17,4.38,6.901,16.848,21.402,47.2
2015-05-18,1.719,9.367,16.587,23.918,49.2
2015-05-19,0.523,10.141,16.155,24.56,41.6
2015-05-20,0.643,9.962,16.321,24.462,44.8
2015-05-21,8.959,8.078,16.97,22.796,51.5
2015-05-22,0.0,8.299,15.894,22.264,44.8
2015-05-23,0.0,9.788,15.56,23.769,48.7
2015-05-24,1.186,10.32,14.489,23.641,46.4
2015-05-25,6.652,8.129,14.932,21.359,47.9
2015-05-26,0.923,9.653,15.622,23.685,52.9
2015-05-27,1.983,9.051,15.109,22.587,47.2
2015-05-28,1.455,7.411,16.389,21.715,53.9
2015-05-29,7.66,5.845,15.788,19.587,62.0
2015-05-30,0.0,8.621,14.666,21.804,56.5
2015-05-31,0.778,9.819,15.25,23.674,51.5
2015-06-01,0.474,9.011,15.03,22.549,53.6
2015-06-02,0.386,9.696,15.649,23.829,46.3
2015-06-03,2.372,8.732,16.549,23.351,40.0
2015-06-04,0.753,8.372,16.853,23.22,40.0
2015-06-05,0.447,8.55,15.511,22.397,38.2
2015-06-06,0.189,9.163,16.177,23.636,37.6
2015-06-07,1.31,8.143,15.071,21.603,37.0
2015-06-08,0.053,7.627,16.114,21.81,36.4
2015-06-09,1.724,7.817,15.842,21.823,36.4
2015-06-10,4.482,7.948,15.606,21.772,45.5
2015-06-11,0.442,9.732,14.606,23.198,50.8
2015-06-12,0.0,9.791,15.959,24.253,39.4
2015-06-13,1.46,9.161,14.293,22.266,38.8
2015-06-14,2.346,8.848,16.12,23.261,38.2
2015-06-15,1.975,8.767,15.571,22.755,36.4
2015-06-16,0.477,11.661,15.247,26.052,34.73
2015-06-17,4.467,9.056,16.261,23.611,33.07
2015-06-18,0.091,9.428,16.239,24.024,32.13
2015-06-19,0.0,10.224,16.56,25.212,31.2
2015-06-20,0.0,10.075,16.37,24.899,30.73
2015-06-21,0.0,9.457,15.291,23.408,28.87
2015-06-22,0.0,9.356,16.19,23.94,28.4
2015-06-23,0.0,10.137,16.315,24.938,28.4
2015-06-24,0.0,10.919,16.41,25.97,27.43
2015-06-25,0.0,10.433,15.723,24.878,26.47
2015-06-26,0.101,7.716,16.761,22.397,25.93
2015-06-27,12.629,8.783,17.19,23.981,25.4
2015-06-28,0.287,9.852,15.91,24.293,25.4
2015-06-29,0.0,8.516,15.53,22.457,24.87
2015-06-30,0.0,8.802,15.38,22.666,24.33
2015-07-01,0.0,11.077,15.864,25.761,24.33
2015-07-02,0.0,10.838,16.12,25.652,24.33
2015-07-03,0.108,11.807,15.796,26.611,24.33
2015-07-04,3.157,9.36,17.016,24.511,24.33
2015-07-05,10.734,8.179,17.228,23.296,24.87
2015-07-06,6.572,8.561,16.323,23.049,25.4
2015-07-07,13.459,8.688,16.429,23.291,25.4
2015-07-08,2.361,10.226,15.427,24.389,30.27
2015-07-09,0.0,9.664,15.465,23.739,28.87
2015-07-10,0.588,9.073,15.742,23.193,28.4
2015-07-11,0.301,7.992,16.864,22.788,25.93
2015-07-12,0.0,7.95,16.845,22.709,25.4
2015-07-13,0.323,9.277,16.226,23.793,25.4
2015-07-14,0.193,8.483,17.209,23.582,25.4
2015-07-15,1.976,8.588,15.897,22.69,26.97
2015-07-16,2.371,9.473,16.12,23.908,25.4
2015-07-17,0.0,10.369,15.766,24.72,24.87
2015-07-18,0.277,9.171,15.965,23.424,26.37
2015-07-19,0.0,8.257,16.087,22.432,28.4
2015-07-20,0.376,7.605,15.459,21.25,27.47
2015-07-21,13.609,9.06,15.535,22.938,46.93
2015-07-22,0.992,9.07,16.245,23.462,41.6
2015-07-23,0.335,9.221,15.859,23.348,51.5
2015-07-24,0.0,10.971,14.533,24.503,43.2
2015-07-25,0.0,12.016,15.478,26.378,34.73
2015-07-26,7.11,10.446,15.402,24.438,32.13
2015-07-27,0.109,8.525,16.948,23.291,31.2
2015-07-28,2.486,9.745,15.902,23.935,30.27
2015-07-29,3.345,9.817,15.658,23.812,29.33
2015-07-30,0.736,9.558,16.174,23.851,26.47
2015-07-31,1.477,9.777,15.508,23.641,26.47
2015-08-01,0.0,9.45,15.641,23.364,25.93
2015-08-02,0.0,10.496,16.582,25.217,26.43
2015-08-03,0.0,11.152,15.538,25.25,26.97
2015-08-04,0.0,11.466,16.454,26.239,26.47
2015-08-05,0.0,10.2,16.889,25.062,26.47
2015-08-06,0.049,11.839,16.09,26.413,25.93
2015-08-07,11.609,7.969,17.114,22.69,25.4
2015-08-08,0.886,8.535,15.948,22.402,25.93
2015-08-09,8.422,7.484,16.139,21.427,26.47
2015-08-10,3.731,9.627,14.837,22.851,26.47
2015-08-11,1.259,9.552,16.514,23.967,25.4
2015-08-12,0.0,9.912,15.641,23.761,25.4
2015-08-13,1.068,9.139,16.128,23.19,24.33
2015-08-14,2.938,8.746,16.293,22.856,24.33
2015-08-15,0.0,9.433,15.788,23.255,24.33
2015-08-16,0.489,9.054,16.807,23.595,24.33
2015-08-17,0.0,9.603,16.878,24.245,23.8
2015-08-18,0.0,10.463,15.867,24.486,23.27
2015-08-19,2.879,11.193,15.601,25.106,23.27
2015-08-20,0.0,10.875,16.503,25.38,22.2
2015-08-21,6.778,9.69,16.538,24.054,22.2
2015-08-22,0.0,9.589,16.179,23.641,21.67
2015-08-23,1.797,10.352,16.101,24.478,21.13
2015-08-24,6.751,9.107,17.092,23.785,23.8
2015-08-25,8.508,9.606,15.864,23.448,22.73
2015-08-26,1.267,9.482,15.957,23.34,22.2
2015-08-27,7.307,9.374,15.78,23.087,21.67
2015-08-28,0.0,10.289,16.701,24.783,21.13
2015-08-29,0.0,12.508,16.111,26.908,21.13
2015-08-30,0.0,10.962,15.446,24.641,21.13
2015-08-31,0.0,10.763,16.84,25.383,21.13
2015-09-01,0.0,9.739,16.448,23.951,21.13
2015-09-02,0.024,10.093,15.815,23.861,20.6
2015-09-03,5.583,10.735,15.579,24.424,20.6
2015-09-04,0.117,12.677,15.505,26.628,20.6
2015-09-05,0.0,10.432,16.611,24.823,20.33
2015-09-06,0.653,8.775,16.326,22.745,20.07
2015-09-07,0.109,10.763,16.495,25.087,20.07
2015-09-08,0.098,11.126,16.258,25.345,19.53
2015-09-09,1.574,9.356,16.826,23.747,19.0
2015-09-10,3.153,7.487,16.981,21.924,19.0
2015-09-11,2.722,6.73,16.003,20.321,19.0
2015-09-12,0.0,13.549,14.057,26.677,23.27
2015-09-13,0.0,13.618,14.207,26.867,21.67
2015-09-14,0.0,12.577,14.742,25.97,21.13
2015-09-15,0.0,11.822,15.082,25.304,20.07
2015-09-19,21.617,10.187,16.315,24.269,32.97
2015-09-20,8.76,9.087,16.967,23.533,21.13
2015-09-21,3.343,10.655,15.367,24.188,21.13
2015-09-22,0.993,10.729,16.351,24.935,22.2
2015-09-23,0.267,9.628,16.245,23.628,21.13
2015-09-24,0.0,10.164,16.133,24.182,20.07
2015-09-25,0.013,11.655,15.628,25.53,20.07
2015-09-26,0.0,11.456,15.457,25.188,20.07
2015-09-27,0.0,11.573,15.832,25.584,19.53
2015-09-28,0.0,12.1,16.215,26.47,19.0
2015-09-29,8.777,9.695,16.791,24.136,19.64
2015-09-30,10.49,9.61,15.101,22.832,21.4
2015-10-01,2.022,6.839,15.916,20.348,34.73
2015-10-02,1.573,8.918,15.965,22.652,39.6
2015-10-03,7.789,10.162,15.535,23.793,30.27
2015-10-04,0.0,10.568,16.709,25.128,28.4
2015-10-05,1.121,11.808,15.486,25.698,28.4
2015-10-06,0.0,10.257,16.37,24.56,25.93
2015-10-07,2.727,9.699,15.97,23.611,24.33
2015-10-08,1.115,8.893,15.897,22.666,23.27
2015-10-09,9.388,9.626,14.524,22.522,22.2
2015-10-10,2.025,9.664,14.758,22.731,21.67
2015-10-11,6.4,6.749,16.139,20.541,21.13
2015-10-12,10.949,8.224,15.859,21.967,20.07
2015-10-13,9.711,8.201,16.408,22.348,20.07
2015-10-14,54.021,8.907,15.905,22.755,118.8
2015-10-15,16.075,8.17,16.28,22.212,61.2
2015-10-16,3.587,6.049,16.372,20.043,50.1
2015-10-17,0.0,10.457,15.508,24.326,41.6
2015-10-18,35.561,8.837,15.215,22.215,37.0
2015-10-19,0.0,10.125,15.179,23.736,34.6
2015-10-20,9.093,10.773,14.424,23.992,31.2
2015-10-21,2.579,11.246,14.823,24.867,27.93
2015-10-22,2.594,10.284,15.147,23.948,26.47
2015-10-23,10.078,7.833,15.709,21.524,31.43
2015-10-24,7.81,8.522,14.562,21.486,60.9
2015-10-25,18.659,8.617,15.535,22.318,62.8
2015-10-26,1.037,7.824,16.152,21.883,52.9
2015-10-27,5.124,7.56,15.984,21.459,45.6
2015-10-28,0.0,9.129,15.435,22.894,35.8
2015-10-29,0.563,10.255,13.546,22.935,30.73
2015-10-30,10.374,9.357,15.397,23.19,30.27
2015-10-31,7.972,8.413,15.454,22.111,30.27
2015-11-01,4.71,5.939,16.408,20.114,31.2
2015-11-02,5.085,6.905,15.168,20.147,65.25
2015-11-03,1.335,9.445,15.533,23.432,73.8
2015-11-04,12.974,7.784,15.913,21.777,70.3
2015-11-05,22.625,6.371,15.5,19.864,67.5
2015-11-06,11.052,8.184,16.304,22.571,105.6
2015-11-07,2.492,5.03,16.655,19.522,65.0
2015-11-08,13.35,10.088,15.47,24.266,67.5
2015-11-09,21.103,8.629,15.351,22.446,68.9
2015-11-10,8.964,9.486,15.076,23.34,64.7
2015-11-11,0.507,8.341,15.938,22.582,62.2
2015-11-12,1.051,8.965,15.704,23.174,51.5
2015-11-13,1.012,10.147,14.818,24.019,45.6
2015-11-14,0.411,9.719,15.91,24.28,40.0
2015-11-15,14.017,7.979,16.261,22.451,38.8
2015-11-16,3.797,8.909,16.353,23.649,36.4
2015-11-17,28.481,6.123,16.245,20.356,56.7
2015-11-18,0.0,7.33,15.492,21.177,58.0
2015-11-19,0.166,8.203,15.329,22.073,57.5
2015-11-20,0.617,8.513,16.209,23.122,63.5
2015-11-21,9.234,8.087,15.704,22.242,69.6
2015-11-22,26.824,7.274,16.59,21.992,76.35
2015-11-23,9.727,9.206,14.758,22.989,68.2
2015-11-24,0.0,7.575,16.117,22.005,68.2
2015-11-25,6.172,9.241,15.598,23.663,70.55
2015-11-26,16.981,9.487,14.495,23.196,68.9
2015-11-27,3.816,9.838,14.198,23.438,66.1
2015-11-28,2.643,7.745,16.12,22.264,61.2
2015-11-29,0.0,9.411,15.728,23.986,70.8
2015-11-30,10.522,9.259,16.451,24.364,63.3
2015-12-01,7.124,8.88,17.141,24.413,53.9
2015-12-02,0.254,8.696,17.522,24.489,44.8
2015-12-03,0.775,8.504,15.774,22.943,43.2
2015-12-04,17.574,7.153,16.663,22.019,41.0
2015-12-05,0.607,9.674,15.614,24.329,36.4
2015-12-06,2.356,9.106,15.117,23.255,31.67
2015-12-07,11.055,9.577,15.272,23.992,30.27
2015-12-08,0.345,9.592,14.973,23.804,29.33
2015-12-09,10.828,10.288,14.66,24.492,28.4
2015-12-10,13.462,9.854,15.712,24.663,27.93
2015-12-11,0.0,10.086,15.264,24.666,26.47
2015-12-12,0.0,10.953,14.734,25.438,26.47
2015-12-13,0.091,9.245,15.133,23.508,26.47
2015-12-14,0.66,8.875,15.291,23.149,26.47
2015-12-15,13.77,7.63,15.696,21.891,43.4
2015-12-16,8.135,9.033,15.451,23.443,33.53
2015-12-17,53.722,7.527,16.677,22.511,30.73
2015-12-18,0.155,8.992,15.353,23.342,29.8
2015-12-19,0.0,8.205,16.842,23.462,28.4
2015-12-20,4.043,8.402,16.761,23.671,30.27
2015-12-21,4.68,10.309,14.793,24.649,29.8
2015-12-22,0.0,9.923,15.636,24.731,25.9
2015-12-23,0.0,10.403,15.614,25.321,23.8
2015-12-24,0.0,9.476,15.715,24.22,23.27
2015-12-25,0.0,10.699,15.443,25.587,22.2
2015-12-26,0.0,10.637,15.052,25.236,21.13
2015-12-27,0.0,10.499,15.655,25.457,21.13
2015-12-28,21.019,9.739,16.761,25.28,21.13
2015-12-29,0.0,10.499,16.503,26.03,21.13
2015-12-30,0.0,10.844,16.59,26.514,21.13
2015-12-31,0.0,10.033,17.38,26.052,21.13
2016-01-01,8.998,10.104,16.69,25.636,23.267
2016-01-02,0.0,7.759,16.63,22.677,23.267
2016-01-03,0.804,10.407,14.812,24.698,23.267
2016-01-04,40.698,7.448,16.723,22.391,23.429
2016-01-05,0.623,9.282,15.546,23.753,32.084
2016-01-06,12.138,7.958,16.609,22.891,31.34
2016-01-07,0.565,9.292,16.688,24.568,34.446
2016-01-08,1.991,8.889,17.948,24.978,31.38
2016-01-09,1.051,9.046,16.965,24.443,29.068
2016-01-10,0.0,7.573,16.636,22.432,29.706
2016-01-11,3.444,6.897,16.201,21.299,47.054
2016-01-12,0.58,9.886,15.538,24.41,66.181
2016-01-13,0.0,10.059,15.361,24.511,44.958
2016-01-14,0.0,9.45,15.212,23.655,32.414
2016-01-15,0.0,11.954,14.247,26.109,30.346
2016-01-16,0.0,11.29,15.144,25.853,28.521
2016-01-17,0.0,11.676,14.728,26.052,28.46
2016-01-18,0.0,11.53,15.625,26.427,28.399
2016-01-19,0.0,11.986,14.579,26.307,25.971
2016-01-20,0.0,10.614,15.291,25.005,24.333
2016-01-21,0.0,10.015,14.712,23.829,23.8
2016-01-22,0.0,9.903,15.75,24.391,23.267
2016-01-23,2.864,10.817,16.454,25.989,23.267
2016-01-24,0.0,10.907,16.28,25.951,23.267
2016-01-25,0.0,10.065,15.533,24.364,23.267
2016-01-26,0.0,11.378,14.992,25.625,23.267
2016-01-27,0.0,11.02,15.171,25.274,23.267
2016-01-28,0.0,10.831,14.438,24.53,23.267
2016-01-29,0.207,10.737,15.261,24.935,22.733
2016-01-30,0.0,10.881,14.932,24.889,22.2
2016-01-31,0.0,11.099,14.568,24.883,22.2
2016-02-01,0.0,12.026,14.163,25.728,22.2
2016-02-02,0.0,11.17,15.182,25.334,22.2
2016-02-03,0.0,11.646,15.443,26.043,22.2
2016-02-04,0.0,10.172,15.155,24.033,22.2
2016-02-05,3.805,8.216,16.851,22.997,28.126
2016-02-06,0.0,11.005,15.723,25.359,25.028
2016-02-07,0.0,11.156,16.163,25.832,24.333
2016-02-08,1.14,9.347,17.543,24.674,23.8
2016-02-09,0.0,9.945,16.584,24.658,23.267
2016-02-10,0.0,10.102,16.098,24.429,23.267
2016-02-11,7.798,9.116,16.136,23.299,23.267
2016-02-12,65.064,9.376,16.853,24.111,23.267
2016-02-13,0.0,10.351,16.478,24.967,23.267
2016-02-14,0.174,11.037,17.342,26.364,22.733
2016-02-15,0.0,10.217,16.81,25.008,22.2
2016-02-16,0.0,11.061,17.231,26.245,22.2
2016-02-17,26.573,9.556,17.011,24.361,22.2
2016-02-18,1.63,11.635,15.769,25.853,22.2
2016-02-19,0.0,12.323,16.489,27.155,22.2
2016-02-20,0.0,9.301,18.062,24.812,22.2
2016-02-21,2.261,5.275,18.128,20.788,26.927
2016-02-22,0.0,6.932,17.75,22.022,43.326
2016-02-23,4.397,9.986,17.37,25.003,35.682
2016-02-24,10.331,8.823,16.696,23.158,31.867
2016-02-25,12.555,9.092,16.005,22.962,32.743
2016-02-26,1.149,9.721,16.136,23.777,30.306
2016-02-27,0.0,11.419,17.247,26.448,28.46
2016-02-28,0.0,9.894,17.788,25.136,27.487
2016-02-29,0.0,9.822,17.307,24.679,27.423
2016-03-01,2.1,9.631,17.144,24.323,26.53
2016-03-02,19.204,8.691,17.351,23.448,26.467
2016-03-03,0.0,9.99,16.889,24.5,26.652
2016-03-04,0.0,6.012,17.957,21.321,29.695
2016-03-05,2.881,10.146,16.019,24.024,34.872
2016-03-06,5.048,8.864,16.122,22.696,33.853
2016-03-07,6.072,8.577,16.432,22.595,50.997
2016-03-08,7.466,9.485,16.435,23.546,46.075
2016-03-09,16.728,10.242,15.981,24.054,46.9
2016-03-10,11.676,9.263,16.242,23.163,48.7
2016-03-11,3.636,10.062,16.28,24.062,43.975
2016-03-12,1.448,9.454,16.788,23.747,51.625
2016-03-13,3.573,9.741,16.457,23.834,63.181
2016-03-14,4.386,8.523,16.59,22.557,77.694
2016-03-15,0.45,10.312,17.008,24.818,69.525
2016-03-16,1.124,10.258,16.666,24.522,41.288
2016-03-17,9.574,8.167,17.78,23.201,46.082
2016-03-18,6.642,9.726,16.095,23.505,46.797
2016-03-19,0.123,10.648,17.03,25.196,32.298
2016-03-20,0.0,9.526,17.851,24.62,29.555
2016-03-21,3.364,9.731,15.799,23.261,29.373
2016-03-22,0.0,11.17,15.889,24.938,28.521
2016-03-23,2.787,8.618,17.72,23.516,27.91
2016-03-24,0.0,12.4,15.109,25.826,26.464
2016-03-25,1.29,12.964,16.408,27.34,25.467
2016-03-26,0.0,12.211,16.465,26.546,25.4
2016-03-27,11.36,9.445,18.408,24.932,25.4
2016-03-28,3.704,10.28,16.688,24.527,37.008
2016-03-29,11.88,11.141,16.897,25.636,34.125
2016-03-30,27.68,8.073,17.41,22.709,34.069
2016-03-31,9.013,8.273,17.217,22.769,45.382
2016-04-01,0.0,7.213,16.777,21.329,38.07
2016-04-02,31.436,6.53,16.402,20.348,47.233
2016-04-03,0.0,8.311,16.543,22.304,50.275
2016-04-04,1.015,6.323,16.75,20.448,67.212
2016-04-05,0.111,9.446,17.141,24.014,67.138
2016-04-06,3.203,11.449,15.772,25.201,50.683
2016-04-07,13.518,9.925,16.965,24.353,40.053
2016-04-08,0.0,9.623,17.524,24.465,32.659
2016-04-09,33.829,7.427,17.72,22.31,30.346
2016-04-10,7.301,8.79,16.299,22.628,30.758
2016-04-11,13.337,8.228,16.562,22.291,60.862
2016-04-12,35.802,5.466,16.905,19.755,160.031
2016-04-13,0.0,7.992,16.125,21.66,180.144
2016-04-14,0.0,11.731,15.383,25.353,78.438
2016-04-15,0.0,12.004,16.098,26.141,64.413
2016-04-16,31.133,8.958,17.75,23.978,49.769
2016-04-17,5.386,7.873,17.141,22.351,71.569
2016-04-18,0.0,9.608,17.326,24.367,57.238
2016-04-19,0.0,10.372,15.592,23.992,49.075
2016-04-20,7.269,10.705,15.277,24.149,42.479
2016-04-21,0.586,10.852,16.245,25.03,38.954
2016-04-22,1.112,9.776,16.408,23.913,41.226
2016-04-23,0.192,8.991,16.101,22.821,35.597
2016-04-24,8.397,4.653,17.312,19.614,51.087
2016-04-25,23.844,8.827,16.367,22.878,70.412
2016-04-26,10.418,7.872,17.103,22.413,66.969
2016-04-27,15.644,8.498,16.497,22.647,57.525
2016-04-28,4.343,6.302,16.245,20.149,52.306
2016-04-29,15.553,9.77,16.272,23.946,63.619
2016-04-30,13.668,8.136,16.674,22.405,61.644
2016-05-01,7.328,9.229,15.774,22.916,151.15
2016-05-02,4.587,8.929,15.935,22.755,102.988
2016-05-03,0.347,9.161,15.611,22.761,78.969
2016-05-04,26.274,9.097,16.272,23.217,67.938
2016-05-05,1.654,9.744,16.611,24.22,60.975
2016-05-06,18.606,9.282,15.394,22.807,130.006
2016-05-07,15.9,9.598,15.065,22.946,167.719
2016-05-08,3.579,7.986,15.538,21.454,127.812
2016-05-09,13.873,7.698,16.201,21.658,186.3
2016-05-10,16.662,6.177,16.497,20.321,217.331
2016-05-11,0.0,9.748,15.938,23.823,144.181
2016-05-12,0.0,11.163,14.633,24.614,95.794
2016-05-13,0.0,9.087,16.16,23.228,79.063
2016-05-14,3.118,10.104,15.788,24.168,72.544
2016-05-15,0.0,10.131,16.734,24.913,65.213
2016-05-16,1.736,9.511,16.946,24.364,63.513
2016-05-17,1.503,9.526,17.207,24.595,61.15
2016-05-18,5.503,7.862,17.641,23.101,62.313
2016-05-19,0.108,8.237,16.995,22.976,55.175
2016-05-20,0.752,9.677,16.467,24.242,53.425
2016-05-21,0.117,10.422,16.622,25.234,54.85
2016-05-22,1.608,10.61,17.223,25.924,53.275
2016-05-23,1.453,10.249,17.484,25.707,52.45
2016-05-24,2.932,9.922,16.329,24.481,50.2
2016-05-25,1.868,9.162,16.182,23.511,55.675
2016-05-26,22.027,7.711,16.516,22.084,54.1
2016-05-27,1.111,9.861,15.095,23.595,54.1
2016-05-28,11.944,7.542,16.092,21.573,50.2
2016-05-29,4.849,8.306,16.478,22.785,53.65
2016-05-30,14.291,8.641,16.457,23.171,103.059
2016-05-31,17.535,7.677,15.938,21.682,94.384
2016-06-01,0.0,9.746,14.179,22.834,76.781
2016-06-02,1.299,8.68,16.226,23.054,60.05
2016-06-03,0.0,7.238,16.13,21.386,54.5
2016-06-04,0.0,9.236,15.342,23.13,57.575
2016-06-05,0.2,11.311,13.655,24.495,53.35
2016-06-06,0.0,8.083,14.644,21.234,52.375
2016-06-07,1.634,9.32,14.682,22.772,56.062
2016-06-08,7.906,9.807,15.345,23.823,57.113
2016-06-09,0.0,8.481,15.883,22.63,52.831
2016-06-10,3.207,7.606,15.701,21.478,62.619
2016-06-11,0.0,9.526,15.103,23.312,55.675
2016-06-12,0.0,10.194,14.995,24.076,52.525
2016-06-13,3.753,9.332,15.234,23.149,48.55
2016-06-14,8.199,7.953,15.451,21.688,47.8
2016-06-15,1.095,9.525,15.821,23.861,47.275
2016-06-16,0.051,10.427,15.215,24.535,54.025
2016-06-17,0.183,9.671,15.584,23.864,48.625
2016-06-18,2.378,8.347,15.465,22.188,47.2
2016-06-19,7.934,8.694,16.046,23.052,46.0
2016-06-20,1.306,9.158,15.709,23.337,45.1
2016-06-21,3.364,9.341,15.399,23.351,47.5
2016-06-22,0.0,9.954,15.916,24.484,46.225
2016-06-23,0.264,9.087,15.913,23.408,48.175
2016-06-24,9.427,7.509,15.913,21.511,49.3
2016-06-25,3.516,9.215,15.562,23.318,52.225
2016-06-26,0.335,8.56,15.516,22.459,48.7
2016-06-27,0.0,10.889,15.133,25.049,48.175
2016-06-28,8.75,9.794,16.383,24.576,41.763
2016-06-29,4.282,9.115,16.095,23.562,36.723
2016-06-30,0.046,8.641,16.5,23.293,36.509
2016-07-01,12.855,8.645,16.465,23.261,35.582
2016-07-02,4.927,8.433,16.467,23.082,36.58
2016-07-03,3.76,8.38,16.891,23.285,37.941
2016-07-04,0.216,8.548,17.103,23.647,40.195
2016-07-05,1.957,8.806,16.125,23.196,42.032
2016-07-06,10.291,8.136,15.611,22.0,53.75
2016-07-07,0.0,10.825,15.245,24.981,56.825
2016-07-08,0.0,10.7,16.611,25.78,46.533
2016-07-09,0.0,11.426,15.622,25.978,38.013
2016-07-10,0.0,8.706,16.992,23.688,37.079
2016-07-11,0.76,8.938,16.427,23.53,35.44
2016-07-12,1.061,8.604,15.916,22.772,34.25
2016-07-13,0.0,7.904,16.44,22.332,32.414
2016-07-14,1.891,9.529,15.962,23.875,31.441
2016-07-15,6.414,8.48,15.723,22.438,31.776
2016-07-16,5.409,7.47,15.372,21.014,36.113
2016-07-17,8.279,9.109,15.399,22.921,35.402
2016-07-18,3.582,8.585,15.486,22.345,44.226
2016-07-19,0.238,8.914,15.603,22.807,37.293
2016-07-20,0.887,9.31,15.057,22.861,36.58
2016-07-21,1.086,8.998,15.543,22.856,36.58
2016-07-22,0.0,9.563,14.875,23.046,36.01
2016-07-23,0.0,9.17,15.071,22.701,36.025
2016-07-24,1.5,9.008,15.293,22.658,43.54
2016-07-25,19.431,9.839,14.174,22.81,60.55
2016-07-26,1.241,10.767,14.481,24.155,53.425
2016-07-27,1.355,9.138,15.633,23.0,40.787
2016-07-28,0.0,10.334,15.16,24.092,33.53
2016-07-29,0.189,9.184,15.861,23.228,32.353
2016-07-30,2.354,9.016,15.264,22.549,31.38
2016-07-31,0.359,9.678,15.815,23.72,30.407
2016-08-01,0.0,9.718,15.405,23.47,29.433
2016-08-02,3.492,8.748,16.41,23.065,29.433
2016-08-03,0.045,9.34,15.913,23.383,29.433
2016-08-04,6.135,9.382,16.147,23.576,28.947
2016-08-05,0.676,10.276,15.223,23.929,28.46
2016-08-06,0.0,11.539,15.166,25.372,28.46
2016-08-07,0.144,10.475,14.495,23.614,27.973
2016-08-08,0.0,9.674,15.712,23.53,27.487
2016-08-09,10.021,8.666,16.101,22.644,28.46
2016-08-10,0.25,9.356,15.997,23.342,28.947
2016-08-11,3.236,8.672,16.247,22.761,28.46
2016-08-12,0.355,10.018,15.334,23.625,28.46
2016-08-13,0.588,10.14,15.647,23.97,28.46
2016-08-14,0.249,10.321,15.53,24.103,28.46
2016-08-15,2.69,9.948,15.606,23.69,27.973
2016-08-16,0.0,9.96,16.071,24.033,27.608
2016-08-17,1.048,9.866,16.783,24.429,28.825
2016-08-18,2.572,9.077,15.938,22.908,28.46
2016-08-19,0.17,9.536,15.552,23.149,28.399
2016-08-20,0.0,11.163,14.571,24.353,27.548
2016-08-21,0.0,11.451,15.872,25.557,27.487
2016-08-22,0.0,8.841,16.587,23.082,26.91
2016-08-23,0.0,11.604,14.649,24.91,25.467
2016-08-24,0.0,9.018,15.557,22.543,24.867
2016-08-25,0.0,10.916,15.408,24.571,24.333
2016-08-26,9.34,9.175,15.59,22.734,25.464
2016-08-27,0.0,10.67,15.367,24.261,26.913
2016-08-28,0.348,10.277,15.34,23.769,26.4
2016-08-29,9.105,11.759,13.997,24.546,25.467
2016-08-30,15.997,8.386,14.986,21.31,25.4
2016-08-31,0.0,8.848,15.427,22.182,25.4
2016-09-01,16.589,8.27,15.391,21.508,25.774
2016-09-02,0.091,8.9,15.147,22.033,31.736
2016-09-03,0.199,11.389,14.101,24.174,29.129
2016-09-04,1.746,9.348,16.117,23.226,27.548
2016-09-05,5.705,10.399,15.367,23.886,30.711
2016-09-06,6.768,9.934,15.742,23.628,30.589
2016-09-07,2.164,6.555,15.864,19.976,28.886
2016-09-08,0.288,11.704,13.69,24.245,27.548
2016-09-09,0.033,10.804,15.228,24.201,27.608
2016-09-10,4.066,9.511,14.715,22.332,29.332
2016-09-11,5.046,8.656,15.364,21.842,34.872
2016-09-12,4.779,9.267,14.859,22.196,34.279
2016-09-13,0.109,9.232,15.337,22.522,49.122
2016-09-14,11.635,7.48,16.307,21.329,49.05
2016-09-15,27.772,10.269,15.584,23.883,73.1
2016-09-16,0.0,11.839,13.739,24.429,57.461
2016-09-17,1.212,10.889,15.416,24.448,35.173
2016-09-18,0.157,10.569,15.201,23.929,29.068
2016-09-19,4.33,10.027,15.277,23.348,27.791
2016-09-20,6.104,10.721,16.0,24.682,30.042
2016-09-21,8.461,8.697,16.334,22.652,27.608
2016-09-22,0.082,9.531,15.389,22.889,27.423
2016-09-23,0.0,9.467,15.924,23.223,26.464
2016-09-24,1.571,7.827,16.72,22.019,25.719
2016-09-25,6.128,8.68,15.679,22.168,28.938
2016-09-26,3.377,9.478,15.959,23.274,30.528
2016-09-27,13.629,9.749,15.622,23.345,27.098
2016-09-28,1.087,9.15,15.552,22.614,26.591
2016-09-29,14.277,9.463,15.918,23.255,27.785
2016-09-30,2.287,9.428,14.951,22.53,33.11
2016-10-01,19.812,7.032,15.283,20.065,75.725
2016-10-02,11.085,9.819,15.59,23.424,67.706
2016-10-03,0.0,8.697,15.829,22.342,52.006
2016-10-04,0.085,12.178,15.562,26.204,41.226
2016-10-05,18.264,9.116,15.913,22.889,38.045
2016-10-06,6.514,9.414,15.802,23.196,33.428
2016-10-07,14.614,8.0,15.918,21.69,66.368
2016-10-08,0.0,8.309,15.997,22.103,57.694
2016-10-09,16.015,8.193,16.103,22.103,64.106
2016-10-10,5.644,8.366,16.174,22.34,63.131
2016-10-11,7.401,7.38,16.25,21.37,59.575
2016-10-12,30.515,7.445,16.084,21.261,58.475
2016-10-13,3.6,9.587,15.315,23.125,53.2
2016-10-14,4.674,8.661,15.473,22.182,57.338
2016-10-15,2.772,9.756,15.163,23.22,53.381
2016-10-16,10.885,10.868,14.432,24.087,65.831
2016-10-17,8.034,9.934,15.731,23.902,54.15
2016-10-18,18.806,6.71,15.446,20.0,59.269
2016-10-19,0.703,10.064,14.94,23.503,55.781
2016-10-20,0.0,8.636,15.568,22.307,51.55
2016-10-21,0.0,9.193,15.647,23.024,46.375
2016-10-22,19.811,8.643,14.832,21.834,47.575
2016-10-23,13.502,8.031,15.495,21.625,60.431
2016-10-24,7.203,9.194,14.856,22.53,59.925
2016-10-25,2.938,4.778,16.003,18.59,136.231
2016-10-26,0.0,9.033,15.62,22.889,103.944
2016-10-27,0.27,10.244,15.554,24.31,77.031
2016-10-28,4.553,8.962,16.538,23.533,76.2
2016-10-29,34.501,7.53,15.497,21.106,147.15
2016-10-30,0.0,9.059,14.81,22.47,81.144
2016-10-31,12.809,8.521,15.049,22.016,66.087
2016-11-01,40.424,7.963,15.174,21.418,93.088
2016-11-02,0.187,7.412,15.851,21.285,82.588
2016-11-03,14.833,9.038,15.617,23.03,76.15
2016-11-04,6.744,8.391,16.674,23.071,136.369
2016-11-05,0.0,9.745,15.886,24.125,89.525
2016-11-06,14.163,8.764,15.679,22.861,72.862
2016-11-07,3.232,8.362,15.196,22.03,75.625
2016-11-08,9.469,9.088,14.568,22.446,77.219
2016-11-09,6.629,8.908,16.079,23.353,81.8
2016-11-10,19.532,8.41,15.758,22.524,77.756
2016-11-11,47.749,4.187,16.245,18.345,222.298
2016-11-12,16.349,8.489,14.978,22.068,144.499
2016-11-13,2.113,8.389,16.508,23.111,120.512
2016-11-14,18.815,6.774,16.443,21.198,208.596
2016-11-15,13.353,8.899,15.288,22.859,165.626
2016-11-16,9.53,8.538,16.139,23.03,101.55
2016-11-17,3.391,7.339,16.163,21.658,112.406
2016-11-18,7.482,7.546,16.166,21.938,137.794
2016-11-19,17.366,5.73,15.78,19.579,237.288
2016-11-20,0.0,8.404,15.611,22.565,193.456
2016-11-21,0.0,10.91,12.891,23.908,133.544
2016-11-22,0.0,12.771,10.37,24.815,109.05
2016-11-23,19.941,10.461,12.97,23.367,96.088
2016-11-24,2.085,7.989,15.693,22.226,82.562
2016-11-25,3.405,7.487,15.473,21.448,92.8
2016-11-26,22.816,6.892,15.677,20.878,109.606
2016-11-27,13.617,8.19,15.601,22.372,102.206
2016-11-28,12.725,8.222,16.753,23.293,154.731
2016-11-29,14.809,6.686,16.397,21.234,138.425
2016-11-30,4.637,9.078,16.497,24.185,95.594
2016-12-01,53.738,6.161,16.424,20.693,91.262
2016-12-02,40.518,5.703,16.562,20.28,106.406
2016-12-03,25.064,5.762,16.378,20.174,174.363
2016-12-04,1.729,7.564,16.215,22.228,129.244
2016-12-05,6.437,7.588,15.712,21.799,122.95
2016-12-06,14.231,9.444,14.318,23.158,126.694
2016-12-07,13.178,7.682,16.185,22.312,127.113
2016-12-08,1.552,8.526,15.247,22.682,113.219
2016-12-09,9.524,8.781,14.69,22.584,307.998
2016-12-10,0.0,8.58,15.682,23.06,222.022
2016-12-11,0.0,9.613,14.595,23.579,166.863
2016-12-12,9.246,8.856,15.182,23.054,114.869
2016-12-13,2.285,9.428,14.511,23.302,108.5
2016-12-14,0.0,11.217,13.375,24.905,124.994
2016-12-15,0.087,9.657,15.005,23.965,93.437
2016-12-16,0.208,9.696,14.693,23.807,114.694
2016-12-17,1.396,9.397,14.345,23.179,204.856
2016-12-18,0.203,10.441,13.677,24.054,112.375
2016-12-19,0.0,9.261,15.125,23.535,92.094
2016-12-20,22.22,8.241,13.823,21.269,95.3
2016-12-21,23.55,3.716,16.56,18.34,93.9
2016-12-22,0.0,7.45,15.682,21.647,107.981
2016-12-23,0.0,8.304,16.011,22.921,93.575
2016-12-24,0.0,8.52,15.519,22.848,97.794
2016-12-25,0.0,9.125,14.777,23.139,89.419
2016-12-26,3.17,9.023,15.601,23.576,101.187
2016-12-27,1.264,7.203,16.747,22.182,111.406
2016-12-28,3.798,9.966,16.185,25.136,98.625
2016-12-29,0.0,8.379,16.068,23.049,84.15
2016-12-30,2.032,7.168,16.44,21.891,83.369
2016-12-31,25.679,7.031,15.938,21.304,136.55
2017-01-01,0.377,9.47,15.353,23.889,94.294
2017-01-02,0.129,9.322,16.174,24.293,80.431
2017-01-03,1.788,10.296,14.516,24.359,77.219
2017-01-04,33.71,8.061,15.696,22.342,78.494
2017-01-05,7.844,7.916,15.639,22.128,79.531
2017-01-06,0.411,9.088,15.519,23.459,105.956
2017-01-07,0.0,8.983,16.133,23.769,80.569
2017-01-08,19.714,7.04,15.693,21.071,171.494
2017-01-09,22.298,7.479,15.25,21.264,107.4
2017-01-10,30.348,7.442,15.87,21.641,109.994
2017-01-11,12.591,6.985,16.636,21.758,144.481
2017-01-12,0.744,8.695,15.829,23.139,142.931
2017-01-13,0.488,8.509,16.13,23.133,98.781
2017-01-14,3.352,6.06,16.277,20.37,123.356
2017-01-15,0.0,7.756,16.476,22.448,106.344
2017-01-16,0.0,8.731,16.549,23.633,139.969
2017-01-17,0.0,8.671,16.424,23.448,183.769
2017-01-18,2.136,6.187,16.19,20.364,275.954
2017-01-19,1.445,9.603,14.829,23.435,276.364
2017-01-20,9.524,8.525,15.37,22.465,258.326
2017-01-21,9.089,6.83,15.38,20.408,554.157
2017-01-22,0.0,10.518,13.361,23.497,410.144
2017-01-23,0.0,11.962,11.429,24.144,240.468
2017-01-24,0.0,10.886,12.492,23.375,188.019
2017-01-25,0.0,10.934,13.886,24.315,171.563
2017-01-26,0.0,8.933,15.5,22.943,154.369
2017-01-27,2.855,8.179,16.37,22.652,140.738
2017-01-28,0.0,8.721,16.405,23.318,118.088
2017-01-29,0.0,9.383,16.041,23.823,94.069
2017-01-30,12.854,8.033,15.769,22.003,89.362
2017-01-31,4.681,9.358,15.299,23.22,96.488
2017-02-01,2.093,9.554,15.06,23.264,92.331
2017-02-02,4.003,11.188,14.541,24.891,85.384
2017-02-03,1.473,10.396,14.823,24.087,90.491
2017-02-04,5.976,10.275,15.554,24.418,83.081
2017-02-05,1.033,11.323,16.133,26.065,80.3
2017-02-06,6.449,11.983,15.204,26.215,78.6
2017-02-07,0.0,10.091,15.842,24.332,77.006
2017-02-08,0.0,11.284,15.832,25.734,76.262
2017-02-09,17.09,10.501,15.22,24.342,77.75
2017-02-10,2.143,9.871,15.321,23.617,79.131
2017-02-11,1.316,9.677,15.815,23.72,75.094
2017-02-12,8.2,8.183,17.514,23.274,71.887
2017-02-13,0.0,10.236,15.579,24.158,89.463
2017-02-14,0.0,10.175,14.815,23.56,78.0
2017-02-15,0.0,12.685,13.443,25.685,71.8
2017-02-16,0.0,11.596,14.353,24.883,68.613
2017-02-17,1.422,9.916,15.038,23.318,67.444
2017-02-18,0.297,10.87,14.182,23.853,64.231
2017-02-19,0.0,12.413,14.147,25.69,60.188
2017-02-20,2.172,11.743,14.062,24.81,57.488
2017-02-21,0.0,10.128,15.391,23.769,56.2
2017-02-22,4.839,7.613,16.288,21.56,62.444
2017-02-23,0.503,10.995,14.264,23.967,61.131
2017-02-24,0.0,8.915,14.742,21.802,56.275
2017-02-25,2.473,10.069,14.707,23.111,55.6
2017-02-26,21.099,7.827,16.448,21.87,67.419
2017-02-27,3.625,8.353,15.19,21.497,70.244
2017-02-28,1.285,9.49,15.878,23.264,62.362
2017-03-01,3.002,8.445,15.261,21.69,78.762
2017-03-02,10.694,9.16,15.533,22.584,88.806
2017-03-03,0.0,9.437,15.802,23.098,74.694
2017-03-04,0.716,11.345,14.277,24.245,66.038
2017-03-05,16.646,8.885,16.818,23.272,59.678
2017-03-06,1.631,9.229,17.149,23.84,42.779
2017-03-07,12.91,8.372,15.75,21.842,76.446
2017-03-08,20.155,5.673,16.421,19.579,135.28
2017-03-09,0.421,10.265,15.647,23.856,79.008
2017-03-10,14.609,5.654,17.149,20.207,120.787
2017-03-11,4.747,9.571,15.739,23.128,125.282
2017-03-12,33.64,7.055,15.707,20.345,261.487
2017-03-13,0.0,9.214,15.266,22.334,140.588
2017-03-14,17.939,9.246,15.274,22.38,94.716
2017-03-15,5.533,5.035,16.421,18.938,142.955
2017-03-16,0.0,9.645,15.641,23.092,137.633
2017-03-17,0.0,9.772,16.253,23.663,124.033
2017-03-18,2.304,9.975,15.408,23.255,116.663
2017-03-19,20.26,7.615,15.777,20.943,163.628
2017-03-20,0.732,10.324,15.25,23.533,154.496
2017-03-21,11.967,9.088,15.677,22.457,135.418
2017-03-22,6.25,7.722,16.098,21.299,118.706
2017-03-23,4.42,7.895,15.986,21.443,153.532
2017-03-24,14.708,6.164,16.476,20.049,252.926
2017-03-25,1.974,9.437,16.293,23.299,136.184
2017-03-26,23.652,6.125,16.427,19.959,222.69
2017-03-27,4.891,10.823,15.712,24.421,212.272
2017-03-28,15.659,10.355,15.573,23.796,236.175
2017-03-29,30.813,8.374,15.834,21.802,208.057
2017-03-30,23.24,5.596,16.535,19.546,328.768
2017-03-31,13.217,7.752,17.033,22.068,341.034
2017-04-01,1.971,9.409,16.514,23.432,197.045
2017-04-02,4.525,10.367,16.177,24.269,183.839
2017-04-03,0.0,11.498,16.207,25.565,149.038
2017-04-04,0.0,11.496,15.209,24.878,117.839
2017-04-05,0.0,11.625,14.959,24.861,99.152
2017-04-06,0.0,11.135,15.457,24.655,85.837
2017-04-07,0.0,10.849,15.734,24.514,77.537
2017-04-08,3.758,10.038,15.633,23.524,89.588
2017-04-09,26.688,7.002,15.986,20.489,198.822
2017-04-10,2.8,10.134,15.207,23.326,119.9
2017-04-11,1.418,7.537,16.87,21.747,99.564
2017-04-12,2.353,8.397,16.011,21.976,159.957
2017-04-13,3.621,11.287,15.639,24.959,117.333
2017-04-14,33.102,5.799,17.027,20.207,147.089
2017-04-15,1.598,11.185,15.462,24.736,132.268
2017-04-16,32.367,9.644,16.318,23.663,92.384
2017-04-17,9.465,8.555,15.927,22.152,99.91
2017-04-18,7.956,8.02,16.47,22.033,124.213
2017-04-19,25.896,7.865,16.519,21.924,215.04
2017-04-20,5.052,6.313,16.068,19.921,331.48
2017-04-21,3.156,9.659,15.5,23.071,226.756
2017-04-22,0.0,11.854,14.696,25.13,138.602
2017-04-23,0.0,11.954,15.408,25.72,118.372
2017-04-24,28.763,10.23,15.25,23.601,148.971
2017-04-25,11.812,7.703,16.658,21.899,242.686
2017-04-26,16.382,7.548,16.424,21.535,286.774
2017-04-27,0.0,11.239,14.766,24.522,165.995
2017-04-28,0.874,10.26,16.209,24.408,131.825
2017-04-29,3.564,9.777,16.438,24.043,118.387
2017-04-30,15.817,6.283,16.217,20.13,151.335
2017-05-01,2.354,8.71,15.321,22.027,133.269
2017-05-02,14.322,8.394,16.147,22.272,207.231
2017-05-03,27.647,7.472,15.851,21.027,155.672
2017-05-04,8.451,9.414,14.774,22.438,134.294
2017-05-05,3.627,9.697,15.133,23.114,138.081
2017-05-06,33.573,6.567,15.796,20.068,441.403
2017-05-07,0.0,8.391,15.644,22.005,308.983
2017-05-08,26.274,7.728,16.217,21.682,320.921
2017-05-09,17.478,7.345,15.845,21.027,349.304
2017-05-10,4.466,7.811,16.182,21.783,465.946
2017-05-11,2.133,6.688,16.234,20.617,544.578
2017-05-12,3.098,7.369,16.139,21.25,520.8
2017-05-13,1.52,8.712,15.745,22.473,468.236
2017-05-14,34.276,8.682,15.897,22.584,468.368
2017-05-15,25.283,9.724,16.236,24.052,354.592
2017-05-16,43.495,9.677,16.122,23.935,703.133
2017-05-17,1.376,9.831,15.383,23.63,428.612
2017-05-18,0.405,9.644,16.63,24.318,337.874
2017-05-19,0.158,10.899,15.568,25.035,294.908
2017-05-20,10.468,8.326,16.603,22.793,279.856
2017-05-21,7.43,7.736,16.848,22.397,259.937
2017-05-22,11.087,6.394,16.709,20.804,284.323
2017-05-23,0.0,9.482,15.924,23.66,236.419
2017-05-24,0.0,10.428,16.908,25.5,182.407
2017-05-25,0.0,9.613,17.59,25.062,168.0
2017-05-26,0.632,10.521,15.867,24.908,159.085
2017-05-27,2.26,9.441,15.861,23.639,157.88
2017-05-28,0.784,10.518,15.715,24.823,205.377
2017-05-29,0.043,8.951,16.103,23.245,127.474
2017-05-30,4.066,10.327,16.174,24.918,122.537
2017-05-31,9.65,9.129,16.337,23.652,121.104
2017-06-01,0.851,8.951,17.272,24.133,119.83
2017-06-02,3.005,9.715,16.584,24.541,118.039
2017-06-03,3.398,9.824,16.557,24.655,91.833
2017-06-04,14.956,8.136,16.533,22.641,88.764
2017-06-05,1.88,9.167,17.511,24.606,85.516
2017-06-06,0.0,9.862,15.788,24.185,81.428
2017-06-07,7.064,6.117,16.755,20.636,100.255
2017-06-08,14.01,7.215,15.666,20.965,137.236
2017-06-09,7.635,8.175,15.582,22.016,113.795
2017-06-10,8.304,9.495,16.288,24.133,89.995
2017-06-11,20.143,7.703,15.959,21.764,144.717
2017-06-12,11.509,7.268,15.986,21.315,267.496
2017-06-13,14.437,8.283,15.641,22.188,170.94
2017-06-14,3.453,8.474,15.168,22.068,145.001
2017-06-15,0.34,8.386,15.0,21.883,122.378
2017-06-16,0.0,9.865,15.247,23.864,110.555
2017-06-17,4.84,6.669,15.997,20.693,124.495
2017-06-18,0.0,8.83,14.981,22.446,122.202
2017-06-19,14.275,9.643,14.842,23.296,157.111
2017-06-20,8.029,8.765,15.66,22.802,123.864
2017-06-21,21.668,8.644,15.253,22.399,163.109
2017-06-22,0.0,8.278,15.886,22.44,102.211
2017-06-23,0.163,9.325,15.717,23.549,135.792
2017-06-24,1.173,9.302,15.522,23.367,122.316
2017-06-25,3.717,9.133,15.489,23.141,98.033
2017-06-26,0.348,7.892,15.473,21.698,85.92
2017-06-27,0.264,8.282,15.296,21.976,94.466
2017-06-28,5.622,9.301,15.065,23.054,105.78
2017-06-29,0.0,9.819,15.109,23.723,85.691
2017-06-30,13.572,9.024,15.886,23.299,99.025
2017-07-01,0.0,10.272,16.804,25.451,77.782
2017-07-02,0.105,9.272,17.815,25.016,70.553
2017-07-03,0.0,9.45,15.872,23.793,64.947
2017-07-04,0.0,8.884,16.897,23.867,63.205
2017-07-05,0.301,10.082,15.75,24.476,62.135
2017-07-06,0.0,9.047,16.122,23.473,59.781
2017-07-07,0.0,9.808,16.435,24.601,59.674
2017-07-08,0.036,8.355,17.228,23.476,58.711
2017-07-09,7.061,9.465,16.13,23.951,56.357
2017-07-10,0.34,8.491,17.329,23.715,56.25
2017-07-11,21.209,8.662,16.592,23.342,55.394
2017-07-12,0.0,9.907,16.125,24.451,54.538
2017-07-13,0.0,10.027,15.535,24.171,57.962
2017-07-14,0.0,9.29,15.91,23.557,61.546
2017-07-15,0.0,8.711,15.163,22.31,63.534
2017-07-16,1.073,10.308,14.682,23.864,64.504
2017-07-17,4.592,9.559,14.954,23.158,66.414
2017-07-18,0.833,10.041,16.264,24.658,65.299
2017-07-19,9.592,10.173,16.092,24.685,65.45
2017-07-20,0.0,9.178,15.473,23.046,58.069
2017-07-21,0.0,10.581,14.829,24.272,55.394
2017-07-22,0.485,9.436,16.812,24.293,52.933
2017-07-23,0.0,10.135,15.967,24.492,52.826
2017-07-24,0.014,10.101,17.59,25.603,51.97
2017-07-25,0.0,10.715,17.035,25.902,51.114
2017-07-26,0.0,10.356,16.663,25.226,48.947
2017-07-27,0.0,10.352,16.247,24.908,48.327
2017-07-28,0.0,9.688,17.731,25.193,45.395
2017-07-29,1.525,9.442,16.908,24.28,43.196
2017-07-30,0.67,8.14,16.312,22.34,41.57
2017-07-31,0.0,9.311,16.179,23.59,40.709
2017-08-01,0.0,10.081,14.793,23.503,40.04
2017-08-02,0.0,10.843,15.389,24.812,39.952
2017-08-03,0.124,11.809,15.011,25.682,38.718
2017-08-04,5.259,8.131,15.484,21.622,40.004
2017-08-05,0.0,10.356,15.111,23.981,40.136
2017-08-06,0.146,10.262,16.389,24.772,39.335
2017-08-07,2.378,9.17,16.568,23.636,38.542
2017-08-08,0.602,9.402,16.78,24.06,37.308
2017-08-09,1.91,7.341,17.19,22.087,36.515
2017-08-10,0.0,10.038,15.443,23.783,36.17
2017-08-11,8.882,8.891,16.19,23.003,41.784
2017-08-12,9.8,9.477,15.562,23.217,39.526
2017-08-13,0.143,10.693,16.293,25.103,38.542
2017-08-14,0.0,12.066,15.014,25.834,37.308
2017-08-15,0.0,10.412,15.293,24.041,37.132
2017-08-16,7.926,8.004,16.367,22.095,38.778
2017-08-17,0.0,11.499,15.101,25.166,47.098
2017-08-18,26.321,9.492,15.628,23.177,99.922
2017-08-19,24.965,7.437,14.609,20.043,124.803
2017-08-20,29.554,9.433,16.054,23.38,95.061
2017-08-21,9.627,10.463,16.122,24.622,62.143
2017-08-22,0.501,10.208,16.09,24.277,51.977
2017-08-23,0.736,9.737,14.72,22.747,41.673
2017-08-24,0.0,8.9,15.03,22.003,38.013
2017-08-25,0.0,9.83,16.484,24.106,37.22
2017-08-26,0.123,9.112,15.918,22.891,37.257
2017-08-27,12.179,10.982,15.128,24.451,46.182
2017-08-28,5.046,8.637,15.897,22.334,46.734
2017-08-29,1.298,8.669,15.182,21.812,46.431
2017-08-30,3.109,9.116,16.019,22.959,51.881
2017-08-31,0.0,10.335,16.215,24.421,40.88
2017-09-01,0.0,12.613,14.568,25.951,35.986
2017-09-02,2.459,9.69,15.562,23.209,35.81
2017-09-03,0.03,10.936,15.753,24.772,35.722
2017-09-04,0.0,11.179,15.158,24.647,34.488
2017-09-05,1.715,11.468,14.09,24.242,34.312
2017-09-06,0.574,10.582,15.215,23.973,33.71
2017-09-07,1.672,9.367,16.348,23.418,40.938
2017-09-08,7.893,6.328,16.152,20.06,46.441
2017-09-09,6.715,6.874,16.348,20.747,73.64
2017-09-10,9.25,9.014,16.372,23.043,52.409
2017-09-11,4.63,10.579,16.052,24.546,46.363
2017-09-12,0.579,10.455,15.38,23.927,45.969
2017-09-13,8.281,8.868,16.674,23.111,40.88
2017-09-14,0.447,10.367,16.087,24.334,36.729
2017-09-15,10.827,10.0,15.329,23.348,42.946
2017-09-16,3.986,9.641,16.367,23.72,36.603
2017-09-17,0.13,8.531,16.671,22.753,34.488
2017-09-18,2.72,10.508,15.742,24.25,34.312
2017-09-19,8.337,11.457,15.731,25.312,33.078
2017-09-20,5.003,8.852,16.321,22.842,36.92
2017-09-21,0.957,10.343,15.777,24.128,35.056
2017-09-22,0.0,11.34,15.223,24.886,35.81
2017-09-23,15.043,9.461,16.323,23.519,36.17
2017-09-24,4.75,9.421,16.043,23.264,39.476
2017-09-25,1.988,8.945,16.872,23.383,36.603
2017-09-26,7.251,10.043,15.19,23.359,35.898
2017-09-27,5.5,12.277,14.09,25.245,33.783
2017-09-28,14.773,9.407,16.071,23.302,33.526
2017-09-29,7.601,9.157,15.728,22.772,41.939
2017-09-30,26.305,6.056,17.101,20.541,71.708
2017-10-01,2.718,8.66,15.266,21.88,60.453
2017-10-02,15.064,8.909,15.622,22.427,53.789
2017-10-03,29.72,7.748,15.25,20.856,77.56
2017-10-04,20.715,6.915,15.622,20.247,112.858
2017-10-05,3.077,6.891,15.796,20.438,167.686
2017-10-06,7.03,8.324,15.109,21.413,84.179
2017-10-07,11.063,8.668,14.201,21.122,56.999
2017-10-08,0.18,10.787,13.361,23.095,51.877
2017-10-09,19.604,7.702,14.489,20.264,70.369
2017-10-10,2.64,10.808,13.188,22.995,61.707
2017-10-11,8.681,7.024,16.484,21.079,51.954
2017-10-12,0.595,10.623,14.707,23.875,64.271
2017-10-13,0.723,9.025,14.535,21.856,49.268
2017-10-14,0.0,8.346,16.25,22.397,50.697
2017-10-15,0.298,8.591,17.019,23.255,46.358
2017-10-16,0.0,9.397,16.832,24.041,43.1
2017-10-17,0.0,10.067,16.465,24.552,41.482
2017-10-18,1.552,9.589,15.826,23.538,38.013
2017-10-19,5.793,9.766,15.812,23.758,37.132
2017-10-20,2.481,10.142,15.726,24.144,35.898
2017-10-21,13.857,9.044,16.59,23.541,36.873
2017-10-22,35.829,7.046,16.995,21.701,81.566
2017-10-23,0.0,7.498,16.992,22.155,73.336
2017-10-24,27.811,6.126,14.997,19.062,98.232
2017-10-25,1.498,8.654,15.209,22.103,69.418
2017-10-26,9.809,5.544,16.019,19.378,67.91
2017-10-27,0.0,11.197,13.78,24.261,56.311
2017-10-28,2.528,5.388,14.908,18.288,84.036
2017-10-29,28.308,5.742,15.446,19.038,96.435
2017-10-30,12.519,7.559,14.321,20.236,81.646
2017-10-31,6.756,9.935,14.63,23.348,71.892
2017-11-01,5.956,10.734,14.429,24.217,108.158
2017-11-02,8.114,9.926,14.122,23.038,89.096
2017-11-03,5.88,8.087,15.41,21.804,208.275
2017-11-04,44.08,6.734,15.557,20.307,262.006
2017-11-05,0.133,9.158,15.022,22.796,131.031
2017-11-06,0.0,11.05,14.543,24.783,95.725
2017-11-07,13.528,9.041,16.073,23.429,89.145
2017-11-08,16.23,9.1,14.769,22.562,148.0
2017-11-09,5.04,7.338,15.859,21.351,97.227
2017-11-10,2.387,8.254,16.489,22.872,187.178
2017-11-11,3.363,8.696,16.109,23.12,215.934
2017-11-12,4.107,9.301,15.16,23.198,149.896
2017-11-13,27.626,8.8,15.185,22.611,114.415
2017-11-14,25.927,7.363,14.764,20.601,138.201
2017-11-15,22.836,6.889,14.995,20.185,334.188
2017-11-16,34.532,8.527,14.995,22.171,414.774
2017-11-17,5.599,8.144,15.63,22.182,361.233
2017-11-18,2.69,7.662,15.81,21.764,466.25
2017-11-19,1.061,7.565,15.815,21.655,417.325
2017-11-20,16.795,7.225,15.443,21.014,652.298
2017-11-21,0.0,8.394,15.171,22.247,428.1
2017-11-22,0.454,9.328,14.995,23.353,305.087
2017-11-23,2.549,9.322,15.514,23.685,223.284
2017-11-24,27.041,7.225,15.168,20.905,257.723
2017-11-25,2.102,9.917,14.399,23.688,188.395
2017-11-26,0.0,9.249,15.582,23.668,166.78
2017-11-27,19.853,7.571,15.014,21.193,177.591
2017-11-28,9.391,8.636,15.345,22.753,194.104
2017-11-29,7.825,9.169,15.94,23.859,148.267
2017-11-30,3.448,8.485,15.707,22.899,167.594
2017-12-01,24.038,8.085,16.644,23.062,242.116
2017-12-02,12.12,7.847,15.734,22.098,295.121
2017-12-03,4.644,8.257,16.299,23.046,289.929
2017-12-04,0.0,6.897,16.609,21.688,229.355
2017-12-05,0.0,8.868,16.636,24.068,174.267
2017-12-06,0.0,8.999,16.087,23.837,144.39
2017-12-07,0.0,7.905,15.008,21.69,131.386
2017-12-08,16.362,8.084,15.639,22.383,129.938
2017-12-09,19.356,8.677,14.617,22.378,141.827
2017-12-10,3.894,7.24,15.84,21.497,204.562
2017-12-11,0.247,6.61,16.864,21.587,248.311
2017-12-12,0.0,7.598,15.728,21.848,320.05
2017-12-13,0.0,9.782,15.152,24.193,251.65
2017-12-14,0.0,10.519,15.198,25.201,207.735
2017-12-15,0.0,10.003,14.283,23.905,183.095
2017-12-16,0.0,9.49,15.421,24.033,151.738
2017-12-17,0.0,10.909,15.473,25.894,133.378
2017-12-18,0.0,11.078,14.894,25.723,122.727
2017-12-19,0.0,10.886,14.647,25.304,113.779
2017-12-20,0.0,10.307,14.495,24.465,108.54
2017-12-21,2.5,9.654,14.427,23.541,105.687
2017-12-22,0.0,9.534,15.158,23.897,101.265
2017-12-23,0.839,10.032,15.136,24.527,96.862
2017-12-24,15.04,7.795,15.807,22.174,91.605
2017-12-25,0.0,8.008,15.633,22.334,101.301
2017-12-26,0.0,7.566,15.976,22.003,126.533
2017-12-27,4.235,7.481,15.389,21.478,144.451
2017-12-28,0.0,6.846,15.288,20.614,184.682
2017-12-29,1.063,5.683,15.429,19.38,194.224
2017-12-30,2.877,8.281,15.185,22.274,174.382
2017-12-31,44.472,6.278,15.073,19.761,205.018
2018-01-01,5.683,5.507,15.788,19.462,217.912
2018-01-02,23.607,7.915,15.296,21.899,266.492
2018-01-03,0.27,9.573,15.274,23.957,175.612
2018-01-04,11.032,10.24,13.5,23.571,184.128
2018-01-05,3.342,8.026,15.389,22.079,153.237
2018-01-06,0.51,8.286,15.383,22.364,133.825
2018-01-07,0.223,9.959,13.666,23.285,173.299
2018-01-08,0.504,10.197,14.429,24.128,161.882
2018-01-09,27.77,6.956,15.239,20.655,194.431
2018-01-10,5.314,9.631,14.209,23.166,199.807
2018-01-11,3.879,9.502,14.133,22.973,149.603
2018-01-12,28.697,7.864,14.889,21.405,153.386
2018-01-13,26.475,7.868,14.943,21.448,184.173
2018-01-14,0.908,7.502,15.84,21.66,148.078
2018-01-15,0.955,8.411,14.851,22.019,180.044
2018-01-16,1.564,7.884,14.791,21.334,185.291
2018-01-17,1.868,6.407,15.0,19.677,203.395
2018-01-18,2.388,8.551,15.701,22.777,206.473
2018-01-19,3.868,9.297,15.386,23.446,145.595
2018-01-20,2.534,8.859,15.361,22.867,140.631
2018-01-21,0.0,8.882,15.88,23.255,125.26
2018-01-22,4.468,7.114,16.639,21.723,117.123
2018-01-23,9.512,7.944,15.723,21.981,101.459
2018-01-24,0.56,9.707,14.522,23.234,86.937
2018-01-25,2.378,9.579,14.568,23.092,81.428
2018-01-26,0.832,8.412,15.318,22.163,85.954
2018-01-27,0.0,10.319,14.397,23.848,91.179
2018-01-28,0.261,9.552,15.092,23.353,88.764
2018-01-29,0.156,11.099,15.345,25.446,84.644
2018-01-30,6.475,8.82,15.682,22.872,86.227
2018-01-31,2.492,11.061,14.644,24.848,82.811
2018-02-01,0.0,9.929,15.802,24.245,81.183
2018-02-02,17.353,8.223,17.082,23.171,77.557
2018-02-03,1.806,7.554,16.731,22.101,105.007
2018-02-04,0.0,9.091,17.188,24.209,86.966
2018-02-05,0.0,8.971,17.073,23.962,85.243
2018-02-06,21.072,9.356,16.918,24.274,96.353
2018-02-07,0.0,8.867,16.527,23.429,78.756
2018-02-08,0.135,9.201,16.478,23.731,74.707
2018-02-09,0.0,8.425,16.245,22.723,74.829
2018-02-10,0.0,9.818,15.486,23.69,77.151
2018-02-11,0.0,7.925,16.864,22.543,75.074
2018-02-12,0.0,9.629,15.549,23.448,75.929
2018-02-13,0.0,11.118,14.736,24.671,70.919
2018-02-14,0.719,8.976,16.397,23.323,73.931
2018-02-15,1.177,9.129,15.954,23.106,89.184
2018-02-16,1.462,9.608,15.943,23.647,90.898
2018-02-17,26.965,8.867,16.856,23.53,85.549
2018-02-18,19.377,9.196,16.022,23.179,136.902
2018-02-19,45.379,7.924,16.193,21.856,264.971
2018-02-20,0.0,7.526,16.688,21.821,153.185
2018-02-21,0.0,8.14,15.938,21.899,136.863
2018-02-22,10.543,6.617,16.147,20.386,199.285
2018-02-23,0.691,7.791,15.97,21.484,220.221
2018-02-24,0.23,7.599,15.117,20.614,234.237
2018-02-25,0.0,9.089,15.03,22.196,261.073
2018-02-26,0.347,10.181,14.899,23.356,209.783
2018-02-27,0.032,11.429,13.682,24.003,172.95
2018-02-28,0.206,10.845,15.296,24.383,134.547
2018-03-01,0.0,11.727,14.908,25.16,115.69
2018-03-02,0.0,8.019,15.272,21.114,107.899
2018-03-03,0.0,10.602,14.742,23.671,98.14
2018-03-04,1.008,6.611,16.522,20.63,92.031
2018-03-05,7.849,9.585,15.492,23.052,90.042
2018-03-06,0.239,9.283,15.641,22.793,99.419
2018-03-07,0.145,9.665,16.802,24.033,86.971
2018-03-08,0.0,9.193,16.753,23.495,77.518
2018-03-09,0.738,9.563,17.296,24.288,74.707
2018-03-10,0.0,12.144,15.891,26.168,69.591
2018-03-11,0.0,12.38,16.13,26.601,63.098
2018-03-12,0.0,10.889,15.592,24.522,61.493
2018-03-13,0.0,10.677,15.008,23.84,60.53
2018-03-14,0.0,11.973,15.174,25.47,59.674
2018-03-15,0.832,9.533,15.519,22.897,58.818
2018-03-16,0.064,10.454,15.293,23.78,57.962
2018-03-17,4.792,11.214,14.867,24.337,57.962
2018-03-18,0.0,11.05,14.394,23.812,57.962
2018-03-19,3.986,9.526,15.774,23.084,70.061
2018-03-20,6.226,8.183,15.967,21.726,76.922
2018-03-21,1.865,10.385,15.701,23.954,64.458
2018-03-22,33.769,9.005,15.785,22.443,61.936
2018-03-23,7.3,10.899,15.571,24.438,81.92
2018-03-24,35.248,7.438,16.201,21.101,222.407
2018-03-25,0.0,11.5,16.424,25.693,112.537
2018-03-26,4.461,9.305,17.557,24.111,80.08
2018-03-27,2.419,10.676,15.886,24.38,86.985
2018-03-28,14.689,9.965,16.043,23.679,82.656
2018-03-29,16.446,6.965,16.582,20.891,70.919
2018-03-30,5.794,7.172,17.44,21.84,84.955
2018-03-31,14.66,7.939,16.09,21.516,149.951
2018-04-01,35.79,8.94,15.957,22.505,359.849
2018-04-02,4.608,6.984,16.448,20.832,268.953
2018-04-03,4.248,7.404,15.859,20.799,168.359
2018-04-04,17.362,6.852,15.872,20.228,213.181
2018-04-05,7.974,6.995,15.832,20.361,234.562
2018-04-06,8.928,7.931,15.073,20.723,361.294
2018-04-07,1.215,10.552,14.22,23.125,259.964
2018-04-08,1.781,12.198,15.188,25.668,166.168
2018-04-09,0.521,10.757,14.948,23.861,154.713
2018-04-10,32.024,6.975,15.533,20.111,213.399
2018-04-11,4.41,7.76,16.03,21.345,250.783
2018-04-12,7.766,6.808,16.057,20.383,373.725
2018-04-13,2.213,9.152,15.356,22.37,282.349
2018-04-14,31.724,8.433,15.562,21.696,438.823
2018-04-15,0.175,10.558,14.318,23.255,306.442
2018-04-16,8.57,9.721,15.163,22.899,269.419
2018-04-17,3.434,9.598,13.543,21.565,251.028
2018-04-18,8.509,9.548,15.905,23.231,190.319
2018-04-19,1.247,9.649,16.59,23.856,165.401
2018-04-20,27.418,7.126,16.788,21.326,151.926
2018-04-21,1.34,10.176,15.068,23.394,138.669
2018-04-22,11.541,8.155,15.478,21.399,132.918
2018-04-23,3.863,10.477,15.791,24.253,129.704
2018-04-24,12.781,9.987,15.285,23.37,119.83
2018-04-25,7.533,9.609,14.78,22.587,112.345
2018-04-26,8.919,9.278,15.905,23.016,123.877
2018-04-27,7.969,8.124,16.068,21.902,123.628
2018-04-28,1.164,8.702,16.147,22.595,107.568
2018-04-29,19.809,6.027,15.894,19.527,108.205
2018-04-30,0.0,9.448,15.171,22.761,110.292
2018-05-01,0.156,8.802,15.416,22.228,105.437
2018-05-02,0.344,9.424,16.022,23.356,102.26
2018-05-03,5.174,10.187,15.37,23.769,99.357
2018-05-04,6.606,8.801,15.476,22.247,119.021
2018-05-05,11.275,6.871,16.636,21.098,152.483
2018-05-06,12.686,8.787,15.28,22.155,129.013
2018-05-07,21.615,6.916,16.269,20.861,146.192
2018-05-08,5.953,7.094,15.927,20.728,206.353
2018-05-09,0.125,9.422,15.668,23.215,188.383
2018-05-10,25.766,8.857,15.334,22.321,227.224
2018-05-11,4.323,7.733,16.25,21.829,171.049
2018-05-12,14.676,8.938,15.424,22.503,154.729
2018-05-13,17.924,7.687,15.027,20.774,284.48
2018-05-14,6.974,8.513,15.062,21.758,225.619
2018-05-15,4.169,9.513,15.296,23.114,195.381
2018-05-16,1.439,9.533,14.603,22.668,165.808
2018-05-17,1.396,9.842,15.402,23.639,146.423
2018-05-18,7.302,8.218,15.978,22.179,142.051
2018-05-19,4.688,8.701,15.851,22.655,190.458
2018-05-20,4.803,8.441,15.793,22.299,172.53
2018-05-21,3.734,6.573,16.0,20.413,281.274
2018-05-22,0.0,10.511,14.171,23.655,175.307
2018-05-23,22.241,7.736,16.076,21.742,155.223
2018-05-24,2.441,9.243,15.804,23.321,137.146
2018-05-25,0.0,10.07,16.101,24.524,125.722
2018-05-26,6.367,6.564,16.505,20.878,212.528
2018-05-27,0.492,9.396,15.712,23.465,151.593
2018-05-28,31.735,7.278,15.967,21.19,318.472
2018-05-29,0.21,9.563,15.451,23.5,181.983
2018-05-30,14.687,10.345,15.12,24.188,267.982
2018-05-31,2.828,10.253,15.198,24.155,162.163
2018-06-01,14.709,6.478,15.94,20.291,148.31
2018-06-02,4.372,10.027,15.014,23.774,164.167
2018-06-03,7.258,10.338,15.842,24.761,145.465
2018-06-04,3.72,7.681,16.394,22.027,132.402
2018-06-05,0.338,9.45,15.823,23.704,119.193
2018-06-06,3.892,8.099,15.872,22.144,115.067
2018-06-07,1.43,9.968,15.668,24.215,120.305
2018-06-08,0.0,9.654,16.764,24.641,100.572
2018-06-09,2.75,7.841,17.481,23.087,94.731
2018-06-10,14.437,7.968,16.633,22.592,110.791
2018-06-11,4.95,8.274,16.56,22.927,107.508
2018-06-12,12.568,9.2,15.929,23.519,105.006
2018-06-13,0.89,8.944,15.334,22.793,94.162
2018-06-14,2.836,9.032,16.226,23.535,93.634
2018-06-15,0.0,9.08,15.562,23.139,79.899
2018-06-16,0.0,9.79,16.56,24.704,74.829
2018-06-17,0.483,9.48,15.416,23.503,74.829
2018-06-18,6.243,9.081,16.304,23.704,76.296
2018-06-19,0.0,9.262,15.861,23.576,73.608
2018-06-20,0.0,9.26,15.334,23.201,71.53
2018-06-21,0.03,8.464,15.448,22.312,68.842
2018-06-22,0.093,9.624,14.802,23.277,68.72
2018-06-23,4.207,8.433,15.682,22.446,68.72
2018-06-24,2.818,8.688,15.293,22.486,70.079
2018-06-25,3.34,8.843,15.465,22.799,62.838
2018-06-26,0.0,8.347,14.938,21.788,61.279
2018-06-27,0.0,8.146,15.707,22.163,60.469
2018-06-28,17.919,7.398,15.606,21.196,76.341
2018-06-29,0.96,7.842,15.66,21.747,77.029
2018-06-30,1.646,8.265,14.552,21.416,77.029
2018-07-01,4.403,9.676,14.785,23.315,75.486
2018-07-02,5.675,9.462,15.111,23.304,60.346
2018-07-03,4.653,9.514,15.022,23.245,60.209
2018-07-04,0.194,10.608,15.226,24.742,56.464
2018-07-05,1.914,9.392,16.397,24.103,56.25
2018-07-06,0.701,9.137,15.815,23.345,56.464
2018-07-07,1.68,8.56,16.198,22.935,55.822
2018-07-08,0.034,10.152,16.223,24.861,48.76
2018-07-09,0.804,8.621,17.062,23.639,47.808
2018-07-10,0.998,8.917,16.201,23.361,46.256
2018-07-11,6.792,10.289,15.688,24.633,49.076
2018-07-12,0.75,10.766,16.163,25.505,46.577
2018-07-13,0.768,8.781,16.81,23.62,46.064
2018-07-14,0.0,9.596,16.655,24.448,44.726
2018-07-15,2.253,8.6,17.188,23.677,43.769
2018-07-16,0.265,9.408,16.258,23.921,42.335
2018-07-17,0.0,9.159,16.562,23.848,42.431
2018-07-18,0.979,8.389,16.682,23.041,42.909
2018-07-19,0.231,8.353,17.052,23.253,41.57
2018-07-20,4.651,7.969,17.253,22.986,39.438
2018-07-21,0.0,8.995,16.902,23.864,37.867
2018-07-22,4.973,7.09,17.315,22.082,44.645
2018-07-23,0.0,8.939,16.649,23.606,41.666
2018-07-24,4.124,6.499,16.717,20.899,40.136
2018-07-25,0.556,10.289,15.37,24.234,40.04
2018-07-26,3.948,9.778,17.215,24.943,39.952
2018-07-27,3.279,8.772,16.715,23.402,40.586
2018-07-28,1.596,9.208,16.011,23.391,37.676
2018-07-29,0.0,8.608,16.533,23.068,39.429
2018-07-30,4.098,6.859,16.41,21.033,50.227
2018-07-31,15.139,7.519,15.432,20.959,70.688
2018-08-01,0.363,9.708,14.397,22.742,60.085
2018-08-02,2.011,9.77,15.484,23.573,41.458
2018-08-03,6.932,9.534,14.951,22.913,39.819
2018-08-04,13.335,9.142,15.579,22.929,86.866
2018-08-05,22.857,8.709,14.818,21.799,83.695
2018-08-06,0.232,10.551,15.068,24.168,59.597
2018-08-07,0.223,10.12,15.171,23.726,41.351
2018-08-08,3.563,11.518,15.454,25.549,36.074
2018-08-09,0.0,9.371,16.938,24.071,35.722
2018-08-10,0.0,11.329,15.742,25.492,31.199
2018-08-11,0.0,12.563,13.351,25.367,27.822
2018-08-12,0.0,9.415,15.905,23.34,27.822
2018-08-13,1.153,9.113,16.247,23.247,28.064
2018-08-14,10.078,6.612,15.891,20.19,43.659
2018-08-15,1.933,10.158,15.541,23.897,40.825
2018-08-16,0.088,12.37,13.946,25.448,31.155
2018-08-17,0.273,9.88,15.397,23.443,26.692
2018-08-18,1.927,9.325,16.024,23.247,26.691
2018-08-19,1.024,8.555,16.53,22.758,28.153
2018-08-20,0.358,10.544,15.394,24.19,25.512
2018-08-21,0.123,9.865,16.003,23.818,25.358
2018-08-22,0.177,10.16,16.152,24.261,25.358
2018-08-23,0.384,10.371,14.946,23.655,25.285
2018-08-24,7.0,10.569,15.764,24.435,24.259
2018-08-25,0.257,9.468,15.611,23.041,23.6
2018-08-26,0.406,9.989,16.198,24.071,22.355
2018-08-27,1.673,10.295,15.91,24.209,20.743
2018-08-28,0.0,9.831,15.826,23.582,21.769
2018-08-29,1.614,8.863,16.397,22.929,21.776
2018-08-30,0.815,9.842,15.617,23.443,25.997
2018-08-31,3.936,10.745,14.736,23.845,23.307
2018-09-01,0.12,11.058,15.22,24.541,23.893
2018-09-02,0.856,11.467,15.519,25.223,20.963
2018-09-03,13.656,10.316,15.149,23.641,22.574
2018-09-04,11.695,8.766,16.207,22.614,25.505
2018-09-05,0.474,10.695,15.041,23.97,23.307
2018-09-06,1.082,10.934,14.489,23.872,27.274
2018-09-07,4.154,9.299,15.473,22.69,25.726
2018-09-08,0.713,10.413,16.579,24.742,25.878
2018-09-09,2.523,8.901,16.707,23.149,23.161
2018-09-10,0.0,10.432,15.967,24.312,20.736
2018-09-11,3.889,9.109,16.601,23.274,18.628
2018-09-12,0.0,10.085,15.185,23.394,24.587
2018-09-13,16.799,8.071,15.177,21.103,47.341
2018-09-14,16.078,7.736,16.033,21.351,80.296
2018-09-15,22.984,7.271,15.614,20.584,277.481
2018-09-16,7.725,7.385,15.421,20.497,216.134
2018-09-17,0.0,12.538,13.587,25.16,87.477
2018-09-18,5.121,11.599,15.693,25.457,53.712
2018-09-19,17.1,10.979,15.22,24.424,55.833
2018-09-20,0.0,11.679,16.247,25.954,44.079
2018-09-21,0.0,11.66,15.851,25.671,37.521
2018-09-22,0.143,10.662,15.636,24.353,35.634
2018-09-23,1.034,10.379,16.207,24.443,33.166
2018-09-24,1.214,10.984,16.543,25.394,32.183
2018-09-25,1.457,9.126,15.438,22.462,29.276
2018-09-26,0.88,9.222,15.712,22.796,29.049
2018-09-27,14.141,9.196,15.918,22.921,50.131
2018-09-28,0.615,11.657,14.41,24.717,57.52
2018-09-29,11.13,11.951,14.5,25.12,35.679
2018-09-30,12.886,9.472,15.889,23.228,31.052
2018-10-01,16.359,10.338,14.851,23.481,27.17
2018-10-02,21.776,9.448,16.304,23.535,23.161
2018-10-03,7.856,9.185,16.266,23.22,24.556
2018-10-04,8.027,10.364,15.133,23.723,57.518
2018-10-05,2.935,8.67,15.503,22.073,82.771
2018-10-06,26.197,6.922,15.734,20.315,112.759
2018-10-07,1.339,8.44,15.658,21.973,82.966
2018-10-08,34.389,8.89,15.31,22.201,100.651
2018-10-09,2.436,8.253,15.054,21.329,86.681
2018-10-10,0.762,8.379,15.959,22.144,150.307
2018-10-11,21.286,8.957,14.989,22.057,230.536
2018-10-12,0.0,8.569,15.22,21.818,142.348
2018-10-13,0.0,9.698,15.546,23.399,91.54
2018-10-14,0.0,10.969,14.524,24.185,77.762
2018-10-15,3.865,10.408,14.78,23.717,74.585
2018-10-16,7.13,8.423,16.633,22.81,71.301
2018-10-17,13.719,9.068,15.829,22.948,76.851
2018-10-18,0.149,8.667,14.978,21.867,64.459
2018-10-19,5.416,9.537,15.938,23.587,74.875
2018-10-20,12.235,9.486,16.12,23.698,107.199
2018-10-21,1.921,6.935,15.361,20.188,281.237
2018-10-22,0.0,10.312,14.91,23.812,111.723
2018-10-23,5.515,9.915,16.348,24.361,107.295
2018-10-24,4.402,8.975,17.043,23.815,189.622
2018-10-25,9.198,8.316,16.867,22.959,235.831
2018-10-26,7.987,8.031,16.734,22.601,285.773
2018-10-27,12.277,8.901,15.424,22.598,214.325
2018-10-28,0.218,8.94,16.073,23.144,160.542
2018-10-29,8.317,6.686,16.582,21.035,169.435
2018-10-30,4.087,8.391,14.103,21.062,134.967
2018-10-31,2.394,9.835,15.198,23.655,110.184
2018-11-01,16.414,7.79,16.554,22.253,94.353
2018-11-02,29.99,8.091,15.226,21.622,152.266
2018-11-03,19.23,7.228,15.255,20.633,212.378
2018-11-04,17.281,7.167,15.571,20.851,139.713
2018-11-05,5.626,7.364,15.696,21.133,278.521
2018-11-06,0.554,8.252,15.75,22.22,258.859
2018-11-07,0.0,9.141,16.03,23.514,185.495
2018-11-08,0.616,9.773,15.307,23.804,162.092
2018-11-09,28.079,8.312,15.255,22.005,277.602
2018-11-10,8.904,7.183,16.003,21.261,206.833
2018-11-11,13.64,7.033,16.215,21.28,160.967
2018-11-12,18.167,7.997,16.845,22.883,176.924
2018-11-13,5.919,7.226,16.008,21.364,140.236
2018-11-14,9.002,7.685,15.568,21.579,184.467
2018-11-15,1.381,10.151,14.701,24.0,134.592
2018-11-16,0.959,9.008,15.785,23.38,131.575
2018-11-17,15.176,8.328,16.054,22.758,135.972
2018-11-18,26.366,8.564,15.584,22.701,187.398
2018-11-19,23.706,7.655,16.027,21.973,268.547
2018-11-20,1.412,9.31,15.024,23.264,171.888
2018-11-21,19.501,6.966,16.038,21.174,307.384
2018-11-22,0.921,9.938,14.527,23.715,206.078
2018-11-23,6.911,9.454,16.807,24.761,162.032
2018-11-24,9.307,9.603,16.497,24.72,162.961
2018-11-25,6.106,9.008,16.139,23.755,175.125
2018-11-26,24.509,6.083,16.59,20.666,247.999
2018-11-27,19.855,7.048,15.307,20.793,363.704
2018-11-28,8.97,7.223,15.731,21.31,263.753
2018-11-29,0.659,8.985,15.005,22.973,185.156
2018-11-30,23.312,6.828,15.391,20.636,345.75
2018-12-01,3.816,8.841,14.948,22.745,526.815
2018-12-02,4.131,8.55,15.288,22.685,344.981
2018-12-03,0.0,8.644,16.076,23.378,341.314
2018-12-04,0.443,9.094,15.418,23.457,382.244
2018-12-05,3.478,8.43,16.16,23.155,429.333
2018-12-06,4.326,8.506,15.351,22.655,586.67
2018-12-07,0.207,7.907,15.043,21.712,450.482
2018-12-08,0.0,9.835,15.062,24.185,335.854
2018-12-09,9.302,9.719,14.902,23.932,270.971
2018-12-10,0.0,9.166,15.546,23.688,230.811
2018-12-11,0.949,8.901,15.315,23.177,202.779
2018-12-12,0.051,8.482,16.84,23.788,173.7
2018-12-13,8.747,7.773,16.519,22.696,172.008
2018-12-14,14.793,7.052,15.995,21.397,227.81
2018-12-15,0.0,9.372,14.345,23.117,150.445
2018-12-16,0.0,10.997,14.34,25.228,134.502
2018-12-17,0.0,9.657,14.658,23.709,128.379
2018-12-18,8.146,10.631,14.397,24.81,143.842
2018-12-19,0.0,8.968,15.378,23.34,112.362
2018-12-20,5.235,8.573,15.239,22.734,105.873
2018-12-21,10.503,9.264,14.872,23.353,118.889
2018-12-22,10.822,8.824,15.304,23.084,101.408
2018-12-23,0.295,9.402,13.5,22.571,95.725
2018-12-24,3.672,9.581,15.707,24.332,87.931
2018-12-25,4.902,9.75,15.394,24.321,81.305
2018-12-26,3.506,10.359,15.345,25.073,75.807
2018-12-27,1.093,9.193,15.948,24.0,73.363
2018-12-28,6.575,9.988,15.802,24.902,66.902
2018-12-29,0.133,10.523,14.954,24.997,63.205
2018-12-30,0.625,9.871,15.639,24.625,61.386
2018-12-31,0.0,11.203,14.622,25.63,59.674
2019-01-01,0.0,12.209,14.812,27.038,59.674
2019-01-02,0.0,11.829,15.109,26.742,59.674
2019-01-03,0.0,11.336,15.245,26.196,58.818
2019-01-04,0.0,11.079,15.63,26.122,57.855
2019-01-05,0.0,11.0,14.674,25.329,56.357
2019-01-06,31.144,8.409,16.03,23.016,56.464
2019-01-07,13.857,8.187,16.258,22.916,59.567
2019-01-08,1.301,8.415,15.625,22.698,61.233
2019-01-09,0.0,7.168,15.625,21.149,89.369
2019-01-10,0.0,7.826,15.584,21.908,101.222
2019-01-11,0.0,9.112,16.527,24.141,82.987
2019-01-12,0.0,8.291,16.633,23.226,62.99
2019-01-13,0.0,7.687,15.957,22.008,58.176
2019-01-14,0.0,7.383,16.633,22.125,58.711
2019-01-15,0.0,9.918,15.334,24.236,57.962
2019-01-16,8.144,8.147,16.533,22.932,56.999
2019-01-17,0.0,9.057,15.625,23.334,53.682
2019-01-18,0.0,9.092,15.878,23.543,51.221
2019-01-19,0.0,9.084,16.582,24.046,49.211
2019-01-20,0.0,7.94,16.636,22.709,44.056
2019-01-21,0.0,9.143,16.467,24.0,43.1
2019-01-22,0.0,10.293,16.832,25.636,42.909
2019-01-23,0.0,10.647,16.587,25.87,40.231
2019-01-24,0.0,11.19,16.274,26.321,40.04
2019-01-25,0.0,10.758,15.709,25.332,39.247
2019-01-26,0.0,11.903,15.848,26.826,37.308
2019-01-27,0.806,9.343,16.277,23.997,37.22
2019-01-28,23.873,6.866,16.481,21.293,39.311
2019-01-29,0.0,9.571,16.152,24.106,52.473
2019-01-30,0.0,11.2,15.288,25.473,37.22
2019-01-31,0.0,9.729,15.285,23.666,36.162
2019-02-01,0.0,6.788,16.44,21.087,38.894
2019-02-02,0.0,10.053,15.948,24.484,35.986
2019-02-03,0.0,11.308,15.505,25.658,35.105
2019-02-04,0.0,9.6,16.139,24.024,33.614
2019-02-05,0.0,9.435,16.921,24.361,31.779
2019-02-06,6.483,10.038,16.84,25.011,31.698
2019-02-07,22.014,8.351,17.133,23.266,46.671
2019-02-08,8.732,7.876,16.443,22.201,95.673
2019-02-09,0.341,9.156,16.285,23.511,50.773
2019-02-10,1.184,10.292,15.788,24.457,39.832
2019-02-11,0.0,9.618,16.938,24.492,37.132
2019-02-12,1.009,9.239,16.579,23.772,34.576
2019-02-13,0.0,10.771,16.304,25.334,33.534
2019-02-14,0.0,10.355,16.188,24.739,30.568
2019-02-15,0.0,12.152,14.783,25.899,32.851
2019-02-16,0.0,9.783,15.84,23.777,31.228
2019-02-17,0.0,9.244,16.111,23.34,29.525
2019-02-18,5.922,9.36,16.027,23.386,36.368
2019-02-19,6.494,6.154,17.269,20.935,32.558
2019-02-20,17.579,8.802,16.769,23.315,45.198
2019-02-21,7.806,11.068,15.446,24.902,36.892
2019-02-22,14.017,12.066,14.429,25.372,44.68
2019-02-23,13.837,9.232,16.351,23.402,40.392
2019-02-24,37.321,7.731,16.524,21.938,141.265
2019-02-25,12.228,9.85,16.668,24.296,149.372
2019-02-26,6.127,7.427,16.897,21.796,85.347
2019-02-27,7.12,8.838,16.625,23.084,133.36
2019-02-28,0.202,8.567,17.584,23.524,125.292
2019-03-01,2.819,11.523,14.954,24.927,88.23
2019-03-02,9.275,8.547,16.079,22.334,126.094
2019-03-03,4.216,10.192,15.519,23.788,104.073
2019-03-04,0.313,11.389,15.625,25.207,98.011
2019-03-05,22.449,10.377,16.424,24.63,82.642
2019-03-06,2.209,11.439,15.207,24.946,74.273
2019-03-07,12.997,9.336,16.644,23.584,68.842
2019-03-08,0.188,9.878,16.478,24.019,65.696
2019-03-09,1.657,10.904,17.071,25.587,61.6
2019-03-10,21.29,8.294,16.783,22.538,61.584
2019-03-11,4.423,10.139,16.177,24.043,77.319
2019-03-12,6.08,9.331,16.552,23.454,64.947
2019-03-13,1.205,13.001,15.168,26.652,58.711
2019-03-14,5.987,8.454,17.432,23.163,52.184
2019-03-15,0.243,10.647,15.568,24.174,52.505
2019-03-16,3.256,9.031,16.666,23.168,49.425
2019-03-17,7.352,9.509,17.53,24.326,46.253
2019-03-18,18.15,8.309,16.992,22.663,80.748
2019-03-19,33.646,5.834,16.448,19.707,272.808
2019-03-20,1.715,8.717,15.932,22.217,128.633
2019-03-21,4.714,8.444,15.717,21.818,91.602
2019-03-22,6.51,8.55,15.851,22.041,107.031
2019-03-23,11.319,8.807,16.391,22.682,138.282
2019-03-24,7.604,7.338,15.288,20.272,173.232
2019-03-25,1.89,12.594,13.946,25.274,127.255
2019-03-26,6.33,10.283,15.777,23.859,93.736
2019-03-27,1.724,10.668,16.837,25.057,91.278
2019-03-28,3.523,10.918,16.25,24.924,75.011
2019-03-29,31.621,5.851,17.304,20.44,129.62
2019-03-30,4.194,8.634,16.62,22.652,109.14
2019-03-31,3.743,9.601,16.829,23.867,87.102
2019-04-01,26.587,9.407,15.402,22.62,116.665
2019-04-02,13.132,6.468,16.688,20.543,89.775
2019-04-03,1.686,8.795,14.818,21.508,117.998
2019-04-04,4.651,8.887,16.372,22.755,181.412
2019-04-05,22.662,8.041,16.976,22.329,246.737
2019-04-06,15.69,7.877,16.378,21.72,406.168
2019-04-07,0.15,9.286,16.152,23.076,248.903
2019-04-08,5.402,9.579,16.946,23.981,200.078
2019-04-09,7.953,8.168,16.435,22.095,164.524
2019-04-10,19.901,9.044,15.364,22.253,189.466
2019-04-11,8.466,10.523,15.524,24.003,162.773
2019-04-12,6.575,11.529,14.853,24.704,124.953
2019-04-13,8.169,8.747,17.584,23.617,117.441
2019-04-14,12.961,10.709,15.448,24.182,123.43
2019-04-15,20.431,8.399,15.948,21.97,178.677
2019-04-16,0.521,10.183,15.715,23.807,120.107
2019-04-17,16.1,8.366,16.103,22.09,119.276
2019-04-18,6.597,7.616,16.617,21.69,131.871
2019-04-19,16.637,7.843,16.435,21.812,140.934
2019-04-20,7.777,8.663,15.791,22.212,167.284
2019-04-21,13.493,7.69,16.37,21.609,227.592
2019-04-22,23.303,7.536,16.5,21.527,468.118
2019-04-23,8.296,9.928,16.174,23.929,301.79
2019-04-24,12.084,8.747,16.649,22.965,246.268
2019-04-25,5.598,9.491,16.182,23.476,212.827
2019-04-26,5.675,9.779,16.821,24.283,204.012
2019-04-27,4.794,9.313,16.391,23.435,185.172
2019-04-28,5.093,9.673,16.084,23.628,146.684
2019-04-29,5.014,8.992,16.549,23.207,130.983
2019-04-30,1.663,10.549,16.003,24.622,112.539
2019-05-01,0.092,11.623,15.606,25.609,102.01
2019-05-02,0.078,10.314,16.057,24.421,97.856
2019-05-03,5.415,9.315,16.707,23.75,93.594
2019-05-04,0.065,8.399,16.764,22.856,93.878
2019-05-05,0.947,10.315,17.47,25.481,97.288
2019-05-06,3.088,8.888,18.005,24.321,86.954
2019-05-07,2.86,8.894,17.473,23.938,80.45
2019-05-08,0.629,7.694,16.584,21.962,78.617
2019-05-09,8.923,7.098,16.625,21.342,82.223
2019-05-10,5.701,7.836,16.766,22.291,112.375
2019-05-11,0.686,8.694,16.312,22.938,82.138
2019-05-12,1.639,8.903,16.701,23.424,78.617
2019-05-13,2.74,8.135,15.253,21.443,79.856
2019-05-14,16.308,9.993,15.823,24.076,93.228
2019-05-15,5.813,9.029,16.174,23.212,86.389
2019-05-16,6.294,10.127,15.527,24.035,81.933
2019-05-17,23.277,9.35,15.38,23.014,138.633
2019-05-18,0.751,7.975,16.092,22.041,136.366
2019-05-19,32.576,8.075,15.959,21.992,378.554
2019-05-20,23.151,8.496,16.478,22.886,212.005
2019-05-21,0.0,10.562,15.5,24.66,138.922
2019-05-22,0.418,10.125,15.109,23.812,114.043
2019-05-23,29.633,6.768,15.834,20.486,226.741
2019-05-24,6.645,9.214,15.815,23.25,195.984
2019-05-25,5.022,7.232,16.122,21.25,190.75
2019-05-26,4.709,9.062,15.44,22.848,156.065
2019-05-27,6.25,9.749,15.071,23.427,133.219
2019-05-28,11.62,7.502,15.796,21.334,158.827
2019-05-29,4.35,8.696,15.728,22.704,171.919
2019-05-30,30.56,7.699,16.068,21.834,159.429
2019-05-31,22.908,7.931,16.226,22.166,177.95
2019-06-01,6.582,7.805,15.351,21.359,236.074
2019-06-02,0.37,9.396,14.788,22.859,209.985
2019-06-03,7.076,9.321,15.418,23.215,152.551
2019-06-04,3.123,10.439,15.872,24.905,125.479
2019-06-05,6.322,7.786,16.878,22.535,110.116
2019-06-06,8.387,8.599,15.715,22.592,124.45
2019-06-07,2.211,6.258,16.22,20.383,403.256
2019-06-08,0.0,9.647,14.818,23.215,251.029
2019-06-09,9.367,9.425,15.788,23.682,153.21
2019-06-10,3.403,7.459,16.655,22.041,137.101
2019-06-11,5.264,8.941,16.332,23.53,136.169
2019-06-12,4.977,8.48,16.658,23.245,162.975
2019-06-13,3.159,8.84,16.715,23.717,119.193
2019-06-14,1.857,9.285,16.603,24.139,110.873
2019-06-15,4.289,9.359,16.022,23.791,118.732
2019-06-16,2.781,8.066,16.438,22.576,114.256
2019-06-17,0.02,10.05,15.766,24.424,107.671
2019-06-18,0.409,10.064,16.568,25.033,93.168
2019-06-19,11.027,8.066,16.894,22.938,91.179
2019-06-20,0.203,9.285,16.353,23.938,88.622
2019-06-21,5.334,9.176,16.304,23.785,93.066
2019-06-22,5.74,8.977,16.772,23.908,81.121
2019-06-23,2.416,8.159,17.103,23.188,80.206
2019-06-24,1.928,8.037,16.266,22.448,76.907
2019-06-25,4.784,8.088,15.848,22.177,87.9
2019-06-26,0.0,10.331,15.073,24.302,78.634
2019-06-27,0.0,9.903,16.318,24.679,72.752
2019-06-28,7.516,8.22,16.883,23.109,67.865
2019-06-29,0.0,9.201,16.019,23.606,63.954
2019-06-30,0.419,8.607,15.606,22.614,63.098
2019-07-01,4.317,7.992,16.812,22.81,63.449
2019-07-02,1.195,9.593,15.652,23.821,68.002
2019-07-03,0.0,9.314,15.851,23.647,71.897
2019-07-04,0.09,10.419,15.747,24.861,68.41
2019-07-05,15.377,10.224,15.565,24.5,85.123
2019-07-06,6.286,11.499,15.361,25.921,75.685
2019-07-07,0.15,9.792,16.092,24.334,67.636
2019-07-08,0.483,9.228,16.723,24.109,59.246
2019-07-09,0.352,9.244,15.478,23.245,48.129
2019-07-10,0.0,8.843,16.788,23.712,46.256
2019-07-11,0.0,9.209,16.75,24.098,46.16
2019-07-12,0.091,8.879,16.677,23.666,46.16
2019-07-13,0.0,8.76,15.938,22.932,46.16
2019-07-14,0.079,8.802,16.791,23.644,46.898
2019-07-15,13.751,7.769,16.312,22.136,57.759
2019-07-16,3.653,9.092,14.391,22.188,51.339
2019-07-17,0.123,10.867,14.859,24.696,44.63
2019-07-18,0.0,11.01,16.476,25.959,41.57
2019-07-19,0.514,11.068,16.245,25.848,40.048
2019-07-20,0.0,10.468,16.264,25.111,38.013
2019-07-21,1.646,8.71,17.307,23.837,37.22
2019-07-22,2.628,7.885,16.788,22.511,38.837
2019-07-23,7.521,7.364,15.66,21.03,54.312
2019-07-24,7.483,8.669,16.562,23.212,50.383
2019-07-25,1.415,8.956,15.552,22.755,41.092
2019-07-26,4.01,8.979,16.147,23.212,39.952
2019-07-27,0.737,9.994,15.981,24.299,38.542
2019-07-28,0.5,9.495,15.938,23.668,35.986
2019-07-29,0.0,10.094,15.72,24.201,35.81
2019-07-30,0.0,10.265,16.402,24.861,34.239
2019-07-31,0.0,10.486,15.486,24.467,29.922
2019-08-01,2.08,9.878,15.864,24.016,29.114
2019-08-02,5.507,8.623,16.193,22.785,33.608
2019-08-03,2.04,9.153,16.226,23.408,34.576
2019-08-04,0.0,9.384,16.389,23.769,31.059
2019-08-05,0.0,11.595,16.291,26.266,27.903
2019-08-06,0.0,10.579,15.951,24.834,27.822
2019-08-07,0.0,10.066,16.359,24.524,27.103
2019-08-08,0.527,10.311,16.459,24.829,25.431
2019-08-09,0.0,10.382,16.701,25.073,24.04
2019-08-10,0.0,10.686,15.234,24.38,20.817
2019-08-11,0.0,10.325,16.101,24.549,20.67
2019-08-12,0.622,11.296,16.168,25.715,20.67
2019-08-13,0.426,9.077,17.329,23.997,20.67
2019-08-14,0.419,10.614,16.753,25.291,20.67
2019-08-15,0.081,9.221,16.375,23.454,20.67
2019-08-16,0.0,8.852,14.568,21.668,20.816
2019-08-17,0.0,9.768,15.391,23.372,21.63
2019-08-18,0.0,11.12,16.068,25.372,19.682
2019-08-19,0.0,9.466,15.465,22.997,19.089
2019-08-20,2.367,11.57,15.418,25.408,18.035
2019-08-21,0.0,12.017,15.916,26.269,17.442
2019-08-22,0.0,12.843,14.204,26.103,16.52
2019-08-23,0.0,10.957,15.416,24.658,16.454
2019-08-24,0.0,11.955,16.071,26.25,16.454
2019-08-25,1.884,11.807,15.467,25.655,15.451
2019-08-26,0.227,10.596,15.671,24.372,14.448
2019-08-27,0.0,11.085,15.736,24.978,13.913
2019-08-28,20.042,8.717,16.823,23.079,14.031
2019-08-29,0.221,12.355,15.41,26.212,14.865
2019-08-30,0.188,12.61,14.943,26.217,14.031
2019-08-31,3.928,10.944,15.992,24.948,14.448
2019-09-01,0.774,9.956,16.389,24.109,14.448
2019-09-02,0.375,8.742,16.416,22.766,14.389
2019-09-03,0.126,13.826,14.454,27.266,14.031
2019-09-04,5.051,10.409,16.731,24.859,16.709
2019-09-05,0.0,10.945,16.707,25.454,14.962
2019-09-06,3.027,9.578,16.429,23.701,15.787
2019-09-07,0.0,11.008,16.644,25.454,14.448
2019-09-08,0.48,11.265,16.891,25.921,14.448
2019-09-09,0.042,11.075,15.777,24.897,14.448
2019-09-10,0.0,12.229,15.478,26.033,14.448
2019-09-11,8.405,10.98,17.016,25.663,13.198
2019-09-12,2.621,11.163,16.033,25.198,14.269
2019-09-13,10.643,10.847,16.821,25.402,14.448
2019-09-14,0.444,8.827,17.611,23.772,14.448
2019-09-15,0.736,9.646,16.554,23.87,14.448
2019-09-16,2.101,10.066,16.062,23.959,14.448
2019-09-17,2.595,10.566,15.636,24.228,15.13
2019-09-18,23.843,8.263,15.554,21.587,35.672
2019-09-19,0.844,9.149,15.992,22.872,37.276
2019-09-20,22.214,7.299,15.72,20.66,32.345
2019-09-21,2.711,10.062,14.807,23.076,20.451
2019-09-22,0.162,11.116,14.962,24.418,15.175
2019-09-23,17.016,9.982,14.815,22.978,22.479
2019-09-24,6.235,11.304,14.448,24.25,21.644
2019-09-25,7.211,10.218,15.427,23.685,25.322
2019-09-26,13.38,10.785,15.571,24.5,35.348
2019-09-27,1.401,9.547,16.182,23.522,28.308
2019-09-28,3.604,10.785,15.647,24.557,21.622
2019-09-29,5.535,9.345,14.802,22.274,25.053
2019-09-30,0.0,9.906,15.628,23.56,40.652
2019-10-01,19.761,9.813,14.595,22.72,41.761
2019-10-02,0.0,9.327,15.0,22.457,39.404
2019-10-03,13.592,7.751,14.427,20.179,38.36
2019-10-04,0.169,9.945,14.606,22.913,27.303
2019-10-05,1.451,8.719,15.625,22.226,23.029
2019-10-06,4.752,9.067,14.62,21.91,25.559
2019-10-07,8.299,10.174,14.13,22.875,29.409
2019-10-08,3.908,7.487,15.478,20.761,23.776
2019-10-09,9.873,10.779,13.894,23.454,29.783
2019-10-10,0.488,9.172,15.065,22.37,26.767
2019-10-11,10.447,9.255,14.978,22.413,24.845
2019-10-12,13.725,10.353,15.049,23.777,30.982
2019-10-13,25.801,8.304,14.973,21.34,74.308
2019-10-14,3.372,8.368,15.568,21.902,26.284
2019-10-15,0.861,8.704,14.204,21.28,21.624
2019-10-16,15.239,8.745,14.927,21.886,31.353
2019-10-17,7.43,9.648,13.715,22.103,32.351
2019-10-18,6.605,8.416,14.832,21.467,45.492
2019-10-19,31.936,8.469,14.957,21.636,129.026
2019-10-20,8.334,9.067,15.226,22.538,86.094
2019-10-21,1.021,7.292,15.543,20.777,62.823
2019-10-22,26.498,7.779,15.296,21.133,70.076
2019-10-23,3.707,8.323,15.736,22.095,136.44
2019-10-24,17.747,8.754,15.31,22.302,98.897
2019-10-25,3.412,9.113,15.272,22.682,91.873
2019-10-26,9.446,9.225,14.935,22.609,72.308
2019-10-27,10.902,9.746,15.291,23.514,118.744
2019-10-28,0.822,9.613,15.196,23.293,63.348
2019-10-29,13.439,9.69,14.927,23.22,62.935
2019-10-30,0.079,10.118,14.364,23.38,42.438
2019-10-31,1.73,8.421,14.628,21.514,46.993
2019-11-01,8.593,8.959,14.717,22.258,42.951
2019-11-02,8.137,9.435,14.747,22.859,57.841
2019-11-03,8.126,8.514,15.736,22.508,53.896
2019-11-04,7.868,8.762,15.87,22.921,61.962
2019-11-05,6.019,8.816,16.141,23.193,82.109
2019-11-06,6.743,9.823,14.617,23.329,58.924
2019-11-07,0.231,9.951,15.318,24.0,61.728
2019-11-08,4.349,8.638,16.72,23.459,47.637
2019-11-09,57.951,7.495,16.049,21.639,89.496
2019-11-10,13.154,8.798,16.215,23.307,87.614
2019-11-11,7.842,8.393,16.886,23.364,142.589
2019-11-12,23.902,6.848,15.997,20.924,264.876
2019-11-13,27.427,6.279,15.859,20.174,336.151
2019-11-14,12.259,7.155,15.554,20.94,194.952
2019-11-15,24.301,6.491,15.59,20.196,186.422
2019-11-16,3.676,9.989,15.527,24.353,235.647
2019-11-17,8.683,9.409,15.894,23.918,200.395
2019-11-18,3.723,8.996,15.734,23.307,224.922
2019-11-19,8.847,8.978,14.25,22.291,225.518
2019-11-20,1.079,8.208,15.519,22.277,183.389
2019-11-21,0.262,9.212,14.929,23.054,138.218
2019-11-22,0.268,6.7,15.614,20.565,199.009
2019-11-23,0.0,9.267,13.818,22.37,150.62
2019-11-24,0.0,8.992,15.348,23.111,118.573
2019-11-25,0.0,10.447,14.668,24.538,102.578
2019-11-26,0.712,8.795,17.005,24.133,92.742
2019-11-27,4.994,8.61,16.451,23.524,87.647
2019-11-28,1.436,8.522,16.038,23.114,80.45
2019-11-29,15.581,8.071,15.247,22.003,80.877
2019-11-30,8.371,8.67,15.011,22.587,115.105
2019-12-01,2.221,9.287,17.359,25.068,81.567
2019-12-02,2.866,8.312,17.082,23.693,67.254
2019-12-03,1.761,8.166,15.508,22.356,73.608
2019-12-04,1.046,8.877,15.133,22.978,72.377
2019-12-05,18.89,9.067,15.861,23.755,100.792
2019-12-06,0.0,8.418,15.296,22.527,75.579
2019-12-07,13.951,6.146,14.72,19.386,153.49
2019-12-08,0.0,7.7,14.633,21.149,111.098
2019-12-09,0.495,10.225,15.103,24.715,77.739
2019-12-10,3.144,9.828,14.573,23.853,81.444
2019-12-11,10.179,8.473,14.807,22.264,96.293
2019-12-12,2.337,7.948,15.315,21.97,116.169
2019-12-13,4.818,6.897,16.508,21.609,130.62
2019-12-14,11.582,6.891,16.47,21.562,195.477
2019-12-15,3.658,8.442,16.133,23.212,181.487
2019-12-16,4.661,8.748,15.215,22.918,147.252
2019-12-17,11.036,8.554,15.117,22.63,135.077
2019-12-18,5.954,8.153,15.505,22.416,155.371
2019-12-19,0.0,9.934,14.821,24.166,114.037
2019-12-20,0.114,8.589,16.508,23.677,96.646
2019-12-21,12.159,8.8,16.16,23.677,88.417
2019-12-22,0.239,8.225,17.038,23.636,75.114
2019-12-23,0.0,7.214,17.614,22.88,69.209
2019-12-24,1.08,9.103,16.522,24.323,71.775
2019-12-25,0.0,8.873,17.014,24.41,74.949
2019-12-26,17.981,10.36,15.622,25.255,83.362
2019-12-27,13.333,6.044,17.709,21.652,68.964
2019-12-28,0.0,9.026,15.557,23.508,65.695
2019-12-29,0.031,8.686,15.772,23.239,63.966
2019-12-30,8.793,7.26,16.304,21.932,103.264
2019-12-31,8.763,6.752,16.443,21.408,152.423
2020-01-01,8.516,7.466,16.5,22.255,202.842
2020-01-02,15.59,7.641,16.886,22.777,185.451
2020-01-03,0.0,10.349,15.731,25.258,138.385
2020-01-04,0.0,11.404,13.889,25.386,102.432
2020-01-05,0.625,9.585,14.66,23.543,84.883
2020-01-06,0.0,9.679,14.75,23.701,73.974
2020-01-07,0.0,11.043,13.818,24.826,69.468
2020-01-08,0.0,11.845,13.543,25.685,66.26
2020-01-09,0.0,11.044,14.329,25.125,66.551
2020-01-10,0.0,11.267,15.171,25.954,60.744
2020-01-11,0.0,10.87,14.75,25.168,59.46
2020-01-12,0.0,10.994,15.592,25.84,56.25
2020-01-13,0.0,10.884,16.122,26.06,52.933
2020-01-14,0.0,10.59,16.144,25.682,51.221
2020-01-15,0.201,10.459,15.274,24.902,50.151
2020-01-16,0.0,10.408,16.022,25.31,51.542
2020-01-17,0.0,11.906,15.799,27.011,48.034
2020-01-18,0.0,11.665,16.245,26.995,44.056
2020-01-19,4.741,8.644,17.027,23.845,43.1
2020-01-20,29.672,6.081,17.576,21.402,43.601
2020-01-21,9.1,6.998,16.356,21.402,52.004
2020-01-22,3.795,6.875,16.209,21.12,85.016
2020-01-23,0.0,10.703,14.679,24.622,70.709
2020-01-24,0.0,8.66,16.44,23.321,57.427
2020-01-25,1.364,9.668,16.356,24.484,55.822
2020-01-26,4.822,9.211,17.576,24.81,60.651
2020-01-27,18.938,8.568,16.204,23.024,176.42
2020-01-28,0.0,8.73,16.883,23.72,131.587
2020-01-29,0.0,8.862,16.402,23.478,112.876
2020-01-30,0.0,11.156,14.783,25.092,80.081
2020-01-31,0.0,10.683,15.514,24.989,69.82
2020-02-01,0.0,9.009,17.082,24.103,63.984
2020-02-02,8.619,9.812,16.117,24.307,59.888
2020-02-03,1.543,11.004,15.269,25.141,57.855
2020-02-04,0.0,11.653,15.815,26.28,52.933
2020-02-05,0.0,13.025,14.024,26.769,51.114
2020-02-06,0.0,11.846,14.226,25.443,50.151
2020-02-07,0.0,12.39,13.796,25.785,43.972
2020-02-08,0.061,10.248,16.057,24.671,40.04
2020-02-09,2.769,9.844,15.584,23.851,40.136
2020-02-10,0.0,12.036,14.742,25.853,40.445
2020-02-11,0.08,12.175,15.91,26.812,36.074
2020-02-12,0.0,11.831,14.918,25.693,35.81
2020-02-13,0.0,11.233,15.951,25.658,35.81
2020-02-14,0.0,9.793,16.5,24.329,35.105
2020-02-15,0.0,11.907,15.323,25.946,34.4
2020-02-16,0.0,11.577,16.351,26.242,34.4
2020-02-17,0.036,11.942,16.995,27.101,32.403
2020-02-18,0.0,12.476,16.63,27.473,29.114
2020-02-19,2.612,10.377,16.978,25.264,27.176
2020-02-20,10.109,8.969,17.242,23.829,27.47
2020-02-21,3.454,8.879,16.671,23.329,37.656
2020-02-22,14.394,7.859,17.008,22.383,72.993
2020-02-23,3.259,8.542,17.125,23.19,53.962
2020-02-24,1.285,9.063,17.44,24.005,51.808
2020-02-25,32.261,9.388,17.111,24.122,75.292
2020-02-26,17.772,5.107,17.443,20.052,104.705
2020-02-27,0.0,7.915,17.024,22.432,83.591
2020-02-28,0.0,10.9,16.264,25.155,58.864
2020-02-29,0.79,11.553,14.832,24.91,47.674
2020-03-01,4.201,9.347,17.193,24.084,53.238
2020-03-02,13.446,10.137,16.658,24.519,65.879
2020-03-03,16.308,11.165,15.576,24.905,55.65
2020-03-04,0.0,11.334,16.62,25.804,46.47
2020-03-05,0.0,12.119,16.111,26.37,45.969
2020-03-06,0.233,11.602,15.707,25.462,41.24
2020-03-07,24.877,9.148,16.046,22.902,40.615
2020-03-08,0.0,9.844,15.391,23.198,51.896
2020-03-09,0.584,10.544,16.418,24.704,40.241
2020-03-10,6.434,9.118,17.242,23.75,49.346
2020-03-11,4.296,9.747,17.079,24.283,44.496
2020-03-12,0.0,8.938,17.389,23.652,38.161
2020-03-13,0.0,7.949,17.255,22.562,39.895
2020-03-14,9.432,7.098,17.296,21.666,59.501
2020-03-15,0.0,8.963,16.505,22.978,65.662
2020-03-16,5.672,9.267,17.37,23.946,49.454
2020-03-17,0.641,10.222,15.769,23.837,50.433
2020-03-18,0.148,10.779,16.522,24.976,60.956
2020-03-19,0.0,10.726,16.394,24.829,44.653
2020-03-20,0.864,7.343,17.443,21.981,39.161
2020-03-21,0.0,10.406,15.522,23.832,46.205
2020-03-22,0.0,13.388,12.372,25.245,36.376
2020-03-23,1.9,13.294,13.133,25.565,33.254
2020-03-24,5.862,8.918,16.13,22.609,36.251
2020-03-25,0.884,11.7,15.965,25.609,37.22
2020-03-26,2.517,10.883,16.106,24.793,35.986
2020-03-27,0.301,10.641,16.514,24.783,41.367
2020-03-28,0.062,11.916,15.804,25.75,37.259
2020-03-29,0.0,8.347,17.543,23.114,27.514
2020-03-30,0.0,7.989,16.842,22.179,32.286
2020-03-31,0.0,8.409,16.546,22.435,29.165
2020-04-01,1.581,7.484,16.649,21.514,59.314
2020-04-02,1.01,10.31,16.003,24.065,51.072
2020-04-03,0.0,10.449,16.965,24.932,35.634
2020-04-04,0.0,9.504,17.986,24.668,35.215
2020-04-05,0.0,9.28,17.054,23.712,29.356
2020-04-06,0.326,10.186,16.204,24.09,29.709
2020-04-07,12.201,10.401,16.133,24.28,33.923
2020-04-08,1.591,9.873,16.747,24.144,29.76
2020-04-09,0.567,9.192,17.207,23.772,29.114
2020-04-10,6.982,9.144,16.641,23.307,30.084
2020-04-11,35.034,8.731,15.717,22.141,46.202
2020-04-12,27.74,6.572,17.47,21.304,61.164
2020-04-13,6.687,7.904,15.905,21.427,68.351
2020-04-14,0.07,7.734,16.438,21.698,92.221
2020-04-15,0.18,9.74,15.984,23.5,110.555
2020-04-16,0.434,10.375,15.035,23.565,92.106
2020-04-17,16.136,10.904,14.505,23.788,119.556
2020-04-18,8.939,8.984,14.875,21.864,99.471
2020-04-19,0.0,10.554,15.168,23.889,89.105
2020-04-20,0.905,10.567,14.421,23.405,69.258
2020-04-21,13.965,8.73,15.421,22.019,101.309
2020-04-22,3.777,8.503,14.962,21.438,66.883
2020-04-23,16.548,9.604,14.584,22.421,61.386
2020-04-24,1.288,9.167,15.658,22.736,62.991
2020-04-25,7.096,11.064,15.614,24.916,61.493
2020-04-26,0.0,10.523,14.821,23.707,55.738
2020-04-27,16.17,10.468,15.769,24.323,44.568
2020-04-28,6.27,9.484,16.302,23.606,46.284
2020-04-29,11.928,9.786,16.342,23.989,63.022
2020-04-30,9.646,9.056,16.554,23.378,61.401
2020-05-01,12.081,8.469,17.182,23.179,58.924
2020-05-02,1.108,9.414,16.367,23.622,51.633
2020-05-03,0.706,9.574,16.557,23.97,46.842
2020-05-04,9.952,8.569,16.899,23.103,62.283
2020-05-05,5.087,10.746,15.196,24.359,45.609
2020-05-06,3.346,8.518,16.889,23.095,43.803
2020-05-07,0.571,8.101,17.207,22.842,47.26
2020-05-08,0.549,9.282,16.247,23.473,39.314
2020-05-09,0.489,11.03,16.872,25.962,34.488
2020-05-10,2.09,9.935,15.595,23.766,33.078
2020-05-11,1.582,10.152,15.272,23.807,33.078
2020-05-12,10.73,7.124,16.948,21.72,45.147
2020-05-13,9.003,7.434,15.948,21.198,96.904
2020-05-14,0.635,10.75,14.587,24.098,59.109
2020-05-15,1.267,9.806,17.312,24.965,40.817
2020-05-16,0.066,10.032,16.429,24.584,42.277
2020-05-17,1.356,8.653,17.41,23.774,36.867
2020-05-18,1.141,9.135,16.144,23.367,40.019
2020-05-19,2.684,6.264,16.549,20.554,41.298
2020-05-20,1.575,10.796,16.166,25.356,37.308
2020-05-21,0.74,10.33,16.457,25.033,34.327
2020-05-22,2.916,9.304,16.13,23.59,37.541
2020-05-23,0.895,11.071,15.625,25.348,32.44
2020-05-24,1.657,9.778,15.658,23.81,29.195
2020-05-25,1.107,10.674,15.796,25.011,27.184
2020-05-26,3.148,9.067,17.538,24.413,25.431
2020-05-27,33.092,7.555,16.046,21.546,25.593
2020-05-28,7.139,8.77,15.285,22.429,29.041
2020-05-29,0.77,7.562,16.209,21.739,31.875
2020-05-30,19.209,5.612,16.467,19.842,55.374
2020-05-31,0.646,8.478,15.476,22.255,84.619
2020-06-01,11.295,8.75,15.693,22.731,47.776
2020-06-02,15.503,9.01,14.938,22.503,44.191
2020-06-03,11.588,4.776,15.793,18.457,149.39
2020-06-04,13.992,10.677,15.057,24.63,145.782
2020-06-05,2.954,9.481,15.416,23.446,82.928
2020-06-06,12.732,8.566,15.486,22.386,85.894
2020-06-07,0.721,10.092,15.818,24.508,64.947
2020-06-08,0.421,10.254,14.834,23.995,57.748
2020-06-09,1.113,9.146,15.611,23.209,67.113
2020-06-10,0.0,7.558,15.147,21.011,51.573
2020-06-11,3.679,8.25,14.723,21.476,49.06
2020-06-12,2.803,7.525,15.772,21.418,45.823
2020-06-13,2.229,10.447,14.103,23.78,43.578
2020-06-14,3.262,9.315,15.109,23.073,41.771
2020-06-15,0.999,9.925,15.791,24.31,39.652
2020-06-16,0.0,9.733,15.024,23.552,35.986
2020-06-17,12.106,7.883,15.065,21.332,36.043
2020-06-18,0.0,9.449,14.66,22.94,45.034
2020-06-19,5.643,10.137,15.644,24.495,38.028
2020-06-20,0.542,9.152,15.546,23.228,34.407
2020-06-21,6.313,9.831,16.614,24.818,31.867
2020-06-22,0.153,8.926,16.478,23.641,31.566
2020-06-23,2.55,9.064,16.209,23.598,37.94
2020-06-24,1.255,9.702,15.538,23.87,34.415
2020-06-25,0.537,9.351,14.677,22.818,28.63
2020-06-26,2.46,8.433,16.022,22.704,26.853
2020-06-27,0.423,8.484,15.516,22.402,31.375
2020-06-28,17.673,7.751,15.668,21.677,31.052
2020-06-29,1.068,9.551,15.647,23.755,35.452
2020-06-30,0.788,9.238,15.696,23.435,32.8
2020-07-01,0.0,9.649,15.076,23.462,31.001
2020-07-02,13.938,9.028,15.598,23.092,42.55
2020-07-03,0.546,8.55,16.101,22.91,44.851
2020-07-04,16.615,7.726,15.299,21.351,44.145
2020-07-05,18.196,8.013,15.75,21.976,67.375
2020-07-06,2.642,8.964,15.872,23.19,55.921
2020-07-07,4.088,8.475,15.965,22.66,44.726
2020-07-08,0.0,10.773,15.372,25.049,44.901
2020-07-09,4.884,9.899,15.492,24.008,62.769
2020-07-10,15.418,7.601,16.446,22.016,78.841
2020-07-11,7.452,8.39,15.894,22.527,55.839
2020-07-12,4.743,8.603,16.103,22.918,41.283
2020-07-13,0.0,10.04,15.274,23.984,42.909
2020-07-14,4.706,10.552,15.114,24.478,40.689
2020-07-15,0.0,9.951,15.918,24.321,35.898
2020-07-16,0.592,10.377,14.758,23.989,34.488
2020-07-17,2.145,11.396,15.16,25.508,32.968
2020-07-18,1.469,10.655,15.413,24.791,30.083
2020-07-19,0.352,10.083,15.677,24.253,32.586
2020-07-20,2.311,10.241,15.709,24.47,30.568
2020-07-21,0.258,10.217,15.226,24.082,36.629
2020-07-22,13.611,8.685,15.668,22.571,36.693
2020-07-23,3.152,7.884,15.69,21.649,46.354
2020-07-24,7.639,8.138,16.416,22.486,122.65
2020-07-25,4.16,6.185,16.682,20.543,107.583
2020-07-26,0.0,10.362,15.288,24.258,49.668
2020-07-27,2.339,9.964,15.462,23.859,43.405
2020-07-28,0.289,10.921,14.962,24.644,52.638
2020-07-29,0.0,9.679,16.413,24.193,38.403
2020-07-30,2.138,9.689,16.647,24.345,35.193
2020-07-31,1.899,10.987,15.927,25.37,34.4
2020-08-01,0.0,11.232,15.595,25.402,32.161
2020-08-02,0.0,12.549,14.467,26.234,26.699
2020-08-03,0.0,10.394,16.101,24.742,25.431
2020-08-04,0.0,10.113,16.109,24.383,25.358
2020-08-05,1.618,9.66,15.476,23.389,25.358
2020-08-06,0.335,9.748,16.095,23.929,24.04
2020-08-07,0.0,9.674,16.959,24.457,20.817
2020-08-08,0.0,10.523,16.774,25.283,20.67
2020-08-09,0.0,11.156,15.832,25.37,20.67
2020-08-10,0.039,10.44,16.584,25.033,20.67
2020-08-11,0.0,9.963,17.019,24.793,20.816
2020-08-12,12.771,12.041,15.09,25.864,22.282
2020-08-13,4.109,9.741,16.261,23.954,23.075
2020-08-14,11.161,8.162,15.75,21.78,41.404
2020-08-15,16.29,9.477,15.598,23.166,36.391
2020-08-16,0.515,9.6,15.31,23.073,42.013
2020-08-17,13.811,8.278,14.891,21.207,34.422
2020-08-18,0.942,9.424,15.957,23.334,73.398
2020-08-19,15.442,6.936,16.378,20.918,160.815
2020-08-20,24.59,9.699,15.421,23.242,159.81
2020-08-21,0.454,8.453,16.889,22.94,82.445
2020-08-22,25.425,8.925,15.603,22.454,102.638
2020-08-23,0.102,9.867,15.065,23.136,90.435
2020-08-24,9.42,11.163,13.457,23.505,124.522
2020-08-25,23.809,10.608,13.78,23.082,77.694
2020-08-26,4.775,9.761,15.283,23.144,70.048
2020-08-27,0.383,9.394,15.312,22.726,58.575
2020-08-28,9.854,10.071,15.962,23.965,49.236
2020-08-29,5.438,8.963,14.793,21.848,52.528
2020-08-30,14.997,7.99,15.03,20.91,184.102
2020-08-31,0.675,12.089,12.454,23.916,102.113
2020-09-01,1.403,9.441,15.035,22.535,112.91
2020-09-02,13.017,7.784,16.261,21.636,93.399
2020-09-03,1.059,11.149,14.359,24.027,100.511
2020-09-04,0.108,9.788,15.038,22.935,71.66
2020-09-05,0.084,11.784,15.552,25.587,61.844
2020-09-06,10.85,10.735,14.856,23.878,62.777
2020-09-07,0.0,11.2,13.41,23.457,60.56
2020-09-08,19.073,7.853,14.872,20.606,126.571
2020-09-09,0.055,10.432,12.918,22.171,92.184
2020-09-10,0.206,10.958,14.541,23.916,63.848
2020-09-11,2.123,9.113,16.766,23.438,75.95
2020-09-12,0.28,11.046,14.16,23.753,59.781
2020-09-13,0.0,10.232,15.981,24.092,57.427
2020-09-14,0.235,11.102,14.997,24.41,56.571
2020-09-15,0.0,9.017,16.212,22.905,50.181
2020-09-16,0.969,8.88,14.582,21.571,73.79
2020-09-17,2.854,9.664,14.826,22.636,66.315
2020-09-18,1.722,9.623,14.81,22.562,142.264
2020-09-19,1.899,9.26,15.223,22.462,82.643
2020-09-20,3.911,10.028,14.851,23.043,63.587
2020-09-21,0.0,9.883,15.443,23.326,60.637
2020-09-22,0.03,11.702,14.438,24.736,57.855
2020-09-23,2.474,8.727,15.489,22.06,54.121
2020-09-24,0.066,9.551,15.886,23.285,46.684
2020-09-25,1.492,10.501,14.533,23.451,46.16
2020-09-26,0.0,8.63,15.177,21.72,44.439
2020-09-27,4.063,10.293,14.685,23.299,40.614
2020-09-28,0.446,10.647,14.701,23.742,42.292
2020-09-29,2.487,9.321,14.614,22.133,41.056
2020-09-30,0.2,9.115,14.75,22.019,44.733
2020-10-01,2.797,10.026,14.688,23.033,40.908
2020-10-02,3.693,10.116,14.446,22.967,38.718
2020-10-03,0.563,10.79,14.421,23.758,38.63
2020-10-04,12.607,7.175,15.367,20.342,43.347
2020-10-05,0.0,9.091,14.505,21.853,56.391
2020-10-06,0.586,11.006,13.543,23.47,42.866
2020-10-07,10.861,9.357,15.283,22.753,42.77
2020-10-08,0.125,10.136,14.603,23.177,39.02
2020-10-09,0.0,10.177,14.514,23.188,34.488
2020-10-10,0.758,12.767,14.06,25.997,32.344
2020-10-11,1.544,10.415,14.514,23.503,31.052
2020-10-12,1.074,9.685,15.022,23.016,30.406
2020-10-13,10.572,8.593,14.092,21.046,30.406
2020-10-14,1.56,10.655,13.864,23.386,31.008
2020-10-15,4.269,11.004,14.514,24.277,36.53
2020-10-16,3.699,10.044,14.88,23.367,31.14
2020-10-17,7.27,9.467,14.345,22.342,29.114
2020-10-18,12.25,10.426,15.307,24.174,30.81
2020-10-19,21.975,6.344,15.908,19.992,74.027
2020-10-20,0.0,10.566,14.94,24.125,56.49
2020-10-21,19.466,9.824,16.082,24.071,40.537
2020-10-22,2.683,9.578,15.533,23.418,37.132
2020-10-23,2.239,8.34,16.087,22.402,35.048
2020-10-24,2.615,8.091,14.709,21.082,53.833
2020-10-25,0.0,10.285,14.5,23.584,46.024
2020-10-26,4.192,9.772,15.614,23.772,37.749
2020-10-27,6.57,9.652,15.424,23.541,35.732
2020-10-28,36.243,6.926,15.549,20.454,60.949
2020-10-29,4.189,10.062,14.63,23.481,48.527
2020-10-30,1.218,8.873,15.948,23.016,44.744
2020-10-31,7.301,7.002,15.682,20.652,71.509
2020-11-01,6.655,7.979,16.144,22.147,133.045
2020-11-02,0.0,9.901,15.834,24.228,77.415
2020-11-03,0.0,9.549,15.378,23.486,55.952
2020-11-04,0.46,11.534,14.562,25.389,42.759
2020-11-05,10.428,8.892,15.543,22.845,43.431
2020-11-06,2.005,8.925,14.193,21.932,68.03
2020-11-07,0.0,10.02,14.538,23.549,60.628
2020-11-08,0.0,9.516,14.584,22.978,45.52
2020-11-09,29.642,8.008,15.785,22.079,61.033
2020-11-10,10.18,7.166,15.641,21.0,83.089
2020-11-11,1.696,7.427,14.685,20.533,104.745
2020-11-12,0.935,8.392,14.802,21.818,78.367
2020-11-13,18.96,9.031,14.736,22.573,104.088
2020-11-14,18.392,6.851,15.568,20.617,349.442
2020-11-15,13.161,7.98,15.59,21.943,203.583
2020-11-16,18.877,8.029,14.834,21.47,149.762
2020-11-17,23.33,6.625,15.223,20.084,175.361
2020-11-18,3.036,7.521,15.144,21.095,163.604
2020-11-19,19.613,8.597,14.859,22.253,164.26
2020-11-20,0.871,7.764,14.932,21.285,199.305
2020-11-21,5.508,9.042,14.293,22.44,287.749
2020-11-22,1.187,10.819,14.245,24.69,138.526
2020-11-23,1.034,10.185,14.106,23.788,111.282
2020-11-24,6.609,10.267,13.957,23.807,108.277
2020-11-25,11.529,7.668,15.223,21.462,119.325
2020-11-26,0.478,9.126,14.128,22.478,108.161
2020-11-27,12.279,7.989,15.582,22.109,186.401
2020-11-28,23.729,8.409,15.234,22.389,229.104
2020-11-29,18.466,9.35,14.054,22.764,121.853
2020-11-30,0.988,8.92,13.834,22.068,158.729
2020-12-01,6.87,9.955,14.497,23.875,108.998
2020-12-02,0.0,7.598,15.821,21.902,103.546
2020-12-03,11.967,6.894,16.353,21.497,102.621
2020-12-04,0.0,9.992,15.215,24.47,91.401
2020-12-05,0.0,8.872,15.72,23.41,76.497
2020-12-06,0.0,9.673,14.878,23.834,72.63
2020-12-07,5.624,10.249,13.704,23.785,70.675
2020-12-08,0.748,9.088,15.149,23.291,81.896
2020-12-09,8.508,9.118,15.084,23.296,73.377
2020-12-10,0.709,9.552,14.562,23.497,88.511
2020-12-11,3.604,9.162,15.12,23.378,73.466
2020-12-12,0.0,10.539,14.446,24.715,95.098
2020-12-13,1.413,10.235,14.519,24.353,67.391
2020-12-14,0.0,9.845,14.139,23.598,62.303
2020-12-15,15.895,9.021,14.38,22.701,70.712
2020-12-16,11.938,10.193,13.891,23.897,84.544
2020-12-17,1.841,9.008,14.329,22.644,65.665
2020-12-18,5.957,9.304,14.212,22.935,67.029
2020-12-19,3.652,10.414,14.446,24.557,75.702
2020-12-20,3.21,8.409,15.44,22.674,73.608
2020-12-21,0.481,9.833,15.03,24.212,66.016
2020-12-22,0.83,9.022,15.304,23.342,62.562
2020-12-23,10.068,10.228,14.995,24.674,60.53
2020-12-24,2.276,9.843,15.302,24.394,55.935
2020-12-25,34.78,7.862,15.897,22.329,353.485
2020-12-26,36.428,5.977,15.261,19.535,398.644
2020-12-27,1.207,8.542,14.288,21.948,374.941
2020-12-28,7.625,8.423,14.973,22.321,281.949
2020-12-29,0.0,8.225,15.236,22.253,258.726
2020-12-30,7.206,8.265,15.196,22.28,207.028
2020-12-31,1.318,8.879,14.815,22.78,184.024
2021-01-01,0.0,8.934,14.957,22.927,131.203
2021-01-02,0.0,9.425,14.802,23.446,122.513
2021-01-03,17.942,8.362,15.255,22.438,168.424
2021-01-04,3.66,8.96,15.122,23.049,214.029
2021-01-05,4.054,8.457,15.062,22.356,201.099
2021-01-06,0.0,8.841,15.054,22.812,203.771
2021-01-07,3.125,9.225,14.867,23.152,188.628
2021-01-08,12.344,8.05,14.098,21.095,150.681
2021-01-09,33.901,7.706,15.492,21.734,169.58
2021-01-10,0.676,8.77,15.41,22.976,124.19
2021-01-11,2.339,8.806,15.451,23.005,113.639
2021-01-12,0.58,9.725,15.375,24.092,141.55
2021-01-13,0.0,10.548,14.239,24.34,106.837
2021-01-14,0.0,10.869,14.364,24.818,91.321
2021-01-15,0.0,11.102,14.378,25.111,84.522
2021-01-16,0.0,10.457,14.139,24.103,80.328
2021-01-17,0.0,9.869,14.688,23.731,73.73
2021-01-18,0.0,10.665,14.367,24.476,69.698
2021-01-19,0.0,11.452,13.647,24.981,65.91
2021-01-20,0.102,11.405,13.87,25.038,63.847
2021-01-21,0.0,10.105,14.595,23.861,61.386
2021-01-22,0.0,10.567,14.981,24.696,59.781
2021-01-23,0.984,8.206,15.005,21.777,58.711
2021-01-24,0.0,10.528,14.91,24.524,56.357
2021-01-25,0.0,9.764,15.522,23.984,55.287
2021-01-26,1.794,9.97,15.084,23.908,50.579
2021-01-27,1.428,10.865,14.989,24.94,49.188
2021-01-28,2.544,10.663,14.639,24.416,47.69
2021-01-29,0.0,11.748,14.753,25.837,47.69
2021-01-30,0.0,11.001,14.693,24.837,47.499
2021-01-31,0.0,11.652,14.932,25.793,44.821
2021-02-01,0.0,9.501,16.236,24.054,44.534
2021-02-02,0.0,8.49,16.231,22.829,43.196
2021-02-03,0.0,10.072,16.106,24.595,41.482
2021-02-04,0.0,10.493,15.122,24.383,37.22
2021-02-05,3.429,9.042,16.486,23.598,35.223
2021-02-06,5.49,10.093,16.22,24.62,45.425
2021-02-07,5.331,11.355,14.774,25.12,44.675
2021-02-08,3.865,9.74,15.848,23.891,51.802
2021-02-09,25.701,9.308,15.674,23.277,73.217
2021-02-10,1.935,9.715,15.448,23.508,108.282
2021-02-11,0.882,9.726,15.997,23.894,66.373
2021-02-12,0.0,7.651,16.217,21.709,61.564
2021-02-13,0.0,7.783,15.872,21.562,99.2
2021-02-14,3.635,9.161,14.875,22.389,64.281
2021-02-15,3.026,9.204,15.62,22.967,60.53
2021-02-16,3.168,9.876,15.046,23.345,57.427
2021-02-17,1.139,9.165,15.478,22.766,74.679
2021-02-18,2.776,5.737,16.728,20.024,187.548
2021-02-19,36.609,5.706,16.418,19.728,310.811
2021-02-20,0.0,7.754,15.549,21.141,296.729
2021-02-21,6.303,8.556,15.707,22.149,332.353
2021-02-22,0.0,8.273,15.802,21.91,349.1
2021-02-23,0.0,10.014,15.633,23.761,266.893
2021-02-24,0.742,10.961,14.826,24.283,183.313
2021-02-25,0.0,8.978,17.402,23.894,149.256
2021-02-26,0.565,9.798,15.766,23.565,125.569
2021-02-27,39.176,9.359,15.457,22.829,155.544
2021-02-28,9.817,9.074,16.136,22.981,161.195
2021-03-01,14.307,6.338,15.587,19.59,230.149
2021-03-02,5.51,8.116,15.408,21.326,454.045
2021-03-03,5.475,8.219,15.288,21.321,349.742
2021-03-04,2.496,7.531,15.889,21.014,331.871
2021-03-05,10.115,8.236,15.402,21.397,385.476
2021-03-06,2.552,8.644,15.231,21.739,262.93
2021-03-07,6.21,9.133,16.019,22.864,190.289
2021-03-08,21.646,5.555,16.736,19.731,279.716
2021-03-09,0.544,9.848,15.149,23.038,202.424
2021-03-10,9.756,6.989,14.432,19.253,255.507
2021-03-11,4.684,6.35,15.334,19.28,271.59
2021-03-12,1.916,6.981,15.628,20.215,385.677
2021-03-13,8.038,8.461,15.38,21.579,393.686
2021-03-14,1.141,10.812,14.516,23.622,308.83
2021-03-15,7.081,7.782,14.546,20.158,330.615
2021-03-16,17.956,9.969,14.465,22.598,268.162
2021-03-17,0.345,10.559,13.66,22.723,248.06
2021-03-18,5.802,6.901,15.367,19.897,309.846
2021-03-19,0.838,9.748,15.03,22.75,223.71
2021-03-20,3.13,7.557,15.019,20.274,265.216
2021-03-21,0.0,9.662,14.799,22.454,209.167
2021-03-22,3.888,7.031,16.054,20.533,344.378
2021-03-23,0.0,9.753,15.435,23.052,377.082
2021-03-24,8.756,8.145,15.351,21.193,329.937
2021-03-25,0.711,10.91,13.957,23.315,261.274
2021-03-26,5.378,9.685,14.793,22.5,211.382
2021-03-27,8.983,7.999,15.764,21.332,208.573
2021-03-28,20.194,10.901,15.712,24.516,174.089
2021-03-29,1.509,9.245,15.562,22.53,179.149
2021-03-30,2.178,9.679,16.253,23.524,145.465
2021-03-31,8.911,9.64,17.043,24.073,137.579
2021-04-01,34.698,7.232,16.226,20.878,154.907
2021-04-02,0.261,8.962,15.592,22.266,122.697
2021-04-03,4.304,9.098,15.87,22.633,119.83
2021-04-04,11.649,8.261,15.788,21.63,114.893
2021-04-05,2.187,10.532,15.421,23.908,120.149
2021-04-06,12.007,7.366,15.878,20.802,147.741
2021-04-07,1.114,8.9,15.182,21.935,112.747
2021-04-08,0.0,9.833,15.571,23.261,94.683
2021-04-09,14.058,7.539,15.897,20.981,201.137
2021-04-10,0.0,11.085,15.245,24.47,126.069
2021-04-11,8.079,9.955,15.416,23.285,104.184
2021-04-12,13.016,7.826,16.122,21.459,93.026
2021-04-13,0.0,10.513,15.318,23.883,84.684
2021-04-14,22.849,9.222,16.511,23.31,77.64
2021-04-15,9.323,9.6,15.823,23.22,76.673
2021-04-16,21.791,9.227,15.777,22.791,109.916
2021-04-17,14.36,8.511,15.207,21.598,84.354
2021-04-18,5.065,9.147,14.451,21.745,100.63
2021-04-19,7.732,8.989,15.698,22.465,131.157
2021-04-20,6.55,10.386,14.63,23.332,85.693
2021-04-21,8.516,8.809,14.693,21.568,118.455
2021-04-22,3.559,11.866,13.318,24.228,81.646
2021-04-23,9.103,7.274,16.098,20.97,91.807
2021-04-24,0.0,9.608,15.149,22.848,87.883
2021-04-25,1.333,8.465,15.717,21.97,73.423
2021-04-26,12.672,8.335,15.649,21.785,83.067
2021-04-27,5.458,8.126,16.19,21.986,104.609
2021-04-28,5.429,7.971,15.617,21.361,156.524
2021-04-29,1.752,6.162,15.897,19.658,182.765
2021-04-30,16.659,4.813,15.872,18.375,255.6
2021-05-01,2.001,9.916,13.465,22.065,155.155
2021-05-02,5.152,7.343,16.332,21.31,351.444
2021-05-03,13.706,8.036,15.261,21.226,292.403
2021-05-04,0.252,10.389,15.06,23.796,228.421
2021-05-05,0.718,9.272,15.37,22.761,171.426
2021-05-06,5.286,9.519,15.5,23.122,168.32
2021-05-07,6.795,9.67,15.693,23.459,246.116
2021-05-08,12.913,9.421,15.905,23.34,208.16
2021-05-09,8.649,10.271,15.372,23.965,181.946
2021-05-10,4.811,8.895,15.84,22.709,155.701
2021-05-11,0.0,10.654,15.476,24.549,133.019
2021-05-12,1.167,10.068,16.16,24.378,114.609
2021-05-13,2.695,10.481,15.785,24.584,105.546
2021-05-14,11.03,9.199,16.272,23.451,121.931
2021-05-15,8.071,8.751,15.489,22.394,110.666
2021-05-16,11.919,8.428,15.981,22.391,136.96
2021-05-17,15.749,7.124,16.402,21.269,130.726
2021-05-18,4.648,8.406,16.008,22.408,265.585
2021-05-19,0.0,10.858,15.277,24.783,148.505
2021-05-20,0.402,10.08,15.818,24.25,98.278
2021-05-21,13.379,10.557,15.432,24.56,89.293
2021-05-22,6.528,9.084,15.731,23.024,105.843
2021-05-23,0.172,8.514,16.315,22.812,86.204
2021-05-24,0.0,8.882,16.891,23.723,84.522
2021-05-25,0.244,8.786,16.084,22.986,83.852
2021-05-26,15.839,8.887,15.332,22.562,99.025
2021-05-27,1.215,8.921,15.867,22.989,77.049
2021-05-28,0.998,8.165,15.56,21.927,89.539
2021-05-29,0.117,7.432,15.948,21.367,138.107
2021-05-30,2.788,8.656,15.685,22.573,208.772
2021-05-31,14.381,7.457,17.005,22.242,118.985
2021-06-01,5.687,8.832,15.177,22.446,134.664
2021-06-02,7.622,8.926,15.524,22.804,97.744
2021-06-03,8.886,9.076,16.125,23.454,110.101
2021-06-04,6.109,9.396,15.378,23.285,203.009
2021-06-05,5.442,8.869,15.364,22.663,107.461
2021-06-06,8.608,7.832,15.438,21.495,89.285
2021-06-30,3.615,9.172,14.927,22.766,70.838
2021-07-01,0.0,8.847,15.364,22.698,66.032
2021-07-02,0.0,9.625,15.84,24.011,73.608
2021-07-03,0.0,10.084,15.394,24.215,65.924
2021-07-04,0.0,9.55,15.125,23.386,61.386
2021-07-05,0.0,9.003,15.739,23.147,58.069
2021-07-06,0.0,10.796,14.908,24.736,55.287
2021-07-07,0.0,9.971,15.356,24.033,52.933
2021-07-08,0.769,9.62,16.345,24.326,52.826
2021-07-09,2.174,8.405,16.073,22.66,52.826
2021-07-10,0.72,7.796,16.375,22.231,56.25
2021-07-11,6.516,9.133,15.538,23.125,60.209
2021-07-12,3.843,8.491,16.761,23.247,56.25
2021-07-13,3.546,9.304,15.397,23.212,58.925
2021-07-14,0.0,9.807,15.47,23.856,52.826
2021-07-15,0.111,9.721,15.967,24.098,49.616
2021-07-16,1.425,9.832,14.94,23.473,48.45
2021-07-17,0.0,8.422,15.693,22.332,47.674
2021-07-18,2.228,9.046,16.16,23.418,46.886
2021-07-19,0.0,9.956,16.514,24.707,53.051
2021-07-20,0.0,10.414,16.147,25.008,48.553
2021-07-21,0.501,9.966,15.913,24.277,43.291
2021-07-22,0.586,10.152,16.443,24.872,43.1
2021-07-23,2.206,9.063,16.986,24.011,44.276
2021-07-24,11.435,7.271,16.06,21.274,65.25
2021-07-25,7.976,7.085,14.848,20.106,92.564
2021-07-26,0.091,9.187,14.535,22.318,69.778
2021-07-27,22.042,6.896,16.054,20.783,106.259
2021-07-28,1.34,10.041,14.736,23.421,73.325
2021-07-29,0.122,10.94,14.53,24.37,57.457
2021-07-30,0.31,10.782,15.538,24.867,62.669
2021-07-31,0.574,11.997,15.511,26.299,50.686
2021-08-01,0.025,9.677,14.394,22.679,46.267
2021-08-02,0.153,10.119,15.41,23.932,44.534
2021-08-03,0.063,8.715,15.889,22.639,43.196
2021-08-04,0.0,10.819,15.038,24.492,43.1
2021-08-05,0.0,11.229,14.122,24.342,43.1
2021-08-06,0.06,9.845,14.5,22.932,43.1
2021-08-07,0.471,10.445,14.462,23.636,43.494
2021-08-08,4.429,9.597,14.731,22.772,48.232
2021-08-09,10.356,10.339,15.549,24.212,56.582
2021-08-10,8.603,8.649,16.122,22.668,47.364
2021-08-11,0.043,9.957,15.921,24.024,43.961
2021-08-12,12.207,9.011,15.639,22.698,44.029
2021-08-13,2.332,8.67,15.467,22.152,68.796
2021-08-14,5.394,8.339,15.587,21.897,134.192
2021-08-15,17.679,9.462,14.883,22.592,150.913
2021-08-16,4.704,7.606,14.799,20.402,99.763
2021-08-17,7.813,8.201,14.973,21.212,88.906
2021-08-18,0.578,8.606,15.533,22.068,89.9
2021-08-19,7.215,7.053,15.571,20.416,98.398
2021-08-20,3.638,7.699,15.723,21.188,112.13
2021-08-21,1.723,10.005,14.861,23.163,90.273
2021-08-22,0.0,9.419,16.079,23.38,69.985
2021-08-23,3.839,8.491,16.44,22.587,67.077
2021-08-24,17.143,6.165,15.53,19.47,91.998
2021-08-25,2.629,7.93,16.207,21.799,96.742
2021-08-26,13.306,8.668,15.671,22.223,188.703
2021-08-27,0.6,9.25,15.973,23.076,85.328
2021-08-28,7.974,9.759,15.272,23.122,76.708
2021-08-29,3.737,8.623,15.582,22.057,61.199
2021-08-30,2.288,6.843,15.954,20.41,134.064
2021-08-31,3.649,9.337,14.761,22.22,100.782
2021-09-01,6.565,9.317,14.783,22.217,79.714
2021-09-02,0.042,11.53,14.315,24.484,70.583
2021-09-03,0.0,10.966,13.924,23.527,59.888
2021-09-04,2.368,11.231,13.957,23.88,59.139
2021-09-05,3.928,11.326,13.467,23.633,64.493
2021-09-06,3.525,7.26,16.234,21.038,90.69
2021-09-07,1.894,9.301,15.098,22.408,127.45
2021-09-08,12.241,8.577,15.171,21.63,79.203
2021-09-09,0.0,10.482,15.429,23.995,70.094
2021-09-10,2.274,9.665,15.821,23.348,61.92
2021-09-11,7.01,9.869,14.198,22.378,80.007
2021-09-12,5.223,8.342,15.53,21.633,78.006
2021-09-13,0.0,10.684,14.609,23.666,69.803
2021-09-14,0.0,10.229,14.788,23.255,62.349
2021-09-15,0.869,10.636,13.791,23.03,65.069
2021-09-16,2.337,10.094,14.755,23.068,71.651
2021-09-17,0.0,11.257,14.905,24.522,51.756
2021-09-18,0.0,10.545,15.082,23.834,48.653
2021-09-19,0.478,10.996,14.318,23.826,47.594
2021-09-20,0.396,10.674,14.995,23.918,47.021
2021-09-21,12.314,8.959,15.641,22.424,53.147
2021-09-22,1.857,8.044,15.905,21.62,71.061
2021-09-23,13.256,8.135,15.34,21.293,210.272
2021-09-24,0.431,10.525,15.242,23.951,89.519
2021-09-25,0.0,11.479,15.883,25.465,56.601
2021-09-26,0.101,11.444,15.59,25.269,48.867
2021-09-27,1.894,12.565,14.424,25.807,47.69
2021-09-28,2.883,7.995,15.625,21.375,48.439
2021-09-29,1.993,9.412,15.516,22.878,71.05
2021-09-30,13.094,6.822,15.818,20.25,142.887
2021-10-01,0.261,10.691,14.09,23.38,76.211
2021-10-02,1.0,9.786,14.899,22.938,58.726
2021-10-03,4.728,10.913,14.128,23.709,62.562
2021-10-04,0.292,10.168,15.236,23.622,57.962
2021-10-05,16.226,8.504,15.598,21.989,60.316
2021-10-06,2.899,8.269,16.106,22.098,66.884
2021-10-07,10.763,9.102,15.668,22.726,122.128
2021-10-08,15.187,10.561,15.31,24.188,68.737
2021-10-09,29.74,7.045,16.242,20.924,148.248
2021-10-10,4.694,8.905,15.389,22.304,80.481
2021-10-11,10.328,7.541,15.622,20.935,143.458
2021-10-12,0.384,9.674,15.397,23.247,75.091
2021-10-13,0.0,10.758,15.397,24.533,82.178
2021-10-14,10.124,9.091,16.72,23.584,94.697
2021-10-15,15.473,9.833,15.894,23.84,116.523
2021-10-16,18.965,9.159,15.079,22.476,120.282
2021-10-17,16.156,7.61,15.005,20.63,226.36
2021-10-18,2.13,9.218,14.948,22.481,99.202
2021-10-19,1.463,9.396,14.448,22.34,85.434
2021-10-20,0.272,8.948,14.185,21.625,80.225
2021-10-21,9.16,8.762,14.685,21.818,94.888
2021-10-22,27.795,7.807,16.038,21.747,106.791
2021-10-23,0.285,6.56,15.628,20.071,120.015
2021-10-24,5.129,9.598,14.073,22.418,123.078
2021-10-25,2.728,8.07,15.5,21.674,123.167
2021-10-26,5.346,7.712,15.633,21.364,220.985
2021-10-27,19.001,7.618,15.492,21.141,265.896
2021-10-28,2.763,9.74,15.565,23.696,144.821
2021-10-29,4.264,8.808,14.125,21.576,293.49
2021-10-30,18.86,8.592,14.807,21.842,114.909
2021-10-31,1.851,7.04,15.685,20.685,261.194
2021-11-01,8.067,9.059,15.633,23.035,188.065
2021-11-02,5.145,9.281,16.283,23.78,193.466
2021-11-03,10.906,8.229,15.641,22.106,288.554
2021-11-04,1.648,8.547,14.804,21.842,270.974
2021-11-05,0.411,9.507,15.261,23.383,191.221
2021-11-06,0.0,9.966,14.742,23.606,133.396
2021-11-07,0.3,9.587,14.562,23.033,117.919
2021-11-08,19.127,7.225,14.715,20.318,184.226
2021-11-09,20.219,7.779,14.701,20.959,525.814
2021-11-10,5.295,6.999,15.329,20.527,248.782
2021-11-11,28.07,8.712,15.217,22.484,361.166
2021-11-12,5.243,8.889,15.818,23.152,262.492
2021-11-13,12.118,6.526,14.663,19.492,290.858
2021-11-14,0.24,8.907,15.177,22.742,271.596
2021-11-15,2.038,7.627,15.228,21.272,194.966
2021-11-16,16.426,8.531,15.769,22.766,184.028
2021-11-17,0.0,9.616,14.951,23.549,169.271
2021-11-18,9.025,7.649,15.076,21.196,219.207
2021-11-19,0.0,7.523,14.84,20.859,245.708
2021-11-20,0.264,8.304,14.984,21.943,260.698
2021-11-21,4.758,8.101,15.666,22.296,182.797
2021-11-22,8.085,7.456,15.109,21.079,209.584
2021-11-23,0.622,6.8,15.182,20.375,312.508
2021-11-24,4.377,6.41,15.56,20.196,492.322
2021-11-25,31.064,5.472,15.818,19.348,362.859
2021-11-26,0.79,7.141,15.5,21.024,507.817
2021-11-27,26.811,7.273,15.755,21.416,369.722
2021-11-28,0.0,9.585,14.356,23.266,263.311
2021-11-29,10.51,7.154,15.353,20.976,269.506
2021-11-30,5.145,7.121,15.34,20.908,316.52
2021-12-01,0.0,9.861,14.628,23.851,239.302
2021-12-02,0.0,9.704,15.155,24.019,203.906
2021-12-03,10.756,7.767,16.106,22.332,165.561
2021-12-04,4.527,8.273,16.56,23.304,160.904
2021-12-05,10.92,8.719,15.155,22.791,179.831
2021-12-06,0.841,9.227,15.62,23.783,143.911
2021-12-07,0.0,10.55,15.079,25.101,127.504
2021-12-08,0.0,9.297,15.283,23.663,117.76
2021-12-09,7.367,8.261,15.639,22.603,115.371
2021-12-10,11.121,8.143,15.698,22.492,118.924
2021-12-11,30.799,5.838,16.571,20.473,153.857
2021-12-12,3.844,3.315,16.092,17.568,202.555
2021-12-13,0.0,8.268,15.288,22.353,164.952
2021-12-14,0.0,8.293,15.486,22.573,122.324
2021-12-15,0.0,9.357,15.068,23.628,107.279
2021-12-16,0.0,8.156,15.636,22.508,98.14
2021-12-17,0.0,8.446,16.196,23.285,99.42
2021-12-18,13.219,6.254,16.527,20.962,220.365
2021-12-19,0.0,8.932,16.258,23.929,125.802
2021-12-20,0.0,8.662,16.046,23.462,108.72
2021-12-21,2.069,6.512,16.106,20.967,116.756
2021-12-22,1.522,6.848,16.864,21.864,131.825
2021-12-23,0.0,7.716,16.601,22.663,136.752
2021-12-24,0.0,9.495,16.266,24.628,103.716
2021-12-25,0.0,8.323,17.228,23.878,101.049
2021-12-26,11.874,8.078,16.603,23.122,169.443
2021-12-27,0.782,6.74,16.332,21.399,147.124
2021-12-28,2.685,7.773,15.745,22.092,113.027
2021-12-29,38.555,5.775,15.726,19.723,140.146
2021-12-30,9.036,8.171,15.889,22.674,295.067
2021-12-31,0.0,8.081,15.916,22.571,121.692
2022-01-01,12.145,7.654,16.94,22.804,127.611
2022-01-02,18.311,7.819,16.364,22.595,111.858
2022-01-03,3.534,7.627,15.785,21.889,123.703
2022-01-04,0.131,8.829,14.951,22.755,145.352
2022-01-05,0.0,8.717,15.25,22.848,129.613
2022-01-06,1.261,6.923,15.516,20.807,325.292
2022-01-07,28.365,7.418,15.408,21.302,236.231
2022-01-08,0.0,9.191,14.171,22.649,114.474
2022-01-09,0.068,7.872,15.255,21.723,124.958
2022-01-10,0.823,6.655,16.098,20.908,122.053
2022-01-11,4.745,7.754,15.484,21.726,188.951
2022-01-12,0.052,7.666,15.957,21.986,109.698
2022-01-13,0.0,5.52,16.005,19.541,145.518
2022-01-14,0.059,8.63,14.56,22.068,129.316
2022-01-15,1.245,9.093,14.53,22.617,99.914
2022-01-16,0.061,9.341,14.427,22.867,92.316
2022-01-17,2.765,9.002,14.549,22.492,85.658
2022-01-18,0.0,9.636,14.193,23.038,82.527
2022-01-19,0.171,10.659,15.579,25.269,80.328
2022-01-20,0.0,10.18,16.5,25.302,76.662
2022-01-21,0.721,8.882,15.84,23.234,76.418
2022-01-22,11.699,7.901,15.584,21.826,76.52
2022-01-23,5.627,9.167,14.894,22.829,98.903
2022-01-24,0.259,9.155,15.804,23.484,76.804
2022-01-25,12.566,5.921,16.397,20.185,109.729
2022-01-26,4.4,7.651,15.723,21.573,84.071
2022-01-27,0.0,8.121,15.378,21.875,73.241
2022-01-28,1.211,9.396,15.236,23.307,82.405
2022-01-29,2.034,8.47,14.897,21.883,79.228
2022-01-30,1.459,7.949,15.014,21.334,80.694
2022-01-31,0.314,8.268,15.552,22.09,81.862
2022-02-01,0.0,10.025,14.201,23.253,70.144
2022-02-02,0.0,10.5,14.033,23.688,64.84
2022-02-03,0.0,9.706,15.182,23.484,58.925
2022-02-04,25.352,8.327,15.557,22.12,58.966
2022-02-05,6.219,7.796,15.603,21.503,95.692
2022-02-06,3.659,8.059,15.834,21.946,132.139
2022-02-07,0.0,6.927,16.804,21.429,76.719
2022-02-08,71.089,5.331,16.459,19.527,145.046
2022-02-09,11.258,8.405,14.649,21.435,120.325
2022-02-10,8.14,9.702,14.785,23.057,128.066
2022-02-11,0.057,10.352,14.84,23.859,80.225
2022-02-12,5.778,9.904,15.59,23.826,83.749
2022-02-13,1.201,8.581,15.723,22.356,82.241
2022-02-14,21.224,7.709,15.962,21.533,108.231
2022-02-15,4.104,9.337,16.024,23.41,94.1
2022-02-16,0.45,10.896,14.905,24.435,77.529
2022-02-17,2.013,9.313,15.834,23.215,92.242
2022-02-18,77.067,6.261,15.609,19.614,154.969
2022-02-19,1.006,8.547,15.807,22.272,157.119
2022-02-20,4.399,7.182,16.668,21.397,160.253
2022-02-21,4.611,9.144,15.576,22.717,183.833
2022-02-22,0.379,10.416,14.389,23.386,116.261
2022-02-23,10.938,9.947,15.965,23.924,96.975
2022-02-24,13.642,7.797,16.253,21.723,139.557
2022-02-25,15.675,8.356,15.511,21.723,225.975
2022-02-26,1.12,8.784,15.731,22.378,168.333
2022-02-27,5.637,6.876,16.245,20.753,189.771
2022-02-28,1.403,7.668,16.372,21.644,314.699
2022-03-01,10.564,7.973,16.606,22.117,231.917
2022-03-02,13.325,5.761,16.495,19.761,229.773
2022-03-03,0.616,8.974,16.022,22.772,190.281
2022-03-04,8.589,8.984,15.071,22.041,288.492
2022-03-05,17.286,7.921,16.332,21.842,385.937
2022-03-06,23.07,6.553,16.071,20.141,490.895
2022-03-08,0.0,10.911,14.698,23.935,496.471
2022-03-09,0.0,12.232,13.878,24.957,347.072
2022-03-10,0.0,11.763,14.821,25.016,283.947
2022-03-11,2.48,9.962,14.929,22.946,238.315
2022-03-12,0.511,10.75,14.136,23.326,246.341
2022-03-13,1.564,10.734,14.56,23.595,204.327
2022-03-14,2.395,9.995,15.255,23.22,183.326
2022-03-15,9.585,9.364,15.432,22.663,184.808
2022-03-16,0.0,9.101,15.473,22.38,202.993
2022-03-17,18.731,11.23,14.386,24.033,191.679
2022-03-18,0.0,9.735,16.079,23.546,138.799
2022-03-19,1.05,11.303,14.677,24.277,134.85
2022-03-20,20.161,8.305,16.812,22.538,130.022
2022-03-21,3.095,9.237,16.356,23.185,120.626
2022-03-22,2.285,8.24,16.168,21.938,117.76
2022-03-23,0.303,9.356,15.696,22.796,123.761
2022-03-24,3.452,10.188,16.364,24.196,139.064
2022-03-25,11.466,7.776,15.595,20.989,119.671
2022-03-26,5.194,7.52,16.584,21.5,115.687
2022-03-27,15.665,5.587,16.772,19.731,192.278
2022-03-28,14.443,8.722,16.399,22.609,202.262
2022-03-29,7.951,7.357,16.497,21.296,325.851
2022-03-30,17.729,8.472,16.522,22.402,158.881
2022-03-31,13.776,6.336,16.451,20.204,277.876
2022-04-01,5.155,9.723,15.149,22.842,463.268
2022-04-02,11.064,7.808,16.375,21.644,167.05
2022-04-03,7.858,8.94,15.139,21.91,143.449
2022-04-04,12.062,8.826,15.652,22.177,217.161
2022-04-05,8.425,9.763,14.399,22.323,205.929
2022-04-06,11.185,8.883,16.144,22.625,180.629
2022-04-07,24.489,9.64,14.959,22.565,224.404
2022-04-08,5.65,8.903,15.992,22.557,155.413
2022-04-09,11.764,9.607,15.101,22.679,339.872
2022-04-10,10.505,9.17,15.614,22.595,292.938
2022-04-11,4.55,9.33,16.22,23.223,223.879
2022-04-12,6.797,8.506,16.087,22.166,149.64
2022-04-13,6.157,7.926,17.188,22.454,183.069
2022-04-14,6.026,10.971,14.543,23.894,140.237
2022-04-15,4.95,10.638,15.611,24.231,134.0
2022-04-16,36.091,7.88,15.946,21.427,159.768
2022-04-17,0.482,8.725,16.03,22.405,134.137
2022-04-18,23.085,7.416,16.399,21.296,214.005
2022-04-19,13.665,6.527,15.872,19.986,330.813
2022-04-20,2.957,7.629,15.606,20.88,225.98
2022-04-21,9.901,9.633,15.726,23.207,352.088
2022-04-22,1.157,9.085,15.413,22.389,389.734
2022-04-23,1.919,9.943,15.641,23.552,381.534
2022-04-24,2.684,9.177,16.087,23.027,299.235
2022-04-25,22.285,6.182,15.554,19.378,411.946
2022-04-26,0.0,9.805,13.688,22.043,242.401
2022-04-27,3.642,9.018,16.163,22.959,208.458
2022-04-28,27.865,4.209,16.383,18.302,474.144
2022-04-29,1.186,10.077,15.117,23.394,249.848
2022-04-30,3.983,9.805,15.622,23.473,179.198
2022-05-01,3.29,10.072,15.736,23.905,173.663
2022-05-02,0.0,10.493,15.717,24.402,160.087
2022-05-03,1.42,11.405,15.535,25.356,139.729
2022-05-04,0.405,9.756,16.035,23.799,127.345
2022-05-05,14.584,6.433,14.783,19.076,141.284
2022-05-06,0.696,7.55,16.185,21.459,171.638
2022-05-07,1.624,7.085,15.87,20.674,191.389
2022-05-08,5.15,10.729,15.394,24.508,136.841
2022-05-09,15.308,10.467,15.087,23.992,135.835
2022-05-10,18.448,9.91,14.092,22.647,243.264
2022-05-11,5.775,7.94,16.182,21.918,154.682
2022-05-12,5.312,9.499,16.959,24.264,165.835
2022-05-13,7.843,9.474,15.432,23.155,150.895
2022-05-14,6.921,8.344,16.709,22.837,144.971
2022-05-15,1.31,9.673,16.726,24.397,138.032
2022-05-16,10.526,7.694,16.519,21.981,118.093
2022-05-17,11.592,7.052,16.796,21.56,192.002
2022-05-18,10.87,6.099,15.728,19.644,158.052
2022-05-19,0.312,8.375,15.484,22.011,140.411
2022-05-20,10.759,8.144,14.78,21.236,157.139
2022-05-21,1.438,7.671,16.065,21.671,148.313
2022-05-22,0.882,9.965,15.383,23.845,134.488
2022-05-23,11.471,9.517,14.826,22.902,257.52
2022-05-24,1.229,9.507,15.071,23.068,141.511
2022-05-25,11.097,9.173,15.962,23.329,128.589
2022-05-26,8.902,8.112,16.709,22.685,116.856
2022-05-27,5.861,9.199,16.174,23.533,98.885
2022-05-28,1.965,8.201,15.886,22.204,97.43
2022-05-29,1.953,8.77,15.712,22.728,104.817
2022-05-30,3.545,7.565,15.696,21.353,100.665
2022-05-31,4.018,7.526,15.413,21.133,148.296
2022-06-01,0.616,8.59,14.296,21.511,105.209
2022-06-02,13.999,6.562,14.834,19.546,167.051
2022-06-03,4.754,6.035,15.234,19.288,124.378
2022-06-04,2.205,8.023,14.59,21.046,188.342
2022-06-05,7.393,9.828,14.133,22.951,175.87
2022-06-06,3.945,10.3,13.606,23.193,265.443
2022-06-07,33.119,6.216,15.19,19.495,487.394
2022-06-08,1.018,8.749,14.318,21.736,222.861
2022-06-09,0.728,8.175,14.97,21.56,176.377
2022-06-10,0.295,8.894,14.671,22.231,142.255
2022-06-11,14.352,7.3,15.092,20.663,272.607
2022-06-12,2.652,8.816,15.503,22.734,209.823
2022-06-13,9.274,7.51,15.976,21.562,193.927
2022-06-14,0.0,7.944,14.554,21.0,156.047
2022-06-15,0.268,8.46,15.541,22.372,132.696
2022-06-16,1.712,8.359,15.307,22.076,115.984
2022-06-17,6.89,6.368,15.291,19.791,152.744
2022-06-18,5.821,7.588,14.595,20.668,232.967
2022-06-19,8.416,8.335,14.69,21.603,336.199
2022-06-20,23.444,7.057,15.293,20.522,188.071
2022-06-21,13.81,8.837,14.611,22.144,184.578
2022-06-22,1.644,8.78,15.568,22.791,151.767
2022-06-23,19.482,7.602,14.326,20.402,130.256
2022-06-24,0.0,8.405,14.315,21.405,148.801
2022-06-25,2.184,8.187,15.239,21.853,278.547
2022-06-26,1.996,7.861,14.992,21.231,157.823
2022-06-27,0.137,8.327,13.677,20.834,214.731
2022-06-28,0.111,7.918,14.902,21.28,195.783
2022-06-29,6.519,8.316,15.035,21.834,184.106
2022-06-30,3.618,9.033,14.788,22.524,116.819
2022-07-01,3.038,9.199,15.508,23.255,109.638
2022-07-02,7.503,9.155,16.068,23.595,114.893
2022-07-03,0.0,9.478,16.285,24.144,111.04
2022-07-04,0.618,8.072,16.856,22.924,94.446
2022-07-05,0.741,8.892,16.182,23.378,87.059
2022-07-06,0.0,9.947,16.109,24.571,85.252
2022-07-07,0.0,9.988,15.851,24.421,78.739
2022-07-08,0.271,7.737,16.402,22.141,76.54
2022-07-09,0.0,10.405,15.679,24.783,76.54
2022-07-10,3.675,8.173,16.582,22.799,77.171
2022-07-11,3.029,7.004,16.193,21.19,82.666
2022-07-12,0.779,8.717,15.965,22.938,77.415
2022-07-13,9.513,8.294,16.323,22.682,85.005
2022-07-14,2.12,8.742,15.81,22.845,100.465
2022-07-15,0.106,9.501,15.427,23.459,164.372
2022-07-16,1.156,9.57,15.144,23.31,80.729
2022-07-17,3.278,8.629,15.614,22.533,95.114
2022-07-18,8.096,9.281,15.951,23.533,82.78
2022-07-19,0.114,10.133,16.174,24.704,69.82
2022-07-20,2.086,7.815,16.231,22.005,77.674
2022-07-21,0.101,8.927,15.579,22.807,94.202
2022-07-22,0.259,8.0,15.848,21.957,76.262
2022-07-23,6.906,6.619,15.443,20.057,117.54
2022-07-24,2.679,7.88,15.783,21.723,131.688
2022-07-25,30.348,7.591,15.065,20.804,422.485
2022-07-26,2.171,7.751,15.272,21.147,149.341
2022-07-27,4.522,7.087,15.666,20.728,150.126
2022-07-28,13.315,7.262,15.552,20.799,249.188
2022-07-29,0.0,10.619,14.565,24.027,172.53
2022-07-30,1.357,9.937,15.582,23.889,90.559
2022-07-31,15.819,9.366,15.054,22.802,105.113
2022-08-01,4.929,8.921,15.389,22.565,114.453
2022-08-02,12.107,7.326,15.236,20.579,343.586
2022-08-03,0.0,9.512,15.535,23.293,103.078
2022-08-04,6.646,8.217,15.734,21.951,83.581
2022-08-05,5.172,7.763,16.236,21.832,76.866
2022-08-06,11.492,8.247,15.696,21.981,293.93
2022-08-07,0.0,10.454,15.31,24.212,147.765
2022-08-08,0.0,10.658,15.742,24.755,97.499
2022-08-09,0.302,8.104,16.182,22.076,85.678
2022-08-10,0.0,9.738,16.234,24.0,80.45
2022-08-11,0.358,9.324,16.139,23.465,75.685
2022-08-12,12.228,8.83,15.592,22.454,74.764
2022-08-13,9.403,7.21,15.807,20.807,134.052
2022-08-14,1.087,8.664,16.098,22.609,107.227
2022-08-15,8.66,8.877,15.546,22.438,104.369
2022-08-16,1.717,10.124,14.63,23.212,87.44
2022-08-17,0.06,11.691,14.465,24.951,75.929
2022-08-18,2.068,9.791,15.174,23.207,72.997
2022-08-19,0.397,10.957,15.383,24.668,76.071
2022-08-20,5.545,8.782,15.318,22.101,85.312
2022-08-21,0.688,10.465,13.658,22.872,84.183
2022-08-22,0.625,8.211,15.071,21.274,68.964
2022-08-23,0.0,10.718,14.147,23.505,63.954
2022-08-24,0.0,11.356,14.141,24.264,62.028
2022-08-25,0.0,9.684,15.312,23.103,59.219
2022-08-26,0.998,9.584,14.954,22.704,72.753
2022-08-27,4.464,10.615,14.095,23.302,60.071
2022-08-28,0.336,8.194,15.005,21.149,71.011
2022-08-29,1.981,9.642,15.264,22.962,61.753
2022-08-30,0.0,10.087,15.557,23.723,57.32
2022-08-31,2.655,8.572,15.679,22.057,56.464
2022-09-01,1.006,8.127,15.66,21.592,58.818
2022-09-02,5.546,7.628,15.932,21.212,60.759
2022-09-03,1.916,10.702,15.492,24.329,63.311
2022-09-04,1.152,10.144,15.25,23.489,56.357
2022-09-05,0.171,10.075,15.323,23.462,52.184
2022-09-06,0.0,9.267,16.603,23.5,50.151
2022-09-07,0.034,9.57,16.054,23.446,47.797
2022-09-08,0.78,10.618,15.177,23.995,47.594
2022-09-09,2.91,9.885,14.954,22.967,46.256
2022-09-10,3.401,9.62,15.543,23.103,45.395
2022-09-11,5.335,9.569,15.853,23.299,44.63
2022-09-12,0.891,11.408,13.87,24.016,48.693
2022-09-13,0.282,9.799,14.984,22.921,92.388
2022-09-14,16.422,9.511,14.109,21.948,62.256
2022-09-15,6.849,9.899,15.177,23.125,74.194
2022-09-16,18.505,7.087,15.625,20.383,51.007
2022-09-17,1.77,9.288,14.812,22.215,55.715
2022-09-18,0.0,9.06,15.516,22.476,52.077
2022-09-19,0.134,9.015,14.427,21.622,61.53
2022-09-20,12.552,7.882,15.486,21.092,184.106
2022-09-21,2.353,8.76,14.622,21.457,87.145
2022-09-22,8.315,8.925,14.889,21.823,77.395
2022-09-23,2.394,10.746,14.538,23.69,90.085
2022-09-24,7.026,8.279,14.916,21.111,248.517
2022-09-25,8.209,9.932,14.027,22.364,92.213
2022-09-26,3.703,11.246,14.168,24.038,61.982
2022-09-27,0.827,10.782,14.951,24.062,57.855
2022-09-28,2.372,8.01,15.082,20.967,76.146
2022-09-29,8.614,8.253,15.5,21.587,102.472
2022-09-30,13.789,7.957,15.402,21.141,68.906
2022-10-01,20.53,9.139,15.266,22.394,89.87
2022-10-02,5.806,10.95,14.31,23.84,72.979
2022-10-03,0.378,10.538,14.989,23.859,56.357
2022-10-04,13.293,9.489,13.639,21.641,65.752
2022-10-05,26.226,8.687,13.315,20.481,94.991
2022-10-06,9.143,8.02,15.696,21.522,107.909
2022-10-07,12.993,8.767,15.326,22.062,137.567
2022-10-08,40.161,6.792,15.707,20.204,285.193
2022-10-09,5.499,7.754,15.372,21.014,133.182
2022-10-10,7.68,8.025,15.981,21.812,95.358
2022-10-11,0.404,9.054,15.166,22.342,77.211
2022-10-12,17.227,8.454,14.655,21.272,78.922
2022-10-13,4.371,8.899,13.772,21.19,114.392
2022-10-14,21.75,8.786,15.481,22.31,84.76
2022-10-15,6.364,8.118,15.562,21.622,76.824
2022-10-16,0.0,9.707,15.606,23.495,90.872
2022-10-17,39.309,6.972,15.079,20.003,282.861
2022-10-18,2.973,7.067,15.231,20.215,186.47
2022-10-19,4.42,7.638,16.19,21.611,194.782
2022-10-20,62.909,6.558,14.967,19.481,674.266
2022-10-21,8.675,8.914,14.967,22.163,288.813
2022-10-22,16.503,7.114,16.209,21.095,343.889
2022-10-23,12.463,7.737,15.978,21.609,271.284
2022-10-24,32.317,7.351,16.0,21.242,343.913
2022-10-25,3.53,8.238,15.97,22.236,219.727
2022-10-26,6.001,4.809,16.519,19.057,241.5
2022-10-27,1.805,8.579,15.679,22.399,196.575
2022-10-28,12.186,5.458,16.334,19.535,256.8
2022-10-29,11.964,8.738,15.231,22.285,524.196
2022-10-30,0.0,9.398,15.649,23.408,385.97
2022-10-31,0.694,10.744,14.976,24.59,259.355
2022-11-01,0.0,11.724,13.649,24.943,231.817
2022-11-02,14.895,7.972,15.573,21.726,172.378
2022-11-03,10.271,8.952,15.312,22.726,182.39
2022-11-04,4.609,6.687,16.092,20.742,262.354
2022-11-05,5.355,6.964,15.812,20.769,170.423
2022-11-06,15.747,9.158,15.383,23.035,214.164
2022-11-07,10.445,8.137,15.799,22.152,184.676
2022-11-08,39.112,9.097,14.418,22.323,446.743
2022-11-09,26.167,8.092,14.622,21.253,500.191
2022-11-10,28.81,7.833,15.44,21.546,375.432
2022-11-11,3.926,8.867,14.804,22.367,338.701
2022-11-12,16.701,5.784,15.193,19.065,579.088
2022-11-13,0.255,8.454,14.707,21.815,354.082
2022-11-14,6.339,8.58,15.0,22.188,235.589
2022-11-15,0.651,7.742,16.315,22.239,248.371
2022-11-16,2.803,8.153,15.603,22.19,220.649
2022-11-17,12.282,7.644,15.438,21.462,275.279
2022-11-18,25.772,6.991,15.812,21.008,406.005
2022-11-19,0.0,9.613,14.255,23.035,301.032
2022-11-20,4.824,7.444,15.508,21.321,212.457
2022-11-21,10.678,7.944,15.652,22.06,352.906
2022-11-22,13.949,5.787,16.37,20.13,371.518
2022-11-23,0.0,7.151,15.424,20.927,346.932
2022-11-24,1.83,8.857,14.701,22.492,316.766
2022-11-25,0.0,9.004,14.375,22.473,256.236
2022-11-26,5.983,6.688,16.329,21.125,228.819
2022-11-27,16.795,5.371,15.443,18.929,208.795
2022-11-28,0.776,6.512,14.758,19.723,261.685
2022-11-29,11.564,6.611,14.766,19.821,390.653
2022-11-30,14.41,7.844,15.562,21.921,248.935
2022-12-01,24.997,7.759,16.666,22.698,270.1
2022-12-02,1.455,8.166,16.084,22.769,394.888
2022-12-03,5.727,8.523,15.068,22.454,373.04
2022-12-04,4.846,5.411,15.307,18.921,363.703
2022-12-05,0.0,7.441,15.304,21.288,350.428
2022-12-06,2.503,8.666,14.516,22.264,292.577
2022-12-07,6.124,6.603,15.682,20.609,291.449
2022-12-08,0.159,8.076,15.408,22.171,274.739
2022-12-09,0.34,8.872,15.0,22.913,200.078
2022-12-10,3.77,8.032,14.799,21.734,169.887
2022-12-11,2.051,7.768,15.538,21.916,176.116
2022-12-12,5.157,8.097,14.793,21.793,168.767
2022-12-13,2.97,8.508,14.389,22.03,173.851
2022-12-14,0.0,8.783,15.413,23.117,137.653
2022-12-15,0.0,9.351,14.712,23.353,126.359
2022-12-16,0.0,9.92,14.981,24.277,122.582
2022-12-17,0.248,9.481,14.774,23.568,136.249
2022-12-18,13.929,8.885,13.981,22.231,149.835
2022-12-19,0.0,9.858,14.516,23.889,139.355
2022-12-20,0.457,10.412,14.144,24.345,103.449
2022-12-21,1.559,9.158,14.832,23.196,130.45
2022-12-22,0.265,10.071,13.957,23.753,98.459
2022-12-23,3.589,9.742,14.984,24.057,104.394
2022-12-24,28.661,8.285,14.81,22.062,140.202
2022-12-25,3.62,7.725,16.011,22.255,163.441
2022-12-26,0.0,7.32,15.568,21.394,108.363
2022-12-27,22.064,8.035,14.989,21.883,185.809
2022-12-28,4.967,8.433,14.37,21.924,138.451
2022-12-29,20.7,9.868,14.307,23.728,171.734
2022-12-30,0.0,9.608,13.861,23.06,98.373
2022-12-31,47.965,7.228,14.799,20.685,132.543
