fecha,Precipitacion,ETP_,Temperatura_minima,Temperatura_maxima,Caudal
1981-01-01,6.47,8.217,17.038,23.726,296.3
1981-01-02,17.188,9.988,15.257,24.66,282.3
1981-01-03,0.891,9.396,17.41,25.458,250.3
1981-01-04,0.0,10.995,15.34,26.056,221.4
1981-01-05,0.0,10.241,16.406,25.757,222.7
1981-01-06,3.965,10.327,15.875,25.503,200.9
1981-01-07,0.0,11.563,14.524,26.163,191.8
1981-01-08,10.093,9.797,15.0,24.177,275.0
1981-01-09,0.682,10.027,16.181,25.281,201.5
1981-01-10,0.046,11.875,14.868,26.771,179.1
1981-01-11,0.0,10.667,15.931,25.875,246.1
1981-01-12,11.494,9.339,16.826,24.802,237.7
1981-01-13,0.0,9.093,15.976,23.868,206.5
1981-01-14,0.456,9.147,16.285,24.156,176.6
1981-01-15,0.0,10.491,16.878,26.25,163.6
1981-01-16,0.0,10.499,15.035,24.976,161.7
1981-01-17,0.0,10.021,16.472,25.33,159.3
1981-01-18,0.151,10.078,17.306,25.955,155.5
1981-01-19,0.535,10.972,16.413,26.417,151.5
1981-01-20,0.0,11.779,15.01,26.483,146.3
1981-01-21,4.281,9.894,17.288,25.625,140.2
1981-01-22,1.047,10.308,15.642,24.965,135.4
1981-01-23,2.133,11.415,16.75,27.076,131.2
1981-01-24,0.459,11.262,16.66,26.799,127.6
1981-01-25,0.459,8.437,17.111,23.708,152.0
1981-01-26,0.0,10.466,15.278,24.837,139.8
1981-01-27,0.0,11.832,15.806,26.865,124.1
1981-01-28,0.0,11.236,16.49,26.594,178.4
1981-01-29,0.892,10.043,17.406,25.733,277.2
1981-01-30,0.0,10.627,15.417,25.007,174.4
1981-01-31,73.534,9.431,16.792,24.476,341.4
1981-02-01,0.0,10.224,16.163,24.969,204.1
1981-02-02,9.0,12.382,15.448,27.135,164.9
1981-02-03,45.615,9.403,16.302,24.069,282.7
1981-02-04,0.0,10.559,17.441,26.212,184.7
1981-02-05,10.844,10.217,15.26,24.212,343.7
1981-02-06,0.0,10.542,17.122,25.917,232.1
1981-02-07,9.583,11.669,16.007,26.472,246.0
1981-02-08,7.581,11.581,16.931,26.965,185.8
1981-02-09,25.481,8.397,17.24,23.49,397.6
1981-02-10,0.0,13.223,15.146,27.719,220.9
1981-02-11,0.952,12.304,15.812,27.028,247.4
1981-02-12,36.462,9.21,16.604,23.823,363.1
1981-02-13,0.85,10.062,16.226,24.542,233.8
1981-02-14,6.409,8.047,17.809,23.385,224.4
1981-02-15,0.0,10.086,17.785,25.649,275.7
1981-02-16,0.0,9.389,18.389,25.302,264.8
1981-02-17,13.206,8.479,17.688,23.753,255.1
1981-02-18,1.478,11.13,16.549,25.913,199.2
1981-02-19,8.684,10.527,16.024,24.785,276.6
1981-02-20,31.139,9.466,16.389,23.809,321.0
1981-02-21,7.206,12.728,13.688,25.872,236.6
1981-02-22,5.406,10.097,17.111,25.014,252.7
1981-02-23,46.397,7.303,16.938,21.764,398.9
1981-02-24,6.645,10.031,16.76,24.677,298.8
1981-02-25,0.0,10.433,15.903,24.5,445.4
1981-02-26,0.0,11.083,16.319,25.531,310.0
1981-02-27,2.36,12.295,16.524,27.062,248.5
1981-02-28,1.641,11.298,17.566,26.597,215.5
1981-03-01,0.0,13.913,16.184,28.656,189.1
1981-03-02,22.42,11.624,17.389,26.819,177.5
1981-03-03,14.763,13.01,17.177,28.226,161.9
1981-03-04,0.0,13.766,16.715,28.76,158.6
1981-03-05,0.0,12.044,16.035,26.274,160.0
1981-03-06,10.893,8.754,17.528,23.635,240.8
1981-03-07,0.0,10.02,17.948,25.323,163.9
1981-03-08,26.22,8.645,17.562,23.594,295.9
1981-03-09,9.43,9.708,17.712,24.792,274.5
1981-03-10,42.922,9.638,17.917,24.851,279.6
1981-03-11,27.208,10.009,17.198,24.729,255.4
1981-03-12,21.376,8.819,16.347,22.764,279.5
1981-03-13,5.281,11.608,17.469,26.67,200.6
1981-03-14,3.344,8.411,18.094,23.677,214.5
1981-03-15,10.175,10.001,17.33,24.757,254.9
1981-03-16,0.0,10.32,17.163,24.983,274.2
1981-03-17,5.65,8.351,17.115,22.802,246.7
1981-03-18,7.102,11.774,16.181,25.924,226.0
1981-03-19,5.691,11.087,15.101,24.382,194.1
1981-03-20,0.114,10.128,16.542,24.267,169.1
1981-03-21,0.0,10.929,16.757,25.323,161.2
1981-03-22,1.168,11.138,16.198,25.167,158.0
1981-03-23,4.324,11.589,15.326,25.056,158.4
1981-03-24,3.223,10.819,16.736,25.184,161.4
1981-03-25,0.0,11.114,16.604,25.441,150.1
1981-03-26,12.337,9.677,16.854,23.993,173.3
1981-03-27,0.148,11.158,16.84,25.622,152.5
1981-03-28,9.88,13.227,15.444,27.031,168.7
1981-03-29,19.46,11.776,14.399,24.611,204.5
1981-03-30,11.105,11.673,16.854,26.177,242.2
1981-03-31,27.775,11.123,16.597,25.382,372.0
1981-04-01,0.0,13.882,15.649,27.917,198.1
1981-04-02,17.764,11.559,15.969,25.448,255.3
1981-04-03,10.685,9.604,17.271,24.201,194.8
1981-04-04,9.454,9.367,17.281,23.962,276.7
1981-04-05,19.414,6.521,16.615,20.462,256.7
1981-04-06,8.121,10.96,16.84,25.389,216.3
1981-04-07,0.576,9.725,16.899,24.094,191.9
1981-04-08,13.9,9.506,16.84,23.788,299.4
1981-04-09,23.794,10.322,16.941,24.774,271.5
1981-04-10,0.0,12.248,16.503,26.688,192.5
1981-04-11,5.493,10.417,18.104,25.726,171.1
1981-04-12,10.909,7.96,18.792,23.681,293.2
1981-04-13,5.429,10.443,17.128,25.038,195.2
1981-04-14,20.785,10.769,17.573,25.747,273.6
1981-04-15,59.777,9.3,17.42,24.056,366.0
1981-04-16,17.059,7.925,17.872,22.938,314.7
1981-04-17,1.409,10.483,17.031,25.066,244.0
1981-04-18,18.994,10.265,16.875,24.691,322.1
1981-04-19,33.431,5.929,17.222,20.444,419.3
1981-04-20,0.0,9.983,15.972,23.809,298.3
1981-04-21,0.0,11.514,16.826,26.122,241.8
1981-04-22,32.083,8.337,17.847,23.413,383.7
1981-04-23,11.296,9.225,17.316,23.962,310.7
1981-04-24,22.662,9.423,18.365,25.003,274.9
1981-04-25,8.455,11.853,17.847,27.309,299.7
1981-04-26,23.123,9.531,17.639,24.542,242.2
1981-04-27,26.202,8.035,17.604,22.972,234.5
1981-04-28,20.065,7.756,17.639,22.688,484.3
1981-04-29,4.215,9.275,16.847,23.712,278.4
1981-04-30,12.487,9.843,16.826,24.375,300.9
1981-05-01,4.004,9.317,16.955,23.854,266.0
1981-05-02,11.253,9.912,16.271,24.052,279.2
1981-05-03,57.096,8.873,16.681,23.181,342.1
1981-05-04,12.41,8.804,17.378,23.656,253.2
1981-05-05,4.817,8.562,16.84,23.007,263.2
1981-05-06,25.149,8.391,16.326,22.403,465.6
1981-05-07,6.912,9.94,17.003,24.684,305.4
1981-05-08,24.282,8.156,16.611,22.358,342.9
1981-05-09,11.635,8.964,16.236,23.021,312.0
1981-05-10,14.853,10.217,16.674,24.785,311.1
1981-05-11,24.197,9.801,17.483,24.903,376.9
1981-05-12,11.662,8.907,17.833,24.194,505.2
1981-05-13,6.193,10.534,17.392,25.701,351.9
1981-05-14,37.89,9.485,17.868,24.851,385.8
1981-05-15,12.715,10.849,17.083,25.865,322.2
1981-05-16,18.532,8.774,17.309,23.701,592.6
1981-05-17,4.111,9.903,16.528,24.462,326.1
1981-05-18,20.281,8.985,18.163,24.597,454.2
1981-05-19,3.12,9.065,18.205,24.743,307.3
1981-05-20,3.322,12.517,16.406,27.438,272.0
1981-05-21,0.0,11.556,17.312,26.931,241.0
1981-05-22,6.835,11.704,16.868,26.806,222.4
1981-05-23,31.479,9.124,18.382,24.979,255.3
1981-05-24,24.888,8.436,17.951,23.875,317.5
1981-05-25,37.266,6.928,17.208,21.715,440.0
1981-05-26,19.427,10.038,17.653,25.472,367.5
1981-05-27,34.074,9.002,16.806,23.667,318.7
1981-05-28,18.746,10.095,17.444,25.438,368.3
1981-05-29,22.802,7.849,18.264,23.618,556.1
1981-05-30,14.303,9.447,15.528,23.337,371.0
1981-05-31,19.196,8.249,17.615,23.514,582.0
1981-06-01,14.359,7.315,17.247,22.215,390.6
1981-06-02,18.302,8.048,16.569,22.479,352.4
1981-06-03,0.0,10.595,16.236,25.226,295.8
1981-06-04,12.996,10.857,16.003,25.389,334.3
1981-06-05,0.0,10.138,18.694,26.462,305.2
1981-06-06,15.329,10.464,17.115,25.691,413.4
1981-06-07,12.324,8.917,16.722,23.59,409.2
1981-06-08,20.298,8.567,16.826,23.33,438.9
1981-06-09,31.16,8.598,16.66,23.253,522.5
1981-06-10,2.375,9.346,16.427,23.962,342.2
1981-06-11,23.834,9.705,16.552,24.434,451.3
1981-06-12,7.977,8.688,16.962,23.587,352.4
1981-06-13,17.841,7.928,17.01,22.729,398.8
1981-06-14,3.534,8.796,17.205,23.889,318.9
1981-06-15,9.808,11.196,15.365,25.462,275.2
1981-06-16,18.269,9.085,16.306,23.559,266.9
1981-06-17,23.425,10.289,16.875,25.385,369.8
1981-06-18,25.423,6.615,17.167,21.434,448.8
1981-06-19,7.515,10.691,15.618,25.003,332.0
1981-06-20,1.762,9.753,16.483,24.469,284.1
1981-06-21,7.279,10.235,16.545,25.101,256.7
1981-06-22,0.776,10.16,16.312,24.872,242.5
1981-06-23,12.72,9.696,16.757,24.597,273.6
1981-06-24,4.76,9.549,16.816,24.483,222.5
1981-06-25,8.325,9.152,16.545,23.806,199.7
1981-06-26,1.714,11.277,15.812,25.854,185.2
1981-06-27,0.0,10.776,15.396,24.976,172.0
1981-06-28,2.959,10.083,16.854,25.139,166.4
1981-06-29,31.235,8.567,16.799,23.312,198.3
1981-06-30,29.619,7.396,16.458,21.753,404.9
1981-07-01,4.161,10.476,15.663,24.778,217.1
1981-07-02,5.62,10.905,16.451,25.851,274.3
1981-07-03,20.396,11.428,15.59,25.896,210.1
1981-07-04,9.033,10.516,15.521,24.674,185.5
1981-07-05,13.144,9.729,16.17,24.205,189.2
1981-07-06,3.931,10.349,15.899,24.747,325.7
1981-07-07,1.703,10.397,16.069,24.917,218.3
1981-07-08,10.962,12.365,15.812,27.118,179.1
1981-07-09,9.53,10.205,16.33,24.837,198.6
1981-07-10,14.999,8.803,17.08,23.753,300.9
1981-07-11,3.767,10.671,16.649,25.639,202.3
1981-07-12,9.189,10.998,17.167,26.389,213.5
1981-07-13,4.638,12.095,16.819,27.42,170.2
1981-07-14,3.476,12.208,14.038,25.729,176.4
1981-07-15,4.868,11.952,15.67,26.458,213.9
1981-07-16,0.32,11.635,15.215,25.785,168.6
1981-07-17,10.275,8.738,14.948,22.024,203.9
1981-07-18,5.095,10.281,16.944,25.295,174.0
1981-07-19,3.761,10.853,16.049,25.361,162.1
1981-07-20,11.053,11.533,14.878,25.347,156.1
1981-07-21,0.33,11.508,16.681,26.535,148.9
1981-07-22,0.0,12.122,15.583,26.517,140.8
1981-07-23,1.068,13.266,15.174,27.625,137.1
1981-07-24,0.0,12.859,13.653,26.125,131.2
1981-07-25,0.0,13.641,14.156,27.385,125.7
1981-07-26,0.0,14.002,13.385,27.333,121.9
1981-07-27,0.0,13.492,14.097,27.135,119.8
1981-07-28,0.0,13.28,14.656,27.212,118.2
1981-07-29,0.0,14.126,14.083,27.851,117.0
1981-07-30,0.0,14.277,15.698,29.038,115.9
1981-07-31,0.0,14.42,15.024,28.781,114.8
1981-08-01,0.0,13.643,15.406,28.069,113.7
1981-08-02,0.0,10.351,16.087,24.569,112.4
1981-08-03,9.781,13.017,15.774,27.524,111.2
1981-08-04,0.604,13.761,15.806,28.417,110.9
1981-08-05,0.0,14.239,16.851,29.653,109.9
1981-08-06,15.875,13.967,15.656,28.476,113.1
1981-08-07,10.654,10.831,15.66,24.819,125.2
1981-08-08,15.715,11.673,15.997,26.003,141.6
1981-08-09,11.164,11.73,15.951,26.042,124.3
1981-08-10,0.0,13.739,15.104,27.858,115.2
1981-08-11,4.714,12.989,16.073,27.583,117.2
1981-08-12,26.043,10.741,16.889,25.49,159.2
1981-08-13,8.383,10.494,16.434,24.868,127.2
1981-08-14,9.579,12.0,15.476,25.962,114.4
1981-08-15,0.0,12.509,16.854,27.49,110.8
1981-08-16,0.0,12.809,15.375,26.819,132.8
1981-08-17,14.737,8.512,15.819,22.118,212.8
1981-08-18,11.047,11.284,14.354,24.285,146.8
1981-08-19,21.15,12.052,15.309,25.865,159.3
1981-08-20,0.0,12.236,15.899,26.469,124.6
1981-08-21,13.996,12.791,15.014,26.542,146.4
1981-08-22,30.746,11.521,15.097,25.069,196.1
1981-08-23,23.75,8.809,15.955,22.5,265.7
1981-08-24,10.825,10.03,15.281,23.417,214.3
1981-08-25,13.016,8.249,15.618,21.681,217.9
1981-08-26,0.459,12.029,13.726,24.698,183.7
1981-08-27,0.842,9.843,15.934,23.656,152.1
1981-08-28,0.0,13.024,13.889,26.017,140.4
1981-08-29,7.768,12.36,13.729,25.101,155.8
1981-08-30,27.096,9.848,14.927,22.924,157.6
1981-08-31,18.715,8.046,15.465,21.278,243.3
1981-09-01,27.037,8.136,15.705,21.528,182.7
1981-09-02,6.62,9.65,15.097,22.799,227.4
1981-09-03,16.412,9.631,15.135,22.802,202.8
1981-09-04,36.08,10.53,14.806,23.632,369.6
1981-09-05,4.885,9.493,16.007,23.257,288.7
1981-09-06,26.964,11.35,15.844,25.309,458.9
1981-09-07,8.296,12.074,15.399,25.84,393.6
1981-09-08,2.391,10.988,15.729,24.792,281.9
1981-09-09,16.456,11.773,16.021,25.903,335.3
1981-09-10,22.081,11.214,16.104,25.326,297.5
1981-09-11,11.805,11.222,14.826,24.403,507.1
1981-09-12,0.289,12.296,14.181,25.264,303.2
1981-09-13,10.301,10.577,15.399,24.076,292.7
1981-09-14,8.04,10.984,15.497,24.608,255.7
1981-09-15,23.805,10.043,15.399,23.493,292.2
1981-09-16,4.068,11.785,15.965,25.865,211.7
1981-09-17,22.854,11.761,14.802,25.059,235.1
1981-09-18,0.0,13.714,15.16,27.625,186.3
1981-09-19,14.455,10.048,15.819,23.781,252.8
1981-09-20,0.0,12.615,16.049,26.91,193.6
1981-09-21,1.288,11.367,16.729,25.951,167.9
1981-09-22,1.184,13.299,15.889,27.618,156.5
1981-09-23,0.0,14.277,15.17,28.316,150.8
1981-09-24,3.418,13.662,15.535,27.833,146.2
1981-09-25,0.0,13.013,15.934,27.333,138.9
1981-09-26,2.943,12.552,15.868,26.809,141.8
1981-09-27,0.0,10.654,17.462,25.743,134.9
1981-09-28,13.844,10.877,17.872,26.274,155.3
1981-09-29,19.025,10.567,16.931,25.26,196.4
1981-09-30,21.338,12.733,16.792,27.656,220.7
1981-10-01,17.913,12.002,16.003,26.302,263.2
1981-10-02,0.0,10.597,17.785,25.976,162.5
1981-10-03,6.601,11.777,15.073,25.441,163.8
1981-10-04,2.363,9.307,16.056,23.292,157.3
1981-10-05,1.483,10.294,16.83,24.99,153.6
1981-10-06,4.668,10.179,17.573,25.41,144.6
1981-10-07,29.498,9.472,17.549,24.604,195.5
1981-10-08,21.994,9.83,16.184,23.997,167.4
1981-10-09,22.865,9.653,17.389,24.701,230.8
1981-10-10,8.606,9.733,16.767,24.358,213.1
1981-10-11,13.725,8.922,16.34,23.142,339.0
1981-10-12,6.71,9.656,15.722,23.542,254.5
1981-10-13,22.042,10.602,15.795,24.701,314.3
1981-10-14,11.373,9.13,16.09,23.236,285.9
1981-10-15,13.787,9.141,17.024,23.941,299.2
1981-10-16,15.388,8.474,16.431,22.757,295.2
1981-10-17,1.676,10.807,16.476,25.493,240.2
1981-10-18,14.657,11.156,15.91,25.576,271.5
1981-10-19,19.601,11.245,16.188,25.854,341.2
1981-10-20,16.917,10.14,16.549,24.837,354.5
1981-10-21,0.816,11.961,16.128,26.781,277.9
1981-10-22,40.369,9.372,17.024,24.33,280.4
1981-10-23,31.517,9.203,16.917,24.076,345.0
1981-10-24,33.044,7.617,16.524,22.017,651.7
1981-10-25,0.259,10.424,16.816,25.451,363.5
1981-10-26,15.835,9.6,16.035,23.969,359.4
1981-10-27,20.135,8.526,17.493,23.799,310.3
1981-10-28,20.441,7.666,16.451,22.073,339.2
1981-10-29,7.442,9.601,16.497,24.354,266.6
1981-10-30,26.651,6.598,17.01,21.326,369.9
1981-10-31,0.0,9.422,15.771,23.698,316.8
1981-11-01,34.234,8.109,16.677,22.795,558.7
1981-11-02,0.0,10.535,16.024,25.222,308.2
1981-11-03,0.0,10.881,15.99,25.66,271.2
1981-11-04,5.792,8.779,16.924,23.819,330.2
1981-11-05,30.715,10.701,16.292,25.719,457.7
1981-11-06,2.563,11.29,16.003,26.288,293.7
1981-11-07,27.279,8.292,18.33,24.417,316.0
1981-11-08,48.569,9.436,17.42,25.08,565.7
1981-11-09,4.768,8.55,17.517,24.09,949.6
1981-11-10,7.475,9.711,16.712,24.882,458.5
1981-11-11,4.912,10.359,16.382,25.465,442.4
1981-11-12,28.51,7.535,18.215,23.503,561.1
1981-11-13,15.523,8.253,16.948,23.375,410.7
1981-11-14,34.098,7.962,17.774,23.674,465.1
1981-11-15,0.507,8.551,17.062,23.844,408.7
1981-11-16,35.767,8.189,17.219,23.528,538.2
1981-11-17,13.657,7.722,18.052,23.667,360.0
1981-11-18,0.0,7.597,17.889,23.465,404.8
1981-11-19,1.448,9.801,16.847,25.312,380.5
1981-11-20,7.057,8.092,17.441,23.67,660.1
1981-11-21,7.308,8.224,17.556,23.934,558.7
1981-11-22,24.848,8.156,17.583,23.882,604.6
1981-11-23,6.923,8.084,17.535,23.788,392.5
1981-11-24,8.911,9.902,15.059,24.264,456.2
1981-11-25,31.554,9.477,16.517,24.788,551.0
1981-11-26,0.0,11.296,15.358,26.312,343.5
1981-11-27,0.353,9.407,17.031,25.056,338.0
1981-11-28,34.612,9.797,16.955,25.503,353.2
1981-11-29,29.737,8.413,16.198,23.24,364.5
1981-11-30,20.147,9.233,15.274,23.622,657.3
1981-12-01,36.574,8.58,16.549,23.757,405.5
1981-12-02,3.892,9.734,16.271,25.024,502.8
1981-12-03,2.217,10.433,14.812,24.924,342.1
1981-12-04,2.177,11.859,15.368,27.198,308.0
1981-12-05,4.937,7.827,17.67,23.701,426.0
1981-12-06,36.186,8.307,17.531,24.191,462.0
1981-12-07,22.618,8.478,17.569,24.444,488.3
1981-12-08,0.0,8.794,17.222,24.615,357.2
1981-12-09,1.238,9.907,16.319,25.34,288.7
1981-12-10,2.916,8.859,17.108,24.566,299.0
1981-12-11,4.005,8.17,16.267,23.083,359.2
1981-12-12,30.653,8.906,16.851,24.486,834.7
1981-12-13,0.609,10.134,15.913,25.389,383.2
1981-12-14,18.106,9.542,16.472,25.035,519.3
1981-12-15,24.753,10.41,15.215,25.285,719.2
1981-12-16,7.483,10.89,15.26,25.938,432.8
1981-12-17,1.283,11.019,15.562,26.337,422.1
1981-12-18,4.5,9.906,15.698,24.944,517.0
1981-12-19,1.101,6.899,17.733,22.733,468.4
1981-12-20,13.489,8.945,17.34,24.91,321.5
1981-12-21,19.733,7.296,16.757,22.455,491.3
1981-12-22,8.537,8.295,16.747,23.635,385.4
1981-12-23,0.0,8.521,17.92,24.806,364.9
1981-12-24,0.939,9.488,16.962,25.309,305.0
1981-12-25,19.331,9.492,16.753,25.146,263.7
1981-12-26,10.4,8.671,17.194,24.424,411.3
1981-12-27,0.0,9.143,18.076,25.667,290.2
1981-12-28,2.186,11.133,14.438,25.688,379.8
1981-12-29,47.55,6.566,17.274,21.958,462.5
1981-12-30,5.301,9.264,15.427,23.875,252.8
1981-12-31,11.312,7.829,16.556,22.847,312.5
1982-01-01,0.0,9.155,15.91,24.045,250.1
1982-01-02,30.701,7.713,16.323,22.542,313.1
1982-01-03,1.609,8.178,16.771,23.448,331.1
1982-01-04,41.097,7.878,16.819,23.09,313.2
1982-01-05,33.885,8.604,16.524,23.767,538.1
1982-01-06,23.549,7.015,17.007,22.201,428.6
1982-01-07,5.68,7.214,16.816,22.26,429.5
1982-01-08,1.05,9.659,15.438,24.267,374.4
1982-01-09,0.0,9.162,15.503,23.649,348.7
1982-01-10,0.0,8.124,16.993,23.476,275.0
1982-01-11,32.012,10.221,16.42,25.653,603.6
1982-01-12,0.201,11.036,13.972,25.024,347.6
1982-01-13,1.465,11.117,15.292,26.007,441.2
1982-01-14,18.079,10.647,15.017,25.201,291.2
1982-01-15,0.0,9.454,16.726,24.812,308.5
1982-01-16,0.707,10.859,15.979,26.049,337.2
1982-01-17,0.0,9.351,16.278,24.375,255.7
1982-01-18,0.0,10.109,16.288,25.288,229.2
1982-01-19,0.0,12.799,14.156,27.285,211.0
1982-01-20,0.0,12.477,13.694,26.538,189.4
1982-01-21,0.0,13.36,13.667,27.635,189.4
1982-01-22,0.0,9.574,16.562,24.733,169.7
1982-01-23,0.0,11.867,16.215,27.281,163.2
1982-01-24,0.0,9.737,15.736,24.281,159.3
1982-01-25,0.0,9.56,15.5,23.858,156.0
1982-01-26,0.0,9.324,16.462,24.226,148.2
1982-01-27,29.109,6.754,16.854,21.521,167.8
1982-01-28,0.0,9.026,17.333,24.5,150.8
1982-01-29,4.336,9.187,15.851,23.583,210.1
1982-01-30,4.668,9.476,16.583,24.444,164.5
1982-01-31,8.473,9.59,15.069,23.49,310.7
1982-02-01,0.0,11.606,14.583,25.649,187.4
1982-02-02,1.88,7.815,16.802,22.615,167.1
1982-02-03,0.0,11.036,15.559,25.535,160.6
1982-02-04,23.854,8.829,16.938,23.802,236.7
1982-02-05,30.838,9.16,17.049,24.257,332.5
1982-02-06,31.57,9.878,15.5,23.958,204.0
1982-02-07,18.698,8.964,16.92,23.889,230.3
1982-02-08,2.755,9.92,15.99,24.306,200.0
1982-02-09,10.307,9.754,16.441,24.427,243.4
1982-02-10,0.0,7.651,18.201,23.354,215.5
1982-02-11,39.061,8.075,18.653,24.153,385.1
1982-02-12,0.954,8.9,17.951,24.51,216.4
1982-02-13,33.37,8.958,17.326,24.059,269.2
1982-02-14,0.0,8.028,17.715,23.312,225.1
1982-02-15,2.975,7.963,17.59,23.128,223.9
1982-02-16,13.482,8.318,17.406,23.382,231.3
1982-02-17,0.0,9.711,16.33,24.115,199.7
1982-02-18,0.0,8.72,17.597,23.924,220.2
1982-02-19,16.106,8.123,17.559,23.188,309.5
1982-02-20,18.443,7.05,17.632,22.115,322.2
1982-02-21,35.398,9.102,17.688,24.361,491.8
1982-02-22,0.0,10.257,16.84,25.014,297.5
1982-02-23,3.136,9.366,17.118,24.184,287.2
1982-02-24,16.586,9.329,17.229,24.215,256.0
1982-02-25,11.563,11.327,17.483,26.649,292.5
1982-02-26,4.985,10.413,16.854,25.139,360.7
1982-02-27,25.505,10.068,17.767,25.385,425.6
1982-02-28,34.553,11.279,16.438,25.792,280.0
1982-03-01,32.817,10.882,16.906,25.67,825.2
1982-03-02,0.0,10.455,16.764,25.035,316.0
1982-03-03,9.045,10.681,16.924,25.378,435.2
1982-03-04,0.0,10.152,17.615,25.302,302.7
1982-03-05,0.0,10.09,18.021,25.545,290.0
1982-03-06,0.151,11.355,16.712,25.976,351.1
1982-03-07,0.0,12.245,15.885,26.385,269.2
1982-03-08,0.0,9.843,17.851,25.069,211.1
1982-03-09,0.0,10.646,16.264,24.792,232.8
1982-03-10,0.0,10.742,17.469,25.722,315.8
1982-03-11,10.835,8.945,17.413,23.684,392.3
1982-03-12,19.231,8.133,17.972,23.267,418.5
1982-03-13,3.806,11.332,17.059,26.073,222.7
1982-03-14,25.363,8.952,17.656,23.889,411.5
1982-03-15,12.486,10.019,17.17,24.649,230.3
1982-03-16,17.396,9.767,17.969,24.965,231.7
1982-03-17,11.963,9.913,18.358,25.427,206.5
1982-03-18,8.705,8.076,18.358,23.497,246.9
1982-03-19,4.209,9.332,18.062,24.549,193.5
1982-03-20,12.856,10.497,16.694,24.781,258.0
1982-03-21,1.374,10.676,17.444,25.538,180.2
1982-03-22,0.0,10.092,17.201,24.684,170.7
1982-03-23,21.047,11.977,16.097,26.045,176.6
1982-03-24,28.432,9.731,17.674,24.688,215.8
1982-03-25,0.0,11.157,17.177,25.865,185.0
1982-03-26,18.355,8.709,18.094,23.906,239.9
1982-03-27,7.032,10.226,16.861,24.566,188.2
1982-03-28,10.937,8.909,18.556,24.507,204.3
1982-03-29,5.303,8.661,17.625,23.476,252.5
1982-03-30,9.84,10.433,16.75,24.778,196.4
1982-03-31,21.69,11.134,16.823,25.59,234.7
1982-04-01,25.189,9.431,17.663,24.33,246.5
1982-04-02,15.609,9.927,17.299,24.562,235.6
1982-04-03,19.934,9.412,18.038,24.562,191.1
1982-04-04,30.03,7.186,18.16,22.396,576.1
1982-04-05,3.042,9.872,18.097,25.139,299.6
1982-04-06,27.474,6.985,17.788,21.941,583.7
1982-04-07,14.404,9.033,17.174,23.559,400.8
1982-04-08,29.565,8.147,17.368,22.75,375.0
1982-04-09,16.129,9.283,17.128,23.771,335.1
1982-04-10,12.753,10.701,15.892,24.431,393.8
1982-04-11,8.042,10.37,16.691,24.653,308.7
1982-04-12,42.512,9.892,17.038,24.361,387.0
1982-04-13,8.682,8.254,16.993,22.601,398.1
1982-04-14,15.039,8.817,17.882,23.917,297.2
1982-04-15,1.318,10.141,17.521,25.049,275.9
1982-04-16,1.947,9.711,17.438,24.503,253.4
1982-04-17,39.726,9.43,17.722,24.451,400.5
1982-04-18,0.21,7.69,18.083,22.903,373.1
1982-04-19,32.577,8.892,17.858,23.938,316.0
1982-04-20,15.021,9.905,17.635,24.917,356.3
1982-04-21,22.141,8.795,16.816,23.066,433.9
1982-04-22,3.813,11.142,16.976,25.84,315.0
1982-04-23,22.051,8.915,17.708,23.889,418.2
1982-04-24,0.0,9.38,17.503,24.271,278.9
1982-04-25,2.84,11.136,17.688,26.358,243.4
1982-04-26,5.912,10.117,18.288,25.656,221.8
1982-04-27,12.855,9.989,18.441,25.66,213.4
1982-04-28,38.314,6.213,18.122,21.545,351.6
1982-04-29,4.286,10.951,16.854,25.573,221.3
1982-04-30,15.906,7.413,17.462,22.198,317.6
1982-05-01,4.736,10.816,16.521,25.222,225.6
1982-05-02,43.492,8.869,17.951,24.139,409.6
1982-05-03,0.0,9.916,17.08,24.667,273.7
1982-05-04,19.771,9.739,17.562,24.865,474.6
1982-05-05,27.278,9.039,17.524,24.056,347.0
1982-05-06,33.514,10.318,17.444,25.396,343.7
1982-05-07,7.952,9.22,17.618,24.316,327.8
1982-05-08,17.106,9.501,17.694,24.691,442.1
1982-05-09,9.572,9.541,17.601,24.67,355.4
1982-05-10,23.151,9.579,16.608,24.031,404.0
1982-05-11,0.302,12.019,16.139,26.545,310.2
1982-05-12,3.99,12.15,15.729,26.399,300.8
1982-05-13,17.903,10.382,17.052,25.292,325.1
1982-05-14,18.752,8.682,17.997,24.094,293.8
1982-05-15,12.738,9.899,17.476,25.066,242.4
1982-05-16,30.576,8.777,17.167,23.611,499.0
1982-05-17,1.792,9.853,17.066,24.74,267.9
1982-05-18,42.565,8.616,16.899,23.24,447.7
1982-05-19,22.47,9.872,15.882,23.927,346.5
1982-05-20,5.463,10.191,16.41,24.698,272.8
1982-05-21,36.115,9.152,16.854,23.84,658.7
1982-05-22,39.713,8.949,17.156,23.847,533.8
1982-05-23,20.39,7.828,16.424,22.066,616.2
1982-05-24,4.548,9.947,16.118,24.243,404.0
1982-05-25,37.51,9.899,16.976,24.826,988.2
1982-05-26,11.77,9.89,15.934,24.104,626.1
1982-05-27,15.334,8.593,17.906,24.066,591.7
1982-05-28,0.649,8.512,17.694,23.833,434.9
1982-05-29,1.437,8.405,17.677,23.764,358.3
1982-05-30,23.457,8.635,17.573,23.931,378.1
1982-05-31,6.723,10.072,17.236,25.271,305.2
1982-06-01,4.056,9.679,17.458,25.0,272.5
1982-06-02,0.49,12.707,15.17,27.038,250.3
1982-06-03,0.12,12.339,15.826,27.028,233.5
1982-06-04,7.957,10.342,17.042,25.514,236.1
1982-06-05,13.557,9.676,17.281,24.91,232.9
1982-06-06,11.9,9.649,17.184,24.812,211.8
1982-06-07,7.29,10.451,17.705,26.146,203.2
1982-06-08,9.875,10.463,16.771,25.479,210.6
1982-06-09,0.238,11.23,16.059,25.889,179.6
1982-06-10,12.037,9.86,16.486,24.594,251.5
1982-06-11,2.749,10.444,17.007,25.642,182.5
1982-06-12,12.347,9.685,16.688,24.542,258.5
1982-06-13,0.0,10.98,17.351,26.552,180.7
1982-06-14,14.717,10.74,17.281,26.212,244.1
1982-06-15,13.75,11.543,16.594,26.691,199.5
1982-06-16,0.0,12.162,15.052,26.424,170.0
1982-06-17,10.969,12.152,15.073,26.417,161.9
1982-06-18,5.534,10.564,15.983,25.111,157.3
1982-06-19,0.987,12.181,15.924,27.014,153.4
1982-06-20,15.342,10.634,16.549,25.576,205.6
1982-06-21,3.44,11.207,16.264,26.076,158.6
1982-06-22,3.259,12.31,15.993,27.236,152.1
1982-06-23,3.95,12.243,16.42,27.42,147.7
1982-06-24,5.199,11.332,16.201,26.177,133.6
1982-06-25,0.053,12.836,15.552,27.59,130.0
1982-06-26,1.385,13.934,15.826,29.101,127.0
1982-06-27,0.0,12.537,16.639,27.944,144.3
1982-06-28,4.775,12.465,16.49,27.715,124.0
1982-06-29,0.0,13.138,16.038,28.25,121.0
1982-06-30,2.325,12.281,16.608,27.59,118.8
1982-07-01,0.772,14.143,15.5,29.118,118.2
1982-07-02,1.001,13.101,15.08,27.569,117.1
1982-07-03,0.0,11.99,16.257,26.993,116.0
1982-07-04,0.619,13.09,15.951,28.115,115.2
1982-07-05,5.017,13.117,15.958,28.142,118.2
1982-07-06,0.71,13.067,15.868,28.014,117.1
1982-07-07,2.852,13.167,16.128,28.292,114.1
1982-07-08,5.057,11.793,15.396,26.115,114.1
1982-07-09,4.985,13.394,15.573,28.194,115.5
1982-07-10,0.0,13.78,15.708,28.75,111.4
1982-07-11,4.739,11.753,16.927,27.101,110.5
1982-07-12,5.6,11.823,16.809,27.094,110.0
1982-07-13,4.852,13.55,15.51,28.302,113.3
1982-07-14,1.724,12.964,16.938,28.528,109.4
1982-07-15,0.754,15.385,15.25,30.344,107.6
1982-07-16,0.0,13.078,15.889,27.944,106.7
1982-07-17,0.0,14.082,15.458,28.858,106.7
1982-07-18,0.0,13.624,15.493,28.323,105.8
1982-07-19,0.0,13.3,15.066,27.618,104.6
1982-07-20,2.791,11.776,15.969,26.365,130.0
1982-07-21,0.0,14.646,14.476,28.872,106.7
1982-07-22,1.256,14.179,15.167,28.74,104.3
1982-07-23,3.532,13.614,16.208,28.698,103.4
1982-07-24,0.0,14.775,15.833,29.837,102.8
1982-07-25,0.0,14.177,15.431,28.847,102.2
1982-07-26,2.767,13.551,16.208,28.583,101.0
1982-07-27,14.145,12.112,15.403,26.358,105.5
1982-07-28,4.28,10.677,15.031,24.323,104.9
1982-07-29,0.0,13.526,15.194,27.868,103.4
1982-07-30,7.579,13.518,15.486,28.024,102.2
1982-07-31,0.0,14.735,15.062,29.184,102.5
1982-08-01,1.057,14.603,13.972,28.323,98.9
1982-08-02,7.887,14.674,14.858,28.951,110.3
1982-08-03,3.165,15.024,14.441,29.094,99.8
1982-08-04,0.0,15.136,15.24,29.701,98.3
1982-08-05,0.0,15.686,13.91,29.542,97.1
1982-08-06,9.956,14.3,14.979,28.493,100.7
1982-08-07,9.559,12.753,15.767,27.174,173.5
1982-08-08,8.403,13.329,14.642,27.076,115.2
1982-08-09,1.042,14.758,15.003,29.0,104.3
1982-08-10,4.142,14.805,14.566,28.792,99.5
1982-08-11,1.514,15.519,14.323,29.476,98.6
1982-08-12,0.0,14.722,15.701,29.372,93.5
1982-08-13,3.93,15.614,14.597,29.722,92.6
1982-08-14,0.0,13.991,16.031,28.684,89.9
1982-08-15,7.08,15.262,15.559,29.875,89.9
1982-08-16,5.732,13.138,17.316,28.521,111.9
1982-08-17,0.723,14.421,15.833,29.031,95.3
1982-08-18,0.148,14.513,15.684,29.014,89.9
1982-08-19,0.492,13.157,16.486,27.948,88.1
1982-08-20,0.816,13.926,15.205,27.997,86.3
1982-08-21,0.711,14.388,15.146,28.462,84.5
1982-08-22,0.0,15.295,16.278,30.271,80.9
1982-08-23,0.082,14.164,16.976,29.399,79.1
1982-08-24,1.651,14.145,16.354,28.969,78.2
1982-08-25,2.685,14.705,16.58,29.722,78.2
1982-08-26,0.394,14.398,16.156,29.083,75.5
1982-08-27,0.0,14.003,16.819,29.049,71.0
1982-08-28,4.741,13.968,16.167,28.576,71.0
1982-08-29,2.081,15.136,16.097,29.885,71.9
1982-08-30,1.752,14.898,16.066,29.594,75.5
1982-08-31,0.0,13.82,16.764,28.778,75.5
1982-09-01,1.668,13.762,17.118,28.948,71.9
1982-09-02,0.0,15.53,16.552,30.604,73.7
1982-09-03,0.0,14.668,16.181,29.361,71.0
1982-09-04,8.53,13.793,15.899,28.167,88.1
1982-09-05,3.23,14.164,16.604,29.056,83.6
1982-09-06,11.571,14.98,16.576,29.951,73.7
1982-09-07,0.0,15.113,16.677,30.16,75.5
1982-09-08,6.579,13.696,16.667,28.507,74.6
1982-09-09,14.679,13.05,17.198,28.174,103.5
1982-09-10,20.724,11.986,16.288,26.323,96.8
1982-09-11,26.277,10.817,16.837,25.354,120.3
1982-09-12,26.281,11.075,16.601,25.469,111.7
1982-09-13,8.537,13.201,16.84,28.076,113.5
1982-09-14,22.954,12.553,17.632,27.903,149.1
1982-09-15,0.0,10.443,16.399,24.667,102.5
1982-09-16,8.979,8.844,17.052,23.365,242.6
1982-09-17,9.095,7.31,16.021,20.917,140.8
1982-09-18,9.448,11.332,16.455,25.698,182.4
1982-09-19,38.122,10.11,16.309,24.184,125.6
1982-09-20,0.088,10.57,16.774,25.076,115.2
1982-09-21,13.244,10.802,17.128,25.622,106.4
1982-09-22,0.0,13.062,14.99,26.788,102.2
1982-09-23,0.629,14.353,14.372,27.899,99.5
1982-09-24,18.899,11.562,15.778,25.556,114.9
1982-09-25,9.659,9.862,14.951,23.01,137.8
1982-09-26,9.597,9.14,15.771,22.75,122.2
1982-09-27,0.236,12.013,15.698,26.031,116.6
1982-09-28,15.17,10.654,15.507,24.306,127.9
1982-09-29,1.61,11.139,15.649,25.038,118.0
1982-09-30,24.161,10.751,16.566,25.222,139.7
1982-10-01,28.302,8.427,16.389,22.486,169.2
1982-10-02,0.0,11.068,15.378,24.757,132.4
1982-10-03,14.379,9.201,16.146,23.184,143.0
1982-10-04,9.317,10.724,15.431,24.406,128.0
1982-10-05,16.29,10.6,16.16,24.854,193.5
1982-10-06,3.399,12.121,15.951,26.49,140.8
1982-10-07,19.666,9.955,17.75,25.333,121.9
1982-10-08,28.541,10.161,15.865,24.146,144.1
1982-10-09,10.297,8.727,15.882,22.538,196.8
1982-10-10,20.887,8.069,17.188,22.802,679.6
1982-10-11,3.321,9.066,16.611,23.469,252.8
1982-10-12,20.104,8.851,17.191,23.674,202.8
1982-10-13,1.33,9.32,15.094,22.691,166.5
1982-10-14,18.897,10.427,15.222,24.122,160.6
1982-10-15,22.881,9.702,15.806,23.646,281.2
1982-10-16,6.155,9.549,15.24,23.083,170.5
1982-10-17,40.183,6.854,16.944,21.372,296.3
1982-10-18,3.112,8.562,16.497,22.941,380.3
1982-10-19,61.21,9.258,16.115,23.462,506.0
1982-10-20,5.45,8.677,16.222,22.875,289.7
1982-10-21,32.466,7.04,15.83,20.778,349.0
1982-10-22,20.824,10.999,15.826,25.406,440.7
1982-10-23,18.488,7.249,16.986,21.927,397.4
1982-10-24,9.344,6.73,16.458,20.924,325.6
1982-10-25,15.32,6.43,16.896,20.993,308.0
1982-10-26,30.567,8.785,16.639,23.444,312.9
1982-10-27,1.022,7.2,16.153,21.26,253.5
1982-10-28,6.374,8.094,15.514,21.795,271.2
1982-10-29,3.843,9.252,14.934,22.795,233.5
1982-10-30,1.796,8.075,16.219,22.365,200.7
1982-10-31,1.363,9.068,15.531,23.045,192.5
1982-11-01,17.273,7.818,17.365,22.986,260.9
1982-11-02,41.463,8.22,16.351,22.701,258.2
1982-11-03,7.537,6.256,16.549,20.639,227.8
1982-11-04,3.015,8.443,16.229,22.938,483.6
1982-11-05,0.0,8.402,16.681,23.208,230.3
1982-11-06,15.883,7.902,17.528,23.306,348.9
1982-11-07,0.0,8.937,17.292,24.323,239.9
1982-11-08,32.911,8.806,16.837,23.847,304.5
1982-11-09,1.542,11.25,16.149,26.417,272.1
1982-11-10,17.507,8.838,17.649,24.556,286.6
1982-11-11,22.099,8.54,15.358,22.521,267.7
1982-11-12,9.087,7.096,17.84,22.722,352.3
1982-11-13,2.085,9.866,16.656,25.115,249.0
1982-11-14,4.533,9.782,16.726,25.087,215.4
1982-11-15,14.319,9.823,16.0,24.618,190.9
1982-11-16,25.227,9.96,16.736,25.347,191.1
1982-11-17,9.404,7.815,17.024,22.979,238.5
1982-11-18,29.681,8.318,16.132,22.903,205.3
1982-11-19,9.871,9.311,16.826,24.688,174.2
1982-11-20,42.849,7.359,16.056,21.767,367.2
1982-11-21,31.304,7.698,16.632,22.653,230.7
1982-11-22,1.215,7.114,16.969,22.205,285.5
1982-11-23,1.425,7.608,16.837,22.67,340.9
1982-11-24,0.564,9.279,15.194,23.559,272.5
1982-11-25,7.991,8.806,15.833,23.427,219.3
1982-11-26,10.812,9.517,15.142,23.837,202.2
1982-11-27,6.703,9.372,16.295,24.521,211.3
1982-11-28,13.929,9.512,16.42,24.795,191.9
1982-11-29,0.0,9.432,15.16,23.837,183.0
1982-11-30,0.0,9.603,17.451,25.656,172.0
1982-12-01,0.244,8.202,17.802,24.222,174.5
1982-12-02,0.426,9.192,17.719,25.382,156.3
1982-12-03,3.505,10.277,14.118,24.24,158.8
1982-12-04,20.606,8.272,15.493,22.604,202.6
1982-12-05,4.884,9.623,15.115,24.069,156.6
1982-12-06,21.162,8.682,17.545,24.646,203.3
1982-12-07,3.47,9.131,17.028,24.837,204.2
1982-12-08,24.562,9.961,16.462,25.514,483.2
1982-12-09,19.484,7.804,16.51,22.812,235.0
1982-12-10,7.113,8.369,17.851,24.538,200.0
1982-12-11,41.232,8.32,16.823,23.715,192.3
1982-12-12,0.0,7.261,17.91,23.271,224.5
1982-12-13,5.048,7.116,17.972,23.17,208.5
1982-12-14,0.0,9.569,15.906,24.649,177.3
1982-12-15,0.0,12.371,15.434,28.01,166.1
1982-12-16,0.0,11.227,15.365,26.441,159.1
1982-12-17,0.0,8.31,17.028,23.872,229.0
1982-12-18,0.0,6.415,17.247,21.764,199.6
1982-12-19,1.606,8.165,17.441,24.021,196.8
1982-12-20,48.009,8.351,17.337,24.184,170.6
1982-12-21,5.867,10.606,15.427,25.677,193.6
1982-12-22,28.364,9.292,16.84,24.948,395.1
1982-12-23,1.193,9.878,17.274,25.99,250.3
1982-12-24,11.961,9.788,16.649,25.444,212.3
1982-12-25,25.317,9.165,16.757,24.747,451.1
1982-12-26,1.452,10.354,15.25,25.184,244.5
1982-12-27,15.713,6.707,17.618,22.413,267.3
1982-12-28,0.0,8.273,16.507,23.448,214.7
1982-12-29,5.79,8.828,16.222,23.906,186.3
1982-12-30,0.0,8.359,15.976,23.122,175.3
1982-12-31,0.0,10.571,15.365,25.514,167.1
1983-01-01,6.083,12.04,15.726,27.67,162.5
1983-01-02,7.833,9.769,16.417,25.215,351.1
1983-01-03,19.573,8.702,17.681,24.774,199.0
1983-01-04,7.46,8.411,17.99,24.649,180.4
1983-01-05,7.223,7.557,16.851,22.757,193.1
1983-01-06,2.014,9.429,15.517,24.073,175.2
1983-01-07,3.751,9.371,15.819,24.188,159.8
1983-01-08,7.938,9.75,14.736,23.903,153.8
1983-01-09,1.142,9.908,16.243,25.149,153.4
1983-01-10,1.225,9.875,16.816,25.503,146.7
1983-01-11,2.946,9.223,17.021,24.858,146.6
1983-01-12,4.239,9.919,15.382,24.531,145.9
1983-01-13,3.88,10.444,15.229,25.066,151.2
1983-01-14,8.131,8.682,17.872,24.75,150.2
1983-01-15,4.513,9.569,17.483,25.524,143.6
1983-01-16,1.496,9.191,18.271,25.628,135.4
1983-01-17,0.0,9.072,17.108,24.632,139.3
1983-01-18,0.0,11.504,14.024,25.535,132.2
1983-01-19,0.079,11.139,16.299,26.566,130.0
1983-01-20,0.35,10.515,16.597,25.979,141.3
1983-01-21,0.0,11.364,16.417,26.851,129.9
1983-01-22,0.0,10.998,18.007,27.531,123.6
1983-01-23,0.558,10.999,17.698,27.299,119.8
1983-01-24,0.0,11.505,15.913,26.681,116.2
1983-01-25,0.0,10.073,16.938,25.549,117.7
1983-01-26,7.828,9.614,17.424,25.351,122.0
1983-01-27,11.469,7.999,19.649,25.115,119.3
1983-01-28,9.594,8.369,17.896,24.132,126.4
1983-01-29,10.249,8.732,18.229,24.781,127.4
1983-01-30,10.624,9.624,16.58,24.601,120.4
1983-01-31,13.647,8.705,18.049,24.587,129.8
1983-02-01,1.471,9.469,18.375,25.691,133.0
1983-02-02,1.471,10.032,16.924,25.264,125.0
1983-02-03,1.544,10.523,17.399,26.167,116.5
1983-02-04,2.752,9.447,17.406,24.913,145.3
1983-02-05,13.2,9.607,18.056,25.556,145.7
1983-02-06,6.317,8.966,17.167,24.083,134.8
1983-02-07,0.189,9.555,16.49,24.257,127.1
1983-02-08,4.396,10.688,15.74,25.073,139.1
1983-02-09,6.176,10.717,16.566,25.635,124.5
1983-02-10,13.236,11.053,16.243,25.795,117.0
1983-02-11,0.446,11.045,18.288,27.212,100.2
1983-02-12,1.316,11.434,17.764,27.299,93.4
1983-02-13,0.0,11.439,16.788,26.594,102.9
1983-02-14,0.069,11.505,16.406,26.358,93.4
1983-02-15,2.244,12.728,16.101,27.587,95.8
1983-02-16,0.707,13.44,15.865,28.243,88.4
1983-02-17,0.805,12.206,16.33,27.073,88.8
1983-02-18,12.515,9.79,16.927,24.628,107.3
1983-02-19,14.404,11.191,16.201,25.701,102.0
1983-02-20,1.312,11.073,16.431,25.712,99.6
1983-02-21,6.107,10.413,16.785,25.194,95.8
1983-02-22,5.289,11.164,16.889,26.087,99.7
1983-02-23,5.074,13.132,16.969,28.406,131.2
1983-02-24,12.515,10.743,16.212,25.087,96.6
1983-02-25,5.791,10.912,17.417,26.118,90.0
1983-02-26,2.804,12.938,16.465,27.771,87.1
1983-02-27,2.944,12.713,16.632,27.594,84.4
1983-02-28,1.876,13.193,16.688,28.174,121.9
1983-03-01,0.0,9.158,18.083,24.59,93.0
1983-03-02,28.871,12.078,17.552,27.424,141.9
1983-03-03,35.982,8.886,18.382,24.472,97.5
1983-03-04,4.044,10.264,18.431,26.014,92.5
1983-03-05,7.589,11.98,16.802,26.733,117.0
1983-03-06,1.509,8.677,18.91,24.639,144.0
1983-03-07,1.251,7.689,17.41,22.399,184.8
1983-03-08,8.594,8.912,16.944,23.351,166.8
1983-03-09,4.329,9.308,17.931,24.49,121.8
1983-03-10,33.663,9.405,17.524,24.326,158.1
1983-03-11,10.195,11.763,17.507,26.882,125.6
1983-03-12,2.861,10.967,17.465,25.976,130.5
1983-03-13,0.0,11.284,17.0,25.997,116.1
1983-03-14,2.776,9.473,17.604,24.417,108.4
1983-03-15,0.0,12.474,16.309,26.795,104.4
1983-03-16,0.069,13.309,16.847,28.111,99.8
1983-03-17,1.796,9.153,17.823,24.215,103.0
1983-03-18,25.818,12.095,15.771,26.049,102.9
1983-03-19,0.0,10.05,18.681,25.823,95.7
1983-03-20,0.0,15.271,17.128,30.507,96.6
1983-03-21,26.864,12.97,16.191,27.278,92.6
1983-03-22,0.0,14.152,16.34,28.691,92.0
1983-03-23,2.476,12.612,17.003,27.385,101.3
1983-03-24,9.416,13.252,16.333,27.632,122.2
1983-03-25,10.555,9.818,18.465,25.33,112.6
1983-03-26,3.123,10.446,18.191,25.806,130.0
1983-03-27,11.0,8.159,18.122,23.365,212.2
1983-03-28,19.588,12.081,17.01,26.774,127.7
1983-03-29,41.295,12.314,17.201,27.156,132.9
1983-03-30,9.462,12.085,16.639,26.531,177.6
1983-03-31,0.949,12.197,16.844,26.778,125.5
1983-04-01,2.223,12.106,17.802,27.351,122.1
1983-04-02,0.0,12.307,17.997,27.691,112.9
1983-04-03,39.401,9.283,18.653,24.938,115.0
1983-04-04,5.994,10.273,18.285,25.677,110.3
1983-04-05,3.189,12.217,17.972,27.58,110.6
1983-04-06,21.209,11.153,17.861,26.368,178.6
1983-04-07,19.617,7.584,18.028,22.694,217.9
1983-04-08,21.479,9.151,18.198,24.424,307.6
1983-04-09,23.599,7.29,18.674,22.948,208.3
1983-04-10,22.059,8.542,17.74,23.535,183.3
1983-04-11,6.635,6.534,18.069,21.733,205.3
1983-04-12,5.952,9.865,18.493,25.444,164.7
1983-04-13,48.254,7.691,18.715,23.389,227.8
1983-04-14,24.553,8.472,18.517,24.021,214.4
1983-04-15,4.703,12.451,17.462,27.531,170.9
1983-04-16,44.4,10.098,17.969,25.351,270.7
1983-04-17,1.262,9.809,17.493,24.684,185.1
1983-04-18,45.999,7.858,18.528,23.42,284.5
1983-04-19,14.864,9.187,18.566,24.812,337.8
1983-04-20,31.166,11.748,18.576,27.625,262.0
1983-04-21,38.844,7.736,17.59,22.562,483.3
1983-04-22,18.748,12.967,16.913,27.84,362.4
1983-04-23,0.204,13.923,16.302,28.562,253.8
1983-04-24,36.326,10.654,17.465,25.684,252.9
1983-04-25,0.365,11.324,16.417,25.712,197.2
1983-04-26,30.843,11.5,17.201,26.455,246.6
1983-04-27,3.706,11.948,16.66,26.556,192.2
1983-04-28,28.431,10.962,17.562,26.056,394.1
1983-04-29,9.388,7.21,17.58,22.125,322.9
1983-04-30,30.24,9.171,17.347,23.983,280.0
1983-05-01,26.892,9.42,18.021,24.757,274.5
1983-05-02,24.505,10.386,18.073,25.892,391.9
1983-05-03,13.368,11.905,17.361,27.09,326.7
1983-05-04,6.819,11.522,16.507,26.066,352.1
1983-05-05,12.945,13.022,16.969,28.142,263.3
1983-05-06,6.86,11.887,17.302,27.087,289.6
1983-05-07,0.345,10.399,17.285,25.358,238.9
1983-05-08,8.574,11.325,16.979,26.247,219.7
1983-05-09,0.345,13.292,16.823,28.42,197.8
1983-05-10,10.489,12.075,17.382,27.406,205.8
1983-05-11,53.935,11.23,18.247,27.083,174.5
1983-05-12,1.797,12.193,17.493,27.642,167.9
1983-05-13,2.696,12.124,17.205,27.385,177.4
1983-05-14,5.361,11.725,16.927,26.75,167.8
1983-05-15,9.998,10.8,18.253,26.646,148.1
1983-05-16,32.238,8.201,18.882,24.344,331.9
1983-05-17,10.189,10.245,17.878,25.767,212.3
1983-05-18,7.709,9.094,18.097,24.646,215.8
1983-05-19,7.253,8.013,17.559,23.163,190.9
1983-05-20,6.537,8.745,18.503,24.618,218.3
1983-05-21,23.935,9.551,16.674,24.149,246.9
1983-05-22,9.782,9.894,17.608,25.253,241.3
1983-05-23,0.203,10.101,17.205,25.198,200.0
1983-05-24,20.599,9.581,17.917,25.135,223.8
1983-05-25,5.86,11.253,17.809,26.983,180.6
1983-05-26,15.232,10.538,18.75,26.896,203.3
1983-05-27,15.901,10.697,18.587,26.941,182.1
1983-05-28,22.548,9.254,17.448,24.448,195.5
1983-05-29,21.908,9.45,17.747,24.938,309.0
1983-05-30,19.584,8.6,17.326,23.635,269.3
1983-05-31,0.542,12.606,15.399,27.049,223.2
1983-06-01,35.554,9.585,17.438,24.91,214.8
1983-06-02,0.754,11.032,17.09,26.316,186.5
1983-06-03,17.72,10.043,16.76,24.948,184.3
1983-06-04,8.802,7.332,17.306,22.26,183.0
1983-06-05,20.21,8.968,16.771,23.681,466.3
1983-06-06,0.0,8.326,16.844,23.031,261.9
1983-06-07,0.0,11.248,16.059,25.951,219.5
1983-06-08,16.193,7.139,17.076,21.878,240.0
1983-06-09,0.56,9.891,14.771,23.385,215.1
1983-06-10,18.845,9.975,15.701,24.146,201.2
1983-06-11,15.443,9.571,16.892,24.528,208.0
1983-06-12,14.122,11.068,15.594,25.438,257.3
1983-06-13,2.765,11.916,16.163,26.83,202.0
1983-06-14,2.143,11.446,16.497,26.51,177.0
1983-06-15,0.0,10.774,16.646,25.795,163.7
1983-06-16,6.417,11.362,16.372,26.295,164.0
1983-06-17,2.544,8.808,17.309,23.965,161.2
1983-06-18,0.04,11.029,15.33,25.201,144.6
1983-06-19,0.754,12.204,14.951,26.403,136.7
1983-06-20,2.922,11.424,15.733,25.969,131.4
1983-06-21,8.835,11.317,15.993,26.014,126.9
1983-06-22,0.0,11.812,15.892,26.531,122.4
1983-06-23,4.98,9.81,16.344,24.441,132.8
1983-06-24,0.0,11.516,14.941,25.535,118.0
1983-06-25,0.0,13.814,13.632,27.573,116.6
1983-06-26,6.763,12.104,16.889,27.576,124.6
1983-06-27,0.0,12.567,15.774,27.392,110.8
1983-06-28,4.001,12.471,15.674,27.208,108.2
1983-06-29,0.0,10.958,15.406,25.177,108.4
1983-06-30,0.0,11.338,15.851,25.91,103.6
1983-07-01,3.055,11.641,15.892,26.295,111.5
1983-07-02,3.569,12.331,16.049,27.267,101.7
1983-07-03,2.895,13.573,14.896,28.031,99.1
1983-07-04,0.233,12.105,15.545,26.639,96.5
1983-07-05,5.474,10.906,15.569,25.184,95.7
1983-07-06,0.164,11.451,15.361,25.757,96.1
1983-07-07,0.383,12.854,15.698,27.632,92.7
1983-07-08,30.356,12.71,16.479,27.983,181.0
1983-07-09,24.841,9.436,16.872,24.361,163.7
1983-07-10,13.557,11.228,15.132,25.247,190.5
1983-07-11,15.975,12.303,16.247,27.306,121.2
1983-07-12,20.936,12.482,16.875,27.955,201.4
1983-07-13,0.0,14.441,15.135,29.167,123.0
1983-07-14,0.0,13.519,14.51,27.615,109.1
1983-07-15,14.376,11.159,15.965,25.688,134.2
1983-07-16,0.0,12.794,15.611,27.403,106.2
1983-07-17,18.104,12.953,15.795,27.736,228.9
1983-07-18,0.976,12.885,15.788,27.628,129.9
1983-07-19,3.835,12.402,14.792,26.347,113.0
1983-07-20,11.461,11.131,15.076,24.972,108.4
1983-07-21,3.383,11.243,15.389,25.319,101.8
1983-07-22,1.172,10.439,15.524,24.41,99.0
1983-07-23,18.161,8.256,16.365,22.469,110.6
1983-07-24,0.0,11.026,16.517,25.812,102.9
1983-07-25,0.0,12.828,14.16,26.403,94.4
1983-07-26,0.0,13.286,14.465,27.118,91.2
1983-07-27,1.378,12.429,14.962,26.378,90.4
1983-07-28,0.0,11.623,16.278,26.295,88.8
1983-07-29,4.436,13.053,15.705,27.615,94.1
1983-07-30,23.654,10.456,16.944,25.368,115.1
1983-07-31,6.437,12.374,15.562,26.667,95.5
1983-08-01,12.651,9.64,16.861,24.347,89.2
1983-08-02,3.943,10.468,15.42,24.285,89.6
1983-08-03,0.953,10.776,15.344,24.58,86.0
1983-08-04,1.666,13.068,15.837,27.628,85.2
1983-08-05,5.677,10.859,14.896,24.299,91.1
1983-08-06,1.461,10.162,16.299,24.462,86.5
1983-08-07,7.306,10.333,15.229,23.903,88.7
1983-08-08,0.0,12.067,14.903,25.757,84.7
1983-08-09,0.0,13.16,15.097,27.167,80.8
1983-08-10,0.11,12.082,15.587,26.181,79.2
1983-08-11,0.0,12.94,14.979,26.799,78.0
1983-08-12,6.042,11.957,16.01,26.299,92.0
1983-08-13,5.479,13.819,15.715,28.312,82.1
1983-08-14,5.471,13.653,16.056,28.302,78.0
1983-08-15,0.0,12.531,16.035,26.955,76.0
1983-08-16,4.03,14.338,16.132,29.128,78.8
1983-08-17,1.202,13.337,15.844,27.753,75.2
1983-08-18,2.388,11.203,17.059,26.09,73.2
1983-08-19,4.028,11.634,16.142,25.938,72.8
1983-08-20,0.0,13.572,15.628,27.865,72.8
1983-08-21,2.186,14.038,14.844,27.882,72.0
1983-08-22,14.367,12.515,16.177,26.941,79.2
1983-08-23,0.0,13.489,16.58,28.344,72.2
1983-08-24,27.613,11.641,16.649,26.201,124.1
1983-08-25,0.169,11.856,16.601,26.441,81.6
1983-08-26,12.358,11.714,16.792,26.42,99.9
1983-08-27,8.101,14.362,15.573,28.667,78.9
1983-08-28,20.062,8.53,17.267,23.198,184.7
1983-08-29,32.026,11.381,15.712,25.257,105.5
1983-08-30,2.438,11.418,15.903,25.406,93.8
1983-08-31,0.638,14.361,15.774,28.771,85.9
1983-09-01,10.665,12.329,16.837,27.17,116.8
1983-09-02,21.542,11.332,16.34,25.618,100.5
1983-09-03,7.826,11.922,16.448,26.392,102.4
1983-09-04,17.772,12.099,15.531,25.976,103.9
1983-09-05,7.936,12.628,16.323,27.115,92.7
1983-09-06,36.799,9.987,15.792,23.674,179.8
1983-09-07,9.285,10.683,15.104,24.007,184.0
1983-09-08,12.5,9.368,16.108,23.236,135.9
1983-09-09,11.852,13.116,15.497,27.094,138.5
1983-09-10,0.0,9.117,16.743,23.382,111.0
1983-09-11,18.55,10.049,15.705,23.708,132.9
1983-09-12,10.454,10.237,16.292,24.312,129.7
1983-09-13,0.0,11.246,16.219,25.448,105.9
1983-09-14,27.742,12.846,15.809,27.014,159.5
1983-09-15,6.354,12.718,16.365,27.264,140.9
1983-09-16,27.339,8.979,16.628,23.184,127.4
1983-09-17,7.066,12.096,15.677,26.069,128.3
1983-09-18,16.811,10.632,16.542,24.986,144.5
1983-09-19,6.158,12.989,15.132,26.781,133.9
1983-09-20,14.406,11.917,15.181,25.552,147.3
1983-09-21,17.129,11.603,15.174,25.191,163.6
1983-09-22,14.85,10.322,15.934,24.247,286.7
1983-09-23,0.0,14.007,14.858,27.812,198.5
1983-09-24,10.62,10.219,16.858,24.767,185.6
1983-09-25,9.378,14.282,16.812,29.441,159.4
1983-09-26,6.06,12.382,16.424,27.003,173.5
1983-09-27,1.092,11.116,16.955,25.906,165.6
1983-09-28,15.627,11.855,17.222,26.955,164.8
1983-09-29,5.854,13.378,16.872,28.465,145.3
1983-09-30,16.075,11.83,16.365,26.354,149.4
1983-10-01,7.629,11.826,15.906,26.069,132.3
1983-10-02,9.698,11.376,17.056,26.347,143.9
1983-10-03,7.378,12.522,17.604,28.038,128.9
1983-10-04,10.859,9.733,17.007,24.424,143.5
1983-10-05,0.711,12.507,17.236,27.812,119.1
1983-10-06,8.967,13.346,17.503,28.965,111.0
1983-10-07,4.258,13.636,15.368,27.913,106.5
1983-10-08,9.978,9.882,16.51,24.344,109.8
1983-10-09,5.363,11.035,13.792,23.76,110.6
1983-10-10,30.36,10.701,16.42,25.205,209.5
1983-10-11,24.928,9.979,15.91,24.045,268.7
1983-10-12,21.404,9.091,17.076,23.917,232.3
1983-10-13,11.758,8.731,17.205,23.576,288.2
1983-10-14,32.736,9.22,16.115,23.368,210.6
1983-10-15,5.1,6.446,15.337,19.615,211.0
1983-10-16,23.387,7.66,15.601,21.194,317.2
1983-10-17,4.212,9.642,15.17,23.215,216.7
1983-10-18,0.803,11.943,15.094,25.941,207.3
1983-10-19,47.558,7.469,16.264,21.549,449.5
1983-10-20,38.717,6.737,16.403,20.865,346.9
1983-10-21,17.009,8.279,15.812,22.115,369.3
1983-10-22,10.88,7.109,16.462,21.344,343.2
1983-10-23,28.766,9.349,15.635,23.278,466.7
1983-10-24,2.103,9.388,15.903,23.549,349.3
1983-10-25,18.092,7.477,17.292,22.434,292.6
1983-10-26,8.118,7.769,15.33,21.306,293.7
1983-10-27,1.201,10.187,14.809,23.844,260.4
1983-10-28,7.445,9.434,15.691,23.542,220.4
1983-10-29,43.127,7.516,16.062,21.545,261.7
1983-10-30,22.379,8.253,16.26,22.597,364.4
1983-10-31,9.553,6.709,16.17,20.802,313.1
1983-11-01,0.0,7.552,16.715,22.16,325.8
1983-11-02,10.18,8.83,16.559,23.562,264.9
1983-11-03,14.271,8.269,16.924,23.177,342.7
1983-11-04,12.403,9.69,17.872,25.608,260.1
1983-11-05,13.027,10.62,16.91,26.042,276.2
1983-11-06,2.115,11.019,16.198,26.083,223.9
1983-11-07,7.225,10.72,15.681,25.351,235.0
1983-11-08,27.663,8.78,16.733,23.747,203.6
1983-11-09,11.765,7.905,16.788,22.75,212.9
1983-11-10,1.308,7.243,17.323,22.438,200.2
1983-11-11,24.09,7.675,17.285,22.972,243.0
1983-11-12,11.08,8.567,16.104,23.094,333.3
1983-11-13,6.896,10.475,15.924,25.382,258.8
1983-11-14,5.26,9.912,14.656,23.792,239.3
1983-11-15,27.397,8.996,16.524,23.983,350.7
1983-11-16,13.803,10.654,15.983,25.681,293.6
1983-11-17,1.308,7.573,17.479,23.076,251.1
1983-11-18,17.203,10.002,16.25,25.101,345.3
1983-11-19,0.248,10.582,16.503,26.038,247.1
1983-11-20,3.873,11.148,16.993,27.083,225.5
1983-11-21,9.606,10.031,17.194,25.885,212.9
1983-11-22,21.128,10.03,16.639,25.517,214.3
1983-11-23,11.007,9.697,16.319,24.858,217.1
1983-11-24,4.612,10.225,15.274,24.816,215.9
1983-11-25,0.0,9.187,16.177,24.167,179.1
1983-11-26,5.974,8.941,16.562,24.17,188.1
1983-11-27,10.401,8.421,16.194,23.257,165.2
1983-11-28,27.143,7.77,16.337,22.507,199.9
1983-11-29,13.823,6.465,16.139,20.83,233.4
1983-11-30,4.055,6.034,16.434,20.608,179.9
1983-12-01,4.299,7.637,15.997,22.146,250.1
1983-12-02,1.441,11.017,14.292,25.337,212.2
1983-12-03,2.863,10.83,15.007,25.58,191.4
1983-12-04,28.853,8.637,16.42,23.757,336.7
1983-12-05,14.036,9.038,15.569,23.667,267.7
1983-12-06,1.201,5.602,16.948,20.59,262.0
1983-12-07,18.889,6.048,16.038,20.319,372.7
1983-12-08,0.0,9.365,15.545,24.101,318.2
1983-12-09,12.995,8.04,16.389,23.021,372.2
1983-12-10,9.893,7.78,14.906,21.597,335.3
1983-12-11,15.351,7.946,14.566,21.587,282.5
1983-12-12,17.538,7.198,15.247,21.142,283.0
1983-12-13,10.16,9.508,15.375,24.226,252.0
1983-12-14,5.881,8.431,16.653,23.76,220.7
1983-12-15,6.879,8.613,16.847,24.125,201.4
1983-12-16,2.52,8.745,14.965,22.906,201.8
1983-12-17,54.825,9.642,15.552,24.503,328.8
1983-12-18,8.412,9.504,15.844,24.528,246.2
1983-12-19,27.843,9.434,17.062,25.333,265.2
1983-12-20,10.545,7.704,16.476,22.708,301.8
1983-12-21,5.612,11.12,14.58,25.795,282.5
1983-12-22,18.766,9.364,15.26,23.965,231.2
1983-12-23,0.675,9.379,14.865,23.691,208.2
1983-12-24,24.325,9.675,15.622,24.615,219.5
1983-12-25,3.239,10.372,14.799,24.941,189.2
1983-12-26,17.927,9.26,14.681,23.396,255.9
1983-12-27,21.977,9.162,15.073,23.497,196.4
1983-12-28,1.372,11.169,15.962,26.747,236.8
1983-12-29,3.962,10.279,15.622,25.354,191.6
1983-12-30,17.923,7.848,16.101,22.559,244.7
1983-12-31,35.61,8.864,16.219,23.899,424.6
1984-01-01,39.428,6.673,16.042,21.052,365.7
1984-01-02,5.729,8.803,15.812,23.552,296.6
1984-01-03,12.137,7.402,15.861,21.774,328.8
1984-01-04,0.0,8.405,16.49,23.507,356.6
1984-01-05,8.006,8.103,16.278,22.955,381.3
1984-01-06,6.607,7.166,15.927,21.524,289.3
1984-01-07,0.0,7.016,16.455,21.722,347.1
1984-01-08,0.0,7.498,15.448,21.566,295.2
1984-01-09,0.0,10.329,15.087,24.917,278.7
1984-01-10,0.0,8.969,15.441,23.368,265.6
1984-01-11,13.91,9.966,15.983,24.976,279.0
1984-01-12,0.0,9.794,15.726,24.583,235.2
1984-01-13,0.0,10.251,15.569,25.042,204.6
1984-01-14,0.0,8.448,16.184,23.201,338.7
1984-01-15,6.85,10.137,15.455,24.785,268.9
1984-01-16,1.22,9.114,15.545,23.556,304.6
1984-01-17,19.054,10.219,14.163,23.983,244.3
1984-01-18,9.494,9.669,15.785,24.361,342.0
1984-01-19,3.183,11.529,15.163,26.278,232.5
1984-01-20,35.557,9.67,14.955,23.729,291.9
1984-01-21,19.335,7.817,15.003,21.441,368.2
1984-01-22,0.0,8.863,14.104,22.073,252.5
1984-01-23,0.0,11.485,14.09,25.427,222.6
1984-01-24,4.885,9.438,15.872,24.017,293.5
1984-01-25,0.0,8.445,16.715,23.399,236.5
1984-01-26,0.0,9.084,17.007,24.365,219.8
1984-01-27,0.0,8.456,16.365,23.094,200.2
1984-01-28,31.163,8.931,15.941,23.344,236.6
1984-01-29,21.456,8.476,16.233,22.979,286.9
1984-01-30,0.0,10.783,14.733,24.743,198.6
1984-01-31,0.0,11.11,15.309,25.531,201.7
1984-02-01,3.924,10.903,14.719,24.851,225.8
1984-02-02,37.57,10.954,15.917,25.694,413.0
1984-02-03,8.987,11.267,15.087,25.465,418.5
1984-02-04,8.547,7.789,15.681,21.656,375.1
1984-02-05,37.901,9.147,14.917,22.674,392.9
1984-02-06,0.977,8.179,15.667,22.049,292.0
1984-02-07,13.993,7.11,15.455,20.684,452.7
1984-02-08,2.203,9.438,15.372,23.306,332.0
1984-02-09,44.997,8.513,15.358,22.153,611.7
1984-02-10,8.825,10.247,13.941,23.257,472.4
1984-02-11,5.06,9.469,15.201,23.17,403.1
1984-02-12,0.0,11.192,15.618,25.507,308.6
1984-02-13,24.044,10.09,15.111,23.812,435.1
1984-02-14,20.836,9.865,14.726,23.219,317.6
1984-02-15,1.104,8.298,16.25,22.476,324.3
1984-02-16,0.0,9.956,15.892,24.128,303.0
1984-02-17,5.316,7.585,16.587,21.899,420.7
1984-02-18,7.626,10.915,15.097,24.66,314.4
1984-02-19,31.339,10.402,14.528,23.622,262.2
1984-02-20,9.789,8.873,15.861,22.757,350.7
1984-02-21,12.148,10.923,15.215,24.688,277.9
1984-02-22,46.259,10.212,15.576,24.069,273.1
1984-02-23,0.0,12.171,15.462,26.285,260.7
1984-02-24,20.475,9.941,15.819,23.882,222.8
1984-02-25,9.303,9.424,14.285,22.156,218.0
1984-02-26,3.521,9.631,16.444,23.92,357.6
1984-02-27,1.051,12.78,14.569,26.33,256.7
1984-02-28,14.54,11.44,15.962,25.674,243.1
1984-02-29,0.0,11.982,15.111,25.694,220.3
1984-03-01,3.074,9.765,15.323,23.212,252.9
1984-03-02,0.374,8.927,15.399,22.299,267.4
1984-03-03,22.702,9.824,15.295,23.194,301.1
1984-03-04,0.0,10.378,14.618,23.365,310.0
1984-03-05,48.154,9.975,15.622,23.618,231.6
1984-03-06,0.462,12.784,15.135,26.521,209.2
1984-03-07,30.338,11.923,15.573,25.795,514.3
1984-03-08,1.504,10.565,16.174,24.632,420.3
1984-03-09,0.0,11.811,15.417,25.524,295.0
1984-03-10,0.0,11.337,16.194,25.49,250.8
1984-03-11,0.0,9.72,17.337,24.486,222.4
1984-03-12,0.0,10.36,16.771,24.806,202.7
1984-03-13,0.0,11.774,15.667,25.635,191.9
1984-03-14,0.0,12.273,16.431,26.705,174.8
1984-03-15,0.0,11.303,17.094,26.021,179.0
1984-03-16,0.0,7.668,17.733,22.604,165.3
1984-03-17,0.0,10.7,15.976,24.531,154.9
1984-03-18,0.0,8.975,16.503,22.969,225.4
1984-03-19,0.0,8.216,16.854,22.438,163.0
1984-03-20,0.0,9.06,17.222,23.58,155.9
1984-03-21,0.0,8.846,17.003,23.215,208.2
1984-03-22,19.244,12.268,15.337,25.847,157.4
1984-03-23,17.39,8.48,16.969,22.816,237.7
1984-03-24,20.862,10.071,16.726,24.347,240.5
1984-03-25,0.0,11.205,16.139,25.188,206.1
1984-03-26,4.969,10.093,16.948,24.51,237.7
1984-03-27,0.0,11.052,16.49,25.26,255.3
1984-03-28,1.936,12.199,17.34,27.163,231.7
1984-03-29,8.34,9.73,16.403,23.712,219.1
1984-03-30,72.962,9.13,16.778,23.368,331.4
1984-03-31,17.223,12.612,15.743,26.5,224.7
1984-04-01,12.161,7.956,17.587,22.719,191.8
1984-04-02,11.988,10.713,16.514,24.868,197.6
1984-04-03,0.0,11.917,16.559,26.285,179.4
1984-04-04,0.0,11.52,17.347,26.389,200.8
1984-04-05,12.102,10.976,16.125,24.906,205.9
1984-04-06,0.349,10.173,16.337,24.174,181.1
1984-04-07,0.396,12.907,14.906,26.34,168.9
1984-04-08,30.43,10.055,14.809,22.965,371.7
1984-04-09,0.518,13.235,15.125,26.844,218.5
1984-04-10,30.404,11.198,15.649,24.851,196.6
1984-04-11,3.081,9.393,15.601,22.778,245.2
1984-04-12,23.322,9.785,14.823,22.653,350.8
1984-04-13,0.169,10.726,14.917,23.83,263.6
1984-04-14,19.794,11.34,15.385,24.858,386.0
1984-04-15,47.192,11.286,16.139,25.323,367.0
1984-04-16,5.023,8.729,16.677,22.889,299.3
1984-04-17,21.558,9.429,16.83,23.774,273.3
1984-04-18,11.267,13.188,15.861,27.358,229.8
1984-04-19,0.0,13.729,15.41,27.708,208.9
1984-04-20,0.0,11.743,16.135,25.927,189.4
1984-04-21,0.737,11.424,16.184,25.615,200.8
1984-04-22,21.876,9.159,16.25,23.094,177.7
1984-04-23,16.349,10.134,16.236,24.215,201.3
1984-04-24,0.0,10.318,16.788,24.788,165.3
1984-04-25,31.767,10.337,16.285,24.462,253.9
1984-04-26,7.448,9.458,16.84,23.872,187.6
1984-04-27,45.744,9.793,16.569,24.101,166.4
1984-04-28,12.51,11.079,16.833,25.733,217.0
1984-04-29,18.083,9.334,16.382,23.472,303.2
1984-04-30,11.853,9.953,16.365,24.156,252.6
1984-05-01,4.369,9.613,16.455,23.823,216.0
1984-05-02,10.924,11.561,15.438,25.396,217.8
1984-05-03,6.512,9.239,16.361,23.347,240.7
1984-05-04,10.815,13.098,15.253,27.146,189.1
1984-05-05,0.304,12.336,15.74,26.566,169.3
1984-05-06,22.158,11.154,15.611,25.069,156.6
1984-05-07,6.57,11.765,15.087,25.451,186.1
1984-05-08,13.034,9.372,15.344,22.823,266.2
1984-05-09,20.642,8.325,16.021,22.139,340.4
1984-05-10,19.02,10.486,16.993,25.323,225.5
1984-05-11,28.03,10.456,15.806,24.469,245.2
1984-05-12,37.732,8.414,15.58,21.944,311.5
1984-05-13,20.449,6.971,16.33,20.965,259.0
1984-05-14,9.211,8.064,16.396,22.215,308.0
1984-05-15,8.066,8.122,17.181,22.872,468.1
1984-05-16,26.658,9.318,16.132,23.458,410.6
1984-05-17,3.086,10.837,16.014,25.149,394.1
1984-05-18,27.408,11.943,15.517,26.146,348.3
1984-05-19,22.463,10.497,15.26,24.243,303.5
1984-05-20,12.348,10.213,16.632,24.938,378.6
1984-05-21,14.05,9.783,16.774,24.517,306.2
1984-05-22,30.354,10.449,16.087,24.83,276.4
1984-05-23,11.472,9.493,15.167,23.049,246.2
1984-05-24,0.585,11.322,15.406,25.431,228.8
1984-05-25,14.818,9.589,15.785,23.622,310.4
1984-05-26,29.85,8.196,15.819,22.017,323.9
1984-05-27,20.877,7.813,15.198,21.104,335.2
1984-05-28,7.452,9.235,15.642,23.125,323.9
1984-05-29,6.7,9.537,15.198,23.156,287.4
1984-05-30,21.795,12.007,16.267,26.917,315.8
1984-05-31,14.141,10.492,16.528,25.295,251.1
1984-06-01,31.048,9.82,16.385,24.385,407.1
1984-06-02,0.346,8.972,16.604,23.587,283.0
1984-06-03,9.154,8.94,15.132,22.441,322.8
1984-06-04,13.446,8.116,15.49,21.743,294.7
1984-06-05,9.628,8.932,15.576,22.816,330.9
1984-06-06,1.916,12.353,14.132,25.976,248.7
1984-06-07,8.959,9.01,15.396,22.771,391.9
1984-06-08,2.405,7.997,16.701,22.583,379.2
1984-06-09,0.0,10.019,15.573,24.101,311.2
1984-06-10,1.026,10.128,15.215,24.003,265.1
1984-06-11,10.429,10.876,15.167,24.92,252.5
1984-06-12,8.124,10.105,15.274,24.038,240.4
1984-06-13,5.984,9.795,15.306,23.708,225.1
1984-06-14,7.356,11.516,14.875,25.51,254.4
1984-06-15,22.439,9.58,14.934,23.17,203.1
1984-06-16,8.035,11.675,15.049,25.819,198.3
1984-06-17,12.499,11.674,15.174,25.903,178.1
1984-06-18,12.856,8.035,15.552,21.729,168.1
1984-06-19,13.198,9.414,16.333,23.979,295.4
1984-06-20,8.035,11.775,15.309,26.111,192.2
1984-06-21,8.557,12.58,14.007,26.267,171.8
1984-06-22,25.931,10.084,14.823,23.705,162.5
1984-06-23,15.415,9.568,15.299,23.406,161.3
1984-06-24,15.03,8.894,16.219,23.285,281.0
1984-06-25,14.515,10.789,15.201,24.847,239.1
1984-06-26,2.622,9.375,15.184,23.087,235.0
1984-06-27,12.242,9.017,14.653,22.25,342.7
1984-06-28,14.12,10.382,15.087,24.236,221.6
1984-06-29,23.326,10.806,15.319,24.934,369.6
1984-06-30,23.612,10.559,15.125,24.462,328.8
1984-07-01,20.847,10.719,14.663,24.358,279.1
1984-07-02,38.764,9.093,14.757,22.427,393.6
1984-07-03,6.006,11.441,14.931,25.41,281.1
1984-07-04,6.911,10.307,14.83,23.955,433.8
1984-07-05,11.125,8.88,14.712,22.115,539.0
1984-07-06,25.2,8.506,15.378,22.181,376.1
1984-07-07,4.812,11.389,14.861,25.306,301.4
1984-07-08,25.474,10.322,15.069,24.115,274.7
1984-07-09,2.177,10.876,14.163,24.201,395.9
1984-07-10,20.23,9.288,14.747,22.608,420.8
1984-07-11,11.491,11.25,14.58,24.91,304.4
1984-07-12,9.186,9.935,15.566,23.948,360.4
1984-07-13,9.186,8.474,14.062,21.122,291.0
1984-07-14,18.395,10.151,14.483,23.427,258.0
1984-07-15,25.485,9.252,14.135,22.08,347.8
1984-07-16,5.904,10.966,14.153,24.212,321.3
1984-07-17,0.224,11.707,14.274,25.194,248.9
1984-07-18,0.0,10.533,13.972,23.517,224.0
1984-07-19,0.04,11.334,14.781,25.042,223.2
1984-07-20,0.0,12.256,13.295,25.184,212.4
1984-07-21,0.978,12.773,13.309,25.819,183.0
1984-07-22,0.0,9.917,14.163,22.861,217.7
1984-07-23,0.0,10.9,13.708,23.736,195.5
1984-07-24,10.101,11.111,14.326,24.41,344.3
1984-07-25,0.0,9.737,15.743,23.712,214.0
1984-07-26,0.87,10.164,15.337,23.92,187.8
1984-07-27,0.0,13.067,14.837,27.08,169.9
1984-07-28,0.0,11.839,15.347,25.91,158.0
1984-07-29,0.217,11.261,14.924,24.903,150.5
1984-07-30,0.0,12.162,14.708,25.844,145.1
1984-07-31,9.952,10.954,13.889,23.799,140.2
1984-08-01,1.224,8.993,15.337,22.462,162.8
1984-08-02,0.0,10.079,14.778,23.34,310.8
1984-08-03,3.387,10.954,14.236,24.017,202.1
1984-08-04,43.353,11.698,14.372,24.993,326.4
1984-08-05,2.984,9.717,14.194,22.49,192.7
1984-08-06,5.546,12.515,14.382,25.983,166.9
1984-08-07,6.029,13.086,14.708,26.861,153.6
1984-08-08,5.176,11.682,15.233,25.5,147.3
1984-08-09,6.083,11.34,14.597,24.642,202.8
1984-08-10,4.208,11.263,13.722,23.934,148.6
1984-08-11,13.232,10.112,15.146,23.58,206.3
1984-08-12,12.216,11.532,14.608,24.858,227.7
1984-08-13,0.172,11.051,15.326,24.736,164.5
1984-08-14,5.796,10.859,16.038,25.01,142.5
1984-08-15,7.473,12.547,16.045,26.931,147.6
1984-08-16,0.0,12.186,15.413,26.087,133.6
1984-08-17,22.387,12.212,15.715,26.333,159.3
1984-08-18,43.809,9.549,15.99,23.451,231.4
1984-08-19,0.0,9.749,14.844,22.795,149.4
1984-08-20,32.212,10.008,15.316,23.434,283.0
1984-08-21,7.595,12.164,15.021,25.774,201.1
1984-08-22,35.917,9.79,15.417,23.236,369.1
1984-08-23,0.866,10.076,13.392,22.163,216.0
1984-08-24,5.711,12.199,14.785,25.625,211.3
1984-08-25,0.901,12.048,15.618,26.028,181.5
1984-08-26,5.515,10.964,15.809,24.903,213.0
1984-08-27,2.781,12.839,14.726,26.306,165.1
1984-08-28,2.832,11.713,14.997,25.167,153.0
1984-08-29,1.603,10.13,15.622,23.778,142.3
1984-08-30,1.603,12.193,15.743,26.236,144.4
1984-08-31,1.721,12.635,14.538,25.92,132.4
1984-09-01,5.319,13.166,14.892,26.778,125.8
1984-09-02,1.314,13.539,15.399,27.531,121.0
1984-09-03,2.86,12.78,15.361,26.622,129.3
1984-09-04,14.499,13.177,14.094,26.26,135.7
1984-09-05,2.351,12.251,15.17,25.913,119.4
1984-09-06,14.126,12.284,16.017,26.486,156.4
1984-09-07,20.627,10.722,16.153,24.774,162.8
1984-09-08,5.901,11.778,15.035,25.215,195.0
1984-09-09,40.186,9.183,15.181,22.312,303.6
1984-09-10,19.37,9.995,14.92,23.059,252.0
1984-09-11,5.981,8.99,15.573,22.396,262.5
1984-09-12,0.064,10.969,15.413,24.556,182.4
1984-09-13,26.557,12.507,15.076,26.111,366.4
1984-09-14,52.209,12.436,14.931,25.927,375.6
1984-09-15,22.428,10.899,14.278,23.698,431.3
1984-09-16,6.241,10.273,13.438,22.375,305.3
1984-09-17,32.223,9.29,16.233,23.233,538.5
1984-09-18,27.387,10.213,15.049,23.448,544.8
1984-09-19,21.629,9.106,16.111,22.931,660.2
1984-09-20,41.321,8.269,14.295,20.677,518.8
1984-09-21,1.804,9.467,16.17,23.378,500.5
1984-09-22,7.656,9.726,15.83,23.451,480.8
1984-09-23,39.047,9.762,13.924,22.115,438.3
1984-09-24,5.442,10.226,13.788,22.615,345.8
1984-09-25,21.912,11.401,14.451,24.486,322.7
1984-09-26,4.188,10.231,15.306,23.684,294.5
1984-09-27,31.961,11.67,14.333,24.753,421.4
1984-09-28,3.146,12.821,13.663,25.705,291.0
1984-09-29,3.191,13.369,14.503,26.892,253.5
1984-09-30,17.875,10.207,15.51,23.875,242.7
1984-10-01,20.698,12.196,15.497,26.177,370.9
1984-10-02,28.424,9.997,16.194,24.132,383.5
1984-10-03,19.404,10.434,16.122,24.573,312.6
1984-10-04,16.995,8.834,15.979,22.656,348.0
1984-10-05,12.703,10.64,15.597,24.521,277.2
1984-10-06,44.005,9.472,16.205,23.587,625.9
1984-10-07,23.254,9.418,16.507,23.788,430.1
1984-10-08,3.601,9.469,16.552,23.889,549.7
1984-10-09,18.25,9.911,14.972,23.267,434.1
1984-10-10,1.764,8.802,16.785,23.333,357.4
1984-10-11,3.37,9.695,16.285,24.035,428.8
1984-10-12,19.995,11.322,16.184,25.826,319.3
1984-10-13,35.777,9.553,16.594,24.049,544.5
1984-10-14,5.081,9.104,15.417,22.708,339.1
1984-10-15,7.954,11.879,16.347,26.635,430.2
1984-10-16,13.77,10.962,16.365,25.642,535.4
1984-10-17,25.493,8.838,15.684,22.67,418.4
1984-10-18,16.866,9.988,14.788,23.385,358.7
1984-10-19,27.714,9.51,16.229,23.878,471.4
1984-10-20,28.721,9.761,16.514,24.361,506.7
1984-10-21,1.941,8.496,16.469,22.91,376.4
1984-10-22,26.391,11.581,16.538,26.611,560.4
1984-10-23,32.352,6.641,16.399,20.781,412.5
1984-10-24,25.5,7.997,15.267,21.472,360.7
1984-10-25,47.316,7.808,17.285,22.833,751.5
1984-10-26,25.675,9.597,16.587,24.413,886.0
1984-10-27,21.29,7.826,16.184,22.045,762.8
1984-10-28,51.608,6.93,16.292,21.087,987.2
1984-10-29,42.767,7.711,15.812,21.622,829.8
1984-10-30,13.286,6.668,16.104,20.712,653.4
1984-10-31,1.074,8.825,16.059,23.188,583.0
1984-11-01,10.804,8.079,16.542,22.681,581.1
1984-11-02,31.531,9.634,16.507,24.524,626.9
1984-11-03,0.0,10.405,15.368,24.722,517.3
1984-11-04,16.499,9.953,15.858,24.507,440.2
1984-11-05,18.488,7.671,16.76,22.438,487.1
1984-11-06,43.997,5.717,16.969,20.462,652.6
1984-11-07,17.68,4.26,15.608,17.875,785.5
1984-11-08,2.39,9.247,14.778,22.972,776.5
1984-11-09,16.053,10.866,14.233,24.667,570.0
1984-11-10,8.267,9.292,16.285,24.108,469.5
1984-11-11,13.261,8.863,16.174,23.524,491.8
1984-11-12,33.891,7.084,16.194,21.424,474.5
1984-11-13,21.37,8.469,15.913,22.878,502.3
1984-11-14,0.0,9.711,16.194,24.653,422.5
1984-11-15,19.993,11.088,14.212,25.052,438.6
1984-11-16,30.76,11.401,15.097,26.09,367.5
1984-11-17,2.545,8.824,16.024,23.472,374.9
1984-11-18,29.653,9.799,16.892,25.326,472.4
1984-11-19,0.0,9.987,15.91,24.903,363.7
1984-11-20,27.706,9.233,16.736,24.58,460.7
1984-11-21,18.448,8.808,16.205,23.684,445.7
1984-11-22,31.416,11.286,16.09,26.781,472.4
1984-11-23,43.197,7.337,17.153,22.597,535.2
1984-11-24,7.354,9.355,16.076,24.316,479.5
1984-11-25,9.113,7.922,16.833,23.094,493.0
1984-11-26,0.0,10.411,15.368,25.212,515.0
1984-11-27,14.632,9.293,15.431,23.819,528.6
1984-11-28,4.643,8.048,16.889,23.337,438.9
1984-11-29,0.275,8.044,15.812,22.538,471.9
1984-11-30,61.67,8.712,16.201,23.653,424.6
1984-12-01,8.537,9.872,15.934,24.972,447.8
1984-12-02,0.52,10.233,15.753,25.316,367.6
1984-12-03,15.21,10.192,15.104,24.823,319.1
1984-12-04,11.93,10.066,14.712,24.375,359.0
1984-12-05,0.0,11.242,14.323,25.715,302.4
1984-12-06,3.79,10.582,14.781,25.16,322.1
1984-12-07,15.717,10.229,15.295,25.042,291.7
1984-12-08,0.736,7.209,17.146,22.594,332.0
1984-12-09,0.0,7.323,17.677,23.16,307.8
1984-12-10,0.0,8.241,17.417,24.066,361.7
1984-12-11,4.541,7.174,17.076,22.507,540.8
1984-12-12,0.0,8.162,17.42,23.965,359.7
1984-12-13,1.822,9.075,17.226,24.955,371.5
1984-12-14,13.424,9.239,18.024,25.771,372.7
1984-12-15,2.257,10.197,15.684,25.333,340.2
1984-12-16,5.562,8.874,16.625,24.285,366.4
1984-12-17,4.04,7.893,16.719,23.128,407.5
1984-12-18,22.196,7.405,16.58,22.417,447.8
1984-12-19,6.07,7.377,16.378,22.236,432.7
1984-12-20,9.408,9.837,16.389,25.333,364.3
1984-12-21,15.966,10.829,14.861,25.611,434.0
1984-12-22,8.516,7.895,15.924,22.528,431.8
1984-12-23,8.875,6.715,16.42,21.483,395.6
1984-12-24,5.408,7.432,16.476,22.375,314.0
1984-12-25,6.912,8.751,15.858,23.583,340.8
1984-12-26,2.213,9.761,16.677,25.42,381.7
1984-12-27,0.0,10.49,15.5,25.531,275.8
1984-12-28,0.0,10.653,15.424,25.681,259.7
1984-12-29,24.886,11.471,14.215,25.944,239.7
1984-12-30,2.38,10.858,15.17,25.767,253.2
1984-12-31,0.0,10.607,15.799,25.875,274.4
1985-01-01,1.076,7.993,16.806,23.233,241.5
1985-01-02,1.573,10.797,15.323,25.778,245.0
1985-01-03,1.648,11.03,14.229,25.333,295.5
1985-01-04,1.844,9.719,15.434,24.424,397.4
1985-01-05,11.728,7.837,17.201,23.316,302.5
1985-01-06,10.274,8.692,17.288,24.441,241.4
1985-01-07,0.0,9.586,16.552,24.983,241.4
1985-01-08,0.0,9.287,17.358,25.167,306.2
1985-01-09,0.0,8.996,17.361,24.799,213.6
1985-01-10,0.0,10.086,17.069,25.924,195.5
1985-01-11,0.0,10.354,16.622,25.951,196.7
1985-01-12,1.476,9.77,17.399,25.76,194.7
1985-01-13,1.672,8.849,17.507,24.674,190.1
1985-01-14,0.0,10.176,16.726,25.719,181.1
1985-01-15,12.661,9.783,16.576,25.101,161.9
1985-01-16,0.624,10.652,15.993,25.757,151.4
1985-01-17,21.866,9.501,16.51,24.674,145.8
1985-01-18,0.0,8.94,16.75,24.153,141.6
1985-01-19,3.521,9.269,17.441,25.017,137.4
1985-01-20,7.117,9.577,17.08,25.122,139.5
1985-01-21,1.677,7.95,17.031,23.094,138.8
1985-01-22,4.421,8.674,16.524,23.594,215.9
1985-01-23,16.223,8.454,16.26,23.056,160.9
1985-01-24,0.861,9.959,16.521,25.132,137.0
1985-01-25,3.529,10.494,15.819,25.212,176.3
1985-01-26,0.0,8.445,16.934,23.514,143.7
1985-01-27,4.079,10.073,15.212,24.215,133.6
1985-01-28,0.0,9.053,16.243,23.694,126.4
1985-01-29,0.0,8.303,16.625,23.045,124.0
1985-01-30,0.0,10.142,17.49,25.872,118.0
1985-01-31,14.505,11.196,15.934,26.042,118.0
1985-02-01,0.0,12.264,16.243,27.521,113.8
1985-02-02,0.0,9.903,16.545,24.83,110.0
1985-02-03,0.0,10.614,16.01,25.267,108.0
1985-02-04,0.0,12.343,14.132,26.156,106.0
1985-02-05,0.0,13.971,13.906,28.035,102.5
1985-02-06,0.0,13.938,11.681,26.573,101.5
1985-02-07,0.0,13.77,13.58,27.493,99.5
1985-02-08,0.0,13.482,14.951,27.948,98.0
1985-02-09,0.0,9.447,16.385,23.997,105.8
1985-02-10,3.521,12.761,14.757,26.896,143.6
1985-02-11,1.275,12.921,15.191,27.34,98.8
1985-02-12,20.144,10.219,15.677,24.33,108.2
1985-02-13,37.716,10.992,15.806,25.361,195.8
1985-02-14,0.0,12.473,14.844,26.493,113.8
1985-02-15,15.474,10.388,16.361,24.965,148.4
1985-02-16,0.0,13.368,14.087,27.042,111.7
1985-02-17,0.0,12.757,15.208,26.993,113.3
1985-02-18,0.0,11.804,15.58,26.045,108.8
1985-02-19,4.558,11.849,16.271,26.542,143.2
1985-02-20,5.327,13.109,15.826,27.719,142.7
1985-02-21,5.446,10.674,16.118,25.01,183.0
1985-02-22,0.0,12.408,14.326,25.819,129.4
1985-02-23,18.956,11.249,16.472,25.868,160.2
1985-02-24,37.741,10.293,15.771,24.212,136.6
1985-02-25,4.319,10.275,16.941,25.028,167.6
1985-02-26,0.0,9.477,15.969,23.378,137.9
1985-02-27,0.0,8.76,17.358,23.611,142.7
1985-02-28,0.0,11.729,15.51,25.66,122.5
1985-03-01,0.0,11.786,16.007,26.035,129.2
1985-03-02,0.0,13.363,16.785,28.365,135.5
1985-03-03,1.707,12.603,16.917,27.556,283.2
1985-03-04,0.274,13.569,17.09,28.788,169.5
1985-03-05,9.794,11.8,16.531,26.375,156.9
1985-03-06,37.934,10.999,16.399,25.337,247.2
1985-03-07,10.511,8.923,17.375,23.708,206.5
1985-03-08,0.0,11.24,15.399,24.854,187.0
1985-03-09,9.331,12.634,16.781,27.403,154.3
1985-03-10,45.51,10.116,17.257,24.885,262.5
1985-03-11,0.0,10.535,16.125,24.549,174.5
1985-03-12,0.0,10.215,17.792,25.372,181.1
1985-03-13,0.0,10.184,17.708,25.25,182.3
1985-03-14,0.0,10.97,17.08,25.653,156.9
1985-03-15,0.0,11.006,18.097,26.417,141.8
1985-03-16,0.0,9.409,18.198,24.788,146.2
1985-03-17,0.0,11.432,17.885,26.715,132.6
1985-03-18,1.721,9.117,17.708,24.087,167.2
1985-03-19,0.0,9.842,17.392,24.583,137.7
1985-03-20,0.0,9.173,16.424,23.111,227.4
1985-03-21,0.0,12.478,14.906,25.809,159.1
1985-03-22,0.0,12.525,16.243,26.753,136.8
1985-03-23,0.0,12.245,17.045,26.972,125.7
1985-03-24,0.0,11.855,17.576,26.913,121.5
1985-03-25,0.0,12.563,16.483,26.972,115.3
1985-03-26,0.0,12.541,17.271,27.458,114.5
1985-03-27,39.924,10.735,17.688,25.747,323.3
1985-03-28,5.779,12.644,17.076,27.427,157.6
1985-03-29,73.918,10.06,18.74,25.774,344.2
1985-03-30,3.604,8.051,18.194,23.285,241.6
1985-03-31,87.718,9.652,16.535,23.691,330.0
1985-04-01,1.262,8.171,16.931,22.441,284.6
1985-04-02,16.12,8.936,17.924,23.993,309.9
1985-04-03,38.297,10.71,17.177,25.403,327.7
1985-04-04,0.0,8.538,17.528,23.292,249.5
1985-04-05,0.281,12.871,16.594,27.378,318.2
1985-04-06,19.749,12.81,15.559,26.632,281.8
1985-04-07,7.547,11.255,15.083,24.497,268.7
1985-04-08,3.746,9.017,16.948,23.326,307.8
1985-04-09,10.934,9.857,15.917,23.476,249.3
1985-04-10,21.452,11.776,14.545,24.757,266.3
1985-04-11,6.154,11.856,15.812,25.75,215.9
1985-04-12,19.9,11.235,16.604,25.562,227.1
1985-04-13,1.862,13.358,15.868,27.49,205.8
1985-04-14,1.753,13.311,15.569,27.26,262.1
1985-04-15,2.794,11.935,16.163,26.094,213.6
1985-04-16,2.878,11.5,17.681,26.701,256.4
1985-04-17,5.627,13.559,16.326,28.083,309.7
1985-04-18,0.0,10.924,18.163,26.438,249.6
1985-04-19,2.779,10.789,18.122,26.212,323.0
1985-04-20,36.464,8.635,16.972,23.007,296.9
1985-04-21,2.426,10.91,17.476,25.938,240.0
1985-04-22,41.286,9.034,16.479,23.094,501.5
1985-04-23,7.035,10.146,16.514,24.372,301.2
1985-04-24,22.564,8.73,17.326,23.441,403.9
1985-04-25,4.007,7.667,17.132,22.167,275.8
1985-04-26,23.831,8.84,16.399,22.889,346.4
1985-04-27,0.0,7.611,16.667,21.785,404.5
1985-04-28,0.0,8.372,17.26,23.08,298.1
1985-04-29,0.0,10.341,16.351,24.562,325.6
1985-04-30,21.91,10.288,16.792,24.833,269.7
1985-05-01,0.0,8.978,16.365,23.069,343.1
1985-05-02,1.78,11.392,15.958,25.535,303.2
1985-05-03,2.358,9.266,16.326,23.358,278.6
1985-05-04,21.286,8.833,16.604,23.125,316.9
1985-05-05,26.05,11.776,15.5,25.701,488.9
1985-05-06,13.49,10.162,16.174,24.295,325.4
1985-05-07,27.364,9.879,16.184,23.99,417.8
1985-05-08,27.551,8.849,17.799,24.045,308.0
1985-05-09,15.873,8.846,17.226,23.632,521.4
1985-05-10,12.401,8.801,15.889,22.608,391.5
1985-05-11,21.547,7.243,16.851,21.632,533.3
1985-05-12,6.009,9.373,16.219,23.556,393.1
1985-05-13,6.73,7.726,17.309,22.528,438.9
1985-05-14,6.876,8.751,16.41,22.976,330.7
1985-05-15,14.275,7.915,16.552,22.153,302.1
1985-05-16,3.852,10.181,16.229,24.476,282.0
1985-05-17,6.645,7.006,16.958,21.524,419.9
1985-05-18,18.995,9.51,15.545,23.295,286.8
1985-05-19,33.142,10.74,16.597,25.479,261.4
1985-05-20,0.0,12.702,15.365,26.986,233.9
1985-05-21,2.044,12.463,14.472,26.111,228.7
1985-05-22,14.444,11.84,14.521,25.385,228.4
1985-05-23,0.204,10.641,16.427,25.295,199.5
1985-05-24,1.886,8.55,16.608,23.035,186.6
1985-05-25,0.066,11.214,16.455,26.014,174.5
1985-05-26,7.061,10.296,15.941,24.562,170.9
1985-05-27,0.062,10.309,15.215,24.073,158.4
1985-05-28,3.34,10.556,15.816,24.799,154.4
1985-05-29,10.063,11.124,15.865,25.497,148.3
1985-05-30,4.099,10.98,16.219,25.615,147.2
1985-05-31,5.781,10.235,15.368,24.167,141.0
1985-06-01,14.424,7.945,16.472,22.271,169.1
1985-06-02,58.27,6.981,16.802,21.472,379.4
1985-06-03,0.601,7.239,16.267,21.378,197.1
1985-06-04,36.969,8.145,15.469,21.743,311.1
1985-06-05,2.496,8.982,15.615,22.84,267.1
1985-06-06,17.627,8.571,16.222,22.833,380.8
1985-06-07,0.757,9.187,16.25,23.576,284.7
1985-06-08,0.0,10.012,15.719,24.188,207.8
1985-06-09,0.0,9.442,16.09,23.795,178.9
1985-06-10,0.0,10.558,13.816,23.569,175.9
1985-06-11,0.0,11.686,13.16,24.545,163.7
1985-06-12,0.0,10.748,13.198,23.358,151.6
1985-06-13,3.195,10.979,14.177,24.354,143.6
1985-06-14,0.0,12.228,14.774,26.309,138.1
1985-06-15,0.0,10.142,15.465,24.198,132.4
1985-06-16,0.485,11.699,15.566,26.177,127.9
1985-06-17,0.069,12.257,14.924,26.434,118.1
1985-06-18,1.419,10.829,14.851,24.628,118.8
1985-06-19,2.453,11.091,14.396,24.639,115.8
1985-06-20,0.0,11.533,14.267,25.101,115.6
1985-06-21,1.157,11.317,15.153,25.434,115.6
1985-06-22,0.119,12.326,14.851,26.465,110.3
1985-06-23,3.783,12.777,15.427,27.399,111.5
1985-06-24,0.0,12.85,15.705,27.688,109.0
1985-06-25,0.804,11.138,16.417,26.08,107.0
1985-06-26,8.628,9.81,16.795,24.76,104.7
1985-06-27,3.247,12.11,15.681,26.771,107.2
1985-06-28,0.0,11.948,14.344,25.681,97.5
1985-06-29,1.721,10.358,14.997,24.128,97.2
1985-06-30,1.707,11.096,14.431,24.639,102.8
1985-07-01,0.0,12.015,13.674,25.319,94.5
1985-07-02,7.696,12.124,14.764,26.16,109.2
1985-07-03,0.196,12.06,15.604,26.632,96.5
1985-07-04,0.0,11.228,14.267,24.694,92.0
1985-07-05,0.0,11.971,14.66,25.882,90.4
1985-07-06,2.837,11.495,15.497,25.833,90.4
1985-07-07,6.342,11.074,15.295,25.181,88.8
1985-07-08,4.489,12.092,14.948,26.184,95.0
1985-07-09,4.339,11.089,15.781,25.538,104.5
1985-07-10,4.065,12.05,15.198,26.323,103.2
1985-07-11,0.729,12.778,15.01,27.069,90.8
1985-07-12,0.0,12.724,13.778,26.184,87.2
1985-07-13,0.406,11.732,14.153,25.177,86.4
1985-07-14,0.0,10.996,15.111,24.885,84.0
1985-07-15,0.0,10.079,16.087,24.472,83.0
1985-07-16,0.0,10.725,16.556,25.552,82.0
1985-07-17,0.0,13.558,14.878,27.865,81.2
1985-07-18,12.173,9.924,15.538,23.854,81.9
1985-07-19,0.0,12.235,14.812,26.153,79.3
1985-07-20,2.488,11.981,13.292,24.826,79.3
1985-07-21,13.002,10.07,14.92,23.608,86.3
1985-07-22,11.609,11.894,15.288,26.021,81.5
1985-07-23,13.847,11.695,14.274,25.101,92.3
1985-07-24,5.407,9.377,14.153,22.163,90.8
1985-07-25,16.981,9.267,14.097,21.969,144.7
1985-07-26,5.625,12.832,15.271,27.09,90.5
1985-07-27,47.652,9.253,15.837,23.201,201.7
1985-07-28,1.704,12.64,15.465,27.007,95.3
1985-07-29,3.13,10.451,15.594,24.417,113.0
1985-07-30,15.619,12.597,15.295,26.806,112.2
1985-07-31,4.619,11.799,15.267,25.778,114.4
1985-08-01,15.98,10.679,14.997,24.229,112.1
1985-08-02,0.452,11.433,14.906,25.097,93.1
1985-08-03,12.173,12.391,14.441,25.913,94.5
1985-08-04,5.192,12.689,14.215,26.108,86.4
1985-08-05,3.412,13.342,13.764,26.601,83.6
1985-08-06,37.428,11.008,15.399,24.865,124.9
1985-08-07,8.969,9.271,15.139,22.642,97.9
1985-08-08,33.416,9.534,15.177,22.913,189.4
1985-08-09,6.643,12.365,13.517,25.188,120.5
1985-08-10,4.246,10.002,15.201,23.486,295.8
1985-08-11,0.0,13.154,14.524,26.771,166.4
1985-08-12,0.396,12.213,14.208,25.417,128.1
1985-08-13,2.822,11.554,15.188,25.233,112.3
1985-08-14,25.451,11.581,15.448,25.462,145.9
1985-08-15,17.616,12.149,14.656,25.573,176.9
1985-08-16,1.865,11.222,15.003,24.712,186.3
1985-08-17,4.77,12.101,14.458,25.375,213.9
1985-08-18,35.933,11.073,14.785,24.365,161.4
1985-08-19,4.64,11.638,15.375,25.399,169.9
1985-08-20,32.419,8.41,15.896,22.049,258.4
1985-08-21,20.071,9.445,15.604,23.031,281.4
1985-08-22,0.562,11.876,14.538,25.111,195.7
1985-08-23,8.84,11.055,15.646,24.906,162.0
1985-08-24,8.808,13.957,14.205,27.351,160.7
1985-08-25,0.0,12.266,14.705,25.632,138.0
1985-08-26,17.39,10.017,15.562,23.639,229.8
1985-08-27,12.431,12.05,14.087,24.931,228.1
1985-08-28,2.411,11.899,15.983,26.052,166.8
1985-08-29,8.986,10.387,14.906,23.566,144.2
1985-08-30,11.297,10.935,15.205,24.389,204.8
1985-08-31,0.0,12.111,14.5,25.285,152.6
1985-09-01,13.752,15.071,14.087,28.531,134.0
1985-09-02,7.739,11.976,15.135,25.549,189.7
1985-09-03,5.758,13.126,15.264,26.951,139.9
1985-09-04,10.551,12.967,15.479,26.948,126.9
1985-09-05,10.021,13.084,14.833,26.635,120.0
1985-09-06,13.443,11.671,16.337,25.99,147.1
1985-09-07,15.581,11.721,16.465,26.139,129.5
1985-09-08,14.957,11.752,15.705,25.635,163.8
1985-09-09,25.494,9.133,16.149,22.955,170.6
1985-09-10,10.525,9.68,15.972,23.441,256.2
1985-09-11,6.217,11.127,15.476,24.757,196.8
1985-09-12,19.627,8.8,16.736,23.042,189.3
1985-09-13,10.138,9.373,16.146,23.253,185.1
1985-09-14,16.588,10.197,15.455,23.67,290.9
1985-09-15,16.217,12.108,15.351,25.826,287.8
1985-09-16,17.826,12.008,15.583,25.885,216.7
1985-09-17,3.76,12.888,15.059,26.58,177.9
1985-09-18,3.76,13.155,14.517,26.559,242.0
1985-09-19,3.901,13.091,15.181,26.913,234.3
1985-09-20,7.942,11.999,15.542,25.878,176.2
1985-09-21,7.068,11.107,16.747,25.691,156.2
1985-09-22,29.099,11.386,15.337,25.024,268.9
1985-09-23,2.482,12.398,14.983,26.014,187.7
1985-09-24,30.051,11.133,15.517,24.882,294.1
1985-09-25,26.929,9.047,16.559,23.226,298.2
1985-09-26,23.431,9.083,15.823,22.785,346.1
1985-09-27,16.302,8.334,15.969,21.976,370.0
1985-09-28,10.483,8.166,15.993,21.892,370.1
1985-09-29,0.226,9.417,15.642,23.0,271.1
1985-09-30,15.231,11.81,14.361,24.913,254.5
1985-10-01,6.409,8.362,15.715,21.906,214.7
1985-10-02,5.932,9.772,16.378,24.017,215.7
1985-10-03,13.379,9.304,15.972,23.188,279.6
1985-10-04,2.695,10.474,16.375,24.823,193.6
1985-10-05,39.68,10.14,16.049,24.264,226.5
1985-10-06,2.632,10.41,16.108,24.59,196.2
1985-10-07,3.452,10.894,15.142,24.514,200.2
1985-10-08,3.356,9.781,16.837,24.431,187.7
1985-10-09,45.524,10.309,15.875,24.354,332.6
1985-10-10,7.911,10.433,14.51,23.573,233.1
1985-10-11,10.3,11.468,15.583,25.531,204.2
1985-10-12,6.248,10.885,15.941,25.128,186.6
1985-10-13,0.192,11.768,15.802,26.087,165.8
1985-10-14,0.298,12.482,15.476,26.771,155.3
1985-10-15,11.498,11.778,15.875,26.201,178.8
1985-10-16,8.15,10.627,16.17,25.115,166.3
1985-10-17,26.556,10.362,16.146,24.74,430.1
1985-10-18,3.586,9.702,16.229,24.045,311.8
1985-10-19,9.229,8.883,16.191,23.076,295.4
1985-10-20,48.318,8.442,16.049,22.49,403.5
1985-10-21,31.286,10.096,15.385,23.99,262.4
1985-10-22,6.313,8.779,16.062,22.927,263.6
1985-10-23,5.071,9.187,15.951,23.372,283.2
1985-10-24,8.872,6.753,16.257,20.816,576.1
1985-10-25,42.516,9.493,15.816,23.667,349.0
1985-10-26,3.469,9.315,17.052,24.372,341.6
1985-10-27,0.0,8.583,16.323,22.969,303.4
1985-10-28,18.974,9.009,15.969,23.243,422.7
1985-10-29,24.655,7.488,16.785,22.108,444.9
1985-10-30,46.456,6.349,16.622,20.736,458.6
1985-10-31,0.474,9.993,15.378,24.08,320.0
1985-11-01,0.0,10.599,13.75,23.75,265.2
1985-11-02,0.0,11.834,13.889,25.472,233.3
1985-11-03,0.0,9.721,15.743,24.087,214.8
1985-11-04,0.0,9.157,15.743,23.382,213.9
1985-11-05,6.006,7.33,16.861,22.142,263.8
1985-11-06,3.884,9.018,15.035,22.778,292.9
1985-11-07,0.0,9.599,16.524,24.604,249.8
1985-11-08,5.198,11.166,14.285,24.997,226.4
1985-11-09,42.234,12.179,14.774,26.656,338.8
1985-11-10,53.031,9.004,17.132,24.351,322.4
1985-11-11,37.989,8.927,16.486,23.809,625.5
1985-11-12,32.678,6.422,16.295,20.722,598.0
1985-11-13,0.0,5.449,15.663,19.17,524.6
1985-11-14,35.828,4.11,16.174,18.295,592.4
1985-11-15,0.0,9.42,14.181,22.816,446.7
1985-11-16,0.0,6.79,16.344,21.247,371.9
1985-11-17,0.842,7.754,16.806,22.747,319.5
1985-11-18,0.59,6.016,17.33,21.226,279.4
1985-11-19,27.026,6.765,17.212,21.931,242.7
1985-11-20,18.11,8.734,15.788,23.233,255.9
1985-11-21,11.558,8.325,16.24,23.066,410.9
1985-11-22,16.77,7.816,16.642,22.778,298.1
1985-11-23,10.173,8.091,16.361,22.892,276.9
1985-11-24,2.689,8.262,16.49,23.236,300.1
1985-11-25,0.0,7.941,15.972,22.476,251.7
1985-11-26,0.542,9.317,15.549,23.878,257.4
1985-11-27,0.0,8.476,16.576,23.583,240.8
1985-11-28,10.862,8.275,17.476,24.024,351.2
1985-11-29,49.709,8.679,17.08,24.25,586.5
1985-11-30,19.719,7.525,16.25,22.24,442.8
1985-12-01,0.0,7.858,15.927,22.406,333.5
1985-12-02,28.364,6.641,17.24,21.962,331.1
1985-12-03,3.86,9.848,16.264,25.167,304.2
1985-12-04,16.438,6.073,17.622,21.649,506.0
1985-12-05,73.166,7.57,17.073,22.924,654.4
1985-12-06,2.089,8.491,16.535,23.684,544.5
1985-12-07,48.149,5.861,17.306,21.156,565.7
1985-12-08,1.163,8.607,16.24,23.628,580.6
1985-12-09,7.808,7.345,16.698,22.417,462.6
1985-12-10,2.689,8.482,16.5,23.674,407.9
1985-12-11,3.14,9.307,17.649,25.562,477.0
1985-12-12,4.62,7.545,17.691,23.438,444.3
1985-12-13,21.917,8.72,16.49,23.986,454.2
1985-12-14,0.026,7.902,17.837,24.017,389.8
1985-12-15,0.0,8.289,17.243,24.024,320.4
1985-12-16,0.0,8.577,16.372,23.764,274.7
1985-12-17,0.0,11.396,13.931,25.736,244.2
1985-12-18,0.0,11.846,13.035,25.785,222.1
1985-12-19,0.0,9.526,15.337,24.24,204.5
1985-12-20,0.0,11.739,12.792,25.472,190.7
1985-12-21,4.62,8.869,15.861,23.708,198.1
1985-12-22,0.0,9.92,17.042,25.899,229.2
1985-12-23,0.0,9.686,17.378,25.833,192.1
1985-12-24,0.0,9.232,15.392,23.854,184.6
1985-12-25,0.0,9.082,16.729,24.604,182.8
1985-12-26,0.0,9.601,16.562,25.142,164.4
1985-12-27,0.0,9.482,16.924,25.24,154.7
1985-12-28,0.0,8.375,14.778,22.236,174.6
1985-12-29,0.0,7.2,16.25,21.858,158.8
1985-12-30,0.0,9.512,14.236,23.347,149.5
1985-12-31,0.0,9.452,15.983,24.49,140.6
1986-01-01,0.0,10.915,14.764,25.562,134.8
1986-01-02,5.15,9.974,15.302,24.674,131.2
1986-01-03,0.0,11.834,14.413,26.517,126.5
1986-01-04,34.322,9.932,14.632,24.156,203.5
1986-01-05,32.322,7.758,15.819,22.177,212.4
1986-01-06,11.33,10.348,14.441,24.507,159.8
1986-01-07,0.0,9.749,16.028,24.83,189.1
1986-01-08,0.0,10.088,15.431,24.854,182.9
1986-01-09,0.0,11.485,14.535,26.038,230.8
1986-01-10,0.0,10.226,15.285,24.885,228.7
1986-01-11,0.0,10.193,15.642,25.062,167.6
1986-01-12,13.922,9.915,16.826,25.535,349.6
1986-01-13,0.0,12.109,14.528,26.764,232.8
1986-01-14,10.987,10.371,16.042,25.51,423.3
1986-01-15,2.867,10.392,16.556,25.868,317.7
1986-01-16,33.916,8.406,17.184,23.84,246.8
1986-01-17,9.927,7.981,17.351,23.441,316.2
1986-01-18,0.0,7.98,16.444,22.771,266.0
1986-01-19,0.0,8.9,17.052,24.264,217.1
1986-01-20,0.0,8.297,17.024,23.538,200.9
1986-01-21,0.0,9.696,15.465,24.09,183.7
1986-01-22,7.038,9.217,16.285,24.066,308.1
1986-01-23,40.884,10.051,15.243,24.33,258.9
1986-01-24,16.617,7.059,16.177,21.385,371.6
1986-01-25,0.183,9.036,16.333,23.837,239.8
1986-01-26,8.998,8.798,16.014,23.278,222.3
1986-01-27,60.832,4.845,17.444,20.042,580.1
1986-01-28,12.744,8.209,15.438,22.122,336.0
1986-01-29,0.0,11.19,15.01,25.51,266.6
1986-01-30,0.0,9.54,15.396,23.653,289.2
1986-01-31,45.252,8.238,15.792,22.323,433.3
1986-02-01,0.0,9.933,15.868,24.427,276.0
1986-02-02,0.0,10.016,15.823,24.448,245.8
1986-02-03,0.0,8.726,16.278,23.194,226.0
1986-02-04,0.0,6.862,16.465,21.198,199.0
1986-02-05,0.0,9.341,15.927,23.625,176.6
1986-02-06,0.0,9.635,15.917,23.944,166.5
1986-02-07,0.0,10.556,16.392,25.392,154.2
1986-02-08,0.0,11.898,14.108,25.458,145.8
1986-02-09,0.0,9.591,17.038,24.639,167.7
1986-02-10,0.0,9.464,16.778,24.285,169.5
1986-02-11,0.0,11.422,15.503,25.708,142.1
1986-02-12,3.745,11.69,15.524,26.066,171.7
1986-02-13,51.018,8.214,16.014,22.205,231.5
1986-02-14,14.541,7.533,16.434,21.733,172.2
1986-02-15,0.425,8.164,16.656,22.611,210.4
1986-02-16,0.146,6.866,16.625,21.132,200.4
1986-02-17,0.687,8.825,14.715,21.889,176.6
1986-02-18,16.311,8.558,15.99,22.549,184.2
1986-02-19,39.653,10.584,14.531,23.858,166.4
1986-02-20,17.722,9.492,16.128,23.656,153.7
1986-02-21,0.0,8.991,16.653,23.444,153.7
1986-02-22,17.627,10.107,16.33,24.465,182.9
1986-02-23,22.847,8.638,16.951,23.222,181.0
1986-02-24,36.273,9.063,16.365,23.257,177.3
1986-02-25,18.857,8.397,16.351,22.476,185.0
1986-02-26,2.085,7.995,15.247,21.191,191.1
1986-02-27,0.0,5.216,15.917,18.851,262.9
1986-02-28,1.944,9.744,14.413,22.545,217.4
1986-03-01,0.0,8.422,15.142,21.528,224.5
1986-03-02,39.83,6.734,15.562,19.997,257.8
1986-03-03,0.0,8.189,16.191,22.042,208.7
1986-03-04,0.0,10.051,16.837,24.604,207.1
1986-03-05,2.172,10.963,15.302,24.542,226.1
1986-03-06,0.0,11.062,16.028,25.142,180.8
1986-03-07,0.0,10.405,15.872,24.267,174.3
1986-03-08,0.0,11.183,15.601,24.951,155.9
1986-03-09,0.0,12.288,14.698,25.618,154.8
1986-03-10,0.739,10.795,15.708,24.542,154.5
1986-03-11,16.857,8.672,16.382,22.597,181.2
1986-03-12,18.632,9.168,15.226,22.288,210.8
1986-03-13,0.0,9.045,15.243,22.17,203.9
1986-03-14,40.506,11.163,15.299,24.635,362.0
1986-03-15,0.0,11.02,15.17,24.347,198.5
1986-03-16,5.164,9.02,17.111,23.493,183.7
1986-03-17,7.776,8.532,17.003,22.882,180.8
1986-03-18,0.0,10.687,17.132,25.361,156.2
1986-03-19,13.076,10.973,15.885,24.778,161.5
1986-03-20,14.921,10.768,16.031,24.628,140.9
1986-03-21,1.664,11.929,15.66,25.729,133.6
1986-03-22,5.387,11.329,15.76,25.097,154.3
1986-03-23,0.0,11.335,16.267,25.444,154.1
1986-03-24,4.846,11.34,15.236,24.705,192.8
1986-03-25,25.357,10.458,16.01,24.219,189.1
1986-03-26,42.126,12.156,15.278,25.649,401.9
1986-03-27,4.518,9.457,17.122,23.924,308.5
1986-03-28,10.768,9.435,15.837,22.979,228.2
1986-03-29,9.665,8.965,17.257,23.503,194.7
1986-03-30,8.985,10.816,16.601,25.059,185.8
1986-03-31,10.279,9.85,17.045,24.312,173.7
1986-04-01,13.654,10.089,16.194,23.958,205.8
1986-04-02,28.017,9.457,16.59,23.542,407.0
1986-04-03,2.418,11.045,16.778,25.462,218.6
1986-04-04,18.071,9.765,16.406,23.781,316.8
1986-04-05,41.347,8.988,16.385,22.83,281.3
1986-04-06,12.642,8.739,17.188,23.222,326.0
1986-04-07,25.385,7.095,16.247,20.719,299.5
1986-04-08,0.0,7.648,16.215,21.337,238.6
1986-04-09,27.231,10.612,16.434,24.74,410.6
1986-04-10,8.859,9.421,16.264,23.264,275.7
1986-04-11,5.037,10.907,17.194,25.632,266.6
1986-04-12,1.378,10.51,16.757,24.865,241.8
1986-04-13,23.356,10.403,16.323,24.451,204.8
1986-04-14,31.409,9.444,17.302,24.097,203.0
1986-04-15,11.068,9.334,17.17,23.892,240.7
1986-04-16,23.154,10.986,16.163,25.003,276.2
1986-04-17,45.695,7.284,17.083,21.674,366.5
1986-04-18,19.483,10.85,15.708,24.538,459.1
1986-04-19,62.978,6.991,16.899,21.25,632.3
1986-04-20,7.215,9.214,16.465,23.274,424.7
1986-04-21,25.378,9.264,16.486,23.354,427.6
1986-04-22,9.666,9.254,16.205,23.111,330.6
1986-04-23,33.915,9.104,17.469,23.934,430.1
1986-04-24,15.26,8.072,17.767,23.059,307.2
1986-04-25,12.407,9.787,16.052,23.625,304.2
1986-04-26,27.805,10.184,15.517,23.757,428.4
1986-04-27,0.0,10.059,16.562,24.344,284.0
1986-04-28,16.476,7.559,16.757,21.778,356.0
1986-04-29,4.297,8.19,18.16,23.535,263.8
1986-04-30,17.016,10.219,16.722,24.677,325.1
1986-05-01,35.167,10.438,16.722,24.948,421.1
1986-05-02,5.787,10.15,17.84,25.465,284.2
1986-05-03,1.517,9.324,17.115,24.003,261.3
1986-05-04,2.409,9.484,16.698,23.851,402.5
1986-05-05,9.486,11.151,15.927,25.25,277.2
1986-05-06,1.243,9.35,16.354,23.5,247.6
1986-05-07,0.0,10.82,15.913,24.892,237.9
1986-05-08,36.773,9.647,17.493,24.708,296.8
1986-05-09,0.0,9.772,16.99,24.486,233.4
1986-05-10,31.049,8.846,17.851,24.108,404.0
1986-05-11,0.0,10.066,17.465,25.215,262.0
1986-05-12,47.368,6.591,17.243,21.26,378.5
1986-05-13,6.82,9.143,16.705,23.622,271.1
1986-05-14,8.72,9.821,17.722,25.167,234.3
1986-05-15,14.758,10.293,16.986,25.177,424.5
1986-05-16,5.49,11.546,17.076,26.729,272.2
1986-05-17,9.987,11.232,16.514,25.955,277.0
1986-05-18,10.45,11.494,16.656,26.375,302.3
1986-05-19,22.5,11.726,17.094,26.955,326.3
1986-05-20,8.931,10.875,17.052,25.969,306.0
1986-05-21,5.263,8.318,17.681,23.535,234.3
1986-05-22,6.2,10.384,16.434,24.934,225.4
1986-05-23,60.86,9.508,16.736,24.156,386.7
1986-05-24,2.188,10.094,16.778,24.906,301.7
1986-05-25,4.943,9.369,17.323,24.486,280.3
1986-05-26,2.368,8.131,16.826,22.712,422.4
1986-05-27,3.141,5.928,16.406,19.99,290.5
1986-05-28,6.498,7.1,16.16,21.094,360.6
1986-05-29,35.192,9.82,15.632,23.812,293.5
1986-05-30,35.367,9.961,15.142,23.653,246.7
1986-05-31,3.629,9.72,15.979,23.962,227.8
1986-06-01,31.138,9.414,14.74,22.715,273.2
1986-06-02,2.397,8.577,14.396,21.434,258.8
1986-06-03,16.709,9.024,15.628,22.906,229.4
1986-06-04,17.752,10.412,15.153,24.243,268.9
1986-06-05,24.809,9.73,14.736,23.118,283.6
1986-06-06,20.088,9.731,15.184,23.458,238.7
1986-06-07,0.0,9.558,14.875,23.049,203.4
1986-06-08,0.551,8.177,16.153,22.347,188.9
1986-06-09,28.886,10.813,15.163,24.819,298.6
1986-06-10,2.464,11.165,15.375,25.351,210.3
1986-06-11,7.534,8.915,16.448,23.458,189.7
1986-06-12,7.122,11.095,15.51,25.399,187.2
1986-06-13,0.397,10.859,15.09,24.812,170.6
1986-06-14,8.925,9.216,16.5,23.878,184.5
1986-06-15,1.768,10.238,14.274,23.493,159.1
1986-06-16,0.079,11.446,15.264,25.66,150.4
1986-06-17,0.0,11.542,15.403,25.868,145.0
1986-06-18,6.123,10.201,15.566,24.358,148.7
1986-06-19,5.557,12.492,14.854,26.674,136.3
1986-06-20,0.164,11.241,15.688,25.708,131.5
1986-06-21,13.35,9.577,15.875,23.816,127.5
1986-06-22,13.669,10.25,15.24,24.167,124.0
1986-06-23,8.183,8.506,16.906,23.365,147.6
1986-06-24,8.183,9.456,16.497,24.132,268.1
1986-06-25,11.085,10.473,15.101,24.382,145.0
1986-06-26,0.66,11.676,15.226,25.934,131.4
1986-06-27,0.66,11.058,15.434,25.302,124.9
1986-06-28,7.09,11.396,15.351,25.632,122.7
1986-06-29,0.66,9.241,15.719,23.312,157.4
1986-06-30,0.66,8.434,16.837,23.181,147.5
1986-07-01,0.0,9.993,15.417,24.003,193.1
1986-07-02,0.0,10.731,15.017,24.615,132.6
1986-07-03,2.65,10.373,15.017,24.156,122.8
1986-07-04,12.822,11.254,14.431,24.865,117.4
1986-07-05,0.629,10.472,15.451,24.594,115.8
1986-07-06,1.483,9.584,15.264,23.34,110.7
1986-07-07,5.454,9.533,14.976,23.073,112.0
1986-07-08,0.177,10.719,14.931,24.476,106.6
1986-07-09,0.0,13.002,13.795,26.569,103.5
1986-07-10,0.0,11.744,14.243,25.278,101.9
1986-07-11,0.0,11.765,14.99,25.785,99.5
1986-07-12,0.0,11.221,15.076,25.174,98.6
1986-07-13,0.0,13.093,14.292,26.951,95.8
1986-07-14,0.0,12.413,15.003,26.556,93.5
1986-07-15,0.0,12.8,15.115,27.09,92.3
1986-07-16,5.568,11.882,13.663,24.997,99.1
1986-07-17,7.561,11.136,14.962,24.924,113.4
1986-07-18,0.252,11.174,14.611,24.719,93.7
1986-07-19,0.0,13.592,13.507,26.997,91.0
1986-07-20,0.0,12.637,14.608,26.49,89.5
1986-07-21,0.0,10.844,16.267,25.462,88.4
1986-07-22,5.783,10.985,14.91,24.667,88.0
1986-07-23,0.161,11.703,15.538,25.941,86.6
1986-07-24,0.0,12.402,14.757,26.274,85.0
1986-07-25,0.0,12.637,14.92,26.642,84.0
1986-07-26,0.0,13.238,13.878,26.701,82.8
1986-07-27,0.0,12.688,14.181,26.198,82.4
1986-07-28,0.0,13.931,14.969,28.198,82.4
1986-07-29,0.0,14.081,14.75,28.212,80.9
1986-07-30,0.0,13.621,14.639,27.576,80.4
1986-07-31,0.0,13.921,15.236,28.306,80.4
1986-08-01,3.395,13.161,14.865,27.128,79.6
1986-08-02,0.0,13.263,14.951,27.285,78.8
1986-08-03,0.0,13.256,14.191,26.771,77.7
1986-08-04,9.034,12.342,15.299,26.399,77.6
1986-08-05,7.043,12.538,15.684,26.865,81.7
1986-08-06,0.0,12.991,15.424,27.222,78.4
1986-08-07,0.0,13.665,14.979,27.715,76.0
1986-08-08,0.0,13.507,14.559,27.236,74.8
1986-08-09,0.0,14.475,14.719,28.503,73.7
1986-08-10,0.0,13.714,15.448,28.045,73.2
1986-08-11,8.727,12.409,15.847,26.715,72.8
1986-08-12,4.45,11.041,16.128,25.302,72.9
1986-08-13,10.687,11.323,15.549,25.208,95.0
1986-08-14,16.203,12.365,15.649,26.503,77.7
1986-08-15,0.0,13.797,14.146,27.24,74.0
1986-08-16,9.57,11.736,14.962,25.312,73.2
1986-08-17,0.0,13.208,14.205,26.524,72.8
1986-08-18,19.441,10.869,15.316,24.479,134.1
1986-08-19,4.916,12.657,14.003,25.743,86.6
1986-08-20,21.877,11.554,14.691,24.826,88.7
1986-08-21,12.0,9.775,15.854,23.559,103.5
1986-08-22,27.127,12.039,15.715,26.118,100.7
1986-08-23,17.157,13.839,13.83,26.993,148.8
1986-08-24,25.592,12.784,15.101,26.538,256.7
1986-08-25,12.52,11.98,14.076,24.906,150.2
1986-08-26,9.732,11.845,16.069,26.066,152.6
1986-08-27,2.904,12.803,15.177,26.587,116.9
1986-08-28,19.034,12.866,16.139,27.285,117.0
1986-08-29,11.934,12.149,15.767,26.198,107.7
1986-08-30,14.683,11.857,14.99,25.312,99.0
1986-08-31,5.487,12.348,14.698,25.688,104.0
1986-09-01,12.187,8.28,15.076,21.219,130.1
1986-09-02,20.104,10.925,14.469,23.826,145.8
1986-09-03,11.014,11.453,13.878,24.118,144.6
1986-09-04,13.998,10.004,15.059,23.188,166.0
1986-09-05,5.09,13.644,13.628,26.51,137.5
1986-09-06,0.26,14.314,14.205,27.688,124.6
1986-09-07,0.451,13.93,14.851,27.646,107.6
1986-09-08,1.057,15.085,14.566,28.792,100.1
1986-09-09,0.574,15.513,13.872,28.889,94.6
1986-09-10,0.26,12.985,14.83,26.479,91.2
1986-09-11,7.258,11.514,15.99,25.559,89.8
1986-09-12,3.012,11.42,15.642,25.198,87.1
1986-09-13,17.679,11.546,16.003,25.618,92.5
1986-09-14,3.556,11.593,15.604,25.358,87.4
1986-09-15,0.155,14.284,15.361,28.375,83.8
1986-09-16,0.0,13.245,15.552,27.299,82.0
1986-09-17,3.618,14.138,15.639,28.424,85.2
1986-09-18,17.084,13.065,16.622,27.809,102.1
1986-09-19,17.911,12.759,16.306,27.212,92.1
1986-09-20,18.987,12.493,16.413,27.007,110.1
1986-09-21,20.474,8.956,16.5,23.062,114.8
1986-09-22,6.59,8.903,16.472,22.983,190.3
1986-09-23,4.918,8.713,15.837,22.358,126.7
1986-09-24,53.12,10.711,16.139,24.806,285.5
1986-09-25,7.009,9.037,16.319,23.069,203.6
1986-09-26,9.179,10.577,15.688,24.375,172.3
1986-09-27,33.502,8.738,16.91,23.16,218.4
1986-09-28,3.176,7.647,16.962,22.108,153.1
1986-09-29,20.195,9.189,16.205,23.163,204.2
1986-09-30,5.718,11.029,15.25,24.615,149.0
1986-10-01,59.656,10.755,17.208,25.691,147.7
1986-10-02,4.985,8.282,16.26,22.257,236.6
1986-10-03,5.59,7.962,16.438,22.059,160.9
1986-10-04,5.66,9.182,16.212,23.222,144.6
1986-10-05,6.336,9.097,16.576,23.417,128.2
1986-10-06,22.481,10.553,15.243,24.108,162.9
1986-10-07,47.293,8.716,16.347,22.823,263.4
1986-10-08,24.02,9.654,16.927,24.323,262.3
1986-10-09,23.624,9.386,16.094,23.444,249.4
1986-10-10,4.37,8.586,16.285,22.663,236.3
1986-10-11,49.372,6.151,17.125,20.736,465.7
1986-10-12,40.196,7.979,16.594,22.337,437.9
1986-10-13,15.578,8.035,16.733,22.413,396.7
1986-10-14,23.103,6.636,16.521,20.83,317.1
1986-10-15,6.215,9.391,15.538,23.163,340.3
1986-10-16,35.192,8.106,17.184,22.934,551.2
1986-10-17,8.431,7.916,16.847,22.465,422.0
1986-10-18,25.995,7.186,16.674,21.566,433.2
1986-10-19,13.839,9.148,16.545,23.681,299.4
1986-10-20,36.537,7.296,16.962,21.938,515.6
1986-10-21,0.546,9.187,16.045,23.385,349.4
1986-10-22,36.705,9.104,17.16,24.101,633.3
1986-10-23,4.914,9.728,16.212,24.181,423.2
1986-10-24,30.594,9.217,16.865,24.069,423.5
1986-10-25,49.791,8.369,16.42,22.747,519.6
1986-10-26,32.734,6.093,16.281,20.191,532.3
1986-10-27,7.627,8.458,15.267,22.042,429.5
1986-10-28,2.547,7.828,15.608,21.594,347.3
1986-10-29,13.029,7.004,15.917,20.896,312.8
1986-10-30,4.223,9.192,16.24,23.715,280.8
1986-10-31,0.962,7.795,16.177,22.045,268.5
1986-11-01,18.093,9.676,14.997,23.441,253.9
1986-11-02,0.258,8.445,15.91,22.615,256.8
1986-11-03,17.095,8.184,16.642,22.885,389.7
1986-11-04,39.605,7.38,16.722,22.042,298.1
1986-11-05,1.022,9.523,15.802,23.91,274.3
1986-11-06,1.357,9.659,15.681,24.007,362.6
1986-11-07,34.552,7.931,16.823,22.823,269.8
1986-11-08,1.649,7.721,17.878,23.382,234.7
1986-11-09,23.576,8.993,16.774,24.038,330.5
1986-11-10,37.146,9.148,16.792,24.281,469.6
1986-11-11,1.027,9.507,17.927,25.562,306.8
1986-11-12,18.943,7.696,18.42,23.865,295.6
1986-11-13,9.091,7.661,17.354,23.003,262.8
1986-11-14,6.928,9.77,17.323,25.51,275.5
1986-11-15,11.716,9.325,16.767,24.59,288.2
1986-11-16,9.694,10.058,15.882,24.875,222.7
1986-11-17,27.91,10.05,16.281,25.16,287.6
1986-11-18,27.704,9.183,15.597,23.611,412.7
1986-11-19,18.628,9.743,14.868,23.816,356.0
1986-11-20,30.931,9.92,16.118,24.941,365.0
1986-11-21,4.668,10.138,14.406,24.073,577.4
1986-11-22,2.967,8.417,17.271,23.944,502.1
1986-11-23,13.431,6.589,15.997,20.795,678.1
1986-11-24,20.659,8.306,16.132,23.021,492.8
1986-11-25,40.748,8.011,17.014,23.351,448.7
1986-11-26,6.386,8.357,17.243,23.976,347.9
1986-11-27,3.436,6.847,17.337,22.288,300.5
1986-11-28,0.0,7.993,16.146,22.712,265.5
1986-11-29,0.0,8.139,16.639,23.281,236.4
1986-11-30,0.0,8.962,16.056,23.865,230.4
1986-12-01,0.0,7.772,16.469,22.712,209.4
1986-12-02,0.0,8.544,16.781,23.872,195.1
1986-12-03,0.0,9.099,16.865,24.639,191.3
1986-12-04,0.0,10.256,15.812,25.399,176.6
1986-12-05,0.0,10.001,15.719,25.014,181.1
1986-12-06,2.89,8.525,16.51,23.726,173.9
1986-12-07,9.966,7.532,17.712,23.434,227.9
1986-12-08,51.152,9.966,16.33,25.431,385.7
1986-12-09,24.116,10.339,16.698,26.198,284.1
1986-12-10,0.0,9.149,17.618,25.358,217.1
1986-12-11,0.0,9.165,15.854,24.073,189.7
1986-12-12,6.27,11.639,15.58,27.115,187.6
1986-12-13,49.458,9.429,15.819,24.389,275.7
1986-12-14,5.449,10.574,14.038,24.694,203.6
1986-12-15,11.519,8.014,15.92,22.639,295.2
1986-12-16,0.0,8.045,17.503,23.899,234.6
1986-12-17,0.0,9.767,16.16,25.083,224.5
1986-12-18,0.0,9.954,16.413,25.514,232.6
1986-12-19,0.0,11.002,14.84,25.823,171.4
1986-12-20,4.442,9.179,16.875,24.858,252.5
1986-12-21,3.924,10.844,15.809,26.26,194.1
1986-12-22,0.0,10.091,16.58,25.785,171.5
1986-12-23,20.529,9.741,14.944,24.177,165.5
1986-12-24,15.438,9.493,15.514,24.271,195.0
1986-12-25,20.16,8.539,16.885,24.035,275.6
1986-12-26,0.0,9.25,17.885,25.681,187.8
1986-12-27,0.0,8.594,16.115,23.656,187.9
1986-12-28,0.762,8.915,16.125,23.927,205.7
1986-12-29,1.186,8.728,16.632,24.056,251.3
1986-12-30,14.727,9.553,15.851,24.542,179.3
1986-12-31,1.04,10.658,15.253,25.576,198.3
1987-01-01,23.7,8.887,16.549,24.191,242.0
1987-01-02,0.0,11.543,14.229,26.031,177.2
1987-01-03,0.0,10.479,15.812,25.694,223.9
1987-01-04,0.0,11.54,15.181,26.618,178.8
1987-01-05,60.237,10.497,14.365,24.681,260.5
1987-01-06,6.914,9.193,16.993,24.84,203.4
1987-01-07,36.833,6.619,17.194,21.892,261.6
1987-01-08,0.0,7.539,17.056,22.865,309.1
1987-01-09,0.0,8.021,17.788,23.979,224.6
1987-01-10,0.0,10.571,16.972,26.486,191.4
1987-01-11,2.445,10.718,15.09,25.361,179.0
1987-01-12,0.055,12.47,13.955,26.882,199.5
1987-01-13,0.0,12.575,15.441,27.941,160.4
1987-01-14,0.082,11.182,15.885,26.427,157.3
1987-01-15,0.0,12.375,15.618,27.747,145.3
1987-01-16,0.433,11.513,15.417,26.479,139.6
1987-01-17,0.0,11.945,16.351,27.625,132.4
1987-01-18,0.0,12.977,15.899,28.597,126.7
1987-01-19,0.083,9.369,15.427,23.698,122.8
1987-01-20,0.0,9.702,16.604,24.924,119.8
1987-01-21,2.53,8.775,16.181,23.451,154.9
1987-01-22,0.528,8.971,17.378,24.562,124.7
1987-01-23,37.165,9.602,16.17,24.458,169.8
1987-01-24,0.062,10.232,16.924,25.726,139.9
1987-01-25,0.0,10.451,17.156,26.142,128.5
1987-01-26,0.0,10.606,17.024,26.215,137.7
1987-01-27,4.102,9.927,16.587,25.052,212.4
1987-01-28,0.0,9.982,18.115,26.198,167.6
1987-01-29,0.0,10.719,17.01,26.288,162.1
1987-01-30,0.0,12.877,15.41,27.816,139.2
1987-01-31,26.83,9.518,17.483,25.115,328.6
1987-02-01,0.0,10.635,17.458,26.389,219.4
1987-02-02,0.0,13.178,15.948,28.451,161.9
1987-02-03,2.635,11.113,16.74,26.406,153.7
1987-02-04,0.0,12.195,15.903,27.142,139.6
1987-02-05,0.265,12.902,15.795,27.924,142.0
1987-02-06,19.314,11.547,16.069,26.424,160.2
1987-02-07,11.795,10.716,17.281,26.198,133.2
1987-02-08,28.453,9.149,15.885,23.312,161.2
1987-02-09,0.0,9.419,17.382,24.726,125.5
1987-02-10,0.0,10.496,17.208,25.83,169.4
1987-02-11,11.679,8.586,18.076,24.257,246.9
1987-02-12,38.483,10.047,16.837,24.969,167.5
1987-02-13,33.48,9.844,16.576,24.535,241.9
1987-02-14,0.0,6.903,17.34,21.816,189.5
1987-02-15,0.0,11.823,14.851,25.656,157.3
1987-02-16,10.143,11.376,16.594,26.274,144.1
1987-02-17,25.1,12.17,15.691,26.604,244.9
1987-02-18,0.0,12.065,16.104,26.701,182.0
1987-02-19,12.387,10.959,17.212,26.181,169.4
1987-02-20,0.0,12.77,15.986,27.427,158.2
1987-02-21,11.627,13.472,15.799,28.101,180.3
1987-02-22,11.027,12.391,16.146,27.038,172.2
1987-02-23,15.087,12.071,17.212,27.358,230.9
1987-02-24,2.34,12.563,16.653,27.521,166.1
1987-02-25,0.576,12.886,16.983,28.097,147.7
1987-02-26,0.0,13.891,16.5,28.924,135.8
1987-02-27,0.0,12.573,17.76,28.212,128.6
1987-02-28,0.505,13.186,16.316,27.917,120.8
1987-03-01,0.992,13.263,16.462,28.083,117.9
1987-03-02,15.329,13.025,16.764,27.976,121.8
1987-03-03,1.058,12.434,17.0,27.438,109.0
1987-03-04,21.034,9.679,17.295,24.503,140.7
1987-03-05,0.374,10.052,17.108,24.809,111.5
1987-03-06,20.51,8.702,17.132,23.288,115.7
1987-03-07,1.871,10.189,16.885,24.729,109.7
1987-03-08,2.951,9.716,16.576,23.965,106.8
1987-03-09,0.0,9.192,15.844,22.851,106.5
1987-03-10,0.0,9.827,15.618,23.365,106.9
1987-03-11,0.0,10.552,15.351,23.99,102.7
1987-03-12,0.0,10.962,17.316,25.875,102.0
1987-03-13,7.03,9.276,17.076,23.823,119.5
1987-03-14,27.964,7.659,16.045,21.25,136.2
1987-03-15,0.0,9.256,16.885,23.615,107.2
1987-03-16,10.84,10.37,14.969,23.458,234.0
1987-03-17,0.783,11.585,16.094,25.649,143.7
1987-03-18,11.424,10.918,16.538,25.194,133.2
1987-03-19,5.928,12.984,15.583,26.882,111.4
1987-03-20,0.976,13.908,15.656,27.983,113.1
1987-03-21,23.449,9.987,17.722,24.993,173.5
1987-03-22,5.402,11.265,17.858,26.483,135.3
1987-03-23,8.743,11.754,16.778,26.271,138.2
1987-03-24,2.923,13.063,15.823,27.104,116.0
1987-03-25,2.333,14.302,15.573,28.358,112.0
1987-03-26,3.682,11.449,16.628,25.833,130.2
1987-03-27,14.822,11.257,17.677,26.319,134.9
1987-03-28,29.99,10.038,18.208,25.368,133.7
1987-03-29,2.798,10.503,17.806,25.587,127.7
1987-03-30,6.156,10.983,16.892,25.458,150.2
1987-03-31,41.857,10.844,17.233,25.562,223.7
1987-04-01,10.988,10.785,16.844,25.191,253.8
1987-04-02,6.214,8.563,18.108,23.74,249.4
1987-04-03,25.614,7.145,16.569,21.101,237.4
1987-04-04,53.78,11.709,16.917,26.264,242.3
1987-04-05,2.294,10.701,16.795,25.08,208.6
1987-04-06,19.722,12.085,15.764,25.941,222.4
1987-04-07,8.077,11.638,16.778,26.101,168.5
1987-04-08,0.08,10.871,16.503,25.031,149.5
1987-04-09,3.102,10.873,17.177,25.569,138.4
1987-04-10,0.0,11.589,16.622,25.993,195.7
1987-04-11,0.449,13.127,16.858,27.875,145.9
1987-04-12,0.449,12.645,16.622,27.174,135.0
1987-04-13,1.635,13.216,16.486,27.729,127.6
1987-04-14,0.449,13.108,16.653,27.729,120.5
1987-04-15,0.627,13.119,15.694,27.132,114.5
1987-04-16,3.555,12.401,17.691,27.674,121.7
1987-04-17,6.006,12.33,17.184,27.253,128.7
1987-04-18,0.0,10.539,17.708,25.618,324.7
1987-04-19,20.557,11.791,17.34,26.753,159.7
1987-04-20,7.829,13.038,16.75,27.792,136.2
1987-04-21,38.536,10.926,17.615,25.99,127.8
1987-04-22,0.298,11.385,18.392,27.104,120.4
1987-04-23,12.422,11.277,17.212,26.139,246.1
1987-04-24,17.005,9.271,17.958,24.479,329.8
1987-04-25,18.867,11.159,17.865,26.507,343.7
1987-04-26,16.511,9.173,17.347,24.014,300.0
1987-04-27,8.798,11.084,15.854,25.017,166.6
1987-04-28,12.25,7.491,17.493,22.26,236.6
1987-04-29,65.534,10.891,16.587,25.378,225.5
1987-04-30,0.296,10.807,16.486,25.229,220.1
1987-05-01,5.507,7.943,16.781,22.212,537.0
1987-05-02,1.833,10.612,16.198,24.771,295.0
1987-05-03,24.9,11.574,15.993,25.785,251.9
1987-05-04,3.044,9.439,17.684,24.556,330.7
1987-05-05,17.553,8.196,16.729,22.542,252.9
1987-05-06,0.0,8.603,17.181,23.309,214.9
1987-05-07,9.442,8.177,17.854,23.372,344.3
1987-05-08,0.0,10.112,16.236,24.306,232.5
1987-05-09,6.373,11.804,16.74,26.677,213.1
1987-05-10,27.564,9.938,17.038,24.74,222.8
1987-05-11,0.0,12.072,16.115,26.559,183.2
1987-05-12,0.0,11.761,15.931,26.062,166.8
1987-05-13,2.517,12.029,16.535,26.833,155.8
1987-05-14,8.986,11.182,16.326,25.684,147.4
1987-05-15,14.193,11.649,16.528,26.396,149.4
1987-05-16,20.134,8.609,16.861,23.167,252.9
1987-05-17,25.514,9.532,16.597,24.042,414.0
1987-05-18,29.75,11.243,16.635,26.066,299.7
1987-05-19,3.523,12.19,17.33,27.646,214.7
1987-05-20,12.5,9.904,18.257,25.747,230.9
1987-05-21,3.261,9.82,16.458,24.326,268.2
1987-05-22,7.93,8.544,17.274,23.472,253.9
1987-05-23,28.415,7.892,16.965,22.531,516.4
1987-05-24,15.823,7.536,16.229,21.611,405.8
1987-05-25,46.284,10.614,16.292,25.167,332.0
1987-05-26,59.833,9.998,17.844,25.594,266.2
1987-05-27,5.587,9.699,17.024,24.635,744.8
1987-05-28,5.22,12.351,16.125,27.184,424.2
1987-05-29,0.0,12.86,15.01,27.073,315.6
1987-05-30,0.0,13.198,15.58,27.861,259.7
1987-05-31,0.0,11.442,15.229,25.497,228.5
1987-06-01,0.0,10.454,15.875,24.753,216.5
1987-06-02,0.599,10.21,16.312,24.774,190.0
1987-06-03,0.704,8.922,16.781,23.642,175.2
1987-06-04,10.016,7.198,17.118,21.962,191.2
1987-06-05,21.412,7.647,16.927,22.288,249.2
1987-06-06,1.493,7.051,16.986,21.764,289.4
1987-06-07,9.32,9.975,16.267,24.521,193.4
1987-06-08,1.203,10.567,16.67,25.538,176.8
1987-06-09,15.36,10.98,15.667,25.34,168.7
1987-06-10,0.0,11.266,15.767,25.747,154.6
1987-06-11,9.656,10.695,16.535,25.587,151.2
1987-06-12,10.652,11.726,16.538,26.858,144.5
1987-06-13,10.173,10.447,16.333,25.167,182.0
1987-06-14,10.897,8.637,16.542,23.188,169.9
1987-06-15,8.864,8.962,16.733,23.736,178.6
1987-06-16,3.118,10.558,16.538,25.486,158.3
1987-06-17,1.697,11.389,16.948,26.764,139.3
1987-06-18,2.575,9.914,15.833,24.212,161.3
1987-06-19,1.697,12.14,15.844,26.927,133.7
1987-06-20,3.659,11.411,15.809,26.0,126.9
1987-06-21,5.832,12.666,15.087,27.056,121.8
1987-06-22,6.714,12.122,15.503,26.663,118.8
1987-06-23,9.272,10.073,17.108,25.333,151.6
1987-06-24,9.133,10.433,17.198,25.76,129.4
1987-06-25,6.241,9.395,16.816,24.319,161.3
1987-06-26,0.089,11.71,15.177,25.934,122.4
1987-06-27,0.089,12.257,15.472,26.819,115.4
1987-06-28,0.089,12.843,16.542,28.236,110.6
1987-06-29,0.089,11.018,16.417,25.906,108.0
1987-06-30,1.565,11.022,17.083,26.382,106.7
1987-07-01,6.634,10.645,16.531,25.549,104.9
1987-07-02,4.68,12.377,15.208,26.774,127.4
1987-07-03,5.136,10.404,16.288,25.087,107.4
1987-07-04,10.673,10.852,16.521,25.788,106.1
1987-07-05,3.502,10.425,15.413,24.5,117.6
1987-07-06,1.946,11.181,16.392,26.08,102.1
1987-07-07,2.071,12.78,15.01,27.073,99.1
1987-07-08,2.627,11.678,15.812,26.281,105.0
1987-07-09,1.946,13.273,15.851,28.229,98.0
1987-07-10,4.854,11.86,16.583,26.986,96.7
1987-07-11,2.646,12.24,16.285,27.257,92.6
1987-07-12,0.0,13.631,15.264,28.257,91.1
1987-07-13,2.625,14.059,15.642,29.007,105.4
1987-07-14,9.027,12.589,16.295,27.639,93.3
1987-07-15,4.501,11.817,17.049,27.215,89.2
1987-07-16,0.0,14.029,15.906,29.108,87.1
1987-07-17,16.673,11.325,17.135,26.667,93.0
1987-07-18,10.328,10.545,16.472,25.271,114.7
1987-07-19,2.589,11.222,17.142,26.538,130.1
1987-07-20,7.742,13.509,16.094,28.542,95.5
1987-07-21,10.659,13.464,16.312,28.615,89.1
1987-07-22,19.072,11.672,15.701,26.035,97.1
1987-07-23,19.261,12.901,16.222,27.851,105.0
1987-07-24,13.468,9.806,16.75,24.58,181.5
1987-07-25,21.761,10.744,17.201,25.927,204.1
1987-07-26,15.131,11.75,15.639,26.038,214.6
1987-07-27,31.376,12.639,15.247,26.858,220.2
1987-07-28,36.585,10.658,15.771,24.84,253.2
1987-07-29,30.529,9.859,17.028,24.816,304.3
1987-07-30,26.693,10.041,17.017,24.938,508.1
1987-07-31,21.153,10.102,17.444,25.306,372.5
1987-08-01,37.929,8.605,16.295,22.747,674.3
1987-08-02,13.584,10.58,15.955,24.84,444.3
1987-08-03,18.981,9.747,15.153,23.233,448.1
1987-08-04,4.512,11.748,15.149,25.576,328.1
1987-08-05,14.434,11.714,14.99,25.434,392.7
1987-08-06,7.44,11.143,15.514,25.08,304.9
1987-08-07,12.595,11.858,16.372,26.521,240.8
1987-08-08,8.439,10.99,16.059,25.281,252.6
1987-08-09,8.124,11.904,15.733,26.139,222.7
1987-08-10,5.498,12.208,15.205,26.146,261.8
1987-08-11,14.692,12.292,15.677,26.531,215.1
1987-08-12,14.803,10.575,16.267,24.878,337.9
1987-08-13,6.911,11.2,16.208,25.535,244.9
1987-08-14,0.0,12.654,16.108,27.184,206.8
1987-08-15,0.0,14.001,15.281,28.198,185.9
1987-08-16,0.0,13.382,16.462,28.226,169.7
1987-08-17,4.325,12.548,16.927,27.545,163.0
1987-08-18,8.399,11.54,17.101,26.517,151.7
1987-08-19,0.466,13.739,16.205,28.431,141.8
1987-08-20,0.0,13.615,15.67,27.934,135.8
1987-08-21,4.338,14.286,16.198,29.049,132.3
1987-08-22,2.472,12.685,15.108,26.431,133.2
1987-08-23,0.0,14.84,15.125,28.976,122.2
1987-08-24,0.0,14.026,15.882,28.503,117.5
1987-08-25,0.127,14.329,16.361,29.128,114.0
1987-08-26,2.301,14.386,16.753,29.441,111.1
1987-08-27,2.301,12.796,16.726,27.601,110.3
1987-08-28,3.669,13.571,15.715,27.771,108.7
1987-08-29,4.207,12.0,16.59,26.573,107.8
1987-08-30,5.076,11.88,17.264,26.896,109.4
1987-08-31,12.319,13.187,16.941,28.188,120.5
1987-09-01,29.732,12.187,17.378,27.326,105.5
1987-09-02,4.9,14.04,15.913,28.451,104.0
1987-09-03,15.603,9.791,17.222,24.514,155.6
1987-09-04,4.884,11.123,16.906,25.785,128.2
1987-09-05,33.314,10.025,16.84,24.479,237.5
1987-09-06,0.0,10.526,16.441,24.778,138.6
1987-09-07,10.204,13.416,15.493,27.451,192.7
1987-09-08,7.522,10.568,17.851,25.819,141.1
1987-09-09,16.895,12.488,16.628,27.177,129.7
1987-09-10,0.0,13.131,15.462,27.09,137.0
1987-09-11,0.0,13.288,15.58,27.382,114.9
1987-09-12,1.166,12.894,16.479,27.542,110.9
1987-09-13,11.433,13.991,16.017,28.427,112.3
1987-09-14,43.477,10.266,16.837,24.757,154.3
1987-09-15,17.525,9.928,17.198,24.642,225.8
1987-09-16,12.608,11.591,17.597,26.781,158.3
1987-09-17,18.566,12.094,16.826,26.851,231.2
1987-09-18,8.638,14.269,15.885,28.764,185.5
1987-09-19,8.638,13.145,16.253,27.688,201.8
1987-09-20,24.246,12.364,16.368,26.851,330.1
1987-09-21,23.378,11.774,15.854,25.854,377.8
1987-09-22,0.239,11.267,15.708,25.122,253.1
1987-09-23,25.728,11.282,15.903,25.295,334.8
1987-09-24,14.939,13.017,15.389,27.003,243.7
1987-09-25,16.468,8.651,17.285,23.337,265.8
1987-09-26,8.763,10.725,15.965,24.733,199.8
1987-09-27,0.474,12.881,14.722,26.444,172.1
1987-09-28,17.252,12.45,16.222,26.92,164.4
1987-09-29,23.539,11.832,16.49,26.441,226.2
1987-09-30,26.556,6.523,17.184,21.066,214.4
1987-10-01,3.949,9.709,16.41,23.969,166.8
1987-10-02,4.509,10.389,17.226,25.292,166.1
1987-10-03,1.374,7.589,16.84,21.969,212.3
1987-10-04,24.334,10.095,16.399,24.403,235.6
1987-10-05,28.347,8.816,17.451,23.767,242.8
1987-10-06,5.097,7.652,17.712,22.826,197.4
1987-10-07,14.502,9.436,16.715,23.913,188.5
1987-10-08,6.123,9.537,16.01,23.569,261.9
1987-10-09,35.542,8.418,17.403,23.333,363.1
1987-10-10,1.026,9.272,16.177,23.389,268.8
1987-10-11,2.87,9.701,17.0,24.455,243.9
1987-10-12,12.92,11.281,15.861,25.521,274.7
1987-10-13,36.897,9.357,17.108,24.25,234.8
1987-10-14,7.821,8.547,17.715,23.757,368.6
1987-10-15,3.551,9.123,17.844,24.556,257.4
1987-10-16,1.821,10.151,18.427,26.135,299.8
1987-10-17,4.594,7.523,17.014,22.188,383.8
1987-10-18,12.65,7.824,18.01,23.26,289.5
1987-10-19,16.959,7.555,17.444,22.597,261.9
1987-10-20,35.067,8.594,16.601,23.132,270.7
1987-10-21,44.298,9.993,16.542,24.681,406.0
1987-10-22,8.85,9.977,17.201,25.205,340.9
1987-10-23,18.049,10.488,17.167,25.757,299.0
1987-10-24,6.167,10.452,16.417,25.177,264.6
1987-10-25,3.759,9.267,16.542,23.896,274.4
1987-10-26,20.884,8.263,17.785,23.698,335.3
1987-10-27,8.675,7.974,16.128,22.125,312.0
1987-10-28,62.646,6.129,17.014,20.826,581.9
1987-10-29,0.488,8.318,16.917,23.177,435.9
1987-10-30,19.55,7.564,17.167,22.514,435.3
1987-10-31,31.625,7.168,17.747,22.573,402.5
1987-11-01,36.036,8.57,17.611,24.031,556.0
1987-11-02,2.521,9.084,16.49,23.812,629.0
1987-11-03,4.722,8.485,17.705,24.024,470.4
1987-11-04,3.376,8.97,17.135,24.198,423.9
1987-11-05,1.519,10.693,15.854,25.41,341.3
1987-11-06,4.505,6.845,18.118,22.608,308.6
1987-11-07,26.549,11.795,16.448,27.24,486.4
1987-11-08,7.544,11.793,13.399,25.226,327.2
1987-11-09,0.0,11.796,15.705,26.767,276.5
1987-11-10,3.78,12.242,15.347,27.132,268.2
1987-11-11,0.435,12.419,15.778,27.67,273.0
1987-11-12,0.0,11.273,15.74,26.205,225.1
1987-11-13,46.986,10.35,15.885,25.198,270.3
1987-11-14,10.0,10.582,15.903,25.486,272.2
1987-11-15,0.0,9.527,16.944,24.948,443.4
1987-11-16,16.754,9.278,17.931,25.385,303.5
1987-11-17,2.361,9.866,17.316,25.66,265.9
1987-11-18,15.955,8.759,17.701,24.628,356.2
1987-11-19,9.306,8.89,18.247,25.191,314.6
1987-11-20,13.385,7.974,16.927,23.177,300.1
1987-11-21,13.257,6.641,17.41,22.007,269.5
1987-11-22,0.257,9.051,17.205,24.688,268.5
1987-11-23,0.0,9.889,16.844,25.479,288.7
1987-11-24,0.0,10.319,16.156,25.556,228.9
1987-11-25,41.471,7.006,17.34,22.392,300.4
1987-11-26,0.0,9.577,16.083,24.628,224.4
1987-11-27,2.572,8.364,17.576,24.233,208.6
1987-11-28,0.0,7.954,17.236,23.493,212.5
1987-11-29,0.635,9.248,18.986,26.361,194.5
1987-11-30,42.47,4.897,18.115,20.823,307.4
1987-12-01,0.0,8.451,17.431,24.253,235.2
1987-12-02,0.0,8.745,17.076,24.382,242.6
1987-12-03,0.0,9.66,17.045,25.493,207.8
1987-12-04,12.266,9.785,15.851,24.809,288.5
1987-12-05,53.553,8.292,17.635,24.24,333.5
1987-12-06,22.685,8.163,17.08,23.698,273.9
1987-12-07,26.418,7.221,18.076,23.351,335.8
1987-12-08,0.0,10.494,16.274,26.059,248.7
1987-12-09,0.0,9.473,16.611,24.993,221.5
1987-12-10,20.119,8.44,16.729,23.819,318.4
1987-12-11,10.586,9.327,17.753,25.67,421.6
1987-12-12,0.0,9.466,18.448,26.365,306.5
1987-12-13,0.35,10.101,16.865,26.035,257.9
1987-12-14,0.0,10.296,17.038,26.431,228.2
1987-12-15,0.0,10.794,15.802,26.208,220.7
1987-12-16,0.0,10.645,17.243,27.003,206.6
1987-12-17,0.0,11.018,15.104,26.052,185.4
1987-12-18,0.0,12.55,14.059,27.399,171.6
1987-12-19,0.0,11.547,14.458,26.271,160.5
1987-12-20,0.0,11.403,15.507,26.781,152.7
1987-12-21,0.0,11.397,14.688,26.219,145.6
1987-12-22,0.0,11.5,14.479,26.226,138.5
1987-12-23,0.0,11.492,15.861,27.139,135.3
1987-12-24,0.0,11.262,14.969,26.226,130.9
1987-12-25,0.0,13.305,13.944,28.274,132.1
1987-12-26,2.235,10.418,14.865,25.056,173.1
1987-12-27,0.0,11.046,15.965,26.58,140.6
1987-12-28,12.187,8.713,17.236,24.503,229.1
1987-12-29,0.0,9.477,16.365,24.809,208.1
1987-12-30,6.104,8.1,17.51,23.924,285.2
1987-12-31,31.847,9.709,16.233,25.024,258.4
1988-01-01,0.395,10.07,16.497,25.642,187.4
1988-01-02,1.131,10.219,15.455,25.104,202.8
1988-01-03,0.0,8.86,17.476,24.788,201.8
1988-01-04,0.0,6.672,18.069,22.656,254.6
1988-01-05,0.903,8.669,17.74,24.795,201.2
1988-01-06,3.678,9.834,16.417,25.229,257.8
1988-01-07,3.564,10.333,16.441,25.889,243.8
1988-01-08,3.307,10.529,16.524,26.16,445.2
1988-01-09,3.715,10.837,15.878,26.069,260.2
1988-01-10,3.915,9.093,17.604,25.101,206.0
1988-01-11,0.0,8.943,17.983,25.198,179.9
1988-01-12,3.447,8.666,17.688,24.604,173.5
1988-01-13,0.0,7.377,17.701,23.094,152.8
1988-01-14,0.548,10.037,17.007,25.788,172.7
1988-01-15,0.0,9.601,17.097,25.278,149.9
1988-01-16,63.258,8.552,17.542,24.326,240.3
1988-01-17,2.091,9.004,18.181,25.319,167.3
1988-01-18,2.674,9.849,16.396,25.01,189.7
1988-01-19,4.245,9.318,17.444,25.104,216.4
1988-01-20,2.091,9.964,18.198,26.427,175.7
1988-01-21,0.151,10.514,16.889,26.125,155.8
1988-01-22,4.135,10.568,15.906,25.479,152.1
1988-01-23,2.606,10.463,17.135,26.198,148.9
1988-01-24,2.04,11.626,16.583,27.226,138.0
1988-01-25,2.806,11.904,15.903,27.101,147.5
1988-01-26,1.695,11.371,15.868,26.375,143.8
1988-01-27,1.695,11.513,15.017,25.913,129.8
1988-01-28,1.695,11.636,15.757,26.545,128.3
1988-01-29,7.728,9.549,17.205,24.979,143.2
1988-01-30,2.504,10.274,16.569,25.372,128.3
1988-01-31,1.875,11.315,16.274,26.406,119.0
1988-02-01,0.0,13.45,15.25,28.358,111.8
1988-02-02,35.554,11.586,16.146,26.608,112.1
1988-02-03,0.0,11.793,16.594,27.149,108.5
1988-02-04,33.019,6.535,17.385,21.566,165.7
1988-02-05,0.0,8.264,17.042,23.219,118.1
1988-02-06,0.0,10.175,16.312,24.917,112.0
1988-02-07,9.177,8.738,17.642,24.163,234.1
1988-02-08,0.0,11.274,17.399,26.931,135.4
1988-02-09,78.925,8.336,17.67,23.684,192.2
1988-02-10,0.0,9.975,15.399,23.931,134.9
1988-02-11,41.336,8.248,17.34,23.302,317.8
1988-02-12,0.0,10.099,17.153,25.299,195.3
1988-02-13,0.0,8.915,17.812,24.396,206.3
1988-02-14,0.0,8.449,17.028,23.229,169.5
1988-02-15,0.0,12.627,15.743,27.215,159.4
1988-02-16,4.306,12.506,16.115,27.312,159.5
1988-02-17,7.434,13.197,15.576,27.743,166.9
1988-02-18,0.093,12.935,16.51,28.062,152.8
1988-02-19,0.0,12.282,16.285,27.111,136.3
1988-02-20,0.0,13.06,17.663,28.906,125.8
1988-02-21,0.0,11.833,16.865,26.91,128.8
1988-02-22,0.0,10.543,17.646,25.934,220.7
1988-02-23,0.0,12.238,17.899,28.01,145.9
1988-02-24,3.984,9.917,17.747,25.219,268.3
1988-02-25,10.878,9.407,18.076,24.913,276.0
1988-02-26,41.968,7.901,17.906,23.128,241.2
1988-02-27,8.252,7.051,17.469,21.882,256.8
1988-02-28,6.07,8.052,17.135,22.694,216.0
1988-02-29,0.0,9.936,17.181,24.781,192.5
1988-03-01,0.0,8.88,17.135,23.559,189.4
1988-03-02,13.287,10.477,16.375,24.76,193.2
1988-03-03,0.0,11.811,16.701,26.5,162.8
1988-03-04,0.0,13.66,15.094,27.573,149.3
1988-03-05,0.0,12.522,16.201,26.993,140.9
1988-03-06,0.0,11.974,15.948,26.108,134.8
1988-03-07,0.0,11.656,16.656,26.222,139.9
1988-03-08,0.0,10.129,17.632,25.181,144.4
1988-03-09,12.93,8.083,17.733,23.024,125.2
1988-03-10,31.696,9.632,17.698,24.66,135.6
1988-03-11,16.345,10.843,15.938,24.729,119.2
1988-03-12,3.138,12.035,17.465,27.135,118.6
1988-03-13,11.582,9.618,16.743,23.892,116.2
1988-03-14,2.994,10.92,16.024,24.847,129.5
1988-03-15,2.136,11.18,15.642,24.875,125.2
1988-03-16,6.725,10.771,16.34,24.882,110.5
1988-03-17,26.316,11.063,15.351,24.517,151.8
1988-03-18,0.0,12.134,15.917,26.153,109.0
1988-03-19,0.0,14.7,14.91,28.424,103.0
1988-03-20,0.0,13.33,15.372,27.128,96.0
1988-03-21,0.0,12.931,15.799,26.934,98.0
1988-03-22,0.931,14.746,15.122,28.573,96.5
1988-03-23,0.0,13.773,15.42,27.663,163.2
1988-03-24,0.0,14.704,15.205,28.58,122.8
1988-03-25,0.0,14.344,15.58,28.41,106.0
1988-03-26,0.0,14.006,15.441,27.913,104.0
1988-03-27,0.0,12.738,15.316,26.354,101.0
1988-03-28,0.0,12.549,15.927,26.524,96.0
1988-03-29,0.0,10.852,17.694,25.858,96.5
1988-03-30,11.886,11.279,17.469,26.184,151.2
1988-03-31,0.883,10.962,16.823,25.413,199.4
1988-04-01,3.63,10.778,17.778,25.84,150.6
1988-04-02,0.711,9.604,17.156,24.125,192.3
1988-04-03,17.62,11.013,17.74,26.083,135.4
1988-04-04,66.525,10.153,17.823,25.194,276.0
1988-04-05,1.638,12.922,16.774,27.542,160.2
1988-04-06,17.184,7.709,17.726,22.542,251.1
1988-04-07,18.76,10.058,17.156,24.611,187.6
1988-04-08,2.229,9.527,17.372,24.236,204.1
1988-04-09,4.628,6.726,18.316,22.111,366.5
1988-04-10,46.807,7.088,18.007,22.215,294.7
1988-04-11,12.493,8.75,17.455,23.497,358.9
1988-04-12,11.592,9.709,17.462,24.542,253.9
1988-04-13,11.643,8.511,17.316,23.108,468.5
1988-04-14,12.578,11.422,17.319,26.274,312.4
1988-04-15,10.913,8.52,18.028,23.681,381.4
1988-04-16,0.0,10.468,16.385,24.58,478.5
1988-04-17,0.0,9.916,15.486,23.309,393.5
1988-04-18,0.0,11.177,17.122,25.92,290.0
1988-04-19,0.0,10.703,16.809,25.16,308.1
1988-04-20,22.662,10.449,17.521,25.427,283.3
1988-04-21,11.959,11.033,16.823,25.573,367.5
1988-04-22,13.154,9.137,18.045,24.396,280.2
1988-04-23,3.285,9.236,17.34,24.003,327.1
1988-04-24,2.335,11.457,17.625,26.667,298.5
1988-04-25,5.206,11.92,16.663,26.528,291.5
1988-04-26,22.189,10.664,16.733,25.198,361.1
1988-04-27,0.479,10.865,16.101,24.962,471.0
1988-04-28,0.0,11.414,16.375,25.816,369.6
1988-04-29,29.96,9.782,16.865,24.299,307.6
1988-04-30,29.875,10.318,17.615,25.438,308.5
1988-05-01,0.0,10.015,17.469,25.01,302.3
1988-05-02,10.567,10.263,17.274,25.17,463.7
1988-05-03,0.0,9.816,17.139,24.576,307.8
1988-05-04,39.819,8.948,17.333,23.778,413.7
1988-05-05,0.0,11.558,15.733,25.615,309.3
1988-05-06,7.439,11.033,16.764,25.74,353.0
1988-05-07,2.338,10.988,16.809,25.736,294.8
1988-05-08,0.0,10.28,17.326,25.316,262.0
1988-05-09,15.557,10.387,16.941,25.205,242.9
1988-05-10,5.654,9.182,17.91,24.559,248.1
1988-05-11,0.482,11.618,16.5,26.316,213.7
1988-05-12,24.822,9.927,17.125,24.812,193.2
1988-05-13,3.849,11.086,17.351,26.309,206.7
1988-05-14,30.909,10.568,16.142,24.889,342.9
1988-05-15,0.473,10.764,16.747,25.552,282.1
1988-05-16,0.0,10.749,15.892,24.931,245.7
1988-05-17,1.621,10.391,16.51,24.941,214.1
1988-05-18,31.873,8.748,16.677,23.264,227.4
1988-05-19,3.103,10.807,16.035,25.156,232.3
1988-05-20,16.812,10.907,16.42,25.556,223.3
1988-05-21,0.0,11.401,16.014,25.903,275.6
1988-05-22,6.05,11.443,16.733,26.469,270.5
1988-05-23,0.0,10.272,16.75,25.101,208.7
1988-05-24,0.0,10.824,17.25,26.115,185.4
1988-05-25,0.0,11.021,18.17,26.986,171.6
1988-05-26,18.515,11.378,16.67,26.354,245.9
1988-05-27,9.045,11.227,17.024,26.497,219.6
1988-05-28,48.704,10.076,15.896,24.337,260.6
1988-05-29,0.0,10.226,16.854,25.201,208.7
1988-05-30,17.148,10.985,15.635,25.222,390.9
1988-05-31,0.0,10.02,16.66,24.878,258.2
1988-06-01,12.493,7.99,16.337,22.222,337.4
1988-06-02,12.508,8.755,16.25,23.038,252.2
1988-06-03,10.182,9.297,15.472,23.156,249.8
1988-06-04,1.06,9.854,14.785,23.299,207.8
1988-06-05,0.0,10.971,15.854,25.42,187.2
1988-06-06,2.622,11.382,15.743,25.854,173.2
1988-06-07,0.0,12.061,14.76,26.045,163.4
1988-06-08,0.489,10.986,16.142,25.656,157.0
1988-06-09,0.009,11.004,15.243,25.045,151.1
1988-06-10,6.939,10.028,17.264,25.309,143.7
1988-06-11,3.272,8.708,16.837,23.486,137.4
1988-06-12,3.294,8.852,16.469,23.375,135.4
1988-06-13,3.317,10.994,15.705,25.399,233.3
1988-06-14,3.729,11.305,15.583,25.712,251.2
1988-06-15,3.266,11.92,15.698,26.562,171.0
1988-06-16,1.22,9.656,15.177,23.444,243.0
1988-06-17,31.088,8.049,16.826,22.747,325.3
1988-06-18,34.921,7.209,16.142,21.26,308.5
1988-06-19,4.047,9.017,13.903,21.708,236.4
1988-06-20,8.356,7.74,16.618,22.233,229.2
1988-06-21,1.48,9.013,15.858,23.135,189.0
1988-06-22,0.0,10.113,15.094,23.931,174.4
1988-06-23,67.581,10.606,15.434,24.76,212.0
1988-06-24,8.513,9.753,15.58,23.872,339.0
1988-06-25,4.796,8.48,15.552,22.299,440.1
1988-06-26,6.639,9.64,15.698,23.767,283.1
1988-06-27,36.38,10.955,15.139,25.003,289.4
1988-06-28,1.497,10.058,16.135,24.594,375.8
1988-06-29,3.171,9.391,16.153,23.833,321.2
1988-06-30,2.695,10.587,16.066,25.198,265.0
1988-07-01,16.163,10.455,15.021,24.299,320.7
1988-07-02,3.077,9.323,15.649,23.392,239.7
1988-07-03,2.709,8.984,15.729,22.99,236.0
1988-07-04,36.346,10.089,14.802,23.653,259.9
1988-07-05,5.341,9.931,15.073,23.663,226.7
1988-07-06,11.685,8.41,14.771,21.622,267.3
1988-07-07,1.737,9.122,15.035,22.632,357.6
1988-07-08,10.086,11.218,14.465,24.833,244.1
1988-07-09,0.454,11.231,14.844,25.08,215.8
1988-07-10,0.0,11.188,14.924,25.045,193.4
1988-07-11,1.034,12.392,14.319,26.132,179.3
1988-07-12,0.546,10.485,14.934,24.181,166.7
1988-07-13,0.506,11.482,14.677,25.219,158.3
1988-07-14,0.0,11.539,13.83,24.719,152.1
1988-07-15,0.0,12.136,13.493,25.229,144.4
1988-07-16,0.0,11.285,13.872,24.403,139.5
1988-07-17,0.506,12.234,12.906,24.944,134.8
1988-07-18,0.0,11.301,13.938,24.438,130.0
1988-07-19,0.0,11.986,13.556,25.024,125.8
1988-07-20,0.0,10.694,14.424,24.007,122.8
1988-07-21,0.808,12.195,15.184,26.309,118.0
1988-07-22,1.19,11.94,15.111,25.948,115.6
1988-07-23,2.675,11.448,15.934,25.951,113.2
1988-07-24,0.861,10.162,16.462,24.812,111.0
1988-07-25,1.803,13.161,14.719,27.125,111.0
1988-07-26,8.864,11.944,15.604,26.24,107.5
1988-07-27,0.698,11.301,16.684,26.198,107.0
1988-07-28,1.462,14.088,14.833,28.288,108.0
1988-07-29,1.262,13.215,15.306,27.514,101.0
1988-07-30,12.281,10.716,15.458,24.628,109.4
1988-07-31,5.327,11.959,15.149,25.896,110.0
1988-08-01,19.547,11.48,15.958,25.844,196.4
1988-08-02,24.238,10.034,16.149,24.271,205.7
1988-08-03,27.433,10.171,16.434,24.611,157.4
1988-08-04,21.306,10.211,16.427,24.663,339.3
1988-08-05,0.0,11.716,16.59,26.51,154.3
1988-08-06,2.622,11.316,16.705,26.104,139.6
1988-08-07,9.134,11.676,15.267,25.528,166.1
1988-08-08,17.611,10.5,15.622,24.375,122.8
1988-08-09,4.608,12.162,16.569,26.955,126.4
1988-08-10,2.456,10.403,16.358,24.74,118.0
1988-08-11,11.166,8.675,16.559,22.938,111.0
1988-08-12,8.148,11.713,14.469,24.986,107.0
1988-08-13,0.324,12.265,14.972,25.948,131.2
1988-08-14,3.337,10.416,16.021,24.469,173.2
1988-08-15,19.714,10.47,15.781,24.375,184.8
1988-08-16,3.25,11.474,15.618,25.417,178.8
1988-08-17,43.791,9.494,15.448,22.948,443.3
1988-08-18,0.0,11.871,14.632,25.201,202.3
1988-08-19,33.685,11.559,16.191,25.896,236.8
1988-08-20,31.231,9.672,15.858,23.472,558.7
1988-08-21,22.425,9.537,15.663,23.122,282.4
1988-08-22,10.065,8.903,15.948,22.604,379.3
1988-08-23,18.197,10.97,16.368,25.292,249.2
1988-08-24,23.367,10.603,17.007,25.323,602.5
1988-08-25,35.766,9.778,16.094,23.701,349.9
1988-08-26,0.796,9.954,15.493,23.462,291.6
1988-08-27,2.742,9.111,16.483,23.24,618.8
1988-08-28,0.234,12.364,15.962,26.566,345.6
1988-08-29,1.176,9.961,16.378,24.108,325.5
1988-08-30,2.812,10.204,15.906,24.021,414.0
1988-08-31,47.636,6.077,16.059,19.674,486.1
1988-09-01,6.316,11.005,15.639,24.778,321.2
1988-09-02,4.948,11.129,15.417,24.781,364.8
1988-09-03,34.778,10.602,16.174,24.691,281.8
1988-09-04,10.048,12.01,15.049,25.524,322.6
1988-09-05,25.088,9.24,16.92,23.715,379.8
1988-09-06,19.755,11.016,16.326,25.233,368.4
1988-09-07,15.76,8.161,16.247,22.007,348.5
1988-09-08,0.0,8.428,16.139,22.229,321.9
1988-09-09,3.981,9.214,15.316,22.486,299.1
1988-09-10,27.007,6.912,15.868,20.354,455.8
1988-09-11,0.0,8.828,16.326,22.771,358.4
1988-09-12,7.555,9.135,16.368,23.132,352.4
1988-09-13,14.012,8.836,16.056,22.583,290.1
1988-09-14,36.756,9.683,16.212,23.628,467.0
1988-09-15,0.304,10.263,16.052,24.156,326.4
1988-09-16,17.468,11.883,14.833,25.208,286.4
1988-09-17,14.553,12.031,14.309,25.069,275.8
1988-09-18,14.861,10.816,16.267,24.969,389.4
1988-09-19,21.304,8.708,16.247,22.559,533.1
1988-09-20,20.111,9.439,16.844,23.847,501.5
1988-09-21,10.986,11.354,16.021,25.451,654.5
1988-09-22,0.0,11.885,14.556,25.115,526.4
1988-09-23,27.091,10.374,16.639,24.781,557.3
1988-09-24,2.703,11.579,16.517,26.125,400.0
1988-09-25,0.0,12.413,14.861,25.951,335.4
1988-09-26,10.841,10.287,16.007,24.264,344.3
1988-09-27,8.905,13.643,14.819,27.448,265.4
1988-09-28,7.097,11.288,15.188,24.892,257.7
1988-09-29,10.807,12.311,14.861,25.92,249.6
1988-09-30,27.437,9.075,15.278,22.403,337.0
1988-10-01,101.274,8.826,15.993,22.66,282.9
1988-10-02,3.051,7.859,16.892,22.253,507.7
1988-10-03,3.451,9.37,16.91,23.958,585.1
1988-10-04,3.669,9.348,17.326,24.26,536.2
1988-10-05,4.338,10.765,17.104,25.691,558.3
1988-10-06,10.458,10.892,16.028,25.108,524.1
1988-10-07,10.738,10.684,16.67,25.344,475.1
1988-10-08,10.718,7.511,17.493,22.403,554.3
1988-10-09,22.092,9.886,17.118,24.83,421.9
1988-10-10,11.482,11.664,15.361,25.632,350.2
1988-10-11,16.214,10.716,15.986,25.01,302.7
1988-10-12,33.826,9.638,16.403,24.003,284.3
1988-10-13,12.197,8.475,16.587,22.812,354.6
1988-10-14,0.16,9.176,16.392,23.483,352.4
1988-10-15,36.521,6.554,16.875,21.059,451.2
1988-10-16,0.0,8.941,15.681,22.788,443.3
1988-10-17,9.3,8.835,16.372,23.188,405.1
1988-10-18,46.442,9.694,16.16,24.014,463.3
1988-10-19,29.621,10.077,16.58,24.788,413.1
1988-10-20,0.0,11.067,15.33,25.104,349.7
1988-10-21,21.266,8.772,17.163,23.743,408.1
1988-10-22,9.221,9.426,16.503,24.028,404.6
1988-10-23,0.499,12.217,14.566,26.094,311.4
1988-10-24,0.0,11.537,14.913,25.545,272.6
1988-10-25,30.16,8.318,16.983,23.184,294.6
1988-10-26,2.112,9.597,16.441,24.281,302.7
1988-10-27,0.463,8.577,16.764,23.323,279.5
1988-10-28,40.524,8.718,16.771,23.524,416.6
1988-10-29,29.871,9.19,15.108,22.885,320.0
1988-10-30,8.77,7.716,16.719,22.354,296.6
1988-10-31,20.441,8.737,16.882,23.67,333.0
1988-11-01,25.861,8.65,17.243,23.872,291.1
1988-11-02,30.775,9.818,16.955,25.059,486.1
1988-11-03,34.883,10.627,16.524,25.743,399.4
1988-11-04,0.0,10.448,16.378,25.455,315.1
1988-11-05,0.0,10.23,16.42,25.229,274.4
1988-11-06,69.549,8.149,16.615,22.91,334.0
1988-11-07,3.831,9.052,16.604,23.972,251.9
1988-11-08,4.113,9.227,15.806,23.663,363.5
1988-11-09,14.352,9.052,16.764,24.135,258.1
1988-11-10,1.875,8.944,16.226,23.632,310.2
1988-11-11,29.791,8.272,16.955,23.392,582.5
1988-11-12,11.394,8.803,18.038,24.872,417.6
1988-11-13,19.125,9.157,17.014,24.566,374.7
1988-11-14,38.348,8.223,16.917,23.344,502.1
1988-11-15,22.06,7.721,16.781,22.67,512.5
1988-11-16,57.745,6.418,17.302,21.601,447.0
1988-11-17,18.756,8.625,16.531,23.615,461.4
1988-11-18,6.896,9.329,16.67,24.601,407.0
1988-11-19,40.402,8.336,16.531,23.299,519.0
1988-11-20,0.0,6.825,17.17,22.007,435.4
1988-11-21,0.0,7.465,16.51,22.326,565.3
1988-11-22,0.0,8.419,16.931,23.705,561.8
1988-11-23,14.235,8.721,16.205,23.594,547.7
1988-11-24,19.128,8.052,16.91,23.319,570.4
1988-11-25,27.727,7.744,17.177,23.128,496.8
1988-11-26,0.0,9.225,15.858,24.035,423.2
1988-11-27,9.776,9.577,17.406,25.566,433.8
1988-11-28,12.94,9.043,16.969,24.608,378.3
1988-11-29,65.577,7.284,16.799,22.326,643.9
1988-11-30,14.131,8.025,16.983,23.396,490.8
1988-12-01,11.501,9.301,16.524,24.639,541.8
1988-12-02,28.427,8.864,15.764,23.556,554.2
1988-12-03,44.996,7.552,16.948,22.809,729.3
1988-12-04,5.12,7.634,16.708,22.757,525.2
1988-12-05,2.656,8.039,17.087,23.521,534.3
1988-12-06,1.568,8.605,16.628,23.885,544.1
1988-12-07,2.122,7.238,17.444,22.844,430.6
1988-12-08,17.507,7.319,16.785,22.451,672.7
1988-12-09,23.943,8.216,16.955,23.677,464.2
1988-12-10,31.757,9.449,15.972,24.545,427.2
1988-12-11,0.0,9.567,17.201,25.576,394.0
1988-12-12,0.0,9.936,16.705,25.743,355.8
1988-12-13,15.461,8.5,17.382,24.385,517.1
1988-12-14,20.629,7.41,16.677,22.507,542.6
1988-12-15,32.566,8.835,17.188,24.656,438.0
1988-12-16,0.877,10.844,15.438,25.997,390.8
1988-12-17,4.757,8.643,15.639,23.24,378.7
1988-12-18,0.0,8.711,15.868,23.507,401.2
1988-12-19,7.428,8.921,15.451,23.49,324.9
1988-12-20,0.0,9.918,16.125,25.257,279.3
1988-12-21,33.77,10.921,14.51,25.486,387.0
1988-12-22,3.813,7.358,16.344,22.174,385.3
1988-12-23,2.177,7.545,16.42,22.455,327.9
1988-12-24,0.0,7.506,16.653,22.58,283.9
1988-12-25,7.421,8.433,16.233,23.406,302.7
1988-12-26,3.37,8.057,17.097,23.594,337.6
1988-12-27,3.012,8.718,16.361,23.906,347.5
1988-12-28,2.506,8.166,16.611,23.347,390.3
1988-12-29,4.573,9.149,15.319,23.663,439.5
1988-12-30,9.947,7.386,16.233,22.101,384.5
1988-12-31,106.54,6.723,16.26,21.295,324.7
1989-01-01,78.012,6.747,16.59,21.58,339.7
1989-01-02,15.173,6.407,15.931,20.656,546.8
1989-01-03,0.705,8.786,15.812,23.503,343.0
1989-01-04,1.883,8.994,15.635,23.632,429.5
1989-01-05,14.474,5.964,16.788,20.816,686.5
1989-01-06,19.297,7.261,16.528,22.115,682.1
1989-01-07,4.298,6.995,16.562,21.83,515.3
1989-01-08,0.0,7.653,15.944,22.111,451.1
1989-01-09,0.0,9.325,15.635,23.979,380.3
1989-01-10,0.0,8.336,15.736,22.76,323.9
1989-01-11,0.0,8.53,16.062,23.257,285.7
1989-01-12,0.0,8.231,15.503,22.441,273.8
1989-01-13,23.38,9.139,16.413,24.219,335.8
1989-01-14,16.818,7.385,16.441,22.115,304.9
1989-01-15,5.885,10.407,15.34,25.038,260.9
1989-01-16,4.922,9.51,16.99,25.062,248.5
1989-01-17,28.422,9.322,17.198,24.955,404.1
1989-01-18,0.41,9.542,16.41,24.622,263.8
1989-01-19,46.335,10.515,15.774,25.406,331.7
1989-01-20,20.91,11.515,14.622,25.868,351.8
1989-01-21,15.716,9.915,16.472,25.108,421.8
1989-01-22,11.383,8.349,16.924,23.51,473.4
1989-01-23,8.421,11.931,14.892,26.528,335.9
1989-01-24,5.02,11.074,15.559,25.865,317.9
1989-01-25,5.02,10.84,14.392,24.75,396.0
1989-01-26,0.0,8.578,15.847,22.878,391.8
1989-01-27,38.899,8.338,16.354,22.948,466.5
1989-01-28,25.986,7.071,16.955,21.924,408.1
1989-01-29,2.676,9.311,16.965,24.549,393.5
1989-01-30,9.8,7.994,17.319,23.222,314.9
1989-01-31,5.243,9.366,16.576,24.271,296.5
1989-02-01,7.078,9.791,16.122,24.424,309.2
1989-02-02,0.0,8.867,17.556,24.361,312.8
1989-02-03,22.158,7.721,16.976,22.573,305.6
1989-02-04,27.077,7.941,16.5,22.455,327.4
1989-02-05,0.0,8.407,15.903,22.507,261.4
1989-02-06,0.0,11.86,14.299,25.597,251.2
1989-02-07,6.264,9.904,15.41,23.903,248.8
1989-02-08,56.893,8.855,14.969,22.316,327.8
1989-02-09,3.613,9.324,16.139,23.698,513.1
1989-02-10,0.0,7.583,16.622,22.028,311.9
1989-02-11,0.0,7.937,16.507,22.323,396.4
1989-02-12,0.0,11.856,15.014,25.892,300.1
1989-02-13,0.521,10.929,15.712,25.215,459.6
1989-02-14,1.776,11.982,14.503,25.663,332.8
1989-02-15,23.977,11.854,15.271,25.976,302.3
1989-02-16,1.556,11.794,15.215,25.826,250.6
1989-02-17,0.0,10.589,15.58,24.611,225.3
1989-02-18,0.0,10.218,16.17,24.552,207.8
1989-02-19,0.0,9.234,15.271,22.757,236.0
1989-02-20,17.305,11.879,14.865,25.632,226.9
1989-02-21,21.731,11.435,15.441,25.42,201.8
1989-02-22,21.743,10.953,15.448,24.872,200.8
1989-02-23,18.21,7.194,16.375,21.257,235.8
1989-02-24,0.0,9.791,14.802,22.972,219.7
1989-02-25,0.0,7.837,16.628,22.083,229.7
1989-02-26,5.668,9.008,15.833,22.764,273.1
1989-02-27,0.0,11.999,15.67,26.118,220.6
1989-02-28,0.0,12.479,16.222,27.024,190.7
1989-03-01,0.0,12.517,15.292,26.427,173.7
1989-03-02,0.0,12.388,15.983,26.719,171.1
1989-03-03,0.0,10.68,15.285,24.233,194.3
1989-03-04,11.109,12.331,15.205,26.09,295.2
1989-03-05,68.374,10.313,15.08,23.625,325.9
1989-03-06,33.96,9.941,16.576,24.271,221.2
1989-03-07,31.756,8.333,16.524,22.403,269.3
1989-03-08,10.502,6.701,16.58,20.701,276.7
1989-03-09,2.926,9.974,16.257,24.017,235.8
1989-03-10,4.676,9.044,16.715,23.295,326.8
1989-03-11,48.564,7.813,16.587,21.861,338.9
1989-03-12,2.334,8.37,17.444,23.125,340.5
1989-03-13,0.208,5.47,17.118,20.003,314.6
1989-03-14,10.914,7.519,16.951,21.833,284.4
1989-03-15,8.802,8.391,17.059,22.83,394.6
1989-03-16,8.968,7.625,17.007,21.938,456.3
1989-03-17,12.668,7.255,16.549,21.226,364.6
1989-03-18,6.364,8.22,15.962,21.747,322.3
1989-03-19,28.049,6.978,16.476,20.823,377.8
1989-03-20,17.353,7.934,15.75,21.253,308.5
1989-03-21,5.176,7.548,16.09,21.125,353.8
1989-03-22,22.265,7.097,16.035,20.59,392.8
1989-03-23,8.776,8.42,15.698,21.726,429.3
1989-03-24,10.95,9.065,15.799,22.521,408.2
1989-03-25,32.757,9.275,15.226,22.33,324.9
1989-03-26,11.593,9.412,15.431,22.632,335.8
1989-03-27,6.281,9.227,15.618,22.573,320.7
1989-03-28,14.196,8.297,16.194,21.951,346.9
1989-03-29,33.754,9.79,14.583,22.469,324.4
1989-03-30,12.578,9.885,14.986,22.844,256.5
1989-03-31,0.882,10.145,15.58,23.562,261.1
1989-04-01,15.004,8.981,16.729,23.115,270.2
1989-04-02,15.375,9.486,17.361,24.153,381.7
1989-04-03,24.622,9.387,17.472,24.132,324.0
1989-04-04,0.698,11.044,17.163,25.712,278.2
1989-04-05,4.038,10.789,16.726,25.118,340.1
1989-04-06,1.726,10.794,15.938,24.562,272.3
1989-04-07,0.0,11.803,15.878,25.684,223.2
1989-04-08,12.925,11.355,15.934,25.226,256.4
1989-04-09,10.837,11.558,16.569,25.875,251.2
1989-04-10,14.528,10.726,15.611,24.285,225.1
1989-04-11,13.926,13.004,13.993,25.819,194.3
1989-04-12,2.488,11.394,15.087,24.715,393.4
1989-04-13,10.044,12.432,15.913,26.486,284.6
1989-04-14,24.901,11.44,16.073,25.462,249.4
1989-04-15,3.118,11.7,15.865,25.635,260.2
1989-04-16,0.247,13.112,15.899,27.281,209.7
1989-04-17,31.289,12.216,16.438,26.604,344.9
1989-04-18,0.0,12.271,15.521,26.056,248.7
1989-04-19,14.83,12.267,16.431,26.667,249.1
1989-04-20,14.722,10.555,16.948,25.122,301.0
1989-04-21,7.165,11.855,15.969,25.924,213.3
1989-04-22,12.527,10.055,17.486,24.993,300.7
1989-04-23,5.66,9.729,17.795,24.847,265.7
1989-04-24,5.66,11.535,16.601,26.024,245.9
1989-04-25,13.375,11.593,16.51,26.017,221.4
1989-04-26,4.269,11.464,16.125,25.604,297.7
1989-04-27,4.435,10.171,16.92,24.736,288.6
1989-04-28,36.064,9.765,17.392,24.649,229.7
1989-04-29,3.526,8.961,16.417,23.031,210.5
1989-04-30,15.182,10.491,16.545,24.899,302.4
1989-05-01,26.762,9.215,16.837,23.642,208.8
1989-05-02,31.451,9.429,16.0,23.347,281.1
1989-05-03,25.444,9.208,17.236,23.976,260.1
1989-05-04,18.379,10.043,16.476,24.344,211.1
1989-05-05,13.391,10.501,16.858,25.184,284.8
1989-05-06,24.937,8.482,16.521,22.66,475.4
1989-05-07,3.605,8.562,16.726,22.913,251.1
1989-05-08,32.708,7.292,17.049,21.799,412.9
1989-05-09,17.318,9.678,15.472,23.292,436.7
1989-05-10,5.393,8.628,16.372,22.743,450.7
1989-05-11,18.638,10.779,16.497,25.319,345.5
1989-05-12,24.945,8.914,17.542,24.021,300.9
1989-05-13,2.899,9.259,16.26,23.389,470.2
1989-05-14,3.268,9.742,15.646,23.559,330.6
1989-05-15,5.832,9.776,17.278,24.802,373.7
1989-05-16,2.511,10.321,16.066,24.569,288.8
1989-05-17,0.661,12.045,15.771,26.403,270.0
1989-05-18,0.661,10.24,16.09,24.503,230.2
1989-05-19,1.473,10.778,16.01,25.104,210.9
1989-05-20,0.661,10.962,16.823,25.878,195.7
1989-05-21,5.782,12.392,15.774,26.854,182.0
1989-05-22,5.995,11.033,15.993,25.406,172.0
1989-05-23,9.96,9.84,16.462,24.337,162.8
1989-05-24,14.428,8.025,17.385,23.007,162.4
1989-05-25,11.691,7.072,16.92,21.601,514.0
1989-05-26,3.318,8.167,17.438,23.24,267.7
1989-05-27,3.214,10.046,17.24,25.177,216.1
1989-05-28,2.867,7.596,16.927,22.198,248.3
1989-05-29,23.109,8.431,16.188,22.622,201.2
1989-05-30,2.251,10.655,16.271,25.288,184.2
1989-05-31,2.055,9.543,16.062,23.84,180.0
1989-06-01,0.0,9.774,15.972,24.021,166.7
1989-06-02,3.397,10.082,16.601,24.84,196.1
1989-06-03,21.515,8.34,16.33,22.667,293.8
1989-06-04,15.065,9.696,15.726,23.771,191.6
1989-06-05,12.776,7.649,16.5,22.01,171.3
1989-06-06,49.266,9.504,16.073,23.809,181.3
1989-06-07,0.777,9.603,15.75,23.726,328.1
1989-06-08,6.519,11.566,14.892,25.538,202.8
1989-06-09,5.662,9.924,15.243,23.792,210.0
1989-06-10,7.412,10.557,16.212,25.236,181.0
1989-06-11,4.193,9.255,15.965,23.476,286.9
1989-06-12,32.951,10.444,16.319,25.174,327.0
1989-06-13,0.322,9.685,16.889,24.684,258.7
1989-06-14,0.243,11.036,15.5,25.319,241.0
1989-06-15,2.598,11.127,16.319,25.976,198.6
1989-06-16,0.321,11.766,15.969,26.559,174.8
1989-06-17,0.6,10.851,15.941,25.399,162.0
1989-06-18,11.705,10.799,15.583,25.087,154.1
1989-06-19,12.396,8.165,16.167,22.382,258.5
1989-06-20,10.019,11.357,15.41,25.691,237.5
1989-06-21,13.895,11.24,14.969,25.25,186.2
1989-06-22,14.69,11.289,16.177,26.128,165.1
1989-06-23,14.821,9.469,15.219,23.226,324.3
1989-06-24,13.104,10.493,15.309,24.538,217.1
1989-06-25,18.245,9.728,14.434,23.01,313.3
1989-06-26,46.824,11.421,15.264,25.684,230.0
1989-06-27,0.0,10.607,16.007,25.167,241.3
1989-06-28,6.908,11.938,14.594,25.868,397.7
1989-06-29,3.547,12.037,16.007,26.938,301.8
1989-06-30,0.076,12.089,14.677,26.097,330.1
1989-07-01,1.614,12.061,14.215,25.729,292.1
1989-07-02,2.726,11.302,15.396,25.608,293.5
1989-07-03,1.805,12.042,14.618,25.976,232.3
1989-07-04,1.727,12.456,12.524,25.122,204.3
1989-07-05,2.62,11.148,15.174,25.226,189.3
1989-07-06,0.0,9.161,15.215,22.816,175.7
1989-07-07,1.083,9.658,14.306,22.764,163.0
1989-07-08,0.476,11.669,14.74,25.521,158.0
1989-07-09,0.602,11.826,14.576,25.625,143.8
1989-07-10,0.532,13.368,13.396,26.785,139.8
1989-07-11,0.0,13.359,13.198,26.632,134.4
1989-07-12,0.0,13.448,14.142,27.333,129.2
1989-07-13,0.0,13.606,14.271,27.594,124.5
1989-07-14,0.0,13.775,14.358,27.84,120.6
1989-07-15,0.0,14.331,14.378,28.517,117.0
1989-07-16,0.0,11.884,15.604,26.309,113.0
1989-07-17,0.0,13.04,15.156,27.413,110.5
1989-07-18,0.0,13.842,14.302,27.826,108.5
1989-07-19,3.419,13.01,15.51,27.559,106.5
1989-07-20,16.509,11.739,14.986,25.663,134.2
1989-07-21,12.008,12.436,15.583,26.868,114.5
1989-07-22,16.128,11.284,15.622,25.531,135.6
1989-07-23,18.296,12.293,14.212,25.792,118.4
1989-07-24,10.278,9.159,16.062,23.292,130.4
1989-07-25,17.174,10.59,15.038,24.243,128.7
1989-07-26,30.234,8.903,15.465,22.521,181.7
1989-07-27,2.354,11.809,15.295,25.892,115.2
1989-07-28,47.828,12.078,14.767,25.872,133.2
1989-07-29,3.811,13.429,14.396,27.26,141.0
1989-07-30,1.289,11.972,16.493,26.851,280.7
1989-07-31,13.942,11.193,16.681,26.031,215.9
1989-08-01,8.998,12.365,15.198,26.417,182.7
1989-08-02,5.597,13.006,15.017,27.056,142.2
1989-08-03,2.545,14.006,14.191,27.712,125.5
1989-08-04,2.545,13.143,14.667,26.965,187.5
1989-08-05,2.545,13.652,14.868,27.688,138.6
1989-08-06,4.694,11.592,16.104,26.028,186.7
1989-08-07,1.089,13.731,13.868,27.108,126.2
1989-08-08,3.456,14.117,14.83,28.118,117.3
1989-08-09,27.896,12.376,15.729,26.677,217.8
1989-08-10,4.142,12.842,15.611,27.101,143.0
1989-08-11,2.1,12.055,15.719,26.24,139.6
1989-08-12,19.267,13.947,14.653,27.764,123.0
1989-08-13,0.822,12.704,14.858,26.392,125.4
1989-08-14,1.349,13.41,13.99,26.649,144.2
1989-08-15,1.296,13.126,16.08,27.684,122.5
1989-08-16,0.914,12.043,15.799,26.212,114.2
1989-08-17,24.24,12.745,16.208,27.285,111.4
1989-08-18,0.0,13.285,15.462,27.41,107.6
1989-08-19,0.0,13.013,15.601,27.188,104.5
1989-08-20,0.907,13.723,15.052,27.66,102.5
1989-08-21,19.936,11.579,15.649,25.535,119.5
1989-08-22,8.899,11.515,15.66,25.441,164.0
1989-08-23,12.318,10.818,16.0,24.844,119.6
1989-08-24,13.728,10.838,15.851,24.757,137.8
1989-08-25,9.552,12.64,15.028,26.323,119.9
1989-08-26,16.742,12.915,15.226,26.753,147.6
1989-08-27,16.881,12.782,15.632,26.833,306.2
1989-08-28,15.1,11.342,16.517,25.774,161.9
1989-08-29,33.164,10.597,16.358,24.788,279.3
1989-08-30,21.337,8.792,15.528,22.205,406.6
1989-08-31,22.603,11.269,14.361,24.201,252.7
1989-09-01,19.146,13.176,15.812,27.434,193.6
1989-09-02,13.967,13.65,16.497,28.41,170.7
1989-09-03,11.538,12.257,16.625,26.858,158.4
1989-09-04,13.645,10.913,15.972,24.878,337.8
1989-09-05,13.93,8.946,16.878,23.312,271.9
1989-09-06,85.324,9.52,16.653,23.774,271.2
1989-09-07,1.766,11.459,15.83,25.41,368.8
1989-09-08,3.488,11.325,16.208,25.521,310.9
1989-09-09,3.269,11.441,16.056,25.556,236.6
1989-09-10,6.05,9.984,16.569,24.25,417.2
1989-09-11,20.5,10.423,16.309,24.531,283.5
1989-09-12,14.153,11.819,15.993,25.948,457.6
1989-09-13,14.33,11.402,15.257,24.944,519.2
1989-09-14,9.091,10.888,15.927,24.823,440.4
1989-09-15,10.658,10.282,16.038,24.219,334.3
1989-09-16,5.186,12.885,15.292,26.719,270.4
1989-09-17,5.186,12.327,15.601,26.295,238.8
1989-09-18,7.175,11.417,16.087,25.549,252.9
1989-09-19,7.953,10.51,16.417,24.812,222.9
1989-09-20,8.963,7.846,16.705,22.042,313.0
1989-09-21,25.463,11.457,15.507,25.243,229.9
1989-09-22,15.921,9.738,15.875,23.49,307.8
1989-09-23,23.373,10.157,16.882,24.733,234.1
1989-09-24,12.793,9.933,16.396,24.097,289.0
1989-09-25,15.169,11.812,14.316,24.882,324.5
1989-09-26,3.805,11.154,15.438,24.84,346.2
1989-09-27,11.941,9.185,16.156,23.083,313.1
1989-09-28,8.282,7.926,16.552,22.049,421.9
1989-09-29,54.031,8.749,16.125,22.615,566.5
1989-09-30,1.777,11.886,15.632,25.934,376.3
1989-10-01,2.284,12.719,15.535,26.851,302.6
1989-10-02,1.521,12.214,16.153,26.681,358.9
1989-10-03,2.613,9.633,16.569,24.003,399.5
1989-10-04,14.772,8.715,15.573,22.253,334.2
1989-10-05,63.074,10.179,16.01,24.233,312.0
1989-10-06,9.636,12.067,16.378,26.757,258.5
1989-10-07,8.825,13.941,14.299,27.615,254.7
1989-10-08,13.529,10.524,17.007,25.403,287.9
1989-10-09,16.624,10.891,15.451,24.722,261.1
1989-10-10,24.773,10.002,14.91,23.337,240.9
1989-10-11,23.225,8.115,15.819,21.833,417.4
1989-10-12,18.068,9.423,15.427,23.062,418.4
1989-10-13,16.603,9.728,16.351,24.122,327.1
1989-10-14,14.591,8.994,16.851,23.622,454.1
1989-10-15,13.525,9.403,16.062,23.538,404.6
1989-10-16,14.946,11.396,15.17,25.274,384.7
1989-10-17,62.47,9.849,16.479,24.389,533.6
1989-10-18,5.335,8.905,17.33,23.934,552.4
1989-10-19,2.756,9.164,17.288,24.257,623.9
1989-10-20,2.35,12.645,15.906,27.403,459.3
1989-10-21,2.289,10.561,16.517,25.326,469.3
1989-10-22,2.74,10.553,16.021,24.979,465.2
1989-10-23,7.817,9.0,17.403,24.219,360.1
1989-10-24,7.87,8.909,16.719,23.628,367.7
1989-10-25,43.147,8.658,16.944,23.51,401.6
1989-10-26,3.806,8.847,17.819,24.41,496.3
1989-10-27,81.974,8.678,17.316,23.83,454.0
1989-10-28,5.852,9.198,17.295,24.434,742.0
1989-10-29,5.086,10.615,15.094,24.562,455.7
1989-10-30,7.564,8.738,17.955,24.444,386.5
1989-10-31,1.709,9.593,17.163,24.878,363.8
1989-11-01,3.249,7.164,17.66,22.465,508.0
1989-11-02,3.718,8.311,17.16,23.438,637.6
1989-11-03,20.05,9.595,16.764,24.625,450.9
1989-11-04,28.803,8.131,17.135,23.215,441.5
1989-11-05,33.907,8.788,17.931,24.594,546.5
1989-11-06,15.216,9.411,16.67,24.444,420.7
1989-11-07,45.86,7.491,17.375,22.712,386.3
1989-11-08,10.343,7.929,16.694,22.719,399.9
1989-11-09,10.388,8.194,17.111,23.365,658.7
1989-11-10,43.268,9.059,16.441,23.917,723.3
1989-11-11,0.0,8.071,16.972,23.125,586.9
1989-11-12,12.56,7.849,17.108,22.976,601.7
1989-11-13,29.162,9.042,16.257,23.809,470.5
1989-11-14,0.981,9.692,16.833,25.049,367.1
1989-11-15,0.394,8.66,18.16,24.812,322.7
1989-11-16,26.573,10.004,17.264,25.76,347.0
1989-11-17,28.242,8.352,17.837,24.219,633.0
1989-11-18,3.704,10.061,17.684,26.222,371.8
1989-11-19,0.377,11.096,17.014,27.031,319.4
1989-11-20,1.79,11.363,17.253,27.531,274.8
1989-11-21,8.649,7.429,17.573,23.007,308.9
1989-11-22,6.484,9.472,17.26,25.278,255.5
1989-11-23,5.535,9.552,16.75,24.976,271.7
1989-11-24,4.45,9.936,17.712,26.16,224.2
1989-11-25,5.477,8.435,18.309,24.844,233.2
1989-11-26,7.513,10.651,16.24,26.08,245.9
1989-11-27,7.27,10.209,15.899,25.292,199.6
1989-11-28,6.243,10.01,16.809,25.694,187.7
1989-11-29,7.33,10.198,16.413,25.656,250.8
1989-11-30,17.241,8.436,17.059,23.958,264.8
1989-12-01,12.757,7.62,17.729,23.531,262.6
1989-12-02,30.419,7.185,17.51,22.802,380.6
1989-12-03,33.156,8.696,17.146,24.365,335.8
1989-12-04,43.469,6.485,17.615,22.087,284.7
1989-12-05,3.508,7.609,16.517,22.59,283.8
1989-12-06,29.764,8.164,17.292,23.865,399.6
1989-12-07,0.0,10.219,16.878,26.132,280.6
1989-12-08,0.0,10.951,16.021,26.5,245.5
1989-12-09,0.086,10.687,15.917,26.094,228.4
1989-12-10,5.367,8.101,17.899,24.243,499.3
1989-12-11,0.281,8.108,18.038,24.385,396.5
1989-12-12,4.461,8.882,16.84,24.431,345.5
1989-12-13,2.303,9.779,17.212,25.844,296.5
1989-12-14,21.054,8.467,18.517,25.208,289.3
1989-12-15,0.0,9.859,16.392,25.389,238.6
1989-12-16,0.188,8.852,17.372,24.806,216.4
1989-12-17,1.742,9.476,17.0,25.33,205.7
1989-12-18,0.0,10.001,16.74,25.837,191.0
1989-12-19,10.909,11.581,14.788,26.559,179.9
1989-12-20,0.0,9.054,15.743,23.878,172.4
1989-12-21,0.0,8.319,16.583,23.549,202.3
1989-12-22,0.0,11.189,15.479,26.497,171.8
1989-12-23,2.063,9.619,15.389,24.33,210.7
1989-12-24,3.817,7.837,15.757,22.292,288.0
1989-12-25,28.488,7.293,17.236,22.785,218.2
1989-12-26,12.385,6.519,17.622,22.16,224.2
1989-12-27,3.345,7.322,16.778,22.434,200.9
1989-12-28,28.693,8.126,16.163,22.941,292.3
1989-12-29,28.169,8.939,15.858,23.747,228.9
1989-12-30,11.663,10.768,14.097,24.913,220.8
1989-12-31,0.0,9.927,15.847,24.99,193.2
1990-01-01,0.0,8.643,15.816,23.319,205.8
1990-01-02,0.143,8.984,16.021,23.906,219.6
1990-01-03,0.0,7.539,17.201,22.997,224.4
1990-01-04,0.25,8.485,15.552,22.892,207.5
1990-01-05,33.955,8.146,16.361,23.052,237.6
1990-01-06,5.419,7.593,16.226,22.267,170.9
1990-01-07,33.185,7.523,16.965,22.74,234.2
1990-01-08,31.857,6.844,16.764,21.785,192.3
1990-01-09,3.952,7.399,16.694,22.389,299.9
1990-01-10,1.129,7.595,16.698,22.608,232.0
1990-01-11,5.1,6.931,18.017,22.84,304.8
1990-01-12,8.998,8.523,16.056,23.257,383.5
1990-01-13,17.115,9.016,15.378,23.34,507.8
1990-01-14,0.0,9.786,15.74,24.556,269.7
1990-01-15,9.662,9.135,16.809,24.51,346.1
1990-01-16,3.748,11.048,15.476,25.941,314.5
1990-01-17,0.0,10.528,16.385,25.885,251.9
1990-01-18,5.954,8.685,17.323,24.253,315.1
1990-01-19,8.039,9.531,16.156,24.42,237.7
1990-01-20,0.247,9.504,17.344,25.243,284.6
1990-01-21,1.102,9.651,17.014,25.156,216.1
1990-01-22,25.472,7.83,16.955,22.91,255.0
1990-01-23,0.0,10.155,15.747,24.84,195.8
1990-01-24,0.05,11.674,14.92,26.149,178.8
1990-01-25,0.0,12.158,15.733,27.274,165.1
1990-01-26,2.329,8.329,16.764,23.257,159.0
1990-01-27,3.066,9.541,17.167,24.997,161.9
1990-01-28,1.366,12.47,14.583,26.826,141.2
1990-01-29,0.111,12.235,15.872,27.347,136.1
1990-01-30,0.111,10.444,16.306,25.403,175.1
1990-01-31,0.111,10.574,17.653,26.479,147.4
1990-02-01,0.0,12.244,16.413,27.632,136.3
1990-02-02,0.0,10.601,17.493,26.333,150.2
1990-02-03,4.744,9.572,18.309,25.715,159.1
1990-02-04,0.0,9.733,17.479,25.253,132.5
1990-02-05,88.684,7.123,17.764,22.507,397.6
1990-02-06,18.677,7.735,17.451,22.938,292.3
1990-02-07,8.417,8.89,17.347,24.142,199.9
1990-02-08,7.435,9.101,18.399,25.146,205.2
1990-02-09,34.54,9.806,17.174,25.035,362.8
1990-02-10,0.0,10.532,16.417,25.302,232.7
1990-02-11,0.0,9.423,17.625,24.865,211.6
1990-02-12,0.818,8.473,17.865,23.958,197.0
1990-02-13,0.582,8.207,18.139,23.858,172.7
1990-02-14,0.0,11.435,16.111,26.08,158.2
1990-02-15,0.0,8.959,18.09,24.604,166.9
1990-02-16,0.0,9.671,18.122,25.42,150.9
1990-02-17,0.0,10.14,16.892,24.993,140.9
1990-02-18,0.0,8.154,16.198,22.188,159.1
1990-02-19,0.0,8.444,16.139,22.455,147.1
1990-02-20,0.0,8.17,17.104,22.882,161.4
1990-02-21,1.44,10.69,15.458,24.538,140.9
1990-02-22,1.418,9.443,17.868,24.84,182.9
1990-02-23,2.686,10.767,16.608,25.392,172.0
1990-02-24,29.116,9.185,17.264,24.059,174.0
1990-02-25,16.975,9.717,16.66,24.212,147.4
1990-02-26,3.64,8.772,16.267,22.781,151.0
1990-02-27,1.2,10.085,16.208,24.247,136.3
1990-02-28,2.073,8.662,16.833,23.066,130.3
1990-03-01,0.0,10.604,16.347,24.896,120.4
1990-03-02,0.0,9.626,16.538,23.903,120.0
1990-03-03,0.0,9.811,16.684,24.229,125.3
1990-03-04,1.804,10.01,16.267,24.101,143.2
1990-03-05,50.048,9.066,16.965,23.59,245.3
1990-03-06,0.0,11.741,16.253,26.066,145.4
1990-03-07,1.592,11.146,16.715,25.674,244.5
1990-03-08,1.671,11.725,16.205,26.003,253.8
1990-03-09,0.0,12.339,16.285,26.729,200.0
1990-03-10,7.381,12.137,17.747,27.497,160.9
1990-03-11,5.474,10.627,16.833,25.128,141.3
1990-03-12,0.0,12.014,17.872,27.431,132.4
1990-03-13,1.992,13.238,17.097,28.236,125.4
1990-03-14,5.187,11.063,17.993,26.392,120.2
1990-03-15,9.585,11.005,17.312,25.854,114.4
1990-03-16,6.269,10.516,17.854,25.726,162.2
1990-03-17,12.472,12.624,17.198,27.535,126.2
1990-03-18,10.233,7.711,17.087,22.062,227.2
1990-03-19,9.976,12.694,16.118,26.882,137.5
1990-03-20,9.451,8.988,18.576,24.566,237.3
1990-03-21,27.878,8.798,17.465,23.5,214.6
1990-03-22,0.0,11.96,16.743,26.476,159.0
1990-03-23,19.224,9.661,17.979,24.858,294.2
1990-03-24,19.43,8.538,17.271,23.049,208.1
1990-03-25,5.072,8.891,16.986,23.24,174.6
1990-03-26,28.323,5.112,17.406,19.899,190.2
1990-03-27,23.755,10.968,16.038,24.844,176.3
1990-03-28,1.8,10.232,16.976,24.674,149.4
1990-03-29,0.204,11.141,17.75,26.253,140.9
1990-03-30,5.991,11.024,18.094,26.361,139.1
1990-03-31,2.116,9.099,17.753,24.01,159.0
1990-04-01,27.946,7.129,17.601,21.878,148.6
1990-04-02,23.499,9.6,17.538,24.41,138.5
1990-04-03,5.256,8.041,18.076,23.184,187.4
1990-04-04,12.476,7.75,17.486,22.431,372.6
1990-04-05,9.798,10.258,16.41,24.337,297.9
1990-04-06,8.168,10.397,16.681,24.653,563.3
1990-04-07,1.284,12.85,16.757,27.469,280.1
1990-04-08,0.0,12.364,17.323,27.337,216.2
1990-04-09,0.0,13.422,16.764,28.128,184.4
1990-04-10,0.0,13.553,15.639,27.531,161.8
1990-04-11,0.0,13.014,16.281,27.344,151.7
1990-04-12,3.838,10.217,17.91,25.396,165.6
1990-04-13,15.449,10.463,18.517,26.118,134.4
1990-04-14,19.474,10.037,17.108,24.632,203.7
1990-04-15,28.659,11.778,16.417,26.09,183.6
1990-04-16,29.782,9.257,17.618,24.142,326.2
1990-04-17,1.243,8.062,18.885,23.931,192.4
1990-04-18,0.0,8.278,17.83,23.354,183.3
1990-04-19,5.37,9.672,18.007,24.955,179.3
1990-04-20,31.133,8.966,17.802,23.997,174.5
1990-04-21,43.13,8.571,17.483,23.354,238.5
1990-04-22,3.619,9.14,17.438,23.938,237.2
1990-04-23,25.859,9.327,17.128,23.938,299.3
1990-04-24,27.545,9.272,17.222,23.941,416.2
1990-04-25,18.712,10.003,16.26,24.007,284.3
1990-04-26,16.983,9.216,17.958,24.431,504.3
1990-04-27,9.343,10.426,17.042,25.118,315.3
1990-04-28,31.044,9.53,16.948,24.049,408.8
1990-04-29,0.68,9.117,16.16,23.049,333.1
1990-04-30,27.072,6.924,16.972,21.378,342.9
1990-05-01,49.263,8.08,16.747,22.319,278.6
1990-05-02,6.373,8.516,16.531,22.667,292.8
1990-05-03,0.77,9.117,16.729,23.493,282.2
1990-05-04,5.681,8.618,17.094,23.212,241.1
1990-05-05,3.858,7.921,18.076,23.267,300.1
1990-05-06,11.821,10.075,17.33,25.028,310.5
1990-05-07,7.049,11.008,17.684,26.403,240.6
1990-05-08,15.072,9.694,17.135,24.528,268.3
1990-05-09,1.222,13.017,15.889,27.483,220.5
1990-05-10,16.601,10.901,16.736,25.615,295.7
1990-05-11,18.836,10.488,17.865,25.983,328.2
1990-05-12,1.924,9.377,17.188,24.233,248.9
1990-05-13,12.015,10.201,16.497,24.684,223.1
1990-05-14,15.986,9.729,17.233,24.677,364.1
1990-05-15,2.606,10.22,16.41,24.646,286.7
1990-05-16,1.084,11.662,16.705,26.573,234.9
1990-05-17,0.97,10.418,17.038,25.368,210.2
1990-05-18,0.61,10.993,16.774,25.872,189.6
1990-05-19,0.61,10.726,17.135,25.816,175.4
1990-05-20,2.205,10.974,17.118,26.115,162.7
1990-05-21,1.802,11.358,16.715,26.281,155.6
1990-05-22,2.362,10.763,16.562,25.476,146.0
1990-05-23,3.783,10.585,16.535,25.278,138.8
1990-05-24,0.261,10.194,16.385,24.733,135.5
1990-05-25,0.0,10.389,17.295,25.618,127.5
1990-05-26,2.415,10.988,17.087,26.194,125.0
1990-05-27,5.55,11.483,15.413,25.587,120.4
1990-05-28,7.525,10.826,15.858,25.16,117.7
1990-05-29,21.07,9.855,16.09,24.215,226.1
1990-05-30,0.834,12.044,15.99,26.726,129.4
1990-05-31,0.0,11.608,15.503,25.906,120.3
1990-06-01,4.166,9.905,16.573,24.618,119.1
1990-06-02,4.277,12.835,13.833,26.302,148.6
1990-06-03,2.596,11.965,15.368,26.253,114.4
1990-06-04,0.0,10.969,16.056,25.521,108.5
1990-06-05,6.084,9.948,15.872,24.201,107.8
1990-06-06,0.0,12.462,16.399,27.587,100.7
1990-06-07,1.865,12.539,15.521,27.101,96.1
1990-06-08,3.458,12.204,15.465,26.656,92.9
1990-06-09,7.867,10.879,17.302,26.323,90.9
1990-06-10,15.42,10.431,16.01,24.872,244.9
1990-06-11,47.399,8.907,16.802,23.708,111.1
1990-06-12,0.0,11.282,16.458,26.26,100.7
1990-06-13,0.095,11.791,15.795,26.417,96.8
1990-06-14,20.481,12.56,16.698,27.951,284.1
1990-06-15,17.623,10.132,16.198,24.674,270.5
1990-06-16,2.951,7.991,16.903,22.715,360.4
1990-06-17,6.699,9.13,16.913,24.045,186.0
1990-06-18,0.0,10.552,15.323,24.608,159.4
1990-06-19,0.0,11.727,15.722,26.326,134.0
1990-06-20,0.083,12.89,15.986,27.913,124.1
1990-06-21,0.216,11.695,16.719,26.965,113.7
1990-06-22,0.0,11.795,15.962,26.545,108.5
1990-06-23,2.045,11.986,16.229,26.944,102.6
1990-06-24,7.22,10.616,16.969,25.854,113.7
1990-06-25,7.115,12.22,16.316,27.299,98.1
1990-06-26,1.812,12.347,15.997,27.264,100.7
1990-06-27,1.752,10.268,16.507,25.073,109.8
1990-06-28,1.124,11.465,16.493,26.51,90.3
1990-06-29,1.645,13.302,15.913,28.378,86.5
1990-06-30,1.124,10.92,15.837,25.382,85.0
1990-07-01,6.614,12.299,14.972,26.479,84.5
1990-07-02,9.697,12.055,15.705,26.681,164.1
1990-07-03,6.614,13.15,15.681,28.003,88.3
1990-07-04,6.614,12.495,15.493,27.062,91.6
1990-07-05,10.685,10.311,16.448,25.073,88.6
1990-07-06,2.974,10.266,15.962,24.688,81.0
1990-07-07,2.383,12.161,16.003,26.972,93.6
1990-07-08,1.575,12.401,15.382,26.896,217.2
1990-07-09,7.679,10.851,14.691,24.49,243.4
1990-07-10,72.181,9.988,15.299,23.872,186.5
1990-07-11,0.0,10.537,15.378,24.576,136.4
1990-07-12,1.313,12.057,15.288,26.365,114.4
1990-07-13,7.142,11.645,14.34,25.205,100.1
1990-07-14,1.112,10.819,15.545,24.986,94.2
1990-07-15,21.536,10.889,16.052,25.413,188.1
1990-07-16,5.847,10.737,15.691,25.01,118.2
1990-07-17,9.576,9.762,16.628,24.49,199.3
1990-07-18,11.01,11.017,15.184,24.962,238.9
1990-07-19,15.311,11.743,14.889,25.615,457.8
1990-07-20,5.263,13.448,14.542,27.483,185.9
1990-07-21,4.52,12.108,15.365,26.368,581.0
1990-07-22,7.933,11.906,14.618,25.618,205.6
1990-07-23,7.42,12.169,14.76,25.979,166.6
1990-07-24,4.52,12.14,15.733,26.639,203.3
1990-07-25,4.52,13.889,14.226,27.736,138.5
1990-07-26,0.648,12.605,15.392,26.931,128.0
1990-07-27,3.193,14.077,14.517,28.104,118.2
1990-07-28,0.472,12.902,15.462,27.295,127.3
1990-07-29,0.472,12.494,15.882,27.056,106.5
1990-07-30,0.472,12.661,14.469,26.302,131.4
1990-07-31,0.472,12.939,15.354,27.229,100.7
1990-08-01,0.0,13.781,13.774,27.201,95.5
1990-08-02,0.0,13.943,15.347,28.382,90.3
1990-08-03,1.524,12.744,16.253,27.535,94.2
1990-08-04,4.753,12.021,15.337,26.049,87.5
1990-08-05,3.623,13.579,14.872,27.604,89.9
1990-08-06,0.0,14.144,14.451,27.979,84.7
1990-08-07,3.774,14.295,15.236,28.639,87.3
1990-08-08,0.0,14.004,15.448,28.413,81.1
1990-08-09,0.5,13.588,15.722,28.087,80.5
1990-08-10,7.05,11.996,15.472,25.986,79.6
1990-08-11,6.407,13.496,14.656,27.253,76.7
1990-08-12,0.0,13.235,14.174,26.604,74.7
1990-08-13,0.17,12.719,15.51,26.844,73.3
1990-08-14,17.158,11.977,16.115,26.361,71.5
1990-08-15,24.472,11.884,14.764,25.333,196.5
1990-08-16,0.417,11.549,17.243,26.608,123.7
1990-08-17,4.252,14.761,14.944,28.847,100.1
1990-08-18,8.263,13.018,16.125,27.549,96.4
1990-08-19,1.269,12.997,16.076,27.49,82.0
1990-08-20,1.211,13.519,15.413,27.646,79.5
1990-08-21,1.894,14.06,15.656,28.427,74.5
1990-08-22,0.473,13.135,15.601,27.264,70.0
1990-08-23,0.1,13.243,15.809,27.556,69.0
1990-08-24,17.352,13.784,14.906,27.59,90.5
1990-08-25,0.313,13.88,15.448,28.031,69.0
1990-08-26,11.227,11.42,16.83,26.087,100.7
1990-08-27,19.907,11.995,15.67,25.958,257.8
1990-08-28,27.221,7.884,16.587,21.965,321.1
1990-08-29,1.062,8.5,16.299,22.399,158.3
1990-08-30,6.42,12.472,15.431,26.372,129.5
1990-08-31,19.751,12.437,15.167,26.122,167.4
1990-09-01,24.454,12.148,15.354,25.913,111.3
1990-09-02,3.284,12.237,15.212,25.892,214.9
1990-09-03,2.048,9.932,17.017,24.486,146.9
1990-09-04,1.469,12.532,15.75,26.628,115.4
1990-09-05,0.0,14.261,14.76,27.972,104.0
1990-09-06,5.023,13.133,16.51,27.795,102.6
1990-09-07,6.974,11.771,15.924,25.865,178.1
1990-09-08,6.069,12.807,15.743,26.92,113.7
1990-09-09,8.104,12.278,15.878,26.382,125.9
1990-09-10,11.906,11.307,16.771,25.903,100.7
1990-09-11,9.659,12.314,16.052,26.566,98.1
1990-09-12,11.03,12.201,16.462,26.708,133.4
1990-09-13,21.503,13.652,15.344,27.628,135.9
1990-09-14,8.963,12.058,16.941,26.868,138.2
1990-09-15,7.93,11.926,16.604,26.444,129.7
1990-09-16,0.0,14.223,15.014,28.083,106.0
1990-09-17,5.928,14.619,15.747,29.042,98.8
1990-09-18,5.407,13.947,16.944,29.049,95.5
1990-09-19,7.909,12.268,16.285,26.66,92.9
1990-09-20,2.25,11.048,16.281,25.253,92.3
1990-09-21,1.529,10.839,15.531,24.531,121.3
1990-09-22,38.97,10.739,15.816,24.587,197.2
1990-09-23,7.371,11.321,15.625,25.149,130.4
1990-09-24,9.628,11.574,14.826,24.892,148.5
1990-09-25,2.529,11.614,15.288,25.295,138.4
1990-09-26,10.137,10.707,16.017,24.733,121.3
1990-09-27,10.162,11.393,16.087,25.58,227.0
1990-09-28,8.964,9.896,16.427,24.149,233.6
1990-09-29,11.38,12.594,16.135,27.049,122.2
1990-09-30,10.808,11.366,15.142,24.983,153.9
1990-10-01,4.138,9.873,16.312,24.031,226.0
1990-10-02,2.544,9.111,16.212,23.142,212.0
1990-10-03,58.847,11.377,16.108,25.694,277.0
1990-10-04,13.685,11.166,17.306,26.316,200.7
1990-10-05,6.63,7.305,17.354,22.066,244.2
1990-10-06,0.847,9.461,17.142,24.24,185.1
1990-10-07,14.625,7.25,17.306,21.993,323.7
1990-10-08,16.867,8.519,16.858,23.024,445.7
1990-10-09,5.334,10.457,16.243,24.799,276.0
1990-10-10,51.32,8.483,17.333,23.368,363.5
1990-10-11,0.516,9.592,16.924,24.295,263.0
1990-10-12,25.463,9.632,16.41,23.993,504.6
1990-10-13,0.824,8.952,17.368,23.962,360.2
1990-10-14,16.384,12.33,16.382,27.222,339.1
1990-10-15,36.16,10.798,16.837,25.733,308.5
1990-10-16,14.862,10.839,15.958,25.194,301.2
1990-10-17,31.217,10.34,16.146,24.74,513.1
1990-10-18,1.61,10.406,17.073,25.497,400.8
1990-10-19,2.734,9.098,18.132,24.795,345.8
1990-10-20,49.899,8.258,16.396,22.524,447.0
1990-10-21,21.772,10.725,16.462,25.451,491.2
1990-10-22,30.089,5.96,16.549,20.181,644.8
1990-10-23,7.813,7.653,16.573,22.049,430.5
1990-10-24,12.664,8.705,16.399,23.163,390.3
1990-10-25,0.0,9.152,16.33,23.594,319.8
1990-10-26,0.0,8.569,17.076,23.514,288.1
1990-10-27,25.788,8.856,16.955,23.816,283.0
1990-10-28,37.874,9.091,16.174,23.51,487.5
1990-10-29,23.805,8.705,16.441,23.25,391.2
1990-10-30,14.269,8.125,16.792,22.882,507.7
1990-10-31,0.0,8.282,16.479,22.83,440.4
1990-11-01,0.0,8.007,16.438,22.503,358.7
1990-11-02,24.054,9.003,16.691,23.865,484.0
1990-11-03,22.929,8.032,17.344,23.278,520.9
1990-11-04,20.77,7.148,17.028,22.031,465.6
1990-11-05,31.808,9.576,16.139,24.222,576.3
1990-11-06,0.0,9.574,16.941,24.802,472.8
1990-11-07,0.0,11.475,15.497,26.163,379.1
1990-11-08,9.829,9.898,17.646,25.767,382.1
1990-11-09,12.639,9.902,17.479,25.653,360.7
1990-11-10,16.019,7.603,17.823,23.253,323.6
1990-11-11,0.757,9.431,16.354,24.33,282.6
1990-11-12,2.723,8.541,16.774,23.559,250.1
1990-11-13,0.0,10.291,17.083,25.969,277.9
1990-11-14,0.0,10.638,16.417,25.958,395.0
1990-11-15,0.0,8.951,16.656,24.028,227.7
1990-11-16,3.624,10.03,15.635,24.649,205.4
1990-11-17,3.813,9.124,17.51,24.896,241.1
1990-11-18,3.624,6.378,17.226,21.503,375.2
1990-11-19,3.624,8.303,17.139,23.698,266.1
1990-11-20,22.353,8.079,17.49,23.712,301.1
1990-11-21,3.559,5.991,18.118,21.868,301.2
1990-11-22,2.57,7.98,16.774,23.062,245.1
1990-11-23,80.307,8.451,15.642,22.816,284.2
1990-11-24,1.267,5.395,18.049,21.26,269.3
1990-11-25,0.0,9.442,16.865,24.965,249.5
1990-11-26,3.834,8.815,17.812,24.906,313.3
1990-11-27,0.0,8.913,16.5,24.101,272.0
1990-11-28,6.235,10.256,16.615,25.847,223.5
1990-11-29,46.251,7.872,16.434,22.788,304.1
1990-11-30,1.241,8.674,16.965,24.163,321.0
1990-12-01,2.523,9.167,17.854,25.434,230.0
1990-12-02,25.433,7.489,18.427,23.885,415.3
1990-12-03,33.56,7.321,17.122,22.663,461.6
1990-12-04,4.166,6.854,17.264,22.233,296.1
1990-12-05,26.121,5.695,17.205,20.913,326.9
1990-12-06,20.84,7.208,16.934,22.396,303.0
1990-12-07,27.17,8.133,16.368,23.142,270.5
1990-12-08,9.648,6.008,16.934,21.014,313.1
1990-12-09,0.0,9.087,14.653,23.128,275.5
1990-12-10,7.517,7.169,16.49,22.024,339.1
1990-12-11,1.059,6.926,16.712,21.944,350.0
1990-12-12,0.0,10.088,15.222,24.872,300.7
1990-12-13,0.0,9.715,16.667,25.406,250.7
1990-12-14,0.0,9.808,16.573,25.472,221.2
1990-12-15,0.0,10.603,14.771,25.229,203.7
1990-12-16,0.0,10.634,15.653,25.868,186.3
1990-12-17,0.357,10.548,16.108,26.059,177.7
1990-12-18,1.086,10.592,15.101,25.431,175.4
1990-12-19,10.346,9.498,16.226,24.795,191.1
1990-12-20,9.545,10.628,16.733,26.597,181.9
1990-12-21,20.723,10.68,15.722,25.993,294.9
1990-12-22,0.0,9.717,15.51,24.566,225.3
1990-12-23,0.0,10.042,15.701,25.135,230.3
1990-12-24,10.686,7.281,16.545,22.229,411.4
1990-12-25,0.845,8.769,16.365,23.983,293.5
1990-12-26,1.87,7.873,16.403,22.854,317.9
1990-12-27,13.554,9.053,16.431,24.33,334.1
1990-12-28,2.858,7.793,15.274,21.868,301.1
1990-12-29,3.62,9.877,15.667,24.823,242.3
1990-12-30,13.661,8.359,16.41,23.431,236.1
1990-12-31,1.215,9.267,16.306,24.514,226.5
1991-01-01,39.72,8.264,17.083,23.785,239.2
1991-01-02,4.368,8.704,16.635,24.031,290.0
1991-01-03,0.399,8.422,17.128,24.003,237.6
1991-01-04,0.0,7.364,18.049,23.451,243.4
1991-01-05,0.0,9.727,17.837,26.139,287.6
1991-01-06,7.584,9.354,17.153,25.149,350.4
1991-01-07,24.719,9.768,16.41,25.115,336.4
1991-01-08,0.0,9.571,17.281,25.51,240.7
1991-01-09,0.462,10.704,17.309,26.917,334.2
1991-01-10,0.281,11.912,15.0,26.878,275.4
1991-01-11,1.422,7.667,19.021,24.476,240.6
1991-01-12,4.158,8.707,17.128,24.226,256.2
1991-01-13,18.928,9.718,16.038,24.688,194.0
1991-01-14,8.092,9.056,17.101,24.608,217.0
1991-01-15,0.666,8.735,17.354,24.396,181.4
1991-01-16,12.137,9.062,16.153,23.865,189.4
1991-01-17,3.169,9.637,16.594,24.899,185.0
1991-01-18,0.0,9.239,17.604,25.135,162.5
1991-01-19,3.311,9.238,17.448,25.014,183.5
1991-01-20,0.0,9.214,16.399,24.184,194.3
1991-01-21,0.0,9.56,17.281,25.243,155.0
1991-01-22,5.222,10.548,17.25,26.392,138.5
1991-01-23,0.0,12.52,14.361,26.92,129.5
1991-01-24,0.0,12.712,14.135,26.976,123.4
1991-01-25,0.0,13.453,14.153,27.906,116.3
1991-01-26,0.0,12.51,14.576,26.955,112.4
1991-01-27,0.0,11.285,15.378,25.885,108.5
1991-01-28,0.0,13.128,15.191,28.049,104.6
1991-01-29,1.362,13.649,15.243,28.701,107.8
1991-01-30,0.0,13.798,14.444,28.354,109.8
1991-01-31,0.143,11.706,16.337,26.934,155.3
1991-02-01,0.0,11.067,17.809,27.153,103.3
1991-02-02,0.0,10.507,18.059,26.632,102.6
1991-02-03,17.305,8.027,17.108,22.993,105.2
1991-02-04,0.0,8.972,16.472,23.604,140.7
1991-02-05,0.0,10.067,17.097,25.389,105.2
1991-02-06,1.324,10.953,17.33,26.528,240.3
1991-02-07,0.0,10.658,17.243,26.108,142.9
1991-02-08,0.0,8.42,16.753,23.163,148.2
1991-02-09,0.0,11.02,16.667,26.076,135.1
1991-02-10,0.0,10.396,17.285,25.792,153.7
1991-02-11,0.0,11.684,16.01,26.42,126.2
1991-02-12,25.29,10.518,17.84,26.267,126.4
1991-02-13,5.697,10.144,17.229,25.368,177.1
1991-02-14,13.77,12.149,16.576,27.226,132.1
1991-02-15,8.511,11.222,17.128,26.49,163.7
1991-02-16,48.234,8.845,17.691,24.201,348.9
1991-02-17,0.4,11.356,16.91,26.448,156.3
1991-02-18,31.28,10.933,16.774,25.854,284.8
1991-02-19,0.176,10.178,17.677,25.58,177.4
1991-02-20,5.495,8.331,18.111,23.844,190.3
1991-02-21,0.0,9.586,17.448,24.681,287.6
1991-02-22,0.0,11.656,17.389,27.01,183.2
1991-02-23,0.903,11.088,18.188,26.906,154.1
1991-02-24,0.0,10.825,17.545,26.108,135.7
1991-02-25,0.0,13.374,16.684,28.455,123.3
1991-02-26,0.0,11.307,17.622,26.667,116.8
1991-02-27,0.0,11.974,17.007,27.007,114.5
1991-02-28,5.465,12.845,17.656,28.417,144.5
1991-03-01,21.539,12.765,16.75,27.701,117.2
1991-03-02,9.329,8.865,16.424,22.948,113.9
1991-03-03,30.277,9.991,17.056,24.694,158.1
1991-03-04,3.289,7.658,17.889,22.788,122.1
1991-03-05,2.417,8.179,18.08,23.517,166.8
1991-03-06,1.266,9.408,17.115,24.076,182.6
1991-03-07,26.411,8.635,18.035,23.882,332.1
1991-03-08,8.332,9.29,17.917,24.507,182.9
1991-03-09,12.288,8.622,17.556,23.483,188.3
1991-03-10,5.535,8.502,17.08,22.979,157.5
1991-03-11,0.0,8.667,17.743,23.712,164.1
1991-03-12,18.802,9.402,17.385,24.194,293.1
1991-03-13,3.455,11.065,17.066,25.771,182.3
1991-03-14,21.273,12.127,16.826,26.781,205.1
1991-03-15,0.0,13.382,15.899,27.576,156.4
1991-03-16,9.079,12.078,17.149,26.962,193.6
1991-03-17,6.974,11.232,18.097,26.663,191.8
1991-03-18,0.0,11.679,17.465,26.698,149.4
1991-03-19,0.0,12.042,17.684,27.267,135.5
1991-03-20,0.0,11.361,18.038,26.753,126.1
1991-03-21,0.0,13.853,17.094,28.865,120.2
1991-03-22,0.0,12.323,16.757,26.927,116.3
1991-03-23,14.83,13.242,16.115,27.49,148.2
1991-03-24,23.463,12.019,16.75,26.5,233.2
1991-03-25,7.296,10.054,17.736,25.035,293.6
1991-03-26,45.238,9.062,17.934,24.115,329.9
1991-03-27,0.0,7.374,17.434,22.049,211.8
1991-03-28,1.362,7.321,17.132,21.719,214.4
1991-03-29,1.602,11.35,15.962,25.215,171.4
1991-03-30,0.0,10.901,16.288,24.906,153.1
1991-03-31,16.235,9.695,16.26,23.545,160.1
1991-04-01,0.0,9.633,15.823,23.149,153.0
1991-04-02,0.0,9.548,17.028,23.962,139.7
1991-04-03,0.0,10.881,17.115,25.476,132.3
1991-04-04,22.246,11.848,17.003,26.503,159.2
1991-04-05,5.299,12.579,16.781,27.163,155.6
1991-04-06,8.774,10.397,16.566,24.538,212.9
1991-04-07,6.554,10.817,17.024,25.385,137.3
1991-04-08,11.442,10.429,17.441,25.215,157.1
1991-04-09,23.653,9.565,17.33,24.215,330.4
1991-04-10,0.529,9.338,17.319,23.958,176.9
1991-04-11,23.452,9.561,17.931,24.691,185.7
1991-04-12,4.259,10.39,16.115,24.264,155.7
1991-04-13,29.118,7.944,16.628,21.986,243.0
1991-04-14,0.453,9.46,16.917,23.854,171.8
1991-04-15,6.891,7.822,17.455,22.538,217.7
1991-04-16,9.329,11.329,16.441,25.587,167.1
1991-04-17,12.357,9.321,18.066,24.58,180.4
1991-04-18,23.219,11.265,16.184,25.33,222.6
1991-04-19,10.387,10.072,17.76,25.163,223.1
1991-04-20,4.751,9.989,18.181,25.396,161.0
1991-04-21,11.118,10.42,18.003,25.74,152.0
1991-04-22,3.866,10.431,17.694,25.514,137.7
1991-04-23,2.195,10.958,17.007,25.618,152.0
1991-04-24,2.377,12.219,16.917,27.042,148.6
1991-04-25,0.0,12.348,18.031,27.938,131.3
1991-04-26,4.738,12.275,15.847,26.368,123.8
1991-04-27,23.784,10.574,16.854,25.139,120.9
1991-04-28,25.966,10.174,17.944,25.483,147.2
1991-04-29,26.238,10.885,17.847,26.212,201.7
1991-04-30,19.676,10.32,17.212,25.163,266.2
1991-05-01,13.228,12.472,17.031,27.462,281.0
1991-05-02,24.007,9.296,19.056,25.434,476.3
1991-05-03,11.746,11.23,16.083,25.41,319.4
1991-05-04,15.608,9.886,17.708,25.059,546.6
1991-05-05,13.676,8.803,17.75,23.941,791.5
1991-05-06,0.0,10.47,17.625,25.684,392.6
1991-05-07,7.731,10.098,17.76,25.368,309.3
1991-05-08,0.972,11.893,17.892,27.538,244.0
1991-05-09,4.773,11.405,17.979,27.045,214.3
1991-05-10,15.333,10.507,18.372,26.344,187.8
1991-05-11,4.518,9.891,18.208,25.542,253.0
1991-05-12,2.685,10.718,16.958,25.635,268.3
1991-05-13,23.653,10.497,17.347,25.604,280.3
1991-05-14,0.526,10.445,17.649,25.788,206.2
1991-05-15,0.982,9.856,18.184,25.524,186.1
1991-05-16,20.36,9.943,17.656,25.24,204.2
1991-05-17,17.08,7.377,18.198,22.892,274.3
1991-05-18,8.889,7.649,17.312,22.573,314.8
1991-05-19,33.943,7.716,17.587,22.806,443.7
1991-05-20,14.092,9.267,16.625,23.802,369.6
1991-05-21,16.708,8.596,16.694,23.097,305.5
1991-05-22,0.774,7.884,17.656,23.049,319.0
1991-05-23,9.126,9.808,16.566,24.396,259.0
1991-05-24,16.672,8.817,16.264,23.038,274.6
1991-05-25,1.44,11.788,14.941,25.674,233.7
1991-05-26,2.318,11.252,15.83,25.622,203.0
1991-05-27,19.507,10.862,17.559,26.389,318.2
1991-05-28,0.466,10.498,16.997,25.552,216.5
1991-05-29,17.409,10.984,17.389,26.413,190.6
1991-05-30,10.673,9.969,17.854,25.583,183.0
1991-05-31,15.206,9.437,17.535,24.75,291.4
1991-06-01,5.996,9.168,17.438,24.41,259.8
1991-06-02,12.63,9.711,17.344,24.972,269.2
1991-06-03,14.515,10.361,17.385,25.747,335.2
1991-06-04,0.31,11.327,17.628,27.062,234.7
1991-06-05,12.092,10.099,17.073,25.247,272.3
1991-06-06,2.513,7.934,16.448,22.288,331.6
1991-06-07,15.097,9.88,16.257,24.403,239.6
1991-06-08,0.353,9.742,16.549,24.462,214.9
1991-06-09,0.45,12.088,15.573,26.604,190.6
1991-06-10,0.0,10.92,16.646,25.938,173.3
1991-06-11,9.864,11.904,16.681,27.17,159.8
1991-06-12,0.0,13.07,15.392,27.719,156.9
1991-06-13,0.0,10.97,16.319,25.788,140.0
1991-06-14,18.978,9.156,17.215,24.33,140.0
1991-06-15,10.226,7.231,17.108,22.083,207.6
1991-06-16,8.047,9.62,16.681,24.455,324.0
1991-06-17,8.411,8.016,16.958,22.844,186.2
1991-06-18,6.049,10.174,17.479,25.684,212.7
1991-06-19,12.939,9.231,16.962,24.198,163.2
1991-06-20,6.272,9.899,17.205,25.194,155.6
1991-06-21,17.994,9.479,17.354,24.781,203.9
1991-06-22,9.629,10.296,16.885,25.431,150.1
1991-06-23,9.066,10.902,16.559,25.934,296.5
1991-06-24,9.07,10.718,16.17,25.438,193.1
1991-06-25,8.827,9.385,16.653,24.177,163.8
1991-06-26,11.023,11.977,15.545,26.528,212.8
1991-06-27,15.139,11.215,15.615,25.635,300.6
1991-06-28,14.802,9.577,16.233,24.111,247.2
1991-06-29,15.92,8.54,17.288,23.67,284.0
1991-06-30,0.0,9.684,16.413,24.333,210.9
1991-07-01,3.069,9.209,16.604,23.906,179.4
1991-07-02,3.861,11.007,16.056,25.66,161.1
1991-07-03,4.0,11.587,15.309,25.858,148.6
1991-07-04,5.768,10.446,15.663,24.684,139.9
1991-07-05,8.838,8.819,17.149,23.819,164.3
1991-07-06,13.823,11.438,15.073,25.497,163.1
1991-07-07,8.063,8.452,15.441,22.16,163.0
1991-07-08,7.867,11.007,15.854,25.49,140.0
1991-07-09,6.526,10.095,15.788,24.351,187.0
1991-07-10,6.798,11.567,16.389,26.528,140.0
1991-07-11,2.127,10.502,15.458,24.576,126.7
1991-07-12,3.211,11.625,15.507,25.993,140.1
1991-07-13,1.562,12.196,13.712,25.507,116.3
1991-07-14,1.062,11.837,15.934,26.517,112.4
1991-07-15,1.018,12.034,15.715,26.566,107.2
1991-07-16,0.094,11.612,16.681,26.712,104.6
1991-07-17,0.094,12.975,14.799,27.094,99.4
1991-07-18,1.514,12.092,15.865,26.722,96.1
1991-07-19,0.094,12.922,15.483,27.462,93.6
1991-07-20,0.094,11.346,15.212,25.333,93.6
1991-07-21,0.031,11.768,14.927,25.649,89.0
1991-07-22,0.031,11.723,15.378,25.892,86.0
1991-07-23,0.031,13.027,14.288,26.747,85.0
1991-07-24,0.031,10.821,15.462,24.826,83.0
1991-07-25,1.024,13.142,15.285,27.493,81.5
1991-07-26,10.588,13.001,14.927,27.059,80.0
1991-07-27,8.55,11.162,16.135,25.667,79.0
1991-07-28,8.55,11.678,15.441,25.792,77.0
1991-07-29,11.013,12.981,14.257,26.576,85.0
1991-07-30,11.384,11.118,15.059,24.851,123.2
1991-07-31,16.248,10.01,15.611,23.903,163.5
1991-08-01,6.984,7.801,15.649,21.365,289.6
1991-08-02,4.78,12.831,14.122,26.267,142.5
1991-08-03,2.086,12.016,15.566,26.205,142.0
1991-08-04,2.086,13.253,14.736,27.122,109.7
1991-08-05,2.086,10.991,15.493,24.931,103.3
1991-08-06,0.083,13.265,14.816,27.153,99.4
1991-08-07,0.758,13.003,14.792,26.819,94.2
1991-08-08,22.433,13.036,15.413,27.219,158.2
1991-08-09,25.295,12.002,14.736,25.587,360.4
1991-08-10,34.641,12.2,15.524,26.312,260.6
1991-08-11,0.0,13.106,14.809,26.899,162.8
1991-08-12,0.0,13.865,14.403,27.524,144.8
1991-08-13,0.0,13.515,14.569,27.198,125.4
1991-08-14,0.0,13.583,14.819,27.424,120.2
1991-08-15,0.0,13.373,14.615,27.038,116.3
1991-08-16,0.312,13.169,14.795,26.882,107.8
1991-08-17,0.312,13.169,13.906,26.295,101.3
1991-08-18,0.864,13.079,14.25,26.385,96.8
1991-08-19,0.457,12.048,14.476,25.274,93.6
1991-08-20,1.001,14.094,13.913,27.375,89.0
1991-08-21,0.966,13.532,14.292,26.917,88.0
1991-08-22,0.078,14.015,14.146,27.389,85.5
1991-08-23,0.012,13.984,14.514,27.58,84.0
1991-08-24,0.012,12.758,14.656,26.198,82.5
1991-08-25,0.012,14.542,13.865,27.812,81.5
1991-08-26,0.0,13.471,13.938,26.556,79.0
1991-08-27,2.096,13.054,15.014,26.764,78.0
1991-08-28,0.085,12.405,15.875,26.58,88.9
1991-08-29,0.0,13.285,13.979,26.34,78.0
1991-08-30,0.0,14.828,14.844,28.694,75.0
1991-08-31,0.0,14.258,14.899,28.066,75.0
1991-09-01,9.746,13.299,16.549,28.021,79.5
1991-09-02,0.0,15.648,14.458,29.392,74.5
1991-09-03,0.0,13.215,14.576,26.601,69.0
1991-09-04,4.338,11.425,16.778,25.986,87.0
1991-09-05,1.665,13.816,15.569,27.955,76.0
1991-09-06,2.23,12.862,16.705,27.597,70.0
1991-09-07,2.095,14.093,16.406,28.781,68.1
1991-09-08,0.927,14.627,15.611,28.896,116.0
1991-09-09,0.927,15.031,16.497,29.969,86.6
1991-09-10,0.927,14.492,16.108,29.094,69.0
1991-09-11,2.694,13.283,16.122,27.691,67.2
1991-09-12,2.694,16.226,14.809,30.278,65.4
1991-09-13,2.694,15.264,14.628,29.049,63.6
1991-09-14,5.673,13.509,15.861,27.816,69.3
1991-09-15,8.449,11.796,15.76,25.722,106.5
1991-09-16,6.073,10.141,16.556,24.403,123.2
1991-09-17,4.634,10.443,16.549,24.76,125.8
1991-09-18,6.018,10.873,17.139,25.67,95.5
1991-09-19,81.546,10.17,16.858,24.656,359.6
1991-09-20,5.696,9.197,16.34,23.205,196.3
1991-09-21,16.996,8.994,15.931,22.681,174.7
1991-09-22,14.632,10.15,15.562,23.743,124.1
1991-09-23,18.027,10.846,15.524,24.521,199.9
1991-09-24,19.338,8.325,17.108,22.865,245.6
1991-09-25,18.204,11.789,15.0,25.323,172.9
1991-09-26,28.44,9.277,16.042,23.125,276.8
1991-09-27,15.754,11.241,16.16,25.462,186.9
1991-09-28,14.13,12.802,15.677,26.955,166.3
1991-09-29,15.387,12.193,15.806,26.417,295.5
1991-09-30,15.356,10.265,17.208,25.132,332.5
1991-10-01,11.893,11.627,15.861,25.785,326.6
1991-10-02,32.044,11.644,16.549,26.264,357.2
1991-10-03,16.954,11.442,16.24,25.826,443.8
1991-10-04,3.114,11.845,16.448,26.503,250.6
1991-10-05,24.772,11.745,16.288,26.274,212.4
1991-10-06,19.335,9.677,16.781,24.219,215.3
1991-10-07,7.736,9.995,16.42,24.365,290.1
1991-10-08,35.14,9.115,16.736,23.59,241.1
1991-10-09,32.66,7.144,17.097,21.75,325.1
1991-10-10,0.0,8.904,16.618,23.274,226.7
1991-10-11,3.389,10.099,15.823,24.066,200.6
1991-10-12,21.137,10.493,15.26,24.163,290.0
1991-10-13,24.801,11.08,16.691,25.889,402.3
1991-10-14,22.65,9.667,16.997,24.545,260.4
1991-10-15,0.0,9.79,16.056,23.976,218.2
1991-10-16,4.286,9.654,16.146,23.896,209.4
1991-10-17,5.06,9.212,17.049,24.035,202.6
1991-10-18,3.818,8.015,17.292,22.91,217.0
1991-10-19,2.829,10.229,14.931,23.771,184.6
1991-10-20,2.829,12.222,14.351,25.84,166.7
1991-10-21,0.0,13.997,14.257,27.993,152.8
1991-10-22,0.0,13.564,14.128,27.406,147.2
1991-10-23,0.0,12.341,15.17,26.611,141.4
1991-10-24,5.902,11.524,15.844,26.08,131.7
1991-10-25,1.416,9.931,17.503,25.399,133.5
1991-10-26,13.569,8.684,16.132,22.91,159.5
1991-10-27,12.948,9.025,15.267,22.719,144.4
1991-10-28,14.55,9.519,15.781,23.712,140.2
1991-10-29,13.623,11.754,16.656,27.069,140.3
1991-10-30,14.594,9.25,16.997,24.302,248.4
1991-10-31,10.8,9.15,16.771,24.035,171.4
1991-11-01,2.917,11.094,16.0,25.865,228.4
1991-11-02,37.466,10.665,17.115,26.128,170.2
1991-11-03,4.13,9.912,16.417,24.788,330.8
1991-11-04,0.912,5.832,17.073,20.628,336.1
1991-11-05,2.172,8.231,17.385,23.545,367.0
1991-11-06,1.767,7.253,17.139,22.264,285.1
1991-11-07,9.11,7.981,17.007,22.99,337.5
1991-11-08,0.971,8.401,15.191,22.156,278.5
1991-11-09,51.15,8.802,15.58,22.917,413.4
1991-11-10,10.874,7.354,16.653,22.069,317.1
1991-11-11,0.349,9.439,16.514,24.448,257.1
1991-11-12,3.42,8.676,17.083,23.958,225.6
1991-11-13,34.988,6.953,16.858,21.767,298.7
1991-11-14,45.4,6.663,16.562,21.233,540.0
1991-11-15,22.412,8.495,16.913,23.653,480.6
1991-11-16,8.157,5.771,17.188,20.806,400.7
1991-11-17,25.498,7.993,17.323,23.417,425.0
1991-11-18,8.32,9.256,16.785,24.559,439.6
1991-11-19,13.23,8.947,16.51,23.979,418.8
1991-11-20,7.887,11.592,14.219,25.788,331.7
1991-11-21,20.744,9.343,16.542,24.58,473.9
1991-11-22,3.617,10.215,16.146,25.354,300.2
1991-11-23,3.47,7.941,17.576,23.639,312.6
1991-11-24,26.87,6.97,17.958,22.844,369.9
1991-11-25,38.177,7.796,17.226,23.212,317.1
1991-11-26,4.282,6.76,17.594,22.316,325.0
1991-11-27,0.0,10.294,16.562,25.854,240.6
1991-11-28,0.0,7.998,17.875,23.993,299.1
1991-11-29,0.0,8.288,17.743,24.257,250.5
1991-11-30,0.0,8.021,17.444,23.715,206.4
1991-12-01,0.0,10.206,16.729,25.92,191.3
1991-12-02,4.653,9.653,16.649,25.184,287.1
1991-12-03,0.0,8.712,16.497,23.875,285.8
1991-12-04,1.696,9.953,16.33,25.396,194.9
1991-12-05,33.209,7.176,16.788,22.25,260.3
1991-12-06,2.245,9.267,16.792,24.865,232.2
1991-12-07,0.0,7.99,18.285,24.42,222.2
1991-12-08,0.0,9.33,18.319,26.045,313.6
1991-12-09,0.0,6.175,18.233,22.288,659.5
1991-12-10,1.876,7.885,17.278,23.524,408.7
1991-12-11,21.32,9.939,17.181,26.0,404.1
1991-12-12,3.483,9.976,18.372,26.917,324.5
1991-12-13,48.626,8.065,18.149,24.413,387.2
1991-12-14,12.898,6.562,17.701,22.288,444.9
1991-12-15,1.466,6.441,17.84,22.271,405.8
1991-12-16,6.737,7.012,17.326,22.517,346.2
1991-12-17,43.023,5.222,17.226,20.472,408.1
1991-12-18,0.0,8.861,15.549,23.507,334.7
1991-12-19,0.0,9.013,16.819,24.611,288.9
1991-12-20,0.0,7.582,17.153,23.069,282.1
1991-12-21,8.009,8.297,17.087,23.885,293.9
1991-12-22,0.0,8.159,17.194,23.799,258.5
1991-12-23,0.0,8.278,17.156,23.934,228.9
1991-12-24,0.0,8.175,17.278,23.868,217.8
1991-12-25,0.0,8.11,16.528,23.247,207.1
1991-12-26,0.0,9.341,14.816,23.573,238.6
1991-12-27,0.0,10.732,15.465,25.851,222.0
1991-12-28,27.634,10.073,15.639,25.094,403.9
1991-12-29,44.958,8.308,17.115,23.896,437.6
1991-12-30,0.471,9.838,16.569,25.441,435.0
1991-12-31,0.0,11.498,15.222,26.66,325.9
1992-01-01,0.0,9.401,15.0,23.726,274.1
1992-01-02,1.128,8.949,15.694,23.618,363.1
1992-01-03,28.14,9.013,16.198,24.038,493.5
1992-01-04,1.025,9.002,16.208,24.059,348.4
1992-01-05,32.835,7.314,16.913,22.573,422.2
1992-01-06,10.514,7.332,16.931,22.51,313.8
1992-01-07,20.607,10.242,15.465,25.09,268.6
1992-01-08,4.85,9.533,15.875,24.438,267.3
1992-01-09,0.0,10.488,16.024,25.74,220.4
1992-01-10,0.0,10.166,15.812,25.177,202.6
1992-01-11,0.0,11.891,14.517,26.503,186.3
1992-01-12,0.0,8.723,17.451,24.517,267.4
1992-01-13,0.0,8.969,17.281,24.656,206.1
1992-01-14,18.696,8.518,17.396,24.188,213.4
1992-01-15,0.0,7.862,17.292,23.274,196.2
1992-01-16,0.0,8.174,17.708,23.979,195.5
1992-01-17,0.0,9.973,16.146,25.059,175.1
1992-01-18,0.0,11.685,14.191,25.851,162.5
1992-01-19,0.0,11.675,14.49,25.997,152.6
1992-01-20,0.0,12.706,14.691,27.448,146.2
1992-01-21,0.873,10.648,16.628,26.122,158.8
1992-01-22,0.0,11.101,16.472,26.545,148.7
1992-01-23,30.847,12.258,15.556,27.344,213.9
1992-01-24,8.821,8.432,17.049,23.625,173.2
1992-01-25,21.758,8.368,17.424,23.819,159.2
1992-01-26,0.0,9.633,16.281,24.49,152.2
1992-01-27,0.0,8.185,18.0,24.007,142.3
1992-01-28,0.0,8.729,16.778,23.691,143.6
1992-01-29,5.38,6.944,17.545,22.229,160.9
1992-01-30,0.0,7.903,18.306,23.892,152.3
1992-01-31,42.616,9.231,17.517,24.785,171.0
1992-02-01,0.831,8.005,16.812,22.806,153.4
1992-02-02,0.072,10.717,15.837,25.34,143.1
1992-02-03,0.106,11.099,16.92,26.521,133.2
1992-02-04,0.249,10.443,16.549,25.441,126.1
1992-02-05,0.072,10.7,18.361,27.028,119.5
1992-02-06,0.0,9.533,17.764,25.184,113.7
1992-02-07,0.0,9.878,16.847,24.917,107.9
1992-02-08,0.0,11.175,16.868,26.462,103.8
1992-02-09,0.719,10.085,16.622,24.965,212.9
1992-02-10,30.76,9.371,16.056,23.663,135.1
1992-02-11,3.188,6.823,17.156,21.604,122.9
1992-02-12,0.0,9.27,14.507,22.354,116.1
1992-02-13,0.0,8.76,15.771,22.67,133.5
1992-02-14,0.0,11.577,16.007,26.184,131.5
1992-02-15,0.0,11.386,15.885,25.851,114.5
1992-02-16,0.0,9.638,16.309,24.049,115.6
1992-02-17,10.735,10.024,17.184,25.073,180.5
1992-02-18,0.0,9.806,16.49,24.323,126.2
1992-02-19,2.632,11.032,16.483,25.715,154.5
1992-02-20,84.463,8.717,16.931,23.337,219.2
1992-02-21,21.299,8.617,17.083,23.344,245.5
1992-02-22,0.0,10.231,16.924,25.035,187.5
1992-02-23,2.669,10.306,17.17,25.299,183.8
1992-02-24,0.0,10.877,15.788,24.924,155.7
1992-02-25,0.0,12.988,16.816,28.115,141.6
1992-02-26,0.0,10.264,17.538,25.458,131.7
1992-02-27,19.041,11.915,15.944,26.243,164.9
1992-02-28,3.371,12.586,16.267,27.184,175.3
1992-02-29,23.919,10.77,16.701,25.365,159.3
1992-03-01,20.766,10.921,17.486,26.08,160.7
1992-03-02,0.065,11.879,16.188,26.236,140.0
1992-03-03,3.043,13.167,16.868,28.184,128.9
1992-03-04,21.663,9.954,17.156,24.705,140.8
1992-03-05,1.721,11.212,17.524,26.368,159.7
1992-03-06,0.0,13.168,15.986,27.517,125.9
1992-03-07,50.563,10.755,17.014,25.486,219.5
1992-03-08,0.0,12.144,16.295,26.542,141.7
1992-03-09,18.516,11.585,16.385,25.924,204.9
1992-03-10,0.0,13.728,17.448,29.087,153.0
1992-03-11,2.933,13.129,17.812,28.639,142.7
1992-03-12,13.322,10.41,18.792,26.319,141.6
1992-03-13,0.751,10.584,18.021,25.948,168.0
1992-03-14,29.502,10.917,17.889,26.17,206.4
1992-03-15,15.182,10.409,17.552,25.368,188.2
1992-03-16,0.0,10.149,18.764,25.965,162.3
1992-03-17,7.262,11.859,19.167,28.111,190.9
1992-03-18,0.0,12.386,17.0,27.174,148.8
1992-03-19,0.0,13.849,17.295,28.997,137.0
1992-03-20,17.717,11.444,17.184,26.243,271.5
1992-03-21,0.0,8.846,17.438,23.531,164.0
1992-03-22,0.0,11.476,16.681,25.889,140.5
1992-03-23,0.0,13.528,17.646,28.854,133.1
1992-03-24,0.0,12.704,16.528,27.17,126.1
1992-03-25,3.589,10.508,16.906,24.948,137.2
1992-03-26,4.022,11.355,16.931,25.896,124.8
1992-03-27,0.0,11.126,17.354,25.938,116.6
1992-03-28,0.0,11.612,19.142,27.771,111.1
1992-03-29,1.244,12.625,17.517,27.701,118.8
1992-03-30,17.591,10.005,17.767,25.017,160.1
1992-03-31,23.357,7.798,16.872,21.955,141.0
1992-04-01,0.0,9.594,16.722,23.781,141.6
1992-04-02,0.0,11.71,16.556,26.007,128.9
1992-04-03,20.878,11.319,18.073,26.663,145.3
1992-04-04,0.403,11.702,16.837,26.229,134.0
1992-04-05,51.133,10.973,16.847,25.441,335.9
1992-04-06,9.928,13.562,15.299,27.33,241.2
1992-04-07,3.513,12.912,16.003,27.042,208.2
1992-04-08,0.0,14.183,16.219,28.632,154.7
1992-04-09,6.804,12.021,17.462,27.038,146.9
1992-04-10,0.542,11.962,17.361,26.889,132.5
1992-04-11,16.401,10.137,17.188,24.726,124.1
1992-04-12,23.664,10.648,17.795,25.757,181.5
1992-04-13,2.044,11.553,17.194,26.344,132.0
1992-04-14,25.921,11.748,16.719,26.267,166.4
1992-04-15,5.836,10.71,16.101,24.628,142.0
1992-04-16,13.308,7.937,17.201,22.431,137.3
1992-04-17,4.933,9.103,16.594,23.215,135.1
1992-04-18,2.483,10.661,16.441,24.872,133.5
1992-04-19,41.884,9.709,16.212,23.618,173.3
1992-04-20,0.0,12.339,16.99,27.163,135.5
1992-04-21,4.348,10.236,18.24,25.729,126.7
1992-04-22,6.873,8.1,18.299,23.514,145.0
1992-04-23,2.324,9.738,17.653,24.767,130.3
1992-04-24,11.332,8.542,17.219,23.153,133.2
1992-04-25,15.346,9.295,16.799,23.632,126.8
1992-04-26,24.284,7.792,18.104,23.069,115.0
1992-04-27,15.492,8.472,18.021,23.694,153.4
1992-04-28,4.277,8.802,17.677,23.802,134.2
1992-04-29,6.042,8.674,17.743,23.753,174.2
1992-04-30,4.506,9.222,17.326,24.045,212.6
1992-05-01,22.42,9.183,17.25,23.944,203.7
1992-05-02,23.553,11.895,16.382,26.41,309.4
1992-05-03,40.527,9.87,16.396,24.125,405.1
1992-05-04,2.561,9.072,16.42,23.205,241.8
1992-05-05,13.086,9.761,17.177,24.569,201.2
1992-05-06,15.498,9.709,16.84,24.299,272.9
1992-05-07,25.411,9.907,17.559,25.031,483.6
1992-05-08,3.286,8.646,16.917,23.156,335.0
1992-05-09,24.167,11.789,14.976,25.441,284.9
1992-05-10,0.0,12.612,16.125,27.198,209.5
1992-05-11,14.587,12.84,17.451,28.372,179.9
1992-05-12,29.654,11.279,17.757,26.799,248.6
1992-05-13,14.583,9.819,17.997,25.361,274.3
1992-05-14,0.545,10.447,18.535,26.462,207.3
1992-05-15,17.973,10.833,17.385,26.083,196.5
1992-05-16,9.696,7.758,17.062,22.399,182.8
1992-05-17,34.757,10.712,17.646,26.149,341.4
1992-05-18,9.202,11.263,16.653,26.094,282.6
1992-05-19,25.938,10.346,18.066,26.062,335.8
1992-05-20,13.315,11.264,16.653,26.125,287.1
1992-05-21,36.995,9.739,17.382,24.91,300.0
1992-05-22,36.981,8.282,17.358,23.309,399.9
1992-05-23,0.23,7.624,17.809,22.913,296.5
1992-05-24,34.688,9.04,17.861,24.483,530.6
1992-05-25,0.0,12.713,15.892,27.413,347.3
1992-05-26,1.738,11.661,16.924,26.903,290.7
1992-05-27,2.136,10.828,17.378,26.271,249.9
1992-05-28,15.48,10.001,17.236,25.191,289.8
1992-05-29,95.875,8.072,16.688,22.601,340.0
1992-05-30,2.535,9.585,17.024,24.583,267.1
1992-05-31,3.589,10.108,17.809,25.774,540.8
1992-06-01,14.923,11.51,16.274,26.33,349.2
1992-06-02,17.865,9.277,17.389,24.517,351.3
1992-06-03,14.458,10.316,16.688,25.226,376.6
1992-06-04,12.337,10.418,16.667,25.33,345.0
1992-06-05,11.894,11.795,15.309,26.056,270.1
1992-06-06,3.323,10.851,16.205,25.556,267.0
1992-06-07,3.882,10.98,15.809,25.431,227.4
1992-06-08,3.323,11.361,15.851,25.92,224.5
1992-06-09,13.162,9.406,16.885,24.337,257.1
1992-06-10,3.323,10.733,16.847,25.924,271.7
1992-06-11,0.053,12.381,16.184,27.392,209.0
1992-06-12,1.03,10.543,16.882,25.667,185.0
1992-06-13,0.107,10.974,16.556,25.958,170.8
1992-06-14,0.0,12.585,15.618,27.292,159.7
1992-06-15,0.0,13.162,16.448,28.538,148.3
1992-06-16,0.0,12.289,15.941,27.149,141.5
1992-06-17,0.0,12.523,15.885,27.417,139.3
1992-06-18,1.978,12.685,15.851,27.566,137.0
1992-06-19,0.525,8.971,17.382,24.236,138.4
1992-06-20,52.272,7.304,16.705,21.858,210.8
1992-06-21,1.533,11.35,17.406,27.028,147.1
1992-06-22,0.0,13.085,16.375,28.424,136.3
1992-06-23,0.0,13.755,14.889,28.285,129.5
1992-06-24,0.038,12.547,15.198,27.0,124.1
1992-06-25,0.0,12.6,15.552,27.288,118.9
1992-06-26,0.0,11.562,15.608,26.049,113.7
1992-06-27,8.304,10.518,16.16,25.194,136.7
1992-06-28,0.0,11.677,15.538,26.115,124.8
1992-06-29,0.802,10.932,16.823,26.128,114.0
1992-06-30,6.412,12.652,15.118,27.042,109.8
1992-07-01,0.0,11.005,17.257,26.521,107.2
1992-07-02,0.0,11.861,16.26,26.83,104.0
1992-07-03,0.0,9.465,16.278,23.938,99.4
1992-07-04,0.419,10.372,16.083,24.892,94.2
1992-07-05,0.0,13.142,14.479,27.215,90.3
1992-07-06,0.733,11.079,14.941,24.962,88.0
1992-07-07,0.0,12.619,14.562,26.59,86.5
1992-07-08,5.449,11.454,14.892,25.41,84.5
1992-07-09,0.972,12.409,14.944,26.549,82.0
1992-07-10,0.851,11.669,15.854,26.274,80.5
1992-07-11,14.59,11.553,14.469,25.174,79.5
1992-07-12,2.968,12.344,14.132,25.927,79.0
1992-07-13,40.369,9.377,14.997,22.837,195.1
1992-07-14,8.09,8.611,16.076,22.753,100.8
1992-07-15,13.548,11.304,14.191,24.653,165.6
1992-07-16,1.973,13.101,14.601,27.135,100.2
1992-07-17,0.243,12.671,15.128,26.951,97.6
1992-07-18,0.243,13.986,13.938,27.771,85.7
1992-07-19,0.243,12.302,15.083,26.42,81.6
1992-07-20,0.243,13.964,14.625,28.156,79.5
1992-07-21,6.304,11.065,14.587,24.552,78.5
1992-07-22,0.176,12.082,14.031,25.417,77.5
1992-07-23,0.0,11.963,15.101,25.972,76.0
1992-07-24,0.0,13.756,15.729,28.535,74.5
1992-07-25,0.363,12.152,13.899,25.382,72.5
1992-07-26,0.0,11.732,15.236,25.736,71.5
1992-07-27,0.0,12.353,15.347,26.569,70.5
1992-07-28,0.0,13.376,14.486,27.229,69.0
1992-07-29,0.0,12.705,14.483,26.368,73.0
1992-07-30,0.0,10.95,15.347,24.837,82.3
1992-07-31,11.907,13.274,14.799,27.26,83.0
1992-08-01,5.33,12.788,14.972,26.764,75.4
1992-08-02,0.191,12.581,15.0,26.514,72.2
1992-08-03,0.0,14.604,14.281,28.458,66.2
1992-08-04,0.0,13.14,14.785,27.014,65.0
1992-08-05,6.214,11.339,14.819,24.84,74.3
1992-08-06,1.732,11.84,15.969,26.198,64.6
1992-08-07,10.465,13.535,14.573,27.288,61.0
1992-08-08,7.034,12.906,15.691,27.25,66.5
1992-08-09,17.945,11.504,16.146,25.878,78.1
1992-08-10,23.821,10.038,15.965,24.035,89.4
1992-08-11,18.613,12.125,14.677,25.594,158.4
1992-08-12,0.0,12.728,15.493,26.882,86.7
1992-08-13,14.569,13.053,15.17,27.01,72.3
1992-08-14,12.394,12.626,15.736,26.84,69.6
1992-08-15,16.946,10.122,16.028,24.122,108.4
1992-08-16,8.944,10.944,14.892,24.33,208.4
1992-08-17,19.114,10.006,15.931,23.924,169.0
1992-08-18,0.0,13.079,15.194,27.028,123.2
1992-08-19,23.388,13.367,15.396,27.476,242.4
1992-08-20,14.722,13.324,15.229,27.312,266.7
1992-08-21,0.0,14.303,14.767,28.135,121.5
1992-08-22,9.988,12.859,15.493,26.903,205.2
1992-08-23,3.253,13.149,14.726,26.698,132.6
1992-08-24,16.062,13.654,15.625,27.896,113.2
1992-08-25,0.0,14.001,14.358,27.469,101.5
1992-08-26,0.0,13.129,13.469,25.851,93.1
1992-08-27,12.173,13.467,14.604,26.99,93.6
1992-08-28,6.931,14.118,15.142,28.056,87.6
1992-08-29,24.435,12.957,16.073,27.316,119.4
1992-08-30,25.754,12.514,15.986,26.75,155.6
1992-08-31,28.383,11.138,15.715,24.986,205.5
1992-09-01,3.094,12.633,16.524,27.226,165.9
1992-09-02,0.178,13.095,15.295,26.958,128.3
1992-09-03,22.696,13.299,16.309,27.861,224.8
1992-09-04,20.465,12.822,16.174,27.229,168.6
1992-09-05,1.53,13.045,16.531,27.74,146.4
1992-09-06,0.535,11.746,16.41,26.139,132.2
1992-09-07,22.191,11.478,15.861,25.41,172.9
1992-09-08,0.12,10.844,15.958,24.774,120.9
1992-09-09,5.641,12.268,15.965,26.476,107.8
1992-09-10,9.071,12.39,16.431,26.878,125.9
1992-09-11,0.0,14.398,15.476,28.583,105.9
1992-09-12,0.0,14.683,15.764,29.115,96.3
1992-09-13,27.824,11.288,16.476,25.642,172.0
1992-09-14,11.964,8.889,16.0,22.604,123.4
1992-09-15,41.788,9.262,16.073,23.056,218.5
1992-09-16,3.378,9.387,16.243,23.309,182.4
1992-09-17,13.8,11.901,15.955,26.038,287.4
1992-09-18,28.329,10.873,16.028,24.885,279.3
1992-09-19,18.235,11.565,15.035,25.01,315.5
1992-09-20,1.084,12.56,16.281,27.052,218.2
1992-09-21,38.882,10.648,14.396,23.556,222.7
1992-09-22,7.578,8.795,15.597,22.233,196.5
1992-09-23,11.827,10.899,14.681,23.965,254.6
1992-09-24,8.8,7.949,15.906,21.545,300.4
1992-09-25,4.606,9.977,15.257,23.361,220.1
1992-09-26,10.214,11.302,15.941,25.382,217.8
1992-09-27,31.235,9.598,16.431,23.743,342.6
1992-09-28,6.772,9.999,15.462,23.542,250.4
1992-09-29,9.655,11.14,15.017,24.583,204.2
1992-09-30,0.0,11.644,14.681,25.003,176.8
1992-10-01,12.625,10.324,16.184,24.514,189.4
1992-10-02,21.761,8.528,16.399,22.611,184.9
1992-10-03,14.386,10.858,16.188,25.122,149.5
1992-10-04,4.157,10.883,16.58,25.51,146.8
1992-10-05,21.871,11.299,15.639,25.323,249.6
1992-10-06,3.727,10.544,15.646,24.434,176.3
1992-10-07,3.252,11.187,15.611,25.181,149.5
1992-10-08,28.676,9.975,15.625,23.757,177.7
1992-10-09,0.0,11.092,16.677,25.851,154.6
1992-10-10,21.615,9.603,17.142,24.472,176.7
1992-10-11,15.464,9.745,16.59,24.271,266.8
1992-10-12,31.154,7.828,15.986,21.632,397.5
1992-10-13,0.113,11.265,15.271,25.174,223.0
1992-10-14,0.0,12.147,15.455,26.385,183.9
1992-10-15,0.0,12.708,14.799,26.646,161.7
1992-10-16,6.166,13.163,14.694,27.118,149.3
1992-10-17,6.08,11.784,16.705,26.858,153.8
1992-10-18,13.528,10.265,16.965,25.285,132.6
1992-10-19,16.222,10.156,17.691,25.663,189.2
1992-10-20,1.819,10.569,16.823,25.552,140.4
1992-10-21,0.559,11.846,16.795,27.09,124.2
1992-10-22,3.324,12.18,16.059,26.976,121.4
1992-10-23,14.985,9.67,16.399,24.243,118.8
1992-10-24,2.391,8.602,17.583,23.913,124.8
1992-10-25,0.0,9.903,16.5,24.656,117.4
1992-10-26,8.566,12.151,16.438,27.347,118.4
1992-10-27,17.816,11.441,16.809,26.795,228.5
1992-10-28,7.918,10.507,17.514,26.177,135.8
1992-10-29,25.219,10.27,17.066,25.587,155.6
1992-10-30,23.401,10.113,17.115,25.438,330.9
1992-10-31,11.997,11.596,16.733,27.017,307.4
1992-11-01,21.798,11.794,17.587,27.882,255.3
1992-11-02,12.96,10.157,17.08,25.608,224.4
1992-11-03,46.467,10.405,17.26,25.99,404.1
1992-11-04,1.547,11.575,17.253,27.441,264.1
1992-11-05,20.167,10.656,16.413,25.729,368.9
1992-11-06,18.996,8.134,15.965,22.392,236.3
1992-11-07,5.898,9.624,16.74,24.767,208.0
1992-11-08,0.0,10.715,16.49,25.969,178.0
1992-11-09,2.944,9.334,18.059,25.438,159.7
1992-11-10,13.406,10.399,17.149,26.056,162.1
1992-11-11,18.635,9.859,17.365,25.604,186.6
1992-11-12,16.654,9.626,17.097,25.139,203.3
1992-11-13,19.354,8.642,16.288,23.375,204.1
1992-11-14,0.0,7.885,17.097,23.118,170.5
1992-11-15,4.638,7.623,17.389,23.017,172.1
1992-11-16,0.0,8.265,16.562,23.184,151.3
1992-11-17,22.727,7.152,17.062,22.25,187.8
1992-11-18,11.078,6.817,16.635,21.576,176.8
1992-11-19,2.188,9.05,18.014,25.226,166.0
1992-11-20,15.207,8.643,17.608,24.483,159.9
1992-11-21,36.554,9.564,16.503,24.823,245.4
1992-11-22,0.412,10.502,15.618,25.403,166.2
1992-11-23,50.531,7.066,16.5,21.812,541.1
1992-11-24,0.0,8.777,16.809,24.09,288.7
1992-11-25,25.351,8.396,16.472,23.413,322.0
1992-11-26,15.896,7.751,17.281,23.257,353.8
1992-11-27,17.139,6.015,17.257,21.236,457.0
1992-11-28,5.22,7.183,16.615,22.076,338.7
1992-11-29,23.387,7.584,17.441,23.264,421.7
1992-11-30,5.935,7.387,17.497,23.021,329.7
1992-12-01,4.135,8.999,17.865,25.247,333.3
1992-12-02,40.141,7.871,16.75,23.08,314.1
1992-12-03,12.831,8.11,17.122,23.625,365.3
1992-12-04,54.001,7.327,17.462,22.955,323.5
1992-12-05,7.206,8.031,16.715,23.25,287.9
1992-12-06,1.893,8.913,15.566,23.524,417.8
1992-12-07,0.0,8.621,17.517,24.597,354.9
1992-12-08,5.699,9.821,17.115,25.816,371.2
1992-12-09,17.806,7.329,17.615,23.111,379.8
1992-12-10,0.791,7.287,17.146,22.715,412.5
1992-12-11,0.0,7.961,17.326,23.639,616.0
1992-12-12,28.403,5.403,17.906,21.205,650.1
1992-12-13,0.0,7.619,17.83,23.622,458.4
1992-12-14,0.0,10.354,16.781,26.285,360.2
1992-12-15,15.958,10.3,15.653,25.444,312.5
1992-12-16,3.755,8.846,16.691,24.295,399.5
1992-12-17,19.865,8.288,17.229,23.997,346.6
1992-12-18,1.971,9.156,16.288,24.392,281.4
1992-12-19,9.305,9.363,16.889,25.101,248.1
1992-12-20,7.725,9.408,16.872,25.156,220.2
1992-12-21,4.035,9.277,17.295,25.264,201.5
1992-12-22,4.492,8.611,18.288,25.219,192.3
1992-12-23,0.0,9.24,17.611,25.486,211.6
1992-12-24,9.318,10.671,14.694,25.264,177.5
1992-12-25,0.0,11.362,15.771,26.889,163.7
1992-12-26,0.0,11.482,15.642,26.924,155.2
1992-12-27,0.0,11.775,15.247,27.049,212.2
1992-12-28,0.0,9.967,16.726,25.747,220.9
1992-12-29,18.232,8.704,17.812,24.899,227.6
1992-12-30,18.449,9.216,16.656,24.67,183.3
1992-12-31,72.691,7.451,17.288,22.962,295.3
1993-01-01,0.0,9.647,16.903,25.406,205.0
1993-01-02,5.324,8.767,17.438,24.708,293.3
1993-01-03,40.033,9.926,16.764,25.632,217.4
1993-01-04,2.228,9.301,16.604,24.729,222.8
1993-01-05,19.019,9.173,15.396,23.66,251.8
1993-01-06,44.51,7.213,16.424,21.99,192.4
1993-01-07,0.0,7.536,16.51,22.406,201.8
1993-01-08,7.634,7.77,15.562,22.003,261.4
1993-01-09,5.633,8.442,16.247,23.34,191.9
1993-01-10,0.0,9.873,16.691,25.403,168.6
1993-01-11,6.911,9.36,17.472,25.306,171.8
1993-01-12,11.977,9.894,16.052,24.948,251.5
1993-01-13,0.0,7.135,17.705,22.792,204.0
1993-01-14,13.25,7.673,17.333,23.153,193.9
1993-01-15,0.231,6.326,16.913,21.219,197.7
1993-01-16,0.388,8.995,15.851,23.601,184.3
1993-01-17,26.267,8.5,15.604,22.792,261.8
1993-01-18,5.922,9.107,16.896,24.483,179.2
1993-01-19,4.541,9.486,16.816,24.847,164.1
1993-01-20,10.203,10.572,16.253,25.792,147.8
1993-01-21,4.913,9.635,16.531,24.802,246.4
1993-01-22,9.071,10.946,15.205,25.49,206.1
1993-01-23,2.657,11.233,15.184,25.809,212.1
1993-01-24,10.244,11.53,15.597,26.434,240.0
1993-01-25,2.325,11.854,14.111,25.812,187.1
1993-01-26,10.651,11.691,15.319,26.382,163.3
1993-01-27,0.0,10.522,16.444,25.708,160.1
1993-01-28,9.647,9.585,16.469,24.566,199.2
1993-01-29,9.693,10.44,17.177,26.062,354.2
1993-01-30,17.829,10.465,16.177,25.358,222.5
1993-01-31,26.948,9.784,15.889,24.316,267.2
1993-02-01,8.808,9.607,17.604,25.316,208.9
1993-02-02,0.0,8.417,17.285,23.642,305.2
1993-02-03,0.641,8.165,16.99,23.111,284.5
1993-02-04,0.0,8.991,16.976,24.038,241.5
1993-02-05,15.541,10.801,16.569,25.889,241.1
1993-02-06,0.0,10.121,17.122,25.41,290.4
1993-02-07,0.0,7.894,17.438,23.073,329.6
1993-02-08,1.908,9.872,16.559,24.656,254.3
1993-02-09,36.579,10.444,16.028,24.938,273.7
1993-02-10,6.827,11.915,15.656,26.451,366.0
1993-02-11,13.583,9.647,15.906,23.889,262.6
1993-02-12,12.868,9.849,16.715,24.674,248.5
1993-02-13,15.994,9.589,17.611,25.0,238.2
1993-02-14,0.0,11.345,16.479,26.25,209.9
1993-02-15,0.0,11.942,16.458,26.906,217.2
1993-02-16,0.0,11.409,17.347,26.875,182.1
1993-02-17,0.0,10.536,16.83,25.458,174.7
1993-02-18,0.0,9.057,16.559,23.542,158.2
1993-02-19,0.0,9.794,15.486,23.58,176.6
1993-02-20,0.0,10.273,15.587,24.174,164.4
1993-02-21,0.0,10.305,16.483,24.823,136.2
1993-02-22,0.0,12.419,15.948,26.906,127.3
1993-02-23,3.214,13.376,15.201,27.552,120.8
1993-02-24,51.361,8.714,17.316,23.573,300.8
1993-02-25,0.0,9.529,17.062,24.274,219.5
1993-02-26,0.0,9.107,17.035,23.778,179.9
1993-02-27,0.0,11.35,16.212,25.722,294.5
1993-02-28,8.419,9.538,17.573,24.653,276.9
1993-03-01,0.0,9.733,16.531,24.035,241.3
1993-03-02,4.316,11.307,15.399,25.052,198.8
1993-03-03,10.79,10.044,17.799,25.292,186.4
1993-03-04,2.551,8.398,17.066,22.931,192.8
1993-03-05,16.724,12.257,14.934,25.795,189.5
1993-03-06,5.425,9.19,16.868,23.611,416.2
1993-03-07,38.886,11.603,15.59,25.448,313.3
1993-03-08,4.467,12.203,15.962,26.382,345.6
1993-03-09,0.73,10.332,16.253,24.399,329.7
1993-03-10,1.595,12.857,15.208,26.594,227.5
1993-03-11,1.022,10.781,16.997,25.417,195.7
1993-03-12,0.0,12.369,16.872,27.125,175.7
1993-03-13,0.0,14.827,16.236,29.486,149.4
1993-03-14,10.901,11.385,17.396,26.358,138.5
1993-03-15,0.0,12.903,17.177,27.896,133.2
1993-03-16,0.0,12.578,16.312,26.892,128.0
1993-03-17,35.235,10.851,16.729,25.25,159.0
1993-03-18,32.578,9.532,16.069,23.281,214.0
1993-03-19,0.48,10.528,16.75,24.899,125.4
1993-03-20,3.632,9.21,18.014,24.375,151.7
1993-03-21,8.266,9.444,16.719,23.611,270.3
1993-03-22,18.48,11.255,16.694,25.622,159.4
1993-03-23,10.065,9.733,16.806,23.997,240.5
1993-03-24,13.27,11.386,15.622,25.038,241.1
1993-03-25,65.331,9.135,17.483,23.875,891.7
1993-03-26,6.07,10.317,16.733,24.594,251.8
1993-03-27,28.104,9.209,15.24,22.253,255.9
1993-03-28,5.563,8.799,15.441,21.958,197.4
1993-03-29,3.95,10.593,16.538,24.76,183.3
1993-03-30,7.873,9.111,17.035,23.486,185.4
1993-03-31,3.893,9.861,17.802,24.882,165.5
1993-04-01,5.462,11.021,16.153,24.962,185.8
1993-04-02,23.94,11.266,16.708,25.653,244.9
1993-04-03,11.623,10.602,16.903,25.052,295.7
1993-04-04,0.0,11.719,16.583,26.052,193.9
1993-04-05,41.435,9.562,17.198,24.094,264.5
1993-04-06,17.429,8.575,17.795,23.587,265.6
1993-04-07,0.0,11.234,16.42,25.444,202.7
1993-04-08,33.403,9.135,16.583,23.24,260.1
1993-04-09,5.223,10.428,16.333,24.469,206.4
1993-04-10,14.937,10.689,17.444,25.559,211.3
1993-04-11,7.34,11.5,15.972,25.438,180.8
1993-04-12,13.279,10.918,18.01,26.212,294.1
1993-04-13,11.31,8.798,18.021,23.948,198.8
1993-04-14,13.943,8.955,17.74,23.91,237.0
1993-04-15,32.045,8.526,18.201,23.868,189.0
1993-04-16,4.583,9.265,16.878,23.601,220.3
1993-04-17,60.786,11.786,16.812,26.413,193.2
1993-04-18,6.35,9.051,17.91,24.156,371.0
1993-04-19,6.193,9.034,17.542,23.878,248.6
1993-04-20,13.899,10.452,17.559,25.493,222.2
1993-04-21,17.469,10.628,16.816,25.104,320.0
1993-04-22,10.154,10.227,17.049,24.851,250.5
1993-04-23,4.688,7.342,17.288,21.951,207.1
1993-04-24,0.264,9.847,17.826,24.972,185.7
1993-04-25,11.782,11.28,16.816,25.896,204.5
1993-04-26,30.531,8.675,18.028,23.931,217.6
1993-04-27,27.633,9.634,16.896,24.135,364.5
1993-04-28,24.059,6.385,17.628,21.312,291.5
1993-04-29,4.675,10.551,16.34,24.757,258.1
1993-04-30,5.423,9.987,17.951,25.372,215.9
1993-05-01,29.975,9.327,18.17,24.785,275.7
1993-05-02,16.75,9.552,16.92,24.104,248.1
1993-05-03,2.815,10.285,16.528,24.705,201.6
1993-05-04,8.187,9.747,17.378,24.694,182.0
1993-05-05,32.051,8.944,18.372,24.562,520.9
1993-05-06,29.585,10.558,17.899,26.021,332.4
1993-05-07,25.342,9.195,18.257,24.753,357.8
1993-05-08,0.0,9.931,18.792,25.99,267.2
1993-05-09,6.474,9.597,18.851,25.691,232.8
1993-05-10,27.288,8.577,17.66,23.694,422.4
1993-05-11,4.947,9.755,17.59,24.962,337.3
1993-05-12,17.297,10.701,17.865,26.212,300.6
1993-05-13,17.22,8.584,17.406,23.549,296.4
1993-05-14,0.0,7.583,17.312,22.41,252.2
1993-05-15,3.946,9.478,17.694,24.767,221.8
1993-05-16,19.311,11.023,16.358,25.569,204.5
1993-05-17,0.437,11.394,16.997,26.448,183.9
1993-05-18,20.971,9.593,17.003,24.406,194.3
1993-05-19,0.0,9.782,18.108,25.465,167.5
1993-05-20,24.068,10.936,17.354,26.243,239.4
1993-05-21,41.374,8.777,17.191,23.66,300.8
1993-05-22,2.442,11.433,16.76,26.413,213.6
1993-05-23,26.647,8.516,18.021,24.024,371.8
1993-05-24,14.227,10.344,16.635,25.111,256.5
1993-05-25,29.218,8.613,16.552,23.066,371.9
1993-05-26,24.271,8.67,16.413,23.042,620.0
1993-05-27,6.266,10.217,16.979,25.236,379.6
1993-05-28,11.082,8.583,17.573,23.788,355.5
1993-05-29,19.682,7.657,17.774,22.965,336.6
1993-05-30,0.256,10.191,16.41,24.847,269.6
1993-05-31,8.393,10.906,16.066,25.469,282.4
1993-06-01,0.375,10.56,16.556,25.399,238.8
1993-06-02,0.0,13.27,15.941,28.25,214.7
1993-06-03,0.0,12.818,15.278,27.26,195.0
1993-06-04,0.0,12.357,15.028,26.562,181.4
1993-06-05,3.993,12.727,15.226,27.125,170.9
1993-06-06,0.783,10.602,16.257,25.264,156.5
1993-06-07,0.902,10.593,16.885,25.698,147.0
1993-06-08,3.693,10.355,16.566,25.201,159.7
1993-06-09,9.264,11.575,15.569,25.979,140.0
1993-06-10,1.464,11.752,15.889,26.413,131.7
1993-06-11,12.34,9.809,15.66,23.91,126.7
1993-06-12,0.0,10.87,16.094,25.5,120.8
1993-06-13,4.593,9.897,16.08,24.319,118.2
1993-06-14,0.044,12.156,15.681,26.795,115.0
1993-06-15,3.999,10.642,15.698,24.965,122.1
1993-06-16,0.0,8.537,17.667,23.944,109.8
1993-06-17,1.981,11.408,17.253,26.99,104.6
1993-06-18,4.278,11.356,15.99,26.052,139.1
1993-06-19,3.372,12.039,16.125,26.927,100.7
1993-06-20,7.946,8.02,17.205,23.028,109.2
1993-06-21,3.178,9.738,16.972,24.83,97.5
1993-06-22,0.0,12.643,15.42,27.253,94.2
1993-06-23,4.299,10.319,16.017,24.816,91.6
1993-06-24,1.732,10.047,16.729,25.01,92.9
1993-06-25,10.151,9.364,15.458,23.264,92.9
1993-06-26,3.867,9.381,15.736,23.469,86.0
1993-06-27,1.508,9.021,16.462,23.566,98.1
1993-06-28,29.884,10.834,15.736,25.247,153.0
1993-06-29,4.6,11.707,14.5,25.458,121.5
1993-06-30,0.0,11.882,15.802,26.559,88.0
1993-07-01,23.258,10.683,16.34,25.462,85.0
1993-07-02,23.426,8.825,16.128,23.146,191.3
1993-07-03,10.574,11.05,15.392,25.247,146.6
1993-07-04,0.0,11.619,15.396,25.941,118.2
1993-07-05,24.771,10.024,15.549,24.111,166.7
1993-07-06,7.451,12.428,14.51,26.33,143.5
1993-07-07,0.0,12.693,14.049,26.389,102.0
1993-07-08,17.13,12.732,16.153,27.788,95.5
1993-07-09,12.928,11.367,16.382,26.306,125.7
1993-07-10,15.412,11.032,16.444,25.882,220.1
1993-07-11,2.258,10.959,16.035,25.535,180.6
1993-07-12,1.226,12.449,15.431,26.924,124.3
1993-07-13,0.909,13.198,15.566,27.917,108.5
1993-07-14,1.774,12.221,15.007,26.34,100.1
1993-07-15,1.108,12.297,14.33,25.951,94.2
1993-07-16,0.188,11.148,16.177,25.792,89.0
1993-07-17,0.144,13.434,13.969,27.139,86.0
1993-07-18,0.144,14.329,14.639,28.625,83.0
1993-07-19,0.144,13.583,15.083,27.983,81.0
1993-07-20,2.222,12.511,15.753,27.108,79.0
1993-07-21,0.92,11.48,15.326,25.538,83.5
1993-07-22,0.752,12.273,15.062,26.337,77.0
1993-07-23,3.188,11.165,15.712,25.42,86.5
1993-07-24,5.577,10.102,15.694,24.115,77.5
1993-07-25,1.057,10.758,16.066,25.153,155.6
1993-07-26,3.092,12.181,14.729,25.924,86.5
1993-07-27,4.6,12.057,16.201,26.771,79.0
1993-07-28,3.25,14.097,15.188,28.524,75.0
1993-07-29,5.496,13.978,16.389,29.139,75.0
1993-07-30,3.589,13.129,16.0,27.875,113.6
1993-07-31,3.285,12.356,17.413,27.858,77.0
1993-08-01,0.359,12.754,15.514,27.076,85.6
1993-08-02,0.677,14.279,14.812,28.417,72.0
1993-08-03,0.113,13.633,15.181,27.885,71.0
1993-08-04,0.505,14.863,14.941,29.194,67.2
1993-08-05,0.019,14.201,14.92,28.358,65.4
1993-08-06,0.566,14.06,15.299,28.41,65.4
1993-08-07,7.314,15.561,13.948,29.344,63.6
1993-08-08,7.412,12.458,15.118,26.351,63.6
1993-08-09,13.463,11.173,16.767,25.934,81.5
1993-08-10,12.616,11.539,16.653,26.26,114.5
1993-08-11,16.786,11.027,16.507,25.587,133.3
1993-08-12,10.261,13.275,16.226,27.997,90.9
1993-08-13,4.392,12.827,15.688,27.09,75.0
1993-08-14,0.288,13.376,15.865,27.837,69.5
1993-08-15,0.349,12.461,16.281,27.028,71.1
1993-08-16,19.31,11.809,15.5,25.719,155.2
1993-08-17,11.468,11.986,15.868,26.177,119.7
1993-08-18,13.372,12.582,15.604,26.701,390.0
1993-08-19,0.0,13.364,15.08,27.281,136.6
1993-08-20,0.0,14.1,14.747,27.903,106.5
1993-08-21,4.735,15.004,14.927,29.069,95.5
1993-08-22,11.222,14.045,15.611,28.351,99.7
1993-08-23,12.648,11.555,16.622,26.135,83.8
1993-08-24,23.835,12.303,15.812,26.438,131.5
1993-08-25,5.511,9.635,16.215,23.656,132.9
1993-08-26,13.752,13.26,14.622,26.75,129.1
1993-08-27,18.148,11.91,16.424,26.344,97.8
1993-08-28,30.46,8.492,16.42,22.49,246.2
1993-08-29,0.0,13.585,15.337,27.594,169.7
1993-08-30,0.314,14.306,14.885,28.104,125.2
1993-08-31,18.95,10.651,15.128,24.045,213.3
1993-09-01,26.145,11.736,15.51,25.49,149.6
1993-09-02,27.05,10.726,16.118,24.729,125.7
1993-09-03,0.412,11.448,15.493,25.156,110.9
1993-09-04,24.883,10.709,15.868,24.594,140.3
1993-09-05,38.326,8.431,16.309,22.319,217.9
1993-09-06,19.294,8.052,15.764,21.465,481.9
1993-09-07,9.84,8.204,16.111,21.91,355.2
1993-09-08,0.0,12.562,14.781,25.993,254.1
1993-09-09,14.563,10.678,16.601,25.024,300.5
1993-09-10,16.375,10.596,15.708,24.316,270.0
1993-09-11,8.845,14.137,14.976,27.938,186.9
1993-09-12,19.969,11.447,16.847,26.09,255.7
1993-09-13,17.125,11.072,16.33,25.271,208.4
1993-09-14,41.409,10.411,16.455,24.632,373.6
1993-09-15,23.176,8.25,16.701,22.424,368.6
1993-09-16,12.418,10.27,16.122,24.236,411.0
1993-09-17,12.943,12.99,15.146,26.75,300.6
1993-09-18,15.697,10.846,17.08,25.59,385.9
1993-09-19,9.88,11.195,16.264,25.434,310.5
1993-09-20,11.132,12.837,15.764,27.0,313.2
1993-09-21,14.324,14.368,15.84,28.847,310.7
1993-09-22,11.044,12.389,16.333,26.858,292.5
1993-09-23,13.67,10.101,15.781,23.837,243.4
1993-09-24,19.356,9.191,15.76,22.806,266.3
1993-09-25,6.69,12.978,16.01,27.375,204.5
1993-09-26,26.047,11.132,17.181,26.056,289.5
1993-09-27,14.557,11.739,17.448,26.924,243.8
1993-09-28,22.709,9.759,16.774,24.208,268.2
1993-09-29,14.668,8.105,15.462,21.396,259.4
1993-09-30,3.493,7.509,15.674,20.906,261.9
1993-10-01,7.155,10.473,15.149,23.906,286.0
1993-10-02,11.188,10.513,15.42,24.194,233.5
1993-10-03,7.949,9.645,16.139,23.694,242.5
1993-10-04,6.063,10.782,15.375,24.472,257.2
1993-10-05,4.368,11.669,16.031,25.997,186.0
1993-10-06,5.892,10.973,15.781,25.028,168.9
1993-10-07,8.699,11.218,16.448,25.778,188.6
1993-10-08,10.488,10.0,16.01,24.094,156.2
1993-10-09,9.287,10.527,16.962,25.378,279.8
1993-10-10,12.327,13.264,15.958,27.924,438.5
1993-10-11,6.355,10.888,17.215,25.99,275.4
1993-10-12,4.303,12.583,16.576,27.569,209.6
1993-10-13,3.571,10.461,16.406,25.021,193.5
1993-10-14,8.019,10.4,16.312,24.872,172.6
1993-10-15,9.499,11.676,16.316,26.41,157.3
1993-10-16,12.956,9.477,16.042,23.694,173.9
1993-10-17,3.612,8.87,16.292,23.101,141.9
1993-10-18,25.815,8.558,16.826,23.188,212.6
1993-10-19,23.332,8.866,16.747,23.465,230.7
1993-10-20,15.209,9.974,16.188,24.365,169.8
1993-10-21,6.383,8.646,16.653,23.233,283.7
1993-10-22,5.705,10.195,16.163,24.691,216.6
1993-10-23,7.313,9.025,17.729,24.479,240.2
1993-10-24,7.29,10.111,15.972,24.469,178.5
1993-10-25,15.701,9.362,17.247,24.538,228.7
1993-10-26,25.671,8.656,16.427,23.09,184.8
1993-10-27,9.682,9.444,15.913,23.736,198.8
1993-10-28,6.262,10.217,16.031,24.753,176.4
1993-10-29,14.788,9.593,16.878,24.615,211.0
1993-10-30,4.444,9.316,16.594,24.097,164.2
1993-10-31,15.982,8.656,16.333,23.17,178.5
1993-11-01,0.0,8.273,16.84,23.142,172.6
1993-11-02,36.512,8.767,16.646,23.552,422.9
1993-11-03,26.013,10.058,14.729,23.792,373.4
1993-11-04,41.569,8.27,15.851,22.413,410.1
1993-11-05,0.582,10.172,15.476,24.458,264.5
1993-11-06,14.42,9.101,16.351,23.83,226.0
1993-11-07,61.209,7.726,17.024,22.708,352.8
1993-11-08,0.0,10.559,15.479,25.038,262.8
1993-11-09,7.376,10.452,16.656,25.701,280.7
1993-11-10,8.267,11.412,14.913,25.802,216.4
1993-11-11,44.684,6.722,17.743,22.212,315.3
1993-11-12,12.485,7.686,17.465,23.087,286.2
1993-11-13,14.782,8.7,16.58,23.663,283.1
1993-11-14,32.203,8.899,16.312,23.674,419.2
1993-11-15,7.408,8.893,15.653,23.236,304.7
1993-11-16,2.835,6.863,16.833,21.729,289.9
1993-11-17,0.207,8.556,16.809,23.705,258.0
1993-11-18,18.639,8.209,17.851,24.097,315.6
1993-11-19,4.712,7.385,18.038,23.295,292.7
1993-11-20,54.218,7.438,17.594,23.003,333.6
1993-11-21,14.55,9.379,16.365,24.472,311.4
1993-11-22,19.963,8.876,16.993,24.34,407.8
1993-11-23,5.666,8.476,16.972,23.826,385.4
1993-11-24,22.438,9.475,16.326,24.604,683.4
1993-11-25,31.547,6.835,16.191,21.354,455.9
1993-11-26,4.155,8.57,16.552,23.705,401.8
1993-11-27,2.182,7.46,17.92,23.424,337.0
1993-11-28,26.022,6.456,17.476,21.913,374.7
1993-11-29,50.585,7.525,16.913,22.747,505.9
1993-11-30,6.701,7.802,16.49,22.743,376.0
1993-12-01,24.976,7.809,17.212,23.299,425.0
1993-12-02,12.532,7.942,18.056,24.125,436.0
1993-12-03,17.43,7.702,17.431,23.375,442.9
1993-12-04,3.071,7.989,16.729,23.212,408.9
1993-12-05,0.0,8.798,17.028,24.441,357.0
1993-12-06,4.293,10.015,17.229,26.108,467.9
1993-12-07,6.905,10.238,16.559,25.934,355.1
1993-12-08,4.172,10.793,16.681,26.74,301.9
1993-12-09,14.385,10.785,17.257,27.108,293.4
1993-12-10,28.935,7.954,16.826,23.285,382.4
1993-12-11,6.669,7.079,17.083,22.479,320.7
1993-12-12,0.375,10.086,15.646,25.132,258.4
1993-12-13,35.452,8.941,17.281,24.878,392.7
1993-12-14,27.926,9.528,16.104,24.767,376.1
1993-12-15,22.739,5.667,18.236,21.764,348.5
1993-12-16,9.239,6.645,17.785,22.486,288.7
1993-12-17,23.222,7.422,17.174,22.896,375.6
1993-12-18,0.0,8.788,15.465,23.344,303.7
1993-12-19,8.57,7.488,17.208,23.003,402.8
1993-12-20,0.0,9.734,17.122,25.76,287.1
1993-12-21,0.0,9.876,15.75,24.944,250.1
1993-12-22,5.055,9.311,16.479,24.74,317.2
1993-12-23,27.048,9.778,15.111,24.434,290.2
1993-12-24,0.0,9.17,17.42,25.236,238.4
1993-12-25,0.0,8.198,16.785,23.587,248.1
1993-12-26,12.595,7.616,17.694,23.524,268.9
1993-12-27,0.0,8.547,16.649,23.885,212.3
1993-12-28,0.0,8.733,16.826,24.278,191.5
1993-12-29,0.0,8.829,16.031,23.764,197.8
1993-12-30,3.108,8.597,16.076,23.507,213.6
1993-12-31,0.0,8.72,16.618,24.035,200.6
1994-01-01,0.0,9.769,15.222,24.382,183.1
1994-01-02,0.0,10.395,15.434,25.351,176.6
1994-01-03,0.0,7.011,17.083,22.26,227.8
1994-01-04,4.568,7.663,16.361,22.559,261.5
1994-01-05,1.159,8.144,15.493,22.431,218.7
1994-01-06,0.0,8.589,15.493,22.983,211.9
1994-01-07,0.0,8.38,15.198,22.545,240.9
1994-01-08,1.772,7.647,16.365,22.441,401.0
1994-01-09,1.626,8.355,16.566,23.444,407.6
1994-01-10,0.0,8.314,16.896,23.618,285.4
1994-01-11,12.484,7.751,17.469,23.382,267.5
1994-01-12,0.0,9.362,17.017,24.979,366.6
1994-01-13,0.57,11.155,15.993,26.503,247.8
1994-01-14,13.191,7.509,15.99,21.969,300.2
1994-01-15,51.47,8.374,16.104,23.021,556.2
1994-01-16,4.35,8.831,16.726,24.073,403.8
1994-01-17,10.951,9.798,15.521,24.354,492.1
1994-01-18,32.308,8.697,16.663,23.802,335.9
1994-01-19,0.0,8.471,17.771,24.323,314.0
1994-01-20,0.0,9.952,16.354,25.073,271.0
1994-01-21,0.0,10.509,15.375,25.122,230.3
1994-01-22,0.0,10.157,16.226,25.212,209.4
1994-01-23,0.0,9.607,17.174,25.205,201.8
1994-01-24,0.0,7.768,16.17,22.205,184.2
1994-01-25,0.0,10.819,15.021,25.139,170.0
1994-01-26,0.0,10.792,15.476,25.385,165.6
1994-01-27,4.829,11.906,15.281,26.615,176.0
1994-01-28,52.883,9.296,16.34,24.076,506.3
1994-01-29,3.673,9.686,16.229,24.479,321.2
1994-01-30,33.387,8.662,16.372,23.302,325.7
1994-01-31,8.141,7.12,17.535,22.403,417.9
1994-02-01,0.0,9.235,15.819,23.542,269.4
1994-02-02,2.659,8.607,15.997,22.878,229.1
1994-02-03,33.05,9.292,16.51,24.056,291.8
1994-02-04,44.364,9.256,17.42,24.667,430.5
1994-02-05,2.098,7.97,17.625,23.309,291.4
1994-02-06,48.489,9.482,16.858,24.486,244.6
1994-02-07,0.0,11.644,15.896,26.392,450.4
1994-02-08,0.279,11.304,15.917,25.972,300.1
1994-02-09,0.74,12.148,16.076,27.066,253.5
1994-02-10,3.742,11.249,16.323,26.118,246.0
1994-02-11,10.211,10.753,15.688,25.038,313.0
1994-02-12,8.548,10.465,14.781,24.062,274.8
1994-02-13,3.742,10.129,14.51,23.406,270.5
1994-02-14,24.109,8.554,15.847,22.469,255.3
1994-02-15,0.0,8.512,16.826,23.111,260.1
1994-02-16,20.968,9.114,16.25,23.368,321.4
1994-02-17,1.373,10.504,15.931,24.75,231.4
1994-02-18,6.011,8.823,17.944,24.288,226.6
1994-02-19,5.158,9.011,17.201,23.924,189.8
1994-02-20,10.438,9.249,17.618,24.493,328.8
1994-02-21,18.104,10.667,16.753,25.455,408.3
1994-02-22,8.42,9.604,17.615,24.837,275.2
1994-02-23,15.703,8.567,17.17,23.302,283.2
1994-02-24,14.812,9.017,16.823,23.566,261.8
1994-02-25,10.515,6.666,17.833,21.851,256.3
1994-02-26,4.741,9.07,16.601,23.406,220.4
1994-02-27,37.193,8.556,16.41,22.681,519.0
1994-02-28,30.555,10.732,16.958,25.524,512.9
1994-03-01,0.979,11.638,17.09,26.632,339.6
1994-03-02,34.191,12.47,17.059,27.556,522.5
1994-03-03,20.872,9.27,17.014,23.868,377.2
1994-03-04,11.335,7.818,17.191,22.396,352.5
1994-03-05,1.509,6.471,17.639,21.406,299.2
1994-03-06,0.0,11.471,15.757,25.413,275.4
1994-03-07,3.872,8.894,17.719,23.969,280.3
1994-03-08,13.349,11.551,16.465,25.997,312.2
1994-03-09,22.229,9.869,15.938,23.646,353.9
1994-03-10,17.827,10.293,16.788,24.74,298.8
1994-03-11,7.262,9.488,16.434,23.611,568.9
1994-03-12,9.322,9.643,16.16,23.535,376.2
1994-03-13,39.544,7.281,17.545,22.09,558.0
1994-03-14,2.596,8.595,17.146,23.09,500.1
1994-03-15,0.0,9.533,17.486,24.378,383.7
1994-03-16,7.47,10.038,17.67,25.104,408.5
1994-03-17,35.646,8.045,17.535,22.826,516.6
1994-03-18,8.452,10.642,16.406,24.799,341.4
1994-03-19,8.554,10.054,16.799,24.448,347.1
1994-03-20,24.507,10.092,16.156,23.983,396.7
1994-03-21,0.567,11.469,16.222,25.566,280.2
1994-03-22,38.318,9.209,17.795,24.212,378.6
1994-03-23,6.384,9.706,17.208,24.326,278.6
1994-03-24,1.983,10.912,17.285,25.67,253.3
1994-03-25,0.0,12.216,16.08,26.302,221.0
1994-03-26,10.331,10.461,18.049,25.701,281.0
1994-03-27,44.221,7.487,18.924,23.306,460.6
1994-03-28,36.637,10.221,18.219,25.569,314.3
1994-03-29,24.197,7.89,17.375,22.472,342.6
1994-03-30,20.416,8.43,17.122,22.896,328.8
1994-03-31,7.692,7.248,17.253,21.694,351.3
1994-04-01,5.555,9.59,17.059,24.049,350.4
1994-04-02,44.281,7.911,17.625,22.708,436.2
1994-04-03,0.218,10.493,17.007,25.017,363.0
1994-04-04,14.135,11.299,16.125,25.288,448.2
1994-04-05,18.276,10.936,17.066,25.549,304.0
1994-04-06,45.327,8.109,17.906,23.122,554.0
1994-04-07,12.862,9.524,17.528,24.33,404.0
1994-04-08,2.075,9.308,18.16,24.618,332.2
1994-04-09,31.196,10.489,16.684,24.774,429.2
1994-04-10,4.321,10.412,17.979,25.625,339.6
1994-04-11,22.815,12.142,15.712,25.965,926.4
1994-04-12,30.537,8.943,16.698,23.115,661.3
1994-04-13,7.556,9.913,17.528,24.785,439.1
1994-04-14,11.178,9.069,17.51,23.865,431.3
1994-04-15,19.637,11.133,17.667,26.229,447.0
1994-04-16,14.267,10.571,17.517,25.497,326.5
1994-04-17,16.811,10.088,18.205,25.493,321.9
1994-04-18,15.33,8.601,18.642,24.267,293.6
1994-04-19,2.927,10.164,16.451,24.302,348.2
1994-04-20,5.246,10.259,16.653,24.566,270.0
1994-04-21,1.382,9.829,17.476,24.674,266.6
1994-04-22,23.119,11.409,16.878,26.045,347.9
1994-04-23,6.695,12.891,16.312,27.365,237.9
1994-04-24,12.771,12.634,17.045,27.58,227.2
1994-04-25,35.641,11.665,17.92,27.118,501.3
1994-04-26,35.338,7.182,17.872,22.26,541.3
1994-04-27,33.972,8.234,16.236,22.056,360.0
1994-04-28,1.355,9.48,16.694,23.816,296.1
1994-04-29,27.672,8.695,16.281,22.628,464.3
1994-04-30,11.454,8.592,16.556,22.736,401.9
1994-05-01,8.553,9.239,16.434,23.41,382.0
1994-05-02,4.782,11.753,16.288,26.156,314.6
1994-05-03,6.475,9.935,18.66,25.84,285.9
1994-05-04,10.429,9.873,18.67,25.812,269.7
1994-05-05,0.0,10.626,17.691,25.913,262.3
1994-05-06,18.156,8.168,17.677,23.188,305.0
1994-05-07,0.0,9.939,17.288,24.844,227.5
1994-05-08,7.284,8.074,18.243,23.559,276.5
1994-05-09,6.87,10.372,16.271,24.656,223.2
1994-05-10,30.088,10.061,17.517,25.212,300.9
1994-05-11,7.018,9.387,18.09,24.892,233.4
1994-05-12,13.842,9.803,17.542,24.948,208.7
1994-05-13,32.439,10.04,17.431,25.167,288.7
1994-05-14,9.958,8.457,17.219,23.226,225.4
1994-05-15,11.355,9.837,18.007,25.385,219.4
1994-05-16,19.323,10.294,17.625,25.604,219.0
1994-05-17,21.245,7.477,17.545,22.479,286.1
1994-05-18,25.167,7.778,17.552,22.812,405.9
1994-05-19,10.571,10.477,16.503,25.062,300.4
1994-05-20,13.696,10.026,17.174,25.069,285.2
1994-05-21,0.241,9.783,19.188,26.309,224.5
1994-05-22,21.221,9.433,18.608,25.49,201.8
1994-05-23,46.418,9.075,17.208,24.052,227.2
1994-05-24,2.787,9.095,17.608,24.351,223.1
1994-05-25,20.01,8.226,16.962,22.906,312.1
1994-05-26,16.968,5.628,17.222,20.396,552.1
1994-05-27,7.737,10.2,17.08,25.278,513.3
1994-05-28,26.216,10.213,16.75,25.09,311.0
1994-05-29,7.87,9.451,17.118,24.438,246.4
1994-05-30,22.98,9.421,17.073,24.392,358.4
1994-05-31,29.497,10.393,15.986,24.774,516.1
1994-06-01,7.62,10.346,16.993,25.438,296.0
1994-06-02,0.863,10.086,16.16,24.538,258.9
1994-06-03,3.422,10.136,17.271,25.406,236.7
1994-06-04,16.026,10.565,16.215,25.146,213.1
1994-06-05,9.147,10.222,17.01,25.354,217.6
1994-06-06,5.74,10.066,15.431,24.038,209.2
1994-06-07,5.626,10.497,16.552,25.333,199.3
1994-06-08,3.094,10.459,17.042,25.667,179.5
1994-06-09,0.235,11.431,16.163,26.222,162.1
1994-06-10,0.0,12.203,15.83,26.938,151.6
1994-06-11,0.0,11.144,15.691,25.535,144.6
1994-06-12,4.998,10.036,16.299,24.639,137.6
1994-06-13,11.154,10.635,16.413,25.469,196.2
1994-06-14,1.334,10.626,16.806,25.712,145.2
1994-06-15,10.081,9.788,17.944,25.569,139.4
1994-06-16,4.074,11.47,17.188,27.003,128.3
1994-06-17,0.0,12.304,15.594,26.924,120.5
1994-06-18,4.703,10.303,15.681,24.562,116.9
1994-06-19,0.0,11.695,16.222,26.628,114.0
1994-06-20,0.075,10.118,15.976,24.545,108.9
1994-06-21,13.404,7.551,16.26,21.76,152.5
1994-06-22,16.98,8.673,15.288,22.351,174.7
1994-06-23,11.138,10.285,15.503,24.438,137.3
1994-06-24,1.128,12.345,15.465,26.927,111.8
1994-06-25,9.574,12.451,16.257,27.59,163.6
1994-06-26,9.726,10.732,16.403,25.615,204.4
1994-06-27,4.026,10.354,15.219,24.312,138.7
1994-06-28,0.249,12.878,14.823,27.153,111.8
1994-06-29,0.496,12.302,14.417,26.156,109.7
1994-06-30,0.23,11.63,15.028,25.74,103.6
1994-07-01,13.725,12.298,14.142,25.969,107.6
1994-07-02,0.398,12.266,15.212,26.642,98.8
1994-07-03,5.984,9.909,16.156,24.392,111.9
1994-07-04,25.266,9.585,16.191,24.045,100.9
1994-07-05,12.403,8.711,15.941,22.792,209.6
1994-07-06,0.0,12.394,14.767,26.448,127.2
1994-07-07,30.389,9.462,14.587,22.757,190.0
1994-07-08,0.0,10.588,15.868,24.997,127.9
1994-07-09,0.0,11.439,15.438,25.719,110.4
1994-07-10,0.0,13.299,15.205,27.84,104.2
1994-07-11,1.194,11.866,15.097,26.0,98.2
1994-07-12,1.354,10.441,15.066,24.25,95.8
1994-07-13,0.0,11.443,14.639,25.184,92.8
1994-07-14,0.0,12.869,14.253,26.646,88.0
1994-07-15,0.0,11.339,14.524,24.924,86.2
1994-07-16,0.0,11.388,14.663,25.049,84.4
1994-07-17,0.082,11.916,15.128,25.99,83.8
1994-07-18,7.801,11.171,16.09,25.774,81.0
1994-07-19,0.0,11.895,15.097,25.941,79.5
1994-07-20,11.599,10.926,14.958,24.681,88.0
1994-07-21,10.045,10.368,14.84,23.878,123.3
1994-07-22,11.608,10.602,15.285,24.462,146.7
1994-07-23,6.506,11.398,14.736,25.052,143.1
1994-07-24,6.153,11.097,15.562,25.229,93.3
1994-07-25,9.355,12.465,14.472,26.16,86.4
1994-07-26,7.515,13.866,15.014,28.198,107.0
1994-07-27,4.198,11.864,16.194,26.549,92.3
1994-07-28,11.122,11.731,15.653,26.01,82.9
1994-07-29,2.479,12.357,15.271,26.479,79.0
1994-07-30,0.1,13.836,14.924,28.017,76.5
1994-07-31,6.086,12.582,16.188,27.347,98.9
1994-08-01,0.0,13.088,15.497,27.451,77.5
1994-08-02,10.376,12.8,15.333,26.997,105.3
1994-08-03,6.559,11.533,15.983,25.885,82.1
1994-08-04,0.0,13.692,15.278,28.003,77.0
1994-08-05,0.46,12.608,15.899,27.097,73.5
1994-08-06,14.1,10.247,16.344,24.622,78.2
1994-08-07,1.728,11.927,16.226,26.448,75.4
1994-08-08,10.887,10.568,16.292,24.934,71.5
1994-08-09,0.0,12.106,16.233,26.691,70.5
1994-08-10,7.704,11.567,16.483,26.184,104.7
1994-08-11,6.908,13.152,15.365,27.271,82.7
1994-08-12,4.931,11.676,15.941,25.917,81.0
1994-08-13,6.747,14.2,13.615,27.406,74.0
1994-08-14,2.885,12.91,15.462,27.031,75.2
1994-08-15,5.523,13.22,15.094,27.139,74.3
1994-08-16,0.0,12.618,15.33,26.594,68.5
1994-08-17,0.0,12.177,16.212,26.642,66.5
1994-08-18,9.37,13.83,14.816,27.632,75.0
1994-08-19,6.785,12.7,15.698,26.882,67.8
1994-08-20,0.315,12.434,16.208,26.906,75.9
1994-08-21,4.986,14.041,14.99,27.993,70.3
1994-08-22,0.761,12.695,15.295,26.58,65.0
1994-08-23,5.831,12.457,14.76,25.917,85.2
1994-08-24,0.0,11.271,16.236,25.545,71.9
1994-08-25,11.402,10.699,15.892,24.604,82.9
1994-08-26,0.0,13.232,15.642,27.42,65.0
1994-08-27,0.0,14.083,14.764,27.812,62.1
1994-08-28,1.94,13.761,15.552,27.934,60.8
1994-08-29,4.398,13.101,15.788,27.299,61.8
1994-08-30,13.429,13.352,14.91,27.003,62.3
1994-08-31,12.654,12.173,16.007,26.372,86.9
1994-09-01,9.462,12.165,15.958,26.319,90.0
1994-09-02,6.063,12.751,15.684,26.774,82.1
1994-09-03,9.777,10.649,16.938,25.253,91.7
1994-09-04,1.994,13.591,15.924,27.955,70.3
1994-09-05,0.703,14.093,16.5,28.899,64.0
1994-09-06,0.0,13.659,15.375,27.649,61.2
1994-09-07,12.577,13.885,17.094,29.031,61.8
1994-09-08,0.689,14.283,16.361,29.003,59.9
1994-09-09,11.125,12.756,17.111,27.753,91.7
1994-09-10,7.999,11.903,16.486,26.358,66.4
1994-09-11,0.064,13.351,16.365,27.941,61.2
1994-09-12,2.967,13.659,17.108,28.781,59.6
1994-09-13,8.609,13.258,17.274,28.448,66.1
1994-09-14,0.699,13.692,16.799,28.628,60.0
1994-09-15,7.618,13.599,17.236,28.802,60.4
1994-09-16,22.865,10.906,16.719,25.378,79.5
1994-09-17,0.0,10.38,17.639,25.472,63.3
1994-09-18,0.0,13.056,16.694,27.833,59.6
1994-09-19,4.565,14.088,16.354,28.826,60.3
1994-09-20,4.169,14.122,15.944,28.597,65.4
1994-09-21,17.895,12.463,17.278,27.552,135.6
1994-09-22,20.358,7.997,16.809,22.274,94.2
1994-09-23,12.684,9.23,17.25,23.962,156.3
1994-09-24,18.88,6.324,16.698,20.448,206.1
1994-09-25,9.525,8.268,16.351,22.236,130.8
1994-09-26,8.288,8.873,15.733,22.42,122.1
1994-09-27,21.727,10.414,15.149,23.774,126.9
1994-09-28,16.973,10.386,16.993,25.09,236.9
1994-09-29,1.119,9.095,16.747,23.479,151.5
1994-09-30,31.855,7.997,16.701,22.219,199.7
1994-10-01,2.958,10.434,15.701,24.24,129.2
1994-10-02,5.569,11.546,15.233,25.233,131.8
1994-10-03,18.279,10.216,15.878,24.163,127.1
1994-10-04,0.583,10.926,16.514,25.441,107.1
1994-10-05,18.806,11.52,16.108,25.851,132.0
1994-10-06,27.457,8.981,16.889,23.535,253.8
1994-10-07,31.175,7.86,16.399,21.951,381.9
1994-10-08,1.365,10.81,15.847,24.927,207.0
1994-10-09,23.941,7.886,15.917,21.632,232.3
1994-10-10,0.501,10.2,16.024,24.344,162.2
1994-10-11,22.806,8.555,16.58,22.872,191.7
1994-10-12,9.219,9.605,15.375,23.25,147.5
1994-10-13,7.845,7.775,16.826,22.208,149.0
1994-10-14,0.0,7.894,16.628,22.208,148.1
1994-10-15,0.0,9.863,16.538,24.385,132.9
1994-10-16,1.435,12.161,16.104,26.809,141.5
1994-10-17,1.696,8.34,16.917,22.993,127.0
1994-10-18,12.675,5.859,16.323,19.844,194.6
1994-10-19,4.94,6.448,16.285,20.469,151.8
1994-10-20,36.217,8.511,16.181,22.66,176.6
1994-10-21,4.681,10.604,16.451,25.344,146.4
1994-10-22,6.041,9.205,17.135,24.205,209.5
1994-10-23,21.568,8.177,17.017,22.972,262.0
1994-10-24,5.287,7.188,16.896,21.778,197.2
1994-10-25,35.441,7.888,16.33,22.194,284.8
1994-10-26,7.956,10.461,17.083,25.729,197.0
1994-10-27,13.324,9.368,16.969,24.378,275.3
1994-10-28,14.478,10.657,17.281,26.153,370.2
1994-10-29,30.99,9.745,16.691,24.642,365.1
1994-10-30,0.779,12.291,14.889,26.559,228.3
1994-10-31,2.616,10.38,16.125,25.066,193.6
1994-11-01,18.198,9.85,17.444,25.392,223.7
1994-11-02,18.611,8.397,17.031,23.441,275.5
1994-11-03,28.377,8.658,17.378,23.979,477.2
1994-11-04,20.867,8.377,17.351,23.694,365.3
1994-11-05,30.03,6.731,17.031,21.559,317.6
1994-11-06,66.452,7.821,16.347,22.302,264.0
1994-11-07,4.269,9.285,16.653,24.288,488.4
1994-11-08,1.958,9.773,16.403,24.705,342.0
1994-11-09,5.213,9.716,15.788,24.233,300.7
1994-11-10,1.965,9.434,16.878,24.681,245.2
1994-11-11,26.291,8.365,17.736,24.076,328.7
1994-11-12,0.103,10.822,15.597,25.538,237.9
1994-11-13,1.155,9.33,17.917,25.399,208.0
1994-11-14,19.563,9.357,17.938,25.451,241.0
1994-11-15,32.093,9.666,17.427,25.472,346.9
1994-11-16,7.757,10.009,16.472,25.271,247.8
1994-11-17,5.223,9.817,16.983,25.41,274.3
1994-11-18,20.464,8.661,17.448,24.326,357.9
1994-11-19,7.86,9.565,16.188,24.51,303.9
1994-11-20,33.637,9.121,15.913,23.781,356.1
1994-11-21,20.808,7.359,17.538,22.917,342.6
1994-11-22,5.66,7.017,16.92,22.035,285.2
1994-11-23,0.136,8.612,16.056,23.344,277.8
1994-11-24,52.974,8.205,16.778,23.375,312.8
1994-11-25,36.452,7.74,17.194,23.156,420.3
1994-11-26,45.1,6.767,17.552,22.316,637.5
1994-11-27,0.0,7.671,16.49,22.528,440.1
1994-11-28,7.696,7.801,16.108,22.451,524.3
1994-11-29,30.48,9.628,17.042,25.396,584.9
1994-11-30,1.508,9.466,15.257,23.927,396.3
1994-12-01,62.791,8.114,16.427,23.056,365.7
1994-12-02,0.0,7.816,16.556,22.809,311.2
1994-12-03,15.578,8.337,16.604,23.514,380.2
1994-12-04,2.821,10.539,15.274,25.385,300.4
1994-12-05,29.261,10.784,16.542,26.615,374.5
1994-12-06,15.552,9.871,16.566,25.479,360.0
1994-12-07,0.0,10.183,15.847,25.382,274.4
1994-12-08,10.234,9.254,16.389,24.59,316.6
1994-12-09,0.0,10.459,15.715,25.649,239.1
1994-12-10,9.112,10.346,16.601,26.146,331.0
1994-12-11,0.0,9.568,16.757,25.226,235.6
1994-12-12,0.0,10.55,15.229,25.444,209.0
1994-12-13,53.611,10.291,15.806,25.497,280.4
1994-12-14,0.284,9.135,16.965,24.858,223.9
1994-12-15,3.437,8.929,16.476,24.247,272.3
1994-12-16,0.0,9.487,16.528,24.986,282.2
1994-12-17,0.0,11.414,15.91,27.073,232.3
1994-12-18,3.043,8.788,16.615,24.198,268.4
1994-12-19,4.76,8.935,17.132,24.743,359.4
1994-12-20,23.268,8.52,17.872,24.771,687.3
1994-12-21,0.0,7.742,16.944,23.125,332.3
1994-12-22,10.632,7.963,18.16,24.316,341.5
1994-12-23,33.189,7.149,17.812,23.056,257.1
1994-12-24,0.0,7.323,15.899,21.781,241.6
1994-12-25,0.0,9.05,16.33,24.257,285.8
1994-12-26,0.0,7.73,16.948,23.101,263.3
1994-12-27,0.0,7.747,16.476,22.747,274.2
1994-12-28,0.0,8.492,16.219,23.5,239.2
1994-12-29,0.0,7.844,17.417,23.552,216.3
1994-12-30,0.0,9.837,16.691,25.517,188.9
1994-12-31,0.0,9.666,15.49,24.424,174.5
1995-01-01,0.0,10.039,15.986,25.264,163.3
1995-01-02,0.0,10.565,16.552,26.351,151.6
1995-01-03,0.0,11.426,15.872,26.958,143.7
1995-01-04,0.0,9.451,16.646,24.969,139.5
1995-01-05,0.904,10.116,16.118,25.385,135.4
1995-01-06,0.769,10.347,16.476,25.92,134.8
1995-01-07,0.0,11.477,16.41,27.319,123.6
1995-01-08,0.087,9.535,17.288,25.465,129.5
1995-01-09,0.0,10.358,17.201,26.399,118.0
1995-01-10,0.12,8.825,16.309,23.792,118.4
1995-01-11,0.0,11.543,15.49,26.698,109.2
1995-01-12,0.0,9.571,16.899,25.118,105.7
1995-01-13,0.0,9.502,17.09,25.135,102.4
1995-01-14,0.0,12.51,14.986,27.514,99.9
1995-01-15,0.259,10.763,15.483,25.59,98.5
1995-01-16,3.077,10.986,15.424,25.819,153.2
1995-01-17,3.819,10.518,16.542,25.958,127.6
1995-01-18,0.0,12.222,16.58,28.094,102.4
1995-01-19,27.244,12.245,16.271,27.896,132.1
1995-01-20,25.124,9.418,17.601,25.292,147.0
1995-01-21,0.0,10.226,16.302,25.344,110.7
1995-01-22,1.445,11.049,15.781,25.979,97.6
1995-01-23,1.237,13.559,14.198,28.122,92.2
1995-01-24,17.425,11.665,16.573,27.24,90.6
1995-01-25,8.84,12.203,16.122,27.576,146.3
1995-01-26,0.0,11.85,16.451,27.337,98.8
1995-01-27,7.798,12.684,16.691,28.49,123.7
1995-01-28,29.996,10.915,17.208,26.649,125.4
1995-01-29,8.037,13.408,16.184,29.014,102.3
1995-01-30,6.253,10.912,17.097,26.517,253.4
1995-01-31,0.843,11.888,16.715,27.451,127.2
1995-02-01,0.0,11.069,17.149,26.701,131.0
1995-02-02,0.0,12.378,17.295,28.389,107.7
1995-02-03,0.0,11.23,18.007,27.472,127.3
1995-02-04,2.712,11.592,17.226,27.319,118.1
1995-02-05,20.408,8.502,18.118,24.323,141.6
1995-02-06,0.823,10.73,17.823,26.639,128.4
1995-02-07,0.975,12.666,16.771,28.236,104.0
1995-02-08,1.071,13.711,16.191,29.083,96.2
1995-02-09,1.1,11.137,17.549,26.892,92.0
1995-02-10,2.325,12.876,16.799,28.382,88.7
1995-02-11,0.0,14.981,14.194,29.274,84.6
1995-02-12,0.0,14.368,13.906,28.309,81.9
1995-02-13,0.0,14.548,15.479,29.455,79.5
1995-02-14,0.0,13.42,16.462,28.698,78.0
1995-02-15,0.0,14.61,16.191,29.899,76.5
1995-02-16,0.054,15.321,14.476,29.66,75.0
1995-02-17,0.054,14.123,15.587,28.861,74.1
1995-02-18,0.145,12.959,16.642,28.122,78.9
1995-02-19,0.227,13.164,16.281,28.108,78.1
1995-02-20,8.831,12.541,17.139,27.917,77.1
1995-02-21,12.538,7.447,17.403,22.302,93.3
1995-02-22,11.137,10.755,16.438,25.333,87.6
1995-02-23,0.0,12.027,16.729,26.948,137.7
1995-02-24,0.181,9.681,17.792,24.997,119.0
1995-02-25,0.501,10.752,17.559,26.007,143.9
1995-02-26,0.489,8.35,16.688,22.663,118.4
1995-02-27,10.076,12.175,16.257,26.705,103.1
1995-02-28,1.488,11.334,17.573,26.622,99.8
1995-03-01,0.097,11.987,18.378,27.917,89.6
1995-03-02,12.425,11.678,17.573,26.983,87.5
1995-03-03,0.0,12.374,17.625,27.799,81.0
1995-03-04,6.954,10.248,18.688,26.198,97.0
1995-03-05,4.85,11.511,18.035,27.066,93.0
1995-03-06,0.164,13.19,17.646,28.663,94.5
1995-03-07,1.417,10.544,18.375,26.212,154.0
1995-03-08,3.557,11.773,18.372,27.562,148.0
1995-03-09,29.622,10.07,17.868,25.281,97.1
1995-03-10,14.476,9.614,17.708,24.691,94.7
1995-03-11,2.706,7.985,17.483,22.757,226.3
1995-03-12,11.782,11.268,17.306,26.177,232.7
1995-03-13,18.808,10.569,16.469,24.858,201.0
1995-03-14,0.0,12.555,15.587,26.465,137.7
1995-03-15,0.0,12.768,15.167,26.399,116.9
1995-03-16,0.0,11.06,16.549,25.361,104.3
1995-03-17,8.618,11.467,15.972,25.413,121.4
1995-03-18,0.0,10.301,16.896,24.781,98.9
1995-03-19,43.73,11.159,16.951,25.781,230.0
1995-03-20,4.436,9.763,17.108,24.299,142.9
1995-03-21,43.06,10.085,16.174,24.014,414.5
1995-03-22,34.281,10.744,16.24,24.75,490.7
1995-03-23,7.362,8.187,17.24,22.688,321.5
1995-03-24,2.633,9.964,16.854,24.285,250.6
1995-03-25,9.921,9.326,17.802,24.319,268.7
1995-03-26,23.157,12.056,16.253,26.212,224.0
1995-03-27,13.029,13.128,16.76,27.785,215.7
1995-03-28,41.092,11.351,17.42,26.264,307.8
1995-03-29,6.322,9.803,16.722,24.062,226.1
1995-03-30,13.836,12.222,16.312,26.438,203.1
1995-03-31,2.215,12.819,17.111,27.649,167.6
1995-04-01,27.114,10.998,17.545,25.924,312.7
1995-04-02,0.358,13.294,14.812,26.688,197.5
1995-04-03,2.586,13.097,16.156,27.361,234.0
1995-04-04,4.669,13.007,17.01,27.802,187.8
1995-04-05,0.59,12.598,17.326,27.566,161.7
1995-04-06,15.582,13.093,15.656,27.028,151.3
1995-04-07,11.173,11.328,16.997,25.938,155.3
1995-04-08,31.652,11.315,17.271,26.132,320.5
1995-04-09,1.798,10.356,17.663,25.347,199.1
1995-04-10,0.0,11.479,17.795,26.674,199.6
1995-04-11,11.399,13.343,16.972,28.201,169.9
1995-04-12,20.468,11.36,18.049,26.736,176.5
1995-04-13,3.495,11.004,17.878,26.226,146.3
1995-04-14,53.81,6.089,18.128,21.372,368.8
1995-04-15,3.332,9.631,16.663,23.826,275.8
1995-04-16,24.407,10.056,18.076,25.396,578.3
1995-04-17,37.695,7.587,17.938,22.67,434.4
1995-04-18,2.585,8.87,16.632,22.99,310.4
1995-04-19,28.839,9.129,16.83,23.427,464.7
1995-04-20,14.229,8.439,16.549,22.483,325.6
1995-04-21,22.417,8.635,17.611,23.528,283.3
1995-04-22,13.68,9.678,16.726,24.014,260.1
1995-04-23,0.934,11.293,17.167,26.139,218.6
1995-04-24,1.418,10.96,18.587,26.795,207.9
1995-04-25,1.044,10.672,18.378,26.33,189.0
1995-04-26,2.297,7.883,18.181,23.205,180.4
1995-04-27,5.583,10.532,17.389,25.49,444.4
1995-04-28,4.253,9.95,18.149,25.431,283.5
1995-04-29,80.852,7.029,17.552,21.885,327.1
1995-04-30,10.698,10.587,17.118,25.392,242.5
1995-05-01,6.396,11.666,16.941,26.521,332.1
1995-05-02,13.875,10.999,16.677,25.587,258.0
1995-05-03,1.372,11.498,17.646,26.865,226.4
1995-05-04,1.599,9.422,17.684,24.583,251.5
1995-05-05,52.036,11.679,16.656,26.396,208.9
1995-05-06,22.713,9.452,17.274,24.295,247.5
1995-05-07,29.758,8.991,17.312,23.844,320.1
1995-05-08,0.811,9.735,17.347,24.694,232.2
1995-05-09,1.323,9.449,17.969,24.844,236.5
1995-05-10,1.097,11.436,16.625,26.177,201.6
1995-05-11,0.0,11.228,16.365,25.753,180.8
1995-05-12,2.106,11.513,17.42,26.823,169.2
1995-05-13,17.965,10.472,17.323,25.569,181.1
1995-05-14,34.421,9.195,17.045,23.917,247.2
1995-05-15,1.375,10.788,17.76,26.288,176.3
1995-05-16,36.41,7.286,17.896,22.549,634.9
1995-05-17,10.395,9.11,16.326,23.33,715.1
1995-05-18,4.513,10.46,15.615,24.413,448.9
1995-05-19,0.0,10.063,17.365,25.243,327.0
1995-05-20,0.0,12.502,16.104,27.236,273.2
1995-05-21,1.252,10.891,17.33,26.215,253.1
1995-05-22,24.465,10.436,16.312,24.965,317.3
1995-05-23,16.757,11.743,16.264,26.476,278.7
1995-05-24,21.827,10.39,15.229,24.122,318.3
1995-05-25,32.191,7.912,17.312,22.837,399.1
1995-05-26,13.707,8.212,17.215,23.125,304.3
1995-05-27,30.688,9.889,17.868,25.51,345.2
1995-05-28,10.013,10.217,17.139,25.354,302.9
1995-05-29,45.178,9.725,18.062,25.5,371.0
1995-05-30,31.453,9.187,17.948,24.767,590.2
1995-05-31,2.505,12.083,16.444,27.104,375.4
1995-06-01,17.048,9.282,17.59,24.639,337.2
1995-06-02,16.885,7.918,16.319,22.16,342.0
1995-06-03,13.131,8.909,16.569,23.483,423.8
1995-06-04,4.846,10.547,17.628,26.16,316.5
1995-06-05,38.618,8.488,18.375,24.385,459.9
1995-06-06,9.998,8.264,17.896,23.771,346.1
1995-06-07,11.578,9.767,16.594,24.514,372.9
1995-06-08,14.655,8.764,16.667,23.424,425.2
1995-06-09,6.51,9.242,16.16,23.608,300.5
1995-06-10,0.645,10.593,17.594,26.264,264.1
1995-06-11,9.79,11.637,17.538,27.448,242.8
1995-06-12,21.483,12.083,17.306,27.792,239.9
1995-06-13,26.243,10.797,17.698,26.566,305.4
1995-06-14,14.932,9.334,17.365,24.632,391.3
1995-06-15,3.045,9.176,17.49,24.538,260.3
1995-06-16,0.557,8.654,17.372,23.872,263.6
1995-06-17,10.123,10.675,16.507,25.622,262.7
1995-06-18,17.364,10.255,16.451,25.115,306.4
1995-06-19,6.596,10.391,16.965,25.583,231.1
1995-06-20,0.0,9.989,17.299,25.368,205.8
1995-06-21,14.558,10.701,17.028,26.031,222.3
1995-06-22,0.0,11.621,15.983,26.399,181.9
1995-06-23,6.472,11.141,16.365,26.08,172.5
1995-06-24,9.445,7.461,17.163,22.34,182.3
1995-06-25,9.296,11.124,16.594,26.226,200.8
1995-06-26,5.617,11.016,15.781,25.538,178.3
1995-06-27,0.0,11.921,16.205,26.903,162.7
1995-06-28,2.06,11.238,16.389,26.222,146.4
1995-06-29,23.161,11.26,16.632,26.417,289.9
1995-06-30,12.502,11.369,16.674,26.538,181.3
1995-07-01,6.37,11.992,16.049,26.868,178.2
1995-07-02,0.0,13.185,14.983,27.625,205.0
1995-07-03,5.871,11.221,15.094,25.26,147.3
1995-07-04,4.928,11.259,15.33,25.465,141.1
1995-07-05,15.921,9.528,15.521,23.476,126.3
1995-07-06,22.0,8.08,16.684,22.649,228.9
1995-07-07,12.507,9.423,15.448,23.326,232.2
1995-07-08,0.0,11.614,14.708,25.472,148.1
1995-07-09,8.9,12.087,14.451,25.858,251.7
1995-07-10,10.615,12.184,14.934,26.292,182.7
1995-07-11,0.0,12.034,14.816,26.014,144.6
1995-07-12,0.0,12.865,15.038,27.184,133.6
1995-07-13,5.382,12.07,15.722,26.642,129.2
1995-07-14,15.858,10.416,15.854,24.729,277.1
1995-07-15,0.0,13.246,15.76,28.073,149.0
1995-07-16,31.211,11.958,15.979,26.646,219.2
1995-07-17,15.869,10.602,16.719,25.58,205.2
1995-07-18,19.75,11.05,15.816,25.417,257.4
1995-07-19,18.824,11.134,16.448,25.979,238.1
1995-07-20,25.171,11.609,15.948,26.167,310.4
1995-07-21,13.252,10.036,16.17,24.431,340.3
1995-07-22,8.451,11.564,16.712,26.611,253.8
1995-07-23,20.802,12.432,15.458,26.795,254.0
1995-07-24,9.262,10.426,16.628,25.181,249.6
1995-07-25,5.892,12.544,15.972,27.24,244.3
1995-07-26,30.865,9.547,16.229,23.837,209.6
1995-07-27,15.522,9.805,15.219,23.472,348.5
1995-07-28,3.952,8.403,15.267,21.799,281.8
1995-07-29,4.154,10.416,15.747,24.493,276.8
1995-07-30,14.105,12.318,15.135,26.333,232.9
1995-07-31,25.436,12.625,15.573,26.979,255.3
1995-08-01,35.752,9.239,16.771,23.826,243.0
1995-08-02,10.06,8.587,15.076,21.851,325.0
1995-08-03,24.273,8.936,15.653,22.663,295.4
1995-08-04,4.771,10.044,15.538,23.833,314.0
1995-08-05,0.705,10.698,14.767,24.062,236.4
1995-08-06,13.652,10.592,16.118,24.861,239.0
1995-08-07,0.0,13.332,14.833,27.25,188.0
1995-08-08,0.0,11.728,14.851,25.319,184.4
1995-08-09,3.193,12.289,14.368,25.642,166.5
1995-08-10,1.869,10.101,16.872,24.778,179.9
1995-08-11,5.369,9.277,16.201,23.326,240.5
1995-08-12,9.58,11.137,15.299,24.858,195.3
1995-08-13,5.504,10.716,14.389,23.736,172.0
1995-08-14,0.102,14.091,14.413,27.75,153.4
1995-08-15,18.219,10.248,16.493,24.611,234.5
1995-08-16,13.379,9.785,16.247,23.913,208.5
1995-08-17,5.048,11.507,14.931,25.003,167.4
1995-08-18,13.407,10.837,16.177,25.059,199.9
1995-08-19,11.72,10.297,16.306,24.507,188.8
1995-08-20,17.059,9.86,16.795,24.368,202.1
1995-08-21,16.496,11.242,16.014,25.396,347.5
1995-08-22,0.0,13.963,15.014,27.889,204.9
1995-08-23,35.378,10.662,16.306,24.903,592.8
1995-08-24,0.0,11.002,16.226,25.233,251.6
1995-08-25,30.534,9.424,16.92,23.903,256.2
1995-08-26,12.985,11.042,16.295,25.302,345.2
1995-08-27,15.054,10.105,17.045,24.733,381.6
1995-08-28,1.482,10.224,16.809,24.708,266.4
1995-08-29,5.6,11.792,17.014,26.67,235.6
1995-08-30,0.0,13.654,15.448,27.757,206.5
1995-08-31,0.0,12.723,15.885,26.955,191.1
1995-09-01,0.075,13.581,15.153,27.448,176.7
1995-09-02,5.831,13.47,14.99,27.181,165.2
1995-09-03,2.34,13.272,15.712,27.438,155.5
1995-09-04,0.0,13.636,14.747,27.215,144.6
1995-09-05,0.0,12.816,14.997,26.403,137.4
1995-09-06,0.0,13.776,15.17,27.639,137.6
1995-09-07,0.37,10.151,16.42,24.288,131.5
1995-09-08,4.534,10.538,16.799,25.01,135.2
1995-09-09,0.418,10.914,16.465,25.236,126.8
1995-09-10,20.69,13.346,16.438,28.021,176.4
1995-09-11,19.385,11.888,16.642,26.441,139.1
1995-09-12,0.88,10.293,15.878,24.059,131.9
1995-09-13,10.826,10.475,16.469,24.712,142.0
1995-09-14,16.798,9.038,16.09,22.809,248.1
1995-09-15,0.193,9.226,15.917,22.896,154.9
1995-09-16,11.097,9.986,15.708,23.59,205.7
1995-09-17,2.202,9.71,15.899,23.444,154.1
1995-09-18,11.977,9.767,15.688,23.406,175.4
1995-09-19,1.719,12.326,16.802,27.111,143.9
1995-09-20,13.206,13.023,15.639,27.146,134.8
1995-09-21,15.888,12.152,17.038,27.09,141.7
1995-09-22,7.669,10.156,17.108,24.858,230.6
1995-09-23,18.043,10.479,16.91,25.073,247.8
1995-09-24,16.295,12.199,15.812,26.306,184.8
1995-09-25,17.101,10.282,17.438,25.26,252.3
1995-09-26,26.082,13.258,16.493,28.021,265.4
1995-09-27,0.434,11.211,16.663,25.84,210.4
1995-09-28,0.0,13.509,15.108,27.444,203.5
1995-09-29,18.711,11.481,16.469,26.007,287.8
1995-09-30,21.425,9.282,16.441,23.451,411.5
1995-10-01,10.637,8.933,17.205,23.688,466.0
1995-10-02,0.0,11.602,17.34,26.806,291.2
1995-10-03,0.0,12.669,17.201,27.906,242.5
1995-10-04,2.311,12.089,17.149,27.222,236.2
1995-10-05,15.34,11.347,17.201,26.413,397.3
1995-10-06,8.811,10.844,16.503,25.351,282.3
1995-10-07,27.085,8.537,17.83,23.771,441.6
1995-10-08,0.0,9.959,15.309,23.5,252.4
1995-10-09,38.049,6.133,17.59,21.115,378.8
1995-10-10,0.0,6.488,16.885,20.854,267.6
1995-10-11,16.247,10.083,16.08,24.25,261.9
1995-10-12,15.22,9.508,15.639,23.333,236.8
1995-10-13,12.165,10.323,17.403,25.5,237.9
1995-10-14,5.787,9.016,17.299,23.979,256.2
1995-10-15,0.616,10.473,16.774,25.278,217.4
1995-10-16,26.095,9.887,16.691,24.556,351.4
1995-10-17,11.351,8.754,17.194,23.649,289.2
1995-10-18,3.458,7.632,16.483,21.854,285.7
1995-10-19,0.706,7.304,16.684,21.684,247.0
1995-10-20,2.885,8.189,15.681,21.938,252.7
1995-10-21,5.868,8.833,16.253,23.115,223.1
1995-10-22,2.815,8.632,16.399,23.017,274.4
1995-10-23,3.755,10.478,15.875,24.809,218.5
1995-10-24,12.093,10.335,16.09,24.858,231.1
1995-10-25,1.864,8.914,15.101,22.417,214.3
1995-10-26,4.205,7.962,15.955,21.955,267.6
1995-10-27,27.122,5.772,16.74,20.24,264.0
1995-10-28,0.0,8.498,15.271,22.122,243.6
1995-10-29,23.754,9.993,15.51,24.122,379.9
1995-10-30,11.095,9.533,16.021,23.958,279.0
1995-10-31,23.485,8.495,15.757,22.51,554.7
1995-11-01,13.341,9.511,14.587,22.92,383.0
1995-11-02,0.752,11.093,14.604,24.934,304.0
1995-11-03,0.0,7.912,15.851,21.944,264.1
1995-11-04,14.003,8.138,16.017,22.41,341.2
1995-11-05,9.293,9.246,15.448,23.323,241.3
1995-11-06,10.59,10.464,16.156,25.347,279.0
1995-11-07,31.177,9.156,15.931,23.552,360.2
1995-11-08,25.021,8.141,15.094,21.792,404.5
1995-11-09,0.629,9.594,16.271,24.413,331.3
1995-11-10,0.0,7.302,16.132,21.587,266.4
1995-11-11,11.915,8.271,16.469,22.986,341.7
1995-11-12,2.687,6.896,16.573,21.458,408.2
1995-11-13,6.769,6.65,16.611,21.257,423.6
1995-11-14,12.464,6.935,16.642,21.611,573.9
1995-11-15,20.369,9.24,16.903,24.576,450.5
1995-11-16,22.771,10.302,16.26,25.441,339.2
1995-11-17,11.637,9.698,15.753,24.344,310.9
1995-11-18,6.636,7.968,14.951,21.628,329.8
1995-11-19,10.921,8.547,16.424,23.431,288.1
1995-11-20,0.195,9.832,16.872,25.378,287.2
1995-11-21,17.461,6.863,17.003,21.913,290.4
1995-11-22,26.126,8.87,16.993,24.312,457.3
1995-11-23,9.74,10.097,16.694,25.628,544.9
1995-11-24,0.0,10.702,17.16,26.76,307.5
1995-11-25,25.775,7.783,17.212,23.17,546.7
1995-11-26,7.178,8.723,16.476,23.816,595.3
1995-11-27,0.0,9.867,16.302,25.135,508.1
1995-11-28,0.0,9.301,17.302,25.16,356.4
1995-11-29,0.0,8.67,17.003,24.174,308.6
1995-11-30,1.281,9.677,16.913,25.365,304.6
1995-12-01,5.12,9.87,17.969,26.392,291.5
1995-12-02,8.723,9.84,16.802,25.524,305.6
1995-12-03,4.25,10.192,16.483,25.795,337.1
1995-12-04,43.039,8.255,17.438,24.035,390.0
1995-12-05,1.65,8.508,16.976,24.024,369.0
1995-12-06,40.546,8.727,16.479,23.938,688.0
1995-12-07,1.502,5.981,17.069,21.111,429.2
1995-12-08,0.107,9.202,16.413,24.51,355.0
1995-12-09,0.0,8.359,16.271,23.33,322.1
1995-12-10,0.643,7.005,17.177,22.365,346.0
1995-12-11,62.806,8.421,16.451,23.538,399.5
1995-12-12,0.341,8.486,16.344,23.594,417.4
1995-12-13,5.905,8.291,17.066,23.844,486.5
1995-12-14,3.405,7.57,17.087,23.017,563.6
1995-12-15,4.302,8.061,17.083,23.639,558.8
1995-12-16,7.711,8.826,16.931,24.469,502.1
1995-12-17,3.674,8.873,17.382,24.833,407.7
1995-12-18,17.519,8.87,16.208,23.983,576.8
1995-12-19,21.631,8.858,17.483,24.92,486.5
1995-12-20,16.602,9.728,15.997,24.944,471.1
1995-12-21,9.572,8.86,15.337,23.337,415.0
1995-12-22,0.0,10.474,14.441,24.84,316.2
1995-12-23,24.698,9.933,15.753,25.069,349.6
1995-12-24,12.325,10.283,15.354,25.215,298.3
1995-12-25,0.0,7.769,16.601,22.906,316.1
1995-12-26,8.563,8.779,15.128,23.09,429.1
1995-12-27,4.23,9.678,14.913,24.083,393.5
1995-12-28,3.557,10.918,15.733,26.229,315.7
1995-12-29,14.069,9.686,15.823,24.698,377.8
1995-12-30,9.596,9.325,16.635,24.826,392.1
1995-12-31,0.0,11.171,15.917,26.729,304.6
1996-01-01,0.0,9.202,14.417,23.08,357.3
1996-01-02,0.0,10.592,14.878,25.208,352.9
1996-01-03,0.0,9.828,17.222,25.847,324.8
1996-01-04,0.678,10.856,15.705,26.09,336.9
1996-01-05,1.502,11.119,15.358,26.188,340.5
1996-01-06,12.548,10.907,14.861,25.556,389.9
1996-01-07,0.0,10.371,14.889,24.847,323.8
1996-01-08,8.865,10.318,15.684,25.319,364.4
1996-01-09,0.0,9.047,16.028,23.917,333.4
1996-01-10,17.239,11.093,14.458,25.458,408.2
1996-01-11,0.0,9.611,16.222,24.764,371.2
1996-01-12,10.195,9.607,15.288,24.073,384.7
1996-01-13,55.536,8.913,15.438,23.264,487.0
1996-01-14,18.412,7.833,15.392,21.833,504.0
1996-01-15,5.014,8.687,17.271,24.288,412.8
1996-01-16,34.578,9.571,15.833,24.347,405.3
1996-01-17,8.523,8.364,15.559,22.573,448.4
1996-01-18,3.427,7.654,15.472,21.642,415.4
1996-01-19,11.883,7.771,15.417,21.701,446.6
1996-01-20,0.0,8.581,14.774,22.24,372.4
1996-01-21,0.0,8.711,15.09,22.597,358.0
1996-01-22,26.464,6.706,16.385,21.16,342.4
1996-01-23,0.0,7.724,15.92,21.976,313.6
1996-01-24,1.073,8.372,15.833,22.667,325.6
1996-01-25,17.272,7.308,16.781,22.115,389.6
1996-01-26,0.0,9.827,16.99,25.24,368.8
1996-01-27,0.0,10.282,16.733,25.597,348.4
1996-01-28,1.32,9.312,15.858,23.753,355.6
1996-01-29,12.315,9.317,16.222,23.972,311.2
1996-01-30,1.322,9.848,15.99,24.476,273.1
1996-01-31,1.936,8.862,15.243,22.694,261.8
1996-02-01,5.402,10.121,13.795,23.205,344.5
1996-02-02,12.14,11.342,14.059,24.934,346.7
1996-02-03,0.205,9.809,16.903,24.986,295.0
1996-02-04,50.665,8.987,14.958,22.569,460.2
1996-02-05,0.0,6.923,15.497,20.503,329.0
1996-02-06,0.0,8.071,15.281,21.611,335.2
1996-02-07,10.193,7.712,16.236,21.938,340.0
1996-02-08,0.207,8.411,15.812,22.441,340.0
1996-02-09,10.479,11.152,15.295,25.33,383.4
1996-02-10,29.46,10.304,14.674,23.833,329.2
1996-02-11,4.301,11.07,15.486,25.299,311.2
1996-02-12,0.0,11.872,15.33,26.149,277.7
1996-02-13,4.394,10.579,15.326,24.535,268.6
1996-02-14,0.0,11.119,14.823,24.819,233.0
1996-02-15,10.803,10.751,15.986,25.146,220.8
1996-02-16,28.601,10.802,17.122,26.007,278.3
1996-02-17,34.543,8.959,15.75,22.858,536.3
1996-02-18,3.076,10.942,15.771,25.146,285.1
1996-02-19,2.978,12.165,15.816,26.618,259.3
1996-02-20,16.008,12.444,15.976,27.031,321.3
1996-02-21,0.0,9.062,17.031,23.809,243.2
1996-02-22,8.87,8.418,15.931,22.236,254.7
1996-02-23,0.0,11.025,16.514,25.674,223.0
1996-02-24,2.989,10.408,16.253,24.708,442.9
1996-02-25,5.078,12.608,15.101,26.524,318.4
1996-02-26,0.0,11.75,15.924,26.028,277.0
1996-02-27,19.135,10.294,15.962,24.333,245.6
1996-02-28,8.227,11.527,16.562,26.167,316.4
1996-02-29,11.338,9.991,16.191,24.146,527.0
1996-03-01,0.0,10.913,17.271,25.899,275.6
1996-03-02,44.195,10.029,17.319,24.924,506.6
1996-03-03,0.249,11.148,16.736,25.757,394.4
1996-03-04,0.0,11.258,16.458,25.677,398.6
1996-03-05,39.901,8.216,17.535,23.069,470.4
1996-03-06,8.329,7.271,17.069,21.715,451.2
1996-03-07,2.648,8.62,16.67,22.806,464.0
1996-03-08,15.82,8.012,16.653,22.149,428.5
1996-03-09,2.669,10.171,15.993,24.052,352.0
1996-03-10,56.173,7.729,17.441,22.444,374.2
1996-03-11,37.742,5.747,17.104,20.257,536.5
1996-03-12,0.0,7.69,16.635,21.806,364.0
1996-03-13,0.0,9.849,16.556,24.056,390.6
1996-03-14,0.236,9.279,16.969,23.701,304.0
1996-03-15,0.0,7.814,16.094,21.434,255.9
1996-03-16,0.0,8.739,16.049,22.385,395.0
1996-03-17,0.0,9.248,16.802,23.524,290.9
1996-03-18,0.0,12.14,17.135,26.979,259.3
1996-03-19,0.0,11.413,16.323,25.604,238.6
1996-03-20,0.0,11.21,14.681,24.212,399.2
1996-03-21,13.667,9.335,16.472,23.344,294.4
1996-03-22,25.236,8.653,16.608,22.708,261.6
1996-03-23,1.503,10.349,16.097,24.184,278.3
1996-03-24,4.11,11.142,16.08,25.08,433.3
1996-03-25,11.306,11.687,15.924,25.573,404.1
1996-03-26,24.797,10.8,15.993,24.632,448.2
1996-03-27,22.436,11.96,15.326,25.465,311.2
1996-03-28,4.028,12.344,15.615,26.101,287.5
1996-03-29,8.338,12.259,15.309,25.799,294.9
1996-03-30,10.62,10.978,16.17,24.948,411.6
1996-03-31,2.362,11.053,16.167,25.007,298.0
1996-04-01,6.88,10.185,17.236,24.806,407.8
1996-04-02,11.862,9.686,16.799,23.948,464.8
1996-04-03,21.69,8.652,16.524,22.622,574.1
1996-04-04,0.784,10.907,16.306,24.955,356.8
1996-04-05,23.422,9.91,16.885,24.25,387.3
1996-04-06,1.103,9.027,17.424,23.694,320.8
1996-04-07,7.1,10.583,16.885,24.997,278.9
1996-04-08,2.303,10.694,16.844,25.108,272.0
1996-04-09,33.859,11.469,16.566,25.812,327.1
1996-04-10,3.755,8.699,16.5,22.677,448.6
1996-04-11,0.0,8.562,16.243,22.347,270.9
1996-04-12,39.332,8.499,17.083,22.934,323.5
1996-04-13,2.183,10.218,16.837,24.642,268.6
1996-04-14,9.503,9.815,17.125,24.389,262.8
1996-04-15,17.13,8.805,17.472,23.566,426.6
1996-04-16,0.0,8.532,17.205,23.049,512.5
1996-04-17,1.183,11.711,15.038,25.08,343.6
1996-04-18,13.891,10.139,16.115,24.059,406.5
1996-04-19,5.235,8.937,16.26,22.795,359.8
1996-04-20,4.731,10.044,15.573,23.566,310.1
1996-04-21,9.847,10.012,15.837,23.715,262.8
1996-04-22,30.54,9.18,16.132,23.017,328.0
1996-04-23,30.844,9.598,15.948,23.33,414.5
1996-04-24,0.0,8.133,15.653,21.497,292.2
1996-04-25,0.0,9.518,15.969,23.34,288.9
1996-04-26,49.725,10.753,15.715,24.524,294.8
1996-04-27,3.538,10.632,16.344,24.868,300.7
1996-04-28,6.027,8.474,16.861,22.84,266.4
1996-04-29,2.096,9.099,16.562,23.306,439.7
1996-04-30,4.519,8.372,17.17,22.99,385.0
1996-05-01,18.375,8.815,17.222,23.517,433.9
1996-05-02,0.0,10.5,15.976,24.521,307.6
1996-05-03,10.205,8.964,17.878,24.208,289.6
1996-05-04,9.028,9.463,17.635,24.576,318.4
1996-05-05,21.605,9.133,17.128,23.865,521.8
1996-05-06,33.86,8.684,17.372,23.528,289.7
1996-05-07,15.146,8.978,16.681,23.333,425.9
1996-05-08,24.087,8.55,16.799,23.003,942.7
1996-05-09,1.478,8.619,17.67,23.726,416.6
1996-05-10,1.882,10.138,17.101,25.028,375.0
1996-05-11,20.207,8.312,16.729,22.681,306.4
1996-05-12,43.967,4.888,18.181,20.497,645.9
1996-05-13,0.681,8.787,15.979,22.688,332.8
1996-05-14,16.548,8.545,17.007,23.181,451.9
1996-05-15,2.758,10.239,15.552,24.132,316.0
1996-05-16,48.149,10.159,16.326,24.583,380.5
1996-05-17,0.261,7.654,17.042,22.281,450.2
1996-05-18,0.0,12.039,16.031,26.618,373.6
1996-05-19,24.85,9.515,15.778,23.455,396.4
1996-05-20,18.643,8.793,15.587,22.5,356.8
1996-05-21,0.0,10.854,15.087,24.615,410.6
1996-05-22,0.0,12.658,13.892,26.021,323.2
1996-05-23,28.508,9.028,15.476,22.729,440.0
1996-05-24,1.66,8.998,15.497,22.722,304.0
1996-05-25,9.161,8.957,16.042,23.052,366.4
1996-05-26,21.417,9.293,16.236,23.604,517.4
1996-05-27,16.618,9.127,16.979,23.972,677.3
1996-05-28,11.247,10.47,16.559,25.274,373.6
1996-05-29,41.77,9.31,15.549,23.156,428.3
1996-05-30,8.421,8.5,15.632,22.24,365.2
1996-05-31,31.192,11.078,15.375,25.17,697.9
1996-06-01,6.897,11.377,16.003,25.986,424.5
1996-06-02,8.485,8.604,16.705,23.215,472.2
1996-06-03,0.744,9.266,15.753,23.271,344.8
1996-06-04,17.58,6.663,17.233,21.521,474.7
1996-06-05,18.969,7.934,16.785,22.535,423.7
1996-06-06,0.638,9.698,15.941,23.962,324.4
1996-06-07,0.0,11.29,15.146,25.351,288.4
1996-06-08,0.0,10.995,14.08,24.26,261.6
1996-06-09,0.0,13.331,14.302,27.333,238.6
1996-06-10,0.0,13.611,14.889,28.069,342.4
1996-06-11,11.354,11.861,14.76,25.795,230.0
1996-06-12,1.753,10.942,16.115,25.618,208.7
1996-06-13,0.866,9.619,16.674,24.441,191.1
1996-06-14,10.642,10.945,15.66,25.309,288.6
1996-06-15,15.005,10.453,16.378,25.215,242.3
1996-06-16,13.57,10.259,16.347,24.99,194.6
1996-06-17,0.714,10.198,16.615,25.153,190.2
1996-06-18,9.415,10.112,15.997,24.556,293.9
1996-06-19,4.022,12.017,16.267,27.049,194.6
1996-06-20,15.985,10.005,15.771,24.274,387.0
1996-06-21,6.772,9.829,16.51,24.587,212.0
1996-06-22,2.654,10.812,15.566,25.125,266.4
1996-06-23,0.0,10.063,16.205,24.649,188.0
1996-06-24,13.81,10.45,15.878,24.913,232.6
1996-06-25,20.893,8.94,17.062,23.934,383.3
1996-06-26,8.023,8.713,15.656,22.653,285.5
1996-06-27,12.227,9.493,16.073,23.882,345.9
1996-06-28,16.179,5.688,16.42,19.878,903.4
1996-06-29,61.339,8.691,15.889,22.785,393.0
1996-06-30,12.686,7.992,15.656,21.799,359.2
1996-07-01,1.502,7.8,16.66,22.309,280.2
1996-07-02,16.476,7.129,15.872,20.997,563.4
1996-07-03,0.407,10.967,14.292,24.42,353.2
1996-07-04,3.616,11.329,15.222,25.5,311.2
1996-07-05,5.918,10.733,14.632,24.382,287.2
1996-07-06,1.517,11.19,14.333,24.701,257.0
1996-07-07,7.064,9.917,14.785,23.406,238.6
1996-07-08,19.634,11.458,14.326,25.017,243.4
1996-07-09,2.17,10.522,14.792,24.181,220.8
1996-07-10,9.359,9.807,14.49,23.056,300.4
1996-07-11,5.993,11.099,16.194,25.816,259.8
1996-07-12,9.04,9.346,17.285,24.528,209.8
1996-07-13,4.246,9.584,16.566,24.26,289.4
1996-07-14,0.0,11.401,16.135,26.132,182.0
1996-07-15,0.0,12.221,14.979,26.306,171.0
1996-07-16,0.1,12.423,14.684,26.354,160.0
1996-07-17,0.0,12.02,14.392,25.653,152.0
1996-07-18,0.0,11.915,14.302,25.438,144.5
1996-07-19,0.0,13.83,13.861,27.5,138.9
1996-07-20,0.148,10.703,15.819,24.979,132.4
1996-07-21,6.616,12.489,15.128,26.646,134.3
1996-07-22,5.804,11.39,15.438,25.51,122.3
1996-07-23,0.141,13.376,14.788,27.465,117.6
1996-07-24,0.0,12.552,15.132,26.681,119.5
1996-07-25,8.458,12.474,16.191,27.26,163.4
1996-07-26,5.208,9.755,16.764,24.455,130.9
1996-07-27,19.194,11.315,15.764,25.559,170.6
1996-07-28,35.704,8.285,16.812,22.806,236.4
1996-07-29,0.0,10.803,14.667,24.177,157.4
1996-07-30,9.446,10.228,15.517,24.076,130.6
1996-07-31,0.0,13.521,14.861,27.58,121.3
1996-08-01,7.368,12.784,15.587,27.16,151.7
1996-08-02,0.14,12.499,13.788,25.583,121.2
1996-08-03,6.58,13.013,14.069,26.399,149.7
1996-08-04,0.0,11.106,16.438,25.698,118.5
1996-08-05,4.171,11.744,16.302,26.326,123.8
1996-08-06,6.63,11.599,16.649,26.361,136.4
1996-08-07,9.185,10.126,16.646,24.66,127.8
1996-08-08,0.0,13.987,14.354,27.677,113.1
1996-08-09,12.42,13.477,14.566,27.198,205.8
1996-08-10,20.166,11.861,15.24,25.681,319.5
1996-08-11,0.111,12.777,14.288,26.142,169.9
1996-08-12,0.043,13.114,14.628,26.753,153.2
1996-08-13,0.448,13.816,14.316,27.347,131.5
1996-08-14,0.0,13.875,14.948,27.837,123.2
1996-08-15,8.833,10.847,15.153,24.351,114.9
1996-08-16,0.0,12.387,15.858,26.639,105.6
1996-08-17,6.666,14.32,14.67,28.128,102.3
1996-08-18,7.004,11.742,15.094,25.337,102.0
1996-08-19,3.549,13.253,14.955,27.024,161.0
1996-08-20,6.376,12.874,15.632,27.01,122.6
1996-08-21,5.385,13.277,16.278,27.913,104.8
1996-08-22,2.287,10.99,16.073,25.108,160.7
1996-08-23,50.491,12.232,15.799,26.33,117.7
1996-08-24,4.501,13.449,15.889,27.774,181.2
1996-08-25,21.834,10.177,15.674,23.854,208.2
1996-08-26,39.783,9.997,16.295,24.094,288.8
1996-08-27,4.105,9.627,15.833,23.378,336.4
1996-08-28,13.005,12.7,15.118,26.41,217.3
1996-08-29,0.682,9.949,16.108,23.889,170.0
1996-08-30,0.636,10.593,16.222,24.694,158.4
1996-08-31,2.038,11.627,15.979,25.722,207.8
1996-09-01,0.0,12.092,15.753,26.101,159.3
1996-09-02,24.937,10.257,17.035,24.906,151.6
1996-09-03,1.525,11.432,16.229,25.656,188.1
1996-09-04,4.143,11.884,16.215,26.174,211.0
1996-09-05,3.156,11.394,17.062,26.208,166.7
1996-09-06,13.344,11.447,15.427,25.087,229.7
1996-09-07,0.0,13.301,15.326,27.205,161.0
1996-09-08,14.011,11.027,15.913,24.972,174.7
1996-09-09,3.065,12.327,16.809,27.076,164.8
1996-09-10,0.0,10.983,16.365,25.229,137.1
1996-09-11,5.271,14.789,14.25,28.281,153.4
1996-09-12,0.669,13.379,16.462,28.052,137.1
1996-09-13,5.067,12.418,16.003,26.646,128.3
1996-09-14,6.48,13.249,16.799,28.115,123.2
1996-09-15,6.432,11.716,17.0,26.51,135.4
1996-09-16,0.0,13.301,16.778,28.17,109.7
1996-09-17,7.699,11.785,16.194,26.056,185.6
1996-09-18,0.0,13.698,15.872,28.049,141.5
1996-09-19,20.611,13.004,17.226,28.132,130.2
1996-09-20,25.889,12.295,16.323,26.74,238.9
1996-09-21,12.434,12.277,16.312,26.736,179.6
1996-09-22,0.0,14.27,16.51,29.17,135.5
1996-09-23,8.51,14.828,16.76,29.962,139.0
1996-09-24,17.212,9.721,16.799,24.156,202.6
1996-09-25,21.302,11.593,16.681,26.219,278.5
1996-09-26,14.166,12.438,15.927,26.701,233.0
1996-09-27,11.814,11.096,16.559,25.597,177.9
1996-09-28,16.705,12.028,16.205,26.438,245.6
1996-09-29,1.409,9.541,16.851,24.073,206.7
1996-09-30,20.724,8.775,16.812,23.194,200.6
1996-10-01,11.293,10.256,17.323,25.215,257.8
1996-10-02,19.553,12.984,16.698,27.951,273.0
1996-10-03,30.963,13.021,16.58,27.91,395.0
1996-10-04,0.232,7.749,17.413,22.573,259.4
1996-10-05,0.293,11.11,16.618,25.764,231.5
1996-10-06,16.625,10.542,17.111,25.483,201.1
1996-10-07,8.449,8.265,16.75,22.694,177.0
1996-10-08,13.171,10.251,16.073,24.42,218.9
1996-10-09,0.0,9.189,15.976,23.184,179.2
1996-10-10,20.62,8.435,15.462,21.913,241.4
1996-10-11,3.869,10.906,16.368,25.444,328.1
1996-10-12,23.683,8.944,17.108,23.767,314.9
1996-10-13,2.416,8.818,16.073,22.83,238.7
1996-10-14,21.618,8.904,15.868,22.819,378.5
1996-10-15,37.041,9.398,16.694,23.997,402.1
1996-10-16,0.0,8.2,16.337,22.413,295.3
1996-10-17,0.0,10.971,15.795,25.278,253.3
1996-10-18,51.208,7.589,16.781,22.17,292.6
1996-10-19,0.0,10.672,15.104,24.451,229.9
1996-10-20,9.902,9.244,15.941,23.365,239.2
1996-10-21,3.329,9.614,15.573,23.583,260.5
1996-10-22,8.75,10.176,15.26,24.035,291.8
1996-10-23,1.974,9.628,15.469,23.514,223.0
1996-10-24,0.091,11.745,15.878,26.434,216.2
1996-10-25,11.818,10.741,15.618,25.035,273.9
1996-10-26,0.0,12.169,16.076,27.135,198.2
1996-10-27,0.177,11.649,16.128,26.545,186.4
1996-10-28,58.055,8.849,16.069,23.125,358.6
1996-10-29,1.128,8.775,16.542,23.444,236.6
1996-10-30,0.324,10.344,16.767,25.479,234.3
1996-10-31,0.0,10.733,17.316,26.382,192.3
1996-11-01,10.499,11.441,16.583,26.743,281.2
1996-11-02,11.993,11.631,16.726,27.083,346.7
1996-11-03,5.64,10.281,16.438,25.281,264.3
1996-11-04,12.343,10.717,17.038,26.229,367.0
1996-11-05,1.399,12.024,16.681,27.625,245.6
1996-11-06,1.72,12.093,16.764,27.767,239.6
1996-11-07,26.096,10.04,16.726,25.299,239.0
1996-11-08,0.0,7.684,16.917,22.604,207.7
1996-11-09,14.071,8.702,15.913,23.076,280.3
1996-11-10,0.0,9.66,16.427,24.663,198.8
1996-11-11,2.267,9.701,17.229,25.347,385.7
1996-11-12,0.072,10.089,17.271,25.847,254.5
1996-11-13,11.998,11.005,17.0,26.778,260.8
1996-11-14,22.955,8.173,17.229,23.507,404.8
1996-11-15,31.625,7.851,17.174,23.142,384.0
1996-11-16,18.485,9.024,16.486,24.066,277.9
1996-11-17,0.0,9.013,16.851,24.354,241.0
1996-11-18,7.626,10.168,15.566,24.878,324.0
1996-11-19,0.0,9.625,15.465,24.146,240.1
1996-11-20,0.0,10.337,15.351,24.962,210.9
1996-11-21,1.631,8.266,14.955,22.021,207.4
1996-11-22,15.304,8.581,16.674,23.715,182.2
1996-11-23,0.0,7.145,16.424,21.819,194.0
1996-11-24,0.556,8.156,16.816,23.358,215.4
1996-11-25,0.0,10.068,14.972,24.458,176.0
1996-11-26,2.17,11.026,16.361,26.684,177.3
1996-11-27,19.358,10.322,15.285,25.024,223.4
1996-11-28,31.932,9.389,16.67,24.819,352.5
1996-11-29,29.439,7.761,17.191,23.212,358.6
1996-11-30,2.218,9.905,16.451,25.358,321.2
1996-12-01,17.864,9.0,15.896,23.816,358.2
1996-12-02,4.679,10.693,15.653,25.847,333.0
1996-12-03,17.099,7.121,17.101,22.42,324.4
1996-12-04,47.379,9.271,16.219,24.403,542.7
1996-12-05,8.065,8.619,16.253,23.642,414.7
1996-12-06,44.082,7.418,17.17,22.878,544.2
1996-12-07,0.23,10.255,16.812,26.139,397.6
1996-12-08,0.986,10.168,15.094,24.84,352.1
1996-12-09,15.923,7.954,16.438,22.941,475.8
1996-12-10,0.0,9.513,16.826,25.219,327.3
1996-12-11,0.579,7.786,16.372,22.694,314.6
1996-12-12,21.029,7.69,16.233,22.5,409.5
1996-12-13,1.241,9.143,16.792,24.736,358.6
1996-12-14,0.0,9.62,16.622,25.25,295.0
1996-12-15,14.73,8.104,17.92,24.306,261.2
1996-12-16,0.0,9.312,16.958,25.083,234.1
1996-12-17,2.792,10.984,15.358,26.139,215.3
1996-12-18,5.465,10.837,15.174,25.823,200.1
1996-12-19,0.876,10.458,15.111,25.274,186.8
1996-12-20,0.0,11.479,14.962,26.521,181.0
1996-12-21,10.124,9.526,15.83,24.538,202.1
1996-12-22,1.351,9.897,16.837,25.705,222.8
1996-12-23,0.0,10.532,14.635,25.024,170.0
1996-12-24,0.25,10.124,16.663,25.927,241.1
1996-12-25,0.0,10.295,16.865,26.281,183.5
1996-12-26,0.0,10.04,16.087,25.385,199.4
1996-12-27,8.079,8.843,17.528,24.868,319.5
1996-12-28,0.0,8.448,17.375,24.274,260.4
1996-12-29,0.0,8.462,16.896,23.913,257.8
1996-12-30,0.0,7.591,17.521,23.319,241.5
1996-12-31,0.0,8.444,17.108,24.017,274.0
1997-01-01,1.441,8.236,16.333,23.188,237.9
1997-01-02,1.65,8.502,16.594,23.698,204.5
1997-01-03,0.03,9.023,17.167,24.764,204.4
1997-01-04,0.0,9.744,17.51,25.91,191.3
1997-01-05,0.0,9.76,16.319,25.035,167.2
1997-01-06,0.439,9.72,17.674,25.951,164.0
1997-01-07,0.756,8.592,17.142,24.153,193.8
1997-01-08,0.0,9.929,17.34,25.958,163.9
1997-01-09,0.0,8.784,17.26,24.455,231.6
1997-01-10,1.814,6.625,16.757,21.493,184.0
1997-01-11,0.3,8.866,16.531,23.997,173.9
1997-01-12,1.337,8.947,16.896,24.389,164.2
1997-01-13,0.266,9.908,15.844,24.778,170.7
1997-01-14,0.0,10.273,16.653,25.809,142.6
1997-01-15,17.703,8.251,18.215,24.483,164.2
1997-01-16,27.385,9.043,16.264,23.972,225.1
1997-01-17,2.961,8.505,17.26,24.035,206.4
1997-01-18,0.59,9.181,16.785,24.451,172.2
1997-01-19,1.672,9.951,15.597,24.538,149.9
1997-01-20,0.0,9.876,16.938,25.378,136.1
1997-01-21,0.0,8.649,18.108,24.76,167.1
1997-01-22,16.023,10.227,17.083,25.851,173.9
1997-01-23,14.503,10.763,15.931,25.712,163.4
1997-01-24,33.737,9.92,16.712,25.167,164.6
1997-01-25,8.197,9.265,17.142,24.674,223.6
1997-01-26,0.661,8.983,17.059,24.257,173.3
1997-01-27,19.842,9.34,17.476,24.969,187.0
1997-01-28,0.005,10.264,17.497,26.073,159.7
1997-01-29,0.373,9.677,17.038,25.021,156.4
1997-01-30,0.683,11.002,16.941,26.503,144.0
1997-01-31,0.0,10.538,16.503,25.618,130.3
1997-02-01,0.0,8.716,15.278,22.469,156.7
1997-02-02,0.831,8.685,15.91,22.913,170.6
1997-02-03,13.083,10.438,16.451,25.385,169.8
1997-02-04,26.86,10.234,16.115,24.892,303.0
1997-02-05,18.808,8.712,15.635,22.701,229.5
1997-02-06,1.586,10.005,15.628,24.208,182.4
1997-02-07,13.257,9.952,16.385,24.674,292.4
1997-02-08,7.54,9.411,16.875,24.333,285.9
1997-02-09,15.068,10.23,16.983,25.365,191.2
1997-02-10,25.407,11.382,15.59,25.757,314.3
1997-02-11,78.471,8.748,16.25,23.062,208.1
1997-02-12,0.0,11.471,16.229,26.267,344.4
1997-02-13,4.863,10.9,15.337,24.938,412.1
1997-02-14,7.361,11.95,16.122,26.698,250.9
1997-02-15,3.686,13.182,15.354,27.639,208.7
1997-02-16,16.187,11.116,16.76,26.066,343.3
1997-02-17,8.553,10.206,16.833,25.017,386.2
1997-02-18,12.058,10.597,16.674,25.365,449.9
1997-02-19,0.0,12.515,16.049,27.188,275.4
1997-02-20,2.311,12.19,16.316,26.965,271.5
1997-02-21,0.0,12.866,15.194,27.0,243.9
1997-02-22,3.956,11.726,17.108,26.889,321.8
1997-02-23,12.648,10.793,17.292,25.931,298.6
1997-02-24,0.077,12.187,16.556,27.003,231.9
1997-02-25,18.002,10.762,16.281,25.122,227.0
1997-02-26,0.0,11.699,17.917,27.34,199.0
1997-02-27,0.0,13.06,17.135,28.337,176.9
1997-02-28,0.0,12.759,16.569,27.576,163.4
1997-03-01,0.184,12.324,16.559,27.035,162.9
1997-03-02,41.219,11.862,17.615,27.208,210.9
1997-03-03,28.325,10.946,18.16,26.545,178.5
1997-03-04,0.0,11.951,17.444,27.177,146.3
1997-03-05,0.0,11.424,17.726,26.733,264.6
1997-03-06,0.0,13.054,17.184,28.208,172.6
1997-03-07,0.0,14.11,15.91,28.583,143.5
1997-03-08,0.0,14.137,15.726,28.465,132.4
1997-03-09,0.007,12.226,16.917,27.024,165.6
1997-03-10,0.01,11.811,17.882,27.219,135.9
1997-03-11,2.553,12.413,17.67,27.719,169.7
1997-03-12,2.553,12.392,18.424,28.201,228.0
1997-03-13,2.553,6.353,17.986,21.538,403.5
1997-03-14,2.553,14.03,16.951,29.024,212.4
1997-03-15,14.023,12.814,18.84,28.913,172.0
1997-03-16,22.939,10.488,17.913,25.75,252.7
1997-03-17,14.572,8.936,17.75,23.892,262.4
1997-03-18,1.689,6.393,17.753,21.34,236.2
1997-03-19,3.84,9.477,17.212,24.083,260.8
1997-03-20,3.99,11.027,16.299,25.125,207.2
1997-03-21,7.914,9.599,16.122,23.399,184.2
1997-03-22,0.058,12.368,15.785,26.295,168.4
1997-03-23,0.445,11.314,16.062,25.267,155.3
1997-03-24,0.0,11.637,16.74,26.069,143.5
1997-03-25,0.0,12.397,17.003,27.118,140.5
1997-03-26,5.657,10.758,17.299,25.51,146.6
1997-03-27,0.845,11.537,15.823,25.333,127.8
1997-03-28,1.656,10.262,16.267,24.198,128.4
1997-03-29,0.335,10.312,17.135,24.858,160.1
1997-03-30,32.783,10.717,17.41,25.5,144.4
1997-03-31,6.42,10.848,16.875,25.25,142.4
1997-04-01,0.0,9.162,17.406,23.826,188.7
1997-04-02,0.0,11.612,17.049,26.25,189.7
1997-04-03,3.828,13.242,16.319,27.594,175.3
1997-04-04,52.196,10.528,17.924,25.681,306.5
1997-04-05,4.613,10.771,17.226,25.458,303.9
1997-04-06,5.646,12.636,17.281,27.569,204.1
1997-04-07,17.016,11.753,17.243,26.545,230.1
1997-04-08,6.25,11.843,17.312,26.694,170.2
1997-04-09,25.952,10.37,18.441,25.924,306.2
1997-04-10,1.488,11.253,18.469,26.889,210.5
1997-04-11,6.257,10.472,18.569,26.135,323.7
1997-04-12,9.694,13.159,16.632,27.74,209.9
1997-04-13,6.506,13.905,17.49,29.149,179.0
1997-04-14,6.885,9.721,17.149,24.271,235.7
1997-04-15,9.154,13.434,16.806,28.205,224.7
1997-04-16,5.571,10.675,17.069,25.285,187.4
1997-04-17,23.451,9.999,17.771,25.073,317.5
1997-04-18,13.798,8.741,17.729,23.712,279.7
1997-04-19,27.981,8.98,17.014,23.444,212.6
1997-04-20,13.179,9.324,16.778,23.642,216.8
1997-04-21,15.082,8.233,17.125,22.712,259.3
1997-04-22,2.555,8.372,17.247,22.927,233.6
1997-04-23,5.549,8.829,16.243,22.712,211.8
1997-04-24,8.84,9.37,17.257,24.042,230.1
1997-04-25,11.94,9.242,15.625,22.719,229.1
1997-04-26,1.217,10.339,16.785,24.83,211.8
1997-04-27,1.185,12.441,15.913,26.649,244.5
1997-04-28,7.636,9.869,18.021,25.215,239.2
1997-04-29,0.0,12.283,17.122,27.288,187.4
1997-04-30,25.133,12.468,16.649,27.208,180.3
1997-05-01,0.0,12.203,16.08,26.521,161.0
1997-05-02,6.571,13.098,16.503,27.868,146.3
1997-05-03,0.0,12.776,16.712,27.663,137.0
1997-05-04,1.85,11.155,16.701,25.788,130.6
1997-05-05,0.0,12.071,16.646,26.812,125.9
1997-05-06,3.071,12.546,16.851,27.507,123.8
1997-05-07,14.033,12.573,16.531,27.333,138.0
1997-05-08,0.0,13.26,17.167,28.576,114.0
1997-05-09,14.297,11.776,17.653,27.212,108.9
1997-05-10,26.029,9.583,17.538,24.656,113.8
1997-05-11,14.755,6.252,17.372,21.045,261.9
1997-05-12,2.892,13.376,16.135,28.125,145.4
1997-05-13,12.972,11.335,17.715,26.84,238.8
1997-05-14,8.199,11.192,16.955,26.181,226.0
1997-05-15,13.494,12.037,15.955,26.465,172.9
1997-05-16,0.06,12.896,16.622,27.941,141.7
1997-05-17,8.021,13.415,16.059,28.205,160.9
1997-05-18,4.352,11.862,16.878,26.941,149.9
1997-05-19,3.257,13.241,16.326,28.205,126.0
1997-05-20,0.0,12.361,16.552,27.312,116.7
1997-05-21,0.0,13.79,16.399,28.944,110.5
1997-05-22,25.982,12.197,16.979,27.465,186.0
1997-05-23,7.381,12.446,17.083,27.858,194.9
1997-05-24,7.427,13.624,16.823,29.049,140.1
1997-05-25,17.432,11.57,17.493,27.128,126.7
1997-05-26,24.432,8.765,18.052,24.354,311.3
1997-05-27,6.249,9.904,17.747,25.424,225.6
1997-05-28,3.967,12.626,16.149,27.493,163.4
1997-05-29,3.463,11.645,16.868,26.83,146.0
1997-05-30,4.368,9.645,17.604,25.038,132.4
1997-05-31,14.027,12.876,16.625,28.146,143.8
1997-06-01,11.014,11.008,17.253,26.382,229.9
1997-06-02,4.66,11.67,15.396,25.903,136.0
1997-06-03,5.673,13.016,17.347,28.826,122.3
1997-06-04,15.099,8.908,17.83,24.41,164.3
1997-06-05,4.028,11.384,16.799,26.566,132.3
1997-06-06,10.192,9.34,16.934,24.312,161.4
1997-06-07,4.45,8.124,17.205,23.111,130.6
1997-06-08,27.196,10.812,14.885,24.604,290.6
1997-06-09,6.128,10.55,16.472,25.396,166.0
1997-06-10,7.64,12.514,14.681,26.549,167.0
1997-06-11,7.979,11.657,15.188,25.844,261.4
1997-06-12,12.069,8.303,17.806,23.778,221.5
1997-06-13,0.978,10.745,16.292,25.531,173.5
1997-06-14,8.914,10.987,17.042,26.344,153.7
1997-06-15,0.077,11.667,16.326,26.67,138.0
1997-06-16,9.491,12.148,17.066,27.736,166.2
1997-06-17,7.459,9.665,16.844,24.618,146.8
1997-06-18,6.201,11.435,16.608,26.562,160.2
1997-06-19,8.833,10.165,16.785,25.201,171.9
1997-06-20,0.0,12.079,15.556,26.646,138.9
1997-06-21,1.504,10.524,15.861,24.965,128.9
1997-06-22,0.17,12.841,15.878,27.823,129.6
1997-06-23,0.077,14.047,15.819,29.25,111.4
1997-06-24,8.067,12.186,17.087,27.819,110.2
1997-06-25,4.228,11.195,15.674,25.642,112.2
1997-06-26,4.162,11.258,16.16,26.066,112.9
1997-06-27,0.0,10.819,16.479,25.771,114.9
1997-06-28,0.0,13.242,16.278,28.542,101.3
1997-06-29,10.319,13.335,16.264,28.649,107.0
1997-06-30,11.068,11.901,16.865,27.33,142.0
1997-07-01,7.013,11.201,16.188,26.0,116.9
1997-07-02,0.0,14.239,14.34,28.5,86.0
1997-07-03,5.25,12.377,15.861,27.212,171.5
1997-07-04,0.0,13.271,15.823,28.257,99.7
1997-07-05,0.0,12.397,15.198,26.764,93.2
1997-07-06,1.144,11.991,16.392,27.052,91.5
1997-07-07,0.181,13.484,16.125,28.674,88.2
1997-07-08,0.244,12.914,15.979,27.885,85.8
1997-07-09,3.454,13.141,15.712,27.972,83.3
1997-07-10,0.0,12.718,16.035,27.667,80.8
1997-07-11,0.364,13.269,15.566,28.031,81.0
1997-07-12,0.0,12.848,16.406,28.069,76.8
1997-07-13,0.0,13.497,15.66,28.34,74.3
1997-07-14,0.0,14.595,15.694,29.674,73.0
1997-07-15,0.0,13.513,15.774,28.389,71.8
1997-07-16,0.0,14.641,15.951,29.844,70.5
1997-07-17,0.0,12.735,15.812,27.444,69.9
1997-07-18,0.0,14.373,16.58,29.924,69.2
1997-07-19,0.0,11.857,17.365,27.431,68.0
1997-07-20,0.0,13.902,15.337,28.528,66.1
1997-07-21,0.312,12.333,15.611,26.785,64.8
1997-07-22,0.422,12.006,16.08,26.705,64.8
1997-07-23,0.0,13.001,16.556,28.212,53.4
1997-07-24,0.0,13.994,17.08,29.736,50.9
1997-07-25,4.313,11.815,17.601,27.517,49.6
1997-07-26,0.0,13.164,17.281,28.851,49.6
1997-07-27,22.934,12.951,16.899,28.312,48.3
1997-07-28,2.598,11.004,17.201,26.191,70.3
1997-07-29,0.451,10.5,17.031,25.497,107.0
1997-07-30,4.109,12.545,16.007,27.17,125.1
1997-07-31,13.711,14.902,16.087,30.017,129.3
1997-08-01,3.659,14.552,15.031,28.941,73.5
1997-08-02,0.0,12.743,16.271,27.549,68.9
1997-08-03,1.993,13.007,15.757,27.514,61.0
1997-08-04,0.037,14.274,14.535,28.208,56.6
1997-08-05,0.123,14.646,15.715,29.406,54.7
1997-08-06,0.0,12.569,16.295,27.299,55.3
1997-08-07,2.626,13.134,16.802,28.288,56.6
1997-08-08,0.0,11.837,16.267,26.406,53.2
1997-08-09,2.175,12.577,16.031,27.135,48.3
1997-08-10,0.135,12.846,16.163,27.493,47.1
1997-08-11,1.954,15.713,14.667,29.906,45.8
1997-08-12,0.0,13.807,16.861,29.052,44.5
1997-08-13,1.133,13.331,15.389,27.497,44.5
1997-08-14,6.344,13.637,16.139,28.361,42.0
1997-08-15,0.184,15.128,15.271,29.542,43.9
1997-08-16,5.804,13.036,17.01,28.205,42.0
1997-08-17,12.66,13.923,16.281,28.719,87.7
1997-08-18,0.967,14.117,15.507,28.427,50.9
1997-08-19,7.988,13.994,16.01,28.59,44.5
1997-08-20,3.978,14.376,16.701,29.483,44.5
1997-08-21,0.0,15.13,15.757,29.753,42.0
1997-08-22,0.0,14.103,16.205,28.83,39.6
1997-08-23,0.0,14.395,15.5,28.708,39.6
1997-08-24,4.395,13.514,16.132,28.083,58.0
1997-08-25,0.0,15.447,15.958,30.212,39.6
1997-08-26,0.535,15.278,17.698,31.101,39.6
1997-08-27,18.559,12.516,18.191,28.288,39.6
1997-08-28,0.0,15.14,16.253,29.983,37.2
1997-08-29,0.0,15.809,15.045,30.003,37.2
1997-08-30,0.735,15.603,15.247,29.885,36.0
1997-08-31,2.379,14.089,15.41,28.212,37.2
1997-09-01,9.79,14.653,15.663,29.01,45.9
1997-09-02,11.161,11.3,16.892,25.938,83.8
1997-09-03,11.224,13.255,16.08,27.642,61.2
1997-09-04,10.799,13.331,16.618,28.132,76.8
1997-09-05,25.715,14.894,17.069,30.191,116.5
1997-09-06,26.508,12.303,17.278,27.319,208.4
1997-09-07,6.66,12.458,17.122,27.406,171.6
1997-09-08,14.532,8.659,16.83,22.979,230.1
1997-09-09,8.656,12.479,16.375,26.934,177.4
1997-09-10,25.798,11.731,16.955,26.528,245.3
1997-09-11,0.089,14.039,17.083,29.205,135.5
1997-09-12,9.635,13.937,17.035,29.052,100.5
1997-09-13,1.248,13.95,17.962,29.701,85.6
1997-09-14,3.356,14.031,17.639,29.562,101.8
1997-09-15,0.856,12.736,17.028,27.677,83.9
1997-09-16,8.222,12.328,18.708,28.382,74.5
1997-09-17,1.727,12.926,17.122,27.948,68.6
1997-09-18,0.0,14.7,16.115,29.361,66.5
1997-09-19,5.076,12.909,17.389,28.139,64.8
1997-09-20,11.73,11.163,17.399,26.163,103.4
1997-09-21,7.946,11.618,16.896,26.344,115.0
1997-09-22,18.256,11.296,16.549,25.729,198.5
1997-09-23,31.199,8.223,16.427,22.194,268.5
1997-09-24,3.649,9.259,16.615,23.51,177.9
1997-09-25,25.146,12.036,16.278,26.434,177.1
1997-09-26,6.827,10.942,16.781,25.524,294.2
1997-09-27,3.998,11.039,17.521,26.167,173.7
1997-09-28,3.758,11.938,16.816,26.736,134.4
1997-09-29,4.354,11.668,15.896,25.819,143.3
1997-09-30,0.0,12.656,16.608,27.451,115.1
1997-10-01,4.22,10.902,16.701,25.521,124.8
1997-10-02,15.131,10.67,17.087,25.486,157.7
1997-10-03,27.623,7.036,17.889,22.219,156.3
1997-10-04,6.294,13.047,16.42,27.826,123.0
1997-10-05,19.467,10.523,17.229,25.51,220.7
1997-10-06,3.499,11.495,16.146,25.882,155.5
1997-10-07,3.898,12.269,16.809,27.247,126.3
1997-10-08,4.362,13.456,16.306,28.312,108.1
1997-10-09,5.394,12.692,16.938,27.84,107.9
1997-10-10,12.036,11.423,17.281,26.615,213.2
1997-10-11,19.645,11.188,16.882,26.118,319.4
1997-10-12,2.836,11.114,17.594,26.538,185.9
1997-10-13,41.404,10.983,17.024,25.979,399.1
1997-10-14,0.315,11.358,16.323,25.99,245.7
1997-10-15,13.694,12.192,15.896,26.708,185.8
1997-10-16,14.369,9.178,15.747,23.101,185.5
1997-10-17,48.427,7.854,17.177,22.66,310.7
1997-10-18,18.757,10.136,17.003,25.139,330.8
1997-10-19,3.944,9.66,16.892,24.524,338.7
1997-10-20,5.432,12.325,15.559,26.799,241.9
1997-10-21,20.924,9.289,17.562,24.611,270.9
1997-10-22,30.214,12.0,15.299,26.24,292.7
1997-10-23,7.307,11.239,16.826,26.403,308.4
1997-10-24,0.0,12.891,16.983,28.514,222.0
1997-10-25,0.034,13.292,16.045,28.399,191.6
1997-10-26,15.031,13.083,16.295,28.33,237.6
1997-10-27,1.55,10.397,17.566,26.042,188.7
1997-10-28,15.121,12.138,16.08,27.09,176.3
1997-10-29,6.941,11.237,16.535,26.351,167.9
1997-10-30,1.542,12.05,16.552,27.354,158.8
1997-10-31,2.596,11.163,15.802,25.764,140.2
1997-11-01,14.378,9.02,17.806,24.663,165.9
1997-11-02,0.0,10.374,17.198,25.861,132.1
1997-11-03,6.933,9.658,16.906,24.802,147.5
1997-11-04,12.006,10.055,17.333,25.597,146.5
1997-11-05,14.529,9.618,18.778,26.198,173.3
1997-11-06,17.379,9.708,18.052,25.785,144.4
1997-11-07,48.115,7.382,18.469,23.458,384.6
1997-11-08,22.296,6.228,17.531,21.483,319.7
1997-11-09,8.139,6.607,17.347,21.767,303.6
1997-11-10,43.174,6.869,16.854,21.691,380.7
1997-11-11,0.0,10.439,16.74,25.809,301.7
1997-11-12,35.91,10.005,17.267,25.705,424.1
1997-11-13,12.537,9.41,15.361,23.625,363.9
1997-11-14,16.984,8.895,16.955,24.132,435.1
1997-11-15,1.428,8.272,16.628,23.174,406.6
1997-11-16,0.0,10.122,16.083,25.083,324.1
1997-11-17,0.0,8.386,17.431,23.955,277.5
1997-11-18,45.34,10.035,16.74,25.514,404.5
1997-11-19,0.263,10.952,15.535,25.83,297.9
1997-11-20,18.237,8.345,16.295,23.108,353.4
1997-11-21,7.618,9.813,15.427,24.333,312.0
1997-11-22,0.572,10.82,16.174,26.177,248.0
1997-11-23,0.565,10.4,16.351,25.75,267.0
1997-11-24,26.103,8.842,16.233,23.74,270.9
1997-11-25,4.024,9.612,16.67,25.031,207.1
1997-11-26,31.352,8.734,16.882,24.128,264.9
1997-11-27,0.0,9.034,16.51,24.212,217.4
1997-11-28,0.0,11.229,15.885,26.601,195.1
1997-11-29,2.447,10.154,15.858,25.222,176.2
1997-11-30,9.567,8.921,16.378,24.042,173.4
1997-12-01,25.053,9.873,16.792,25.531,241.6
1997-12-02,1.741,8.837,17.785,25.042,179.2
1997-12-03,4.654,10.928,16.965,27.042,227.9
1997-12-04,0.0,11.147,15.312,26.229,195.7
1997-12-05,0.574,11.512,15.91,27.101,164.5
1997-12-06,0.0,12.292,16.632,28.59,147.3
1997-12-07,2.353,10.95,16.58,26.84,138.2
1997-12-08,0.423,11.415,15.913,27.003,129.8
1997-12-09,0.0,13.243,14.976,28.802,124.1
1997-12-10,5.675,13.124,14.208,28.174,124.3
1997-12-11,0.213,11.53,15.469,26.885,138.7
1997-12-12,11.95,11.619,16.528,27.74,136.3
1997-12-13,0.0,12.766,15.66,28.66,137.3
1997-12-14,10.476,10.841,16.403,26.632,169.3
1997-12-15,1.844,8.192,17.497,24.115,200.2
1997-12-16,0.0,7.03,18.233,23.285,144.5
1997-12-17,0.0,9.907,17.531,26.26,133.4
1997-12-18,0.0,10.138,17.413,26.476,161.4
1997-12-19,0.0,11.109,15.997,26.733,193.6
1997-12-20,0.0,11.385,15.576,26.816,149.7
1997-12-21,8.985,12.184,15.868,28.045,144.9
1997-12-22,0.0,11.512,15.333,26.812,135.9
1997-12-23,0.0,13.31,15.448,29.226,121.2
1997-12-24,0.0,12.506,16.115,28.597,113.2
1997-12-25,0.0,12.696,16.392,29.01,108.6
1997-12-26,0.3,13.071,15.625,29.003,105.9
1997-12-27,0.0,13.323,15.219,29.062,104.6
1997-12-28,0.0,12.358,16.486,28.618,155.1
1997-12-29,4.874,13.926,14.997,29.684,119.7
1997-12-30,15.759,9.596,17.549,25.844,214.8
1997-12-31,0.0,11.225,17.417,27.764,145.3
1998-01-01,8.825,10.288,17.472,26.601,404.9
1998-01-02,0.0,11.636,17.625,28.41,242.2
1998-01-03,0.0,12.339,15.972,28.177,185.0
1998-01-04,0.0,12.433,16.528,28.646,162.0
1998-01-05,0.0,12.923,16.049,28.951,148.0
1998-01-06,13.133,11.458,17.712,28.16,147.8
1998-01-07,17.477,10.458,17.764,26.965,183.0
1998-01-08,4.613,9.281,17.889,25.556,157.4
1998-01-09,4.68,12.214,17.76,29.101,157.6
1998-01-10,2.878,11.103,17.146,27.274,157.5
1998-01-11,0.12,10.375,17.389,26.497,143.6
1998-01-12,28.557,11.078,18.528,28.163,282.8
1998-01-13,0.0,12.091,18.16,29.128,195.5
1998-01-14,23.215,10.244,18.378,27.0,331.4
1998-01-15,3.209,10.59,18.319,27.354,295.0
1998-01-16,14.026,12.133,17.726,28.847,278.9
1998-01-17,0.0,12.048,18.184,29.021,248.7
1998-01-18,0.0,12.71,17.875,29.576,213.5
1998-01-19,7.861,13.641,16.823,30.038,210.1
1998-01-20,1.112,9.307,18.92,26.215,299.8
1998-01-21,0.0,11.85,18.767,29.052,212.7
1998-01-22,0.0,13.811,17.066,30.323,182.6
1998-01-23,0.0,13.356,17.646,30.108,197.9
1998-01-24,1.259,12.549,17.524,29.003,250.0
1998-01-25,0.0,12.923,16.958,29.062,189.2
1998-01-26,0.0,13.051,16.847,29.101,165.0
1998-01-27,0.0,14.282,16.729,30.503,156.3
1998-01-28,8.0,10.224,19.208,27.285,172.6
1998-01-29,0.0,11.952,17.951,28.434,150.7
1998-01-30,8.492,12.139,17.896,28.583,163.1
1998-01-31,14.269,11.248,19.781,28.802,146.5
1998-02-01,6.292,12.079,18.219,28.698,211.4
1998-02-02,6.601,13.057,18.622,30.073,149.0
1998-02-03,8.097,11.857,19.569,29.274,130.7
1998-02-04,4.04,10.15,17.747,25.962,222.9
1998-02-05,2.338,12.474,18.413,29.135,165.8
1998-02-06,12.573,10.091,18.722,26.549,162.1
1998-02-07,17.367,9.225,18.785,25.642,172.5
1998-02-08,57.297,5.314,19.142,21.878,710.2
1998-02-09,4.343,7.065,17.979,22.622,610.1
1998-02-10,31.601,9.281,17.819,24.868,448.8
1998-02-11,16.245,10.602,17.944,26.451,328.4
1998-02-12,2.613,10.751,17.385,26.222,265.9
1998-02-13,0.0,11.449,17.997,27.444,226.7
1998-02-14,40.874,12.191,18.149,28.361,391.5
1998-02-15,8.29,12.89,16.983,28.396,335.9
1998-02-16,0.0,14.652,16.33,30.01,262.3
1998-02-17,0.0,15.685,16.427,31.253,224.4
1998-02-18,0.0,13.565,18.517,30.101,202.9
1998-02-19,7.328,11.81,18.76,28.253,204.2
1998-02-20,0.0,11.87,18.292,27.934,188.3
1998-02-21,13.048,12.343,18.993,28.976,188.1
1998-02-22,0.0,10.501,19.427,27.219,226.9
1998-02-23,0.0,11.153,18.733,27.396,207.9
1998-02-24,0.0,12.245,18.288,28.271,195.0
1998-02-25,0.0,11.966,18.507,28.083,228.2
1998-02-26,0.0,12.236,18.604,28.451,175.9
1998-02-27,0.0,13.592,18.146,29.632,162.3
1998-02-28,4.698,11.694,17.299,26.906,177.0
1998-03-01,5.027,11.408,18.354,27.26,150.0
1998-03-02,0.0,11.915,17.396,27.153,181.9
1998-03-03,0.0,13.372,17.892,29.128,146.2
1998-03-04,0.0,13.268,18.934,29.722,134.4
1998-03-05,0.0,12.405,18.684,28.542,127.3
1998-03-06,0.0,13.879,18.045,29.715,128.8
1998-03-07,14.628,11.094,18.674,27.035,135.3
1998-03-08,32.472,10.73,19.865,27.503,225.6
1998-03-09,0.228,13.833,17.549,29.285,143.9
1998-03-10,0.0,13.035,17.906,28.653,134.7
1998-03-11,3.808,12.898,18.556,28.91,181.1
1998-03-12,0.181,12.529,18.108,28.163,148.3
1998-03-13,0.181,12.317,18.819,28.417,129.4
1998-03-14,0.298,10.603,17.972,25.927,155.6
1998-03-15,2.921,12.386,18.302,28.128,219.5
1998-03-16,0.063,12.612,18.757,28.656,221.4
1998-03-17,2.043,12.943,17.885,28.403,222.5
1998-03-18,4.068,14.203,17.899,29.819,164.0
1998-03-19,19.4,13.826,17.441,29.056,155.7
1998-03-20,20.066,14.943,17.181,30.146,200.9
1998-03-21,6.752,10.977,18.646,26.753,176.1
1998-03-22,0.0,11.343,18.41,26.962,149.2
1998-03-23,30.164,9.075,18.778,24.799,311.6
1998-03-24,0.108,10.604,18.219,26.003,250.8
1998-03-25,32.875,12.46,18.795,28.458,225.0
1998-03-26,26.676,10.519,19.219,26.635,253.5
1998-03-27,32.81,11.623,18.448,27.309,214.3
1998-03-28,24.769,9.477,18.424,25.003,267.7
1998-03-29,3.421,9.39,17.681,24.319,223.6
1998-03-30,1.449,6.538,18.774,22.368,263.6
1998-03-31,0.123,10.045,18.903,25.917,284.3
1998-04-01,0.991,12.832,17.997,28.278,249.9
1998-04-02,26.154,10.615,18.156,25.99,292.4
1998-04-03,5.998,10.247,18.448,25.847,303.2
1998-04-04,34.046,12.642,17.802,27.965,262.1
1998-04-05,5.687,11.64,17.566,26.667,225.2
1998-04-06,25.169,10.596,18.247,26.049,351.1
1998-04-07,3.641,11.318,18.188,26.809,301.4
1998-04-08,0.804,10.54,18.17,25.944,233.2
1998-04-09,2.388,13.499,17.476,28.715,208.0
1998-04-10,6.748,15.441,17.601,30.962,216.7
1998-04-11,32.907,11.704,18.458,27.382,265.1
1998-04-12,21.018,10.969,18.146,26.372,418.2
1998-04-13,12.825,8.264,18.587,23.854,546.0
1998-04-14,27.849,10.755,18.295,26.264,464.5
1998-04-15,1.199,12.977,18.677,28.969,336.8
1998-04-16,27.416,11.18,19.142,27.365,503.4
1998-04-17,6.4,10.599,19.066,26.691,392.2
1998-04-18,29.143,11.233,18.427,26.906,508.4
1998-04-19,18.387,9.261,18.142,24.66,448.3
1998-04-20,0.128,11.034,18.188,26.583,350.8
1998-04-21,2.792,12.003,19.378,28.493,347.1
1998-04-22,8.225,10.636,19.101,26.84,384.8
1998-04-23,16.465,11.746,18.455,27.559,288.1
1998-04-24,12.979,9.284,19.434,25.649,255.9
1998-04-25,9.464,12.796,18.403,28.729,286.4
1998-04-26,27.069,10.292,18.122,25.75,454.2
1998-04-27,0.0,12.88,18.663,29.014,328.3
1998-04-28,6.809,10.762,19.226,27.125,277.0
1998-04-29,19.477,12.694,17.691,28.188,380.8
1998-04-30,21.536,11.177,18.833,27.312,350.9
1998-05-01,18.006,9.644,19.014,25.792,348.2
1998-05-02,28.778,11.7,17.965,27.281,408.9
1998-05-03,10.214,7.503,18.233,22.931,332.5
1998-05-04,18.185,5.939,18.139,21.347,489.0
1998-05-05,20.569,9.198,17.667,24.312,533.3
1998-05-06,7.222,8.111,18.288,23.628,389.3
1998-05-07,1.379,10.316,18.458,26.188,321.9
1998-05-08,22.574,10.875,17.691,26.25,364.4
1998-05-09,0.5,8.994,18.792,25.024,311.5
1998-05-10,0.0,11.204,17.174,26.267,267.1
1998-05-11,1.504,12.701,17.556,28.26,244.4
1998-05-12,14.461,10.394,17.681,25.726,314.0
1998-05-13,0.0,12.139,18.163,28.083,238.6
1998-05-14,0.0,12.262,17.361,27.688,209.3
1998-05-15,18.41,11.147,18.021,26.875,256.9
1998-05-16,1.013,12.096,17.184,27.399,201.0
1998-05-17,12.898,9.138,18.611,25.097,203.8
1998-05-18,8.508,8.34,18.951,24.542,198.2
1998-05-19,5.207,10.707,17.733,26.24,171.2
1998-05-20,0.0,14.021,17.556,29.969,158.5
1998-05-21,2.607,13.038,18.785,29.681,186.3
1998-05-22,0.474,11.163,18.851,27.59,151.1
1998-05-23,24.873,11.025,18.247,27.028,148.2
1998-05-24,0.836,11.783,17.524,27.375,140.6
1998-05-25,7.533,12.114,18.5,28.444,133.1
1998-05-26,27.796,8.842,19.208,25.372,374.7
1998-05-27,5.853,10.133,18.101,25.962,282.1
1998-05-28,29.181,7.059,18.045,22.597,457.3
1998-05-29,11.493,8.262,17.017,23.08,346.4
1998-05-30,4.572,10.18,16.951,25.194,233.8
1998-05-31,1.295,9.488,16.958,24.424,208.1
1998-06-01,19.519,9.757,16.413,24.323,315.7
1998-06-02,2.278,9.684,17.146,24.785,210.7
1998-06-03,10.354,9.827,17.167,25.007,282.4
1998-06-04,0.0,12.229,15.74,26.84,201.9
1998-06-05,7.245,11.701,16.833,26.958,184.5
1998-06-06,4.461,9.984,17.649,25.521,170.2
1998-06-07,1.226,9.351,17.701,24.865,171.0
1998-06-08,4.446,10.656,17.312,26.08,162.6
1998-06-09,6.632,11.992,16.958,27.469,172.7
1998-06-10,8.94,12.575,16.618,27.917,180.8
1998-06-11,1.025,11.87,17.149,27.448,150.8
1998-06-12,0.0,12.028,17.684,28.021,137.0
1998-06-13,0.0,12.278,17.76,28.347,130.3
1998-06-14,0.0,11.305,16.076,26.021,125.7
1998-06-15,16.25,9.65,15.983,23.965,165.2
1998-06-16,2.818,10.339,18.149,26.365,128.2
1998-06-17,0.313,11.711,16.038,26.521,126.2
1998-06-18,8.261,13.254,16.622,28.785,116.6
1998-06-19,2.698,11.581,17.372,27.292,113.0
1998-06-20,8.086,11.463,17.087,26.941,109.6
1998-06-21,7.82,10.043,17.115,25.299,127.5
1998-06-22,13.054,10.826,16.861,26.028,180.2
1998-06-23,3.151,11.287,16.944,26.653,111.3
1998-06-24,5.604,11.995,17.243,27.705,113.0
1998-06-25,2.23,12.11,17.076,27.722,99.4
1998-06-26,0.0,13.335,16.767,28.983,96.0
1998-06-27,5.098,11.648,16.882,27.014,101.1
1998-06-28,0.879,11.618,16.181,26.486,92.8
1998-06-29,12.439,12.402,15.792,27.201,89.6
1998-06-30,0.0,13.015,15.524,27.767,86.4
1998-07-01,0.0,13.604,15.267,28.33,83.2
1998-07-02,0.0,12.729,16.566,28.094,80.0
1998-07-03,1.145,12.963,16.59,28.382,80.0
1998-07-04,11.444,11.627,16.799,26.892,108.1
1998-07-05,32.121,10.359,16.583,25.233,267.6
1998-07-06,0.965,10.206,16.938,25.319,126.6
1998-07-07,12.465,9.457,16.149,23.854,141.3
1998-07-08,9.524,11.432,16.663,26.559,132.6
1998-07-09,7.669,11.586,15.392,25.892,172.0
1998-07-10,3.174,12.507,15.962,27.375,120.1
1998-07-11,1.905,11.758,15.931,26.424,102.8
1998-07-12,2.625,12.997,16.622,28.382,89.6
1998-07-13,10.886,13.057,16.073,28.073,83.2
1998-07-14,0.849,12.326,15.427,26.753,85.6
1998-07-15,7.469,12.74,15.955,27.604,81.6
1998-07-16,12.79,11.803,15.528,26.17,253.0
1998-07-17,14.702,11.186,15.528,25.403,139.0
1998-07-18,20.832,10.702,16.17,25.264,152.6
1998-07-19,21.712,10.67,15.396,24.656,629.0
1998-07-20,8.411,13.931,14.781,28.215,236.5
1998-07-21,0.398,13.331,15.774,28.118,158.0
1998-07-22,14.882,11.143,16.188,25.757,178.0
1998-07-23,0.0,13.982,14.858,28.285,136.0
1998-07-24,16.908,11.978,16.354,26.837,143.1
1998-07-25,4.547,11.029,16.729,25.962,119.8
1998-07-26,3.197,11.499,16.056,26.038,154.0
1998-07-27,12.441,13.695,14.601,27.701,128.2
1998-07-28,15.831,11.464,17.052,26.649,200.3
1998-07-29,11.122,12.0,16.712,27.042,280.5
1998-07-30,7.947,12.226,16.934,27.455,154.0
1998-07-31,2.208,12.019,15.674,26.316,132.3
1998-08-01,0.0,12.62,15.938,27.208,118.1
1998-08-02,0.0,12.686,16.069,27.358,113.0
1998-08-03,0.0,13.955,15.174,28.264,106.2
1998-08-04,0.0,12.32,16.698,27.312,102.8
1998-08-05,16.781,13.923,16.743,29.205,99.4
1998-08-06,14.497,10.736,16.455,25.295,352.0
1998-08-07,21.163,11.855,15.774,26.111,149.0
1998-08-08,14.756,10.377,15.625,24.26,269.5
1998-08-09,0.417,12.086,15.312,26.062,174.0
1998-08-10,11.767,12.36,16.132,26.91,205.6
1998-08-11,13.625,12.814,15.559,27.035,161.0
1998-08-12,0.0,13.166,16.688,28.208,138.0
1998-08-13,2.027,13.69,15.097,27.76,127.4
1998-08-14,1.975,13.059,15.91,27.517,118.1
1998-08-15,21.671,11.162,16.101,25.399,227.5
1998-08-16,0.0,12.063,15.58,26.097,135.0
1998-08-17,11.749,12.827,15.5,26.955,121.5
1998-08-18,0.681,13.496,15.507,27.722,120.6
1998-08-19,23.793,11.604,16.503,26.156,204.0
1998-08-20,21.702,11.894,15.49,25.788,260.6
1998-08-21,24.011,10.822,16.604,25.302,284.3
1998-08-22,4.69,11.963,15.833,26.087,158.0
1998-08-23,2.813,12.706,16.014,27.087,140.0
1998-08-24,0.657,14.23,16.656,29.24,126.6
1998-08-25,23.584,10.823,16.747,25.344,222.0
1998-08-26,16.33,10.739,16.24,24.917,404.6
1998-08-27,4.249,10.81,17.128,25.635,287.2
1998-08-28,0.0,12.158,16.226,26.538,201.0
1998-08-29,1.425,11.964,16.465,26.486,173.9
1998-08-30,13.8,11.953,16.642,26.615,180.2
1998-08-31,4.773,11.329,15.799,25.24,154.2
1998-09-01,1.857,11.003,16.941,25.663,138.3
1998-09-02,19.071,12.867,16.618,27.545,175.1
1998-09-03,20.093,10.549,17.01,25.205,294.1
1998-09-04,0.408,12.235,15.385,26.031,214.4
1998-09-05,14.23,12.569,15.931,26.767,329.8
1998-09-06,0.34,14.496,15.67,28.826,212.2
1998-09-07,16.964,13.571,16.691,28.42,286.7
1998-09-08,28.539,11.326,16.174,25.5,379.0
1998-09-09,1.194,11.154,16.719,25.67,316.6
1998-09-10,4.385,11.628,16.444,26.024,250.9
1998-09-11,14.917,12.535,16.191,26.913,218.0
1998-09-12,2.79,10.456,15.299,23.917,213.6
1998-09-13,19.82,8.753,16.646,22.924,293.8
1998-09-14,18.661,11.15,15.854,25.052,244.7
1998-09-15,15.809,9.431,16.604,23.642,299.1
1998-09-16,1.843,12.868,16.493,27.507,226.4
1998-09-17,0.0,11.564,17.733,26.868,198.0
1998-09-18,15.776,10.742,16.378,24.951,188.3
1998-09-19,1.416,11.802,15.743,25.771,168.3
1998-09-20,0.404,11.451,16.708,26.049,157.6
1998-09-21,0.0,11.286,16.458,25.681,153.5
1998-09-22,32.932,10.45,17.549,25.5,209.7
1998-09-23,19.558,10.533,17.312,25.441,223.1
1998-09-24,38.295,11.407,16.979,26.191,392.7
1998-09-25,7.562,10.87,16.92,25.58,235.2
1998-09-26,16.236,11.597,17.316,26.656,304.0
1998-09-27,9.462,10.86,16.774,25.444,357.7
1998-09-28,0.0,10.334,16.347,24.583,308.8
1998-09-29,0.0,13.525,15.549,27.774,248.2
1998-09-30,3.183,15.044,15.677,29.628,226.9
1998-10-01,8.763,15.091,16.427,30.201,202.0
1998-10-02,10.109,12.472,17.146,27.618,185.2
1998-10-03,12.804,11.144,16.792,25.882,182.7
1998-10-04,25.42,11.958,17.003,26.997,281.1
1998-10-05,14.55,11.677,17.76,27.191,274.1
1998-10-06,34.329,11.56,17.889,27.181,334.5
1998-10-07,17.892,8.719,17.236,23.552,316.6
1998-10-08,14.885,11.998,17.031,27.118,527.9
1998-10-09,28.654,11.273,17.594,26.684,501.8
1998-10-10,0.0,12.672,17.274,28.115,340.9
1998-10-11,0.0,14.117,17.191,29.771,275.6
1998-10-12,5.796,10.834,18.243,26.698,254.2
1998-10-13,30.115,9.725,16.618,24.316,336.3
1998-10-14,2.02,9.709,16.08,23.885,254.6
1998-10-15,0.593,9.583,17.448,24.753,252.8
1998-10-16,24.599,9.927,16.705,24.646,340.1
1998-10-17,0.0,9.832,16.396,24.312,238.3
1998-10-18,21.737,9.272,16.569,23.806,422.9
1998-10-19,10.794,9.867,16.014,24.139,397.8
1998-10-20,0.463,11.324,16.135,25.976,258.2
1998-10-21,4.451,10.368,16.67,25.222,268.5
1998-10-22,17.813,11.318,16.014,25.917,226.9
1998-10-23,25.075,9.343,17.0,24.274,292.1
1998-10-24,38.686,8.777,16.705,23.476,520.5
1998-10-25,17.263,8.584,16.715,23.212,544.1
1998-10-26,0.0,8.832,17.278,23.983,429.1
1998-10-27,4.074,9.212,16.538,23.896,390.8
1998-10-28,0.0,8.296,16.878,23.076,534.0
1998-10-29,5.233,7.677,17.354,22.785,430.8
1998-10-30,13.975,8.935,17.497,24.326,399.0
1998-10-31,29.662,10.453,16.816,25.66,403.3
1998-11-01,23.229,10.424,17.038,25.806,329.3
1998-11-02,2.358,11.339,16.83,26.816,307.6
1998-11-03,18.957,9.856,17.604,25.552,350.9
1998-11-04,4.058,7.219,17.847,22.75,305.5
1998-11-05,36.092,9.328,17.413,24.865,381.9
1998-11-06,45.034,9.892,16.931,25.198,658.2
1998-11-07,6.317,8.603,15.941,22.924,436.8
1998-11-08,0.0,9.294,16.247,24.045,356.9
1998-11-09,12.08,10.915,16.201,26.003,398.5
1998-11-10,32.43,9.477,17.684,25.309,808.4
1998-11-11,9.711,10.558,16.483,25.83,598.3
1998-11-12,19.464,6.974,17.062,21.955,455.5
1998-11-13,22.996,6.699,17.431,21.944,548.6
1998-11-14,16.029,7.242,16.833,22.139,486.6
1998-11-15,7.574,9.567,17.75,25.556,410.6
1998-11-16,10.621,10.295,17.257,26.174,461.9
1998-11-17,5.569,10.687,15.858,25.681,440.0
1998-11-18,1.782,10.827,16.983,26.684,298.0
1998-11-19,6.267,10.307,16.688,25.788,345.1
1998-11-20,33.099,10.078,16.792,25.58,401.8
1998-11-21,15.833,9.817,16.882,25.396,359.5
1998-11-22,43.363,6.857,17.146,22.045,564.9
1998-11-23,12.822,7.673,16.962,22.872,407.7
1998-11-24,1.135,7.914,17.774,23.771,347.7
1998-11-25,2.405,7.661,17.038,22.903,326.5
1998-11-26,0.0,7.715,17.052,23.021,298.3
1998-11-27,6.553,8.765,16.92,24.205,294.3
1998-11-28,10.507,6.146,17.299,21.417,381.0
1998-11-29,0.0,8.973,17.108,24.611,316.4
1998-11-30,26.214,8.697,16.788,24.045,362.6
1998-12-01,5.848,9.469,17.083,25.26,329.8
1998-12-02,38.648,8.64,16.882,24.076,411.1
1998-12-03,36.178,9.346,17.545,25.465,369.1
1998-12-04,2.64,8.719,17.156,24.41,410.5
1998-12-05,10.223,9.74,17.708,26.097,349.3
1998-12-06,14.523,7.778,18.253,24.122,540.4
1998-12-07,55.726,7.797,17.5,23.566,777.5
1998-12-08,2.124,8.028,17.368,23.781,546.9
1998-12-09,4.03,8.051,17.753,24.083,500.6
1998-12-10,7.884,8.065,17.906,24.215,400.2
1998-12-11,11.681,8.934,17.559,25.017,562.9
1998-12-12,7.317,8.034,18.399,24.583,466.6
1998-12-13,11.282,8.8,17.389,24.743,459.0
1998-12-14,1.367,10.778,15.983,26.274,409.5
1998-12-15,8.161,8.594,17.854,24.875,486.2
1998-12-16,9.479,8.986,16.896,24.635,323.8
1998-12-17,4.233,10.458,16.597,26.316,300.7
1998-12-18,2.822,9.774,16.142,25.111,301.5
1998-12-19,27.715,10.083,16.451,25.719,390.3
1998-12-20,15.438,10.727,16.663,26.698,333.2
1998-12-21,3.203,7.307,16.538,22.25,513.3
1998-12-22,29.019,8.301,17.229,24.038,355.7
1998-12-23,1.917,9.182,16.622,24.674,320.4
1998-12-24,0.0,8.182,17.319,23.955,415.3
1998-12-25,0.309,7.768,17.146,23.257,296.8
1998-12-26,3.042,9.024,16.17,24.128,360.2
1998-12-27,29.521,8.694,17.003,24.295,442.0
1998-12-28,10.553,9.193,16.222,24.382,318.9
1998-12-29,9.939,7.367,16.806,22.514,450.1
1998-12-30,3.178,9.639,16.441,25.09,320.3
1998-12-31,0.0,8.925,17.722,25.125,276.1
1999-01-01,17.643,11.488,15.319,26.715,277.0
1999-01-02,9.836,9.371,17.135,25.222,345.0
1999-01-03,2.89,9.321,17.132,25.139,314.0
1999-01-04,8.699,7.868,17.035,23.253,286.0
1999-01-05,0.0,8.011,16.847,23.253,274.0
1999-01-06,0.0,9.447,17.358,25.42,290.0
1999-01-07,0.0,8.603,17.875,24.767,261.0
1999-01-08,0.0,7.864,17.986,23.934,331.0
1999-01-09,46.361,8.85,17.503,24.75,549.0
1999-01-10,17.828,7.795,16.604,22.767,497.0
1999-01-11,12.93,7.285,16.5,22.076,376.0
1999-01-12,26.502,6.96,17.472,22.476,366.0
1999-01-13,0.0,9.789,15.177,24.188,296.0
1999-01-14,0.0,7.547,16.587,22.42,358.0
1999-01-15,0.0,8.554,16.122,23.274,268.0
1999-01-16,0.0,9.008,15.503,23.365,253.0
1999-01-17,0.0,10.737,15.514,25.538,304.0
1999-01-18,0.0,9.45,16.51,24.615,244.0
1999-01-19,0.0,9.728,16.264,24.774,226.0
1999-01-20,0.0,10.936,15.753,25.903,248.0
1999-01-21,6.791,9.853,16.167,24.792,273.0
1999-01-22,16.014,9.564,16.153,24.413,318.0
1999-01-23,3.076,9.823,15.441,24.194,244.0
1999-01-24,14.996,10.35,15.111,24.622,371.0
1999-01-25,15.12,9.338,15.556,23.632,390.0
1999-01-26,1.137,8.38,17.236,23.705,328.0
1999-01-27,51.412,9.611,17.469,25.33,572.0
1999-01-28,35.346,10.451,16.594,25.677,582.0
1999-01-29,3.872,9.566,16.618,24.59,585.0
1999-01-30,0.0,11.498,16.094,26.59,393.0
1999-01-31,7.456,11.485,15.875,26.375,542.0
1999-02-01,16.129,9.583,17.247,24.997,756.0
1999-02-02,9.594,8.628,17.608,24.101,494.0
1999-02-03,15.742,9.996,16.521,24.917,598.0
1999-02-04,20.981,9.117,17.042,24.247,619.0
1999-02-05,5.539,8.692,16.302,23.146,571.0
1999-02-06,11.565,9.498,16.49,24.257,502.0
1999-02-07,0.0,8.559,17.326,23.701,617.0
1999-02-08,0.4,10.675,16.399,25.528,523.0
1999-02-09,0.0,10.703,15.608,24.986,398.0
1999-02-10,48.461,6.532,17.885,21.899,458.0
1999-02-11,0.0,8.772,15.927,22.858,334.0
1999-02-12,38.6,9.839,15.316,23.649,374.0
1999-02-13,20.934,7.071,16.58,21.375,700.0
1999-02-14,8.675,8.252,16.253,22.431,419.0
1999-02-15,14.751,9.049,15.781,22.979,589.0
1999-02-16,15.715,10.231,15.601,24.24,692.0
1999-02-17,6.819,7.558,16.74,21.958,424.0
1999-02-18,14.252,7.872,16.295,22.014,415.0
1999-02-19,3.312,7.804,16.965,22.389,361.0
1999-02-20,52.444,7.613,16.087,21.507,542.0
1999-02-21,2.869,8.814,15.188,22.135,422.0
1999-02-22,59.351,7.733,16.382,21.826,568.0
1999-02-23,4.757,9.402,16.524,23.819,442.0
1999-02-24,22.815,8.162,16.938,22.708,554.0
1999-02-25,49.238,10.808,16.715,25.51,913.0
1999-02-26,35.621,10.569,16.688,25.208,775.0
1999-02-27,10.443,9.44,16.802,23.955,724.0
1999-02-28,0.913,8.853,16.778,23.271,688.0
1999-03-01,25.673,8.649,16.622,22.924,1038.0
1999-03-02,0.0,8.316,16.514,22.472,646.0
1999-03-03,0.0,10.722,16.583,25.208,510.0
1999-03-04,3.421,10.516,16.552,24.965,470.0
1999-03-05,2.484,10.615,16.104,24.701,676.0
1999-03-06,4.506,12.943,16.368,27.569,461.0
1999-03-07,0.625,10.244,17.382,25.177,438.0
1999-03-08,9.683,10.972,16.0,24.993,387.0
1999-03-09,1.969,9.288,17.319,24.052,367.0
1999-03-10,20.928,9.44,15.653,22.944,416.0
1999-03-11,25.266,10.645,16.181,24.698,398.0
1999-03-12,0.0,10.836,17.472,25.84,319.0
1999-03-13,5.933,10.466,17.51,25.458,293.0
1999-03-14,1.735,12.561,16.205,26.875,287.0
1999-03-15,10.267,10.265,16.708,24.583,362.0
1999-03-16,10.308,10.391,16.858,24.854,452.0
1999-03-17,28.086,11.189,17.16,25.944,481.0
1999-03-18,45.827,9.127,16.851,23.41,479.0
1999-03-19,0.287,8.223,16.316,22.01,445.0
1999-03-20,1.81,9.281,17.483,24.066,420.0
1999-03-21,1.863,8.897,16.91,23.208,370.0
1999-03-22,6.307,9.524,17.316,24.205,460.0
1999-03-23,12.029,11.697,16.08,25.729,385.0
1999-03-24,19.235,11.862,16.49,26.17,462.0
1999-03-25,12.145,12.444,15.906,26.448,375.0
1999-03-26,6.319,11.435,16.198,25.483,310.0
1999-03-27,42.14,9.231,17.358,23.878,290.0
1999-03-28,9.837,10.952,17.056,25.559,294.0
1999-03-29,16.45,11.975,16.323,26.184,523.0
1999-03-30,0.0,12.496,15.618,26.295,342.0
1999-03-31,12.66,11.841,16.719,26.274,424.0
1999-04-01,12.338,12.386,15.66,26.191,354.0
1999-04-02,20.714,9.75,18.392,25.226,460.0
1999-04-03,18.045,9.555,17.899,24.594,324.0
1999-04-04,18.947,9.679,16.986,24.059,352.0
1999-04-05,5.179,10.496,16.25,24.434,375.0
1999-04-06,0.0,10.624,16.816,25.014,282.0
1999-04-07,49.006,11.827,16.736,26.333,481.0
1999-04-08,22.03,8.937,17.688,23.837,366.0
1999-04-09,5.93,8.745,17.5,23.465,378.0
1999-04-10,0.683,7.369,17.84,22.333,331.0
1999-04-11,7.073,11.155,16.587,25.462,323.0
1999-04-12,9.826,10.4,16.351,24.438,425.0
1999-04-13,20.016,11.222,16.885,25.767,689.0
1999-04-14,6.712,11.379,17.396,26.306,438.0
1999-04-15,28.977,10.51,16.323,24.611,522.0
1999-04-16,0.153,13.055,16.014,27.274,361.0
1999-04-17,0.0,13.75,16.417,28.34,308.0
1999-04-18,0.278,12.615,16.632,27.198,275.0
1999-04-19,2.544,11.111,15.67,24.812,249.0
1999-04-20,1.398,10.867,15.955,24.76,232.0
1999-04-21,0.0,11.081,15.806,24.899,216.0
1999-04-22,0.0,14.381,15.184,28.333,203.0
1999-04-23,35.209,11.998,16.618,26.531,194.0
1999-04-24,16.087,9.896,17.056,24.465,192.0
1999-04-25,44.068,8.126,17.344,22.833,364.0
1999-04-26,15.465,8.08,17.073,22.545,274.0
1999-04-27,18.034,8.097,16.188,21.91,364.0
1999-04-28,0.324,9.984,15.309,23.406,244.0
1999-04-29,16.16,9.703,16.354,23.823,289.0
1999-04-30,37.74,7.81,17.069,22.25,475.0
1999-05-01,2.308,9.217,16.073,23.073,345.0
1999-05-02,45.108,9.929,15.729,23.684,463.0
1999-05-03,20.412,10.202,15.309,23.726,448.0
1999-05-04,31.349,10.164,15.125,23.608,457.0
1999-05-05,4.314,9.454,16.365,23.597,346.0
1999-05-06,3.343,9.217,15.719,22.865,336.0
1999-05-07,17.918,11.419,14.587,24.705,318.0
1999-05-08,8.354,11.822,15.882,26.076,333.0
1999-05-09,24.014,11.038,16.135,25.309,427.0
1999-05-10,23.121,7.947,16.524,22.083,475.0
1999-05-11,13.987,8.619,16.115,22.559,379.0
1999-05-12,19.581,9.519,15.889,23.448,445.0
1999-05-13,17.975,8.952,16.639,23.351,537.0
1999-05-14,2.566,12.09,15.031,25.927,364.0
1999-05-15,8.71,9.923,16.576,24.434,312.0
1999-05-16,9.093,13.036,15.427,27.344,278.0
1999-05-17,3.346,10.379,15.503,24.26,262.0
1999-05-18,3.346,9.339,16.826,24.003,252.0
1999-05-19,5.746,11.636,15.802,25.941,258.0
1999-05-20,6.616,10.175,16.392,24.66,217.0
1999-05-21,8.614,8.563,17.743,23.847,207.0
1999-05-22,0.153,9.04,16.052,23.122,201.0
1999-05-23,14.278,11.752,17.035,27.024,206.0
1999-05-24,0.0,13.39,15.354,27.844,185.0
1999-05-25,1.88,12.003,16.354,26.875,169.0
1999-05-26,0.0,10.423,16.083,24.806,196.0
1999-05-27,0.0,9.953,17.177,25.056,163.0
1999-05-28,5.961,11.9,16.538,26.892,205.0
1999-05-29,0.0,11.311,16.726,26.351,156.0
1999-05-30,18.802,11.966,15.927,26.583,169.0
1999-05-31,17.353,12.258,15.549,26.712,221.0
1999-06-01,5.059,11.191,16.701,26.194,195.0
1999-06-02,11.972,11.254,16.465,26.149,245.0
1999-06-03,0.0,12.713,15.983,27.576,172.0
1999-06-04,15.004,10.322,16.792,25.306,167.0
1999-06-05,2.916,11.064,15.323,25.149,167.0
1999-06-06,13.251,10.445,16.382,25.163,159.0
1999-06-07,10.795,12.574,15.715,27.281,221.0
1999-06-08,20.315,10.101,16.122,24.576,283.0
1999-06-09,8.347,11.046,16.028,25.667,247.0
1999-06-10,10.275,12.093,15.872,26.83,279.0
1999-06-11,15.177,10.343,14.993,24.073,395.0
1999-06-12,11.5,10.376,16.559,25.247,357.0
1999-06-13,12.552,10.07,16.264,24.646,529.0
1999-06-14,17.304,9.05,16.417,23.597,326.0
1999-06-15,7.14,10.007,16.997,25.139,308.0
1999-06-16,15.099,8.874,15.16,22.448,275.0
1999-06-17,5.878,9.844,15.604,23.927,268.0
1999-06-18,18.543,7.832,16.087,21.91,334.0
1999-06-19,0.195,9.784,16.285,24.41,234.0
1999-06-20,8.117,11.36,16.361,26.323,278.0
1999-06-21,13.221,10.669,16.479,25.604,282.0
1999-06-22,14.353,11.858,15.219,26.16,228.0
1999-06-23,7.49,10.676,15.969,25.25,250.0
1999-06-24,3.785,10.82,15.424,25.066,199.0
1999-06-25,0.072,11.573,15.747,26.181,188.0
1999-06-26,12.916,11.68,15.819,26.323,595.0
1999-06-27,23.876,7.523,16.615,21.969,328.0
1999-06-28,29.786,9.012,16.601,23.688,424.0
1999-06-29,5.278,9.962,15.896,24.316,353.0
1999-06-30,11.38,13.013,14.25,26.941,408.0
1999-07-01,14.628,11.217,15.347,25.476,395.0
1999-07-02,0.081,12.625,15.198,27.104,305.0
1999-07-03,11.141,11.231,15.045,25.257,329.0
1999-07-04,6.081,12.047,14.719,26.042,268.0
1999-07-05,2.611,12.455,13.663,25.865,290.0
1999-07-06,3.428,11.74,15.247,25.997,251.0
1999-07-07,5.766,8.619,15.812,22.628,221.0
1999-07-08,0.0,11.608,16.01,26.337,209.0
1999-07-09,2.585,12.539,14.188,26.257,198.0
1999-07-10,0.0,11.828,15.372,26.139,186.0
1999-07-11,0.0,12.776,14.108,26.507,169.0
1999-07-12,6.76,11.756,15.625,26.205,158.0
1999-07-13,0.457,12.479,14.816,26.566,176.0
1999-07-14,0.0,13.929,14.615,28.188,150.0
1999-07-15,0.125,14.036,14.708,28.378,140.0
1999-07-16,2.344,12.729,15.608,27.34,135.0
1999-07-17,8.132,10.749,15.233,24.66,177.0
1999-07-18,13.543,13.075,15.653,27.764,177.0
1999-07-19,1.639,11.521,16.076,26.167,138.0
1999-07-20,15.434,12.015,16.712,27.16,152.0
1999-07-21,1.981,11.187,16.569,26.076,140.0
1999-07-22,0.0,12.797,16.003,27.625,122.0
1999-07-23,9.901,12.729,14.955,26.826,114.0
1999-07-24,0.875,12.556,15.559,27.003,114.0
1999-07-25,3.093,13.335,16.611,28.608,117.0
1999-07-26,0.0,13.95,14.545,27.997,105.0
1999-07-27,3.002,14.112,16.003,29.097,102.0
1999-07-28,5.206,13.172,16.205,28.101,97.0
1999-07-29,3.478,11.818,16.906,26.983,125.0
1999-07-30,0.0,11.918,15.681,26.222,104.0
1999-07-31,8.642,13.283,15.299,27.583,107.0
1999-08-01,1.089,12.34,14.247,25.743,93.0
1999-08-02,0.0,12.235,15.09,26.156,85.0
1999-08-03,0.392,11.684,15.226,25.545,82.0
1999-08-04,13.678,11.443,15.507,25.476,91.0
1999-08-05,0.0,13.113,15.247,27.288,79.0
1999-08-06,8.778,12.656,16.392,27.479,126.0
1999-08-07,21.786,11.892,15.715,26.09,198.0
1999-08-08,0.492,10.157,15.378,23.788,107.0
1999-08-09,7.677,11.936,15.58,26.031,119.0
1999-08-10,2.31,14.07,14.819,28.066,92.0
1999-08-11,0.0,13.1,15.476,27.33,85.0
1999-08-12,2.071,13.791,14.872,27.729,82.0
1999-08-13,7.322,12.759,15.611,26.979,92.0
1999-08-14,11.524,13.852,15.26,27.997,116.0
1999-08-15,12.017,11.526,15.312,25.292,131.0
1999-08-16,0.0,13.387,15.312,27.483,87.0
1999-08-17,5.617,14.633,15.267,28.913,100.0
1999-08-18,16.214,13.813,15.976,28.378,109.0
1999-08-19,15.413,13.471,15.16,27.441,144.0
1999-08-20,9.32,11.707,16.042,25.944,91.0
1999-08-21,23.884,11.088,16.757,25.66,171.0
1999-08-22,1.346,12.391,15.028,26.042,172.0
1999-08-23,0.443,12.255,16.431,26.816,116.0
1999-08-24,13.074,9.756,16.583,24.031,142.0
1999-08-25,30.004,10.928,16.646,25.41,190.0
1999-08-26,1.563,9.737,16.472,23.92,157.0
1999-08-27,16.472,9.951,16.771,24.368,242.0
1999-08-28,24.895,9.871,16.604,24.146,327.0
1999-08-29,0.0,11.596,17.083,26.469,200.0
1999-08-30,20.355,11.81,16.958,26.639,182.0
1999-08-31,0.0,13.14,14.549,26.535,144.0
1999-09-01,13.361,12.727,16.479,27.33,159.0
1999-09-02,16.68,9.767,16.438,23.906,167.0
1999-09-03,17.875,11.204,16.854,25.823,303.0
1999-09-04,0.125,10.535,17.076,25.205,195.0
1999-09-05,23.648,11.249,15.764,25.122,280.0
1999-09-06,0.492,12.594,14.767,26.028,193.0
1999-09-07,3.503,13.497,16.076,27.91,166.0
1999-09-08,30.8,13.564,15.833,27.858,325.0
1999-09-09,10.157,11.005,16.5,25.33,206.0
1999-09-10,12.962,8.885,16.16,22.708,262.0
1999-09-11,16.502,11.661,15.378,25.319,212.0
1999-09-12,26.233,8.716,15.656,22.184,341.0
1999-09-13,11.758,10.802,16.101,24.844,334.0
1999-09-14,37.173,9.656,15.622,23.188,318.0
1999-09-15,6.545,8.627,16.472,22.681,245.0
1999-09-16,11.919,11.843,16.354,26.212,275.0
1999-09-17,35.202,11.494,16.076,25.628,462.0
1999-09-18,0.0,11.554,15.5,25.323,269.0
1999-09-19,2.0,10.204,16.503,24.476,247.0
1999-09-20,0.0,11.584,15.806,25.594,212.0
1999-09-21,6.49,11.815,15.993,25.997,216.0
1999-09-22,28.624,9.548,15.66,23.115,285.0
1999-09-23,23.832,9.507,16.128,23.406,302.0
1999-09-24,8.642,11.429,15.774,25.406,218.0
1999-09-25,8.415,9.367,16.163,23.281,378.0
1999-09-26,20.245,11.456,14.913,24.837,349.0
1999-09-27,5.307,9.723,16.031,23.618,411.0
1999-09-28,8.687,6.91,15.056,19.774,402.0
1999-09-29,11.766,9.526,15.066,22.715,389.0
1999-09-30,22.694,9.878,15.781,23.66,434.0
1999-10-01,38.084,9.317,16.403,23.483,501.0
1999-10-02,19.897,9.151,16.236,23.167,532.0
1999-10-03,0.0,11.396,15.906,25.569,384.0
1999-10-04,13.221,11.555,16.319,26.031,337.0
1999-10-05,10.165,11.471,16.378,25.976,328.0
1999-10-06,28.02,9.283,16.594,23.608,423.0
1999-10-07,13.663,10.424,15.83,24.399,348.0
1999-10-08,8.883,10.167,16.038,24.295,368.0
1999-10-09,14.251,9.019,16.941,23.667,318.0
1999-10-10,22.621,10.507,16.49,25.031,348.0
1999-10-11,19.881,8.186,16.365,22.267,432.0
1999-10-12,8.874,12.392,15.667,26.75,337.0
1999-10-13,2.718,11.442,15.528,25.545,283.0
1999-10-14,0.192,10.939,16.819,25.899,264.0
1999-10-15,19.802,9.408,16.392,23.799,254.0
1999-10-16,32.469,10.292,15.76,24.354,398.0
1999-10-17,12.217,9.658,15.941,23.75,540.0
1999-10-18,10.679,9.787,16.493,24.361,379.0
1999-10-19,13.846,9.18,16.476,23.649,451.0
1999-10-20,20.767,10.991,16.188,25.594,451.0
1999-10-21,32.468,11.154,17.229,26.507,456.0
1999-10-22,15.255,7.454,16.941,22.108,500.0
1999-10-23,24.075,9.389,16.302,23.847,557.0
1999-10-24,12.955,10.093,16.67,24.938,489.0
1999-10-25,6.711,8.106,16.851,22.809,478.0
1999-10-26,17.817,10.331,16.417,25.125,444.0
1999-10-27,3.61,10.146,15.948,24.559,486.0
1999-10-28,49.882,8.475,16.781,23.243,780.0
1999-10-29,2.999,9.033,17.049,24.083,610.0
1999-10-30,37.299,7.107,16.424,21.448,652.0
1999-10-31,0.0,10.562,15.497,24.858,494.0
1999-11-01,1.934,11.018,15.91,25.736,419.0
1999-11-02,35.059,9.501,17.625,25.153,473.0
1999-11-03,10.567,9.425,17.278,24.816,425.0
1999-11-04,6.226,10.246,17.562,26.003,366.0
1999-11-05,33.946,9.052,18.434,25.292,601.0
1999-11-06,14.579,10.979,15.778,25.712,463.0
1999-11-07,5.149,7.749,16.431,22.271,384.0
1999-11-08,33.053,9.357,16.132,24.038,452.0
1999-11-09,0.0,8.926,17.708,24.684,337.0
1999-11-10,8.751,9.738,17.153,25.264,331.0
1999-11-11,28.773,8.726,18.101,24.757,510.0
1999-11-12,21.347,6.391,17.656,21.847,396.0
1999-11-13,17.197,9.881,16.486,25.01,389.0
1999-11-14,9.787,10.21,17.059,25.84,426.0
1999-11-15,11.538,8.717,16.663,23.767,431.0
1999-11-16,0.0,10.179,16.066,25.163,323.0
1999-11-17,24.569,7.161,16.788,22.059,359.0
1999-11-18,29.485,7.382,17.24,22.674,686.0
1999-11-19,1.74,6.427,17.184,21.566,609.0
1999-11-20,12.654,6.814,16.938,21.795,536.0
1999-11-21,13.857,7.776,17.101,23.062,469.0
1999-11-22,16.494,7.289,16.962,22.372,384.0
1999-11-23,15.326,8.922,16.358,23.92,347.0
1999-11-24,7.511,6.507,16.358,20.993,383.0
1999-11-25,14.282,5.973,16.042,20.156,470.0
1999-11-26,0.0,7.643,16.156,22.24,362.0
1999-11-27,4.812,7.704,15.851,22.101,394.0
1999-11-28,0.0,8.067,16.194,22.837,355.0
1999-11-29,0.0,11.0,15.299,25.951,318.0
1999-11-30,35.973,9.765,16.149,24.962,434.0
1999-12-01,9.171,7.649,16.792,22.767,437.0
1999-12-02,17.824,7.497,17.382,23.094,422.0
1999-12-03,11.411,8.453,18.25,24.865,431.0
1999-12-04,27.566,8.321,17.976,24.538,777.0
1999-12-05,52.125,8.635,17.556,24.59,866.0
1999-12-06,24.669,8.333,17.215,24.007,644.0
1999-12-07,0.0,8.332,17.444,24.167,553.0
1999-12-08,2.502,8.949,16.812,24.472,492.0
1999-12-09,3.805,9.458,18.455,26.326,517.0
1999-12-10,32.153,10.035,16.635,25.733,487.0
1999-12-11,54.71,8.972,17.413,24.979,571.0
1999-12-12,2.635,8.133,17.295,23.837,443.0
1999-12-13,57.355,8.307,17.465,24.208,872.0
1999-12-14,2.772,7.953,16.91,23.333,725.0
1999-12-15,38.679,8.982,16.868,24.59,1287.0
1999-12-16,45.626,7.686,17.552,23.507,1256.0
1999-12-17,13.107,8.554,17.75,24.719,1161.0
1999-12-18,19.218,8.378,17.503,24.33,1076.0
1999-12-19,25.112,7.956,17.469,23.792,1085.0
1999-12-20,5.424,7.804,17.288,23.469,930.0
1999-12-21,10.447,8.779,18.167,25.292,762.0
1999-12-22,6.919,8.006,17.816,24.08,679.0
1999-12-23,0.0,9.853,15.306,24.604,538.0
1999-12-24,0.0,8.781,16.583,24.097,508.0
1999-12-25,0.0,7.393,16.962,22.681,496.0
1999-12-26,4.263,8.651,15.948,23.521,380.0
1999-12-27,2.783,9.033,15.323,23.521,371.0
1999-12-28,0.0,9.429,15.288,23.997,332.0
1999-12-29,0.0,9.261,16.719,24.802,327.0
1999-12-30,0.0,9.609,16.184,24.865,318.0
1999-12-31,0.0,9.513,17.08,25.382,303.0
2000-01-01,0.0,8.977,17.684,25.142,369.6
2000-01-02,0.0,9.364,16.347,24.618,348.1
2000-01-03,0.0,8.897,16.569,24.194,324.8
2000-01-04,0.0,8.747,16.156,23.694,313.6
2000-01-05,0.0,7.634,16.326,22.42,348.0
2000-01-06,0.0,7.841,15.875,22.33,284.6
2000-01-07,0.0,7.593,16.142,22.208,297.9
2000-01-08,0.0,8.483,15.997,23.167,279.6
2000-01-09,1.429,7.804,15.736,22.149,325.7
2000-01-10,0.0,8.76,16.389,23.785,327.6
2000-01-11,0.0,8.867,16.892,24.281,352.4
2000-01-12,0.0,8.82,17.372,24.583,289.8
2000-01-13,0.0,9.893,16.358,25.153,269.5
2000-01-14,0.0,10.207,15.257,24.799,257.2
2000-01-15,0.0,8.148,16.5,23.038,325.3
2000-01-16,0.0,8.289,16.344,23.066,309.4
2000-01-17,0.0,8.39,16.479,23.288,316.6
2000-01-18,0.0,8.838,16.705,23.993,262.1
2000-01-19,0.0,10.368,14.788,24.549,275.3
2000-01-20,0.0,9.505,15.708,24.069,261.9
2000-01-21,0.0,9.308,16.632,24.514,240.9
2000-01-22,19.965,10.155,16.778,25.622,301.8
2000-01-23,0.0,12.222,14.906,26.878,230.4
2000-01-24,57.365,10.723,14.521,24.694,294.0
2000-01-25,0.0,9.268,16.625,24.323,219.6
2000-01-26,63.366,6.668,16.865,21.469,258.0
2000-01-27,25.328,8.994,16.16,23.608,315.2
2000-01-28,0.0,9.622,17.396,25.247,224.4
2000-01-29,0.0,8.613,16.951,23.663,287.9
2000-01-30,0.0,9.041,16.753,24.031,314.0
2000-01-31,6.92,9.159,16.583,24.021,346.4
2000-02-01,18.641,9.271,15.497,23.368,384.1
2000-02-02,0.0,9.646,14.906,23.375,309.7
2000-02-03,34.042,11.737,15.198,26.153,327.2
2000-02-04,0.0,12.098,14.174,25.896,283.4
2000-02-05,27.118,9.951,15.108,23.819,447.7
2000-02-06,1.938,9.564,16.715,24.486,442.4
2000-02-07,0.0,12.022,15.167,26.372,365.3
2000-02-08,4.869,12.62,13.819,26.215,346.7
2000-02-09,15.112,11.713,14.531,25.521,414.8
2000-02-10,3.878,9.971,17.545,25.462,293.7
2000-02-11,0.0,9.656,18.038,25.451,274.5
2000-02-12,0.0,10.406,17.271,25.736,247.8
2000-02-13,8.963,10.827,16.42,25.59,284.2
2000-02-14,0.0,9.823,16.993,24.802,226.8
2000-02-15,0.0,10.998,16.66,25.899,214.8
2000-02-16,37.39,10.675,15.823,24.896,406.6
2000-02-17,21.078,8.844,14.726,21.934,345.3
2000-02-18,0.0,8.942,16.073,22.993,279.7
2000-02-19,4.509,8.626,16.163,22.691,340.3
2000-02-20,15.21,10.439,14.469,23.601,379.7
2000-02-21,25.068,8.833,15.885,22.684,375.1
2000-02-22,8.624,8.841,16.934,23.483,424.1
2000-02-23,41.408,9.247,16.628,23.715,478.0
2000-02-24,3.869,8.695,16.323,22.802,538.0
2000-02-25,9.609,8.712,16.142,22.684,446.8
2000-02-26,5.13,9.303,16.719,23.767,448.4
2000-02-27,15.834,9.207,16.083,23.17,580.5
2000-02-28,0.98,9.4,16.701,23.83,738.7
2000-02-29,9.387,8.704,17.288,23.528,569.7
2000-03-01,13.453,9.869,16.319,24.062,485.9
2000-03-02,9.846,9.352,16.451,23.549,684.1
2000-03-03,15.32,11.172,15.951,25.26,685.0
2000-03-04,36.457,11.054,16.149,25.236,677.9
2000-03-05,0.0,12.049,15.642,26.049,478.8
2000-03-06,0.632,12.417,16.226,26.84,437.2
2000-03-07,42.539,11.661,16.649,26.236,635.8
2000-03-08,18.852,9.988,16.635,24.295,744.1
2000-03-09,0.964,10.018,16.861,24.503,558.4
2000-03-10,0.0,10.972,16.26,25.139,474.0
2000-03-11,0.0,11.037,17.149,25.809,416.4
2000-03-12,14.406,9.904,17.163,24.562,734.2
2000-03-13,10.977,9.975,16.615,24.219,757.9
2000-03-14,1.578,11.683,16.708,26.191,681.5
2000-03-15,42.732,12.424,16.226,26.708,575.6
2000-03-16,15.136,11.431,17.333,26.34,538.2
2000-03-17,30.404,11.536,16.611,25.944,757.8
2000-03-18,0.0,11.101,16.476,25.389,388.6
2000-03-19,2.909,10.185,16.729,24.493,379.5
2000-03-20,0.0,10.363,15.924,24.09,339.0
2000-03-21,0.114,10.732,16.479,24.917,286.0
2000-03-22,17.842,10.92,16.969,25.458,389.4
2000-03-23,7.18,7.703,17.24,22.198,346.1
2000-03-24,0.875,9.624,16.226,23.448,405.3
2000-03-25,26.7,7.04,16.58,20.979,456.6
2000-03-26,7.176,9.876,16.514,23.951,339.3
2000-03-27,0.15,9.253,16.965,23.604,330.0
2000-03-28,4.92,11.05,15.962,24.865,279.7
2000-03-29,0.0,12.111,15.674,25.896,243.0
2000-03-30,36.725,12.349,15.753,26.222,276.7
2000-03-31,15.687,12.163,15.594,25.91,276.0
2000-04-01,0.672,11.865,16.066,25.865,280.4
2000-04-02,37.694,13.652,14.712,27.035,322.6
2000-04-03,25.012,10.783,15.92,24.538,323.4
2000-04-04,0.855,11.423,15.948,25.285,271.0
2000-04-05,15.517,9.271,16.882,23.545,358.3
2000-04-06,2.527,11.196,16.347,25.361,465.1
2000-04-07,6.816,12.012,17.177,26.865,393.4
2000-04-08,8.442,12.967,15.601,26.84,345.8
2000-04-09,9.84,13.605,15.865,27.75,299.7
2000-04-10,18.481,12.028,16.785,26.58,347.7
2000-04-11,26.86,11.359,16.191,25.42,326.1
2000-04-12,12.39,8.282,16.948,22.556,338.4
2000-04-13,5.06,11.867,15.545,25.552,287.0
2000-04-14,13.438,9.802,15.84,23.448,307.0
2000-04-15,0.711,11.165,15.747,24.948,261.9
2000-04-16,3.294,10.299,16.747,24.653,304.1
2000-04-17,54.491,9.523,16.062,23.323,419.4
2000-04-18,0.133,12.748,15.684,26.726,318.3
2000-04-19,5.873,11.284,17.122,26.062,356.5
2000-04-20,38.399,11.534,17.229,26.444,488.2
2000-04-21,27.468,9.7,17.115,24.354,357.8
2000-04-22,15.322,11.893,17.153,26.778,423.3
2000-04-23,17.331,10.113,17.125,24.809,412.9
2000-04-24,3.026,10.112,16.983,24.698,324.5
2000-04-25,1.886,11.608,17.017,26.444,286.0
2000-04-26,14.273,11.917,16.406,26.413,340.4
2000-04-27,0.362,11.983,16.948,26.847,250.2
2000-04-28,0.0,13.059,16.024,27.451,228.1
2000-04-29,17.866,11.281,16.958,26.09,208.9
2000-04-30,12.87,11.896,16.247,26.278,276.1
2000-05-01,27.579,10.632,16.882,25.299,241.1
2000-05-02,5.649,11.952,14.764,25.385,219.7
2000-05-03,15.612,11.56,17.198,26.601,208.3
2000-05-04,33.427,9.262,17.226,24.066,259.4
2000-05-05,0.366,11.527,16.983,26.462,205.5
2000-05-06,19.926,10.471,16.545,24.962,518.3
2000-05-07,2.481,11.81,16.816,26.694,368.7
2000-05-08,25.265,10.873,16.688,25.542,444.5
2000-05-09,0.0,12.331,15.622,26.531,264.1
2000-05-10,0.433,10.761,17.142,25.767,248.1
2000-05-11,0.0,11.722,17.149,26.882,221.1
2000-05-12,20.341,11.132,17.049,26.149,300.2
2000-05-13,10.775,10.217,16.438,24.66,237.4
2000-05-14,34.936,10.329,17.503,25.556,433.1
2000-05-15,7.016,9.544,16.802,24.194,348.4
2000-05-16,4.574,11.724,16.806,26.74,283.9
2000-05-17,37.044,10.852,17.302,26.094,304.4
2000-05-18,0.0,12.241,16.299,27.031,243.9
2000-05-19,31.029,10.967,17.09,26.083,435.7
2000-05-20,17.884,10.764,16.431,25.413,335.4
2000-05-21,8.111,9.446,17.278,24.497,455.8
2000-05-22,23.28,9.694,16.99,24.583,406.3
2000-05-23,13.271,11.116,16.875,26.163,542.0
2000-05-24,8.057,11.932,16.816,27.08,368.0
2000-05-25,0.919,11.525,15.955,26.024,317.8
2000-05-26,13.373,12.555,16.795,27.854,295.4
2000-05-27,0.0,11.128,17.017,26.337,261.4
2000-05-28,33.185,9.928,16.885,24.833,322.4
2000-05-29,10.858,10.571,16.726,25.479,243.3
2000-05-30,24.052,8.778,16.951,23.583,516.7
2000-05-31,16.462,11.201,15.552,25.469,304.2
2000-06-01,3.798,11.293,16.306,26.101,404.3
2000-06-02,12.171,10.982,16.326,25.736,405.5
2000-06-03,0.14,12.473,15.823,27.236,314.6
2000-06-04,15.068,10.95,17.882,26.823,379.5
2000-06-05,7.247,11.285,17.378,26.885,287.5
2000-06-06,1.825,11.725,17.073,27.177,261.7
2000-06-07,13.728,10.712,16.385,25.49,382.9
2000-06-08,13.909,8.867,17.622,24.25,308.0
2000-06-09,5.902,10.841,16.958,26.087,262.4
2000-06-10,9.444,10.939,17.167,26.344,239.1
2000-06-11,19.027,11.877,17.375,27.622,321.4
2000-06-12,11.67,11.56,16.587,26.701,272.1
2000-06-13,2.323,11.813,14.91,25.882,299.4
2000-06-14,8.379,11.629,16.316,26.632,246.9
2000-06-15,25.677,11.236,16.521,26.326,364.6
2000-06-16,12.151,11.548,15.799,26.208,319.2
2000-06-17,16.541,10.927,16.191,25.729,304.7
2000-06-18,23.88,10.537,15.778,24.951,462.5
2000-06-19,4.957,10.664,16.774,25.826,300.8
2000-06-20,0.689,11.291,16.809,26.576,274.1
2000-06-21,18.299,12.632,16.535,28.0,237.3
2000-06-22,11.685,11.381,16.333,26.378,279.5
2000-06-23,26.592,10.214,16.569,25.076,427.4
2000-06-24,31.449,7.265,16.656,21.75,605.5
2000-06-25,5.999,11.917,15.302,26.302,542.2
2000-06-26,0.0,12.392,15.958,27.333,380.6
2000-06-27,0.0,13.041,15.135,27.58,312.9
2000-06-28,12.658,12.656,15.587,27.389,296.6
2000-06-29,6.11,12.461,16.306,27.622,252.3
2000-06-30,0.407,12.525,16.677,27.938,225.6
2000-07-01,7.494,12.922,15.528,27.653,220.5
2000-07-02,5.15,13.011,16.181,28.174,191.0
2000-07-03,5.296,11.48,16.656,26.66,197.4
2000-07-04,3.957,12.749,16.198,27.868,203.7
2000-07-05,5.601,10.262,16.997,25.427,171.0
2000-07-06,5.777,9.449,17.139,24.576,171.7
2000-07-07,14.033,11.014,16.378,25.837,229.2
2000-07-08,5.198,13.136,16.132,28.267,171.2
2000-07-09,9.643,13.576,16.507,29.045,180.6
2000-07-10,7.575,12.414,15.847,27.167,156.6
2000-07-11,0.0,13.201,15.385,27.802,146.2
2000-07-12,0.318,12.629,16.274,27.694,129.6
2000-07-13,6.781,12.479,16.146,27.42,129.3
2000-07-14,6.842,10.654,16.774,25.653,170.8
2000-07-15,10.667,12.686,16.163,27.635,180.2
2000-07-16,1.116,12.515,15.531,27.031,141.6
2000-07-17,14.342,13.597,15.497,28.295,236.9
2000-07-18,20.101,10.888,16.17,25.472,223.6
2000-07-19,0.0,10.184,15.375,24.056,176.5
2000-07-20,3.03,10.576,15.83,24.83,168.1
2000-07-21,12.568,10.499,15.253,24.319,316.3
2000-07-22,13.675,10.159,15.924,24.385,344.3
2000-07-23,0.0,12.786,15.149,27.021,204.7
2000-07-24,3.993,12.868,15.51,27.34,173.1
2000-07-25,15.868,11.676,15.014,25.531,165.0
2000-07-26,14.541,11.735,16.562,26.632,153.0
2000-07-27,16.034,12.089,16.399,26.931,152.4
2000-07-28,19.217,12.482,15.601,26.844,148.3
2000-07-29,4.511,10.717,15.656,24.806,206.6
2000-07-30,15.736,11.468,15.451,25.51,143.5
2000-07-31,7.905,12.765,15.01,26.792,302.8
2000-08-01,10.038,13.03,14.694,26.878,267.0
2000-08-02,18.027,11.128,15.705,25.243,292.6
2000-08-03,9.469,12.709,15.038,26.66,291.8
2000-08-04,21.793,11.485,15.639,25.632,248.9
2000-08-05,4.413,11.772,14.431,25.097,236.0
2000-08-06,6.167,9.516,15.896,23.434,298.2
2000-08-07,8.099,12.813,15.118,26.781,210.2
2000-08-08,1.511,12.217,16.007,26.649,184.4
2000-08-09,0.673,12.102,16.354,26.753,203.9
2000-08-10,15.789,13.713,15.719,28.215,255.5
2000-08-11,6.045,12.999,15.587,27.278,206.2
2000-08-12,0.0,14.725,14.535,28.628,164.5
2000-08-13,2.541,12.513,15.281,26.465,149.8
2000-08-14,0.0,12.62,14.847,26.278,143.2
2000-08-15,0.656,13.84,15.299,28.017,148.8
2000-08-16,5.485,13.93,15.25,28.069,169.7
2000-08-17,0.0,14.825,13.997,28.323,131.1
2000-08-18,0.284,12.862,15.458,26.924,122.8
2000-08-19,0.0,14.913,14.858,28.92,120.5
2000-08-20,0.061,14.703,15.594,29.142,115.6
2000-08-21,0.0,14.326,16.142,29.035,111.2
2000-08-22,0.0,13.99,16.49,28.865,106.7
2000-08-23,0.0,12.633,17.069,27.667,103.3
2000-08-24,0.21,14.097,15.997,28.642,103.9
2000-08-25,29.47,12.659,17.309,27.882,152.4
2000-08-26,11.375,13.304,16.062,27.743,127.7
2000-08-27,0.0,14.934,15.41,29.219,105.4
2000-08-28,6.748,14.363,16.531,29.267,127.0
2000-08-29,17.743,13.733,16.899,28.778,185.7
2000-08-30,6.796,14.37,16.281,29.111,122.0
2000-08-31,17.243,13.272,16.087,27.701,168.3
2000-09-01,29.111,12.904,17.038,27.872,154.0
2000-09-02,13.994,10.976,17.01,25.635,338.3
2000-09-03,10.401,12.036,16.899,26.785,320.9
2000-09-04,29.064,8.92,15.708,22.406,429.2
2000-09-05,5.436,9.476,15.559,22.976,278.5
2000-09-06,5.829,12.446,15.156,26.08,211.3
2000-09-07,22.494,11.376,15.691,25.212,298.7
2000-09-08,0.0,12.296,15.465,26.118,202.9
2000-09-09,17.687,12.237,16.111,26.462,229.7
2000-09-10,53.211,9.923,15.976,23.75,448.9
2000-09-11,3.14,12.492,16.115,26.802,290.7
2000-09-12,1.139,12.417,16.031,26.677,311.2
2000-09-13,0.651,12.485,17.368,27.642,354.0
2000-09-14,20.942,12.554,15.076,26.177,440.7
2000-09-15,37.827,10.439,15.719,24.191,622.8
2000-09-16,11.624,12.358,15.601,26.319,614.2
2000-09-17,13.491,10.379,15.604,24.028,516.4
2000-09-18,0.0,10.813,15.493,24.462,363.4
2000-09-19,13.621,13.013,16.615,27.771,406.1
2000-09-20,29.821,9.333,16.392,23.382,427.8
2000-09-21,0.0,10.69,15.104,24.038,319.2
2000-09-22,21.6,11.891,15.469,25.708,402.9
2000-09-23,6.499,11.385,15.83,25.351,290.3
2000-09-24,23.845,9.893,16.545,24.17,288.2
2000-09-25,22.766,9.926,16.184,23.962,409.3
2000-09-26,0.267,10.061,16.632,24.455,298.6
2000-09-27,31.925,8.234,16.122,22.122,479.3
2000-09-28,1.006,10.816,15.76,24.719,320.1
2000-09-29,43.781,7.735,16.615,21.868,449.7
2000-09-30,14.156,10.066,15.858,23.931,473.5
2000-10-01,26.941,12.765,15.347,26.76,420.9
2000-10-02,19.534,10.051,16.913,24.736,448.0
2000-10-03,19.985,11.942,15.781,26.125,579.3
2000-10-04,26.162,9.223,16.76,23.712,555.8
2000-10-05,8.893,12.081,15.549,26.181,476.7
2000-10-06,0.721,11.855,15.969,26.25,379.6
2000-10-07,0.0,12.469,16.448,27.292,323.5
2000-10-08,20.264,11.502,17.139,26.646,319.6
2000-10-09,16.589,10.475,17.292,25.566,400.9
2000-10-10,3.589,11.52,17.42,26.899,302.6
2000-10-11,6.871,11.813,16.278,26.472,270.6
2000-10-12,2.488,13.03,15.601,27.469,260.6
2000-10-13,0.737,12.254,16.92,27.444,230.6
2000-10-14,1.851,11.936,17.024,27.194,238.2
2000-10-15,10.593,11.801,16.983,27.021,214.0
2000-10-16,5.78,12.471,17.535,28.188,216.2
2000-10-17,4.052,12.501,17.247,28.052,225.6
2000-10-18,8.893,11.361,16.983,26.58,197.7
2000-10-19,0.679,12.725,17.306,28.434,177.8
2000-10-20,11.702,12.499,16.458,27.608,227.7
2000-10-21,10.259,11.876,15.792,26.448,206.2
2000-10-22,28.565,9.826,16.49,24.528,227.0
2000-10-23,22.135,10.634,17.24,25.993,212.0
2000-10-24,35.253,8.099,17.003,22.889,273.0
2000-10-25,1.387,7.574,17.028,22.42,209.3
2000-10-26,32.082,8.75,16.67,23.427,411.5
2000-10-27,3.322,8.665,17.219,23.795,263.5
2000-10-28,25.175,11.618,16.476,26.767,317.4
2000-10-29,7.751,11.215,16.337,26.194,247.8
2000-10-30,32.935,10.349,16.156,25.056,570.0
2000-10-31,0.164,7.23,16.851,21.931,357.7
2000-11-01,37.228,9.052,17.594,24.604,413.4
2000-11-02,49.322,7.237,17.83,22.753,789.6
2000-11-03,0.0,8.866,17.208,24.146,480.3
2000-11-04,4.477,7.774,17.479,23.076,412.6
2000-11-05,11.539,9.596,17.215,25.062,375.4
2000-11-06,43.482,8.82,17.66,24.451,804.0
2000-11-07,3.987,7.052,16.993,21.941,571.6
2000-11-08,0.0,10.692,14.771,24.747,434.0
2000-11-09,6.805,11.001,15.486,25.635,402.0
2000-11-10,4.776,8.659,17.424,24.188,398.4
2000-11-11,23.567,8.126,16.701,23.028,390.7
2000-11-12,5.765,9.73,15.556,24.233,300.8
2000-11-13,0.937,8.379,16.528,23.215,274.5
2000-11-14,0.0,7.375,16.948,22.382,247.6
2000-11-15,0.0,9.128,15.819,23.642,244.7
2000-11-16,0.0,9.855,17.59,25.851,255.7
2000-11-17,16.364,5.186,17.91,20.861,295.7
2000-11-18,43.655,9.26,16.712,24.566,324.4
2000-11-19,22.33,11.035,15.604,26.052,378.7
2000-11-20,13.013,9.085,17.549,24.979,556.1
2000-11-21,0.0,9.719,17.604,25.819,414.8
2000-11-22,2.275,9.684,16.67,25.083,370.2
2000-11-23,3.888,9.993,15.931,24.972,334.7
2000-11-24,5.868,10.119,16.052,25.271,345.8
2000-11-25,0.0,10.189,17.049,26.059,254.3
2000-11-26,0.0,11.384,14.312,25.757,217.3
2000-11-27,3.4,8.914,16.708,24.243,273.7
2000-11-28,10.53,11.142,15.306,26.125,243.1
2000-11-29,25.814,8.714,15.729,23.316,210.1
2000-11-30,0.0,8.415,16.764,23.736,308.5
2000-12-01,0.0,11.212,16.58,27.146,172.2
2000-12-02,5.126,10.534,16.413,26.17,180.3
2000-12-03,0.402,10.264,16.681,26.01,162.1
2000-12-04,3.11,8.649,17.25,24.424,248.0
2000-12-05,0.0,9.291,17.524,25.448,195.1
2000-12-06,0.999,9.754,16.396,25.184,175.2
2000-12-07,0.0,7.589,16.316,22.451,173.4
2000-12-08,12.505,9.569,17.115,25.497,261.6
2000-12-09,0.0,10.689,16.483,26.476,176.4
2000-12-10,10.154,10.904,17.156,27.236,173.9
2000-12-11,40.135,10.1,17.16,26.188,229.4
2000-12-12,5.881,10.473,16.222,26.028,340.4
2000-12-13,0.419,11.233,15.597,26.632,223.7
2000-12-14,10.627,9.306,16.264,24.552,295.9
2000-12-15,8.474,9.436,15.451,24.174,327.5
2000-12-16,0.073,8.445,17.076,24.056,261.2
2000-12-17,0.0,8.22,17.188,23.896,234.9
2000-12-18,0.0,7.584,16.927,22.885,199.8
2000-12-19,14.871,8.006,16.5,23.087,189.6
2000-12-20,30.162,7.337,16.878,22.58,227.0
2000-12-21,12.857,10.95,14.663,25.608,192.9
2000-12-22,0.0,11.458,14.875,26.424,167.3
2000-12-23,6.504,11.055,15.024,25.986,159.0
2000-12-24,13.698,9.949,16.368,25.462,183.9
2000-12-25,3.944,8.926,17.396,24.882,197.6
2000-12-26,2.541,10.691,15.847,26.049,314.4
2000-12-27,12.566,8.889,16.806,24.378,272.5
2000-12-28,19.41,11.362,14.583,26.066,339.0
2000-12-29,44.535,9.285,15.045,23.639,352.8
2000-12-30,0.323,9.647,15.913,24.705,260.4
2000-12-31,0.0,10.792,15.118,25.632,207.1
2001-01-01,12.302,11.156,16.146,26.799,215.9
2001-01-02,0.0,11.798,15.406,27.142,173.3
2001-01-03,8.697,12.001,13.979,26.444,180.3
2001-01-04,0.0,12.219,14.642,27.17,153.9
2001-01-05,0.145,8.722,16.986,24.264,198.0
2001-01-06,0.484,8.361,17.139,23.903,231.8
2001-01-07,0.0,9.929,16.323,25.288,169.1
2001-01-08,0.0,11.707,15.285,26.854,144.9
2001-01-09,21.178,11.569,15.111,26.517,226.6
2001-01-10,17.596,10.294,15.66,25.215,237.7
2001-01-11,0.0,10.003,16.826,25.649,196.1
2001-01-12,4.9,10.84,15.76,25.958,209.3
2001-01-13,4.8,9.953,15.771,24.816,216.0
2001-01-14,0.0,10.952,15.938,26.177,224.4
2001-01-15,14.903,10.686,16.399,26.139,466.5
2001-01-16,16.37,11.019,15.635,26.035,418.4
2001-01-17,8.732,9.481,16.219,24.42,385.5
2001-01-18,0.0,9.838,16.01,24.733,259.0
2001-01-19,11.239,10.8,16.316,26.153,289.5
2001-01-20,54.387,9.006,16.375,23.931,437.3
2001-01-21,9.692,11.151,15.795,26.177,389.7
2001-01-22,18.507,10.302,15.233,24.691,356.3
2001-01-23,10.104,9.899,14.312,23.538,308.8
2001-01-24,6.137,9.971,15.559,24.455,280.4
2001-01-25,1.112,11.398,15.045,25.885,342.8
2001-01-26,0.0,10.817,15.733,25.622,242.0
2001-01-27,0.0,12.284,13.858,26.181,204.6
2001-01-28,0.0,12.041,15.406,26.837,196.2
2001-01-29,0.0,12.375,14.962,26.955,177.8
2001-01-30,0.0,14.182,11.747,27.233,158.1
2001-01-31,0.0,12.588,13.972,26.524,156.3
2001-02-01,0.26,11.036,15.615,25.628,159.4
2001-02-02,5.568,10.984,15.51,25.462,175.4
2001-02-03,0.279,10.457,16.045,25.128,178.5
2001-02-04,11.451,8.861,16.601,23.576,185.9
2001-02-05,1.736,12.108,14.983,26.389,143.9
2001-02-06,0.0,12.975,14.229,26.958,129.3
2001-02-07,0.0,12.745,14.726,26.951,121.3
2001-02-08,0.0,12.993,15.628,27.816,112.5
2001-02-09,6.625,11.951,15.705,26.549,106.9
2001-02-10,10.208,12.097,15.816,26.774,102.6
2001-02-11,0.0,13.003,14.486,26.969,97.0
2001-02-12,0.073,13.536,14.5,27.611,92.7
2001-02-13,0.0,13.925,15.625,28.767,88.9
2001-02-14,27.07,13.523,16.271,28.677,96.6
2001-02-15,0.0,12.165,17.392,27.778,89.2
2001-02-16,44.753,12.039,17.861,27.944,118.3
2001-02-17,0.0,11.244,18.368,27.372,129.1
2001-02-18,0.0,12.072,17.208,27.472,100.5
2001-02-19,0.773,11.136,17.094,26.264,169.5
2001-02-20,16.316,10.643,17.583,26.017,180.7
2001-02-21,8.46,8.487,17.889,23.795,150.6
2001-02-22,0.0,9.54,17.715,24.812,119.9
2001-02-23,0.229,10.98,17.434,26.229,140.5
2001-02-24,0.0,9.652,17.795,24.976,116.6
2001-02-25,0.0,12.379,16.292,27.045,120.3
2001-02-26,0.456,7.671,17.816,22.823,138.6
2001-02-27,0.0,10.111,17.184,25.0,128.7
2001-02-28,0.0,10.218,17.503,25.312,111.6
2001-03-01,0.0,9.809,17.125,24.576,179.0
2001-03-02,0.0,10.603,17.278,25.562,114.2
2001-03-03,3.286,11.797,17.965,27.361,145.5
2001-03-04,0.0,11.334,18.076,26.913,115.7
2001-03-05,55.112,10.057,17.104,24.774,176.0
2001-03-06,15.374,9.666,17.097,24.333,182.5
2001-03-07,1.661,10.43,18.163,25.92,171.0
2001-03-08,9.127,10.849,16.872,25.451,155.0
2001-03-09,2.409,11.982,16.795,26.698,122.7
2001-03-10,18.464,12.895,16.365,27.448,172.1
2001-03-11,22.106,12.173,16.844,26.924,159.6
2001-03-12,0.122,12.671,16.507,27.233,121.5
2001-03-13,0.0,13.503,16.993,28.483,106.5
2001-03-14,30.643,10.279,17.774,25.403,302.6
2001-03-15,5.088,10.137,18.156,25.535,164.2
2001-03-16,23.107,10.609,17.035,25.208,204.6
2001-03-17,0.0,11.513,16.167,25.625,144.4
2001-03-18,13.75,10.26,17.142,24.875,184.7
2001-03-19,9.187,7.957,17.74,22.84,183.2
2001-03-20,6.117,12.105,15.809,26.0,163.9
2001-03-21,25.63,8.429,17.372,23.045,215.3
2001-03-22,0.0,9.135,16.944,23.486,148.0
2001-03-23,15.455,9.682,16.677,23.872,209.4
2001-03-24,3.661,9.625,16.816,23.917,166.7
2001-03-25,6.157,12.768,16.115,26.948,145.3
2001-03-26,14.188,13.35,15.108,26.955,143.3
2001-03-27,9.058,12.38,16.396,26.691,157.6
2001-03-28,5.252,12.523,16.733,27.094,136.9
2001-03-29,24.983,12.156,17.135,26.941,189.9
2001-03-30,0.087,13.165,16.556,27.694,161.3
2001-03-31,10.334,12.982,16.392,27.375,156.5
2001-04-01,12.952,13.364,15.986,27.556,130.5
2001-04-02,9.323,11.841,17.219,26.642,191.5
2001-04-03,0.0,13.474,16.042,27.694,143.8
2001-04-04,13.439,11.768,16.517,26.104,234.6
2001-04-05,3.899,11.094,17.125,25.75,185.1
2001-04-06,0.0,12.313,17.403,27.326,140.9
2001-04-07,15.132,10.362,17.323,25.09,160.3
2001-04-08,0.0,14.129,16.767,28.938,126.5
2001-04-09,0.997,13.35,17.118,28.285,146.2
2001-04-10,16.062,12.115,17.08,26.878,149.9
2001-04-11,10.432,12.021,17.115,26.781,145.0
2001-04-12,8.683,12.764,16.736,27.392,151.8
2001-04-13,18.945,12.504,17.774,27.826,228.7
2001-04-14,7.6,12.561,17.066,27.375,156.4
2001-04-15,17.184,12.819,17.059,27.684,198.3
2001-04-16,11.343,10.51,18.003,25.802,260.8
2001-04-17,12.238,7.046,18.087,22.222,219.3
2001-04-18,0.0,12.998,16.722,27.698,174.3
2001-04-19,24.929,11.185,17.458,26.153,249.0
2001-04-20,9.733,11.569,17.521,26.649,198.1
2001-04-21,18.753,14.195,15.576,28.361,234.0
2001-04-22,10.211,11.534,16.208,25.736,170.3
2001-04-23,14.956,7.834,16.715,21.972,217.4
2001-04-24,2.29,11.514,17.049,26.316,203.6
2001-04-25,3.126,10.587,18.208,26.135,192.1
2001-04-26,1.273,10.232,18.66,26.094,191.2
2001-04-27,0.039,12.695,17.517,28.024,154.2
2001-04-28,12.797,12.507,17.441,27.771,152.7
2001-04-29,6.819,12.831,17.708,28.33,135.8
2001-04-30,0.0,12.355,17.507,27.667,125.3
2001-05-01,1.934,11.118,17.865,26.562,116.1
2001-05-02,26.915,12.175,18.347,28.052,205.3
2001-05-03,25.445,9.591,17.885,24.913,288.8
2001-05-04,18.899,11.511,16.854,26.299,238.1
2001-05-05,0.062,10.873,17.375,25.951,181.1
2001-05-06,5.579,11.205,18.875,27.413,167.7
2001-05-07,30.728,10.135,18.205,25.757,221.5
2001-05-08,20.759,6.883,18.198,22.33,267.5
2001-05-09,11.667,8.234,17.712,23.347,232.8
2001-05-10,0.097,8.948,18.229,24.521,222.4
2001-05-11,0.0,12.393,16.924,27.524,180.8
2001-05-12,0.0,12.354,17.562,27.91,158.7
2001-05-13,2.887,11.107,17.736,26.632,150.0
2001-05-14,14.365,12.431,16.729,27.458,191.2
2001-05-15,16.029,12.027,17.646,27.635,163.0
2001-05-16,13.709,10.476,17.365,25.667,330.7
2001-05-17,6.336,12.484,17.51,28.09,276.1
2001-05-18,0.0,12.443,18.226,28.559,191.9
2001-05-19,14.754,10.584,17.361,25.819,166.2
2001-05-20,9.853,10.805,17.816,26.413,143.9
2001-05-21,37.512,9.083,17.295,24.087,203.0
2001-05-22,3.494,12.476,16.108,27.247,198.9
2001-05-23,23.224,12.617,16.899,27.938,286.2
2001-05-24,28.231,11.709,16.854,26.84,265.7
2001-05-25,1.809,11.417,16.597,26.34,194.6
2001-05-26,17.785,8.443,16.941,23.181,280.4
2001-05-27,27.156,11.223,16.08,25.792,254.4
2001-05-28,0.094,10.678,16.875,25.708,359.4
2001-05-29,4.154,11.96,17.101,27.403,232.0
2001-05-30,7.835,12.039,17.34,27.688,198.8
2001-05-31,7.475,12.054,16.799,27.302,175.0
2001-06-01,23.286,9.616,16.111,23.993,205.8
2001-06-02,12.878,9.181,15.771,23.229,293.2
2001-06-03,2.605,10.548,14.448,23.92,215.9
2001-06-04,14.348,12.522,15.097,26.802,232.2
2001-06-05,7.585,11.293,15.215,25.427,181.3
2001-06-06,3.702,12.259,15.896,27.049,221.2
2001-06-07,6.508,12.216,16.295,27.247,177.8
2001-06-08,3.299,11.59,16.646,26.75,235.9
2001-06-09,2.535,12.219,16.517,27.424,163.5
2001-06-10,0.396,13.106,15.875,28.062,147.1
2001-06-11,11.772,11.299,16.74,26.455,135.8
2001-06-12,8.179,12.57,15.142,26.938,155.6
2001-06-13,10.418,11.713,15.917,26.413,156.3
2001-06-14,4.577,10.32,17.347,25.753,191.7
2001-06-15,5.929,11.135,16.229,25.962,213.6
2001-06-16,14.317,12.946,16.601,28.403,204.7
2001-06-17,12.096,12.559,16.365,27.785,245.2
2001-06-18,11.73,12.787,16.382,28.076,181.8
2001-06-19,2.854,11.219,16.601,26.351,146.4
2001-06-20,0.34,12.317,16.222,27.385,132.6
2001-06-21,6.142,12.723,16.51,28.073,122.0
2001-06-22,0.842,13.598,16.288,28.993,129.3
2001-06-23,0.0,10.459,14.976,24.278,109.7
2001-06-24,0.0,14.015,14.913,28.622,101.2
2001-06-25,0.0,13.685,15.74,28.74,94.1
2001-06-26,0.0,14.094,15.865,29.316,88.9
2001-06-27,0.036,14.216,16.132,29.646,86.4
2001-06-28,0.0,13.666,16.299,29.066,84.0
2001-06-29,4.545,11.001,16.747,26.125,80.9
2001-06-30,1.625,12.863,16.403,28.139,83.8
2001-07-01,3.044,11.885,17.493,27.712,75.5
2001-07-02,0.0,13.066,16.747,28.618,73.1
2001-07-03,0.0,13.093,16.747,28.639,69.4
2001-07-04,0.0,12.944,17.156,28.708,67.0
2001-07-05,0.0,13.457,16.649,28.997,65.6
2001-07-06,11.182,11.312,16.934,26.622,63.7
2001-07-07,1.198,12.183,16.681,27.486,63.2
2001-07-08,8.31,13.426,15.812,28.413,66.9
2001-07-09,23.683,10.702,16.215,25.337,115.6
2001-07-10,0.58,11.765,16.58,26.889,68.8
2001-07-11,18.706,11.717,16.125,26.5,198.8
2001-07-12,12.458,12.354,16.01,27.215,87.0
2001-07-13,0.0,12.07,17.375,27.799,73.1
2001-07-14,7.293,12.736,16.476,27.924,66.0
2001-07-15,7.484,9.939,15.885,24.177,189.0
2001-07-16,0.656,13.274,15.792,28.128,109.2
2001-07-17,8.335,13.46,15.431,28.094,126.6
2001-07-18,12.456,13.447,16.795,28.951,111.1
2001-07-19,17.461,12.243,16.979,27.635,104.3
2001-07-20,1.73,12.641,16.194,27.59,96.6
2001-07-21,16.251,13.452,15.51,28.049,81.0
2001-07-22,4.208,12.22,15.948,26.903,79.4
2001-07-23,1.104,12.632,15.538,27.083,111.7
2001-07-24,0.0,15.344,14.198,29.517,75.9
2001-07-25,0.246,15.814,14.854,30.458,69.5
2001-07-26,10.363,10.992,16.573,25.781,89.7
2001-07-27,0.0,13.269,15.663,27.858,75.5
2001-07-28,22.907,12.052,15.712,26.427,100.6
2001-07-29,1.291,13.954,14.688,28.049,81.2
2001-07-30,8.314,12.123,16.288,26.878,77.8
2001-07-31,0.872,11.466,16.316,26.128,119.6
2001-08-01,0.283,13.799,15.535,28.347,85.6
2001-08-02,0.0,13.367,15.747,27.962,70.7
2001-08-03,0.0,13.847,14.639,27.799,65.1
2001-08-04,4.24,12.742,15.337,26.906,61.7
2001-08-05,0.232,13.184,15.215,27.344,59.8
2001-08-06,0.0,14.392,15.281,28.816,58.4
2001-08-07,0.0,15.149,15.41,29.774,56.5
2001-08-08,0.0,13.293,15.326,27.51,54.6
2001-08-09,0.0,15.145,14.854,29.378,52.7
2001-08-10,0.0,14.023,14.448,27.764,50.8
2001-08-11,0.0,14.563,14.861,28.66,48.9
2001-08-26,5.58,12.75,15.913,27.056,73.5
2001-08-27,10.238,15.091,16.743,30.253,110.8
2001-08-28,6.836,12.947,17.24,28.125,57.0
2001-09-03,4.288,14.569,15.628,28.865,50.1
2001-09-09,6.704,14.275,14.146,27.597,58.2
2001-09-12,26.846,9.413,16.872,23.847,117.1
2001-09-13,11.679,10.929,15.938,24.885,120.6
2001-09-14,26.346,7.944,15.736,21.323,169.0
2001-09-15,0.0,12.521,15.535,26.451,110.9
2001-09-16,0.432,14.613,13.802,27.816,87.8
2001-09-17,0.0,15.054,14.115,28.514,68.2
2001-09-18,22.191,11.475,16.188,25.694,128.1
2001-09-19,11.275,11.69,15.66,25.569,110.5
2001-09-20,25.945,11.529,15.649,25.382,215.6
2001-09-21,0.457,13.45,15.365,27.427,116.6
2001-09-22,23.163,12.497,15.972,26.767,105.9
2001-09-23,16.237,11.218,15.983,25.274,152.8
2001-09-24,20.831,12.185,15.778,26.326,221.6
2001-09-25,13.13,13.331,15.396,27.378,216.9
2001-09-26,5.421,13.837,15.882,28.302,231.2
2001-09-27,20.993,8.606,16.736,22.955,253.0
2001-09-28,8.159,11.865,15.698,25.854,232.9
2001-09-29,0.0,13.043,16.486,27.819,186.6
2001-09-30,4.896,8.766,17.257,23.59,165.3
2001-10-01,0.0,13.954,14.719,27.792,133.6
2001-10-02,2.972,12.616,17.365,27.979,122.3
2001-10-03,9.688,10.49,17.934,25.993,126.1
2001-10-04,13.562,12.715,17.451,28.153,121.2
2001-10-05,14.602,11.652,17.181,26.785,103.6
2001-10-06,11.113,11.806,17.181,26.965,116.8
2001-10-07,20.176,8.989,17.253,23.858,106.0
2001-10-08,0.241,12.965,17.021,28.24,89.8
2001-10-09,0.139,11.561,17.976,27.285,94.6
2001-10-10,20.889,10.465,16.927,25.264,143.6
2001-10-11,22.986,11.158,17.24,26.299,199.0
2001-10-12,2.309,12.471,17.188,27.865,175.9
2001-10-13,15.74,12.7,18.149,28.785,198.9
2001-10-14,25.02,12.634,18.035,28.656,205.1
2001-10-15,19.582,11.916,17.399,27.378,215.5
2001-10-16,43.753,7.382,17.698,22.535,315.1
2001-10-17,2.826,8.463,17.542,23.583,194.2
2001-10-18,10.632,9.725,16.76,24.465,289.7
2001-10-19,1.85,10.776,17.389,26.17,202.1
2001-10-20,23.561,10.293,18.049,26.087,377.9
2001-10-21,33.205,11.055,17.125,26.354,404.8
2001-10-22,12.912,9.278,16.969,24.167,320.4
2001-10-23,12.523,8.7,17.306,23.767,316.0
2001-10-24,33.745,10.549,16.399,25.295,400.7
2001-10-25,4.001,11.878,16.316,26.882,295.4
2001-10-26,0.787,12.127,16.934,27.608,238.6
2001-10-27,45.513,8.799,17.035,23.74,311.1
2001-10-28,0.0,10.561,15.826,25.042,227.6
2001-10-29,14.553,10.194,18.049,26.174,323.6
2001-10-30,31.071,9.114,17.538,24.542,350.8
2001-10-31,23.021,7.458,16.958,22.278,452.6
2001-11-01,8.347,8.861,16.132,23.267,372.5
2001-11-02,0.0,6.907,17.333,21.951,361.3
2001-11-03,4.819,10.685,15.267,24.938,276.7
2001-11-04,0.0,10.309,17.115,25.771,231.1
2001-11-05,0.0,10.739,17.674,26.726,214.3
2001-11-06,11.754,9.134,17.917,25.049,239.5
2001-11-07,0.0,11.636,16.663,27.167,209.2
2001-11-08,9.511,11.747,16.052,26.924,178.6
2001-11-09,0.191,10.042,18.104,26.309,158.8
2001-11-10,23.021,10.464,15.76,25.167,231.2
2001-11-11,25.064,9.761,17.486,25.556,252.0
2001-11-12,62.017,11.204,16.562,26.667,418.3
2001-11-13,0.584,10.704,16.559,26.09,289.6
2001-11-14,39.481,8.515,17.351,24.0,415.1
2001-11-15,0.0,8.304,17.368,23.792,284.3
2001-11-16,24.45,10.999,17.337,27.073,364.9
2001-11-17,28.257,11.148,16.191,26.486,376.9
2001-11-18,11.166,10.153,17.194,25.99,283.0
2001-11-19,28.173,10.04,17.344,25.948,335.0
2001-11-20,15.632,9.632,17.601,25.628,381.0
2001-11-21,53.787,8.543,17.545,24.302,660.6
2001-11-22,3.145,9.361,17.264,25.132,429.9
2001-11-23,0.0,11.017,16.708,26.83,327.8
2001-11-24,0.0,10.777,17.944,27.382,292.1
2001-11-25,7.307,8.795,17.285,24.455,322.8
2001-11-26,8.894,6.814,17.92,22.642,443.1
2001-11-27,25.981,8.954,17.354,24.792,865.8
2001-11-28,33.956,8.9,17.573,24.872,588.0
2001-11-29,18.836,8.282,17.715,24.247,556.2
2001-11-30,24.071,9.391,17.08,25.146,614.2
2001-12-01,0.0,7.22,17.476,22.837,443.7
2001-12-02,0.0,8.548,16.812,23.917,394.0
2001-12-03,0.0,9.6,16.601,25.108,322.7
2001-12-04,0.0,10.406,16.84,26.306,294.1
2001-12-05,0.0,9.513,17.583,25.722,260.2
2001-12-06,0.0,9.805,17.587,26.115,250.6
2001-12-07,21.083,10.244,17.146,26.34,410.6
2001-12-08,23.991,9.478,17.038,25.299,326.7
2001-12-09,42.051,8.829,17.319,24.715,629.5
2001-12-10,2.291,9.138,17.528,25.288,360.3
2001-12-11,6.482,10.376,17.424,26.74,302.8
2001-12-12,11.536,11.504,17.205,28.035,269.8
2001-12-13,53.902,6.306,18.483,22.632,338.8
2001-12-14,0.402,9.448,16.372,24.865,256.6
2001-12-15,0.972,9.31,18.267,26.052,312.5
2001-12-16,7.682,9.27,18.201,25.92,535.7
2001-12-17,19.467,8.251,18.878,25.198,585.5
2001-12-18,0.541,7.882,18.528,24.49,391.2
2001-12-19,33.625,8.56,17.531,24.576,425.1
2001-12-20,0.0,10.887,17.444,27.427,294.0
2001-12-21,11.806,9.903,16.476,25.497,326.0
2001-12-22,1.305,9.13,17.635,25.354,277.9
2001-12-23,0.206,9.335,18.809,26.462,256.5
2001-12-24,33.125,8.545,18.778,25.486,250.6
2001-12-25,0.302,8.572,17.438,24.514,214.7
2001-12-26,20.351,9.755,16.545,25.347,299.8
2001-12-27,25.918,8.593,17.757,24.795,362.0
2001-12-28,0.359,11.284,15.878,26.84,252.2
2001-12-29,7.462,10.179,17.632,26.628,218.1
2001-12-30,0.98,10.822,17.299,27.191,215.3
2001-12-31,4.174,10.596,17.691,27.167,240.4
2002-01-01,0.392,9.624,17.844,26.052,232.2
2002-01-02,0.0,9.873,18.17,26.601,204.9
2002-01-03,0.0,9.552,17.99,26.045,178.1
2002-01-04,0.0,9.01,16.948,24.601,189.3
2002-01-05,0.0,10.207,16.965,26.118,165.0
2002-01-06,0.0,10.883,16.795,26.868,148.6
2002-01-07,2.822,8.49,18.017,24.715,181.9
2002-01-08,21.976,8.801,17.17,24.455,232.9
2002-01-09,0.0,10.143,16.347,25.531,209.1
2002-01-10,0.0,10.236,16.837,25.969,192.1
2002-01-11,0.0,9.999,16.858,25.681,162.8
2002-01-12,0.0,9.677,17.142,25.441,153.3
2002-01-13,6.617,9.353,16.878,24.868,244.0
2002-01-14,0.0,10.284,16.618,25.847,184.2
2002-01-15,29.304,10.244,17.16,26.142,305.3
2002-01-16,14.069,10.473,17.09,26.347,336.7
2002-01-17,12.896,10.778,16.403,26.226,283.8
2002-01-18,11.391,10.8,15.847,25.854,249.2
2002-01-19,0.0,12.132,15.222,27.101,184.5
2002-01-20,5.114,10.539,15.382,25.17,214.8
2002-01-21,0.047,10.633,17.253,26.531,188.7
2002-01-22,34.801,9.088,17.681,24.924,269.4
2002-01-23,0.0,11.822,16.219,27.247,189.8
2002-01-24,2.745,12.038,16.229,27.493,157.5
2002-01-25,0.0,11.009,17.604,27.118,144.7
2002-01-26,4.76,10.842,16.76,26.323,140.6
2002-01-27,0.0,11.439,16.156,26.615,121.9
2002-01-28,1.128,11.85,16.694,27.462,113.8
2002-01-29,0.0,12.072,16.101,27.295,104.7
2002-01-30,29.349,10.065,17.938,26.101,114.6
2002-01-31,0.0,11.668,16.899,27.271,99.8
2002-02-01,5.012,11.668,17.566,27.705,198.0
2002-02-02,4.674,11.587,16.948,27.156,134.3
2002-02-03,31.762,10.224,16.847,25.406,210.9
2002-02-04,11.295,7.157,17.264,22.191,143.6
2002-02-05,0.0,9.991,16.455,24.833,120.0
2002-02-06,0.0,11.006,16.854,26.316,112.0
2002-02-07,0.0,9.968,17.771,25.677,137.0
2002-02-08,0.712,8.978,17.427,24.264,158.4
2002-02-09,0.0,9.34,17.382,24.615,280.6
2002-02-10,0.0,10.412,17.233,25.743,132.7
2002-02-11,0.834,10.774,18.062,26.736,142.1
2002-02-12,0.0,11.213,17.031,26.503,168.8
2002-02-13,12.534,12.486,16.778,27.826,209.6
2002-02-14,0.0,11.513,17.733,27.295,220.4
2002-02-15,0.0,10.825,17.326,26.188,214.9
2002-02-16,0.0,11.978,17.372,27.549,200.5
2002-02-17,8.186,12.869,16.458,27.938,259.0
2002-02-18,0.491,12.31,17.191,27.753,266.4
2002-02-19,16.176,10.149,17.295,25.264,380.8
2002-02-20,0.0,13.733,16.521,28.924,276.1
2002-02-21,2.306,13.165,16.566,28.26,239.3
2002-02-22,2.344,11.487,17.399,26.837,192.3
2002-02-23,51.06,12.444,17.361,27.878,326.8
2002-02-24,20.254,13.04,16.694,28.118,313.7
2002-02-25,0.0,14.426,16.253,29.417,198.5
2002-02-26,0.028,11.165,18.142,26.941,198.6
2002-02-27,1.272,9.203,18.806,25.205,234.6
2002-02-28,0.0,11.201,17.594,26.507,196.6
2002-03-01,0.0,11.97,17.583,27.365,165.9
2002-03-02,0.0,13.436,16.306,28.163,143.6
2002-03-03,17.418,14.518,16.872,29.753,138.3
2002-03-04,0.105,11.293,17.562,26.517,124.9
2002-03-05,0.0,10.974,17.438,26.042,118.8
2002-03-06,0.0,11.511,18.274,27.24,106.2
2002-03-07,13.022,11.773,18.677,27.774,181.3
2002-03-08,2.011,12.082,18.507,27.983,130.6
2002-03-09,0.0,14.02,18.01,29.816,123.4
2002-03-10,0.0,12.492,17.024,27.378,114.2
2002-03-11,1.21,12.318,17.319,27.375,100.9
2002-03-12,10.49,9.764,17.337,24.521,168.3
2002-03-13,0.0,13.714,17.465,29.038,108.0
2002-03-14,16.837,12.219,18.292,27.913,135.8
2002-03-15,31.488,10.563,17.389,25.424,194.3
2002-03-16,3.472,13.84,17.021,28.83,129.5
2002-03-17,23.819,10.371,17.215,25.066,277.0
2002-03-18,8.464,12.731,18.347,28.458,165.8
2002-03-19,24.733,10.181,18.278,25.608,251.8
2002-03-20,9.278,10.859,17.733,25.965,197.2
2002-03-21,12.148,8.75,17.271,23.323,179.0
2002-03-22,7.443,11.783,18.309,27.396,144.2
2002-03-23,13.157,10.768,17.826,25.91,175.4
2002-03-24,0.066,13.12,17.295,28.163,136.9
2002-03-25,23.378,13.27,17.517,28.458,206.7
2002-03-26,6.969,13.143,17.965,28.608,149.8
2002-03-27,36.51,12.059,17.396,27.035,184.8
2002-03-28,12.6,10.88,18.337,26.392,229.5
2002-03-29,18.522,8.493,17.5,23.184,265.3
2002-03-30,0.0,11.136,17.031,25.715,196.4
2002-03-31,0.268,14.092,17.184,29.135,186.7
2002-04-01,14.371,13.268,17.66,28.542,192.1
2002-04-02,25.966,8.456,18.753,24.153,424.5
2002-04-03,1.259,12.66,17.538,27.781,261.3
2002-04-04,22.714,13.335,18.17,28.969,307.5
2002-04-05,34.257,13.635,17.441,28.785,248.1
2002-04-06,37.816,11.203,18.743,27.028,266.7
2002-04-07,15.012,8.159,17.545,22.899,335.3
2002-04-08,1.117,9.25,17.715,24.194,256.6
2002-04-09,28.087,10.345,17.26,25.024,345.7
2002-04-10,16.555,8.536,17.174,23.01,324.1
2002-04-11,12.806,10.155,17.0,24.653,285.4
2002-04-12,17.802,11.57,16.226,25.701,250.3
2002-04-13,19.891,9.438,17.382,24.156,303.0
2002-04-14,0.801,10.604,17.111,25.222,241.9
2002-04-15,6.844,11.788,17.021,26.524,257.2
2002-04-16,18.85,13.198,16.302,27.632,269.4
2002-04-17,23.189,11.627,17.205,26.486,327.1
2002-04-18,23.757,10.112,17.448,24.969,291.2
2002-04-19,16.093,9.731,18.191,25.087,324.6
2002-04-20,15.313,9.652,17.865,24.792,350.4
2002-04-21,25.505,9.311,17.694,24.306,411.8
2002-04-22,0.0,11.721,17.507,26.854,331.6
2002-04-23,1.039,11.854,17.788,27.24,304.9
2002-04-24,12.542,12.055,17.285,27.104,315.0
2002-04-25,31.482,7.966,17.003,22.382,393.8
2002-04-26,1.252,10.903,16.979,25.576,296.3
2002-04-27,6.635,8.984,17.58,23.92,308.0
2002-04-28,23.534,10.496,16.802,25.031,323.0
2002-04-29,1.435,12.287,16.816,27.108,297.1
2002-04-30,20.027,11.215,17.542,26.378,280.3
2002-05-01,0.0,11.053,17.406,26.132,250.7
2002-05-02,0.097,12.733,16.628,27.535,188.6
2002-05-03,4.079,11.837,17.139,26.878,177.0
2002-05-04,3.878,13.074,16.535,27.899,177.2
2002-05-05,0.0,12.494,16.993,27.559,152.1
2002-05-06,0.0,12.918,17.444,28.358,141.9
2002-05-07,0.767,12.659,17.212,27.924,140.6
2002-05-08,3.772,11.615,17.677,27.087,127.9
2002-05-09,1.069,13.529,17.156,28.906,118.7
2002-05-10,3.484,12.311,17.844,28.007,113.4
2002-05-11,3.73,10.544,18.031,26.146,111.1
2002-05-12,0.0,13.359,17.573,29.049,107.6
2002-05-13,0.0,10.862,17.375,26.111,103.3
2002-05-14,5.942,12.32,17.615,27.892,101.8
2002-05-15,1.325,12.393,17.767,28.118,97.7
2002-05-16,25.832,11.011,16.944,25.951,97.0
2002-05-17,16.227,11.527,18.99,28.035,103.3
2002-05-18,31.752,11.035,17.892,26.726,126.3
2002-05-19,45.738,11.88,17.521,27.417,178.3
2002-05-20,6.874,13.6,17.111,29.188,117.0
2002-05-21,30.554,11.634,17.375,27.073,307.6
2002-05-22,2.342,8.158,17.917,23.559,173.9
2002-05-23,4.721,11.576,16.938,26.694,149.1
2002-05-24,3.828,12.32,18.337,28.604,124.2
2002-05-25,30.485,9.047,18.08,24.688,274.2
2002-05-26,45.582,9.395,16.812,24.122,212.7
2002-05-27,0.531,8.771,17.979,24.302,175.6
2002-05-28,22.288,9.79,17.441,25.059,219.9
2002-05-29,9.397,10.182,16.576,24.92,198.7
2002-05-30,10.342,8.654,17.774,24.08,288.7
2002-05-31,12.807,6.322,17.472,21.347,262.2
2002-06-01,0.498,10.484,16.406,25.184,213.4
2002-06-02,29.118,8.787,17.056,23.691,227.5
2002-06-03,22.834,9.664,17.583,25.108,202.0
2002-06-04,14.556,8.421,15.997,22.472,220.9
2002-06-05,1.08,9.039,16.191,23.396,216.8
2002-06-06,25.344,9.049,16.323,23.462,220.0
2002-06-07,24.753,8.99,16.097,23.247,318.3
2002-06-08,0.0,11.077,15.01,25.014,279.1
2002-06-09,26.467,9.776,16.736,24.66,350.9
2002-06-10,5.037,11.238,16.431,26.198,236.6
2002-06-11,12.17,10.575,16.635,25.559,277.0
2002-06-12,9.315,10.608,16.969,25.823,214.1
2002-06-13,6.468,9.426,16.479,24.135,225.4
2002-06-14,0.0,12.018,15.604,26.611,190.0
2002-06-15,6.039,11.111,15.003,25.083,188.7
2002-06-16,0.466,11.626,15.965,26.365,140.1
2002-06-17,0.288,10.854,17.392,26.41,123.6
2002-06-18,0.0,10.697,16.826,25.844,113.9
2002-06-19,0.0,12.406,15.91,27.288,107.6
2002-06-20,0.0,12.498,15.896,27.392,99.8
2002-06-21,0.0,12.811,14.931,27.139,95.5
2002-06-22,0.0,11.707,16.451,26.819,88.3
2002-06-23,0.0,12.358,16.337,27.531,77.9
2002-06-24,0.0,12.58,16.118,27.639,73.7
2002-06-25,0.0,12.702,16.08,27.774,68.2
2002-06-26,0.0,12.745,16.288,27.962,67.0
2002-06-27,0.0,12.961,16.837,28.58,66.5
2002-06-28,0.0,14.05,15.549,29.056,66.0
2002-06-29,1.163,12.422,16.712,27.84,74.1
2002-06-30,5.875,13.92,16.365,29.41,65.1
2002-07-01,0.0,12.693,16.292,27.875,66.0
2002-07-02,0.0,13.59,16.149,28.878,62.2
2002-07-03,0.0,13.794,15.538,28.715,66.0
2002-07-04,0.0,12.944,17.743,29.149,63.7
2002-07-05,16.755,10.617,17.233,26.014,64.6
2002-07-06,6.525,9.298,16.431,23.927,126.8
2002-07-07,0.0,12.264,15.972,27.108,60.7
2002-07-08,0.0,12.801,16.472,28.097,56.0
2002-07-09,0.0,14.057,15.368,28.892,57.1
2002-07-10,0.183,13.097,16.378,28.365,57.3
2002-07-11,4.118,12.164,15.889,26.906,55.5
2002-07-12,3.83,13.021,16.264,28.177,53.2
2002-07-13,0.0,13.275,16.441,28.601,51.7
2002-07-14,0.471,13.007,16.403,28.229,50.8
2002-07-18,34.43,10.82,16.799,25.809,93.9
2002-07-19,0.0,12.127,17.132,27.597,53.9
2002-07-20,17.876,12.936,16.67,28.233,54.2
2002-07-21,18.846,11.163,16.191,25.819,139.5
2002-07-22,7.478,13.049,15.99,27.913,71.2
2002-07-23,1.423,12.85,16.035,27.681,67.0
2002-07-24,25.115,12.695,15.795,27.337,167.6
2002-07-25,15.349,12.238,15.885,26.833,110.3
2002-07-26,0.0,14.181,15.497,28.892,73.1
2002-07-27,0.075,13.758,15.469,28.344,63.2
2002-07-28,0.0,10.821,15.59,24.889,57.9
2002-07-29,0.0,13.838,15.469,28.413,54.6
2002-07-30,0.0,15.133,13.438,28.684,51.2
2002-07-31,4.882,13.279,14.503,27.094,49.8
2002-08-01,0.0,12.467,14.67,26.194,48.4
2002-08-02,0.0,14.801,14.74,29.024,47.9
2002-09-02,17.49,11.397,17.052,26.184,76.5
2002-09-03,1.236,11.976,17.337,27.066,53.0
2002-09-04,16.536,14.381,16.931,29.542,137.4
2002-09-05,11.231,13.721,16.767,28.653,65.1
2002-09-06,1.31,13.589,17.625,29.087,53.7
2002-09-07,9.392,14.138,16.163,28.708,48.6
2002-09-18,17.858,12.031,15.917,26.118,83.2
2002-09-19,19.303,12.914,15.833,27.132,196.7
2002-09-20,6.784,12.146,17.212,27.194,106.3
2002-09-21,0.0,14.67,16.958,29.882,81.0
2002-09-22,0.108,15.273,16.312,30.194,67.0
2002-09-23,24.95,14.254,17.278,29.632,69.4
2002-09-24,12.561,12.048,16.899,26.899,62.7
2002-09-25,31.153,9.85,16.535,24.16,121.2
2002-09-26,24.114,10.962,15.861,24.885,91.3
2002-09-27,8.023,11.343,17.222,26.319,108.9
2002-09-28,27.716,9.755,16.75,24.198,216.9
2002-09-29,4.008,12.791,16.014,27.247,115.3
2002-09-30,0.491,13.59,15.382,27.747,108.0
2002-10-01,16.882,11.375,17.229,26.441,96.3
2002-10-02,0.085,14.521,16.125,29.347,82.4
2002-10-03,11.111,13.894,16.965,29.181,104.4
2002-10-04,0.0,14.463,17.003,29.865,79.8
2002-10-05,0.0,15.174,16.406,30.333,71.3
2002-10-06,17.827,13.625,17.587,29.33,103.1
2002-10-07,20.913,11.603,17.743,27.115,92.2
2002-10-08,13.989,11.088,16.799,25.865,131.4
2002-10-09,1.798,12.831,17.191,28.212,109.3
2002-10-10,0.419,13.249,17.351,28.819,96.3
2002-10-11,17.625,10.691,17.434,25.906,99.1
2002-10-12,1.497,12.054,17.528,27.608,80.0
2002-10-13,0.71,13.51,17.125,29.028,73.5
2002-10-14,5.129,14.536,16.816,30.09,67.5
2002-10-15,13.81,10.543,17.569,25.944,127.0
2002-10-16,16.633,11.701,16.684,26.736,90.8
2002-10-17,23.912,10.863,16.83,25.806,123.2
2002-10-18,23.327,11.277,16.92,26.372,163.3
2002-10-19,19.828,11.285,17.694,26.983,125.7
2002-10-20,11.905,10.919,18.312,27.017,144.0
2002-10-21,16.061,11.252,16.257,25.965,143.4
2002-10-22,17.164,9.694,15.958,23.938,141.9
2002-10-23,0.764,11.36,16.389,26.219,114.1
2002-10-24,38.41,12.158,17.167,27.722,190.7
2002-10-25,25.637,10.768,17.212,26.17,282.1
2002-10-26,3.165,9.479,17.622,24.979,200.3
2002-10-27,55.846,8.12,16.906,22.872,338.6
2002-10-28,3.064,9.747,16.66,24.653,253.4
2002-10-29,17.336,8.64,17.104,23.688,292.6
2002-10-30,38.754,7.156,16.705,21.684,308.1
2002-10-31,0.0,9.134,16.771,24.049,187.7
2002-11-01,6.374,11.39,16.479,26.625,234.9
2002-11-02,37.395,9.73,16.424,24.59,340.9
2002-11-03,23.475,9.125,17.073,24.319,370.7
2002-11-04,1.338,11.741,16.354,27.003,266.5
2002-11-05,39.353,10.556,16.722,25.823,219.4
2002-11-06,1.702,10.419,16.833,25.771,211.1
2002-11-07,3.346,9.89,16.517,24.934,205.1
2002-11-08,33.554,9.604,16.559,24.632,249.6
2002-11-09,9.519,9.862,16.344,24.795,242.5
2002-11-10,7.592,11.761,15.507,26.615,275.1
2002-11-11,0.0,11.443,16.375,26.826,233.4
2002-11-12,0.0,11.588,16.924,27.403,219.4
2002-11-13,13.34,10.405,16.222,25.497,246.0
2002-11-14,14.152,10.768,16.181,25.944,276.0
2002-11-15,0.097,12.067,16.382,27.719,219.3
2002-11-16,2.935,11.622,16.587,27.309,225.9
2002-11-17,2.171,11.742,15.795,26.951,209.0
2002-11-18,3.874,11.069,15.851,26.194,263.8
2002-11-19,28.536,10.708,16.208,25.969,281.7
2002-11-20,0.0,10.999,17.174,27.031,339.7
2002-11-21,0.153,11.482,16.997,27.538,170.7
2002-11-22,1.102,11.509,16.899,27.538,141.5
2002-11-23,0.95,11.664,16.448,27.448,135.0
2002-11-24,0.0,11.876,16.892,28.049,149.1
2002-11-25,0.464,12.737,16.944,29.191,157.6
2002-11-26,0.342,12.261,17.431,28.931,128.5
2002-11-27,0.395,11.9,17.774,28.722,127.5
2002-11-28,3.148,11.879,17.368,28.424,129.8
2002-11-29,9.782,10.684,18.045,27.403,133.7
2002-11-30,0.201,12.97,17.653,30.021,114.3
2002-12-01,12.242,11.99,18.215,29.212,263.4
2002-12-02,0.0,12.685,17.802,29.819,127.5
2002-12-03,1.321,11.396,18.601,28.771,105.2
2002-12-04,0.0,13.111,17.118,29.92,98.0
2002-12-05,27.554,12.417,17.462,29.281,121.5
2002-12-06,17.346,11.154,17.441,27.688,137.2
2002-12-07,2.378,10.335,17.25,26.524,149.3
2002-12-08,29.714,9.029,18.76,25.997,162.5
2002-12-09,21.975,9.797,16.774,25.517,177.3
2002-12-10,0.413,10.914,17.135,27.198,143.4
2002-12-11,7.513,10.171,17.979,26.889,198.6
2002-12-12,0.0,10.072,18.698,27.295,142.3
2002-12-13,3.395,10.654,18.431,27.806,225.4
2002-12-14,20.221,7.818,19.51,25.177,308.3
2002-12-15,52.365,4.758,18.458,21.038,323.5
2002-12-16,0.0,8.966,17.146,24.795,182.8
2002-12-17,56.741,6.399,17.878,22.316,435.9
2002-12-18,25.512,9.429,16.722,25.045,366.6
2002-12-19,15.184,9.647,17.91,26.194,360.4
2002-12-20,0.525,10.183,17.569,26.635,300.1
2002-12-21,21.178,8.893,18.51,25.719,370.4
2002-12-22,0.0,11.163,16.233,26.955,337.8
2002-12-23,3.694,11.582,16.219,27.503,307.7
2002-12-24,0.51,10.692,16.333,26.417,172.2
2002-12-25,1.09,12.18,15.302,27.649,277.0
2002-12-26,0.0,12.591,15.215,28.125,153.7
2002-12-27,5.728,11.514,16.149,27.34,234.9
2002-12-28,6.071,11.656,15.535,27.094,346.9
2002-12-29,37.091,10.317,17.083,26.406,429.9
2002-12-30,6.817,10.517,18.41,27.601,332.5
2002-12-31,0.177,11.524,17.701,28.375,302.5
2003-01-01,0.0,12.166,16.413,28.295,285.4
2003-01-02,0.0,12.917,15.458,28.625,257.7
2003-01-03,1.118,12.319,14.983,27.514,147.5
2003-01-04,5.637,10.721,16.934,26.733,267.3
2003-01-05,0.539,11.909,16.948,28.274,139.2
2003-01-06,0.0,13.008,16.069,29.073,243.2
2003-01-07,0.0,13.708,14.74,29.115,106.6
2003-01-08,0.0,12.712,16.451,28.903,111.3
2003-01-09,0.41,11.942,17.264,28.448,164.2
2003-01-10,0.0,13.966,16.236,30.309,218.0
2003-01-11,0.046,13.502,15.451,29.208,103.7
2003-01-12,0.082,13.22,16.215,29.302,95.5
2003-01-13,4.251,12.142,17.628,28.837,144.6
2003-01-14,0.082,11.862,17.441,28.361,115.4
2003-01-15,9.473,10.935,18.333,27.774,122.0
2003-01-16,0.0,11.226,18.59,28.312,103.3
2003-01-17,0.0,12.696,18.306,29.91,95.5
2003-01-18,36.185,11.081,18.139,27.792,250.9
2003-01-19,12.173,6.822,18.375,22.906,247.4
2003-01-20,0.791,11.02,16.528,26.549,128.8
2003-01-21,0.0,11.993,17.438,28.326,107.6
2003-01-22,0.0,13.047,16.205,28.788,95.5
2003-01-23,0.099,10.215,16.979,25.764,98.3
2003-01-24,0.369,11.669,17.538,27.91,89.5
2003-01-25,0.208,11.015,17.851,27.33,92.6
2003-01-26,0.0,12.908,16.469,28.684,197.3
2003-01-27,2.421,12.128,16.99,28.031,224.8
2003-01-28,0.048,12.84,16.941,28.847,170.6
2003-01-29,0.791,13.452,16.802,29.49,96.4
2003-01-30,1.255,13.531,17.038,29.674,98.2
2003-01-31,38.858,11.325,18.472,27.997,173.2
2003-02-01,0.0,11.219,18.118,27.552,161.6
2003-02-02,0.0,9.534,18.528,25.892,97.5
2003-02-03,0.0,12.833,17.351,28.927,123.1
2003-02-04,0.0,14.098,16.826,30.087,103.7
2003-02-05,0.0,14.509,17.188,30.781,77.9
2003-02-06,0.0,13.484,16.604,29.122,103.5
2003-02-07,0.046,13.835,17.688,30.212,133.0
2003-02-08,33.834,11.553,18.385,27.955,178.0
2003-02-09,1.644,13.243,17.76,29.483,145.2
2003-02-10,11.342,12.997,17.455,28.972,122.9
2003-02-11,8.902,12.35,18.688,29.028,141.7
2003-02-12,20.421,12.717,17.76,28.767,145.5
2003-02-13,14.608,10.774,19.09,27.42,142.4
2003-02-14,12.421,12.008,18.972,28.726,134.3
2003-02-15,20.949,10.708,19.424,27.556,130.2
2003-02-16,1.484,10.09,18.767,26.361,121.0
2003-02-17,0.782,10.825,18.951,27.267,151.9
2003-02-18,17.315,9.666,17.951,25.222,192.1
2003-02-19,0.451,11.698,17.51,27.226,109.2
2003-02-20,1.681,10.324,18.219,26.104,118.5
2003-02-21,0.0,13.289,18.326,29.559,116.1
2003-02-22,0.0,13.516,18.208,29.705,96.1
2003-02-23,0.0,12.064,18.104,27.983,196.6
2003-02-24,24.274,11.506,18.819,27.812,116.2
2003-02-25,0.0,14.859,17.771,30.875,196.6
2003-02-26,24.146,10.391,17.517,25.608,174.7
2003-02-27,0.0,11.121,17.281,26.24,108.3
2003-02-28,0.0,10.563,18.84,26.694,207.8
2003-03-01,0.0,13.533,16.306,28.295,239.4
2003-03-02,0.33,13.526,17.219,28.865,208.0
2003-03-03,59.04,13.801,16.976,29.014,298.3
2003-03-04,1.019,12.274,18.021,27.993,148.6
2003-03-05,0.0,14.263,16.969,29.472,116.7
2003-03-06,0.0,15.677,16.16,30.59,106.7
2003-03-07,0.0,14.822,16.354,29.694,205.8
2003-03-08,0.0,14.188,17.201,29.486,193.5
2003-03-09,1.481,14.241,17.764,29.913,87.2
2003-03-10,5.768,12.727,19.222,29.17,138.7
2003-03-11,0.786,12.895,19.094,29.257,262.3
2003-03-12,0.0,13.732,18.722,29.92,131.2
2003-03-13,13.786,13.587,19.222,30.066,232.7
2003-03-14,45.849,10.872,17.677,25.955,163.6
2003-03-15,10.954,9.646,18.247,25.059,162.8
2003-03-16,0.51,9.017,17.069,23.521,190.4
2003-03-17,0.0,10.649,18.233,26.128,143.0
2003-03-18,6.084,10.981,17.486,25.934,158.5
2003-03-19,36.479,7.459,17.75,22.354,209.5
2003-03-20,0.0,10.377,17.736,25.431,147.0
2003-03-21,6.085,11.838,16.559,26.222,117.5
2003-03-22,19.502,10.874,17.455,25.764,154.5
2003-03-23,0.0,11.537,17.694,26.66,99.8
2003-03-24,0.436,12.929,16.896,27.663,90.8
2003-03-25,12.292,10.071,16.816,24.365,110.5
2003-03-26,3.176,6.965,17.972,22.038,174.5
2003-03-27,1.2,9.801,17.597,24.649,127.6
2003-03-28,13.552,10.731,17.601,25.677,160.7
2003-03-29,0.0,10.136,18.017,25.34,109.7
2003-03-30,19.006,11.948,16.486,26.264,145.7
2003-03-31,0.0,10.941,17.431,25.802,133.0
2003-04-01,0.0,10.959,17.896,26.156,115.4
2003-04-02,0.0,12.788,17.021,27.573,108.3
2003-04-03,0.0,11.862,17.212,26.653,106.9
2003-04-04,18.765,11.528,18.635,27.302,157.0
2003-04-05,0.242,13.881,16.986,28.778,147.1
2003-04-06,0.677,14.242,17.812,29.722,94.8
2003-04-07,0.0,14.92,17.552,30.302,108.7
2003-04-08,25.53,10.435,19.076,26.479,116.8
2003-04-09,20.063,8.118,18.017,23.229,132.6
2003-04-10,3.188,10.647,16.691,24.99,123.2
2003-04-11,0.0,12.456,17.441,27.497,120.6
2003-04-12,49.287,8.671,18.601,24.257,176.3
2003-04-13,4.27,9.341,17.764,24.361,185.3
2003-04-14,40.904,10.49,17.861,25.67,272.3
2003-04-15,43.633,8.715,18.396,24.149,240.9
2003-04-16,9.346,12.115,17.069,26.899,177.0
2003-04-17,9.546,8.016,17.507,22.785,220.2
2003-04-18,4.097,12.193,16.823,26.854,194.5
2003-04-19,30.339,7.979,18.201,23.33,316.0
2003-04-20,0.0,11.23,16.951,25.892,265.0
2003-04-21,21.65,8.399,18.753,24.198,237.3
2003-04-22,13.052,10.386,17.389,25.271,160.8
2003-04-23,6.305,9.319,18.09,24.646,191.5
2003-04-24,11.272,11.162,17.58,26.26,315.2
2003-04-25,25.154,9.868,18.031,25.191,230.6
2003-04-26,1.681,11.612,17.392,26.698,164.9
2003-04-27,17.44,10.889,17.438,25.924,231.0
2003-04-28,2.87,12.768,17.736,28.243,164.6
2003-04-29,16.375,11.848,18.049,27.497,204.3
2003-04-30,0.0,13.023,17.306,28.299,148.8
2003-05-01,2.266,13.205,17.743,28.826,181.1
2003-05-02,12.258,12.954,18.08,28.757,224.6
2003-05-03,8.18,12.85,17.219,28.066,244.8
2003-05-04,10.757,12.144,18.545,28.205,250.0
2003-05-05,9.967,11.208,18.319,27.0,231.4
2003-05-06,11.12,12.983,17.34,28.344,167.4
2003-05-07,3.584,12.983,17.233,28.299,293.7
2003-05-08,12.157,13.254,17.101,28.521,248.0
2003-05-09,10.609,10.846,17.917,26.375,205.3
2003-05-10,5.192,12.161,17.142,27.326,283.5
2003-05-11,4.105,11.707,18.066,27.476,281.8
2003-05-12,0.64,12.681,17.819,28.455,153.4
2003-05-13,31.113,12.913,16.347,27.74,260.2
2003-05-14,0.877,13.709,16.417,28.733,165.4
2003-05-15,0.0,14.181,16.354,29.264,143.9
2003-05-16,7.881,12.708,17.837,28.552,135.0
2003-05-17,0.0,14.124,17.08,29.701,179.8
2003-05-18,15.512,12.745,17.41,28.312,115.4
2003-05-19,47.353,9.751,18.142,25.458,285.5
2003-05-20,13.349,11.692,18.903,28.181,228.4
2003-05-21,5.496,13.176,18.569,29.67,209.2
2003-05-22,13.508,11.998,17.924,27.865,216.5
2003-05-23,1.299,13.071,18.181,29.323,166.0
2003-05-24,5.993,13.738,17.917,29.92,250.8
2003-05-25,12.37,9.16,17.847,24.59,277.6
2003-05-26,11.056,12.717,17.885,28.76,185.7
2003-05-27,13.85,12.641,17.694,28.549,180.7
2003-05-28,0.0,12.186,18.208,28.392,135.8
2003-05-29,8.465,13.503,17.406,29.403,122.0
2003-05-30,9.83,12.649,18.062,28.844,119.0
2003-05-31,5.293,11.374,17.812,27.233,115.4
2003-06-01,0.647,12.058,18.333,28.365,126.9
2003-06-02,22.273,12.765,16.75,28.125,164.6
2003-06-03,18.153,9.668,17.285,24.882,201.4
2003-06-04,0.245,11.09,17.569,26.753,229.8
2003-06-05,35.922,10.079,17.281,25.392,154.9
2003-06-06,8.387,11.201,15.983,25.788,128.5
2003-06-07,22.14,10.889,16.514,25.802,274.9
2003-06-08,0.412,11.242,16.628,26.319,265.0
2003-06-09,4.539,12.798,17.257,28.583,139.0
2003-06-10,3.0,13.256,16.413,28.611,127.7
2003-06-11,16.539,11.092,17.045,26.444,182.9
2003-06-12,18.261,11.706,15.785,26.337,206.9
2003-06-13,21.754,10.231,16.236,24.882,333.7
2003-06-14,7.123,9.739,16.587,24.517,295.2
2003-06-15,16.213,11.501,16.274,26.438,407.4
2003-06-16,14.099,12.008,16.701,27.372,176.0
2003-06-17,23.152,9.407,17.135,24.559,246.1
2003-06-18,29.749,7.678,17.215,22.639,322.2
2003-06-19,8.21,9.167,17.167,24.295,320.8
2003-06-20,8.644,12.637,16.344,27.906,234.2
2003-06-21,7.456,12.402,16.0,27.34,187.0
2003-06-22,9.184,11.477,16.757,26.747,173.1
2003-06-23,10.608,11.304,16.566,26.403,169.3
2003-06-24,16.502,11.807,16.941,27.281,259.7
2003-06-25,7.521,11.108,15.372,25.347,198.2
2003-06-26,0.0,13.283,15.58,28.139,151.4
2003-06-27,0.202,11.903,16.188,26.851,138.0
2003-06-28,3.979,12.466,16.438,27.743,123.6
2003-06-29,2.87,11.935,15.222,26.26,122.8
2003-06-30,0.0,12.722,15.951,27.681,117.4
2003-07-01,11.003,10.39,16.191,25.073,130.9
2003-07-02,0.0,13.558,16.403,28.979,106.9
2003-07-03,1.645,12.21,17.844,28.312,102.6
2003-07-04,10.434,12.08,16.288,27.108,108.8
2003-07-05,3.273,11.986,16.514,27.146,208.0
2003-07-06,9.015,13.991,15.799,29.094,247.3
2003-07-07,14.968,11.366,16.576,26.448,229.0
2003-07-08,13.385,11.526,16.253,26.396,141.7
2003-07-09,0.971,9.928,16.368,24.545,116.8
2003-07-10,5.425,12.889,16.212,28.003,145.3
2003-07-11,3.41,12.164,15.372,26.587,164.1
2003-07-12,2.907,11.666,16.656,26.823,129.1
2003-07-13,1.259,12.972,15.837,27.833,115.0
2003-07-14,7.716,13.359,14.642,27.524,108.5
2003-07-15,0.0,14.286,15.368,29.097,104.3
2003-07-16,0.0,13.348,15.729,28.167,98.4
2003-07-17,9.781,10.762,16.642,25.681,109.4
2003-07-18,0.0,14.141,14.892,28.587,97.2
2003-07-19,0.0,13.836,15.538,28.611,128.5
2003-07-20,0.0,13.579,16.125,28.653,147.9
2003-07-21,0.0,14.071,15.635,28.906,98.7
2003-07-22,0.568,13.391,15.903,28.247,83.4
2003-07-23,0.08,14.019,16.153,29.146,80.4
2003-07-24,3.14,12.87,16.948,28.292,78.5
2003-07-25,1.447,12.57,16.302,27.493,77.3
2003-07-26,3.246,14.107,15.885,29.035,74.8
2003-07-27,0.0,12.607,16.653,27.733,74.6
2003-07-28,0.0,14.451,15.868,29.41,70.0
2003-07-29,0.0,13.962,17.549,29.885,69.8
2003-07-30,8.7,12.895,16.965,28.247,71.5
2003-07-31,13.263,14.121,16.142,29.153,106.4
2003-08-01,10.33,13.57,16.972,28.993,80.4
2003-08-02,6.77,10.247,16.406,24.722,103.3
2003-08-03,26.911,10.268,15.861,24.333,203.4
2003-08-04,0.0,12.408,16.056,26.979,152.6
2003-08-05,0.0,13.429,15.965,28.128,99.1
2003-08-06,1.864,14.967,16.535,30.285,85.6
2003-08-07,11.018,14.181,16.549,29.361,138.2
2003-08-08,0.076,12.668,15.823,27.056,79.2
2003-08-09,24.326,11.736,15.875,25.993,137.1
2003-08-10,0.0,14.893,15.434,29.444,84.0
2003-08-11,0.0,13.578,15.903,28.16,77.3
2003-08-12,2.215,13.53,15.872,28.076,104.7
2003-08-13,0.086,13.335,16.642,28.337,116.8
2003-08-14,13.112,13.005,17.16,28.278,80.4
2003-08-15,11.776,13.798,16.653,28.823,182.9
2003-08-16,16.62,13.16,16.392,27.958,110.7
2003-08-17,1.615,13.407,17.007,28.608,76.1
2003-08-18,7.697,13.643,16.597,28.611,77.3
2003-08-19,0.196,15.322,16.271,30.33,70.0
2003-08-20,16.732,13.262,16.243,27.882,182.8
2003-08-21,13.652,12.413,17.819,27.962,97.0
2003-08-22,27.55,8.971,16.913,23.413,112.5
2003-08-23,24.149,12.447,17.076,27.472,170.9
2003-08-24,0.666,12.567,16.674,27.323,119.4
2003-08-25,0.0,13.528,17.139,28.753,93.4
2003-08-26,4.249,12.927,17.288,28.17,92.3
2003-08-27,4.599,11.901,17.028,26.726,104.7
2003-08-28,7.74,13.109,17.483,28.448,152.7
2003-08-29,6.146,12.856,16.292,27.372,88.9
2003-08-30,0.0,13.149,16.424,27.785,81.6
2003-08-31,0.0,14.736,15.035,28.722,73.1
2003-09-01,0.0,14.671,16.351,29.486,71.9
2003-09-02,0.0,15.451,15.934,30.111,69.4
2003-09-03,0.0,15.618,15.583,30.083,76.7
2003-09-04,16.235,14.276,16.663,29.208,94.3
2003-09-05,15.414,12.549,17.056,27.49,101.2
2003-09-06,21.141,12.299,17.625,27.628,266.9
2003-09-07,14.706,11.29,16.851,25.892,108.3
2003-09-08,11.852,12.006,16.344,26.396,110.3
2003-09-09,23.269,10.254,17.188,24.99,218.2
2003-09-10,23.187,10.776,17.003,25.434,117.1
2003-09-11,9.485,10.557,17.035,25.247,163.1
2003-09-12,1.846,11.572,17.694,26.854,116.8
2003-09-13,7.199,13.335,17.271,28.576,200.0
2003-09-14,0.243,13.767,16.833,28.75,104.7
2003-09-15,3.733,13.985,15.875,28.354,94.8
2003-09-16,0.719,13.585,16.858,28.559,94.3
2003-09-17,7.609,12.903,16.483,27.559,90.3
2003-09-18,17.616,11.878,17.382,26.976,85.2
2003-09-19,1.792,11.883,17.462,27.014,79.8
2003-09-20,29.634,11.436,16.924,26.125,144.0
2003-09-21,10.556,10.12,16.972,24.719,118.1
2003-09-22,21.56,11.801,16.844,26.552,278.5
2003-09-23,1.602,10.828,16.587,25.278,123.0
2003-09-24,5.727,12.82,15.587,26.885,133.0
2003-09-25,29.419,12.479,16.253,26.927,212.9
2003-09-26,2.312,10.921,17.406,25.962,143.1
2003-09-27,19.369,11.11,16.931,25.861,152.7
2003-09-28,5.379,9.997,16.986,24.622,139.0
2003-09-29,12.228,11.689,16.33,26.191,121.2
2003-09-30,14.166,11.114,15.736,25.069,156.7
2003-10-01,3.674,11.029,17.545,26.257,129.3
2003-10-02,2.096,11.436,16.295,25.865,119.8
2003-10-03,17.844,12.258,16.024,26.674,256.4
2003-10-04,19.161,13.007,16.358,27.757,300.6
2003-10-05,29.868,11.297,16.903,26.191,289.1
2003-10-06,11.235,8.171,17.351,22.983,186.2
2003-10-07,46.654,8.878,16.733,23.354,313.4
2003-10-08,0.245,8.477,16.361,22.618,164.5
2003-10-09,10.93,8.505,16.573,22.812,174.2
2003-10-10,7.748,8.613,16.559,22.931,154.5
2003-10-11,9.021,10.802,16.465,25.389,431.7
2003-10-12,9.166,11.901,16.969,27.028,278.1
2003-10-13,20.748,10.08,17.628,25.448,203.4
2003-10-14,17.851,8.307,17.059,23.003,352.2
2003-10-15,23.578,8.567,16.67,23.017,321.9
2003-10-16,36.045,8.162,16.427,22.406,387.5
2003-10-17,0.987,11.618,16.549,26.514,257.9
2003-10-18,26.839,9.746,17.073,24.722,225.6
2003-10-19,10.705,9.622,17.816,25.153,197.6
2003-10-20,9.043,9.808,18.031,25.517,178.9
2003-10-21,18.687,9.801,17.576,25.226,433.4
2003-10-22,0.0,9.72,16.233,24.156,190.7
2003-10-23,11.722,11.475,17.528,27.191,189.1
2003-10-24,11.286,11.321,17.413,26.944,180.1
2003-10-25,11.542,10.911,17.059,26.264,287.0
2003-10-26,8.528,8.745,17.75,24.208,309.0
2003-10-27,42.667,7.227,17.028,21.951,292.2
2003-10-28,2.142,9.678,16.924,24.736,217.9
2003-10-29,52.943,7.044,17.271,22.031,397.3
2003-10-30,0.0,8.408,16.236,22.74,220.4
2003-10-31,40.488,6.647,16.743,21.177,387.5
2003-11-01,0.0,8.342,16.753,23.115,303.2
2003-11-02,0.0,10.521,16.816,25.792,265.8
2003-11-03,27.824,7.446,17.285,22.576,345.7
2003-11-04,0.0,11.464,15.802,26.299,209.6
2003-11-05,0.0,12.001,14.944,26.424,271.8
2003-11-06,10.483,11.366,15.281,25.892,312.1
2003-11-07,23.523,9.969,17.278,25.566,394.8
2003-11-08,1.229,7.831,17.309,23.073,367.4
2003-11-09,3.199,10.918,16.403,26.146,311.3
2003-11-10,34.453,8.645,18.215,24.753,337.2
2003-11-11,35.728,8.321,17.049,23.549,282.9
2003-11-12,0.0,8.684,16.837,23.799,256.1
2003-11-13,5.109,9.829,16.622,25.056,239.8
2003-11-14,1.336,9.648,17.587,25.566,198.6
2003-11-15,30.056,10.96,17.413,27.076,372.9
2003-11-16,0.411,10.768,16.91,26.514,213.4
2003-11-17,7.315,10.476,15.99,25.497,234.1
2003-11-18,19.532,9.772,16.785,25.205,251.5
2003-11-19,2.607,10.618,17.583,26.837,197.0
2003-11-20,12.578,9.933,16.941,25.542,298.5
2003-11-21,6.04,9.654,17.361,25.524,222.7
2003-11-22,22.041,7.176,17.212,22.434,269.9
2003-11-23,0.0,9.211,16.99,24.767,194.0
2003-11-24,20.353,8.769,17.503,24.601,324.8
2003-11-25,22.963,7.488,17.163,22.795,247.8
2003-11-26,10.526,10.161,17.052,26.042,218.7
2003-11-27,3.113,10.565,18.09,27.302,326.0
2003-11-28,0.654,11.093,17.226,27.34,201.9
2003-11-29,44.305,8.835,16.559,24.042,288.5
2003-11-30,10.714,8.892,16.92,24.444,313.2
2003-12-01,1.154,10.008,17.035,25.858,308.4
2003-12-02,29.801,7.081,17.479,22.663,350.3
2003-12-03,36.506,8.786,17.038,24.396,265.1
2003-12-04,4.272,10.854,16.458,26.628,184.4
2003-12-05,5.053,10.457,16.455,26.142,165.3
2003-12-06,6.939,7.943,17.306,23.642,172.2
2003-12-07,0.266,9.51,17.396,25.594,150.1
2003-12-08,0.141,10.232,16.74,26.045,166.9
2003-12-09,0.0,10.483,17.132,26.667,190.0
2003-12-10,5.874,11.559,16.757,27.806,139.4
2003-12-11,39.215,9.68,16.34,25.118,207.4
2003-12-12,5.845,9.883,16.382,25.42,176.5
2003-12-13,4.18,10.016,17.104,26.062,229.1
2003-12-14,4.032,9.252,17.444,25.347,300.4
2003-12-15,8.926,10.423,15.135,25.247,261.1
2003-12-16,0.0,11.752,15.396,27.17,163.8
2003-12-17,0.0,12.205,14.531,27.205,171.5
2003-12-18,2.303,9.942,15.167,24.615,142.3
2003-12-19,0.856,9.559,16.819,25.271,227.8
2003-12-20,1.341,9.677,16.719,25.382,259.9
2003-12-21,13.227,8.514,18.115,24.948,237.6
2003-12-22,5.125,10.598,16.726,26.552,122.0
2003-12-23,0.0,10.694,16.753,26.691,231.7
2003-12-24,0.125,10.994,16.667,27.017,216.4
2003-12-25,20.711,8.044,17.003,23.517,256.4
2003-12-26,32.053,9.533,16.799,25.243,220.0
2003-12-27,0.0,6.935,17.163,22.264,155.1
2003-12-28,5.917,8.22,17.292,23.951,316.1
2003-12-29,0.0,8.003,17.399,23.757,168.5
2003-12-30,0.0,8.856,16.688,24.257,241.0
2003-12-31,0.0,9.793,16.312,25.181,145.7
2004-01-01,0.0,10.807,16.833,26.83,121.1
2004-01-02,0.0,12.339,15.625,27.958,211.3
2004-01-03,0.0,11.938,15.972,27.656,132.7
2004-01-04,1.601,12.107,15.903,27.819,136.5
2004-01-05,73.674,7.797,17.618,23.618,158.9
2004-01-06,0.957,8.945,16.719,24.326,168.3
2004-01-07,16.065,9.594,16.59,25.056,209.4
2004-01-08,5.621,8.908,16.896,24.413,256.7
2004-01-09,13.013,8.682,17.524,24.573,276.5
2004-01-10,1.251,9.283,16.75,24.722,352.4
2004-01-11,2.144,7.303,18.163,23.396,381.0
2004-01-12,7.957,9.115,17.948,25.358,300.0
2004-01-13,29.651,9.099,19.076,26.181,257.5
2004-01-14,4.451,9.93,18.031,26.347,187.4
2004-01-15,0.0,9.244,17.684,25.26,268.9
2004-01-16,0.0,9.506,16.556,24.747,266.9
2004-01-17,0.0,9.091,17.25,24.701,238.3
2004-01-18,0.0,9.119,15.875,23.733,154.8
2004-01-19,0.0,10.6,16.809,26.219,183.0
2004-01-20,0.0,10.189,17.201,25.972,193.4
2004-01-21,0.0,7.718,18.441,23.955,194.1
2004-01-22,0.0,7.341,16.99,22.33,216.6
2004-01-23,0.0,8.761,17.049,24.062,155.9
2004-01-24,0.0,10.93,16.229,26.104,122.9
2004-01-25,2.474,12.407,14.788,26.986,113.8
2004-01-26,2.289,12.17,15.767,27.326,154.6
2004-01-27,0.0,12.985,14.91,27.76,164.6
2004-01-28,0.0,11.757,15.733,26.708,153.1
2004-01-29,0.0,12.728,15.076,27.448,118.6
2004-01-30,0.0,13.484,13.722,27.514,96.4
2004-01-31,0.0,12.493,14.396,26.646,93.5
2004-02-01,0.0,12.435,15.184,27.042,104.6
2004-02-02,0.0,13.983,14.462,28.493,90.2
2004-02-03,0.0,12.424,15.944,27.479,145.5
2004-02-04,0.0,13.089,15.924,28.243,200.9
2004-02-05,0.0,13.866,15.149,28.681,157.7
2004-02-06,0.0,14.994,12.601,28.483,109.7
2004-02-07,0.0,13.71,14.517,28.031,88.8
2004-02-08,0.0,11.31,16.41,26.285,138.7
2004-02-09,0.0,12.672,15.698,27.427,102.7
2004-02-10,0.0,13.387,16.056,28.493,169.7
2004-02-11,0.0,13.538,16.16,28.722,100.9
2004-02-12,25.809,13.029,17.076,28.688,203.4
2004-02-13,28.945,11.475,17.899,27.403,157.2
2004-02-14,5.0,13.258,16.295,28.403,136.8
2004-02-15,0.243,11.871,17.75,27.705,164.6
2004-02-16,0.0,13.26,17.278,28.976,104.3
2004-02-17,8.886,12.703,16.611,27.844,115.4
2004-02-18,0.0,12.928,17.986,29.017,133.9
2004-02-19,32.683,10.384,18.014,26.062,252.9
2004-02-20,18.369,8.571,17.646,23.726,165.1
2004-02-21,1.495,10.829,17.052,25.83,207.9
2004-02-22,7.986,10.212,17.691,25.625,188.6
2004-02-23,0.0,8.638,16.226,22.677,132.7
2004-02-24,0.661,12.1,15.34,26.104,126.5
2004-02-25,44.024,9.284,17.528,24.347,157.1
2004-02-26,11.002,12.587,16.035,27.087,195.0
2004-02-27,0.0,9.802,18.056,25.309,128.5
2004-02-28,0.339,11.81,15.878,26.017,102.9
2004-02-29,1.796,11.455,16.92,26.333,120.7
2004-03-01,13.44,11.851,17.455,27.118,274.9
2004-03-02,2.747,11.621,17.573,26.899,172.8
2004-03-03,10.945,12.399,17.333,27.604,128.7
2004-03-04,0.0,14.041,17.09,29.302,179.0
2004-03-05,34.027,13.195,17.358,28.5,276.2
2004-03-06,29.012,11.131,17.115,25.931,174.3
2004-03-07,0.0,9.486,17.5,24.389,147.9
2004-03-08,0.983,12.622,16.559,27.253,146.1
2004-03-09,0.422,11.991,17.844,27.413,140.8
2004-03-10,0.0,10.718,18.566,26.51,119.2
2004-03-11,0.0,10.865,17.781,26.073,132.0
2004-03-12,0.0,14.008,17.0,29.062,160.9
2004-03-13,0.0,14.907,16.153,29.524,116.7
2004-03-14,0.0,15.032,16.08,29.601,99.9
2004-03-15,0.0,13.668,17.785,29.16,164.9
2004-03-16,19.318,13.424,17.913,28.951,134.7
2004-03-17,2.795,12.173,17.715,27.406,105.0
2004-03-18,0.0,14.476,16.892,29.448,126.2
2004-03-19,9.692,12.699,18.278,28.375,230.9
2004-03-20,0.0,13.686,16.316,28.16,200.1
2004-03-21,28.963,12.094,18.382,27.767,153.7
2004-03-22,0.415,12.283,17.865,27.615,116.4
2004-03-23,0.0,13.129,18.16,28.733,139.2
2004-03-24,1.637,13.391,18.802,29.465,110.0
2004-03-25,29.919,10.749,19.413,27.028,268.1
2004-03-26,1.59,10.963,18.087,26.285,240.8
2004-03-27,13.025,12.626,16.497,27.028,236.3
2004-03-28,41.4,10.466,18.146,25.802,167.2
2004-03-29,0.0,10.415,17.688,25.399,114.2
2004-03-30,0.0,10.625,18.257,26.038,192.6
2004-03-31,0.0,13.102,17.979,28.545,119.2
2004-04-01,4.917,9.701,17.33,24.358,160.3
2004-04-02,3.321,9.25,18.333,24.639,201.1
2004-04-03,31.789,8.035,17.792,22.979,303.6
2004-04-04,0.0,10.791,17.608,25.767,240.4
2004-04-05,0.0,13.834,16.41,28.392,132.2
2004-04-06,0.0,14.524,16.622,29.267,107.9
2004-04-07,17.216,13.284,17.142,28.233,132.9
2004-04-08,15.107,13.234,17.705,28.542,106.8
2004-04-09,4.716,12.578,17.865,27.962,105.6
2004-04-10,10.461,11.531,17.274,26.392,249.5
2004-04-11,0.0,11.001,17.403,25.875,231.7
2004-04-12,4.375,12.888,17.34,27.934,208.2
2004-04-13,59.081,10.076,18.292,25.497,138.7
2004-04-14,26.388,7.046,18.743,22.806,178.3
2004-04-15,4.714,7.616,18.017,22.753,160.5
2004-04-16,1.22,8.575,17.576,23.431,163.3
2004-04-17,7.826,8.787,18.153,24.066,173.0
2004-04-18,25.486,9.658,17.181,24.319,431.5
2004-04-19,0.204,11.608,16.545,26.028,301.3
2004-04-20,37.877,8.307,17.681,23.219,281.6
2004-04-21,20.557,9.579,18.062,24.896,289.5
2004-04-22,29.445,7.784,17.823,22.785,244.2
2004-04-23,24.973,7.083,16.91,21.378,312.7
2004-04-24,14.806,10.201,16.917,24.75,190.6
2004-04-25,6.225,9.338,16.524,23.5,308.2
2004-04-26,0.0,11.549,15.372,25.243,256.7
2004-04-27,6.166,11.777,16.708,26.455,198.5
2004-04-28,23.565,11.602,16.16,25.878,287.8
2004-04-29,0.13,12.328,16.344,26.854,278.0
2004-04-30,17.754,11.429,17.253,26.444,180.7
2004-05-01,8.534,8.646,17.885,23.885,228.6
2004-05-02,27.64,10.998,17.882,26.431,255.2
2004-05-03,11.745,8.718,17.33,23.521,161.8
2004-05-04,26.411,9.627,16.837,24.16,193.0
2004-05-05,14.279,10.113,18.056,25.622,164.3
2004-05-06,10.768,10.943,18.059,26.583,246.1
2004-05-07,3.989,10.708,16.646,25.288,270.1
2004-05-08,9.006,11.32,17.84,26.858,247.5
2004-05-09,4.2,9.32,17.608,24.451,157.1
2004-05-10,0.0,10.88,17.556,26.174,183.3
2004-05-11,4.187,10.766,16.854,25.556,163.7
2004-05-12,6.481,8.783,18.094,24.253,161.0
2004-05-13,6.359,9.143,18.094,24.667,214.2
2004-05-14,1.948,10.672,18.295,26.552,212.3
2004-05-15,8.667,8.396,17.767,23.59,169.2
2004-05-16,0.0,10.871,16.469,25.455,141.4
2004-05-17,58.783,9.351,17.573,24.573,406.8
2004-05-18,2.576,10.251,15.976,24.441,208.1
2004-05-19,39.982,7.397,17.5,22.41,338.6
2004-05-20,36.864,8.815,17.292,23.788,300.2
2004-05-21,20.495,10.149,17.556,25.49,397.6
2004-05-22,31.168,7.561,17.125,22.274,362.6
2004-05-23,0.369,9.316,16.569,23.872,252.5
2004-05-24,8.389,9.561,16.125,23.83,238.0
2004-05-25,0.058,10.793,15.042,24.538,204.0
2004-05-26,8.068,9.521,16.59,24.139,196.6
2004-05-27,9.417,9.249,17.0,24.163,179.1
2004-05-28,9.824,9.181,17.198,24.222,159.2
2004-05-29,0.98,9.594,16.368,24.087,148.8
2004-05-30,9.886,10.726,16.069,25.24,140.6
2004-05-31,12.561,10.966,16.375,25.729,123.4
2004-06-01,5.476,9.441,16.632,24.104,118.2
2004-06-02,14.773,9.855,16.455,24.5,134.1
2004-06-03,0.0,11.659,15.33,25.875,111.0
2004-06-04,8.587,10.298,16.503,25.062,114.6
2004-06-05,12.953,9.837,15.722,23.955,113.9
2004-06-06,12.467,8.397,15.938,22.424,194.5
2004-06-07,0.0,11.896,14.951,25.962,134.4
2004-06-08,0.304,11.782,15.267,26.035,119.1
2004-06-09,7.098,10.483,16.198,25.115,184.9
2004-06-10,3.124,11.017,15.976,25.608,137.6
2004-06-11,0.0,12.175,14.747,26.219,105.5
2004-06-12,0.0,12.024,14.472,25.844,110.9
2004-06-13,0.0,11.277,15.597,25.681,99.9
2004-06-14,0.084,12.076,15.486,26.573,94.4
2004-06-15,8.578,11.332,15.101,25.399,101.2
2004-06-16,0.0,11.76,15.667,26.319,98.8
2004-06-17,7.085,10.903,15.726,25.319,96.3
2004-06-18,0.0,13.011,15.319,27.646,99.3
2004-06-19,0.0,12.011,15.517,26.549,95.0
2004-06-20,7.511,10.652,15.816,25.059,97.4
2004-06-21,7.503,11.202,17.319,26.809,105.4
2004-06-22,0.0,12.582,14.882,26.83,83.8
2004-06-23,0.046,13.835,15.111,28.524,79.2
2004-06-24,0.0,13.148,14.858,27.517,76.7
2004-06-25,0.0,11.864,15.608,26.413,74.6
2004-06-26,1.739,12.536,15.781,27.382,78.7
2004-06-27,9.972,12.411,15.177,26.812,95.2
2004-06-28,4.284,11.396,15.92,26.066,75.5
2004-06-29,6.809,11.518,15.677,26.021,74.3
2004-06-30,0.0,11.195,15.778,25.705,71.9
2004-07-01,3.96,10.552,15.854,24.99,74.5
2004-07-02,9.834,10.977,17.153,26.406,73.9
2004-07-03,9.002,11.768,15.552,26.247,91.5
2004-07-04,22.645,10.117,15.806,24.396,217.2
2004-07-05,1.295,9.55,16.038,23.878,102.4
2004-07-06,0.0,10.048,16.062,24.49,87.5
2004-07-07,14.413,10.961,14.694,24.639,123.7
2004-07-08,21.762,10.246,15.757,24.514,124.4
2004-07-09,15.462,9.5,16.5,24.132,119.4
2004-07-10,8.675,11.265,15.208,25.333,97.1
2004-07-11,10.244,10.246,15.781,24.486,119.6
2004-07-12,8.351,10.714,15.5,24.858,173.7
2004-07-13,13.615,9.54,15.858,23.708,121.8
2004-07-14,2.352,9.741,15.719,23.83,125.8
2004-07-15,4.204,11.12,14.451,24.611,100.3
2004-07-16,18.5,10.581,15.778,24.872,96.1
2004-07-17,0.0,11.407,14.281,24.837,86.5
2004-07-18,0.98,11.736,14.462,25.34,80.5
2004-07-19,12.52,11.045,14.906,24.792,100.0
2004-07-20,1.607,12.132,15.719,26.635,79.5
2004-07-21,10.012,11.771,16.226,26.531,156.4
2004-07-22,8.355,9.967,16.073,24.278,172.3
2004-07-23,0.436,11.656,14.931,25.497,107.9
2004-07-24,0.88,10.687,15.462,24.674,106.1
2004-07-25,7.64,11.28,14.503,24.729,100.6
2004-07-26,1.093,11.24,16.219,25.847,98.0
2004-07-27,16.274,11.321,16.375,26.014,89.9
2004-07-28,4.567,10.735,15.247,24.531,107.8
2004-07-29,0.0,12.389,14.399,25.931,102.6
2004-07-30,8.914,11.679,15.507,25.806,120.7
2004-07-31,1.9,12.541,14.399,26.104,90.9
2004-08-01,0.0,14.666,13.274,27.965,86.2
2004-08-02,0.0,13.624,13.09,26.535,82.8
2004-08-03,0.0,12.054,14.222,25.33,79.9
2004-08-04,0.0,11.612,16.08,26.045,79.2
2004-08-05,6.344,13.217,14.115,26.622,76.1
2004-08-06,6.294,11.017,15.153,24.688,103.0
2004-08-07,0.0,12.492,14.625,26.083,81.0
2004-08-08,0.0,12.806,14.514,26.403,74.3
2004-08-09,0.0,12.891,14.09,26.201,72.8
2004-08-10,0.0,12.862,13.51,25.767,70.0
2004-08-11,0.152,11.99,15.333,25.896,69.4
2004-08-12,0.0,12.809,13.688,25.774,68.2
2004-08-13,0.0,12.533,14.201,25.764,66.5
2004-08-14,0.153,12.018,15.076,25.712,65.6
2004-08-15,0.0,12.943,15.493,27.066,65.1
2004-08-16,1.872,13.992,16.257,28.799,67.0
2004-08-17,1.837,12.442,16.403,27.035,72.9
2004-08-18,14.76,13.146,16.778,28.122,69.0
2004-08-19,0.0,13.091,16.681,28.007,54.4
2004-08-20,10.105,13.097,15.785,27.396,66.1
2004-08-21,6.317,12.5,16.08,26.875,62.8
2004-08-22,1.534,13.513,16.528,28.354,74.5
2004-08-23,0.038,14.646,14.66,28.434,65.6
2004-08-24,4.656,13.429,16.229,28.028,63.2
2004-08-25,8.304,12.669,16.42,27.236,88.6
2004-08-26,12.496,12.788,16.174,27.25,65.9
2004-08-27,13.027,12.939,16.42,27.601,88.6
2004-08-28,18.265,11.238,17.156,26.094,102.3
2004-08-29,20.871,10.861,17.222,25.715,108.6
2004-08-30,1.007,12.236,16.878,27.056,78.9
2004-08-31,9.425,12.376,16.42,26.896,77.7
2004-09-01,15.21,12.738,16.642,27.462,64.5
2004-09-02,0.0,15.488,15.076,29.608,59.0
2004-09-03,6.033,13.954,14.816,27.646,59.0
2004-09-04,17.139,11.109,16.663,25.569,70.6
2004-09-05,13.881,9.497,17.184,24.167,155.0
2004-09-06,16.046,11.491,15.587,25.302,91.0
2004-09-07,27.315,10.086,16.042,23.972,91.6
2004-09-08,14.285,7.981,15.677,21.306,226.9
2004-09-09,24.764,8.978,16.257,22.854,144.2
2004-09-10,0.0,8.992,16.486,23.087,122.8
2004-09-11,17.978,8.338,16.892,22.653,292.2
2004-09-12,4.962,10.737,17.045,25.441,149.4
2004-09-13,0.0,13.419,14.517,26.816,114.6
2004-09-14,16.161,10.912,15.514,24.58,99.1
2004-09-15,0.996,10.543,15.944,24.448,93.4
2004-09-16,2.599,13.097,15.149,26.878,128.7
2004-09-17,20.094,10.978,16.17,25.104,119.9
2004-09-18,2.772,11.838,17.038,26.684,288.5
2004-09-19,23.932,11.43,15.812,25.385,183.0
2004-09-20,17.357,10.355,16.458,24.684,201.2
2004-09-21,16.134,11.647,15.896,25.701,180.4
2004-09-22,8.387,12.145,15.604,26.101,147.6
2004-09-23,0.0,12.645,16.729,27.441,126.9
2004-09-24,21.479,12.13,17.25,27.219,251.1
2004-09-25,18.253,11.177,16.302,25.462,162.0
2004-09-26,10.492,11.055,16.299,25.399,192.5
2004-09-27,19.612,9.418,16.899,23.986,196.3
2004-09-28,2.976,11.117,16.747,25.75,188.1
2004-09-29,11.185,9.949,16.153,23.976,174.0
2004-09-30,9.672,11.221,16.465,25.691,199.5
2004-10-01,16.947,10.069,17.229,24.948,159.6
2004-10-02,0.0,13.05,15.424,27.16,136.6
2004-10-03,0.0,12.036,17.573,27.438,125.8
2004-10-04,25.949,10.481,16.986,25.274,125.5
2004-10-05,0.0,10.786,16.156,25.056,129.4
2004-10-06,20.309,11.416,17.757,26.913,143.7
2004-10-07,24.119,8.34,18.0,23.677,244.4
2004-10-08,2.918,8.621,17.458,23.594,161.4
2004-10-09,2.05,10.563,17.233,25.639,137.1
2004-10-10,6.939,11.118,17.059,26.167,133.3
2004-10-11,0.0,12.913,15.917,27.524,118.8
2004-10-12,38.208,9.713,16.538,24.212,177.1
2004-10-13,7.293,11.663,17.562,27.198,155.6
2004-10-14,0.243,11.414,18.073,27.309,148.3
2004-10-15,0.0,13.521,17.24,29.215,126.0
2004-10-16,21.635,12.751,16.903,28.128,126.5
2004-10-17,26.754,11.727,17.701,27.503,169.9
2004-10-18,13.561,10.48,16.295,25.052,152.5
2004-10-19,27.584,9.739,17.455,25.014,211.8
2004-10-20,27.946,9.967,16.528,24.642,231.5
2004-10-21,22.106,8.378,16.517,22.785,229.7
2004-10-22,0.0,8.922,16.597,23.507,170.1
2004-10-23,15.525,7.948,17.101,22.823,195.7
2004-10-24,4.81,9.629,17.056,24.712,162.5
2004-10-25,1.047,9.764,16.979,24.858,178.6
2004-10-26,0.731,9.773,17.715,25.382,166.1
2004-10-27,12.131,8.477,17.326,23.639,207.4
2004-10-28,28.751,10.074,16.872,25.184,240.2
2004-10-29,24.427,9.61,16.094,24.083,309.2
2004-10-30,22.77,9.98,16.208,24.66,244.3
2004-10-31,34.807,9.731,17.292,25.167,270.3
2004-11-01,17.014,11.785,16.694,27.229,258.4
2004-11-02,35.803,9.526,17.899,25.406,247.9
2004-11-03,19.313,9.691,16.635,24.705,205.0
2004-11-04,36.177,10.975,16.653,26.323,324.9
2004-11-05,2.293,9.823,18.243,26.038,202.5
2004-11-06,24.739,7.681,17.938,23.403,245.6
2004-11-07,13.752,9.333,17.625,25.08,210.9
2004-11-08,13.652,8.326,18.188,24.33,202.0
2004-11-09,19.588,8.408,18.035,24.337,229.9
2004-11-10,13.596,8.579,17.875,24.441,231.2
2004-11-11,0.0,10.066,16.451,25.25,183.3
2004-11-12,0.0,7.187,17.833,22.861,176.0
2004-11-13,0.0,8.432,17.736,24.212,168.0
2004-11-14,5.926,7.901,17.441,23.399,200.1
2004-11-15,0.222,9.727,17.09,25.326,213.9
2004-11-16,1.507,9.673,17.872,25.854,200.0
2004-11-17,16.13,8.335,18.378,24.656,220.2
2004-11-18,38.873,7.28,18.094,23.295,422.3
2004-11-19,32.19,10.242,17.34,26.236,409.2
2004-11-20,33.172,11.277,16.306,26.833,460.0
2004-11-21,0.0,9.925,17.073,25.719,276.3
2004-11-22,24.68,11.677,16.5,27.51,219.5
2004-11-23,0.0,12.243,15.663,27.691,288.0
2004-11-24,24.058,10.626,16.531,26.229,201.0
2004-11-25,9.684,10.601,16.889,26.469,176.4
2004-11-26,40.693,10.134,15.941,25.229,270.8
2004-11-27,0.0,9.282,16.726,24.729,185.4
2004-11-28,1.216,9.429,17.962,25.847,189.9
2004-11-29,5.546,9.232,18.365,25.882,230.2
2004-11-30,0.0,10.032,17.969,26.59,191.6
2004-12-01,12.633,7.119,18.955,23.958,296.4
2004-12-02,18.384,7.485,17.639,23.281,281.6
2004-12-03,0.0,9.243,16.486,24.549,207.1
2004-12-04,0.0,9.274,16.976,24.969,185.9
2004-12-05,1.818,8.977,18.038,25.399,173.1
2004-12-06,37.448,11.291,17.021,27.611,226.9
2004-12-07,10.113,10.132,17.177,26.229,169.6
2004-12-08,20.565,10.181,17.087,26.26,269.5
2004-12-09,11.736,9.55,16.854,25.295,259.8
2004-12-10,0.354,9.951,17.073,25.958,209.6
2004-12-11,8.719,8.325,17.552,24.257,245.2
2004-12-12,13.181,9.466,17.931,25.944,372.5
2004-12-13,7.641,7.858,18.427,24.382,272.2
2004-12-14,12.262,9.221,18.427,26.062,187.9
2004-12-15,12.391,7.13,17.924,23.128,258.2
2004-12-16,6.427,8.377,18.347,24.944,337.9
2004-12-17,9.534,6.394,17.934,22.292,292.9
2004-12-18,23.778,8.707,17.66,24.823,355.6
2004-12-19,0.0,9.816,17.75,26.281,207.9
2004-12-20,0.0,9.943,17.865,26.524,175.1
2004-12-21,4.269,9.811,18.069,26.521,215.1
2004-12-22,0.893,10.144,17.167,26.302,166.6
2004-12-23,0.0,9.499,18.424,26.392,153.0
2004-12-24,0.0,9.392,18.056,25.969,262.1
2004-12-25,0.0,8.863,17.736,25.069,282.4
2004-12-26,6.447,10.129,16.118,25.51,286.9
2004-12-27,0.0,9.38,16.208,24.583,174.0
2004-12-28,0.0,8.97,16.483,24.267,170.0
2004-12-29,0.0,9.605,15.819,24.58,148.3
2004-12-30,0.0,9.549,16.312,24.837,136.0
2004-12-31,0.0,11.083,16.486,26.944,252.3
2005-01-01,0.0,11.883,15.111,27.052,318.4
2005-01-02,0.958,12.17,14.955,27.323,229.6
2005-01-03,0.587,10.423,17.122,26.521,237.8
2005-01-04,4.074,10.284,17.33,26.476,335.8
2005-01-05,0.0,8.826,18.132,25.229,278.5
2005-01-06,0.0,9.093,18.299,25.67,269.1
2005-01-07,13.285,10.891,17.618,27.389,403.1
2005-01-08,28.985,10.339,17.549,26.618,205.7
2005-01-09,39.107,9.094,17.028,24.67,382.7
2005-01-10,0.0,10.928,16.708,26.747,371.8
2005-01-11,4.599,9.706,18.337,26.368,261.9
2005-01-12,23.876,10.434,18.139,27.09,278.9
2005-01-13,0.529,10.71,17.795,27.181,166.8
2005-01-14,5.654,8.263,16.795,23.434,438.0
2005-01-15,46.896,8.848,17.0,24.285,498.0
2005-01-16,0.0,8.122,18.26,24.333,341.7
2005-01-17,0.732,7.05,17.712,22.719,367.0
2005-01-18,0.0,8.644,17.09,24.059,375.2
2005-01-19,0.0,9.391,16.771,24.694,179.7
2005-01-20,0.0,7.083,17.639,22.597,332.5
2005-01-21,0.0,7.858,17.67,23.5,173.6
2005-01-22,0.079,8.698,17.052,23.997,334.0
2005-01-23,0.0,10.351,17.948,26.618,316.5
2005-01-24,0.0,9.438,16.653,24.576,162.1
2005-01-25,0.0,9.512,17.267,25.08,158.5
2005-01-26,0.0,10.177,17.372,25.962,222.8
2005-01-27,0.0,12.74,15.108,27.556,233.9
2005-01-28,0.0,12.097,16.167,27.42,212.5
2005-01-29,40.032,10.916,17.274,26.674,345.3
2005-01-30,40.892,9.6,17.556,25.281,391.6
2005-01-31,0.0,10.155,17.622,25.965,384.0
2005-02-01,2.349,9.302,17.521,24.854,483.1
2005-02-02,0.0,10.169,17.674,26.007,388.2
2005-02-03,4.199,10.487,17.003,25.851,185.7
2005-02-04,0.0,10.248,17.472,25.878,268.1
2005-02-05,44.587,10.002,17.052,25.288,385.7
2005-02-06,3.555,11.336,17.601,27.24,414.6
2005-02-07,0.0,11.517,17.944,27.66,252.4
2005-02-08,37.634,9.185,18.469,25.309,355.9
2005-02-09,6.302,8.319,18.559,24.392,446.9
2005-02-10,1.114,8.238,17.878,23.799,372.3
2005-02-11,51.407,6.152,18.497,22.062,409.4
2005-02-12,32.969,6.099,17.885,21.524,490.9
2005-02-13,0.0,10.021,17.882,25.722,466.3
2005-02-14,0.0,11.802,17.747,27.663,324.0
2005-02-15,0.0,10.555,17.872,26.253,295.7
2005-02-16,0.0,9.415,18.094,25.08,327.8
2005-02-17,0.0,9.576,18.156,25.302,239.9
2005-02-18,0.0,11.621,17.205,26.958,232.7
2005-02-19,0.0,12.025,16.299,26.799,263.2
2005-02-20,1.985,10.829,17.691,26.326,296.5
2005-02-21,0.0,10.816,18.118,26.639,240.7
2005-02-22,0.0,12.126,18.278,28.184,232.7
2005-02-23,0.0,12.947,17.587,28.622,205.1
2005-02-24,0.0,11.674,17.854,27.319,207.7
2005-02-25,0.0,14.07,16.531,29.17,168.9
2005-02-26,0.0,11.694,17.413,26.979,182.8
2005-02-27,0.0,12.49,17.177,27.705,164.0
2005-02-28,0.0,10.849,18.868,27.038,171.6
2005-03-01,22.159,13.42,17.243,28.816,328.3
2005-03-02,0.0,10.431,19.191,26.785,356.4
2005-03-03,0.0,11.753,18.094,27.476,253.3
2005-03-04,21.969,9.673,17.885,24.934,395.3
2005-03-05,4.778,11.022,18.198,26.649,328.0
2005-03-06,27.649,11.733,18.264,27.503,181.8
2005-03-07,0.0,10.639,18.354,26.292,285.3
2005-03-08,0.0,10.715,19.073,26.906,188.1
2005-03-09,0.761,11.895,17.819,27.302,234.3
2005-03-10,0.0,11.673,17.743,26.969,236.1
2005-03-11,0.0,11.126,19.01,27.285,242.8
2005-03-12,0.0,13.693,17.622,29.156,250.8
2005-03-13,0.0,14.057,18.326,30.017,164.0
2005-03-14,0.177,13.451,18.153,29.233,159.4
2005-03-15,0.0,13.247,17.826,28.743,249.5
2005-03-16,15.936,13.606,17.257,28.75,325.4
2005-03-17,14.8,13.447,18.139,29.156,385.3
2005-03-18,11.986,10.567,18.691,26.361,351.0
2005-03-19,4.851,13.194,17.222,28.222,231.2
2005-03-20,40.692,12.453,17.469,27.549,320.9
2005-03-21,6.102,12.953,15.785,26.955,334.3
2005-03-22,0.089,13.764,15.861,27.938,168.9
2005-03-23,0.0,14.186,16.698,28.962,266.2
2005-03-24,18.62,11.459,17.438,26.389,147.7
2005-03-25,0.0,14.35,17.233,29.472,120.4
2005-03-26,22.878,13.18,17.132,28.09,267.2
2005-03-27,66.23,12.623,16.514,27.052,290.9
2005-03-28,0.0,12.896,17.066,27.764,265.4
2005-03-29,5.503,12.683,17.705,27.941,352.5
2005-03-30,6.545,11.065,18.139,26.451,300.2
2005-03-31,0.0,12.487,18.431,28.215,280.3
2005-04-01,22.671,12.939,16.774,27.597,310.8
2005-04-02,4.901,11.031,17.601,26.059,166.9
2005-04-03,22.573,10.281,18.201,25.649,237.6
2005-04-04,0.0,13.015,17.003,27.802,315.9
2005-04-05,0.0,11.634,18.663,27.431,268.0
2005-04-06,28.147,10.313,17.927,25.444,233.5
2005-04-07,0.0,11.735,18.243,27.236,248.7
2005-04-08,13.947,12.037,17.701,27.181,188.7
2005-04-09,7.497,10.132,18.608,25.799,161.3
2005-04-10,0.326,12.762,17.597,27.941,153.7
2005-04-11,16.292,9.6,18.385,25.083,152.3
2005-04-12,0.0,10.002,16.872,24.406,261.5
2005-04-13,14.154,12.85,17.08,27.708,181.5
2005-04-14,4.998,12.435,18.104,27.972,147.9
2005-04-15,0.964,10.383,18.062,25.684,256.1
2005-04-16,2.442,12.832,16.507,27.337,138.4
2005-04-17,17.782,9.689,17.903,24.851,274.6
2005-04-18,0.883,13.374,16.479,27.951,146.9
2005-04-19,10.435,13.468,18.726,29.59,141.2
2005-04-20,54.969,9.14,19.111,25.191,256.5
2005-04-21,11.802,10.323,17.837,25.552,160.0
2005-04-22,0.533,11.166,17.285,26.069,158.4
2005-04-23,7.687,9.334,18.615,25.052,200.2
2005-04-24,40.337,7.188,18.035,22.413,422.7
2005-04-25,0.0,10.885,17.663,26.045,282.1
2005-04-26,9.885,11.922,17.493,27.174,185.3
2005-04-27,14.116,12.731,17.601,28.125,190.9
2005-04-28,18.943,11.707,18.083,27.302,366.2
2005-04-29,19.374,10.062,18.517,25.819,358.0
2005-04-30,7.982,13.025,16.618,27.851,299.2
2005-05-01,29.218,12.698,17.236,27.868,347.0
2005-05-02,26.531,10.896,18.469,26.733,333.8
2005-05-03,20.324,9.289,17.892,24.569,365.4
2005-05-04,14.258,8.067,17.781,23.174,278.4
2005-05-05,7.475,10.887,17.156,25.816,320.1
2005-05-06,15.329,10.564,17.66,25.84,352.0
2005-05-07,5.371,12.36,17.201,27.556,347.5
2005-05-08,17.381,12.042,17.441,27.365,385.5
2005-05-09,20.758,10.711,18.389,26.569,362.0
2005-05-10,11.984,10.838,17.483,26.066,281.2
2005-05-11,2.711,11.451,18.201,27.274,227.0
2005-05-12,5.163,12.3,17.997,28.118,310.2
2005-05-13,0.0,12.619,17.323,28.059,296.1
2005-05-14,60.284,7.688,17.92,22.958,451.2
2005-05-15,24.664,10.452,17.514,25.733,371.6
2005-05-16,21.54,7.377,18.736,23.326,494.3
2005-05-17,32.245,6.781,18.615,22.642,365.7
2005-05-18,0.0,11.336,16.962,26.406,252.3
2005-05-19,23.325,8.261,17.333,23.181,402.0
2005-05-20,10.177,10.996,17.681,26.542,275.5
2005-05-21,10.587,10.011,17.597,25.361,267.9
2005-05-22,8.391,10.619,17.358,25.899,249.1
2005-05-23,32.364,7.93,17.503,22.997,408.1
2005-05-24,0.092,11.168,15.597,25.368,334.7
2005-05-25,17.701,10.704,18.118,26.601,348.3
2005-05-26,15.501,10.672,17.451,26.094,320.3
2005-05-27,10.049,11.359,17.306,26.809,500.9
2005-05-28,1.861,11.609,16.816,26.781,347.5
2005-05-29,0.0,12.116,16.604,27.233,306.5
2005-05-30,0.0,11.011,17.25,26.431,291.4
2005-05-31,18.759,11.349,18.309,27.521,299.2
2005-06-01,16.701,9.724,17.84,25.34,297.5
2005-06-02,13.583,10.882,16.993,26.069,302.1
2005-06-03,15.196,10.287,17.184,25.507,336.3
2005-06-04,5.727,9.325,18.708,25.549,198.5
2005-06-05,19.916,9.306,17.562,24.715,337.5
2005-06-06,22.663,9.175,17.007,24.128,279.4
2005-06-07,19.662,7.714,17.889,23.153,396.7
2005-06-08,2.141,10.307,17.75,26.007,235.6
2005-06-09,23.621,9.828,17.611,25.337,297.4
2005-06-10,13.496,9.565,18.337,25.611,210.2
2005-06-11,17.49,9.787,17.698,25.358,284.4
2005-06-12,13.257,9.599,17.677,25.156,325.8
2005-06-13,0.043,11.92,16.351,26.969,217.5
2005-06-14,17.972,11.182,17.608,26.934,334.0
2005-06-15,13.686,10.467,18.194,26.542,375.5
2005-06-16,0.09,11.804,17.583,27.694,232.0
2005-06-17,8.739,12.005,18.208,28.358,227.9
2005-06-18,0.0,11.942,17.382,27.76,302.1
2005-06-19,1.363,12.135,16.781,27.559,209.3
2005-06-20,5.203,10.419,17.358,25.903,281.2
2005-06-21,0.553,12.097,17.205,27.774,309.8
2005-06-22,1.63,10.781,17.969,26.753,299.0
2005-06-23,7.209,11.465,17.465,27.222,299.1
2005-06-24,0.648,12.522,16.076,27.559,177.5
2005-06-25,5.358,12.769,17.076,28.531,143.5
2005-06-26,0.0,11.926,17.128,27.559,133.3
2005-06-27,8.025,11.836,18.062,28.069,250.0
2005-06-28,13.208,12.084,17.128,27.712,379.3
2005-06-29,7.217,9.765,16.75,24.688,177.2
2005-06-30,2.897,10.43,16.646,25.389,141.7
2005-07-01,0.0,10.556,16.385,25.347,130.1
2005-07-02,7.907,11.71,16.399,26.76,160.0
2005-07-03,5.382,12.63,16.858,28.167,136.6
2005-07-04,8.072,13.703,14.722,28.076,234.7
2005-07-05,20.547,12.757,15.694,27.524,130.9
2005-07-06,7.855,11.492,16.875,26.802,247.8
2005-07-07,4.059,11.401,16.965,26.743,145.9
2005-07-08,0.122,12.765,16.299,27.927,116.3
2005-07-09,5.518,12.859,16.573,28.215,122.0
2005-07-10,1.737,12.81,16.361,28.0,230.2
2005-07-11,0.0,14.053,14.941,28.573,128.3
2005-07-12,4.962,11.844,16.198,26.701,112.1
2005-07-13,17.506,10.685,17.597,26.292,130.2
2005-07-14,2.89,10.968,16.941,26.17,135.6
2005-07-15,29.955,11.533,15.274,25.681,251.3
2005-07-16,9.434,9.927,17.17,25.104,325.4
2005-07-17,14.249,12.446,16.028,27.274,288.9
2005-07-18,9.644,11.439,17.483,27.087,192.3
2005-07-19,20.107,10.173,17.465,25.549,185.5
2005-07-20,6.432,12.702,15.885,27.434,191.0
2005-07-21,0.0,11.69,16.344,26.538,122.1
2005-07-22,1.983,12.761,16.41,27.844,106.9
2005-07-23,0.213,13.585,15.497,28.215,104.5
2005-07-24,0.47,13.112,16.295,28.156,161.8
2005-07-25,0.293,13.282,16.479,28.451,175.5
2005-07-26,0.0,14.727,15.545,29.559,107.4
2005-07-27,0.0,13.31,16.656,28.594,96.39
2005-07-28,0.0,13.786,16.292,28.885,95.71
2005-07-29,0.0,13.243,16.288,28.212,92.63
2005-07-30,0.0,12.711,15.726,27.17,90.19
2005-07-31,0.0,14.048,15.5,28.646,88.74
2005-08-01,2.326,13.221,15.132,27.382,88.13
2005-08-02,2.658,13.628,16.135,28.517,90.03
2005-08-03,0.0,13.929,15.517,28.451,88.05
2005-08-04,0.121,13.109,15.715,27.587,150.9
2005-08-05,0.629,12.548,16.417,27.351,168.4
2005-08-06,0.0,12.744,17.028,27.993,95.53
2005-08-07,0.0,14.735,15.184,29.132,83.22
2005-08-08,5.163,12.831,16.503,27.729,86.32
2005-08-09,7.472,12.657,17.517,28.188,85.26
2005-08-10,0.0,13.852,15.368,28.156,84.96
2005-08-11,12.101,12.736,16.295,27.424,150.4
2005-08-12,0.074,14.639,15.302,28.997,97.1
2005-08-13,6.832,13.328,16.708,28.358,84.86
2005-08-14,23.105,10.97,16.75,25.639,174.9
2005-08-15,3.007,11.156,17.156,26.118,100.2
2005-08-16,17.577,10.548,17.08,25.372,98.99
2005-08-17,4.956,10.1,16.899,24.708,104.5
2005-08-18,0.222,12.75,15.066,26.531,98.88
2005-08-19,5.498,11.834,16.097,26.16,175.3
2005-08-20,0.052,13.904,15.785,28.347,94.58
2005-08-21,10.301,12.17,16.438,26.722,90.51
2005-08-22,6.156,9.523,17.691,24.67,116.9
2005-08-23,15.302,13.223,15.479,27.344,119.8
2005-08-24,6.727,11.864,16.149,26.16,107.7
2005-08-25,4.944,11.551,15.913,25.656,92.54
2005-08-26,18.132,12.002,15.205,25.667,99.49
2005-08-27,0.0,13.521,14.448,26.976,96.42
2005-08-28,14.931,11.422,15.806,25.392,163.2
2005-08-29,0.0,12.325,16.33,26.812,100.5
2005-08-30,25.387,13.781,16.271,28.441,154.9
2005-08-31,0.0,13.192,15.962,27.531,108.0
2005-09-01,4.85,13.222,16.795,28.128,113.5
2005-09-02,5.093,11.949,16.552,26.476,100.9
2005-09-03,17.917,12.807,16.062,27.135,163.3
2005-09-04,0.442,14.292,16.986,29.434,116.8
2005-09-05,28.784,13.029,17.201,28.149,186.7
2005-09-06,5.601,12.441,17.625,27.753,125.1
2005-09-07,9.464,12.753,17.076,27.753,145.2
2005-09-08,0.622,14.191,16.802,29.188,114.6
2005-09-09,7.566,14.037,16.514,28.826,113.1
2005-09-10,0.712,13.99,16.938,29.056,102.1
2005-09-11,6.473,13.581,16.819,28.51,96.42
2005-09-12,2.781,12.319,17.184,27.351,93.08
2005-09-13,2.242,13.264,15.885,27.535,92.4
2005-09-14,4.478,13.135,16.49,27.774,104.9
2005-09-15,7.718,12.356,17.392,27.49,96.0
2005-09-16,0.562,14.057,17.194,29.34,87.97
2005-09-17,0.0,15.452,15.955,30.125,84.45
2005-09-18,0.0,15.029,15.649,29.472,91.52
2005-09-19,8.527,13.575,17.51,28.979,96.67
2005-09-20,3.609,13.537,16.618,28.365,94.35
2005-09-21,14.448,11.328,17.566,26.521,96.26
2005-09-22,0.0,12.8,16.396,27.389,147.1
2005-09-23,42.795,9.883,17.24,24.677,155.5
2005-09-24,0.477,10.269,16.253,24.42,145.5
2005-09-25,18.56,11.421,16.326,25.76,139.1
2005-09-26,18.721,10.517,16.201,24.653,211.0
2005-09-27,10.625,10.704,15.503,24.403,241.9
2005-09-28,32.605,11.432,15.788,25.424,274.0
2005-09-29,19.88,10.522,15.74,24.378,140.5
2005-09-30,0.0,11.265,17.17,26.253,118.8
2005-10-01,39.188,9.574,18.069,24.972,143.6
2005-10-02,6.848,11.65,16.042,25.903,177.5
2005-10-03,8.613,11.422,17.413,26.667,164.4
2005-10-04,32.493,11.204,16.406,25.677,288.1
2005-10-05,0.0,11.488,15.524,25.431,188.8
2005-10-06,17.668,11.249,16.566,25.889,229.5
2005-10-07,14.43,11.478,16.41,26.028,254.7
2005-10-08,0.0,11.872,17.094,26.976,172.7
2005-10-09,33.1,9.527,16.358,23.809,214.0
2005-10-10,0.0,11.916,15.743,26.174,208.0
2005-10-11,15.698,11.246,16.983,26.233,173.6
2005-10-12,11.882,9.777,17.101,24.684,161.1
2005-10-13,13.991,9.717,16.951,24.486,224.8
2005-10-14,5.899,10.075,16.684,24.733,177.5
2005-10-15,11.03,7.788,17.056,22.497,202.9
2005-10-16,0.328,9.925,17.608,25.319,176.7
2005-10-17,6.35,9.917,17.903,25.507,191.3
2005-10-18,24.235,10.253,17.201,25.399,200.7
2005-10-19,0.0,11.117,16.847,26.188,186.0
2005-10-20,26.294,11.04,16.417,25.826,194.1
2005-10-21,17.176,10.111,17.01,25.191,241.7
2005-10-22,36.345,9.048,17.024,23.965,248.8
2005-10-23,18.8,9.096,16.757,23.847,302.1
2005-10-24,38.958,7.994,17.031,22.816,360.9
2005-10-25,15.371,7.878,17.247,22.872,487.0
2005-10-26,24.069,10.566,14.913,24.326,463.4
2005-10-27,1.129,10.224,16.587,25.139,344.5
2005-10-28,39.269,6.907,17.177,21.76,381.9
2005-10-29,41.091,8.487,17.01,23.476,300.0
2005-10-30,21.052,8.198,16.858,23.003,353.0
2005-10-31,10.293,8.511,18.267,24.462,385.6
2005-11-01,18.854,9.407,16.958,24.524,383.5
2005-11-02,16.599,11.981,16.444,27.299,433.1
2005-11-03,1.549,9.459,17.458,25.014,344.5
2005-11-04,28.402,9.554,17.229,24.948,326.5
2005-11-05,2.031,10.271,17.365,25.962,293.0
2005-11-06,0.0,11.123,16.865,26.649,272.2
2005-11-07,24.288,11.398,16.281,26.635,469.3
2005-11-08,0.0,11.266,15.774,26.097,291.9
2005-11-09,37.544,9.838,16.622,24.969,303.2
2005-11-10,42.468,8.784,17.997,24.74,463.8
2005-11-11,35.13,5.277,18.0,20.934,332.1
2005-11-12,0.276,8.73,16.903,23.91,293.5
2005-11-13,39.689,6.405,17.986,22.125,386.5
2005-11-14,9.848,10.942,15.743,25.83,301.4
2005-11-15,14.093,8.139,17.826,23.993,322.8
2005-11-16,20.932,9.687,16.993,25.212,391.1
2005-11-17,0.0,9.207,16.413,24.247,298.8
2005-11-18,5.476,8.737,17.688,24.608,300.4
2005-11-19,0.0,8.264,17.656,24.031,277.1
2005-11-20,3.433,10.154,18.201,26.736,431.6
2005-11-21,1.843,8.278,18.642,24.878,422.5
2005-11-22,67.991,7.673,17.715,23.441,559.8
2005-11-23,9.727,8.865,16.42,23.938,418.0
2005-11-24,0.0,8.06,17.365,23.715,473.3
2005-11-25,1.566,10.311,15.847,25.344,450.4
2005-11-26,4.866,8.528,17.882,24.622,492.9
2005-11-27,0.0,9.434,17.434,25.399,498.2
2005-11-28,0.0,10.508,16.771,26.285,444.7
2005-11-29,0.0,9.084,17.274,24.858,447.5
2005-11-30,0.0,8.873,16.635,24.139,420.0
2005-12-01,0.0,8.856,17.163,24.542,408.5
2005-12-02,0.0,9.102,16.972,24.722,358.5
2005-12-03,1.374,9.3,18.108,25.819,239.6
2005-12-04,32.02,9.934,16.74,25.656,396.8
2005-12-05,12.34,7.969,16.854,23.229,398.5
2005-12-06,15.928,8.341,16.882,23.75,418.0
2005-12-07,0.0,8.372,17.285,24.118,340.1
2005-12-08,2.26,8.234,17.934,24.42,496.4
2005-12-09,12.275,10.741,15.479,25.84,455.6
2005-12-10,0.0,10.185,17.031,26.25,349.6
2005-12-11,7.996,10.79,16.101,26.375,334.9
2005-12-12,78.527,8.817,16.608,24.177,541.4
2005-12-13,0.0,10.31,16.392,25.962,388.9
2005-12-14,12.084,8.732,18.042,25.139,399.0
2005-12-15,23.981,8.782,17.274,24.628,397.4
2005-12-16,14.402,8.715,17.691,24.875,462.2
2005-12-17,3.847,9.093,17.656,25.309,414.7
2005-12-18,16.152,9.59,17.233,25.615,403.6
2005-12-19,11.19,8.954,16.451,24.233,420.6
2005-12-20,0.0,9.75,15.174,24.389,364.8
2005-12-21,0.183,8.917,16.969,24.628,358.7
2005-12-22,22.365,8.839,16.382,24.101,430.5
2005-12-23,5.53,8.702,16.976,24.333,450.2
2005-12-24,8.258,9.238,16.299,24.514,463.7
2005-12-25,26.967,9.956,14.854,24.41,485.7
2005-12-26,10.773,8.352,17.087,23.958,480.7
2005-12-27,0.0,10.644,16.0,26.087,384.7
2005-12-28,0.0,10.387,15.882,25.656,356.9
2005-12-29,0.174,9.272,15.674,24.052,357.4
2005-12-30,0.0,9.165,16.851,24.771,218.8
2005-12-31,0.0,11.005,15.434,26.153,185.1
2006-01-01,0.0,9.201,17.493,25.257,312.2
2006-01-02,0.0,10.164,16.5,25.753,290.2
2006-01-03,4.581,9.166,17.424,25.118,204.9
2006-01-04,19.239,7.916,16.868,23.167,370.5
2006-01-05,0.0,7.629,16.41,22.497,251.3
2006-01-06,0.0,7.868,17.007,23.201,300.1
2006-01-07,0.0,6.978,16.788,21.958,382.9
2006-01-08,0.0,9.292,17.142,25.031,400.1
2006-01-09,0.0,9.698,16.528,25.125,352.0
2006-01-10,20.02,10.065,15.91,25.115,359.7
2006-01-11,10.889,8.973,17.372,24.767,258.2
2006-01-12,0.0,9.053,17.399,24.875,292.8
2006-01-13,24.181,10.676,16.083,25.965,342.7
2006-01-14,1.495,11.232,15.931,26.545,304.2
2006-01-15,21.669,8.091,17.431,23.708,393.9
2006-01-16,0.0,9.38,17.177,25.049,200.9
2006-01-17,7.041,11.165,15.413,26.024,310.5
2006-01-18,36.579,10.052,15.774,24.84,421.1
2006-01-19,0.0,9.62,16.781,24.983,328.6
2006-01-20,0.0,9.78,16.267,24.851,287.5
2006-01-21,0.0,10.192,16.035,25.111,295.7
2006-01-22,0.0,11.328,15.833,26.399,185.5
2006-01-23,0.151,10.076,16.451,25.257,257.4
2006-01-24,4.04,10.041,16.208,24.986,280.1
2006-01-25,11.005,10.596,17.056,26.264,296.6
2006-01-26,6.598,10.454,16.556,25.701,290.6
2006-01-27,41.272,7.525,17.899,23.233,299.0
2006-01-28,16.744,10.467,17.642,26.451,261.5
2006-01-29,39.439,10.172,15.948,24.868,452.1
2006-01-30,0.171,12.014,15.847,27.042,297.9
2006-01-31,20.613,10.652,17.042,26.153,382.8
2006-02-01,19.635,8.909,17.215,24.167,368.4
2006-02-02,25.535,9.672,16.913,24.83,442.3
2006-02-03,14.807,8.889,17.035,24.024,487.2
2006-02-04,30.844,9.436,15.622,23.59,808.5
2006-02-05,30.192,7.223,16.861,21.924,369.8
2006-02-06,23.691,10.334,16.681,25.354,384.2
2006-02-07,0.0,9.466,17.281,24.74,395.2
2006-02-08,0.0,9.111,17.656,24.587,400.6
2006-02-09,0.0,9.693,17.191,24.917,234.3
2006-02-10,0.0,9.791,17.816,25.479,322.1
2006-02-11,0.0,12.631,15.91,27.503,333.4
2006-02-12,3.799,11.793,16.194,26.674,338.0
2006-02-13,8.675,9.33,17.368,24.542,381.3
2006-02-14,0.0,10.087,17.167,25.24,317.6
2006-02-15,0.0,11.887,16.104,26.583,295.3
2006-02-16,0.0,11.103,15.889,25.514,304.6
2006-02-17,0.254,10.487,16.878,25.441,304.0
2006-02-18,0.109,11.423,17.021,26.608,277.2
2006-02-19,13.014,10.711,17.962,26.41,349.3
2006-02-20,0.0,10.476,16.903,25.344,295.3
2006-02-21,0.0,11.586,16.153,26.118,202.4
2006-02-22,0.0,11.788,15.712,26.028,233.7
2006-02-23,0.0,13.216,14.924,27.188,219.7
2006-02-24,0.0,13.268,14.927,27.222,162.5
2006-02-25,0.0,12.356,15.646,26.594,155.6
2006-02-26,18.629,10.949,17.229,25.99,327.0
2006-02-27,5.149,8.383,16.062,22.233,308.1
2006-02-28,0.168,11.483,15.986,25.715,237.3
2006-03-01,0.0,12.821,16.476,27.583,228.6
2006-03-02,3.697,13.467,16.312,28.219,228.0
2006-03-03,43.145,12.363,16.819,27.25,239.1
2006-03-04,0.125,11.697,17.611,27.007,246.7
2006-03-05,0.0,10.849,17.969,26.316,280.6
2006-03-06,33.99,9.696,17.757,24.844,352.5
2006-03-07,26.892,9.218,17.788,24.344,432.1
2006-03-08,3.001,8.773,17.33,23.472,373.4
2006-03-09,16.684,8.822,17.438,23.66,467.1
2006-03-10,12.586,11.297,17.087,26.083,484.7
2006-03-11,0.0,12.73,14.0,25.632,346.8
2006-03-12,22.537,11.535,15.191,25.035,400.9
2006-03-13,7.972,11.35,16.562,25.729,238.6
2006-03-14,0.796,11.015,18.045,26.41,301.5
2006-03-15,7.878,9.521,18.028,24.733,376.8
2006-03-16,0.0,10.099,17.274,24.809,311.8
2006-03-17,19.243,10.514,16.448,24.694,383.9
2006-03-18,1.708,9.755,16.802,24.08,358.6
2006-03-19,4.196,10.847,16.976,25.434,260.3
2006-03-20,17.015,9.976,17.233,24.639,250.2
2006-03-21,0.0,11.718,17.253,26.559,270.2
2006-03-22,22.122,10.037,17.069,24.556,486.2
2006-03-23,21.081,10.734,17.243,25.448,285.6
2006-03-24,33.26,7.931,17.826,22.899,415.4
2006-03-25,24.249,8.637,16.854,22.878,485.5
2006-03-26,7.165,10.168,16.524,24.292,384.1
2006-03-27,0.0,9.685,17.413,24.427,342.6
2006-03-28,10.448,11.818,16.896,26.406,325.3
2006-03-29,0.0,12.093,15.816,25.944,307.4
2006-03-30,19.992,12.055,17.417,27.031,361.7
2006-03-31,28.445,10.934,17.181,25.628,446.3
2006-04-01,4.559,12.24,16.868,26.882,273.3
2006-04-02,51.451,10.802,16.67,25.104,437.4
2006-04-03,0.0,10.967,16.983,25.514,343.9
2006-04-04,10.516,8.354,16.802,22.493,385.7
2006-04-05,12.196,7.254,17.479,21.99,454.7
2006-04-06,2.578,10.954,17.135,25.622,394.1
2006-04-07,15.966,9.531,16.566,23.615,331.9
2006-04-08,0.0,12.177,16.247,26.375,352.5
2006-04-09,19.532,10.437,17.146,25.104,464.1
2006-04-10,25.678,11.491,15.899,25.351,321.9
2006-04-11,23.72,11.218,17.656,26.306,495.5
2006-04-12,25.291,6.975,17.299,21.535,422.0
2006-04-13,3.872,8.749,16.861,23.017,388.7
2006-04-14,7.969,7.503,16.705,21.594,437.2
2006-04-15,0.0,9.605,17.618,24.538,371.4
2006-04-16,1.092,9.405,18.052,24.667,250.5
2006-04-17,0.0,10.47,17.125,25.125,244.8
2006-04-18,9.263,9.517,17.944,24.698,302.2
2006-04-19,32.307,10.9,17.347,25.837,343.2
2006-04-20,0.432,11.295,17.278,26.17,292.4
2006-04-21,4.532,11.664,17.003,26.444,272.5
2006-04-22,2.072,11.879,16.705,26.458,233.8
2006-04-23,30.129,8.795,17.156,23.337,194.0
2006-04-24,5.268,9.522,17.667,24.517,167.7
2006-04-25,19.658,10.324,17.774,25.507,284.7
2006-04-26,17.241,7.381,17.84,22.424,344.0
2006-04-27,14.324,9.928,17.708,25.069,390.4
2006-04-28,15.389,9.509,17.424,24.389,384.1
2006-04-29,4.677,9.584,17.069,24.226,356.7
2006-04-30,28.921,9.482,17.656,24.576,469.3
2006-05-01,0.842,10.392,17.181,25.26,249.0
2006-05-02,21.559,9.185,17.698,24.295,262.0
2006-05-03,1.001,9.794,17.785,25.09,224.3
2006-05-04,35.707,10.642,18.135,26.222,305.4
2006-05-05,48.678,8.223,17.774,23.333,534.3
2006-05-06,14.72,9.292,18.108,24.778,338.0
2006-05-07,22.16,8.736,18.358,24.399,490.0
2006-05-08,18.841,9.554,18.201,25.139,329.3
2006-05-09,31.299,7.04,18.014,22.354,634.0
2006-05-10,28.166,8.594,17.618,23.681,588.8
2006-05-11,4.329,8.191,18.503,23.972,462.6
2006-05-12,12.342,9.68,18.299,25.378,429.9
2006-05-13,12.335,9.725,18.26,25.434,404.5
2006-05-14,6.795,11.287,17.462,26.639,279.2
2006-05-15,0.0,12.667,15.865,27.174,289.1
2006-05-16,12.919,10.982,17.16,26.108,334.2
2006-05-17,35.191,8.97,17.472,24.049,393.4
2006-05-18,0.295,8.839,17.868,24.233,249.5
2006-05-19,15.496,8.12,17.896,23.497,241.4
2006-05-20,1.013,9.801,16.236,24.142,316.4
2006-05-21,25.324,10.285,17.094,25.344,332.2
2006-05-22,0.0,12.723,16.052,27.479,316.6
2006-05-23,2.663,12.594,15.611,27.087,325.0
2006-05-24,3.114,10.577,16.962,25.597,202.1
2006-05-25,0.0,11.985,16.358,26.851,168.8
2006-05-26,7.574,10.815,16.712,25.712,199.6
2006-05-27,7.111,11.182,16.125,25.747,164.0
2006-05-28,2.481,10.541,16.375,25.198,151.0
2006-05-29,22.084,8.356,17.049,23.167,177.8
2006-05-30,0.265,9.83,17.542,25.257,145.7
2006-05-31,12.089,11.116,17.622,26.788,174.2
2006-06-01,17.567,9.204,17.781,24.688,232.0
2006-06-02,28.354,9.698,16.372,24.212,283.7
2006-06-03,36.004,9.816,17.208,25.049,451.0
2006-06-04,10.258,10.176,17.191,25.417,318.7
2006-06-05,35.923,9.786,16.677,24.594,434.7
2006-06-06,22.369,8.68,16.378,23.122,272.6
2006-06-07,7.322,8.491,16.132,22.712,317.1
2006-06-08,4.143,8.708,16.969,23.604,325.5
2006-06-09,7.987,10.485,15.694,24.809,362.4
2006-06-10,15.752,7.7,16.833,22.344,415.9
2006-06-11,0.585,9.12,15.632,23.09,259.9
2006-06-12,4.893,11.11,15.722,25.556,221.8
2006-06-13,2.338,11.59,15.299,25.851,284.8
2006-06-14,17.234,9.839,16.938,24.906,321.8
2006-06-15,3.15,10.208,16.719,25.208,308.3
2006-06-16,4.833,10.074,16.892,25.16,344.5
2006-06-17,0.103,11.8,15.316,26.139,205.5
2006-06-18,0.031,11.27,15.462,25.583,263.8
2006-06-19,0.542,12.088,15.427,26.569,176.0
2006-06-20,7.51,11.758,16.083,26.615,200.4
2006-06-21,4.699,9.536,16.51,24.236,196.8
2006-06-22,0.0,12.416,14.764,26.562,163.5
2006-06-23,4.44,11.414,16.878,26.75,265.0
2006-06-24,3.969,11.619,15.719,26.219,169.0
2006-06-25,0.0,12.612,15.316,27.16,139.7
2006-06-26,0.232,13.01,16.622,28.503,132.5
2006-06-27,3.669,11.971,17.087,27.562,146.4
2006-06-28,1.185,11.784,15.99,26.576,133.0
2006-06-29,0.0,13.467,15.417,28.278,197.1
2006-06-30,0.0,12.787,16.785,28.34,129.0
2006-07-01,0.0,13.439,15.701,28.406,121.4
2006-07-02,0.0,13.126,16.031,28.226,125.0
2006-07-03,0.27,12.261,16.045,27.188,114.6
2006-07-04,1.275,11.201,17.34,26.778,113.0
2006-07-05,0.0,11.52,16.615,26.66,112.0
2006-07-06,0.0,12.877,15.875,27.802,126.6
2006-07-07,0.0,12.164,16.278,27.181,109.0
2006-07-08,0.0,12.27,16.319,27.319,107.0
2006-07-09,0.088,12.741,16.049,27.722,105.8
2006-07-10,1.204,13.27,15.941,28.285,105.8
2006-07-11,4.38,12.275,17.271,27.962,137.9
2006-07-12,0.0,13.49,15.646,28.354,218.4
2006-07-13,9.713,12.129,16.601,27.288,143.0
2006-07-14,12.35,12.274,16.521,27.444,113.3
2006-07-15,6.538,11.7,16.389,26.611,188.3
2006-07-16,2.045,12.472,16.472,27.601,111.8
2006-07-17,0.0,13.068,15.875,27.906,113.1
2006-07-18,6.649,12.235,17.198,27.785,210.6
2006-07-19,0.0,12.462,16.625,27.67,118.1
2006-07-20,0.207,13.394,15.028,27.719,105.8
2006-07-21,1.856,13.365,15.917,28.247,104.5
2006-07-22,11.196,10.924,16.983,26.035,108.4
2006-07-23,2.098,12.738,16.295,27.757,103.2
2006-07-24,0.0,12.405,16.278,27.299,105.2
2006-07-25,5.5,12.419,15.913,27.052,141.4
2006-07-26,3.061,12.203,15.722,26.622,111.4
2006-07-27,20.171,9.676,15.597,23.58,134.8
2006-07-28,18.08,6.825,16.562,21.031,177.3
2006-07-29,0.24,11.272,14.781,24.847,121.4
2006-07-30,6.852,11.596,16.91,26.701,103.4
2006-07-31,0.201,12.628,15.5,26.955,111.8
2006-08-01,1.967,13.281,14.983,27.372,105.0
2006-08-02,0.573,13.518,15.413,27.927,96.15
2006-08-03,0.0,13.513,14.194,27.122,94.52
2006-08-04,0.094,13.773,14.573,27.656,94.52
2006-08-05,0.116,13.699,15.274,27.99,94.52
2006-08-06,0.0,13.99,14.847,28.052,92.35
2006-08-07,2.699,11.913,16.156,26.424,90.91
2006-08-08,2.491,12.098,16.316,26.733,89.46
2006-08-09,9.396,12.75,16.625,27.715,90.1
2006-08-10,0.0,14.299,16.899,29.688,88.27
2006-08-11,12.995,11.615,17.194,26.712,101.3
2006-08-12,3.314,13.948,15.354,28.257,89.46
2006-08-13,0.0,14.939,14.872,29.087,87.51
2006-08-14,0.0,14.782,15.16,29.073,85.67
2006-08-15,8.821,12.619,16.115,27.115,90.79
2006-08-16,2.753,12.393,16.604,27.181,97.17
2006-08-17,21.189,11.351,17.083,26.288,118.3
2006-08-18,24.42,8.309,17.51,23.194,191.5
2006-08-19,0.0,12.494,16.601,27.243,109.7
2006-08-20,8.501,13.577,16.931,28.726,95.52
2006-08-21,21.739,12.558,16.951,27.566,113.0
2006-08-22,0.0,14.582,15.104,28.688,94.61
2006-08-23,4.138,14.293,15.955,28.851,110.4
2006-08-24,33.812,11.982,17.302,27.108,229.2
2006-08-25,3.312,11.023,16.531,25.455,129.6
2006-08-26,16.843,9.427,16.924,23.903,220.4
2006-08-27,0.647,10.369,16.493,24.681,307.3
2006-08-28,1.445,12.129,16.688,26.792,167.3
2006-08-29,8.426,12.987,16.927,27.969,133.5
2006-08-30,15.554,12.731,16.368,27.285,126.2
2006-08-31,0.0,13.312,16.267,27.882,110.9
2006-09-01,14.441,12.668,16.941,27.535,193.5
2006-09-02,4.004,12.751,17.656,28.181,145.2
2006-09-03,13.204,13.152,16.941,28.139,209.8
2006-09-04,22.581,12.336,16.323,26.75,190.9
2006-09-05,0.0,12.091,17.073,26.986,160.3
2006-09-06,13.807,12.529,17.531,27.84,145.6
2006-09-07,21.857,10.447,17.58,25.483,181.3
2006-09-08,8.457,11.928,16.896,26.698,160.0
2006-09-09,18.323,12.716,16.184,27.069,236.9
2006-09-10,0.263,14.331,16.799,29.378,180.6
2006-09-11,22.106,12.783,16.406,27.337,272.5
2006-09-12,0.847,13.202,16.792,28.066,193.5
2006-09-13,25.767,11.167,17.632,26.33,289.2
2006-09-14,0.0,13.18,16.851,28.066,204.3
2006-09-15,18.64,12.065,16.212,26.392,267.1
2006-09-16,5.826,13.276,16.618,28.069,202.0
2006-09-17,7.493,10.455,17.115,25.184,215.1
2006-09-18,7.244,10.096,17.003,24.677,206.0
2006-09-19,6.137,11.872,16.503,26.361,168.7
2006-09-20,9.852,13.297,17.382,28.611,253.0
2006-09-21,3.135,13.544,16.906,28.59,194.8
2006-09-22,17.538,13.273,17.656,28.788,242.4
2006-09-23,0.122,14.106,16.566,29.017,179.3
2006-09-24,21.64,12.61,16.49,27.243,195.1
2006-09-25,0.986,13.678,15.858,28.083,163.2
2006-09-26,8.239,14.452,16.441,29.403,191.8
2006-09-27,0.0,15.766,15.705,30.451,156.5
2006-09-28,0.0,15.979,15.365,30.5,145.4
2006-09-29,8.239,13.557,16.753,28.628,164.2
2006-09-30,6.375,13.063,17.354,28.417,135.2
2006-10-01,14.245,12.418,17.243,27.618,141.5
2006-10-02,12.968,11.274,17.819,26.698,201.5
2006-10-03,5.046,9.452,18.715,25.451,155.3
2006-10-04,17.827,10.383,17.351,25.417,200.7
2006-10-05,0.345,12.305,18.385,28.361,159.3
2006-10-06,0.0,13.285,18.087,29.288,139.8
2006-10-07,1.228,13.077,17.771,28.906,127.8
2006-10-08,5.961,13.103,17.549,28.736,121.1
2006-10-09,16.532,11.719,17.545,27.198,150.6
2006-10-10,38.352,12.424,17.608,28.024,214.7
2006-10-11,23.943,8.801,18.201,24.378,240.8
2006-10-12,6.242,9.681,17.358,24.812,173.9
2006-10-13,39.49,8.537,16.951,23.208,298.2
2006-10-14,8.479,8.838,17.792,24.163,213.4
2006-10-15,32.908,8.916,17.267,23.892,299.3
2006-10-16,1.882,9.449,16.292,23.771,232.8
2006-10-17,6.175,6.453,16.872,20.944,234.5
2006-10-18,0.0,11.972,15.517,26.267,314.5
2006-10-19,24.693,8.35,16.976,23.09,368.2
2006-10-20,42.89,9.522,17.146,24.566,624.2
2006-10-21,0.0,10.72,16.84,25.733,273.1
2006-10-22,1.523,9.097,18.427,25.08,358.8
2006-10-23,43.672,9.295,16.208,23.747,442.9
2006-10-24,6.564,12.845,14.767,27.014,353.2
2006-10-25,0.0,11.724,16.76,27.017,300.0
2006-10-26,31.967,10.539,16.576,25.552,469.3
2006-10-27,0.212,11.615,16.764,26.927,306.6
2006-10-28,29.278,10.128,17.045,25.344,423.9
2006-10-29,13.602,10.666,16.76,25.809,474.0
2006-10-30,23.527,8.373,17.694,23.844,387.6
2006-10-31,26.252,9.475,17.372,24.885,403.7
2006-11-01,2.304,8.472,18.097,24.312,311.5
2006-11-02,0.0,9.453,17.396,24.91,277.2
2006-11-03,0.0,9.314,18.406,25.535,265.8
2006-11-04,0.0,11.303,17.451,27.24,223.1
2006-11-05,30.278,10.777,16.309,25.795,325.5
2006-11-06,5.403,9.995,16.67,25.149,318.8
2006-11-07,3.439,9.701,16.628,24.74,298.1
2006-11-08,40.516,5.908,17.833,21.385,435.4
2006-11-09,24.937,8.268,16.837,23.26,344.6
2006-11-10,18.941,8.791,18.142,24.861,570.0
2006-11-11,16.667,11.184,16.215,26.392,363.6
2006-11-12,23.993,8.86,17.108,24.201,547.4
2006-11-13,7.597,8.524,16.222,23.156,332.4
2006-11-14,40.496,7.554,16.698,22.41,448.0
2006-11-15,21.745,7.015,16.941,21.969,327.6
2006-11-16,12.199,7.647,16.729,22.583,321.1
2006-11-17,8.904,8.662,16.278,23.41,280.6
2006-11-18,1.617,10.399,14.729,24.538,273.9
2006-11-19,5.7,9.612,15.625,24.191,256.9
2006-11-20,43.818,9.819,16.767,25.306,339.2
2006-11-21,36.679,9.048,17.431,24.854,412.8
2006-11-22,6.597,9.593,17.066,25.271,351.8
2006-11-23,9.311,9.765,17.545,25.868,315.9
2006-11-24,23.515,8.681,16.677,23.906,327.8
2006-11-25,19.545,9.402,16.5,24.677,278.7
2006-11-26,19.79,10.183,16.271,25.5,346.5
2006-11-27,0.0,9.66,17.087,25.458,257.1
2006-11-28,10.205,9.702,16.733,25.243,306.3
2006-11-29,11.324,9.362,17.58,25.483,429.2
2006-11-30,7.48,10.659,17.08,26.753,429.7
2006-12-01,0.0,12.188,15.319,27.524,278.5
2006-12-02,33.25,9.728,17.024,25.549,264.8
2006-12-03,10.944,10.314,16.677,26.056,405.5
2006-12-04,0.0,9.106,18.319,25.75,306.9
2006-12-05,15.915,8.048,18.674,24.757,442.9
2006-12-06,6.907,8.193,18.625,24.903,390.8
2006-12-07,9.602,9.227,16.302,24.42,388.6
2006-12-08,0.0,9.66,15.861,24.705,273.9
2006-12-09,38.374,7.707,18.156,23.979,455.8
2006-12-10,2.472,8.68,16.833,24.174,397.2
2006-12-11,12.123,8.58,18.628,25.406,396.2
2006-12-12,64.492,7.709,17.309,23.33,514.1
2006-12-13,0.0,8.59,16.399,23.785,361.6
2006-12-14,0.0,7.251,17.747,23.125,304.5
2006-12-15,1.082,9.322,17.58,25.528,368.4
2006-12-16,0.0,7.683,17.927,23.806,376.8
2006-12-17,0.0,10.16,15.872,25.417,281.8
2006-12-18,14.66,10.269,15.538,25.326,327.2
2006-12-19,5.954,10.133,16.587,25.851,323.5
2006-12-20,24.582,6.981,17.601,22.701,376.1
2006-12-21,0.0,9.062,17.122,24.868,364.8
2006-12-22,17.06,10.284,16.347,25.913,375.5
2006-12-23,3.687,9.575,17.222,25.628,359.3
2006-12-24,0.644,10.731,16.549,26.594,247.6
2006-12-25,10.559,9.97,16.517,25.594,365.7
2006-12-26,1.834,8.988,16.736,24.448,226.2
2006-12-27,11.273,9.333,16.465,24.698,375.1
2006-12-28,0.383,10.139,16.99,26.122,309.2
2006-12-29,0.0,10.998,16.493,26.903,300.2
2006-12-30,0.0,12.513,13.997,27.201,306.1
2006-12-31,24.435,11.597,15.344,26.847,230.0
2007-01-01,0.0,11.208,15.694,26.58,187.9
2007-01-02,2.17,11.14,15.306,26.201,329.6
2007-01-03,0.0,11.442,16.066,27.09,308.3
2007-01-04,7.466,11.282,16.08,26.875,197.3
2007-01-05,3.978,12.152,15.347,27.507,225.2
2007-01-06,20.34,10.699,16.438,26.351,308.5
2007-01-07,0.488,9.69,17.354,25.726,243.5
2007-01-08,0.0,11.055,17.17,27.288,174.2
2007-01-09,13.759,6.713,18.715,23.226,333.1
2007-01-10,9.563,8.728,18.188,25.104,311.5
2007-01-11,0.0,10.639,16.434,26.194,349.4
2007-01-12,0.0,10.456,17.153,26.413,411.0
2007-01-13,15.478,8.423,18.802,25.153,425.2
2007-01-14,0.0,8.686,19.01,25.601,393.0
2007-01-15,0.0,10.388,18.83,27.469,376.0
2007-01-16,0.65,11.373,17.507,27.715,429.7
2007-01-17,12.066,10.004,18.115,26.455,387.7
2007-01-18,9.756,9.66,18.222,26.111,341.6
2007-01-19,31.375,9.382,18.181,25.726,619.7
2007-01-20,0.0,11.245,16.736,26.965,472.7
2007-01-21,2.244,10.956,17.483,27.083,394.2
2007-01-22,6.105,11.339,17.955,27.844,399.1
2007-01-23,37.984,12.233,16.91,28.226,395.9
2007-01-24,0.0,12.759,16.944,28.865,343.7
2007-01-25,34.53,9.928,17.76,25.906,474.4
2007-01-26,19.114,6.663,18.517,22.792,492.9
2007-01-27,10.376,10.355,18.431,26.875,481.8
2007-01-28,0.0,12.634,16.521,28.34,383.1
2007-01-29,0.0,13.375,15.51,28.549,343.9
2007-01-30,0.0,12.161,16.413,27.608,326.0
2007-01-31,0.0,12.232,17.243,28.208,357.6
2007-02-01,0.0,13.932,16.427,29.729,312.5
2007-02-02,0.0,14.772,15.91,30.399,294.9
2007-02-03,0.168,15.034,14.736,29.958,289.7
2007-02-04,0.0,15.137,13.812,29.486,168.9
2007-02-05,0.0,14.173,14.868,28.896,147.8
2007-02-06,0.0,14.434,14.229,28.785,141.3
2007-02-07,0.108,12.886,15.062,27.347,138.7
2007-02-08,0.0,13.486,15.837,28.545,133.9
2007-02-09,0.158,12.691,16.743,28.146,245.5
2007-02-10,2.185,12.02,18.493,28.507,161.0
2007-02-11,36.886,13.521,17.049,29.302,176.7
2007-02-12,0.0,13.023,15.91,27.92,228.4
2007-02-13,0.0,13.282,17.653,29.344,269.2
2007-02-14,0.959,11.487,18.774,27.99,166.9
2007-02-15,0.384,9.864,18.191,25.688,136.3
2007-02-16,5.768,9.532,18.399,25.458,131.3
2007-02-17,0.097,10.592,16.927,25.538,133.4
2007-02-18,0.0,11.467,16.556,26.309,121.5
2007-02-19,0.0,9.595,17.451,24.753,144.3
2007-02-20,0.0,12.213,16.41,27.028,242.9
2007-02-21,0.446,12.642,16.833,27.802,145.2
2007-02-22,0.285,14.098,15.146,28.406,223.6
2007-02-23,0.0,14.912,15.455,29.542,142.3
2007-02-24,0.0,15.704,13.958,29.531,108.9
2007-02-25,0.0,12.452,16.628,27.347,107.1
2007-02-26,0.0,14.382,16.486,29.472,104.1
2007-02-27,0.0,15.021,16.115,29.958,100.3
2007-02-28,0.0,15.076,16.135,29.993,146.2
2007-03-01,0.138,14.485,18.111,30.569,115.2
2007-03-02,0.0,14.654,17.007,30.028,97.68
2007-03-03,0.0,14.577,17.951,30.542,100.1
2007-03-04,11.193,11.795,18.66,27.872,147.2
2007-03-05,2.709,11.741,17.247,26.819,104.9
2007-03-06,12.081,12.109,16.431,26.635,111.0
2007-03-07,14.709,11.849,17.368,26.927,145.5
2007-03-08,2.779,11.184,17.743,26.448,242.2
2007-03-09,35.789,11.21,18.229,26.806,182.0
2007-03-10,5.784,12.318,18.292,28.08,128.2
2007-03-11,7.87,12.978,17.747,28.431,109.4
2007-03-12,10.296,12.908,17.549,28.215,156.0
2007-03-13,24.318,12.418,17.812,27.823,182.4
2007-03-14,11.764,11.681,18.674,27.632,281.4
2007-03-15,2.416,10.36,18.031,25.663,235.6
2007-03-16,8.118,10.047,17.441,24.865,320.1
2007-03-17,13.518,11.132,16.163,25.181,229.4
2007-03-18,6.945,9.795,17.83,24.882,302.8
2007-03-19,2.812,10.446,17.729,25.51,181.3
2007-03-20,25.893,11.759,18.066,27.194,230.9
2007-03-21,24.982,11.169,18.903,27.128,164.2
2007-03-22,17.635,8.888,17.573,23.701,236.7
2007-03-23,0.226,9.79,17.097,24.299,301.4
2007-03-24,27.136,10.289,17.125,24.872,243.4
2007-03-25,22.553,7.224,18.312,22.587,194.9
2007-03-26,1.339,9.629,17.427,24.358,224.2
2007-03-27,26.338,7.244,18.111,22.41,335.6
2007-03-28,0.0,9.475,17.774,24.465,322.4
2007-03-29,42.383,8.53,17.347,23.16,531.6
2007-03-30,5.419,11.582,16.233,25.712,392.8
2007-03-31,60.459,10.108,17.368,24.826,600.4
2007-04-01,0.0,11.753,17.965,27.062,277.4
2007-04-02,44.258,9.827,18.115,25.062,414.1
2007-04-03,10.369,11.056,17.785,26.184,377.2
2007-04-04,43.913,9.607,17.792,24.611,533.8
2007-04-05,14.547,8.863,18.372,24.26,452.7
2007-04-06,3.281,9.927,17.774,24.924,341.1
2007-04-07,2.823,10.764,18.674,26.538,356.6
2007-04-08,19.637,10.314,17.222,24.951,399.8
2007-04-09,22.198,12.164,16.142,26.288,342.9
2007-04-10,8.145,12.209,16.726,26.729,318.7
2007-04-11,10.044,12.069,16.618,26.503,361.4
2007-04-12,0.16,12.286,17.767,27.601,293.5
2007-04-13,9.115,12.699,17.521,27.924,334.5
2007-04-14,29.963,12.121,16.712,26.684,355.5
2007-04-15,3.316,13.716,15.76,27.875,309.8
2007-04-16,12.494,10.835,17.014,25.444,362.9
2007-04-17,0.0,12.429,16.75,27.066,335.7
2007-04-18,31.798,10.053,18.149,25.441,396.7
2007-04-19,2.608,10.64,17.361,25.542,281.6
2007-04-20,36.938,7.728,17.295,22.323,400.1
2007-04-21,0.0,10.107,17.694,25.142,242.8
2007-04-22,29.61,9.669,17.101,24.288,320.1
2007-04-23,1.981,10.991,17.316,25.903,279.5
2007-04-24,43.499,11.492,17.392,26.524,331.1
2007-04-25,40.411,8.871,17.74,23.92,445.8
2007-04-26,10.537,9.174,18.0,24.476,352.0
2007-04-27,25.521,10.391,17.188,25.194,453.3
2007-04-28,0.0,11.862,16.896,26.653,437.7
2007-04-29,24.977,9.807,17.622,24.906,378.7
2007-04-30,0.214,11.256,17.861,26.708,365.3
2007-05-01,21.888,9.98,17.726,25.16,577.1
2007-05-02,15.757,11.028,16.743,25.66,418.4
2007-05-03,1.202,8.744,18.094,24.101,433.4
2007-05-04,0.0,9.12,17.917,24.41,396.3
2007-05-05,4.335,11.551,17.153,26.594,325.4
2007-05-06,17.968,10.551,17.816,25.969,270.3
2007-05-07,24.798,11.074,17.788,26.524,523.2
2007-05-08,31.02,8.951,18.042,24.344,898.6
2007-05-09,0.151,10.394,18.503,26.302,365.9
2007-05-10,26.685,9.755,18.253,25.413,559.9
2007-05-11,0.0,12.167,17.816,27.823,293.3
2007-05-12,7.772,11.218,18.299,27.108,389.0
2007-05-13,3.465,11.75,16.993,26.809,373.1
2007-05-14,0.93,12.128,16.865,27.205,381.1
2007-05-15,7.752,12.037,17.858,27.806,381.5
2007-05-16,11.239,10.734,17.74,26.233,209.2
2007-05-17,16.6,11.344,17.712,26.903,417.3
2007-05-18,47.225,8.956,18.26,24.628,562.7
2007-05-19,3.318,10.535,17.517,25.885,274.4
2007-05-20,21.465,10.671,17.712,26.205,452.2
2007-05-21,28.228,8.915,18.01,24.479,557.2
2007-05-22,47.968,9.97,17.562,25.319,520.0
2007-05-23,0.0,9.971,16.583,24.622,326.9
2007-05-24,10.937,9.53,16.92,24.368,309.7
2007-05-25,14.998,10.606,16.444,25.264,348.0
2007-05-26,26.196,8.639,16.948,23.365,402.2
2007-05-27,8.868,10.12,17.076,25.25,285.6
2007-05-28,25.199,10.293,17.125,25.424,301.6
2007-05-29,18.071,7.622,16.837,22.181,401.2
2007-05-30,0.087,9.742,17.198,24.91,348.8
2007-05-31,29.089,9.503,16.434,24.045,394.9
2007-06-01,12.741,9.215,16.552,23.83,262.5
2007-06-02,3.444,9.103,16.413,23.583,384.8
2007-06-03,0.0,7.76,16.767,22.389,282.7
2007-06-04,1.153,10.707,16.056,25.236,279.2
2007-06-05,29.002,9.755,17.507,25.191,283.3
2007-06-06,0.159,12.152,15.444,26.611,264.1
2007-06-07,9.709,10.976,16.75,26.104,293.5
2007-06-08,0.143,10.329,17.378,25.792,204.8
2007-06-09,14.724,10.674,17.087,25.969,204.8
2007-06-10,6.756,10.706,16.608,25.694,185.7
2007-06-11,0.0,10.652,16.375,25.458,172.6
2007-06-12,0.158,12.718,16.441,27.997,176.8
2007-06-13,0.0,13.308,15.149,27.868,275.7
2007-06-14,0.0,11.822,15.462,26.264,255.5
2007-06-15,0.0,11.981,15.84,26.747,282.5
2007-06-16,0.0,11.723,15.486,26.174,271.5
2007-06-17,0.406,13.034,14.802,27.326,276.7
2007-06-18,7.574,12.321,16.205,27.375,266.6
2007-06-19,2.811,12.031,16.854,27.462,186.9
2007-06-20,0.0,10.651,17.639,26.368,144.4
2007-06-21,0.727,13.282,15.066,27.812,147.9
2007-06-22,6.417,10.999,16.823,26.219,185.7
2007-06-23,0.587,11.302,16.205,26.17,187.2
2007-06-24,0.0,11.045,16.656,26.16,170.0
2007-06-25,4.676,12.248,15.983,27.149,150.4
2007-06-26,0.0,11.928,15.698,26.562,212.2
2007-06-27,0.0,11.676,16.583,26.83,171.2
2007-06-28,1.137,10.918,16.219,25.684,146.3
2007-06-29,1.993,11.089,16.24,25.896,111.1
2007-06-30,0.907,12.27,15.465,26.826,109.8
2007-07-01,0.0,13.236,15.441,27.972,111.1
2007-07-02,0.0,12.709,16.038,27.736,111.1
2007-07-03,0.0,13.671,14.882,28.146,112.6
2007-07-04,0.0,14.494,14.292,28.785,129.6
2007-07-05,0.0,14.606,15.465,29.642,122.1
2007-07-06,0.0,13.571,15.747,28.549,114.4
2007-07-07,0.902,13.504,16.153,28.722,111.5
2007-07-08,9.653,11.891,17.42,27.642,119.2
2007-07-09,30.782,12.134,15.976,26.924,279.8
2007-07-10,3.243,11.846,17.385,27.538,142.6
2007-07-11,9.985,12.191,16.861,27.576,130.8
2007-07-12,0.96,12.141,17.441,27.91,124.8
2007-07-13,2.679,12.23,17.635,28.149,120.6
2007-07-14,13.659,12.253,16.913,27.698,175.9
2007-07-15,13.813,11.463,17.094,26.854,209.5
2007-07-16,11.505,12.013,16.26,26.924,145.4
2007-07-17,4.043,12.178,16.115,27.021,144.8
2007-07-18,19.266,12.349,16.236,27.295,138.0
2007-07-19,0.0,11.904,15.979,26.576,132.1
2007-07-20,26.506,11.333,15.67,25.628,304.1
2007-07-21,10.312,10.245,15.205,24.028,233.8
2007-07-22,10.659,8.804,16.24,23.083,256.7
2007-07-23,17.712,8.814,16.115,22.965,356.9
2007-07-24,19.778,10.771,16.535,25.528,252.9
2007-07-25,10.623,12.875,15.038,27.031,233.3
2007-07-26,5.991,11.875,17.611,27.597,188.4
2007-07-27,6.732,11.777,15.948,26.292,182.7
2007-07-28,7.754,11.852,16.181,26.535,165.3
2007-07-29,0.0,12.067,16.212,26.795,220.9
2007-07-30,0.0,12.86,15.062,26.955,180.9
2007-07-31,0.0,13.452,14.979,27.59,150.2
2007-08-01,0.28,12.012,15.844,26.427,148.2
2007-08-02,4.221,12.78,15.799,27.295,187.6
2007-08-03,5.844,11.716,16.16,26.236,277.9
2007-08-04,1.232,12.466,16.229,27.174,255.4
2007-08-05,7.308,10.766,16.771,25.552,167.8
2007-08-06,4.695,11.594,16.67,26.444,209.4
2007-08-07,20.693,11.411,15.531,25.434,207.6
2007-08-08,6.001,11.787,16.01,26.174,144.5
2007-08-09,5.341,10.113,16.562,24.59,154.0
2007-08-10,0.0,11.875,16.528,26.611,138.6
2007-08-11,16.145,11.558,16.104,25.951,134.8
2007-08-12,0.0,11.626,16.038,25.944,125.6
2007-08-13,13.482,12.379,16.83,27.378,146.9
2007-08-14,18.72,9.879,16.924,24.549,174.0
2007-08-15,2.502,10.872,16.74,25.569,154.0
2007-08-16,8.5,12.553,15.167,26.41,200.0
2007-08-17,22.147,10.313,17.497,25.413,266.5
2007-08-18,16.938,10.688,17.007,25.444,283.1
2007-08-19,7.548,11.829,16.451,26.41,264.5
2007-08-20,15.801,10.636,16.17,24.819,226.8
2007-08-21,3.662,10.351,16.115,24.42,190.0
2007-08-22,6.053,13.099,14.962,26.823,168.4
2007-08-23,11.542,12.707,15.208,26.549,147.5
2007-08-24,12.958,11.151,17.139,26.031,253.0
2007-08-25,30.868,7.119,16.253,20.896,273.0
2007-08-26,1.719,8.238,16.031,22.028,248.2
2007-08-27,13.416,10.422,16.472,24.701,313.2
2007-08-28,2.412,13.608,15.201,27.566,339.9
2007-08-29,28.297,11.34,16.448,25.792,345.7
2007-08-30,20.792,12.134,15.139,25.771,236.9
2007-08-31,30.394,12.442,15.649,26.441,386.5
2007-09-01,8.026,10.502,16.858,25.052,452.7
2007-09-02,0.0,11.385,16.656,25.941,198.3
2007-09-03,8.468,11.908,16.247,26.233,277.1
2007-09-04,6.998,10.986,15.75,24.823,197.2
2007-09-05,5.897,11.367,16.75,25.938,174.6
2007-09-06,0.0,13.489,15.955,27.851,164.0
2007-09-07,20.067,12.593,16.069,26.878,246.3
2007-09-08,8.728,12.94,15.913,27.163,195.0
2007-09-09,21.26,10.417,17.59,25.465,203.7
2007-09-10,0.0,14.051,15.354,28.115,162.1
2007-09-11,10.46,12.306,16.646,26.934,300.5
2007-09-12,2.001,13.963,15.444,28.062,164.9
2007-09-13,7.214,12.762,15.562,26.729,160.2
2007-09-14,7.231,11.453,17.948,26.882,152.7
2007-09-15,25.575,10.714,17.33,25.59,248.6
2007-09-16,24.283,10.865,16.229,24.969,244.4
2007-09-17,0.0,13.459,15.493,27.549,189.8
2007-09-18,4.314,13.347,17.233,28.542,193.2
2007-09-19,4.113,12.479,17.181,27.538,164.0
2007-09-20,25.07,13.332,15.931,27.684,188.6
2007-09-21,26.178,12.697,17.069,27.681,407.7
2007-09-22,7.305,13.474,16.906,28.521,227.4
2007-09-23,17.792,11.841,16.865,26.604,253.0
2007-09-24,11.453,10.852,15.99,24.885,245.8
2007-09-25,19.626,10.388,16.434,24.66,368.0
2007-09-26,13.766,10.47,16.958,25.156,308.6
2007-09-27,4.261,11.509,17.153,26.472,297.7
2007-09-28,4.461,13.081,16.875,28.101,424.2
2007-09-29,0.059,11.856,17.01,26.788,350.9
2007-09-30,10.283,13.437,15.514,27.625,337.2
2007-10-01,21.841,11.239,16.938,26.028,374.0
2007-10-02,0.0,13.786,16.469,28.708,230.3
2007-10-03,29.407,12.512,16.76,27.451,315.0
2007-10-04,21.423,12.182,17.104,27.281,540.6
2007-10-05,23.381,11.409,15.292,25.181,396.5
2007-10-06,3.667,10.11,16.556,24.538,456.7
2007-10-07,44.436,9.894,16.764,24.531,426.6
2007-10-08,0.925,10.915,16.007,25.177,360.0
2007-10-09,41.877,7.701,16.812,22.09,401.4
2007-10-10,1.765,11.937,14.778,25.552,312.5
2007-10-11,6.254,10.477,16.285,24.892,303.1
2007-10-12,33.116,9.335,15.781,23.188,511.4
2007-10-13,0.0,9.346,16.306,23.632,303.5
2007-10-14,0.282,9.563,17.778,24.951,372.2
2007-10-15,37.731,9.582,16.559,24.128,400.3
2007-10-16,4.486,10.536,16.726,25.372,338.5
2007-10-17,0.0,11.763,15.983,26.316,279.8
2007-10-18,48.572,7.636,17.837,22.927,343.6
2007-10-19,38.342,8.955,16.448,23.389,338.5
2007-10-20,13.127,7.92,16.257,22.069,372.5
2007-10-21,0.42,8.281,16.639,22.785,346.1
2007-10-22,23.14,9.75,16.444,24.34,458.7
2007-10-23,4.777,10.716,16.948,25.878,354.8
2007-10-24,35.854,8.526,16.503,23.003,353.9
2007-10-25,12.54,9.766,15.83,23.986,322.1
2007-10-26,24.821,8.476,17.128,23.434,399.4
2007-10-27,5.672,7.985,17.319,23.056,290.8
2007-10-28,13.503,8.465,16.569,23.062,339.1
2007-10-29,25.742,8.639,17.049,23.635,347.8
2007-10-30,24.611,8.154,16.545,22.719,442.2
2007-10-31,4.957,8.639,16.0,22.892,337.4
2007-11-01,51.774,8.355,16.653,23.056,569.7
2007-11-02,1.2,8.615,17.17,23.788,357.8
2007-11-03,0.0,9.382,17.299,24.781,310.2
2007-11-04,2.072,7.635,17.205,22.729,318.1
2007-11-05,0.0,10.507,16.66,25.708,282.0
2007-11-06,26.276,9.22,17.538,24.826,375.1
2007-11-07,11.938,8.051,16.753,22.896,516.9
2007-11-08,27.823,9.858,16.42,24.826,622.9
2007-11-09,16.983,5.424,17.698,20.795,497.5
2007-11-10,3.327,9.349,15.125,23.34,427.5
2007-11-11,14.381,8.079,17.024,23.205,423.8
2007-11-12,21.611,8.374,17.611,24.007,513.2
2007-11-13,32.266,9.355,16.865,24.677,622.6
2007-11-14,11.305,9.614,17.681,25.552,550.2
2007-11-15,0.0,10.272,17.052,25.941,409.9
2007-11-16,5.201,10.114,16.951,25.698,468.0
2007-11-17,7.547,9.362,16.701,24.622,385.5
2007-11-18,0.0,10.45,16.167,25.615,320.0
2007-11-19,0.0,11.588,15.021,26.312,319.5
2007-11-20,0.0,12.681,14.201,27.205,326.0
2007-11-21,2.316,10.832,15.417,25.642,298.0
2007-11-22,42.637,9.907,16.944,25.552,617.9
2007-11-23,21.492,8.771,16.399,23.788,594.4
2007-11-24,0.0,9.455,16.191,24.51,412.2
2007-11-25,13.983,9.781,16.74,25.302,396.3
2007-11-26,0.0,11.825,16.028,27.441,324.5
2007-11-27,0.103,11.072,15.847,26.358,369.0
2007-11-28,39.627,8.961,16.875,24.434,478.3
2007-11-29,8.341,8.632,16.993,24.125,372.4
2007-11-30,2.089,7.73,17.361,23.295,348.9
2007-12-01,0.0,7.686,16.288,22.469,385.6
2007-12-02,0.0,8.125,16.635,23.247,272.5
2007-12-03,0.0,6.893,17.056,22.09,245.4
2007-12-04,0.0,8.279,15.733,22.83,333.6
2007-12-05,0.0,9.374,14.729,23.576,344.2
2007-12-06,0.0,8.099,16.858,23.427,333.0
2007-12-07,0.0,9.104,16.559,24.49,327.6
2007-12-08,6.061,8.715,17.441,24.635,253.0
2007-12-09,13.804,8.439,17.663,24.493,224.5
2007-12-10,0.488,7.61,17.917,23.694,357.1
2007-12-11,13.996,7.954,16.965,23.351,409.8
2007-12-12,0.0,8.287,17.785,24.438,389.5
2007-12-13,0.0,7.749,17.625,23.653,363.9
2007-12-14,3.262,7.675,17.201,23.26,365.5
2007-12-15,29.335,6.509,17.385,21.986,331.2
2007-12-16,0.0,7.633,16.344,22.514,308.7
2007-12-17,4.761,7.121,16.646,22.135,347.8
2007-12-18,51.851,8.193,16.503,23.306,543.1
2007-12-19,3.653,7.064,17.128,22.448,464.4
2007-12-20,0.0,8.857,16.688,24.323,380.5
2007-12-21,0.134,8.754,16.969,24.378,292.0
2007-12-22,0.0,8.406,17.545,24.406,329.7
2007-12-23,2.281,8.561,17.306,24.42,345.3
2007-12-24,51.694,9.086,16.899,24.771,356.6
2007-12-25,38.648,9.458,16.59,25.003,309.3
2007-12-26,52.336,8.665,16.75,24.083,418.5
2007-12-27,18.584,8.994,16.691,24.465,444.8
2007-12-28,3.928,10.021,17.188,26.115,388.7
2007-12-29,25.446,9.703,16.865,25.49,374.4
2007-12-30,7.683,10.848,15.382,25.962,312.8
2007-12-31,0.0,10.7,15.882,26.076,348.2
2008-01-01,0.0,10.782,15.837,26.139,251.8
2008-01-02,0.0,8.966,17.271,24.872,312.7
2008-01-03,2.016,7.005,17.049,22.24,341.1
2008-01-04,8.171,9.377,16.344,24.635,314.0
2008-01-05,0.0,9.593,16.479,24.99,303.9
2008-01-06,1.407,10.699,16.948,26.701,294.7
2008-01-07,28.576,10.179,16.09,25.42,357.2
2008-01-08,16.962,9.815,16.257,25.08,247.7
2008-01-09,49.856,6.721,17.438,22.16,323.7
2008-01-10,0.26,7.383,17.264,22.788,372.4
2008-01-11,0.0,7.433,17.816,23.271,228.9
2008-01-12,0.0,9.177,16.944,24.691,185.5
2008-01-13,0.0,9.777,16.111,24.858,196.0
2008-01-14,0.244,8.873,17.75,24.889,206.0
2008-01-15,4.365,10.441,16.34,25.812,440.0
2008-01-16,41.909,8.027,16.715,23.069,330.2
2008-01-17,4.572,8.369,16.889,23.59,281.3
2008-01-18,0.0,10.069,16.41,25.299,255.5
2008-01-19,0.0,11.41,14.358,25.601,224.5
2008-01-20,2.997,12.064,14.288,26.365,294.3
2008-01-21,10.821,9.982,16.16,24.972,234.0
2008-01-22,0.0,11.56,15.778,26.646,255.9
2008-01-23,1.564,11.112,16.149,26.323,270.3
2008-01-24,4.163,11.166,16.552,26.639,319.9
2008-01-25,25.83,10.505,17.066,26.181,436.7
2008-01-26,7.74,9.367,17.781,25.253,373.6
2008-01-27,0.0,7.233,18.722,23.549,406.2
2008-01-28,0.0,9.37,16.997,24.656,247.7
2008-01-29,0.0,11.501,15.368,26.09,254.7
2008-01-30,0.0,10.342,16.441,25.361,190.8
2008-01-31,0.0,9.531,16.653,24.483,260.1
2008-02-01,0.0,8.738,17.028,23.816,286.5
2008-02-02,0.0,9.604,15.778,23.924,177.7
2008-02-03,0.0,10.005,15.163,23.934,252.0
2008-02-04,0.0,10.506,15.556,24.823,162.1
2008-02-05,0.0,11.629,14.948,25.778,227.8
2008-02-06,0.0,10.732,15.455,24.969,278.2
2008-02-07,9.219,11.25,15.462,25.597,277.8
2008-02-08,0.0,12.203,15.66,26.861,326.5
2008-02-09,0.0,10.654,15.781,25.024,285.2
2008-02-10,0.0,10.237,16.226,24.812,314.4
2008-02-11,0.171,10.023,16.642,24.83,185.7
2008-02-12,1.439,11.393,16.448,26.285,244.3
2008-02-13,35.691,11.719,16.639,26.795,226.4
2008-02-14,36.785,11.141,17.066,26.41,398.7
2008-02-15,23.07,12.081,16.771,27.292,417.1
2008-02-16,35.92,9.595,16.462,24.069,415.7
2008-02-17,33.343,8.813,16.149,22.927,289.0
2008-02-18,8.828,9.345,17.337,24.396,293.7
2008-02-19,67.807,8.239,16.125,22.236,418.6
2008-02-20,2.279,9.179,17.167,24.038,366.1
2008-02-21,34.779,8.334,17.153,23.073,343.7
2008-02-22,0.462,9.215,17.035,23.951,364.1
2008-02-23,0.0,10.608,17.253,25.712,276.7
2008-02-24,0.0,12.374,15.997,26.878,270.1
2008-02-25,20.89,10.114,16.399,24.514,308.1
2008-02-26,0.0,10.431,17.601,25.694,311.4
2008-02-27,0.0,9.613,17.587,24.757,281.8
2008-02-28,3.851,8.041,17.465,22.91,424.7
2008-02-29,0.0,11.578,16.84,26.406,318.6
2008-03-01,0.0,10.838,17.576,26.076,308.7
2008-03-02,2.575,11.415,17.299,26.472,349.7
2008-03-03,7.937,10.724,18.333,26.438,349.0
2008-03-04,20.047,9.066,17.431,23.917,310.2
2008-03-05,43.722,9.435,16.812,23.885,430.6
2008-03-06,6.766,8.779,16.08,22.538,285.0
2008-03-07,9.215,10.388,15.389,23.872,347.2
2008-03-08,8.587,9.471,17.212,24.132,391.0
2008-03-09,0.0,10.415,16.34,24.576,436.5
2008-03-10,3.995,8.757,17.562,23.622,359.1
2008-03-11,0.0,8.105,17.903,23.184,298.5
2008-03-12,0.0,9.021,17.066,23.493,282.8
2008-03-13,17.523,9.367,16.608,23.569,395.3
2008-03-14,32.596,6.518,16.382,20.378,404.4
2008-03-15,1.729,11.71,15.205,25.194,390.7
2008-03-16,0.0,13.115,14.403,26.278,241.5
2008-03-17,16.187,11.925,16.08,26.017,252.5
2008-03-18,0.0,12.698,14.344,25.712,204.0
2008-03-19,36.049,12.61,15.583,26.451,354.0
2008-03-20,3.519,12.127,16.458,26.517,326.2
2008-03-21,37.582,10.204,17.34,24.958,415.2
2008-03-22,7.502,11.374,16.868,25.882,316.5
2008-03-23,10.782,11.177,16.656,25.507,360.9
2008-03-24,21.156,12.097,15.809,25.958,480.0
2008-03-25,4.976,11.414,17.139,26.132,343.8
2008-03-26,27.708,12.87,16.278,27.167,360.7
2008-03-27,8.72,11.394,17.271,26.191,360.9
2008-03-28,23.21,10.668,17.226,25.361,454.7
2008-03-29,13.294,9.833,18.028,25.066,423.8
2008-03-30,35.495,9.121,18.101,24.323,451.8
2008-03-31,9.45,8.273,17.226,22.757,384.1
2008-04-01,6.722,7.477,16.84,21.615,347.4
2008-04-02,0.0,10.369,16.649,24.601,325.8
2008-04-03,1.446,10.842,15.542,24.316,300.4
2008-04-04,0.0,10.323,15.938,24.038,278.8
2008-04-05,7.385,10.843,15.965,24.653,261.3
2008-04-06,8.445,12.52,15.076,25.965,331.3
2008-04-07,26.682,10.294,16.549,24.451,394.3
2008-04-08,0.0,12.494,15.434,26.215,344.3
2008-04-09,27.597,9.853,16.764,24.104,390.4
2008-04-10,13.977,11.077,15.642,24.684,301.6
2008-04-11,14.212,10.153,16.74,24.42,419.1
2008-04-12,0.82,10.492,16.031,24.306,360.3
2008-04-13,30.665,8.045,16.736,22.16,299.9
2008-04-14,0.428,9.768,16.438,23.823,236.3
2008-04-15,16.723,11.942,16.132,26.104,281.7
2008-04-16,0.215,11.874,16.549,26.299,228.5
2008-04-17,0.565,12.087,16.198,26.326,267.2
2008-04-18,0.0,12.51,15.552,26.368,241.0
2008-04-19,1.305,11.999,16.264,26.267,175.9
2008-04-20,34.197,11.078,17.087,25.812,244.7
2008-04-21,29.74,9.908,17.694,24.969,222.7
2008-04-22,4.99,11.906,16.09,26.083,166.5
2008-04-23,22.409,9.309,17.076,23.875,262.9
2008-04-24,8.86,7.804,17.389,22.535,199.5
2008-04-25,26.977,8.836,16.861,23.253,215.6
2008-04-26,1.7,9.935,16.812,24.385,166.0
2008-04-27,60.984,7.502,17.552,22.365,315.2
2008-04-28,0.0,12.211,15.906,26.406,211.1
2008-04-29,30.145,12.557,17.229,27.705,370.0
2008-04-30,2.06,11.366,17.135,26.33,376.3
2008-05-01,15.933,9.062,17.392,23.889,392.1
2008-05-02,32.163,10.176,17.215,25.035,491.6
2008-05-03,9.921,8.364,17.333,23.156,357.8
2008-05-04,20.309,7.612,17.181,22.247,331.8
2008-05-05,4.093,9.91,16.469,24.222,342.1
2008-05-06,4.859,8.809,18.229,24.34,321.6
2008-05-07,0.0,11.695,15.965,25.976,367.4
2008-05-08,3.912,10.578,16.552,25.08,313.1
2008-05-09,0.0,10.343,16.941,25.122,234.5
2008-05-10,0.0,11.845,15.653,25.958,259.6
2008-05-11,3.158,11.925,15.882,26.226,267.6
2008-05-12,20.49,11.552,16.854,26.503,330.4
2008-05-13,5.879,11.74,16.5,26.493,209.2
2008-05-14,11.487,12.163,16.587,27.066,230.6
2008-05-15,21.475,11.78,16.483,26.545,219.8
2008-05-16,17.604,10.599,16.899,25.521,468.2
2008-05-17,21.149,8.454,17.451,23.479,369.6
2008-05-18,0.0,11.604,15.319,25.59,284.7
2008-05-19,23.679,8.583,18.184,24.194,341.1
2008-05-20,31.334,8.237,17.552,23.368,473.3
2008-05-21,5.825,9.817,16.903,24.688,348.6
2008-05-22,31.618,8.115,16.705,22.622,530.1
2008-05-23,39.569,8.259,17.42,23.288,378.4
2008-05-24,2.526,8.969,16.104,23.122,279.8
2008-05-25,15.516,8.786,17.01,23.587,298.9
2008-05-26,17.816,6.264,17.635,21.375,291.9
2008-05-27,19.688,8.267,16.615,22.708,413.9
2008-05-28,58.413,6.926,16.688,21.33,729.6
2008-05-29,17.437,9.714,16.108,24.056,669.8
2008-05-30,0.0,10.721,15.365,24.722,448.5
2008-05-31,8.761,11.243,15.851,25.726,396.4
2008-06-01,13.882,9.72,15.58,23.701,341.4
2008-06-02,12.447,9.38,17.431,24.684,375.3
2008-06-03,19.941,8.117,16.986,22.889,353.7
2008-06-04,0.0,10.249,15.337,24.194,291.7
2008-06-05,13.271,10.708,15.681,25.028,304.9
2008-06-06,6.998,9.194,16.51,23.844,328.7
2008-06-07,8.785,9.433,16.531,24.083,381.5
2008-06-08,9.952,9.385,15.997,23.674,313.0
2008-06-09,6.298,10.346,16.295,25.069,316.3
2008-06-10,10.645,9.331,16.243,23.774,312.3
2008-06-11,1.385,9.63,16.535,24.337,273.2
2008-06-12,9.341,10.288,17.038,25.493,282.1
2008-06-13,9.967,11.463,16.719,26.705,333.7
2008-06-14,24.166,10.169,16.153,24.729,265.5
2008-06-15,3.425,9.872,15.719,24.083,267.3
2008-06-16,18.186,10.301,16.309,25.028,326.8
2008-06-17,14.284,9.696,16.715,24.587,294.7
2008-06-18,10.945,10.257,15.927,24.708,312.3
2008-06-19,1.084,11.372,15.875,26.007,295.0
2008-06-20,7.464,12.119,16.403,27.285,411.2
2008-06-21,8.037,11.639,15.514,26.101,317.1
2008-06-22,6.579,9.786,16.701,24.66,273.5
2008-06-23,11.589,10.11,16.076,24.615,356.2
2008-06-24,11.739,10.731,15.566,25.024,277.6
2008-06-25,25.564,7.887,17.059,22.753,204.8
2008-06-26,0.173,10.375,17.465,25.927,216.2
2008-06-27,6.087,11.015,16.816,26.215,198.5
2008-06-28,2.705,9.401,16.774,24.257,188.3
2008-06-29,6.257,8.962,16.576,23.628,154.9
2008-06-30,1.326,11.529,15.337,25.809,143.9
2008-07-01,6.605,10.357,16.378,25.09,215.5
2008-07-02,9.709,9.775,15.951,24.09,166.9
2008-07-03,8.31,9.535,17.142,24.681,166.6
2008-07-04,6.613,10.179,16.819,25.194,147.7
2008-07-05,6.33,9.747,16.285,24.309,123.4
2008-07-06,8.704,9.972,17.646,25.542,141.8
2008-07-07,12.978,10.807,16.347,25.576,147.9
2008-07-08,21.006,10.303,16.184,24.833,162.7
2008-07-09,20.201,10.836,16.052,25.385,229.8
2008-07-10,5.222,8.604,16.556,23.132,258.2
2008-07-11,0.392,11.235,16.132,25.931,231.4
2008-07-12,4.046,10.899,16.465,25.722,214.3
2008-07-13,15.703,10.862,15.951,25.309,152.9
2008-07-14,2.376,10.321,15.75,24.531,169.3
2008-07-15,24.87,10.251,15.924,24.566,161.3
2008-07-16,17.345,9.126,15.972,23.233,237.5
2008-07-17,8.569,9.237,16.594,23.826,209.6
2008-07-18,12.24,10.722,15.913,25.073,241.2
2008-07-19,11.81,11.326,15.285,25.378,270.7
2008-07-20,0.992,11.198,16.486,26.038,172.6
2008-07-21,6.491,12.007,15.483,26.299,157.9
2008-07-22,0.263,11.464,15.167,25.413,153.0
2008-07-23,1.391,13.422,14.285,27.229,165.1
2008-07-24,0.0,13.216,15.108,27.469,174.9
2008-07-25,7.865,12.759,15.92,27.441,193.0
2008-07-26,14.844,11.745,16.083,26.34,152.8
2008-07-27,0.703,12.558,15.576,26.924,134.1
2008-07-28,13.743,10.816,17.174,25.99,155.8
2008-07-29,0.803,11.408,16.688,26.292,203.2
2008-07-30,1.578,13.085,15.653,27.597,224.4
2008-07-31,14.589,10.969,15.653,25.028,275.2
2008-08-01,0.0,12.347,15.885,26.809,205.4
2008-08-02,29.385,10.3,16.771,25.0,316.5
2008-08-03,2.163,10.398,16.944,25.264,184.0
2008-08-04,9.288,12.221,15.858,26.622,207.0
2008-08-05,19.564,13.121,16.042,27.816,202.7
2008-08-06,10.525,10.835,16.26,25.226,210.2
2008-08-07,5.854,14.322,15.17,28.625,133.3
2008-08-08,0.0,13.902,14.913,27.944,169.8
2008-08-09,3.914,13.641,15.111,27.736,111.2
2008-08-10,10.098,11.273,16.316,25.715,108.8
2008-08-11,26.614,10.881,15.608,24.767,173.2
2008-08-12,0.0,12.018,15.25,25.851,134.6
2008-08-13,14.334,11.503,15.427,25.344,158.2
2008-08-14,28.867,11.471,15.92,25.618,269.2
2008-08-15,13.422,10.871,16.583,25.389,244.7
2008-08-16,39.379,10.287,16.781,24.823,333.7
2008-08-17,3.059,8.904,16.576,23.149,274.7
2008-08-18,5.518,10.173,16.639,24.656,306.4
2008-08-19,15.807,10.637,14.896,23.903,225.5
2008-08-20,0.361,11.556,16.142,25.837,210.4
2008-08-21,35.912,10.762,15.823,24.667,330.2
2008-08-22,14.805,9.638,16.983,24.229,415.5
2008-08-23,15.362,10.877,15.431,24.503,575.8
2008-08-24,28.857,10.299,16.684,24.712,330.9
2008-08-25,5.45,10.844,16.194,24.976,323.4
2008-08-26,11.448,10.469,16.767,24.958,394.8
2008-08-27,0.136,11.402,15.781,25.34,259.7
2008-08-28,39.446,11.149,16.236,25.326,500.6
2008-08-29,4.052,11.883,15.806,25.92,351.5
2008-08-30,34.365,10.165,16.878,24.694,412.9
2008-08-31,6.073,10.236,16.743,24.701,375.4
2008-09-01,4.882,12.149,15.875,26.267,330.2
2008-09-02,30.166,9.585,16.976,24.111,415.5
2008-09-03,13.733,9.127,17.156,23.701,396.8
2008-09-04,4.184,9.486,16.226,23.403,283.5
2008-09-05,1.299,11.455,16.885,26.139,277.2
2008-09-06,0.0,13.368,15.899,27.691,222.6
2008-09-07,11.296,11.604,16.274,25.899,224.3
2008-09-08,8.868,12.148,15.503,25.976,236.0
2008-09-09,0.0,11.725,16.799,26.382,236.8
2008-09-10,0.0,13.223,14.733,26.729,191.0
2008-09-11,0.0,13.659,14.444,27.049,202.4
2008-09-12,0.479,13.512,16.135,27.976,203.2
2008-09-13,1.848,14.395,14.997,28.267,146.5
2008-09-14,5.912,12.598,16.354,27.08,147.7
2008-09-15,21.16,12.284,16.465,26.812,257.8
2008-09-16,0.25,11.076,16.559,25.458,141.6
2008-09-17,17.391,8.81,16.983,23.24,180.9
2008-09-18,7.358,13.061,15.747,27.233,132.8
2008-09-19,19.818,9.429,16.507,23.562,164.7
2008-09-20,1.721,11.06,15.344,24.639,124.5
2008-09-21,8.478,11.415,16.618,25.955,180.4
2008-09-22,1.098,10.528,16.611,24.958,151.1
2008-09-23,20.285,10.386,15.684,24.153,152.9
2008-09-24,0.266,10.669,16.618,25.104,149.7
2008-09-25,1.707,10.744,16.823,25.347,200.2
2008-09-26,26.598,11.916,16.201,26.278,228.6
2008-09-27,29.777,11.611,15.854,25.688,251.9
2008-09-28,6.704,11.53,16.712,26.208,227.9
2008-09-29,30.185,10.682,16.41,25.028,293.7
2008-09-30,0.0,11.231,16.604,25.806,184.3
2008-10-01,34.557,10.538,17.337,25.573,577.7
2008-10-02,0.0,12.021,16.698,26.844,266.5
2008-10-03,5.31,11.225,16.778,25.969,295.8
2008-10-04,6.433,8.908,17.083,23.559,236.2
2008-10-05,2.051,8.094,16.962,22.611,273.5
2008-10-06,19.967,8.849,16.604,23.181,312.4
2008-10-07,24.648,9.643,15.049,22.941,422.9
2008-10-08,0.0,10.123,16.726,24.76,292.9
2008-10-09,8.358,9.942,16.74,24.576,310.2
2008-10-10,32.705,8.225,16.847,22.729,425.2
2008-10-11,0.0,9.998,16.212,24.285,240.7
2008-10-12,42.749,6.819,16.941,21.312,229.3
2008-10-13,2.09,9.349,16.094,23.472,218.6
2008-10-14,19.998,9.268,17.146,24.174,273.4
2008-10-15,1.269,10.139,16.826,24.931,287.4
2008-10-16,11.244,8.9,16.76,23.524,328.0
2008-10-17,18.132,9.404,17.868,24.917,268.7
2008-10-18,21.735,9.35,17.531,24.632,292.9
2008-10-19,34.776,11.169,16.847,26.257,354.4
2008-10-20,14.089,10.495,16.913,25.556,423.9
2008-10-21,11.226,10.64,16.931,25.736,418.8
2008-10-22,24.862,10.45,17.674,26.083,384.2
2008-10-23,0.887,11.764,16.688,26.972,330.9
2008-10-24,8.455,12.234,15.701,26.906,393.0
2008-10-25,11.666,9.671,15.722,23.847,379.9
2008-10-26,0.0,9.974,16.601,24.816,334.3
2008-10-27,14.35,9.899,17.247,25.201,363.3
2008-10-28,25.184,8.958,16.674,23.781,465.0
2008-10-29,22.525,10.091,16.778,25.163,406.7
2008-10-30,0.0,11.886,15.354,26.424,261.9
2008-10-31,19.449,10.278,16.729,25.41,234.2
2008-11-01,32.195,7.673,16.531,22.167,276.1
2008-11-02,27.476,8.82,16.948,23.868,286.1
2008-11-03,20.751,8.896,17.278,24.219,281.1
2008-11-04,15.684,7.432,16.51,22.003,326.7
2008-11-05,11.895,8.988,16.469,23.809,311.9
2008-11-06,20.367,9.649,17.222,25.167,408.2
2008-11-07,12.906,9.388,17.538,25.087,379.6
2008-11-08,26.783,8.682,16.076,23.16,303.9
2008-11-09,2.682,10.373,15.247,24.698,291.5
2008-11-10,0.405,10.197,17.75,26.278,336.1
2008-11-11,37.677,10.723,16.715,26.215,444.9
2008-11-12,40.224,8.305,18.052,24.292,501.5
2008-11-13,6.027,6.782,18.052,22.559,505.6
2008-11-14,16.743,8.224,17.188,23.542,428.2
2008-11-15,1.301,7.977,17.167,23.26,655.8
2008-11-16,33.993,7.6,17.497,23.094,406.4
2008-11-17,26.96,8.882,16.788,24.094,507.5
2008-11-18,38.275,7.769,17.889,23.608,577.9
2008-11-19,19.005,8.139,17.986,24.149,561.8
2008-11-20,27.164,7.436,17.538,22.993,572.0
2008-11-21,35.337,7.662,17.788,23.483,561.1
2008-11-22,0.593,10.104,17.99,26.573,446.6
2008-11-23,36.947,9.455,17.958,25.792,556.9
2008-11-24,29.683,8.175,17.382,23.833,585.2
2008-11-25,2.564,6.126,17.795,21.806,518.0
2008-11-26,42.703,4.955,18.042,20.854,635.2
2008-11-27,0.0,7.692,17.049,23.003,405.7
2008-11-28,15.466,7.841,18.139,24.038,403.3
2008-11-29,22.362,5.983,17.806,21.681,396.2
2008-11-30,0.0,8.849,17.347,24.684,318.7
2008-12-01,21.866,7.767,18.292,24.115,593.9
2008-12-02,0.0,8.506,17.177,24.153,404.6
2008-12-03,4.329,9.775,17.538,25.993,444.1
2008-12-04,56.905,9.018,17.111,24.74,555.0
2008-12-05,6.201,9.497,16.698,25.052,549.8
2008-12-06,0.0,9.392,17.559,25.559,461.4
2008-12-07,21.434,8.527,16.601,23.788,460.6
2008-12-08,30.393,9.244,16.49,24.628,393.5
2008-12-09,0.0,11.035,16.267,26.792,380.2
2008-12-10,0.0,11.051,15.434,26.243,236.6
2008-12-11,35.437,8.775,16.503,24.052,396.4
2008-12-12,39.974,8.056,17.014,23.524,460.7
2008-12-13,5.088,7.912,16.656,23.118,491.4
2008-12-14,0.0,7.57,17.774,23.556,412.7
2008-12-15,4.411,8.749,17.382,24.677,526.5
2008-12-16,1.184,9.702,16.514,25.271,472.0
2008-12-17,0.0,9.457,16.257,24.747,421.2
2008-12-18,0.0,9.093,17.024,24.823,405.9
2008-12-19,0.0,8.799,16.406,24.003,418.0
2008-12-20,0.0,6.799,17.413,22.33,329.3
2008-12-21,0.0,6.339,16.417,21.038,370.8
2008-12-22,0.0,7.993,16.819,23.34,366.0
2008-12-23,0.0,9.098,17.149,24.944,429.9
2008-12-24,0.0,9.808,16.906,25.656,313.9
2008-12-25,18.061,9.6,17.979,26.149,222.7
2008-12-26,0.0,8.418,18.104,24.781,215.6
2008-12-27,0.0,9.861,16.34,25.288,362.2
2008-12-28,0.0,10.264,17.09,26.316,223.6
2008-12-29,0.0,9.684,16.753,25.33,294.8
2008-12-30,0.0,8.442,17.816,24.576,226.0
2008-12-31,0.0,9.364,17.337,25.347,254.1
2009-01-01,0.0,10.028,16.858,25.875,296.6
2009-01-02,0.0,11.143,16.16,26.778,297.5
2009-01-03,7.17,10.684,17.194,26.899,399.8
2009-01-04,19.135,11.508,15.965,27.08,277.3
2009-01-05,17.622,10.589,16.67,26.372,359.3
2009-01-06,28.915,11.184,15.688,26.465,379.6
2009-01-07,0.0,8.521,17.385,24.292,277.3
2009-01-08,12.491,8.749,17.142,24.358,458.4
2009-01-09,0.0,9.785,15.212,24.299,237.2
2009-01-10,14.128,9.538,15.819,24.365,390.1
2009-01-11,0.0,10.314,16.469,25.785,282.2
2009-01-12,11.618,10.405,16.007,25.58,427.9
2009-01-13,17.197,10.728,15.882,25.882,436.7
2009-01-14,7.673,9.944,15.014,24.247,381.9
2009-01-15,0.0,10.228,16.549,25.663,343.2
2009-01-16,17.699,8.827,16.774,24.028,419.9
2009-01-17,34.083,6.392,17.351,21.677,556.1
2009-01-18,2.401,8.777,16.819,24.0,346.8
2009-01-19,22.436,7.066,17.816,22.767,469.2
2009-01-20,13.023,7.318,17.434,22.729,490.7
2009-01-21,9.333,9.663,15.809,24.34,474.7
2009-01-22,23.077,9.204,17.458,24.938,444.0
2009-01-23,17.248,7.695,17.722,23.351,439.7
2009-01-24,3.005,9.504,16.295,24.389,410.4
2009-01-25,1.23,9.833,16.677,25.076,383.5
2009-01-26,0.0,10.197,16.639,25.431,418.3
2009-01-27,0.0,10.162,17.181,25.757,382.5
2009-01-28,0.0,11.5,15.774,26.417,335.2
2009-01-29,3.611,9.399,17.201,24.826,277.2
2009-01-30,20.638,10.825,16.41,25.948,433.1
2009-01-31,11.083,8.608,16.851,23.576,354.3
2009-02-01,47.222,9.407,17.031,24.635,307.8
2009-02-02,12.38,11.116,16.021,25.944,276.3
2009-02-03,0.0,11.531,15.872,26.351,267.0
2009-02-04,10.897,11.492,15.375,25.958,303.5
2009-02-05,0.0,12.328,15.139,26.788,345.7
2009-02-06,16.803,9.468,16.903,24.556,543.9
2009-02-07,0.0,10.571,16.646,25.635,418.0
2009-02-08,6.898,9.662,17.236,24.906,506.1
2009-02-09,11.905,9.727,16.326,24.337,431.6
2009-02-10,13.102,9.752,17.035,24.84,591.7
2009-02-11,0.0,11.199,17.01,26.507,466.5
2009-02-12,35.173,10.786,16.226,25.455,511.7
2009-02-13,0.0,10.451,16.094,24.92,379.5
2009-02-14,25.839,8.128,16.635,22.594,479.7
2009-02-15,16.132,9.946,16.5,24.545,322.2
2009-02-16,7.512,9.507,17.25,24.562,351.0
2009-02-17,11.342,9.091,16.507,23.535,411.4
2009-02-18,0.0,10.628,16.622,25.365,357.2
2009-02-19,10.019,10.967,16.951,26.049,475.6
2009-02-20,35.562,10.431,16.014,24.66,369.9
2009-02-21,22.889,10.56,16.368,25.049,508.2
2009-02-22,3.293,10.94,16.448,25.552,394.5
2009-02-23,29.331,10.595,17.16,25.674,512.6
2009-02-24,6.656,10.339,16.483,24.809,483.7
2009-02-25,12.728,10.011,17.285,24.997,600.1
2009-02-26,0.712,10.247,16.556,24.736,552.2
2009-02-27,1.004,9.905,16.205,24.056,451.2
2009-02-28,1.42,11.206,16.556,25.788,389.6
2009-03-01,31.591,9.599,16.913,24.198,402.5
2009-03-02,18.961,9.62,17.097,24.351,445.4
2009-03-03,6.054,7.115,17.872,22.278,516.5
2009-03-04,0.059,10.047,17.413,25.014,573.1
2009-03-05,20.639,10.816,17.483,25.927,422.2
2009-03-06,0.0,11.472,17.26,26.486,434.6
2009-03-07,47.685,10.038,17.191,24.774,573.5
2009-03-08,5.986,11.152,17.448,26.215,367.7
2009-03-09,18.718,10.67,16.875,25.229,473.5
2009-03-10,5.871,11.173,16.955,25.868,491.4
2009-03-11,0.0,10.225,18.455,25.889,445.9
2009-03-12,3.597,9.694,18.031,24.986,455.5
2009-03-13,22.385,10.227,16.858,24.67,514.4
2009-03-14,0.129,11.19,17.469,26.177,437.5
2009-03-15,4.137,11.887,17.872,27.257,454.4
2009-03-16,14.258,11.549,17.118,26.33,461.4
2009-03-17,22.297,9.76,17.59,24.681,424.4
2009-03-18,12.121,9.07,17.243,23.691,515.3
2009-03-19,21.554,7.733,17.236,22.243,683.6
2009-03-20,7.872,9.003,17.681,23.931,512.3
2009-03-21,0.0,10.06,16.656,24.309,465.7
2009-03-22,28.239,9.645,17.361,24.368,802.2
2009-03-23,34.014,10.283,17.069,24.84,630.1
2009-03-24,3.383,10.102,16.299,24.083,503.4
2009-03-25,9.581,9.191,17.361,23.868,441.3
2009-03-26,13.585,9.844,17.153,24.392,452.4
2009-03-27,4.864,11.457,17.517,26.424,416.0
2009-03-28,19.02,10.79,16.517,24.983,342.3
2009-03-29,10.697,10.143,17.688,25.111,308.3
2009-03-30,1.023,10.984,17.66,26.007,315.9
2009-03-31,18.754,8.341,17.417,22.972,388.5
2009-04-01,25.031,10.267,17.392,25.0,455.3
2009-04-02,0.091,9.183,17.288,23.778,536.0
2009-04-03,15.0,10.214,17.524,25.08,473.0
2009-04-04,8.614,9.436,18.069,24.632,453.2
2009-04-05,0.29,12.052,17.608,27.167,288.4
2009-04-06,0.0,12.021,17.507,27.09,320.5
2009-04-07,0.141,11.415,17.41,26.337,359.4
2009-04-08,37.632,7.743,18.038,22.899,460.2
2009-04-09,0.404,10.831,17.771,25.962,368.5
2009-04-10,12.909,11.362,16.649,25.708,458.6
2009-04-11,9.915,11.456,17.285,26.312,335.5
2009-04-12,21.379,10.02,17.222,24.667,411.3
2009-04-13,0.0,11.072,17.361,25.983,318.8
2009-04-14,14.203,10.434,16.385,24.524,344.5
2009-04-15,0.0,12.118,16.274,26.361,247.2
2009-04-16,9.265,12.414,16.517,26.882,243.6
2009-04-17,9.952,10.935,17.219,25.715,233.6
2009-04-18,1.272,11.448,17.976,26.854,275.9
2009-04-19,10.703,12.052,16.91,26.774,312.8
2009-04-20,6.643,10.258,17.698,25.347,351.4
2009-04-21,31.129,8.347,18.816,24.153,215.4
2009-04-22,0.0,12.111,17.16,27.024,171.5
2009-04-23,5.922,12.124,17.344,27.188,184.3
2009-04-24,14.979,12.505,17.597,27.844,275.6
2009-04-25,0.0,12.773,16.556,27.448,191.0
2009-04-26,8.677,10.372,17.542,25.378,180.0
2009-04-27,0.077,11.97,16.868,26.753,215.8
2009-04-28,13.798,9.935,18.451,25.628,177.4
2009-04-29,8.215,11.029,18.441,26.802,196.3
2009-04-30,44.977,8.589,17.128,23.194,396.6
2009-05-01,0.0,10.766,17.705,26.038,185.2
2009-05-02,48.051,10.451,17.681,25.67,230.4
2009-05-03,30.162,9.248,16.788,23.681,268.9
2009-05-04,15.706,7.807,17.226,22.49,344.2
2009-05-05,0.0,10.106,17.177,25.0,239.6
2009-05-06,5.411,10.655,17.399,25.76,344.7
2009-05-07,12.407,10.748,17.576,25.99,258.3
2009-05-08,22.047,10.728,17.264,25.816,358.3
2009-05-09,12.865,11.124,16.833,25.931,348.8
2009-05-10,18.435,11.824,18.132,27.677,385.3
2009-05-11,22.91,10.689,17.84,26.17,462.3
2009-05-12,5.917,12.642,16.465,27.483,320.4
2009-05-13,22.457,11.131,16.91,26.003,612.2
2009-05-14,6.788,10.906,17.743,26.392,353.9
2009-05-15,12.909,10.001,16.639,24.562,281.3
2009-05-16,0.34,12.052,16.583,26.948,340.3
2009-05-17,16.126,9.674,18.115,25.319,419.9
2009-05-18,8.381,11.297,17.688,26.861,373.0
2009-05-19,6.311,9.622,18.684,25.688,346.5
2009-05-20,0.481,10.662,18.476,26.722,320.4
2009-05-21,11.856,10.57,17.059,25.611,230.7
2009-05-22,0.0,11.563,16.823,26.611,193.5
2009-05-23,0.0,11.913,16.99,27.153,309.8
2009-05-24,17.044,12.877,16.455,27.955,376.4
2009-05-25,19.693,12.408,17.007,27.795,392.2
2009-05-26,2.163,13.661,15.58,28.358,267.9
2009-05-27,13.511,11.974,17.535,27.684,338.5
2009-05-28,4.647,10.498,17.191,25.719,218.2
2009-05-29,16.273,9.463,17.368,24.67,237.9
2009-05-30,3.912,12.263,16.333,27.201,173.1
2009-05-31,15.629,11.899,16.323,26.83,351.3
2009-06-01,0.0,12.766,16.889,28.233,270.1
2009-06-02,0.0,14.089,16.083,29.302,208.3
2009-06-03,2.173,12.928,16.674,28.299,185.2
2009-06-04,5.332,11.43,17.917,27.382,221.9
2009-06-05,7.851,7.662,16.986,22.417,233.8
2009-06-06,0.248,11.355,16.868,26.552,156.3
2009-06-07,3.758,9.839,17.503,25.278,232.5
2009-06-08,2.738,10.189,17.181,25.458,227.1
2009-06-09,1.464,11.627,17.083,27.087,133.1
2009-06-10,45.17,9.926,17.75,25.573,310.7
2009-06-11,11.11,11.418,17.222,26.941,210.7
2009-06-12,25.295,10.261,18.125,26.222,264.6
2009-06-13,18.354,6.78,17.271,21.663,322.2
2009-06-14,0.195,8.878,17.021,23.851,245.2
2009-06-15,26.624,10.179,16.642,25.087,368.8
2009-06-16,0.932,10.675,18.476,27.003,215.9
2009-06-17,5.952,12.008,17.135,27.639,195.9
2009-06-18,6.472,10.034,17.5,25.549,276.1
2009-06-19,8.734,11.387,17.385,27.066,232.8
2009-06-20,11.528,11.656,16.934,27.076,364.8
2009-06-21,15.322,11.513,16.594,26.688,302.0
2009-06-22,26.609,9.039,16.875,23.944,421.6
2009-06-23,13.217,8.919,17.014,23.903,322.8
2009-06-24,2.47,11.6,15.302,25.899,232.4
2009-06-25,18.964,9.295,16.167,23.729,256.8
2009-06-26,0.047,12.854,15.941,27.865,186.6
2009-06-27,0.0,12.929,16.115,28.035,178.7
2009-06-28,0.0,11.424,15.597,25.861,170.8
2009-06-29,1.946,11.384,18.354,27.747,157.5
2009-06-30,20.3,11.184,16.552,26.24,235.5
2009-07-01,0.0,12.146,16.399,27.295,165.7
2009-07-02,17.252,12.223,15.635,26.872,253.4
2009-07-03,0.0,11.094,16.038,25.753,166.0
2009-07-04,4.676,12.467,16.135,27.476,149.4
2009-07-05,5.62,11.847,16.427,26.906,174.7
2009-07-06,9.631,11.783,15.663,26.33,236.5
2009-07-07,0.0,12.842,16.417,28.118,150.6
2009-07-08,16.634,10.05,16.684,24.944,249.8
2009-07-09,6.096,12.784,15.628,27.483,156.5
2009-07-10,8.103,12.58,15.903,27.417,207.2
2009-07-11,3.597,11.577,16.212,26.431,162.5
2009-07-12,0.0,11.856,16.115,26.663,131.1
2009-07-13,0.425,13.917,15.17,28.535,146.0
2009-07-14,0.0,12.486,15.434,26.948,125.5
2009-07-15,0.0,12.869,15.715,27.59,116.9
2009-07-16,0.0,13.346,15.649,28.108,204.5
2009-07-17,0.0,13.174,16.788,28.628,216.3
2009-07-18,1.481,13.051,16.625,28.361,144.5
2009-07-19,0.0,14.656,15.431,29.51,108.2
2009-07-20,10.945,11.717,17.552,27.382,249.9
2009-07-21,8.618,11.318,16.938,26.507,256.0
2009-07-22,0.381,9.394,17.594,24.726,146.0
2009-07-23,4.091,12.008,16.861,27.257,147.6
2009-07-24,0.694,12.762,17.031,28.215,112.1
2009-07-25,2.433,13.579,16.809,29.028,242.5
2009-07-26,0.116,13.082,16.701,28.361,161.6
2009-07-27,0.0,14.105,16.264,29.257,196.7
2009-07-28,0.0,13.641,16.878,29.111,132.5
2009-07-29,0.0,12.655,16.451,27.625,109.1
2009-07-30,0.0,13.995,16.156,29.007,97.91
2009-07-31,1.499,12.97,16.476,28.014,117.0
2009-08-01,1.008,13.696,16.108,28.597,135.4
2009-08-02,0.25,14.833,16.069,29.892,252.1
2009-08-03,0.0,14.088,17.111,29.691,127.7
2009-08-04,1.819,13.471,17.16,28.99,107.6
2009-08-05,2.436,12.901,17.392,28.451,97.13
2009-08-06,14.622,12.124,16.507,26.927,144.5
2009-08-07,19.236,12.881,16.212,27.594,112.5
2009-08-08,3.495,12.412,16.556,27.264,132.2
2009-08-09,0.813,11.682,17.347,26.938,106.7
2009-08-10,0.088,13.664,16.75,28.833,99.41
2009-08-11,6.63,13.0,17.09,28.281,105.2
2009-08-12,1.027,14.379,16.594,29.535,103.3
2009-08-13,17.142,14.233,16.503,29.26,111.1
2009-08-14,17.493,12.982,17.194,28.285,122.1
2009-08-15,2.885,12.422,16.896,27.441,107.6
2009-08-16,1.818,11.438,17.101,26.42,126.1
2009-08-17,26.962,12.71,16.431,27.441,217.4
2009-08-18,27.721,11.438,16.816,26.191,165.2
2009-08-19,14.349,11.845,17.517,27.132,170.2
2009-08-20,16.728,11.653,17.139,26.649,218.9
2009-08-21,6.879,11.156,16.608,25.747,209.2
2009-08-22,9.045,12.787,15.58,26.906,226.3
2009-08-23,24.784,13.333,16.674,28.26,266.9
2009-08-24,9.635,11.724,17.115,26.653,290.9
2009-08-25,18.18,12.621,17.222,27.778,256.1
2009-08-26,9.058,11.968,16.885,26.774,239.8
2009-08-27,0.0,13.131,16.799,28.038,175.1
2009-08-28,0.696,13.529,16.427,28.243,185.2
2009-08-29,5.981,12.854,16.174,27.26,144.7
2009-08-30,16.576,12.624,15.955,26.917,200.2
2009-08-31,5.669,13.374,16.49,28.108,188.7
2009-09-01,0.538,13.274,16.688,28.132,136.9
2009-09-02,0.082,14.055,17.198,29.33,166.6
2009-09-03,0.117,14.517,17.333,29.899,214.6
2009-09-04,11.826,12.677,17.976,28.257,138.3
2009-09-05,3.764,14.437,17.885,30.201,125.5
2009-09-06,0.0,15.807,16.361,30.774,113.4
2009-09-07,0.761,14.266,16.993,29.427,195.5
2009-09-08,3.546,15.047,16.705,30.125,165.1
2009-09-09,14.916,11.436,18.118,26.958,293.4
2009-09-10,20.783,14.091,16.781,29.087,243.9
2009-09-11,0.0,14.576,16.201,29.267,215.6
2009-09-12,5.23,13.474,16.868,28.41,118.9
2009-09-13,4.307,12.682,17.108,27.688,241.7
2009-09-14,0.104,13.887,17.062,29.007,180.4
2009-09-15,34.204,9.703,17.694,24.792,219.2
2009-09-16,15.259,8.239,17.483,23.042,252.5
2009-09-17,0.0,8.873,17.163,23.462,220.6
2009-09-18,7.853,12.49,16.458,27.062,283.1
2009-09-19,4.178,13.221,17.399,28.531,207.2
2009-09-20,15.527,12.899,16.958,27.878,163.0
2009-09-21,1.53,13.525,17.278,28.799,153.6
2009-09-22,8.292,11.796,17.486,26.976,165.5
2009-09-23,0.304,12.703,16.597,27.406,200.2
2009-09-24,0.0,13.422,17.865,29.101,158.8
2009-09-25,0.0,15.301,15.649,29.809,161.3
2009-09-26,0.303,13.376,16.441,28.118,201.9
2009-09-27,1.53,13.358,17.375,28.747,119.6
2009-09-28,7.453,12.325,17.503,27.674,196.6
2009-09-29,0.0,14.469,16.597,29.528,197.1
2009-09-30,0.0,15.213,16.135,30.115,154.8
2009-10-01,2.698,14.485,17.097,29.889,112.0
2009-10-02,2.765,14.539,16.479,29.576,129.0
2009-10-03,28.307,11.136,17.924,26.66,149.1
2009-10-04,15.711,11.285,17.802,26.771,109.5
2009-10-05,2.656,11.549,17.705,27.007,103.4
2009-10-06,15.14,14.365,16.941,29.767,137.0
2009-10-07,37.295,12.276,18.156,28.156,269.8
2009-10-08,7.054,12.456,18.507,28.656,132.8
2009-10-09,0.0,15.436,16.163,30.583,114.9
2009-10-10,1.054,14.555,16.069,29.542,114.9
2009-10-11,23.551,10.132,17.684,25.479,194.7
2009-10-12,20.882,10.163,16.92,24.99,224.5
2009-10-13,9.499,8.164,17.997,23.583,215.1
2009-10-14,21.34,8.984,17.497,24.073,246.9
2009-10-15,7.065,8.083,17.115,22.826,223.2
2009-10-16,0.0,10.77,16.462,25.444,162.7
2009-10-17,0.703,11.237,16.587,26.118,172.1
2009-10-18,43.914,11.031,17.219,26.312,195.1
2009-10-19,31.591,9.387,16.608,23.986,349.3
2009-10-20,31.931,8.527,17.733,23.854,480.9
2009-10-21,14.988,9.582,17.538,24.92,550.6
2009-10-22,0.073,10.762,18.271,26.837,307.1
2009-10-23,0.12,9.991,19.059,26.556,235.5
2009-10-24,21.625,8.492,17.642,23.84,234.7
2009-10-25,0.324,10.093,17.285,25.413,218.9
2009-10-26,0.141,11.856,16.573,27.024,178.4
2009-10-27,2.457,10.006,16.774,24.99,163.2
2009-10-28,31.038,10.615,16.622,25.628,192.2
2009-10-29,21.655,10.807,17.34,26.382,259.2
2009-10-30,47.664,8.892,17.49,24.288,558.2
2009-10-31,0.242,9.036,17.142,24.208,246.8
2009-11-01,22.127,8.867,17.528,24.299,282.7
2009-11-02,4.929,9.371,17.16,24.684,402.7
2009-11-03,36.704,7.547,18.556,23.677,456.7
2009-11-04,3.706,7.946,18.837,24.333,270.5
2009-11-05,48.1,8.414,18.236,24.385,675.3
2009-11-06,38.37,7.996,16.983,23.052,552.8
2009-11-07,1.37,9.27,16.962,24.497,306.3
2009-11-08,5.324,8.273,18.878,24.785,483.0
2009-11-09,25.008,10.427,17.375,26.264,373.6
2009-11-10,2.137,11.21,17.583,27.351,433.1
2009-11-11,10.5,10.422,17.872,26.639,451.0
2009-11-12,25.038,10.306,17.403,26.205,312.5
2009-11-13,4.319,8.532,18.16,24.646,253.9
2009-11-14,7.725,10.104,16.851,25.59,286.6
2009-11-15,0.707,10.845,16.844,26.524,214.8
2009-11-16,14.533,11.067,16.576,26.628,228.2
2009-11-17,19.322,9.58,17.191,25.236,250.7
2009-11-18,0.0,8.935,18.149,25.188,198.4
2009-11-19,8.211,10.41,17.986,26.872,228.1
2009-11-20,4.412,10.902,17.226,26.958,204.0
2009-11-21,2.645,9.937,18.667,26.826,308.6
2009-11-22,5.813,9.754,18.455,26.483,358.4
2009-11-23,5.213,10.545,18.333,27.375,206.8
2009-11-24,3.191,11.007,16.316,26.556,187.1
2009-11-25,11.893,11.401,16.153,26.958,180.3
2009-11-26,21.969,9.884,18.431,26.674,211.0
2009-11-27,15.369,11.178,17.021,27.299,234.9
2009-11-28,14.614,10.088,16.962,25.896,285.0
2009-11-29,17.347,8.458,18.854,25.312,283.3
2009-11-30,8.292,9.842,19.069,27.132,279.8
2009-12-01,0.0,10.36,18.615,27.472,322.8
2009-12-02,0.0,11.967,16.642,28.156,268.6
2009-12-03,11.317,11.18,17.455,27.722,331.3
2009-12-04,1.227,11.638,17.368,28.253,320.1
2009-12-05,0.0,11.265,17.74,28.028,363.0
2009-12-06,7.994,10.213,18.09,26.944,350.2
2009-12-07,0.0,9.53,18.028,26.076,201.7
2009-12-08,4.09,10.993,17.33,27.413,170.8
2009-12-09,3.045,10.47,17.122,26.66,232.9
2009-12-10,17.132,9.93,16.67,25.642,221.7
2009-12-11,0.0,10.834,17.528,27.389,181.5
2009-12-12,6.233,10.814,18.007,27.701,230.4
2009-12-13,0.0,12.273,16.701,28.674,205.4
2009-12-14,0.0,11.66,17.003,28.108,270.4
2009-12-15,15.862,11.999,15.535,27.566,168.8
2009-12-16,0.0,11.53,16.045,27.278,166.2
2009-12-17,5.837,11.152,17.41,27.729,202.1
2009-12-18,35.266,8.482,17.979,24.799,381.1
2009-12-19,11.09,7.24,17.75,23.132,253.7
2009-12-20,1.723,9.266,17.736,25.604,212.6
2009-12-21,16.395,8.551,17.778,24.753,255.5
2009-12-22,1.358,9.666,17.799,26.108,198.7
2009-12-23,28.049,7.657,18.788,24.486,376.0
2009-12-24,4.763,9.996,17.396,26.24,217.2
2009-12-25,1.648,9.685,17.09,25.646,234.3
2009-12-26,27.57,9.834,18.073,26.542,278.5
2009-12-27,19.089,10.295,16.924,26.285,291.8
2009-12-28,3.856,9.425,17.243,25.403,253.6
2009-12-29,0.0,10.659,16.278,26.267,212.4
2009-12-30,0.0,9.942,18.778,27.156,193.4
2009-12-31,0.0,12.152,16.747,28.559,284.8
2010-01-01,0.0,11.066,16.271,26.823,210.7
2010-01-02,0.0,10.57,16.559,26.403,166.6
2010-01-03,0.0,12.856,14.552,27.955,250.4
2010-01-04,0.0,12.627,14.507,27.625,183.3
2010-01-05,0.0,12.279,14.993,27.458,283.9
2010-01-06,0.0,11.939,14.33,26.573,331.0
2010-01-07,0.0,12.027,15.976,27.729,201.1
2010-01-08,0.0,11.955,17.201,28.438,135.6
2010-01-09,14.423,12.017,17.451,28.653,190.2
2010-01-10,34.319,9.592,18.438,26.378,317.6
2010-01-11,0.0,10.305,17.674,26.625,320.7
2010-01-12,0.0,11.924,15.906,27.462,303.0
2010-01-13,0.0,10.763,17.729,27.219,309.1
2010-01-14,0.0,13.592,15.49,29.281,166.6
2010-01-15,0.0,13.23,16.115,29.181,223.7
2010-01-16,0.0,13.057,16.906,29.444,147.0
2010-01-17,0.0,13.047,16.604,29.198,265.0
2010-01-18,0.0,12.444,16.556,28.389,168.0
2010-01-19,0.0,12.108,17.09,28.299,146.6
2010-01-20,13.156,13.04,16.753,29.212,294.2
2010-01-21,0.0,14.218,16.233,30.316,222.0
2010-01-22,26.316,12.893,16.552,28.837,214.2
2010-01-23,4.225,10.645,18.236,27.257,211.1
2010-01-24,1.588,9.699,18.444,26.198,193.0
2010-01-25,0.927,10.237,18.264,26.67,230.4
2010-01-26,15.708,10.315,17.865,26.486,278.2
2010-01-27,8.1,11.316,17.799,27.618,149.1
2010-01-28,2.874,11.102,17.59,27.174,275.8
2010-01-29,2.052,12.526,16.865,28.361,306.1
2010-01-30,0.0,11.408,19.389,28.781,292.4
2010-01-31,0.0,13.696,18.062,30.538,261.1
2010-02-01,0.0,14.851,16.5,30.885,174.7
2010-02-02,0.0,14.865,16.92,31.128,209.0
2010-02-03,1.117,14.382,17.74,31.038,226.1
2010-02-04,0.0,14.81,18.007,31.691,227.0
2010-02-05,1.423,14.134,17.226,30.375,285.4
2010-02-06,14.018,8.979,19.979,26.243,302.3
2010-02-07,0.319,11.959,18.368,28.431,309.4
2010-02-08,0.0,13.123,17.389,29.153,170.9
2010-02-09,19.636,10.112,19.642,27.17,221.4
2010-02-10,0.0,12.171,17.566,28.076,279.0
2010-02-11,2.036,12.005,19.264,29.028,188.9
2010-02-12,0.0,14.687,18.41,31.542,121.6
2010-02-13,0.0,13.032,18.677,29.774,118.1
2010-02-14,24.662,7.651,19.51,24.337,214.1
2010-02-15,0.486,13.888,17.993,30.215,288.1
2010-02-16,19.188,11.841,19.087,28.566,264.8
2010-02-17,0.112,11.992,19.642,29.132,159.5
2010-02-18,0.707,12.132,18.92,28.757,281.4
2010-02-19,0.0,12.717,17.931,28.708,187.9
2010-02-20,0.855,12.058,18.729,28.444,237.6
2010-02-21,15.907,12.945,19.431,29.917,163.0
2010-02-22,2.753,12.906,18.601,29.285,231.4
2010-02-23,41.31,8.642,19.153,24.931,318.0
2010-02-24,0.0,11.607,17.556,27.038,271.1
2010-02-25,32.124,10.519,18.056,26.146,295.4
2010-02-26,0.181,9.175,18.247,24.781,331.1
2010-02-27,0.52,13.76,16.434,28.726,319.9
2010-02-28,6.058,12.532,18.167,28.444,273.8
2010-03-01,0.0,13.865,18.694,30.274,342.8
2010-03-02,12.305,12.489,18.674,28.708,187.0
2010-03-03,17.507,11.543,18.476,27.503,285.8
2010-03-04,1.721,13.057,17.212,28.312,275.2
2010-03-05,2.679,12.765,19.861,29.816,298.6
2010-03-06,38.771,12.543,19.431,29.208,304.2
2010-03-07,55.595,10.84,19.656,27.5,494.2
2010-03-08,0.0,10.988,18.75,27.0,276.5
2010-03-09,4.425,12.87,18.865,29.111,257.0
2010-03-10,8.15,13.986,19.066,30.472,351.5
2010-03-11,24.226,13.443,18.885,29.747,478.9
2010-03-12,4.897,13.109,18.372,29.038,323.6
2010-03-13,5.959,12.277,18.903,28.434,309.2
2010-03-14,17.989,13.26,18.882,29.517,392.7
2010-03-15,6.087,14.431,17.635,29.962,413.0
2010-03-16,3.296,12.745,19.837,29.569,334.6
2010-03-17,37.564,11.443,18.549,27.208,399.8
2010-03-18,14.066,12.516,18.233,28.181,437.1
2010-03-19,16.199,12.205,19.188,28.503,458.6
2010-03-20,9.308,14.128,18.444,30.08,343.9
2010-03-21,0.0,14.373,18.497,30.403,257.7
2010-03-22,5.703,13.17,18.597,29.135,387.1
2010-03-23,0.0,13.688,19.469,30.285,312.9
2010-03-24,0.0,14.656,19.875,31.622,285.4
2010-03-25,0.248,15.771,17.049,31.021,313.4
2010-03-26,9.373,12.42,19.257,28.729,498.8
2010-03-27,4.818,14.522,18.278,30.372,392.1
2010-03-28,2.474,13.439,19.229,29.799,247.1
2010-03-29,7.208,12.855,18.99,28.976,281.6
2010-03-30,26.648,7.62,19.785,24.16,322.6
2010-03-31,3.76,14.434,18.024,30.087,284.0
2010-04-01,0.399,13.079,18.66,29.056,322.5
2010-04-02,11.067,13.814,18.427,29.688,302.1
2010-04-03,23.067,9.871,18.632,25.51,299.9
2010-04-04,4.324,11.062,18.101,26.441,182.0
2010-04-05,21.129,11.403,18.802,27.295,187.4
2010-04-06,22.102,8.869,19.031,24.795,273.0
2010-04-07,10.762,9.373,19.069,25.306,195.2
2010-04-08,15.506,10.733,18.104,26.059,272.6
2010-04-09,4.464,10.214,19.125,26.285,190.1
2010-04-10,0.737,12.106,18.33,27.757,178.0
2010-04-11,28.821,9.586,18.503,25.132,297.6
2010-04-12,2.609,11.292,17.767,26.462,192.2
2010-04-13,4.267,8.315,18.33,23.719,310.4
2010-04-14,16.892,10.306,18.417,25.91,230.6
2010-04-15,0.589,9.081,18.517,24.674,266.4
2010-04-16,11.012,8.47,19.267,24.642,259.7
2010-04-17,0.0,13.222,16.799,27.979,168.9
2010-04-18,0.07,13.416,17.583,28.743,157.1
2010-04-19,36.454,7.354,18.806,23.153,248.3
2010-04-20,0.0,12.942,17.167,27.951,180.2
2010-04-21,5.129,12.373,18.479,28.253,210.0
2010-04-22,12.649,13.606,17.58,29.024,251.5
2010-04-23,0.0,13.235,17.524,28.587,169.8
2010-04-24,11.953,10.588,19.083,26.781,211.3
2010-04-25,6.62,12.492,18.986,28.774,171.3
2010-04-26,17.371,10.646,17.965,26.08,245.6
2010-04-27,8.461,12.476,18.09,28.198,305.0
2010-04-28,14.24,10.899,19.003,27.083,311.7
2010-04-29,6.686,12.54,18.299,28.396,332.1
2010-04-30,8.398,9.813,19.267,26.149,252.0
2010-05-01,0.91,11.278,17.948,26.799,165.5
2010-05-02,52.221,11.204,18.632,27.226,210.4
2010-05-03,1.252,7.615,18.17,23.056,161.3
2010-05-04,6.121,8.153,18.045,23.465,227.3
2010-05-05,11.236,10.042,17.865,25.413,189.7
2010-05-06,13.879,9.964,18.233,25.604,312.4
2010-05-07,6.019,12.517,16.781,27.472,285.2
2010-05-08,7.547,11.238,18.684,27.361,246.2
2010-05-09,1.122,12.121,18.514,28.274,181.6
2010-05-10,8.23,11.072,19.253,27.601,174.2
2010-05-11,5.664,12.49,18.167,28.469,175.7
2010-05-12,9.579,10.039,18.882,26.253,159.2
2010-05-13,1.088,12.591,19.17,29.309,184.4
2010-05-14,0.173,13.527,18.424,29.875,154.9
2010-05-15,0.0,12.642,19.128,29.372,136.0
2010-05-16,17.824,12.229,18.91,28.76,290.8
2010-05-17,13.995,12.075,18.733,28.493,257.3
2010-05-18,5.878,12.66,18.934,29.288,163.6
2010-05-19,18.416,11.907,19.125,28.58,268.3
2010-05-20,30.239,11.172,19.274,27.903,239.2
2010-05-21,18.52,9.057,19.139,25.514,387.7
2010-05-22,5.253,10.702,17.649,26.233,270.3
2010-05-23,8.049,10.57,19.083,27.128,207.6
2010-05-24,2.643,10.326,18.507,26.455,198.0
2010-05-25,15.848,8.63,18.549,24.594,301.9
2010-05-26,8.568,7.737,18.976,24.0,228.2
2010-05-27,31.194,6.024,18.351,21.771,308.0
2010-05-28,0.0,10.438,16.41,25.108,231.9
2010-05-29,7.395,10.84,18.24,26.889,276.1
2010-05-30,2.014,9.761,19.451,26.562,232.6
2010-05-31,29.087,8.387,18.91,24.667,239.3
2010-06-01,1.499,11.435,16.597,26.455,201.1
2010-06-02,9.87,10.898,17.351,26.344,410.5
2010-06-03,17.946,10.421,16.524,25.24,375.2
2010-06-04,0.0,10.543,16.74,25.528,313.1
2010-06-05,1.394,11.83,17.142,27.351,338.1
2010-06-06,5.303,11.878,16.215,26.781,207.1
2010-06-07,0.391,12.688,16.215,27.726,157.3
2010-06-08,1.283,11.609,16.826,26.903,177.2
2010-06-09,13.661,10.791,16.632,25.799,193.2
2010-06-10,2.544,9.604,18.358,25.663,213.1
2010-06-11,9.256,10.446,17.233,25.819,243.5
2010-06-12,13.062,11.672,17.128,27.191,334.5
2010-06-13,8.406,10.761,17.861,26.646,218.2
2010-06-14,17.294,9.305,17.253,24.503,286.8
2010-06-15,4.741,10.457,17.385,25.955,335.3
2010-06-16,4.273,9.561,17.514,25.031,243.2
2010-06-17,17.64,12.615,16.823,28.156,207.2
2010-06-18,10.101,11.287,17.42,27.014,198.1
2010-06-19,16.202,11.497,18.736,28.156,277.5
2010-06-20,23.804,6.64,17.528,21.781,472.3
2010-06-21,0.259,11.152,15.84,25.719,233.7
2010-06-22,8.301,8.388,17.646,23.806,246.4
2010-06-23,0.0,11.212,17.83,27.194,187.8
2010-06-24,23.64,11.525,17.986,27.694,330.0
2010-06-25,17.995,11.168,17.587,27.003,286.5
2010-06-26,5.818,11.152,17.955,27.205,388.4
2010-06-27,17.089,9.736,18.944,26.295,360.8
2010-06-28,0.0,11.427,17.174,26.993,401.0
2010-06-29,3.387,12.275,17.083,27.934,352.1
2010-06-30,0.0,13.273,15.316,27.938,216.6
2010-07-01,12.549,11.007,15.858,25.538,213.8
2010-07-02,10.256,10.837,16.608,25.847,236.0
2010-07-03,10.06,11.294,17.215,26.844,194.9
2010-07-04,16.996,10.342,17.438,25.882,474.0
2010-07-05,11.136,10.276,16.924,25.458,400.1
2010-07-06,13.436,8.614,16.677,23.323,321.0
2010-07-07,5.258,7.972,16.951,22.75,240.5
2010-07-08,4.696,8.144,17.17,23.142,257.1
2010-07-09,15.309,10.772,17.208,26.188,253.9
2010-07-10,6.664,11.462,18.122,27.625,471.6
2010-07-11,30.191,8.733,17.413,23.931,352.6
2010-07-12,0.339,11.051,15.469,25.281,357.3
2010-07-13,20.676,10.082,17.205,25.365,436.1
2010-07-14,7.76,10.742,16.837,25.851,404.1
2010-07-15,35.871,6.858,17.295,21.757,365.1
2010-07-16,21.905,6.723,16.309,20.851,355.0
2010-07-17,5.06,10.607,16.222,25.198,327.6
2010-07-18,17.418,9.278,17.358,24.458,308.7
2010-07-19,5.328,11.824,16.622,26.934,319.4
2010-07-20,8.379,11.318,16.632,26.312,431.0
2010-07-21,11.766,10.443,17.434,25.854,428.8
2010-07-22,0.0,11.921,17.375,27.51,396.3
2010-07-23,10.708,11.386,16.677,26.403,389.6
2010-07-24,4.675,11.914,17.052,27.278,314.3
2010-07-25,0.0,13.244,16.25,28.264,286.3
2010-07-26,27.599,10.361,17.347,25.667,267.0
2010-07-27,8.22,10.566,18.08,26.385,225.8
2010-07-28,7.971,11.19,16.878,26.215,208.2
2010-07-29,0.394,11.08,16.712,25.993,277.5
2010-07-30,1.304,12.545,16.587,27.618,282.5
2010-07-31,16.08,9.44,16.462,23.865,267.5
2010-08-01,5.459,9.55,16.222,23.799,251.0
2010-08-02,0.0,12.99,15.361,27.281,223.1
2010-08-03,13.429,9.881,17.479,25.066,193.9
2010-08-04,18.906,10.794,17.052,25.781,284.8
2010-08-05,2.433,12.792,17.788,28.625,231.6
2010-08-06,2.604,11.766,17.615,27.302,244.1
2010-08-07,7.144,11.413,16.132,25.861,277.5
2010-08-08,0.0,12.903,16.771,28.0,321.7
2010-08-09,9.833,12.671,17.16,27.99,368.9
2010-08-10,3.967,13.06,15.677,27.417,210.4
2010-08-11,0.064,12.471,16.872,27.545,188.7
2010-08-12,0.0,13.001,15.569,27.247,180.0
2010-08-13,8.018,12.512,16.094,27.017,239.8
2010-08-14,0.0,12.057,15.503,26.062,213.4
2010-08-15,0.275,13.795,15.75,28.253,226.9
2010-08-16,1.066,11.685,17.267,26.816,258.5
2010-08-17,8.191,12.609,16.878,27.604,211.0
2010-08-18,15.364,11.073,16.642,25.622,188.8
2010-08-19,0.0,10.555,16.816,25.184,231.8
2010-08-20,17.238,10.405,17.139,25.226,232.2
2010-08-21,0.146,12.411,16.427,27.042,179.0
2010-08-22,13.558,13.721,16.417,28.528,167.8
2010-08-23,0.0,12.89,16.979,27.944,161.7
2010-08-24,12.361,12.501,16.684,27.253,174.9
2010-08-25,6.644,12.054,17.069,27.007,276.8
2010-08-26,26.188,10.918,17.271,25.84,163.8
2010-08-27,9.268,10.717,16.872,25.361,222.7
2010-08-28,23.444,11.544,16.656,26.108,434.4
2010-08-29,33.569,11.288,17.424,26.372,219.0
2010-08-30,0.837,13.141,17.253,28.365,185.7
2010-08-31,19.897,11.498,17.92,26.913,284.1
2010-09-01,26.19,9.215,17.524,24.139,387.7
2010-09-02,25.144,7.814,17.021,22.229,361.5
2010-09-03,0.0,10.57,16.24,24.708,368.2
2010-09-04,8.084,12.238,16.667,26.865,324.2
2010-09-05,22.78,10.854,16.045,24.875,508.5
2010-09-06,5.525,8.731,17.604,23.66,381.5
2010-09-07,27.822,9.079,16.538,23.236,587.2
2010-09-08,0.0,10.003,16.49,24.201,425.0
2010-09-09,7.935,10.435,17.358,25.312,358.1
2010-09-10,25.027,11.741,16.594,26.243,506.3
2010-09-11,1.191,10.373,17.972,25.684,434.0
2010-09-12,19.446,10.833,17.733,26.003,439.3
2010-09-13,5.046,9.961,17.549,24.948,495.5
2010-09-14,17.69,11.205,16.59,25.66,530.6
2010-09-15,0.0,12.662,15.76,26.767,387.7
2010-09-16,16.808,11.591,16.503,26.052,406.2
2010-09-17,12.834,9.537,17.566,24.497,352.1
2010-09-18,10.762,11.509,17.76,26.847,427.4
2010-09-19,7.217,10.668,16.67,25.097,356.1
2010-09-20,30.626,8.575,16.208,22.438,511.2
2010-09-21,20.552,9.065,16.434,23.156,486.6
2010-09-23,15.051,9.023,17.319,23.76,592.7
2010-09-24,13.7,11.009,16.257,25.299,521.6
2010-09-25,2.224,9.635,17.017,24.233,586.3
2010-09-26,2.378,10.41,16.243,24.576,437.2
2010-09-27,24.288,7.678,16.826,21.986,686.0
2010-09-28,0.0,10.148,16.726,24.611,394.4
2010-09-29,0.721,11.61,17.184,26.622,431.3
2010-09-30,17.256,10.297,16.319,24.535,429.8
2010-10-01,1.981,10.96,16.33,25.312,311.9
2010-10-02,17.906,7.638,17.458,22.472,415.7
2010-10-03,1.118,11.139,16.344,25.538,394.5
2010-10-04,54.197,6.939,17.743,21.983,437.6
2010-10-05,24.375,10.43,16.701,25.049,402.6
2010-10-06,23.528,8.956,17.486,23.951,488.2
2010-10-07,18.829,11.225,17.705,26.663,508.7
2010-10-08,25.77,11.055,17.552,26.392,680.1
2010-10-09,15.685,11.717,16.42,26.396,695.5
2010-10-10,0.0,12.364,17.069,27.649,451.4
2010-10-11,3.513,12.342,16.42,27.17,428.3
2010-10-12,1.647,13.088,15.76,27.642,295.8
2010-10-13,0.0,13.607,15.722,28.229,328.8
2010-10-14,13.338,11.793,17.344,27.222,284.5
2010-10-15,8.722,10.211,16.781,24.997,329.1
2010-10-16,29.234,9.447,17.326,24.538,394.3
2010-10-17,10.945,8.767,17.681,24.052,399.3
2010-10-18,22.956,9.164,16.153,23.431,482.3
2010-10-19,5.421,10.134,17.625,25.601,370.8
2010-10-20,10.093,8.411,16.663,22.931,383.8
2010-10-21,0.0,10.165,15.41,24.094,225.5
2010-10-22,3.921,8.386,18.017,23.972,235.6
2010-10-23,20.537,9.099,16.007,23.292,554.0
2010-10-24,16.436,10.001,16.656,24.83,752.6
2010-10-25,6.192,9.458,16.722,24.288,677.9
2010-10-26,0.0,8.601,18.111,24.354,524.9
2010-10-27,30.128,8.161,18.896,24.521,524.9
2010-10-28,0.816,9.328,17.448,24.688,527.3
2010-10-29,17.194,9.803,16.191,24.361,513.7
2010-10-30,16.243,7.788,17.646,23.132,317.7
2010-10-31,27.35,8.912,18.208,24.896,312.4
2010-11-01,9.374,8.458,18.688,24.747,390.3
2010-11-02,24.275,9.534,17.535,25.146,419.7
2010-11-03,41.342,9.453,17.122,24.719,563.7
2010-11-04,30.861,10.459,18.083,26.653,409.7
2010-11-05,3.59,9.935,18.0,25.997,443.3
2010-11-06,60.008,6.548,18.0,22.17,895.3
2010-11-07,0.145,8.017,17.649,23.552,627.7
2010-11-08,22.552,6.789,17.91,22.41,684.9
2010-11-09,0.0,8.071,17.292,23.375,588.4
2010-11-10,0.0,8.289,17.788,24.01,669.5
2010-11-11,7.597,8.89,17.142,24.271,694.0
2010-11-12,8.256,10.73,15.781,25.576,603.1
2010-11-13,30.737,8.941,17.104,24.319,695.6
2010-11-14,56.255,8.191,17.507,23.774,718.1
2010-11-15,6.115,7.208,17.184,22.399,614.6
2010-11-16,9.36,8.17,18.198,24.292,541.6
2010-11-17,71.058,6.618,17.5,22.0,668.3
2010-11-18,5.064,8.114,17.476,23.747,610.4
2010-11-19,0.0,8.801,16.615,23.92,640.7
2010-11-20,3.25,8.281,17.826,24.236,663.1
2010-11-21,4.358,9.715,17.115,25.441,721.7
2010-11-22,21.913,9.194,17.306,24.934,927.8
2010-11-23,57.609,7.841,17.507,23.479,806.1
2010-11-24,22.112,7.845,17.562,23.528,898.6
2010-11-25,4.133,8.752,17.837,24.83,782.4
2010-11-26,0.0,8.975,17.969,25.229,640.3
2010-11-27,32.216,8.303,17.351,23.983,652.8
2010-11-28,20.405,8.742,17.944,24.948,594.8
2010-11-29,43.356,8.86,17.767,24.986,740.3
2010-11-30,0.0,9.079,17.236,24.858,603.7
2010-12-01,29.406,8.07,18.615,24.701,692.3
2010-12-02,18.587,7.861,18.288,24.212,877.2
2010-12-03,33.575,6.406,18.118,22.42,1083.0
2010-12-04,50.149,4.387,17.521,19.868,931.7
2010-12-05,0.0,9.133,16.917,24.74,720.4
2010-12-06,0.0,10.036,17.691,26.465,585.2
2010-12-07,7.794,7.923,19.01,24.889,498.4
2010-12-08,41.845,8.95,17.781,25.212,660.0
2010-12-09,1.948,9.805,17.694,26.247,589.5
2010-12-10,29.964,8.526,17.788,24.677,607.9
2010-12-11,13.18,8.511,18.451,25.184,690.8
2010-12-12,8.865,8.161,19.007,25.194,663.5
2010-12-13,26.83,7.858,18.368,24.361,650.4
2010-12-14,7.171,9.702,16.236,25.108,599.3
2010-12-15,0.0,7.53,17.521,23.316,565.5
2010-12-16,14.338,7.286,18.153,23.51,525.9
2010-12-17,0.637,8.709,17.385,24.649,497.0
2010-12-18,23.369,8.563,17.899,24.812,472.8
2010-12-19,17.288,7.748,16.392,22.743,504.1
2010-12-20,0.374,6.869,17.278,22.337,497.5
2010-12-21,0.0,8.281,16.597,23.521,456.2
2010-12-22,0.0,8.892,16.934,24.549,423.4
2010-12-23,1.695,8.56,16.913,24.087,401.5
2010-12-24,32.697,8.896,17.771,25.181,372.3
2010-12-25,23.271,9.681,16.705,25.368,378.2
2010-12-26,36.401,9.344,16.267,24.583,542.2
2010-12-27,0.37,9.75,16.917,25.608,481.0
2010-12-28,12.408,10.105,16.545,25.785,419.0
2010-12-29,9.472,10.644,17.955,27.472,380.3
2010-12-30,8.87,10.113,16.837,25.997,407.9
2010-12-31,0.918,10.455,17.701,26.986,476.7
2011-01-01,0.0,10.1,17.691,26.535,480.2
2011-01-02,0.0,9.576,17.517,25.733,473.1
2011-01-03,0.0,8.769,17.667,24.833,459.1
2011-01-04,38.012,7.869,17.24,23.396,710.0
2011-01-05,20.035,8.915,18.052,25.292,562.2
2011-01-06,0.0,10.08,17.122,26.059,362.8
2011-01-07,14.178,7.945,16.372,22.823,487.5
2011-01-08,16.063,9.741,16.729,25.312,484.9
2011-01-09,3.309,8.733,17.517,24.622,486.9
2011-01-10,0.0,10.308,16.868,26.108,436.7
2011-01-11,0.0,11.096,16.191,26.625,426.8
2011-01-12,0.559,11.025,16.399,26.635,444.9
2011-01-13,10.297,9.985,16.76,25.559,556.5
2011-01-14,0.0,10.934,16.639,26.646,320.7
2011-01-15,10.542,11.774,15.556,26.965,441.3
2011-01-16,16.388,10.167,16.608,25.615,493.6
2011-01-17,1.708,9.777,17.91,26.062,365.0
2011-01-18,7.932,9.869,17.708,26.01,428.3
2011-01-19,0.0,10.608,17.76,26.906,369.9
2011-01-20,0.0,10.664,17.42,26.705,333.7
2011-01-21,0.0,8.86,17.976,24.906,411.1
2011-01-22,0.0,11.021,17.09,26.865,381.4
2011-01-23,0.0,9.611,18.045,25.823,385.9
2011-01-24,0.0,11.924,15.715,27.024,394.6
2011-01-25,0.0,11.628,15.059,26.184,346.1
2011-01-26,0.0,12.272,15.552,27.295,356.5
2011-01-27,44.632,8.947,17.792,24.774,280.2
2011-01-28,0.21,10.23,17.132,25.781,290.3
2011-01-29,1.853,10.603,17.045,26.142,197.7
2011-01-30,0.0,11.781,16.753,27.365,342.9
2011-01-31,3.814,11.584,16.774,27.132,233.4
2011-02-01,16.108,11.39,16.073,26.368,240.9
2011-02-02,0.0,13.094,16.295,28.576,179.2
2011-02-03,0.0,12.92,15.035,27.517,213.4
2011-02-04,16.356,11.291,16.743,26.628,577.6
2011-02-05,0.0,9.883,18.611,26.264,279.5
2011-02-06,0.0,10.477,18.306,26.691,340.6
2011-02-07,12.637,5.739,18.281,21.486,426.8
2011-02-08,0.0,6.938,17.438,22.045,386.6
2011-02-09,0.0,9.716,18.014,25.521,326.9
2011-02-10,3.304,10.691,17.264,26.087,322.7
2011-02-11,5.152,8.617,17.618,23.941,239.7
2011-02-12,5.335,9.037,18.875,25.365,441.0
2011-02-13,32.579,8.188,18.622,24.212,479.2
2011-02-14,42.909,9.638,17.177,24.715,567.4
2011-02-15,0.243,10.625,17.372,25.997,313.7
2011-02-16,40.694,8.173,17.215,23.056,633.5
2011-02-17,24.241,7.017,18.135,22.514,446.5
2011-02-18,14.271,8.913,17.34,23.92,548.0
2011-02-19,5.572,10.078,17.677,25.51,472.0
2011-02-20,2.803,9.986,17.271,25.059,451.6
2011-02-21,0.0,10.769,16.274,25.212,417.8
2011-02-22,0.0,11.072,17.111,26.142,413.2
2011-02-23,28.159,7.561,18.528,23.302,511.8
2011-02-24,17.927,7.422,17.413,22.281,444.5
2011-02-25,29.414,10.826,17.069,25.767,468.4
2011-02-26,0.243,11.89,16.299,26.438,421.4
2011-02-27,49.512,8.298,18.045,23.656,438.3
2011-02-28,0.533,11.355,16.667,26.045,416.5
2011-03-01,59.01,9.098,16.976,23.688,548.5
2011-03-02,16.531,7.082,17.774,22.184,394.5
2011-03-03,0.0,8.015,17.365,22.83,360.1
2011-03-04,0.167,8.406,17.653,23.424,393.0
2011-03-05,0.0,8.68,17.278,23.406,467.2
2011-03-06,0.475,8.065,17.278,22.736,315.9
2011-03-07,4.384,9.94,17.028,24.601,350.3
2011-03-08,7.833,8.977,18.163,24.385,433.2
2011-03-09,38.301,9.64,17.889,24.858,545.5
2011-03-10,36.791,7.85,17.021,22.253,353.1
2011-03-11,0.0,9.683,16.698,24.031,338.2
2011-03-12,0.0,9.565,17.573,24.5,339.2
2011-03-13,0.0,10.416,17.236,25.188,237.1
2011-03-14,0.0,11.089,16.767,25.601,339.5
2011-03-15,0.0,11.166,17.451,26.128,352.8
2011-03-16,0.0,10.559,18.156,25.983,291.9
2011-03-17,3.742,10.468,18.042,25.792,336.0
2011-03-18,12.077,10.336,18.337,25.847,458.3
2011-03-19,20.026,10.448,17.382,25.309,643.8
2011-03-20,66.339,9.13,17.632,23.99,633.3
2011-03-21,37.068,9.092,18.101,24.319,463.8
2011-03-22,29.48,9.458,17.733,24.438,431.8
2011-03-23,6.613,9.052,18.035,24.212,666.0
2011-03-24,0.0,11.677,17.403,26.608,473.6
2011-03-26,9.966,10.438,18.062,25.726,730.2
2011-03-27,1.824,12.281,17.094,27.056,408.5
2011-03-28,19.35,11.221,18.576,26.965,475.3
2011-03-29,15.797,12.765,16.892,27.462,521.9
2011-03-30,6.525,13.474,16.09,27.74,475.9
2011-03-31,18.939,12.714,17.236,27.649,502.1
2011-04-01,0.15,13.769,16.778,28.528,428.7
2011-04-02,37.118,11.281,17.997,26.587,523.7
2011-04-03,19.434,11.548,16.347,25.75,435.0
2011-04-04,0.229,10.788,17.969,26.035,442.2
2011-04-05,23.403,11.694,16.708,26.17,400.6
2011-04-06,18.141,9.852,17.49,24.688,543.7
2011-04-07,0.0,12.724,16.764,27.344,360.5
2011-04-08,24.609,11.384,16.962,25.99,349.2
2011-04-09,28.603,10.45,16.806,24.802,515.6
2011-04-10,33.543,8.191,16.851,22.424,514.9
2011-04-11,3.904,9.767,17.233,24.403,481.6
2011-04-12,17.164,6.911,18.069,22.111,423.7
2011-04-13,1.827,9.27,17.698,24.236,366.4
2011-04-14,13.057,9.434,17.524,24.274,358.2
2011-04-15,39.696,7.445,18.319,22.812,403.4
2011-04-16,17.696,9.39,16.868,23.733,390.6
2011-04-17,17.846,7.287,17.771,22.26,454.9
2011-04-18,16.157,10.639,16.316,24.722,586.8
2011-04-19,33.791,11.231,16.479,25.545,690.2
2011-04-20,21.333,9.564,17.462,24.41,742.6
2011-04-21,19.091,8.805,18.097,24.09,651.6
2011-04-22,26.494,8.544,17.396,23.253,774.4
2011-04-23,12.864,8.445,18.052,23.688,705.8
2011-04-24,38.638,10.738,17.354,25.694,687.6
2011-04-25,14.419,9.472,17.705,24.552,684.9
2011-04-26,21.944,12.146,17.056,27.052,602.5
2011-04-27,27.985,12.046,17.455,27.24,795.5
2011-04-28,27.985,10.61,17.688,25.819,744.9
2011-04-29,2.13,10.575,18.399,26.295,556.1
2011-04-30,7.551,9.862,18.608,25.705,530.5
2011-05-01,7.016,9.737,18.59,25.552,495.7
2011-05-02,15.579,10.086,18.243,25.67,554.7
2011-05-03,26.356,6.276,19.472,22.812,496.3
2011-05-04,12.05,9.141,18.59,24.931,407.3
2011-05-05,0.175,9.286,18.931,25.389,378.1
2011-05-06,0.507,11.282,18.708,27.42,361.6
2011-05-07,1.88,10.753,18.469,26.694,385.3
2011-05-08,1.381,11.969,17.514,27.354,256.4
2011-05-09,19.577,11.104,19.003,27.444,322.9
2011-05-10,17.328,11.048,18.816,27.295,408.6
2011-05-11,29.15,8.705,19.451,25.24,396.3
2011-05-12,27.849,8.792,19.33,25.257,408.1
2011-05-13,22.383,7.79,17.917,23.118,424.4
2011-05-14,34.293,7.41,17.684,22.507,450.0
2011-05-15,0.0,9.16,18.139,24.753,257.1
2011-05-16,21.332,8.117,18.281,23.781,338.4
2011-05-17,18.656,9.258,17.802,24.628,290.9
2011-05-18,1.638,7.972,17.875,23.351,288.4
2011-05-19,0.674,8.24,17.771,23.483,304.8
2011-05-20,0.463,9.873,17.021,24.795,291.8
2011-05-21,0.0,9.118,18.052,24.729,267.3
2011-05-22,36.49,9.009,17.653,24.274,400.5
2011-05-23,1.69,10.314,18.028,26.087,319.2
2011-05-24,10.934,9.922,17.781,25.462,433.9
2011-05-25,21.025,10.468,16.823,25.431,580.5
2011-05-26,0.388,9.094,17.181,24.087,442.5
2011-05-27,0.0,11.089,17.517,26.625,415.4
2011-05-28,0.0,9.549,17.92,25.146,353.7
2011-05-29,0.0,9.529,17.601,24.91,261.9
2011-05-30,0.0,10.408,17.236,25.677,329.8
2011-05-31,0.517,10.07,18.122,25.903,289.3
2011-06-01,20.304,8.947,18.747,25.146,328.9
2011-06-02,15.382,6.887,17.285,21.826,477.0
2011-06-03,21.537,8.43,17.899,23.92,656.4
2011-06-04,0.517,8.825,16.788,23.566,449.5
2011-06-05,1.315,9.362,18.188,25.212,434.2
2011-06-06,7.484,10.13,18.889,26.597,343.5
2011-06-07,20.471,8.73,18.111,24.465,498.4
2011-06-08,1.543,10.821,16.01,25.472,356.3
2011-06-09,3.733,11.133,17.726,27.01,331.6
2011-06-10,5.448,10.726,18.243,26.917,316.8
2011-06-11,2.423,10.628,17.861,26.479,309.1
2011-06-12,1.572,12.21,17.139,27.858,302.9
2011-06-13,0.021,11.912,16.701,27.212,247.0
2011-06-14,1.783,10.028,18.0,25.889,227.3
2011-06-15,0.0,11.037,16.451,25.972,223.9
2011-06-16,13.449,11.319,16.778,26.545,221.9
2011-06-17,16.807,10.17,17.944,26.08,240.5
2011-06-18,1.831,10.123,17.844,25.906,207.6
2011-06-19,2.832,10.206,17.851,26.031,230.3
2011-06-20,0.0,10.183,17.684,25.872,201.4
2011-06-21,6.038,12.059,16.771,27.462,213.8
2011-06-22,0.427,11.75,17.156,27.344,191.5
2011-06-23,21.438,10.599,17.219,26.014,241.1
2011-06-24,8.648,11.475,17.497,27.24,232.5
2011-06-25,20.345,9.478,17.455,24.872,266.3
2011-06-26,20.856,10.487,17.438,26.049,399.1
2011-06-27,16.888,9.174,17.559,24.597,267.2
2011-06-28,0.0,13.619,15.267,28.358,242.2
2011-06-29,7.499,11.2,17.74,27.101,236.7
2011-06-30,20.683,10.954,17.51,26.625,305.5
2011-07-01,27.908,9.822,16.09,24.271,349.4
2011-07-02,0.0,10.967,16.802,26.17,195.7
2011-07-03,7.048,12.531,15.681,27.288,226.3
2011-07-04,11.982,9.643,17.253,24.962,197.0
2011-07-05,2.249,11.87,16.392,26.976,254.9
2011-07-06,6.538,10.003,17.229,25.326,258.7
2011-07-07,0.0,12.037,16.09,26.906,187.9
2011-07-08,0.0,13.592,15.351,28.326,259.0
2011-07-09,0.0,12.435,16.889,27.92,273.2
2011-07-10,1.275,13.245,16.479,28.615,270.6
2011-07-11,6.214,12.606,16.462,27.819,218.8
2011-07-12,7.554,11.897,17.069,27.375,319.4
2011-07-13,15.593,9.999,16.514,24.726,346.5
2011-07-14,20.326,10.612,15.809,24.938,391.0
2011-07-15,24.726,8.433,16.347,22.767,397.5
2011-07-16,8.75,10.535,16.729,25.458,263.4
2011-07-17,0.0,11.847,16.021,26.542,259.8
2011-07-18,13.891,11.32,16.712,26.413,394.1
2011-07-19,5.133,12.188,16.91,27.545,334.1
2011-07-20,4.424,11.815,16.74,26.972,270.3
2011-07-21,0.0,12.539,16.122,27.375,266.1
2011-07-22,0.0,13.669,16.601,29.035,346.2
2011-07-23,0.0,13.212,16.597,28.476,351.2
2011-07-24,3.131,12.772,16.139,27.649,221.2
2011-07-25,0.0,13.099,16.681,28.372,283.8
2011-07-26,7.659,13.543,16.399,28.691,336.1
2011-07-27,4.309,12.958,16.479,28.038,252.3
2011-07-28,8.999,12.394,16.819,27.545,238.4
2011-07-29,33.436,9.532,16.16,23.753,311.6
2011-07-30,25.157,7.318,17.365,22.188,203.9
2011-07-31,1.121,10.525,15.653,24.51,290.2
2011-08-01,0.925,11.064,15.976,25.399,343.9
2011-08-02,21.106,11.533,16.788,26.507,336.3
2011-08-03,22.113,10.807,16.948,25.733,385.5
2011-08-04,1.575,10.958,16.764,25.774,351.2
2011-08-05,10.652,12.307,17.281,27.698,353.3
2011-08-06,0.83,14.503,14.91,28.722,351.1
2011-08-07,0.0,14.145,15.958,28.938,342.6
2011-08-08,0.0,13.96,15.708,28.545,308.9
2011-08-09,0.0,14.09,14.84,28.125,197.1
2011-08-10,0.073,14.865,15.118,29.198,154.4
2011-08-11,4.481,13.297,16.215,28.024,143.4
2011-08-12,6.089,11.921,15.812,26.132,138.2
2011-08-13,2.999,13.126,16.181,27.799,144.4
2011-08-14,3.355,13.072,16.743,28.076,142.2
2011-08-15,9.316,11.59,17.163,26.646,178.9
2011-08-16,11.43,12.872,16.549,27.698,163.7
2011-08-17,15.896,12.071,16.306,26.559,312.3
2011-08-18,23.313,13.287,16.951,28.431,265.0
2011-08-19,41.976,9.625,16.545,23.944,401.4
2011-08-20,3.468,10.106,17.243,24.962,198.3
2011-08-21,1.582,12.238,16.042,26.597,190.2
2011-08-22,26.131,12.312,16.927,27.247,405.1
2011-08-23,1.97,11.006,18.111,26.594,310.0
2011-08-24,40.419,8.684,17.139,23.306,396.9
2011-08-25,4.6,11.537,16.816,26.271,333.2
2011-08-26,2.696,12.684,16.771,27.524,286.2
2011-08-27,1.62,13.275,16.74,28.153,225.5
2011-08-28,17.503,11.367,16.684,25.938,445.6
2011-08-29,6.054,12.233,17.431,27.465,322.9
2011-08-30,0.549,15.182,15.812,29.757,278.5
2011-08-31,0.0,14.488,17.035,29.726,261.8
2011-09-01,1.863,15.154,15.972,29.802,326.2
2011-09-02,0.0,15.788,15.115,29.969,191.4
2011-09-03,13.375,12.721,16.177,27.128,335.9
2011-09-04,0.0,13.404,15.292,27.302,192.7
2011-09-05,0.0,15.943,15.517,30.42,166.5
2011-09-06,0.0,13.654,16.274,28.253,224.5
2011-09-07,14.4,14.014,16.458,28.75,193.5
2011-09-08,15.444,10.843,15.976,24.861,229.0
2011-09-09,25.547,10.254,16.438,24.434,229.9
2011-09-10,0.728,10.562,16.469,24.816,154.9
2011-09-11,15.807,10.84,16.944,25.451,229.0
2011-09-12,6.755,10.365,17.198,25.135,215.3
2011-09-13,1.589,13.427,15.771,27.642,223.2
2011-09-14,7.455,13.641,15.885,27.986,206.2
2011-09-15,3.052,13.08,16.885,27.997,152.9
2011-09-16,25.76,10.997,17.056,25.729,205.2
2011-09-17,2.991,10.756,16.91,25.34,227.1
2011-09-18,25.076,9.335,16.931,23.861,300.3
2011-09-19,0.36,11.005,16.549,25.403,194.9
2011-09-20,18.489,10.488,17.062,25.163,241.5
2011-09-21,0.0,11.079,16.333,25.372,191.7
2011-09-22,9.576,12.9,16.375,27.486,268.7
2011-09-23,8.014,12.803,17.184,27.931,214.6
2011-09-24,21.419,12.415,17.622,27.84,431.8
2011-09-25,9.847,12.008,17.097,26.976,220.1
2011-09-26,6.477,10.221,17.875,25.524,202.4
2011-09-27,0.0,14.052,15.632,28.417,201.5
2011-09-28,2.77,13.214,16.462,27.993,290.5
2011-09-29,12.332,11.459,17.396,26.622,285.4
2011-09-30,10.633,13.4,16.983,28.587,295.9
2011-10-01,15.479,11.213,18.135,26.931,279.2
2011-10-02,16.213,11.01,16.979,25.84,353.2
2011-10-03,21.098,12.292,16.917,27.292,463.6
2011-10-04,22.475,6.817,17.715,21.885,446.9
2011-10-05,2.817,7.11,17.587,22.087,417.5
2011-10-06,8.151,9.144,17.608,24.281,388.4
2011-10-07,7.062,10.378,18.149,26.035,307.2
2011-10-08,33.036,8.024,18.458,23.719,252.7
2011-10-09,7.403,10.833,17.09,25.819,233.3
2011-10-10,24.933,9.752,17.868,25.16,535.5
2011-10-11,6.33,7.948,18.153,23.438,346.2
2011-10-12,21.526,9.251,17.983,24.733,414.6
2011-10-13,26.291,9.673,17.229,24.677,340.7
2011-10-14,2.869,9.825,16.663,24.427,315.3
2011-10-15,24.026,9.148,17.111,24.0,273.7
2011-10-16,18.005,9.431,16.413,23.858,293.1
2011-10-17,4.125,8.318,17.476,23.392,302.3
2011-10-18,33.039,7.078,16.837,21.569,326.6
2011-10-19,7.201,8.684,16.299,22.983,397.6
2011-10-20,12.788,7.553,16.66,21.99,283.5
2011-10-21,4.142,9.755,16.184,24.156,286.5
2011-10-22,3.452,10.696,16.552,25.552,354.1
2011-10-23,5.824,9.423,17.365,24.649,343.3
2011-10-24,4.052,9.033,17.083,24.052,284.6
2011-10-25,10.853,8.561,16.712,23.233,309.2
2011-10-26,2.853,9.793,17.764,25.458,328.9
2011-10-27,2.556,11.469,16.965,26.872,388.8
2011-10-28,39.755,7.534,17.698,22.882,412.2
2011-10-29,2.368,9.363,16.785,24.274,338.6
2011-10-30,41.487,6.96,17.344,22.035,479.7
2011-10-31,0.0,9.971,16.698,24.99,355.3
2011-11-01,1.269,10.75,17.233,26.337,327.0
2011-11-02,0.0,11.978,16.392,27.274,348.2
2011-11-03,52.258,9.463,18.576,25.816,481.4
2011-11-04,6.794,8.578,17.878,24.344,390.7
2011-11-05,0.511,9.704,17.719,25.5,356.3
2011-11-06,26.818,8.509,18.0,24.344,612.2
2011-11-07,0.255,9.813,18.424,26.208,279.8
2011-11-08,28.853,8.335,17.094,23.465,346.2
2011-11-09,32.01,8.532,17.972,24.444,471.8
2011-11-10,3.028,9.452,17.812,25.434,295.5
2011-11-11,17.432,8.286,17.472,23.809,381.8
2011-11-12,14.345,8.575,17.538,24.17,429.8
2011-11-13,33.501,7.746,16.986,22.837,509.3
2011-11-14,0.438,8.873,18.219,25.111,309.7
2011-11-15,11.547,9.697,17.552,25.576,304.7
2011-11-16,35.74,8.574,17.764,24.413,495.8
2011-11-17,16.296,8.25,17.712,24.069,376.5
2011-11-18,22.382,7.932,17.031,23.149,406.4
2011-11-19,7.492,7.825,17.701,23.573,462.4
2011-11-20,4.512,8.085,17.531,23.747,403.5
2011-11-21,0.236,8.435,17.358,24.045,413.8
2011-11-22,11.559,9.254,17.309,25.0,445.7
2011-11-23,47.745,8.492,17.872,24.517,717.5
2011-11-24,35.191,7.804,17.215,23.236,701.1
2011-11-25,16.103,8.955,16.826,24.344,554.7
2011-11-26,1.431,8.658,18.951,25.611,436.5
2011-11-27,47.462,7.774,18.344,24.087,636.6
2011-11-28,5.183,7.45,17.951,23.441,454.3
2011-11-29,39.493,7.827,17.455,23.514,448.0
2011-11-30,3.558,9.438,17.257,25.333,438.3
2011-12-01,31.357,8.022,18.08,24.271,670.3
2011-12-02,0.0,8.982,18.056,25.365,442.6
2011-12-03,2.23,7.652,18.542,24.177,537.7
2011-12-04,0.819,7.017,18.483,23.424,493.2
2011-12-05,36.352,6.576,18.257,22.733,738.4
2011-12-06,2.758,7.836,18.212,24.142,591.7
2011-12-07,1.322,7.66,17.667,23.562,573.7
2011-12-08,47.077,8.756,16.556,24.059,640.6
2011-12-09,9.68,9.447,18.062,26.031,640.4
2011-12-10,0.239,10.004,17.972,26.649,539.1
2011-12-11,28.534,8.641,17.92,24.958,644.2
2011-12-13,11.734,7.047,18.385,23.406,827.0
2011-12-14,38.249,7.628,18.413,24.118,880.6
2011-12-15,25.747,7.061,18.344,23.413,1089.0
2011-12-16,51.201,7.015,18.306,23.323,1211.0
2011-12-17,7.511,7.061,18.052,23.191,1126.0
2011-12-18,1.453,8.574,18.139,25.035,1049.0
2011-12-19,14.307,6.891,18.201,23.097,1007.0
2011-12-21,0.0,10.205,16.938,26.219,784.8
2011-12-22,0.0,11.38,16.222,27.243,622.5
2011-12-23,0.0,10.551,16.872,26.622,566.5
2011-12-24,4.722,9.795,17.278,25.92,731.4
2011-12-25,10.826,10.82,16.007,26.375,657.1
2011-12-26,1.015,10.28,16.653,26.097,685.0
2011-12-27,3.174,10.089,16.413,25.681,922.3
2011-12-28,1.861,8.485,18.726,25.368,813.5
2011-12-29,12.925,9.533,17.083,25.451,866.1
2011-12-30,35.353,9.219,17.677,25.462,895.1
2011-12-31,0.0,10.77,17.253,27.104,823.5
2012-01-01,0.0,11.755,16.542,27.878,690.3
2012-01-02,17.671,10.001,16.694,25.708,609.2
2012-01-03,32.315,6.767,17.58,22.389,803.6
2012-01-04,0.0,7.699,18.146,23.91,600.8
2012-01-05,26.634,5.62,18.701,22.069,810.8
2012-01-06,4.332,8.448,18.128,24.767,820.6
2012-01-07,18.313,8.735,18.684,25.528,811.1
2012-01-08,0.0,8.793,18.684,25.587,685.7
2012-01-09,2.452,8.895,19.014,25.948,614.0
2012-01-10,10.96,10.498,17.306,26.646,556.7
2012-01-11,14.063,8.957,18.931,25.924,708.1
2012-01-12,1.939,8.986,18.604,25.719,850.6
2012-01-13,0.447,10.752,17.368,26.951,545.6
2012-01-14,12.592,10.776,16.91,26.635,620.9
2012-01-15,23.777,10.931,16.156,26.295,669.5
2012-01-16,14.032,10.814,17.222,26.84,543.2
2012-01-17,11.269,9.249,17.733,25.278,547.6
2012-01-18,27.989,8.104,17.472,23.708,702.0
2012-01-19,7.324,7.94,17.441,23.455,791.6
2012-01-20,4.147,7.932,18.139,23.962,587.1
2012-01-21,0.0,8.846,17.917,24.851,469.7
2012-01-22,26.474,8.801,17.58,24.535,676.6
2012-01-23,0.0,9.496,17.191,25.056,482.3
2012-01-24,5.151,7.504,18.292,23.545,869.9
2012-01-25,0.724,10.138,16.247,25.115,588.0
2012-01-26,0.0,9.776,17.479,25.535,539.3
2012-01-27,0.0,8.719,18.545,25.111,537.8
2012-01-28,0.0,9.654,17.795,25.58,482.4
2012-01-29,17.564,10.795,16.962,26.333,513.8
2012-01-30,53.512,9.186,17.885,25.09,754.0
2012-01-31,10.183,10.212,17.094,25.656,808.4
2012-02-01,0.0,9.534,17.667,25.257,764.5
2012-02-02,0.0,10.607,17.656,26.51,671.7
2012-02-03,5.669,10.61,16.635,25.736,696.0
2012-02-04,0.0,12.017,17.163,27.774,534.6
2012-02-05,7.125,10.763,17.142,26.215,554.4
2012-02-06,34.597,7.836,17.722,23.264,651.9
2012-02-07,16.356,12.189,16.09,27.16,509.9
2012-02-08,32.336,8.984,17.326,24.226,570.0
2012-02-09,0.231,12.233,15.41,26.705,497.5
2012-02-10,4.816,10.311,17.274,25.694,519.4
2012-02-11,18.834,10.529,18.014,26.413,501.1
2012-02-12,0.138,10.352,17.962,26.163,514.2
2012-02-13,0.0,12.309,16.451,27.361,492.3
2012-02-14,0.0,11.384,17.611,27.056,477.6
2012-02-15,0.0,12.014,16.198,26.788,457.7
2012-02-16,0.0,10.558,17.913,26.264,440.9
2012-02-17,0.0,10.767,17.601,26.229,386.2
2012-02-18,0.551,10.753,17.781,26.34,442.3
2012-02-19,0.0,10.981,17.028,26.024,428.1
2012-02-20,0.0,12.729,15.899,27.312,427.7
2012-02-21,0.0,12.929,16.312,27.816,373.1
2012-02-22,0.0,12.115,16.476,26.91,369.9
2012-02-23,0.0,13.27,16.052,27.965,333.4
2012-02-24,0.0,13.375,16.642,28.465,387.4
2012-02-25,26.651,11.617,17.722,27.122,423.8
2012-02-26,25.996,10.196,18.26,25.882,515.8
2012-02-27,0.0,11.707,17.806,27.226,405.2
2012-02-28,13.083,10.61,18.007,26.115,500.0
2012-02-29,2.473,10.319,17.288,25.226,438.9
2012-03-01,3.495,11.44,18.219,27.177,422.8
2012-03-02,0.0,12.381,16.958,27.333,365.5
2012-03-03,0.286,12.879,17.271,28.125,390.3
2012-03-04,0.062,13.659,17.767,29.299,384.0
2012-03-05,38.139,11.434,17.122,26.288,493.3
2012-03-06,4.305,12.229,17.594,27.521,245.4
2012-03-07,8.757,11.827,17.472,26.993,316.5
2012-03-08,0.0,12.26,17.635,27.562,228.3
2012-03-09,12.781,10.721,18.576,26.524,268.1
2012-03-10,35.27,6.939,16.892,21.181,221.2
2012-03-11,0.8,11.399,16.865,25.997,244.3
2012-03-12,0.777,11.673,17.073,26.438,323.3
2012-03-13,7.825,12.179,17.694,27.455,409.5
2012-03-14,14.306,10.874,17.688,25.962,366.7
2012-03-15,0.0,12.841,17.424,27.99,367.4
2012-03-16,17.803,10.973,17.906,26.215,373.3
2012-03-17,16.608,9.363,17.497,24.135,400.8
2012-03-18,4.827,12.621,17.236,27.58,250.8
2012-03-19,54.852,8.033,18.115,23.219,375.8
2012-03-20,2.565,9.151,17.552,24.024,344.4
2012-03-21,5.14,11.763,16.108,25.795,442.4
2012-03-22,31.693,7.387,17.153,21.788,662.5
2012-03-23,1.707,12.693,16.896,27.385,477.5
2012-03-24,17.71,9.643,17.878,24.715,341.1
2012-03-25,5.513,9.596,17.535,24.41,469.6
2012-03-26,9.442,7.769,17.361,22.337,346.3
2012-03-27,0.0,11.827,16.896,26.396,285.2
2012-03-28,10.283,11.095,18.33,26.594,435.0
2012-03-29,0.0,12.464,17.608,27.604,292.8
2012-03-30,19.65,9.045,18.75,24.771,437.2
2012-03-31,0.0,12.473,18.264,28.062,415.7
2012-04-01,23.608,11.744,18.205,27.194,407.3
2012-04-02,11.768,13.628,16.514,28.149,436.1
2012-04-03,25.39,12.623,17.597,27.764,335.3
2012-04-04,17.915,11.145,17.767,26.285,579.6
2012-04-05,16.598,9.982,16.927,24.378,307.7
2012-04-06,38.129,11.261,16.465,25.479,334.4
2012-04-07,30.243,7.47,17.781,22.365,589.7
2012-04-08,19.283,8.369,17.868,23.375,410.4
2012-04-09,0.168,8.608,17.934,23.712,475.1
2012-04-10,0.0,9.627,18.09,24.868,488.8
2012-04-11,23.518,7.886,17.649,22.74,559.5
2012-04-12,45.787,6.879,17.368,21.493,680.1
2012-04-13,19.926,9.269,17.448,24.052,512.1
2012-04-14,0.0,9.944,17.049,24.462,508.2
2012-04-15,7.987,11.487,17.163,26.316,433.3
2012-04-16,16.447,9.725,17.559,24.639,399.7
2012-04-17,22.265,10.492,16.785,24.885,462.4
2012-04-18,12.266,10.289,16.49,24.5,463.3
2012-04-19,2.117,9.384,17.372,24.115,409.0
2012-04-20,14.673,10.01,16.722,24.333,400.1
2012-04-21,33.574,11.306,16.979,26.035,440.4
2012-04-22,3.922,8.972,17.576,23.899,411.4
2012-04-23,1.271,11.455,16.5,25.854,483.9
2012-04-24,25.376,9.522,17.573,24.535,479.7
2012-04-25,15.909,11.759,16.806,26.455,517.1
2012-04-26,11.669,10.989,17.708,26.226,420.6
2012-04-27,3.124,11.613,17.649,26.92,352.6
2012-04-28,42.828,8.864,18.177,24.288,558.0
2012-04-29,0.0,8.673,18.493,24.406,372.1
2012-04-30,25.774,10.747,17.993,26.215,609.2
2012-05-01,22.206,9.55,17.615,24.611,665.4
2012-05-02,10.725,10.131,17.476,25.188,402.0
2012-05-03,27.179,10.72,18.083,26.302,527.0
2012-05-04,22.406,9.87,17.875,25.222,505.6
2012-05-05,31.23,10.085,17.573,25.299,615.7
2012-05-06,27.334,9.872,18.257,25.5,599.9
2012-05-07,39.542,7.828,18.375,23.42,793.3
2012-05-08,2.261,10.765,16.712,25.441,588.8
2012-05-09,24.221,8.778,18.674,24.677,737.9
2012-05-10,8.392,11.743,16.455,26.424,637.7
2012-05-11,15.245,10.047,17.816,25.465,642.5
2012-05-12,10.139,10.898,17.486,26.215,821.8
2012-05-13,16.986,10.424,17.882,25.934,715.0
2012-05-14,21.794,10.555,17.931,26.146,637.7
2012-05-15,1.259,13.105,16.858,28.372,565.8
2012-05-16,5.466,12.146,17.149,27.465,549.0
2012-05-17,9.108,12.35,17.517,27.955,542.0
2012-05-18,15.282,12.421,17.472,28.017,509.4
2012-05-19,9.671,8.823,17.573,24.01,561.0
2012-05-20,3.596,10.274,16.552,24.924,496.6
2012-05-21,0.317,11.771,17.396,27.312,440.9
2012-05-22,12.68,11.383,17.76,27.097,505.8
2012-05-23,9.435,10.858,18.33,26.906,378.6
2012-05-24,12.161,11.388,18.174,27.406,281.2
2012-05-25,4.308,11.76,16.979,27.0,275.5
2012-05-26,9.12,12.239,17.017,27.628,360.6
2012-05-27,4.009,13.142,17.392,28.972,303.2
2012-05-28,0.0,11.983,17.306,27.542,247.3
2012-05-29,0.0,12.917,16.99,28.438,236.1
2012-05-30,0.0,12.421,16.997,27.854,259.3
2012-05-31,0.0,12.622,16.628,27.889,258.6
2012-06-01,0.0,12.354,16.753,27.646,266.8
2012-06-02,0.0,12.928,16.597,28.26,223.5
2012-06-03,7.302,11.894,17.597,27.701,207.2
2012-06-04,0.0,13.606,16.653,29.115,251.0
2012-06-05,6.067,12.89,17.062,28.556,319.3
2012-06-06,0.0,14.146,15.812,29.253,301.2
2012-06-07,0.339,13.512,17.135,29.361,249.8
2012-06-08,0.0,12.713,16.913,28.243,263.5
2012-06-09,0.0,12.738,16.92,28.306,331.2
2012-06-10,7.5,12.6,17.17,28.323,235.8
2012-06-11,0.0,12.166,17.514,28.028,158.0
2012-06-12,8.998,12.699,16.153,27.753,158.2
2012-06-13,21.63,10.13,17.118,25.399,191.3
2012-06-14,0.108,11.628,17.132,27.167,214.5
2012-06-15,14.203,12.347,17.049,27.951,245.1
2012-06-16,31.033,8.796,18.181,24.615,291.7
2012-06-17,0.0,12.121,16.278,27.174,191.1
2012-06-18,5.815,13.132,17.833,29.441,211.1
2012-06-19,2.637,13.367,18.389,30.087,277.7
2012-06-20,1.931,13.594,18.243,30.285,191.5
2012-06-21,14.07,11.645,16.66,26.903,242.8
2012-06-22,0.0,14.098,15.392,29.031,176.3
2012-06-23,1.43,13.416,14.955,27.913,164.5
2012-06-24,0.0,13.991,15.431,28.917,157.9
2012-06-25,5.225,11.891,16.726,27.212,174.5
2012-06-26,2.764,12.478,15.663,27.181,159.5
2012-06-27,9.258,12.843,15.809,27.774,183.1
2012-06-28,1.128,13.244,16.312,28.562,158.7
2012-06-29,6.177,12.912,16.819,28.497,168.7
2012-06-30,18.631,12.279,16.774,27.708,318.9
2012-07-01,9.085,11.835,16.562,27.014,257.0
2012-07-02,0.0,14.09,15.413,29.028,174.6
2012-07-03,5.149,12.906,15.517,27.604,164.5
2012-07-04,2.748,13.612,15.795,28.642,173.2
2012-07-05,7.7,13.059,16.747,28.58,289.6
2012-07-06,6.357,13.525,15.663,28.431,182.2
2012-07-07,0.023,13.349,16.087,28.483,164.0
2012-07-08,0.194,13.787,16.757,29.427,156.8
2012-07-09,0.0,13.777,16.194,29.052,194.5
2012-07-10,3.197,13.22,16.785,28.778,206.6
2012-07-11,6.989,12.079,17.066,27.559,200.8
2012-07-12,12.893,11.598,17.076,26.979,262.8
2012-07-13,19.743,8.894,17.274,23.972,282.0
2012-07-14,0.0,12.249,16.281,27.219,188.3
2012-07-15,7.644,12.106,16.208,27.003,204.9
2012-07-16,0.0,13.725,15.601,28.517,210.4
2012-07-17,0.0,13.18,17.399,29.031,205.2
2012-07-18,3.905,13.519,17.219,29.306,203.5
2012-07-19,3.712,14.387,15.892,29.479,194.0
2012-07-20,2.356,13.589,16.747,29.042,259.4
2012-07-21,0.073,14.106,16.09,29.247,198.4
2012-07-22,0.0,14.614,15.455,29.42,135.3
2012-07-23,1.887,13.695,16.142,28.74,131.0
2012-07-24,1.502,13.32,16.243,28.354,193.0
2012-07-25,0.036,14.779,15.545,29.632,325.8
2012-07-26,0.053,14.703,15.031,29.191,336.1
2012-07-27,2.353,14.525,15.788,29.438,331.6
2012-07-28,5.679,13.042,17.191,28.587,342.8
2012-07-29,0.0,13.492,16.267,28.486,243.2
2012-07-30,6.673,11.915,17.545,27.479,246.3
2012-07-31,0.142,13.017,16.222,27.899,144.5
2012-08-01,1.295,13.62,15.448,28.062,227.0
2012-08-02,22.379,13.854,16.434,28.983,181.6
2012-08-03,0.073,13.076,15.948,27.694,131.2
2012-08-04,3.9,11.887,17.778,27.535,162.0
2012-08-05,15.775,10.735,16.736,25.476,188.8
2012-08-06,0.184,14.172,15.938,28.965,125.9
2012-08-07,0.0,13.259,16.91,28.517,128.1
2012-08-08,6.684,14.001,17.222,29.594,124.5
2012-08-09,7.171,13.101,16.667,28.156,151.8
2012-08-10,1.976,14.26,16.094,29.087,202.3
2012-08-11,1.412,13.779,16.233,28.601,259.0
2012-08-12,18.0,12.44,17.073,27.576,226.8
2012-08-13,0.63,10.507,16.868,25.156,231.1
2012-08-14,10.433,10.766,16.851,25.444,148.3
2012-08-15,1.199,13.339,16.118,27.965,146.9
2012-08-16,0.0,14.684,15.74,29.281,226.3
2012-08-17,16.612,12.267,16.354,26.806,261.9
2012-08-18,7.063,12.481,16.403,27.101,139.3
2012-08-19,6.756,13.5,16.34,28.219,118.7
2012-08-20,8.105,13.295,16.448,28.062,193.8
2012-08-21,0.511,12.445,18.24,28.312,163.5
2012-08-22,11.435,12.395,17.542,27.747,164.5
2012-08-23,22.825,11.132,17.573,26.319,423.3
2012-08-24,18.963,11.675,18.344,27.441,394.5
2012-08-25,19.196,11.602,17.441,26.722,335.7
2012-08-26,3.669,13.568,16.347,28.26,306.7
2012-08-27,2.684,12.848,16.701,27.635,220.8
2012-08-28,0.0,15.167,15.691,29.66,227.9
2012-08-29,0.0,14.394,16.396,29.205,184.3
2012-08-30,0.367,14.735,15.885,29.264,209.3
2012-08-31,0.156,15.587,14.017,29.08,199.9
2012-09-01,0.0,15.157,14.542,28.899,144.2
2012-09-02,0.0,15.272,15.448,29.573,130.9
2012-09-03,0.0,15.348,15.108,29.462,123.5
2012-09-04,0.0,13.644,17.003,28.719,129.5
2012-09-05,5.568,13.583,16.135,28.066,195.8
2012-09-06,0.0,14.208,16.611,29.087,182.6
2012-09-07,0.0,15.91,16.295,30.83,131.2
2012-09-08,3.74,14.068,16.722,28.997,115.6
2012-09-09,8.505,15.575,16.399,30.531,118.6
2012-09-10,19.006,15.915,15.972,30.656,145.4
2012-09-11,3.314,14.789,16.382,29.625,127.2
2012-09-12,0.853,14.235,16.424,28.993,117.6
2012-09-13,4.988,13.506,17.174,28.66,121.6
2012-09-14,0.0,16.365,14.753,30.417,111.7
2012-09-15,0.0,16.143,14.667,30.118,115.0
2012-09-16,0.0,15.762,16.201,30.615,107.4
2012-09-17,14.993,12.412,18.465,28.337,117.1
2012-09-18,11.973,11.171,17.007,25.948,108.8
2012-09-19,2.661,13.422,16.368,28.087,151.2
2012-09-20,0.0,12.387,17.132,27.392,116.6
2012-09-21,15.348,12.985,17.17,28.115,184.2
2012-09-22,8.711,11.813,17.517,27.003,145.0
2012-09-23,15.923,11.746,17.649,27.045,193.3
2012-09-24,11.224,10.162,16.681,24.618,143.4
2012-09-25,7.942,11.092,17.215,26.031,191.6
2012-09-26,1.206,11.774,17.802,27.226,145.9
2012-09-27,17.471,13.443,16.462,28.226,185.4
2012-09-28,0.032,12.535,16.653,27.333,134.7
2012-09-29,3.055,12.634,16.76,27.521,132.7
2012-09-30,11.378,12.145,18.323,28.049,124.9
2012-10-01,26.164,13.371,17.649,29.038,140.1
2012-10-02,14.53,12.38,17.281,27.639,126.0
2012-10-03,4.877,15.422,15.514,30.031,131.9
2012-10-04,11.759,13.1,17.184,28.382,164.5
2012-10-05,21.043,9.835,17.594,25.01,194.2
2012-10-06,20.405,8.366,18.33,23.972,301.3
2012-10-07,8.898,8.277,17.861,23.569,346.9
2012-10-08,0.402,10.259,17.024,25.118,206.3
2012-10-09,0.0,13.461,16.135,28.274,169.1
2012-10-10,17.065,11.147,16.434,25.792,261.8
2012-10-11,0.625,10.565,17.087,25.556,185.9
2012-10-12,11.658,10.209,17.233,25.278,198.8
2012-10-13,33.244,9.752,16.938,24.566,223.4
2012-10-14,27.468,8.636,17.49,23.747,197.9
2012-10-15,21.93,10.157,16.872,25.017,198.3
2012-10-16,24.159,6.263,17.677,21.372,260.1
2012-10-17,3.046,8.063,17.715,23.337,211.3
2012-10-18,31.656,6.992,18.111,22.521,263.3
2012-10-19,0.694,8.867,17.507,24.076,212.2
2012-10-20,20.838,8.602,17.691,23.969,280.0
2012-10-21,3.752,10.118,17.656,25.667,264.6
2012-10-22,16.573,8.336,17.99,23.91,272.7
2012-10-23,10.118,11.701,16.309,26.604,252.7
2012-10-24,28.246,9.872,18.194,25.799,229.4
2012-10-25,23.846,9.31,17.816,24.941,400.0
2012-10-26,22.096,9.29,17.417,24.66,291.0
2012-10-27,0.34,10.593,17.427,26.219,234.3
2012-10-28,0.0,11.708,17.111,27.337,206.7
2012-10-29,9.318,10.998,17.118,26.507,288.6
2012-10-30,26.55,7.716,17.41,22.955,293.5
2012-10-31,11.244,10.398,17.253,25.924,217.4
2012-11-01,10.986,10.161,17.736,26.0,294.3
2012-11-02,1.602,8.573,18.292,24.615,232.6
2012-11-03,24.615,11.183,16.649,26.535,280.5
2012-11-04,2.009,9.692,17.809,25.556,296.2
2012-11-05,19.905,10.315,16.472,25.389,324.1
2012-11-06,0.0,11.575,16.396,26.906,270.2
2012-11-07,0.0,11.496,16.396,26.861,261.6
2012-11-08,0.194,10.078,18.382,26.562,307.3
2012-11-09,36.021,10.471,18.542,27.135,368.3
2012-11-10,18.96,11.049,16.976,26.747,289.9
2012-11-11,43.314,9.638,18.038,25.823,358.6
2012-11-12,0.434,10.144,16.427,25.278,302.6
2012-11-13,0.0,8.52,18.257,24.726,316.1
2012-11-14,11.95,8.24,18.521,24.597,312.3
2012-11-15,17.116,7.62,18.299,23.719,352.6
2012-11-16,8.982,7.482,18.104,23.455,279.3
2012-11-17,13.737,8.212,18.472,24.562,411.6
2012-11-18,11.02,6.477,18.378,22.639,483.4
2012-11-19,21.516,9.352,17.764,25.441,384.7
2012-11-20,0.0,9.782,19.17,27.007,312.1
2012-11-21,3.964,9.555,17.351,25.406,365.3
2012-11-22,21.284,9.412,17.399,25.295,389.8
2012-11-23,26.214,8.562,18.274,24.924,487.3
2012-11-24,0.424,10.718,17.958,27.34,483.5
2012-11-25,1.478,10.757,18.385,27.719,527.0
2012-11-26,9.33,11.882,16.299,27.719,513.8
2012-11-27,0.544,11.03,16.212,26.611,417.8
2012-11-28,0.57,8.544,19.135,25.649,399.8
2012-11-29,28.375,9.25,18.035,25.681,504.2
2012-11-30,41.518,8.381,17.691,24.354,509.1
2012-12-01,2.615,8.166,18.021,24.351,412.7
2012-12-02,13.582,8.017,17.74,23.983,435.3
2012-12-03,0.355,8.498,17.389,24.33,426.2
2012-12-04,10.639,8.937,17.566,24.983,501.5
2012-12-05,21.437,8.159,17.962,24.316,524.8
2012-12-06,5.129,9.575,17.198,25.514,512.3
2012-12-07,0.0,9.232,18.573,26.132,492.8
2012-12-08,1.55,9.204,18.983,26.424,499.7
2012-12-09,0.0,11.663,16.122,27.497,466.7
2012-12-10,0.0,12.758,15.347,28.417,410.3
2012-12-11,14.633,11.108,15.802,26.552,338.7
2012-12-12,24.118,9.205,17.906,25.611,347.3
2012-12-13,25.538,8.542,17.444,24.465,434.9
2012-12-14,34.45,8.199,17.267,23.91,531.7
2012-12-15,0.427,8.463,17.344,24.288,442.9
2012-12-16,0.0,9.48,17.458,25.632,441.8
2012-12-17,0.0,8.977,17.865,25.316,431.7
2012-12-18,0.0,7.768,18.708,24.507,451.5
2012-12-19,0.0,9.856,16.562,25.514,400.4
2012-12-20,2.767,11.206,16.33,27.083,281.7
2012-12-21,20.049,10.008,17.184,26.135,324.7
2012-12-22,9.252,10.842,17.021,27.08,346.6
2012-12-23,37.887,8.16,17.816,24.281,474.7
2012-12-24,26.018,9.162,17.198,25.042,420.5
2012-12-25,0.331,10.065,16.997,26.035,279.0
2012-12-26,28.957,10.188,17.208,26.375,439.3
2012-12-27,1.479,10.69,17.243,27.007,314.3
2012-12-28,0.0,11.615,16.774,27.858,340.8
2012-12-29,0.0,11.696,16.028,27.455,248.1
2012-12-30,11.079,11.24,16.292,27.031,373.3
2012-12-31,0.0,12.143,15.451,27.639,366.1
2013-01-01,8.567,12.363,15.194,27.757,355.3
2013-01-02,0.0,12.555,14.899,27.792,327.8
2013-01-03,0.13,12.624,15.146,28.021,164.8
2013-01-04,10.353,11.966,15.948,27.674,280.5
2013-01-05,0.0,12.339,15.719,27.997,188.0
2013-01-06,0.0,12.283,15.528,27.774,273.7
2013-01-07,0.0,12.585,14.719,27.628,295.7
2013-01-08,0.053,13.138,14.865,28.42,176.5
2013-01-09,0.0,13.173,14.601,28.278,128.4
2013-01-10,0.0,12.966,15.826,28.764,244.1
2013-01-11,0.0,13.316,14.92,28.611,287.2
2013-01-12,4.705,11.279,16.021,26.674,199.6
2013-01-13,17.735,8.796,18.733,25.51,280.6
2013-01-14,0.0,8.649,19.188,25.694,240.1
2013-01-15,0.432,10.406,16.965,26.16,323.8
2013-01-16,14.094,10.034,17.868,26.302,148.5
2013-01-17,2.427,8.736,19.073,25.656,160.3
2013-01-18,0.0,7.829,19.09,24.642,188.9
2013-01-19,0.0,11.314,16.931,27.198,145.9
2013-01-20,0.0,10.491,16.528,25.882,279.0
2013-01-21,0.0,11.162,17.49,27.344,185.4
2013-01-22,4.446,10.921,17.476,27.024,230.9
2013-01-23,1.359,9.494,18.233,25.83,282.3
2013-01-24,11.518,9.815,18.872,26.635,348.0
2013-01-25,23.56,7.658,19.694,24.802,334.8
2013-01-26,16.876,10.573,18.361,27.122,211.9
2013-01-27,0.0,12.016,17.434,28.194,271.8
2013-01-28,0.0,11.714,17.476,27.83,325.3
2013-01-29,5.655,13.15,16.479,28.903,251.3
2013-01-30,0.0,13.025,17.531,29.42,266.4
2013-01-31,27.361,10.817,18.705,27.531,465.1
2013-02-01,0.0,9.092,18.486,25.347,351.2
2013-02-02,0.0,8.237,17.955,23.913,294.7
2013-02-03,0.0,11.692,16.906,27.191,275.0
2013-02-04,27.882,10.165,17.75,25.997,309.2
2013-02-05,49.559,9.5,18.198,25.507,322.8
2013-02-06,22.308,9.361,18.392,25.479,334.2
2013-02-07,3.256,10.098,18.75,26.559,267.2
2013-02-08,11.175,8.542,18.844,24.854,360.2
2013-02-09,11.171,9.486,18.42,25.562,343.4
2013-02-10,44.405,7.671,18.219,23.372,402.3
2013-02-11,7.942,9.104,18.642,25.247,388.9
2013-02-12,0.0,7.86,18.309,23.611,398.9
2013-02-13,3.375,10.744,16.812,25.733,409.1
2013-02-14,15.152,10.67,16.885,25.688,433.0
2013-02-15,7.465,10.58,17.358,25.927,403.9
2013-02-16,0.0,12.201,16.955,27.514,341.4
2013-02-17,46.115,7.549,17.562,22.628,420.9
2013-02-18,0.0,11.191,17.25,26.476,350.9
2013-02-19,0.0,12.921,16.753,28.132,312.9
2013-02-20,23.039,12.071,17.156,27.392,385.1
2013-02-21,0.0,12.086,17.021,27.271,307.4
2013-02-22,26.512,12.853,17.247,28.302,335.7
2013-02-23,21.517,13.214,17.229,28.688,360.0
2013-02-24,23.74,11.042,17.795,26.549,422.7
2013-02-25,0.0,12.74,17.569,28.312,321.7
2013-02-26,0.0,13.111,17.035,28.354,314.4
2013-02-27,12.956,11.896,18.493,27.958,333.9
2013-02-28,4.161,11.3,18.823,27.493,321.5
2013-03-01,23.267,10.981,17.979,26.514,391.0
2013-03-02,0.0,13.279,17.191,28.549,383.4
2013-03-03,14.215,10.892,18.212,26.535,377.0
2013-03-04,6.982,9.704,18.031,25.08,504.1
2013-03-05,0.0,12.966,17.986,28.684,316.0
2013-03-06,12.526,12.405,19.503,29.108,335.7
2013-03-07,23.253,11.159,18.618,27.083,502.1
2013-03-08,0.0,13.792,17.615,29.344,300.7
2013-03-09,0.0,12.915,18.344,28.812,290.6
2013-03-10,0.841,12.454,17.444,27.667,281.8
2013-03-11,0.0,13.787,16.927,28.788,269.3
2013-03-12,10.397,11.805,17.399,26.889,352.8
2013-03-13,5.35,12.098,18.222,27.764,273.1
2013-03-14,7.834,11.226,17.875,26.556,322.2
2013-03-15,39.868,6.637,18.83,22.483,604.4
2013-03-16,0.0,11.778,17.632,26.941,308.2
2013-03-17,10.118,10.521,19.465,26.931,305.7
2013-03-18,42.418,12.258,17.174,27.174,421.2
2013-03-19,13.988,11.115,17.486,26.087,452.4
2013-03-20,6.382,9.909,18.628,25.594,380.3
2013-03-21,9.436,7.155,19.153,23.205,379.4
2013-03-22,6.692,9.489,18.132,24.812,401.2
2013-03-23,17.844,9.391,18.108,24.653,317.0
2013-03-24,0.672,13.144,16.726,27.802,355.2
2013-03-25,10.709,12.43,17.056,27.233,362.1
2013-03-26,0.839,12.43,18.41,28.156,340.1
2013-03-27,5.85,12.78,17.323,27.816,288.1
2013-03-28,15.525,12.981,17.503,28.132,474.2
2013-03-29,12.344,11.688,18.073,27.09,381.1
2013-03-30,12.751,12.205,18.073,27.642,411.2
2013-03-31,2.703,13.472,18.132,29.08,330.4
2013-04-01,11.815,12.094,18.979,28.156,321.1
2013-04-02,17.788,11.235,18.837,27.111,285.0
2013-04-03,9.262,12.972,17.67,28.257,320.8
2013-04-04,0.901,13.873,17.812,29.34,347.5
2013-04-05,15.991,13.53,17.462,28.708,613.1
2013-04-06,7.841,13.463,17.944,28.972,239.2
2013-04-07,5.938,13.35,18.097,28.955,358.7
2013-04-08,7.446,12.881,18.243,28.549,300.7
2013-04-09,10.757,13.534,18.889,29.715,231.0
2013-04-10,11.983,11.783,19.667,28.354,185.7
2013-04-11,4.333,11.758,18.465,27.455,236.2
2013-04-12,0.0,12.989,18.205,28.653,232.0
2013-04-13,5.102,13.346,18.58,29.306,284.0
2013-04-14,11.438,11.507,18.809,27.465,202.2
2013-04-15,2.321,12.956,19.733,29.747,230.7
2013-04-16,2.859,13.97,18.99,30.302,221.9
2013-04-17,21.511,11.943,19.056,28.125,293.1
2013-04-18,38.891,11.181,18.979,27.257,182.9
2013-04-19,25.167,7.248,18.535,22.84,214.9
2013-04-20,5.553,10.053,17.854,25.208,170.1
2013-04-21,24.079,7.339,17.767,22.337,402.7
2013-04-22,0.642,9.858,18.177,25.253,193.9
2013-04-23,8.113,9.911,18.201,25.365,322.2
2013-04-24,11.796,11.25,17.941,26.656,203.5
2013-04-25,0.0,12.486,18.58,28.503,287.3
2013-04-26,1.119,12.437,17.642,27.806,247.6
2013-04-27,12.46,11.813,17.316,26.906,274.1
2013-04-28,18.938,8.611,18.045,23.924,254.4
2013-04-29,11.519,9.307,18.198,24.792,311.7
2013-04-30,23.476,11.875,17.729,27.247,304.8
2013-05-01,20.262,9.042,18.069,24.403,313.3
2013-05-02,8.75,10.223,17.979,25.639,268.4
2013-05-03,25.123,8.391,17.896,23.604,368.5
2013-05-04,0.0,11.1,18.375,26.938,291.8
2013-05-05,25.517,7.494,18.288,23.021,309.8
2013-05-06,0.926,8.847,17.889,24.167,245.2
2013-05-07,11.001,8.131,17.552,23.094,372.9
2013-05-08,0.191,10.985,17.115,25.962,342.8
2013-05-09,1.065,9.86,18.385,25.639,334.6
2013-05-10,28.559,9.723,18.441,25.594,431.1
2013-05-11,0.0,10.792,17.628,26.153,313.7
2013-05-12,1.379,12.154,17.5,27.639,333.2
2013-05-13,14.317,11.422,16.944,26.403,359.6
2013-05-14,22.769,11.014,18.451,27.042,446.8
2013-05-15,21.907,9.259,18.583,25.194,452.3
2013-05-16,8.976,11.454,17.556,26.913,306.6
2013-05-17,45.532,8.069,18.142,23.573,420.5
2013-05-18,0.0,11.205,17.58,26.67,313.3
2013-05-19,30.111,10.982,18.066,26.788,460.1
2013-05-20,8.033,8.95,18.108,24.552,311.7
2013-05-21,35.381,7.561,18.396,23.326,716.9
2013-05-22,4.879,10.073,17.976,25.712,501.6
2013-05-23,34.771,9.619,17.635,24.972,511.7
2013-05-24,31.041,10.264,18.108,26.069,451.5
2013-05-25,8.642,11.898,17.316,27.417,411.6
2013-05-26,20.434,10.99,17.292,26.358,297.9
2013-05-27,4.183,11.919,16.747,27.062,317.0
2013-05-28,4.103,9.115,18.003,24.712,335.2
2013-05-29,14.222,10.314,16.847,25.267,372.5
2013-05-30,17.652,11.142,16.535,26.069,366.9
2013-05-31,23.224,9.778,17.125,24.944,470.0
2013-06-01,1.159,11.076,14.941,24.896,395.3
2013-06-02,0.786,11.966,16.01,26.694,372.5
2013-06-03,5.41,10.835,16.583,25.75,360.8
2013-06-04,1.018,12.169,16.639,27.382,313.3
2013-06-05,2.056,12.551,15.271,26.941,304.1
2013-06-06,1.197,11.822,16.184,26.688,301.6
2013-06-07,0.147,10.976,16.681,26.0,224.7
2013-06-08,0.0,13.262,15.694,28.118,319.4
2013-06-09,0.0,12.993,16.076,28.056,190.4
2013-06-10,2.254,12.873,16.49,28.188,306.8
2013-06-11,5.292,11.78,17.139,27.319,183.1
2013-06-12,14.369,12.298,16.323,27.41,184.8
2013-06-13,7.537,11.548,17.184,27.104,157.4
2013-06-14,5.019,12.289,16.462,27.483,169.0
2013-06-15,12.456,12.076,17.427,27.91,149.7
2013-06-16,4.382,12.857,17.236,28.705,190.8
2013-06-17,10.312,12.938,17.417,28.934,237.7
2013-06-18,5.917,13.87,17.049,29.819,171.9
2013-06-19,1.816,11.77,17.434,27.549,165.1
2013-06-20,0.349,12.089,17.083,27.694,197.0
2013-06-21,1.608,12.891,16.219,28.101,139.3
2013-06-22,2.686,13.526,16.969,29.344,129.3
2013-06-23,9.565,12.916,17.632,29.059,129.8
2013-06-24,14.039,12.248,17.781,28.372,121.9
2013-06-25,12.204,11.697,16.552,26.865,217.8
2013-06-26,6.161,13.306,17.118,29.191,133.2
2013-06-27,27.801,12.489,16.962,28.066,176.7
2013-06-28,25.209,10.148,17.667,25.799,267.7
2013-06-29,2.868,10.978,16.233,25.823,199.9
2013-06-30,12.452,10.181,17.056,25.41,285.7
2013-07-01,2.955,11.478,15.472,25.858,185.1
2013-07-02,0.0,12.253,16.198,27.326,316.2
2013-07-03,3.822,13.435,15.069,28.003,311.7
2013-07-04,9.991,12.054,14.753,26.083,190.9
2013-07-05,11.176,10.915,15.691,25.316,218.8
2013-07-06,0.592,12.021,17.215,27.667,355.0
2013-07-07,0.0,13.511,15.632,28.403,331.1
2013-07-08,3.968,13.709,16.177,29.007,304.2
2013-07-09,12.176,13.238,15.83,28.181,269.5
2013-07-10,0.0,12.205,16.5,27.358,145.9
2013-07-11,0.618,12.428,16.038,27.337,134.7
2013-07-12,0.787,12.74,16.038,27.712,140.0
2013-07-13,8.379,13.168,15.622,27.924,265.6
2013-07-14,0.043,14.464,15.698,29.514,131.5
2013-07-15,4.7,11.142,16.219,25.84,126.9
2013-07-16,0.0,13.832,15.799,28.806,118.5
2013-07-17,0.371,12.955,17.122,28.58,132.8
2013-07-18,0.0,13.739,16.069,28.83,111.7
2013-07-19,5.699,10.951,17.781,26.694,110.0
2013-07-20,0.676,13.258,15.767,28.042,105.7
2013-07-21,0.024,14.4,16.247,29.667,104.0
2013-07-22,8.92,12.715,17.42,28.472,133.0
2013-07-23,0.0,13.547,16.128,28.58,186.3
2013-07-24,0.0,13.676,16.875,29.184,102.0
2013-07-25,0.0,14.69,16.076,29.882,98.01
2013-07-26,1.018,11.983,17.403,27.538,96.32
2013-07-27,0.0,14.094,15.753,28.938,200.1
2013-07-28,0.0,14.209,15.847,29.111,115.6
2013-07-29,0.0,14.258,15.562,28.976,197.3
2013-07-30,0.0,13.784,15.247,28.184,93.53
2013-07-31,0.0,13.722,16.177,28.694,90.39
2013-08-01,4.16,13.808,16.535,29.007,103.0
2013-08-02,9.823,12.373,16.51,27.292,109.2
2013-08-03,5.312,13.464,16.66,28.681,92.6
2013-08-04,0.0,14.863,15.819,29.753,89.46
2013-08-05,7.826,14.353,16.135,29.33,87.75
2013-08-06,2.323,13.691,17.462,29.41,90.3
2013-08-07,19.952,11.768,17.247,27.045,154.6
2013-08-08,10.725,11.973,16.181,26.476,173.0
2013-08-09,29.858,10.806,16.26,25.191,162.0
2013-08-10,17.938,12.342,16.382,27.007,157.1
2013-08-11,19.312,9.974,16.663,24.476,195.7
2013-08-12,17.525,9.431,16.951,24.108,188.3
2013-08-13,30.763,8.861,16.934,23.403,367.1
2013-08-14,12.455,13.328,16.601,28.281,217.4
2013-08-15,1.657,12.28,17.01,27.337,158.1
2013-08-16,6.824,14.038,15.799,28.545,161.5
2013-08-17,9.845,12.446,17.306,27.698,164.9
2013-08-18,6.71,12.083,16.524,26.757,135.4
2013-08-19,4.996,12.076,17.017,27.083,142.7
2013-08-20,2.729,13.517,17.319,28.917,128.3
2013-08-21,0.392,13.023,17.038,28.142,141.9
2013-08-22,4.927,13.882,16.486,28.757,108.6
2013-08-23,9.922,13.621,16.51,28.462,121.4
2013-08-24,16.52,11.278,17.306,26.299,107.9
2013-08-25,2.9,11.63,16.5,26.142,105.2
2013-08-26,7.947,12.614,16.208,27.038,172.8
2013-08-27,5.884,13.456,14.833,27.146,120.2
2013-08-28,0.053,13.7,15.681,27.965,101.0
2013-08-29,3.072,12.778,16.618,27.517,101.0
2013-08-30,0.84,14.335,15.115,28.337,93.99
2013-08-31,0.0,14.557,15.17,28.615,122.1
2013-09-01,15.069,13.398,16.646,28.243,91.2
2013-09-02,7.976,13.552,16.413,28.243,145.4
2013-09-03,15.795,10.988,15.84,24.889,313.7
2013-09-04,15.213,10.216,15.778,23.965,152.1
2013-09-05,0.486,13.62,16.271,28.205,139.5
2013-09-06,23.889,11.013,17.646,26.139,217.3
2013-09-07,11.484,10.431,17.497,25.42,265.2
2013-09-08,1.846,12.166,16.656,26.802,172.7
2013-09-09,8.042,12.909,17.378,28.139,154.4
2013-09-10,17.061,12.984,16.566,27.635,415.9
2013-09-11,9.925,11.004,18.076,26.49,226.9
2013-09-12,9.828,11.032,16.899,25.674,319.1
2013-09-13,14.643,10.101,16.674,24.476,397.4
2013-09-14,1.234,11.752,17.392,26.837,234.6
2013-09-15,3.433,12.764,18.205,28.528,170.9
2013-09-16,3.293,14.673,15.997,29.243,156.2
2013-09-17,1.67,12.036,17.753,27.431,203.7
2013-09-18,15.147,12.852,17.872,28.403,156.2
2013-09-19,6.617,11.226,17.767,26.542,218.8
2013-09-20,0.623,13.54,16.399,28.236,220.9
2013-09-21,0.0,15.575,16.094,30.389,134.2
2013-09-22,1.53,15.704,16.236,30.635,118.1
2013-09-23,6.623,14.61,18.552,30.896,162.2
2013-09-24,6.914,14.663,17.753,30.434,265.7
2013-09-25,0.162,14.776,16.83,29.944,231.6
2013-09-26,18.174,12.075,17.486,27.347,212.6
2013-09-27,2.955,13.007,17.115,28.125,118.4
2013-09-28,30.194,9.816,17.194,24.569,222.7
2013-09-29,18.033,10.189,17.427,25.198,252.2
2013-09-30,19.586,11.994,17.101,27.028,300.2
2013-10-01,10.437,10.112,16.552,24.507,340.0
2013-10-02,0.0,13.385,16.74,28.406,263.6
2013-10-03,8.741,12.315,17.549,27.698,292.0
2013-10-04,20.61,11.094,16.938,25.979,213.2
2013-10-05,5.409,13.523,17.476,29.122,175.4
2013-10-06,0.0,15.565,15.91,30.517,238.1
2013-10-07,0.0,13.987,16.219,28.91,310.7
2013-10-08,10.557,13.41,17.337,28.958,248.7
2013-10-09,8.882,15.018,16.701,30.434,140.9
2013-10-10,29.514,13.433,17.514,29.139,216.4
2013-10-11,24.495,10.943,16.719,25.736,281.1
2013-10-12,0.87,10.842,18.295,26.753,213.8
2013-10-13,25.277,9.824,17.521,25.014,253.4
2013-10-14,20.699,8.807,17.611,23.965,344.7
2013-10-15,21.333,10.968,16.406,25.608,336.0
2013-10-16,30.407,8.061,16.75,22.545,473.4
2013-10-17,6.473,9.982,16.538,24.583,279.7
2013-10-18,0.0,11.369,17.083,26.632,219.7
2013-10-19,16.657,13.521,16.462,28.781,243.2
2013-10-20,18.486,11.642,16.753,26.764,319.2
2013-10-21,19.283,10.085,17.236,25.267,400.6
2013-10-22,15.02,9.596,17.66,25.101,517.4
2013-10-23,0.0,11.092,16.927,26.33,259.0
2013-10-24,9.93,11.048,17.035,26.344,284.2
2013-10-25,7.231,11.406,17.823,27.326,296.9
2013-10-26,2.341,12.676,16.972,28.33,243.8
2013-10-27,18.597,10.51,17.399,26.031,313.7
2013-10-28,32.106,10.815,17.896,26.767,455.0
2013-10-29,2.845,10.874,16.99,26.243,274.1
2013-10-30,7.006,10.648,16.42,25.573,320.8
2013-10-31,11.142,8.75,17.115,23.819,360.7
2013-11-01,0.0,9.828,17.052,25.056,325.8
2013-11-02,2.074,10.158,17.354,25.708,212.6
2013-11-03,10.657,7.84,17.483,23.174,247.4
2013-11-04,31.607,7.267,17.535,22.552,316.9
2013-11-05,21.287,8.279,17.42,23.653,315.1
2013-11-06,0.28,9.291,17.59,24.951,264.6
2013-11-07,37.858,8.496,17.25,23.785,263.5
2013-11-08,0.0,9.099,17.889,25.007,203.2
2013-11-09,6.34,8.378,18.378,24.545,295.9
2013-11-10,13.379,7.463,18.264,23.476,286.5
2013-11-11,14.174,11.282,17.587,27.476,262.7
2013-11-12,4.474,10.468,17.642,26.559,231.6
2013-11-13,18.898,11.377,16.899,27.174,314.6
2013-11-14,19.954,12.061,16.271,27.604,271.5
2013-11-15,6.577,10.569,17.819,26.889,377.0
2013-11-16,4.439,11.489,16.896,27.361,244.9
2013-11-17,17.567,11.1,17.417,27.264,342.8
2013-11-18,17.32,9.056,17.705,24.986,279.6
2013-11-19,15.768,8.366,17.76,24.201,224.1
2013-11-20,0.0,7.525,18.295,23.684,183.8
2013-11-21,0.0,9.677,17.76,25.837,216.3
2013-11-22,8.218,7.985,18.184,24.17,211.5
2013-11-23,7.117,9.291,16.969,24.809,183.3
2013-11-24,37.013,7.291,17.618,22.917,215.6
2013-11-25,4.713,9.271,17.274,25.056,237.7
2013-11-26,4.786,9.087,17.222,24.785,193.9
2013-11-27,7.935,9.68,17.33,25.618,193.4
2013-11-28,43.165,7.48,17.559,23.153,248.4
2013-11-29,2.12,8.644,17.462,24.483,231.6
2013-11-30,11.107,6.634,17.799,22.372,430.3
2013-12-01,18.938,8.311,18.559,24.931,459.5
2013-12-02,28.868,6.003,18.076,21.931,715.4
2013-12-03,18.298,9.305,16.188,24.417,439.0
2013-12-04,30.099,9.742,16.434,25.156,455.2
2013-12-05,16.33,9.925,16.396,25.396,445.8
2013-12-06,16.767,11.727,15.573,27.163,423.8
2013-12-07,29.843,7.778,17.681,23.681,581.4
2013-12-08,0.0,8.359,16.337,23.382,422.0
2013-12-09,1.956,8.644,17.01,24.236,566.0
2013-12-10,0.0,10.176,16.0,25.5,414.6
2013-12-11,0.351,10.832,16.097,26.427,402.7
2013-12-12,2.329,11.206,15.948,26.806,396.7
2013-12-13,26.697,7.874,17.99,24.062,358.0
2013-12-14,0.126,10.427,16.594,26.247,332.3
2013-12-15,9.443,12.148,15.545,27.785,465.4
2013-12-16,16.199,10.798,17.431,27.319,675.7
2013-12-17,12.472,8.525,17.042,24.146,384.6
2013-12-18,48.542,7.791,17.868,23.861,568.8
2013-12-19,5.362,8.632,18.809,25.597,278.9
2013-12-20,1.255,8.164,17.983,24.417,447.0
2013-12-21,0.0,8.259,19.038,25.316,443.0
2013-12-22,1.95,6.812,18.476,23.229,410.1
2013-12-23,10.275,6.156,17.649,21.799,283.3
2013-12-24,0.0,6.975,17.212,22.434,214.5
2013-12-25,0.0,9.016,17.344,24.976,364.8
2013-12-26,0.0,7.999,18.104,24.285,461.9
2013-12-27,0.0,10.595,16.674,26.497,313.2
2013-12-28,0.0,12.448,15.122,27.851,273.5
2013-12-29,0.0,12.644,15.507,28.358,285.5
2013-12-30,0.0,11.984,15.615,27.542,193.8
2013-12-31,1.348,11.242,15.715,26.656,201.1
2014-01-01,15.343,10.359,17.413,26.667,428.6
2014-01-02,0.99,10.649,15.792,25.917,505.6
2014-01-03,0.0,10.681,16.587,26.469,390.7
2014-01-04,0.0,10.921,16.868,26.972,387.8
2014-01-05,12.327,12.342,15.927,28.132,362.1
2014-01-06,53.566,7.174,17.83,23.052,465.1
2014-01-07,17.215,9.655,16.139,24.757,370.3
2014-01-08,7.346,8.8,18.351,25.337,479.6
2014-01-09,2.158,8.454,17.729,24.41,446.4
2014-01-10,6.903,10.176,16.34,25.535,292.2
2014-01-11,0.433,9.746,17.493,25.809,561.3
2014-01-12,2.0,9.964,16.698,25.535,446.0
2014-01-13,0.092,11.095,16.094,26.5,384.8
2014-01-14,0.0,11.326,16.847,27.302,369.0
2014-01-15,0.0,11.967,16.253,27.66,279.1
2014-01-16,3.908,10.562,17.264,26.573,416.1
2014-01-17,0.633,10.849,16.865,26.615,192.9
2014-01-18,0.0,10.648,17.368,26.684,353.8
2014-01-19,0.635,10.574,18.34,27.288,170.0
2014-01-20,1.562,10.825,17.184,26.75,390.4
2014-01-21,13.323,11.142,16.92,26.931,353.0
2014-01-22,24.303,7.183,18.535,23.403,319.8
2014-01-23,15.145,11.234,16.688,26.833,359.3
2014-01-24,0.698,11.158,17.59,27.361,216.3
2014-01-25,0.0,8.68,19.594,25.889,188.8
2014-01-26,12.683,8.599,18.097,24.59,388.2
2014-01-27,0.0,10.751,17.205,26.472,289.7
2014-01-28,1.177,9.974,18.403,26.389,316.5
2014-01-29,39.919,10.726,18.118,27.045,372.2
2014-01-30,20.816,7.786,18.819,24.194,401.1
2014-01-31,0.0,11.675,16.118,26.753,355.2
2014-02-01,0.0,12.199,16.389,27.569,318.6
2014-02-02,1.252,10.725,16.861,26.083,439.6
2014-02-03,5.749,10.838,16.979,26.271,620.6
2014-02-04,0.0,10.378,17.972,26.389,408.6
2014-02-05,20.629,8.396,18.691,24.604,411.8
2014-02-06,0.0,10.743,15.799,25.253,364.8
2014-02-07,0.0,9.991,17.781,25.708,406.6
2014-02-08,0.0,11.066,17.372,26.688,375.8
2014-02-09,9.121,11.011,17.535,26.684,324.2
2014-02-10,7.164,11.256,18.118,27.372,357.1
2014-02-11,5.228,11.343,17.552,27.031,287.7
2014-02-12,6.472,12.468,16.941,27.958,302.1
2014-02-13,37.319,10.116,17.903,25.868,211.4
2014-02-14,6.406,8.825,17.149,23.788,316.1
2014-02-15,0.0,11.823,16.691,26.958,341.5
2014-02-16,3.908,10.692,17.924,26.417,341.5
2014-02-17,28.756,11.097,17.285,26.444,423.5
2014-02-18,6.777,10.55,18.24,26.427,324.2
2014-02-19,23.811,9.397,18.368,25.236,472.3
2014-02-20,18.565,9.302,18.257,25.021,476.8
2014-02-21,13.256,9.555,19.118,25.92,357.0
2014-02-22,19.728,11.898,17.372,27.302,451.7
2014-02-23,0.0,10.542,17.514,25.795,445.4
2014-02-24,1.999,11.047,19.024,27.42,354.8
2014-02-25,45.212,7.911,18.726,23.802,852.0
2014-02-26,1.977,10.302,17.799,25.684,287.0
2014-02-27,33.791,9.944,17.601,25.132,415.3
2014-02-28,25.734,8.927,17.722,24.08,445.8
2014-03-01,3.055,7.969,18.174,23.406,391.4
2014-03-02,19.427,10.214,17.51,25.326,466.5
2014-03-03,0.0,8.511,17.788,23.691,314.0
2014-03-04,0.0,10.506,17.569,25.628,339.0
2014-03-05,0.604,9.342,18.823,25.288,401.1
2014-03-06,16.553,8.738,18.764,24.59,373.5
2014-03-07,3.557,10.694,17.625,25.872,367.6
2014-03-08,41.549,9.477,17.858,24.701,411.6
2014-03-09,10.778,9.412,17.917,24.628,272.8
2014-03-10,4.979,10.824,16.642,25.24,381.8
2014-03-11,2.152,10.287,18.215,25.757,393.7
2014-03-12,0.679,9.403,18.99,25.413,311.7
2014-03-13,36.992,8.256,18.806,24.087,316.7
2014-03-14,2.098,9.4,17.906,24.562,299.7
2014-03-15,4.403,9.15,19.146,25.233,347.0
2014-03-16,1.7,10.797,17.951,26.076,342.8
2014-03-17,0.0,12.955,17.097,27.889,359.3
2014-03-18,31.085,9.277,18.444,24.854,596.7
2014-03-19,0.0,13.125,16.677,27.767,328.6
2014-03-20,4.424,13.869,16.844,28.726,295.0
2014-03-21,10.007,12.283,18.524,28.097,290.6
2014-03-22,10.764,13.172,17.108,28.108,329.0
2014-03-23,19.452,12.352,17.434,27.399,421.7
2014-03-24,11.495,11.552,17.583,26.587,255.6
2014-03-25,16.065,12.031,18.052,27.472,413.5
2014-03-26,21.244,10.725,17.997,25.997,521.2
2014-03-27,0.912,12.789,16.885,27.524,378.0
2014-03-28,0.0,14.733,16.247,29.264,344.2
2014-03-29,1.839,14.193,16.42,28.771,203.3
2014-03-30,0.559,11.171,19.205,27.319,323.6
2014-03-31,0.0,10.586,18.312,26.035,320.8
2014-04-01,0.0,12.917,16.726,27.521,259.5
2014-04-02,0.0,14.192,16.319,28.674,224.8
2014-04-03,15.678,9.777,19.503,26.087,244.2
2014-04-04,1.149,12.423,18.688,28.306,285.7
2014-04-05,8.623,12.274,17.962,27.632,340.4
2014-04-06,1.75,13.052,17.326,28.062,290.6
2014-04-07,14.802,12.755,18.049,28.247,309.5
2014-04-08,0.713,12.622,17.969,28.049,256.6
2014-04-09,0.403,12.928,17.896,28.351,148.6
2014-04-10,0.95,14.178,16.812,29.038,252.2
2014-04-11,0.612,12.962,17.885,28.378,272.4
2014-04-12,1.896,12.349,18.149,27.882,142.9
2014-04-13,0.0,14.766,16.354,29.413,294.4
2014-04-14,3.4,13.488,17.844,28.934,291.8
2014-04-15,16.138,9.501,18.743,25.25,291.8
2014-04-16,0.792,11.33,18.021,26.701,146.5
2014-04-17,14.342,10.681,18.274,26.219,389.3
2014-04-18,0.0,11.616,17.524,26.663,155.7
2014-04-19,11.314,12.106,17.726,27.382,192.1
2014-04-20,18.274,11.792,18.115,27.292,188.5
2014-04-21,11.808,11.255,18.535,27.062,152.4
2014-04-22,20.375,9.998,18.403,25.573,222.0
2014-04-23,1.469,11.618,17.583,26.785,143.1
2014-04-24,30.192,8.365,18.125,23.688,245.8
2014-04-25,0.0,11.973,17.882,27.434,153.6
2014-04-26,14.488,10.133,17.795,25.309,292.8
2014-04-27,16.351,11.596,17.528,26.816,199.5
2014-04-28,9.347,11.926,18.142,27.601,257.9
2014-04-29,13.968,11.085,18.319,26.792,226.2
2014-04-30,0.0,12.59,17.785,28.125,265.2
2014-05-01,24.0,10.509,18.42,26.285,482.6
2014-05-02,1.992,10.013,18.208,25.562,275.5
2014-05-03,23.506,11.557,18.406,27.465,337.6
2014-05-04,16.06,11.095,17.962,26.625,387.1
2014-05-05,11.289,12.597,16.74,27.507,410.7
2014-05-06,32.46,9.471,18.854,25.538,580.1
2014-05-07,28.222,8.186,17.417,23.038,360.8
2014-05-08,2.867,8.73,17.889,24.007,305.9
2014-05-09,49.015,7.209,17.396,22.049,483.8
2014-05-10,3.968,8.327,18.33,23.976,413.1
2014-05-11,0.514,8.414,18.062,23.837,384.8
2014-05-12,0.0,10.628,17.215,25.681,300.2
2014-05-13,8.895,11.246,17.576,26.639,355.2
2014-05-14,3.23,10.411,18.351,26.281,256.7
2014-05-15,15.68,10.939,18.01,26.663,347.0
2014-05-16,6.167,12.29,17.34,27.753,299.8
2014-05-17,12.781,10.289,17.531,25.594,385.2
2014-05-18,6.653,10.2,17.733,25.622,221.8
2014-05-19,0.107,12.055,17.33,27.493,172.7
2014-05-20,9.553,11.418,17.51,26.882,244.5
2014-05-21,10.409,11.01,16.726,25.91,232.7
2014-05-22,8.933,11.416,18.524,27.628,356.6
2014-05-23,12.444,9.686,17.455,24.958,245.5
2014-05-24,15.331,11.686,17.938,27.573,431.8
2014-05-25,0.096,12.111,16.517,27.108,316.5
2014-05-26,0.084,12.449,17.056,27.892,246.4
2014-05-27,20.839,10.772,16.91,25.865,236.7
2014-05-28,1.288,10.613,17.139,25.802,188.2
2014-05-29,22.341,8.529,18.285,24.281,293.1
2014-05-30,18.835,11.713,15.986,26.333,357.6
2014-05-31,12.206,11.362,18.087,27.41,430.7
2014-06-01,7.109,11.159,17.413,26.705,272.8
2014-06-02,3.717,10.744,17.292,26.149,182.1
2014-06-03,2.38,12.761,16.094,27.736,166.3
2014-06-04,5.596,11.537,17.66,27.358,269.3
2014-06-05,3.406,11.465,17.503,27.191,246.8
2014-06-06,0.917,11.82,17.594,27.663,257.7
2014-06-07,14.455,11.472,16.889,26.736,285.5
2014-06-08,12.183,11.908,16.514,27.021,188.3
2014-06-09,1.695,12.621,16.722,28.024,161.7
2014-06-10,10.106,12.113,17.382,27.882,177.1
2014-06-11,9.928,12.104,16.538,27.309,159.9
2014-06-12,0.0,12.239,16.962,27.729,158.1
2014-06-13,0.0,13.421,16.924,29.118,138.3
2014-06-14,0.899,11.95,17.271,27.615,129.4
2014-06-15,8.397,11.908,16.997,27.399,146.1
2014-06-16,0.0,12.905,17.319,28.812,142.1
2014-06-17,0.0,13.022,16.858,28.646,153.5
2014-06-18,3.273,11.181,17.733,27.049,199.3
2014-06-19,0.0,10.969,17.469,26.635,119.7
2014-06-20,0.031,12.004,16.295,27.083,110.7
2014-06-21,0.0,13.873,15.851,29.024,106.5
2014-06-22,0.0,12.689,17.087,28.413,104.5
2014-06-23,0.31,12.917,17.392,28.906,102.4
2014-06-24,13.985,12.431,17.146,28.132,141.5
2014-06-25,28.209,10.398,17.226,25.771,228.2
2014-06-26,3.135,12.699,16.847,28.257,277.0
2014-06-27,0.0,13.093,17.042,28.878,252.6
2014-06-28,7.943,12.658,16.743,28.156,156.6
2014-06-29,2.538,14.172,17.24,30.292,126.4
2014-06-30,3.28,12.826,17.226,28.663,111.4
2014-07-01,6.985,12.057,17.524,27.951,121.9
2014-07-02,9.155,13.771,16.622,29.385,198.8
2014-07-03,5.835,13.352,17.434,29.438,155.1
2014-07-04,2.337,13.036,17.25,28.934,143.3
2014-07-05,8.198,12.769,17.545,28.785,122.7
2014-07-06,1.132,13.213,17.5,29.278,107.9
2014-07-07,2.966,12.35,16.562,27.632,150.5
2014-07-08,2.425,13.139,16.462,28.514,133.4
2014-07-09,0.0,13.341,16.243,28.583,98.18
2014-07-10,6.866,13.479,16.764,29.087,95.39
2014-07-11,0.84,13.182,16.632,28.622,98.18
2014-07-12,0.092,12.865,17.823,29.024,90.51
2014-07-13,0.0,14.144,16.677,29.802,87.72
2014-07-14,0.0,14.676,15.882,29.924,87.02
2014-07-15,0.0,14.283,16.045,29.517,175.8
2014-07-16,0.0,13.757,16.618,29.271,88.83
2014-07-17,0.0,14.435,15.983,29.646,100.8
2014-07-18,0.0,14.178,16.688,29.771,88.03
2014-07-19,0.0,14.347,17.153,30.264,81.67
2014-07-20,0.0,14.142,15.743,29.09,79.89
2014-07-21,1.147,14.181,16.438,29.576,79.89
2014-07-22,1.667,14.481,17.236,30.399,125.1
2014-07-23,0.0,13.697,17.5,29.67,79.3
2014-07-24,0.0,14.68,16.597,30.236,75.14
2014-07-25,0.0,15.328,16.875,31.139,75.14
2014-07-26,0.045,14.714,16.802,30.354,75.14
2014-07-27,4.203,12.798,17.688,28.677,112.9
2014-07-28,0.0,14.828,17.028,30.615,110.3
2014-07-29,0.0,14.234,16.222,29.372,128.8
2014-07-30,0.0,13.938,16.372,29.09,72.77
2014-07-31,0.0,14.606,16.583,30.021,72.77
2014-08-01,0.06,14.835,15.583,29.608,71.58
2014-08-02,10.563,11.963,17.399,27.399,86.66
2014-08-03,0.07,13.483,16.497,28.587,112.3
2014-08-04,6.36,14.144,15.889,28.99,83.66
2014-08-05,0.818,13.156,15.809,27.719,81.29
2014-08-06,2.621,11.536,17.708,27.122,72.17
2014-08-07,9.701,13.2,17.076,28.556,75.74
2014-08-08,1.427,12.563,16.743,27.594,72.17
2014-08-09,1.519,12.591,16.368,27.351,73.95
2014-08-10,10.263,13.187,16.632,28.243,70.39
2014-08-11,1.559,12.875,17.306,28.288,70.39
2014-08-12,15.041,12.818,17.542,28.351,257.9
2014-08-13,0.0,14.403,16.694,29.625,85.83
2014-08-14,15.709,13.324,16.462,28.198,81.08
2014-08-15,0.0,15.953,15.872,30.872,108.3
2014-08-16,0.0,14.703,16.403,29.75,77.52
2014-08-17,0.996,13.547,17.316,28.993,68.02
2014-08-18,3.074,14.062,16.698,29.128,73.36
2014-08-19,2.797,11.916,16.715,26.67,73.36
2014-08-20,0.0,14.838,15.826,29.476,75.14
2014-08-21,4.061,13.794,16.854,28.903,72.77
2014-08-22,0.0,14.514,16.062,29.208,88.89
2014-08-23,14.737,11.598,17.368,26.736,77.52
2014-08-24,1.022,12.173,17.521,27.472,77.52
2014-08-25,17.683,11.884,17.208,26.931,73.95
2014-08-26,4.764,11.842,16.969,26.674,76.33
2014-08-27,8.553,12.864,16.434,27.493,72.77
2014-08-28,21.856,12.159,15.875,26.274,140.2
2014-08-29,1.136,13.55,16.319,28.194,85.06
2014-08-30,0.0,15.592,15.49,30.035,91.05
2014-08-31,0.0,15.884,14.885,29.986,69.2
2014-09-01,0.0,16.007,16.219,30.951,145.2
2014-09-02,8.489,13.49,17.497,28.868,85.89
2014-09-03,4.715,14.519,16.059,29.108,112.4
2014-09-04,15.335,11.859,18.042,27.417,160.8
2014-09-05,0.473,13.668,17.451,29.052,123.3
2014-09-06,16.486,13.15,17.767,28.694,85.68
2014-09-07,5.475,14.658,16.431,29.49,70.39
2014-09-08,0.0,14.483,16.889,29.583,68.02
2014-09-09,0.0,16.092,15.281,30.403,75.14
2014-09-10,11.015,14.603,16.535,29.521,81.5
2014-09-11,19.153,10.978,17.174,25.799,83.66
2014-09-12,21.276,10.606,17.792,25.83,241.3
2014-09-13,21.18,12.297,17.306,27.389,246.1
2014-09-14,13.787,12.861,16.75,27.628,134.2
2014-09-15,15.936,11.4,18.038,26.927,152.6
2014-09-16,3.676,13.981,16.306,28.674,113.7
2014-09-17,8.665,13.936,16.16,28.542,196.2
2014-09-18,25.078,10.005,17.625,25.052,203.2
2014-09-19,7.385,11.284,16.885,25.983,141.3
2014-09-20,43.811,10.091,17.583,25.115,168.1
2014-09-21,15.951,9.866,17.361,24.74,153.5
2014-09-22,9.053,10.212,17.264,25.066,227.5
2014-09-23,24.683,9.942,16.372,24.128,237.1
2014-09-24,7.117,12.95,17.115,28.062,237.3
2014-09-25,9.699,11.825,18.031,27.427,212.9
2014-09-26,7.29,10.549,16.889,25.191,337.6
2014-09-27,1.153,10.881,18.177,26.514,167.2
2014-09-28,0.538,12.159,17.479,27.455,263.6
2014-09-29,0.987,13.801,17.139,29.132,167.2
2014-09-30,0.0,14.687,15.854,29.347,202.5
2014-10-01,2.572,14.778,16.583,29.92,113.6
2014-10-02,0.0,13.379,16.215,28.052,179.6
2014-10-03,0.0,13.551,16.653,28.552,120.6
2014-10-04,17.097,14.157,17.528,29.861,149.2
2014-10-05,11.387,11.873,18.003,27.58,114.4
2014-10-06,31.218,11.132,18.472,27.09,114.2
2014-10-07,35.704,9.435,18.521,25.264,236.0
2014-10-08,33.817,7.798,17.979,23.115,309.1
2014-10-09,45.821,6.953,17.142,21.618,319.2
2014-10-10,0.0,7.829,18.059,23.226,210.4
2014-10-11,1.1,9.112,17.938,24.559,174.5
2014-10-12,11.219,11.263,16.622,26.049,241.6
2014-10-13,21.173,11.075,18.385,27.062,298.1
2014-10-14,17.697,11.751,17.347,27.146,245.5
2014-10-15,9.369,11.383,17.139,26.597,235.0
2014-10-16,6.08,13.11,16.91,28.517,216.5
2014-10-17,14.042,11.674,17.392,27.16,249.9
2014-10-18,18.22,10.565,17.681,26.076,272.8
2014-10-19,20.07,6.815,17.757,22.08,371.5
2014-10-20,15.222,9.784,17.184,24.878,268.7
2014-10-21,0.0,12.153,16.378,27.104,196.0
2014-10-22,36.995,10.122,17.455,25.542,300.7
2014-10-23,1.8,12.688,16.604,27.965,217.2
2014-10-24,18.391,11.975,16.642,27.212,229.8
2014-10-25,1.686,9.056,17.823,24.618,241.9
2014-10-26,21.566,7.792,17.84,23.205,296.9
2014-10-27,0.185,8.701,17.135,23.757,222.5
2014-10-28,0.185,10.585,16.344,25.406,189.6
2014-10-29,17.597,9.516,17.024,24.622,265.9
2014-10-30,28.792,9.765,17.49,25.285,317.2
2014-10-31,21.789,9.562,17.642,25.17,349.7
2014-11-01,13.701,9.707,17.767,25.5,543.3
2014-11-02,2.63,9.352,17.618,24.976,324.0
2014-11-03,0.0,12.317,16.552,27.854,296.9
2014-11-04,13.001,10.946,17.24,26.615,301.6
2014-11-05,19.232,7.806,18.045,23.622,328.4
2014-11-06,5.477,8.128,18.278,24.184,312.1
2014-11-07,6.385,9.378,18.219,25.552,268.1
2014-11-08,38.159,7.754,18.983,24.354,368.4
2014-11-09,12.741,9.234,17.503,24.913,259.4
2014-11-10,4.623,7.75,18.01,23.625,249.9
2014-11-11,31.874,7.896,18.736,24.306,461.9
2014-11-12,10.856,6.744,18.139,22.562,436.6
2014-11-13,11.381,8.721,16.67,23.802,301.6
2014-11-14,4.081,8.165,18.135,24.201,443.3
2014-11-15,0.161,9.914,16.951,25.462,319.7
2014-11-16,0.24,9.308,17.521,25.156,360.0
2014-11-17,0.0,11.484,16.125,26.872,319.8
2014-11-18,22.662,11.002,16.451,26.503,325.2
2014-11-19,1.617,7.652,17.948,23.542,378.8
2014-11-20,0.0,9.202,17.392,24.99,253.3
2014-11-21,0.0,8.921,18.167,25.236,340.1
2014-11-22,16.6,8.475,17.698,24.33,414.6
2014-11-23,0.0,9.676,18.302,26.271,260.9
2014-11-24,0.0,10.978,17.139,27.097,264.8
2014-11-25,26.391,10.586,16.785,26.351,252.0
2014-11-26,22.364,7.906,16.771,23.021,460.5
2014-11-27,0.352,8.878,17.302,24.642,270.7
2014-11-28,0.0,10.23,17.781,26.66,303.2
2014-11-29,0.296,12.066,16.392,28.045,254.4
2014-11-30,14.071,10.044,18.247,26.809,294.9
2014-12-01,8.775,10.34,18.486,27.354,278.0
2014-12-02,0.0,10.434,17.108,26.493,232.7
2014-12-03,11.386,11.436,16.59,27.424,154.4
2014-12-04,0.0,10.898,17.556,27.41,156.2
2014-12-05,14.605,8.993,17.785,25.222,184.1
2014-12-06,13.535,7.711,17.625,23.542,363.5
2014-12-07,22.267,7.635,17.778,23.615,347.7
2014-12-08,41.866,8.502,17.698,24.601,187.8
2014-12-09,19.546,6.531,18.517,22.917,293.0
2014-12-10,7.179,9.176,17.26,25.108,261.6
2014-12-11,15.712,7.11,18.056,23.215,325.9
2014-12-12,9.682,10.307,16.951,26.299,191.9
2014-12-13,16.202,6.752,17.569,22.42,393.7
2014-12-14,2.711,8.151,17.639,24.149,402.5
2014-12-15,0.0,7.438,17.667,23.312,313.5
2014-12-16,0.0,8.937,17.878,25.316,353.2
2014-12-17,0.0,6.754,18.924,23.531,339.0
2014-12-18,0.24,9.573,17.333,25.688,299.6
2014-12-19,11.232,9.704,17.875,26.236,317.0
2014-12-20,17.397,9.24,18.868,26.385,418.0
2014-12-21,0.641,8.466,19.139,25.688,357.0
2014-12-22,0.543,10.274,18.0,27.045,402.7
2014-12-23,0.0,12.735,15.17,28.312,318.5
2014-12-24,0.0,12.685,14.677,27.917,337.3
2014-12-25,0.0,10.554,16.455,26.312,177.3
2014-12-26,0.0,11.848,15.528,27.365,228.2
2014-12-27,0.0,12.622,15.722,28.476,170.4
2014-12-28,0.0,11.888,16.132,27.785,309.5
2014-12-29,1.324,12.291,15.351,27.809,202.2
2014-12-30,12.191,12.106,15.146,27.424,262.8
2014-12-31,11.213,11.893,16.469,28.003,292.9
2015-01-01,3.644,11.883,16.924,28.271,389.1
2015-01-02,2.059,11.726,15.885,27.351,317.0
2015-01-03,0.0,13.563,14.358,28.753,146.6
2015-01-04,0.0,13.899,14.094,29.01,295.6
2015-01-05,0.0,12.498,14.965,27.708,149.8
2015-01-06,0.0,13.008,14.465,28.038,178.3
2015-01-07,0.0,13.229,13.524,27.719,136.2
2015-01-08,0.0,11.336,15.451,26.458,107.2
2015-01-09,0.0,11.561,16.312,27.292,108.6
2015-01-10,0.0,11.957,16.733,28.056,103.1
2015-01-11,0.0,12.341,16.906,28.653,101.7
2015-01-12,0.0,12.085,17.142,28.465,100.3
2015-01-13,6.192,11.53,16.802,27.528,138.7
2015-01-14,0.716,10.488,18.538,27.413,189.2
2015-01-15,29.226,9.74,18.608,26.528,223.3
2015-01-16,7.192,10.022,17.438,26.017,270.6
2015-01-17,14.74,8.849,17.035,24.288,347.0
2015-01-18,17.812,9.039,18.42,25.528,295.6
2015-01-19,17.137,8.617,18.708,25.229,438.7
2015-01-20,5.038,10.957,16.809,26.653,327.5
2015-01-21,12.453,8.282,17.024,23.493,338.3
2015-01-22,5.7,9.432,16.91,24.799,232.9
2015-01-23,4.022,10.035,17.16,25.694,356.6
2015-01-24,0.627,10.244,17.194,25.969,306.2
2015-01-25,22.669,10.049,17.236,25.712,369.7
2015-01-26,0.0,12.168,16.337,27.688,189.0
2015-01-27,26.078,8.925,18.226,25.09,409.8
2015-01-28,0.0,9.053,17.969,25.014,293.1
2015-01-29,0.0,11.113,17.375,27.01,261.4
2015-01-30,0.0,11.325,17.708,27.431,270.4
2015-01-31,19.387,10.163,17.542,25.951,320.2
2015-02-01,9.504,10.697,17.806,26.726,357.5
2015-02-02,0.0,12.032,16.49,27.382,313.5
2015-02-03,0.837,10.673,18.521,27.174,305.7
2015-02-04,0.0,12.097,16.358,27.319,304.4
2015-02-05,13.836,11.259,17.705,27.191,165.6
2015-02-06,15.234,8.258,18.226,24.111,374.9
2015-02-07,5.709,8.841,17.441,24.128,281.4
2015-02-08,19.432,6.72,18.076,22.295,330.0
2015-02-09,0.0,7.703,18.174,23.417,253.6
2015-02-10,7.063,7.336,18.024,22.875,189.2
2015-02-11,0.25,8.802,18.306,24.698,292.9
2015-02-12,0.0,10.708,18.194,26.726,293.1
2015-02-13,3.563,9.232,19.059,25.712,390.7
2015-02-14,10.059,11.333,17.472,26.91,327.5
2015-02-15,32.342,11.278,18.194,27.351,334.7
2015-02-16,12.207,12.723,17.368,28.413,272.5
2015-02-17,5.758,14.436,15.976,29.531,364.8
2015-02-18,0.408,11.131,18.365,27.222,312.3
2015-02-19,0.0,9.434,18.16,25.135,337.3
2015-02-20,0.0,9.943,18.222,25.701,307.2
2015-02-21,0.062,11.747,17.302,27.076,250.8
2015-02-22,0.0,11.588,18.795,27.938,320.8
2015-02-23,0.0,13.626,16.646,28.774,291.8
2015-02-24,0.815,12.773,16.819,27.872,293.1
2015-02-25,13.332,10.416,18.694,26.476,331.8
2015-02-26,0.0,11.955,17.521,27.378,202.1
2015-02-27,4.393,13.25,17.59,28.875,327.9
2015-02-28,11.249,12.804,17.497,28.281,313.3
2015-03-01,14.813,12.536,17.681,28.097,303.2
2015-03-02,10.637,11.3,17.542,26.528,312.0
2015-03-03,2.504,9.936,19.271,26.281,246.8
2015-03-04,2.609,11.552,18.913,27.76,277.6
2015-03-05,0.103,12.274,18.073,27.958,173.4
2015-03-06,1.42,9.852,18.976,25.951,337.3
2015-03-07,0.0,10.684,18.236,26.278,308.2
2015-03-08,1.633,11.802,18.708,27.833,312.1
2015-03-09,0.0,13.799,17.806,29.406,308.2
2015-03-10,0.0,13.571,18.41,29.538,224.3
2015-03-11,0.0,13.29,18.826,29.497,190.6
2015-03-12,1.591,13.93,17.628,29.389,194.5
2015-03-13,3.491,9.684,18.587,25.399,309.8
2015-03-14,10.599,9.881,18.358,25.431,140.8
2015-03-15,1.72,11.776,17.83,27.073,279.2
2015-03-16,6.004,10.148,19.344,26.42,242.6
2015-03-17,0.0,8.707,19.549,25.076,313.5
2015-03-18,39.173,7.427,18.865,23.247,373.9
2015-03-19,10.432,6.89,18.0,22.024,220.4
2015-03-20,0.0,10.031,18.021,25.285,178.6
2015-03-21,2.137,8.721,18.233,24.024,239.3
2015-03-22,0.0,11.104,18.017,26.434,265.6
2015-03-23,12.06,11.312,18.146,26.733,219.5
2015-03-24,7.539,10.719,18.861,26.611,382.9
2015-03-25,0.0,10.933,18.698,26.743,300.7
2015-03-26,12.518,10.164,19.229,26.285,395.1
2015-03-27,0.73,12.742,18.017,28.205,351.1
2015-03-28,0.944,11.434,17.444,26.354,331.8
2015-03-29,35.145,9.008,18.017,24.146,446.0
2015-03-30,0.072,11.977,15.844,25.844,186.4
2015-03-31,9.549,10.764,18.243,26.194,368.5
2015-04-01,15.561,11.133,18.632,26.861,371.0
2015-04-02,3.132,12.508,17.944,27.896,330.4
2015-04-03,16.82,10.176,18.149,25.497,306.3
2015-04-04,1.669,11.642,17.406,26.549,365.1
2015-04-05,16.962,10.465,17.76,25.51,599.7
2015-04-06,2.973,11.388,17.903,26.611,411.6
2015-04-07,21.591,10.978,17.976,26.243,467.9
2015-04-08,12.354,10.387,17.917,25.531,638.0
2015-04-09,0.0,12.206,17.58,27.306,356.5
2015-04-10,2.506,12.274,17.896,27.597,381.8
2015-04-11,18.866,10.066,17.604,24.951,362.1
2015-04-12,0.322,12.075,17.924,27.427,193.9
2015-04-13,5.156,11.662,18.247,27.191,401.5
2015-04-14,5.62,10.561,18.788,26.399,419.4
2015-04-15,15.384,11.344,18.014,26.715,402.7
2015-04-16,22.205,10.397,17.906,25.59,531.7
2015-04-17,6.128,9.197,18.26,24.562,372.6
2015-04-18,5.969,10.379,18.375,25.934,288.1
2015-04-19,24.38,8.74,17.712,23.691,343.5
2015-04-20,10.646,12.631,17.562,27.872,317.4
2015-04-21,20.291,10.35,17.944,25.628,353.8
2015-04-22,0.351,12.24,16.566,26.764,322.4
2015-04-23,15.522,12.722,17.823,28.181,402.5
2015-04-24,12.697,12.198,17.993,27.75,276.6
2015-04-25,14.94,10.689,18.198,26.233,267.7
2015-04-26,0.0,13.313,17.538,28.701,338.7
2015-04-27,0.0,14.406,17.33,29.812,320.4
2015-04-28,1.117,12.68,18.26,28.51,312.3
2015-04-29,0.063,13.468,17.583,28.958,303.2
2015-04-30,22.395,12.504,17.566,27.872,312.2
2015-05-01,10.262,11.124,18.556,27.069,547.9
2015-05-02,1.121,13.501,16.483,28.309,290.6
2015-05-03,15.339,10.471,18.521,26.302,217.5
2015-05-04,25.894,12.329,16.795,27.247,451.2
2015-05-05,0.0,12.8,17.236,28.073,196.7
2015-05-06,6.085,13.098,17.618,28.674,149.8
2015-05-07,5.769,14.085,17.656,29.851,188.2
2015-05-08,0.447,10.075,19.392,26.635,140.7
2015-05-09,0.204,11.545,17.681,26.983,146.1
2015-05-10,0.0,13.158,18.042,29.083,149.6
2015-05-11,0.0,12.636,19.222,29.344,147.6
2015-05-12,0.0,13.867,17.868,29.823,166.4
2015-05-13,1.134,12.107,18.944,28.566,195.5
2015-05-14,2.702,11.461,19.08,27.965,238.4
2015-05-15,22.734,10.233,18.931,26.51,259.0
2015-05-16,4.994,12.902,17.872,28.781,177.5
2015-05-17,4.6,11.828,17.972,27.604,126.2
2015-05-18,12.653,11.311,18.931,27.764,130.2
2015-05-19,5.485,12.255,19.069,28.906,152.0
2015-05-20,0.0,12.374,18.424,28.618,111.4
2015-05-21,21.842,12.392,18.431,28.663,230.6
2015-05-22,9.931,11.429,18.694,27.774,261.0
2015-05-23,0.0,13.836,17.559,29.774,139.1
2015-05-24,0.777,13.613,17.601,29.559,123.0
2015-05-25,19.878,10.497,18.462,26.58,168.1
2015-05-26,0.0,12.91,17.656,28.809,121.4
2015-05-27,20.092,11.281,19.01,27.878,214.5
2015-05-28,10.316,10.632,18.094,26.503,232.8
2015-05-29,14.028,9.16,18.625,25.264,343.0
2015-05-30,0.773,12.435,16.938,27.844,187.3
2015-05-31,17.837,13.757,16.625,29.212,227.2
2015-06-01,3.354,11.943,17.816,27.903,239.8
2015-06-02,0.0,13.07,17.389,28.938,165.4
2015-06-03,8.438,12.96,17.285,28.743,153.5
2015-06-04,0.361,13.215,17.576,29.253,140.7
2015-06-05,14.692,12.035,16.677,27.26,264.5
2015-06-06,0.0,12.636,17.003,28.194,154.1
2015-06-07,12.397,12.802,17.101,28.465,136.8
2015-06-08,7.742,11.53,17.795,27.451,156.1
2015-06-09,13.842,11.108,16.826,26.337,241.9
2015-06-10,13.648,11.694,16.757,26.934,427.1
2015-06-11,3.372,11.202,18.073,27.288,227.5
2015-06-12,4.255,13.952,16.361,29.42,177.4
2015-06-13,12.099,12.435,17.403,28.309,158.1
2015-06-14,0.356,13.547,17.375,29.611,141.5
2015-06-15,4.363,11.811,17.944,27.958,236.2
2015-06-16,2.545,13.223,17.691,29.444,174.8
2015-06-17,3.143,12.678,17.608,28.743,154.7
2015-06-18,0.459,13.227,17.691,29.458,127.8
2015-06-19,0.0,13.81,17.681,30.142,131.0
2015-06-20,0.0,12.907,17.49,28.951,192.0
2015-06-21,0.0,13.63,16.812,29.358,270.4
2015-06-22,0.0,12.204,17.795,28.316,138.7
2015-06-23,0.0,13.387,17.635,29.618,129.1
2015-06-24,0.0,13.754,18.069,30.344,99.57
2015-06-25,0.0,13.272,17.92,29.705,135.4
2015-06-26,0.0,10.579,17.639,26.306,96.09
2015-06-27,14.442,11.784,18.694,28.462,96.09
2015-06-28,0.0,13.122,17.111,28.951,92.6
2015-06-29,0.586,13.79,16.625,29.41,91.2
2015-06-30,0.0,13.82,16.604,29.455,89.81
2015-07-01,0.0,14.32,16.375,29.92,89.11
2015-07-02,0.0,14.507,17.448,30.823,87.72
2015-07-03,0.742,15.013,16.931,31.087,83.46
2015-07-04,2.971,14.0,17.566,30.274,93.01
2015-07-05,0.037,12.995,18.299,29.559,141.3
2015-07-06,5.184,11.998,18.951,28.837,200.3
2015-07-07,3.554,11.578,17.906,27.566,188.9
2015-07-08,8.593,12.739,16.854,28.219,220.7
2015-07-09,5.099,14.033,17.0,29.889,89.81
2015-07-10,7.513,13.574,17.028,29.347,101.0
2015-07-11,0.103,12.49,18.09,28.767,83.46
2015-07-12,1.019,12.235,17.566,28.09,88.62
2015-07-13,0.0,13.374,17.865,29.663,82.27
2015-07-14,0.103,12.887,17.854,29.045,81.67
2015-07-15,9.878,12.21,17.483,28.003,82.27
2015-07-16,11.564,13.541,16.983,29.24,238.4
2015-07-17,4.678,14.566,16.694,30.26,97.48
2015-07-18,6.9,12.1,17.417,27.802,95.31
2015-07-19,3.419,12.573,16.941,28.035,192.3
2015-07-20,3.873,12.177,16.91,27.479,127.8
2015-07-21,2.687,12.008,17.278,27.552,148.9
2015-07-22,7.175,12.947,17.681,28.913,284.5
2015-07-23,6.277,12.72,16.684,27.986,155.4
2015-07-24,0.0,13.967,16.045,29.021,115.6
2015-07-25,0.0,14.993,16.233,30.365,128.3
2015-07-26,0.0,14.032,16.323,29.226,91.9
2015-07-27,0.0,12.418,17.514,28.111,86.43
2015-07-28,0.0,13.844,16.344,28.983,84.64
2015-07-29,8.329,14.794,16.556,30.247,87.23
2015-07-30,12.36,10.609,17.375,25.882,90.02
2015-07-31,0.0,14.24,16.365,29.403,83.46
2015-08-01,0.0,14.423,16.097,29.458,81.67
2015-08-02,0.0,14.122,16.75,29.5,81.67
2015-08-03,3.946,15.025,16.267,30.257,81.08
2015-08-04,0.0,14.938,16.861,30.51,77.52
2015-08-05,0.0,15.457,17.306,31.368,76.33
2015-08-06,0.0,15.751,16.944,31.472,75.14
2015-08-07,3.548,12.811,19.111,29.486,73.95
2015-08-08,20.64,11.611,18.837,27.944,91.05
2015-08-09,17.369,11.003,17.365,26.135,113.9
2015-08-10,1.129,12.435,16.128,27.01,79.89
2015-08-11,10.673,13.648,17.056,28.983,76.33
2015-08-12,0.0,15.103,16.212,30.125,74.55
2015-08-13,0.0,13.187,17.128,28.479,72.77
2015-08-14,17.363,13.924,16.392,28.837,75.74
2015-08-15,0.088,13.223,16.319,27.976,73.95
2015-08-16,0.0,13.714,16.212,28.462,71.58
2015-08-17,3.14,14.226,17.337,29.778,71.58
2015-08-18,2.249,14.782,16.601,29.938,75.74
2015-08-19,0.0,15.067,17.101,30.559,70.39
2015-08-20,8.244,15.537,16.872,30.941,69.2
2015-08-21,16.182,13.955,16.649,28.948,93.64
2015-08-22,7.819,13.53,17.986,29.365,73.95
2015-08-23,8.467,14.452,17.132,29.84,78.71
2015-08-24,15.063,14.409,18.358,30.556,89.87
2015-08-25,0.49,15.104,16.774,30.302,76.92
2015-08-26,19.333,13.907,17.851,29.649,142.3
2015-08-27,9.939,12.63,18.056,28.33,112.3
2015-08-28,4.294,14.117,17.931,29.924,136.0
2015-08-29,0.0,16.266,16.917,31.694,108.8
2015-08-30,0.0,15.527,15.569,30.003,81.08
2015-08-31,12.961,14.806,16.892,30.0,77.52
2015-09-01,1.64,14.814,17.448,30.368,76.33
2015-09-02,1.745,15.199,16.139,29.934,75.14
2015-09-03,9.361,15.065,16.771,30.17,74.55
2015-09-04,0.0,15.291,16.819,30.514,71.58
2015-09-05,0.609,15.889,17.323,31.476,76.33
2015-09-06,18.669,13.147,17.365,28.396,126.5
2015-09-07,0.173,14.042,16.955,29.142,78.11
2015-09-08,11.304,14.786,17.59,30.438,72.77
2015-09-09,0.196,15.644,17.562,31.389,75.14
2015-09-10,23.655,13.911,18.066,29.712,98.18
2015-09-11,16.615,10.022,17.427,24.903,139.7
2015-09-12,0.0,15.598,15.462,29.976,89.42
2015-09-13,0.0,17.191,14.469,31.219,76.33
2015-09-14,0.0,16.672,14.698,30.76,73.95
2015-09-15,5.319,16.181,15.983,30.979,86.27
2015-09-16,0.0,16.304,16.597,31.5,72.17
2015-09-17,21.196,12.882,18.149,28.604,156.7
2015-09-18,1.133,12.588,17.934,28.149,78.71
2015-09-19,24.73,11.271,18.174,26.833,125.4
2015-09-20,19.239,10.36,18.562,26.153,169.9
2015-09-21,5.818,13.526,17.056,28.646,101.7
2015-09-22,5.253,12.948,18.601,29.052,110.4
2015-09-23,1.126,13.294,18.698,29.528,114.8
2015-09-24,9.69,14.144,17.934,29.969,106.8
2015-09-25,0.0,14.619,17.83,30.497,88.62
2015-09-26,0.0,15.937,16.372,31.035,81.67
2015-09-27,0.0,15.61,16.733,30.92,78.71
2015-09-28,2.087,15.833,16.951,31.333,129.4
2015-09-29,0.777,15.021,17.483,30.75,154.5
2015-09-30,24.302,11.185,17.476,26.347,182.1
2015-10-01,0.0,9.07,17.986,24.431,121.2
2015-10-02,5.774,10.912,18.087,26.535,98.59
2015-10-03,26.508,10.683,18.757,26.764,175.4
2015-10-04,0.0,13.443,18.816,29.934,100.3
2015-10-05,19.474,14.67,16.986,30.142,81.67
2015-10-06,4.284,14.717,17.601,30.601,78.71
2015-10-07,14.912,14.54,17.531,30.399,77.52
2015-10-08,2.611,12.316,18.833,28.729,76.33
2015-10-09,38.956,12.985,17.472,28.538,184.8
2015-10-10,0.0,12.595,17.549,28.198,85.94
2015-10-11,46.297,9.221,17.635,24.403,233.0
2015-10-12,0.289,11.339,18.361,27.378,211.6
2015-10-13,15.584,11.126,17.649,26.622,96.78
2015-10-14,35.709,10.858,16.969,25.872,191.8
2015-10-15,0.655,8.737,18.83,24.861,119.2
2015-10-16,18.115,10.38,17.667,25.816,122.2
2015-10-17,1.895,12.652,17.389,28.316,113.7
2015-10-18,26.289,11.75,18.677,28.174,119.7
2015-10-19,2.149,13.959,16.444,29.285,119.2
2015-10-20,0.0,14.193,17.361,30.163,96.78
2015-10-21,17.567,13.933,17.319,29.917,93.99
2015-10-22,5.695,11.93,18.538,28.351,97.48
2015-10-23,24.931,10.68,18.747,27.128,298.4
2015-10-24,1.236,10.087,17.594,25.611,204.8
2015-10-25,12.455,9.426,18.111,25.24,136.2
2015-10-26,8.639,8.401,18.535,24.427,223.2
2015-10-27,3.211,7.898,18.802,24.132,127.8
2015-10-28,0.0,12.176,17.278,27.927,114.5
2015-10-29,31.773,10.993,17.285,26.604,184.3
2015-10-30,30.363,12.471,17.226,28.354,313.9
2015-10-31,0.0,9.747,17.677,25.403,154.4
2015-11-01,12.739,8.895,18.451,25.021,193.7
2015-11-02,9.105,7.857,17.42,23.083,208.3
2015-11-03,0.0,9.305,17.941,25.17,162.6
2015-11-04,16.005,8.412,18.639,24.701,233.7
2015-11-05,31.51,6.39,18.479,22.413,357.1
2015-11-06,7.315,8.218,18.434,24.389,206.3
2015-11-07,1.109,8.35,18.698,24.708,192.6
2015-11-08,5.797,10.621,17.021,26.163,154.4
2015-11-09,1.942,10.378,17.872,26.517,139.9
2015-11-10,25.549,12.269,17.066,28.302,177.5
2015-11-11,0.629,11.119,17.531,27.233,147.3
2015-11-12,2.988,11.76,18.118,28.458,140.0
2015-11-13,10.984,12.172,17.812,28.736,140.7
2015-11-14,1.378,11.565,18.545,28.535,130.2
2015-11-15,18.589,10.184,19.729,27.767,148.6
2015-11-16,22.002,10.103,18.684,26.906,150.8
2015-11-17,28.621,8.015,18.837,24.618,305.7
2015-11-18,1.394,7.23,18.389,23.458,165.4
2015-11-19,0.0,9.238,18.003,25.472,168.1
2015-11-20,0.0,9.783,17.965,26.087,191.2
2015-11-21,11.122,8.697,19.0,25.597,191.2
2015-11-22,14.335,10.037,19.069,27.233,219.0
2015-11-23,21.007,9.708,17.767,25.969,303.6
2015-11-24,0.0,10.832,17.969,27.493,158.1
2015-11-25,17.262,10.802,17.872,27.41,421.8
2015-11-26,0.0,11.487,17.42,27.924,250.5
2015-11-27,7.589,9.808,17.764,26.111,189.1
2015-11-28,5.02,7.449,19.361,24.559,148.0
2015-11-29,0.0,9.59,18.809,26.639,149.1
2015-11-30,3.094,9.959,19.201,27.368,131.8
2015-12-01,1.349,9.473,19.424,26.986,125.4
2015-12-02,0.134,11.018,18.743,28.358,137.2
2015-12-03,0.0,11.176,17.698,27.851,113.5
2015-12-04,34.088,9.702,18.451,26.562,109.3
2015-12-05,0.0,12.051,17.344,28.747,105.9
2015-12-06,14.279,12.347,17.104,28.965,114.3
2015-12-07,4.696,10.874,18.569,28.101,116.6
2015-12-08,5.722,10.979,18.003,27.885,139.7
2015-12-09,0.0,12.277,17.434,29.128,105.2
2015-12-10,2.967,12.027,18.41,29.49,102.4
2015-12-11,0.766,12.012,17.566,28.91,97.48
2015-12-12,0.0,14.221,15.559,30.462,95.39
2015-12-13,0.0,12.19,17.052,28.788,91.9
2015-12-14,3.356,10.839,18.09,27.792,105.9
2015-12-15,28.86,10.5,17.847,27.191,217.5
2015-12-16,0.0,11.045,17.993,27.972,108.6
2015-12-17,3.504,9.295,18.986,26.524,181.5
2015-12-18,4.923,10.169,17.378,26.465,109.3
2015-12-19,16.628,10.741,19.139,28.431,134.6
2015-12-20,2.769,11.32,18.892,28.962,101.7
2015-12-21,2.124,13.001,17.382,30.076,95.39
2015-12-22,0.0,13.375,16.344,29.882,92.6
2015-12-23,0.0,13.214,16.972,30.073,89.81
2015-12-24,0.0,13.504,16.601,30.201,87.02
2015-12-25,0.0,13.795,16.503,30.503,84.64
2015-12-26,0.0,13.415,16.458,29.979,84.05
2015-12-27,0.0,13.72,17.024,30.715,83.46
2015-12-28,10.313,12.902,17.632,30.052,81.08
2015-12-29,0.0,13.878,17.865,31.441,79.89
2015-12-30,0.0,13.347,17.969,30.837,78.11
2015-12-31,0.0,12.534,18.299,29.997,77.52
2016-01-01,0.0,12.792,17.875,30.045,76.135
2016-01-02,1.359,8.779,19.17,26.024,82.715
2016-01-03,0.0,12.663,17.653,29.663,80.34
2016-01-04,32.86,9.302,19.188,26.59,96.802
2016-01-05,20.526,10.148,18.691,27.257,93.195
2016-01-06,13.164,9.279,19.538,26.812,88.808
2016-01-07,3.231,10.32,19.708,28.156,91.494
2016-01-08,26.283,9.145,20.191,27.128,114.361
2016-01-09,0.0,11.268,19.344,29.028,92.077
2016-01-10,0.0,9.687,19.059,26.868,100.037
2016-01-11,0.0,9.809,17.858,26.135,92.533
2016-01-12,0.0,12.91,16.51,29.073,84.849
2016-01-13,0.0,11.06,18.299,28.007,80.934
2016-01-14,1.329,12.376,18.049,29.399,80.934
2016-01-15,0.0,13.557,16.792,30.024,77.297
2016-01-16,0.0,14.665,15.931,30.837,91.4
2016-01-17,0.0,14.518,16.309,30.868,80.945
2016-01-18,0.0,13.233,17.802,30.212,73.364
2016-01-19,0.0,12.839,16.611,28.896,71.583
2016-01-20,0.0,13.29,16.344,29.233,70.989
2016-01-21,0.0,13.469,17.344,30.066,70.543
2016-01-22,0.0,12.297,19.642,30.184,72.993
2016-01-23,6.334,12.428,18.983,29.899,90.468
2016-01-24,0.0,10.861,19.09,28.066,77.854
2016-01-25,0.0,10.936,19.024,28.038,81.75
2016-01-26,0.0,13.815,17.024,30.177,73.586
2016-01-27,0.0,13.941,17.958,30.91,72.622
2016-01-28,0.0,13.259,16.861,29.319,71.583
2016-01-29,0.0,11.886,19.611,29.49,139.199
2016-01-30,0.0,11.746,19.205,29.007,99.603
2016-01-31,0.0,14.254,17.049,30.549,79.895
2016-02-01,0.0,14.36,15.882,29.906,73.958
2016-02-02,0.0,14.987,16.67,31.135,70.618
2016-02-03,0.0,12.809,18.931,29.969,74.032
2016-02-04,0.0,11.377,19.878,28.906,74.7
2016-02-05,2.128,10.4,19.517,27.507,86.377
2016-02-06,0.0,13.166,17.729,29.51,79.379
2016-02-07,0.0,13.29,18.118,29.851,85.466
2016-02-08,9.394,9.727,19.865,26.955,192.081
2016-02-09,0.0,13.88,17.434,30.007,97.496
2016-02-10,0.0,13.12,19.01,30.167,98.418
2016-02-11,5.09,13.244,18.764,30.122,223.915
2016-02-12,0.917,11.775,20.229,29.424,134.338
2016-02-13,0.0,11.922,19.16,28.781,115.834
2016-02-14,0.0,11.121,20.799,29.101,128.019
2016-02-15,0.0,13.512,18.663,30.26,167.81
2016-02-16,0.0,15.139,19.233,32.469,190.716
2016-02-17,3.343,12.816,19.663,30.069,170.256
2016-02-18,4.281,14.178,18.983,31.122,105.63
2016-02-19,30.999,13.467,19.257,30.49,276.783
2016-02-20,0.194,11.744,20.59,29.455,259.487
2016-02-21,13.271,7.809,20.247,25.021,371.573
2016-02-22,10.995,9.498,18.969,25.764,238.453
2016-02-23,5.868,13.084,19.455,30.035,209.775
2016-02-24,19.694,11.74,19.191,28.33,228.621
2016-02-25,21.024,9.18,19.153,25.524,363.665
2016-02-26,0.0,10.588,18.601,26.597,243.882
2016-02-27,0.0,12.4,19.882,29.5,204.905
2016-02-28,3.267,12.299,19.882,29.385,188.666
2016-03-01,9.496,12.672,19.965,29.826,239.309
2016-03-02,9.998,11.541,19.358,28.111,258.328
2016-03-03,1.065,12.035,20.271,29.319,214.592
2016-03-04,0.0,11.529,19.997,28.524,273.766
2016-03-05,3.161,12.035,20.069,29.101,265.605
2016-03-06,14.912,9.09,19.507,25.531,207.256
2016-03-07,8.394,11.205,18.392,26.955,274.659
2016-03-08,0.147,11.144,19.417,27.604,245.459
2016-03-09,2.629,11.604,19.594,28.226,252.128
2016-03-10,14.683,12.085,20.122,29.108,301.613
2016-03-11,1.314,11.75,19.906,28.569,226.046
2016-03-12,0.0,11.396,20.535,28.635,156.8
2016-03-13,0.0,11.108,20.601,28.382,209.964
2016-03-14,29.934,10.407,19.941,27.142,255.728
2016-03-15,0.0,13.537,19.542,30.219,162.922
2016-03-16,0.0,13.801,19.517,30.444,151.141
2016-03-17,25.709,11.404,20.104,28.278,223.496
2016-03-18,6.471,14.105,18.497,30.08,234.332
2016-03-19,0.0,14.064,20.115,31.149,189.252
2016-03-20,7.787,14.057,19.663,30.837,168.863
2016-03-21,8.854,12.256,19.896,29.021,185.172
2016-03-22,0.0,13.922,20.403,31.177,135.665
2016-03-23,8.683,14.328,19.597,31.052,127.047
2016-03-24,0.0,16.59,18.024,32.476,218.056
2016-03-25,0.0,16.149,18.694,32.451,247.871
2016-03-26,0.0,17.049,18.444,33.253,237.517
2016-03-27,0.0,15.485,20.656,32.976,139.261
2016-03-28,3.792,11.156,20.486,28.243,172.768
2016-03-29,6.039,13.379,20.226,30.413,118.392
2016-03-30,15.297,10.922,20.351,27.938,208.661
2016-03-31,18.263,11.895,18.618,27.67,148.066
2016-04-01,7.992,10.906,18.75,26.712,189.747
2016-04-02,35.171,8.69,19.122,24.719,254.453
2016-04-03,0.0,9.968,19.427,26.215,135.255
2016-04-04,0.0,10.074,18.583,25.681,118.822
2016-04-05,0.0,12.237,18.941,28.309,110.35
2016-04-06,13.073,11.066,19.087,27.132,221.963
2016-04-07,6.81,11.434,20.337,28.441,132.49
2016-04-08,7.008,12.642,19.618,29.233,187.862
2016-04-09,24.814,10.014,20.149,26.861,232.813
2016-04-10,4.518,11.247,19.34,27.535,137.4
2016-04-11,12.306,10.838,19.531,27.271,218.934
2016-04-12,27.943,6.364,19.385,22.667,288.138
2016-04-13,0.0,7.984,18.774,23.767,273.556
2016-04-14,0.0,11.883,18.104,27.368,179.617
2016-04-15,0.088,11.347,20.444,28.5,250.992
2016-04-16,9.1,11.089,20.042,27.903,271.301
2016-04-17,24.702,8.988,19.42,25.281,239.851
2016-04-18,0.0,12.135,19.628,28.778,159.933
2016-04-19,0.0,12.161,19.24,28.521,273.834
2016-04-20,6.348,12.904,18.396,28.75,264.139
2016-04-21,9.54,13.179,19.038,29.51,251.873
2016-04-22,2.321,11.904,19.573,28.507,218.47
2016-04-23,2.858,12.264,19.024,28.521,135.867
2016-04-24,8.187,8.269,18.837,24.205,228.179
2016-04-25,19.926,9.934,19.083,26.059,205.74
2016-04-26,0.293,10.34,19.229,26.625,130.323
2016-04-27,21.275,10.076,18.684,25.927,177.272
2016-04-28,6.739,10.885,17.969,26.351,163.706
2016-04-29,20.345,10.76,18.622,26.677,218.509
2016-04-30,4.2,11.41,18.292,27.146,169.527
2016-05-01,12.136,7.288,19.285,23.656,151.351
2016-05-02,12.146,9.421,18.951,25.493,179.973
2016-05-03,4.357,9.378,18.299,24.965,294.269
2016-05-04,41.458,9.352,18.212,24.889,325.975
2016-05-05,0.0,12.67,17.663,28.191,171.412
2016-05-06,20.651,9.692,19.396,26.177,188.31
2016-05-07,38.535,10.451,18.361,26.233,241.151
2016-05-08,1.213,9.571,18.507,25.434,220.389
2016-05-09,28.643,11.102,18.368,27.017,383.349
2016-05-10,22.16,6.841,18.365,22.448,269.409
2016-05-11,0.0,9.996,18.184,25.642,216.243
2016-05-12,0.045,12.178,18.608,28.444,185.992
2016-05-13,0.415,10.801,18.424,26.767,299.681
2016-05-14,2.34,12.365,17.542,27.938,307.593
2016-05-15,0.169,12.893,17.976,28.837,297.515
2016-05-16,0.0,13.271,17.635,29.09,268.025
2016-05-17,0.755,13.514,18.122,29.712,227.57
2016-05-18,8.42,12.698,18.448,29.0,208.603
2016-05-19,3.044,11.37,19.469,28.24,254.896
2016-05-20,0.0,13.587,18.701,30.219,178.39
2016-05-21,29.35,13.714,19.372,30.844,202.537
2016-05-22,3.686,12.82,19.524,29.944,205.357
2016-05-23,3.548,13.392,19.427,30.538,178.275
2016-05-24,3.998,12.401,18.962,29.101,160.631
2016-05-25,13.913,13.121,17.535,28.958,183.592
2016-05-26,27.588,7.768,18.826,23.868,251.454
2016-05-27,0.073,10.928,18.208,26.924,167.319
2016-05-28,11.148,9.646,19.736,26.681,205.481
2016-05-29,4.441,9.419,19.208,25.972,130.429
2016-05-30,10.179,11.273,18.264,27.389,172.418
2016-05-31,19.16,11.117,17.708,26.795,168.718
2016-06-01,0.0,10.737,17.368,26.177,124.857
2016-06-02,9.059,11.386,18.101,27.444,123.971
2016-06-03,6.714,11.399,17.274,26.92,124.446
2016-06-04,5.915,13.422,16.868,29.045,149.825
2016-06-05,1.264,14.807,16.757,30.646,124.176
2016-06-06,7.346,11.875,17.233,27.455,208.024
2016-06-07,2.249,9.522,17.24,24.74,121.724
2016-06-08,2.081,12.702,16.701,28.101,123.903
2016-06-09,6.086,11.353,18.597,27.826,139.221
2016-06-10,13.514,11.638,17.75,27.587,168.828
2016-06-11,0.0,12.68,17.316,28.51,122.51
2016-06-12,10.477,13.424,16.76,29.062,183.303
2016-06-13,7.989,11.97,17.851,28.069,217.226
2016-06-14,2.864,11.44,17.677,27.288,123.868
2016-06-15,1.113,12.349,17.569,28.333,149.797
2016-06-16,4.163,14.642,15.542,29.771,139.379
2016-06-17,0.0,14.357,16.549,30.062,141.306
2016-06-18,2.072,12.675,17.438,28.625,186.784
2016-06-19,8.114,12.48,17.736,28.59,105.119
2016-06-20,0.835,12.424,17.069,28.08,90.159
2016-06-21,0.691,12.064,17.622,28.014,88.415
2016-06-22,0.0,13.545,17.531,29.736,118.131
2016-06-23,0.0,13.039,17.948,29.389,89.234
2016-06-24,3.401,10.976,17.646,26.774,84.793
2016-06-25,2.365,13.349,17.233,29.319,90.64
2016-06-26,9.404,11.732,17.653,27.667,109.915
2016-06-27,0.0,14.086,16.875,29.934,85.343
2016-06-28,0.0,13.824,17.615,30.101,82.122
2016-06-29,0.0,13.953,17.458,30.167,82.27
2016-06-30,2.861,12.846,17.632,28.955,84.348
2016-07-01,8.433,12.254,17.833,28.351,86.361
2016-07-02,7.742,12.717,17.219,28.493,80.015
2016-07-03,7.387,11.898,17.569,27.757,93.305
2016-07-04,2.408,13.731,17.75,30.056,79.698
2016-07-05,9.755,11.897,16.868,27.309,78.93
2016-07-06,3.37,10.615,17.399,26.115,108.114
2016-07-07,2.558,13.26,16.715,28.785,102.134
2016-07-08,0.0,13.909,18.059,30.458,80.748
2016-07-09,0.0,15.303,16.573,31.142,95.659
2016-07-10,0.909,13.882,17.698,30.163,78.924
2016-07-11,0.073,13.896,17.503,30.038,86.495
2016-07-12,10.862,14.805,16.16,30.229,99.356
2016-07-13,9.247,12.327,17.993,28.503,82.032
2016-07-14,16.043,12.648,17.75,28.674,80.934
2016-07-15,13.969,12.946,17.41,28.799,110.084
2016-07-16,9.513,9.847,16.757,24.684,197.051
2016-07-17,0.359,13.095,16.802,28.528,120.501
2016-07-18,6.557,10.925,17.812,26.677,98.354
2016-07-19,0.0,13.013,16.771,28.413,103.779
2016-07-20,3.188,12.802,16.413,27.92,96.912
2016-07-21,2.995,12.858,16.302,27.885,107.997
2016-07-22,6.476,13.066,16.639,28.392,83.639
2016-07-23,0.043,13.909,16.705,29.378,89.239
2016-07-24,7.188,12.816,16.333,27.799,175.849
2016-07-25,10.785,12.638,16.67,27.774,226.17
2016-07-26,2.701,14.606,15.872,29.601,148.893
2016-07-27,6.478,12.899,16.635,28.066,154.316
2016-07-28,2.736,13.988,16.493,29.229,96.959
2016-07-29,2.616,13.795,16.101,28.726,89.81
2016-07-30,0.0,12.457,17.323,27.944,87.725
2016-07-31,6.005,14.269,15.698,29.021,100.298
2016-08-01,5.757,14.17,16.17,29.181,95.442
2016-08-02,1.029,13.586,17.111,29.08,81.231
2016-08-03,0.109,13.821,16.771,29.122,83.68
2016-08-04,5.74,12.571,16.316,27.344,120.34
2016-08-05,0.0,14.049,15.743,28.681,80.043
2016-08-06,0.0,14.184,18.472,30.649,126.856
2016-08-07,0.0,13.17,18.778,29.667,98.585
2016-08-08,10.779,14.237,17.625,30.09,89.257
2016-08-09,2.152,12.993,18.528,29.271,99.408
2016-08-10,12.145,13.708,18.017,29.681,111.597
2016-08-11,10.751,14.394,17.087,29.858,143.84
2016-08-12,11.673,14.403,17.628,30.226,152.858
2016-08-13,12.628,14.136,17.792,29.997,180.558
2016-08-14,11.32,13.942,18.108,29.983,95.456
2016-08-15,3.641,12.448,18.378,28.462,104.126
2016-08-16,5.347,14.486,17.958,30.514,122.855
2016-08-17,4.187,14.451,17.944,30.448,90.741
2016-08-18,9.787,12.001,18.878,28.295,82.199
2016-08-19,3.677,15.214,15.892,29.924,81.676
2016-08-20,0.0,15.534,17.101,31.066,74.254
2016-08-21,0.0,15.088,17.132,30.58,72.77
2016-08-22,0.0,13.914,17.08,29.184,72.622
2016-08-23,0.0,16.091,15.458,30.639,76.926
2016-08-24,12.209,14.201,16.965,29.41,81.116
2016-08-25,0.699,13.829,19.153,30.451,81.405
2016-08-26,19.421,13.462,17.851,29.104,88.457
2016-08-27,2.512,13.359,16.806,28.302,121.636
2016-08-28,20.767,14.255,16.76,29.288,92.129
2016-08-29,0.0,15.222,16.816,30.438,104.791
2016-08-30,28.769,13.674,17.392,29.021,280.407
2016-08-31,0.0,13.687,17.003,28.799,124.762
2016-09-01,26.262,12.51,16.333,26.979,216.626
2016-09-02,0.723,12.089,16.75,26.816,110.278
2016-09-03,3.236,14.984,16.069,29.663,135.488
2016-09-04,21.921,13.414,17.417,28.694,261.807
2016-09-05,22.315,13.261,16.934,28.201,247.886
2016-09-06,9.213,13.539,17.493,28.924,217.591
2016-09-07,9.222,10.648,18.333,26.25,202.147
2016-09-08,0.0,14.664,15.854,29.122,151.745
2016-09-09,10.275,12.525,18.083,28.177,141.688
2016-09-10,13.808,12.87,17.333,28.066,158.368
2016-09-11,21.767,12.19,17.903,27.663,202.51
2016-09-12,18.166,12.801,17.632,28.16,213.688
2016-09-13,0.0,10.729,17.465,25.722,169.843
2016-09-14,7.827,11.62,17.514,26.788,245.614
2016-09-15,26.103,12.525,15.826,26.625,229.369
2016-09-16,0.0,13.895,17.438,29.309,156.339
2016-09-17,5.434,14.913,17.028,30.194,175.625
2016-09-18,3.206,13.78,17.003,28.882,142.858
2016-09-19,5.65,12.801,17.524,28.122,134.429
2016-09-20,0.939,13.943,17.34,29.309,121.429
2016-09-21,9.079,11.778,17.75,27.108,147.727
2016-09-22,1.478,13.082,16.476,27.778,124.904
2016-09-23,5.56,13.5,17.003,28.597,197.727
2016-09-24,6.004,11.673,18.174,27.34,119.17
2016-09-25,14.271,13.712,17.09,28.927,110.936
2016-09-26,1.195,13.891,17.681,29.524,107.073
2016-09-27,22.828,14.164,17.378,29.663,118.607
2016-09-28,15.715,14.091,17.712,29.837,133.965
2016-09-29,10.704,13.474,17.587,29.042,169.468
2016-09-30,11.796,12.6,17.615,28.09,145.457
2016-10-01,26.269,9.17,18.097,24.587,161.142
2016-10-02,0.0,10.403,18.191,26.042,125.378
2016-10-03,15.953,9.603,17.951,25.0,121.959
2016-10-04,1.555,11.717,19.122,28.201,151.586
2016-10-05,41.584,10.19,17.882,25.618,200.369
2016-10-06,0.0,10.251,18.483,26.153,139.188
2016-10-07,29.729,8.483,18.247,24.028,206.845
2016-10-08,0.786,9.285,17.444,24.358,166.995
2016-10-09,28.19,10.302,18.365,26.163,314.307
2016-10-10,32.074,10.287,16.958,25.139,305.909
2016-10-11,19.73,11.337,17.938,27.031,427.621
2016-10-12,37.847,8.874,18.003,24.34,427.687
2016-10-13,0.0,11.103,17.028,26.184,275.495
2016-10-14,24.728,10.218,18.205,26.042,350.129
2016-10-15,3.159,10.262,18.677,26.49,212.65
2016-10-16,30.721,11.094,18.115,26.993,216.971
2016-10-17,7.309,10.199,18.722,26.458,269.719
2016-10-18,32.033,9.206,18.271,25.014,308.283
2016-10-19,0.0,12.372,17.014,27.795,268.676
2016-10-20,18.974,11.329,18.312,27.5,404.567
2016-10-21,8.936,12.166,17.326,27.844,312.679
2016-10-22,12.641,12.244,17.01,27.719,482.395
2016-10-23,30.094,10.428,17.788,26.181,433.189
2016-10-24,0.0,10.39,18.212,26.434,280.3
2016-10-25,25.571,8.058,17.812,23.497,427.023
2016-10-26,18.31,9.062,17.958,24.778,258.459
2016-10-27,8.75,9.28,18.503,25.455,278.089
2016-10-28,4.596,9.904,18.288,26.028,300.776
2016-10-29,43.321,7.478,17.653,22.84,288.967
2016-10-30,0.0,11.975,15.722,26.747,219.611
2016-10-31,14.279,10.412,17.653,26.201,306.649
2016-11-01,32.712,7.787,17.542,23.163,289.236
2016-11-02,14.897,7.932,18.347,23.931,301.706
2016-11-03,0.56,10.113,17.986,26.167,354.664
2016-11-04,4.667,8.301,19.306,25.115,344.204
2016-11-05,0.0,10.315,17.955,26.427,222.582
2016-11-06,1.322,9.385,19.198,26.271,332.878
2016-11-07,30.943,8.214,18.858,24.736,348.058
2016-11-08,2.216,9.696,16.924,25.059,234.61
2016-11-09,13.957,10.328,18.899,27.253,346.177
2016-11-10,40.909,9.019,18.997,25.788,590.559
2016-11-11,65.083,6.977,18.125,22.816,590.806
2016-11-12,6.43,9.187,16.597,24.24,428.202
2016-11-13,0.272,8.993,19.229,26.0,388.367
2016-11-14,32.223,8.121,17.729,23.858,423.058
2016-11-15,15.872,8.016,17.67,23.715,439.957
2016-11-16,2.169,9.105,17.649,24.986,346.525
2016-11-17,5.413,8.216,18.128,24.312,352.265
2016-11-18,29.226,8.04,18.788,24.649,352.488
2016-11-19,54.385,7.959,17.469,23.538,519.824
2016-11-20,4.098,8.619,17.601,24.455,305.635
2016-11-21,0.0,12.568,14.549,27.368,391.174
2016-11-22,0.0,12.169,13.969,26.493,350.164
2016-11-23,0.0,9.373,17.931,25.667,361.484
2016-11-24,0.963,9.727,18.434,26.465,304.36
2016-11-25,24.814,5.788,18.868,22.382,305.703
2016-11-26,19.913,9.419,17.493,25.424,326.04
2016-11-27,25.762,7.527,17.788,23.427,503.843
2016-11-28,19.528,7.491,19.09,24.41,317.019
2016-11-29,28.899,6.088,18.75,22.601,365.512
2016-11-30,0.0,9.443,17.583,25.59,349.44
2016-12-01,32.276,6.99,19.944,24.556,391.804
2016-12-02,3.787,6.474,18.736,22.986,371.546
2016-12-03,41.846,6.578,17.618,22.24,449.133
2016-12-04,0.0,9.523,17.476,25.649,398.492
2016-12-05,9.334,8.811,17.34,24.656,334.695
2016-12-06,0.0,11.394,16.465,27.378,285.078
2016-12-07,21.776,10.423,17.306,26.698,451.147
2016-12-08,0.0,8.946,17.354,24.903,381.428
2016-12-09,22.727,7.927,18.031,24.174,436.0
2016-12-10,21.63,8.433,18.451,25.069,573.893
2016-12-11,9.122,10.707,16.906,26.823,391.692
2016-12-12,5.851,10.499,17.389,26.92,391.002
2016-12-13,12.658,10.339,17.139,26.552,350.688
2016-12-14,2.593,11.128,16.944,27.406,446.545
2016-12-15,0.762,8.41,18.66,25.25,405.428
2016-12-16,4.423,8.87,18.503,25.663,389.829
2016-12-17,7.284,8.508,18.226,25.045,426.732
2016-12-18,0.0,9.348,18.472,26.264,428.758
2016-12-19,17.232,10.224,17.747,26.823,564.145
2016-12-20,10.631,8.214,18.361,24.781,454.99
2016-12-21,0.0,4.822,18.351,21.038,408.253
2016-12-22,0.193,8.883,17.472,24.91,375.869
2016-12-23,0.0,8.548,17.472,24.49,365.095
2016-12-24,0.0,9.147,18.788,26.219,338.896
2016-12-25,9.571,9.235,17.608,25.465,499.994
2016-12-26,2.954,8.533,18.635,25.337,447.196
2016-12-27,18.475,8.378,17.854,24.556,511.204
2016-12-28,14.083,9.444,18.889,26.628,534.936
2016-12-29,0.0,9.41,18.753,26.486,466.119
2016-12-30,7.744,7.78,19.33,24.969,445.87
2016-12-31,37.474,8.536,17.958,24.812,561.11
2017-01-01,1.216,11.655,16.215,27.507,424.82
2017-01-02,5.038,11.047,17.583,27.663,398.566
2017-01-03,17.758,12.398,16.017,28.316,398.31
2017-01-04,25.45,9.812,17.017,25.649,410.223
2017-01-05,8.614,7.7,17.535,23.417,472.02
2017-01-06,7.684,10.158,17.594,26.472,335.899
2017-01-07,3.046,10.149,17.649,26.524,365.353
2017-01-08,26.85,7.544,17.83,23.493,394.615
2017-01-09,9.436,7.175,17.601,22.83,343.024
2017-01-10,16.886,7.471,17.819,23.344,237.266
2017-01-11,0.0,9.185,18.167,25.622,197.93
2017-01-12,1.634,9.666,17.691,25.823,248.067
2017-01-13,0.0,9.545,18.507,26.25,244.375
2017-01-14,6.894,6.764,18.226,22.788,413.175
2017-01-15,1.532,8.365,18.375,24.712,470.833
2017-01-16,0.0,8.889,18.531,25.451,406.97
2017-01-17,0.0,9.614,17.92,25.826,249.541
2017-01-18,0.0,6.896,17.924,22.632,266.909
2017-01-19,0.0,11.527,16.392,27.094,351.614
2017-01-20,0.0,9.553,17.944,25.712,270.714
2017-01-21,2.414,9.579,17.847,25.639,398.635
2017-01-22,0.0,10.41,17.042,26.052,236.647
2017-01-23,0.0,12.497,15.229,27.413,335.416
2017-01-24,0.0,10.367,16.712,25.712,290.591
2017-01-25,0.0,11.261,15.833,26.226,348.022
2017-01-26,0.0,12.129,16.198,27.535,311.437
2017-01-27,0.313,11.469,17.247,27.368,188.586
2017-01-28,1.136,10.842,17.736,26.941,204.007
2017-01-29,2.939,11.129,17.847,27.326,357.756
2017-01-30,32.211,9.881,18.194,26.073,206.881
2017-01-31,0.0,10.606,17.559,26.458,146.829
2017-02-01,28.158,10.408,17.642,26.247,316.522
2017-02-02,19.24,11.441,17.163,27.146,325.008
2017-02-03,0.0,11.782,17.34,27.653,243.226
2017-02-04,0.0,11.752,18.188,28.16,330.119
2017-02-05,1.482,14.407,16.642,30.285,339.404
2017-02-06,3.972,14.359,16.438,30.062,221.567
2017-02-07,0.0,12.759,16.455,28.09,221.274
2017-02-08,0.0,14.584,16.181,30.104,170.384
2017-02-09,28.422,12.57,16.625,27.917,250.322
2017-02-10,0.0,10.056,18.913,26.542,270.827
2017-02-11,0.0,11.602,18.688,28.097,199.618
2017-02-12,0.666,9.839,19.493,26.694,159.196
2017-02-13,0.0,11.787,17.604,27.538,148.581
2017-02-14,0.0,12.227,15.965,26.91,159.119
2017-02-15,0.0,13.783,16.427,29.059,128.434
2017-02-16,0.0,12.791,16.149,27.656,115.308
2017-02-17,0.453,10.745,17.906,26.448,121.611
2017-02-18,0.0,11.778,18.58,28.08,118.526
2017-02-19,0.0,13.076,18.17,29.243,124.712
2017-02-20,0.0,12.262,18.955,28.833,263.696
2017-02-21,0.0,11.665,19.472,28.507,139.86
2017-02-22,6.007,10.631,18.299,26.455,175.55
2017-02-23,0.0,12.398,16.917,27.493,150.739
2017-02-24,0.0,9.241,19.503,25.806,147.492
2017-02-25,0.0,10.435,19.274,26.892,284.201
2017-02-26,5.295,11.056,19.045,27.399,189.735
2017-02-27,7.097,11.26,18.448,27.191,127.39
2017-02-28,15.929,10.316,19.865,27.188,142.383
2017-03-01,6.129,12.48,17.858,28.069,254.847
2017-03-02,16.055,11.486,18.184,27.174,194.706
2017-03-03,12.12,9.468,19.521,25.965,211.264
2017-03-04,0.58,13.993,17.854,29.767,138.427
2017-03-05,31.049,10.749,18.924,26.899,170.672
2017-03-06,5.911,11.083,18.938,27.264,195.72
2017-03-07,20.873,10.719,17.771,25.972,389.15
2017-03-08,26.159,6.519,18.594,22.236,313.228
2017-03-09,0.806,11.862,17.347,26.906,192.222
2017-03-10,19.784,8.816,18.542,24.458,238.855
2017-03-11,8.002,9.798,18.465,25.441,306.736
2017-03-12,49.443,8.969,17.257,23.632,413.109
2017-03-13,0.0,10.628,17.785,25.83,207.486
2017-03-14,1.977,10.872,17.333,25.715,223.127
2017-03-15,33.482,6.276,18.635,21.972,430.317
2017-03-16,0.828,11.041,17.455,26.021,401.174
2017-03-17,0.0,10.219,18.733,26.003,402.452
2017-03-18,0.0,10.448,18.16,25.819,446.971
2017-03-19,29.242,10.987,17.257,25.743,387.305
2017-03-20,0.0,8.771,18.108,24.007,332.11
2017-03-21,2.355,10.108,18.795,25.931,449.645
2017-03-22,0.324,9.82,18.837,25.677,334.977
2017-03-23,0.656,10.628,17.771,25.705,322.977
2017-03-24,56.76,6.759,18.767,22.514,387.747
2017-03-25,0.0,11.041,17.514,25.955,368.676
2017-03-26,36.728,7.429,17.59,22.163,350.339
2017-03-27,4.152,9.709,18.41,25.194,281.89
2017-03-28,17.566,10.838,18.396,26.417,354.64
2017-03-29,24.707,10.068,18.753,25.854,433.793
2017-03-30,45.434,8.024,17.837,22.986,912.024
2017-03-31,13.874,10.382,18.701,26.125,796.409
2017-04-01,2.712,12.374,17.51,27.462,418.303
2017-04-02,0.0,13.776,17.365,28.924,303.969
2017-04-03,1.741,13.974,17.16,29.01,334.464
2017-04-04,0.64,15.055,16.101,29.545,265.987
2017-04-05,8.971,14.598,16.073,29.007,364.156
2017-04-06,0.0,14.123,15.976,28.399,292.219
2017-04-07,3.125,13.521,16.74,28.219,331.311
2017-04-08,19.741,10.918,18.08,26.243,389.266
2017-04-09,45.039,7.583,18.382,22.976,525.05
2017-04-10,3.242,10.711,17.344,25.5,325.353
2017-04-11,2.699,10.244,18.878,26.139,312.264
2017-04-12,3.516,9.557,18.073,24.774,377.648
2017-04-13,6.13,11.345,17.917,26.635,356.014
2017-04-14,38.602,6.166,19.347,22.483,428.498
2017-04-15,0.0,12.878,17.212,27.844,224.693
2017-04-16,19.562,11.414,18.601,27.208,162.263
2017-04-17,24.299,10.563,18.382,26.135,225.944
2017-04-18,4.597,10.658,18.667,26.455,178.809
2017-04-19,31.231,10.629,18.229,26.08,262.871
2017-04-20,13.077,8.196,18.778,23.941,290.598
2017-04-21,31.674,8.798,18.503,24.389,333.778
2017-04-22,0.166,12.427,17.292,27.497,263.9
2017-04-23,0.0,13.943,17.667,29.479,280.025
2017-04-24,31.085,9.401,19.243,25.622,268.006
2017-04-25,3.242,10.156,18.781,26.056,270.601
2017-04-26,9.718,9.161,18.372,24.726,684.564
2017-04-27,0.0,13.144,16.17,27.653,360.194
2017-04-28,0.315,12.571,17.253,27.712,312.204
2017-04-29,0.031,11.983,18.087,27.622,329.361
2017-04-30,14.088,8.071,18.312,23.542,353.236
2017-05-01,5.803,12.401,16.948,27.333,335.902
2017-05-02,50.276,10.532,17.882,25.899,502.419
2017-05-03,38.681,7.462,18.337,22.972,332.525
2017-05-04,0.0,11.459,16.514,25.997,230.096
2017-05-05,38.513,10.398,17.674,25.635,352.66
2017-05-06,43.55,8.92,17.729,24.073,467.894
2017-05-07,0.0,9.766,18.017,25.253,304.471
2017-05-08,42.596,9.996,18.097,25.535,602.111
2017-05-09,28.299,8.849,18.163,24.344,454.843
2017-05-10,9.707,10.078,17.944,25.587,649.56
2017-05-11,40.379,8.837,18.194,24.396,481.637
2017-05-12,0.658,7.005,18.448,22.736,430.239
2017-05-13,1.622,9.617,18.965,25.833,444.062
2017-05-14,18.968,10.721,19.042,27.156,584.257
2017-05-15,30.775,11.04,18.142,26.868,480.032
2017-05-16,27.599,11.105,17.764,26.667,400.487
2017-05-17,10.197,9.771,18.861,26.021,471.997
2017-05-18,16.324,12.119,19.566,29.167,627.227
2017-05-19,10.704,13.053,18.076,29.194,531.057
2017-05-20,18.121,10.965,17.997,26.729,486.703
2017-05-21,18.465,12.305,18.212,28.455,458.023
2017-05-22,20.464,8.02,18.705,24.056,630.372
2017-05-23,0.0,11.908,17.049,27.201,404.39
2017-05-24,0.0,13.462,17.076,29.052,302.003
2017-05-25,0.31,12.868,18.097,29.059,368.213
2017-05-26,0.0,13.619,16.868,29.146,320.71
2017-05-27,11.233,13.392,16.562,28.681,357.299
2017-05-28,8.332,13.22,17.344,29.014,313.169
2017-05-29,8.193,12.801,17.778,28.833,253.523
2017-05-30,21.981,13.336,18.083,29.67,438.068
2017-05-31,1.413,11.927,17.979,27.948,381.707
2017-06-01,4.897,11.873,18.021,27.958,471.359
2017-06-02,4.462,12.297,17.181,27.858,259.459
2017-06-03,0.0,14.223,17.448,30.347,171.352
2017-06-04,0.063,10.646,18.833,27.142,161.828
2017-06-05,6.711,12.464,17.997,28.681,303.821
2017-06-06,2.279,14.365,16.465,29.92,281.049
2017-06-07,30.587,8.553,18.257,24.406,202.858
2017-06-08,19.985,8.481,17.403,23.691,170.209
2017-06-09,3.941,9.871,17.41,25.243,215.415
2017-06-10,2.16,11.318,18.122,27.476,323.806
2017-06-11,26.141,10.784,17.715,26.549,374.037
2017-06-12,16.693,8.643,17.115,23.622,356.428
2017-06-13,2.26,9.827,17.608,25.378,205.874
2017-06-14,13.039,11.112,17.017,26.451,198.95
2017-06-15,16.05,8.764,16.962,23.694,271.495
2017-06-16,0.0,11.897,16.521,27.052,291.778
2017-06-17,24.742,9.565,16.556,24.316,251.775
2017-06-18,12.575,10.919,16.344,25.764,236.245
2017-06-19,18.622,10.949,16.958,26.25,346.642
2017-06-20,12.169,9.954,17.792,25.667,295.354
2017-06-21,13.81,11.678,16.531,26.816,329.344
2017-06-22,0.17,11.226,16.976,26.601,304.373
2017-06-23,3.291,11.759,16.253,26.75,305.866
2017-06-24,0.162,12.965,16.215,28.184,333.055
2017-06-25,0.0,10.757,17.795,26.576,178.527
2017-06-26,19.025,10.741,17.597,26.458,265.275
2017-06-27,18.214,12.079,16.382,27.205,245.802
2017-06-28,20.481,10.729,18.094,26.802,383.039
2017-06-29,9.708,12.301,17.347,28.122,239.108
2017-06-30,24.897,11.031,17.806,26.924,408.541
2017-07-01,0.969,13.004,17.601,29.122,298.833
2017-07-02,0.972,11.335,18.615,27.854,274.6
2017-07-03,0.113,12.127,17.521,28.024,187.985
2017-07-04,3.883,12.811,17.292,28.681,313.883
2017-07-05,1.064,13.427,17.417,29.479,172.701
2017-07-06,1.466,12.452,17.92,28.649,145.976
2017-07-07,0.648,13.182,17.257,29.042,140.463
2017-07-08,0.014,13.544,17.372,29.549,133.021
2017-07-09,2.869,12.967,16.747,28.444,129.2
2017-07-10,0.0,13.157,17.135,28.924,124.574
2017-07-11,4.482,12.23,16.764,27.569,121.356
2017-07-12,1.151,11.774,16.941,27.128,164.978
2017-07-13,0.0,14.259,16.5,29.799,125.129
2017-07-14,0.0,13.672,17.052,29.431,116.241
2017-07-15,13.272,11.075,17.365,26.58,138.241
2017-07-16,2.855,11.811,17.462,27.476,133.679
2017-07-17,24.302,11.297,17.333,26.802,153.281
2017-07-18,7.707,12.109,18.438,28.51,123.678
2017-07-19,13.4,13.094,17.542,29.024,199.743
2017-07-20,5.733,10.207,18.424,26.319,173.57
2017-07-21,0.0,14.826,15.958,30.035,119.345
2017-07-22,0.0,13.359,17.389,29.212,113.961
2017-07-23,0.0,14.292,16.799,29.91,109.427
2017-07-24,0.0,13.759,16.958,29.347,145.855
2017-07-25,0.366,14.238,16.986,29.913,152.719
2017-07-26,0.072,13.691,17.094,29.33,105.596
2017-07-27,0.0,14.626,15.823,29.601,95.39
2017-07-28,0.0,13.676,17.611,29.618,93.821
2017-07-29,0.0,15.116,16.639,30.656,92.6
2017-07-30,4.493,13.017,17.09,28.472,92.687
2017-07-31,0.0,12.596,17.413,28.188,173.097
2017-08-01,0.0,14.957,14.653,29.191,136.235
2017-08-02,0.674,14.553,17.455,30.465,105.748
2017-08-03,0.0,15.013,16.507,30.372,167.623
2017-08-04,23.614,10.885,18.205,26.698,131.495
2017-08-05,2.01,13.304,17.538,29.01,95.43
2017-08-06,0.0,15.258,16.705,30.729,90.072
2017-08-07,14.993,13.578,17.552,29.306,100.011
2017-08-08,13.105,13.823,18.351,30.142,160.098
2017-08-09,17.251,13.095,17.719,28.823,104.522
2017-08-10,0.0,14.586,16.479,29.757,102.417
2017-08-11,22.164,12.686,17.326,28.031,225.917
2017-08-12,32.912,12.168,16.92,27.205,244.344
2017-08-13,0.0,13.381,17.354,28.896,114.578
2017-08-14,0.0,15.614,15.691,30.372,101.668
2017-08-15,6.33,15.091,16.639,30.351,102.016
2017-08-16,14.11,12.535,18.007,28.281,117.578
2017-08-17,11.421,13.648,18.497,29.858,243.08
2017-08-18,21.139,11.996,18.066,27.691,305.252
2017-08-19,24.955,9.32,17.153,24.003,253.753
2017-08-20,2.191,12.02,17.115,27.024,191.014
2017-08-21,0.767,12.303,17.733,27.809,293.571
2017-08-22,0.0,14.307,16.483,29.233,252.754
2017-08-23,10.136,15.017,15.965,29.701,215.958
2017-08-24,6.886,11.325,17.451,26.486,227.057
2017-08-25,0.0,13.819,16.205,28.462,144.042
2017-08-26,14.128,13.773,16.878,28.819,133.923
2017-08-27,24.866,13.659,17.201,28.91,260.401
2017-08-28,15.564,12.724,16.358,27.271,165.396
2017-08-29,3.951,12.798,16.531,27.476,230.312
2017-08-30,15.351,13.342,16.618,28.149,250.444
2017-08-31,1.767,13.898,16.726,28.865,203.803
2017-09-01,0.0,16.462,15.292,30.882,211.625
2017-09-02,6.839,13.52,16.715,28.385,212.013
2017-09-03,0.0,13.784,17.892,29.476,145.571
2017-09-04,0.0,16.282,15.875,31.021,227.625
2017-09-05,21.958,13.641,17.413,28.997,271.093
2017-09-06,14.673,15.066,17.215,30.458,266.577
2017-09-07,16.148,12.76,18.014,28.403,351.129
2017-09-08,29.256,8.474,17.764,23.503,319.167
2017-09-09,16.27,9.977,17.58,24.976,298.02
2017-09-10,26.109,11.939,17.17,26.868,242.581
2017-09-11,11.674,13.673,18.326,29.646,196.419
2017-09-12,32.339,11.962,17.42,27.122,331.569
2017-09-13,18.897,11.973,17.139,26.892,530.437
2017-09-14,0.0,12.686,18.059,28.351,367.562
2017-09-15,32.67,12.188,18.17,27.861,398.155
2017-09-16,8.019,13.904,17.604,29.427,317.786
2017-09-17,12.846,11.082,18.562,26.927,283.027
2017-09-18,0.0,13.254,17.358,28.51,281.453
2017-09-19,12.9,12.774,18.67,28.858,299.037
2017-09-20,13.677,10.701,18.858,26.733,356.07
2017-09-21,0.0,12.889,18.528,28.944,306.535
2017-09-22,2.006,13.203,18.788,29.441,297.12
2017-09-23,39.874,11.313,18.184,26.969,361.208
2017-09-24,5.058,13.393,17.455,28.792,241.679
2017-09-25,8.717,12.821,18.292,28.722,226.248
2017-09-26,24.149,12.511,17.288,27.722,233.535
2017-09-27,0.0,16.018,15.003,30.295,249.102
2017-09-28,20.671,9.278,18.472,24.944,194.633
2017-09-29,6.811,11.335,17.42,26.472,235.523
2017-09-30,25.883,8.777,17.944,24.045,370.576
2017-10-01,4.219,12.518,17.233,27.75,439.785
2017-10-02,42.776,11.414,18.247,27.156,490.964
2017-10-03,37.345,9.78,18.75,25.757,373.157
2017-10-04,51.855,7.851,18.201,23.33,558.707
2017-10-05,7.155,9.108,18.861,25.146,415.306
2017-10-06,25.447,10.478,17.427,25.632,373.147
2017-10-07,4.702,10.858,17.17,25.896,332.598
2017-10-08,0.0,13.874,15.049,27.986,354.864
2017-10-09,29.896,9.372,16.885,23.986,366.559
2017-10-10,17.58,12.08,17.156,27.302,434.176
2017-10-11,17.985,8.544,18.632,24.444,573.178
2017-10-12,0.0,13.286,16.469,28.326,365.495
2017-10-13,10.45,13.486,17.267,29.122,291.768
2017-10-14,0.0,12.554,18.125,28.635,287.4
2017-10-15,1.906,13.537,17.774,29.542,343.946
2017-10-16,0.0,13.566,17.267,29.26,326.615
2017-10-17,0.0,14.348,17.052,30.059,267.024
2017-10-18,2.441,14.199,17.056,29.913,210.396
2017-10-19,15.661,14.469,16.403,29.826,184.507
2017-10-20,7.342,12.676,18.08,28.875,171.202
2017-10-21,21.955,11.15,19.312,28.003,318.28
2017-10-22,31.312,9.712,18.785,26.003,285.881
2017-10-23,0.07,11.337,17.889,27.219,164.467
2017-10-24,16.109,8.716,18.076,24.375,159.954
2017-10-25,6.91,11.128,17.906,27.035,148.11
2017-10-26,34.205,6.537,18.587,22.524,245.702
2017-10-27,0.0,13.602,17.41,29.684,159.596
2017-10-28,47.398,7.807,18.035,23.413,242.815
2017-10-29,25.68,7.639,17.365,22.719,199.214
2017-10-30,0.323,9.605,17.42,25.038,171.697
2017-10-31,7.642,10.222,18.135,26.347,198.979
2017-11-01,5.77,10.532,18.083,26.681,208.059
2017-11-02,2.037,9.84,18.517,26.184,188.566
2017-11-03,17.455,9.54,18.83,26.076,355.592
2017-11-04,33.752,7.61,18.361,23.611,434.476
2017-11-05,0.693,7.145,17.781,22.667,359.86
2017-11-06,0.0,10.97,18.104,27.312,267.106
2017-11-07,13.078,8.804,19.139,25.576,376.977
2017-11-08,30.59,9.774,16.58,24.809,396.777
2017-11-09,29.127,7.23,18.135,23.083,535.629
2017-11-10,16.137,7.799,18.104,23.722,617.612
2017-11-11,7.567,8.481,18.76,25.003,410.352
2017-11-12,8.163,11.45,17.819,27.844,415.593
2017-11-13,10.127,9.436,18.351,25.833,430.627
2017-11-14,41.246,9.79,16.601,25.024,355.277
2017-11-15,26.805,8.133,17.757,23.903,549.93
2017-11-16,52.093,9.044,18.215,25.347,508.886
2017-11-17,8.878,8.334,18.125,24.438,373.004
2017-11-18,6.846,7.858,18.083,23.903,413.589
2017-11-19,0.111,7.334,18.365,23.524,482.024
2017-11-20,0.0,7.915,18.389,24.219,474.065
2017-11-21,0.0,9.728,18.253,26.274,400.478
2017-11-22,3.844,8.891,18.042,25.135,500.877
2017-11-23,10.503,9.484,18.951,26.538,421.253
2017-11-24,37.045,8.903,18.236,25.306,468.625
2017-11-25,30.629,9.545,18.483,26.292,732.459
2017-11-26,0.0,10.415,18.389,27.316,425.627
2017-11-27,17.964,9.617,17.573,25.743,643.151
2017-11-28,11.916,10.749,17.319,27.0,467.19
2017-11-29,9.684,10.474,17.972,27.122,663.911
2017-11-30,14.678,10.074,18.16,26.785,455.14
2017-12-01,8.327,7.275,19.531,24.528,448.82
2017-12-02,22.491,8.698,18.135,25.097,412.156
2017-12-03,5.282,9.622,18.84,26.75,376.873
2017-12-04,0.0,10.012,17.319,26.139,387.963
2017-12-05,0.0,11.382,17.434,27.955,389.313
2017-12-06,0.0,12.652,15.517,28.326,311.56
2017-12-07,0.0,13.22,15.229,28.889,213.026
2017-12-08,14.003,10.049,17.427,26.312,348.156
2017-12-09,30.137,9.079,17.948,25.448,411.162
2017-12-10,33.343,7.605,18.705,24.309,301.603
2017-12-11,1.143,7.595,18.288,23.948,389.687
2017-12-12,11.298,7.711,17.483,23.497,467.86
2017-12-13,1.677,9.219,16.764,24.83,403.355
2017-12-14,0.0,9.534,17.576,25.833,331.364
2017-12-15,0.0,11.849,14.99,27.038,274.815
2017-12-16,0.0,10.925,16.653,26.917,219.852
2017-12-17,0.0,11.337,17.389,27.979,179.097
2017-12-18,0.0,12.457,14.917,27.816,250.143
2017-12-19,0.0,12.409,14.531,27.483,321.287
2017-12-20,0.0,12.477,14.885,27.795,286.81
2017-12-21,0.0,11.841,14.788,26.872,326.283
2017-12-22,0.0,11.667,16.326,27.653,272.279
2017-12-23,5.534,10.982,17.146,27.323,164.475
2017-12-24,0.753,10.778,16.76,26.795,186.14
2017-12-25,3.3,8.339,18.462,25.0,341.697
2017-12-26,0.423,8.589,17.997,24.91,319.982
2017-12-27,0.0,8.283,19.045,25.34,399.436
2017-12-28,18.002,8.608,18.618,25.396,746.576
2017-12-29,36.047,8.381,17.701,24.403,426.686
2017-12-30,6.235,7.964,18.066,24.219,399.455
2017-12-31,2.021,7.228,17.792,23.094,338.759
2018-01-01,7.699,8.465,18.146,24.858,326.181
2018-01-02,22.949,9.748,16.139,25.014,270.786
2018-01-03,11.392,10.949,17.243,27.229,338.779
2018-01-04,33.802,10.101,17.483,26.344,432.136
2018-01-05,9.167,9.797,18.351,26.59,259.133
2018-01-06,12.808,8.208,18.253,24.587,268.174
2018-01-07,0.0,10.696,16.788,26.535,336.499
2018-01-08,0.0,10.839,18.521,27.934,397.759
2018-01-09,34.269,7.639,18.622,24.153,508.912
2018-01-10,9.737,9.644,16.722,25.139,391.877
2018-01-11,4.762,8.795,18.247,25.184,272.498
2018-01-12,39.082,8.501,17.087,23.965,429.983
2018-01-13,12.112,8.346,17.33,23.931,443.039
2018-01-14,13.484,8.791,17.601,24.674,398.205
2018-01-15,22.809,10.164,17.049,25.906,455.617
2018-01-16,6.035,7.802,18.319,24.017,424.546
2018-01-17,37.65,8.045,16.91,23.205,422.351
2018-01-18,0.313,10.323,16.299,25.521,407.309
2018-01-19,1.945,10.762,16.861,26.483,350.715
2018-01-20,0.0,12.197,15.257,27.163,308.593
2018-01-21,0.0,11.946,16.045,27.333,248.045
2018-01-22,2.706,10.752,16.76,26.285,273.751
2018-01-23,0.0,12.18,16.771,28.042,317.772
2018-01-24,6.175,12.132,16.118,27.528,281.591
2018-01-25,0.355,12.904,14.934,27.701,308.985
2018-01-26,0.119,11.514,16.188,26.76,292.003
2018-01-27,0.0,12.629,15.858,27.906,302.512
2018-01-28,19.317,10.29,18.368,26.747,345.913
2018-01-29,0.0,12.603,17.017,28.569,187.189
2018-01-30,4.018,11.067,17.83,27.25,181.239
2018-01-31,9.959,11.792,17.441,27.83,326.654
2018-02-01,0.0,12.496,16.865,28.247,213.512
2018-02-02,30.189,9.353,19.25,26.201,448.773
2018-02-03,9.245,7.808,18.934,24.215,368.49
2018-02-04,0.0,9.149,19.868,26.41,380.902
2018-02-05,0.0,10.461,18.993,27.191,202.549
2018-02-06,7.062,10.799,18.83,27.41,193.301
2018-02-07,0.0,11.874,19.201,28.91,292.801
2018-02-08,0.0,10.901,18.062,26.927,237.311
2018-02-09,0.0,12.247,17.51,28.122,151.066
2018-02-10,0.0,12.548,17.372,28.375,208.272
2018-02-11,0.0,10.674,19.267,27.503,367.188
2018-02-12,0.0,10.258,18.42,26.392,301.392
2018-02-13,0.0,12.385,17.743,28.347,382.974
2018-02-14,0.0,10.007,19.104,26.542,452.458
2018-02-15,0.0,10.486,19.01,26.962,216.16
2018-02-16,4.541,12.67,17.854,28.66,286.399
2018-02-17,43.974,9.965,19.92,27.069,365.957
2018-02-18,19.473,9.935,19.649,26.778,331.199
2018-02-19,23.472,11.484,18.927,27.931,318.83
2018-02-20,0.0,10.206,18.92,26.486,303.343
2018-02-21,0.0,12.799,17.684,28.552,295.332
2018-02-22,0.0,7.96,19.101,24.188,369.279
2018-02-23,0.0,10.907,18.799,27.128,326.955
2018-02-24,0.0,9.87,18.306,25.549,266.066
2018-02-25,0.0,10.214,18.066,25.774,264.163
2018-02-26,0.0,10.761,18.823,26.938,234.387
2018-02-27,0.0,12.213,16.625,26.997,192.213
2018-02-28,0.0,12.215,17.823,27.823,185.062
2018-03-01,0.0,11.86,18.354,27.747,281.284
2018-03-02,0.0,9.544,20.08,26.476,186.026
2018-03-03,0.121,11.017,19.049,27.278,141.235
2018-03-04,2.28,9.345,19.736,26.017,241.381
2018-03-05,2.684,8.443,18.865,24.389,178.501
2018-03-06,1.627,9.376,19.014,25.462,253.542
2018-03-07,0.0,13.031,17.83,28.604,171.608
2018-03-08,1.114,11.955,18.573,27.889,271.7
2018-03-09,2.211,12.516,19.017,28.802,139.488
2018-03-10,0.0,14.13,17.528,29.601,129.479
2018-03-11,0.0,15.793,16.306,30.681,224.689
2018-03-12,0.0,15.225,16.767,30.295,215.324
2018-03-13,1.152,13.458,17.868,29.045,124.901
2018-03-14,0.768,14.17,18.674,30.344,146.72
2018-03-15,16.483,10.381,19.0,26.403,285.944
2018-03-16,7.728,13.333,17.906,28.858,352.985
2018-03-17,12.729,14.549,16.812,29.503,278.933
2018-03-18,26.642,10.641,18.819,26.524,396.171
2018-03-19,8.682,11.356,18.469,27.017,232.291
2018-03-20,5.699,10.385,19.069,26.424,312.771
2018-03-21,16.675,11.62,18.181,27.087,353.146
2018-03-22,6.149,10.664,19.375,26.92,311.76
2018-03-23,14.462,9.303,18.656,24.969,396.128
2018-03-24,22.214,8.984,18.872,24.809,434.291
2018-03-25,0.0,10.808,18.812,26.642,386.159
2018-03-26,11.338,11.322,18.844,27.219,617.625
2018-03-27,1.258,11.843,19.351,28.16,383.235
2018-03-28,10.891,9.94,18.424,25.448,251.201
2018-03-29,36.86,9.77,18.101,24.993,316.409
2018-03-30,13.469,9.808,18.906,25.649,243.135
2018-03-31,7.751,8.274,17.91,23.312,338.568
2018-04-01,28.367,7.896,17.694,22.774,387.62
2018-04-02,15.534,8.512,18.771,24.215,271.072
2018-04-03,25.956,8.55,17.84,23.528,311.578
2018-04-04,11.624,7.89,18.281,23.226,306.41
2018-04-05,29.516,9.9,18.503,25.427,257.625
2018-04-06,8.708,8.197,17.694,23.028,244.758
2018-04-07,0.0,11.231,17.073,25.83,230.511
2018-04-08,0.0,11.687,17.806,26.868,223.145
2018-04-09,0.0,11.966,18.493,27.684,301.799
2018-04-10,34.923,8.628,18.392,24.024,452.063
2018-04-11,6.624,9.566,18.045,24.778,367.483
2018-04-12,26.154,9.324,18.312,24.715,430.73
2018-04-13,3.814,9.429,18.247,24.774,382.206
2018-04-14,31.153,9.481,18.142,24.767,418.272
2018-04-15,0.0,11.753,16.774,26.299,391.502
2018-04-16,7.016,10.463,18.233,25.917,348.561
2018-04-17,4.389,9.592,17.135,24.191,284.287
2018-04-18,0.457,10.604,18.24,26.094,288.733
2018-04-19,7.087,11.432,18.09,26.892,261.703
2018-04-20,12.841,9.211,18.66,24.924,252.997
2018-04-21,0.22,12.776,16.632,27.392,324.411
2018-04-22,17.466,10.763,16.229,24.826,331.538
2018-04-23,2.481,11.879,17.295,26.858,297.004
2018-04-24,28.964,11.548,18.59,27.431,232.086
2018-04-25,20.884,11.065,18.024,26.483,400.57
2018-04-26,21.295,11.738,18.25,27.417,461.521
2018-04-27,11.679,8.446,18.573,24.156,367.085
2018-04-28,7.956,9.869,17.965,25.167,350.211
2018-04-29,34.497,8.413,17.722,23.424,729.539
2018-04-30,0.0,12.908,16.042,27.292,379.676
2018-05-01,12.657,11.524,16.997,26.368,296.065
2018-05-02,19.948,12.025,17.243,27.135,506.983
2018-05-03,23.54,10.579,18.743,26.569,362.031
2018-05-04,44.165,8.839,17.378,23.66,447.693
2018-05-05,15.348,8.71,17.812,23.875,404.543
2018-05-06,20.829,9.689,17.497,24.75,303.257
2018-05-07,32.618,9.314,18.181,24.844,547.599
2018-05-08,20.474,8.911,17.274,23.764,673.625
2018-05-09,5.245,11.073,17.201,26.118,493.662
2018-05-10,10.709,10.225,17.58,25.486,481.055
2018-05-11,14.289,9.597,17.507,24.722,451.609
2018-05-12,0.596,10.488,17.865,25.986,430.113
2018-05-13,23.528,8.77,17.521,23.806,501.388
2018-05-14,24.047,9.39,17.889,24.806,542.452
2018-05-15,19.77,9.334,17.556,24.503,517.216
2018-05-16,18.666,11.431,17.292,26.701,458.383
2018-05-17,29.214,10.778,17.91,26.399,597.32
2018-05-18,21.491,10.852,17.566,26.253,545.628
2018-05-19,26.769,11.388,16.934,26.462,432.758
2018-05-20,31.776,10.236,17.597,25.587,556.704
2018-05-21,24.123,8.236,18.267,23.882,763.805
2018-05-22,0.893,12.237,16.174,26.99,527.352
2018-05-23,26.809,10.35,17.67,25.847,766.996
2018-05-24,0.0,11.46,17.24,26.833,518.293
2018-05-25,18.075,11.732,17.545,27.354,437.798
2018-05-26,30.303,10.079,18.073,25.858,384.24
2018-05-27,18.294,10.707,18.208,26.688,477.68
2018-05-28,43.148,9.178,18.007,24.795,539.119
2018-05-29,1.486,11.611,18.031,27.635,395.841
2018-05-30,22.901,10.741,18.378,26.858,477.46
2018-05-31,15.418,12.624,17.444,28.41,403.48
2018-06-01,9.04,9.545,17.733,25.049,434.126
2018-06-02,12.438,12.461,16.49,27.604,438.684
2018-06-03,8.77,12.022,17.469,27.747,421.994
2018-06-04,3.108,10.752,17.861,26.559,341.497
2018-06-05,2.022,11.978,16.667,27.181,240.43
2018-06-06,1.274,11.424,17.247,26.924,190.738
2018-06-07,1.839,11.844,17.615,27.715,182.692
2018-06-08,0.0,13.105,16.726,28.597,170.413
2018-06-09,0.072,12.11,18.344,28.5,160.637
2018-06-10,6.131,11.045,18.062,27.062,216.371
2018-06-11,4.071,11.195,17.726,27.038,192.237
2018-06-12,7.939,11.929,16.976,27.392,307.535
2018-06-13,1.261,12.373,16.847,27.844,189.067
2018-06-14,7.045,11.702,17.889,27.774,145.589
2018-06-15,0.0,12.653,17.021,28.299,269.469
2018-06-16,0.088,12.217,16.722,27.576,181.178
2018-06-17,0.935,12.463,16.33,27.622,138.972
2018-06-18,1.512,12.452,16.934,28.007,277.217
2018-06-19,0.0,12.506,16.944,28.087,169.902
2018-06-20,0.0,12.161,16.622,27.469,120.652
2018-06-21,0.0,12.7,16.201,27.854,117.334
2018-06-22,0.432,13.124,16.375,28.486,116.63
2018-06-23,8.211,12.293,17.17,27.993,136.244
2018-06-24,8.559,12.579,17.17,28.347,211.814
2018-06-25,2.326,12.4,16.545,27.688,277.218
2018-06-26,6.21,12.971,15.976,28.028,141.403
2018-06-27,5.952,12.755,16.212,27.899,122.237
2018-06-28,9.108,12.33,16.632,27.649,192.632
2018-06-29,0.0,13.191,16.747,28.778,122.837
2018-06-30,3.826,12.121,16.25,27.177,135.388
2018-07-01,4.673,14.423,15.066,29.191,123.038
2018-07-02,21.668,10.853,16.799,26.01,158.693
2018-07-03,17.802,9.935,17.007,25.059,161.088
2018-07-04,0.098,12.723,16.174,27.816,122.846
2018-07-05,8.973,12.939,17.049,28.656,110.936
2018-07-06,1.176,13.542,16.149,28.785,106.55
2018-07-07,1.421,11.442,17.733,27.354,103.934
2018-07-08,0.0,13.279,17.312,29.222,103.586
2018-07-09,2.752,11.506,17.771,27.438,102.191
2018-07-10,0.0,12.89,16.521,28.194,118.159
2018-07-11,0.0,13.777,16.215,29.069,249.136
2018-07-12,0.07,12.645,17.941,28.878,142.688
2018-07-13,0.0,13.364,16.837,28.955,95.39
2018-07-14,0.651,13.561,17.347,29.514,94.471
2018-07-15,5.502,12.814,17.976,29.049,111.801
2018-07-16,0.0,13.963,16.469,29.399,93.559
2018-07-17,0.0,13.394,16.604,28.788,91.815
2018-07-18,0.056,13.197,16.663,28.597,89.984
2018-07-19,1.17,13.413,16.781,28.892,92.338
2018-07-20,7.131,13.322,18.344,29.806,90.856
2018-07-21,7.937,10.923,18.056,26.872,101.755
2018-07-22,5.395,12.399,17.462,28.076,95.128
2018-07-23,4.499,12.527,17.118,28.003,90.682
2018-07-24,10.072,9.604,18.542,25.691,121.967
2018-07-25,0.0,13.035,16.83,28.392,101.03
2018-07-26,2.222,10.738,18.51,26.896,91.815
2018-07-27,19.403,12.709,17.49,28.441,92.862
2018-07-28,1.68,13.139,16.851,28.517,97.831
2018-07-29,11.026,12.002,17.552,27.632,95.652
2018-07-30,10.1,12.13,17.306,27.625,97.08
2018-07-31,18.792,11.553,16.944,26.618,124.707
2018-08-01,0.104,12.509,16.184,27.24,109.94
2018-08-02,0.0,12.551,17.833,28.399,242.787
2018-08-03,23.977,14.249,16.344,29.368,141.492
2018-08-04,30.555,12.296,17.26,27.632,174.102
2018-08-05,23.572,8.969,16.899,23.59,195.049
2018-08-06,0.0,15.486,15.347,30.139,121.152
2018-08-07,0.0,14.84,15.358,29.378,103.324
2018-08-08,0.0,15.475,15.67,30.309,97.918
2018-08-09,0.0,13.674,17.115,29.118,120.666
2018-08-10,0.0,14.825,15.92,29.674,245.129
2018-08-11,0.0,16.341,13.663,30.049,131.96
2018-08-12,0.0,14.147,15.431,28.51,88.341
2018-08-13,0.0,14.437,16.691,29.649,86.766
2018-08-14,20.214,9.821,18.031,25.281,97.234
2018-08-15,7.217,11.96,17.639,27.41,102.975
2018-08-16,0.024,16.037,14.285,29.979,87.992
2018-08-17,2.387,14.855,15.122,29.087,111.378
2018-08-18,13.365,14.184,16.705,29.288,93.122
2018-08-19,0.794,13.146,17.545,28.646,207.232
2018-08-20,1.15,14.962,16.069,29.788,102.094
2018-08-21,0.638,14.499,16.295,29.368,156.005
2018-08-22,4.707,14.009,17.59,29.625,93.122
2018-08-23,0.0,15.239,16.465,30.278,106.353
2018-08-24,14.732,13.349,16.962,28.406,159.238
2018-08-25,0.0,15.339,16.462,30.385,88.816
2018-08-26,6.678,14.488,17.108,29.83,97.239
2018-08-27,16.286,13.643,17.118,28.875,180.639
2018-08-28,0.0,14.886,15.618,29.309,91.567
2018-08-29,1.05,13.397,17.337,28.691,87.581
2018-08-30,13.421,14.092,17.431,29.559,119.312
2018-08-31,12.101,14.813,17.226,30.219,188.662
2018-09-01,19.215,14.513,18.188,30.514,110.138
2018-09-02,8.791,14.891,17.757,30.646,100.621
2018-09-04,25.565,10.971,18.771,26.948,148.49
2018-09-05,0.0,11.024,18.247,26.684,123.359
2018-09-06,12.037,10.509,17.611,25.601,236.631
2018-09-07,10.008,11.631,17.802,26.986,153.757
2018-09-08,3.523,14.255,17.292,29.594,140.547
2018-09-09,16.012,13.632,17.542,29.052,127.792
2018-09-10,3.266,14.985,16.983,30.243,129.406
2018-09-11,19.138,11.876,19.507,28.486,241.022
2018-09-12,0.752,12.771,18.358,28.66,149.948
2018-09-13,35.782,10.467,17.701,25.59,280.653
2018-09-14,28.4,9.92,17.406,24.781,354.873
2018-09-15,8.458,8.834,17.476,23.646,305.928
2018-09-16,10.148,10.131,16.774,24.542,243.302
2018-09-17,0.0,13.758,16.16,28.333,160.123
2018-09-18,1.421,13.116,17.91,28.771,187.661
2018-09-19,21.732,13.686,17.535,29.149,186.297
2018-09-20,11.188,14.284,17.462,29.802,191.958
2018-09-21,0.0,15.557,16.25,30.483,163.774
2018-09-22,11.438,13.149,17.365,28.455,203.178
2018-09-23,0.0,14.694,16.434,29.608,220.505
2018-09-24,5.475,14.464,17.722,30.205,186.117
2018-09-25,0.0,15.122,15.771,29.698,214.272
2018-09-26,15.103,13.769,17.361,29.167,161.607
2018-09-27,29.026,11.08,18.226,26.771,141.99
2018-09-28,10.623,11.725,17.767,27.132,181.927
2018-09-29,33.174,12.226,18.226,28.042,367.332
2018-09-30,24.116,11.776,18.639,27.802,348.276
2018-10-01,17.546,9.428,18.392,25.146,233.979
2018-10-02,32.046,10.975,18.323,26.733,241.291
2018-10-03,1.152,9.814,18.625,25.691,284.237
2018-10-04,24.635,9.892,17.153,24.729,240.603
2018-10-05,32.403,8.843,17.632,23.962,376.122
2018-10-06,20.497,8.018,17.059,22.625,409.973
2018-10-07,6.249,10.681,18.007,26.281,359.357
2018-10-08,21.567,9.412,18.382,25.174,591.846
2018-10-09,33.373,7.659,18.035,23.069,481.151
2018-10-10,10.355,8.477,18.292,24.108,479.944
2018-10-11,52.343,8.852,17.205,23.677,550.144
2018-10-12,0.464,9.095,17.347,24.108,454.74
2018-10-13,2.238,10.736,17.632,26.174,441.823
2018-10-14,0.15,10.842,18.069,26.663,383.695
2018-10-15,22.197,12.308,16.802,27.465,417.3
2018-10-16,11.657,10.242,18.146,26.038,437.055
2018-10-17,29.435,11.265,17.368,26.688,536.852
2018-10-18,7.269,9.879,18.5,25.955,359.395
2018-10-19,23.223,10.497,17.392,25.84,509.663
2018-10-20,21.411,9.852,17.983,25.569,656.14
2018-10-21,29.623,7.806,17.67,23.056,452.318
2018-10-22,1.412,10.006,17.267,25.264,434.908
2018-10-23,5.903,9.496,18.385,25.486,414.587
2018-10-24,27.353,8.515,18.91,24.833,374.437
2018-10-25,14.32,9.594,18.812,25.972,357.231
2018-10-26,44.977,9.224,18.729,25.545,650.398
2018-10-27,9.394,10.577,18.878,27.198,549.586
2018-10-28,2.063,11.847,17.497,27.75,402.85
2018-10-29,37.029,10.191,18.222,26.323,515.261
2018-10-30,0.673,10.5,17.767,26.351,427.428
2018-10-31,20.849,11.521,17.479,27.41,416.209
2018-11-01,4.837,10.506,18.059,26.611,361.662
2018-11-02,43.634,9.273,17.899,25.108,458.294
2018-11-03,19.2,9.094,17.951,24.92,522.205
2018-11-04,20.605,8.75,18.573,25.007,440.853
2018-11-05,14.396,7.552,18.222,23.427,408.228
2018-11-06,0.656,8.924,18.09,24.899,427.851
2018-11-07,0.0,8.674,18.653,25.052,386.768
2018-11-08,2.629,11.323,17.854,27.611,275.909
2018-11-09,25.288,7.211,19.108,23.816,355.762
2018-11-10,0.0,8.959,18.639,25.413,368.819
2018-11-11,31.03,7.513,19.649,24.639,349.249
2018-11-12,28.115,8.99,19.132,25.885,514.979
2018-11-13,19.749,8.641,18.448,25.021,493.969
2018-11-14,7.962,10.662,17.948,27.01,428.003
2018-11-15,18.843,9.235,18.83,26.017,449.039
2018-11-16,6.696,9.336,18.997,26.271,472.78
2018-11-17,38.787,9.342,19.618,26.726,767.83
2018-11-18,28.488,10.196,18.153,26.715,532.046
2018-11-19,27.563,9.849,18.58,26.587,447.509
2018-11-20,9.916,10.079,19.472,27.573,402.988
2018-11-21,18.498,8.9,18.677,25.587,483.097
2018-11-22,18.544,9.381,17.958,25.649,417.102
2018-11-23,40.057,8.327,19.087,25.319,558.364
2018-11-24,7.228,8.672,18.524,25.264,411.437
2018-11-25,4.54,8.397,19.406,25.639,418.312
2018-11-26,15.616,6.738,19.233,23.649,395.672
2018-11-27,47.143,7.777,18.042,23.865,334.354
2018-11-28,0.425,8.276,17.753,24.247,322.999
2018-11-29,0.0,9.64,18.299,26.312,360.637
2018-11-30,11.378,8.131,19.056,25.094,418.549
2018-12-01,14.383,8.881,18.351,25.465,353.374
2018-12-02,0.0,10.637,17.708,27.167,327.987
2018-12-03,0.0,11.135,17.569,27.694,301.451
2018-12-04,1.753,9.207,18.597,26.056,285.704
2018-12-05,9.495,8.693,17.573,24.677,309.656
2018-12-06,5.27,9.21,18.156,25.757,326.759
2018-12-07,0.0,10.271,16.608,25.997,261.586
2018-12-08,0.0,11.313,16.42,27.226,272.965
2018-12-09,11.047,11.417,16.729,27.559,304.435
2018-12-10,0.0,11.828,15.674,27.392,293.783
2018-12-11,12.683,10.039,17.208,26.149,329.026
2018-12-12,5.416,10.196,18.226,27.087,284.602
2018-12-13,0.433,11.821,16.337,27.826,283.185
2018-12-14,5.705,10.85,17.243,27.219,294.365
2018-12-15,4.067,11.686,15.375,27.038,289.531
2018-12-16,3.376,12.527,15.979,28.542,332.175
2018-12-17,1.901,11.99,15.472,27.51,289.085
2018-12-18,0.194,11.547,16.983,27.934,317.617
2018-12-19,0.571,11.609,16.698,27.823,315.084
2018-12-20,0.354,11.897,16.278,27.913,273.684
2018-12-21,4.965,10.332,17.691,26.878,238.393
2018-12-22,12.113,9.598,18.333,26.42,342.558
2018-12-23,0.033,11.489,15.549,26.882,320.835
2018-12-24,0.027,11.429,16.715,27.58,207.902
2018-12-25,0.018,12.874,16.024,28.99,368.609
2018-12-26,0.0,12.783,15.962,28.83,184.569
2018-12-27,0.254,12.647,15.549,28.375,186.348
2018-12-28,0.12,13.008,15.549,28.851,143.742
2018-12-29,0.0,12.656,15.497,28.344,143.034
2018-12-30,0.147,12.786,15.878,28.75,289.746
2018-12-31,0.0,11.819,16.108,27.649,291.846
2019-01-01,0.0,14.451,14.861,30.24,262.44
2019-01-02,0.0,13.885,15.201,29.701,144.649
2019-01-03,0.0,13.505,15.361,29.299,132.61
2019-01-04,0.0,14.071,15.344,29.997,129.389
2019-01-05,0.159,11.766,17.108,28.174,220.776
2019-01-06,2.587,10.875,18.288,27.819,288.652
2019-01-07,48.62,7.744,19.26,24.781,209.366
2019-01-08,0.224,9.742,17.469,25.809,136.511
2019-01-09,0.0,8.259,17.542,24.062,291.977
2019-01-10,0.0,7.701,17.753,23.545,296.344
2019-01-11,0.0,9.465,18.017,25.833,172.324
2019-01-12,0.0,10.188,17.809,26.517,216.995
2019-01-13,0.0,10.216,17.677,26.444,221.634
2019-01-14,0.0,9.423,17.927,25.646,193.019
2019-01-15,14.523,11.217,17.427,27.486,348.626
2019-01-16,11.671,10.988,17.781,27.434,274.351
2019-01-17,7.752,9.934,17.694,26.052,240.997
2019-01-18,4.183,11.01,17.656,27.361,363.212
2019-01-19,0.0,11.457,17.566,27.799,238.193
2019-01-20,1.957,11.616,17.309,27.785,344.735
2019-01-21,0.0,9.865,18.441,26.434,252.098
2019-01-22,0.0,12.702,17.205,29.01,165.437
2019-01-23,0.0,13.072,17.372,29.562,203.445
2019-01-24,0.0,13.816,16.892,30.142,213.528
2019-01-25,2.964,12.116,17.649,28.524,293.522
2019-01-26,0.0,13.314,17.184,29.649,266.351
2019-01-27,0.826,12.371,17.559,28.705,234.239
2019-01-28,34.258,7.605,19.844,24.833,403.168
2019-01-29,0.0,10.741,18.139,27.062,178.75
2019-01-30,0.0,10.86,18.67,27.573,211.108
2019-01-31,0.0,11.119,18.038,27.417,291.348
2019-02-01,0.0,11.409,18.497,28.028,355.384
2019-02-02,39.499,10.351,18.913,27.094,466.669
2019-02-03,0.0,11.48,18.597,28.181,312.06
2019-02-04,0.0,11.9,18.451,28.514,302.044
2019-02-05,19.047,11.903,17.993,28.163,377.848
2019-02-06,37.201,11.812,18.285,28.243,628.952
2019-02-07,19.699,10.752,18.677,27.264,331.614
2019-02-08,0.0,10.675,19.264,27.545,256.624
2019-02-09,1.809,9.618,19.566,26.59,419.255
2019-02-10,0.0,10.826,18.59,27.208,384.896
2019-02-11,0.0,11.212,18.92,27.878,324.722
2019-02-12,8.581,12.393,18.427,28.851,427.891
2019-02-13,4.186,13.457,18.385,30.031,284.041
2019-02-14,8.575,11.538,18.132,27.601,477.148
2019-02-15,0.0,13.368,17.694,29.413,372.057
2019-02-16,0.0,11.078,19.931,28.34,327.014
2019-02-17,5.419,10.301,19.708,27.285,400.529
2019-02-18,18.114,10.296,19.899,27.403,441.974
2019-02-19,20.566,9.052,19.569,25.74,344.448
2019-02-20,47.494,9.901,18.972,26.215,358.054
2019-02-21,3.335,12.473,18.767,28.948,278.909
2019-02-22,0.0,13.917,17.736,29.854,286.007
2019-02-23,34.697,11.463,18.653,27.677,255.402
2019-02-24,30.036,9.853,19.236,26.288,333.602
2019-02-25,0.0,10.829,19.483,27.528,346.362
2019-02-26,24.955,9.287,19.847,26.083,414.402
2019-02-27,11.105,8.925,17.483,23.882,437.795
2019-02-28,0.0,11.548,18.861,27.785,331.289
2019-03-01,0.0,13.615,17.99,29.483,350.546
2019-03-02,22.571,9.284,18.865,25.278,446.911
2019-03-03,4.098,8.793,19.431,25.267,302.617
2019-03-04,2.667,12.838,17.035,27.885,303.371
2019-03-05,36.057,11.2,19.597,27.84,491.862
2019-03-06,16.416,11.603,20.122,28.684,312.649
2019-03-07,29.438,10.815,19.417,27.274,363.262
2019-03-08,2.744,12.112,18.653,28.132,395.391
2019-03-09,0.245,12.742,18.545,28.74,288.298
2019-03-10,20.096,11.84,18.531,27.698,303.399
2019-03-11,11.315,10.184,19.517,26.601,322.53
2019-03-12,9.73,11.824,19.264,28.201,314.994
2019-03-13,0.867,13.347,19.361,29.913,321.854
2019-03-14,26.327,10.635,19.76,27.271,406.052
2019-03-15,0.0,10.669,19.417,27.056,330.881
2019-03-16,4.949,12.697,18.622,28.663,363.518
2019-03-17,2.554,12.65,19.667,29.344,307.538
2019-03-18,24.925,11.281,19.906,28.007,301.621
2019-03-19,35.088,7.33,19.257,23.472,449.016
2019-03-20,3.204,9.579,18.778,25.375,308.997
2019-03-21,13.101,7.831,19.882,24.469,307.083
2019-03-22,4.933,10.226,18.389,25.743,425.252
2019-03-23,31.855,9.935,18.111,25.24,652.683
2019-03-24,1.093,9.204,18.611,24.847,366.483
2019-03-25,0.159,12.866,17.462,27.993,340.138
2019-03-26,35.716,9.859,19.427,26.142,406.071
2019-03-27,0.0,11.074,19.365,27.368,313.752
2019-03-28,1.539,11.304,19.615,27.785,327.852
2019-03-29,39.096,8.035,19.281,24.191,379.539
2019-03-30,0.0,11.79,17.663,26.885,333.977
2019-03-31,0.0,11.467,20.278,28.431,346.614
2019-04-01,38.37,8.997,19.24,25.125,395.748
2019-04-02,8.896,9.303,18.944,25.177,347.814
2019-04-03,0.0,12.38,17.681,27.552,360.394
2019-04-04,15.167,11.117,18.965,27.062,368.666
2019-04-05,5.123,9.823,19.413,26.087,373.736
2019-04-06,6.615,12.507,18.535,28.288,381.557
2019-04-07,0.492,10.45,19.618,26.865,287.998
2019-04-08,9.82,13.451,17.819,28.861,219.736
2019-04-09,14.938,10.591,19.122,26.674,311.855
2019-04-10,23.533,8.978,18.444,24.517,310.664
2019-04-11,12.244,10.991,18.406,26.58,287.769
2019-04-12,1.895,12.853,18.288,28.562,186.439
2019-04-13,3.195,11.415,19.712,27.99,184.322
2019-04-14,16.125,14.214,17.733,29.701,248.703
2019-04-15,20.646,11.549,18.278,27.118,383.317
2019-04-16,0.11,12.078,17.722,27.316,362.775
2019-04-17,50.19,10.536,18.809,26.434,483.613
2019-04-18,32.925,10.54,18.722,26.378,275.903
2019-04-19,2.851,9.981,18.344,25.503,205.564
2019-04-20,25.358,11.175,18.003,26.597,256.931
2019-04-21,18.353,9.769,18.24,25.201,617.67
2019-04-22,37.162,8.012,17.91,23.132,423.351
2019-04-23,8.885,10.865,18.372,26.497,250.874
2019-04-24,24.344,9.194,18.882,25.115,383.868
2019-04-25,3.389,10.701,18.868,26.722,317.905
2019-04-26,11.42,10.637,19.184,26.924,489.965
2019-04-27,5.354,10.88,19.177,27.181,383.59
2019-04-28,4.412,10.99,18.41,26.747,232.305
2019-04-29,2.098,11.355,18.319,27.076,203.948
2019-04-30,0.0,13.467,17.472,28.878,259.302
2019-05-01,0.0,14.644,17.132,30.042,257.999
2019-05-02,0.0,14.022,17.41,29.517,332.284
2019-05-03,0.201,11.586,18.302,27.406,311.578
2019-05-04,0.644,11.602,18.681,27.667,317.302
2019-05-05,0.0,14.235,19.087,30.941,284.362
2019-05-06,1.671,13.311,19.083,29.91,273.864
2019-05-07,0.098,12.774,19.194,29.396,237.019
2019-05-08,27.663,9.39,19.003,25.573,185.788
2019-05-09,0.283,10.777,18.691,26.837,218.458
2019-05-10,18.019,9.783,18.181,25.406,171.53
2019-05-11,15.697,9.859,19.288,26.34,372.54
2019-05-12,8.109,11.233,18.764,27.438,372.061
2019-05-13,1.984,11.144,17.913,26.75,176.769
2019-05-14,18.656,12.762,17.524,28.358,181.089
2019-05-15,17.229,10.855,18.014,26.528,288.406
2019-05-16,2.558,11.796,18.819,28.184,263.95
2019-05-17,18.747,10.586,19.017,27.021,249.647
2019-05-18,7.951,11.057,17.118,26.205,316.571
2019-05-19,15.985,8.966,18.062,24.549,393.848
2019-05-20,19.595,10.949,17.875,26.601,275.303
2019-05-21,7.658,11.774,17.503,27.344,275.188
2019-05-22,7.828,11.502,18.41,27.663,204.368
2019-05-23,20.551,6.954,18.816,23.062,320.835
2019-05-24,6.609,9.374,18.323,25.236,252.841
2019-05-25,20.426,6.994,18.354,22.681,262.583
2019-05-26,6.18,12.344,16.684,27.507,239.238
2019-05-27,37.821,9.791,17.885,25.413,345.208
2019-05-28,21.921,9.283,17.663,24.688,232.965
2019-05-29,4.281,12.226,17.045,27.684,310.723
2019-05-30,30.921,8.759,17.903,24.278,283.212
2019-05-31,18.611,9.445,17.694,24.944,300.006
2019-06-01,18.606,7.955,17.479,23.094,433.933
2019-06-02,0.0,11.553,17.076,26.962,253.156
2019-06-03,2.497,11.403,17.719,27.212,215.286
2019-06-04,1.671,12.827,17.163,28.521,196.84
2019-06-05,5.668,11.818,17.538,27.583,304.555
2019-06-06,0.765,10.643,17.851,26.444,233.993
2019-06-07,7.369,8.34,18.125,24.059,186.872
2019-06-08,27.184,10.912,16.948,26.128,246.963
2019-06-09,1.436,12.713,17.066,28.361,174.441
2019-06-10,3.194,11.632,17.601,27.451,163.98
2019-06-11,11.624,11.965,17.552,27.819,241.85
2019-06-12,19.991,11.044,17.771,26.924,172.664
2019-06-13,4.56,11.936,17.712,27.903,202.59
2019-06-14,0.326,12.751,18.0,29.056,215.531
2019-06-15,1.594,13.657,17.479,29.802,190.248
2019-06-16,4.03,12.953,17.872,29.226,315.125
2019-06-17,0.0,13.115,16.993,28.854,172.611
2019-06-18,0.0,13.805,17.201,29.823,181.556
2019-06-19,6.241,12.57,17.677,28.656,194.055
2019-06-20,2.363,13.776,16.25,29.17,142.377
2019-06-21,0.0,13.875,16.767,29.622,189.008
2019-06-22,5.411,12.82,17.983,29.163,135.172
2019-06-23,2.538,10.97,18.375,27.26,131.531
2019-06-24,2.866,12.002,17.812,28.08,276.329
2019-06-25,1.222,12.292,17.295,28.042,174.246
2019-06-26,0.196,13.458,18.66,30.406,120.753
2019-06-27,0.225,13.702,18.014,30.222,185.168
2019-06-28,10.264,12.743,18.712,29.587,142.593
2019-06-29,0.065,13.858,16.719,29.569,122.516
2019-06-30,0.0,14.075,16.931,29.976,251.004
2019-07-01,10.386,12.65,17.42,28.58,183.171
2019-07-02,0.68,12.47,17.302,28.278,118.212
2019-07-03,9.367,13.299,17.156,29.16,116.266
2019-07-04,1.562,13.038,18.413,29.688,107.737
2019-07-05,19.794,14.364,16.969,30.295,123.306
2019-07-06,7.508,13.73,17.618,29.993,171.834
2019-07-07,0.0,15.107,16.306,30.753,263.532
2019-07-08,0.331,13.457,17.052,29.267,229.384
2019-07-09,8.036,13.636,16.535,29.125,159.398
2019-07-10,0.248,13.279,17.24,29.188,103.465
2019-07-11,2.63,13.298,17.767,29.535,101.667
2019-07-12,8.811,13.214,17.066,28.941,122.115
2019-07-13,13.868,12.198,17.587,28.104,228.443
2019-07-14,8.617,13.981,17.205,29.924,266.732
2019-07-15,11.26,13.281,17.052,28.976,243.99
2019-07-16,3.325,11.83,17.128,27.302,175.094
2019-07-17,0.0,15.019,16.101,30.396,131.431
2019-07-18,0.399,14.608,17.236,30.649,157.656
2019-07-19,5.546,14.36,16.92,30.128,114.823
2019-07-20,0.0,14.165,16.576,29.667,104.022
2019-07-21,5.22,13.988,17.427,29.976,100.97
2019-07-22,0.839,12.277,19.014,29.049,98.965
2019-07-23,8.377,12.626,18.247,28.934,126.32
2019-07-24,10.531,12.653,18.403,29.052,129.416
2019-07-25,0.189,13.376,18.122,29.688,141.899
2019-07-26,9.829,12.474,17.583,28.247,114.953
2019-07-27,4.853,13.822,17.319,29.622,102.016
2019-07-28,0.156,13.991,16.615,29.354,96.0
2019-07-29,0.0,14.715,16.781,30.292,136.097
2019-07-30,1.901,13.622,17.993,29.806,109.837
2019-07-31,0.0,15.457,15.847,30.549,95.041
2019-08-01,0.855,14.035,16.969,29.559,89.81
2019-08-02,7.753,13.102,18.566,29.556,93.036
2019-08-03,6.922,12.389,17.722,28.142,97.134
2019-08-04,0.0,13.759,17.302,29.424,90.42
2019-08-05,5.324,13.972,17.552,29.823,87.194
2019-08-06,0.0,14.515,16.903,30.003,86.352
2019-08-07,0.0,15.202,16.003,30.208,92.01
2019-08-08,5.478,14.736,16.188,29.785,98.267
2019-08-09,0.0,14.54,17.149,30.142,87.315
2019-08-10,0.0,14.72,15.705,29.406,84.051
2019-08-11,0.0,14.961,16.479,30.156,86.773
2019-08-12,0.0,15.17,17.038,30.74,82.828
2019-08-13,0.0,13.51,18.128,29.542,82.122
2019-08-14,0.68,12.862,17.778,28.566,127.39
2019-08-15,3.598,14.835,16.125,29.747,89.335
2019-08-16,4.116,12.249,16.75,27.132,93.973
2019-08-17,0.0,13.983,16.118,28.674,84.849
2019-08-18,0.0,14.219,17.569,29.917,80.043
2019-08-19,2.113,14.225,16.625,29.292,79.895
2019-08-20,5.289,14.329,16.757,29.486,79.821
2019-08-21,2.233,15.302,16.67,30.528,78.708
2019-08-22,0.0,16.838,14.097,30.715,78.114
2019-08-23,2.838,15.13,15.809,29.781,81.305
2019-08-24,0.0,13.991,17.306,29.392,79.004
2019-08-25,1.573,15.616,16.622,30.819,77.0
2019-08-26,0.187,14.266,16.753,29.312,77.446
2019-08-27,0.0,15.666,16.781,30.941,85.355
2019-08-28,18.538,13.452,16.92,28.483,82.913
2019-08-29,0.0,15.823,16.295,30.806,76.062
2019-08-30,0.0,16.951,15.073,31.33,75.145
2019-08-31,12.577,14.111,16.976,29.26,76.481
2019-09-01,10.797,13.856,18.351,29.896,78.559
2019-09-02,11.58,13.08,18.66,29.205,76.629
2019-09-03,10.156,15.801,17.604,31.569,84.775
2019-09-04,13.258,13.922,18.625,30.115,118.814
2019-09-05,3.872,14.629,18.083,30.549,86.428
2019-09-06,17.976,13.654,18.823,29.955,110.289
2019-09-07,0.139,16.172,16.861,31.507,100.362
2019-09-08,16.616,15.554,17.208,31.021,91.844
2019-09-09,0.224,16.009,16.115,30.84,82.739
2019-09-10,7.401,15.914,16.552,30.997,82.006
2019-09-11,11.877,14.902,19.156,31.569,122.378
2019-09-12,2.1,14.577,18.958,31.031,180.047
2019-09-13,16.988,15.077,17.441,30.653,382.093
2019-09-14,7.624,13.664,18.177,29.535,107.4
2019-09-15,2.24,14.253,17.993,30.035,77.668
2019-09-16,16.821,12.894,18.549,28.944,155.36
2019-09-17,0.086,13.763,18.337,29.778,114.596
2019-09-18,42.448,10.029,17.552,25.066,141.419
2019-09-19,15.131,9.316,17.729,24.417,182.037
2019-09-20,13.385,7.988,17.608,22.906,129.589
2019-09-21,9.807,10.944,16.184,25.108,108.141
2019-09-22,8.049,13.235,16.545,28.007,98.558
2019-09-23,36.115,10.618,18.014,26.066,213.338
2019-09-24,16.879,11.157,17.882,26.576,173.757
2019-09-25,29.747,11.724,18.031,27.295,227.496
2019-09-26,24.986,10.814,17.528,25.924,277.306
2019-09-27,0.0,13.111,16.667,27.993,160.208
2019-09-28,12.259,13.568,17.726,29.233,148.228
2019-09-29,13.552,9.789,17.326,24.667,175.385
2019-09-30,0.341,11.757,16.535,26.365,185.295
2019-10-01,21.15,11.917,17.771,27.42,213.675
2019-10-02,0.0,10.843,18.24,26.608,137.199
2019-10-03,18.811,8.483,17.608,23.5,140.935
2019-10-04,0.182,14.14,14.792,28.083,122.06
2019-10-05,3.983,12.188,18.066,27.993,118.43
2019-10-06,15.032,10.037,17.875,25.448,271.893
2019-10-07,21.384,11.707,17.726,27.285,350.466
2019-10-08,14.06,11.803,17.167,27.003,210.012
2019-10-09,0.0,12.362,16.264,27.014,137.263
2019-10-10,21.523,10.668,17.587,26.021,213.975
2019-10-11,15.612,10.097,18.934,26.358,201.847
2019-10-12,17.429,9.881,17.924,25.413,195.757
2019-10-13,16.505,11.626,17.573,27.118,277.237
2019-10-14,19.503,12.011,17.535,27.632,273.702
2019-10-15,0.0,11.456,17.583,27.017,174.083
2019-10-16,14.269,11.074,17.396,26.438,206.343
2019-10-17,1.179,12.177,16.052,26.823,179.699
2019-10-18,17.862,9.805,17.615,25.198,308.699
2019-10-19,20.396,9.659,16.715,24.406,311.7
2019-10-20,2.864,10.429,17.146,25.587,217.602
2019-10-21,35.002,9.317,18.049,25.142,330.039
2019-10-22,2.502,9.396,17.896,25.014,305.833
2019-10-23,19.16,11.038,17.545,26.667,334.842
2019-10-24,23.196,8.948,17.799,24.465,315.2
2019-10-25,3.783,10.005,17.67,25.58,222.536
2019-10-26,19.596,12.091,16.726,27.427,232.425
2019-10-27,31.912,11.111,17.351,26.74,376.747
2019-10-28,0.082,13.229,16.392,28.618,298.165
2019-10-29,19.023,12.77,17.562,28.872,264.507
2019-10-30,21.641,11.298,17.521,27.135,364.122
2019-10-31,0.191,12.219,17.163,28.031,249.851
2019-11-01,14.086,11.014,17.354,26.726,279.982
2019-11-02,10.726,8.581,18.247,24.601,330.944
2019-11-03,2.498,10.784,18.382,27.226,301.753
2019-11-04,18.367,11.287,18.094,27.632,416.378
2019-11-05,9.946,10.993,18.472,27.566,230.004
2019-11-06,3.098,12.44,17.934,28.962,262.026
2019-11-07,3.173,11.937,17.913,28.368,193.09
2019-11-08,3.441,11.889,19.111,29.163,172.769
2019-11-09,23.973,7.795,18.319,23.83,186.152
2019-11-10,1.453,9.242,17.333,24.792,273.812
2019-11-11,21.151,9.252,18.764,25.872,221.874
2019-11-12,15.284,6.504,18.639,22.743,344.72
2019-11-13,15.014,8.289,16.795,23.288,403.191
2019-11-14,16.771,7.278,18.17,23.222,320.442
2019-11-15,25.173,8.229,17.976,24.194,235.878
2019-11-16,0.0,9.272,17.976,25.424,267.091
2019-11-17,5.603,8.915,18.17,25.142,317.311
2019-11-18,4.549,9.618,18.264,26.052,323.966
2019-11-19,13.14,9.537,17.49,25.431,403.166
2019-11-20,26.628,8.941,18.382,25.382,418.665
2019-11-21,6.417,7.86,18.66,24.372,361.736
2019-11-22,10.709,8.495,18.726,25.142,404.952
2019-11-23,3.627,8.924,17.219,24.545,334.478
2019-11-24,6.736,8.208,18.889,24.983,368.903
2019-11-25,0.0,11.436,17.924,28.198,310.699
2019-11-26,0.0,10.584,18.372,27.497,300.681
2019-11-27,0.0,12.038,16.517,28.035,341.567
2019-11-28,1.833,10.551,17.455,26.806,332.626
2019-11-29,11.138,9.121,18.111,25.573,346.321
2019-11-30,17.438,8.02,18.819,24.785,347.971
2019-12-01,1.257,10.273,19.583,28.035,234.732
2019-12-02,0.0,11.618,17.753,28.427,178.422
2019-12-03,9.498,10.806,17.135,27.007,290.193
2019-12-04,0.11,11.376,17.528,28.024,241.302
2019-12-05,23.714,10.177,18.747,27.368,438.926
2019-12-06,0.114,11.416,17.368,27.972,340.65
2019-12-07,31.751,7.86,17.885,23.944,384.378
2019-12-08,11.087,8.593,17.243,24.361,310.03
2019-12-09,1.643,10.429,18.188,27.323,304.621
2019-12-10,0.0,10.42,18.069,27.247,289.615
2019-12-11,24.283,9.437,18.833,26.569,313.972
2019-12-12,12.488,7.959,18.184,24.295,314.397
2019-12-13,0.0,9.85,17.677,26.236,303.084
2019-12-14,14.875,7.637,18.458,24.132,345.438
2019-12-15,0.0,9.382,17.389,25.444,240.424
2019-12-16,2.859,10.733,17.889,27.535,231.798
2019-12-17,18.804,10.373,18.299,27.392,304.221
2019-12-18,23.72,10.158,17.986,26.896,354.613
2019-12-19,6.77,10.851,18.104,27.837,429.54
2019-12-20,6.952,10.871,18.632,28.233,319.307
2019-12-21,3.271,10.609,18.528,27.844,231.835
2019-12-22,0.0,11.627,17.781,28.583,250.151
2019-12-23,0.836,11.138,18.302,28.323,207.586
2019-12-24,0.0,12.12,17.802,29.198,279.728
2019-12-25,5.496,11.197,18.316,28.378,331.335
2019-12-26,18.545,11.673,18.149,28.892,430.307
2019-12-27,3.339,8.639,19.5,26.139,295.607
2019-12-28,1.498,12.392,17.705,29.462,310.032
2019-12-29,0.903,10.905,18.743,28.309,200.068
2019-12-30,8.136,8.811,19.472,26.285,264.286
2019-12-31,8.524,7.635,18.076,23.844,233.793
2020-01-01,1.716,9.534,18.455,26.385,189.243
2020-01-02,2.793,10.25,18.91,27.583,265.233
2020-01-03,0.0,11.771,17.552,28.51,206.327
2020-01-04,0.0,11.954,16.253,27.872,255.25
2020-01-05,0.0,9.533,18.274,26.201,267.541
2020-01-06,0.247,11.954,15.486,27.351,172.546
2020-01-07,0.045,12.526,14.861,27.656,244.98
2020-01-08,0.0,12.005,15.667,27.476,229.011
2020-01-09,0.0,13.779,14.483,28.993,229.851
2020-01-10,0.0,13.801,14.903,29.26,282.256
2020-01-11,0.0,13.712,14.243,28.701,287.93
2020-01-12,0.0,13.498,15.049,28.896,255.064
2020-01-13,0.0,13.698,15.99,29.726,250.325
2020-01-14,0.293,12.394,17.222,28.861,272.27
2020-01-15,1.814,12.801,16.003,28.542,235.413
2020-01-16,0.0,12.071,16.458,27.892,149.972
2020-01-17,0.313,13.605,16.611,29.899,126.225
2020-01-18,0.0,13.627,16.951,30.122,129.446
2020-01-19,1.252,13.57,17.51,30.392,196.79
2020-01-20,19.906,9.847,18.66,26.594,204.09
2020-01-21,13.602,9.18,19.125,26.149,204.902
2020-01-22,16.692,6.846,18.028,22.691,263.017
2020-01-23,0.0,9.661,17.74,25.667,190.873
2020-01-24,0.331,9.335,18.799,26.031,150.948
2020-01-25,4.286,9.894,19.757,27.385,126.822
2020-01-26,0.0,10.246,19.205,27.372,206.457
2020-01-27,0.0,10.173,18.681,26.826,235.638
2020-01-28,1.867,9.929,19.007,26.795,150.556
2020-01-29,0.0,9.941,18.913,26.708,221.297
2020-01-30,0.0,11.632,17.74,27.837,242.989
2020-01-31,7.489,12.169,18.191,28.778,254.732
2020-02-01,0.0,13.75,16.788,29.712,144.798
2020-02-02,23.265,10.738,18.184,27.031,160.637
2020-02-03,0.0,12.806,17.149,28.75,240.761
2020-02-04,0.874,14.164,15.854,29.545,155.376
2020-02-05,0.0,14.795,14.944,29.719,129.726
2020-02-06,0.0,15.282,14.917,30.25,203.4
2020-02-07,0.0,14.582,14.344,29.0,239.918
2020-02-08,0.0,11.121,18.316,27.389,246.6
2020-02-09,0.0,12.331,17.549,28.25,233.011
2020-02-10,0.0,13.28,15.83,28.233,150.522
2020-02-11,0.0,14.739,16.118,30.149,184.75
2020-02-12,0.0,14.828,15.726,29.976,193.022
2020-02-13,0.0,14.248,16.917,30.003,156.406
2020-02-14,3.265,12.614,18.403,29.038,147.506
2020-02-15,3.078,12.672,18.267,28.986,332.189
2020-02-16,0.0,13.82,18.469,30.41,173.235
2020-02-17,0.0,13.472,18.799,30.226,149.257
2020-02-18,0.0,15.612,16.938,31.455,141.82
2020-02-19,0.0,15.454,17.205,31.406,125.781
2020-02-20,46.367,11.648,20.41,29.191,239.14
2020-02-21,0.378,10.396,19.767,27.319,198.929
2020-02-22,49.083,9.277,18.524,25.16,194.394
2020-02-23,2.448,8.248,19.267,24.628,161.201
2020-02-24,8.765,8.824,19.972,25.743,147.292
2020-02-25,4.519,11.638,19.927,28.701,183.493
2020-02-26,13.954,10.222,19.399,26.76,217.138
2020-02-27,0.0,10.939,19.444,27.556,199.603
2020-02-28,0.0,12.24,18.347,28.198,192.103
2020-02-29,0.0,12.804,18.226,28.743,159.218
2020-03-01,0.743,11.689,19.628,28.458,270.453
2020-03-02,19.606,11.63,19.896,28.573,284.406
2020-03-03,29.472,13.271,19.361,30.003,289.225
2020-03-04,40.018,12.578,20.111,29.747,355.727
2020-03-05,0.0,15.73,17.111,31.243,197.461
2020-03-06,1.705,14.642,17.476,30.205,187.888
2020-03-07,9.92,12.068,18.899,28.25,225.243
2020-03-08,12.66,11.132,19.358,27.559,219.656
2020-03-09,0.459,11.495,21.198,29.285,287.869
2020-03-10,5.871,12.162,20.292,29.326,213.454
2020-03-11,14.617,11.405,19.347,27.774,228.524
2020-03-12,0.0,11.998,20.625,29.33,183.422
2020-03-13,24.436,10.945,20.076,27.812,337.742
2020-03-14,0.0,9.687,19.531,26.056,308.521
2020-03-15,0.384,11.638,19.108,27.823,376.191
2020-03-16,0.0,11.528,20.174,28.458,309.084
2020-03-17,1.546,13.279,18.719,29.302,286.341
2020-03-18,0.0,12.653,19.174,28.944,193.586
2020-03-19,0.0,12.215,19.854,28.92,179.9
2020-03-20,0.0,7.692,20.5,24.823,251.521
2020-03-21,0.0,11.621,17.219,26.41,290.828
2020-03-22,0.0,14.038,16.097,28.389,288.854
2020-03-23,0.0,11.953,18.667,27.76,187.653
2020-03-24,10.433,10.108,18.74,25.837,204.992
2020-03-25,0.0,12.749,18.615,28.597,223.991
2020-03-26,2.207,12.186,19.833,28.847,182.439
2020-03-27,27.475,12.929,18.74,28.885,183.007
2020-03-28,0.0,13.697,17.91,29.191,172.314
2020-03-29,0.0,12.342,19.569,28.847,220.708
2020-03-30,0.0,10.531,19.406,26.771,207.143
2020-03-31,0.0,12.348,18.535,28.087,165.614
2020-04-01,15.423,10.783,18.26,26.198,287.853
2020-04-02,0.0,12.925,18.469,28.708,220.336
2020-04-03,0.65,12.619,19.66,29.181,183.91
2020-04-04,1.133,12.112,19.806,28.753,203.317
2020-04-05,2.753,12.779,19.174,29.017,284.068
2020-04-06,3.774,12.041,19.587,28.556,277.367
2020-04-07,8.53,12.204,18.74,28.139,244.51
2020-04-08,2.339,13.533,19.753,30.281,185.536
2020-04-09,15.591,12.151,19.26,28.462,235.987
2020-04-10,4.876,13.386,18.833,29.493,193.511
2020-04-11,23.673,11.593,19.569,28.052,178.413
2020-04-12,20.325,10.72,20.049,27.497,202.861
2020-04-13,4.241,12.488,18.073,27.993,182.237
2020-04-14,4.291,11.06,19.208,27.24,174.87
2020-04-15,1.222,12.039,17.236,26.934,233.23
2020-04-16,0.0,13.122,17.517,28.33,258.394
2020-04-17,20.013,11.393,18.247,26.972,194.051
2020-04-18,0.574,10.49,18.184,25.924,169.651
2020-04-19,20.947,11.68,17.962,27.076,176.127
2020-04-20,17.922,13.933,17.406,29.215,177.431
2020-04-21,26.233,9.964,18.694,25.778,206.067
2020-04-22,0.073,10.697,18.858,26.694,231.249
2020-04-23,22.077,12.489,18.333,28.285,206.848
2020-04-24,0.0,12.678,18.215,28.462,178.68
2020-04-25,3.612,12.022,19.24,28.462,182.714
2020-04-26,2.3,13.58,18.851,29.927,215.473
2020-04-27,4.747,13.325,18.427,29.368,253.332
2020-04-28,8.744,14.036,19.017,30.549,200.801
2020-04-29,13.712,12.169,18.715,28.309,198.153
2020-04-30,17.117,12.55,18.733,28.736,209.587
2020-05-01,9.282,10.782,19.444,27.316,327.75
2020-05-02,0.0,13.714,17.733,29.403,192.681
2020-05-03,2.87,13.68,18.913,30.177,195.487
2020-05-04,0.208,13.695,18.868,30.181,178.259
2020-05-05,6.665,13.629,17.906,29.49,314.469
2020-05-06,8.172,13.707,19.073,30.368,228.771
2020-05-07,5.774,12.39,19.556,29.253,237.983
2020-05-08,0.295,12.363,18.358,28.392,239.208
2020-05-09,0.0,14.535,19.358,31.562,234.937
2020-05-10,0.186,14.676,19.59,31.906,241.466
2020-05-11,18.016,12.768,20.208,30.212,260.28
2020-05-12,9.913,10.751,19.233,27.243,242.388
2020-05-13,5.31,8.118,19.0,24.274,198.1
2020-05-14,0.0,13.164,17.639,28.965,181.765
2020-05-15,4.939,11.354,19.851,28.413,180.889
2020-05-16,4.63,12.815,19.288,29.688,180.623
2020-05-17,8.548,12.088,19.139,28.774,183.392
2020-05-18,12.186,13.532,18.403,29.941,216.045
2020-05-19,24.382,10.826,19.101,27.358,224.825
2020-05-20,0.0,13.934,17.944,30.128,192.416
2020-05-21,0.115,14.66,18.799,31.535,168.737
2020-05-22,6.415,12.891,19.188,29.771,170.299
2020-05-23,0.244,14.01,19.635,31.399,174.832
2020-05-24,2.392,13.393,19.306,30.472,171.328
2020-05-25,3.156,13.505,19.677,30.875,171.67
2020-05-26,2.136,13.088,19.184,30.09,166.871
2020-05-27,19.221,10.702,19.514,27.618,171.07
2020-05-28,6.956,8.227,19.007,24.615,187.73
2020-05-29,0.0,11.799,17.858,27.694,195.496
2020-05-30,38.318,7.422,17.576,22.559,216.833
2020-05-31,0.0,9.372,17.417,24.646,178.299
2020-06-01,6.744,10.117,17.847,25.809,226.525
2020-06-02,9.826,12.378,16.517,27.531,177.232
2020-06-03,10.28,7.996,17.351,23.035,305.645
2020-06-04,5.77,12.985,16.257,28.111,209.247
2020-06-05,0.24,11.721,17.264,27.306,216.76
2020-06-06,17.696,10.845,17.361,26.337,194.851
2020-06-07,5.101,13.941,16.243,29.288,225.642
2020-06-08,0.048,12.943,15.844,27.809,209.66
2020-06-09,0.0,12.255,17.226,27.906,224.603
2020-06-10,13.465,8.463,18.014,24.115,212.467
2020-06-11,14.013,10.793,16.476,25.656,205.675
2020-06-12,17.63,9.273,17.542,24.684,186.685
2020-06-13,3.543,13.261,15.771,28.243,180.051
2020-06-14,9.608,11.997,17.67,27.976,179.518
2020-06-15,2.729,12.06,16.948,27.549,179.746
2020-06-16,0.0,12.184,17.337,27.976,181.27
2020-06-17,13.554,10.002,17.951,25.844,262.779
2020-06-18,0.401,12.533,16.809,28.038,180.022
2020-06-19,0.0,12.854,17.712,29.01,177.651
2020-06-20,20.139,13.075,16.906,28.76,193.065
2020-06-21,11.398,13.858,17.295,29.969,217.917
2020-06-22,11.448,13.253,17.632,29.476,220.07
2020-06-23,0.093,13.6,17.816,29.979,201.583
2020-06-24,12.174,14.172,18.08,30.833,192.924
2020-06-25,1.706,14.071,17.573,30.389,191.892
2020-06-26,12.569,13.004,18.236,29.576,231.114
2020-06-27,0.0,13.963,17.889,30.465,176.508
2020-06-28,19.721,10.736,17.91,26.646,198.082
2020-06-29,0.901,13.173,17.149,29.003,203.003
2020-06-30,11.763,13.523,17.799,29.844,171.546
2020-07-01,12.624,12.326,17.26,28.101,199.259
2020-07-02,21.149,12.087,17.337,27.833,279.359
2020-07-03,0.922,13.014,17.007,28.726,219.276
2020-07-04,19.265,12.115,17.087,27.701,275.594
2020-07-05,26.749,11.005,16.264,25.84,218.273
2020-07-06,9.034,12.878,16.882,28.476,188.869
2020-07-07,0.834,13.085,16.462,28.413,182.225
2020-07-08,0.693,13.953,17.097,29.844,200.115
2020-07-09,26.484,13.307,17.448,29.316,401.991
2020-07-10,12.276,12.475,17.267,28.184,214.807
2020-07-11,15.703,12.686,16.26,27.778,228.429
2020-07-12,1.525,10.158,17.594,25.691,206.546
2020-07-13,2.246,13.935,16.91,29.674,185.72
2020-07-14,8.352,14.16,16.733,29.788,198.476
2020-07-15,0.0,12.471,17.191,28.101,187.306
2020-07-16,0.081,13.372,17.288,29.188,197.804
2020-07-17,1.391,14.012,16.646,29.552,184.487
2020-07-18,0.463,15.718,16.174,31.267,183.012
2020-07-19,0.001,13.905,16.594,29.333,193.456
2020-07-20,0.87,14.107,17.608,30.215,187.895
2020-07-21,5.17,12.68,18.524,29.174,194.449
2020-07-22,16.62,11.825,16.663,26.899,200.311
2020-07-23,14.17,11.681,16.962,26.913,207.464
2020-07-24,18.951,11.694,16.378,26.531,217.216
2020-07-25,9.135,10.356,17.142,25.441,195.047
2020-07-26,0.0,12.679,16.667,27.809,181.355
2020-07-27,18.337,13.048,17.33,28.691,245.853
2020-07-28,19.376,13.995,17.597,29.962,217.038
2020-07-29,7.74,14.163,16.712,29.552,222.078
2020-07-30,7.914,12.32,17.264,27.767,256.066
2020-07-31,12.455,13.364,17.681,29.24,192.746
2020-08-01,0.05,14.237,17.319,30.014,193.382
2020-08-02,0.0,16.048,15.056,30.684,207.507
2020-08-03,0.0,14.66,16.892,30.188,210.277
2020-08-04,2.766,13.668,17.285,29.267,187.734
2020-08-05,0.423,14.415,15.708,29.073,193.791
2020-08-06,0.0,13.76,16.188,28.622,191.371
2020-08-07,1.974,13.676,16.976,29.038,183.302
2020-08-08,0.0,14.828,16.615,30.118,181.613
2020-08-09,0.0,15.655,15.656,30.458,181.118
2020-08-10,0.033,14.514,16.997,29.941,177.88
2020-08-11,0.772,14.484,18.135,30.635,177.727
2020-08-12,20.142,13.439,18.247,29.514,192.847
2020-08-13,8.595,14.008,18.056,29.986,184.97
2020-08-14,15.406,12.837,18.229,28.792,190.507
2020-08-15,12.206,12.432,17.545,27.858,183.949
2020-08-16,7.618,13.736,16.854,28.938,181.465
2020-08-17,17.948,10.842,16.073,25.052,248.778
2020-08-18,0.0,12.653,17.365,27.944,164.928
2020-08-19,12.126,9.531,17.885,24.76,187.747
2020-08-20,22.471,11.274,17.247,26.274,308.691
2020-08-21,0.0,12.114,17.524,27.427,234.906
2020-08-22,15.606,10.937,16.896,25.601,319.981
2020-08-23,9.106,11.164,16.997,25.958,226.146
2020-08-24,12.363,12.805,17.458,28.139,272.394
2020-08-25,23.932,11.761,16.847,26.476,220.066
2020-08-26,11.994,11.539,16.837,26.271,217.719
2020-08-27,6.548,13.24,16.274,27.819,279.675
2020-08-28,0.293,15.109,15.767,29.653,193.588
2020-08-29,21.007,12.749,16.799,27.597,382.873
2020-08-30,9.272,10.157,16.142,24.122,367.013
2020-08-31,0.0,13.015,15.375,26.899,300.74
2020-09-01,14.424,12.804,17.358,27.983,259.767
2020-09-02,29.946,9.966,17.01,24.556,331.834
2020-09-03,0.0,13.013,16.215,27.462,200.098
2020-09-04,20.805,12.097,16.965,26.903,395.799
2020-09-05,7.308,14.851,17.0,30.104,333.899
2020-09-06,20.919,14.97,15.962,29.556,413.686
2020-09-07,0.187,13.664,16.847,28.632,301.486
2020-09-08,27.352,8.862,16.733,23.083,431.106
2020-09-09,0.0,13.121,14.479,26.438,277.819
2020-09-10,21.589,13.858,16.924,28.917,400.377
2020-09-11,11.612,13.233,17.444,28.531,421.665
2020-09-12,29.598,13.468,17.108,28.594,437.006
2020-09-13,0.138,13.64,17.535,29.056,350.174
2020-09-14,0.0,15.436,15.858,30.035,345.252
2020-09-15,4.848,14.881,16.438,29.76,318.032
2020-09-16,0.988,11.465,16.92,26.274,393.355
2020-09-17,7.736,10.27,17.681,25.41,231.437
2020-09-18,7.205,10.282,17.344,25.174,225.159
2020-09-19,14.418,10.652,17.163,25.469,239.005
2020-09-20,21.396,12.604,16.816,27.403,230.084
2020-09-21,9.125,11.976,17.965,27.514,220.694
2020-09-22,4.147,15.08,16.889,30.347,202.322
2020-09-23,12.111,12.875,17.427,28.219,239.731
2020-09-24,6.072,12.856,17.424,28.177,292.682
2020-09-25,4.653,14.357,16.41,29.25,311.897
2020-09-26,5.033,12.562,17.319,27.799,242.259
2020-09-27,3.483,11.191,16.722,25.844,206.347
2020-09-28,0.753,13.1,15.948,27.51,246.939
2020-09-29,11.526,12.955,16.167,27.479,380.081
2020-09-30,12.526,12.544,17.01,27.615,258.202
2020-10-01,14.159,13.608,17.319,29.056,261.107
2020-10-02,9.709,12.619,17.583,28.118,274.149
2020-10-03,23.236,11.431,18.128,27.184,250.318
2020-10-04,17.831,9.858,17.677,25.038,333.77
2020-10-05,19.956,11.729,17.0,26.74,276.246
2020-10-06,8.715,12.145,16.944,27.201,215.565
2020-10-07,0.194,13.289,16.122,27.983,268.3
2020-10-08,0.0,12.092,17.385,27.483,239.815
2020-10-09,4.333,12.985,17.694,28.757,241.208
2020-10-10,0.0,16.119,15.747,31.163,293.633
2020-10-11,2.597,15.241,15.962,30.278,310.217
2020-10-12,13.999,13.63,17.264,29.247,312.204
2020-10-13,28.43,9.558,17.403,24.622,322.993
2020-10-14,5.552,11.953,16.781,27.049,215.307
2020-10-15,3.486,13.699,17.226,29.392,181.819
2020-10-16,8.806,13.003,17.219,28.583,166.08
2020-10-17,1.733,14.075,16.323,29.285,163.595
2020-10-18,4.411,14.574,17.017,30.344,171.175
2020-10-19,23.752,7.96,17.906,23.358,296.651
2020-10-20,1.311,12.211,16.951,27.583,212.357
2020-10-21,10.405,10.263,18.479,26.417,274.715
2020-10-22,15.168,12.399,18.278,28.767,304.094
2020-10-23,6.556,12.787,17.087,28.444,227.753
2020-10-24,23.031,10.435,18.021,26.333,258.257
2020-10-25,1.175,10.734,17.076,26.038,234.73
2020-10-26,4.007,11.103,18.552,27.562,251.492
2020-10-27,7.125,10.026,18.243,26.09,238.404
2020-10-28,50.469,9.226,17.125,24.344,282.881
2020-10-29,8.771,9.563,16.858,24.615,272.881
2020-10-30,11.609,9.146,17.198,24.382,223.311
2020-10-31,17.123,7.759,17.625,23.142,228.557
2020-11-01,23.732,7.682,18.378,23.681,294.766
2020-11-02,0.0,11.709,17.542,27.722,227.404
2020-11-03,3.323,11.037,17.618,27.021,228.988
2020-11-04,11.822,9.922,17.823,25.844,291.308
2020-11-05,25.539,9.856,18.618,26.382,418.464
2020-11-06,12.921,10.238,16.476,25.281,417.731
2020-11-07,5.509,10.03,16.726,25.247,296.314
2020-11-08,14.005,11.709,16.698,27.33,299.357
2020-11-09,35.763,10.337,17.003,25.865,470.9
2020-11-10,2.519,8.662,17.931,24.569,367.941
2020-11-11,49.542,7.517,17.556,22.958,525.252
2020-11-12,1.092,8.215,17.438,23.705,409.018
2020-11-13,45.574,9.741,17.087,25.295,693.476
2020-11-14,3.918,9.259,17.84,25.26,492.4
2020-11-15,0.698,10.139,17.92,26.417,449.483
2020-11-16,16.531,9.084,18.361,25.465,451.752
2020-11-17,13.253,6.418,17.962,22.174,407.632
2020-11-18,3.853,9.187,17.281,24.865,433.528
2020-11-19,6.478,9.634,17.438,25.531,470.346
2020-11-20,0.174,7.995,18.347,24.285,404.155
2020-11-21,11.567,10.971,16.135,26.316,465.621
2020-11-22,5.573,10.169,17.969,26.642,381.613
2020-11-23,7.687,10.938,17.302,27.146,418.501
2020-11-24,4.326,11.284,15.802,26.576,318.814
2020-11-25,17.77,11.412,16.292,27.083,377.592
2020-11-26,13.95,10.167,17.389,26.292,454.763
2020-11-27,16.363,7.21,17.809,23.087,478.248
2020-11-28,21.933,9.391,17.517,25.438,536.675
2020-11-29,0.14,10.602,17.101,26.681,355.948
2020-11-30,6.109,10.306,16.906,26.167,386.282
2020-12-01,25.417,10.017,17.628,26.413,443.638
2020-12-02,4.892,8.317,18.431,24.878,496.706
2020-12-03,37.312,8.591,18.403,25.198,605.19
2020-12-04,0.289,9.967,18.865,27.219,487.632
2020-12-05,0.0,10.284,17.955,26.969,394.768
2020-12-06,7.585,11.066,16.434,26.924,425.505
2020-12-07,13.806,11.495,16.396,27.455,380.673
2020-12-08,11.93,10.685,16.927,26.788,351.511
2020-12-09,5.527,9.825,16.542,25.42,348.579
2020-12-10,0.0,10.215,17.74,26.757,275.196
2020-12-11,13.489,10.307,17.271,26.535,449.194
2020-12-12,1.766,10.024,17.576,26.42,285.42
2020-12-13,1.031,11.18,17.274,27.694,300.024
2020-12-14,0.038,12.138,15.146,27.503,301.325
2020-12-15,10.31,11.239,16.712,27.358,430.524
2020-12-16,15.962,10.767,17.91,27.608,449.366
2020-12-17,5.071,10.345,17.569,26.826,378.928
2020-12-18,6.45,9.46,17.247,25.497,364.863
2020-12-19,6.502,10.747,17.094,27.017,410.987
2020-12-20,2.914,9.572,18.5,26.51,369.145
2020-12-21,6.289,11.332,17.194,27.812,453.273
2020-12-22,9.913,9.656,17.49,25.875,442.439
2020-12-23,0.0,11.52,17.156,28.024,395.204
2020-12-24,8.147,9.645,19.042,27.003,455.75
2020-12-25,30.604,9.422,17.132,25.319,478.981
2020-12-26,20.252,8.01,17.316,23.684,528.571
2020-12-27,21.576,8.395,16.358,23.455,465.268
2020-12-28,0.621,10.231,16.646,25.965,429.197
2020-12-29,0.0,9.794,17.163,25.764,448.917
2020-12-30,0.866,9.552,17.878,25.976,409.37
2020-12-31,0.0,9.449,18.021,25.944,391.066
2021-01-01,10.771,9.197,18.705,26.139,483.104
2021-01-02,0.0,11.774,16.51,27.826,380.24
2021-01-03,42.002,10.513,17.021,26.538,653.783
2021-01-04,0.0,9.858,17.781,26.243,434.454
2021-01-05,0.0,9.842,17.083,25.698,422.899
2021-01-06,0.0,10.496,17.448,26.764,432.596
2021-01-07,4.154,10.582,17.229,26.712,438.202
2021-01-08,17.849,8.938,17.441,24.826,516.897
2021-01-09,0.587,10.933,17.01,27.014,364.493
2021-01-10,0.0,11.187,16.378,26.851,375.154
2021-01-11,13.21,11.794,16.59,27.76,515.467
2021-01-12,0.0,12.721,16.507,28.858,367.134
2021-01-13,2.628,13.093,16.128,29.052,454.581
2021-01-14,11.851,12.768,17.51,29.524,441.756
2021-01-15,0.0,11.798,18.101,28.701,284.843
2021-01-16,0.0,11.611,17.569,28.069,339.743
2021-01-17,0.0,11.829,18.0,28.604,321.881
2021-01-18,0.0,12.828,16.309,28.691,304.443
2021-01-19,0.0,13.507,16.09,29.375,283.604
2021-01-20,0.0,13.518,15.913,29.257,181.824
2021-01-21,0.0,14.07,15.344,29.556,234.383
2021-01-22,0.0,13.654,16.226,29.569,202.333
2021-01-23,48.449,11.642,17.424,27.816,394.086
2021-01-24,1.724,12.327,17.514,28.712,354.566
2021-01-25,13.691,13.005,18.16,29.944,368.102
2021-01-26,18.47,13.416,16.451,29.278,319.336
2021-01-27,0.0,14.488,16.934,30.872,315.185
2021-01-28,0.669,12.22,17.278,28.316,304.704
2021-01-29,0.0,13.035,17.84,29.632,218.016
2021-01-30,0.0,12.396,16.931,28.233,203.532
2021-01-31,0.0,14.805,15.274,30.104,298.187
2021-02-01,0.0,13.823,16.385,29.542,329.189
2021-02-02,11.661,13.042,17.993,29.618,347.986
2021-02-03,2.014,12.091,17.549,28.156,301.901
2021-02-04,0.572,13.325,17.309,29.465,248.31
2021-02-05,7.596,12.328,17.917,28.642,346.681
2021-02-06,31.283,12.558,17.917,28.861,468.113
2021-02-07,0.0,14.701,16.753,30.642,242.673
2021-02-08,38.377,10.307,19.351,27.215,393.025
2021-02-09,2.025,12.15,18.167,28.458,356.039
2021-02-10,2.199,10.78,18.021,26.74,365.638
2021-02-11,0.0,10.856,17.642,26.524,354.039
2021-02-12,0.0,8.966,19.097,25.434,358.648
2021-02-13,0.0,10.177,18.146,26.017,268.423
2021-02-14,0.0,9.76,18.288,25.635,329.606
2021-02-15,2.236,11.191,18.236,27.222,346.913
2021-02-16,7.524,10.804,17.896,26.51,309.324
2021-02-17,0.956,9.625,17.483,24.83,279.1
2021-02-18,16.53,10.671,18.326,26.642,262.703
2021-02-19,52.661,8.694,18.587,24.597,261.637
2021-02-20,0.0,9.797,17.594,25.045,275.392
2021-02-21,2.639,8.679,18.302,24.368,298.683
2021-02-22,0.0,10.025,18.34,25.806,171.787
2021-02-23,0.0,11.067,18.139,26.927,170.185
2021-02-24,0.0,12.884,16.806,27.983,162.185
2021-02-25,0.0,11.313,18.483,27.316,236.816
2021-02-26,2.267,13.227,18.08,29.188,264.628
2021-02-27,37.379,10.704,17.368,25.806,330.01
2021-02-28,6.143,10.755,18.267,26.503,361.601
2021-03-01,10.206,8.624,18.608,24.375,358.646
2021-03-02,13.424,10.471,17.233,25.354,259.713
2021-03-03,0.0,11.53,17.212,26.51,269.163
2021-03-04,8.47,9.814,18.854,25.795,353.011
2021-03-05,0.0,9.886,18.458,25.556,277.111
2021-03-06,0.094,10.374,18.337,26.021,296.286
2021-03-07,13.698,11.066,18.736,27.066,576.44
2021-03-08,38.901,11.236,17.552,26.33,616.033
2021-03-09,0.346,12.046,18.035,27.58,337.399
2021-03-10,11.063,8.478,18.365,23.938,297.552
2021-03-11,6.243,7.736,17.26,22.281,317.605
2021-03-12,1.566,8.266,17.663,23.139,412.185
2021-03-13,0.0,8.382,17.49,23.122,362.302
2021-03-14,0.832,11.862,17.167,26.726,249.787
2021-03-15,8.481,9.527,17.073,24.021,268.863
2021-03-16,18.509,11.081,17.108,25.764,415.724
2021-03-17,1.731,11.596,16.083,25.625,345.993
2021-03-18,12.271,10.003,17.424,24.806,432.575
2021-03-19,5.991,10.395,16.927,24.875,370.883
2021-03-20,5.264,9.487,16.358,23.389,346.273
2021-03-21,5.774,11.49,15.931,25.351,350.738
2021-03-22,23.877,7.739,17.712,22.594,352.813
2021-03-23,0.0,11.067,17.226,25.809,304.683
2021-03-24,3.459,10.983,17.538,25.903,370.315
2021-03-25,0.651,13.23,16.309,27.639,318.253
2021-03-26,14.928,11.706,16.851,26.264,364.664
2021-03-27,19.925,8.09,17.833,23.066,269.85
2021-03-28,5.367,12.167,17.201,26.972,188.162
2021-03-29,4.859,11.918,16.962,26.549,194.305
2021-03-30,5.216,12.825,17.146,27.684,305.365
2021-03-31,7.76,11.898,18.438,27.559,325.629
2021-04-01,24.228,10.939,18.49,26.535,200.517
2021-04-02,8.968,9.601,18.212,24.92,313.178
2021-04-03,17.24,10.076,18.587,25.705,282.379
2021-04-04,8.698,10.89,17.406,25.701,231.337
2021-04-05,6.118,11.372,18.778,27.274,302.184
2021-04-06,23.793,10.937,18.135,26.312,415.742
2021-04-07,3.783,12.388,16.691,26.878,313.704
2021-04-08,0.0,12.365,16.972,27.028,210.611
2021-04-09,11.185,9.893,18.177,25.184,389.469
2021-04-10,0.539,13.33,17.476,28.493,227.03
2021-04-11,15.625,11.512,18.58,27.253,298.304
2021-04-12,14.857,11.314,17.503,26.264,188.801
2021-04-13,0.0,13.785,16.91,28.646,170.642
2021-04-14,14.179,13.373,18.181,29.045,170.554
2021-04-15,22.041,12.149,17.542,27.253,251.56
2021-04-16,26.098,13.211,17.184,28.201,187.476
2021-04-17,19.47,13.66,17.097,28.649,310.416
2021-04-18,0.818,13.334,17.267,28.431,239.333
2021-04-19,7.656,11.821,18.035,27.337,249.587
2021-04-20,0.345,13.646,17.649,29.045,217.766
2021-04-21,13.983,12.14,17.549,27.378,268.833
2021-04-22,0.441,14.814,16.549,29.705,177.445
2021-04-23,25.934,11.475,18.573,27.347,300.741
2021-04-24,0.0,12.422,17.455,27.67,269.203
2021-04-25,7.678,12.752,18.285,28.569,400.093
2021-04-26,21.875,11.961,18.774,28.028,300.931
2021-04-27,13.442,8.482,18.066,23.778,339.184
2021-04-28,17.879,10.09,16.858,24.615,231.422
2021-04-29,11.82,6.298,18.052,21.566,235.109
2021-04-30,15.876,5.517,17.507,20.434,281.67
2021-05-01,0.0,10.686,15.75,24.535,298.606
2021-05-02,8.811,9.002,16.861,23.427,270.782
2021-05-03,17.725,8.453,17.09,23.083,289.598
2021-05-04,6.704,9.995,17.17,24.83,228.473
2021-05-05,2.345,9.02,19.264,25.333,246.923
2021-05-06,13.134,9.817,16.781,24.344,251.904
2021-05-07,5.29,11.714,17.635,27.149,213.077
2021-05-08,21.779,10.489,18.003,26.031,380.246
2021-05-09,7.291,11.328,17.632,26.729,281.327
2021-05-10,17.133,9.19,18.09,24.67,335.631
2021-05-11,0.0,12.147,16.389,26.823,190.153
2021-05-12,0.0,12.816,16.66,27.812,271.575
2021-05-13,12.771,12.17,17.788,27.882,261.605
2021-05-14,3.597,12.326,17.323,27.726,180.122
2021-05-15,16.647,12.301,17.26,27.646,263.328
2021-05-16,21.228,12.126,17.49,27.635,425.315
2021-05-17,9.93,10.719,16.955,25.674,478.155
2021-05-18,13.946,10.081,17.483,25.306,558.161
2021-05-19,10.429,12.663,17.538,28.354,332.266
2021-05-20,0.123,12.263,17.08,27.594,235.768
2021-05-21,6.106,13.255,16.708,28.517,236.158
2021-05-22,18.951,11.483,18.656,27.816,480.606
2021-05-23,9.406,12.195,17.323,27.701,448.969
2021-05-24,0.093,11.146,17.899,26.903,310.465
2021-05-25,0.049,12.445,17.347,28.056,307.095
2021-05-26,21.665,12.358,18.056,28.431,318.279
2021-05-27,8.219,10.462,18.142,26.33,281.569
2021-05-28,3.96,10.878,18.212,26.875,335.809
2021-05-29,21.292,8.442,18.17,24.142,369.279
2021-05-30,9.489,9.741,17.99,25.455,377.193
2021-05-31,5.892,11.108,18.694,27.524,454.552
2021-06-01,13.466,10.755,17.153,26.028,684.996
2021-06-02,14.135,9.974,18.368,25.993,610.79
2021-06-03,10.267,10.846,18.649,27.208,489.394
2021-06-04,13.724,11.272,17.403,26.833,428.44
2021-06-05,2.59,11.998,16.878,27.34,376.248
2021-06-06,12.141,10.095,17.375,25.444,432.797
2021-06-07,2.236,10.362,17.309,25.694,388.868
2021-06-08,11.481,9.114,17.688,24.594,429.112
2021-06-09,2.212,10.033,16.135,24.51,440.551
2021-06-10,8.471,9.54,16.872,24.507,500.771
2021-06-11,0.0,11.942,16.382,26.986,433.133
2021-06-12,9.801,11.897,15.816,26.549,362.544
2021-06-13,18.966,9.009,16.622,23.667,366.901
2021-06-14,14.615,9.555,17.559,25.042,392.271
2021-06-15,10.425,9.091,17.396,24.368,532.129
2021-06-16,8.536,11.964,15.809,26.694,465.595
2021-06-17,5.32,11.838,16.698,27.122,412.781
2021-06-18,8.994,12.576,16.708,28.0,348.817
2021-06-19,10.992,12.557,16.795,28.076,348.022
2021-06-20,0.0,11.154,17.347,26.778,233.114
2021-06-21,10.14,12.739,16.16,27.844,205.425
2021-06-22,8.467,10.755,16.094,25.431,350.761
2021-06-23,2.776,12.788,15.542,27.5,304.636
2021-06-24,13.914,11.306,16.132,26.083,295.742
2021-06-25,5.866,10.392,16.878,25.51,367.429
2021-06-26,2.375,9.989,16.639,24.917,368.656
2021-06-27,8.795,11.215,16.358,26.146,418.749
2021-06-28,5.729,12.812,15.719,27.656,463.741
2021-06-29,11.409,12.546,16.139,27.601,253.711
2021-06-30,0.0,12.151,16.076,27.062,190.592
2021-07-01,0.176,11.955,16.184,26.892,301.824
2021-07-02,0.302,11.663,17.347,27.361,342.462
2021-07-03,0.044,13.178,15.219,27.76,339.619
2021-07-04,0.0,13.661,14.663,28.0,242.312
2021-07-05,0.0,13.62,15.708,28.604,152.814
2021-07-06,3.223,13.744,16.021,28.955,148.727
2021-07-07,0.0,14.86,15.611,30.017,216.682
2021-07-08,0.114,14.364,16.59,30.031,149.886
2021-07-09,1.842,11.215,17.257,26.701,139.591
2021-07-10,9.768,11.625,17.146,27.056,166.216
2021-07-11,12.87,12.101,16.09,26.941,322.891
2021-07-12,0.0,13.281,16.521,28.639,311.504
2021-07-13,5.245,13.637,16.118,28.802,191.123
2021-07-14,0.173,13.598,16.483,28.986,141.301
2021-07-15,4.332,13.956,17.045,29.771,144.087
2021-07-16,7.867,13.576,17.795,29.771,191.096
2021-07-17,8.757,13.089,16.493,28.326,305.162
2021-07-18,7.5,13.191,16.451,28.427,167.353
2021-07-19,0.12,13.294,16.858,28.809,137.876
2021-07-20,0.0,14.347,16.417,29.757,131.01
2021-07-21,0.0,14.098,15.861,29.097,127.893
2021-07-22,0.0,14.718,16.417,30.174,125.479
2021-07-23,0.0,14.217,16.781,29.788,124.373
2021-07-24,6.539,11.517,16.958,26.701,122.215
2021-07-25,17.483,8.239,17.069,22.993,213.469
2021-07-26,2.859,13.004,15.691,27.566,150.617
2021-07-27,14.305,9.976,16.524,24.542,295.692
2021-07-28,10.756,12.851,16.035,27.604,225.715
2021-07-29,0.0,13.213,17.882,29.226,147.572
2021-07-30,8.558,13.58,17.524,29.427,225.075
2021-07-31,0.164,15.402,16.757,31.042,174.221
2021-08-01,0.0,13.654,16.174,28.562,142.642
2021-08-02,0.0,14.219,15.25,28.649,140.024
2021-08-03,4.044,12.449,16.556,27.354,146.353
2021-08-04,1.953,12.935,16.358,27.816,143.145
2021-08-05,0.0,14.927,14.809,29.181,141.118
2021-08-06,0.0,15.554,14.899,29.92,143.315
2021-08-07,0.254,15.9,14.74,30.233,196.687
2021-08-08,18.443,10.748,16.66,25.444,182.261
2021-08-09,12.478,14.609,16.295,29.663,320.774
2021-08-10,20.618,12.574,17.667,28.132,202.963
2021-08-11,5.955,13.427,17.549,29.062,148.22
2021-08-12,6.808,12.911,17.472,28.424,222.54
2021-08-13,10.66,13.502,16.316,28.295,251.095
2021-08-14,10.327,11.015,16.833,25.778,250.637
2021-08-15,15.735,11.295,16.184,25.611,394.924
2021-08-16,2.617,11.192,16.726,25.819,285.617
2021-08-17,21.496,10.942,16.226,25.229,334.123
2021-08-18,12.039,11.234,17.163,26.194,443.408
2021-08-19,20.463,10.284,16.938,24.951,536.46
2021-08-20,13.766,10.726,15.892,24.688,532.409
2021-08-21,0.0,11.849,17.0,26.747,424.372
2021-08-22,9.612,12.925,17.66,28.448,381.113
2021-08-23,5.3,13.319,16.674,28.205,409.016
2021-08-24,20.673,10.792,16.847,25.372,364.134
2021-08-25,10.648,10.214,17.326,25.118,323.443
2021-08-26,20.997,11.19,17.715,26.493,473.988
2021-08-27,2.756,11.616,16.778,26.302,405.272
2021-08-28,12.327,12.037,16.875,26.84,420.612
2021-08-29,1.927,12.3,16.389,26.788,240.389
2021-08-30,20.148,10.862,17.431,25.833,418.011
2021-08-31,21.392,8.508,17.302,23.208,579.446
2021-09-01,2.788,10.94,16.663,25.424,445.905
2021-09-02,3.048,15.223,15.712,29.715,329.15
2021-09-03,2.18,14.531,16.111,29.156,357.694
2021-09-04,9.557,14.502,16.382,29.281,324.929
2021-09-05,19.938,12.038,16.854,26.753,364.417
2021-09-06,10.57,11.311,17.118,26.115,401.97
2021-09-07,0.0,11.484,16.757,26.066,304.76
2021-09-08,6.616,11.533,16.715,26.111,342.542
2021-09-09,0.752,13.245,16.649,28.017,292.673
2021-09-10,11.314,13.951,16.469,28.691,438.074
2021-09-11,25.573,10.839,17.684,26.0,256.634
2021-09-12,9.985,11.368,17.281,26.316,222.25
2021-09-13,0.0,15.319,14.951,29.323,258.384
2021-09-14,4.619,11.901,16.934,26.719,224.954
2021-09-15,6.54,14.093,15.306,28.118,283.712
2021-09-16,1.867,14.42,15.524,28.646,269.694
2021-09-17,0.0,15.857,15.938,30.583,289.249
2021-09-18,0.0,15.313,15.375,29.597,240.226
2021-09-19,10.601,12.903,16.955,27.878,292.098
2021-09-20,1.804,13.112,16.688,27.927,207.375
2021-09-21,13.864,12.356,16.896,27.163,299.161
2021-09-22,0.0,12.458,16.927,27.368,235.564
2021-09-23,24.211,11.505,16.677,26.056,506.931
2021-09-24,4.046,13.128,17.229,28.344,253.585
2021-09-25,4.442,13.324,18.271,29.295,194.817
2021-09-26,0.0,16.241,15.267,30.701,174.528
2021-09-27,0.0,17.177,15.278,31.802,165.956
2021-09-28,20.75,10.809,18.365,26.507,173.688
2021-09-29,7.391,10.463,17.25,25.403,230.351
2021-09-30,22.356,7.252,17.056,21.795,291.597
2021-10-01,0.141,11.724,16.389,26.226,185.62
2021-10-02,19.231,13.156,17.118,28.378,270.344
2021-10-03,9.356,14.602,16.788,29.865,200.283
2021-10-04,15.924,13.292,17.646,28.972,240.729
2021-10-05,12.087,11.419,18.399,27.337,340.828
2021-10-06,7.535,11.728,17.812,27.302,219.362
2021-10-07,14.815,12.644,17.885,28.451,211.399
2021-10-08,19.817,12.671,17.295,28.101,307.255
2021-10-09,16.906,10.147,17.885,25.618,312.371
2021-10-10,0.0,10.428,17.882,25.986,237.384
2021-10-11,20.795,7.634,17.174,22.375,497.804
2021-10-12,0.0,11.921,17.712,27.566,370.224
2021-10-13,11.815,11.962,17.351,27.389,414.989
2021-10-14,4.962,10.577,18.618,26.719,356.335
2021-10-15,14.342,11.803,18.219,27.837,224.107
2021-10-16,1.19,9.917,17.878,25.49,296.352
2021-10-17,19.78,10.074,16.927,24.979,343.553
2021-10-18,0.0,11.283,16.514,26.146,193.51
2021-10-19,7.858,12.022,15.84,26.583,321.389
2021-10-20,18.961,12.129,16.198,26.976,261.657
2021-10-21,0.0,9.751,16.969,24.681,212.055
2021-10-22,30.03,10.66,17.003,25.812,345.509
2021-10-23,10.012,9.701,16.688,24.493,301.644
2021-10-24,21.747,11.093,17.149,26.472,391.766
2021-10-25,0.0,9.604,17.882,25.281,328.349
2021-10-26,17.25,9.925,18.399,26.108,306.075
2021-10-27,33.619,9.374,16.587,24.149,500.85
2021-10-28,0.092,10.351,18.354,26.573,305.918
2021-10-29,26.44,8.301,17.441,23.573,442.268
2021-10-30,10.054,10.528,15.983,25.108,377.506
2021-10-31,4.02,7.725,17.49,22.983,351.404
2021-11-01,0.151,9.484,18.222,25.528,329.316
2021-11-02,1.768,9.609,17.604,25.26,242.717
2021-11-03,16.573,8.324,18.354,24.361,339.867
2021-11-04,31.516,7.572,18.042,23.302,390.247
2021-11-05,0.0,10.013,17.656,25.847,331.346
2021-11-06,0.763,11.28,18.007,27.628,352.41
2021-11-07,6.965,12.42,15.42,27.309,360.675
2021-11-08,37.678,9.019,17.135,24.375,469.959
2021-11-09,26.931,9.048,18.219,25.201,496.32
2021-11-10,8.958,8.468,18.24,24.566,448.357
2021-11-11,9.218,10.122,17.865,26.247,390.424
2021-11-12,0.0,10.436,18.312,26.962,350.207
2021-11-13,0.0,9.408,18.413,25.809,425.933
2021-11-14,0.0,8.933,18.556,25.413,377.133
2021-11-15,24.209,7.803,17.278,23.17,498.528
2021-11-16,10.274,9.795,18.667,26.559,422.139
2021-11-17,0.0,10.32,18.507,27.059,373.73
2021-11-18,0.0,9.253,18.351,25.708,403.03
2021-11-19,0.54,8.377,17.194,23.785,364.457
2021-11-20,0.0,9.728,17.479,25.663,277.144
2021-11-21,26.088,9.782,17.927,26.125,406.452
2021-11-22,35.68,8.669,16.962,24.08,405.099
2021-11-23,5.078,8.287,17.455,23.979,476.234
2021-11-24,29.471,6.959,17.74,22.667,546.72
2021-11-25,17.959,8.464,17.847,24.486,568.919
2021-11-26,29.619,8.72,16.823,24.066,512.881
2021-11-27,0.0,10.251,17.712,26.618,477.696
2021-11-28,2.911,10.762,17.76,27.295,423.382
2021-11-29,8.861,9.377,18.83,26.42,382.365
2021-11-30,46.307,8.619,17.601,24.566,674.269
2021-12-01,9.567,10.308,16.17,25.67,546.132
2021-12-02,4.675,10.405,18.014,27.101,535.693
2021-12-03,11.725,9.997,18.059,26.646,450.063
2021-12-04,17.408,11.062,17.292,27.451,556.925
2021-12-05,2.323,10.538,17.344,26.885,456.193
2021-12-06,22.3,11.412,17.181,27.847,620.795
2021-12-07,5.048,11.472,17.323,28.049,520.124
2021-12-08,0.0,11.676,16.427,27.719,440.031
2021-12-09,4.929,9.742,18.472,26.691,465.347
2021-12-10,14.035,8.514,18.892,25.507,526.895
2021-12-11,33.764,7.823,18.292,24.24,573.717
2021-12-12,14.936,5.952,18.285,22.097,791.939
2021-12-13,0.0,9.61,16.733,25.299,585.7
2021-12-14,0.0,10.249,17.323,26.5,482.689
2021-12-15,0.142,9.558,17.955,26.087,440.542
2021-12-16,4.42,9.31,18.726,26.347,431.689
2021-12-17,0.406,8.731,18.889,25.83,447.04
2021-12-18,8.976,8.378,18.024,24.698,571.518
2021-12-19,0.0,10.587,17.656,27.177,427.633
2021-12-20,3.829,10.24,18.417,27.299,450.859
2021-12-21,3.377,7.879,19.247,25.062,453.463
2021-12-22,4.824,8.362,19.17,25.559,614.277
2021-12-23,0.0,7.803,19.576,25.222,511.176
2021-12-24,0.477,9.311,19.576,26.997,437.162
2021-12-25,0.0,8.918,19.885,26.757,417.315
2021-12-26,24.185,9.379,18.809,26.5,456.498
2021-12-27,19.269,7.977,19.552,25.41,580.273
2021-12-28,0.176,10.033,17.76,26.552,422.741
2021-12-29,31.325,9.03,18.139,25.552,513.507
2021-12-30,8.15,10.651,17.382,26.997,473.237
2021-12-31,0.0,9.456,18.444,26.285,425.041
2022-01-01,23.601,9.384,19.281,26.788,496.749
2022-01-02,11.976,9.556,18.885,26.708,501.438
2022-01-03,20.05,9.456,17.583,25.625,515.66
2022-01-04,0.0,9.614,17.729,25.951,413.655
2022-01-05,0.0,11.408,16.837,27.524,399.746
2022-01-06,0.0,8.479,18.33,24.951,419.278
2022-01-07,25.59,6.238,17.25,21.524,391.798
2022-01-08,0.0,11.054,15.597,26.174,347.074
2022-01-09,0.466,7.702,18.944,24.472,333.389
2022-01-10,0.0,6.717,18.674,23.16,361.957
2022-01-11,0.98,7.553,17.142,22.934,300.393
2022-01-12,0.0,9.956,17.476,25.997,289.601
2022-01-13,0.0,5.957,18.257,21.948,299.705
2022-01-14,2.686,8.523,17.764,24.469,346.662
2022-01-15,0.34,9.444,17.903,25.677,217.706
2022-01-16,0.0,12.431,15.253,27.559,291.34
2022-01-17,31.91,9.565,17.396,25.417,342.635
2022-01-18,0.0,9.722,17.271,25.493,241.008
2022-01-19,0.0,11.913,17.108,28.059,359.291
2022-01-20,0.0,12.758,16.403,28.615,307.583
2022-01-21,1.083,11.911,16.872,27.844,361.184
2022-01-22,25.519,9.621,17.924,25.733,342.533
2022-01-23,24.01,10.524,18.479,27.208,292.465
2022-01-24,8.43,10.846,18.014,27.236,443.359
2022-01-25,48.525,8.014,19.219,24.788,578.963
2022-01-26,4.507,9.407,18.174,25.597,575.55
2022-01-27,0.0,9.351,18.566,25.816,427.917
2022-01-28,0.0,10.032,18.858,26.778,371.256
2022-01-29,0.0,10.809,17.278,26.531,401.318
2022-01-30,0.0,10.596,17.451,26.389,383.32
2022-01-31,0.0,10.982,16.49,26.149,366.899
2022-02-01,0.0,11.834,17.056,27.538,332.917
2022-02-02,0.0,11.766,16.736,27.219,324.025
2022-02-03,0.0,12.67,15.892,27.733,334.648
2022-02-04,29.721,9.515,18.608,25.833,291.714
2022-02-05,2.909,7.852,17.885,23.41,288.383
2022-02-06,0.0,8.648,18.247,24.531,303.575
2022-02-07,0.412,7.369,18.781,23.576,301.513
2022-02-08,51.472,6.968,18.681,23.069,320.004
2022-02-09,0.0,10.048,16.733,24.951,238.507
2022-02-10,0.0,10.656,17.208,26.0,309.039
2022-02-11,0.0,10.962,18.566,27.306,331.423
2022-02-12,0.0,11.936,18.844,28.597,334.119
2022-02-13,2.714,10.085,19.101,26.67,268.943
2022-02-14,55.3,7.607,18.622,23.573,388.291
2022-02-15,7.348,9.785,18.326,25.694,218.834
2022-02-16,2.945,11.168,18.59,27.448,274.547
2022-02-17,0.0,11.055,18.615,27.306,253.438
2022-02-18,47.714,8.207,18.118,23.736,448.157
2022-02-19,2.155,8.487,18.042,23.969,397.499
2022-02-20,2.312,8.156,17.979,23.531,334.919
2022-02-21,0.337,11.687,16.83,26.67,375.109
2022-02-22,9.138,11.593,17.486,26.969,357.343
2022-02-23,29.584,12.035,18.177,27.958,369.851
2022-02-24,7.87,10.784,18.472,26.729,369.184
2022-02-25,6.477,9.814,19.181,26.16,307.766
2022-02-26,10.575,8.57,18.778,24.562,528.777
2022-02-27,0.0,9.164,18.01,24.552,443.061
2022-02-28,31.493,8.836,17.573,23.858,429.294
2022-03-01,8.238,10.539,18.056,26.062,421.493
2022-03-02,51.069,7.293,18.569,23.0,359.714
2022-03-03,0.68,10.916,18.087,26.465,442.675
2022-03-04,53.302,10.328,17.556,25.451,716.165
2022-03-05,10.731,9.393,17.712,24.507,513.075
2022-03-06,38.588,5.539,18.017,20.847,513.224
2022-03-07,0.134,9.859,17.625,24.906,318.745
2022-03-08,0.0,10.494,17.521,25.521,341.042
2022-03-09,0.0,11.479,16.781,26.09,313.724
2022-03-10,10.879,11.57,17.573,26.733,427.221
2022-03-11,0.0,11.151,17.774,26.389,379.193
2022-03-12,3.354,12.053,17.924,27.497,392.046
2022-03-13,10.731,9.831,17.406,24.67,371.229
2022-03-14,0.0,12.103,17.622,27.326,313.063
2022-03-15,22.699,12.066,17.076,26.851,273.03
2022-03-16,6.925,10.86,18.01,26.181,436.896
2022-03-17,24.053,11.09,18.708,26.962,572.15
2022-03-18,13.478,10.736,18.573,26.451,274.471
2022-03-19,51.057,11.505,18.434,27.215,474.575
2022-03-20,23.756,12.108,17.531,27.222,559.995
2022-03-21,41.014,11.802,18.094,27.264,595.517
2022-03-22,36.423,11.52,17.556,26.562,790.523
2022-03-23,8.897,12.394,18.073,27.906,490.773
2022-03-24,0.289,12.937,17.517,28.101,458.523
2022-03-25,19.149,9.836,17.861,24.931,644.895
2022-03-26,16.338,11.417,18.372,26.99,628.775
2022-03-27,11.514,8.041,18.115,23.226,487.764
2022-03-28,10.432,12.118,17.208,26.927,418.004
2022-03-29,31.969,11.531,18.094,26.872,514.846
2022-03-30,44.477,9.711,19.177,25.785,586.979
2022-03-31,37.29,10.681,17.969,25.899,583.845
2022-04-01,24.906,11.438,17.163,26.135,574.784
2022-04-02,20.076,11.845,17.792,27.035,682.007
2022-04-03,25.668,12.002,18.038,27.378,429.273
2022-04-04,26.713,11.297,17.75,26.41,580.272
2022-04-05,31.733,11.027,18.038,26.312,880.818
2022-04-06,14.965,12.57,18.312,28.212,675.827
2022-04-07,38.255,9.55,18.743,25.306,682.208
2022-04-08,3.796,10.483,18.576,26.163,616.036
2022-04-09,3.951,13.543,17.819,29.042,565.039
2022-04-10,27.354,12.493,17.382,27.517,520.26
2022-04-11,0.0,12.013,19.156,28.26,466.145
2022-04-12,15.078,12.55,17.906,27.955,484.293
2022-04-13,19.776,12.372,17.674,27.611,439.612
2022-04-14,0.0,14.313,17.25,29.486,416.408
2022-04-15,23.05,11.936,19.028,28.087,492.69
2022-04-16,31.315,8.819,19.58,25.198,464.969
2022-04-17,29.266,8.292,17.885,23.392,446.504
2022-04-18,21.742,7.243,18.382,22.722,553.154
2022-04-19,13.838,7.704,17.604,22.538,445.746
2022-04-20,0.354,8.435,17.816,23.444,410.046
2022-04-21,19.665,8.073,18.038,23.295,513.965
2022-04-22,9.721,9.049,17.378,23.812,522.549
2022-04-23,2.626,9.318,17.66,24.326,446.754
2022-04-24,0.396,10.562,18.583,26.368,418.801
2022-04-25,37.989,6.133,18.104,21.438,431.193
2022-04-26,0.0,10.712,15.837,24.542,276.73
2022-04-27,2.559,10.686,17.806,25.948,350.898
2022-04-28,28.143,8.659,17.521,23.552,268.315
2022-04-29,9.642,10.939,17.632,26.135,325.819
2022-04-30,0.556,11.54,17.295,26.573,377.502
2022-05-01,2.478,12.65,17.389,27.924,336.904
2022-05-02,5.891,12.3,17.319,27.51,223.033
2022-05-03,0.0,14.454,16.625,29.528,181.754
2022-05-04,0.142,13.358,17.451,28.823,278.719
2022-05-05,14.316,9.466,18.396,25.139,287.534
2022-05-06,5.827,9.725,17.927,25.076,191.358
2022-05-07,10.555,8.459,17.979,23.771,343.138
2022-05-08,0.237,12.118,17.844,27.722,342.387
2022-05-09,7.71,12.037,17.344,27.302,231.569
2022-05-10,24.28,9.868,17.493,25.031,357.902
2022-05-11,15.513,9.635,17.753,24.934,360.388
2022-05-12,15.537,9.242,18.771,25.288,703.96
2022-05-13,9.195,10.525,18.24,26.306,426.604
2022-05-14,16.14,10.597,17.667,25.997,385.221
2022-05-15,0.6,13.406,17.74,29.302,360.95
2022-05-16,10.593,11.989,17.601,27.59,236.003
2022-05-17,14.202,10.977,17.983,26.677,205.288
2022-05-18,23.674,9.164,17.337,24.264,209.931
2022-05-19,0.0,11.447,17.569,26.944,349.29
2022-05-20,14.542,11.715,17.628,27.312,377.072
2022-05-21,16.305,11.044,17.448,26.465,360.286
2022-05-22,0.0,13.407,16.757,28.733,203.592
2022-05-23,15.242,11.902,17.649,27.601,215.102
2022-05-24,14.01,11.866,16.823,26.986,353.797
2022-05-25,20.366,10.318,18.632,26.51,379.203
2022-05-26,11.681,10.635,18.903,27.069,323.437
2022-05-27,8.787,10.946,18.17,26.896,425.871
2022-05-28,0.038,12.067,17.674,27.858,231.135
2022-05-29,13.277,11.504,17.889,27.403,192.845
2022-05-30,11.337,11.934,17.0,27.292,338.394
2022-05-31,12.899,11.68,16.837,26.92,208.401
2022-06-01,0.0,11.419,16.174,26.108,295.793
2022-06-02,33.803,10.324,16.062,24.792,241.607
2022-06-03,3.488,8.517,16.997,23.323,209.481
2022-06-04,1.075,9.682,16.292,24.184,183.123
2022-06-05,4.648,10.083,16.438,24.75,173.842
2022-06-06,5.119,11.733,16.153,26.552,266.261
2022-06-07,47.387,8.591,16.965,23.413,392.507
2022-06-08,2.846,9.338,15.642,23.351,236.266
2022-06-09,11.682,8.886,17.337,24.073,370.989
2022-06-10,9.637,11.051,16.434,25.941,335.661
2022-06-11,34.039,9.243,16.84,24.108,486.592
2022-06-12,8.313,9.457,17.441,24.816,300.525
2022-06-13,16.441,9.354,17.951,25.083,300.563
2022-06-14,0.396,9.494,17.201,24.688,296.162
2022-06-15,6.66,10.34,17.205,25.684,374.346
2022-06-16,0.425,11.897,17.028,27.434,540.205
2022-06-17,0.439,9.588,17.076,24.729,427.772
2022-06-18,2.961,11.176,15.264,25.34,396.074
2022-06-19,7.715,10.471,16.097,25.076,271.588
2022-06-20,51.538,10.715,16.319,25.524,263.851
2022-06-21,31.658,10.107,17.545,25.663,360.35
2022-06-22,13.956,11.436,17.115,26.931,543.953
2022-06-23,24.254,10.836,16.0,25.458,522.632
2022-06-24,0.0,11.901,15.188,26.167,412.179
2022-06-25,7.764,11.628,16.017,26.424,315.737
2022-06-26,23.084,7.824,17.101,22.729,275.976
2022-06-27,0.548,10.159,16.559,25.007,381.239
2022-06-28,12.838,11.64,16.028,26.462,600.625
2022-06-29,26.937,10.162,16.434,24.924,511.115
2022-06-30,12.365,11.242,16.035,25.962,481.807
2022-07-01,21.824,10.671,17.448,26.26,378.151
2022-07-02,19.315,10.814,17.17,26.229,418.543
2022-07-03,1.793,11.966,16.507,27.146,377.848
2022-07-04,7.923,10.315,16.719,25.302,267.192
2022-07-05,1.508,12.081,16.382,27.181,287.258
2022-07-06,0.735,12.063,16.066,26.948,282.113
2022-07-07,0.479,13.805,15.441,28.646,197.414
2022-07-08,1.636,11.529,17.003,26.92,279.607
2022-07-09,0.0,13.229,16.104,28.344,192.223
2022-07-10,0.0,12.949,16.983,28.569,176.472
2022-07-11,16.782,9.718,16.906,24.712,296.303
2022-07-12,0.0,11.851,16.708,27.059,209.958
2022-07-13,6.261,12.551,16.118,27.503,325.811
2022-07-14,17.781,13.002,16.465,28.281,222.093
2022-07-15,0.0,11.862,16.632,27.007,318.16
2022-07-16,8.812,11.291,17.42,26.878,289.663
2022-07-17,6.375,11.982,17.035,27.385,351.742
2022-07-18,10.694,12.143,16.736,27.375,347.201
2022-07-19,0.45,13.258,16.132,28.299,222.666
2022-07-20,0.0,12.148,16.177,26.958,170.522
2022-07-21,4.752,12.094,16.75,27.285,259.953
2022-07-22,10.172,12.427,16.403,27.438,274.187
2022-07-23,23.46,10.328,16.073,24.715,252.221
2022-07-24,4.97,12.479,15.503,26.885,220.554
2022-07-25,16.584,10.049,16.208,24.392,433.155
2022-07-26,8.573,9.389,16.847,24.146,316.714
2022-07-27,0.091,10.071,16.601,24.708,308.593
2022-07-28,23.559,10.521,16.615,25.222,393.732
2022-07-29,18.474,11.912,17.024,27.135,331.796
2022-07-30,4.753,13.509,16.469,28.628,200.761
2022-07-31,25.14,11.899,17.33,27.337,224.39
2022-08-01,22.775,11.228,17.524,26.653,438.741
2022-08-02,20.26,10.357,16.625,24.976,479.211
2022-08-03,4.702,12.172,16.469,27.003,274.644
2022-08-04,4.195,11.888,17.035,27.038,301.265
2022-08-05,25.872,11.947,15.875,26.292,334.026
2022-08-06,11.754,11.068,16.184,25.451,331.881
2022-08-07,0.0,12.454,16.701,27.458,203.243
2022-08-08,0.105,14.953,15.476,29.566,264.642
2022-08-09,4.98,12.063,16.885,27.111,276.08
2022-08-10,0.338,12.642,16.792,27.674,243.26
2022-08-11,4.445,13.308,15.74,27.736,245.905
2022-08-12,9.713,14.604,15.431,29.059,219.582
2022-08-13,12.923,12.266,15.552,26.358,444.068
2022-08-14,10.293,12.233,16.097,26.667,180.699
2022-08-15,13.736,11.938,16.288,26.396,176.47
2022-08-16,9.715,12.354,15.976,26.743,180.438
2022-08-17,0.0,13.952,16.41,28.83,241.642
2022-08-18,7.507,14.65,16.712,29.819,240.667
2022-08-19,1.922,13.774,18.108,29.74,286.498
2022-08-20,10.571,13.163,16.16,27.74,227.138
2022-08-21,6.961,11.5,16.892,26.278,182.07
2022-08-22,7.077,11.739,17.271,26.788,376.125
2022-08-23,4.368,12.78,16.819,27.681,193.099
2022-08-24,0.0,15.445,14.889,29.545,142.273
2022-08-25,0.138,13.359,15.896,27.729,139.055
2022-08-26,7.249,13.264,16.608,28.073,220.077
2022-08-27,1.539,14.303,15.819,28.729,183.669
2022-08-28,23.1,12.008,16.972,26.802,208.767
2022-08-29,13.104,11.309,16.368,25.632,252.176
2022-08-30,1.593,14.522,16.128,29.156,248.875
2022-08-31,9.221,13.071,16.559,27.774,292.256
2022-09-01,7.87,12.371,16.573,27.003,281.897
2022-09-02,14.718,11.364,17.306,26.316,260.915
2022-09-03,14.248,13.771,16.479,28.517,153.728
2022-09-04,25.053,10.85,17.823,26.076,145.546
2022-09-05,0.0,14.771,15.26,28.875,179.038
2022-09-06,0.0,13.379,16.854,28.323,219.563
2022-09-07,4.872,14.478,16.622,29.392,250.95
2022-09-08,11.523,14.303,17.177,29.576,354.583
2022-09-09,13.354,13.208,16.691,27.986,277.419
2022-09-10,0.0,14.474,15.49,28.66,211.557
2022-09-11,37.599,14.817,16.271,29.559,147.744
2022-09-12,22.51,12.045,16.281,26.406,244.168
2022-09-13,19.89,12.023,16.99,26.806,313.594
2022-09-14,21.151,10.796,17.035,25.476,397.15
2022-09-15,25.44,12.646,17.91,28.188,374.677
2022-09-16,27.53,12.228,16.625,26.823,654.228
2022-09-17,11.055,14.359,16.347,29.08,273.09
2022-09-18,12.31,12.32,17.153,27.281,314.695
2022-09-19,23.493,10.498,16.372,24.736,353.967
2022-09-20,5.289,12.162,16.938,26.997,282.065
2022-09-21,3.319,11.674,16.906,26.434,213.626
2022-09-22,15.905,9.804,16.497,24.094,275.795
2022-09-23,0.388,13.339,16.309,27.969,313.028
2022-09-24,15.673,10.812,16.979,25.49,459.626
2022-09-25,19.937,11.77,17.073,26.653,224.72
2022-09-26,3.971,14.276,16.573,29.24,231.993
2022-09-27,0.005,13.958,16.667,28.938,287.845
2022-09-28,0.083,8.995,17.785,24.122,286.602
2022-09-29,7.354,11.054,16.924,25.816,313.66
2022-09-30,53.295,9.565,17.17,24.316,380.014
2022-10-01,50.328,10.295,17.434,25.312,481.653
2022-10-02,2.562,12.357,17.444,27.736,287.724
2022-10-03,0.0,13.687,16.17,28.406,267.319
2022-10-04,6.39,12.754,17.101,27.955,247.902
2022-10-05,50.843,8.812,17.566,23.868,330.65
2022-10-06,7.154,10.289,17.753,25.649,333.28
2022-10-07,23.473,11.258,17.76,26.722,330.102
2022-10-08,63.201,8.344,18.08,23.736,385.437
2022-10-09,6.669,10.014,17.531,25.226,238.762
2022-10-10,10.136,11.976,17.451,27.392,443.604
2022-10-11,2.209,12.508,16.49,27.389,400.429
2022-10-12,9.482,11.592,16.319,26.201,396.918
2022-10-13,70.816,10.905,15.806,25.056,542.419
2022-10-14,35.035,9.672,17.569,24.927,446.513
2022-10-15,0.51,9.645,18.368,25.517,420.012
2022-10-16,32.461,12.959,16.201,27.844,470.438
2022-10-17,36.911,10.289,17.698,25.771,487.892
2022-10-18,43.728,9.046,17.681,24.392,547.375
2022-10-19,10.777,9.076,17.927,24.611,517.226
2022-10-20,32.376,7.69,16.618,22.073,719.313
2022-10-21,18.903,10.769,15.903,25.122,437.299
2022-10-22,15.153,9.764,17.177,24.878,510.299
2022-10-23,52.423,8.541,18.021,24.153,581.082
2022-10-24,11.864,9.125,17.396,24.337,453.843
2022-10-25,42.093,10.315,17.719,25.958,490.288
2022-10-26,118.566,6.45,18.243,22.149,752.318
2022-10-27,22.999,8.685,17.733,24.191,496.451
2022-10-28,34.636,7.134,17.882,22.576,591.685
2022-10-29,1.842,7.553,17.413,22.764,526.849
2022-10-30,0.0,10.339,16.927,25.587,349.068
2022-10-31,0.0,10.783,16.698,25.948,373.742
2022-11-01,0.0,11.216,17.646,27.156,385.587
2022-11-02,1.041,10.481,16.642,25.601,399.77
2022-11-03,15.117,10.669,17.691,26.573,376.304
2022-11-04,20.34,9.717,18.826,26.281,409.539
2022-11-05,22.235,7.671,17.823,23.288,364.061
2022-11-06,17.325,8.903,17.476,24.392,236.293
2022-11-07,11.376,9.876,17.236,25.392,293.823
2022-11-08,16.717,8.697,17.497,24.299,370.168
2022-11-09,6.934,8.482,16.691,23.403,364.012
2022-11-10,15.056,7.833,17.601,23.333,444.477
2022-11-11,5.347,8.073,17.823,23.809,395.83
2022-11-12,11.387,7.167,18.274,23.174,398.118
2022-11-13,38.352,9.285,17.455,24.99,273.203
2022-11-14,7.125,8.265,18.91,24.92,330.738
2022-11-15,18.802,9.259,17.764,25.295,401.542
2022-11-16,17.866,10.546,16.743,26.062,520.928
2022-11-17,23.28,10.79,17.156,26.688,537.639
2022-11-18,27.595,7.244,18.163,23.222,601.957
2022-11-19,0.386,10.087,17.587,26.16,422.469
2022-11-20,12.989,10.18,18.222,26.747,543.834
2022-11-21,26.886,9.532,16.722,24.913,526.422
2022-11-22,32.599,8.276,17.708,24.115,637.164
2022-11-23,18.717,8.207,17.646,23.979,502.913
2022-11-24,0.33,8.714,17.163,24.253,494.683
2022-11-25,8.381,8.46,17.59,24.302,535.705
2022-11-26,26.377,7.079,17.691,22.788,530.857
2022-11-27,0.0,8.89,16.233,23.823,446.783
2022-11-28,10.592,8.92,17.115,24.549,458.089
2022-11-29,40.024,8.269,17.205,23.816,738.755
2022-11-30,31.3,7.067,18.375,23.337,582.013
2022-12-01,2.128,9.444,17.816,25.757,455.13
2022-12-02,0.0,10.022,17.146,26.014,432.969
2022-12-03,0.0,9.435,17.212,25.281,423.359
2022-12-04,0.235,6.884,17.535,22.472,447.01
2022-12-05,6.319,6.722,17.979,22.656,447.053
2022-12-06,0.147,8.627,16.847,24.076,392.708
2022-12-07,1.562,7.031,18.458,23.41,489.225
2022-12-08,4.684,8.846,17.569,24.882,631.951
2022-12-09,0.566,10.109,16.253,25.573,588.699
2022-12-10,7.01,9.28,16.486,24.67,486.505
2022-12-11,5.468,9.442,17.438,25.559,529.069
2022-12-12,18.406,10.434,15.684,25.587,566.419
2022-12-13,26.643,9.118,16.517,24.479,450.199
2022-12-14,0.0,10.143,16.486,25.792,352.258
2022-12-15,0.096,11.76,15.538,27.25,290.989
2022-12-16,17.435,11.822,15.792,27.497,256.604
2022-12-17,5.077,10.998,16.503,26.903,414.56
2022-12-18,22.435,9.413,16.233,24.66,471.195
2022-12-19,0.0,9.968,17.288,26.128,424.017
2022-12-20,0.093,11.923,16.25,27.944,421.327
2022-12-21,10.537,11.254,16.267,27.094,384.323
2022-12-22,0.0,11.624,16.688,27.844,270.72
2022-12-23,12.621,11.574,16.92,27.958,326.299
2022-12-24,20.393,10.662,16.753,26.656,651.722
2022-12-25,4.018,9.406,18.49,26.278,447.311
2022-12-26,0.0,10.042,17.201,26.118,473.895
2022-12-27,0.0,9.934,16.712,25.632,406.163
2022-12-28,0.0,10.117,16.951,26.045,360.399
2022-12-29,9.85,9.566,17.51,25.757,391.317
2022-12-30,0.0,11.074,16.934,27.226,349.194
2022-12-31,16.494,9.329,18.038,25.83,410.088
