gauge_id,gauge_department,gauge_lat,gauge_lon,gauge_elev,gauge_star,gauge_end,gauge_n,gauge_missing,area,perimeter,gravelius_index ,factor_form,maximum_ele,mean_ele,minimum_ele,streng_chanel ,equi_slope,cn_catchment,tc_kirpich,tc_chow,tc_Johnstone,tc_Engi_Corps,tc_representative,nombre,municipio,latitud,longitud,subzona_hidrografica,periodo,inicio,fin,dias_esperados,filas_originales,duplicados,negativos_P_Q,faltantes_P_pct,meses_completos_P,faltantes_Q_pct,meses_completos_Q,faltantes_Tmin_pct,meses_completos_Tmin,faltantes_Tmax_pct,meses_completos_Tmax,meses_completos_PQ,cumple_filtro
11017010,Choco,606212.61,-8520155.73,78,19/05/1981,31/12/2022,14444,4.986,891.98,276.0,2.61,0.05,3835,910.34,75.03,130.01,2.57e-05,62.13,164.66,106.17,74.0,57.52,25.32,AGUASAL [11017010],Lloró,5.473943889,-76.537861111,Río Andágueda,1981_2022,1981-01-01,2022-12-31,15340,14444,0,0,5.840938722294655,430,5.840938722294655,430,5.840938722294655,430,5.840938722294655,430,430,True
11017010,Choco,606212.61,-8520155.73,78,19/05/1981,31/12/2022,14444,4.986,891.98,276.0,2.61,0.05,3835,910.34,75.03,130.01,2.57e-05,62.13,164.66,106.17,74.0,57.52,25.32,AGUASAL [11017010],Lloró,5.473943889,-76.537861111,Río Andágueda,1998_2022,1998-01-01,2022-12-31,9131,14444,0,0,1.0732668930018618,270,1.0732668930018618,270,1.0732668930018618,270,1.0732668930018618,270,270,True
11027010,Choco,648220.64,-8480408.48,1499,1/01/1981,21/09/2001,7212,4.717,205.01,97.71,1.92,0.15,3731,2364.97,1495.0,36.51,9.09e-05,66.83,38.07,31.43,28.59,17.23,23.62,PUENTE LAS SANCHEZ [11027010],El Carmen,5.851972222,-76.18080556,Alto Atrato,1981_2022,1981-01-01,2022-12-31,15340,7212,0,0,52.98565840938723,233,52.98565840938723,233,52.98565840938723,233,52.98565840938723,233,233,False
11027010,Choco,648220.64,-8480408.48,1499,1/01/1981,21/09/2001,7212,4.717,205.01,97.71,1.92,0.15,3731,2364.97,1495.0,36.51,9.09e-05,66.83,38.07,31.43,28.59,17.23,23.62,PUENTE LAS SANCHEZ [11027010],El Carmen,5.851972222,-76.18080556,Alto Atrato,1998_2022,1998-01-01,2022-12-31,9131,7212,0,0,85.70802759829154,40,85.70802759829154,40,85.70802759829154,40,85.70802759829154,40,40,False
11027030,Choco,649335.35,-8477208.05,1568,1/01/1981,31/12/2022,14906,2.829,195.54,94.04,1.9,0.19,3731,2392.46,1560.0,31.92,9.66e-05,66.67,33.52,28.28,26.33,15.38,15.62,EL SIETE - AUT [11027030],El Carmen,5.862022222,-76.152063889,Alto Atrato,1981_2022,1981-01-01,2022-12-31,15340,14906,0,0,2.8292046936114734,439,2.8292046936114734,439,2.8292046936114734,439,2.8292046936114734,439,439,True
11027030,Choco,649335.35,-8477208.05,1568,1/01/1981,31/12/2022,14906,2.829,195.54,94.04,1.9,0.19,3731,2392.46,1560.0,31.92,9.66e-05,66.67,33.52,28.28,26.33,15.38,15.62,EL SIETE - AUT [11027030],El Carmen,5.862022222,-76.152063889,Alto Atrato,1998_2022,1998-01-01,2022-12-31,9131,14906,0,0,3.7892892344759606,242,3.7892892344759606,242,3.7892892344759606,242,3.7892892344759606,242,242,True
11035020,Choco,623335.42,-8542919.18,45,1/01/1981,16/07/2004,7559,12.084,1567.79,407.7,2.9,0.19,517,126.95,54.03,92.09,1.43e-05,67.75,158.01,102.59,72.05,49.44,29.2,SAN ISIDRO [11035020],Rio Quito (Paimadó),5.626166667,-76.74972222,Río Quito,1981_2022,1981-01-01,2022-12-31,15340,7559,0,0,50.72359843546285,214,50.72359843546285,214,50.72359843546285,214,50.72359843546285,214,214,False
11035020,Choco,623335.42,-8542919.18,45,1/01/1981,16/07/2004,7559,12.084,1567.79,407.7,2.9,0.19,517,126.95,54.03,92.09,1.43e-05,67.75,158.01,102.59,72.05,49.44,29.2,SAN ISIDRO [11035020],Rio Quito (Paimadó),5.626166667,-76.74972222,Río Quito,1998_2022,1998-01-01,2022-12-31,9131,7559,0,0,78.66608257584055,47,78.66608257584055,47,78.66608257584055,47,78.66608257584055,47,47,False
11037020,Choco,595194.32,-8528547.98,71,1/01/1981,31/12/2022,14618,4.707,263.61,119.91,2.08,0.21,323,145.84,75.01,35.27,1.64e-05,61.11,71.65,53.17,43.11,23.24,36.0,PUENTE CERTEGUI [11037020],Cértegui,5.37475,-76.61325,Río Quito,1981_2022,1981-01-01,2022-12-31,15340,14618,0,0,4.706649282920469,426,4.706649282920469,426,4.706649282920469,426,4.706649282920469,426,426,True
11037020,Choco,595194.32,-8528547.98,71,1/01/1981,31/12/2022,14618,4.707,263.61,119.91,2.08,0.21,323,145.84,75.01,35.27,1.64e-05,61.11,71.65,53.17,43.11,23.24,36.0,PUENTE CERTEGUI [11037020],Cértegui,5.37475,-76.61325,Río Quito,1998_2022,1998-01-01,2022-12-31,9131,14618,0,0,1.4675282006351988,250,1.4675282006351988,250,1.4675282006351988,250,1.4675282006351988,250,250,True
11047010,Choco,638534.93,-8534828.25,41,1/01/1981,31/12/2022,14012,8.657,5452.13,740.31,2.83,0.13,3978,528.08,39.7,205.26,2.32e-05,64.68,243.33,146.88,95.36,82.97,13.25,BELÉN - AUT [11047010],Quibdó,5.764858333,-76.669666667,Río Cabi y otros Directos Atrato (md),1981_2022,1981-01-01,2022-12-31,15340,14012,0,0,8.657105606258149,394,8.657105606258149,394,8.657105606258149,394,8.657105606258149,394,394,True
11047010,Choco,638534.93,-8534828.25,41,1/01/1981,31/12/2022,14012,8.657,5452.13,740.31,2.83,0.13,3978,528.08,39.7,205.26,2.32e-05,64.68,243.33,146.88,95.36,82.97,13.25,BELÉN - AUT [11047010],Quibdó,5.764858333,-76.669666667,Río Cabi y otros Directos Atrato (md),1998_2022,1998-01-01,2022-12-31,9131,14012,0,0,7.5566750629722925,219,7.5566750629722925,219,7.5566750629722925,219,7.5566750629722925,219,219,True
11047030,Choco,645080.01,-8529203.91,57,1/01/1981,31/10/2022,13153,13.915,433.87,206.24,2.79,0.06,3401,522.01,55.0,82.72,3.32e-05,62.29,105.29,73.21,55.35,38.85,18.61,NEGUA [11047030],Quibdó,5.828168889,-76.618016667,Río Bebaramá y otros Directos Atrato (md),1981_2022,1981-01-01,2022-12-31,15340,13153,0,0,14.256844850065189,343,14.256844850065189,343,14.256844850065189,343,14.256844850065189,343,343,False
11047030,Choco,645080.01,-8529203.91,57,1/01/1981,31/10/2022,13153,13.915,433.87,206.24,2.79,0.06,3401,522.01,55.0,82.72,3.32e-05,62.29,105.29,73.21,55.35,38.85,18.61,NEGUA [11047030],Quibdó,5.828168889,-76.618016667,Río Bebaramá y otros Directos Atrato (md),1998_2022,1998-01-01,2022-12-31,9131,13153,0,0,9.703208848976015,196,9.703208848976015,196,9.703208848976015,196,9.703208848976015,196,196,True
11057010,Choco,688774.22,-8540060.27,37,1/01/1981,15/07/2000,6219,12.85,9464.81,771.81,2.24,0.11,3978,474.52,35.0,296.59,1.87e-05,64.72,351.24,199.28,121.03,114.37,16.54,TAGACHI [11057010],Quibdó,6.216666667,-76.71666667,Directos Atrato entre ríos Bebaramá y Murrí (md),1981_2022,1981-01-01,2022-12-31,15340,6219,0,0,59.458930899608866,191,59.458930899608866,191,59.458930899608866,191,59.458930899608866,191,191,False
11057010,Choco,688774.22,-8540060.27,37,1/01/1981,15/07/2000,6219,12.85,9464.81,771.81,2.24,0.11,3978,474.52,35.0,296.59,1.87e-05,64.72,351.24,199.28,121.03,114.37,16.54,TAGACHI [11057010],Quibdó,6.216666667,-76.71666667,Directos Atrato entre ríos Bebaramá y Murrí (md),1998_2022,1998-01-01,2022-12-31,9131,6219,0,0,90.59248713174898,26,90.59248713174898,26,90.59248713174898,26,90.59248713174898,26,26,False
11057020,Antioquia,696561.35,-8545085.11,39,1/01/1981,31/12/2022,14461,5.73,10612.79,833.4,2.28,0.11,3978,470.46,33.1,309.35,1.83e-05,64.63,365.39,205.93,124.17,118.5,29.79,SAN ANTONIO PADUA - AUT [11057020],Vigia Del Fuerte,6.286966667,-76.761877778,Directos Atrato entre ríos Bebaramá y Murrí (md),1981_2022,1981-01-01,2022-12-31,15340,14461,0,0,5.7301173402868315,424,5.7301173402868315,424,5.7301173402868315,424,5.7301173402868315,424,424,False
11057020,Antioquia,696561.35,-8545085.11,39,1/01/1981,31/12/2022,14461,5.73,10612.79,833.4,2.28,0.11,3978,470.46,33.1,309.35,1.83e-05,64.63,365.39,205.93,124.17,118.5,29.79,SAN ANTONIO PADUA - AUT [11057020],Vigia Del Fuerte,6.286966667,-76.761877778,Directos Atrato entre ríos Bebaramá y Murrí (md),1998_2022,1998-01-01,2022-12-31,9131,14461,0,0,7.403351221114883,227,7.403351221114883,227,7.403351221114883,227,7.403351221114883,227,227,False
11077010,Choco,726845.53,-8558740.3,36,1/01/1981,31/12/2022,15201,0.906,15669.38,975.44,2.2,0.11,3978,660.89,27.05,383.98,1.69e-05,65.04,444.93,242.56,141.11,141.78,18.12,BELLAVISTA  [11077010],Bojayá (Bellavista),6.558805556,-76.88447222,Directos Atrato entre ríos Quito y Bojayá (mi),1981_2022,1981-01-01,2022-12-31,15340,15201,0,0,0.9061277705345502,479,0.9061277705345502,479,0.9061277705345502,479,0.9061277705345502,479,479,False
11077010,Choco,726845.53,-8558740.3,36,1/01/1981,31/12/2022,15201,0.906,15669.38,975.44,2.2,0.11,3978,660.89,27.05,383.98,1.69e-05,65.04,444.93,242.56,141.11,141.78,18.12,BELLAVISTA  [11077010],Bojayá (Bellavista),6.558805556,-76.88447222,Directos Atrato entre ríos Quito y Bojayá (mi),1998_2022,1998-01-01,2022-12-31,9131,15201,0,0,1.5222867155842734,275,1.5222867155842734,275,1.5222867155842734,275,1.5222867155842734,275,275,False
11077020,Antioquia,697721.83,-8475639.56,1831,1/01/1981,31/12/2022,13224,13.794,611.19,177.36,2.02,0.27,3738,2337.76,1829.0,47.54,5.52e-05,69.31,56.53,43.66,36.96,23.16,22.77,LA MAGDALENA [11077020],Urrao,6.298361111,-76.13447222,Río Murrí,1981_2022,1981-01-01,2022-12-31,15340,13224,0,0,13.79400260756193,397,13.79400260756193,397,13.79400260756193,397,13.79400260756193,397,397,False
11077020,Antioquia,697721.83,-8475639.56,1831,1/01/1981,31/12/2022,13224,13.794,611.19,177.36,2.02,0.27,3738,2337.76,1829.0,47.54,5.52e-05,69.31,56.53,43.66,36.96,23.16,22.77,LA MAGDALENA [11077020],Urrao,6.298361111,-76.13447222,Río Murrí,1998_2022,1998-01-01,2022-12-31,9131,13224,0,0,10.524586573212135,231,10.524586573212135,231,10.524586573212135,231,10.524586573212135,231,231,False
11077030,Antioquia,732818.96,-8543848.45,36,1/01/1981,31/05/2001,6881,7.712,3320.32,512.67,2.51,0.09,3966,1535.45,43.02,188.17,2.75e-05,66.29,213.21,131.6,87.52,75.2,10.55,PLAYA LA [11077030],Vigia Del Fuerte,6.616666667,-76.75,Río Murrí,1981_2022,1981-01-01,2022-12-31,15340,6881,0,0,55.14341590612777,206,55.14341590612777,206,55.14341590612777,206,55.14341590612777,206,206,False
11077030,Antioquia,732818.96,-8543848.45,36,1/01/1981,31/05/2001,6881,7.712,3320.32,512.67,2.51,0.09,3966,1535.45,43.02,188.17,2.75e-05,66.29,213.21,131.6,87.52,75.2,10.55,PLAYA LA [11077030],Vigia Del Fuerte,6.616666667,-76.75,Río Murrí,1998_2022,1998-01-01,2022-12-31,9131,6881,0,0,86.67177746139525,40,86.67177746139525,40,86.67177746139525,40,86.67177746139525,40,40,False
11117010,Antioquia,761929.65,-8476932.84,730,1/01/1981,9/05/2022,13375,11.447,722.86,179.61,1.88,0.16,3601,1983.67,729.0,67.24,7.61e-05,68.56,65.22,49.17,40.56,28.35,32.45,EL AÑIL - AUT [11117010],Uramita,6.873861111,-76.149677778,Río Sucio,1981_2022,1981-01-01,2022-12-31,15340,13375,0,0,12.809647979139505,399,12.809647979139505,399,12.809647979139505,399,12.809647979139505,399,399,False
11117010,Antioquia,761929.65,-8476932.84,730,1/01/1981,9/05/2022,13375,11.447,722.86,179.61,1.88,0.16,3601,1983.67,729.0,67.24,7.61e-05,68.56,65.22,49.17,40.56,28.35,32.45,EL AÑIL - AUT [11117010],Uramita,6.873861111,-76.149677778,Río Sucio,1998_2022,1998-01-01,2022-12-31,9131,13375,0,0,12.43018289343993,225,12.43018289343993,225,12.43018289343993,225,12.43018289343993,225,225,False
11117050,Antioquia,777123.65,-8492378.42,392,1/01/1982,14/05/2016,12019,4.254,2058.57,299.28,1.86,0.23,3748,1833.4,406.01,95.52,5.4e-05,67.78,97.53,68.7,52.67,39.51,48.0,DABEIBA 2 - AUT [11117050],Dabeiba,7.010941667,-76.288591667,Río Sucio,1981_2022,1981-01-01,2022-12-31,15340,12019,0,0,21.64928292046936,381,21.64928292046936,381,21.64928292046936,381,21.64928292046936,381,381,False
11117050,Antioquia,777123.65,-8492378.42,392,1/01/1982,14/05/2016,12019,4.254,2058.57,299.28,1.86,0.23,3748,1833.4,406.01,95.52,5.4e-05,67.78,97.53,68.7,52.67,39.51,48.0,DABEIBA 2 - AUT [11117050],Dabeiba,7.010941667,-76.288591667,Río Sucio,1998_2022,1998-01-01,2022-12-31,9131,12019,0,0,28.430620961559523,206,28.430620961559523,206,28.430620961559523,206,28.430620961559523,206,206,False
12017020,Antioquia,839818.41,-8539523.03,32,1/03/1981,31/12/2022,14438,5.517,775.19,227.8,2.31,0.11,1865,298.98,27.07,85.32,2.14e-05,73.37,127.65,85.92,62.72,43.23,17.68,BARRANQUILLITA - AUT [12017020],Chigorodó,7.571527778,-76.710858333,Río León,1981_2022,1981-01-01,2022-12-31,15340,14438,0,0,5.880052151238592,437,5.880052151238592,437,5.880052151238592,437,5.880052151238592,437,437,True
12017020,Antioquia,839818.41,-8539523.03,32,1/03/1981,31/12/2022,14438,5.517,775.19,227.8,2.31,0.11,1865,298.98,27.07,85.32,2.14e-05,73.37,127.65,85.92,62.72,43.23,17.68,BARRANQUILLITA - AUT [12017020],Chigorodó,7.571527778,-76.710858333,Río León,1998_2022,1998-01-01,2022-12-31,9131,14438,0,0,0.7885226152666739,266,0.7885226152666739,266,0.7885226152666739,266,0.7885226152666739,266,266,True
12017060,Antioquia,873647.58,-8529586.96,36,2/01/1984,12/12/2012,10010,5.325,87.75,71.32,2.15,0.16,1105,381.66,41.01,23.31,4.57e-05,67.75,35.11,29.38,27.13,13.96,24.81,APARTADO [12017060],Apartadó,7.87575,-76.62258333,Río León,1981_2022,1981-01-01,2022-12-31,15340,10010,0,0,34.74576271186441,248,34.74576271186441,248,34.74576271186441,248,34.74576271186441,248,248,False
12017060,Antioquia,873647.58,-8529586.96,36,2/01/1984,12/12/2012,10010,5.325,87.75,71.32,2.15,0.16,1105,381.66,41.01,23.31,4.57e-05,67.75,35.11,29.38,27.13,13.96,24.81,APARTADO [12017060],Apartadó,7.87575,-76.62258333,Río León,1998_2022,1998-01-01,2022-12-31,9131,10010,0,0,44.584382871536526,123,44.584382871536526,123,44.584382871536526,123,44.584382871536526,123,123,False
12017080,Antioquia,861181.84,-8533423.31,49,1/01/1981,30/09/2011,10617,5.459,146.77,106.93,2.49,0.09,1479,391.98,45.02,41.53,3.3e-05,72.76,62.06,47.18,39.27,23.03,39.44,CAREPA [12017080],Carepa,7.763361111,-76.65825,Río León,1981_2022,1981-01-01,2022-12-31,15340,10617,0,0,30.78878748370274,321,30.78878748370274,321,30.78878748370274,321,30.78878748370274,321,321,False
12017080,Antioquia,861181.84,-8533423.31,49,1/01/1981,30/09/2011,10617,5.459,146.77,106.93,2.49,0.09,1479,391.98,45.02,41.53,3.3e-05,72.76,62.06,47.18,39.27,23.03,39.44,CAREPA [12017080],Carepa,7.763361111,-76.65825,Río León,1998_2022,1998-01-01,2022-12-31,9131,10617,0,0,47.11422626218377,139,47.11422626218377,139,47.11422626218377,139,47.11422626218377,139,139,False
12027010,Antioquia,910473.72,-8518620.45,133,1/01/1981,6/01/2022,12704,15.199,311.39,164.45,2.63,0.09,1136,370.08,130.99,59.04,2.97e-05,67.94,84.74,61.12,48.07,30.7,18.61,PUEBLO BELLO [12027010],Turbo,8.203781111,-76.524944444,Río Mulatos y otros directos al Caribe,1981_2022,1981-01-01,2022-12-31,15340,12704,0,0,17.183833116036507,372,17.183833116036507,372,17.183833116036507,372,17.183833116036507,372,372,False
12027010,Antioquia,910473.72,-8518620.45,133,1/01/1981,6/01/2022,12704,15.199,311.39,164.45,2.63,0.09,1136,370.08,130.99,59.04,2.97e-05,67.94,84.74,61.12,48.07,30.7,18.61,PUEBLO BELLO [12027010],Turbo,8.203781111,-76.524944444,Río Mulatos y otros directos al Caribe,1998_2022,1998-01-01,2022-12-31,9131,12704,0,0,23.74329208191874,204,23.74329208191874,204,23.74329208191874,204,23.74329208191874,204,204,False
12027050,Antioquia,933730.02,-8529947.41,52,1/01/1981,31/12/2022,15166,1.134,1031.21,278.77,2.45,0.08,1147,229.03,54.0,117.17,2.03e-05,71.03,166.33,107.06,74.49,55.57,46.77,PUEBLO NUEVO [12027050],Necoclí,8.415055556,-76.62938889,Río Mulatos y otros directos al Caribe,1981_2022,1981-01-01,2022-12-31,15340,15166,0,0,1.1342894393741851,461,1.1342894393741851,461,1.1342894393741851,461,1.1342894393741851,461,461,True
12027050,Antioquia,933730.02,-8529947.41,52,1/01/1981,31/12/2022,15166,1.134,1031.21,278.77,2.45,0.08,1147,229.03,54.0,117.17,2.03e-05,71.03,166.33,107.06,74.49,55.57,46.77,PUEBLO NUEVO [12027050],Necoclí,8.415055556,-76.62938889,Río Mulatos y otros directos al Caribe,1998_2022,1998-01-01,2022-12-31,9131,15166,0,0,0.9966049720731575,268,0.9966049720731575,268,0.9966049720731575,268,0.9966049720731575,268,268,True
12027060,Antioquia,901755.6,-8537333.0,29,1/01/1987,30/04/2011,8207,7.641,151.26,76.43,1.75,0.21,696,198.11,29.0,26.69,2.39e-05,69.02,50.03,39.45,34.14,17.51,17.47,DOS EL [12027060],Turbo,8.1265,-76.69383333,Río Mulatos y otros directos al Caribe,1981_2022,1981-01-01,2022-12-31,15340,8207,0,0,46.499348109517605,226,46.499348109517605,226,46.499348109517605,226,46.499348109517605,226,226,False
12027060,Antioquia,901755.6,-8537333.0,29,1/01/1987,30/04/2011,8207,7.641,151.26,76.43,1.75,0.21,696,198.11,29.0,26.69,2.39e-05,69.02,50.03,39.45,34.14,17.51,17.47,DOS EL [12027060],Turbo,8.1265,-76.69383333,Río Mulatos y otros directos al Caribe,1998_2022,1998-01-01,2022-12-31,9131,8207,0,0,50.56401270397547,120,50.56401270397547,120,50.56401270397547,120,50.56401270397547,120,120,False
12037010,Antioquia,961258.0,-8509911.24,32,1/07/1981,31/12/1994,4402,10.746,1047.43,282.27,2.46,0.09,703,130.56,35.02,108.14,1.69e-05,77.41,167.78,107.84,74.91,54.13,19.4,LA CANDELARIA [12037010],Arboletes,8.659722222,-76.44583333,Río San Juan,1981_2022,1981-01-01,2022-12-31,15340,4402,0,0,71.30378096479791,135,71.30378096479791,135,71.30378096479791,135,71.30378096479791,135,135,False
12037010,Antioquia,961258.0,-8509911.24,32,1/07/1981,31/12/1994,4402,10.746,1047.43,282.27,2.46,0.09,703,130.56,35.02,108.14,1.69e-05,77.41,167.78,107.84,74.91,54.13,19.4,LA CANDELARIA [12037010],Arboletes,8.659722222,-76.44583333,Río San Juan,1998_2022,1998-01-01,2022-12-31,9131,4402,0,0,100.0,0,100.0,0,100.0,0,100.0,0,0,False
13017010,Cordoba,871769.56,-8492895.13,127,1/01/1981,31/07/1998,5782,9.952,3988.47,463.37,2.07,0.26,3731,763.71,127.08,124.14,2.38e-05,59.57,163.62,105.61,73.7,56.35,32.65,DESPENSA LA [13017010],Tierralta,7.866666667,-76.28333333,Alto Sinú - Urrá,1981_2022,1981-01-01,2022-12-31,15340,5782,0,0,62.30769230769231,173,62.30769230769231,173,62.30769230769231,173,62.30769230769231,173,173,False
13017010,Cordoba,871769.56,-8492895.13,127,1/01/1981,31/07/1998,5782,9.952,3988.47,463.37,2.07,0.26,3731,763.71,127.08,124.14,2.38e-05,59.57,163.62,105.61,73.7,56.35,32.65,DESPENSA LA [13017010],Tierralta,7.866666667,-76.28333333,Alto Sinú - Urrá,1998_2022,1998-01-01,2022-12-31,9131,5782,0,0,97.67823896615924,7,97.67823896615924,7,97.67823896615924,7,97.67823896615924,7,7,False
13017020,Cordoba,869275.42,-8488689.57,187,1/01/1981,18/11/1998,6323,3.185,2637.88,449.85,2.47,0.21,3731,767.04,142.04,112.64,2.56e-05,58.55,147.71,97.0,68.96,51.63,50.35,LIMON EL [13017020],Tierralta,7.833333333,-76.26666667,Alto Sinú - Urrá,1981_2022,1981-01-01,2022-12-31,15340,6323,0,0,58.780964797913946,194,58.780964797913946,194,58.780964797913946,194,58.780964797913946,194,194,False
13017020,Cordoba,869275.42,-8488689.57,187,1/01/1981,18/11/1998,6323,3.185,2637.88,449.85,2.47,0.21,3731,767.04,142.04,112.64,2.56e-05,58.55,147.71,97.0,68.96,51.63,50.35,LIMON EL [13017020],Tierralta,7.833333333,-76.26666667,Alto Sinú - Urrá,1998_2022,1998-01-01,2022-12-31,9131,6323,0,0,96.56116526119811,3,96.56116526119811,3,96.56116526119811,3,96.56116526119811,3,3,False
13037010,Cordoba,886222.98,-8486810.23,157,1/01/1981,28/10/1995,5107,5.67,4644.13,507.6,2.1,0.21,3731,699.76,125.07,148.26,2.13e-05,60.02,195.7,122.56,82.78,65.85,27.04,ANGOSTURA DE URRA [13037010],Tierralta,8,-76.25,Alto Sinú - Urrá,1981_2022,1981-01-01,2022-12-31,15340,5107,0,0,66.70795306388527,163,66.70795306388527,163,66.70795306388527,163,66.70795306388527,163,163,False
13037010,Cordoba,886222.98,-8486810.23,157,1/01/1981,28/10/1995,5107,5.67,4644.13,507.6,2.1,0.21,3731,699.76,125.07,148.26,2.13e-05,60.02,195.7,122.56,82.78,65.85,27.04,ANGOSTURA DE URRA [13037010],Tierralta,8,-76.25,Alto Sinú - Urrá,1998_2022,1998-01-01,2022-12-31,9131,5107,0,0,100.0,0,100.0,0,100.0,0,100.0,0,0,False
13037040,Cordoba,905485.87,-8470918.5,60,1/01/1993,31/12/2022,9451,13.745,5254.08,542.74,2.11,0.15,3731,641.33,56.01,188.63,1.96e-05,60.83,243.48,146.96,95.4,80.37,34.39,CARRIZOLA [13037040],Tierralta,8.161079,-76.095815,Medio Sinú,1981_2022,1981-01-01,2022-12-31,15340,9451,0,0,38.389830508474574,266,38.389830508474574,266,38.389830508474574,266,38.389830508474574,266,266,False
13037040,Cordoba,905485.87,-8470918.5,60,1/01/1993,31/12/2022,9451,13.745,5254.08,542.74,2.11,0.15,3731,641.33,56.01,188.63,1.96e-05,60.83,243.48,146.96,95.4,80.37,34.39,CARRIZOLA [13037040],Tierralta,8.161079,-76.095815,Medio Sinú,1998_2022,1998-01-01,2022-12-31,9131,9451,0,0,12.550651626327895,232,12.550651626327895,232,12.550651626327895,232,12.550651626327895,232,232,False
13047030,Cordoba,908415.53,-8467473.78,55,1/01/1992,31/12/2010,5978,13.862,5419.14,558.6,2.14,0.14,3731,630.41,50.0,197.86,1.92e-05,61.22,254.41,152.42,98.16,83.63,23.12,TIERRALTA [13047030],Tierralta,8.187055556,-76.06461111,Medio Sinú,1981_2022,1981-01-01,2022-12-31,15340,5978,0,0,61.02998696219035,160,61.02998696219035,160,61.02998696219035,160,61.02998696219035,160,160,False
13047030,Cordoba,908415.53,-8467473.78,55,1/01/1992,31/12/2010,5978,13.862,5419.14,558.6,2.14,0.14,3731,630.41,50.0,197.86,1.92e-05,61.22,254.41,152.42,98.16,83.63,23.12,TIERRALTA [13047030],Tierralta,8.187055556,-76.06461111,Medio Sinú,1998_2022,1998-01-01,2022-12-31,9131,5978,0,0,51.812506844814365,126,51.812506844814365,126,51.812506844814365,126,51.812506844814365,126,126,False
13047040,Cordoba,900196.22,-8474523.08,64,1/01/1991,31/12/2010,6446,11.759,4950.91,517.14,2.07,0.16,3731,670.27,61.03,177.2,2.01e-05,60.41,229.51,139.91,91.81,76.23,28.12,TORO EL [13047040],Tierralta,8.113483333,-76.12793611,Medio Sinú,1981_2022,1981-01-01,2022-12-31,15340,6446,0,0,57.979139504563236,184,57.979139504563236,184,57.979139504563236,184,57.979139504563236,184,184,False
13047040,Cordoba,900196.22,-8474523.08,64,1/01/1991,31/12/2010,6446,11.759,4950.91,517.14,2.07,0.16,3731,670.27,61.03,177.2,2.01e-05,60.41,229.51,139.91,91.81,76.23,28.12,TORO EL [13047040],Tierralta,8.113483333,-76.12793611,Medio Sinú,1998_2022,1998-01-01,2022-12-31,9131,6446,0,0,53.06100098565327,126,53.06100098565327,126,53.06100098565327,126,53.06100098565327,126,126,False
13067020,Cordoba,971947.97,-8448128.79,39,1/01/1981,31/12/2022,15051,1.884,9462.65,912.21,2.64,0.08,3731,394.96,17.01,346.7,1.59e-05,67.98,421.7,231.99,136.28,132.82,51.12,MONTERIA  - AUT [13067020],Montería,8.751611111,-75.89241667,Bajo Sinú,1981_2022,1981-01-01,2022-12-31,15340,15051,0,0,1.8839634941329855,456,1.8839634941329855,456,1.8839634941329855,456,1.8839634941329855,456,456,True
13067020,Cordoba,971947.97,-8448128.79,39,1/01/1981,31/12/2022,15051,1.884,9462.65,912.21,2.64,0.08,3731,394.96,17.01,346.7,1.59e-05,67.98,421.7,231.99,136.28,132.82,51.12,MONTERIA  - AUT [13067020],Montería,8.751611111,-75.89241667,Bajo Sinú,1998_2022,1998-01-01,2022-12-31,9131,15051,0,0,0.7228123973277845,277,0.7228123973277845,277,0.7228123973277845,277,0.7228123973277845,277,277,True
15017020,Magdalena,1255256.04,-8231136.31,62,1/01/1981,31/12/2018,12598,9.23,145.78,85.79,2.0,0.16,2420,715.48,52.0,30.24,8.49e-05,63.59,33.81,28.48,26.47,15.13,28.74,LA REVUELTA [15017020],Santa Marta,11.27763889,-73.94155556,Río  Piedras - Río Manzanares,1981_2022,1981-01-01,2022-12-31,15340,12598,0,0,17.8748370273794,394,17.8748370273794,394,17.8748370273794,394,17.8748370273794,394,394,False
15017020,Magdalena,1255256.04,-8231136.31,62,1/01/1981,31/12/2018,12598,9.23,145.78,85.79,2.0,0.16,2420,715.48,52.0,30.24,8.49e-05,63.59,33.81,28.48,26.47,15.13,28.74,LA REVUELTA [15017020],Santa Marta,11.27763889,-73.94155556,Río  Piedras - Río Manzanares,1998_2022,1998-01-01,2022-12-31,9131,12598,0,0,29.241046982805823,194,29.241046982805823,194,29.241046982805823,194,29.241046982805823,194,194,False
15037010,La Guajira,1247071.11,-8177675.13,79,1/01/1981,31/12/2022,13598,11.356,528.5,176.63,2.17,0.15,4858,2281.91,78.0,59.62,0.000173,66.25,43.31,34.99,31.09,22.13,41.24,ANCHO [15037010],Dibulla,11.20505556,-73.46130556,Río Ancho y Otros Directos al caribe,1981_2022,1981-01-01,2022-12-31,15340,13598,0,0,11.35593220338983,412,11.35593220338983,412,11.35593220338983,412,11.35593220338983,412,412,False
15037010,La Guajira,1247071.11,-8177675.13,79,1/01/1981,31/12/2022,13598,11.356,528.5,176.63,2.17,0.15,4858,2281.91,78.0,59.62,0.000173,66.25,43.31,34.99,31.09,22.13,41.24,ANCHO [15037010],Dibulla,11.20505556,-73.46130556,Río Ancho y Otros Directos al caribe,1998_2022,1998-01-01,2022-12-31,9131,13598,0,0,17.719855437520536,214,17.719855437520536,214,17.719855437520536,214,17.719855437520536,214,214,False
15037020,Magdalena,1250576.35,-8189529.72,1,1/01/1981,31/12/2022,14659,4.439,695.72,200.8,2.15,0.12,5703,2142.52,0.0,75.87,6.85e-05,63.04,74.56,54.95,44.24,31.71,42.96,PUENTE CARRETERA - PALOMINO [15037020],Santa Marta,11.24455556,-73.56861111,Río Ancho y Otros Directos al caribe,1981_2022,1981-01-01,2022-12-31,15340,14659,0,0,4.439374185136897,456,4.439374185136897,456,4.439374185136897,456,4.439374185136897,456,456,True
15037020,Magdalena,1250576.35,-8189529.72,1,1/01/1981,31/12/2022,14659,4.439,695.72,200.8,2.15,0.12,5703,2142.52,0.0,75.87,6.85e-05,63.04,74.56,54.95,44.24,31.71,42.96,PUENTE CARRETERA - PALOMINO [15037020],Santa Marta,11.24455556,-73.56861111,Río Ancho y Otros Directos al caribe,1998_2022,1998-01-01,2022-12-31,9131,14659,0,0,5.015879969335232,260,5.015879969335232,260,5.015879969335232,260,5.015879969335232,260,260,True
15037030,La Guajira,1247879.18,-8171221.69,24,1/06/1990,31/12/2020,9281,16.926,134.78,77.58,1.88,0.22,2207,608.75,16.0,24.68,0.000104,55.17,26.76,23.45,22.74,12.48,39.42,MINGUEO [15037030],Dibulla,11.21222222,-73.40333333,Río Ancho y Otros Directos al caribe,1981_2022,1981-01-01,2022-12-31,15340,9281,0,0,39.4980443285528,282,39.4980443285528,282,39.4980443285528,282,39.4980443285528,282,282,False
15037030,La Guajira,1247879.18,-8171221.69,24,1/06/1990,31/12/2020,9281,16.926,134.78,77.58,1.88,0.22,2207,608.75,16.0,24.68,0.000104,55.17,26.76,23.45,22.74,12.48,39.42,MINGUEO [15037030],Dibulla,11.21222222,-73.40333333,Río Ancho y Otros Directos al caribe,1998_2022,1998-01-01,2022-12-31,9131,9281,0,0,27.718760267221555,204,27.718760267221555,204,27.718760267221555,204,27.718760267221555,204,204,False
15067150,La Guajira,1215672.48,-8104547.5,144,4/11/2008,30/11/2021,4388,8.105,627.2,245.94,2.77,0.07,4243,982.32,139.0,95.09,6.11e-05,67.63,92.72,65.87,50.97,38.47,19.66,PUENTE GUAJIRO [15067150],Barrancas,10.92644444,-72.80438889,Río Ranchería,1981_2022,1981-01-01,2022-12-31,15340,4388,0,0,71.39504563233376,123,71.39504563233376,123,71.39504563233376,123,71.39504563233376,123,123,False
15067150,La Guajira,1215672.48,-8104547.5,144,4/11/2008,30/11/2021,4388,8.105,627.2,245.94,2.77,0.07,4243,982.32,139.0,95.09,6.11e-05,67.63,92.72,65.87,50.97,38.47,19.66,PUENTE GUAJIRO [15067150],Barrancas,10.92644444,-72.80438889,Río Ranchería,1998_2022,1998-01-01,2022-12-31,9131,4388,0,0,51.94392728069215,123,51.94392728069215,123,51.94392728069215,123,51.94392728069215,123,123,False
16017020,Norte De Santander,852688.62,-8082404.2,727,1/01/1981,31/12/2022,15248,0.6,429.48,155.74,2.12,0.15,3657,2002.6,723.0,54.51,0.000143,63.92,43.56,35.16,31.21,21.45,26.35,LA DONJUANA - AUT [16017020],Chinácota,7.687972222,-72.60547222,Río Pamplonita,1981_2022,1981-01-01,2022-12-31,15340,15248,0,0,0.5997392438070405,485,0.5997392438070405,485,0.5997392438070405,485,0.5997392438070405,485,485,True
16017020,Norte De Santander,852688.62,-8082404.2,727,1/01/1981,31/12/2022,15248,0.6,429.48,155.74,2.12,0.15,3657,2002.6,723.0,54.51,0.000143,63.92,43.56,35.16,31.21,21.45,26.35,LA DONJUANA - AUT [16017020],Chinácota,7.687972222,-72.60547222,Río Pamplonita,1998_2022,1998-01-01,2022-12-31,9131,15248,0,0,0.9747015660935274,284,0.9747015660935274,284,0.9747015660935274,284,0.9747015660935274,284,284,True
16027010,Norte De Santander,862558.53,-8106348.38,914,1/01/1988,31/12/2022,11500,10.044,102.68,65.12,1.81,0.18,3931,2134.03,909.0,24.18,0.000212,61.6,20.0,18.41,18.82,10.73,16.74,POMARROSOS LOS [16027010],Salazar,7.778333333,-72.82083333,Río Zulia,1981_2022,1981-01-01,2022-12-31,15340,11500,0,0,25.03259452411995,338,25.03259452411995,338,25.03259452411995,338,25.03259452411995,338,338,False
16027010,Norte De Santander,862558.53,-8106348.38,914,1/01/1988,31/12/2022,11500,10.044,102.68,65.12,1.81,0.18,3931,2134.03,909.0,24.18,0.000212,61.6,20.0,18.41,18.82,10.73,16.74,POMARROSOS LOS [16027010],Salazar,7.778333333,-72.82083333,Río Zulia,1998_2022,1998-01-01,2022-12-31,9131,11500,0,0,7.6990472018398854,249,7.6990472018398854,249,7.6990472018398854,249,7.6990472018398854,249,249,True
16027020,Norte De Santander,911269.23,-8075965.81,72,1/01/1988,31/12/2001,4875,4.673,40.79,47.36,2.09,0.23,517,187.15,67.99,13.44,2.94e-05,67.5,27.23,23.79,23.0,9.99,36.96,IGUANA LA [16027020],Cúcuta,8.216666667,-72.55,Río Zulia,1981_2022,1981-01-01,2022-12-31,15340,4875,0,0,68.22033898305084,150,68.22033898305084,150,68.22033898305084,150,68.22033898305084,150,150,False
16027020,Norte De Santander,911269.23,-8075965.81,72,1/01/1988,31/12/2001,4875,4.673,40.79,47.36,2.09,0.23,517,187.15,67.99,13.44,2.94e-05,67.5,27.23,23.79,23.0,9.99,36.96,IGUANA LA [16027020],Cúcuta,8.216666667,-72.55,Río Zulia,1998_2022,1998-01-01,2022-12-31,9131,4875,0,0,86.36512977768042,39,86.36512977768042,39,86.36512977768042,39,86.36512977768042,39,39,False
16027100,Norte De Santander,877275.03,-8085848.7,252,1/01/1981,31/12/2022,14618,4.707,465.7,180.49,2.36,0.12,3924,1609.91,250.99,62.93,7.27e-05,64.58,63.07,47.82,39.69,27.19,20.76,CORNEJO [16027100],San Cayetano,7.901388889,-72.63388889,Río Zulia,1981_2022,1981-01-01,2022-12-31,15340,14618,0,0,4.706649282920469,390,4.706649282920469,390,4.706649282920469,390,4.706649282920469,390,390,True
16027100,Norte De Santander,877275.03,-8085848.7,252,1/01/1981,31/12/2022,14618,4.707,465.7,180.49,2.36,0.12,3924,1609.91,250.99,62.93,7.27e-05,64.58,63.07,47.82,39.69,27.19,20.76,CORNEJO [16027100],San Cayetano,7.901388889,-72.63388889,Río Zulia,1998_2022,1998-01-01,2022-12-31,9131,14618,0,0,3.4716898477713283,214,3.4716898477713283,214,3.4716898477713283,214,3.4716898477713283,214,214,True
16027120,Norte De Santander,869203.35,-8087261.18,279,1/01/1981,30/12/2013,10660,11.55,1475.71,273.36,2.01,0.14,4305,2202.3,283.0,102.88,7.55e-05,64.01,90.8,64.73,50.28,39.23,41.59,SAN JAVIER/PUENTE ZULIA - AUT [16027120],Durania,7.833888889,-72.65027778,Río Zulia,1981_2022,1981-01-01,2022-12-31,15340,10660,0,0,30.508474576271187,323,30.508474576271187,323,30.508474576271187,323,30.508474576271187,323,323,False
16027120,Norte De Santander,869203.35,-8087261.18,279,1/01/1981,30/12/2013,10660,11.55,1475.71,273.36,2.01,0.14,4305,2202.3,283.0,102.88,7.55e-05,64.01,90.8,64.73,50.28,39.23,41.59,SAN JAVIER/PUENTE ZULIA - AUT [16027120],Durania,7.833888889,-72.65027778,Río Zulia,1998_2022,1998-01-01,2022-12-31,9131,10660,0,0,49.512649216953236,131,49.512649216953236,131,49.512649216953236,131,49.512649216953236,131,131,False
16027280,Norte De Santander,896338.6,-8080245.1,117,1/01/1993,1/11/2021,9414,10.615,2680.25,409.74,2.23,0.13,4305,1664.51,103.0,144.56,4.9e-05,66.89,139.38,92.43,66.41,55.16,22.3,ASTILLEROS - AUT [16027280],Cúcuta,8.105277778,-72.58138889,Río Zulia,1981_2022,1981-01-01,2022-12-31,15340,9414,0,0,38.63102998696219,265,38.63102998696219,265,38.63102998696219,265,38.63102998696219,265,265,False
16027280,Norte De Santander,896338.6,-8080245.1,117,1/01/1993,1/11/2021,9414,10.615,2680.25,409.74,2.23,0.13,4305,1664.51,103.0,144.56,4.9e-05,66.89,139.38,92.43,66.41,55.16,22.3,ASTILLEROS - AUT [16027280],Cúcuta,8.105277778,-72.58138889,Río Zulia,1998_2022,1998-01-01,2022-12-31,9131,9414,0,0,13.94151790603439,221,13.94151790603439,221,13.94151790603439,221,13.94151790603439,221,221,False
16027300,Norte De Santander,835866.25,-8100846.13,1302,15/11/2004,31/12/2022,6505,1.752,397.53,129.32,1.83,0.14,4139,2805.02,1276.0,53.92,0.000137,66.24,43.92,35.4,31.37,21.45,50.95,PUENTE CAPIRA - AUT [16027300],Cucutilla,7.537194444,-72.77113889,Río Zulia,1981_2022,1981-01-01,2022-12-31,15340,6505,0,0,57.594524119947856,202,57.594524119947856,202,57.594524119947856,202,57.594524119947856,202,202,False
16027300,Norte De Santander,835866.25,-8100846.13,1302,15/11/2004,31/12/2022,6505,1.752,397.53,129.32,1.83,0.14,4139,2805.02,1276.0,53.92,0.000137,66.24,43.92,35.4,31.37,21.45,50.95,PUENTE CAPIRA - AUT [16027300],Cucutilla,7.537194444,-72.77113889,Río Zulia,1998_2022,1998-01-01,2022-12-31,9131,6505,0,0,28.759172051253966,202,28.759172051253966,202,28.759172051253966,202,28.759172051253966,202,202,False
16037010,Norte De Santander,945351.15,-8092710.53,48,1/01/1981,31/12/2022,14483,5.587,746.1,187.36,1.93,0.15,2287,614.64,43.05,71.26,2.06e-05,62.51,112.91,77.59,57.92,38.0,19.39,CAMPO TRES [16037010],Tibú,8.5175,-72.69805556,"Río Nuevo Presidente - Tres Bocas (Sardinata, Tibu)",1981_2022,1981-01-01,2022-12-31,15340,14483,0,0,5.586701434159061,402,5.586701434159061,402,5.586701434159061,402,5.586701434159061,402,402,True
16037010,Norte De Santander,945351.15,-8092710.53,48,1/01/1981,31/12/2022,14483,5.587,746.1,187.36,1.93,0.15,2287,614.64,43.05,71.26,2.06e-05,62.51,112.91,77.59,57.92,38.0,19.39,CAMPO TRES [16037010],Tibú,8.5175,-72.69805556,"Río Nuevo Presidente - Tres Bocas (Sardinata, Tibu)",1998_2022,1998-01-01,2022-12-31,9131,14483,0,0,5.651078742744497,217,5.651078742744497,217,5.651078742744497,217,5.651078742744497,217,217,True
16037020,Norte De Santander,942058.69,-8085258.3,45,1/01/1981,23/12/2022,14472,5.609,1897.44,343.63,2.23,0.11,3607,1124.4,46.07,134.51,3.07e-05,67.86,157.9,102.53,72.01,57.08,15.08,CAMPO DOS [16037020],Tibú,8.488055556,-72.63111111,"Río Nuevo Presidente - Tres Bocas (Sardinata, Tibu)",1981_2022,1981-01-01,2022-12-31,15340,14472,0,0,5.658409387222947,401,5.658409387222947,401,5.658409387222947,401,5.658409387222947,401,401,True
16037020,Norte De Santander,942058.69,-8085258.3,45,1/01/1981,23/12/2022,14472,5.609,1897.44,343.63,2.23,0.11,3607,1124.4,46.07,134.51,3.07e-05,67.86,157.9,102.53,72.01,57.08,15.08,CAMPO DOS [16037020],Tibú,8.488055556,-72.63111111,"Río Nuevo Presidente - Tres Bocas (Sardinata, Tibu)",1998_2022,1998-01-01,2022-12-31,9131,14472,0,0,9.495126492169533,198,9.495126492169533,198,9.495126492169533,198,9.495126492169533,198,198,True
16037030,Norte De Santander,899093.44,-8103471.41,259,1/01/1981,31/12/2022,14528,5.293,926.58,200.26,1.86,0.2,3607,1874.83,259.0,68.26,7.45e-05,65.41,66.54,50.0,41.09,28.8,25.22,PUENTE SARDINATA - AUT [16037030],Sardinata,8.103611111,-72.79472222,"Río Nuevo Presidente - Tres Bocas (Sardinata, Tibu)",1981_2022,1981-01-01,2022-12-31,15340,14528,0,0,5.29335071707953,456,5.29335071707953,456,5.29335071707953,456,5.29335071707953,456,456,True
16037030,Norte De Santander,899093.44,-8103471.41,259,1/01/1981,31/12/2022,14528,5.293,926.58,200.26,1.86,0.2,3607,1874.83,259.0,68.26,7.45e-05,65.41,66.54,50.0,41.09,28.8,25.22,PUENTE SARDINATA - AUT [16037030],Sardinata,8.103611111,-72.79472222,"Río Nuevo Presidente - Tres Bocas (Sardinata, Tibu)",1998_2022,1998-01-01,2022-12-31,9131,14528,0,0,8.268535757310262,255,8.268535757310262,255,8.268535757310262,255,8.268535757310262,255,255,True
16037040,Norte De Santander,954655.87,-8104634.9,71,1/01/1981,30/09/2017,10820,19.386,321.67,119.29,1.88,0.21,1640,505.24,72.03,39.17,2.48e-05,59.3,66.3,49.85,40.99,23.28,25.12,CAMPO SEIS [16037040],Tibú,8.601111111,-72.80861111,"Río Nuevo Presidente - Tres Bocas (Sardinata, Tibu)",1981_2022,1981-01-01,2022-12-31,15340,10820,0,0,29.465449804432854,257,29.465449804432854,257,29.465449804432854,257,29.465449804432854,257,257,False
16037040,Norte De Santander,954655.87,-8104634.9,71,1/01/1981,30/09/2017,10820,19.386,321.67,119.29,1.88,0.21,1640,505.24,72.03,39.17,2.48e-05,59.3,66.3,49.85,40.99,23.28,25.12,CAMPO SEIS [16037040],Tibú,8.601111111,-72.80861111,"Río Nuevo Presidente - Tres Bocas (Sardinata, Tibu)",1998_2022,1998-01-01,2022-12-31,9131,10820,0,0,48.12178293724674,59,48.12178293724674,59,48.12178293724674,59,48.12178293724674,59,59,False
16037050,Norte De Santander,928613.71,-8080194.99,64,1/01/1984,31/07/2022,13627,3.3,425.45,143.84,1.97,0.13,2151,354.75,63.02,56.63,2.58e-05,69.06,86.73,62.32,48.8,30.57,20.5,PUENTE SAN MIGUEL [16037050],Cúcuta,8.368305556,-72.58611111,"Río Nuevo Presidente - Tres Bocas (Sardinata, Tibu)",1981_2022,1981-01-01,2022-12-31,15340,13627,0,0,11.166883963494133,351,11.166883963494133,351,11.166883963494133,351,11.166883963494133,351,351,False
16037050,Norte De Santander,928613.71,-8080194.99,64,1/01/1984,31/07/2022,13627,3.3,425.45,143.84,1.97,0.13,2151,354.75,63.02,56.63,2.58e-05,69.06,86.73,62.32,48.8,30.57,20.5,PUENTE SAN MIGUEL [16037050],Cúcuta,8.368305556,-72.58611111,"Río Nuevo Presidente - Tres Bocas (Sardinata, Tibu)",1998_2022,1998-01-01,2022-12-31,9131,13627,0,0,6.65863541780747,189,6.65863541780747,189,6.65863541780747,189,6.65863541780747,189,189,True
16047010,Norte De Santander,892328.64,-8135535.33,1428,1/01/1981,31/12/2022,15300,0.261,373.69,133.71,1.95,0.2,3518,2201.77,1417.0,43.12,4.66e-05,62.16,55.98,43.3,36.73,22.21,56.86,PUENTE ABREGO - AUT [16047010],Ábrego,8.043333333,-73.08305556,Río Tarra,1981_2022,1981-01-01,2022-12-31,15340,15300,0,0,0.2607561929595828,484,0.2607561929595828,484,0.2607561929595828,484,0.2607561929595828,484,484,True
16047010,Norte De Santander,892328.64,-8135535.33,1428,1/01/1981,31/12/2022,15300,0.261,373.69,133.71,1.95,0.2,3518,2201.77,1417.0,43.12,4.66e-05,62.16,55.98,43.3,36.73,22.21,56.86,PUENTE ABREGO - AUT [16047010],Ábrego,8.043333333,-73.08305556,Río Tarra,1998_2022,1998-01-01,2022-12-31,9131,15300,0,0,0.2190340597962983,288,0.2190340597962983,288,0.2190340597962983,288,0.2190340597962983,288,288,True
16047030,Norte De Santander,913586.36,-8131888.8,1071,1/01/1981,23/10/1999,6631,3.479,735.7,211.77,2.2,0.11,3456,1995.52,1069.0,81.6,3.4e-05,58.37,103.23,72.02,54.65,38.27,73.7,CINCHO EL [16047030],Ábrego,8.233333333,-73.05,Río Tarra,1981_2022,1981-01-01,2022-12-31,15340,6631,0,0,56.773142112125164,194,56.773142112125164,194,56.773142112125164,194,56.773142112125164,194,194,False
16047030,Norte De Santander,913586.36,-8131888.8,1071,1/01/1981,23/10/1999,6631,3.479,735.7,211.77,2.2,0.11,3456,1995.52,1069.0,81.6,3.4e-05,58.37,103.23,72.02,54.65,38.27,73.7,CINCHO EL [16047030],Ábrego,8.233333333,-73.05,Río Tarra,1998_2022,1998-01-01,2022-12-31,9131,6631,0,0,92.87044135363048,16,92.87044135363048,16,92.87044135363048,16,92.87044135363048,16,16,False
16057020,Norte De Santander,892486.85,-8147656.55,1405,1/01/1981,8/12/2006,9225,2.618,107.69,79.07,2.15,0.12,3554,1878.51,1395.99,30.41,7.79e-05,66.95,35.09,29.37,27.12,15.44,34.35,MARCELITA [16057020],Ábrego,8.044166667,-73.19194444,Río Algodonal (Alto Catatumbo),1981_2022,1981-01-01,2022-12-31,15340,9225,0,0,39.86310299869622,279,39.86310299869622,279,39.86310299869622,279,39.86310299869622,279,279,False
16057020,Norte De Santander,892486.85,-8147656.55,1405,1/01/1981,8/12/2006,9225,2.618,107.69,79.07,2.15,0.12,3554,1878.51,1395.99,30.41,7.79e-05,66.95,35.09,29.37,27.12,15.44,34.35,MARCELITA [16057020],Ábrego,8.044166667,-73.19194444,Río Algodonal (Alto Catatumbo),1998_2022,1998-01-01,2022-12-31,9131,9225,0,0,65.67736282992004,92,65.67736282992004,92,65.67736282992004,92,65.67736282992004,92,92,False
16057030,Norte De Santander,909616.62,-8161750.26,1236,1/01/1981,18/04/2022,13275,11.987,543.29,169.42,2.05,0.14,3554,1712.58,1249.02,61.59,3.63e-05,67.9,81.04,58.9,46.7,30.52,25.01,LA CABAÑA - AUT [16057030],Ocaña,8.197805556,-73.31825,Río Algodonal (Alto Catatumbo),1981_2022,1981-01-01,2022-12-31,15340,13275,0,0,13.461538461538462,371,13.461538461538462,371,13.461538461538462,371,13.461538461538462,371,371,False
16057030,Norte De Santander,909616.62,-8161750.26,1236,1/01/1981,18/04/2022,13275,11.987,543.29,169.42,2.05,0.14,3554,1712.58,1249.02,61.59,3.63e-05,67.9,81.04,58.9,46.7,30.52,25.01,LA CABAÑA - AUT [16057030],Ocaña,8.197805556,-73.31825,Río Algodonal (Alto Catatumbo),1998_2022,1998-01-01,2022-12-31,9131,13275,0,0,19.28594896506407,188,19.28594896506407,188,19.28594896506407,188,19.28594896506407,188,188,False
16057040,Norte De Santander,947766.81,-8153406.49,358,1/01/1981,31/12/2017,13013,3.707,1419.75,289.76,2.17,0.1,3554,1477.75,355.0,118.13,3.06e-05,66.6,142.88,94.36,67.49,51.71,35.18,QUINCE LETRAS - AUT [16057040],Teorama,8.541111111,-73.24611111,Río Algodonal (Alto Catatumbo),1981_2022,1981-01-01,2022-12-31,15340,13013,0,0,15.169491525423728,407,15.169491525423728,407,15.169491525423728,407,15.169491525423728,407,407,False
16057040,Norte De Santander,947766.81,-8153406.49,358,1/01/1981,31/12/2017,13013,3.707,1419.75,289.76,2.17,0.1,3554,1477.75,355.0,118.13,3.06e-05,66.6,142.88,94.36,67.49,51.71,35.18,QUINCE LETRAS - AUT [16057040],Teorama,8.541111111,-73.24611111,Río Algodonal (Alto Catatumbo),1998_2022,1998-01-01,2022-12-31,9131,13013,0,0,24.94797941079838,211,24.94797941079838,211,24.94797941079838,211,24.94797941079838,211,211,False
16057050,Norte De Santander,893135.76,-8150710.57,1399,1/01/1981,20/09/2001,6556,13.372,104.05,69.01,1.91,0.18,3386,1936.9,1401.0,24.41,0.0002,64.23,20.61,18.87,19.19,10.93,19.04,SOLEDAD LA [16057050],Ábrego,8.05,-73.21666667,Río Algodonal (Alto Catatumbo),1981_2022,1981-01-01,2022-12-31,15340,6556,0,0,57.26205997392439,162,57.26205997392439,162,57.26205997392439,162,57.26205997392439,162,162,False
16057050,Norte De Santander,893135.76,-8150710.57,1399,1/01/1981,20/09/2001,6556,13.372,104.05,69.01,1.91,0.18,3386,1936.9,1401.0,24.41,0.0002,64.23,20.61,18.87,19.19,10.93,19.04,SOLEDAD LA [16057050],Ábrego,8.05,-73.21666667,Río Algodonal (Alto Catatumbo),1998_2022,1998-01-01,2022-12-31,9131,6556,0,0,85.59851056839338,36,85.59851056839338,36,85.59851056839338,36,85.59851056839338,36,36,False
16067010,Norte De Santander,999745.65,-8115190.88,40,1/01/1981,31/12/2017,11798,12.698,5300.3,615.73,2.39,0.09,3543,1181.72,32.05,239.8,2.03e-05,62.76,288.9,169.41,106.61,95.8,14.76,PUERTO BARCO-GABARRA - AUT [16067010],Tibú,9.003611111,-72.9,Bajo Catatumbo,1981_2022,1981-01-01,2022-12-31,15340,11798,0,0,23.089960886571056,323,23.089960886571056,323,23.089960886571056,323,23.089960886571056,323,323,False
16067010,Norte De Santander,999745.65,-8115190.88,40,1/01/1981,31/12/2017,11798,12.698,5300.3,615.73,2.39,0.09,3543,1181.72,32.05,239.8,2.03e-05,62.76,288.9,169.41,106.61,95.8,14.76,PUERTO BARCO-GABARRA - AUT [16067010],Tibú,9.003611111,-72.9,Bajo Catatumbo,1998_2022,1998-01-01,2022-12-31,9131,11798,0,0,37.750520205892016,125,37.750520205892016,125,37.750520205892016,125,37.750520205892016,125,125,False
16067020,Norte De Santander,962785.55,-8120668.83,118,1/01/1981,31/12/2000,7027,3.806,4218.16,496.26,2.16,0.14,3543,1351.95,111.04,175.72,2.4e-05,62.85,213.15,131.58,87.5,73.26,31.62,CABLE EL [16067020],El Tarra,8.676388889,-72.94972222,Bajo Catatumbo,1981_2022,1981-01-01,2022-12-31,15340,7027,0,0,54.19165580182529,225,54.19165580182529,225,54.19165580182529,225,54.19165580182529,225,225,False
16067020,Norte De Santander,962785.55,-8120668.83,118,1/01/1981,31/12/2000,7027,3.806,4218.16,496.26,2.16,0.14,3543,1351.95,111.04,175.72,2.4e-05,62.85,213.15,131.58,87.5,73.26,31.62,CABLE EL [16067020],El Tarra,8.676388889,-72.94972222,Bajo Catatumbo,1998_2022,1998-01-01,2022-12-31,9131,7027,0,0,90.59248713174898,27,90.59248713174898,27,90.59248713174898,27,90.59248713174898,27,27,False
21017020,Huila,206841.84,-8486064.13,1324,1/01/1981,31/12/2022,15273,0.437,1127.46,263.31,2.21,0.19,4662,2728.43,1294.0,76.63,4.36e-05,62.78,89.38,63.9,49.77,34.81,37.03,SAN AGUSTIN [21017020],San Agustín,1.870277778,-76.23161111,Alto Magdalena,1981_2022,1981-01-01,2022-12-31,15340,15273,0,0,0.4367666232073012,494,0.4367666232073012,494,0.4367666232073012,494,0.4367666232073012,494,494,True
21017020,Huila,206841.84,-8486064.13,1324,1/01/1981,31/12/2022,15273,0.437,1127.46,263.31,2.21,0.19,4662,2728.43,1294.0,76.63,4.36e-05,62.78,89.38,63.9,49.77,34.81,37.03,SAN AGUSTIN [21017020],San Agustín,1.870277778,-76.23161111,Alto Magdalena,1998_2022,1998-01-01,2022-12-31,9131,15273,0,0,0.19713065381666847,293,0.19713065381666847,293,0.19713065381666847,293,0.19713065381666847,293,293,True
21017040,Huila,219878.66,-8461620.23,1014,1/01/1981,31/12/2022,15251,0.58,2995.37,410.59,2.12,0.22,4662,2279.34,1013.0,117.67,3.57e-05,67.89,134.38,89.67,64.85,50.1,24.05,SALADO BLANCO [21017040],Elías,1.9880833,-76.012083333,Río Timaná y otros directos al Magdalena,1981_2022,1981-01-01,2022-12-31,15340,15251,0,0,0.5801825293350718,490,0.5801825293350718,490,0.5801825293350718,490,0.5801825293350718,490,490,True
21017040,Huila,219878.66,-8461620.23,1014,1/01/1981,31/12/2022,15251,0.58,2995.37,410.59,2.12,0.22,4662,2279.34,1013.0,117.67,3.57e-05,67.89,134.38,89.67,64.85,50.1,24.05,SALADO BLANCO [21017040],Elías,1.9880833,-76.012083333,Río Timaná y otros directos al Magdalena,1998_2022,1998-01-01,2022-12-31,9131,15251,0,0,0.9747015660935274,286,0.9747015660935274,286,0.9747015660935274,286,0.9747015660935274,286,286,True
21017050,Huila,204469.37,-8466119.39,1276,1/01/1981,31/12/2021,14858,0.781,268.6,136.33,2.35,0.12,2908,1835.75,1283.04,48.19,6.15e-05,71.14,54.78,42.54,36.22,22.92,25.69,PITALITO 2 [21017050],Pitalito,1.848833333,-76.05244444,Alto Magdalena,1981_2022,1981-01-01,2022-12-31,15340,14858,0,0,3.142112125162973,479,3.142112125162973,479,3.142112125162973,479,3.142112125162973,479,479,True
21017050,Huila,204469.37,-8466119.39,1276,1/01/1981,31/12/2021,14858,0.781,268.6,136.33,2.35,0.12,2908,1835.75,1283.04,48.19,6.15e-05,71.14,54.78,42.54,36.22,22.92,25.69,PITALITO 2 [21017050],Pitalito,1.848833333,-76.05244444,Alto Magdalena,1998_2022,1998-01-01,2022-12-31,9131,14858,0,0,5.180155514182455,276,5.180155514182455,276,5.180155514182455,276,5.180155514182455,276,276,True
21017060,Huila,210683.34,-8504932.78,1686,1/09/1991,31/10/2022,11031,3.101,559.37,150.33,1.79,0.26,4436,3008.06,1683.0,46.59,7.1e-05,57.35,50.5,39.75,34.35,21.74,16.66,MAGDALENA LA [21017060],San Agustín,1.905,-76.40111111,Alto Magdalena,1981_2022,1981-01-01,2022-12-31,15340,11031,0,0,28.08996088657106,349,28.08996088657106,349,28.08996088657106,349,28.08996088657106,349,349,False
21017060,Huila,210683.34,-8504932.78,1686,1/09/1991,31/10/2022,11031,3.101,559.37,150.33,1.79,0.26,4436,3008.06,1683.0,46.59,7.1e-05,57.35,50.5,39.75,34.35,21.74,16.66,MAGDALENA LA [21017060],San Agustín,1.905,-76.40111111,Alto Magdalena,1998_2022,1998-01-01,2022-12-31,9131,11031,0,0,4.2492607600481875,276,4.2492607600481875,276,4.2492607600481875,276,4.2492607600481875,276,276,True
21027010,Huila,227076.67,-8443793.65,852,1/01/1981,31/12/2022,15212,0.834,3563.92,471.05,2.23,0.17,4662,2183.89,847.0,146.51,3.29e-05,68.58,164.16,105.9,73.86,60.1,8.98,PERICONGO [21027010],Altamira,2.053166667,-75.85188889,Río Timaná y otros directos al Magdalena,1981_2022,1981-01-01,2022-12-31,15340,15212,0,0,0.834419817470665,496,0.834419817470665,496,0.834419817470665,496,0.834419817470665,496,496,True
21027010,Huila,227076.67,-8443793.65,852,1/01/1981,31/12/2022,15212,0.834,3563.92,471.05,2.23,0.17,4662,2183.89,847.0,146.51,3.29e-05,68.58,164.16,105.9,73.86,60.1,8.98,PERICONGO [21027010],Altamira,2.053166667,-75.85188889,Río Timaná y otros directos al Magdalena,1998_2022,1998-01-01,2022-12-31,9131,15212,0,0,1.4018179826963093,292,1.4018179826963093,292,1.4018179826963093,292,1.4018179826963093,292,292,True
21037010,Huila,223955.18,-8435527.5,923,1/01/1981,31/12/2022,14550,5.15,996.44,247.34,2.21,0.13,2914,1633.76,918.0,88.31,3.42e-05,70.17,109.53,75.66,56.79,40.61,41.05,PUENTE GARCES [21037010],Altamira,2.03,-75.78,Río Suaza,1981_2022,1981-01-01,2022-12-31,15340,14550,0,0,5.14993481095176,470,5.14993481095176,470,5.14993481095176,470,5.14993481095176,470,470,True
21037010,Huila,223955.18,-8435527.5,923,1/01/1981,31/12/2022,14550,5.15,996.44,247.34,2.21,0.13,2914,1633.76,918.0,88.31,3.42e-05,70.17,109.53,75.66,56.79,40.61,41.05,PUENTE GARCES [21037010],Altamira,2.03,-75.78,Río Suaza,1998_2022,1998-01-01,2022-12-31,9131,14550,0,0,8.651845361953784,266,8.651845361953784,266,8.651845361953784,266,8.651845361953784,266,266,True
21047010,Huila,246905.03,-8421158.68,711,1/01/1981,31/12/2014,12379,0.314,5654.43,580.05,2.18,0.15,4662,1924.51,716.03,193.22,2.72e-05,69.79,218.53,134.33,88.93,76.89,34.85,PUENTE BALSEADERO [21047010],Agrado,2.232361111,-75.64855556,Ríos Directos al Magdalena (mi),1981_2022,1981-01-01,2022-12-31,15340,12379,0,0,19.302477183833116,400,19.302477183833116,400,19.302477183833116,400,19.302477183833116,400,400,False
21047010,Huila,246905.03,-8421158.68,711,1/01/1981,31/12/2014,12379,0.314,5654.43,580.05,2.18,0.15,4662,1924.51,716.03,193.22,2.72e-05,69.79,218.53,134.33,88.93,76.89,34.85,PUENTE BALSEADERO [21047010],Agrado,2.232361111,-75.64855556,Ríos Directos al Magdalena (mi),1998_2022,1998-01-01,2022-12-31,9131,12379,0,0,32.427992552841964,196,32.427992552841964,196,32.427992552841964,196,32.427992552841964,196,196,False
21057040,Cauca,282877.43,-8467540.53,1556,1/01/1981,23/02/1994,4802,0.0,425.08,165.32,2.26,0.18,3872,3020.64,1540.0,48.41,8.71e-05,64.96,48.09,38.17,33.27,21.53,25.21,BOCATOMA [21057040],Inzá,2.566666667,-76.06666667,Río Páez,1981_2022,1981-01-01,2022-12-31,15340,4802,0,0,68.69621903520209,157,68.69621903520209,157,68.69621903520209,157,68.69621903520209,157,157,False
21057040,Cauca,282877.43,-8467540.53,1556,1/01/1981,23/02/1994,4802,0.0,425.08,165.32,2.26,0.18,3872,3020.64,1540.0,48.41,8.71e-05,64.96,48.09,38.17,33.27,21.53,25.21,BOCATOMA [21057040],Inzá,2.566666667,-76.06666667,Río Páez,1998_2022,1998-01-01,2022-12-31,9131,4802,0,0,100.0,0,100.0,0,100.0,0,100.0,0,0,False
21057050,Huila,257869.91,-8453843.32,1156,1/01/1981,31/12/2022,14770,3.716,1226.15,248.49,2.0,0.18,4672,2421.47,1150.0,83.65,9.48e-05,67.08,70.92,52.71,42.82,32.1,25.89,VEGA EL SALADO  - AUT [21057050],La Plata,2.331444444,-75.94216667,Río Páez,1981_2022,1981-01-01,2022-12-31,15340,14770,0,0,3.715775749674054,480,3.715775749674054,480,3.715775749674054,480,3.715775749674054,480,480,True
21057050,Huila,257869.91,-8453843.32,1156,1/01/1981,31/12/2022,14770,3.716,1226.15,248.49,2.0,0.18,4672,2421.47,1150.0,83.65,9.48e-05,67.08,70.92,52.71,42.82,32.1,25.89,VEGA EL SALADO  - AUT [21057050],La Plata,2.331444444,-75.94216667,Río Páez,1998_2022,1998-01-01,2022-12-31,9131,14770,0,0,6.242470704194502,276,6.242470704194502,276,6.242470704194502,276,6.242470704194502,276,276,True
21057060,Huila,272097.45,-8433564.62,840,1/01/1981,31/12/2022,14376,6.284,4851.9,526.76,2.13,0.3,5413,2532.69,811.0,127.84,4.84e-05,66.45,127.34,85.75,62.63,50.35,53.65,PAICOL - AUT [21057060],Tesalia,2.46,-75.76,Río Páez,1981_2022,1981-01-01,2022-12-31,15340,14376,0,0,6.284224250325946,470,6.284224250325946,470,6.284224250325946,470,6.284224250325946,470,470,True
21057060,Huila,272097.45,-8433564.62,840,1/01/1981,31/12/2022,14376,6.284,4851.9,526.76,2.13,0.3,5413,2532.69,811.0,127.84,4.84e-05,66.45,127.34,85.75,62.63,50.35,53.65,PAICOL - AUT [21057060],Tesalia,2.46,-75.76,Río Páez,1998_2022,1998-01-01,2022-12-31,9131,14376,0,0,0.20808235680648343,297,0.20808235680648343,297,0.20808235680648343,297,0.20808235680648343,297,297,True
21057070,Cauca,284535.47,-8457197.27,1261,1/01/1981,30/04/1994,4794,1.52,1468.98,270.69,1.99,0.27,5413,2968.91,1262.0,74.11,8.37e-05,65.43,67.79,50.77,41.59,29.98,26.88,PUENTE COETANDO [21057070],Páez (Belalcázar),2.566666667,-75.98333333,Río Páez,1981_2022,1981-01-01,2022-12-31,15340,4794,0,0,68.748370273794,156,68.748370273794,156,68.748370273794,156,68.748370273794,156,156,False
21057070,Cauca,284535.47,-8457197.27,1261,1/01/1981,30/04/1994,4794,1.52,1468.98,270.69,1.99,0.27,5413,2968.91,1262.0,74.11,8.37e-05,65.43,67.79,50.77,41.59,29.98,26.88,PUENTE COETANDO [21057070],Páez (Belalcázar),2.566666667,-75.98333333,Río Páez,1998_2022,1998-01-01,2022-12-31,9131,4794,0,0,100.0,0,100.0,0,100.0,0,100.0,0,0,False
21057080,Huila,256284.67,-8456949.22,1299,1/01/1981,31/10/2022,14796,3.161,154.11,85.9,1.95,0.15,3149,2329.46,1301.0,31.61,6.75e-05,67.02,38.21,31.53,28.66,16.34,45.43,VILLALOSADA [21057080],La Plata,2.312194444,-75.97013889,Río Páez,1981_2022,1981-01-01,2022-12-31,15340,14796,0,0,3.5462842242503263,474,3.5462842242503263,474,3.5462842242503263,474,3.5462842242503263,474,474,True
21057080,Huila,256284.67,-8456949.22,1299,1/01/1981,31/10/2022,14796,3.161,154.11,85.9,1.95,0.15,3149,2329.46,1301.0,31.61,6.75e-05,67.02,38.21,31.53,28.66,16.34,45.43,VILLALOSADA [21057080],La Plata,2.312194444,-75.97013889,Río Páez,1998_2022,1998-01-01,2022-12-31,9131,14796,0,0,1.9494031321870549,282,1.9494031321870549,282,1.9494031321870549,282,1.9494031321870549,282,282,True
21057110,Cauca,248860.02,-8474585.85,1761,1/01/1994,31/12/2022,10231,3.408,290.95,136.19,2.25,0.13,4672,3018.06,1759.0,46.97,0.000197,61.53,34.34,28.85,26.74,18.02,32.2,TREBOL EL [21057110],Puracé (Coconuco),2.250027778,-76.1285,Río Páez,1981_2022,1981-01-01,2022-12-31,15340,10231,0,0,33.30508474576271,311,33.30508474576271,311,33.30508474576271,311,33.30508474576271,311,311,False
21057110,Cauca,248860.02,-8474585.85,1761,1/01/1994,31/12/2022,10231,3.408,290.95,136.19,2.25,0.13,4672,3018.06,1759.0,46.97,0.000197,61.53,34.34,28.85,26.74,18.02,32.2,TREBOL EL [21057110],Puracé (Coconuco),2.250027778,-76.1285,Río Páez,1998_2022,1998-01-01,2022-12-31,9131,10231,0,0,3.8988062643741097,267,3.8988062643741097,267,3.8988062643741097,267,3.8988062643741097,267,267,True
21057120,Cauca,260100.76,-8494983.94,3291,9/12/2000,31/12/2022,7063,12.348,50.61,59.44,2.36,0.25,4672,3691.52,3281.0,14.37,0.000707,68.61,8.43,8.98,10.74,5.75,54.23,SAN JUAN [21057120],Inzá,2.351888889,-76.313055556,Río Páez,1981_2022,1981-01-01,2022-12-31,15340,7063,0,0,53.956975228161674,208,53.956975228161674,208,53.956975228161674,208,53.956975228161674,208,208,False
21057120,Cauca,260100.76,-8494983.94,3291,9/12/2000,31/12/2022,7063,12.348,50.61,59.44,2.36,0.25,4672,3691.52,3281.0,14.37,0.000707,68.61,8.43,8.98,10.74,5.75,54.23,SAN JUAN [21057120],Inzá,2.351888889,-76.313055556,Río Páez,1998_2022,1998-01-01,2022-12-31,9131,7063,0,0,22.648121782937245,208,22.648121782937245,208,22.648121782937245,208,22.648121782937245,208,208,False
21087070,Huila,290903.47,-8410957.44,618,1/01/1981,31/12/2022,14301,6.773,493.09,164.22,2.09,0.25,3258,1474.59,614.0,44.45,4.79e-05,69.62,56.69,43.76,37.03,22.6,36.27,JARDIN EL HACIENDA [21087070],Yaguará,2.630611111,-75.55558333,Río Yaguará y Río Iquira,1981_2022,1981-01-01,2022-12-31,15340,14301,0,0,6.773142112125163,462,6.773142112125163,462,6.773142112125163,462,6.773142112125163,462,462,True
21087070,Huila,290903.47,-8410957.44,618,1/01/1981,31/12/2022,14301,6.773,493.09,164.22,2.09,0.25,3258,1474.59,614.0,44.45,4.79e-05,69.62,56.69,43.76,37.03,22.6,36.27,JARDIN EL HACIENDA [21087070],Yaguará,2.630611111,-75.55558333,Río Yaguará y Río Iquira,1998_2022,1998-01-01,2022-12-31,9131,14301,0,0,11.378819406417698,258,11.378819406417698,258,11.378819406417698,258,11.378819406417698,258,258,False
21087080,Huila,292485.22,-8408988.37,599,1/07/1983,31/12/2022,13859,3.95,671.95,172.05,1.87,0.28,3449,1421.59,598.0,48.95,4.52e-05,70.09,62.41,47.41,39.42,24.59,52.67,HACIENDA VENECIA [21087080],Yaguará,2.64,-75.54,Río Yaguará y Río Iquira,1981_2022,1981-01-01,2022-12-31,15340,13859,0,0,9.654498044328552,432,9.654498044328552,432,9.654498044328552,432,9.654498044328552,432,432,True
21087080,Huila,292485.22,-8408988.37,599,1/07/1983,31/12/2022,13859,3.95,671.95,172.05,1.87,0.28,3449,1421.59,598.0,48.95,4.52e-05,70.09,62.41,47.41,39.42,24.59,52.67,HACIENDA VENECIA [21087080],Yaguará,2.64,-75.54,Río Yaguará y Río Iquira,1998_2022,1998-01-01,2022-12-31,9131,13859,0,0,5.683933851713942,265,5.683933851713942,265,5.683933851713942,265,5.683933851713942,265,265,True
21097070,Huila,325522.14,-8383306.96,448,1/01/1981,15/02/2022,14571,2.996,15153.91,1037.25,2.38,0.15,5413,1927.7,447.0,321.87,2.13e-05,69.0,355.57,201.32,121.99,118.7,23.79,PUENTE SANTANDER AUT [21097070],Neiva,2.942611111,-75.30852778,Rio Fortalecillas y otros,1981_2022,1981-01-01,2022-12-31,15340,14571,0,0,5.0130378096479795,460,5.0130378096479795,460,5.0130378096479795,460,5.0130378096479795,460,460,False
21097070,Huila,325522.14,-8383306.96,448,1/01/1981,15/02/2022,14571,2.996,15153.91,1037.25,2.38,0.15,5413,1927.7,447.0,321.87,2.13e-05,69.0,355.57,201.32,121.99,118.7,23.79,PUENTE SANTANDER AUT [21097070],Neiva,2.942611111,-75.30852778,Rio Fortalecillas y otros,1998_2022,1998-01-01,2022-12-31,9131,14571,0,0,8.257584054320446,257,8.257584054320446,257,8.257584054320446,257,8.257584054320446,257,257,False
21097120,Huila,301808.31,-8393087.62,499,1/01/1994,9/02/2021,9677,2.272,884.86,242.66,2.3,0.15,3449,1257.24,495.02,77.38,2.95e-05,71.37,104.72,72.88,55.16,37.77,35.23,LA ESPERANZA - AUT [21097120],Palermo,2.728416667,-75.39638889,Juncal y otros Rios directos al Magdalena,1981_2022,1981-01-01,2022-12-31,15340,9677,0,0,36.91655801825293,296,36.91655801825293,296,36.91655801825293,296,36.91655801825293,296,296,False
21097120,Huila,301808.31,-8393087.62,499,1/01/1994,9/02/2021,9677,2.272,884.86,242.66,2.3,0.15,3449,1257.24,495.02,77.38,2.95e-05,71.37,104.72,72.88,55.16,37.77,35.23,LA ESPERANZA - AUT [21097120],Palermo,2.728416667,-75.39638889,Juncal y otros Rios directos al Magdalena,1998_2022,1998-01-01,2022-12-31,9131,9677,0,0,9.966049720731574,251,9.966049720731574,251,9.966049720731574,251,9.966049720731574,251,251,True
21107020,Huila,283872.8,-8390626.22,802,1/01/1981,31/12/2022,13394,12.686,617.47,190.14,2.16,0.29,3443,2020.24,704.0,45.96,0.000154,66.82,37.1,30.76,28.12,18.57,26.54,PUENTE MULAS [21107020],Campoalegre,2.566388889,-75.37427778,Rio Neiva,1981_2022,1981-01-01,2022-12-31,15340,13394,0,0,12.685788787483704,431,12.685788787483704,431,12.685788787483704,431,12.685788787483704,431,431,False
21107020,Huila,283872.8,-8390626.22,802,1/01/1981,31/12/2022,13394,12.686,617.47,190.14,2.16,0.29,3443,2020.24,704.0,45.96,0.000154,66.82,37.1,30.76,28.12,18.57,26.54,PUENTE MULAS [21107020],Campoalegre,2.566388889,-75.37427778,Rio Neiva,1998_2022,1998-01-01,2022-12-31,9131,13394,0,0,21.11488336436316,230,21.11488336436316,230,21.11488336436316,230,21.11488336436316,230,230,False
21127020,Huila,326810.83,-8406965.45,905,1/01/1981,31/10/2021,13423,9.997,300.17,116.7,1.9,0.17,3504,2286.89,893.0,41.77,0.000152,67.06,34.6,29.03,26.87,17.3,49.67,SOCORRO EL [21127020],Santa María,2.95425,-75.52105556,Río Baché,1981_2022,1981-01-01,2022-12-31,15340,13423,0,0,12.496740547588004,438,12.496740547588004,438,12.496740547588004,438,12.496740547588004,438,438,False
21127020,Huila,326810.83,-8406965.45,905,1/01/1981,31/10/2021,13423,9.997,300.17,116.7,1.9,0.17,3504,2286.89,893.0,41.77,0.000152,67.06,34.6,29.03,26.87,17.3,49.67,SOCORRO EL [21127020],Santa María,2.95425,-75.52105556,Río Baché,1998_2022,1998-01-01,2022-12-31,9131,13423,0,0,18.322199101960354,242,18.322199101960354,242,18.322199101960354,242,18.322199101960354,242,242,False
21137010,Tolima,425983.64,-8341812.62,311,1/01/1981,31/12/2022,15242,0.639,25551.84,1478.16,2.61,0.11,5413,1649.53,299.99,484.93,1.88e-05,69.38,511.73,272.47,154.53,166.0,29.44,PURIFICACION - AUT [21137010],Purificación,3.849527778,-74.93577778,"Río Aipe, Río Chenche y otros directos al Magdalena",1981_2022,1981-01-01,2022-12-31,15340,15242,0,0,0.6388526727509778,496,0.6388526727509778,496,0.6388526727509778,496,0.6388526727509778,496,496,False
21137010,Tolima,425983.64,-8341812.62,311,1/01/1981,31/12/2022,15242,0.639,25551.84,1478.16,2.61,0.11,5413,1649.53,299.99,484.93,1.88e-05,69.38,511.73,272.47,154.53,166.0,29.44,PURIFICACION - AUT [21137010],Purificación,3.849527778,-74.93577778,"Río Aipe, Río Chenche y otros directos al Magdalena",1998_2022,1998-01-01,2022-12-31,9131,15242,0,0,1.0732668930018618,292,1.0732668930018618,292,1.0732668930018618,292,1.0732668930018618,292,292,False
21137020,Tolima,427340.36,-8344005.91,325,1/01/1981,31/12/2022,13754,10.339,258.0,147.24,2.59,0.06,1276,375.86,317.0,65.23,2.12e-05,76.35,104.29,72.63,55.01,35.33,22.19,PURIFICACION 1 [21137020],Purificación,3.8626208,-74.9541656,"Río Aipe, Río Chenche y otros directos al Magdalena",1981_2022,1981-01-01,2022-12-31,15340,13754,0,0,10.338983050847457,425,10.338983050847457,425,10.338983050847457,425,10.338983050847457,425,425,False
21137020,Tolima,427340.36,-8344005.91,325,1/01/1981,31/12/2022,13754,10.339,258.0,147.24,2.59,0.06,1276,375.86,317.0,65.23,2.12e-05,76.35,104.29,72.63,55.01,35.33,22.19,PURIFICACION 1 [21137020],Purificación,3.8626208,-74.9541656,"Río Aipe, Río Chenche y otros directos al Magdalena",1998_2022,1998-01-01,2022-12-31,9131,13754,0,0,15.68283868141496,227,15.68283868141496,227,15.68283868141496,227,15.68283868141496,227,227,False
21137030,Huila,361047.81,-8376899.91,390,1/01/1981,31/12/2022,14454,5.776,661.17,198.26,2.17,0.09,3039,1385.41,389.0,86.82,4.16e-05,69.61,100.16,70.24,53.59,38.61,22.74,PUENTE CARRETERA  - AUT [21137030],Aipe,3.263416667,-75.25097222,"Río Aipe, Río Chenche y otros directos al Magdalena",1981_2022,1981-01-01,2022-12-31,15340,14454,0,0,5.775749674054759,464,5.775749674054759,464,5.775749674054759,464,5.775749674054759,464,464,True
21137030,Huila,361047.81,-8376899.91,390,1/01/1981,31/12/2022,14454,5.776,661.17,198.26,2.17,0.09,3039,1385.41,389.0,86.82,4.16e-05,69.61,100.16,70.24,53.59,38.61,22.74,PUENTE CARRETERA  - AUT [21137030],Aipe,3.263416667,-75.25097222,"Río Aipe, Río Chenche y otros directos al Magdalena",1998_2022,1998-01-01,2022-12-31,9131,14454,0,0,9.703208848976015,260,9.703208848976015,260,9.703208848976015,260,9.703208848976015,260,260,True
21137050,Tolima,380607.3,-8362320.15,405,1/01/1981,19/11/2021,14417,3.455,22325.66,1409.39,2.66,0.13,5413,1753.63,360.0,410.51,1.96e-05,69.31,442.66,241.53,140.64,145.06,81.78,ANGOSTURA  - AUT [21137050],Natagaima,3.44,-75.12,Directos Magdalena entre ríos Cabrera y Sumapaz,1981_2022,1981-01-01,2022-12-31,15340,14417,0,0,6.016949152542373,455,6.016949152542373,455,6.016949152542373,455,6.016949152542373,455,455,False
21137050,Tolima,380607.3,-8362320.15,405,1/01/1981,19/11/2021,14417,3.455,22325.66,1409.39,2.66,0.13,5413,1753.63,360.0,410.51,1.96e-05,69.31,442.66,241.53,140.64,145.06,81.78,ANGOSTURA  - AUT [21137050],Natagaima,3.44,-75.12,Directos Magdalena entre ríos Cabrera y Sumapaz,1998_2022,1998-01-01,2022-12-31,9131,14417,0,0,7.622385280911182,266,7.622385280911182,266,7.622385280911182,266,7.622385280911182,266,266,False
21147010,Huila,372797.2,-8362216.53,396,1/01/1981,31/08/2022,14607,4.015,2741.98,466.95,2.52,0.14,4041,1878.03,394.0,142.73,5.04e-05,67.8,136.51,90.85,65.52,54.33,41.84,SAN ALFONSO  - AUT [21147010],Villavieja,3.3705,-75.11416667,Río Cabrera,1981_2022,1981-01-01,2022-12-31,15340,14607,0,0,4.7783572359843545,460,4.7783572359843545,460,4.7783572359843545,460,4.7783572359843545,460,460,True
21147010,Huila,372797.2,-8362216.53,396,1/01/1981,31/08/2022,14607,4.015,2741.98,466.95,2.52,0.14,4041,1878.03,394.0,142.73,5.04e-05,67.8,136.51,90.85,65.52,54.33,41.84,SAN ALFONSO  - AUT [21147010],Villavieja,3.3705,-75.11416667,Río Cabrera,1998_2022,1998-01-01,2022-12-31,9131,14607,0,0,7.6990472018398854,257,7.6990472018398854,257,7.6990472018398854,257,7.6990472018398854,257,257,True
21147030,Huila,368148.75,-8334147.04,666,1/01/1981,31/08/2021,14622,1.555,1671.36,315.83,2.18,0.17,4041,2129.45,666.0,98.63,7.52e-05,67.97,88.01,63.08,49.27,38.02,22.23,CARRASPOSO  - AUT [21147030],Colombia,3.327527778,-74.86691667,Río Cabrera,1981_2022,1981-01-01,2022-12-31,15340,14622,0,0,4.680573663624512,447,4.680573663624512,447,4.680573663624512,447,4.680573663624512,447,447,True
21147030,Huila,368148.75,-8334147.04,666,1/01/1981,31/08/2021,14622,1.555,1671.36,315.83,2.18,0.17,4041,2129.45,666.0,98.63,7.52e-05,67.97,88.01,63.08,49.27,38.02,22.23,CARRASPOSO  - AUT [21147030],Colombia,3.327527778,-74.86691667,Río Cabrera,1998_2022,1998-01-01,2022-12-31,9131,14622,0,0,7.523819954002847,244,7.523819954002847,244,7.523819954002847,244,7.523819954002847,244,244,True
21167020,Tolima,415424.26,-8337860.68,325,1/01/1981,31/10/2002,7551,5.305,1629.18,262.52,1.83,0.21,3073,1163.44,321.0,87.17,2.07e-05,70.36,131.54,88.09,63.96,44.23,46.77,BOQUERON [21167020],Prado,3.75,-74.9,Río Prado,1981_2022,1981-01-01,2022-12-31,15340,7551,0,0,50.77574967405476,243,50.77574967405476,243,50.77574967405476,243,50.77574967405476,243,243,False
21167020,Tolima,415424.26,-8337860.68,325,1/01/1981,31/10/2002,7551,5.305,1629.18,262.52,1.83,0.21,3073,1163.44,321.0,87.17,2.07e-05,70.36,131.54,88.09,63.96,44.23,46.77,BOQUERON [21167020],Prado,3.75,-74.9,Río Prado,1998_2022,1998-01-01,2022-12-31,9131,7551,0,0,84.7990362501369,44,84.7990362501369,44,84.7990362501369,44,84.7990362501369,44,44,False
21167050,Tolima,449241.94,-8314261.05,469,1/01/1981,31/12/2022,14998,2.229,145.9,78.09,1.82,0.26,2331,998.03,467.08,23.7,6.43e-05,71.59,31.19,26.63,25.12,13.25,56.33,PUENTE CUNDAY [21167050],Cunday,4.059361111,-74.68827778,Río Prado,1981_2022,1981-01-01,2022-12-31,15340,14998,0,0,2.229465449804433,469,2.229465449804433,469,2.229465449804433,469,2.229465449804433,469,469,True
21167050,Tolima,449241.94,-8314261.05,469,1/01/1981,31/12/2022,14998,2.229,145.9,78.09,1.82,0.26,2331,998.03,467.08,23.7,6.43e-05,71.59,31.19,26.63,25.12,13.25,56.33,PUENTE CUNDAY [21167050],Cunday,4.059361111,-74.68827778,Río Prado,1998_2022,1998-01-01,2022-12-31,9131,14998,0,0,3.0774285401379915,267,3.0774285401379915,267,3.0774285401379915,267,3.0774285401379915,267,267,True
21167080,Tolima,412205.08,-8329641.69,415,1/10/1991,28/02/2021,10483,2.429,446.82,171.01,2.28,0.17,3073,1559.55,408.0,50.98,9.44e-05,68.26,48.51,38.45,33.46,22.05,64.85,LA MORA - AUT [21167080],Prado,3.725194444,-74.82644444,Río Prado,1981_2022,1981-01-01,2022-12-31,15340,10483,0,0,31.662320730117337,337,31.662320730117337,337,31.662320730117337,337,31.662320730117337,337,337,False
21167080,Tolima,412205.08,-8329641.69,415,1/10/1991,28/02/2021,10483,2.429,446.82,171.01,2.28,0.17,3073,1559.55,408.0,50.98,9.44e-05,68.26,48.51,38.45,33.46,22.05,64.85,LA MORA - AUT [21167080],Prado,3.725194444,-74.82644444,Río Prado,1998_2022,1998-01-01,2022-12-31,9131,10483,0,0,8.224728945351002,271,8.224728945351002,271,8.224728945351002,271,8.224728945351002,271,271,True
21167090,Tolima,443887.13,-8317684.13,450,1/08/1992,31/12/2019,9845,1.688,341.47,138.2,2.11,0.34,2577,1015.61,444.01,31.95,4.19e-05,70.94,46.26,36.96,32.45,18.03,63.96,HACIENDA EL RUBY [21167090],Cunday,4.011055556,-74.71902778,Río Prado,1981_2022,1981-01-01,2022-12-31,15340,9845,0,0,35.82138200782269,310,35.82138200782269,310,35.82138200782269,310,35.82138200782269,310,310,False
21167090,Tolima,443887.13,-8317684.13,450,1/08/1992,31/12/2019,9845,1.688,341.47,138.2,2.11,0.34,2577,1015.61,444.01,31.95,4.19e-05,70.94,46.26,36.96,32.45,18.03,63.96,HACIENDA EL RUBY [21167090],Cunday,4.011055556,-74.71902778,Río Prado,1998_2022,1998-01-01,2022-12-31,9131,9845,0,0,13.85390428211587,245,13.85390428211587,245,13.85390428211587,245,13.85390428211587,245,245,False
21167100,Tolima,430875.58,-8322795.54,411,6/04/1998,23/04/2010,4244,3.567,150.05,82.14,1.89,0.21,2459,1185.03,402.0,27.07,0.000128,69.43,26.47,23.24,22.58,12.86,34.36,ESPERANZA FINCA [21167100],Cunday,3.893666667,-74.76494444,Río Prado,1981_2022,1981-01-01,2022-12-31,15340,4244,0,0,72.33376792698827,134,72.33376792698827,134,72.33376792698827,134,72.33376792698827,134,134,False
21167100,Tolima,430875.58,-8322795.54,411,6/04/1998,23/04/2010,4244,3.567,150.05,82.14,1.89,0.21,2459,1185.03,402.0,27.07,0.000128,69.43,26.47,23.24,22.58,12.86,34.36,ESPERANZA FINCA [21167100],Cunday,3.893666667,-74.76494444,Río Prado,1998_2022,1998-01-01,2022-12-31,9131,4244,0,0,53.520972511225494,134,53.520972511225494,134,53.520972511225494,134,53.520972511225494,134,134,False
21187020,Tolima,467328.75,-8371012.34,751,1/01/1981,28/02/2021,14333,2.291,141.73,82.67,1.96,0.15,3416,1594.42,732.0,30.93,0.000194,72.32,25.02,22.17,21.77,13.15,34.14,PAVO REAL [21187020],Valle De San Juan,4.22264742,-75.19834152,Río Luisa y otros directos al Magdalena,1981_2022,1981-01-01,2022-12-31,15340,14333,0,0,6.5645371577574965,459,6.5645371577574965,459,6.5645371577574965,459,6.5645371577574965,459,459,True
21187020,Tolima,467328.75,-8371012.34,751,1/01/1981,28/02/2021,14333,2.291,141.73,82.67,1.96,0.15,3416,1594.42,732.0,30.93,0.000194,72.32,25.02,22.17,21.77,13.15,34.14,PAVO REAL [21187020],Valle De San Juan,4.22264742,-75.19834152,Río Luisa y otros directos al Magdalena,1998_2022,1998-01-01,2022-12-31,9131,14333,0,0,10.699813821049172,256,10.699813821049172,256,10.699813821049172,256,10.699813821049172,256,256,False
21187030,Tolima,468388.27,-8359283.6,585,1/01/1981,28/02/2021,13810,5.856,296.04,132.22,2.17,0.11,3416,1245.14,589.0,52.87,6.36e-05,71.16,58.1,44.66,37.62,24.44,43.11,CUCUNUBA  - AUT [21187030],Valle De San Juan,4.231946,-75.092981,Río Luisa y otros directos al Magdalena,1981_2022,1981-01-01,2022-12-31,15340,13810,0,0,9.973924380704041,433,9.973924380704041,433,9.973924380704041,433,9.973924380704041,433,433,True
21187030,Tolima,468388.27,-8359283.6,585,1/01/1981,28/02/2021,13810,5.856,296.04,132.22,2.17,0.11,3416,1245.14,589.0,52.87,6.36e-05,71.16,58.1,44.66,37.62,24.44,43.11,CUCUNUBA  - AUT [21187030],Valle De San Juan,4.231946,-75.092981,Río Luisa y otros directos al Magdalena,1998_2022,1998-01-01,2022-12-31,9131,13810,0,0,14.740992224290878,235,14.740992224290878,235,14.740992224290878,235,14.740992224290878,235,235,False
21197010,Cundinamarca,443957.95,-8293796.82,1809,1/01/1981,31/12/2022,14999,2.223,946.43,234.81,2.15,0.24,4380,3304.78,1775.0,62.32,0.00012,69.23,51.64,40.5,34.85,24.54,23.38,EL PROFUNDO [21197010],Cabrera,4.011694,-74.504444,Río Sumapaz,1981_2022,1981-01-01,2022-12-31,15340,14999,0,0,2.2229465449804433,461,2.2229465449804433,461,2.2229465449804433,461,2.2229465449804433,461,461,True
21197010,Cundinamarca,443957.95,-8293796.82,1809,1/01/1981,31/12/2022,14999,2.223,946.43,234.81,2.15,0.24,4380,3304.78,1775.0,62.32,0.00012,69.23,51.64,40.5,34.85,24.54,23.38,EL PROFUNDO [21197010],Cabrera,4.011694,-74.504444,Río Sumapaz,1998_2022,1998-01-01,2022-12-31,9131,14999,0,0,3.2417040849852157,260,3.2417040849852157,260,3.2417040849852157,260,3.2417040849852157,260,260,True
21197030,Tolima,463974.72,-8293382.46,711,1/01/1981,31/12/2022,13777,10.189,1173.39,259.93,2.14,0.14,4380,3078.15,703.0,91.81,9.84e-05,68.9,75.11,55.29,44.45,34.21,65.85,LA PLAYA [21197030],Icononzo,4.19225,-74.500722222,Río Sumapaz,1981_2022,1981-01-01,2022-12-31,15340,13777,0,0,10.189048239895698,393,10.189048239895698,393,10.189048239895698,393,10.189048239895698,393,393,False
21197030,Tolima,463974.72,-8293382.46,711,1/01/1981,31/12/2022,13777,10.189,1173.39,259.93,2.14,0.14,4380,3078.15,703.0,91.81,9.84e-05,68.9,75.11,55.29,44.45,34.21,65.85,LA PLAYA [21197030],Icononzo,4.19225,-74.500722222,Río Sumapaz,1998_2022,1998-01-01,2022-12-31,9131,13777,0,0,15.409046106669589,197,15.409046106669589,197,15.409046106669589,197,15.409046106669589,197,197,False
21197110,Cundinamarca,487351.01,-8280534.34,1474,1/01/1981,31/12/2022,14936,2.634,160.12,73.72,1.64,0.27,3104,2321.65,1469.0,24.24,0.000179,74.62,21.38,19.46,19.66,11.1,33.48,SILVANIA [21197110],Silvania,4.403055556,-74.385305556,Río Sumapaz,1981_2022,1981-01-01,2022-12-31,15340,14936,0,0,2.6336375488917865,467,2.6336375488917865,467,2.6336375488917865,467,2.6336375488917865,467,467,True
21197110,Cundinamarca,487351.01,-8280534.34,1474,1/01/1981,31/12/2022,14936,2.634,160.12,73.72,1.64,0.27,3104,2321.65,1469.0,24.24,0.000179,74.62,21.38,19.46,19.66,11.1,33.48,SILVANIA [21197110],Silvania,4.403055556,-74.385305556,Río Sumapaz,1998_2022,1998-01-01,2022-12-31,9131,14936,0,0,4.424488007885226,263,4.424488007885226,263,4.424488007885226,263,4.424488007885226,263,263,True
21197150,Tolima,468443.71,-8306722.25,352,1/01/1981,31/12/2019,13192,7.386,2439.63,371.92,2.12,0.18,4380,2565.71,345.0,116.8,7.57e-05,70.25,100.01,70.15,53.53,43.18,8.4,EL LIMONAR [21197150],Melgar,4.232555556,-74.62055556,Río Sumapaz,1981_2022,1981-01-01,2022-12-31,15340,13192,0,0,14.002607561929596,367,14.002607561929596,367,14.002607561929596,367,14.002607561929596,367,367,False
21197150,Tolima,468443.71,-8306722.25,352,1/01/1981,31/12/2019,13192,7.386,2439.63,371.92,2.12,0.18,4380,2565.71,345.0,116.8,7.57e-05,70.25,100.01,70.15,53.53,43.18,8.4,EL LIMONAR [21197150],Melgar,4.232555556,-74.62055556,Río Sumapaz,1998_2022,1998-01-01,2022-12-31,9131,13192,0,0,23.45854780418355,165,23.45854780418355,165,23.45854780418355,165,23.45854780418355,165,165,False
21207960,Cundinamarca,493096.76,-8305383.32,387,1/01/1981,28/12/2015,11588,9.327,5420.44,704.35,2.7,0.08,3966,2544.82,379.0,267.12,1.88e-05,75.63,323.03,185.89,114.62,105.46,40.99,PUENTE PORTILLO [21207960],Tocaima,4.454861111,-74.60852778,Río Bogotá,1981_2022,1981-01-01,2022-12-31,15340,11588,0,0,24.458930899608866,352,24.458930899608866,352,24.458930899608866,352,24.458930899608866,352,352,False
21207960,Cundinamarca,493096.76,-8305383.32,387,1/01/1981,28/12/2015,11588,9.327,5420.44,704.35,2.7,0.08,3966,2544.82,379.0,267.12,1.88e-05,75.63,323.03,185.89,114.62,105.46,40.99,PUENTE PORTILLO [21207960],Tocaima,4.454861111,-74.60852778,Río Bogotá,1998_2022,1998-01-01,2022-12-31,9131,11588,0,0,40.7512868251013,149,40.7512868251013,149,40.7512868251013,149,40.7512868251013,149,149,False
21217180,Tolima,496113.06,-8380805.37,1471,1/01/1981,31/12/2020,14211,2.731,166.01,80.33,1.76,0.21,5243,2904.88,1459.0,28.04,0.00012,66.63,27.92,24.29,23.38,13.38,34.52,MONTEZUMA AUT [21217180],Ibagué,4.4819444,-75.28611111,Río Coello,1981_2022,1981-01-01,2022-12-31,15340,14211,0,0,7.359843546284224,458,7.359843546284224,458,7.359843546284224,458,7.359843546284224,458,458,True
21217180,Tolima,496113.06,-8380805.37,1471,1/01/1981,31/12/2020,14211,2.731,166.01,80.33,1.76,0.21,5243,2904.88,1459.0,28.04,0.00012,66.63,27.92,24.29,23.38,13.38,34.52,MONTEZUMA AUT [21217180],Ibagué,4.4819444,-75.28611111,Río Coello,1998_2022,1998-01-01,2022-12-31,9131,14211,0,0,12.320665863541782,256,12.320665863541782,256,12.320665863541782,256,12.320665863541782,256,256,False
21217200,Tolima,475990.1,-8371955.47,889,1/01/1985,30/06/2022,12932,5.571,1102.76,241.41,2.05,0.18,4797,2649.91,788.0,78.97,5.78e-05,68.61,82.06,59.51,47.08,33.75,18.1,EL CARMEN [21217200],Rovira,4.2977778,-75.20416667,Río Coello,1981_2022,1981-01-01,2022-12-31,15340,12932,0,0,15.697522816166884,424,15.697522816166884,424,15.697522816166884,424,15.697522816166884,424,424,False
21217200,Tolima,475990.1,-8371955.47,889,1/01/1985,30/06/2022,12932,5.571,1102.76,241.41,2.05,0.18,4797,2649.91,788.0,78.97,5.78e-05,68.61,82.06,59.51,47.08,33.75,18.1,EL CARMEN [21217200],Rovira,4.2977778,-75.20416667,Río Coello,1998_2022,1998-01-01,2022-12-31,9131,12932,0,0,10.371262731354726,268,10.371262731354726,268,10.371262731354726,268,10.371262731354726,268,268,False
21217280,Tolima,491065.83,-8398603.5,1921,1/01/1993,20/04/2019,8313,13.46,81.8,54.17,1.69,0.25,3847,2870.7,1903.0,18.24,0.000197,68.63,16.57,15.74,16.66,8.78,59.5,PUENTE LA BOLIVAR [21217280],Cajamarca,4.43655,-75.44593889,Río Coello,1981_2022,1981-01-01,2022-12-31,15340,8313,0,0,45.80834419817471,256,45.80834419817471,256,45.80834419817471,256,45.80834419817471,256,256,False
21217280,Tolima,491065.83,-8398603.5,1921,1/01/1993,20/04/2019,8313,13.46,81.8,54.17,1.69,0.25,3847,2870.7,1903.0,18.24,0.000197,68.63,16.57,15.74,16.66,8.78,59.5,PUENTE LA BOLIVAR [21217280],Cajamarca,4.43655,-75.44593889,Río Coello,1998_2022,1998-01-01,2022-12-31,9131,8313,0,0,24.36753915233819,210,24.36753915233819,210,24.36753915233819,210,24.36753915233819,210,210,False
21237010,Cundinamarca,485656.63,-8330969.8,258,1/01/1981,31/12/2022,15308,0.209,48231.26,2146.63,2.76,0.14,5413,1829.5,260.04,588.29,1.75e-05,69.97,609.99,315.29,173.2,194.82,68.96,NARINO - AUT [21237010],Nariño,4.387777778,-74.838375,Río Opía,1981_2022,1981-01-01,2022-12-31,15340,15308,0,0,0.20860495436766624,495,0.20860495436766624,495,0.20860495436766624,495,0.20860495436766624,495,495,False
21237010,Cundinamarca,485656.63,-8330969.8,258,1/01/1981,31/12/2022,15308,0.209,48231.26,2146.63,2.76,0.14,5413,1829.5,260.04,588.29,1.75e-05,69.97,609.99,315.29,173.2,194.82,68.96,NARINO - AUT [21237010],Nariño,4.387777778,-74.838375,Río Opía,1998_2022,1998-01-01,2022-12-31,9131,15308,0,0,0.3395027926842624,292,0.3395027926842624,292,0.3395027926842624,292,0.3395027926842624,292,292,False
21237020,Cundinamarca,576056.13,-8318639.62,237,1/01/1981,31/12/2014,12360,0.467,54574.42,2239.3,2.7,0.1,5413,1765.76,209.01,728.16,1.65e-05,70.32,735.27,368.25,195.53,231.68,32.41,ARRANCAPLUMAS  - AUT [21237020],Guaduas,5.202416667,-74.72761111,Río Seco y otros Directos al Magdalena,1981_2022,1981-01-01,2022-12-31,15340,12360,0,0,19.426336375488916,400,19.426336375488916,400,19.426336375488916,400,19.426336375488916,400,400,False
21237020,Cundinamarca,576056.13,-8318639.62,237,1/01/1981,31/12/2014,12360,0.467,54574.42,2239.3,2.7,0.1,5413,1765.76,209.01,728.16,1.65e-05,70.32,735.27,368.25,195.53,231.68,32.41,ARRANCAPLUMAS  - AUT [21237020],Guaduas,5.202416667,-74.72761111,Río Seco y otros Directos al Magdalena,1998_2022,1998-01-01,2022-12-31,9131,12360,0,0,32.63607490964845,196,32.63607490964845,196,32.63607490964845,196,32.63607490964845,196,196,False
21247040,Tolima,519409.28,-8344301.85,522,1/01/1988,28/02/2003,5119,7.566,414.84,181.44,2.51,0.08,5244,3039.56,519.0,70.83,0.000123,75.77,56.5,43.64,36.95,26.94,22.58,BOCATOMA [21247040],Venadillo,4.692055556,-74.95813889,Río Totare,1981_2022,1981-01-01,2022-12-31,15340,5119,0,0,66.6297262059974,165,66.6297262059974,165,66.6297262059974,165,66.6297262059974,165,165,False
21247040,Tolima,519409.28,-8344301.85,522,1/01/1988,28/02/2003,5119,7.566,414.84,181.44,2.51,0.08,5244,3039.56,519.0,70.83,0.000123,75.77,56.5,43.64,36.95,26.94,22.58,BOCATOMA [21247040],Venadillo,4.692055556,-74.95813889,Río Totare,1998_2022,1998-01-01,2022-12-31,9131,5119,0,0,79.36699156718869,61,79.36699156718869,61,79.36699156718869,61,79.36699156718869,61,61,False
21247050,Tolima,519409.28,-8344301.85,522,1/01/1981,13/11/2008,9863,3.104,414.93,173.97,2.41,0.08,5244,3040.33,519.0,70.79,0.000123,75.76,56.41,43.58,36.91,26.91,46.48,BOCATOMA [21247050],Venadillo,4.692055556,-74.95813889,Río Totare,1981_2022,1981-01-01,2022-12-31,15340,9863,0,0,35.70404172099087,306,35.70404172099087,306,35.70404172099087,306,35.70404172099087,306,306,False
21247050,Tolima,519409.28,-8344301.85,522,1/01/1981,13/11/2008,9863,3.104,414.93,173.97,2.41,0.08,5244,3040.33,519.0,70.79,0.000123,75.76,56.41,43.58,36.91,26.91,46.48,BOCATOMA [21247050],Venadillo,4.692055556,-74.95813889,Río Totare,1998_2022,1998-01-01,2022-12-31,9131,9863,0,0,59.9824772752163,102,59.9824772752163,102,59.9824772752163,102,59.9824772752163,102,102,False
21257070,Tolima,555794.68,-8336815.62,282,1/01/1981,31/12/2022,14236,7.197,342.89,123.74,1.88,0.29,2334,891.04,284.03,34.28,3.82e-05,73.24,50.6,39.82,34.39,19.36,35.08,PUENTE SAN FRANCISCO  - AUT [21257070],Armero (Guayabal),5.019252,-74.890908,Río Lagunilla y Otros Directos al Magdalena,1981_2022,1981-01-01,2022-12-31,15340,14236,0,0,7.196870925684486,447,7.196870925684486,447,7.196870925684486,447,7.196870925684486,447,447,True
21257070,Tolima,555794.68,-8336815.62,282,1/01/1981,31/12/2022,14236,7.197,342.89,123.74,1.88,0.29,2334,891.04,284.03,34.28,3.82e-05,73.24,50.6,39.82,34.39,19.36,35.08,PUENTE SAN FRANCISCO  - AUT [21257070],Armero (Guayabal),5.019252,-74.890908,Río Lagunilla y Otros Directos al Magdalena,1998_2022,1998-01-01,2022-12-31,9131,14236,0,0,6.855766071624138,262,6.855766071624138,262,6.855766071624138,262,6.855766071624138,262,262,True
21257100,Tolima,530841.18,-8345838.68,517,1/01/1981,31/12/2020,13815,5.441,650.8,196.12,2.17,0.12,5282,2575.04,511.0,73.85,7.47e-05,75.43,70.63,52.54,42.71,30.56,23.82,LA NUEVA - AUT [21257100],Venadillo,4.795083333,-74.97194444,Río Lagunilla y Otros Directos al Magdalena,1981_2022,1981-01-01,2022-12-31,15340,13815,0,0,9.941329856584094,448,9.941329856584094,448,9.941329856584094,448,9.941329856584094,448,448,True
21257100,Tolima,530841.18,-8345838.68,517,1/01/1981,31/12/2020,13815,5.441,650.8,196.12,2.17,0.12,5282,2575.04,511.0,73.85,7.47e-05,75.43,70.63,52.54,42.71,30.56,23.82,LA NUEVA - AUT [21257100],Venadillo,4.795083333,-74.97194444,Río Lagunilla y Otros Directos al Magdalena,1998_2022,1998-01-01,2022-12-31,9131,13815,0,0,16.186617018946446,246,16.186617018946446,246,16.186617018946446,246,16.186617018946446,246,246,False
21257110,Tolima,567537.59,-8338377.18,373,1/01/1990,31/12/2019,10724,2.126,52.41,46.7,1.82,0.21,1266,696.68,372.0,15.87,9.64e-05,73.09,19.59,18.1,18.58,9.05,25.18,LUMBI [21257110],Falan,5.131389,-74.90722,Río Lagunilla y Otros Directos al Magdalena,1981_2022,1981-01-01,2022-12-31,15340,10724,0,0,30.091264667535857,339,30.091264667535857,339,30.091264667535857,339,30.091264667535857,339,339,False
21257110,Tolima,567537.59,-8338377.18,373,1/01/1990,31/12/2019,10724,2.126,52.41,46.7,1.82,0.21,1266,696.68,372.0,15.87,9.64e-05,73.09,19.59,18.1,18.58,9.05,25.18,LUMBI [21257110],Falan,5.131389,-74.90722,Río Lagunilla y Otros Directos al Magdalena,1998_2022,1998-01-01,2022-12-31,9131,10724,0,0,14.554813273464024,243,14.554813273464024,243,14.554813273464024,243,14.554813273464024,243,243,False
21257120,Tolima,546945.6,-8358958.92,1210,1/01/1988,31/12/2019,10686,8.573,175.51,96.42,2.05,0.14,5290,2937.6,1210.0,35.25,0.00012,74.62,33.26,28.1,26.19,15.91,52.98,PUENTE GATO NEGRO  - AUT [21257120],Villahermosa,4.940194444,-75.08980556,Río Lagunilla y Otros Directos al Magdalena,1981_2022,1981-01-01,2022-12-31,15340,10686,0,0,30.338983050847457,338,30.338983050847457,338,30.338983050847457,338,30.338983050847457,338,338,False
21257120,Tolima,546945.6,-8358958.92,1210,1/01/1988,31/12/2019,10686,8.573,175.51,96.42,2.05,0.14,5290,2937.6,1210.0,35.25,0.00012,74.62,33.26,28.1,26.19,15.91,52.98,PUENTE GATO NEGRO  - AUT [21257120],Villahermosa,4.940194444,-75.08980556,Río Lagunilla y Otros Directos al Magdalena,1998_2022,1998-01-01,2022-12-31,9131,10686,0,0,17.960792903296465,241,17.960792903296465,241,17.960792903296465,241,17.960792903296465,241,241,False
22017010,Tolima,384139.9,-8423205.72,756,1/01/1981,30/01/2018,13332,1.565,654.92,176.12,1.94,0.2,4622,2955.91,755.0,56.87,7.42e-05,65.36,57.91,44.55,37.55,25.09,37.55,BOCAS [22017010],Rioblanco,3.471888889,-75.66694444,Alto Saldaña,1981_2022,1981-01-01,2022-12-31,15340,13332,0,0,13.089960886571056,425,13.089960886571056,425,13.089960886571056,425,13.089960886571056,425,425,False
22017010,Tolima,384139.9,-8423205.72,756,1/01/1981,30/01/2018,13332,1.565,654.92,176.12,1.94,0.2,4622,2955.91,755.0,56.87,7.42e-05,65.36,57.91,44.55,37.55,25.09,37.55,BOCAS [22017010],Rioblanco,3.471888889,-75.66694444,Alto Saldaña,1998_2022,1998-01-01,2022-12-31,9131,13332,0,0,21.991019603548352,221,21.991019603548352,221,21.991019603548352,221,21.991019603548352,221,221,False
22017020,Tolima,380438.06,-8425391.92,814,1/01/1981,31/12/2020,13779,5.688,1633.72,259.14,1.81,0.29,4492,2871.57,813.0,75.63,7.65e-05,64.94,71.26,52.93,42.96,30.97,29.4,SARDINAS LAS [22017020],Rioblanco,3.438472222,-75.68658333,Alto Saldaña,1981_2022,1981-01-01,2022-12-31,15340,13779,0,0,10.176010430247718,441,10.176010430247718,441,10.176010430247718,441,10.176010430247718,441,441,False
22017020,Tolima,380438.06,-8425391.92,814,1/01/1981,31/12/2020,13779,5.688,1633.72,259.14,1.81,0.29,4492,2871.57,813.0,75.63,7.65e-05,64.94,71.26,52.93,42.96,30.97,29.4,SARDINAS LAS [22017020],Rioblanco,3.438472222,-75.68658333,Alto Saldaña,1998_2022,1998-01-01,2022-12-31,9131,13779,0,0,17.095608367101082,237,17.095608367101082,237,17.095608367101082,237,17.095608367101082,237,237,False
22017030,Tolima,384253.76,-8423051.12,764,1/01/1985,23/05/2019,12315,1.958,106.83,70.39,1.92,0.1,3454,1783.99,756.0,32.91,0.00017,68.5,27.64,24.09,23.23,14.15,36.73,BOCAS [22017030],Rioblanco,3.472916667,-75.66555556,Alto Saldaña,1981_2022,1981-01-01,2022-12-31,15340,12315,0,0,19.71968709256845,399,19.71968709256845,399,19.71968709256845,399,19.71968709256845,399,399,False
22017030,Tolima,384253.76,-8423051.12,764,1/01/1985,23/05/2019,12315,1.958,106.83,70.39,1.92,0.1,3454,1783.99,756.0,32.91,0.00017,68.5,27.64,24.09,23.23,14.15,36.73,BOCAS [22017030],Rioblanco,3.472916667,-75.66555556,Alto Saldaña,1998_2022,1998-01-01,2022-12-31,9131,12315,0,0,17.12846347607053,243,17.12846347607053,243,17.12846347607053,243,17.12846347607053,243,243,False
22027010,Tolima,368231.83,-8417213.03,761,1/01/1981,31/12/2022,14550,5.15,1386.89,281.96,2.14,0.14,4435,2645.33,760.0,101.26,5.87e-05,64.99,98.82,69.46,53.12,40.66,41.09,CONDOR EL [22027010],Ataco,3.328277778,-75.61311111,Río Atá,1981_2022,1981-01-01,2022-12-31,15340,14550,0,0,5.14993481095176,470,5.14993481095176,470,5.14993481095176,470,5.14993481095176,470,470,True
22027010,Tolima,368231.83,-8417213.03,761,1/01/1981,31/12/2022,14550,5.15,1386.89,281.96,2.14,0.14,4435,2645.33,760.0,101.26,5.87e-05,64.99,98.82,69.46,53.12,40.66,41.09,CONDOR EL [22027010],Ataco,3.328277778,-75.61311111,Río Atá,1998_2022,1998-01-01,2022-12-31,9131,14550,0,0,4.260212463038003,280,4.260212463038003,280,4.260212463038003,280,4.260212463038003,280,280,True
22027020,Tolima,345835.25,-8421953.38,1211,1/01/1981,31/12/2022,15082,1.682,919.26,225.74,2.1,0.18,4435,2993.11,1211.0,71.22,6.87e-05,63.01,70.91,52.71,42.82,30.2,36.6,GAITANIA [22027020],Planadas,3.126055556,-75.65569444,Río Atá,1981_2022,1981-01-01,2022-12-31,15340,15082,0,0,1.6818774445893092,481,1.6818774445893092,481,1.6818774445893092,481,1.6818774445893092,481,481,True
22027020,Tolima,345835.25,-8421953.38,1211,1/01/1981,31/12/2022,15082,1.682,919.26,225.74,2.1,0.18,4435,2993.11,1211.0,71.22,6.87e-05,63.01,70.91,52.71,42.82,30.2,36.6,GAITANIA [22027020],Planadas,3.126055556,-75.65569444,Río Atá,1998_2022,1998-01-01,2022-12-31,9131,15082,0,0,2.8255393713722485,277,2.8255393713722485,277,2.8255393713722485,277,2.8255393713722485,277,277,True
22057010,Tolima,432507.31,-8360458.64,350,1/01/1981,31/12/2020,14039,3.908,7772.34,670.21,2.14,0.15,4622,2124.49,339.0,228.66,2.76e-05,66.65,247.25,148.85,96.36,87.13,69.26,PIEDRAS DE COBRE  - AUT [22057010],Coyaima,3.90865,-75.104,Bajo Saldaña,1981_2022,1981-01-01,2022-12-31,15340,14039,0,0,8.481095176010431,430,8.481095176010431,430,8.481095176010431,430,8.481095176010431,430,430,True
22057010,Tolima,432507.31,-8360458.64,350,1/01/1981,31/12/2020,14039,3.908,7772.34,670.21,2.14,0.15,4622,2124.49,339.0,228.66,2.76e-05,66.65,247.25,148.85,96.36,87.13,69.26,PIEDRAS DE COBRE  - AUT [22057010],Coyaima,3.90865,-75.104,Bajo Saldaña,1998_2022,1998-01-01,2022-12-31,9131,14039,0,0,14.248165589749206,226,14.248165589749206,226,14.248165589749206,226,14.248165589749206,226,226,False
22057040,Tolima,406550.78,-8383031.76,425,1/01/1981,28/02/2021,14246,2.884,6240.91,572.22,2.04,0.2,4622,2384.26,425.0,177.86,3.38e-05,66.12,188.47,118.78,80.78,69.26,38.07,PALMALARGA [22057040],Chaparral,3.674166667,-75.30605556,Bajo Saldaña,1981_2022,1981-01-01,2022-12-31,15340,14246,0,0,7.1316818774445885,422,7.1316818774445885,422,7.1316818774445885,422,7.1316818774445885,422,422,True
22057040,Tolima,406550.78,-8383031.76,425,1/01/1981,28/02/2021,14246,2.884,6240.91,572.22,2.04,0.2,4622,2384.26,425.0,177.86,3.38e-05,66.12,188.47,118.78,80.78,69.26,38.07,PALMALARGA [22057040],Chaparral,3.674166667,-75.30605556,Bajo Saldaña,1998_2022,1998-01-01,2022-12-31,9131,14246,0,0,10.973606395794546,221,10.973606395794546,221,10.973606395794546,221,10.973606395794546,221,221,False
22057050,Tolima,383210.58,-8407209.73,581,1/01/1981,31/12/2022,14297,6.799,172.87,88.72,1.9,0.14,2026,1293.43,576.0,35.34,6.08e-05,73.08,43.32,35.0,31.1,18.14,30.1,PUENTE LA HAMACA [22057050],Ataco,3.4635,-75.52325,Medio Saldaña,1981_2022,1981-01-01,2022-12-31,15340,14297,0,0,6.7992177314211215,454,6.7992177314211215,454,6.7992177314211215,454,6.7992177314211215,454,454,True
22057050,Tolima,383210.58,-8407209.73,581,1/01/1981,31/12/2022,14297,6.799,172.87,88.72,1.9,0.14,2026,1293.43,576.0,35.34,6.08e-05,73.08,43.32,35.0,31.1,18.14,30.1,PUENTE LA HAMACA [22057050],Ataco,3.4635,-75.52325,Medio Saldaña,1998_2022,1998-01-01,2022-12-31,9131,14297,0,0,9.407512868251013,256,9.407512868251013,256,9.407512868251013,256,9.407512868251013,256,256,True
22057060,Tolima,385189.24,-8400944.92,538,1/01/1981,31/12/2022,13509,11.936,4423.12,440.96,1.87,0.23,4622,2550.72,530.0,137.67,4.4e-05,65.97,139.84,92.69,66.55,54.23,69.73,LA MURALLA - AUT [22057060],Ataco,3.481361111,-75.46697222,Medio Saldaña,1981_2022,1981-01-01,2022-12-31,15340,13509,0,0,11.936114732724903,409,11.936114732724903,409,11.936114732724903,409,11.936114732724903,409,409,False
22057060,Tolima,385189.24,-8400944.92,538,1/01/1981,31/12/2022,13509,11.936,4423.12,440.96,1.87,0.23,4622,2550.72,530.0,137.67,4.4e-05,65.97,139.84,92.69,66.55,54.23,69.73,LA MURALLA - AUT [22057060],Ataco,3.481361111,-75.46697222,Medio Saldaña,1998_2022,1998-01-01,2022-12-31,9131,13509,0,0,20.052568174351112,205,20.052568174351112,205,20.052568174351112,205,20.052568174351112,205,205,False
22057070,Tolima,419389.63,-8371522.56,366,1/01/1984,30/07/2022,13042,7.444,6447.36,628.58,2.21,0.16,4622,2327.65,364.05,203.52,3.06e-05,65.94,217.32,133.71,88.61,78.21,15.66,PUENTE COLACHE [22057070],Coyaima,3.790027778,-75.20266667,Bajo Saldaña,1981_2022,1981-01-01,2022-12-31,15340,13042,0,0,14.98044328552803,405,14.98044328552803,405,14.98044328552803,405,14.98044328552803,405,405,False
22057070,Tolima,419389.63,-8371522.56,366,1/01/1984,30/07/2022,13042,7.444,6447.36,628.58,2.21,0.16,4622,2327.65,364.05,203.52,3.06e-05,65.94,217.32,133.71,88.61,78.21,15.66,PUENTE COLACHE [22057070],Coyaima,3.790027778,-75.20266667,Bajo Saldaña,1998_2022,1998-01-01,2022-12-31,9131,13042,0,0,7.151462052349141,255,7.151462052349141,255,7.151462052349141,255,7.151462052349141,255,255,True
22057080,Tolima,407848.7,-8382631.29,428,1/11/1984,31/10/2002,6571,0.046,6242.4,593.72,2.12,0.19,4622,2382.36,413.99,179.37,3.38e-05,66.12,189.8,119.48,81.15,69.73,26.33,PUENTE CARRETERA [22057080],Coyaima,3.683333333,-75.3,Bajo Saldaña,1981_2022,1981-01-01,2022-12-31,15340,6571,0,0,57.16427640156454,215,57.16427640156454,215,57.16427640156454,215,57.16427640156454,215,215,False
22057080,Tolima,407848.7,-8382631.29,428,1/11/1984,31/10/2002,6571,0.046,6242.4,593.72,2.12,0.19,4622,2382.36,413.99,179.37,3.38e-05,66.12,189.8,119.48,81.15,69.73,26.33,PUENTE CARRETERA [22057080],Coyaima,3.683333333,-75.3,Bajo Saldaña,1998_2022,1998-01-01,2022-12-31,9131,6571,0,0,80.67024422297668,58,80.67024422297668,58,80.67024422297668,58,80.67024422297668,58,58,False
22057090,Tolima,416449.87,-8377020.51,399,1/01/1985,19/03/2009,8775,0.78,6347.22,619.89,2.19,0.17,4622,2353.31,387.0,192.29,3.18e-05,66.03,204.94,127.35,85.3,74.36,49.77,BOCATOMA TRIANGULO [22057090],Ortega,3.7635,-75.25205556,Bajo Saldaña,1981_2022,1981-01-01,2022-12-31,15340,8775,0,0,42.79661016949153,284,42.79661016949153,284,42.79661016949153,284,42.79661016949153,284,284,False
22057090,Tolima,416449.87,-8377020.51,399,1/01/1985,19/03/2009,8775,0.78,6347.22,619.89,2.19,0.17,4622,2353.31,387.0,192.29,3.18e-05,66.03,204.94,127.35,85.3,74.36,49.77,BOCATOMA TRIANGULO [22057090],Ortega,3.7635,-75.25205556,Bajo Saldaña,1998_2022,1998-01-01,2022-12-31,9131,8775,0,0,55.89749206001533,128,55.89749206001533,128,55.89749206001533,128,55.89749206001533,128,128,False
22067010,Tolima,434080.57,-8369339.46,373,1/01/1986,29/01/2018,11275,3.772,280.96,119.96,2.02,0.12,2913,1018.21,367.0,47.64,6.79e-05,69.95,52.27,40.91,35.13,22.3,71.05,PUENTE ORTEGA [22067010],Ortega,3.92241,-75.18313,"Río Tetuán, Río Ortega",1981_2022,1981-01-01,2022-12-31,15340,11275,0,0,26.4993481095176,361,26.4993481095176,361,26.4993481095176,361,26.4993481095176,361,361,False
22067010,Tolima,434080.57,-8369339.46,373,1/01/1986,29/01/2018,11275,3.772,280.96,119.96,2.02,0.12,2913,1018.21,367.0,47.64,6.79e-05,69.95,52.27,40.91,35.13,22.3,71.05,PUENTE ORTEGA [22067010],Ortega,3.92241,-75.18313,"Río Tetuán, Río Ortega",1998_2022,1998-01-01,2022-12-31,9131,11275,0,0,20.446829481984448,230,20.446829481984448,230,20.446829481984448,230,20.446829481984448,230,230,False
22077050,Tolima,459333.5,-8383025.57,770,29/09/1992,28/02/2021,9524,8.247,421.47,173.95,2.39,0.09,3969,2889.08,752.0,70.15,0.000106,67.95,59.41,45.5,38.17,27.51,62.66,PIJAITO  - AUT [22077050],Rovira,4.150388889,-75.306,Rïo Cucuana,1981_2022,1981-01-01,2022-12-31,15340,9524,0,0,37.913950456323334,293,37.913950456323334,293,37.913950456323334,293,37.913950456323334,293,293,False
22077050,Tolima,459333.5,-8383025.57,770,29/09/1992,28/02/2021,9524,8.247,421.47,173.95,2.39,0.09,3969,2889.08,752.0,70.15,0.000106,67.95,59.41,45.5,38.17,27.51,62.66,PIJAITO  - AUT [22077050],Rovira,4.150388889,-75.306,Rïo Cucuana,1998_2022,1998-01-01,2022-12-31,9131,9524,0,0,16.723250465447375,230,16.723250465447375,230,16.723250465447375,230,16.723250465447375,230,230,False
22077060,Tolima,461658.7,-8379519.01,699,1/01/1981,31/12/2020,13522,7.447,271.48,112.98,1.93,0.13,3811,2277.04,700.0,45.28,0.000181,69.0,34.47,28.94,26.81,17.81,42.29,GUAMAL EL [22077060],Rovira,4.171361111,-75.2745,Rïo Cucuana,1981_2022,1981-01-01,2022-12-31,15340,13522,0,0,11.851368970013038,431,11.851368970013038,431,11.851368970013038,431,11.851368970013038,431,431,False
22077060,Tolima,461658.7,-8379519.01,699,1/01/1981,31/12/2020,13522,7.447,271.48,112.98,1.93,0.13,3811,2277.04,700.0,45.28,0.000181,69.0,34.47,28.94,26.81,17.81,42.29,GUAMAL EL [22077060],Rovira,4.171361111,-75.2745,Rïo Cucuana,1998_2022,1998-01-01,2022-12-31,9131,13522,0,0,19.91019603548352,227,19.91019603548352,227,19.91019603548352,227,19.91019603548352,227,227,False
23017020,Tolima,575764.63,-8326227.2,279,1/01/1981,30/09/2022,14646,3.948,29.11,36.66,1.92,0.15,852,482.38,282.03,13.93,4.54e-05,66.91,23.7,21.19,21.02,9.46,26.13,BOCATOMA [23017020],Honda,5.208194,-74.817289,Río Gualí,1981_2022,1981-01-01,2022-12-31,15340,14646,0,0,4.524119947848761,467,4.524119947848761,467,4.524119947848761,467,4.524119947848761,467,467,False
23017020,Tolima,575764.63,-8326227.2,279,1/01/1981,30/09/2022,14646,3.948,29.11,36.66,1.92,0.15,852,482.38,282.03,13.93,4.54e-05,66.91,23.7,21.19,21.02,9.46,26.13,BOCATOMA [23017020],Honda,5.208194,-74.817289,Río Gualí,1998_2022,1998-01-01,2022-12-31,9131,14646,0,0,6.264374110174133,267,6.264374110174133,267,6.264374110174133,267,6.264374110174133,267,267,False
23017030,Tolima,576219.6,-8320142.43,213,1/01/1981,13/03/2005,8267,6.461,803.74,285.49,2.84,0.06,5258,1728.58,213.0,113.82,4.8e-05,73.71,116.82,79.82,59.22,46.17,48.19,PUENTE LOPEZ [23017030],Honda,5.203888889,-74.74111111,Río Gualí,1981_2022,1981-01-01,2022-12-31,15340,8267,0,0,46.10821382007823,264,46.10821382007823,264,46.10821382007823,264,46.10821382007823,264,264,False
23017030,Tolima,576219.6,-8320142.43,213,1/01/1981,13/03/2005,8267,6.461,803.74,285.49,2.84,0.06,5258,1728.58,213.0,113.82,4.8e-05,73.71,116.82,79.82,59.22,46.17,48.19,PUENTE LOPEZ [23017030],Honda,5.203888889,-74.74111111,Río Gualí,1998_2022,1998-01-01,2022-12-31,9131,8267,0,0,74.69061439053772,72,74.69061439053772,72,74.69061439053772,72,74.69061439053772,72,72,False
23017040,Tolima,576199.68,-8339101.63,531,27/01/1987,31/07/2021,11926,5.387,459.66,203.74,2.68,0.07,5258,2394.23,514.0,79.77,6.28e-05,72.89,80.13,58.35,46.36,33.49,46.67,ESPERANZA LA AUT [23017040],Mariquita,5.203718,-74.908378,Río Gualí,1981_2022,1981-01-01,2022-12-31,15340,11926,0,0,22.25554106910039,369,22.25554106910039,369,22.25554106910039,369,22.25554106910039,369,369,False
23017040,Tolima,576199.68,-8339101.63,531,27/01/1987,31/07/2021,11926,5.387,459.66,203.74,2.68,0.07,5258,2394.23,514.0,79.77,6.28e-05,72.89,80.13,58.35,46.36,33.49,46.67,ESPERANZA LA AUT [23017040],Mariquita,5.203718,-74.908378,Río Gualí,1998_2022,1998-01-01,2022-12-31,9131,11926,0,0,12.517796517358448,241,12.517796517358448,241,12.517796517358448,241,12.517796517358448,241,241,False
23037010,Cundinamarca,605737.47,-8311354.38,187,1/01/1981,31/12/2022,15291,0.319,56736.68,2387.94,2.83,0.1,5413,1759.31,179.0,774.7,1.64e-05,70.35,773.83,384.23,202.13,243.25,72.05,PUERTO SALGAR - AUT [23037010],Puerto Salgar,5.469666667,-74.66216667,Directos al Magdalena entre Ríos Seco y Negro (md),1981_2022,1981-01-01,2022-12-31,15340,15291,0,0,0.3194263363754889,494,0.3194263363754889,494,0.3194263363754889,494,0.3194263363754889,494,494,False
23037010,Cundinamarca,605737.47,-8311354.38,187,1/01/1981,31/12/2022,15291,0.319,56736.68,2387.94,2.83,0.1,5413,1759.31,179.0,774.7,1.64e-05,70.35,773.83,384.23,202.13,243.25,72.05,PUERTO SALGAR - AUT [23037010],Puerto Salgar,5.469666667,-74.66216667,Directos al Magdalena entre Ríos Seco y Negro (md),1998_2022,1998-01-01,2022-12-31,9131,15291,0,0,0.5366334465009309,290,0.5366334465009309,290,0.5366334465009309,290,0.5366334465009309,290,290,False
23057140,Antioquia,634777.77,-8318441.72,188,1/01/1981,31/12/2022,15265,0.489,2314.37,341.77,2.0,0.18,3848,1339.27,169.04,112.26,2.55e-05,67.23,147.47,96.88,68.89,51.52,68.89,SAN MIGUEL - AUT [23057140],Sonsón,5.731027778,-74.72583333,Río La Miel (Samaná),1981_2022,1981-01-01,2022-12-31,15340,15265,0,0,0.48891786179921776,494,0.48891786179921776,494,0.48891786179921776,494,0.48891786179921776,494,494,True
23057140,Antioquia,634777.77,-8318441.72,188,1/01/1981,31/12/2022,15265,0.489,2314.37,341.77,2.0,0.18,3848,1339.27,169.04,112.26,2.55e-05,67.23,147.47,96.88,68.89,51.52,68.89,SAN MIGUEL - AUT [23057140],Sonsón,5.731027778,-74.72583333,Río La Miel (Samaná),1998_2022,1998-01-01,2022-12-31,9131,15265,0,0,0.8213777242361187,290,0.8213777242361187,290,0.8213777242361187,290,0.8213777242361187,290,290,True
23067020,Cundinamarca,605718.95,-8303698.07,316,1/01/1981,17/11/2018,13493,2.472,3140.91,404.74,2.04,0.16,3802,1455.29,304.99,140.59,3.07e-05,76.16,163.34,105.46,73.62,59.02,37.83,COLORADOS  - AUT [23067020],Puerto Salgar,5.4695,-74.59338889,Río Negro,1981_2022,1981-01-01,2022-12-31,15340,13493,0,0,12.040417209908735,432,12.040417209908735,432,12.040417209908735,432,12.040417209908735,432,432,False
23067020,Cundinamarca,605718.95,-8303698.07,316,1/01/1981,17/11/2018,13493,2.472,3140.91,404.74,2.04,0.16,3802,1455.29,304.99,140.59,3.07e-05,76.16,163.34,105.46,73.62,59.02,37.83,COLORADOS  - AUT [23067020],Puerto Salgar,5.4695,-74.59338889,Río Negro,1998_2022,1998-01-01,2022-12-31,9131,13493,0,0,17.424159456795532,238,17.424159456795532,238,17.424159456795532,238,17.424159456795532,238,238,False
23067040,Cundinamarca,637911.3,-8307968.41,172,1/04/1981,31/12/2022,13881,8.977,1453.36,294.35,2.18,0.1,2026,756.87,169.02,120.95,2.08e-05,75.96,168.93,108.45,75.24,56.68,42.82,PUERTO LIBRE  - AUT [23067040],Puerto Salgar,5.759222222,-74.63175,Río Negro,1981_2022,1981-01-01,2022-12-31,15340,13881,0,0,9.511082138200782,413,9.511082138200782,413,9.511082138200782,413,9.511082138200782,413,413,True
23067040,Cundinamarca,637911.3,-8307968.41,172,1/04/1981,31/12/2022,13881,8.977,1453.36,294.35,2.18,0.1,2026,756.87,169.02,120.95,2.08e-05,75.96,168.93,108.45,75.24,56.68,42.82,PUERTO LIBRE  - AUT [23067040],Puerto Salgar,5.759222222,-74.63175,Río Negro,1998_2022,1998-01-01,2022-12-31,9131,13881,0,0,7.6990472018398854,236,7.6990472018398854,236,7.6990472018398854,236,7.6990472018398854,236,236,True
23067050,Cundinamarca,574911.83,-8301419.11,447,1/01/1981,31/12/2021,13596,9.209,2559.1,351.28,1.96,0.26,3802,1583.67,445.0,99.44,4.31e-05,76.02,109.73,75.77,56.86,42.52,33.27,GUADUERO [23067050],Guaduas,5.192373,-74.575622,Río Negro,1981_2022,1981-01-01,2022-12-31,15340,13596,0,0,11.36897001303781,395,11.36897001303781,395,11.36897001303781,395,11.36897001303781,395,395,False
23067050,Cundinamarca,574911.83,-8301419.11,447,1/01/1981,31/12/2021,13596,9.209,2559.1,351.28,1.96,0.26,3802,1583.67,445.0,99.44,4.31e-05,76.02,109.73,75.77,56.86,42.52,33.27,GUADUERO [23067050],Guaduas,5.192373,-74.575622,Río Negro,1998_2022,1998-01-01,2022-12-31,9131,13596,0,0,14.423392837586244,212,14.423392837586244,212,14.423392837586244,212,14.423392837586244,212,212,False
23067060,Cundinamarca,567494.41,-8287408.32,668,1/01/1981,30/06/2021,14517,1.852,1123.81,240.73,2.03,0.21,3802,1750.82,664.0,74.0,5.35e-05,75.64,80.45,58.54,46.48,32.61,26.38,TOBIA [23067060],La Peña,5.125561,-74.447149,Río Negro,1981_2022,1981-01-01,2022-12-31,15340,14517,0,0,5.365058670143416,452,5.365058670143416,452,5.365058670143416,452,5.365058670143416,452,452,True
23067060,Cundinamarca,567494.41,-8287408.32,668,1/01/1981,30/06/2021,14517,1.852,1123.81,240.73,2.03,0.21,3802,1750.82,664.0,74.0,5.35e-05,75.64,80.45,58.54,46.48,32.61,26.38,TOBIA [23067060],La Peña,5.125561,-74.447149,Río Negro,1998_2022,1998-01-01,2022-12-31,9131,14517,0,0,8.947541342678786,249,8.947541342678786,249,8.947541342678786,249,8.947541342678786,249,249,True
23067080,Cundinamarca,581964.51,-8276228.3,966,1/01/1981,31/12/2019,12714,10.741,716.06,217.02,2.29,0.3,3802,1859.68,971.05,49.01,9.63e-05,75.38,46.71,37.26,32.65,21.32,27.83,CHARCO LARGO - AUT [23067080],La Palma,5.254551,-74.34217,Río Negro,1981_2022,1981-01-01,2022-12-31,15340,12714,0,0,17.11864406779661,398,17.11864406779661,398,17.11864406779661,398,17.11864406779661,398,398,False
23067080,Cundinamarca,581964.51,-8276228.3,966,1/01/1981,31/12/2019,12714,10.741,716.06,217.02,2.29,0.3,3802,1859.68,971.05,49.01,9.63e-05,75.38,46.71,37.26,32.65,21.32,27.83,CHARCO LARGO - AUT [23067080],La Palma,5.254551,-74.34217,Río Negro,1998_2022,1998-01-01,2022-12-31,9131,12714,0,0,21.848647464680756,216,21.848647464680756,216,21.848647464680756,216,21.848647464680756,216,216,False
23077020,Antioquia,668761.16,-8308676.52,151,1/01/1981,31/12/2007,9721,1.42,783.78,261.8,2.64,0.11,2312,558.06,155.01,83.85,1.95e-05,71.43,130.62,87.58,63.67,43.43,53.53,PUENTE FERROCARRIL [23077020],Puerto Nare,6.036722222,-74.63811111,Directos Magdalena Medio entre ríos La Miel y Nare,1981_2022,1981-01-01,2022-12-31,15340,9721,0,0,36.62972620599739,315,36.62972620599739,315,36.62972620599739,315,36.62972620599739,315,315,False
23077020,Antioquia,668761.16,-8308676.52,151,1/01/1981,31/12/2007,9721,1.42,783.78,261.8,2.64,0.11,2312,558.06,155.01,83.85,1.95e-05,71.43,130.62,87.58,63.67,43.43,53.53,PUENTE FERROCARRIL [23077020],Puerto Nare,6.036722222,-74.63811111,Directos Magdalena Medio entre ríos La Miel y Nare,1998_2022,1998-01-01,2022-12-31,9131,9721,0,0,61.53761909977001,111,61.53761909977001,111,61.53761909977001,111,61.53761909977001,111,111,False
23087150,Antioquia,680632.86,-8391257.03,2108,1/01/1981,15/02/2022,13327,11.278,308.38,125.56,2.02,0.19,3131,2370.41,2111.16,40.37,2.32e-05,70.85,69.55,51.87,42.29,24.11,32.03,PUENTE REAL - AUT [23087150],Rionegro,6.143591667,-75.380136111,Río Nare,1981_2022,1981-01-01,2022-12-31,15340,13327,0,0,13.122555410691003,414,13.122555410691003,414,13.122555410691003,414,13.122555410691003,414,414,False
23087150,Antioquia,680632.86,-8391257.03,2108,1/01/1981,15/02/2022,13327,11.278,308.38,125.56,2.02,0.19,3131,2370.41,2111.16,40.37,2.32e-05,70.85,69.55,51.87,42.29,24.11,32.03,PUENTE REAL - AUT [23087150],Rionegro,6.143591667,-75.380136111,Río Nare,1998_2022,1998-01-01,2022-12-31,9131,13327,0,0,21.651516810864088,214,21.651516810864088,214,21.651516810864088,214,21.651516810864088,214,214,False
23087160,Antioquia,721155.26,-8333968.31,824,1/01/1981,31/12/2022,13798,10.052,305.11,131.57,2.12,0.13,2253,1367.97,819.99,47.74,3.14e-05,72.52,70.5,52.46,42.66,25.86,51.27,CARAMANTA - AUT [23087160],San Roque,6.507388889,-74.865944444,Río Nare,1981_2022,1981-01-01,2022-12-31,15340,13798,0,0,10.052151238591916,376,10.052151238591916,376,10.052151238591916,376,10.052151238591916,376,376,False
23087160,Antioquia,721155.26,-8333968.31,824,1/01/1981,31/12/2022,13798,10.052,305.11,131.57,2.12,0.13,2253,1367.97,819.99,47.74,3.14e-05,72.52,70.5,52.46,42.66,25.86,51.27,CARAMANTA - AUT [23087160],San Roque,6.507388889,-74.865944444,Río Nare,1998_2022,1998-01-01,2022-12-31,9131,13798,0,0,10.677910415069542,194,10.677910415069542,194,10.677910415069542,194,10.677910415069542,194,194,False
23087180,Antioquia,706438.93,-8366912.08,1650,1/01/1981,29/12/2011,11139,1.599,121.61,74.71,1.91,0.17,2529,2087.69,1651.02,26.72,4.09e-05,72.92,40.69,33.22,29.86,15.82,68.93,SIRPES LOS [23087180],Concepción,6.375444444,-75.16125,Río Nare,1981_2022,1981-01-01,2022-12-31,15340,11139,0,0,27.38591916558018,331,27.38591916558018,331,27.38591916558018,331,27.38591916558018,331,331,False
23087180,Antioquia,706438.93,-8366912.08,1650,1/01/1981,29/12/2011,11139,1.599,121.61,74.71,1.91,0.17,2529,2087.69,1651.02,26.72,4.09e-05,72.92,40.69,33.22,29.86,15.82,68.93,SIRPES LOS [23087180],Concepción,6.375444444,-75.16125,Río Nare,1998_2022,1998-01-01,2022-12-31,9131,11139,0,0,45.51527762567079,130,45.51527762567079,130,45.51527762567079,130,45.51527762567079,130,130,False
23087200,Antioquia,661864.13,-8362001.65,825,1/01/1981,31/12/2022,14300,6.78,181.89,110.24,2.31,0.11,3091,1827.97,828.02,40.58,5.15e-05,63.62,51.38,40.33,34.74,20.8,47.08,PAILANIA [23087200],Cocorná,5.974694444,-75.11713889,Río Nare,1981_2022,1981-01-01,2022-12-31,15340,14300,0,0,6.779661016949152,392,6.779661016949152,392,6.779661016949152,392,6.779661016949152,392,392,True
23087200,Antioquia,661864.13,-8362001.65,825,1/01/1981,31/12/2022,14300,6.78,181.89,110.24,2.31,0.11,3091,1827.97,828.02,40.58,5.15e-05,63.62,51.38,40.33,34.74,20.8,47.08,PAILANIA [23087200],Cocorná,5.974694444,-75.11713889,Río Nare,1998_2022,1998-01-01,2022-12-31,9131,14300,0,0,9.703208848976015,194,9.703208848976015,194,9.703208848976015,194,9.703208848976015,194,194,True
23087210,Antioquia,695383.94,-8312594.35,170,1/01/1981,31/12/2022,14283,6.89,4767.81,568.48,2.32,0.1,3290,1570.4,164.02,214.78,1.85e-05,69.24,274.77,162.49,103.19,89.63,18.82,CANTERAS - AUT [23087210],Puerto Nare,6.276083333,-74.67330556,Río Nare,1981_2022,1981-01-01,2022-12-31,15340,14283,0,0,6.890482398956975,457,6.890482398956975,457,6.890482398956975,457,6.890482398956975,457,457,True
23087210,Antioquia,695383.94,-8312594.35,170,1/01/1981,31/12/2022,14283,6.89,4767.81,568.48,2.32,0.1,3290,1570.4,164.02,214.78,1.85e-05,69.24,274.77,162.49,103.19,89.63,18.82,CANTERAS - AUT [23087210],Puerto Nare,6.276083333,-74.67330556,Río Nare,1998_2022,1998-01-01,2022-12-31,9131,14283,0,0,9.801774175884349,261,9.801774175884349,261,9.801774175884349,261,9.801774175884349,261,261,True
23087260,Antioquia,683462.9,-8388749.25,2100,1/01/1994,31/12/2022,10522,0.661,55.49,61.23,2.32,0.13,2771,2245.19,2111.1,20.69,2.67e-05,75.09,39.38,32.33,29.23,14.12,42.89,COLTEPUNTO RNS 19 [23087260],Rionegro,6.168916667,-75.35741667,Río Nare,1981_2022,1981-01-01,2022-12-31,15340,10522,0,0,31.40808344198175,326,31.40808344198175,326,31.40808344198175,326,31.40808344198175,326,326,False
23087260,Antioquia,683462.9,-8388749.25,2100,1/01/1994,31/12/2022,10522,0.661,55.49,61.23,2.32,0.13,2771,2245.19,2111.1,20.69,2.67e-05,75.09,39.38,32.33,29.23,14.12,42.89,COLTEPUNTO RNS 19 [23087260],Rionegro,6.168916667,-75.35741667,Río Nare,1998_2022,1998-01-01,2022-12-31,9131,10522,0,0,0.7666192092870441,278,0.7666192092870441,278,0.7666192092870441,278,0.7666192092870441,278,278,False
23087300,Antioquia,680789.42,-8390839.75,2106,1/01/1994,31/12/2011,6196,5.75,460.48,144.29,1.9,0.22,3131,2331.38,2111.15,45.87,2e-05,71.99,81.22,59.01,46.77,27.32,19.19,CASAMIA [23087300],Rionegro,6.142194444,-75.37655556,Río Nare,1981_2022,1981-01-01,2022-12-31,15340,6196,0,0,59.60886571056062,183,59.60886571056062,183,59.60886571056062,183,59.60886571056062,183,183,False
23087300,Antioquia,680789.42,-8390839.75,2106,1/01/1994,31/12/2011,6196,5.75,460.48,144.29,1.9,0.22,3131,2331.38,2111.15,45.87,2e-05,71.99,81.22,59.01,46.77,27.32,19.19,CASAMIA [23087300],Rionegro,6.142194444,-75.37655556,Río Nare,1998_2022,1998-01-01,2022-12-31,9131,6196,0,0,47.80418355054211,136,47.80418355054211,136,47.80418355054211,136,47.80418355054211,136,136,False
23087660,Antioquia,683880.0,-8386572.34,2107,1/01/1994,30/09/2011,6443,0.602,75.95,57.15,1.85,0.18,2573,2211.65,2111.08,20.67,1.85e-05,75.56,45.34,36.35,32.03,15.14,42.82,PUENTE LA FERIA [23087660],Marinilla,6.172527778,-75.337833333,Río Nare,1981_2022,1981-01-01,2022-12-31,15340,6443,0,0,57.9986962190352,191,57.9986962190352,191,57.9986962190352,191,57.9986962190352,191,191,False
23087660,Antioquia,683880.0,-8386572.34,2107,1/01/1994,30/09/2011,6443,0.602,75.95,57.15,1.85,0.18,2573,2211.65,2111.08,20.67,1.85e-05,75.56,45.34,36.35,32.03,15.14,42.82,PUENTE LA FERIA [23087660],Marinilla,6.172527778,-75.337833333,Río Nare,1998_2022,1998-01-01,2022-12-31,9131,6443,0,0,45.438615704742084,143,45.438615704742084,143,45.438615704742084,143,45.438615704742084,143,143,False
23087670,Antioquia,684834.71,-8389748.03,2099,1/01/1994,31/12/2022,10502,0.85,154.03,108.1,2.46,0.21,2765,2274.52,2111.08,26.9,2.37e-05,73.51,50.52,39.76,34.36,17.64,35.12,RIOTEX [23087670],Rionegro,6.18125,-75.36638889,Río Nare,1981_2022,1981-01-01,2022-12-31,15340,10502,0,0,31.538461538461537,327,31.538461538461537,327,31.538461538461537,327,31.538461538461537,327,327,False
23087670,Antioquia,684834.71,-8389748.03,2099,1/01/1994,31/12/2022,10502,0.85,154.03,108.1,2.46,0.21,2765,2274.52,2111.08,26.9,2.37e-05,73.51,50.52,39.76,34.36,17.64,35.12,RIOTEX [23087670],Rionegro,6.18125,-75.36638889,Río Nare,1998_2022,1998-01-01,2022-12-31,9131,10502,0,0,0.9856532690833425,279,0.9856532690833425,279,0.9856532690833425,279,0.9856532690833425,279,279,True
23087830,Antioquia,686889.4,-8386151.8,2099,1/01/1994,27/01/2015,7618,1.026,790.22,231.79,2.33,0.24,3131,2292.25,2111.0,57.27,1.8e-05,73.18,100.35,70.35,53.65,32.99,26.87,FRESERA LA [23087830],Rionegro,6.199722222,-75.33408333,Río Nare,1981_2022,1981-01-01,2022-12-31,15340,7618,0,0,50.33898305084745,236,50.33898305084745,236,50.33898305084745,236,50.33898305084745,236,236,False
23087830,Antioquia,686889.4,-8386151.8,2099,1/01/1994,27/01/2015,7618,1.026,790.22,231.79,2.33,0.24,3131,2292.25,2111.0,57.27,1.8e-05,73.18,100.35,70.35,53.65,32.99,26.87,FRESERA LA [23087830],Rionegro,6.199722222,-75.33408333,Río Nare,1998_2022,1998-01-01,2022-12-31,9131,7618,0,0,32.25276530500493,191,32.25276530500493,191,32.25276530500493,191,32.25276530500493,191,191,False
23097030,Antioquia,718646.13,-8282299.99,110,1/01/1981,31/12/2022,15216,0.808,75062.47,2800.97,2.88,0.08,5413,1580.94,107.0,956.67,1.58e-05,71.07,923.68,445.13,226.75,287.62,49.27,PUERTO BERRIO - AUT [23097030],Puerto Berrío,6.485138889,-74.40116667,Rió San Bartolo y otros directos al Magdalena Medio,1981_2022,1981-01-01,2022-12-31,15340,15216,0,0,0.8083441981747066,488,0.8083441981747066,488,0.8083441981747066,488,0.8083441981747066,488,488,False
23097030,Antioquia,718646.13,-8282299.99,110,1/01/1981,31/12/2022,15216,0.808,75062.47,2800.97,2.88,0.08,5413,1580.94,107.0,956.67,1.58e-05,71.07,923.68,445.13,226.75,287.62,49.27,PUERTO BERRIO - AUT [23097030],Puerto Berrío,6.485138889,-74.40116667,Rió San Bartolo y otros directos al Magdalena Medio,1998_2022,1998-01-01,2022-12-31,9131,15216,0,0,0.021903405979629833,298,0.021903405979629833,298,0.021903405979629833,298,0.021903405979629833,298,298,False
23107020,Antioquia,745770.49,-8283669.79,149,1/01/1981,31/12/2022,14917,2.757,2448.55,449.06,2.56,0.17,1991,906.83,137.0,120.63,2.11e-05,73.27,167.72,107.8,74.89,56.42,74.36,LA BODEGA - AUT [23107020],Yondó (Casabe),6.732194444,-74.40694444,Rió San Bartolo y otros directos al Magdalena Medio,1981_2022,1981-01-01,2022-12-31,15340,14917,0,0,2.7574967405475883,444,2.7574967405475883,444,2.7574967405475883,444,2.7574967405475883,444,444,True
23107020,Antioquia,745770.49,-8283669.79,149,1/01/1981,31/12/2022,14917,2.757,2448.55,449.06,2.56,0.17,1991,906.83,137.0,120.63,2.11e-05,73.27,167.72,107.8,74.89,56.42,74.36,LA BODEGA - AUT [23107020],Yondó (Casabe),6.732194444,-74.40694444,Rió San Bartolo y otros directos al Magdalena Medio,1998_2022,1998-01-01,2022-12-31,9131,14917,0,0,0.7885226152666739,272,0.7885226152666739,272,0.7885226152666739,272,0.7885226152666739,272,272,True
23107030,Antioquia,735844.03,-8335096.35,1005,1/01/1981,30/11/2022,15075,1.529,308.69,166.7,2.68,0.17,1969,1394.41,1011.13,42.65,2.49e-05,71.67,70.63,52.54,42.71,24.8,33.46,LA MASCOTA [23107030],Yalí,6.639638889,-74.87544444,Rió San Bartolo y otros directos al Magdalena Medio,1981_2022,1981-01-01,2022-12-31,15340,15075,0,0,1.727509778357236,456,1.727509778357236,456,1.727509778357236,456,1.727509778357236,456,456,True
23107030,Antioquia,735844.03,-8335096.35,1005,1/01/1981,30/11/2022,15075,1.529,308.69,166.7,2.68,0.17,1969,1394.41,1011.13,42.65,2.49e-05,71.67,70.63,52.54,42.71,24.8,33.46,LA MASCOTA [23107030],Yalí,6.639638889,-74.87544444,Rió San Bartolo y otros directos al Magdalena Medio,1998_2022,1998-01-01,2022-12-31,9131,15075,0,0,2.0479684590953893,256,2.0479684590953893,256,2.0479684590953893,256,2.0479684590953893,256,256,True
23107040,Antioquia,750622.15,-8326428.89,983,1/01/1981,31/12/2022,14724,4.016,308.71,139.37,2.24,0.16,1991,1298.54,984.04,43.37,2.78e-05,72.25,68.63,51.3,41.92,24.61,50.84,VEGACHI [23107040],Vegachí,6.772361111,-74.79758333,Rió San Bartolo y otros directos al Magdalena Medio,1981_2022,1981-01-01,2022-12-31,15340,14724,0,0,4.015645371577575,430,4.015645371577575,430,4.015645371577575,430,4.015645371577575,430,430,True
23107040,Antioquia,750622.15,-8326428.89,983,1/01/1981,31/12/2022,14724,4.016,308.71,139.37,2.24,0.16,1991,1298.54,984.04,43.37,2.78e-05,72.25,68.63,51.3,41.92,24.61,50.84,VEGACHI [23107040],Vegachí,6.772361111,-74.79758333,Rió San Bartolo y otros directos al Magdalena Medio,1998_2022,1998-01-01,2022-12-31,9131,14724,0,0,5.749644069652831,234,5.749644069652831,234,5.749644069652831,234,5.749644069652831,234,234,True
23127010,Boyacá,625705.31,-8243767.98,447,1/01/1981,31/12/2021,13712,8.434,84.88,66.17,2.03,0.12,3091,1407.3,689.17,26.89,7.65e-05,75.04,32.15,27.31,25.62,14.11,51.65,BORBUR  - AUT [23127010],Pauna,5.649388889,-74.05502778,Río Carare (Minero),1981_2022,1981-01-01,2022-12-31,15340,13712,0,0,10.61277705345502,432,10.61277705345502,432,10.61277705345502,432,10.61277705345502,432,432,False
23127010,Boyacá,625705.31,-8243767.98,447,1/01/1981,31/12/2021,13712,8.434,84.88,66.17,2.03,0.12,3091,1407.3,689.17,26.89,7.65e-05,75.04,32.15,27.31,25.62,14.11,51.65,BORBUR  - AUT [23127010],Pauna,5.649388889,-74.05502778,Río Carare (Minero),1998_2022,1998-01-01,2022-12-31,9131,13712,0,0,14.697185412331617,242,14.697185412331617,242,14.697185412331617,242,14.697185412331617,242,242,False
23127020,Santander,722556.18,-8247916.72,105,1/01/1981,31/12/2022,14472,5.658,5421.47,670.42,2.57,0.09,3811,1214.15,105.01,243.94,1.77e-05,73.61,308.52,178.92,111.25,99.6,22.05,PUERTO ARAUJO - AUT [23127020],Cimitarra,6.525555556,-74.08583333,Río Carare (Minero),1981_2022,1981-01-01,2022-12-31,15340,14472,0,0,5.658409387222947,394,5.658409387222947,394,5.658409387222947,394,5.658409387222947,394,394,True
23127020,Santander,722556.18,-8247916.72,105,1/01/1981,31/12/2022,14472,5.658,5421.47,670.42,2.57,0.09,3811,1214.15,105.01,243.94,1.77e-05,73.61,308.52,178.92,111.25,99.6,22.05,PUERTO ARAUJO - AUT [23127020],Cimitarra,6.525555556,-74.08583333,Río Carare (Minero),1998_2022,1998-01-01,2022-12-31,9131,14472,0,0,7.786660825758405,208,7.786660825758405,208,7.786660825758405,208,7.786660825758405,208,208,True
23127060,Santander,697402.51,-8248165.59,141,1/01/1981,31/12/2022,14569,5.026,4973.17,589.04,2.36,0.14,3811,1304.8,142.0,191.84,1.93e-05,73.22,248.05,149.25,96.56,81.63,29.86,SANTA ROSA  - AUT [23127060],Cimitarra,6.291944444,-74.09833333,Río Carare (Minero),1981_2022,1981-01-01,2022-12-31,15340,14569,0,0,5.026075619295958,423,5.026075619295958,423,5.026075619295958,423,5.026075619295958,423,423,True
23127060,Santander,697402.51,-8248165.59,141,1/01/1981,31/12/2022,14569,5.026,4973.17,589.04,2.36,0.14,3811,1304.8,142.0,191.84,1.93e-05,73.22,248.05,149.25,96.56,81.63,29.86,SANTA ROSA  - AUT [23127060],Cimitarra,6.291944444,-74.09833333,Río Carare (Minero),1998_2022,1998-01-01,2022-12-31,9131,14569,0,0,7.9071295586463695,230,7.9071295586463695,230,7.9071295586463695,230,7.9071295586463695,230,230,True
23147020,Santander,750729.63,-8230864.08,86,1/01/1981,31/12/2022,14933,2.653,1785.57,404.66,2.7,0.09,3428,885.82,87.03,137.63,2.24e-05,71.72,181.44,115.09,78.81,61.67,43.37,PUENTE FERROCARRIL OPÓN - AUT [23147020],Simacota,6.773611111,-73.935,Río Opón,1981_2022,1981-01-01,2022-12-31,15340,14933,0,0,2.653194263363755,392,2.653194263363755,392,2.653194263363755,392,2.653194263363755,392,392,True
23147020,Santander,750729.63,-8230864.08,86,1/01/1981,31/12/2022,14933,2.653,1785.57,404.66,2.7,0.09,3428,885.82,87.03,137.63,2.24e-05,71.72,181.44,115.09,78.81,61.67,43.37,PUENTE FERROCARRIL OPÓN - AUT [23147020],Simacota,6.773611111,-73.935,Río Opón,1998_2022,1998-01-01,2022-12-31,9131,14933,0,0,2.7160223414740994,203,2.7160223414740994,203,2.7160223414740994,203,2.7160223414740994,203,203,True
23157080,Santander,798792.9,-8229478.89,69,1/01/1981,31/12/2001,6276,18.175,114854.89,3580.64,2.98,0.09,5413,1595.14,68.09,1116.12,1.54e-05,72.11,1050.59,495.41,246.53,324.98,77.02,MALDONADO [23157080],Barrancabermeja,7.204722222,-73.92666667,Río Cimitarra y otros directos al Magdalena,1981_2022,1981-01-01,2022-12-31,15340,6276,0,0,59.087353324641455,190,59.087353324641455,190,59.087353324641455,190,59.087353324641455,190,190,False
23157080,Santander,798792.9,-8229478.89,69,1/01/1981,31/12/2001,6276,18.175,114854.89,3580.64,2.98,0.09,5413,1595.14,68.09,1116.12,1.54e-05,72.11,1050.59,495.41,246.53,324.98,77.02,MALDONADO [23157080],Barrancabermeja,7.204722222,-73.92666667,Río Cimitarra y otros directos al Magdalena,1998_2022,1998-01-01,2022-12-31,9131,6276,0,0,89.24542766400175,26,89.24542766400175,26,89.24542766400175,26,89.24542766400175,26,26,False
23187040,Santander,820642.51,-8179415.36,104,1/01/1981,31/12/1995,5357,2.209,105.12,78.68,2.16,0.21,236,152.12,100.01,22.33,1.81e-05,67.64,48.54,38.47,33.48,16.12,42.71,CHOCOA LA [23187040],Sabana De Torres,7.4,-73.48333333,Río Lebrija y otros directos al Magdalena,1981_2022,1981-01-01,2022-12-31,15340,5357,0,0,65.07822685788788,176,65.07822685788788,176,65.07822685788788,176,65.07822685788788,176,176,False
23187040,Santander,820642.51,-8179415.36,104,1/01/1981,31/12/1995,5357,2.209,105.12,78.68,2.16,0.21,236,152.12,100.01,22.33,1.81e-05,67.64,48.54,38.47,33.48,16.12,42.71,CHOCOA LA [23187040],Sabana De Torres,7.4,-73.48333333,Río Lebrija y otros directos al Magdalena,1998_2022,1998-01-01,2022-12-31,9131,5357,0,0,100.0,0,100.0,0,100.0,0,100.0,0,0,False
23187240,Santander,833789.64,-8189983.51,78,1/01/1984,31/12/1995,4229,3.514,3547.54,491.58,2.33,0.12,4254,1373.88,74.02,171.42,2.79e-05,69.25,197.25,123.36,83.21,69.85,8.22,TAMARINDO [23187240],Sabana De Torres,7.516666667,-73.56666667,Río Lebrija y otros directos al Magdalena,1981_2022,1981-01-01,2022-12-31,15340,4229,0,0,72.43155149934812,138,72.43155149934812,138,72.43155149934812,138,72.43155149934812,138,138,False
23187240,Santander,833789.64,-8189983.51,78,1/01/1984,31/12/1995,4229,3.514,3547.54,491.58,2.33,0.12,4254,1373.88,74.02,171.42,2.79e-05,69.25,197.25,123.36,83.21,69.85,8.22,TAMARINDO [23187240],Sabana De Torres,7.516666667,-73.56666667,Río Lebrija y otros directos al Magdalena,1998_2022,1998-01-01,2022-12-31,9131,4229,0,0,100.0,0,100.0,0,100.0,0,100.0,0,0,False
23187250,Santander,837105.49,-8191580.03,72,1/01/1981,31/12/1995,4983,9.036,3768.14,515.47,2.37,0.13,4254,1300.79,70.04,171.42,2.79e-05,69.44,197.25,123.36,83.21,69.85,41.23,PORVENIR [23187250],Sabana De Torres,7.533333333,-73.58333333,Río Lebrija y otros directos al Magdalena,1981_2022,1981-01-01,2022-12-31,15340,4983,0,0,67.51629726205998,160,67.51629726205998,160,67.51629726205998,160,67.51629726205998,160,160,False
23187250,Santander,837105.49,-8191580.03,72,1/01/1981,31/12/1995,4983,9.036,3768.14,515.47,2.37,0.13,4254,1300.79,70.04,171.42,2.79e-05,69.44,197.25,123.36,83.21,69.85,41.23,PORVENIR [23187250],Sabana De Torres,7.533333333,-73.58333333,Río Lebrija y otros directos al Magdalena,1998_2022,1998-01-01,2022-12-31,9131,4983,0,0,100.0,0,100.0,0,100.0,0,100.0,0,0,False
23187300,Santander,832714.6,-8177586.76,93,1/01/1981,31/12/1995,5417,1.114,3452.18,454.98,2.18,0.13,4254,1409.12,80.0,162.52,2.91e-05,68.96,186.22,117.6,80.16,66.53,74.89,TOPACIO EL [23187300],Sabana De Torres,7.516666667,-73.5,Río Lebrija y otros directos al Magdalena,1981_2022,1981-01-01,2022-12-31,15340,5417,0,0,64.6870925684485,178,64.6870925684485,178,64.6870925684485,178,64.6870925684485,178,178,False
23187300,Santander,832714.6,-8177586.76,93,1/01/1981,31/12/1995,5417,1.114,3452.18,454.98,2.18,0.13,4254,1409.12,80.0,162.52,2.91e-05,68.96,186.22,117.6,80.16,66.53,74.89,TOPACIO EL [23187300],Sabana De Torres,7.516666667,-73.5,Río Lebrija y otros directos al Magdalena,1998_2022,1998-01-01,2022-12-31,9131,5417,0,0,100.0,0,100.0,0,100.0,0,100.0,0,0,False
23197130,Santander,808623.55,-8142193.87,755,1/01/1981,31/12/2022,15185,1.01,128.35,72.56,1.81,0.17,3088,1914.27,741.0,27.5,0.000146,65.06,25.51,22.54,22.05,12.7,36.39,PUENTE SARDINAS [23197130],Rionegro,7.293055556,-73.14222222,Río Lebrija y otros directos al Magdalena,1981_2022,1981-01-01,2022-12-31,15340,15185,0,0,1.0104302477183833,460,1.0104302477183833,460,1.0104302477183833,460,1.0104302477183833,460,460,True
23197130,Santander,808623.55,-8142193.87,755,1/01/1981,31/12/2022,15185,1.01,128.35,72.56,1.81,0.17,3088,1914.27,741.0,27.5,0.000146,65.06,25.51,22.54,22.05,12.7,36.39,PUENTE SARDINAS [23197130],Rionegro,7.293055556,-73.14222222,Río Lebrija y otros directos al Magdalena,1998_2022,1998-01-01,2022-12-31,9131,15185,0,0,1.5003833096046435,261,1.5003833096046435,261,1.5003833096046435,261,1.5003833096046435,261,261,True
23197290,Santander,794957.25,-8142839.01,613,1/01/1981,26/05/2010,10647,0.847,1284.34,254.52,2.0,0.24,4254,1948.54,604.0,73.78,5.82e-05,70.01,77.68,56.86,45.43,32.01,73.86,CAFE MADRID [23197290],Girón,7.17,-73.15,Río Lebrija y otros directos al Magdalena,1981_2022,1981-01-01,2022-12-31,15340,10647,0,0,30.593220338983052,340,30.593220338983052,340,30.593220338983052,340,30.593220338983052,340,340,False
23197290,Santander,794957.25,-8142839.01,613,1/01/1981,26/05/2010,10647,0.847,1284.34,254.52,2.0,0.24,4254,1948.54,604.0,73.78,5.82e-05,70.01,77.68,56.86,45.43,32.01,73.86,CAFE MADRID [23197290],Girón,7.17,-73.15,Río Lebrija y otros directos al Magdalena,1998_2022,1998-01-01,2022-12-31,9131,10647,0,0,51.34158361625233,139,51.34158361625233,139,51.34158361625233,139,51.34158361625233,139,139,False
23197410,Cesar,852325.95,-8182972.08,73,1/01/1981,31/12/2022,13881,9.511,1129.28,298.35,2.5,0.14,4014,1274.01,66.04,90.52,5.71e-05,65.09,91.62,65.22,50.57,37.54,41.92,HOYO EL [23197410],San Alberto,7.684722222,-73.50888889,Río Lebrija y otros directos al Magdalena,1981_2022,1981-01-01,2022-12-31,15340,13881,0,0,9.511082138200782,406,9.511082138200782,406,9.511082138200782,406,9.511082138200782,406,406,True
23197410,Cesar,852325.95,-8182972.08,73,1/01/1981,31/12/2022,13881,9.511,1129.28,298.35,2.5,0.14,4014,1274.01,66.04,90.52,5.71e-05,65.09,91.62,65.22,50.57,37.54,41.92,HOYO EL [23197410],San Alberto,7.684722222,-73.50888889,Río Lebrija y otros directos al Magdalena,1998_2022,1998-01-01,2022-12-31,9131,13881,0,0,13.087285072828825,219,13.087285072828825,219,13.087285072828825,219,13.087285072828825,219,219,False
23197690,Santander,772381.3,-8141612.17,852,1/01/2002,31/12/2022,7056,8.005,223.14,104.58,1.97,0.15,3598,1760.53,849.0,39.02,0.000131,68.2,34.83,29.2,26.99,16.92,33.89,PALOGORDO - AUT [23197690],Girón,6.969166667,-73.13055556,Río Lebrija y otros directos al Magdalena,1981_2022,1981-01-01,2022-12-31,15340,7056,0,0,54.002607561929594,177,54.002607561929594,177,54.002607561929594,177,54.002607561929594,177,177,False
23197690,Santander,772381.3,-8141612.17,852,1/01/2002,31/12/2022,7056,8.005,223.14,104.58,1.97,0.15,3598,1760.53,849.0,39.02,0.000131,68.2,34.83,29.2,26.99,16.92,33.89,PALOGORDO - AUT [23197690],Girón,6.969166667,-73.13055556,Río Lebrija y otros directos al Magdalena,1998_2022,1998-01-01,2022-12-31,9131,7056,0,0,22.72478370386595,177,22.72478370386595,177,22.72478370386595,177,22.72478370386595,177,177,False
23197700,Santander,793839.1,-8136681.73,828,1/01/2002,31/12/2022,6875,10.365,480.76,146.96,1.89,0.15,4254,2527.36,803.0,57.45,0.000142,68.59,45.5,36.45,32.1,22.36,98.52,MAJADAS - AUT [23197700],Bucaramanga,7.160277778,-73.09305556,Río Lebrija y otros directos al Magdalena,1981_2022,1981-01-01,2022-12-31,15340,6875,0,0,55.182529335071706,212,55.182529335071706,212,55.182529335071706,212,55.182529335071706,212,212,False
23197700,Santander,793839.1,-8136681.73,828,1/01/2002,31/12/2022,6875,10.365,480.76,146.96,1.89,0.15,4254,2527.36,803.0,57.45,0.000142,68.59,45.5,36.45,32.1,22.36,98.52,MAJADAS - AUT [23197700],Bucaramanga,7.160277778,-73.09305556,Río Lebrija y otros directos al Magdalena,1998_2022,1998-01-01,2022-12-31,9131,6875,0,0,24.70704194502245,212,24.70704194502245,212,24.70704194502245,212,24.70704194502245,212,212,False
23207010,Bolivar,894051.29,-8246362.03,546,1/01/1981,30/04/1993,4322,4.02,197.24,99.65,2.0,0.16,1883,1299.14,554.99,34.82,4.19e-05,65.9,49.46,39.07,33.89,19.26,57.32,PALMASORIANO [23207010],Santa Rosa Del Sur,8.05,-74.08333333,Directos al Magdalena (Brazo Morales),1981_2022,1981-01-01,2022-12-31,15340,4322,0,0,71.82529335071708,142,71.82529335071708,142,71.82529335071708,142,71.82529335071708,142,142,False
23207010,Bolivar,894051.29,-8246362.03,546,1/01/1981,30/04/1993,4322,4.02,197.24,99.65,2.0,0.16,1883,1299.14,554.99,34.82,4.19e-05,65.9,49.46,39.07,33.89,19.26,57.32,PALMASORIANO [23207010],Santa Rosa Del Sur,8.05,-74.08333333,Directos al Magdalena (Brazo Morales),1998_2022,1998-01-01,2022-12-31,9131,4322,0,0,100.0,0,100.0,0,100.0,0,100.0,0,0,False
23207060,Bolivar,952713.53,-8219089.07,36,1/01/1981,31/01/1996,4538,17.626,4201.41,601.45,2.62,0.12,2268,568.79,31.06,190.27,1.7e-05,63.93,259.03,154.72,99.31,83.14,78.64,RIO VIEJO [23207060],Ríoviejo,8.583333333,-73.83333333,Directos al Magdalena (Brazo Morales),1981_2022,1981-01-01,2022-12-31,15340,4538,0,0,70.41720990873533,148,70.41720990873533,148,70.41720990873533,148,70.41720990873533,148,148,False
23207060,Bolivar,952713.53,-8219089.07,36,1/01/1981,31/01/1996,4538,17.626,4201.41,601.45,2.62,0.12,2268,568.79,31.06,190.27,1.7e-05,63.93,259.03,154.72,99.31,83.14,78.64,RIO VIEJO [23207060],Ríoviejo,8.583333333,-73.83333333,Directos al Magdalena (Brazo Morales),1998_2022,1998-01-01,2022-12-31,9131,4538,0,0,100.0,0,100.0,0,100.0,0,100.0,0,0,False
24017150,Cundinamarca,587167.62,-8221071.7,2662,1/01/1981,30/12/2022,14957,2.49,176.17,88.78,1.89,0.26,3808,3138.89,2624.0,25.97,7.59e-05,73.29,31.39,26.77,25.22,13.77,27.13,LA BOYERA [24017150],Ubaté,5.303,-73.851333333,Río Suárez,1981_2022,1981-01-01,2022-12-31,15340,14957,0,0,2.496740547588005,489,2.496740547588005,489,2.496740547588005,489,2.496740547588005,489,489,True
24017150,Cundinamarca,587167.62,-8221071.7,2662,1/01/1981,30/12/2022,14957,2.49,176.17,88.78,1.89,0.26,3808,3138.89,2624.0,25.97,7.59e-05,73.29,31.39,26.77,25.22,13.77,27.13,LA BOYERA [24017150],Ubaté,5.303,-73.851333333,Río Suárez,1998_2022,1998-01-01,2022-12-31,9131,14957,0,0,4.194502245099113,285,4.194502245099113,285,4.194502245099113,285,4.194502245099113,285,285,True
24017570,Santander,677836.94,-8181240.44,1048,1/01/1981,31/12/2022,14602,4.811,5403.54,602.77,2.31,0.14,3919,2509.83,1049.01,198.21,1.99e-05,73.66,251.44,150.94,97.41,83.21,40.56,SAN BENITO [24017570],San Benito,6.118333333,-73.49333333,Río Suárez,1981_2022,1981-01-01,2022-12-31,15340,14602,0,0,4.810951760104302,450,4.810951760104302,450,4.810951760104302,450,4.810951760104302,450,450,True
24017570,Santander,677836.94,-8181240.44,1048,1/01/1981,31/12/2022,14602,4.811,5403.54,602.77,2.31,0.14,3919,2509.83,1049.01,198.21,1.99e-05,73.66,251.44,150.94,97.41,83.21,40.56,SAN BENITO [24017570],San Benito,6.118333333,-73.49333333,Río Suárez,1998_2022,1998-01-01,2022-12-31,9131,14602,0,0,7.731902310809331,250,7.731902310809331,250,7.731902310809331,250,7.731902310809331,250,250,True
24017590,Santander,650577.38,-8201784.88,1610,1/01/1981,29/12/2022,14424,5.959,2307.46,426.02,2.5,0.1,3808,2709.53,1605.99,154.66,1.77e-05,74.31,217.23,133.67,88.59,70.45,26.47,PUENTE NACIONAL - AUT [24017590],Puente Nacional,5.872777778,-73.67777778,Río Suárez,1981_2022,1981-01-01,2022-12-31,15340,14424,0,0,5.971316818774445,439,5.971316818774445,439,5.971316818774445,439,5.971316818774445,439,439,True
24017590,Santander,650577.38,-8201784.88,1610,1/01/1981,29/12/2022,14424,5.959,2307.46,426.02,2.5,0.1,3808,2709.53,1605.99,154.66,1.77e-05,74.31,217.23,133.67,88.59,70.45,26.47,PUENTE NACIONAL - AUT [24017590],Puente Nacional,5.872777778,-73.67777778,Río Suárez,1998_2022,1998-01-01,2022-12-31,9131,14424,0,0,9.966049720731574,238,9.966049720731574,238,9.966049720731574,238,9.966049720731574,238,238,True
24017600,Boyacá,651310.84,-8189683.76,1686,1/01/1981,31/12/2022,14526,5.306,1170.99,210.8,1.74,0.16,3840,2582.24,1680.02,84.96,3.05e-05,77.43,111.12,76.56,57.32,40.3,73.62,MONIQUIRÁ  - AUT [24017600],Moniquirá,5.878138889,-73.57025,Río Suárez,1981_2022,1981-01-01,2022-12-31,15340,14526,0,0,5.30638852672751,451,5.30638852672751,451,5.30638852672751,451,5.30638852672751,451,451,True
24017600,Boyacá,651310.84,-8189683.76,1686,1/01/1981,31/12/2022,14526,5.306,1170.99,210.8,1.74,0.16,3840,2582.24,1680.02,84.96,3.05e-05,77.43,111.12,76.56,57.32,40.3,73.62,MONIQUIRÁ  - AUT [24017600],Moniquirá,5.878138889,-73.57025,Río Suárez,1998_2022,1998-01-01,2022-12-31,9131,14526,0,0,8.838024312780638,252,8.838024312780638,252,8.838024312780638,252,8.838024312780638,252,252,True
24017610,Cundinamarca,590029.81,-8204215.55,2586,1/01/1981,31/12/2019,14020,1.573,71.49,55.63,1.86,0.26,3597,3050.71,2580.99,16.51,0.00024,72.51,14.21,13.86,15.08,7.84,76.23,BOQUERON [24017610],Lenguazaque,5.32825,-73.69972222,Río Suárez,1981_2022,1981-01-01,2022-12-31,15340,14020,0,0,8.604954367666231,447,8.604954367666231,447,8.604954367666231,447,8.604954367666231,447,447,False
24017610,Cundinamarca,590029.81,-8204215.55,2586,1/01/1981,31/12/2019,14020,1.573,71.49,55.63,1.86,0.26,3597,3050.71,2580.99,16.51,0.00024,72.51,14.21,13.86,15.08,7.84,76.23,BOQUERON [24017610],Lenguazaque,5.32825,-73.69972222,Río Suárez,1998_2022,1998-01-01,2022-12-31,9131,14020,0,0,14.34673091665754,244,14.34673091665754,244,14.34673091665754,244,14.34673091665754,244,244,False
24017740,Boyacá,628872.34,-8186673.45,2130,17/05/1986,1/03/2021,12295,3.25,193.86,99.65,2.02,0.26,3837,2816.58,2126.0,27.31,0.000193,73.48,22.8,20.53,20.5,11.98,69.33,PUENTE CHACON  - AUT [24017740],Villa De Leiva,5.677888889,-73.54213889,Río Suárez,1981_2022,1981-01-01,2022-12-31,15340,12295,0,0,19.85006518904824,388,19.85006518904824,388,19.85006518904824,388,19.85006518904824,388,388,False
24017740,Boyacá,628872.34,-8186673.45,2130,17/05/1986,1/03/2021,12295,3.25,193.86,99.65,2.02,0.26,3837,2816.58,2126.0,27.31,0.000193,73.48,22.8,20.53,20.5,11.98,69.33,PUENTE CHACON  - AUT [24017740],Villa De Leiva,5.677888889,-73.54213889,Río Suárez,1998_2022,1998-01-01,2022-12-31,9131,12295,0,0,11.849742634979739,250,11.849742634979739,250,11.849742634979739,250,11.849742634979739,250,250,False
24017820,Boyacá,629202.78,-8180292.18,2435,1/01/1988,26/10/2013,9216,2.28,79.55,62.81,1.99,0.25,3813,3124.58,2424.0,17.76,0.000302,73.39,13.76,13.49,14.76,7.93,143.26,BOCATOMA [24017820],Villa De Leiva,5.68,-73.485,Río Suárez,1981_2022,1981-01-01,2022-12-31,15340,9216,0,0,39.92177314211213,285,39.92177314211213,285,39.92177314211213,285,39.92177314211213,285,285,False
24017820,Boyacá,629202.78,-8180292.18,2435,1/01/1988,26/10/2013,9216,2.28,79.55,62.81,1.99,0.25,3813,3124.58,2424.0,17.76,0.000302,73.39,13.76,13.49,14.76,7.93,143.26,BOCATOMA [24017820],Villa De Leiva,5.68,-73.485,Río Suárez,1998_2022,1998-01-01,2022-12-31,9131,9216,0,0,38.177636622494795,172,38.177636622494795,172,38.177636622494795,172,38.177636622494795,172,172,False
24027010,Santander,725494.34,-8140577.91,1123,1/01/1981,31/12/2022,14410,6.063,2124.0,340.46,2.08,0.22,4299,2264.21,1121.01,99.12,4.45e-05,70.19,108.18,74.88,56.33,42.17,78.21,SAN GIL [24027010],San Gil,6.546666667,-73.12805556,Río Fonce,1981_2022,1981-01-01,2022-12-31,15340,14410,0,0,6.0625814863103,373,6.0625814863103,373,6.0625814863103,373,6.0625814863103,373,373,True
24027010,Santander,725494.34,-8140577.91,1123,1/01/1981,31/12/2022,14410,6.063,2124.0,340.46,2.08,0.22,4299,2264.21,1121.01,99.12,4.45e-05,70.19,108.18,74.88,56.33,42.17,78.21,SAN GIL [24027010],San Gil,6.546666667,-73.12805556,Río Fonce,1998_2022,1998-01-01,2022-12-31,9131,14410,0,0,5.804402584601905,199,5.804402584601905,199,5.804402584601905,199,5.804402584601905,199,199,True
24027030,Santander,690195.6,-8145432.67,1325,1/01/1981,31/12/2022,14416,6.023,634.82,176.55,1.98,0.21,4299,2692.59,1314.99,55.54,0.000127,68.35,46.17,36.9,32.41,22.23,28.59,NEMIZAQUE [24027030],Charalá,6.229444444,-73.17166667,Río Fonce,1981_2022,1981-01-01,2022-12-31,15340,14416,0,0,6.023468057366363,393,6.023468057366363,393,6.023468057366363,393,6.023468057366363,393,393,True
24027030,Santander,690195.6,-8145432.67,1325,1/01/1981,31/12/2022,14416,6.023,634.82,176.55,1.98,0.21,4299,2692.59,1314.99,55.54,0.000127,68.35,46.17,36.9,32.41,22.23,28.59,NEMIZAQUE [24027030],Charalá,6.229444444,-73.17166667,Río Fonce,1998_2022,1998-01-01,2022-12-31,9131,14416,0,0,9.473223086189902,203,9.473223086189902,203,9.473223086189902,203,9.473223086189902,203,203,True
24027040,Santander,723528.47,-8127207.79,1601,1/01/1981,31/12/2022,15261,0.515,185.08,91.35,1.89,0.35,2917,1859.94,1593.0,22.92,8.91e-05,73.42,26.8,23.48,22.77,12.14,63.14,PUENTE CABRA [24027040],Mogotes,6.529166667,-73.00777778,Río Fonce,1981_2022,1981-01-01,2022-12-31,15340,15261,0,0,0.514993481095176,486,0.514993481095176,486,0.514993481095176,486,0.514993481095176,486,486,True
24027040,Santander,723528.47,-8127207.79,1601,1/01/1981,31/12/2022,15261,0.515,185.08,91.35,1.89,0.35,2917,1859.94,1593.0,22.92,8.91e-05,73.42,26.8,23.48,22.77,12.14,63.14,PUENTE CABRA [24027040],Mogotes,6.529166667,-73.00777778,Río Fonce,1998_2022,1998-01-01,2022-12-31,9131,15261,0,0,0.7994743182564888,286,0.7994743182564888,286,0.7994743182564888,286,0.7994743182564888,286,286,True
24027050,Santander,696375.93,-8140361.45,1276,1/01/1981,31/12/2022,14581,4.948,613.51,154.14,1.76,0.29,4276,2549.48,1274.0,46.13,0.000142,67.66,38.38,31.64,28.74,18.91,28.66,PUENTE LLANO [24027050],Charalá,6.285,-73.12611111,Río Fonce,1981_2022,1981-01-01,2022-12-31,15340,14581,0,0,4.947848761408084,418,4.947848761408084,418,4.947848761408084,418,4.947848761408084,418,418,True
24027050,Santander,696375.93,-8140361.45,1276,1/01/1981,31/12/2022,14581,4.948,613.51,154.14,1.76,0.29,4276,2549.48,1274.0,46.13,0.000142,67.66,38.38,31.64,28.74,18.91,28.66,PUENTE LLANO [24027050],Charalá,6.285,-73.12611111,Río Fonce,1998_2022,1998-01-01,2022-12-31,9131,14581,0,0,5.694885554703757,242,5.694885554703757,242,5.694885554703757,242,5.694885554703757,242,242,True
24027060,Santander,717919.62,-8134517.18,1231,1/01/1981,31/12/2022,15037,1.975,166.76,95.53,2.09,0.18,3373,1952.32,1227.0,30.48,7.06e-05,68.71,36.51,30.36,27.83,15.76,80.42,PUENTE ARCO [24027060],Valle De San José,6.478611111,-73.07361111,Río Fonce,1981_2022,1981-01-01,2022-12-31,15340,15037,0,0,1.9752281616688394,459,1.9752281616688394,459,1.9752281616688394,459,1.9752281616688394,459,459,True
24027060,Santander,717919.62,-8134517.18,1231,1/01/1981,31/12/2022,15037,1.975,166.76,95.53,2.09,0.18,3373,1952.32,1227.0,30.48,7.06e-05,68.71,36.51,30.36,27.83,15.76,80.42,PUENTE ARCO [24027060],Valle De San José,6.478611111,-73.07361111,Río Fonce,1998_2022,1998-01-01,2022-12-31,9131,15037,0,0,0.514730040521301,273,0.514730040521301,273,0.514730040521301,273,0.514730040521301,273,273,True
24027070,Santander,713958.71,-8143482.93,1195,1/01/1981,31/12/2022,14590,4.889,1577.82,295.8,2.1,0.22,4286,2423.07,1192.0,84.13,5.3e-05,69.36,89.12,63.74,49.67,36.01,34.23,MERIDA - AUT [24027070],Páramo,6.444722222,-73.15833333,Río Fonce,1981_2022,1981-01-01,2022-12-31,15340,14590,0,0,4.889178617992177,391,4.889178617992177,391,4.889178617992177,391,4.889178617992177,391,391,True
24027070,Santander,713958.71,-8143482.93,1195,1/01/1981,31/12/2022,14590,4.889,1577.82,295.8,2.1,0.22,4286,2423.07,1192.0,84.13,5.3e-05,69.36,89.12,63.74,49.67,36.01,34.23,MERIDA - AUT [24027070],Páramo,6.444722222,-73.15833333,Río Fonce,1998_2022,1998-01-01,2022-12-31,9131,14590,0,0,6.603876902858394,213,6.603876902858394,213,6.603876902858394,213,6.603876902858394,213,213,True
24037010,Santander,766230.55,-8126570.2,1172,1/01/1981,31/12/2006,7979,15.975,101.46,71.81,2.01,0.12,3935,2455.0,1162.0,28.91,0.000167,64.8,25.18,22.29,21.86,12.86,76.89,PRIMAVERA [24037010],Piedecuesta,6.9125,-73.00222222,Río Chicamocha,1981_2022,1981-01-01,2022-12-31,15340,7979,0,0,47.98565840938722,221,47.98565840938722,221,47.98565840938722,221,47.98565840938722,221,221,False
24037010,Santander,766230.55,-8126570.2,1172,1/01/1981,31/12/2006,7979,15.975,101.46,71.81,2.01,0.12,3935,2455.0,1162.0,28.91,0.000167,64.8,25.18,22.29,21.86,12.86,76.89,PRIMAVERA [24037010],Piedecuesta,6.9125,-73.00222222,Río Chicamocha,1998_2022,1998-01-01,2022-12-31,9131,7979,0,0,76.53050049282663,36,76.53050049282663,36,76.53050049282663,36,76.53050049282663,36,36,False
24037030,Boyacá,629298.33,-8152053.09,2571,1/01/1981,27/09/2021,14109,5.181,441.18,123.65,1.66,0.26,3852,2965.47,2569.0,41.61,5.15e-05,78.27,52.39,40.99,35.18,21.2,21.19,EL PALO - AUT [24037030],Tuta,5.681722222,-73.23113889,Río Chicamocha,1981_2022,1981-01-01,2022-12-31,15340,14109,0,0,8.02477183833116,447,8.02477183833116,447,8.02477183833116,447,8.02477183833116,447,447,True
24037030,Boyacá,629298.33,-8152053.09,2571,1/01/1981,27/09/2021,14109,5.181,441.18,123.65,1.66,0.26,3852,2965.47,2569.0,41.61,5.15e-05,78.27,52.39,40.99,35.18,21.2,21.19,EL PALO - AUT [24037030],Tuta,5.681722222,-73.23113889,Río Chicamocha,1998_2022,1998-01-01,2022-12-31,9131,14109,0,0,13.481546380462161,243,13.481546380462161,243,13.481546380462161,243,13.481546380462161,243,243,False
24037040,Boyacá,715177.51,-8059871.28,2831,1/01/1981,31/12/2020,13154,9.966,152.69,71.57,1.63,0.36,5346,4200.99,2828.0,20.68,0.00026,82.36,16.39,15.6,16.54,9.16,87.13,GUICAN [24037040],Guicán,6.453972222,-72.40305556,Río Chicamocha,1981_2022,1981-01-01,2022-12-31,15340,13154,0,0,14.2503259452412,413,14.2503259452412,413,14.2503259452412,413,14.2503259452412,413,413,False
24037040,Boyacá,715177.51,-8059871.28,2831,1/01/1981,31/12/2020,13154,9.966,152.69,71.57,1.63,0.36,5346,4200.99,2828.0,20.68,0.00026,82.36,16.39,15.6,16.54,9.16,87.13,GUICAN [24037040],Guicán,6.453972222,-72.40305556,Río Chicamocha,1998_2022,1998-01-01,2022-12-31,9131,13154,0,0,22.60431497097799,213,22.60431497097799,213,22.60431497097799,213,22.60431497097799,213,213,False
24037070,Boyacá,635984.85,-8148537.25,2558,1/01/1981,31/12/2019,13026,8.551,140.61,78.15,1.86,0.2,3726,2955.54,2549.0,26.34,9.82e-05,71.97,28.74,24.88,23.82,13.25,31.09,MAGUNCIA [24037070],Sotaquirá,5.741888889,-73.19955556,Río Chicamocha,1981_2022,1981-01-01,2022-12-31,15340,13026,0,0,15.084745762711865,423,15.084745762711865,423,15.084745762711865,423,15.084745762711865,423,423,False
24037070,Boyacá,635984.85,-8148537.25,2558,1/01/1981,31/12/2019,13026,8.551,140.61,78.15,1.86,0.2,3726,2955.54,2549.0,26.34,9.82e-05,71.97,28.74,24.88,23.82,13.25,31.09,MAGUNCIA [24037070],Sotaquirá,5.741888889,-73.19955556,Río Chicamocha,1998_2022,1998-01-01,2022-12-31,9131,13026,0,0,25.156061767604864,221,25.156061767604864,221,25.156061767604864,221,25.156061767604864,221,221,False
24037130,Boyacá,636756.66,-8147461.16,2547,1/01/1981,30/12/2022,13991,8.788,1023.6,240.13,2.12,0.29,3852,2925.42,2546.0,59.34,2.35e-05,77.7,93.16,66.13,51.12,32.23,40.97,LA REFORMA [24037130],Sotaquirá,5.748833333,-73.18988889,Río Chicamocha,1981_2022,1981-01-01,2022-12-31,15340,13991,0,0,8.794002607561929,441,8.794002607561929,441,8.794002607561929,441,8.794002607561929,441,441,True
24037130,Boyacá,636756.66,-8147461.16,2547,1/01/1981,30/12/2022,13991,8.788,1023.6,240.13,2.12,0.29,3852,2925.42,2546.0,59.34,2.35e-05,77.7,93.16,66.13,51.12,32.23,40.97,LA REFORMA [24037130],Sotaquirá,5.748833333,-73.18988889,Río Chicamocha,1998_2022,1998-01-01,2022-12-31,9131,13991,0,0,14.773847333260322,237,14.773847333260322,237,14.773847333260322,237,14.773847333260322,237,237,False
24037290,Boyacá,637985.39,-8115917.55,2498,1/01/1981,31/12/2022,15181,1.037,2360.35,350.14,2.03,0.16,3983,2928.04,2495.07,120.83,1.74e-05,77.72,180.82,114.76,78.64,58.59,21.77,PUENTE CHAMEZA  - AUT [24037290],Sogamoso,5.759888889,-72.90652778,Río Chicamocha,1981_2022,1981-01-01,2022-12-31,15340,15181,0,0,1.0365058670143417,478,1.0365058670143417,478,1.0365058670143417,478,1.0365058670143417,478,478,True
24037290,Boyacá,637985.39,-8115917.55,2498,1/01/1981,31/12/2022,15181,1.037,2360.35,350.14,2.03,0.16,3983,2928.04,2495.07,120.83,1.74e-05,77.72,180.82,114.76,78.64,58.59,21.77,PUENTE CHAMEZA  - AUT [24037290],Sogamoso,5.759888889,-72.90652778,Río Chicamocha,1998_2022,1998-01-01,2022-12-31,9131,15181,0,0,1.7413207753805715,274,1.7413207753805715,274,1.7413207753805715,274,1.7413207753805715,274,274,True
24037370,Santander,708883.86,-8105973.01,1829,1/01/1981,31/08/2022,14658,3.68,349.39,126.33,1.91,0.26,4186,2914.08,1813.0,36.87,0.000158,67.41,30.97,26.48,25.01,15.62,80.37,MOMPA IZQUIERDO [24037370],Onzaga,6.397416667,-72.81719444,Río Chicamocha,1981_2022,1981-01-01,2022-12-31,15340,14658,0,0,4.445893089960887,476,4.445893089960887,476,4.445893089960887,476,4.445893089960887,476,476,True
24037370,Santander,708883.86,-8105973.01,1829,1/01/1981,31/08/2022,14658,3.68,349.39,126.33,1.91,0.26,4186,2914.08,1813.0,36.87,0.000158,67.41,30.97,26.48,25.01,15.62,80.37,MOMPA IZQUIERDO [24037370],Onzaga,6.397416667,-72.81719444,Río Chicamocha,1998_2022,1998-01-01,2022-12-31,9131,14658,0,0,7.118606943379696,274,7.118606943379696,274,7.118606943379696,274,7.118606943379696,274,274,True
24037390,Santander,721818.76,-8092244.11,1103,1/01/1981,31/12/2015,12189,4.647,6483.36,704.78,2.47,0.11,5351,3006.18,1102.0,240.14,2.32e-05,76.42,274.49,162.36,103.12,93.46,55.16,CAPITANEJO [24037390],Covarachía,6.5124028,-72.692761111,Río Chicamocha,1981_2022,1981-01-01,2022-12-31,15340,12189,0,0,20.541069100391134,396,20.541069100391134,396,20.541069100391134,396,20.541069100391134,396,396,False
24037390,Santander,721818.76,-8092244.11,1103,1/01/1981,31/12/2015,12189,4.647,6483.36,704.78,2.47,0.11,5351,3006.18,1102.0,240.14,2.32e-05,76.42,274.49,162.36,103.12,93.46,55.16,CAPITANEJO [24037390],Covarachía,6.5124028,-72.692761111,Río Chicamocha,1998_2022,1998-01-01,2022-12-31,9131,12189,0,0,32.14324827510678,200,32.14324827510678,200,32.14324827510678,200,32.14324827510678,200,200,False
24037410,Boyacá,666280.46,-8104634.38,2611,1/01/1981,31/08/2022,14474,4.889,248.03,100.35,1.8,0.23,4084,3070.92,2569.0,32.66,4.52e-05,72.49,45.71,36.59,32.2,18.08,57.92,PUENTE COLORADO [24037410],Belén,6.014027778,-72.80605556,Río Chicamocha,1981_2022,1981-01-01,2022-12-31,15340,14474,0,0,5.645371577574967,468,5.645371577574967,468,5.645371577574967,468,5.645371577574967,468,468,True
24037410,Boyacá,666280.46,-8104634.38,2611,1/01/1981,31/08/2022,14474,4.889,248.03,100.35,1.8,0.23,4084,3070.92,2569.0,32.66,4.52e-05,72.49,45.71,36.59,32.2,18.08,57.92,PUENTE COLORADO [24037410],Belén,6.014027778,-72.80605556,Río Chicamocha,1998_2022,1998-01-01,2022-12-31,9131,14474,0,0,9.484174789179717,264,9.484174789179717,264,9.484174789179717,264,9.484174789179717,264,264,True
24037460,Boyacá,636886.32,-8118901.53,2497,1/01/1981,31/12/2001,7285,5.02,2328.32,358.97,2.1,0.17,3981,2930.48,2495.14,116.89,1.77e-05,77.72,175.13,111.75,77.02,56.95,26.99,CAMBULOS LOS [24037460],Sogamoso,5.75,-72.93333333,Río Chicamocha,1981_2022,1981-01-01,2022-12-31,15340,7285,0,0,52.50977835723598,238,52.50977835723598,238,52.50977835723598,238,52.50977835723598,238,238,False
24037460,Boyacá,636886.32,-8118901.53,2497,1/01/1981,31/12/2001,7285,5.02,2328.32,358.97,2.1,0.17,3981,2930.48,2495.14,116.89,1.77e-05,77.72,175.13,111.75,77.02,56.95,26.99,CAMBULOS LOS [24037460],Sogamoso,5.75,-72.93333333,Río Chicamocha,1998_2022,1998-01-01,2022-12-31,9131,7285,0,0,88.21596758295915,34,88.21596758295915,34,88.21596758295915,34,88.21596758295915,34,34,False
24037580,Boyacá,617955.08,-8150058.62,2691,1/03/1991,28/06/2022,10309,9.91,151.06,71.32,1.64,0.27,3793,3090.62,2684.0,23.68,0.000138,77.16,23.25,20.86,20.76,11.46,32.1,SAN FRANCISCO [24037580],Toca,5.579638889,-73.21322222,Río Chicamocha,1981_2022,1981-01-01,2022-12-31,15340,10309,0,0,32.79661016949152,311,32.79661016949152,311,32.79661016949152,311,32.79661016949152,311,311,False
24037580,Boyacá,617955.08,-8150058.62,2691,1/03/1991,28/06/2022,10309,9.91,151.06,71.32,1.64,0.27,3793,3090.62,2684.0,23.68,0.000138,77.16,23.25,20.86,20.76,11.46,32.1,SAN FRANCISCO [24037580],Toca,5.579638889,-73.21322222,Río Chicamocha,1998_2022,1998-01-01,2022-12-31,9131,10309,0,0,13.284415726645493,235,13.284415726645493,235,13.284415726645493,235,13.284415726645493,235,235,False
24040060,Santander,732220.3,-8156803.76,549,1/01/1981,16/02/2006,9032,1.591,9891.64,786.71,2.23,0.13,4299,2255.62,542.0,275.07,1.98e-05,72.59,324.03,186.36,114.85,106.81,26.48,REMOLINO [24040060],Cabrera,6.606111111,-73.27611111,Río Suárez,1981_2022,1981-01-01,2022-12-31,15340,9032,0,0,41.12125162972621,279,41.12125162972621,279,41.12125162972621,279,41.12125162972621,279,279,False
24040060,Santander,732220.3,-8156803.76,549,1/01/1981,16/02/2006,9032,1.591,9891.64,786.71,2.23,0.13,4299,2255.62,542.0,275.07,1.98e-05,72.59,324.03,186.36,114.85,106.81,26.48,REMOLINO [24040060],Cabrera,6.606111111,-73.27611111,Río Suárez,1998_2022,1998-01-01,2022-12-31,9131,9032,0,0,67.97722045778119,85,67.97722045778119,85,67.97722045778119,85,67.97722045778119,85,85,False
24067010,Santander,780311.52,-8164264.22,199,1/01/1984,31/12/2010,9176,6.956,20905.58,1221.61,2.38,0.14,5346,2450.5,199.0,393.59,2.26e-05,73.79,406.04,224.8,132.98,136.8,118.7,TABLAZO EL [24067010],Betulia,7.038888889,-73.34083333,Río Sogamoso,1981_2022,1981-01-01,2022-12-31,15340,9176,0,0,40.182529335071706,184,40.182529335071706,184,40.182529335071706,184,40.182529335071706,184,184,False
24067010,Santander,780311.52,-8164264.22,199,1/01/1984,31/12/2010,9176,6.956,20905.58,1221.61,2.38,0.14,5346,2450.5,199.0,393.59,2.26e-05,73.79,406.04,224.8,132.98,136.8,118.7,TABLAZO EL [24067010],Betulia,7.038888889,-73.34083333,Río Sogamoso,1998_2022,1998-01-01,2022-12-31,9131,9176,0,0,53.2252765305005,41,53.2252765305005,41,53.2252765305005,41,53.2252765305005,41,41,False
24067020,Santander,802013.48,-8214724.3,77,1/08/1992,31/12/2022,10742,3.312,22714.36,1447.22,2.71,0.1,5351,2309.29,76.05,474.02,2.06e-05,73.49,485.48,260.8,149.33,160.35,25.16,PUENTE SOGAMOSO [24067020],Puerto Wilches,7.244166667,-73.7875,Río Sogamoso,1981_2022,1981-01-01,2022-12-31,15340,10742,0,0,29.97392438070404,312,29.97392438070404,312,29.97392438070404,312,29.97392438070404,312,312,False
24067020,Santander,802013.48,-8214724.3,77,1/08/1992,31/12/2022,10742,3.312,22714.36,1447.22,2.71,0.1,5351,2309.29,76.05,474.02,2.06e-05,73.49,485.48,260.8,149.33,160.35,25.16,PUENTE SOGAMOSO [24067020],Puerto Wilches,7.244166667,-73.7875,Río Sogamoso,1998_2022,1998-01-01,2022-12-31,9131,10742,0,0,3.2088489760157706,256,3.2088489760157706,256,3.2088489760157706,256,3.2088489760157706,256,256,False
25027050,Antioquia,891616.11,-8343698.56,44,1/01/1981,31/12/2022,14225,7.269,41791.41,2892.4,3.99,0.03,5314,1693.08,40.04,1190.04,1.46e-05,71.97,1126.47,524.97,257.95,344.65,31.21,MARGENTO - AUT [25027050],Caucasia,8.036472222,-74.952452778,Bajo San Jorge - La Mojana,1981_2022,1981-01-01,2022-12-31,15340,14225,0,0,7.268578878748371,449,7.268578878748371,449,7.268578878748371,449,7.268578878748371,449,449,False
25027050,Antioquia,891616.11,-8343698.56,44,1/01/1981,31/12/2022,14225,7.269,41791.41,2892.4,3.99,0.03,5314,1693.08,40.04,1190.04,1.46e-05,71.97,1126.47,524.97,257.95,344.65,31.21,MARGENTO - AUT [25027050],Caucasia,8.036472222,-74.952452778,Bajo San Jorge - La Mojana,1998_2022,1998-01-01,2022-12-31,9131,14225,0,0,6.724345635746358,264,6.724345635746358,264,6.724345635746358,264,6.724345635746358,264,264,False
26017020,Cauca,272936.76,-8532005.07,1691,1/01/1981,31/12/2006,9235,2.749,727.1,204.96,2.14,0.12,4665,2982.97,1718.01,78.33,5.07e-05,72.21,85.78,61.75,48.46,34.39,18.42,JULUMITO [26017020],Popayán,2.467583333,-76.64430556,Alto Río Cauca,1981_2022,1981-01-01,2022-12-31,15340,9235,0,0,39.79791395045632,297,39.79791395045632,297,39.79791395045632,297,39.79791395045632,297,297,False
26017020,Cauca,272936.76,-8532005.07,1691,1/01/1981,31/12/2006,9235,2.749,727.1,204.96,2.14,0.12,4665,2982.97,1718.01,78.33,5.07e-05,72.21,85.78,61.75,48.46,34.39,18.42,JULUMITO [26017020],Popayán,2.467583333,-76.64430556,Alto Río Cauca,1998_2022,1998-01-01,2022-12-31,9131,9235,0,0,66.13733435549229,96,66.13733435549229,96,66.13733435549229,96,66.13733435549229,96,96,False
26017040,Cauca,270738.58,-8517496.43,2006,1/01/1981,31/12/2022,14976,2.373,58.53,46.66,1.72,0.17,3822,2732.86,2006.0,18.66,0.00157,71.3,7.58,8.22,10.03,6.02,45.04,PUENTE CARRETERA [26017040],Popayán,2.447722222,-76.513972222,Alto Río Cauca,1981_2022,1981-01-01,2022-12-31,15340,14976,0,0,2.3728813559322033,488,2.3728813559322033,488,2.3728813559322033,488,2.3728813559322033,488,488,False
26017040,Cauca,270738.58,-8517496.43,2006,1/01/1981,31/12/2022,14976,2.373,58.53,46.66,1.72,0.17,3822,2732.86,2006.0,18.66,0.00157,71.3,7.58,8.22,10.03,6.02,45.04,PUENTE CARRETERA [26017040],Popayán,2.447722222,-76.513972222,Alto Río Cauca,1998_2022,1998-01-01,2022-12-31,9131,14976,0,0,2.212244003942613,291,2.212244003942613,291,2.212244003942613,291,2.212244003942613,291,291,False
26017060,Cauca,243324.01,-8515941.05,3016,1/01/1981,18/04/2022,14657,2.824,129.99,81.78,2.02,0.3,4531,3258.15,2990.0,20.67,0.000162,66.25,19.64,18.14,18.61,10.02,46.7,PUENTE ARAGÓN - AUT [26017060],Puracé (Coconuco),2.2,-76.5,Alto Río Cauca,1981_2022,1981-01-01,2022-12-31,15340,14657,0,0,4.4524119947848755,453,4.4524119947848755,453,4.4524119947848755,453,4.4524119947848755,453,453,True
26017060,Cauca,243324.01,-8515941.05,3016,1/01/1981,18/04/2022,14657,2.824,129.99,81.78,2.02,0.3,4531,3258.15,2990.0,20.67,0.000162,66.25,19.64,18.14,18.61,10.02,46.7,PUENTE ARAGÓN - AUT [26017060],Puracé (Coconuco),2.2,-76.5,Alto Río Cauca,1998_2022,1998-01-01,2022-12-31,9131,14657,0,0,7.480013142043587,249,7.480013142043587,249,7.480013142043587,249,7.480013142043587,249,249,True
26017070,Cauca,242140.6,-8513918.74,2999,1/01/1981,31/10/2022,14251,6.728,71.51,60.32,2.01,0.37,3533,3220.12,2999.01,13.86,7.3e-05,62.62,19.64,18.13,18.61,8.6,61.12,LOMITAS [26017070],Puracé (Coconuco),2.189305556,-76.48183333,Alto Río Cauca,1981_2022,1981-01-01,2022-12-31,15340,14251,0,0,7.0990873533246415,453,7.0990873533246415,453,7.0990873533246415,453,7.0990873533246415,453,453,False
26017070,Cauca,242140.6,-8513918.74,2999,1/01/1981,31/10/2022,14251,6.728,71.51,60.32,2.01,0.37,3533,3220.12,2999.01,13.86,7.3e-05,62.62,19.64,18.13,18.61,8.6,61.12,LOMITAS [26017070],Puracé (Coconuco),2.189305556,-76.48183333,Alto Río Cauca,1998_2022,1998-01-01,2022-12-31,9131,14251,0,0,11.926404555908444,249,11.926404555908444,249,11.926404555908444,249,11.926404555908444,249,249,False
26027090,Cauca,290182.09,-8500195.52,2586,1/01/1981,31/10/2022,15102,1.158,151.04,74.84,1.72,0.26,3876,3381.1,2586.0,23.96,0.000185,68.51,20.93,19.12,19.39,10.93,50.39,CORTIJO EL [26027090],Silvia,2.623388889,-76.358555556,Río Piendamo,1981_2022,1981-01-01,2022-12-31,15340,15102,0,0,1.5514993481095176,480,1.5514993481095176,480,1.5514993481095176,480,1.5514993481095176,480,480,True
26027090,Cauca,290182.09,-8500195.52,2586,1/01/1981,31/10/2022,15102,1.158,151.04,74.84,1.72,0.26,3876,3381.1,2586.0,23.96,0.000185,68.51,20.93,19.12,19.39,10.93,50.39,CORTIJO EL [26027090],Silvia,2.623388889,-76.358555556,Río Piendamo,1998_2022,1998-01-01,2022-12-31,9131,15102,0,0,2.6065053115759502,276,2.6065053115759502,276,2.6065053115759502,276,2.6065053115759502,276,276,True
26027100,Cauca,290458.82,-8518390.07,1802,1/01/1981,31/12/2022,15253,0.567,285.46,132.29,2.21,0.11,3876,3059.98,1800.0,51.87,0.000102,70.02,47.64,37.87,33.08,22.0,26.19,PUENTE CARRETERA [26027100],Piendamó,2.625888889,-76.522,Río Piendamo,1981_2022,1981-01-01,2022-12-31,15340,15253,0,0,0.5671447196870926,490,0.5671447196870926,490,0.5671447196870926,490,0.5671447196870926,490,490,True
26027100,Cauca,290458.82,-8518390.07,1802,1/01/1981,31/12/2022,15253,0.567,285.46,132.29,2.21,0.11,3876,3059.98,1800.0,51.87,0.000102,70.02,47.64,37.87,33.08,22.0,26.19,PUENTE CARRETERA [26027100],Piendamó,2.625888889,-76.522,Río Piendamo,1998_2022,1998-01-01,2022-12-31,9131,15253,0,0,0.9527981601138977,286,0.9527981601138977,286,0.9527981601138977,286,0.9527981601138977,286,286,True
26027200,Cauca,280592.21,-8522447.05,1759,1/01/1981,31/12/2022,13977,8.885,248.69,155.57,2.78,0.07,3811,3058.11,1753.0,59.19,7.6e-05,70.42,59.16,45.34,38.07,25.74,34.05,PUENTE CARRETERA  - AUT [26027200],Popayán,2.53675,-76.558444444,Río Palacé,1981_2022,1981-01-01,2022-12-31,15340,13977,0,0,8.885267275097783,445,8.885267275097783,445,8.885267275097783,445,8.885267275097783,445,445,True
26027200,Cauca,280592.21,-8522447.05,1759,1/01/1981,31/12/2022,13977,8.885,248.69,155.57,2.78,0.07,3811,3058.11,1753.0,59.19,7.6e-05,70.42,59.16,45.34,38.07,25.74,34.05,PUENTE CARRETERA  - AUT [26027200],Popayán,2.53675,-76.558444444,Río Palacé,1998_2022,1998-01-01,2022-12-31,9131,13977,0,0,13.262512320665865,246,13.262512320665865,246,13.262512320665865,246,13.262512320665865,246,246,False
26027210,Cauca,336087.35,-8517255.23,1022,1/01/1981,31/07/2021,13168,11.159,157.28,80.08,1.8,0.25,2654,1334.23,1020.0,25.2,8.65e-05,75.1,29.16,25.18,24.05,13.12,120.66,PUENTE FERROCARRIL [26027210],Santander De Quilichao,3.038027778,-76.511805556,Río Quinamayo y otros directos al Cauca,1981_2022,1981-01-01,2022-12-31,15340,13168,0,0,14.159061277705346,414,14.159061277705346,414,14.159061277705346,414,14.159061277705346,414,414,False
26027210,Cauca,336087.35,-8517255.23,1022,1/01/1981,31/07/2021,13168,11.159,157.28,80.08,1.8,0.25,2654,1334.23,1020.0,25.2,8.65e-05,75.1,29.16,25.18,24.05,13.12,120.66,PUENTE FERROCARRIL [26027210],Santander De Quilichao,3.038027778,-76.511805556,Río Quinamayo y otros directos al Cauca,1998_2022,1998-01-01,2022-12-31,9131,13168,0,0,23.54616142810207,212,23.54616142810207,212,23.54616142810207,212,23.54616142810207,212,212,False
26027250,Cauca,335945.86,-8524760.02,1035,1/01/1981,31/12/2019,13744,3.51,127.74,70.81,1.77,0.1,2142,1366.32,1021.0,35.6,4.96e-05,74.91,47.15,37.55,32.85,18.97,50.28,BUENOS AIRES [26027250],Santander De Quilichao,3.03675,-76.579222222,Río Quinamayo y otros directos al Cauca,1981_2022,1981-01-01,2022-12-31,15340,13744,0,0,10.404172099087353,440,10.404172099087353,440,10.404172099087353,440,10.404172099087353,440,440,False
26027250,Cauca,335945.86,-8524760.02,1035,1/01/1981,31/12/2019,13744,3.51,127.74,70.81,1.77,0.1,2142,1366.32,1021.0,35.6,4.96e-05,74.91,47.15,37.55,32.85,18.97,50.28,BUENOS AIRES [26027250],Santander De Quilichao,3.03675,-76.579222222,Río Quinamayo y otros directos al Cauca,1998_2022,1998-01-01,2022-12-31,9131,13744,0,0,13.306319132625125,252,13.306319132625125,252,13.306319132625125,252,13.306319132625125,252,252,False
26037010,Cauca,278144.88,-8552824.9,1628,1/01/1981,31/01/2021,14385,1.749,155.31,79.93,1.81,0.35,3049,2025.26,1625.0,20.95,0.000185,68.8,18.86,17.54,18.12,9.87,76.16,REMOLINO [26037010],El Tambo,2.514638889,-76.831333333,Rio Salado y otros directos Cauca,1981_2022,1981-01-01,2022-12-31,15340,14385,0,0,6.225554106910039,463,6.225554106910039,463,6.225554106910039,463,6.225554106910039,463,463,True
26037010,Cauca,278144.88,-8552824.9,1628,1/01/1981,31/01/2021,14385,1.749,155.31,79.93,1.81,0.35,3049,2025.26,1625.0,20.95,0.000185,68.8,18.86,17.54,18.12,9.87,76.16,REMOLINO [26037010],El Tambo,2.514638889,-76.831333333,Rio Salado y otros directos Cauca,1998_2022,1998-01-01,2022-12-31,9131,14385,0,0,10.458876355273244,259,10.458876355273244,259,10.458876355273244,259,10.458876355273244,259,259,False
26047020,Cauca,338738.8,-8499107.07,1102,1/01/1981,31/12/2019,13353,6.255,844.13,225.28,2.19,0.23,4321,2633.15,1096.0,61.2,0.000111,69.19,52.5,41.06,35.23,24.58,44.45,BOCATOMA RIO PALO [26047020],Caloto,3.061972222,-76.348777778,Río Palo,1981_2022,1981-01-01,2022-12-31,15340,13353,0,0,12.953063885267275,425,12.953063885267275,425,12.953063885267275,425,12.953063885267275,425,425,False
26047020,Cauca,338738.8,-8499107.07,1102,1/01/1981,31/12/2019,13353,6.255,844.13,225.28,2.19,0.23,4321,2633.15,1096.0,61.2,0.000111,69.19,52.5,41.06,35.23,24.58,44.45,BOCATOMA RIO PALO [26047020],Caloto,3.061972222,-76.348777778,Río Palo,1998_2022,1998-01-01,2022-12-31,9131,13353,0,0,17.413207753805718,234,17.413207753805718,234,17.413207753805718,234,17.413207753805718,234,234,False
26057040,Valle Del Cauca,344844.73,-8529747.75,1022,1/01/1981,31/12/2022,15285,0.359,396.15,155.76,2.21,0.2,3398,1800.39,1022.0,44.04,5.84e-05,67.22,52.16,40.83,35.08,21.62,194.82,TIMBA [26057040],Jamundí,3.117111111,-76.624027778,Río Timba,1981_2022,1981-01-01,2022-12-31,15340,15285,0,0,0.35853976531942633,496,0.35853976531942633,496,0.35853976531942633,496,0.35853976531942633,496,496,True
26057040,Valle Del Cauca,344844.73,-8529747.75,1022,1/01/1981,31/12/2022,15285,0.359,396.15,155.76,2.21,0.2,3398,1800.39,1022.0,44.04,5.84e-05,67.22,52.16,40.83,35.08,21.62,194.82,TIMBA [26057040],Jamundí,3.117111111,-76.624027778,Río Timba,1998_2022,1998-01-01,2022-12-31,9131,15285,0,0,0.6023436644398205,292,0.6023436644398205,292,0.6023436644398205,292,0.6023436644398205,292,292,True
26127040,Risaralda,526683.09,-8449065.86,938,1/01/1981,31/12/2022,15085,1.662,2797.19,380.0,2.03,0.11,4795,1826.21,940.54,159.45,2.64e-05,72.6,190.53,119.86,81.36,66.8,31.1,CARTAGO AUT [26127040],Pereira,4.757611111,-75.89925,Río La Vieja,1981_2022,1981-01-01,2022-12-31,15340,15085,0,0,1.6623207301173404,485,1.6623207301173404,485,1.6623207301173404,485,1.6623207301173404,485,485,True
26127040,Risaralda,526683.09,-8449065.86,938,1/01/1981,31/12/2022,15085,1.662,2797.19,380.0,2.03,0.11,4795,1826.21,940.54,159.45,2.64e-05,72.6,190.53,119.86,81.36,66.8,31.1,CARTAGO AUT [26127040],Pereira,4.757611111,-75.89925,Río La Vieja,1998_2022,1998-01-01,2022-12-31,9131,15085,0,0,1.7851275873398311,285,1.7851275873398311,285,1.7851275873398311,285,1.7851275873398311,285,285,True
26137110,Risaralda,528433.84,-8419433.23,1603,1/01/1981,24/05/2017,12951,2.573,276.44,114.67,1.95,0.15,4886,3242.25,1598.0,43.52,0.000175,68.35,33.83,28.49,26.48,17.38,83.63,BANANERA LA 6-909 [26137110],Pereira,4.773388889,-75.63305556,Río Otún y otros directos al Cauca,1981_2022,1981-01-01,2022-12-31,15340,12951,0,0,15.573663624511083,410,15.573663624511083,410,15.573663624511083,410,15.573663624511083,410,410,False
26137110,Risaralda,528433.84,-8419433.23,1603,1/01/1981,24/05/2017,12951,2.573,276.44,114.67,1.95,0.15,4886,3242.25,1598.0,43.52,0.000175,68.35,33.83,28.49,26.48,17.38,83.63,BANANERA LA 6-909 [26137110],Pereira,4.773388889,-75.63305556,Río Otún y otros directos al Cauca,1998_2022,1998-01-01,2022-12-31,9131,12951,0,0,24.739897053991896,213,24.739897053991896,213,24.739897053991896,213,24.739897053991896,213,213,False
26137120,Risaralda,538369.22,-8418334.51,1699,1/01/1981,31/10/1994,5044,0.158,79.81,67.85,2.14,0.14,4356,2496.96,1689.0,23.57,0.00022,68.09,19.33,17.9,18.42,10.45,83.21,REINA LA [26137120],Santa Rosa De Cabal,4.866666667,-75.61666667,Río Otún y otros directos al Cauca,1981_2022,1981-01-01,2022-12-31,15340,5044,0,0,67.11864406779661,164,67.11864406779661,164,67.11864406779661,164,67.11864406779661,164,164,False
26137120,Risaralda,538369.22,-8418334.51,1699,1/01/1981,31/10/1994,5044,0.158,79.81,67.85,2.14,0.14,4356,2496.96,1689.0,23.57,0.00022,68.09,19.33,17.9,18.42,10.45,83.21,REINA LA [26137120],Santa Rosa De Cabal,4.866666667,-75.61666667,Río Otún y otros directos al Cauca,1998_2022,1998-01-01,2022-12-31,9131,5044,0,0,100.0,0,100.0,0,100.0,0,100.0,0,0,False
26147130,Risaralda,559405.54,-8454427.75,1108,1/01/1981,11/07/2019,13178,6.346,241.45,103.78,1.88,0.25,3890,2083.14,1104.0,31.26,0.000102,67.98,32.29,27.41,25.69,14.98,50.57,BRETANA LA [26147130],Apía,5.052444444,-75.94741667,Río Risaralda,1981_2022,1981-01-01,2022-12-31,15340,13178,0,0,14.09387222946545,431,14.09387222946545,431,14.09387222946545,431,14.09387222946545,431,431,False
26147130,Risaralda,559405.54,-8454427.75,1108,1/01/1981,11/07/2019,13178,6.346,241.45,103.78,1.88,0.25,3890,2083.14,1104.0,31.26,0.000102,67.98,32.29,27.41,25.69,14.98,50.57,BRETANA LA [26147130],Apía,5.052444444,-75.94741667,Río Risaralda,1998_2022,1998-01-01,2022-12-31,9131,13178,0,0,23.67758186397985,227,23.67758186397985,227,23.67758186397985,227,23.67758186397985,227,227,False
26147140,Caldas,552245.66,-8444575.98,947,1/01/1981,31/12/2016,12873,2.099,845.42,243.78,2.36,0.08,3298,1786.26,943.03,102.16,4.05e-05,71.43,114.71,78.62,58.52,43.91,31.37,PUENTE NEGRO  - AUT [26147140],Belalcazar,4.987944444,-75.85891667,Río Risaralda,1981_2022,1981-01-01,2022-12-31,15340,12873,0,0,16.08213820078227,408,16.08213820078227,408,16.08213820078227,408,16.08213820078227,408,408,False
26147140,Caldas,552245.66,-8444575.98,947,1/01/1981,31/12/2016,12873,2.099,845.42,243.78,2.36,0.08,3298,1786.26,943.03,102.16,4.05e-05,71.43,114.71,78.62,58.52,43.91,31.37,PUENTE NEGRO  - AUT [26147140],Belalcazar,4.987944444,-75.85891667,Río Risaralda,1998_2022,1998-01-01,2022-12-31,9131,12873,0,0,25.035593034716896,210,25.035593034716896,210,25.035593034716896,210,25.035593034716896,210,210,False
26157020,Caldas,567657.86,-8423678.83,855,1/01/1981,31/12/2014,11570,6.829,1056.19,236.2,2.05,0.17,5316,2518.71,846.0,78.79,7.99e-05,69.74,72.32,53.58,43.37,31.68,73.26,RETIRO EL [26157020],Palestina,5.126777778,-75.67119444,Río Chinchiná,1981_2022,1981-01-01,2022-12-31,15340,11570,0,0,24.576271186440678,372,24.576271186440678,372,24.576271186440678,372,24.576271186440678,372,372,False
26157020,Caldas,567657.86,-8423678.83,855,1/01/1981,31/12/2014,11570,6.829,1056.19,236.2,2.05,0.17,5316,2518.71,846.0,78.79,7.99e-05,69.74,72.32,53.58,43.37,31.68,73.26,RETIRO EL [26157020],Palestina,5.126777778,-75.67119444,Río Chinchiná,1998_2022,1998-01-01,2022-12-31,9131,11570,0,0,36.16252327236885,186,36.16252327236885,186,36.16252327236885,186,36.16252327236885,186,186,False
26157100,Caldas,566828.27,-8411826.4,1177,1/01/1990,10/03/2005,5140,7.354,306.93,117.77,1.9,0.19,3918,2550.26,1177.0,40.62,0.000161,68.14,33.14,28.01,26.13,16.76,43.49,SAN GABRIEL [26157100],Manizales,5.119305556,-75.56472222,Río Chinchiná,1981_2022,1981-01-01,2022-12-31,15340,5140,0,0,66.49282920469362,164,66.49282920469362,164,66.49282920469362,164,66.49282920469362,164,164,False
26157100,Caldas,566828.27,-8411826.4,1177,1/01/1990,10/03/2005,5140,7.354,306.93,117.77,1.9,0.19,3918,2550.26,1177.0,40.62,0.000161,68.14,33.14,28.01,26.13,16.76,43.49,SAN GABRIEL [26157100],Manizales,5.119305556,-75.56472222,Río Chinchiná,1998_2022,1998-01-01,2022-12-31,9131,5140,0,0,71.36129668163399,82,71.36129668163399,82,71.36129668163399,82,71.36129668163399,82,82,False
26167070,Caldas,583372.67,-8422899.6,833,1/01/1981,31/12/2022,14480,5.606,24648.02,1595.61,2.87,0.05,5316,1860.41,764.05,689.3,1.53e-05,72.92,725.54,364.19,193.85,225.41,53.12,IRRA  - AUT [26167070],Neira,5.268305556,-75.66419444,Rio Tapias y otros directos al Cauca,1981_2022,1981-01-01,2022-12-31,15340,14480,0,0,5.60625814863103,465,5.60625814863103,465,5.60625814863103,465,5.60625814863103,465,465,False
26167070,Caldas,583372.67,-8422899.6,833,1/01/1981,31/12/2022,14480,5.606,24648.02,1595.61,2.87,0.05,5316,1860.41,764.05,689.3,1.53e-05,72.92,725.54,364.19,193.85,225.41,53.12,IRRA  - AUT [26167070],Neira,5.268305556,-75.66419444,Rio Tapias y otros directos al Cauca,1998_2022,1998-01-01,2022-12-31,9131,14480,0,0,8.410907896177857,264,8.410907896177857,264,8.410907896177857,264,8.410907896177857,264,264,False
26167080,Caldas,583963.19,-8421645.19,791,1/01/1988,30/09/2008,6960,8.167,124.86,94.0,2.37,0.1,3309,1709.99,786.0,35.69,0.000107,71.6,35.07,29.36,27.11,16.41,26.57,GUACARI [26167080],Filadelfia,5.279888889,-75.64836111,Rio Tapias y otros directos al Cauca,1981_2022,1981-01-01,2022-12-31,15340,6960,0,0,54.628422425032596,219,54.628422425032596,219,54.628422425032596,219,54.628422425032596,219,219,False
26167080,Caldas,583963.19,-8421645.19,791,1/01/1988,30/09/2008,6960,8.167,124.86,94.0,2.37,0.1,3309,1709.99,786.0,35.69,0.000107,71.6,35.07,29.36,27.11,16.41,26.57,GUACARI [26167080],Filadelfia,5.279888889,-75.64836111,Rio Tapias y otros directos al Cauca,1998_2022,1998-01-01,2022-12-31,9131,6960,0,0,63.760814806702435,101,63.760814806702435,101,63.760814806702435,101,63.760814806702435,101,101,False
26167090,Caldas,593148.83,-8403826.86,1453,1/01/1988,13/05/2011,7683,9.972,209.65,89.01,1.73,0.22,3835,2575.86,1450.0,30.97,0.000179,70.6,25.84,22.78,22.23,13.37,81.63,COSTA AZUL  [26167090],Salamina,5.356333333,-75.49286111,Rio Tapias y otros directos al Cauca,1981_2022,1981-01-01,2022-12-31,15340,7683,0,0,49.91525423728814,220,49.91525423728814,220,49.91525423728814,220,49.91525423728814,220,220,False
26167090,Caldas,593148.83,-8403826.86,1453,1/01/1988,13/05/2011,7683,9.972,209.65,89.01,1.73,0.22,3835,2575.86,1450.0,30.97,0.000179,70.6,25.84,22.78,22.23,13.37,81.63,COSTA AZUL  [26167090],Salamina,5.356333333,-75.49286111,Rio Tapias y otros directos al Cauca,1998_2022,1998-01-01,2022-12-31,9131,7683,0,0,51.834410250793994,114,51.834410250793994,114,51.834410250793994,114,51.834410250793994,114,114,False
26177010,Caldas,603876.79,-8421693.64,1187,1/01/1981,31/12/2010,9906,9.592,149.07,81.29,1.88,0.3,3301,2055.93,1185.0,22.33,0.000161,70.69,20.94,19.13,19.4,10.65,136.8,PUENTE CARRETERA [26177010],Supia,5.452916667,-75.653361111,Río Frío y Otros Directos al Cauca,1981_2022,1981-01-01,2022-12-31,15340,9906,0,0,35.42372881355932,308,35.42372881355932,308,35.42372881355932,308,35.42372881355932,308,308,False
26177010,Caldas,603876.79,-8421693.64,1187,1/01/1981,31/12/2010,9906,9.592,149.07,81.29,1.88,0.3,3301,2055.93,1185.0,22.33,0.000161,70.69,20.94,19.13,19.4,10.65,136.8,PUENTE CARRETERA [26177010],Supia,5.452916667,-75.653361111,Río Frío y Otros Directos al Cauca,1998_2022,1998-01-01,2022-12-31,9131,9906,0,0,57.70452305333479,112,57.70452305333479,112,57.70452305333479,112,57.70452305333479,112,112,False
26177030,Risaralda,541652.09,-8447222.91,928,1/01/1981,31/12/2022,15298,0.274,21924.14,1599.7,3.05,0.06,4795,1826.87,940.11,610.5,1.55e-05,73.06,658.59,336.04,182.04,205.21,65.52,LA VIRGINIA - AUT [26177030],La Virginia,4.8925,-75.882694444,Río Otún y otros directos al Cauca,1981_2022,1981-01-01,2022-12-31,15340,15298,0,0,0.2737940026075619,497,0.2737940026075619,497,0.2737940026075619,497,0.2737940026075619,497,497,False
26177030,Risaralda,541652.09,-8447222.91,928,1/01/1981,31/12/2022,15298,0.274,21924.14,1599.7,3.05,0.06,4795,1826.87,940.11,610.5,1.55e-05,73.06,658.59,336.04,182.04,205.21,65.52,LA VIRGINIA - AUT [26177030],La Virginia,4.8925,-75.882694444,Río Otún y otros directos al Cauca,1998_2022,1998-01-01,2022-12-31,9131,15298,0,0,0.16427554484722376,295,0.16427554484722376,295,0.16427554484722376,295,0.16427554484722376,295,295,False
26187110,Caldas,635107.2,-8415597.66,606,1/01/1981,31/12/2022,15202,0.9,26536.53,1626.4,2.82,0.05,5316,1852.16,609.02,754.71,1.52e-05,72.85,779.89,386.73,203.16,241.78,42.66,LA PINTADA [26187110],La Pintada,5.7414778,-75.6005638,Río Arma,1981_2022,1981-01-01,2022-12-31,15340,15202,0,0,0.8996088657105608,480,0.8996088657105608,480,0.8996088657105608,480,0.8996088657105608,480,480,False
26187110,Caldas,635107.2,-8415597.66,606,1/01/1981,31/12/2022,15202,0.9,26536.53,1626.4,2.82,0.05,5316,1852.16,609.02,754.71,1.52e-05,72.85,779.89,386.73,203.16,241.78,42.66,LA PINTADA [26187110],La Pintada,5.7414778,-75.6005638,Río Arma,1998_2022,1998-01-01,2022-12-31,9131,15202,0,0,1.5003833096046435,277,1.5003833096046435,277,1.5003833096046435,277,1.5003833096046435,277,277,False
26197010,Antioquia,629255.11,-8446431.3,1235,1/01/1981,31/08/2015,11989,5.308,470.67,140.2,1.82,0.47,3821,2284.16,1218.0,31.68,0.000111,67.44,31.57,26.9,25.32,14.89,44.18,CAMPAMENTO [26197010],Andes,5.681333333,-75.87558333,Río San Juan,1981_2022,1981-01-01,2022-12-31,15340,11989,0,0,21.844850065189046,364,21.844850065189046,364,21.844850065189046,364,21.844850065189046,364,364,False
26197010,Antioquia,629255.11,-8446431.3,1235,1/01/1981,31/08/2015,11989,5.308,470.67,140.2,1.82,0.47,3821,2284.16,1218.0,31.68,0.000111,67.44,31.57,26.9,25.32,14.89,44.18,CAMPAMENTO [26197010],Andes,5.681333333,-75.87558333,Río San Juan,1998_2022,1998-01-01,2022-12-31,9131,11989,0,0,36.67725331289016,162,36.67725331289016,162,36.67725331289016,162,36.67725331289016,162,162,False
26197030,Antioquia,651425.26,-8450074.54,667,1/01/1981,31/05/2015,12013,4.424,1154.02,232.19,1.93,0.29,3991,1973.49,660.0,63.43,6.34e-05,70.0,66.92,50.23,41.24,28.08,48.8,REMOLINO EL [26197030],Pueblorrico,5.8808,-75.908311111,Río San Juan,1981_2022,1981-01-01,2022-12-31,15340,12013,0,0,21.6883963494133,355,21.6883963494133,355,21.6883963494133,355,21.6883963494133,355,355,False
26197030,Antioquia,651425.26,-8450074.54,667,1/01/1981,31/05/2015,12013,4.424,1154.02,232.19,1.93,0.29,3991,1973.49,660.0,63.43,6.34e-05,70.0,66.92,50.23,41.24,28.08,48.8,REMOLINO EL [26197030],Pueblorrico,5.8808,-75.908311111,Río San Juan,1998_2022,1998-01-01,2022-12-31,9131,12013,0,0,35.012594458438286,157,35.012594458438286,157,35.012594458438286,157,35.012594458438286,157,157,False
26207030,Antioquia,645772.06,-8427497.71,592,1/01/1981,31/12/2020,13347,8.645,29114.62,1785.6,2.95,0.05,5316,1867.75,588.02,775.11,1.52e-05,72.63,797.5,393.98,206.13,246.95,101.02,PUENTE IGLESIAS [26207030],Fredonia,5.829944444,-75.7055,Directos Río Cauca  entre Río San Juan y  Pto Valdivia,1981_2022,1981-01-01,2022-12-31,15340,13347,0,0,12.992177314211212,353,12.992177314211212,353,12.992177314211212,353,12.992177314211212,353,353,False
26207030,Antioquia,645772.06,-8427497.71,592,1/01/1981,31/12/2020,13347,8.645,29114.62,1785.6,2.95,0.05,5316,1867.75,588.02,775.11,1.52e-05,72.63,797.5,393.98,206.13,246.95,101.02,PUENTE IGLESIAS [26207030],Fredonia,5.829944444,-75.7055,Directos Río Cauca  entre Río San Juan y  Pto Valdivia,1998_2022,1998-01-01,2022-12-31,9131,13347,0,0,19.71306538166685,205,19.71306538166685,205,19.71306538166685,205,19.71306538166685,205,205,False
26207080,Antioquia,661342.17,-8442470.18,559,1/01/1981,30/12/2020,14533,0.52,31123.09,1887.18,3.02,0.05,5316,1862.56,566.1,804.28,1.51e-05,72.54,822.82,404.35,210.35,254.33,26.81,BOLOMBOLO - AUT [26207080],Venecia,5.97,-75.84,Directos Río Cauca  entre Río San Juan y  Pto Valdivia,1981_2022,1981-01-01,2022-12-31,15340,14533,0,0,5.260756192959583,460,5.260756192959583,460,5.260756192959583,460,5.260756192959583,460,460,False
26207080,Antioquia,661342.17,-8442470.18,559,1/01/1981,30/12/2020,14533,0.52,31123.09,1887.18,3.02,0.05,5316,1862.56,566.1,804.28,1.51e-05,72.54,822.82,404.35,210.35,254.33,26.81,BOLOMBOLO - AUT [26207080],Venecia,5.97,-75.84,Directos Río Cauca  entre Río San Juan y  Pto Valdivia,1998_2022,1998-01-01,2022-12-31,9131,14533,0,0,8.838024312780638,256,8.838024312780638,256,8.838024312780638,256,8.838024312780638,256,256,False
26217010,Antioquia,726418.84,-8445163.49,660,1/01/1981,31/12/2022,14226,7.262,321.74,105.3,1.66,0.24,3488,2056.04,651.0,36.51,0.00015,68.62,31.36,26.75,25.21,15.66,42.7,LA GALERA - AUT [26217010],Santa Fe De Antioquia,6.554972222,-75.86419444,Directos Río Cauca entre Río San Juan y Pto Valdia,1981_2022,1981-01-01,2022-12-31,15340,14226,0,0,7.262059973924381,429,7.262059973924381,429,7.262059973924381,429,7.262059973924381,429,429,True
26217010,Antioquia,726418.84,-8445163.49,660,1/01/1981,31/12/2022,14226,7.262,321.74,105.3,1.66,0.24,3488,2056.04,651.0,36.51,0.00015,68.62,31.36,26.75,25.21,15.66,42.7,LA GALERA - AUT [26217010],Santa Fe De Antioquia,6.554972222,-75.86419444,Directos Río Cauca entre Río San Juan y Pto Valdia,1998_2022,1998-01-01,2022-12-31,9131,14226,0,0,2.891249589311138,262,2.891249589311138,262,2.891249589311138,262,2.891249589311138,262,262,True
26237020,Antioquia,716138.94,-8433153.36,578,1/01/1981,31/12/2017,12817,5.158,194.67,76.97,1.56,0.24,3083,1938.64,569.0,28.48,7.08e-05,71.88,34.61,29.04,26.88,14.96,26.74,PENALTA [26237020],San Jerónimo,6.462611111,-75.75630556,Directos Río Cauca  entre Río San Juan y  Pto Valdivia,1981_2022,1981-01-01,2022-12-31,15340,12817,0,0,16.447196870925683,407,16.447196870925683,407,16.447196870925683,407,16.447196870925683,407,407,False
26237020,Antioquia,716138.94,-8433153.36,578,1/01/1981,31/12/2017,12817,5.158,194.67,76.97,1.56,0.24,3083,1938.64,569.0,28.48,7.08e-05,71.88,34.61,29.04,26.88,14.96,26.74,PENALTA [26237020],San Jerónimo,6.462611111,-75.75630556,Directos Río Cauca  entre Río San Juan y  Pto Valdivia,1998_2022,1998-01-01,2022-12-31,9131,12817,0,0,25.177965173584493,213,25.177965173584493,213,25.177965173584493,213,25.177965173584493,213,213,False
26237040,Antioquia,807977.96,-8393125.03,142,1/01/1981,29/12/2022,14023,8.573,37672.24,2515.22,3.65,0.04,5314,1826.76,142.09,1023.81,1.47e-05,72.02,1000.06,475.52,238.76,306.93,120.18,PUERTO VALDIVIA - AUT [26237040],Valdivia,7.286994444,-75.396730556,Directos Río Cauca  entre Río San Juan y  Pto Valdivia,1981_2022,1981-01-01,2022-12-31,15340,14023,0,0,8.585397653194264,415,8.585397653194264,415,8.585397653194264,415,8.585397653194264,415,415,False
26237040,Antioquia,807977.96,-8393125.03,142,1/01/1981,29/12/2022,14023,8.573,37672.24,2515.22,3.65,0.04,5314,1826.76,142.09,1023.81,1.47e-05,72.02,1000.06,475.52,238.76,306.93,120.18,PUERTO VALDIVIA - AUT [26237040],Valdivia,7.286994444,-75.396730556,Directos Río Cauca  entre Río San Juan y  Pto Valdivia,1998_2022,1998-01-01,2022-12-31,9131,14023,0,0,11.80593582302048,222,11.80593582302048,222,11.80593582302048,222,11.80593582302048,222,222,False
26237100,Antioquia,736434.71,-8440930.26,479,1/01/1984,25/08/1999,5329,6.77,34173.58,2176.44,3.32,0.04,5314,1836.4,465.01,902.41,1.49e-05,72.39,902.49,436.63,223.36,278.1,84.71,OLAYA [26237100],Liborina,6.644944444,-75.82616667,Directos Río Cauca  entre Río San Juan y  Pto Valdivia,1981_2022,1981-01-01,2022-12-31,15340,5329,0,0,65.26075619295958,155,65.26075619295958,155,65.26075619295958,155,65.26075619295958,155,155,False
26237100,Antioquia,736434.71,-8440930.26,479,1/01/1984,25/08/1999,5329,6.77,34173.58,2176.44,3.32,0.04,5314,1836.4,465.01,902.41,1.49e-05,72.39,902.49,436.63,223.36,278.1,84.71,OLAYA [26237100],Liborina,6.644944444,-75.82616667,Directos Río Cauca  entre Río San Juan y  Pto Valdivia,1998_2022,1998-01-01,2022-12-31,9131,5329,0,0,93.40707480013141,19,93.40707480013141,19,93.40707480013141,19,93.40707480013141,19,19,False
26247020,Antioquia,883054.33,-8371225.71,49,1/01/1981,31/12/2022,15220,0.782,41286.78,2730.55,3.79,0.03,5316,1713.14,46.01,1143.59,1.47e-05,71.89,1089.94,510.78,252.48,334.0,145.06,LA COQUERA - AUT [26247020],Caucasia,7.962138889,-75.195997222,Bajo San Jorge - La Mojana,1981_2022,1981-01-01,2022-12-31,15340,15220,0,0,0.7822685788787485,476,0.7822685788787485,476,0.7822685788787485,476,0.7822685788787485,476,476,False
26247020,Antioquia,883054.33,-8371225.71,49,1/01/1981,31/12/2022,15220,0.782,41286.78,2730.55,3.79,0.03,5316,1713.14,46.01,1143.59,1.47e-05,71.89,1089.94,510.78,252.48,334.0,145.06,LA COQUERA - AUT [26247020],Caucasia,7.962138889,-75.195997222,Bajo San Jorge - La Mojana,1998_2022,1998-01-01,2022-12-31,9131,15220,0,0,1.31420435877779,272,1.31420435877779,272,1.31420435877779,272,1.31420435877779,272,272,False
26247030,Antioquia,828432.92,-8385469.35,113,1/01/1981,7/06/2021,13971,5.397,38284.54,2532.36,3.65,0.04,5316,1809.74,106.0,1052.42,1.47e-05,71.98,1022.3,484.29,242.19,313.55,29.96,APAVI [26247030],Tarazá,7.470553056,-75.327952778,Río Taraza - Río Man,1981_2022,1981-01-01,2022-12-31,15340,13971,0,0,8.92438070404172,414,8.92438070404172,414,8.92438070404172,414,8.92438070404172,414,414,False
26247030,Antioquia,828432.92,-8385469.35,113,1/01/1981,7/06/2021,13971,5.397,38284.54,2532.36,3.65,0.04,5316,1809.74,106.0,1052.42,1.47e-05,71.98,1022.3,484.29,242.19,313.55,29.96,APAVI [26247030],Tarazá,7.470553056,-75.327952778,Río Taraza - Río Man,1998_2022,1998-01-01,2022-12-31,9131,13971,0,0,14.642426897382544,213,14.642426897382544,213,14.642426897382544,213,14.642426897382544,213,213,False
27027060,Antioquia,769259.95,-8391355.98,1784,1/01/1981,31/12/2022,14562,5.072,248.37,108.13,1.94,0.17,3002,2530.19,1779.0,38.65,3.88e-05,74.55,55.18,42.79,36.39,21.15,80.16,BRISAS DEL NECHÍ - AUT [27027060],Angostura,6.939694444,-75.38083333,Alto Nechí,1981_2022,1981-01-01,2022-12-31,15340,14562,0,0,5.071707953063885,422,5.071707953063885,422,5.071707953063885,422,5.071707953063885,422,422,True
27027060,Antioquia,769259.95,-8391355.98,1784,1/01/1981,31/12/2022,14562,5.072,248.37,108.13,1.94,0.17,3002,2530.19,1779.0,38.65,3.88e-05,74.55,55.18,42.79,36.39,21.15,80.16,BRISAS DEL NECHÍ - AUT [27027060],Angostura,6.939694444,-75.38083333,Alto Nechí,1998_2022,1998-01-01,2022-12-31,9131,14562,0,0,4.512101631803746,231,4.512101631803746,231,4.512101631803746,231,4.512101631803746,231,231,True
27027080,Antioquia,798607.13,-8384463.45,624,1/01/1981,31/07/2005,8169,9.011,182.98,103.94,2.17,0.11,2760,1633.96,611.03,40.23,5.36e-05,68.39,50.26,39.6,34.25,20.51,106.81,MEDIA LUNA [27027080],Campamento,7.203055556,-75.31891667,Alto Nechí,1981_2022,1981-01-01,2022-12-31,15340,8169,0,0,46.747066492829205,247,46.747066492829205,247,46.747066492829205,247,46.747066492829205,247,247,False
27027080,Antioquia,798607.13,-8384463.45,624,1/01/1981,31/07/2005,8169,9.011,182.98,103.94,2.17,0.11,2760,1633.96,611.03,40.23,5.36e-05,68.39,50.26,39.6,34.25,20.51,106.81,MEDIA LUNA [27027080],Campamento,7.203055556,-75.31891667,Alto Nechí,1998_2022,1998-01-01,2022-12-31,9131,8169,0,0,71.7993648012266,82,71.7993648012266,82,71.7993648012266,82,71.7993648012266,82,82,False
27037010,Antioquia,891088.62,-8325451.75,41,1/01/1981,31/12/2022,14984,2.321,14627.22,1209.79,2.82,0.11,3365,1057.11,36.02,368.02,1.74e-05,69.91,426.1,234.0,137.2,136.56,37.38,LA ESPERANZA NECHÍ - AUT [27037010],Nechí,8.030083333,-74.786119444,Bajo Nechí (md),1981_2022,1981-01-01,2022-12-31,15340,14984,0,0,2.320730117340287,469,2.320730117340287,469,2.320730117340287,469,2.320730117340287,469,469,False
27037010,Antioquia,891088.62,-8325451.75,41,1/01/1981,31/12/2022,14984,2.321,14627.22,1209.79,2.82,0.11,3365,1057.11,36.02,368.02,1.74e-05,69.91,426.1,234.0,137.2,136.56,37.38,LA ESPERANZA NECHÍ - AUT [27037010],Nechí,8.030083333,-74.786119444,Bajo Nechí (md),1998_2022,1998-01-01,2022-12-31,9131,14984,0,0,3.2307523819954005,267,3.2307523819954005,267,3.2307523819954005,267,3.2307523819954005,267,267,False
28017080,La Guajira,1203562.45,-8132454.68,283,1/01/1981,31/12/2020,13624,6.749,215.37,96.93,1.86,0.13,2615,970.76,280.0,40.47,9.27e-05,71.97,40.9,33.36,29.96,18.57,32.33,CORRAL DE PIEDRA [28017080],San Juan Del Cesar,10.81891667,-73.05508333,Alto Cesar,1981_2022,1981-01-01,2022-12-31,15340,13624,0,0,11.186440677966102,429,11.186440677966102,429,11.186440677966102,429,11.186440677966102,429,429,False
28017080,La Guajira,1203562.45,-8132454.68,283,1/01/1981,31/12/2020,13624,6.749,215.37,96.93,1.86,0.13,2615,970.76,280.0,40.47,9.27e-05,71.97,40.9,33.36,29.96,18.57,32.33,CORRAL DE PIEDRA [28017080],San Juan Del Cesar,10.81891667,-73.05508333,Alto Cesar,1998_2022,1998-01-01,2022-12-31,9131,13624,0,0,13.459642974482533,242,13.459642974482533,242,13.459642974482533,242,13.459642974482533,242,242,False
28027160,Cesar,1069475.76,-8198215.84,42,1/01/1981,31/05/2012,10568,7.896,11400.6,843.1,2.23,0.12,5462,760.78,34.01,314.89,1.83e-05,71.49,370.48,208.32,125.29,120.12,228.09,ISLANDIA [28027160],El Paso,9.632527778,-73.63572222,Medio Cesar,1981_2022,1981-01-01,2022-12-31,15340,10568,0,0,31.10821382007823,325,31.10821382007823,325,31.10821382007823,325,31.10821382007823,325,325,False
28027160,Cesar,1069475.76,-8198215.84,42,1/01/1981,31/05/2012,10568,7.896,11400.6,843.1,2.23,0.12,5462,760.78,34.01,314.89,1.83e-05,71.49,370.48,208.32,125.29,120.12,228.09,ISLANDIA [28027160],El Paso,9.632527778,-73.63572222,Medio Cesar,1998_2022,1998-01-01,2022-12-31,9131,10568,0,0,48.25320337312452,137,48.25320337312452,137,48.25320337312452,137,48.25320337312452,137,137,False
28037030,Cesar,1154638.0,-8152201.52,108,1/01/1981,31/12/2022,14037,8.494,3434.05,441.76,2.13,0.19,5462,1163.97,109.06,134.31,3.22e-05,70.36,154.66,100.78,71.05,56.46,82.97,PUENTE SALGUERO  - AUT [28037030],Valledupar,10.38411111,-73.23247222,Medio Cesar,1981_2022,1981-01-01,2022-12-31,15340,14037,0,0,8.494132985658409,439,8.494132985658409,439,8.494132985658409,439,8.494132985658409,439,439,True
28037030,Cesar,1154638.0,-8152201.52,108,1/01/1981,31/12/2022,14037,8.494,3434.05,441.76,2.13,0.19,5462,1163.97,109.06,134.31,3.22e-05,70.36,154.66,100.78,71.05,56.46,82.97,PUENTE SALGUERO  - AUT [28037030],Valledupar,10.38411111,-73.23247222,Medio Cesar,1998_2022,1998-01-01,2022-12-31,9131,14037,0,0,9.801774175884349,251,9.801774175884349,251,9.801774175884349,251,9.801774175884349,251,251,True
28037060,Cesar,1121412.15,-8207898.37,123,1/01/1981,31/12/2022,14282,6.897,175.01,111.87,2.39,0.09,1801,577.06,118.01,45.16,3.77e-05,69.69,62.95,47.74,39.63,23.95,40.05,CANTACLARO [28037060],Valledupar,10.08847222,-73.73280556,Medio Cesar,1981_2022,1981-01-01,2022-12-31,15340,14282,0,0,6.897001303780965,417,6.897001303780965,417,6.897001303780965,417,6.897001303780965,417,417,True
28037060,Cesar,1121412.15,-8207898.37,123,1/01/1981,31/12/2022,14282,6.897,175.01,111.87,2.39,0.09,1801,577.06,118.01,45.16,3.77e-05,69.69,62.95,47.74,39.63,23.95,40.05,CANTACLARO [28037060],Valledupar,10.08847222,-73.73280556,Medio Cesar,1998_2022,1998-01-01,2022-12-31,9131,14282,0,0,8.399956193188041,225,8.399956193188041,225,8.399956193188041,225,8.399956193188041,225,225,True
29037020,Bolivar,1139995.78,-8339131.68,8,1/01/1981,29/12/2022,15265,0.476,260371.52,4828.55,2.67,0.09,5462,1154.09,0.0,1676.53,1.44e-05,72.81,1473.33,656.19,307.07,448.21,56.79,CALAMAR [29037020],Calamar,10.243275,-74.915017,Canal del Dique margen izquierda,1981_2022,1981-01-01,2022-12-31,15340,15265,0,0,0.48891786179921776,492,0.48891786179921776,492,0.48891786179921776,492,0.48891786179921776,492,492,False
29037020,Bolivar,1139995.78,-8339131.68,8,1/01/1981,29/12/2022,15265,0.476,260371.52,4828.55,2.67,0.09,5462,1154.09,0.0,1676.53,1.44e-05,72.81,1473.33,656.19,307.07,448.21,56.79,CALAMAR [29037020],Calamar,10.243275,-74.915017,Canal del Dique margen izquierda,1998_2022,1998-01-01,2022-12-31,9131,15265,0,0,0.657102179388895,289,0.657102179388895,289,0.657102179388895,289,0.657102179388895,289,289,False
29067040,Magdalena,1204901.19,-8251062.5,43,1/01/1981,12/12/2019,13383,5.919,60.25,43.07,1.57,0.19,1969,860.19,36.0,17.67,0.000188,58.11,16.46,15.66,16.59,8.65,66.41,SANTA ROSALIA [29067040],Zona Bananera,10.830425,-74.121078,Cga Grande de Santa Marta,1981_2022,1981-01-01,2022-12-31,15340,13383,0,0,12.75749674054759,392,12.75749674054759,392,12.75749674054759,392,12.75749674054759,392,392,False
29067040,Magdalena,1204901.19,-8251062.5,43,1/01/1981,12/12/2019,13383,5.919,60.25,43.07,1.57,0.19,1969,860.19,36.0,17.67,0.000188,58.11,16.46,15.66,16.59,8.65,66.41,SANTA ROSALIA [29067040],Zona Bananera,10.830425,-74.121078,Cga Grande de Santa Marta,1998_2022,1998-01-01,2022-12-31,9131,13383,0,0,17.073704961121454,202,17.073704961121454,202,17.073704961121454,202,17.073704961121454,202,202,False
29067060,Magdalena,1167671.0,-8252484.92,60,1/01/1981,31/01/2003,7165,11.17,1005.61,264.72,2.35,0.08,3916,1409.27,56.99,109.97,4.65e-05,66.79,115.21,78.9,58.68,45.25,83.21,HACIENDA PUERTO RICO - AUT [29067060],Aracataca,10.496596,-74.128263,Cga Grande de Santa Marta,1981_2022,1981-01-01,2022-12-31,15340,7165,0,0,53.29204693611474,226,53.29204693611474,226,53.29204693611474,226,53.29204693611474,226,226,False
29067060,Magdalena,1167671.0,-8252484.92,60,1/01/1981,31/01/2003,7165,11.17,1005.61,264.72,2.35,0.08,3916,1409.27,56.99,109.97,4.65e-05,66.79,115.21,78.9,58.68,45.25,83.21,HACIENDA PUERTO RICO - AUT [29067060],Aracataca,10.496596,-74.128263,Cga Grande de Santa Marta,1998_2022,1998-01-01,2022-12-31,9131,7165,0,0,82.76201949403132,43,82.76201949403132,43,82.76201949403132,43,82.76201949403132,43,43,False
29067070,Magdalena,1213303.94,-8254797.89,34,1/01/1981,31/12/2022,12924,15.75,312.24,121.85,1.95,0.11,4247,1731.91,26.0,53.87,5.52e-05,57.32,62.21,47.27,39.33,25.46,71.63,RIO FRIO [29067070],Zona Bananera,10.903945,-74.147716,Cga Grande de Santa Marta,1981_2022,1981-01-01,2022-12-31,15340,12924,0,0,15.749674054758799,355,15.749674054758799,355,15.749674054758799,355,15.749674054758799,355,355,False
29067070,Magdalena,1213303.94,-8254797.89,34,1/01/1981,31/12/2022,12924,15.75,312.24,121.85,1.95,0.11,4247,1731.91,26.0,53.87,5.52e-05,57.32,62.21,47.27,39.33,25.46,71.63,RIO FRIO [29067070],Zona Bananera,10.903945,-74.147716,Cga Grande de Santa Marta,1998_2022,1998-01-01,2022-12-31,9131,12924,0,0,22.12244003942613,165,22.12244003942613,165,22.12244003942613,165,22.12244003942613,165,165,False
29067120,Magdalena,1170286.31,-8257992.14,49,1/01/1981,31/12/2017,12671,6.238,1102.99,270.64,2.3,0.08,3916,1296.48,42.02,119.53,4.16e-05,67.35,128.2,86.23,62.9,49.24,134.06,FUNDACION [29067120],Aracataca,10.525085,-74.182576,Cga Grande de Santa Marta,1981_2022,1981-01-01,2022-12-31,15340,12671,0,0,17.39895697522816,399,17.39895697522816,399,17.39895697522816,399,17.39895697522816,399,399,False
29067120,Magdalena,1170286.31,-8257992.14,49,1/01/1981,31/12/2017,12671,6.238,1102.99,270.64,2.3,0.08,3916,1296.48,42.02,119.53,4.16e-05,67.35,128.2,86.23,62.9,49.24,134.06,FUNDACION [29067120],Aracataca,10.525085,-74.182576,Cga Grande de Santa Marta,1998_2022,1998-01-01,2022-12-31,9131,12671,0,0,24.34563574635856,212,24.34563574635856,212,24.34563574635856,212,24.34563574635856,212,212,False
29067130,Magdalena,1176644.04,-8258315.37,36,1/01/1981,31/12/2022,14267,6.995,779.46,263.8,2.67,0.07,5690,2855.5,30.04,108.31,6.53e-05,71.1,99.86,70.06,53.48,41.93,35.13,PUENTE FERROCARRIL - ARACATACA [29067130],Aracataca,10.58580556,-74.19211111,Cga Grande de Santa Marta,1981_2022,1981-01-01,2022-12-31,15340,14267,0,0,6.994784876140808,453,6.994784876140808,453,6.994784876140808,453,6.994784876140808,453,453,True
29067130,Magdalena,1176644.04,-8258315.37,36,1/01/1981,31/12/2022,14267,6.995,779.46,263.8,2.67,0.07,5690,2855.5,30.04,108.31,6.53e-05,71.1,99.86,70.06,53.48,41.93,35.13,PUENTE FERROCARRIL - ARACATACA [29067130],Aracataca,10.58580556,-74.19211111,Cga Grande de Santa Marta,1998_2022,1998-01-01,2022-12-31,9131,14267,0,0,9.834629284853795,255,9.834629284853795,255,9.834629284853795,255,9.834629284853795,255,255,True
29067150,Magdalena,1175740.43,-8251694.12,70,1/01/1981,31/12/2022,14178,7.575,766.55,240.92,2.45,0.08,5690,2903.32,68.0,99.07,7.34e-05,71.01,89.16,63.76,49.69,38.33,46.76,GANADERIA CARIBE  - AUT [29067150],Aracataca,10.572415,-74.122212,Cga Grande de Santa Marta,1981_2022,1981-01-01,2022-12-31,15340,14178,0,0,7.5749674054758795,408,7.5749674054758795,408,7.5749674054758795,408,7.5749674054758795,408,408,True
29067150,Magdalena,1175740.43,-8251694.12,70,1/01/1981,31/12/2022,14178,7.575,766.55,240.92,2.45,0.08,5690,2903.32,68.0,99.07,7.34e-05,71.01,89.16,63.76,49.69,38.33,46.76,GANADERIA CARIBE  - AUT [29067150],Aracataca,10.572415,-74.122212,Cga Grande de Santa Marta,1998_2022,1998-01-01,2022-12-31,9131,14178,0,0,9.06801007556675,215,9.06801007556675,215,9.06801007556675,215,9.06801007556675,215,215,True
31097010,Guainía,438227.83,-7550801.06,89,19/02/1987,31/12/2022,12755,2.634,138626.83,4759.27,3.61,0.04,4381,311.55,73.68,1860.36,1.33e-05,59.44,1646.9,719.84,330.09,492.62,83.72,GUAYARE [31097010],Inírida,3.957694,-67.835361,Bajo Guaviare,1981_2022,1981-01-01,2022-12-31,15340,12755,0,0,16.851368970013038,402,16.851368970013038,402,16.851368970013038,402,16.851368970013038,402,402,False
31097010,Guainía,438227.83,-7550801.06,89,19/02/1987,31/12/2022,12755,2.634,138626.83,4759.27,3.61,0.04,4381,311.55,73.68,1860.36,1.33e-05,59.44,1646.9,719.84,330.09,492.62,83.72,GUAYARE [31097010],Inírida,3.957694,-67.835361,Bajo Guaviare,1998_2022,1998-01-01,2022-12-31,9131,12755,0,0,3.6797722045778114,275,3.6797722045778114,275,3.6797722045778114,275,3.6797722045778114,275,275,False
31097020,Guainía,427993.95,-7562121.63,75,1/05/1984,12/12/2022,12900,8.543,53136.23,3288.86,4.02,0.03,936,190.3,74.24,1346.3,1.25e-05,51.02,1312.45,596.07,284.85,389.49,21.86,PUERTO INIRIDA [31097020],Inírida,3.867666667,-67.931694444,"R._Inírida_(mi),_hasta_bocas_Caño_Bocón,_y_R._Las Viñas",1981_2022,1981-01-01,2022-12-31,15340,12900,0,0,15.90612777053455,405,15.90612777053455,405,15.90612777053455,405,15.90612777053455,405,405,False
31097020,Guainía,427993.95,-7562121.63,75,1/05/1984,12/12/2022,12900,8.543,53136.23,3288.86,4.02,0.03,936,190.3,74.24,1346.3,1.25e-05,51.02,1312.45,596.07,284.85,389.49,21.86,PUERTO INIRIDA [31097020],Inírida,3.867666667,-67.931694444,"R._Inírida_(mi),_hasta_bocas_Caño_Bocón,_y_R._Las Viñas",1998_2022,1998-01-01,2022-12-31,9131,12900,0,0,7.950936370605629,267,7.950936370605629,267,7.950936370605629,267,7.950936370605629,267,267,False
32037030,Meta,241734.86,-8214515.69,241,6/02/1983,31/12/2022,13992,3.993,13896.02,1032.28,2.47,0.14,4374,857.34,241.11,314.2,1.77e-05,66.67,374.49,210.19,126.17,120.66,44.24,LA MACARENA [32037030],La Macarena,2.184944,-73.789528,Alto Guaviare,1981_2022,1981-01-01,2022-12-31,15340,13992,0,0,8.78748370273794,437,8.78748370273794,437,8.78748370273794,437,8.78748370273794,437,437,False
32037030,Meta,241734.86,-8214515.69,241,6/02/1983,31/12/2022,13992,3.993,13896.02,1032.28,2.47,0.14,4374,857.34,241.11,314.2,1.77e-05,66.67,374.49,210.19,126.17,120.66,44.24,LA MACARENA [32037030],La Macarena,2.184944,-73.789528,Alto Guaviare,1998_2022,1998-01-01,2022-12-31,9131,13992,0,0,0.4490198225824115,284,0.4490198225824115,284,0.4490198225824115,284,0.4490198225824115,284,284,False
32067030,Meta,419655.84,-8229079.62,679,1/01/1994,31/12/2015,7581,5.65,768.68,196.87,2.0,0.22,4267,2572.27,679.0,59.12,5.2e-05,63.57,68.42,51.17,41.84,27.64,83.21,PUERTO ANGOSTURAS  - AUT [32067030],Cubarral,3.794517,-73.924117,Río Ariari,1981_2022,1981-01-01,2022-12-31,15340,7581,0,0,50.58018252933507,230,50.58018252933507,230,50.58018252933507,230,50.58018252933507,230,230,False
32067030,Meta,419655.84,-8229079.62,679,1/01/1994,31/12/2015,7581,5.65,768.68,196.87,2.0,0.22,4267,2572.27,679.0,59.12,5.2e-05,63.57,68.42,51.17,41.84,27.64,83.21,PUERTO ANGOSTURAS  - AUT [32067030],Cubarral,3.794517,-73.924117,Río Ariari,1998_2022,1998-01-01,2022-12-31,9131,7581,0,0,28.912495893111377,198,28.912495893111377,198,28.912495893111377,198,28.912495893111377,198,198,False
32077070,Meta,329161.51,-8201656.07,246,6/03/1981,31/12/2022,14454,5.381,2338.41,388.29,2.26,0.11,3552,758.83,254.09,147.75,1.78e-05,71.4,209.38,129.64,86.5,67.99,48.46,PIÑALITO [32077070],Vistahermosa,2.97548,-73.67673,Río Guejar,1981_2022,1981-01-01,2022-12-31,15340,14454,0,0,5.775749674054759,412,5.775749674054759,412,5.775749674054759,412,5.775749674054759,412,412,True
32077070,Meta,329161.51,-8201656.07,246,6/03/1981,31/12/2022,14454,5.381,2338.41,388.29,2.26,0.11,3552,758.83,254.09,147.75,1.78e-05,71.4,209.38,129.64,86.5,67.99,48.46,PIÑALITO [32077070],Vistahermosa,2.97548,-73.67673,Río Guejar,1998_2022,1998-01-01,2022-12-31,9131,14454,0,0,1.6537071514620523,262,1.6537071514620523,262,1.6537071514620523,262,1.6537071514620523,262,262,True
32077080,Meta,325292.99,-8150001.92,226,1/01/1981,31/12/2022,14833,3.305,6141.79,756.27,2.72,0.08,4381,1074.55,226.09,275.32,2.09e-05,72.87,317.7,183.33,113.39,105.81,42.71,PUERTO RICO [32077080],Puerto Rico,2.94,-73.21,Río Ariari,1981_2022,1981-01-01,2022-12-31,15340,14833,0,0,3.305084745762712,436,3.305084745762712,436,3.305084745762712,436,3.305084745762712,436,436,True
32077080,Meta,325292.99,-8150001.92,226,1/01/1981,31/12/2022,14833,3.305,6141.79,756.27,2.72,0.08,4381,1074.55,226.09,275.32,2.09e-05,72.87,317.7,183.33,113.39,105.81,42.71,PUERTO RICO [32077080],Puerto Rico,2.94,-73.21,Río Ariari,1998_2022,1998-01-01,2022-12-31,9131,14833,0,0,1.0513634870222321,287,1.0513634870222321,287,1.0513634870222321,287,1.0513634870222321,287,287,True
32077110,Meta,372360.92,-8240867.32,504,1/12/1983,31/12/2019,12313,6.578,287.56,104.06,1.73,0.22,3536,1222.81,551.06,35.97,7.85e-05,68.92,39.82,32.63,29.44,17.52,47.28,EL LIMON [32077110],Mesetas,3.369111,-74.02962,Río Guejar,1981_2022,1981-01-01,2022-12-31,15340,12313,0,0,19.73272490221643,389,19.73272490221643,389,19.73272490221643,389,19.73272490221643,389,389,False
32077110,Meta,372360.92,-8240867.32,504,1/12/1983,31/12/2019,12313,6.578,287.56,104.06,1.73,0.22,3536,1222.81,551.06,35.97,7.85e-05,68.92,39.82,32.63,29.44,17.52,47.28,EL LIMON [32077110],Mesetas,3.369111,-74.02962,Río Guejar,1998_2022,1998-01-01,2022-12-31,9131,12313,0,0,21.235352097251123,226,21.235352097251123,226,21.235352097251123,226,21.235352097251123,226,226,False
32107010,Guaviare,284149.52,-8098616.64,195,25/02/1983,29/10/2022,13457,7.142,35706.61,1584.07,2.36,0.12,4381,672.17,194.01,555.15,1.52e-05,68.67,616.15,317.94,174.33,191.53,73.22,PUERTO ARTURO [32107010],San José Del Guaviare,2.568888889,-72.751111111,Medio Guaviare,1981_2022,1981-01-01,2022-12-31,15340,13457,0,0,12.27509778357236,403,12.27509778357236,403,12.27509778357236,403,12.27509778357236,403,403,False
32107010,Guaviare,284149.52,-8098616.64,195,25/02/1983,29/10/2022,13457,7.142,35706.61,1584.07,2.36,0.12,4381,672.17,194.01,555.15,1.52e-05,68.67,616.15,317.94,174.33,191.53,73.22,PUERTO ARTURO [32107010],San José Del Guaviare,2.568888889,-72.751111111,Medio Guaviare,1998_2022,1998-01-01,2022-12-31,9131,13457,0,0,5.913919614500054,257,5.913919614500054,257,5.913919614500054,257,5.913919614500054,257,257,False
32157040,Guainía,378391.79,-7780119.21,130,1/01/1992,31/12/2019,9785,4.322,61640.11,3096.89,3.52,0.04,4381,476.05,110.7,1292.48,1.37e-05,66.64,1229.24,564.48,272.99,371.3,39.69,PUEBLO NUEVO [32157040],Barranco Mina,3.423755,-69.893779,Bajo Guaviare,1981_2022,1981-01-01,2022-12-31,15340,9785,0,0,36.21251629726206,315,36.21251629726206,315,36.21251629726206,315,36.21251629726206,315,315,False
32157040,Guainía,378391.79,-7780119.21,130,1/01/1992,31/12/2019,9785,4.322,61640.11,3096.89,3.52,0.04,4381,476.05,110.7,1292.48,1.37e-05,66.64,1229.24,564.48,272.99,371.3,39.69,PUEBLO NUEVO [32157040],Barranco Mina,3.423755,-69.893779,Bajo Guaviare,1998_2022,1998-01-01,2022-12-31,9131,9785,0,0,16.602781732559414,246,16.602781732559414,246,16.602781732559414,246,16.602781732559414,246,246,False
32157060,Guainía,396150.11,-7747599.92,109,1/05/1984,31/12/2022,13238,6.273,62993.0,3133.45,3.52,0.03,4381,469.73,108.04,1400.27,1.36e-05,66.42,1311.79,595.82,284.76,395.25,25.62,BARRANCO MURCIELAGO [32157060],Barranco Mina,3.571694,-69.588083,Bajo Guaviare,1981_2022,1981-01-01,2022-12-31,15340,13238,0,0,13.702737940026074,419,13.702737940026074,419,13.702737940026074,419,13.702737940026074,419,419,False
32157060,Guainía,396150.11,-7747599.92,109,1/05/1984,31/12/2022,13238,6.273,62993.0,3133.45,3.52,0.03,4381,469.73,108.04,1400.27,1.36e-05,66.42,1311.79,595.82,284.76,395.25,25.62,BARRANCO MURCIELAGO [32157060],Barranco Mina,3.571694,-69.588083,Bajo Guaviare,1998_2022,1998-01-01,2022-12-31,9131,13238,0,0,1.3799145767166794,290,1.3799145767166794,290,1.3799145767166794,290,1.3799145767166794,290,290,False
32207010,Vichada,441553.17,-7608686.89,91,1/06/1984,31/12/2022,11753,16.604,83526.76,4072.29,3.97,0.03,4381,393.57,85.05,1749.7,1.33e-05,64.72,1569.2,691.49,319.9,469.94,27.12,CEJAL [32207010],Cumaribo,3.993665,-68.333828,Bajo Guaviare,1981_2022,1981-01-01,2022-12-31,15340,11753,0,0,23.383311603650586,368,23.383311603650586,368,23.383311603650586,368,23.383311603650586,368,368,False
32207010,Vichada,441553.17,-7608686.89,91,1/06/1984,31/12/2022,11753,16.604,83526.76,4072.29,3.97,0.03,4381,393.57,85.05,1749.7,1.33e-05,64.72,1569.2,691.49,319.9,469.94,27.12,CEJAL [32207010],Cumaribo,3.993665,-68.333828,Bajo Guaviare,1998_2022,1998-01-01,2022-12-31,9131,11753,0,0,3.8221443434454057,282,3.8221443434454057,282,3.8221443434454057,282,3.8221443434454057,282,282,False
33077010,Vichada,539154.99,-7609800.39,103,1/01/1990,31/12/2022,9767,18.966,25328.34,2425.3,4.3,0.03,277,165.93,77.3,943.53,1.27e-05,71.4,992.72,472.62,237.62,296.47,36.22,SANTA RITA [33077010],Cumaribo,4.866127,-68.362697,Bajo Vichada,1981_2022,1981-01-01,2022-12-31,15340,9767,0,0,36.329856584093875,315,36.329856584093875,315,36.329856584093875,315,36.329856584093875,315,315,False
33077010,Vichada,539154.99,-7609800.39,103,1/01/1990,31/12/2022,9767,18.966,25328.34,2425.3,4.3,0.03,277,165.93,77.3,943.53,1.27e-05,71.4,992.72,472.62,237.62,296.47,36.22,SANTA RITA [33077010],Cumaribo,4.866127,-68.362697,Bajo Vichada,1998_2022,1998-01-01,2022-12-31,9131,9767,0,0,20.89584930456686,233,20.89584930456686,233,20.89584930456686,233,20.89584930456686,233,233,False
35017020,Meta,454081.86,-8119241.05,185,1/01/1981,31/12/2012,11587,0.864,8040.54,985.83,3.1,0.1,4114,1188.43,179.06,279.27,2.52e-05,73.97,298.76,174.2,108.95,103.2,191.53,PUENTE LLERAS - AUT  [35017020],Puerto López,4.103019444,-72.936383333,Directos Rio Metica entre ríos Guayuriba y Yucao,1981_2022,1981-01-01,2022-12-31,15340,11587,0,0,24.465449804432858,370,24.465449804432858,370,24.465449804432858,370,24.465449804432858,370,370,False
35017020,Meta,454081.86,-8119241.05,185,1/01/1981,31/12/2012,11587,0.864,8040.54,985.83,3.1,0.1,4114,1188.43,179.06,279.27,2.52e-05,73.97,298.76,174.2,108.95,103.2,191.53,PUENTE LLERAS - AUT  [35017020],Puerto López,4.103019444,-72.936383333,Directos Rio Metica entre ríos Guayuriba y Yucao,1998_2022,1998-01-01,2022-12-31,9131,11587,0,0,40.42273573540685,171,40.42273573540685,171,40.42273573540685,171,40.42273573540685,171,171,False
35017040,Meta,414923.08,-8146335.6,217,1/01/1981,31/12/2022,13461,12.249,2383.27,495.53,2.86,0.1,3822,482.1,208.01,151.44,2.74e-05,74.98,180.71,114.7,78.61,63.82,99.31,EL BARRO - AUT [35017040],San Carlos De Guaroa,3.75063,-73.18027,Rio Metica (Guamal - Humadea),1981_2022,1981-01-01,2022-12-31,15340,13461,0,0,12.249022164276402,362,12.249022164276402,362,12.249022164276402,362,12.249022164276402,362,362,False
35017040,Meta,414923.08,-8146335.6,217,1/01/1981,31/12/2022,13461,12.249,2383.27,495.53,2.86,0.1,3822,482.1,208.01,151.44,2.74e-05,74.98,180.71,114.7,78.61,63.82,99.31,EL BARRO - AUT [35017040],San Carlos De Guaroa,3.75063,-73.18027,Rio Metica (Guamal - Humadea),1998_2022,1998-01-01,2022-12-31,9131,13461,0,0,12.53969992333808,213,12.53969992333808,213,12.53969992333808,213,12.53969992333808,213,213,False
35027100,Cundinamarca,490224.84,-8238757.7,1901,1/01/1981,31/12/2019,12883,9.555,195.96,80.58,1.62,0.4,3921,2917.06,1901.0,22.1,0.000374,72.57,15.0,14.49,15.62,8.99,120.12,CARAZA [35027100],Chipaque,4.429173,-74.010245,Río Guayuriba,1981_2022,1981-01-01,2022-12-31,15340,12883,0,0,16.016949152542374,419,16.016949152542374,419,16.016949152542374,419,16.016949152542374,419,419,False
35027100,Cundinamarca,490224.84,-8238757.7,1901,1/01/1981,31/12/2019,12883,9.555,195.96,80.58,1.62,0.4,3921,2917.06,1901.0,22.1,0.000374,72.57,15.0,14.49,15.62,8.99,120.12,CARAZA [35027100],Chipaque,4.429173,-74.010245,Río Guayuriba,1998_2022,1998-01-01,2022-12-31,9131,12883,0,0,26.897382542985433,216,26.897382542985433,216,26.897382542985433,216,26.897382542985433,216,216,False
35027130,Cundinamarca,458754.74,-8242681.72,1972,1/01/1987,31/12/2001,5069,7.483,187.86,87.86,1.81,0.25,4072,3466.13,1977.0,27.21,0.000257,68.12,20.36,18.68,19.04,11.32,34.25,PUENTE QUEVEDO [35027130],Gutiérrez,4.15,-74.05,Río Guayuriba,1981_2022,1981-01-01,2022-12-31,15340,5069,0,0,66.95567144719688,159,66.95567144719688,159,66.95567144719688,159,66.95567144719688,159,159,False
35027130,Cundinamarca,458754.74,-8242681.72,1972,1/01/1987,31/12/2001,5069,7.483,187.86,87.86,1.81,0.25,4072,3466.13,1977.0,27.21,0.000257,68.12,20.36,18.68,19.04,11.32,34.25,PUENTE QUEVEDO [35027130],Gutiérrez,4.15,-74.05,Río Guayuriba,1998_2022,1998-01-01,2022-12-31,9131,5069,0,0,88.12835395904062,33,88.12835395904062,33,88.12835395904062,33,88.12835395904062,33,33,False
35027140,Meta,448145.45,-8211417.67,546,1/01/1981,14/06/1994,4869,0.896,2852.23,424.64,2.24,0.21,4114,2624.77,539.99,116.99,4.98e-05,69.52,117.67,80.3,59.5,46.82,93.11,PUENTE CARRETERA GUAYURIBA - AUT [35027140],Villavicencio,4.04947,-73.76442,Río Guayuriba,1981_2022,1981-01-01,2022-12-31,15340,4869,0,0,68.25945241199479,158,68.25945241199479,158,68.25945241199479,158,68.25945241199479,158,158,False
35027140,Meta,448145.45,-8211417.67,546,1/01/1981,14/06/1994,4869,0.896,2852.23,424.64,2.24,0.21,4114,2624.77,539.99,116.99,4.98e-05,69.52,117.67,80.3,59.5,46.82,93.11,PUENTE CARRETERA GUAYURIBA - AUT [35027140],Villavicencio,4.04947,-73.76442,Río Guayuriba,1998_2022,1998-01-01,2022-12-31,9131,4869,0,0,100.0,0,100.0,0,100.0,0,100.0,0,0,False
35027190,Cundinamarca,477607.84,-8222576.94,1320,1/01/1981,28/12/2013,11062,8.199,1305.68,244.75,1.91,0.31,4011,2648.59,1319.0,64.92,7.94e-05,71.34,62.47,47.44,39.44,27.38,93.46,GUACAPATE - AUT [35027190],Quetame,4.3101636,-73.8613123,Río Guayuriba,1981_2022,1981-01-01,2022-12-31,15340,11062,0,0,27.887874837027383,335,27.887874837027383,335,27.887874837027383,335,27.887874837027383,335,335,False
35027190,Cundinamarca,477607.84,-8222576.94,1320,1/01/1981,28/12/2013,11062,8.199,1305.68,244.75,1.91,0.31,4011,2648.59,1319.0,64.92,7.94e-05,71.34,62.47,47.44,39.44,27.38,93.46,GUACAPATE - AUT [35027190],Quetame,4.3101636,-73.8613123,Río Guayuriba,1998_2022,1998-01-01,2022-12-31,9131,11062,0,0,45.821925309385605,138,45.821925309385605,138,45.821925309385605,138,45.821925309385605,138,138,False
35027200,Cundinamarca,465773.38,-8217094.6,946,1/01/1981,30/06/2003,7799,5.075,1015.87,221.92,1.96,0.2,4114,3073.18,930.0,71.96,0.000112,68.87,59.17,45.35,38.07,27.72,118.5,EL PALMAR - AUT [35027200],Guayabetal,4.216617,-73.841126,Río Guayuriba,1981_2022,1981-01-01,2022-12-31,15340,7799,0,0,49.15906127770535,252,49.15906127770535,252,49.15906127770535,252,49.15906127770535,252,252,False
35027200,Cundinamarca,465773.38,-8217094.6,946,1/01/1981,30/06/2003,7799,5.075,1015.87,221.92,1.96,0.2,4114,3073.18,930.0,71.96,0.000112,68.87,59.17,45.35,38.07,27.72,118.5,EL PALMAR - AUT [35027200],Guayabetal,4.216617,-73.841126,Río Guayuriba,1998_2022,1998-01-01,2022-12-31,9131,7799,0,0,78.21706275325812,64,78.21706275325812,64,78.21706275325812,64,78.21706275325812,64,64,False
35027210,Meta,464310.43,-8211915.15,889,1/01/1981,31/08/2013,9873,17.249,2493.98,378.97,2.14,0.33,4114,2779.52,873.99,87.18,6.52e-05,70.04,84.54,61.01,48.0,35.56,63.67,CASETEJA DELICIAS - AUT [35027210],Guayabetal,4.195497,-73.769019,Río Guayuriba,1981_2022,1981-01-01,2022-12-31,15340,9873,0,0,35.63885267275098,274,35.63885267275098,274,35.63885267275098,274,35.63885267275098,274,274,False
35027210,Meta,464310.43,-8211915.15,889,1/01/1981,31/08/2013,9873,17.249,2493.98,378.97,2.14,0.33,4114,2779.52,873.99,87.18,6.52e-05,70.04,84.54,61.01,48.0,35.56,63.67,CASETEJA DELICIAS - AUT [35027210],Guayabetal,4.195497,-73.769019,Río Guayuriba,1998_2022,1998-01-01,2022-12-31,9131,9873,0,0,42.72259336326798,160,42.72259336326798,160,42.72259336326798,160,42.72259336326798,160,160,False
35057010,Cundinamarca,486949.08,-8158880.67,314,1/01/1981,29/04/2010,9694,9.495,956.63,186.19,1.7,0.3,3848,1094.29,304.0,56.43,3.03e-05,71.31,81.23,59.01,46.77,29.56,81.36,EL CABLE - AUT [35057010],Paratebueno,4.396951,-73.292706,Río Humea,1981_2022,1981-01-01,2022-12-31,15340,9694,0,0,36.805736636245115,304,36.805736636245115,304,36.805736636245115,304,36.805736636245115,304,304,False
35057010,Cundinamarca,486949.08,-8158880.67,314,1/01/1981,29/04/2010,9694,9.495,956.63,186.19,1.7,0.3,3848,1094.29,304.0,56.43,3.03e-05,71.31,81.23,59.01,46.77,29.56,81.36,EL CABLE - AUT [35057010],Paratebueno,4.396951,-73.292706,Río Humea,1998_2022,1998-01-01,2022-12-31,9131,9694,0,0,57.74832986529405,122,57.74832986529405,122,57.74832986529405,122,57.74832986529405,122,122,False
35067010,Cundinamarca,533097.18,-8172999.58,1921,1/01/1981,31/08/2022,14889,2.162,76.26,57.07,1.84,0.27,3301,2517.71,1918.0,16.8,0.000164,67.49,16.69,15.84,16.74,8.54,54.65,LA GLORIA [35067010],Ubalá,4.815916667,-73.41927778,Río Guavio,1981_2022,1981-01-01,2022-12-31,15340,14889,0,0,2.940026075619296,484,2.940026075619296,484,2.940026075619296,484,2.940026075619296,484,484,False
35067010,Cundinamarca,533097.18,-8172999.58,1921,1/01/1981,31/08/2022,14889,2.162,76.26,57.07,1.84,0.27,3301,2517.71,1918.0,16.8,0.000164,67.49,16.69,15.84,16.74,8.54,54.65,LA GLORIA [35067010],Ubalá,4.815916667,-73.41927778,Río Guavio,1998_2022,1998-01-01,2022-12-31,9131,14889,0,0,1.708465666411127,291,1.708465666411127,291,1.708465666411127,291,1.708465666411127,291,291,False
35067040,Cundinamarca,528975.86,-8191756.83,1636,1/01/1981,17/07/1992,4151,1.542,673.69,168.42,1.83,0.4,3867,2719.51,1653.01,41.22,0.000106,69.43,39.33,32.3,29.2,18.34,34.74,CHUSNEQUE [35067040],Ubalá,4.783333333,-73.58333333,Río Guavio,1981_2022,1981-01-01,2022-12-31,15340,4151,0,0,72.94002607561929,135,72.94002607561929,135,72.94002607561929,135,72.94002607561929,135,135,False
35067040,Cundinamarca,528975.86,-8191756.83,1636,1/01/1981,17/07/1992,4151,1.542,673.69,168.42,1.83,0.4,3867,2719.51,1653.01,41.22,0.000106,69.43,39.33,32.3,29.2,18.34,34.74,CHUSNEQUE [35067040],Ubalá,4.783333333,-73.58333333,Río Guavio,1998_2022,1998-01-01,2022-12-31,9131,4151,0,0,100.0,0,100.0,0,100.0,0,100.0,0,0,False
35067050,Cundinamarca,531281.97,-8196367.53,1750,1/01/1995,30/09/2010,5469,4.92,503.37,141.67,1.78,0.4,3867,2816.29,1675.99,35.33,0.000183,68.26,28.36,24.61,23.62,14.72,89.58,PUENTE HOLGUIN [35067050],Gachetá,4.799055556,-73.62922222,Río Guavio,1981_2022,1981-01-01,2022-12-31,15340,5469,0,0,64.34810951760103,173,64.34810951760103,173,64.34810951760103,173,64.34810951760103,173,173,False
35067050,Cundinamarca,531281.97,-8196367.53,1750,1/01/1995,30/09/2010,5469,4.92,503.37,141.67,1.78,0.4,3867,2816.29,1675.99,35.33,0.000183,68.26,28.36,24.61,23.62,14.72,89.58,PUENTE HOLGUIN [35067050],Gachetá,4.799055556,-73.62922222,Río Guavio,1998_2022,1998-01-01,2022-12-31,9131,5469,0,0,52.10820282553937,137,52.10820282553937,137,52.10820282553937,137,52.10820282553937,137,137,False
35067090,Cundinamarca,520836.35,-8179276.87,1718,1/01/1981,31/08/2022,14030,7.807,48.17,43.32,1.76,0.37,3046,2178.54,1717.0,11.38,0.000131,65.9,13.47,13.25,14.56,6.63,166.0,LA BOCA [35067090],Gachalá,4.704277778,-73.4775,Río Guavio,1981_2022,1981-01-01,2022-12-31,15340,14030,0,0,8.539765319426335,444,8.539765319426335,444,8.539765319426335,444,8.539765319426335,444,444,False
35067090,Cundinamarca,520836.35,-8179276.87,1718,1/01/1981,31/08/2022,14030,7.807,48.17,43.32,1.76,0.37,3046,2178.54,1717.0,11.38,0.000131,65.9,13.47,13.25,14.56,6.63,166.0,LA BOCA [35067090],Gachalá,4.704277778,-73.4775,Río Guavio,1998_2022,1998-01-01,2022-12-31,9131,14030,0,0,11.838790931989925,250,11.838790931989925,250,11.838790931989925,250,11.838790931989925,250,250,False
35077080,Boyacá,551835.69,-8177876.75,1366,1/01/1981,31/12/2022,14810,3.455,622.51,175.99,1.99,0.25,3546,2492.25,1355.0,49.91,0.000114,72.31,44.45,35.75,31.62,20.95,39.33,PTE FIERRO  - AUT  [35077080],Somondoco,4.98,-73.46,Río Garagoa,1981_2022,1981-01-01,2022-12-31,15340,14810,0,0,3.455019556714472,475,3.455019556714472,475,3.455019556714472,475,3.455019556714472,475,475,True
35077080,Boyacá,551835.69,-8177876.75,1366,1/01/1981,31/12/2022,14810,3.455,622.51,175.99,1.99,0.25,3546,2492.25,1355.0,49.91,0.000114,72.31,44.45,35.75,31.62,20.95,39.33,PTE FIERRO  - AUT  [35077080],Somondoco,4.98,-73.46,Río Garagoa,1998_2022,1998-01-01,2022-12-31,9131,14810,0,0,0.6790055853685248,292,0.6790055853685248,292,0.6790055853685248,292,0.6790055853685248,292,292,True
35077090,Boyacá,596332.79,-8166580.28,2085,15/01/1986,31/12/2022,10923,19.089,348.71,183.67,2.77,0.18,3612,2844.56,2083.0,44.64,5.96e-05,75.82,52.26,40.9,35.12,21.75,114.37,PUENTE ADRIANA [35077090],Jenesano,5.385,-73.36163889,Río Garagoa,1981_2022,1981-01-01,2022-12-31,15340,10923,0,0,28.79400260756193,345,28.79400260756193,345,28.79400260756193,345,28.79400260756193,345,345,False
35077090,Boyacá,596332.79,-8166580.28,2085,15/01/1986,31/12/2022,10923,19.089,348.71,183.67,2.77,0.18,3612,2844.56,2083.0,44.64,5.96e-05,75.82,52.26,40.9,35.12,21.75,114.37,PUENTE ADRIANA [35077090],Jenesano,5.385,-73.36163889,Río Garagoa,1998_2022,1998-01-01,2022-12-31,9131,10923,0,0,24.783703865951157,218,24.783703865951157,218,24.783703865951157,218,24.783703865951157,218,218,False
35077120,Boyacá,559895.84,-8169774.54,1329,1/01/1981,31/08/2022,13268,12.814,1431.31,280.3,2.09,0.17,3612,2579.49,1326.0,91.54,5.36e-05,75.22,94.65,67.01,51.65,38.31,101.57,CARACOL EL [35077120],Garagoa,5.056861111,-73.39033333,Río Garagoa,1981_2022,1981-01-01,2022-12-31,15340,13268,0,0,13.50717079530639,425,13.50717079530639,425,13.50717079530639,425,13.50717079530639,425,425,False
35077120,Boyacá,559895.84,-8169774.54,1329,1/01/1981,31/08/2022,13268,12.814,1431.31,280.3,2.09,0.17,3612,2579.49,1326.0,91.54,5.36e-05,75.22,94.65,67.01,51.65,38.31,101.57,CARACOL EL [35077120],Garagoa,5.056861111,-73.39033333,Río Garagoa,1998_2022,1998-01-01,2022-12-31,9131,13268,0,0,21.312014018179827,226,21.312014018179827,226,21.312014018179827,226,21.312014018179827,226,226,False
35077140,Cundinamarca,559103.34,-8184985.11,1591,8/06/1981,31/08/2022,12225,18.825,375.43,144.04,2.1,0.29,3539,2671.48,1568.0,35.83,0.000205,71.46,27.45,23.95,23.12,14.56,136.56,BARBOSA TERMALES [35077140],Tibirita,5.049722222,-73.52697222,Río Garagoa,1981_2022,1981-01-01,2022-12-31,15340,12225,0,0,20.30638852672751,382,20.30638852672751,382,20.30638852672751,382,20.30638852672751,382,382,False
35077140,Cundinamarca,559103.34,-8184985.11,1591,8/06/1981,31/08/2022,12225,18.825,375.43,144.04,2.1,0.29,3539,2671.48,1568.0,35.83,0.000205,71.46,27.45,23.95,23.12,14.56,136.56,BARBOSA TERMALES [35077140],Tibirita,5.049722222,-73.52697222,Río Garagoa,1998_2022,1998-01-01,2022-12-31,9131,12225,0,0,21.235352097251123,220,21.235352097251123,220,21.235352097251123,220,21.235352097251123,220,220,False
35087010,Boyacá,537980.46,-8152306.65,472,1/01/1981,31/12/2022,12804,16.532,1646.64,276.65,1.92,0.14,3868,2079.8,512.01,107.65,3.78e-05,70.11,122.65,83.12,61.12,46.3,86.5,SAN AGUSTIN [35087010],Santa María,4.859416667,-73.23341667,Río Lengupá,1981_2022,1981-01-01,2022-12-31,15340,12804,0,0,16.53194263363755,414,16.53194263363755,414,16.53194263363755,414,16.53194263363755,414,414,False
35087010,Boyacá,537980.46,-8152306.65,472,1/01/1981,31/12/2022,12804,16.532,1646.64,276.65,1.92,0.14,3868,2079.8,512.01,107.65,3.78e-05,70.11,122.65,83.12,61.12,46.3,86.5,SAN AGUSTIN [35087010],Santa María,4.859416667,-73.23341667,Río Lengupá,1998_2022,1998-01-01,2022-12-31,9131,12804,0,0,27.083561493812287,213,27.083561493812287,213,27.083561493812287,213,27.083561493812287,213,213,False
35087020,Boyacá,562754.46,-8133938.94,857,1/01/1981,31/12/2022,13855,9.681,1046.66,209.18,1.82,0.24,3870,2312.49,851.01,65.51,6.88e-05,70.17,66.45,49.94,41.05,28.33,37.62,PAEZ [35087020],Campohermoso,5.082611111,-73.068416667,Río Lengupá,1981_2022,1981-01-01,2022-12-31,15340,13855,0,0,9.68057366362451,437,9.68057366362451,437,9.68057366362451,437,9.68057366362451,437,437,True
35087020,Boyacá,562754.46,-8133938.94,857,1/01/1981,31/12/2022,13855,9.681,1046.66,209.18,1.82,0.24,3870,2312.49,851.01,65.51,6.88e-05,70.17,66.45,49.94,41.05,28.33,37.62,PAEZ [35087020],Campohermoso,5.082611111,-73.068416667,Río Lengupá,1998_2022,1998-01-01,2022-12-31,9131,13855,0,0,14.839557551199212,245,14.839557551199212,245,14.839557551199212,245,14.839557551199212,245,245,False
35087030,Boyacá,564755.77,-8154333.59,1712,1/01/1981,31/08/2022,13959,8.273,81.6,59.81,1.87,0.35,3513,2563.62,1713.0,15.36,0.000868,65.76,8.2,8.77,10.55,5.81,141.78,PUENTE FORERO [35087030],Garagoa,5.100205556,-73.25025,Río Lengupá,1981_2022,1981-01-01,2022-12-31,15340,13959,0,0,9.002607561929596,451,9.002607561929596,451,9.002607561929596,451,9.002607561929596,451,451,False
35087030,Boyacá,564755.77,-8154333.59,1712,1/01/1981,31/08/2022,13959,8.273,81.6,59.81,1.87,0.35,3513,2563.62,1713.0,15.36,0.000868,65.76,8.2,8.77,10.55,5.81,141.78,PUENTE FORERO [35087030],Garagoa,5.100205556,-73.25025,Río Lengupá,1998_2022,1998-01-01,2022-12-31,9131,13959,0,0,13.448691271492716,252,13.448691271492716,252,13.448691271492716,252,13.448691271492716,252,252,False
35087040,Boyacá,555444.7,-8150455.97,1211,1/01/1981,31/08/2022,13198,13.274,216.89,88.59,1.7,0.27,3511,2267.72,1191.0,28.58,0.000151,68.93,25.96,22.87,22.3,13.0,33.08,CEDROS LOS [35087040],Campohermoso,5.016763889,-73.21679167,Río Lengupá,1981_2022,1981-01-01,2022-12-31,15340,13198,0,0,13.963494132985657,406,13.963494132985657,406,13.963494132985657,406,13.963494132985657,406,406,False
35087040,Boyacá,555444.7,-8150455.97,1211,1/01/1981,31/08/2022,13198,13.274,216.89,88.59,1.7,0.27,3511,2267.72,1191.0,28.58,0.000151,68.93,25.96,22.87,22.3,13.0,33.08,CEDROS LOS [35087040],Campohermoso,5.016763889,-73.21679167,Río Lengupá,1998_2022,1998-01-01,2022-12-31,9131,13198,0,0,11.816887526010294,254,11.816887526010294,254,11.816887526010294,254,11.816887526010294,254,254,False
35097010,Boyacá,607770.78,-8119022.7,3042,1/01/1981,31/12/2019,11408,19.91,24.99,32.83,1.85,0.21,3875,3565.78,3047.0,10.91,0.000501,74.89,7.78,8.4,10.2,4.97,62.72,DESAGUADERO [35097010],Aquitania,5.48725,-72.93411111,Lago de Tota,1981_2022,1981-01-01,2022-12-31,15340,11408,0,0,25.63233376792699,365,25.63233376792699,365,25.63233376792699,365,25.63233376792699,365,365,False
35097010,Boyacá,607770.78,-8119022.7,3042,1/01/1981,31/12/2019,11408,19.91,24.99,32.83,1.85,0.21,3875,3565.78,3047.0,10.91,0.000501,74.89,7.78,8.4,10.2,4.97,62.72,DESAGUADERO [35097010],Aquitania,5.48725,-72.93411111,Lago de Tota,1998_2022,1998-01-01,2022-12-31,9131,11408,0,0,38.9880626437411,174,38.9880626437411,174,38.9880626437411,174,38.9880626437411,174,174,False
35097080,Boyacá,562618.77,-8130126.24,725,1/01/1986,31/12/2022,12192,9.782,697.91,200.04,2.14,0.12,3882,2475.11,715.03,74.97,5.36e-05,69.08,81.21,59.0,46.76,32.92,72.01,CEIBAL EL [35097080],Páez,5.081388889,-73.03416667,Río Upía,1981_2022,1981-01-01,2022-12-31,15340,12192,0,0,20.521512385919166,389,20.521512385919166,389,20.521512385919166,389,20.521512385919166,389,389,False
35097080,Boyacá,562618.77,-8130126.24,725,1/01/1986,31/12/2022,12192,9.782,697.91,200.04,2.14,0.12,3882,2475.11,715.03,74.97,5.36e-05,69.08,81.21,59.0,46.76,32.92,72.01,CEIBAL EL [35097080],Páez,5.081388889,-73.03416667,Río Upía,1998_2022,1998-01-01,2022-12-31,9131,12192,0,0,10.49173146424269,258,10.49173146424269,258,10.49173146424269,258,10.49173146424269,258,258,False
35097090,Casanare,543036.32,-8131622.87,428,11/03/1981,12/12/2014,11646,5.547,937.89,240.63,2.22,0.1,3882,2167.38,424.0,99.43,4.32e-05,68.43,109.63,75.71,56.82,42.5,263.02,LA REVENTONERA [35097090],Sabanalarga,4.898152,-73.043142,Río Upía,1981_2022,1981-01-01,2022-12-31,15340,11646,0,0,24.08083441981747,368,24.08083441981747,368,24.08083441981747,368,24.08083441981747,368,368,False
35097090,Casanare,543036.32,-8131622.87,428,11/03/1981,12/12/2014,11646,5.547,937.89,240.63,2.22,0.1,3882,2167.38,424.0,99.43,4.32e-05,68.43,109.63,75.71,56.82,42.5,263.02,LA REVENTONERA [35097090],Sabanalarga,4.898152,-73.043142,Río Upía,1998_2022,1998-01-01,2022-12-31,9131,11646,0,0,36.21728178731793,182,36.21728178731793,182,36.21728178731793,182,36.21728178731793,182,182,False
35097100,Boyacá,581339.88,-8120756.85,1476,15/03/1986,31/12/2001,5453,5.51,455.89,130.84,1.73,0.21,3882,2914.27,1243.0,46.83,7.03e-05,69.93,50.89,40.01,34.52,21.86,53.54,MOMBITA PUENTE ROMERA [35097100],Aquitania,5.25,-72.95,Río Upía,1981_2022,1981-01-01,2022-12-31,15340,5453,0,0,64.45241199478488,166,64.45241199478488,166,64.45241199478488,166,64.45241199478488,166,166,False
35097100,Boyacá,581339.88,-8120756.85,1476,15/03/1986,31/12/2001,5453,5.51,455.89,130.84,1.73,0.21,3882,2914.27,1243.0,46.83,7.03e-05,69.93,50.89,40.01,34.52,21.86,53.54,MOMBITA PUENTE ROMERA [35097100],Aquitania,5.25,-72.95,Río Upía,1998_2022,1998-01-01,2022-12-31,9131,5453,0,0,84.3500164275545,43,84.3500164275545,43,84.3500164275545,43,84.3500164275545,43,43,False
35107030,Meta,473704.55,-8102945.73,174,1/05/1981,31/12/2022,14431,5.184,14458.66,997.08,2.34,0.13,4114,972.39,169.16,330.75,2.23e-05,74.95,357.08,202.03,122.33,120.18,78.61,CABUYARO - AUT [35107030],Cabuyaro,4.280878,-72.79334,Directos al Río Meta entre ríos Humea y Upia (mi),1981_2022,1981-01-01,2022-12-31,15340,14431,0,0,5.925684485006519,466,5.925684485006519,466,5.925684485006519,466,5.925684485006519,466,466,False
35107030,Meta,473704.55,-8102945.73,174,1/05/1981,31/12/2022,14431,5.184,14458.66,997.08,2.34,0.13,4114,972.39,169.16,330.75,2.23e-05,74.95,357.08,202.03,122.33,120.18,78.61,CABUYARO - AUT [35107030],Cabuyaro,4.280878,-72.79334,Directos al Río Meta entre ríos Humea y Upia (mi),1998_2022,1998-01-01,2022-12-31,9131,14431,0,0,0.7885226152666739,294,0.7885226152666739,294,0.7885226152666739,294,0.7885226152666739,294,294,False
35117010,Meta,479249.12,-8058417.94,156,1/01/1981,31/12/2022,15173,1.089,25894.45,1396.71,2.45,0.16,4114,1233.94,156.06,405.03,1.99e-05,74.14,436.09,238.55,139.29,143.26,89.63,HUMAPO [35117010],Puerto López,4.327661,-72.391425,Directos Rio Metica entre ríos Guayuriba y Yucao,1981_2022,1981-01-01,2022-12-31,15340,15173,0,0,1.0886571056062582,475,1.0886571056062582,475,1.0886571056062582,475,1.0886571056062582,475,475,False
35117010,Meta,479249.12,-8058417.94,156,1/01/1981,31/12/2022,15173,1.089,25894.45,1396.71,2.45,0.16,4114,1233.94,156.06,405.03,1.99e-05,74.14,436.09,238.55,139.29,143.26,89.63,HUMAPO [35117010],Puerto López,4.327661,-72.391425,Directos Rio Metica entre ríos Guayuriba y Yucao,1998_2022,1998-01-01,2022-12-31,9131,15173,0,0,1.3799145767166794,278,1.3799145767166794,278,1.3799145767166794,278,1.3799145767166794,278,278,False
35127010,Meta,477203.74,-8023528.55,160,1/01/1981,31/12/2022,13877,9.537,9865.31,1040.43,2.95,0.06,317,216.99,152.09,423.58,1.29e-05,70.14,532.18,281.48,158.51,160.76,231.68,PUERTO GAITAN [35127010],Puerto Gaitán,4.316028,-72.078615,Río Manacacias,1981_2022,1981-01-01,2022-12-31,15340,13877,0,0,9.537157757496741,445,9.537157757496741,445,9.537157757496741,445,9.537157757496741,445,445,True
35127010,Meta,477203.74,-8023528.55,160,1/01/1981,31/12/2022,13877,9.537,9865.31,1040.43,2.95,0.06,317,216.99,152.09,423.58,1.29e-05,70.14,532.18,281.48,158.51,160.76,231.68,PUERTO GAITAN [35127010],Puerto Gaitán,4.316028,-72.078615,Río Manacacias,1998_2022,1998-01-01,2022-12-31,9131,13877,0,0,14.63147519439273,252,14.63147519439273,252,14.63147519439273,252,14.63147519439273,252,252,False
35127020,Meta,480419.68,-8032409.38,149,1/01/1981,19/06/2022,13462,11.113,1894.8,430.29,2.79,0.08,286,211.01,156.19,152.6,1.34e-05,72.19,239.08,144.75,94.28,73.49,103.2,CAMPAMENTO YUCAO [35127020],Puerto Gaitán,4.340493,-72.156271,Río Yucao,1981_2022,1981-01-01,2022-12-31,15340,13462,0,0,12.24250325945241,417,12.24250325945241,417,12.24250325945241,417,12.24250325945241,417,417,False
35127020,Meta,480419.68,-8032409.38,149,1/01/1981,19/06/2022,13462,11.113,1894.8,430.29,2.79,0.08,286,211.01,156.19,152.6,1.34e-05,72.19,239.08,144.75,94.28,73.49,103.2,CAMPAMENTO YUCAO [35127020],Puerto Gaitán,4.340493,-72.156271,Río Yucao,1998_2022,1998-01-01,2022-12-31,9131,13462,0,0,2.595553608586135,286,2.595553608586135,286,2.595553608586135,286,2.595553608586135,286,286,True
35197020,Boyacá,609863.24,-8099027.91,2869,1/01/1981,30/06/2021,14294,3.36,211.11,101.17,1.96,0.32,3966,3391.09,2865.0,25.8,8e-05,74.55,30.6,26.21,24.81,13.56,92.0,VADO HONDO  - AUT [35197020],Aquitania,5.506805556,-72.75480556,Río Cusiana,1981_2022,1981-01-01,2022-12-31,15340,14294,0,0,6.81877444589309,455,6.81877444589309,455,6.81877444589309,455,6.81877444589309,455,455,True
35197020,Boyacá,609863.24,-8099027.91,2869,1/01/1981,30/06/2021,14294,3.36,211.11,101.17,1.96,0.32,3966,3391.09,2865.0,25.8,8e-05,74.55,30.6,26.21,24.81,13.56,92.0,VADO HONDO  - AUT [35197020],Aquitania,5.506805556,-72.75480556,Río Cusiana,1998_2022,1998-01-01,2022-12-31,9131,14294,0,0,10.688862118059358,255,10.688862118059358,255,10.688862118059358,255,10.688862118059358,255,255,False
35197030,Casanare,573533.15,-8078276.1,301,1/01/1981,24/07/2022,12608,16.943,251.12,106.71,1.9,0.27,2026,798.76,299.0,30.42,8.74e-05,67.1,33.57,28.31,26.35,15.11,67.49,LOS ESTEROS [35197030],Aguazul,5.179694444,-72.568388889,Río Cusiana,1981_2022,1981-01-01,2022-12-31,15340,12608,0,0,17.809647979139502,381,17.809647979139502,381,17.809647979139502,381,17.809647979139502,381,381,False
35197030,Casanare,573533.15,-8078276.1,301,1/01/1981,24/07/2022,12608,16.943,251.12,106.71,1.9,0.27,2026,798.76,299.0,30.42,8.74e-05,67.1,33.57,28.31,26.35,15.11,67.49,LOS ESTEROS [35197030],Aguazul,5.179694444,-72.568388889,Río Cusiana,1998_2022,1998-01-01,2022-12-31,9131,12608,0,0,26.700251889168765,197,26.700251889168765,197,26.700251889168765,197,26.700251889168765,197,197,False
35197040,Casanare,582058.6,-8069098.42,299,1/01/1981,30/07/2019,12203,13.392,330.4,132.79,2.06,0.2,3259,1091.74,294.0,41.02,9.33e-05,68.72,41.21,33.57,30.1,18.73,32.85,PUENTE CHARTE [35197040],Aguazul,5.256472222,-72.48594444,Río Cusiana,1981_2022,1981-01-01,2022-12-31,15340,12203,0,0,20.44980443285528,383,20.44980443285528,383,20.44980443285528,383,20.44980443285528,383,383,False
35197040,Casanare,582058.6,-8069098.42,299,1/01/1981,30/07/2019,12203,13.392,330.4,132.79,2.06,0.2,3259,1091.74,294.0,41.02,9.33e-05,68.72,41.21,33.57,30.1,18.73,32.85,PUENTE CHARTE [35197040],Aguazul,5.256472222,-72.48594444,Río Cusiana,1998_2022,1998-01-01,2022-12-31,9131,12203,0,0,31.40948417478918,196,31.40948417478918,196,31.40948417478918,196,31.40948417478918,196,196,False
35197050,Boyacá,603204.12,-8093397.0,2205,1/01/1982,19/07/2022,14422,2.62,293.15,126.1,2.08,0.2,3966,3319.49,2202.0,38.12,8.86e-05,73.1,39.74,32.57,29.4,17.89,160.35,RANCHERIAS [35197050],Pajarito,5.446861111,-72.70422222,Río Cusiana,1981_2022,1981-01-01,2022-12-31,15340,14422,0,0,5.984354628422425,459,5.984354628422425,459,5.984354628422425,459,5.984354628422425,459,459,True
35197050,Boyacá,603204.12,-8093397.0,2205,1/01/1982,19/07/2022,14422,2.62,293.15,126.1,2.08,0.2,3966,3319.49,2202.0,38.12,8.86e-05,73.1,39.74,32.57,29.4,17.89,160.35,RANCHERIAS [35197050],Pajarito,5.446861111,-72.70422222,Río Cusiana,1998_2022,1998-01-01,2022-12-31,9131,14422,0,0,6.034388347388019,269,6.034388347388019,269,6.034388347388019,269,6.034388347388019,269,269,True
35197190,Boyacá,585056.95,-8093143.43,833,1/06/1999,31/12/2022,7267,15.647,510.9,179.61,2.24,0.13,3966,2713.73,777.0,62.75,9.19e-05,71.05,57.52,44.3,37.38,25.95,34.4,PAJARITO - AUT [35197190],Pajarito,5.283472222,-72.70194444,Río Cusiana,1981_2022,1981-01-01,2022-12-31,15340,7267,0,0,52.62711864406779,228,52.62711864406779,228,52.62711864406779,228,52.62711864406779,228,228,False
35197190,Boyacá,585056.95,-8093143.43,833,1/06/1999,31/12/2022,7267,15.647,510.9,179.61,2.24,0.13,3966,2713.73,777.0,62.75,9.19e-05,71.05,57.52,44.3,37.38,25.95,34.4,PAJARITO - AUT [35197190],Pajarito,5.283472222,-72.70194444,Río Cusiana,1998_2022,1998-01-01,2022-12-31,9131,7267,0,0,20.413974373015005,228,20.413974373015005,228,20.413974373015005,228,20.413974373015005,228,228,False
35217030,Casanare,602213.64,-8065678.44,486,1/04/1982,13/11/2020,12102,14.213,1035.33,267.22,2.34,0.18,3970,2266.04,486.0,76.69,7.92e-05,71.08,71.08,52.82,42.89,31.09,23.23,PUENTE LA CABANA [35217030],Yopal,5.437944444,-72.45522222,Río Cravo Sur,1981_2022,1981-01-01,2022-12-31,15340,12102,0,0,21.108213820078227,379,21.108213820078227,379,21.108213820078227,379,21.108213820078227,379,379,False
35217030,Casanare,602213.64,-8065678.44,486,1/04/1982,13/11/2020,12102,14.213,1035.33,267.22,2.34,0.18,3970,2266.04,486.0,76.69,7.92e-05,71.08,71.08,52.82,42.89,31.09,23.23,PUENTE LA CABANA [35217030],Yopal,5.437944444,-72.45522222,Río Cravo Sur,1998_2022,1998-01-01,2022-12-31,9131,12102,0,0,25.48461285729931,209,25.48461285729931,209,25.48461285729931,209,25.48461285729931,209,209,False
35217060,Casanare,613606.59,-8040798.54,291,1/01/1983,31/12/2022,13522,7.447,1404.16,256.16,1.93,0.19,3813,1578.02,280.99,87.08,6.4e-05,69.41,85.06,61.32,48.19,35.66,67.11,PLAYON EL AUT [35217060],Nunchía,5.5405,-72.23172222,Río Cravo Sur,1981_2022,1981-01-01,2022-12-31,15340,13522,0,0,11.851368970013038,433,11.851368970013038,433,11.851368970013038,433,11.851368970013038,433,433,False
35217060,Casanare,613606.59,-8040798.54,291,1/01/1983,31/12/2022,13522,7.447,1404.16,256.16,1.93,0.19,3813,1578.02,280.99,87.08,6.4e-05,69.41,85.06,61.32,48.19,35.66,67.11,PLAYON EL AUT [35217060],Nunchía,5.5405,-72.23172222,Río Cravo Sur,1998_2022,1998-01-01,2022-12-31,9131,13522,0,0,11.915452852918628,253,11.915452852918628,253,11.915452852918628,253,11.915452852918628,253,253,False
35257040,Vichada,685091.16,-7618869.84,60,11/02/1983,30/11/2022,13303,8.495,107032.95,4173.15,3.6,0.09,5145,567.45,46.14,1123.66,1.49e-05,74.4,1068.27,502.33,249.21,328.5,75.24,ACEITICO [35257040],Puerto Carreño,6.1835,-68.441556,Directos Bajo Meta entre ríos Casanare y Orinoco,1981_2022,1981-01-01,2022-12-31,15340,13303,0,0,13.279009126466754,407,13.279009126466754,407,13.279009126466754,407,13.279009126466754,407,407,False
35257040,Vichada,685091.16,-7618869.84,60,11/02/1983,30/11/2022,13303,8.495,107032.95,4173.15,3.6,0.09,5145,567.45,46.14,1123.66,1.49e-05,74.4,1068.27,502.33,249.21,328.5,75.24,ACEITICO [35257040],Puerto Carreño,6.1835,-68.441556,Directos Bajo Meta entre ríos Casanare y Orinoco,1998_2022,1998-01-01,2022-12-31,9131,13303,0,0,12.703975468185302,241,12.703975468185302,241,12.703975468185302,241,12.703975468185302,241,241,False
35267030,Vichada,583653.38,-7870909.53,114,1/01/1998,31/12/2022,7908,13.394,65925.65,2559.88,2.81,0.13,4114,732.96,101.15,711.47,1.64e-05,74.19,725.21,364.06,193.79,228.09,27.11,SANTA MARIA [35267030],Santa Rosalía,5.2708389,-70.705575,Directos al Río Meta entre ríos Cusiana y Carare,1981_2022,1981-01-01,2022-12-31,15340,7908,0,0,48.448500651890484,234,48.448500651890484,234,48.448500651890484,234,48.448500651890484,234,234,False
35267030,Vichada,583653.38,-7870909.53,114,1/01/1998,31/12/2022,7908,13.394,65925.65,2559.88,2.81,0.13,4114,732.96,101.15,711.47,1.64e-05,74.19,725.21,364.06,193.79,228.09,27.11,SANTA MARIA [35267030],Santa Rosalía,5.2708389,-70.705575,Directos al Río Meta entre ríos Cusiana y Carare,1998_2022,1998-01-01,2022-12-31,9131,7908,0,0,13.393932756543641,234,13.393932756543641,234,13.393932756543641,234,13.393932756543641,234,234,False
35267080,Vichada,641332.12,-7791251.16,84,1/01/1984,31/12/2022,13122,7.883,75297.04,3009.11,3.09,0.11,4114,658.98,84.01,848.79,1.56e-05,74.45,845.01,413.39,214.02,263.02,88.59,AGUAVERDE [35267080],La Primavera,5.792389,-69.987472,Directos al Río Meta entre ríos Cusiana y Carare,1981_2022,1981-01-01,2022-12-31,15340,13122,0,0,14.458930899608866,410,14.458930899608866,410,14.458930899608866,410,14.458930899608866,410,410,False
35267080,Vichada,641332.12,-7791251.16,84,1/01/1984,31/12/2022,13122,7.883,75297.04,3009.11,3.09,0.11,4114,658.98,84.01,848.79,1.56e-05,74.45,845.01,413.39,214.02,263.02,88.59,AGUAVERDE [35267080],La Primavera,5.792389,-69.987472,Directos al Río Meta entre ríos Cusiana y Carare,1998_2022,1998-01-01,2022-12-31,9131,13122,0,0,1.971306538166685,280,1.971306538166685,280,1.971306538166685,280,1.971306538166685,280,280,False
36027050,Arauca,697559.54,-7813997.44,101,1/01/1994,31/12/2022,9906,6.477,10526.65,1141.91,3.14,0.04,4637,330.86,94.13,499.94,1.51e-05,76.17,569.2,297.67,165.59,176.99,56.82,CRAVO NORTE [36027050],Cravo Norte,6.295638889,-70.19433333,Río Casanare,1981_2022,1981-01-01,2022-12-31,15340,9906,0,0,35.42372881355932,316,35.42372881355932,316,35.42372881355932,316,35.42372881355932,316,316,False
36027050,Arauca,697559.54,-7813997.44,101,1/01/1994,31/12/2022,9906,6.477,10526.65,1141.91,3.14,0.04,4637,330.86,94.13,499.94,1.51e-05,76.17,569.2,297.67,165.59,176.99,56.82,CRAVO NORTE [36027050],Cravo Norte,6.295638889,-70.19433333,Río Casanare,1998_2022,1998-01-01,2022-12-31,9131,9906,0,0,4.194502245099113,280,4.194502245099113,280,4.194502245099113,280,4.194502245099113,280,280,False
37017040,Norte De Santander,798679.97,-8085791.84,1878,1/01/1981,31/12/2019,12793,10.187,860.66,201.03,1.93,0.23,4555,3295.26,1878.0,61.23,9.87e-05,73.18,54.91,42.62,36.27,25.13,47.34,PUENTE LOPEZ - AUT [37017040],Chitagá,7.203333333,-72.63388889,Río Chítaga,1981_2022,1981-01-01,2022-12-31,15340,12793,0,0,16.603650586701434,408,16.603650586701434,408,16.603650586701434,408,16.603650586701434,408,408,False
37017040,Norte De Santander,798679.97,-8085791.84,1878,1/01/1981,31/12/2019,12793,10.187,860.66,201.03,1.93,0.23,4555,3295.26,1878.0,61.23,9.87e-05,73.18,54.91,42.62,36.27,25.13,47.34,PUENTE LOPEZ - AUT [37017040],Chitagá,7.203333333,-72.63388889,Río Chítaga,1998_2022,1998-01-01,2022-12-31,9131,12793,0,0,27.893987515058594,204,27.893987515058594,204,27.893987515058594,204,27.893987515058594,204,204,False
37017050,Norte De Santander,801375.27,-8064642.55,1171,1/01/1981,31/12/2014,12263,1.248,1594.53,344.05,2.43,0.19,4555,2910.54,1208.3,92.76,8.26e-05,70.9,80.96,58.85,46.67,35.64,243.25,VENAGA [37017050],Labateca,7.227888889,-72.44591667,Río Chítaga,1981_2022,1981-01-01,2022-12-31,15340,12263,0,0,20.058670143415906,385,20.058670143415906,385,20.058670143415906,385,20.058670143415906,385,385,False
37017050,Norte De Santander,801375.27,-8064642.55,1171,1/01/1981,31/12/2014,12263,1.248,1594.53,344.05,2.43,0.19,4555,2910.54,1208.3,92.76,8.26e-05,70.9,80.96,58.85,46.67,35.64,243.25,VENAGA [37017050],Labateca,7.227888889,-72.44591667,Río Chítaga,1998_2022,1998-01-01,2022-12-31,9131,12263,0,0,33.63267988172161,186,33.63267988172161,186,33.63267988172161,186,33.63267988172161,186,186,False
37027010,Norte De Santander,797929.05,-8062289.38,1082,1/01/1981,31/12/2022,12320,19.687,2620.07,447.25,2.46,0.26,4686,2902.35,1208.22,99.54,6.7e-05,69.77,92.68,65.85,50.95,39.14,87.52,PEÑA DE LOS MICOS - AUT [37027010],Toledo,7.196972222,-72.42477778,Río Margua,1981_2022,1981-01-01,2022-12-31,15340,12320,0,0,19.6870925684485,371,19.6870925684485,371,19.6870925684485,371,19.6870925684485,371,371,False
37027010,Norte De Santander,797929.05,-8062289.38,1082,1/01/1981,31/12/2022,12320,19.687,2620.07,447.25,2.46,0.26,4686,2902.35,1208.22,99.54,6.7e-05,69.77,92.68,65.85,50.95,39.14,87.52,PEÑA DE LOS MICOS - AUT [37027010],Toledo,7.196972222,-72.42477778,Río Margua,1998_2022,1998-01-01,2022-12-31,9131,12320,0,0,28.835833972182673,183,28.835833972182673,183,28.835833972182673,183,28.835833972182673,183,183,False
37037010,Boyacá,779828.68,-8031991.93,359,1/01/1981,31/12/2022,13228,13.768,1535.81,260.41,1.87,0.19,4830,2369.63,357.0,90.08,2.4e-05,64.75,127.45,85.81,62.66,44.09,78.81,PASO DE LA CANOA - AUT [37037010],Cubará,7.034555556,-72.15261111,Río Cobugón - Río Cobaría,1981_2022,1981-01-01,2022-12-31,15340,13228,0,0,13.767926988265971,345,13.767926988265971,345,13.767926988265971,345,13.767926988265971,345,345,False
37037010,Boyacá,779828.68,-8031991.93,359,1/01/1981,31/12/2022,13228,13.768,1535.81,260.41,1.87,0.19,4830,2369.63,357.0,90.08,2.4e-05,64.75,127.45,85.81,62.66,44.09,78.81,PASO DE LA CANOA - AUT [37037010],Cubará,7.034555556,-72.15261111,Río Cobugón - Río Cobaría,1998_2022,1998-01-01,2022-12-31,9131,13228,0,0,21.728178731792795,148,21.728178731792795,148,21.728178731792795,148,21.728178731792795,148,148,False
37057020,Arauca,779878.2,-7950036.05,153,29/07/1998,31/12/2017,6694,5.665,9600.2,860.09,2.48,0.13,5353,1867.27,150.05,268.94,2.43e-05,67.69,294.49,172.13,107.94,101.02,448.21,ALCARAVAN - AUT [37057020],Arauquita,7.035,-71.41638889,Rio Banadia y otros Directos al Río Arauca,1981_2022,1981-01-01,2022-12-31,15340,6694,0,0,56.36245110821382,185,56.36245110821382,185,56.36245110821382,185,56.36245110821382,185,185,False
37057020,Arauca,779878.2,-7950036.05,153,29/07/1998,31/12/2017,6694,5.665,9600.2,860.09,2.48,0.13,5353,1867.27,150.05,268.94,2.43e-05,67.69,294.49,172.13,107.94,101.02,448.21,ALCARAVAN - AUT [37057020],Arauquita,7.035,-71.41638889,Rio Banadia y otros Directos al Río Arauca,1998_2022,1998-01-01,2022-12-31,9131,6694,0,0,26.68930018617895,185,26.68930018617895,185,26.68930018617895,185,26.68930018617895,185,185,False
42067010,Vaupes,99759.68,-7878771.04,196,1/02/1990,31/12/2020,10395,7.944,17008.09,1573.13,3.4,0.03,645,261.12,190.87,756.8,1.27e-05,61.75,837.98,410.53,212.86,250.77,95.8,LOS CERROS [42067010],Mitú,0.888452,-70.759634,Bajo Vaupés,1981_2022,1981-01-01,2022-12-31,15340,10395,0,0,32.23598435462842,319,32.23598435462842,319,32.23598435462842,319,32.23598435462842,319,319,False
42067010,Vaupes,99759.68,-7878771.04,196,1/02/1990,31/12/2020,10395,7.944,17008.09,1573.13,3.4,0.03,645,261.12,190.87,756.8,1.27e-05,61.75,837.98,410.53,212.86,250.77,95.8,LOS CERROS [42067010],Mitú,0.888452,-70.759634,Bajo Vaupés,1998_2022,1998-01-01,2022-12-31,9131,10395,0,0,16.033293177089035,236,16.033293177089035,236,16.033293177089035,236,16.033293177089035,236,236,False
42077010,Vaupes,134366.64,-7872706.61,186,1/01/1990,31/12/2020,10840,4.266,20019.17,1699.51,3.39,0.03,645,260.31,186.07,844.01,1.27e-05,60.53,911.95,440.43,224.88,272.52,324.98,SAN ANTONIO [42077010],Mitú,1.212007,-70.710591,Bajo Vaupés,1981_2022,1981-01-01,2022-12-31,15340,10840,0,0,29.335071707953063,329,29.335071707953063,329,29.335071707953063,329,29.335071707953063,329,329,False
42077010,Vaupes,134366.64,-7872706.61,186,1/01/1990,31/12/2020,10840,4.266,20019.17,1699.51,3.39,0.03,645,260.31,186.07,844.01,1.27e-05,60.53,911.95,440.43,224.88,272.52,324.98,SAN ANTONIO [42077010],Mitú,1.212007,-70.710591,Bajo Vaupés,1998_2022,1998-01-01,2022-12-31,9131,10840,0,0,12.6273135472566,239,12.6273135472566,239,12.6273135472566,239,12.6273135472566,239,239,False
42077020,Vaupes,139334.97,-7819081.03,183,1/01/1990,31/12/2020,11173,1.325,21493.12,1847.59,3.55,0.02,645,258.11,177.07,939.1,1.27e-05,60.21,990.39,471.7,237.26,295.6,99.6,MITU - AUT [42077020],Mitú,1.259806,-70.239167,Bajo Vaupés,1981_2022,1981-01-01,2022-12-31,15340,11173,0,0,27.164276401564535,342,27.164276401564535,342,27.164276401564535,342,27.164276401564535,342,342,False
42077020,Vaupes,139334.97,-7819081.03,183,1/01/1990,31/12/2020,11173,1.325,21493.12,1847.59,3.55,0.02,645,258.11,177.07,939.1,1.27e-05,60.21,990.39,471.7,237.26,295.6,99.6,MITU - AUT [42077020],Mitú,1.259806,-70.239167,Bajo Vaupés,1998_2022,1998-01-01,2022-12-31,9131,11173,0,0,9.341802650312124,253,9.341802650312124,253,9.341802650312124,253,9.341802650312124,253,253,False
44017050,Cauca,188557.34,-8531927.76,2288,1/01/1983,15/09/2022,14487,0.11,130.34,83.43,2.06,0.15,3640,3028.62,2285.0,30.0,0.000102,61.79,31.26,26.68,25.16,14.51,74.91,RIOGRANDE - CAUCA [44017050],Santa Rosa,1.705,-76.64361111,Alto Caqueta,1981_2022,1981-01-01,2022-12-31,15340,14487,0,0,5.560625814863103,472,5.560625814863103,472,5.560625814863103,472,5.560625814863103,472,472,True
44017050,Cauca,188557.34,-8531927.76,2288,1/01/1983,15/09/2022,14487,0.11,130.34,83.43,2.06,0.15,3640,3028.62,2285.0,30.0,0.000102,61.79,31.26,26.68,25.16,14.51,74.91,RIOGRANDE - CAUCA [44017050],Santa Rosa,1.705,-76.64361111,Alto Caqueta,1998_2022,1998-01-01,2022-12-31,9131,14487,0,0,1.3470594677472347,292,1.3470594677472347,292,1.3470594677472347,292,1.3470594677472347,292,292,True
44017060,Cauca,208360.61,-8537326.44,2906,1/03/1981,12/09/2022,14647,3.454,87.11,64.54,1.95,0.3,4085,3222.6,2904.0,17.05,0.000142,69.25,17.82,16.73,17.47,8.87,48.07,PAPAS [44017060],San Sebastián,1.8814806,-76.695616,Alto Caqueta,1981_2022,1981-01-01,2022-12-31,15340,14647,0,0,4.517601043024771,426,4.517601043024771,426,4.517601043024771,426,4.517601043024771,426,426,False
44017060,Cauca,208360.61,-8537326.44,2906,1/03/1981,12/09/2022,14647,3.454,87.11,64.54,1.95,0.3,4085,3222.6,2904.0,17.05,0.000142,69.25,17.82,16.73,17.47,8.87,48.07,PAPAS [44017060],San Sebastián,1.8814806,-76.695616,Alto Caqueta,1998_2022,1998-01-01,2022-12-31,9131,14647,0,0,6.614828605848209,225,6.614828605848209,225,6.614828605848209,225,6.614828605848209,225,225,False
44017090,Cauca,188557.34,-8529794.14,1939,1/01/1982,12/09/2022,14594,1.823,429.39,166.68,2.27,0.18,4088,3077.58,1933.0,48.44,5.22e-05,64.85,58.59,44.98,37.83,23.74,53.59,CURIACO [44017090],Santa Rosa,1.705,-76.62444444,Alto Caqueta,1981_2022,1981-01-01,2022-12-31,15340,14594,0,0,4.8631029986962195,439,4.8631029986962195,439,4.8631029986962195,439,4.8631029986962195,439,439,True
44017090,Cauca,188557.34,-8529794.14,1939,1/01/1982,12/09/2022,14594,1.823,429.39,166.68,2.27,0.18,4088,3077.58,1933.0,48.44,5.22e-05,64.85,58.59,44.98,37.83,23.74,53.59,CURIACO [44017090],Santa Rosa,1.705,-76.62444444,Alto Caqueta,1998_2022,1998-01-01,2022-12-31,9131,14594,0,0,3.833096046435221,248,3.833096046435221,248,3.833096046435221,248,3.833096046435221,248,248,True
44017110,Putumayo,116210.95,-8521383.33,374,1/05/1983,31/12/2022,14261,1.58,4450.99,516.69,2.18,0.16,4215,2111.08,374.0,167.72,2.66e-05,62.05,197.59,123.54,83.3,69.33,39.63,ANDAQUÍ - AUT [44017110],Mocoa,1.050916667,-76.54888889,Alto Caqueta,1981_2022,1981-01-01,2022-12-31,15340,14261,0,0,7.033898305084746,461,7.033898305084746,461,7.033898305084746,461,7.033898305084746,461,461,True
44017110,Putumayo,116210.95,-8521383.33,374,1/05/1983,31/12/2022,14261,1.58,4450.99,516.69,2.18,0.16,4215,2111.08,374.0,167.72,2.66e-05,62.05,197.59,123.54,83.3,69.33,39.63,ANDAQUÍ - AUT [44017110],Mocoa,1.050916667,-76.54888889,Alto Caqueta,1998_2022,1998-01-01,2022-12-31,9131,14261,0,0,1.1499288139305663,289,1.1499288139305663,289,1.1499288139305663,289,1.1499288139305663,289,289,True
44017140,Cauca,158442.03,-8513587.88,875,1/07/1997,31/07/2015,5998,9.19,644.68,158.81,1.76,0.15,3276,2001.61,875.0,66.1,7.06e-05,61.61,66.26,49.82,40.97,28.39,38.17,BETANIA-VILLALOBOS [44017140],Santa Rosa,1.43275,-76.47886111,Alto Caqueta,1981_2022,1981-01-01,2022-12-31,15340,5998,0,0,60.89960886571056,182,60.89960886571056,182,60.89960886571056,182,60.89960886571056,182,182,False
44017140,Cauca,158442.03,-8513587.88,875,1/07/1997,31/07/2015,5998,9.19,644.68,158.81,1.76,0.15,3276,2001.61,875.0,66.1,7.06e-05,61.61,66.26,49.82,40.97,28.39,38.17,BETANIA-VILLALOBOS [44017140],Santa Rosa,1.43275,-76.47886111,Alto Caqueta,1998_2022,1998-01-01,2022-12-31,9131,5998,0,0,36.32679881721608,176,36.32679881721608,176,36.32679881721608,176,36.32679881721608,176,176,False
44037050,Caqueta,172861.61,-8407883.83,262,1/01/1981,31/12/2022,14723,4.022,1559.75,285.24,2.04,0.1,3442,1419.87,258.01,125.25,3.52e-05,65.14,141.65,93.69,67.11,52.65,39.27,VENECIA [44037050],Florencia,1.563111111,-75.52930556,Río Orteguaza,1981_2022,1981-01-01,2022-12-31,15340,14723,0,0,4.022164276401565,475,4.022164276401565,475,4.022164276401565,475,4.022164276401565,475,475,True
44037050,Caqueta,172861.61,-8407883.83,262,1/01/1981,31/12/2022,14723,4.022,1559.75,285.24,2.04,0.1,3442,1419.87,258.01,125.25,3.52e-05,65.14,141.65,93.69,67.11,52.65,39.27,VENECIA [44037050],Florencia,1.563111111,-75.52930556,Río Orteguaza,1998_2022,1998-01-01,2022-12-31,9131,14723,0,0,4.380681195925966,280,4.380681195925966,280,4.380681195925966,280,4.380681195925966,280,280,True
44037060,Caqueta,179283.57,-8417893.31,293,1/01/1981,4/04/2018,12471,8.355,347.32,131.3,1.99,0.15,2703,1315.94,289.0,47.75,7.56e-05,64.9,50.23,39.58,34.23,21.88,328.5,FLORENCIA-HACHA [44037060],Florencia,1.621166667,-75.61922222,Río Orteguaza,1981_2022,1981-01-01,2022-12-31,15340,12471,0,0,18.702737940026076,382,18.702737940026076,382,18.702737940026076,382,18.702737940026076,382,382,False
44037060,Caqueta,179283.57,-8417893.31,293,1/01/1981,4/04/2018,12471,8.355,347.32,131.3,1.99,0.15,2703,1315.94,289.0,47.75,7.56e-05,64.9,50.23,39.58,34.23,21.88,328.5,FLORENCIA-HACHA [44037060],Florencia,1.621166667,-75.61922222,Río Orteguaza,1998_2022,1998-01-01,2022-12-31,9131,12471,0,0,31.31091884788085,179,31.31091884788085,179,31.31091884788085,179,31.31091884788085,179,179,False
44037080,Caqueta,165701.06,-8429683.56,268,1/01/1981,31/12/2019,13224,7.161,334.67,127.63,1.97,0.13,2640,1129.12,268.0,51.16,4.64e-05,64.09,63.97,48.38,40.05,25.31,58.68,MORELIA  - AUT [44037080],Morelia,1.497333333,-75.72497222,Río Orteguaza,1981_2022,1981-01-01,2022-12-31,15340,13224,0,0,13.79400260756193,422,13.79400260756193,422,13.79400260756193,422,13.79400260756193,422,422,False
44037080,Caqueta,165701.06,-8429683.56,268,1/01/1981,31/12/2019,13224,7.161,334.67,127.63,1.97,0.13,2640,1129.12,268.0,51.16,4.64e-05,64.09,63.97,48.38,40.05,25.31,58.68,MORELIA  - AUT [44037080],Morelia,1.497333333,-75.72497222,Río Orteguaza,1998_2022,1998-01-01,2022-12-31,9131,13224,0,0,19.439272806921476,232,19.439272806921476,232,19.439272806921476,232,19.439272806921476,232,232,False
44037090,Caqueta,164090.69,-8405339.03,248,1/01/1981,10/08/2015,10867,14.027,1673.42,323.89,2.23,0.08,3439,1340.28,250.01,143.93,3.01e-05,65.96,167.44,107.66,74.81,60.29,36.91,LARANDIA [44037090],Florencia,1.489083333,-75.49325,Río Orteguaza,1981_2022,1981-01-01,2022-12-31,15340,10867,0,0,29.159061277705344,339,29.159061277705344,339,29.159061277705344,339,29.159061277705344,339,339,False
44037090,Caqueta,164090.69,-8405339.03,248,1/01/1981,10/08/2015,10867,14.027,1673.42,323.89,2.23,0.08,3439,1340.28,250.01,143.93,3.01e-05,65.96,167.44,107.66,74.81,60.29,36.91,LARANDIA [44037090],Florencia,1.489083333,-75.49325,Río Orteguaza,1998_2022,1998-01-01,2022-12-31,9131,10867,0,0,45.77811849742635,150,45.77811849742635,150,45.77811849742635,150,45.77811849742635,150,150,False
44037100,Caqueta,168943.19,-8402677.9,257,1/01/1981,31/05/2022,14604,3.451,638.31,196.31,2.19,0.1,2727,1152.41,256.01,78.38,3.41e-05,66.77,100.03,70.16,53.54,37.11,36.95,ITARCA [44037100],Montañita,1.527722222,-75.48172222,Río Orteguaza,1981_2022,1981-01-01,2022-12-31,15340,14604,0,0,4.797913950456324,459,4.797913950456324,459,4.797913950456324,459,4.797913950456324,459,459,True
44037100,Caqueta,168943.19,-8402677.9,257,1/01/1981,31/05/2022,14604,3.451,638.31,196.31,2.19,0.1,2727,1152.41,256.01,78.38,3.41e-05,66.77,100.03,70.16,53.54,37.11,36.95,ITARCA [44037100],Montañita,1.527722222,-75.48172222,Río Orteguaza,1998_2022,1998-01-01,2022-12-31,9131,14604,0,0,6.494359872960246,264,6.494359872960246,264,6.494359872960246,264,6.494359872960246,264,264,True
46017010,Caqueta,233604.92,-8323593.33,282,1/12/1984,31/10/2021,11552,14.328,3368.58,546.97,2.66,0.11,3642,1331.03,281.02,174.91,2.16e-05,66.38,220.99,135.59,89.58,74.45,287.62,SAN IGNACIO [46017010],San Vicente Del Caguán,2.112166667,-74.77211111,Río Caguan Alto,1981_2022,1981-01-01,2022-12-31,15340,11552,0,0,24.69361147327249,365,24.69361147327249,365,24.69361147327249,365,24.69361147327249,365,365,False
46017010,Caqueta,233604.92,-8323593.33,282,1/12/1984,31/10/2021,11552,14.328,3368.58,546.97,2.66,0.11,3642,1331.03,281.02,174.91,2.16e-05,66.38,220.99,135.59,89.58,74.45,287.62,SAN IGNACIO [46017010],San Vicente Del Caguán,2.112166667,-74.77211111,Río Caguan Alto,1998_2022,1998-01-01,2022-12-31,9131,11552,0,0,25.63793669915672,211,25.63793669915672,211,25.63793669915672,211,25.63793669915672,211,211,False
47017020,Nariño,109501.76,-8589311.66,2809,1/01/1981,19/05/2022,14781,2.203,239.93,110.53,2.01,0.17,3732,3019.74,2808.06,37.79,2.25e-05,72.92,66.9,50.22,41.23,23.06,74.81,LA COCHA [47017020],Pasto,0.989722222,-77.15722222,Alto Río Putumayo,1981_2022,1981-01-01,2022-12-31,15340,14781,0,0,3.6440677966101696,474,3.6440677966101696,474,3.6440677966101696,474,3.6440677966101696,474,474,True
47017020,Nariño,109501.76,-8589311.66,2809,1/01/1981,19/05/2022,14781,2.203,239.93,110.53,2.01,0.17,3732,3019.74,2808.06,37.79,2.25e-05,72.92,66.9,50.22,41.23,23.06,74.81,LA COCHA [47017020],Pasto,0.989722222,-77.15722222,Alto Río Putumayo,1998_2022,1998-01-01,2022-12-31,9131,14781,0,0,6.122001971306538,270,6.122001971306538,270,6.122001971306538,270,6.122001971306538,270,270,True
47017100,Putumayo,123451.81,-8569250.71,2093,1/01/1981,31/12/2019,13620,4.381,471.29,164.89,2.14,0.37,3761,2643.22,2094.02,35.52,3.42e-05,65.06,54.28,42.21,36.0,20.32,58.52,CANAL B [47017100],Santiago,1.116388889,-76.97888889,Alto Río Putumayo,1981_2022,1981-01-01,2022-12-31,15340,13620,0,0,11.21251629726206,432,11.21251629726206,432,11.21251629726206,432,11.21251629726206,432,432,False
47017100,Putumayo,123451.81,-8569250.71,2093,1/01/1981,31/12/2019,13620,4.381,471.29,164.89,2.14,0.37,3761,2643.22,2094.02,35.52,3.42e-05,65.06,54.28,42.21,36.0,20.32,58.52,CANAL B [47017100],Santiago,1.116388889,-76.97888889,Alto Río Putumayo,1998_2022,1998-01-01,2022-12-31,9131,13620,0,0,17.139415179060343,235,17.139415179060343,235,17.139415179060343,235,17.139415179060343,235,235,False
47017110,Nariño,88723.33,-8605666.34,1623,1/04/1981,31/12/2015,10169,19.885,454.5,178.15,2.36,0.36,4017,2976.02,1608.0,35.75,7.4e-05,62.19,40.55,33.12,29.79,17.64,105.81,MONOPAMBA  - AUT [47017110],Puerres,0.807777778,-77.30694444,Alto Río Putumayo,1981_2022,1981-01-01,2022-12-31,15340,10169,0,0,33.70925684485007,291,33.70925684485007,291,33.70925684485007,291,33.70925684485007,291,291,False
47017110,Nariño,88723.33,-8605666.34,1623,1/04/1981,31/12/2015,10169,19.885,454.5,178.15,2.36,0.36,4017,2976.02,1608.0,35.75,7.4e-05,62.19,40.55,33.12,29.79,17.64,105.81,MONOPAMBA  - AUT [47017110],Puerres,0.807777778,-77.30694444,Alto Río Putumayo,1998_2022,1998-01-01,2022-12-31,9131,10169,0,0,53.21432482751067,98,53.21432482751067,98,53.21432482751067,98,53.21432482751067,98,98,False
47017130,Nariño,97677.86,-8588298.71,2307,1/01/1988,19/07/2001,4686,5.314,462.46,156.75,2.06,0.14,3951,3026.12,2152.0,57.1,2.3e-05,69.08,91.11,64.92,50.39,31.42,94.28,JOYAS LAS [47017130],Pasto,0.883333333,-77.15,Alto Río Putumayo,1981_2022,1981-01-01,2022-12-31,15340,4686,0,0,69.45241199478488,152,69.45241199478488,152,69.45241199478488,152,69.45241199478488,152,152,False
47017130,Nariño,97677.86,-8588298.71,2307,1/01/1988,19/07/2001,4686,5.314,462.46,156.75,2.06,0.14,3951,3026.12,2152.0,57.1,2.3e-05,69.08,91.11,64.92,50.39,31.42,94.28,JOYAS LAS [47017130],Pasto,0.883333333,-77.15,Alto Río Putumayo,1998_2022,1998-01-01,2022-12-31,9131,4686,0,0,88.34738801883692,33,88.34738801883692,33,88.34738801883692,33,88.34738801883692,33,33,False
47017150,Putumayo,86985.31,-8524729.09,328,1/06/1981,31/03/2021,13215,9.169,393.47,161.78,2.3,0.12,2463,482.63,316.0,57.48,3.01e-05,74.08,82.6,59.84,47.28,30.01,132.82,JOYA LA [47017150],Villagarzón,0.78875,-76.57930556,Alto Río Putumayo,1981_2022,1981-01-01,2022-12-31,15340,13215,0,0,13.852672750977835,420,13.852672750977835,420,13.852672750977835,420,13.852672750977835,420,420,False
47017150,Putumayo,86985.31,-8524729.09,328,1/06/1981,31/03/2021,13215,9.169,393.47,161.78,2.3,0.12,2463,482.63,316.0,57.48,3.01e-05,74.08,82.6,59.84,47.28,30.01,132.82,JOYA LA [47017150],Villagarzón,0.78875,-76.57930556,Alto Río Putumayo,1998_2022,1998-01-01,2022-12-31,9131,13215,0,0,19.274997262074255,229,19.274997262074255,229,19.274997262074255,229,19.274997262074255,229,229,False
47017160,Putumayo,64432.14,-8524506.46,277,1/04/1982,31/12/2022,14235,4.367,3477.27,473.49,2.26,0.15,3955,1304.42,276.04,150.51,2.47e-05,65.97,187.16,118.1,80.42,64.78,49.69,PUENTE TEXAS AUT [47017160],Puerto Asís,0.582694444,-76.57694444,Alto Río Putumayo,1981_2022,1981-01-01,2022-12-31,15340,14235,0,0,7.203389830508475,458,7.203389830508475,458,7.203389830508475,458,7.203389830508475,458,458,True
47017160,Putumayo,64432.14,-8524506.46,277,1/04/1982,31/12/2022,14235,4.367,3477.27,473.49,2.26,0.15,3955,1304.42,276.04,150.51,2.47e-05,65.97,187.16,118.1,80.42,64.78,49.69,PUENTE TEXAS AUT [47017160],Puerto Asís,0.582694444,-76.57694444,Alto Río Putumayo,1998_2022,1998-01-01,2022-12-31,9131,14235,0,0,0.13142043587777902,290,0.13142043587777902,290,0.13142043587777902,290,0.13142043587777902,290,290,True
47030010,Putumayo,43723.26,-8497700.11,261,1/01/1983,31/07/1999,5663,6.489,7078.21,765.53,2.57,0.11,4017,1297.15,252.03,255.98,1.94e-05,66.86,309.3,179.3,111.44,101.57,62.9,ANGOSTURAS [47030010],Puerto Asís,0.395416667,-76.33613889,Río Putumayo Medio,1981_2022,1981-01-01,2022-12-31,15340,5663,0,0,63.08344198174707,183,63.08344198174707,183,63.08344198174707,183,63.08344198174707,183,183,False
47030010,Putumayo,43723.26,-8497700.11,261,1/01/1983,31/07/1999,5663,6.489,7078.21,765.53,2.57,0.11,4017,1297.15,252.03,255.98,1.94e-05,66.86,309.3,179.3,111.44,101.57,62.9,ANGOSTURAS [47030010],Puerto Asís,0.395416667,-76.33613889,Río Putumayo Medio,1998_2022,1998-01-01,2022-12-31,9131,5663,0,0,94.00941846457124,15,94.00941846457124,15,94.00941846457124,15,94.00941846457124,15,15,False
47077010,Amazonas,-159753.98,-8102899.35,126,18/05/1991,30/09/2015,7380,17.097,4435.48,667.11,2.83,0.13,275,198.58,135.08,188.59,1.32e-06,61.69,686.71,347.92,187.05,134.06,105.46,LA CHORRERA [47077010],La Chorrera,-1.444611111,-72.78958333,Río Igará-Paraná,1981_2022,1981-01-01,2022-12-31,15340,7380,0,0,51.89048239895697,198,51.89048239895697,198,51.89048239895697,198,51.89048239895697,198,198,False
47077010,Amazonas,-159753.98,-8102899.35,126,18/05/1991,30/09/2015,7380,17.097,4435.48,667.11,2.83,0.13,275,198.58,135.08,188.59,1.32e-06,61.69,686.71,347.92,187.05,134.06,105.46,LA CHORRERA [47077010],La Chorrera,-1.444611111,-72.78958333,Río Igará-Paraná,1998_2022,1998-01-01,2022-12-31,9131,7380,0,0,39.60135801117074,142,39.60135801117074,142,39.60135801117074,142,39.60135801117074,142,142,False
51027020,Nariño,133371.77,-8681265.95,1239,1/01/1981,29/12/2022,14635,4.583,421.67,144.28,1.98,0.18,4067,2623.46,1205.0,48.48,0.000221,67.37,33.63,28.36,26.38,18.06,74.49,PILISPI AUT [51027020],Ricaurte,1.206083333,-77.98513889,Río Mira,1981_2022,1981-01-01,2022-12-31,15340,14635,0,0,4.595827900912647,397,4.595827900912647,397,4.595827900912647,397,4.595827900912647,397,397,True
51027020,Nariño,133371.77,-8681265.95,1239,1/01/1981,29/12/2022,14635,4.583,421.67,144.28,1.98,0.18,4067,2623.46,1205.0,48.48,0.000221,67.37,33.63,28.36,26.38,18.06,74.49,PILISPI AUT [51027020],Ricaurte,1.206083333,-77.98513889,Río Mira,1998_2022,1998-01-01,2022-12-31,9131,14635,0,0,6.319132625123207,199,6.319132625123207,199,6.319132625123207,199,6.319132625123207,199,199,True
51027030,Nariño,133983.28,-8694863.84,774,1/01/1981,31/12/2002,7934,1.257,555.56,178.61,2.14,0.13,4773,2257.75,779.0,64.76,5.75e-05,63.19,70.6,52.52,42.7,29.06,46.36,QUELVI [51027030],Ricaurte,1.210833333,-78.11,Río Mira,1981_2022,1981-01-01,2022-12-31,15340,7934,0,0,48.279009126466754,251,48.279009126466754,251,48.279009126466754,251,48.279009126466754,251,251,False
51027030,Nariño,133983.28,-8694863.84,774,1/01/1981,31/12/2002,7934,1.257,555.56,178.61,2.14,0.13,4773,2257.75,779.0,64.76,5.75e-05,63.19,70.6,52.52,42.7,29.06,46.36,QUELVI [51027030],Ricaurte,1.210833333,-78.11,Río Mira,1998_2022,1998-01-01,2022-12-31,9131,7934,0,0,80.46216186617019,49,80.46216186617019,49,80.46216186617019,49,80.46216186617019,49,49,False
51027060,Nariño,157461.91,-8757535.26,40,1/01/1981,31/12/2022,14688,4.25,3883.74,472.41,2.14,0.1,4773,1380.34,38.0,195.6,2.43e-05,64.02,230.24,140.29,92.0,79.27,38.07,SAN JUAN MIRA - AUT [51027060],Tumaco,1.423888889,-78.67027778,Río Mira,1981_2022,1981-01-01,2022-12-31,15340,14688,0,0,4.250325945241199,408,4.250325945241199,408,4.250325945241199,408,4.250325945241199,408,408,True
51027060,Nariño,157461.91,-8757535.26,40,1/01/1981,31/12/2022,14688,4.25,3883.74,472.41,2.14,0.1,4773,1380.34,38.0,195.6,2.43e-05,64.02,230.24,140.29,92.0,79.27,38.07,SAN JUAN MIRA - AUT [51027060],Tumaco,1.423888889,-78.67027778,Río Mira,1998_2022,1998-01-01,2022-12-31,9131,14688,0,0,6.746249041725988,207,6.746249041725988,207,6.746249041725988,207,6.746249041725988,207,207,True
52017010,Nariño,176309.17,-8619397.05,466,1/01/1981,31/12/2004,8664,1.164,8775.23,672.76,2.03,0.22,4436,1855.12,458.05,199.43,2.23e-05,72.6,241.6,146.01,94.92,81.78,50.97,PUENTE GUASCAS [52017010],Policarpa,1.594277778,-77.42936111,Río Patia Alto,1981_2022,1981-01-01,2022-12-31,15340,8664,0,0,43.52020860495437,279,43.52020860495437,279,43.52020860495437,279,43.52020860495437,279,279,False
52017010,Nariño,176309.17,-8619397.05,466,1/01/1981,31/12/2004,8664,1.164,8775.23,672.76,2.03,0.22,4436,1855.12,458.05,199.43,2.23e-05,72.6,241.6,146.01,94.92,81.78,50.97,PUENTE GUASCAS [52017010],Policarpa,1.594277778,-77.42936111,Río Patia Alto,1998_2022,1998-01-01,2022-12-31,9131,8664,0,0,72.11696418793122,78,72.11696418793122,78,72.11696418793122,78,72.11696418793122,78,78,False
52017030,Cauca,237545.36,-8576795.7,625,1/01/1981,31/12/2019,11626,18.38,1704.95,320.88,2.19,0.2,4436,1634.04,622.0,91.67,4.86e-05,73.89,98.42,69.22,52.98,39.07,53.48,LA FONDA - AUT [52017030],Patía (El Bordo),2.147777778,-77.04666667,Río Patia Alto,1981_2022,1981-01-01,2022-12-31,15340,11626,0,0,24.211212516297262,325,24.211212516297262,325,24.211212516297262,325,24.211212516297262,325,325,False
52017030,Cauca,237545.36,-8576795.7,625,1/01/1981,31/12/2019,11626,18.38,1704.95,320.88,2.19,0.2,4436,1634.04,622.0,91.67,4.86e-05,73.89,98.42,69.22,52.98,39.07,53.48,LA FONDA - AUT [52017030],Patía (El Bordo),2.147777778,-77.04666667,Río Patia Alto,1998_2022,1998-01-01,2022-12-31,9131,11626,0,0,36.12966816339941,136,36.12966816339941,136,36.12966816339941,136,36.12966816339941,136,136,False
52017060,Cauca,217060.39,-8593753.37,584,1/01/1995,31/12/2011,5097,17.909,2240.65,370.86,2.21,0.13,4436,1483.09,576.06,132.99,3.06e-05,74.55,156.61,101.84,71.63,56.6,55.35,LOMA ALTA [52017060],Balboa,1.962638889,-77.199,Río Patia Alto,1981_2022,1981-01-01,2022-12-31,15340,5097,0,0,66.77314211212516,154,66.77314211212516,154,66.77314211212516,154,66.77314211212516,154,154,False
52017060,Cauca,217060.39,-8593753.37,584,1/01/1995,31/12/2011,5097,17.909,2240.65,370.86,2.21,0.13,4436,1483.09,576.06,132.99,3.06e-05,74.55,156.61,101.84,71.63,56.6,55.35,LOMA ALTA [52017060],Balboa,1.962638889,-77.199,Río Patia Alto,1998_2022,1998-01-01,2022-12-31,9131,5097,0,0,55.64560289124959,122,55.64560289124959,122,55.64560289124959,122,55.64560289124959,122,122,False
52017070,Cauca,245168.3,-8578001.66,819,1/01/1995,31/08/2021,9205,5.493,166.74,80.32,1.75,0.32,3287,1868.62,811.0,22.89,0.000244,68.29,18.16,16.99,17.68,10.02,59.22,BOCATOMA SAJANDI [52017070],Patía (El Bordo),2.216666667,-77.0575,Río Patia Alto,1981_2022,1981-01-01,2022-12-31,15340,9205,0,0,39.99348109517601,262,39.99348109517601,262,39.99348109517601,262,39.99348109517601,262,262,False
52017070,Cauca,245168.3,-8578001.66,819,1/01/1995,31/08/2021,9205,5.493,166.74,80.32,1.75,0.32,3287,1868.62,811.0,22.89,0.000244,68.29,18.16,16.99,17.68,10.02,59.22,BOCATOMA SAJANDI [52017070],Patía (El Bordo),2.216666667,-77.0575,Río Patia Alto,1998_2022,1998-01-01,2022-12-31,9131,9205,0,0,9.790822472894535,233,9.790822472894535,233,9.790822472894535,233,9.790822472894535,233,233,True
52017080,Cauca,218120.7,-8594977.88,614,1/01/1995,31/08/2021,9345,4.055,246.52,104.4,1.88,0.2,3490,2002.24,599.0,34.85,0.000138,67.88,31.29,26.71,25.18,15.37,55.01,PUENTE CARRETERA [52017080],Balboa,1.972222222,-77.21,Río Patia Alto,1981_2022,1981-01-01,2022-12-31,15340,9345,0,0,39.08083441981747,267,39.08083441981747,267,39.08083441981747,267,39.08083441981747,267,267,False
52017080,Cauca,218120.7,-8594977.88,614,1/01/1995,31/08/2021,9345,4.055,246.52,104.4,1.88,0.2,3490,2002.24,599.0,34.85,0.000138,67.88,31.29,26.71,25.18,15.37,55.01,PUENTE CARRETERA [52017080],Balboa,1.972222222,-77.21,Río Patia Alto,1998_2022,1998-01-01,2022-12-31,9131,9345,0,0,9.659402037016756,231,9.659402037016756,231,9.659402037016756,231,9.659402037016756,231,231,True
52017100,Cauca,260624.31,-8554751.35,935,1/01/1995,18/02/2018,8262,2.225,278.69,135.24,2.28,0.14,3697,1872.46,929.0,45.5,0.000189,76.37,33.99,28.61,26.57,17.72,205.21,PUENTE CARRETERA [52017100],El Tambo,2.356333333,-76.848638889,Río Patia Alto,1981_2022,1981-01-01,2022-12-31,15340,8262,0,0,46.14080834419818,241,46.14080834419818,241,46.14080834419818,241,46.14080834419818,241,241,False
52017100,Cauca,260624.31,-8554751.35,935,1/01/1995,18/02/2018,8262,2.225,278.69,135.24,2.28,0.14,3697,1872.46,929.0,45.5,0.000189,76.37,33.99,28.61,26.57,17.72,205.21,PUENTE CARRETERA [52017100],El Tambo,2.356333333,-76.848638889,Río Patia Alto,1998_2022,1998-01-01,2022-12-31,9131,8262,0,0,21.366772533128902,213,21.366772533128902,213,21.366772533128902,213,21.366772533128902,213,213,False
52017110,Cauca,257528.68,-8554704.97,918,1/01/1995,12/02/2017,7773,3.788,270.18,139.35,2.39,0.1,4436,2304.19,893.0,52.01,8.8e-05,73.65,50.62,39.83,34.4,22.69,77.21,PUENTE CARRETERA [52017110],El Tambo,2.328361111,-76.848222222,Río Patia Alto,1981_2022,1981-01-01,2022-12-31,15340,7773,0,0,49.32855280312907,240,49.32855280312907,240,49.32855280312907,240,49.32855280312907,240,240,False
52017110,Cauca,257528.68,-8554704.97,918,1/01/1995,12/02/2017,7773,3.788,270.18,139.35,2.39,0.1,4436,2304.19,893.0,52.01,8.8e-05,73.65,50.62,39.83,34.4,22.69,77.21,PUENTE CARRETERA [52017110],El Tambo,2.328361111,-76.848222222,Río Patia Alto,1998_2022,1998-01-01,2022-12-31,9131,7773,0,0,26.831672325046547,205,26.831672325046547,205,26.831672325046547,205,26.831672325046547,205,205,False
52017120,Cauca,244276.89,-8572590.3,653,1/01/1995,31/12/2020,9111,4.064,624.62,206.79,2.33,0.1,4436,1643.64,650.0,80.93,5.94e-05,75.69,82.76,59.94,47.34,34.21,82.0,HOYO EL [52017120],Patía (El Bordo),2.208611111,-77.00888889,Río Patia Alto,1981_2022,1981-01-01,2022-12-31,15340,9111,0,0,40.60625814863103,268,40.60625814863103,268,40.60625814863103,268,40.60625814863103,268,268,False
52017120,Cauca,244276.89,-8572590.3,653,1/01/1995,31/12/2020,9111,4.064,624.62,206.79,2.33,0.1,4436,1643.64,650.0,80.93,5.94e-05,75.69,82.76,59.94,47.34,34.21,82.0,HOYO EL [52017120],Patía (El Bordo),2.208611111,-77.00888889,Río Patia Alto,1998_2022,1998-01-01,2022-12-31,9131,9111,0,0,11.050268316723251,236,11.050268316723251,236,11.050268316723251,236,11.050268316723251,236,236,False
52017130,Cauca,245321.99,-8572095.54,654,1/01/1995,31/08/2021,9443,3.049,768.47,258.16,2.63,0.14,3697,1707.53,654.0,75.19,7.2e-05,73.1,72.63,53.77,43.49,31.19,160.76,PUENTE COLGANTE TIMBIO [52017130],Patía (El Bordo),2.218055556,-77.00444444,Río Patia Alto,1981_2022,1981-01-01,2022-12-31,15340,9443,0,0,38.44198174706649,291,38.44198174706649,291,38.44198174706649,291,38.44198174706649,291,291,False
52017130,Cauca,245321.99,-8572095.54,654,1/01/1995,31/08/2021,9443,3.049,768.47,258.16,2.63,0.14,3697,1707.53,654.0,75.19,7.2e-05,73.1,72.63,53.77,43.49,31.19,160.76,PUENTE COLGANTE TIMBIO [52017130],Patía (El Bordo),2.218055556,-77.00444444,Río Patia Alto,1998_2022,1998-01-01,2022-12-31,9131,9443,0,0,8.586135144014895,255,8.586135144014895,255,8.586135144014895,255,8.586135144014895,255,255,True
52027010,Cauca,226326.74,-8571940.93,742,1/09/1992,31/12/2022,10684,3.565,961.21,201.15,1.83,0.14,4434,2205.63,732.0,81.85,7.42e-05,72.66,76.65,56.23,45.04,33.08,74.0,GUACHICONO [52027010],Bolívar,2.046388889,-77.00305556,Río San Jorge,1981_2022,1981-01-01,2022-12-31,15340,10684,0,0,30.352020860495436,337,30.352020860495436,337,30.352020860495436,337,30.352020860495436,337,337,False
52027010,Cauca,226326.74,-8571940.93,742,1/09/1992,31/12/2022,10684,3.565,961.21,201.15,1.83,0.14,4434,2205.63,732.0,81.85,7.42e-05,72.66,76.65,56.23,45.04,33.08,74.0,GUACHICONO [52027010],Bolívar,2.046388889,-77.00305556,Río San Jorge,1998_2022,1998-01-01,2022-12-31,9131,10684,0,0,4.325922680976892,273,4.325922680976892,273,4.325922680976892,273,4.325922680976892,273,273,True
52027030,Cauca,238510.5,-8560357.52,945,1/01/1995,31/07/2022,9341,7.276,730.73,175.48,1.83,0.2,4431,2447.47,943.0,60.82,9.39e-05,71.52,55.68,43.11,36.6,25.24,225.41,PUENTE FIERRO - GUACHICONO [52027030],Patía (El Bordo),2.1565,-76.899,Río San Jorge,1981_2022,1981-01-01,2022-12-31,15340,9341,0,0,39.10691003911343,278,39.10691003911343,278,39.10691003911343,278,39.10691003911343,278,278,False
52027030,Cauca,238510.5,-8560357.52,945,1/01/1995,31/07/2022,9341,7.276,730.73,175.48,1.83,0.2,4431,2447.47,943.0,60.82,9.39e-05,71.52,55.68,43.11,36.6,25.24,225.41,PUENTE FIERRO - GUACHICONO [52027030],Patía (El Bordo),2.1565,-76.899,Río San Jorge,1998_2022,1998-01-01,2022-12-31,9131,9341,0,0,9.308947541342679,244,9.308947541342679,244,9.308947541342679,244,9.308947541342679,244,244,True
52037010,Nariño,184206.18,-8573239.66,1692,1/01/1981,31/12/2022,13989,8.807,336.06,113.83,1.75,0.3,4215,2805.2,1687.0,33.73,9.69e-05,70.24,34.94,29.27,27.04,16.03,246.95,CANADA LA [52037010],Colón (Génova),1.665666667,-77.01472222,Río Mayo,1981_2022,1981-01-01,2022-12-31,15340,13989,0,0,8.807040417209908,449,8.807040417209908,449,8.807040417209908,449,8.807040417209908,449,449,True
52037010,Nariño,184206.18,-8573239.66,1692,1/01/1981,31/12/2022,13989,8.807,336.06,113.83,1.75,0.3,4215,2805.2,1687.0,33.73,9.69e-05,70.24,34.94,29.27,27.04,16.03,246.95,CANADA LA [52037010],Colón (Génova),1.665666667,-77.01472222,Río Mayo,1998_2022,1998-01-01,2022-12-31,9131,13989,0,0,14.795750739239951,245,14.795750739239951,245,14.795750739239951,245,14.795750739239951,245,245,False
52047010,Nariño,136633.93,-8604221.04,2521,1/04/1981,31/07/2021,14265,3.17,216.38,96.18,1.84,0.24,4220,3012.98,2495.99,29.96,9.11e-05,73.74,32.67,27.68,25.89,14.82,254.33,UNIVERSIDAD [52047010],Pasto,1.234333333,-77.29294444,Río Juananbú,1981_2022,1981-01-01,2022-12-31,15340,14265,0,0,7.0078226857887875,460,7.0078226857887875,460,7.0078226857887875,460,7.0078226857887875,460,460,True
52047010,Nariño,136633.93,-8604221.04,2521,1/04/1981,31/07/2021,14265,3.17,216.38,96.18,1.84,0.24,4220,3012.98,2495.99,29.96,9.11e-05,73.74,32.67,27.68,25.89,14.82,254.33,UNIVERSIDAD [52047010],Pasto,1.234333333,-77.29294444,Río Juananbú,1998_2022,1998-01-01,2022-12-31,9131,14265,0,0,10.787427444967692,259,10.787427444967692,259,10.787427444967692,259,10.787427444967692,259,259,False
52047020,Nariño,167813.27,-8606146.94,794,1/01/1981,31/12/2019,12276,13.816,1350.76,241.87,1.86,0.18,4189,2453.4,794.0,87.26,5.02e-05,69.81,93.58,66.38,51.27,37.41,241.78,PUENTE JUANAMBU  - AUT [52047020],Taminango,1.517472222,-77.31033333,Río Juananbú,1981_2022,1981-01-01,2022-12-31,15340,12276,0,0,19.97392438070404,364,19.97392438070404,364,19.97392438070404,364,19.97392438070404,364,364,False
52047020,Nariño,167813.27,-8606146.94,794,1/01/1981,31/12/2019,12276,13.816,1350.76,241.87,1.86,0.18,4189,2453.4,794.0,87.26,5.02e-05,69.81,93.58,66.38,51.27,37.41,241.78,PUENTE JUANAMBU  - AUT [52047020],Taminango,1.517472222,-77.31033333,Río Juananbú,1998_2022,1998-01-01,2022-12-31,9131,12276,0,0,27.543533019384515,178,27.543533019384515,178,27.543533019384515,178,27.543533019384515,178,178,False
52057030,Nariño,174109.12,-8620800.91,468,1/01/1981,31/12/2010,9114,16.82,3996.04,504.28,2.25,0.12,4779,2794.79,461.99,180.03,3.01e-05,73.49,199.12,124.33,83.72,71.5,176.99,AGROYACO [52057030],Los Andes (Sotomayor),1.574388889,-77.44197222,Río Guáitara,1981_2022,1981-01-01,2022-12-31,15340,9114,0,0,40.58670143415906,271,40.58670143415906,271,40.58670143415906,271,40.58670143415906,271,271,False
52057030,Nariño,174109.12,-8620800.91,468,1/01/1981,31/12/2010,9114,16.82,3996.04,504.28,2.25,0.12,4779,2794.79,461.99,180.03,3.01e-05,73.49,199.12,124.33,83.72,71.5,176.99,AGROYACO [52057030],Los Andes (Sotomayor),1.574388889,-77.44197222,Río Guáitara,1998_2022,1998-01-01,2022-12-31,9131,9114,0,0,67.3201182783923,72,67.3201182783923,72,67.3201182783923,72,67.3201182783923,72,72,False
52057040,Nariño,93237.62,-8647937.56,2858,1/01/1981,31/12/2022,14894,2.907,226.94,114.21,2.14,0.14,4779,3418.8,2855.0,40.06,5.44e-05,76.99,49.83,39.31,34.05,20.39,278.1,CARLOSAMA [52057040],Cuaspud (Carlosama),0.844166667,-77.68588889,Río Guáitara,1981_2022,1981-01-01,2022-12-31,15340,14894,0,0,2.9074315514993483,472,2.9074315514993483,472,2.9074315514993483,472,2.9074315514993483,472,472,True
52057040,Nariño,93237.62,-8647937.56,2858,1/01/1981,31/12/2022,14894,2.907,226.94,114.21,2.14,0.14,4779,3418.8,2855.0,40.06,5.44e-05,76.99,49.83,39.31,34.05,20.39,278.1,CARLOSAMA [52057040],Cuaspud (Carlosama),0.844166667,-77.68588889,Río Guáitara,1998_2022,1998-01-01,2022-12-31,9131,14894,0,0,4.8077976125287485,270,4.8077976125287485,270,4.8077976125287485,270,4.8077976125287485,270,270,True
52057050,Nariño,152939.27,-8625287.71,780,1/01/1981,23/11/2022,14591,4.646,3204.76,408.17,2.03,0.14,4779,2955.07,773.99,151.98,3.13e-05,74.02,172.11,110.15,76.16,62.39,492.62,SAN PEDRO  - AUT [52057050],Linares,1.383,-77.48227778,Río Guáitara,1981_2022,1981-01-01,2022-12-31,15340,14591,0,0,4.882659713168188,463,4.882659713168188,463,4.882659713168188,463,4.882659713168188,463,463,True
52057050,Nariño,152939.27,-8625287.71,780,1/01/1981,23/11/2022,14591,4.646,3204.76,408.17,2.03,0.14,4779,2955.07,773.99,151.98,3.13e-05,74.02,172.11,110.15,76.16,62.39,492.62,SAN PEDRO  - AUT [52057050],Linares,1.383,-77.48227778,Río Guáitara,1998_2022,1998-01-01,2022-12-31,9131,14591,0,0,6.198663892235243,265,6.198663892235243,265,6.198663892235243,265,6.198663892235243,265,265,True
52057060,Nariño,149772.38,-8636496.87,1411,1/01/1981,31/07/2021,14122,4.723,372.38,118.52,1.73,0.22,3996,2660.04,1386.0,40.75,0.000152,74.14,33.95,28.58,26.54,16.98,371.3,YUNGUILLA [52057060],Samaniego,1.353333333,-77.5835,Río Guáitara,1981_2022,1981-01-01,2022-12-31,15340,14122,0,0,7.940026075619295,451,7.940026075619295,451,7.940026075619295,451,7.940026075619295,451,451,True
52057060,Nariño,149772.38,-8636496.87,1411,1/01/1981,31/07/2021,14122,4.723,372.38,118.52,1.73,0.22,3996,2660.04,1386.0,40.75,0.000152,74.14,33.95,28.58,26.54,16.98,371.3,YUNGUILLA [52057060],Samaniego,1.353333333,-77.5835,Río Guáitara,1998_2022,1998-01-01,2022-12-31,9131,14122,0,0,10.798379147957506,255,10.798379147957506,255,10.798379147957506,255,10.798379147957506,255,255,False
52067010,Nariño,186365.03,-8678441.69,119,1/01/1981,20/12/2006,9047,4.618,1779.39,288.87,1.93,0.15,3799,1311.42,89.06,107.51,3.31e-05,62.38,128.96,86.65,63.14,47.43,306.93,SALI - AUT [52067010],Barbacoas,1.685472222,-77.97788889,Río Telembí,1981_2022,1981-01-01,2022-12-31,15340,9047,0,0,41.023468057366365,277,41.023468057366365,277,41.023468057366365,277,41.023468057366365,277,277,False
52067010,Nariño,186365.03,-8678441.69,119,1/01/1981,20/12/2006,9047,4.618,1779.39,288.87,1.93,0.15,3799,1311.42,89.06,107.51,3.31e-05,62.38,128.96,86.65,63.14,47.43,306.93,SALI - AUT [52067010],Barbacoas,1.685472222,-77.97788889,Río Telembí,1998_2022,1998-01-01,2022-12-31,9131,9047,0,0,66.69587120797283,82,66.69587120797283,82,66.69587120797283,82,66.69587120797283,82,82,False
52067040,Nariño,154881.05,-8657100.34,796,1/01/1986,31/12/2007,7922,1.406,151.7,77.7,1.78,0.22,3037,1865.21,794.0,26.16,0.000129,61.97,25.76,22.72,22.19,12.52,313.55,SANDE EL [52067040],Santa Cruz (Guachavés),1.400555556,-77.76805556,Río Telembí,1981_2022,1981-01-01,2022-12-31,15340,7922,0,0,48.35723598435463,243,48.35723598435463,243,48.35723598435463,243,48.35723598435463,243,243,False
52067040,Nariño,154881.05,-8657100.34,796,1/01/1986,31/12/2007,7922,1.406,151.7,77.7,1.78,0.22,3037,1865.21,794.0,26.16,0.000129,61.97,25.76,22.72,22.19,12.52,313.55,SANDE EL [52067040],Santa Cruz (Guachavés),1.400555556,-77.76805556,Río Telembí,1998_2022,1998-01-01,2022-12-31,9131,7922,0,0,60.91337202935057,100,60.91337202935057,100,60.91337202935057,100,60.91337202935057,100,100,False
53047010,Cauca,277339.36,-8648773.03,26,1/01/1988,31/12/2022,11723,8.299,432.18,135.24,1.84,0.13,3884,641.98,31.09,57.05,3.89e-05,61.56,74.4,54.86,44.18,28.42,395.25,SANGARAL [53047010],Guapi,2.507361111,-77.69325,Río Guapi,1981_2022,1981-01-01,2022-12-31,15340,11723,0,0,23.578878748370276,355,23.578878748370276,355,23.578878748370276,355,23.578878748370276,355,355,False
53047010,Cauca,277339.36,-8648773.03,26,1/01/1988,31/12/2022,11723,8.299,432.18,135.24,1.84,0.13,3884,641.98,31.09,57.05,3.89e-05,61.56,74.4,54.86,44.18,28.42,395.25,SANGARAL [53047010],Guapi,2.507361111,-77.69325,Río Guapi,1998_2022,1998-01-01,2022-12-31,9131,11723,0,0,11.575950060234366,237,11.575950060234366,237,11.575950060234366,237,11.575950060234366,237,237,False
53077010,Cauca,309281.28,-8599439.77,72,1/01/1981,31/12/2013,11452,4.986,2383.85,354.34,2.05,0.18,3813,1500.86,115.01,115.91,2.71e-05,62.85,147.61,96.95,68.93,52.18,334.0,ANGOSTURA RIO MICAY AUT [53077010],López,2.801222222,-77.24102778,Río San Juan del Micay,1981_2022,1981-01-01,2022-12-31,15340,11452,0,0,25.345501955671445,366,25.345501955671445,366,25.345501955671445,366,25.345501955671445,366,366,False
53077010,Cauca,309281.28,-8599439.77,72,1/01/1981,31/12/2013,11452,4.986,2383.85,354.34,2.05,0.18,3813,1500.86,115.01,115.91,2.71e-05,62.85,147.61,96.95,68.93,52.18,334.0,ANGOSTURA RIO MICAY AUT [53077010],López,2.801222222,-77.24102778,Río San Juan del Micay,1998_2022,1998-01-01,2022-12-31,9131,11452,0,0,40.893658963968896,168,40.893658963968896,168,40.893658963968896,168,40.893658963968896,168,168,False
53077020,Cauca,331169.11,-8626301.95,27,1/01/1990,30/06/2022,11161,5.965,3825.24,524.36,2.39,0.11,3813,1136.06,27.01,184.44,2.06e-05,62.31,234.52,142.45,93.11,78.23,250.77,GUAYABAL [53077020],López,2.993611111,-77.49138889,Río San Juan del Micay,1981_2022,1981-01-01,2022-12-31,15340,11161,0,0,27.242503259452413,303,27.242503259452413,303,27.242503259452413,303,27.242503259452413,303,303,False
53077020,Cauca,331169.11,-8626301.95,27,1/01/1990,30/06/2022,11161,5.965,3825.24,524.36,2.39,0.11,3813,1136.06,27.01,184.44,2.06e-05,62.31,234.52,142.45,93.11,78.23,250.77,GUAYABAL [53077020],López,2.993611111,-77.49138889,Río San Juan del Micay,1998_2022,1998-01-01,2022-12-31,9131,11161,0,0,9.768919066914904,207,9.768919066914904,207,9.768919066914904,207,9.768919066914904,207,207,True
53077060,Cauca,323024.77,-8596502.34,131,1/01/1991,28/02/2021,9302,15.567,632.72,183.5,2.06,0.17,3369,973.77,96.0,60.78,2.52e-05,60.11,92.37,65.66,50.84,32.39,344.65,MONO EL [53077060],López,2.920055556,-77.22369444,Río San Juan del Micay,1981_2022,1981-01-01,2022-12-31,15340,9302,0,0,39.36114732724902,125,39.36114732724902,125,39.36114732724902,125,39.36114732724902,125,125,False
53077060,Cauca,323024.77,-8596502.34,131,1/01/1991,28/02/2021,9302,15.567,632.72,183.5,2.06,0.17,3369,973.77,96.0,60.78,2.52e-05,60.11,92.37,65.66,50.84,32.39,344.65,MONO EL [53077060],López,2.920055556,-77.22369444,Río San Juan del Micay,1998_2022,1998-01-01,2022-12-31,9131,9302,0,0,20.47968459095389,78,20.47968459095389,78,20.47968459095389,78,20.47968459095389,78,78,False
54017040,Choco,583017.93,-8522926.34,93,1/01/1981,31/12/2022,13673,10.867,1789.33,346.85,2.31,0.12,4107,1263.85,96.0,122.67,2.39e-05,62.57,161.99,104.74,73.22,55.81,389.49,TADO - AUT [54017040],Tadó,5.265111111,-76.56275,Río San Juan Alto,1981_2022,1981-01-01,2022-12-31,15340,13673,0,0,10.867014341590613,441,10.867014341590613,441,10.867014341590613,441,10.867014341590613,441,441,False
54017040,Choco,583017.93,-8522926.34,93,1/01/1981,31/12/2022,13673,10.867,1789.33,346.85,2.31,0.12,4107,1263.85,96.0,122.67,2.39e-05,62.57,161.99,104.74,73.22,55.81,389.49,TADO - AUT [54017040],Tadó,5.265111111,-76.56275,Río San Juan Alto,1998_2022,1998-01-01,2022-12-31,9131,13673,0,0,13.919614500054758,250,13.919614500054758,250,13.919614500054758,250,13.919614500054758,250,250,False
54027030,Choco,539438.6,-8556517.0,45,1/01/1981,24/11/2008,9270,9.028,5297.91,672.58,2.61,0.13,4110,909.1,35.03,200.02,1.88e-05,62.69,258.89,154.65,99.28,84.71,272.52,SALADO EL [54027030],Medio San Juan,4.872555556,-76.8645,Río Tamaná y otros Directos San Juan,1981_2022,1981-01-01,2022-12-31,15340,9270,0,0,39.56975228161669,280,39.56975228161669,280,39.56975228161669,280,39.56975228161669,280,280,False
54027030,Choco,539438.6,-8556517.0,45,1/01/1981,24/11/2008,9270,9.028,5297.91,672.58,2.61,0.13,4110,909.1,35.03,200.02,1.88e-05,62.69,258.89,154.65,99.28,84.71,272.52,SALADO EL [54027030],Medio San Juan,4.872555556,-76.8645,Río Tamaná y otros Directos San Juan,1998_2022,1998-01-01,2022-12-31,9131,9270,0,0,63.990800569488556,85,63.990800569488556,85,63.990800569488556,85,63.990800569488556,85,85,False
54057010,Choco,516962.23,-8563808.43,82,1/01/1981,29/07/2015,10816,14.349,9399.97,860.94,2.5,0.16,4110,884.27,29.18,239.84,1.75e-05,64.38,305.76,177.59,110.61,98.52,296.47,NOANAMA ASERRIO [54057010],Medio San Juan,4.67,-76.93,Río Capoma y otros directos al San Juan,1981_2022,1981-01-01,2022-12-31,15340,10816,0,0,29.491525423728817,298,29.491525423728817,298,29.491525423728817,298,29.491525423728817,298,298,False
54057010,Choco,516962.23,-8563808.43,82,1/01/1981,29/07/2015,10816,14.349,9399.97,860.94,2.5,0.16,4110,884.27,29.18,239.84,1.75e-05,64.38,305.76,177.59,110.61,98.52,296.47,NOANAMA ASERRIO [54057010],Medio San Juan,4.67,-76.93,Río Capoma y otros directos al San Juan,1998_2022,1998-01-01,2022-12-31,9131,10816,0,0,48.69127149271712,105,48.69127149271712,105,48.69127149271712,105,48.69127149271712,105,105,False
54077010,Valle Del Cauca,450365.9,-8580991.83,28,1/01/1981,29/03/2021,13085,10.974,1293.84,344.31,2.7,0.06,3853,913.95,29.11,148.94,2.24e-05,64.34,192.86,121.08,82.0,65.49,469.94,TROJITA LA [54077010],Buenaventura,4.0695,-77.08436111,Ríos Calima y  Bajo San Juan,1981_2022,1981-01-01,2022-12-31,15340,13085,0,0,14.70013037809648,375,14.70013037809648,375,14.70013037809648,375,14.70013037809648,375,375,False
54077010,Valle Del Cauca,450365.9,-8580991.83,28,1/01/1981,29/03/2021,13085,10.974,1293.84,344.31,2.7,0.06,3853,913.95,29.11,148.94,2.24e-05,64.34,192.86,121.08,82.0,65.49,469.94,TROJITA LA [54077010],Buenaventura,4.0695,-77.08436111,Ríos Calima y  Bajo San Juan,1998_2022,1998-01-01,2022-12-31,9131,13085,0,0,24.54276640017523,175,24.54276640017523,175,24.54276640017523,175,24.54276640017523,175,175,False
54077030,Valle Del Cauca,448034.3,-8574076.57,26,1/01/1981,30/03/2000,6520,7.241,1087.91,315.5,2.7,0.06,3851,1073.44,34.15,136.39,2.38e-05,64.99,175.8,112.11,77.21,60.5,295.6,VIRGEN LA [54077030],Buenaventura,4.033333333,-77.03333333,Ríos Calima y  Bajo San Juan,1981_2022,1981-01-01,2022-12-31,15340,6520,0,0,57.49674054758801,201,57.49674054758801,201,57.49674054758801,201,57.49674054758801,201,201,False
54077030,Valle Del Cauca,448034.3,-8574076.57,26,1/01/1981,30/03/2000,6520,7.241,1087.91,315.5,2.7,0.06,3851,1073.44,34.15,136.39,2.38e-05,64.99,175.8,112.11,77.21,60.5,295.6,VIRGEN LA [54077030],Buenaventura,4.033333333,-77.03333333,Ríos Calima y  Bajo San Juan,1998_2022,1998-01-01,2022-12-31,9131,6520,0,0,93.5384952360092,12,93.5384952360092,12,93.5384952360092,12,93.5384952360092,12,12,False
